ggml_cuda_init: found 1 CUDA devices (Total VRAM: 62828 MiB):
  Device 0: Orin, compute capability 8.7, VMM: yes, VRAM: 62828 MiB
common_download_file_single_online: HEAD failed, status: 404
no remote preset found, skipping
main: n_parallel is set to auto, using n_parallel = 4 and kv_unified = true
build_info: b8966-7b8443ac7
system_info: n_threads = 12 (n_threads_batch = 12) / 12 | CUDA : ARCHS = 870 | USE_GRAPHS = 1 | PEER_MAX_BATCH_SIZE = 128 | FA_ALL_QUANTS = 1 | CPU : NEON = 1 | ARM_FMA = 1 | FP16_VA = 1 | DOTPROD = 1 | LLAMAFILE = 1 | OPENMP = 1 | REPACK = 1 | 
Running without SSL
init: using 11 threads for HTTP server
start: binding port with default address family
main: loading model
srv    load_model: loading model '/root/.cache/huggingface/models--ggml-org--gemma-4-31B-it-GGUF/snapshots/fb5801c702a472691c6eba168f28af79a076fbe9/gemma-4-31B-it-Q4_K_M.gguf'
common_init_result: fitting params to device memory, for bugs during this step try to reproduce them with -fit off, or provide --verbose logs if the bug only occurs with -fit on
common_params_fit_impl: getting device memory data for initial parameters:
common_memory_breakdown_print: | memory breakdown [MiB] | total    free     self   model   context   compute    unaccounted |
common_memory_breakdown_print: |   - CUDA0 (Orin)       | 62828 = 58920 + (42752 = 17806 +   24080 +     866) +      -38845 |
common_memory_breakdown_print: |   - Host               |                   1644 =  1102 +       0 +     542                |
common_params_fit_impl: projected to use 42752 MiB of device memory vs. 58920 MiB of free device memory
common_params_fit_impl: will leave 16168 >= 1024 MiB of free device memory, no changes needed
common_fit_params: successfully fit params to free device memory
common_fit_params: fitting params to free memory took 1.58 seconds
llama_model_load_from_file_impl: using device CUDA0 (Orin) (0000:00:00.0) - 58920 MiB free
llama_model_loader: loaded meta data with 44 key-value pairs and 833 tensors from /root/.cache/huggingface/models--ggml-org--gemma-4-31B-it-GGUF/snapshots/fb5801c702a472691c6eba168f28af79a076fbe9/gemma-4-31B-it-Q4_K_M.gguf (version GGUF V3 (latest))
llama_model_loader: Dumping metadata keys/values. Note: KV overrides do not apply in this output.
llama_model_loader: - kv   0:                       general.architecture str              = gemma4
llama_model_loader: - kv   1:                               general.type str              = model
llama_model_loader: - kv   2:                     general.sampling.top_k i32              = 64
llama_model_loader: - kv   3:                     general.sampling.top_p f32              = 0.950000
llama_model_loader: - kv   4:                      general.sampling.temp f32              = 1.000000
llama_model_loader: - kv   5:                         general.size_label str              = 31B
llama_model_loader: - kv   6:                            general.license str              = apache-2.0
llama_model_loader: - kv   7:                       general.license.link str              = https://ai.google.dev/gemma/docs/gemm...
llama_model_loader: - kv   8:                               general.tags arr[str,1]       = ["image-text-to-text"]
llama_model_loader: - kv   9:                         gemma4.block_count u32              = 60
llama_model_loader: - kv  10:                      gemma4.context_length u32              = 262144
llama_model_loader: - kv  11:                    gemma4.embedding_length u32              = 5376
llama_model_loader: - kv  12:                 gemma4.feed_forward_length u32              = 21504
llama_model_loader: - kv  13:                gemma4.attention.head_count u32              = 32
llama_model_loader: - kv  14:             gemma4.attention.head_count_kv arr[i32,60]      = [16, 16, 16, 16, 16, 4, 16, 16, 16, 1...
llama_model_loader: - kv  15:                      gemma4.rope.freq_base f32              = 1000000.000000
llama_model_loader: - kv  16:                  gemma4.rope.freq_base_swa f32              = 10000.000000
llama_model_loader: - kv  17:    gemma4.attention.layer_norm_rms_epsilon f32              = 0.000001
llama_model_loader: - kv  18:                gemma4.attention.key_length u32              = 512
llama_model_loader: - kv  19:              gemma4.attention.value_length u32              = 512
llama_model_loader: - kv  20:             gemma4.final_logit_softcapping f32              = 30.000000
llama_model_loader: - kv  21:            gemma4.attention.sliding_window u32              = 1024
llama_model_loader: - kv  22:          gemma4.attention.shared_kv_layers u32              = 0
llama_model_loader: - kv  23:    gemma4.embedding_length_per_layer_input u32              = 0
llama_model_loader: - kv  24:    gemma4.attention.sliding_window_pattern arr[bool,60]     = [true, true, true, true, true, false,...
llama_model_loader: - kv  25:            gemma4.attention.key_length_swa u32              = 256
llama_model_loader: - kv  26:          gemma4.attention.value_length_swa u32              = 256
llama_model_loader: - kv  27:                gemma4.rope.dimension_count u32              = 512
llama_model_loader: - kv  28:            gemma4.rope.dimension_count_swa u32              = 256
llama_model_loader: - kv  29:                       tokenizer.ggml.model str              = gemma4
llama_model_loader: - kv  30:                      tokenizer.ggml.tokens arr[str,262144]  = ["<pad>", "<eos>", "<bos>", "<unk>", ...
llama_model_loader: - kv  31:                      tokenizer.ggml.scores arr[f32,262144]  = [-1000.000000, -1000.000000, -1000.00...
llama_model_loader: - kv  32:                  tokenizer.ggml.token_type arr[i32,262144]  = [3, 3, 3, 3, 3, 1, 1, 1, 1, 1, 1, 1, ...
llama_model_loader: - kv  33:                      tokenizer.ggml.merges arr[str,514906]  = ["\n\n\n\n\n\n\n\n\n\n\n\n\n\n\n\n\n\n\n\n\n\n\n\n\n\n\n\n\n\n \n", ...
llama_model_loader: - kv  34:                tokenizer.ggml.bos_token_id u32              = 2
llama_model_loader: - kv  35:                tokenizer.ggml.eos_token_id u32              = 1
llama_model_loader: - kv  36:            tokenizer.ggml.unknown_token_id u32              = 3
llama_model_loader: - kv  37:            tokenizer.ggml.padding_token_id u32              = 0
llama_model_loader: - kv  38:               tokenizer.ggml.mask_token_id u32              = 4
llama_model_loader: - kv  39:                    tokenizer.chat_template str              = {%- macro format_parameters(propertie...
llama_model_loader: - kv  40:            tokenizer.ggml.add_space_prefix bool             = false
llama_model_loader: - kv  41:               tokenizer.ggml.add_bos_token bool             = true
llama_model_loader: - kv  42:               general.quantization_version u32              = 2
llama_model_loader: - kv  43:                          general.file_type u32              = 15
llama_model_loader: - type  f32:  422 tensors
llama_model_loader: - type q4_K:  355 tensors
llama_model_loader: - type q6_K:   56 tensors
print_info: file format = GGUF V3 (latest)
print_info: file type   = Q4_K - Medium
print_info: file size   = 17.39 GiB (4.87 BPW) 
load: 0 unused tokens
load: control-looking token:    212 '</s>' was not control-type; this is probably a bug in the model. its type will be overridden
load: control-looking token:     50 '<|tool_response>' was not control-type; this is probably a bug in the model. its type will be overridden
load: printing all EOG tokens:
load:   - 1 ('<eos>')
load:   - 50 ('<|tool_response>')
load:   - 106 ('<turn|>')
load:   - 212 ('</s>')
load: special_eog_ids contains '<|tool_response>', removing '</s>' token from EOG list
load: special tokens cache size = 24
load: token to piece cache size = 1.9445 MB
print_info: arch                  = gemma4
print_info: vocab_only            = 0
print_info: no_alloc              = 0
print_info: n_ctx_train           = 262144
print_info: n_embd                = 5376
print_info: n_embd_inp            = 5376
print_info: n_layer               = 60
print_info: n_head                = 32
print_info: n_head_kv             = [16, 16, 16, 16, 16, 4, 16, 16, 16, 16, 16, 4, 16, 16, 16, 16, 16, 4, 16, 16, 16, 16, 16, 4, 16, 16, 16, 16, 16, 4, 16, 16, 16, 16, 16, 4, 16, 16, 16, 16, 16, 4, 16, 16, 16, 16, 16, 4, 16, 16, 16, 16, 16, 4, 16, 16, 16, 16, 16, 4]
print_info: n_rot                 = 512
print_info: n_swa                 = 1024
print_info: is_swa_any            = 1
print_info: n_embd_head_k         = 512
print_info: n_embd_head_v         = 512
print_info: n_gqa                 = [2, 2, 2, 2, 2, 8, 2, 2, 2, 2, 2, 8, 2, 2, 2, 2, 2, 8, 2, 2, 2, 2, 2, 8, 2, 2, 2, 2, 2, 8, 2, 2, 2, 2, 2, 8, 2, 2, 2, 2, 2, 8, 2, 2, 2, 2, 2, 8, 2, 2, 2, 2, 2, 8, 2, 2, 2, 2, 2, 8]
print_info: n_embd_k_gqa          = [4096, 4096, 4096, 4096, 4096, 2048, 4096, 4096, 4096, 4096, 4096, 2048, 4096, 4096, 4096, 4096, 4096, 2048, 4096, 4096, 4096, 4096, 4096, 2048, 4096, 4096, 4096, 4096, 4096, 2048, 4096, 4096, 4096, 4096, 4096, 2048, 4096, 4096, 4096, 4096, 4096, 2048, 4096, 4096, 4096, 4096, 4096, 2048, 4096, 4096, 4096, 4096, 4096, 2048, 4096, 4096, 4096, 4096, 4096, 2048]
print_info: n_embd_v_gqa          = [4096, 4096, 4096, 4096, 4096, 2048, 4096, 4096, 4096, 4096, 4096, 2048, 4096, 4096, 4096, 4096, 4096, 2048, 4096, 4096, 4096, 4096, 4096, 2048, 4096, 4096, 4096, 4096, 4096, 2048, 4096, 4096, 4096, 4096, 4096, 2048, 4096, 4096, 4096, 4096, 4096, 2048, 4096, 4096, 4096, 4096, 4096, 2048, 4096, 4096, 4096, 4096, 4096, 2048, 4096, 4096, 4096, 4096, 4096, 2048]
print_info: f_norm_eps            = 0.0e+00
print_info: f_norm_rms_eps        = 1.0e-06
print_info: f_clamp_kqv           = 0.0e+00
print_info: f_max_alibi_bias      = 0.0e+00
print_info: f_logit_scale         = 0.0e+00
print_info: f_attn_scale          = 1.0e+00
print_info: n_ff                  = 21504
print_info: n_expert              = 0
print_info: n_expert_used         = 0
print_info: n_expert_groups       = 0
print_info: n_group_used          = 0
print_info: causal attn           = 1
print_info: pooling type          = -1
print_info: rope type             = 2
print_info: rope scaling          = linear
print_info: freq_base_train       = 1000000.0
print_info: freq_scale_train      = 1
print_info: freq_base_swa         = 10000.0
print_info: freq_scale_swa        = 1
print_info: n_embd_head_k_swa     = 256
print_info: n_embd_head_v_swa     = 256
print_info: n_rot_swa             = 256
print_info: n_ctx_orig_yarn       = 262144
print_info: rope_yarn_log_mul     = 0.0000
print_info: rope_finetuned        = unknown
print_info: model type            = 31B
print_info: model params          = 30.70 B
print_info: general.name          = n/a
print_info: vocab type            = BPE
print_info: n_vocab               = 262144
print_info: n_merges              = 514906
print_info: BOS token             = 2 '<bos>'
print_info: EOS token             = 1 '<eos>'
print_info: UNK token             = 3 '<unk>'
print_info: PAD token             = 0 '<pad>'
print_info: MASK token            = 4 '<mask>'
print_info: LF token              = 107 '
'
print_info: EOG token             = 1 '<eos>'
print_info: EOG token             = 50 '<|tool_response>'
print_info: EOG token             = 106 '<turn|>'
print_info: max token length      = 93
load_tensors: loading model tensors, this can take a while... (mmap = true, direct_io = false)
srv  log_server_r: done request: POST /v1/chat/completions 127.0.0.1 503
srv  log_server_r: done request: POST /v1/chat/completions 127.0.0.1 503
srv  log_server_r: done request: POST /v1/chat/completions 127.0.0.1 503
srv  log_server_r: done request: POST /v1/chat/completions 127.0.0.1 503
load_tensors: offloading output layer to GPU
load_tensors: offloading 59 repeating layers to GPU
load_tensors: offloaded 61/61 layers to GPU
load_tensors:   CPU_Mapped model buffer size =  1102.50 MiB
load_tensors:        CUDA0 model buffer size = 17806.35 MiB
.....srv  log_server_r: done request: POST /v1/chat/completions 127.0.0.1 503
.......................srv  log_server_r: done request: POST /v1/chat/completions 127.0.0.1 503
.srv  log_server_r: done request: POST /v1/chat/completions 127.0.0.1 503
............srv  log_server_r: done request: POST /v1/chat/completions 127.0.0.1 503
.......................srv  log_server_r: done request: POST /v1/chat/completions 127.0.0.1 503
.srv  log_server_r: done request: POST /v1/chat/completions 127.0.0.1 503
.............srv  log_server_r: done request: POST /v1/chat/completions 127.0.0.1 503
............srv  log_server_r: done request: POST /v1/chat/completions 127.0.0.1 503
srv  log_server_r: done request: POST /v1/chat/completions 127.0.0.1 503
srv  log_server_r: done request: POST /v1/chat/completions 127.0.0.1 503
.
common_init_result: added <eos> logit bias = -inf
common_init_result: added <|tool_response> logit bias = -inf
common_init_result: added <turn|> logit bias = -inf
llama_context: constructing llama_context
llama_context: n_seq_max     = 4
llama_context: n_ctx         = 262144
llama_context: n_ctx_seq     = 262144
llama_context: n_batch       = 2048
llama_context: n_ubatch      = 512
llama_context: causal_attn   = 1
llama_context: flash_attn    = auto
llama_context: kv_unified    = true
llama_context: freq_base     = 1000000.0
llama_context: freq_scale    = 1
llama_context:  CUDA_Host  output buffer size =     4.00 MiB
llama_kv_cache_iswa: creating non-SWA KV cache, size = 262144 cells
srv  log_server_r: done request: POST /v1/chat/completions 127.0.0.1 503
srv  log_server_r: done request: POST /v1/chat/completions 127.0.0.1 503
srv  log_server_r: done request: POST /v1/chat/completions 127.0.0.1 503
srv  log_server_r: done request: POST /v1/chat/completions 127.0.0.1 503
srv  log_server_r: done request: POST /v1/chat/completions 127.0.0.1 503
srv  log_server_r: done request: POST /v1/chat/completions 127.0.0.1 503
srv  log_server_r: done request: POST /v1/chat/completions 127.0.0.1 503
srv  log_server_r: done request: POST /v1/chat/completions 127.0.0.1 503
srv  log_server_r: done request: POST /v1/chat/completions 127.0.0.1 503
llama_kv_cache:      CUDA0 KV buffer size = 20480.00 MiB
llama_kv_cache: size = 20480.00 MiB (262144 cells,  10 layers,  4/1 seqs), K (f16): 10240.00 MiB, V (f16): 10240.00 MiB
llama_kv_cache: attn_rot_k = 0, n_embd_head_k_all = 512
llama_kv_cache: attn_rot_v = 0, n_embd_head_k_all = 512
llama_kv_cache_iswa: creating     SWA KV cache, size = 4608 cells
srv  log_server_r: done request: POST /v1/chat/completions 127.0.0.1 503
srv  log_server_r: done request: POST /v1/chat/completions 127.0.0.1 503
srv  log_server_r: done request: POST /v1/chat/completions 127.0.0.1 503
llama_kv_cache:      CUDA0 KV buffer size =  3600.00 MiB
llama_kv_cache: size = 3600.00 MiB (  4608 cells,  50 layers,  4/1 seqs), K (f16): 1800.00 MiB, V (f16): 1800.00 MiB
llama_kv_cache: attn_rot_k = 0, n_embd_head_k_all = 256
llama_kv_cache: attn_rot_v = 0, n_embd_head_k_all = 256
sched_reserve: reserving ...
sched_reserve: Flash Attention was auto, set to enabled
sched_reserve: resolving fused Gated Delta Net support:
sched_reserve: fused Gated Delta Net (autoregressive) enabled
sched_reserve: fused Gated Delta Net (chunked) enabled
sched_reserve:      CUDA0 compute buffer size =   866.52 MiB
sched_reserve:  CUDA_Host compute buffer size =   542.02 MiB
sched_reserve: graph nodes  = 2462
sched_reserve: graph splits = 2
sched_reserve: reserve took 329.94 ms, sched copies = 1
common_init_from_params: warming up the model with an empty run - please wait ... (--no-warmup to disable)
srv  log_server_r: done request: POST /v1/chat/completions 127.0.0.1 503
srv  log_server_r: done request: POST /v1/chat/completions 127.0.0.1 503
clip_model_loader: model name:   
clip_model_loader: description:  
clip_model_loader: GGUF version: 3
clip_model_loader: alignment:    32
clip_model_loader: n_tensors:    356
clip_model_loader: n_kv:         23

clip_model_loader: has vision encoder
clip_ctx: CLIP using CPU backend
load_hparams: projector:          gemma4v
load_hparams: n_embd:             1152
load_hparams: n_head:             16
load_hparams: n_ff:               4304
load_hparams: n_layer:            27
load_hparams: ffn_op:             gelu_quick
load_hparams: projection_dim:     5376

--- vision hparams ---
load_hparams: image_size:         224
load_hparams: patch_size:         16
load_hparams: has_llava_proj:     0
load_hparams: minicpmv_version:   0
load_hparams: n_merge:            3
load_hparams: n_wa_pattern: 0
load_hparams: image_min_pixels:   580608
load_hparams: image_max_pixels:   645120

load_hparams: model size:         772.02 MiB
load_hparams: metadata size:      0.12 MiB
srv  log_server_r: done request: POST /v1/chat/completions 127.0.0.1 503
warmup: warmup with image size = 768 x 768
alloc_compute_meta:        CPU compute buffer size =   140.50 MiB
alloc_compute_meta: graph splits = 1, nodes = 1569
warmup: flash attention is enabled
srv    load_model: loaded multimodal model, '/root/.cache/huggingface/models--ggml-org--gemma-4-31B-it-GGUF/snapshots/fb5801c702a472691c6eba168f28af79a076fbe9/mmproj-gemma-4-31B-it-Q8_0.gguf'
srv    load_model: initializing slots, n_slots = 4
srv  log_server_r: done request: POST /v1/chat/completions 127.0.0.1 503
no implementations specified for speculative decoding
slot   load_model: id  0 | task -1 | new slot, n_ctx = 262144
no implementations specified for speculative decoding
slot   load_model: id  1 | task -1 | new slot, n_ctx = 262144
no implementations specified for speculative decoding
slot   load_model: id  2 | task -1 | new slot, n_ctx = 262144
no implementations specified for speculative decoding
slot   load_model: id  3 | task -1 | new slot, n_ctx = 262144
srv    load_model: prompt cache is enabled, size limit: 8192 MiB
srv    load_model: use `--cache-ram 0` to disable the prompt cache
srv    load_model: for more info see https://github.com/ggml-org/llama.cpp/pull/16391
srv          init: init: idle slots will be saved to prompt cache and cleared upon starting a new task
srv  log_server_r: done request: POST /v1/chat/completions 127.0.0.1 503
init: chat template, example_format: '<|turn>system
<|think|>
You are a helpful assistant<turn|>
<|turn>user
Hello<turn|>
<|turn>model
Hi there<turn|>
<|turn>user
How are you?<turn|>
<|turn>model
'
srv          init: init: chat template, thinking = 1
main: model loaded
main: server is listening on http://0.0.0.0:8080
main: starting the main loop...
srv  update_slots: all slots are idle
srv  params_from_: Chat format: peg-gemma4
slot get_availabl: id  3 | task -1 | selected slot by LRU, t_last = -1
srv  get_availabl: updating prompt cache
srv          load:  - looking for better prompt, base f_keep = -1.000, sim = 0.000
srv        update:  - cache state: 0 prompts, 0.000 MiB (limits: 8192.000 MiB, 262144 tokens, 8589934592 est)
srv  get_availabl: prompt cache update took 0.09 ms
slot launch_slot_: id  3 | task -1 | sampler chain: logits -> ?penalties -> ?dry -> ?top-n-sigma -> top-k -> ?typical -> top-p -> min-p -> ?xtc -> ?temp-ext -> dist 
slot launch_slot_: id  3 | task 0 | processing task, is_child = 0
slot update_slots: id  3 | task 0 | new prompt, n_ctx_slot = 262144, n_keep = 0, task.n_tokens = 617
slot update_slots: id  3 | task 0 | n_tokens = 0, memory_seq_rm [0, end)
slot update_slots: id  3 | task 0 | prompt processing progress, n_tokens = 101, batch.n_tokens = 101, progress = 0.163695
slot update_slots: id  3 | task 0 | n_tokens = 101, memory_seq_rm [101, end)
slot update_slots: id  3 | task 0 | prompt processing progress, n_tokens = 319, batch.n_tokens = 218, progress = 0.517018
slot create_check: id  3 | task 0 | created context checkpoint 1 of 32 (pos_min = 0, pos_max = 100, n_tokens = 101, size = 78.909 MiB)
slot update_slots: id  3 | task 0 | n_tokens = 319, memory_seq_rm [319, end)
srv  process_chun: processing image...
encoding image slice...
srv  params_from_: Chat format: peg-gemma4
srv  params_from_: Chat format: peg-gemma4
srv  params_from_: Chat format: peg-gemma4
srv          stop: cancel task, id_task = 0
srv  log_server_r: done request: POST /v1/chat/completions 127.0.0.1 200
srv  params_from_: Chat format: peg-gemma4
srv          stop: cancel task, id_task = 4
srv  log_server_r: done request: POST /v1/chat/completions 127.0.0.1 200
srv  params_from_: Chat format: peg-gemma4
image slice encoded in 36312 ms
decoding image batch 1/1, n_tokens_batch = 266
sched_reserve: reserving ...
sched_reserve:      CUDA0 compute buffer size =   866.52 MiB
sched_reserve:  CUDA_Host compute buffer size =   542.02 MiB
sched_reserve: graph nodes  = 2462
sched_reserve: graph splits = 2
sched_reserve: reserve took 365.75 ms, sched copies = 1
image decoded (batch 1/1) in 1040 ms
srv  process_chun: image processed in 37353 ms
slot update_slots: id  3 | task 0 | prompt processing progress, n_tokens = 613, batch.n_tokens = 28, progress = 0.993517
sched_reserve: reserving ...
sched_reserve:      CUDA0 compute buffer size =   866.52 MiB
sched_reserve:  CUDA_Host compute buffer size =   542.02 MiB
sched_reserve: graph nodes  = 2462
sched_reserve: graph splits = 2
sched_reserve: reserve took 243.19 ms, sched copies = 1
slot      release: id  3 | task 0 | stop processing: n_tokens = 613, truncated = 0
slot get_availabl: id  3 | task -1 | selected slot by LCP similarity, sim_best = 0.500 (> 0.100 thold), f_keep = 0.520
slot launch_slot_: id  3 | task -1 | sampler chain: logits -> ?penalties -> ?dry -> ?top-n-sigma -> top-k -> ?typical -> top-p -> min-p -> ?xtc -> ?temp-ext -> dist 
slot launch_slot_: id  3 | task 5 | processing task, is_child = 0
slot get_availabl: id  2 | task -1 | selected slot by LRU, t_last = -1
srv  get_availabl: updating prompt cache
srv          load:  - looking for better prompt, base f_keep = -1.000, sim = 0.000
srv        update:  - cache state: 0 prompts, 0.000 MiB (limits: 8192.000 MiB, 262144 tokens, 8589934592 est)
srv  get_availabl: prompt cache update took 0.07 ms
slot launch_slot_: id  2 | task -1 | sampler chain: logits -> ?penalties -> ?dry -> ?top-n-sigma -> top-k -> ?typical -> top-p -> min-p -> ?xtc -> ?temp-ext -> dist 
slot launch_slot_: id  2 | task 6 | processing task, is_child = 0
slot get_availabl: id  1 | task -1 | selected slot by LRU, t_last = -1
srv  get_availabl: updating prompt cache
srv          load:  - looking for better prompt, base f_keep = -1.000, sim = 0.000
srv        update:  - cache state: 0 prompts, 0.000 MiB (limits: 8192.000 MiB, 262144 tokens, 8589934592 est)
srv  get_availabl: prompt cache update took 0.01 ms
slot launch_slot_: id  1 | task -1 | sampler chain: logits -> ?penalties -> ?dry -> ?top-n-sigma -> top-k -> ?typical -> top-p -> min-p -> ?xtc -> ?temp-ext -> dist 
slot launch_slot_: id  1 | task 8 | processing task, is_child = 0
slot get_availabl: id  0 | task -1 | selected slot by LRU, t_last = -1
srv  get_availabl: updating prompt cache
srv          load:  - looking for better prompt, base f_keep = -1.000, sim = 0.000
srv        update:  - cache state: 0 prompts, 0.000 MiB (limits: 8192.000 MiB, 262144 tokens, 8589934592 est)
srv  get_availabl: prompt cache update took 0.02 ms
slot launch_slot_: id  0 | task -1 | sampler chain: logits -> ?penalties -> ?dry -> ?top-n-sigma -> top-k -> ?typical -> top-p -> min-p -> ?xtc -> ?temp-ext -> dist 
slot launch_slot_: id  0 | task 10 | processing task, is_child = 0
slot update_slots: id  0 | task 10 | new prompt, n_ctx_slot = 262144, n_keep = 0, task.n_tokens = 638
slot update_slots: id  0 | task 10 | n_tokens = 0, memory_seq_rm [0, end)
slot update_slots: id  0 | task 10 | prompt processing progress, n_tokens = 122, batch.n_tokens = 122, progress = 0.191223
slot update_slots: id  1 | task 8 | new prompt, n_ctx_slot = 262144, n_keep = 0, task.n_tokens = 617
slot update_slots: id  1 | task 8 | n_tokens = 0, memory_seq_rm [0, end)
slot update_slots: id  1 | task 8 | prompt processing progress, n_tokens = 101, batch.n_tokens = 223, progress = 0.163695
slot update_slots: id  2 | task 6 | new prompt, n_ctx_slot = 262144, n_keep = 0, task.n_tokens = 638
slot update_slots: id  2 | task 6 | n_tokens = 0, memory_seq_rm [0, end)
slot update_slots: id  2 | task 6 | prompt processing progress, n_tokens = 122, batch.n_tokens = 345, progress = 0.191223
slot update_slots: id  3 | task 5 | new prompt, n_ctx_slot = 262144, n_keep = 0, task.n_tokens = 638
slot update_slots: id  3 | task 5 | n_past = 319, slot.prompt.tokens.size() = 613, seq_id = 3, pos_min = 0, n_swa = 1024
slot update_slots: id  3 | task 5 | Checking checkpoint with [0, 100] against 0...
slot update_slots: id  3 | task 5 | restored context checkpoint (pos_min = 0, pos_max = 100, n_tokens = 101, n_past = 100, size = 78.909 MiB)
slot update_slots: id  3 | task 5 | n_tokens = 100, memory_seq_rm [100, end)
slot update_slots: id  3 | task 5 | prompt processing progress, n_tokens = 122, batch.n_tokens = 367, progress = 0.191223
slot update_slots: id  0 | task 10 | n_tokens = 122, memory_seq_rm [122, end)
slot update_slots: id  0 | task 10 | prompt processing progress, n_tokens = 319, batch.n_tokens = 197, progress = 0.500000
slot create_check: id  0 | task 10 | created context checkpoint 1 of 32 (pos_min = 0, pos_max = 121, n_tokens = 122, size = 95.315 MiB)
slot update_slots: id  1 | task 8 | n_tokens = 101, memory_seq_rm [101, end)
slot update_slots: id  1 | task 8 | prompt processing progress, n_tokens = 319, batch.n_tokens = 415, progress = 0.517018
slot create_check: id  1 | task 8 | created context checkpoint 1 of 32 (pos_min = 0, pos_max = 100, n_tokens = 101, size = 78.909 MiB)
slot update_slots: id  2 | task 6 | n_tokens = 122, memory_seq_rm [122, end)
slot update_slots: id  2 | task 6 | prompt processing progress, n_tokens = 319, batch.n_tokens = 612, progress = 0.500000
slot create_check: id  2 | task 6 | created context checkpoint 1 of 32 (pos_min = 0, pos_max = 121, n_tokens = 122, size = 95.315 MiB)
slot update_slots: id  3 | task 5 | n_tokens = 122, memory_seq_rm [122, end)
slot update_slots: id  3 | task 5 | prompt processing progress, n_tokens = 319, batch.n_tokens = 809, progress = 0.500000
slot update_slots: id  0 | task 10 | n_tokens = 319, memory_seq_rm [319, end)
srv  process_chun: processing image...
encoding image slice...
srv          stop: cancel task, id_task = 5
srv  log_server_r: done request: POST /v1/chat/completions 127.0.0.1 200
srv          stop: cancel task, id_task = 6
srv  log_server_r: done request: POST /v1/chat/completions 127.0.0.1 200
srv  params_from_: Chat format: peg-gemma4
srv  params_from_: Chat format: peg-gemma4
srv          stop: cancel task, id_task = 8
srv  log_server_r: done request: POST /v1/chat/completions 127.0.0.1 200
srv  params_from_: Chat format: peg-gemma4
srv          stop: cancel task, id_task = 10
srv  log_server_r: done request: POST /v1/chat/completions 127.0.0.1 200
srv  params_from_: Chat format: peg-gemma4
image slice encoded in 32932 ms
decoding image batch 1/1, n_tokens_batch = 266
sched_reserve: reserving ...
sched_reserve:      CUDA0 compute buffer size =   866.52 MiB
sched_reserve:  CUDA_Host compute buffer size =   542.02 MiB
sched_reserve: graph nodes  = 2462
sched_reserve: graph splits = 2
sched_reserve: reserve took 356.23 ms, sched copies = 1
image decoded (batch 1/1) in 1060 ms
srv  process_chun: image processed in 33992 ms
slot update_slots: id  0 | task 10 | prompt processing progress, n_tokens = 634, batch.n_tokens = 49, progress = 0.993730
slot update_slots: id  1 | task 8 | n_tokens = 319, memory_seq_rm [319, end)
srv  process_chun: processing image...
encoding image slice...
srv          stop: cancel task, id_task = 16
srv  log_server_r: done request: POST /v1/chat/completions 127.0.0.1 200
srv          stop: cancel task, id_task = 17
srv  log_server_r: done request: POST /v1/chat/completions 127.0.0.1 200
srv  params_from_: Chat format: peg-gemma4
srv  params_from_: Chat format: peg-gemma4
srv          stop: cancel task, id_task = 19
srv  log_server_r: done request: POST /v1/chat/completions 127.0.0.1 200
srv  params_from_: Chat format: peg-gemma4
srv          stop: cancel task, id_task = 21
srv  log_server_r: done request: POST /v1/chat/completions 127.0.0.1 200
srv  params_from_: Chat format: peg-gemma4
srv  params_from_: Chat format: peg-gemma4
srv          stop: cancel task, id_task = 24
srv  log_server_r: done request: POST /v1/chat/completions 127.0.0.1 200
srv          stop: cancel task, id_task = 25
srv  log_server_r: done request: POST /v1/chat/completions 127.0.0.1 200
srv  params_from_: Chat format: peg-gemma4
image slice encoded in 36017 ms
decoding image batch 1/1, n_tokens_batch = 266
sched_reserve: reserving ...
sched_reserve:      CUDA0 compute buffer size =   866.52 MiB
sched_reserve:  CUDA_Host compute buffer size =   542.02 MiB
sched_reserve: graph nodes  = 2462
sched_reserve: graph splits = 2
sched_reserve: reserve took 332.57 ms, sched copies = 1
image decoded (batch 1/1) in 1038 ms
srv  process_chun: image processed in 37056 ms
slot update_slots: id  1 | task 8 | prompt processing progress, n_tokens = 613, batch.n_tokens = 77, progress = 0.993517
slot update_slots: id  2 | task 6 | n_tokens = 319, memory_seq_rm [319, end)
srv  process_chun: processing image...
encoding image slice...
srv          stop: cancel task, id_task = 27
srv  log_server_r: done request: POST /v1/chat/completions 127.0.0.1 200
srv  params_from_: Chat format: peg-gemma4
srv          stop: cancel task, id_task = 29
srv  log_server_r: done request: POST /v1/chat/completions 127.0.0.1 200
srv  params_from_: Chat format: peg-gemma4
srv          stop: cancel task, id_task = 30
srv  log_server_r: done request: POST /v1/chat/completions 127.0.0.1 200
srv          stop: cancel task, id_task = 33
srv  log_server_r: done request: POST /v1/chat/completions 127.0.0.1 200
srv  params_from_: Chat format: peg-gemma4
srv  params_from_: Chat format: peg-gemma4
image slice encoded in 34233 ms
decoding image batch 1/1, n_tokens_batch = 266
sched_reserve: reserving ...
sched_reserve:      CUDA0 compute buffer size =   866.52 MiB
sched_reserve:  CUDA_Host compute buffer size =   542.02 MiB
sched_reserve: graph nodes  = 2462
sched_reserve: graph splits = 2
sched_reserve: reserve took 334.48 ms, sched copies = 1
image decoded (batch 1/1) in 1042 ms
srv  process_chun: image processed in 35275 ms
slot update_slots: id  2 | task 6 | prompt processing progress, n_tokens = 634, batch.n_tokens = 126, progress = 0.993730
slot update_slots: id  3 | task 5 | n_tokens = 319, memory_seq_rm [319, end)
srv  process_chun: processing image...
encoding image slice...
srv          stop: cancel task, id_task = 35
srv  log_server_r: done request: POST /v1/chat/completions 127.0.0.1 200
srv  params_from_: Chat format: peg-gemma4
srv          stop: cancel task, id_task = 37
srv  log_server_r: done request: POST /v1/chat/completions 127.0.0.1 200
srv  params_from_: Chat format: peg-gemma4
srv          stop: cancel task, id_task = 40
srv  log_server_r: done request: POST /v1/chat/completions 127.0.0.1 200
srv          stop: cancel task, id_task = 41
srv  log_server_r: done request: POST /v1/chat/completions 127.0.0.1 200
srv  params_from_: Chat format: peg-gemma4
srv  params_from_: Chat format: peg-gemma4
srv          stop: cancel task, id_task = 43
srv  log_server_r: done request: POST /v1/chat/completions 127.0.0.1 200
srv  params_from_: Chat format: peg-gemma4
image slice encoded in 33958 ms
decoding image batch 1/1, n_tokens_batch = 266
sched_reserve: reserving ...
sched_reserve:      CUDA0 compute buffer size =   866.52 MiB
sched_reserve:  CUDA_Host compute buffer size =   542.02 MiB
sched_reserve: graph nodes  = 2462
sched_reserve: graph splits = 2
sched_reserve: reserve took 299.96 ms, sched copies = 1
image decoded (batch 1/1) in 1029 ms
srv  process_chun: image processed in 34987 ms
slot update_slots: id  3 | task 5 | prompt processing progress, n_tokens = 634, batch.n_tokens = 175, progress = 0.993730
sched_reserve: reserving ...
srv  params_from_: Chat format: peg-gemma4
srv          stop: cancel task, id_task = 45
srv  log_server_r: done request: POST /v1/chat/completions 127.0.0.1 200
sched_reserve:      CUDA0 compute buffer size =   866.52 MiB
sched_reserve:  CUDA_Host compute buffer size =   542.02 MiB
sched_reserve: graph nodes  = 2462
sched_reserve: graph splits = 2
sched_reserve: reserve took 189.90 ms, sched copies = 1
slot      release: id  0 | task 10 | stop processing: n_tokens = 634, truncated = 0
slot      release: id  1 | task 8 | stop processing: n_tokens = 613, truncated = 0
slot      release: id  2 | task 6 | stop processing: n_tokens = 634, truncated = 0
slot      release: id  3 | task 5 | stop processing: n_tokens = 634, truncated = 0
slot get_availabl: id  0 | task -1 | selected slot by LCP similarity, sim_best = 0.500 (> 0.100 thold), f_keep = 0.503
slot launch_slot_: id  0 | task -1 | sampler chain: logits -> ?penalties -> ?dry -> ?top-n-sigma -> top-k -> ?typical -> top-p -> min-p -> ?xtc -> ?temp-ext -> dist 
slot launch_slot_: id  0 | task 48 | processing task, is_child = 0
slot slot_save_an: id  1 | task -1 | saving idle slot to prompt cache
srv   prompt_save:  - saving prompt with length 613, total state size = 526.812 MiB
slot prompt_clear: id  1 | task -1 | clearing prompt with 613 tokens
srv        update:  - cache state: 1 prompts, 605.721 MiB (limits: 8192.000 MiB, 262144 tokens, 262144 est)
srv        update:    - prompt 0xaaaaee3ae3b0:     613 tokens, checkpoints:  1,   605.721 MiB
slot slot_save_an: id  2 | task -1 | saving idle slot to prompt cache
srv   prompt_save:  - saving prompt with length 634, total state size = 544.860 MiB
slot prompt_clear: id  2 | task -1 | clearing prompt with 634 tokens
srv        update:  - cache state: 2 prompts, 1245.896 MiB (limits: 8192.000 MiB, 262144 tokens, 262144 est)
srv        update:    - prompt 0xaaaaee3ae3b0:     613 tokens, checkpoints:  1,   605.721 MiB
srv        update:    - prompt 0xaaaaee146f30:     634 tokens, checkpoints:  1,   640.175 MiB
slot slot_save_an: id  3 | task -1 | saving idle slot to prompt cache
srv   prompt_save:  - saving prompt with length 634, total state size = 544.860 MiB
srv         alloc:  - prompt is already in the cache, skipping
slot prompt_clear: id  3 | task -1 | clearing prompt with 634 tokens
srv        update:  - cache state: 2 prompts, 1245.896 MiB (limits: 8192.000 MiB, 262144 tokens, 262144 est)
srv        update:    - prompt 0xaaaaee3ae3b0:     613 tokens, checkpoints:  1,   605.721 MiB
srv        update:    - prompt 0xaaaaee146f30:     634 tokens, checkpoints:  1,   640.175 MiB
slot get_availabl: id  1 | task -1 | selected slot by LRU, t_last = 15007248382
srv  get_availabl: updating prompt cache
srv          load:  - looking for better prompt, base f_keep = -1.000, sim = 0.000
srv          load:  - found better prompt with f_keep = 0.520, sim = 0.500
srv        update:  - cache state: 1 prompts, 640.175 MiB (limits: 8192.000 MiB, 262144 tokens, 262144 est)
srv        update:    - prompt 0xaaaaee146f30:     634 tokens, checkpoints:  1,   640.175 MiB
srv  get_availabl: prompt cache update took 1187.95 ms
slot launch_slot_: id  1 | task -1 | sampler chain: logits -> ?penalties -> ?dry -> ?top-n-sigma -> top-k -> ?typical -> top-p -> min-p -> ?xtc -> ?temp-ext -> dist 
slot launch_slot_: id  1 | task 49 | processing task, is_child = 0
slot get_availabl: id  2 | task -1 | selected slot by LRU, t_last = 15007248385
srv  get_availabl: updating prompt cache
srv          load:  - looking for better prompt, base f_keep = -1.000, sim = 0.000
srv          load:  - found better prompt with f_keep = 0.503, sim = 0.522
srv        update:  - cache state: 0 prompts, 0.000 MiB (limits: 8192.000 MiB, 262144 tokens, 8589934592 est)
srv  get_availabl: prompt cache update took 1223.40 ms
slot launch_slot_: id  2 | task -1 | sampler chain: logits -> ?penalties -> ?dry -> ?top-n-sigma -> top-k -> ?typical -> top-p -> min-p -> ?xtc -> ?temp-ext -> dist 
slot launch_slot_: id  2 | task 51 | processing task, is_child = 0
slot get_availabl: id  3 | task -1 | selected slot by LRU, t_last = 15007248388
srv  get_availabl: updating prompt cache
srv          load:  - looking for better prompt, base f_keep = -1.000, sim = 0.000
srv        update:  - cache state: 0 prompts, 0.000 MiB (limits: 8192.000 MiB, 262144 tokens, 8589934592 est)
srv  get_availabl: prompt cache update took 0.00 ms
slot launch_slot_: id  3 | task -1 | sampler chain: logits -> ?penalties -> ?dry -> ?top-n-sigma -> top-k -> ?typical -> top-p -> min-p -> ?xtc -> ?temp-ext -> dist 
slot launch_slot_: id  3 | task 52 | processing task, is_child = 0
slot update_slots: id  0 | task 48 | new prompt, n_ctx_slot = 262144, n_keep = 0, task.n_tokens = 638
slot update_slots: id  0 | task 48 | n_past = 319, slot.prompt.tokens.size() = 634, seq_id = 0, pos_min = 0, n_swa = 1024
slot update_slots: id  0 | task 48 | Checking checkpoint with [0, 121] against 0...
slot update_slots: id  0 | task 48 | restored context checkpoint (pos_min = 0, pos_max = 121, n_tokens = 122, n_past = 121, size = 95.315 MiB)
slot update_slots: id  0 | task 48 | n_tokens = 121, memory_seq_rm [121, end)
slot update_slots: id  0 | task 48 | prompt processing progress, n_tokens = 122, batch.n_tokens = 1, progress = 0.191223
slot update_slots: id  1 | task 49 | new prompt, n_ctx_slot = 262144, n_keep = 0, task.n_tokens = 638
slot update_slots: id  1 | task 49 | n_past = 319, slot.prompt.tokens.size() = 613, seq_id = 1, pos_min = 0, n_swa = 1024
slot update_slots: id  1 | task 49 | Checking checkpoint with [0, 100] against 0...
slot update_slots: id  1 | task 49 | restored context checkpoint (pos_min = 0, pos_max = 100, n_tokens = 101, n_past = 100, size = 78.909 MiB)
slot update_slots: id  1 | task 49 | n_tokens = 100, memory_seq_rm [100, end)
slot update_slots: id  1 | task 49 | prompt processing progress, n_tokens = 122, batch.n_tokens = 23, progress = 0.191223
slot update_slots: id  2 | task 51 | new prompt, n_ctx_slot = 262144, n_keep = 0, task.n_tokens = 611
slot update_slots: id  2 | task 51 | n_past = 319, slot.prompt.tokens.size() = 634, seq_id = 2, pos_min = 0, n_swa = 1024
slot update_slots: id  2 | task 51 | Checking checkpoint with [0, 121] against 0...
slot update_slots: id  2 | task 51 | restored context checkpoint (pos_min = 0, pos_max = 121, n_tokens = 122, n_past = 121, size = 95.315 MiB)
slot update_slots: id  2 | task 51 | n_tokens = 121, memory_seq_rm [121, end)
slot update_slots: id  2 | task 51 | prompt processing progress, n_tokens = 319, batch.n_tokens = 221, progress = 0.522095
slot update_slots: id  3 | task 52 | new prompt, n_ctx_slot = 262144, n_keep = 0, task.n_tokens = 611
slot update_slots: id  3 | task 52 | erased invalidated context checkpoint (pos_min = 0, pos_max = 100, n_tokens = 101, n_swa = 1024, pos_next = 0, size = 78.909 MiB)
slot update_slots: id  3 | task 52 | n_tokens = 0, memory_seq_rm [0, end)
slot update_slots: id  3 | task 52 | prompt processing progress, n_tokens = 95, batch.n_tokens = 316, progress = 0.155483
slot update_slots: id  0 | task 48 | n_tokens = 122, memory_seq_rm [122, end)
slot update_slots: id  0 | task 48 | prompt processing progress, n_tokens = 319, batch.n_tokens = 197, progress = 0.500000
slot update_slots: id  1 | task 49 | n_tokens = 122, memory_seq_rm [122, end)
slot update_slots: id  1 | task 49 | prompt processing progress, n_tokens = 319, batch.n_tokens = 394, progress = 0.500000
slot update_slots: id  2 | task 51 | n_tokens = 319, memory_seq_rm [319, end)
srv  process_chun: processing image...
encoding image slice...
srv          stop: cancel task, id_task = 48
srv  log_server_r: done request: POST /v1/chat/completions 127.0.0.1 200
srv  params_from_: Chat format: peg-gemma4
srv  params_from_: Chat format: peg-gemma4
srv          stop: cancel task, id_task = 49
srv  log_server_r: done request: POST /v1/chat/completions 127.0.0.1 200
srv          stop: cancel task, id_task = 51
srv  log_server_r: done request: POST /v1/chat/completions 127.0.0.1 200
srv  params_from_: Chat format: peg-gemma4
srv          stop: cancel task, id_task = 52
srv  log_server_r: done request: POST /v1/chat/completions 127.0.0.1 200
srv  params_from_: Chat format: peg-gemma4
image slice encoded in 34084 ms
decoding image batch 1/1, n_tokens_batch = 266
sched_reserve: reserving ...
sched_reserve:      CUDA0 compute buffer size =   866.52 MiB
sched_reserve:  CUDA_Host compute buffer size =   542.02 MiB
sched_reserve: graph nodes  = 2462
sched_reserve: graph splits = 2
sched_reserve: reserve took 312.20 ms, sched copies = 1
image decoded (batch 1/1) in 1007 ms
srv  process_chun: image processed in 35091 ms
slot update_slots: id  2 | task 51 | prompt processing progress, n_tokens = 607, batch.n_tokens = 416, progress = 0.993453
slot update_slots: id  3 | task 52 | n_tokens = 95, memory_seq_rm [95, end)
slot update_slots: id  3 | task 52 | prompt processing progress, n_tokens = 319, batch.n_tokens = 640, progress = 0.522095
slot create_check: id  3 | task 52 | created context checkpoint 1 of 32 (pos_min = 0, pos_max = 94, n_tokens = 95, size = 74.221 MiB)
sched_reserve: reserving ...
sched_reserve:      CUDA0 compute buffer size =   866.52 MiB
sched_reserve:  CUDA_Host compute buffer size =   542.02 MiB
sched_reserve: graph nodes  = 2462
sched_reserve: graph splits = 2
sched_reserve: reserve took 153.18 ms, sched copies = 1
slot      release: id  3 | task 52 | stop processing: n_tokens = 319, truncated = 0
slot      release: id  2 | task 51 | stop processing: n_tokens = 607, truncated = 0
slot      release: id  1 | task 49 | stop processing: n_tokens = 319, truncated = 0
slot      release: id  0 | task 48 | stop processing: n_tokens = 319, truncated = 0
slot get_availabl: id  0 | task -1 | selected slot by LCP similarity, sim_best = 0.522 (> 0.100 thold), f_keep = 1.000
slot launch_slot_: id  0 | task -1 | sampler chain: logits -> ?penalties -> ?dry -> ?top-n-sigma -> top-k -> ?typical -> top-p -> min-p -> ?xtc -> ?temp-ext -> dist 
slot launch_slot_: id  0 | task 57 | processing task, is_child = 0
slot slot_save_an: id  1 | task -1 | saving idle slot to prompt cache
srv   prompt_save:  - saving prompt with length 319, total state size = 274.149 MiB
slot prompt_clear: id  1 | task -1 | clearing prompt with 319 tokens
srv        update:  - cache state: 1 prompts, 353.058 MiB (limits: 8192.000 MiB, 262144 tokens, 262144 est)
srv        update:    - prompt 0xaaaae216e2b0:     319 tokens, checkpoints:  1,   353.058 MiB
slot slot_save_an: id  2 | task -1 | saving idle slot to prompt cache
srv   prompt_save:  - saving prompt with length 607, total state size = 521.656 MiB
srv         alloc:  - removing obsolete cached prompt with length 319
slot prompt_clear: id  2 | task -1 | clearing prompt with 607 tokens
srv        update:  - cache state: 1 prompts, 616.971 MiB (limits: 8192.000 MiB, 262144 tokens, 262144 est)
srv        update:    - prompt 0xaaaae216e2b0:     607 tokens, checkpoints:  1,   616.971 MiB
slot slot_save_an: id  3 | task -1 | saving idle slot to prompt cache
srv   prompt_save:  - saving prompt with length 319, total state size = 274.149 MiB
srv         alloc:  - prompt is already in the cache, skipping
slot prompt_clear: id  3 | task -1 | clearing prompt with 319 tokens
srv        update:  - cache state: 1 prompts, 616.971 MiB (limits: 8192.000 MiB, 262144 tokens, 262144 est)
srv        update:    - prompt 0xaaaae216e2b0:     607 tokens, checkpoints:  1,   616.971 MiB
slot get_availabl: id  3 | task -1 | selected slot by LRU, t_last = 15049969352
srv  get_availabl: updating prompt cache
srv          load:  - looking for better prompt, base f_keep = -1.000, sim = 0.000
srv          load:  - found better prompt with f_keep = 0.526, sim = 0.500
srv        update:  - cache state: 0 prompts, 0.000 MiB (limits: 8192.000 MiB, 262144 tokens, 8589934592 est)
srv  get_availabl: prompt cache update took 1175.25 ms
slot launch_slot_: id  3 | task -1 | sampler chain: logits -> ?penalties -> ?dry -> ?top-n-sigma -> top-k -> ?typical -> top-p -> min-p -> ?xtc -> ?temp-ext -> dist 
slot launch_slot_: id  3 | task 58 | processing task, is_child = 0
slot get_availabl: id  2 | task -1 | selected slot by LRU, t_last = 15049969376
srv  get_availabl: updating prompt cache
srv          load:  - looking for better prompt, base f_keep = -1.000, sim = 0.000
srv        update:  - cache state: 0 prompts, 0.000 MiB (limits: 8192.000 MiB, 262144 tokens, 8589934592 est)
srv  get_availabl: prompt cache update took 0.01 ms
slot launch_slot_: id  2 | task -1 | sampler chain: logits -> ?penalties -> ?dry -> ?top-n-sigma -> top-k -> ?typical -> top-p -> min-p -> ?xtc -> ?temp-ext -> dist 
slot launch_slot_: id  2 | task 61 | processing task, is_child = 0
slot get_availabl: id  1 | task -1 | selected slot by LRU, t_last = 15049969390
srv  get_availabl: updating prompt cache
srv          load:  - looking for better prompt, base f_keep = -1.000, sim = 0.000
srv        update:  - cache state: 0 prompts, 0.000 MiB (limits: 8192.000 MiB, 262144 tokens, 8589934592 est)
srv  get_availabl: prompt cache update took 0.00 ms
slot launch_slot_: id  1 | task -1 | sampler chain: logits -> ?penalties -> ?dry -> ?top-n-sigma -> top-k -> ?typical -> top-p -> min-p -> ?xtc -> ?temp-ext -> dist 
slot launch_slot_: id  1 | task 63 | processing task, is_child = 0
slot update_slots: id  0 | task 57 | new prompt, n_ctx_slot = 262144, n_keep = 0, task.n_tokens = 611
slot update_slots: id  0 | task 57 | n_tokens = 319, memory_seq_rm [319, end)
srv  process_chun: processing image...
encoding image slice...
srv          stop: cancel task, id_task = 57
srv  log_server_r: done request: POST /v1/chat/completions 127.0.0.1 200
srv          stop: cancel task, id_task = 58
srv  log_server_r: done request: POST /v1/chat/completions 127.0.0.1 200
srv  params_from_: Chat format: peg-gemma4
srv  params_from_: Chat format: peg-gemma4
srv          stop: cancel task, id_task = 61
srv  log_server_r: done request: POST /v1/chat/completions 127.0.0.1 200
srv  params_from_: Chat format: peg-gemma4
srv          stop: cancel task, id_task = 63
srv  log_server_r: done request: POST /v1/chat/completions 127.0.0.1 200
srv  params_from_: Chat format: peg-gemma4
srv          stop: cancel task, id_task = 67
srv  log_server_r: done request: POST /v1/chat/completions 127.0.0.1 200
srv          stop: cancel task, id_task = 68
srv  log_server_r: done request: POST /v1/chat/completions 127.0.0.1 200
srv  params_from_: Chat format: peg-gemma4
srv  params_from_: Chat format: peg-gemma4
image slice encoded in 33650 ms
decoding image batch 1/1, n_tokens_batch = 266
sched_reserve: reserving ...
sched_reserve:      CUDA0 compute buffer size =   866.52 MiB
sched_reserve:  CUDA_Host compute buffer size =   542.02 MiB
sched_reserve: graph nodes  = 2462
sched_reserve: graph splits = 2
sched_reserve: reserve took 245.24 ms, sched copies = 1
image decoded (batch 1/1) in 939 ms
srv  process_chun: image processed in 34590 ms
slot update_slots: id  0 | task 57 | prompt processing progress, n_tokens = 607, batch.n_tokens = 22, progress = 0.993453
slot update_slots: id  1 | task 63 | new prompt, n_ctx_slot = 262144, n_keep = 0, task.n_tokens = 611
slot update_slots: id  1 | task 63 | erased invalidated context checkpoint (pos_min = 0, pos_max = 100, n_tokens = 101, n_swa = 1024, pos_next = 0, size = 78.909 MiB)
slot update_slots: id  1 | task 63 | n_tokens = 0, memory_seq_rm [0, end)
slot update_slots: id  1 | task 63 | prompt processing progress, n_tokens = 95, batch.n_tokens = 117, progress = 0.155483
slot update_slots: id  2 | task 61 | new prompt, n_ctx_slot = 262144, n_keep = 0, task.n_tokens = 611
slot update_slots: id  2 | task 61 | erased invalidated context checkpoint (pos_min = 0, pos_max = 121, n_tokens = 122, n_swa = 1024, pos_next = 0, size = 95.315 MiB)
slot update_slots: id  2 | task 61 | n_tokens = 0, memory_seq_rm [0, end)
slot update_slots: id  2 | task 61 | prompt processing progress, n_tokens = 95, batch.n_tokens = 212, progress = 0.155483
slot update_slots: id  3 | task 58 | new prompt, n_ctx_slot = 262144, n_keep = 0, task.n_tokens = 638
slot update_slots: id  3 | task 58 | n_past = 319, slot.prompt.tokens.size() = 607, seq_id = 3, pos_min = 0, n_swa = 1024
slot update_slots: id  3 | task 58 | Checking checkpoint with [0, 121] against 0...
slot update_slots: id  3 | task 58 | restored context checkpoint (pos_min = 0, pos_max = 121, n_tokens = 122, n_past = 121, size = 95.315 MiB)
slot update_slots: id  3 | task 58 | n_tokens = 121, memory_seq_rm [121, end)
slot update_slots: id  3 | task 58 | prompt processing progress, n_tokens = 122, batch.n_tokens = 213, progress = 0.191223
sched_reserve: reserving ...
sched_reserve:      CUDA0 compute buffer size =   866.52 MiB
sched_reserve:  CUDA_Host compute buffer size =   542.02 MiB
sched_reserve: graph nodes  = 2462
sched_reserve: graph splits = 2
sched_reserve: reserve took 93.37 ms, sched copies = 1
slot      release: id  1 | task 63 | stop processing: n_tokens = 95, truncated = 0
slot      release: id  2 | task 61 | stop processing: n_tokens = 95, truncated = 0
slot      release: id  3 | task 58 | stop processing: n_tokens = 122, truncated = 0
slot      release: id  0 | task 57 | stop processing: n_tokens = 607, truncated = 0
slot get_availabl: id  0 | task -1 | selected slot by LCP similarity, sim_best = 0.500 (> 0.100 thold), f_keep = 0.526
slot launch_slot_: id  0 | task -1 | sampler chain: logits -> ?penalties -> ?dry -> ?top-n-sigma -> top-k -> ?typical -> top-p -> min-p -> ?xtc -> ?temp-ext -> dist 
slot launch_slot_: id  0 | task 70 | processing task, is_child = 0
slot slot_save_an: id  1 | task -1 | saving idle slot to prompt cache
srv   prompt_save:  - saving prompt with length 95, total state size = 81.644 MiB
slot prompt_clear: id  1 | task -1 | clearing prompt with 95 tokens
srv        update:  - cache state: 1 prompts, 81.644 MiB (limits: 8192.000 MiB, 262144 tokens, 262144 est)
srv        update:    - prompt 0xaaaaedfdefc0:      95 tokens, checkpoints:  0,    81.644 MiB
slot slot_save_an: id  2 | task -1 | saving idle slot to prompt cache
srv   prompt_save:  - saving prompt with length 95, total state size = 81.644 MiB
srv         alloc:  - prompt is already in the cache, skipping
slot prompt_clear: id  2 | task -1 | clearing prompt with 95 tokens
srv        update:  - cache state: 1 prompts, 81.644 MiB (limits: 8192.000 MiB, 262144 tokens, 262144 est)
srv        update:    - prompt 0xaaaaedfdefc0:      95 tokens, checkpoints:  0,    81.644 MiB
slot slot_save_an: id  3 | task -1 | saving idle slot to prompt cache
srv   prompt_save:  - saving prompt with length 122, total state size = 104.848 MiB
srv         alloc:  - removing obsolete cached prompt with length 95
slot prompt_clear: id  3 | task -1 | clearing prompt with 122 tokens
srv        update:  - cache state: 1 prompts, 200.163 MiB (limits: 8192.000 MiB, 262144 tokens, 262144 est)
srv        update:    - prompt 0xaaaaedfdefc0:     122 tokens, checkpoints:  1,   200.163 MiB
slot get_availabl: id  1 | task -1 | selected slot by LRU, t_last = 15087900592
srv  get_availabl: updating prompt cache
srv          load:  - looking for better prompt, base f_keep = -1.000, sim = 0.000
srv          load:  - found better prompt with f_keep = 1.000, sim = 0.200
srv        update:  - cache state: 0 prompts, 0.000 MiB (limits: 8192.000 MiB, 262144 tokens, 8589934592 est)
srv  get_availabl: prompt cache update took 230.96 ms
slot launch_slot_: id  1 | task -1 | sampler chain: logits -> ?penalties -> ?dry -> ?top-n-sigma -> top-k -> ?typical -> top-p -> min-p -> ?xtc -> ?temp-ext -> dist 
slot launch_slot_: id  1 | task 72 | processing task, is_child = 0
slot get_availabl: id  2 | task -1 | selected slot by LRU, t_last = 15087900617
srv  get_availabl: updating prompt cache
srv          load:  - looking for better prompt, base f_keep = -1.000, sim = 0.000
srv        update:  - cache state: 0 prompts, 0.000 MiB (limits: 8192.000 MiB, 262144 tokens, 8589934592 est)
srv  get_availabl: prompt cache update took 0.00 ms
slot launch_slot_: id  2 | task -1 | sampler chain: logits -> ?penalties -> ?dry -> ?top-n-sigma -> top-k -> ?typical -> top-p -> min-p -> ?xtc -> ?temp-ext -> dist 
slot launch_slot_: id  2 | task 75 | processing task, is_child = 0
slot get_availabl: id  3 | task -1 | selected slot by LRU, t_last = 15087900634
srv  get_availabl: updating prompt cache
srv          load:  - looking for better prompt, base f_keep = -1.000, sim = 0.000
srv        update:  - cache state: 0 prompts, 0.000 MiB (limits: 8192.000 MiB, 262144 tokens, 8589934592 est)
srv  get_availabl: prompt cache update took 0.00 ms
slot launch_slot_: id  3 | task -1 | sampler chain: logits -> ?penalties -> ?dry -> ?top-n-sigma -> top-k -> ?typical -> top-p -> min-p -> ?xtc -> ?temp-ext -> dist 
slot launch_slot_: id  3 | task 76 | processing task, is_child = 0
slot update_slots: id  0 | task 70 | new prompt, n_ctx_slot = 262144, n_keep = 0, task.n_tokens = 638
slot update_slots: id  0 | task 70 | n_past = 319, slot.prompt.tokens.size() = 607, seq_id = 0, pos_min = 0, n_swa = 1024
slot update_slots: id  0 | task 70 | Checking checkpoint with [0, 121] against 0...
slot update_slots: id  0 | task 70 | restored context checkpoint (pos_min = 0, pos_max = 121, n_tokens = 122, n_past = 121, size = 95.315 MiB)
slot update_slots: id  0 | task 70 | n_tokens = 121, memory_seq_rm [121, end)
slot update_slots: id  0 | task 70 | prompt processing progress, n_tokens = 122, batch.n_tokens = 1, progress = 0.191223
slot update_slots: id  1 | task 72 | new prompt, n_ctx_slot = 262144, n_keep = 0, task.n_tokens = 611
slot update_slots: id  1 | task 72 | n_tokens = 122, memory_seq_rm [122, end)
slot update_slots: id  1 | task 72 | prompt processing progress, n_tokens = 319, batch.n_tokens = 198, progress = 0.522095
slot update_slots: id  2 | task 75 | new prompt, n_ctx_slot = 262144, n_keep = 0, task.n_tokens = 611
slot update_slots: id  2 | task 75 | n_tokens = 0, memory_seq_rm [0, end)
slot update_slots: id  2 | task 75 | prompt processing progress, n_tokens = 95, batch.n_tokens = 293, progress = 0.155483
slot update_slots: id  3 | task 76 | new prompt, n_ctx_slot = 262144, n_keep = 0, task.n_tokens = 638
slot update_slots: id  3 | task 76 | erased invalidated context checkpoint (pos_min = 0, pos_max = 121, n_tokens = 122, n_swa = 1024, pos_next = 0, size = 95.315 MiB)
slot update_slots: id  3 | task 76 | n_tokens = 0, memory_seq_rm [0, end)
slot update_slots: id  3 | task 76 | prompt processing progress, n_tokens = 122, batch.n_tokens = 415, progress = 0.191223
slot update_slots: id  0 | task 70 | n_tokens = 122, memory_seq_rm [122, end)
slot update_slots: id  0 | task 70 | prompt processing progress, n_tokens = 319, batch.n_tokens = 197, progress = 0.500000
slot update_slots: id  1 | task 72 | n_tokens = 319, memory_seq_rm [319, end)
srv  process_chun: processing image...
encoding image slice...
srv          stop: cancel task, id_task = 70
srv  log_server_r: done request: POST /v1/chat/completions 127.0.0.1 200
srv  params_from_: Chat format: peg-gemma4
srv  params_from_: Chat format: peg-gemma4
srv          stop: cancel task, id_task = 72
srv  log_server_r: done request: POST /v1/chat/completions 127.0.0.1 200
srv          stop: cancel task, id_task = 75
srv  log_server_r: done request: POST /v1/chat/completions 127.0.0.1 200
srv  params_from_: Chat format: peg-gemma4
srv          stop: cancel task, id_task = 76
srv  log_server_r: done request: POST /v1/chat/completions 127.0.0.1 200
srv  params_from_: Chat format: peg-gemma4
image slice encoded in 33734 ms
decoding image batch 1/1, n_tokens_batch = 266
sched_reserve: reserving ...
sched_reserve:      CUDA0 compute buffer size =   866.52 MiB
sched_reserve:  CUDA_Host compute buffer size =   542.02 MiB
sched_reserve: graph nodes  = 2462
sched_reserve: graph splits = 2
sched_reserve: reserve took 210.17 ms, sched copies = 1
srv          stop: cancel task, id_task = 80
srv  log_server_r: done request: POST /v1/chat/completions 127.0.0.1 200
image decoded (batch 1/1) in 905 ms
srv  process_chun: image processed in 34639 ms
slot update_slots: id  1 | task 72 | prompt processing progress, n_tokens = 607, batch.n_tokens = 219, progress = 0.993453
slot update_slots: id  2 | task 75 | n_tokens = 95, memory_seq_rm [95, end)
slot update_slots: id  2 | task 75 | prompt processing progress, n_tokens = 319, batch.n_tokens = 443, progress = 0.522095
slot create_check: id  2 | task 75 | created context checkpoint 1 of 32 (pos_min = 0, pos_max = 94, n_tokens = 95, size = 74.221 MiB)
slot update_slots: id  3 | task 76 | n_tokens = 122, memory_seq_rm [122, end)
slot update_slots: id  3 | task 76 | prompt processing progress, n_tokens = 319, batch.n_tokens = 640, progress = 0.500000
slot create_check: id  3 | task 76 | created context checkpoint 1 of 32 (pos_min = 0, pos_max = 121, n_tokens = 122, size = 95.315 MiB)
sched_reserve: reserving ...
sched_reserve:      CUDA0 compute buffer size =   866.52 MiB
sched_reserve:  CUDA_Host compute buffer size =   542.02 MiB
sched_reserve: graph nodes  = 2462
sched_reserve: graph splits = 2
sched_reserve: reserve took 90.67 ms, sched copies = 1
srv  params_from_: Chat format: peg-gemma4
slot      release: id  3 | task 76 | stop processing: n_tokens = 319, truncated = 0
slot      release: id  2 | task 75 | stop processing: n_tokens = 319, truncated = 0
slot      release: id  1 | task 72 | stop processing: n_tokens = 607, truncated = 0
slot      release: id  0 | task 70 | stop processing: n_tokens = 319, truncated = 0
slot get_availabl: id  0 | task -1 | selected slot by LCP similarity, sim_best = 0.500 (> 0.100 thold), f_keep = 1.000
slot launch_slot_: id  0 | task -1 | sampler chain: logits -> ?penalties -> ?dry -> ?top-n-sigma -> top-k -> ?typical -> top-p -> min-p -> ?xtc -> ?temp-ext -> dist 
slot launch_slot_: id  0 | task 81 | processing task, is_child = 0
slot slot_save_an: id  1 | task -1 | saving idle slot to prompt cache
srv   prompt_save:  - saving prompt with length 607, total state size = 521.656 MiB
srv          stop: cancel task, id_task = 81
srv  log_server_r: done request: POST /v1/chat/completions 127.0.0.1 200
slot prompt_clear: id  1 | task -1 | clearing prompt with 607 tokens
srv        update:  - cache state: 1 prompts, 616.971 MiB (limits: 8192.000 MiB, 262144 tokens, 262144 est)
srv        update:    - prompt 0xaaaaede3d240:     607 tokens, checkpoints:  1,   616.971 MiB
slot slot_save_an: id  2 | task -1 | saving idle slot to prompt cache
srv   prompt_save:  - saving prompt with length 319, total state size = 274.149 MiB
srv         alloc:  - prompt is already in the cache, skipping
slot prompt_clear: id  2 | task -1 | clearing prompt with 319 tokens
srv        update:  - cache state: 1 prompts, 616.971 MiB (limits: 8192.000 MiB, 262144 tokens, 262144 est)
srv        update:    - prompt 0xaaaaede3d240:     607 tokens, checkpoints:  1,   616.971 MiB
slot slot_save_an: id  3 | task -1 | saving idle slot to prompt cache
srv   prompt_save:  - saving prompt with length 319, total state size = 274.149 MiB
srv         alloc:  - prompt is already in the cache, skipping
slot prompt_clear: id  3 | task -1 | clearing prompt with 319 tokens
srv        update:  - cache state: 1 prompts, 616.971 MiB (limits: 8192.000 MiB, 262144 tokens, 262144 est)
srv        update:    - prompt 0xaaaaede3d240:     607 tokens, checkpoints:  1,   616.971 MiB
slot      release: id  0 | task 81 | stop processing: n_tokens = 319, truncated = 0
slot get_availabl: id  0 | task -1 | selected slot by LCP similarity, sim_best = 0.517 (> 0.100 thold), f_keep = 1.000
slot launch_slot_: id  0 | task -1 | sampler chain: logits -> ?penalties -> ?dry -> ?top-n-sigma -> top-k -> ?typical -> top-p -> min-p -> ?xtc -> ?temp-ext -> dist 
slot launch_slot_: id  0 | task 84 | processing task, is_child = 0
slot get_availabl: id  3 | task -1 | selected slot by LRU, t_last = 15127873357
srv  get_availabl: updating prompt cache
srv          load:  - looking for better prompt, base f_keep = -1.000, sim = 0.000
srv          load:  - found better prompt with f_keep = 0.526, sim = 0.500
srv  params_from_: Chat format: peg-gemma4
srv        update:  - cache state: 0 prompts, 0.000 MiB (limits: 8192.000 MiB, 262144 tokens, 8589934592 est)
srv  get_availabl: prompt cache update took 1182.28 ms
slot launch_slot_: id  3 | task -1 | sampler chain: logits -> ?penalties -> ?dry -> ?top-n-sigma -> top-k -> ?typical -> top-p -> min-p -> ?xtc -> ?temp-ext -> dist 
slot launch_slot_: id  3 | task 86 | processing task, is_child = 0
slot get_availabl: id  2 | task -1 | selected slot by LRU, t_last = 15127873380
srv  get_availabl: updating prompt cache
srv          load:  - looking for better prompt, base f_keep = -1.000, sim = 0.000
srv        update:  - cache state: 0 prompts, 0.000 MiB (limits: 8192.000 MiB, 262144 tokens, 8589934592 est)
srv  get_availabl: prompt cache update took 0.00 ms
slot launch_slot_: id  2 | task -1 | sampler chain: logits -> ?penalties -> ?dry -> ?top-n-sigma -> top-k -> ?typical -> top-p -> min-p -> ?xtc -> ?temp-ext -> dist 
slot launch_slot_: id  2 | task 88 | processing task, is_child = 0
slot get_availabl: id  1 | task -1 | selected slot by LRU, t_last = 15127873394
srv  get_availabl: updating prompt cache
srv          load:  - looking for better prompt, base f_keep = -1.000, sim = 0.000
srv        update:  - cache state: 0 prompts, 0.000 MiB (limits: 8192.000 MiB, 262144 tokens, 8589934592 est)
srv  get_availabl: prompt cache update took 0.00 ms
slot launch_slot_: id  1 | task -1 | sampler chain: logits -> ?penalties -> ?dry -> ?top-n-sigma -> top-k -> ?typical -> top-p -> min-p -> ?xtc -> ?temp-ext -> dist 
slot launch_slot_: id  1 | task 90 | processing task, is_child = 0
slot update_slots: id  0 | task 84 | new prompt, n_ctx_slot = 262144, n_keep = 0, task.n_tokens = 617
slot update_slots: id  0 | task 84 | n_tokens = 319, memory_seq_rm [319, end)
srv  process_chun: processing image...
encoding image slice...
srv          stop: cancel task, id_task = 84
srv  log_server_r: done request: POST /v1/chat/completions 127.0.0.1 200
srv          stop: cancel task, id_task = 86
srv  log_server_r: done request: POST /v1/chat/completions 127.0.0.1 200
srv  params_from_: Chat format: peg-gemma4
srv  params_from_: Chat format: peg-gemma4
srv          stop: cancel task, id_task = 88
srv  log_server_r: done request: POST /v1/chat/completions 127.0.0.1 200
srv  params_from_: Chat format: peg-gemma4
srv          stop: cancel task, id_task = 90
srv  log_server_r: done request: POST /v1/chat/completions 127.0.0.1 200
srv  params_from_: Chat format: peg-gemma4
image slice encoded in 34687 ms
decoding image batch 1/1, n_tokens_batch = 266
sched_reserve: reserving ...
sched_reserve:      CUDA0 compute buffer size =   866.52 MiB
sched_reserve:  CUDA_Host compute buffer size =   542.02 MiB
sched_reserve: graph nodes  = 2462
sched_reserve: graph splits = 2
sched_reserve: reserve took 210.86 ms, sched copies = 1
image decoded (batch 1/1) in 901 ms
srv  process_chun: image processed in 35588 ms
slot update_slots: id  0 | task 84 | prompt processing progress, n_tokens = 613, batch.n_tokens = 28, progress = 0.993517
slot update_slots: id  1 | task 90 | new prompt, n_ctx_slot = 262144, n_keep = 0, task.n_tokens = 638
slot update_slots: id  1 | task 90 | erased invalidated context checkpoint (pos_min = 0, pos_max = 121, n_tokens = 122, n_swa = 1024, pos_next = 0, size = 95.315 MiB)
slot update_slots: id  1 | task 90 | n_tokens = 0, memory_seq_rm [0, end)
slot update_slots: id  1 | task 90 | prompt processing progress, n_tokens = 122, batch.n_tokens = 150, progress = 0.191223
slot update_slots: id  2 | task 88 | new prompt, n_ctx_slot = 262144, n_keep = 0, task.n_tokens = 638
slot update_slots: id  2 | task 88 | erased invalidated context checkpoint (pos_min = 0, pos_max = 94, n_tokens = 95, n_swa = 1024, pos_next = 0, size = 74.221 MiB)
slot update_slots: id  2 | task 88 | n_tokens = 0, memory_seq_rm [0, end)
slot update_slots: id  2 | task 88 | prompt processing progress, n_tokens = 122, batch.n_tokens = 272, progress = 0.191223
slot update_slots: id  3 | task 86 | new prompt, n_ctx_slot = 262144, n_keep = 0, task.n_tokens = 638
slot update_slots: id  3 | task 86 | n_past = 319, slot.prompt.tokens.size() = 607, seq_id = 3, pos_min = 0, n_swa = 1024
slot update_slots: id  3 | task 86 | Checking checkpoint with [0, 121] against 0...
slot update_slots: id  3 | task 86 | restored context checkpoint (pos_min = 0, pos_max = 121, n_tokens = 122, n_past = 121, size = 95.315 MiB)
slot update_slots: id  3 | task 86 | n_tokens = 121, memory_seq_rm [121, end)
slot update_slots: id  3 | task 86 | prompt processing progress, n_tokens = 122, batch.n_tokens = 273, progress = 0.191223
sched_reserve: reserving ...
sched_reserve:      CUDA0 compute buffer size =   866.52 MiB
sched_reserve:  CUDA_Host compute buffer size =   542.02 MiB
sched_reserve: graph nodes  = 2462
sched_reserve: graph splits = 2
sched_reserve: reserve took 95.48 ms, sched copies = 1
slot      release: id  1 | task 90 | stop processing: n_tokens = 122, truncated = 0
slot      release: id  2 | task 88 | stop processing: n_tokens = 122, truncated = 0
slot      release: id  3 | task 86 | stop processing: n_tokens = 122, truncated = 0
slot      release: id  0 | task 84 | stop processing: n_tokens = 613, truncated = 0
slot get_availabl: id  0 | task -1 | selected slot by LCP similarity, sim_best = 0.994 (> 0.100 thold), f_keep = 1.000
slot launch_slot_: id  0 | task -1 | sampler chain: logits -> ?penalties -> ?dry -> ?top-n-sigma -> top-k -> ?typical -> top-p -> min-p -> ?xtc -> ?temp-ext -> dist 
slot launch_slot_: id  0 | task 94 | processing task, is_child = 0
slot slot_save_an: id  1 | task -1 | saving idle slot to prompt cache
srv   prompt_save:  - saving prompt with length 122, total state size = 104.848 MiB
slot prompt_clear: id  1 | task -1 | clearing prompt with 122 tokens
srv        update:  - cache state: 1 prompts, 104.848 MiB (limits: 8192.000 MiB, 262144 tokens, 262144 est)
srv        update:    - prompt 0xaaaaede3d240:     122 tokens, checkpoints:  0,   104.848 MiB
slot slot_save_an: id  2 | task -1 | saving idle slot to prompt cache
srv   prompt_save:  - saving prompt with length 122, total state size = 104.848 MiB
srv         alloc:  - prompt is already in the cache, skipping
slot prompt_clear: id  2 | task -1 | clearing prompt with 122 tokens
srv        update:  - cache state: 1 prompts, 104.848 MiB (limits: 8192.000 MiB, 262144 tokens, 262144 est)
srv        update:    - prompt 0xaaaaede3d240:     122 tokens, checkpoints:  0,   104.848 MiB
slot slot_save_an: id  3 | task -1 | saving idle slot to prompt cache
srv   prompt_save:  - saving prompt with length 122, total state size = 104.848 MiB
srv         alloc:  - prompt is already in the cache, skipping
slot prompt_clear: id  3 | task -1 | clearing prompt with 122 tokens
srv        update:  - cache state: 1 prompts, 104.848 MiB (limits: 8192.000 MiB, 262144 tokens, 262144 est)
srv        update:    - prompt 0xaaaaede3d240:     122 tokens, checkpoints:  0,   104.848 MiB
slot get_availabl: id  1 | task -1 | selected slot by LRU, t_last = 15166666709
srv  get_availabl: updating prompt cache
srv          load:  - looking for better prompt, base f_keep = -1.000, sim = 0.000
srv          load:  - found better prompt with f_keep = 1.000, sim = 0.191
srv        update:  - cache state: 0 prompts, 0.000 MiB (limits: 8192.000 MiB, 262144 tokens, 8589934592 est)
srv  get_availabl: prompt cache update took 231.43 ms
slot launch_slot_: id  1 | task -1 | sampler chain: logits -> ?penalties -> ?dry -> ?top-n-sigma -> top-k -> ?typical -> top-p -> min-p -> ?xtc -> ?temp-ext -> dist 
slot launch_slot_: id  1 | task 95 | processing task, is_child = 0
slot get_availabl: id  2 | task -1 | selected slot by LRU, t_last = 15166666734
srv  get_availabl: updating prompt cache
srv          load:  - looking for better prompt, base f_keep = -1.000, sim = 0.000
srv        update:  - cache state: 0 prompts, 0.000 MiB (limits: 8192.000 MiB, 262144 tokens, 8589934592 est)
srv  get_availabl: prompt cache update took 0.00 ms
slot launch_slot_: id  2 | task -1 | sampler chain: logits -> ?penalties -> ?dry -> ?top-n-sigma -> top-k -> ?typical -> top-p -> min-p -> ?xtc -> ?temp-ext -> dist 
slot launch_slot_: id  2 | task 97 | processing task, is_child = 0
slot get_availabl: id  3 | task -1 | selected slot by LRU, t_last = 15166666750
srv  get_availabl: updating prompt cache
srv          load:  - looking for better prompt, base f_keep = -1.000, sim = 0.000
srv        update:  - cache state: 0 prompts, 0.000 MiB (limits: 8192.000 MiB, 262144 tokens, 8589934592 est)
srv  get_availabl: prompt cache update took 0.00 ms
slot launch_slot_: id  3 | task -1 | sampler chain: logits -> ?penalties -> ?dry -> ?top-n-sigma -> top-k -> ?typical -> top-p -> min-p -> ?xtc -> ?temp-ext -> dist 
slot launch_slot_: id  3 | task 99 | processing task, is_child = 0
slot update_slots: id  0 | task 94 | new prompt, n_ctx_slot = 262144, n_keep = 0, task.n_tokens = 617
slot update_slots: id  0 | task 94 | n_tokens = 613, memory_seq_rm [613, end)
slot init_sampler: id  0 | task 94 | init sampler, took 0.09 ms, tokens: text = 351, total = 617
slot update_slots: id  0 | task 94 | prompt processing done, n_tokens = 617, batch.n_tokens = 4
slot create_check: id  0 | task 94 | created context checkpoint 2 of 32 (pos_min = 0, pos_max = 612, n_tokens = 613, size = 478.914 MiB)
slot update_slots: id  1 | task 95 | new prompt, n_ctx_slot = 262144, n_keep = 0, task.n_tokens = 638
slot update_slots: id  1 | task 95 | n_tokens = 122, memory_seq_rm [122, end)
slot update_slots: id  1 | task 95 | prompt processing progress, n_tokens = 319, batch.n_tokens = 201, progress = 0.500000
slot create_check: id  1 | task 95 | created context checkpoint 1 of 32 (pos_min = 0, pos_max = 121, n_tokens = 122, size = 95.315 MiB)
slot update_slots: id  2 | task 97 | new prompt, n_ctx_slot = 262144, n_keep = 0, task.n_tokens = 638
slot update_slots: id  2 | task 97 | n_tokens = 0, memory_seq_rm [0, end)
slot update_slots: id  2 | task 97 | prompt processing progress, n_tokens = 122, batch.n_tokens = 323, progress = 0.191223
slot update_slots: id  3 | task 99 | new prompt, n_ctx_slot = 262144, n_keep = 0, task.n_tokens = 638
slot update_slots: id  3 | task 99 | erased invalidated context checkpoint (pos_min = 0, pos_max = 121, n_tokens = 122, n_swa = 1024, pos_next = 0, size = 95.315 MiB)
slot update_slots: id  3 | task 99 | n_tokens = 0, memory_seq_rm [0, end)
slot update_slots: id  3 | task 99 | prompt processing progress, n_tokens = 122, batch.n_tokens = 445, progress = 0.191223
slot update_slots: id  1 | task 95 | n_tokens = 319, memory_seq_rm [319, end)
srv  process_chun: processing image...
encoding image slice...
srv          stop: cancel task, id_task = 94
srv  log_server_r: done request: POST /v1/chat/completions 127.0.0.1 200
srv          stop: cancel task, id_task = 95
srv  log_server_r: done request: POST /v1/chat/completions 127.0.0.1 200
srv  params_from_: Chat format: peg-gemma4
srv  params_from_: Chat format: peg-gemma4
srv          stop: cancel task, id_task = 97
srv  log_server_r: done request: POST /v1/chat/completions 127.0.0.1 200
srv  params_from_: Chat format: peg-gemma4
srv          stop: cancel task, id_task = 99
srv  log_server_r: done request: POST /v1/chat/completions 127.0.0.1 200
srv  params_from_: Chat format: peg-gemma4
image slice encoded in 34335 ms
decoding image batch 1/1, n_tokens_batch = 266
sched_reserve: reserving ...
sched_reserve:      CUDA0 compute buffer size =   866.52 MiB
sched_reserve:  CUDA_Host compute buffer size =   542.02 MiB
sched_reserve: graph nodes  = 2462
sched_reserve: graph splits = 2
sched_reserve: reserve took 125.22 ms, sched copies = 1
image decoded (batch 1/1) in 837 ms
srv  process_chun: image processed in 35172 ms
slot update_slots: id  1 | task 95 | prompt processing progress, n_tokens = 634, batch.n_tokens = 50, progress = 0.993730
slot update_slots: id  2 | task 97 | n_tokens = 122, memory_seq_rm [122, end)
slot update_slots: id  2 | task 97 | prompt processing progress, n_tokens = 319, batch.n_tokens = 247, progress = 0.500000
slot create_check: id  2 | task 97 | created context checkpoint 1 of 32 (pos_min = 0, pos_max = 121, n_tokens = 122, size = 95.315 MiB)
slot update_slots: id  3 | task 99 | n_tokens = 122, memory_seq_rm [122, end)
slot update_slots: id  3 | task 99 | prompt processing progress, n_tokens = 319, batch.n_tokens = 444, progress = 0.500000
slot create_check: id  3 | task 99 | created context checkpoint 1 of 32 (pos_min = 0, pos_max = 121, n_tokens = 122, size = 95.315 MiB)
sched_reserve: reserving ...
sched_reserve:      CUDA0 compute buffer size =   866.52 MiB
sched_reserve:  CUDA_Host compute buffer size =   542.02 MiB
sched_reserve: graph nodes  = 2462
sched_reserve: graph splits = 2
sched_reserve: reserve took 88.49 ms, sched copies = 1
srv  params_from_: Chat format: peg-gemma4
srv          stop: cancel task, id_task = 104
srv  log_server_r: done request: POST /v1/chat/completions 127.0.0.1 200
srv          stop: cancel task, id_task = 105
srv  log_server_r: done request: POST /v1/chat/completions 127.0.0.1 200
srv  params_from_: Chat format: peg-gemma4
slot      release: id  3 | task 99 | stop processing: n_tokens = 319, truncated = 0
slot      release: id  2 | task 97 | stop processing: n_tokens = 319, truncated = 0
slot      release: id  1 | task 95 | stop processing: n_tokens = 634, truncated = 0
slot      release: id  0 | task 94 | stop processing: n_tokens = 618, truncated = 0
slot get_availabl: id  0 | task -1 | selected slot by LCP similarity, sim_best = 0.500 (> 0.100 thold), f_keep = 0.516
slot launch_slot_: id  0 | task -1 | sampler chain: logits -> ?penalties -> ?dry -> ?top-n-sigma -> top-k -> ?typical -> top-p -> min-p -> ?xtc -> ?temp-ext -> dist 
slot launch_slot_: id  0 | task 107 | processing task, is_child = 0
slot slot_save_an: id  1 | task -1 | saving idle slot to prompt cache
srv   prompt_save:  - saving prompt with length 634, total state size = 544.860 MiB
slot prompt_clear: id  1 | task -1 | clearing prompt with 634 tokens
srv        update:  - cache state: 1 prompts, 640.175 MiB (limits: 8192.000 MiB, 262144 tokens, 262144 est)
srv        update:    - prompt 0xaaaaee6ace60:     634 tokens, checkpoints:  1,   640.175 MiB
slot slot_save_an: id  2 | task -1 | saving idle slot to prompt cache
srv   prompt_save:  - saving prompt with length 319, total state size = 274.149 MiB
srv         alloc:  - prompt is already in the cache, skipping
slot prompt_clear: id  2 | task -1 | clearing prompt with 319 tokens
srv        update:  - cache state: 1 prompts, 640.175 MiB (limits: 8192.000 MiB, 262144 tokens, 262144 est)
srv        update:    - prompt 0xaaaaee6ace60:     634 tokens, checkpoints:  1,   640.175 MiB
slot slot_save_an: id  3 | task -1 | saving idle slot to prompt cache
srv   prompt_save:  - saving prompt with length 319, total state size = 274.149 MiB
srv         alloc:  - prompt is already in the cache, skipping
slot prompt_clear: id  3 | task -1 | clearing prompt with 319 tokens
srv        update:  - cache state: 1 prompts, 640.175 MiB (limits: 8192.000 MiB, 262144 tokens, 262144 est)
srv        update:    - prompt 0xaaaaee6ace60:     634 tokens, checkpoints:  1,   640.175 MiB
slot get_availabl: id  3 | task -1 | selected slot by LRU, t_last = 15208002558
srv  get_availabl: updating prompt cache
srv          load:  - looking for better prompt, base f_keep = -1.000, sim = 0.000
srv          load:  - found better prompt with f_keep = 0.503, sim = 0.517
srv        update:  - cache state: 0 prompts, 0.000 MiB (limits: 8192.000 MiB, 262144 tokens, 8589934592 est)
srv  get_availabl: prompt cache update took 1238.91 ms
slot launch_slot_: id  3 | task -1 | sampler chain: logits -> ?penalties -> ?dry -> ?top-n-sigma -> top-k -> ?typical -> top-p -> min-p -> ?xtc -> ?temp-ext -> dist 
slot launch_slot_: id  3 | task 109 | processing task, is_child = 0
slot get_availabl: id  2 | task -1 | selected slot by LRU, t_last = 15208002584
srv  get_availabl: updating prompt cache
srv          load:  - looking for better prompt, base f_keep = -1.000, sim = 0.000
srv        update:  - cache state: 0 prompts, 0.000 MiB (limits: 8192.000 MiB, 262144 tokens, 8589934592 est)
srv  get_availabl: prompt cache update took 0.01 ms
slot launch_slot_: id  2 | task -1 | sampler chain: logits -> ?penalties -> ?dry -> ?top-n-sigma -> top-k -> ?typical -> top-p -> min-p -> ?xtc -> ?temp-ext -> dist 
slot launch_slot_: id  2 | task 110 | processing task, is_child = 0
slot get_availabl: id  1 | task -1 | selected slot by LRU, t_last = 15208002598
srv  get_availabl: updating prompt cache
srv          load:  - looking for better prompt, base f_keep = -1.000, sim = 0.000
srv        update:  - cache state: 0 prompts, 0.000 MiB (limits: 8192.000 MiB, 262144 tokens, 8589934592 est)
srv  get_availabl: prompt cache update took 0.00 ms
slot launch_slot_: id  1 | task -1 | sampler chain: logits -> ?penalties -> ?dry -> ?top-n-sigma -> top-k -> ?typical -> top-p -> min-p -> ?xtc -> ?temp-ext -> dist 
slot launch_slot_: id  1 | task 113 | processing task, is_child = 0
slot update_slots: id  0 | task 107 | new prompt, n_ctx_slot = 262144, n_keep = 0, task.n_tokens = 638
slot update_slots: id  0 | task 107 | n_past = 319, slot.prompt.tokens.size() = 618, seq_id = 0, pos_min = 0, n_swa = 1024
slot update_slots: id  0 | task 107 | Checking checkpoint with [0, 612] against 0...
slot update_slots: id  0 | task 107 | restored context checkpoint (pos_min = 0, pos_max = 612, n_tokens = 613, n_past = 319, size = 478.914 MiB)
slot update_slots: id  0 | task 107 | erased invalidated context checkpoint (pos_min = 0, pos_max = 612, n_tokens = 613, n_swa = 1024, pos_next = 319, size = 478.914 MiB)
slot update_slots: id  0 | task 107 | n_tokens = 319, memory_seq_rm [319, end)
srv  process_chun: processing image...
encoding image slice...
srv          stop: cancel task, id_task = 107
srv  log_server_r: done request: POST /v1/chat/completions 127.0.0.1 200
srv  params_from_: Chat format: peg-gemma4
srv          stop: cancel task, id_task = 109
srv  log_server_r: done request: POST /v1/chat/completions 127.0.0.1 200
srv  params_from_: Chat format: peg-gemma4
srv          stop: cancel task, id_task = 110
srv  log_server_r: done request: POST /v1/chat/completions 127.0.0.1 200
srv          stop: cancel task, id_task = 113
srv  log_server_r: done request: POST /v1/chat/completions 127.0.0.1 200
srv  params_from_: Chat format: peg-gemma4
srv  params_from_: Chat format: peg-gemma4
image slice encoded in 34905 ms
decoding image batch 1/1, n_tokens_batch = 266
sched_reserve: reserving ...
sched_reserve:      CUDA0 compute buffer size =   866.52 MiB
sched_reserve:  CUDA_Host compute buffer size =   542.02 MiB
sched_reserve: graph nodes  = 2462
sched_reserve: graph splits = 2
sched_reserve: reserve took 248.56 ms, sched copies = 1
image decoded (batch 1/1) in 944 ms
srv  process_chun: image processed in 35849 ms
slot update_slots: id  0 | task 107 | prompt processing progress, n_tokens = 634, batch.n_tokens = 49, progress = 0.993730
slot update_slots: id  1 | task 113 | new prompt, n_ctx_slot = 262144, n_keep = 0, task.n_tokens = 638
slot update_slots: id  1 | task 113 | erased invalidated context checkpoint (pos_min = 0, pos_max = 121, n_tokens = 122, n_swa = 1024, pos_next = 0, size = 95.315 MiB)
slot update_slots: id  1 | task 113 | n_tokens = 0, memory_seq_rm [0, end)
slot update_slots: id  1 | task 113 | prompt processing progress, n_tokens = 122, batch.n_tokens = 171, progress = 0.191223
slot update_slots: id  2 | task 110 | new prompt, n_ctx_slot = 262144, n_keep = 0, task.n_tokens = 611
slot update_slots: id  2 | task 110 | erased invalidated context checkpoint (pos_min = 0, pos_max = 121, n_tokens = 122, n_swa = 1024, pos_next = 0, size = 95.315 MiB)
slot update_slots: id  2 | task 110 | n_tokens = 0, memory_seq_rm [0, end)
slot update_slots: id  2 | task 110 | prompt processing progress, n_tokens = 95, batch.n_tokens = 266, progress = 0.155483
slot update_slots: id  3 | task 109 | new prompt, n_ctx_slot = 262144, n_keep = 0, task.n_tokens = 617
slot update_slots: id  3 | task 109 | n_past = 319, slot.prompt.tokens.size() = 634, seq_id = 3, pos_min = 0, n_swa = 1024
slot update_slots: id  3 | task 109 | Checking checkpoint with [0, 121] against 0...
srv  params_from_: Chat format: peg-gemma4
srv          stop: cancel task, id_task = 116
srv  log_server_r: done request: POST /v1/chat/completions 127.0.0.1 200
slot update_slots: id  3 | task 109 | restored context checkpoint (pos_min = 0, pos_max = 121, n_tokens = 122, n_past = 121, size = 95.315 MiB)
slot update_slots: id  3 | task 109 | n_tokens = 121, memory_seq_rm [121, end)
slot update_slots: id  3 | task 109 | prompt processing progress, n_tokens = 319, batch.n_tokens = 464, progress = 0.517018
sched_reserve: reserving ...
sched_reserve:      CUDA0 compute buffer size =   866.52 MiB
sched_reserve:  CUDA_Host compute buffer size =   542.02 MiB
sched_reserve: graph nodes  = 2462
sched_reserve: graph splits = 2
sched_reserve: reserve took 94.40 ms, sched copies = 1
slot      release: id  1 | task 113 | stop processing: n_tokens = 122, truncated = 0
slot      release: id  2 | task 110 | stop processing: n_tokens = 95, truncated = 0
slot      release: id  3 | task 109 | stop processing: n_tokens = 319, truncated = 0
slot      release: id  0 | task 107 | stop processing: n_tokens = 634, truncated = 0
slot get_availabl: id  0 | task -1 | selected slot by LCP similarity, sim_best = 0.517 (> 0.100 thold), f_keep = 0.503
slot launch_slot_: id  0 | task -1 | sampler chain: logits -> ?penalties -> ?dry -> ?top-n-sigma -> top-k -> ?typical -> top-p -> min-p -> ?xtc -> ?temp-ext -> dist 
slot launch_slot_: id  0 | task 118 | processing task, is_child = 0
slot slot_save_an: id  1 | task -1 | saving idle slot to prompt cache
srv   prompt_save:  - saving prompt with length 122, total state size = 104.848 MiB
slot prompt_clear: id  1 | task -1 | clearing prompt with 122 tokens
srv        update:  - cache state: 1 prompts, 104.848 MiB (limits: 8192.000 MiB, 262144 tokens, 262144 est)
srv        update:    - prompt 0xaaaaee148040:     122 tokens, checkpoints:  0,   104.848 MiB
slot slot_save_an: id  2 | task -1 | saving idle slot to prompt cache
srv   prompt_save:  - saving prompt with length 95, total state size = 81.644 MiB
srv         alloc:  - prompt is already in the cache, skipping
slot prompt_clear: id  2 | task -1 | clearing prompt with 95 tokens
srv        update:  - cache state: 1 prompts, 104.848 MiB (limits: 8192.000 MiB, 262144 tokens, 262144 est)
srv        update:    - prompt 0xaaaaee148040:     122 tokens, checkpoints:  0,   104.848 MiB
slot slot_save_an: id  3 | task -1 | saving idle slot to prompt cache
srv   prompt_save:  - saving prompt with length 319, total state size = 274.149 MiB
srv         alloc:  - removing obsolete cached prompt with length 122
slot prompt_clear: id  3 | task -1 | clearing prompt with 319 tokens
srv        update:  - cache state: 1 prompts, 369.464 MiB (limits: 8192.000 MiB, 262144 tokens, 262144 est)
srv        update:    - prompt 0xaaaaee148040:     319 tokens, checkpoints:  1,   369.464 MiB
slot get_availabl: id  1 | task -1 | selected slot by LRU, t_last = 15248459880
srv  get_availabl: updating prompt cache
srv          load:  - looking for better prompt, base f_keep = -1.000, sim = 0.000
srv          load:  - found better prompt with f_keep = 1.000, sim = 0.522
srv          stop: cancel task, id_task = 118
srv  log_server_r: done request: POST /v1/chat/completions 127.0.0.1 200
srv        update:  - cache state: 0 prompts, 0.000 MiB (limits: 8192.000 MiB, 262144 tokens, 8589934592 est)
srv  get_availabl: prompt cache update took 602.09 ms
slot launch_slot_: id  1 | task -1 | sampler chain: logits -> ?penalties -> ?dry -> ?top-n-sigma -> top-k -> ?typical -> top-p -> min-p -> ?xtc -> ?temp-ext -> dist 
slot launch_slot_: id  1 | task 121 | processing task, is_child = 0
slot      release: id  0 | task 118 | stop processing: n_tokens = 634, truncated = 0
slot get_availabl: id  0 | task -1 | selected slot by LCP similarity, sim_best = 0.500 (> 0.100 thold), f_keep = 0.503
slot launch_slot_: id  0 | task -1 | sampler chain: logits -> ?penalties -> ?dry -> ?top-n-sigma -> top-k -> ?typical -> top-p -> min-p -> ?xtc -> ?temp-ext -> dist 
slot launch_slot_: id  0 | task 122 | processing task, is_child = 0
slot get_availabl: id  2 | task -1 | selected slot by LRU, t_last = 15248460016
srv  get_availabl: updating prompt cache
srv          load:  - looking for better prompt, base f_keep = -1.000, sim = 0.000
srv        update:  - cache state: 0 prompts, 0.000 MiB (limits: 8192.000 MiB, 262144 tokens, 8589934592 est)
srv  get_availabl: prompt cache update took 0.10 ms
slot launch_slot_: id  2 | task -1 | sampler chain: logits -> ?penalties -> ?dry -> ?top-n-sigma -> top-k -> ?typical -> top-p -> min-p -> ?xtc -> ?temp-ext -> dist 
slot launch_slot_: id  2 | task 123 | processing task, is_child = 0
slot update_slots: id  0 | task 122 | new prompt, n_ctx_slot = 262144, n_keep = 0, task.n_tokens = 638
slot update_slots: id  0 | task 122 | n_past = 319, slot.prompt.tokens.size() = 634, seq_id = 0, pos_min = 0, n_swa = 1024
slot update_slots: id  0 | task 122 | Checking checkpoint with [0, 121] against 0...
slot update_slots: id  0 | task 122 | restored context checkpoint (pos_min = 0, pos_max = 121, n_tokens = 122, n_past = 121, size = 95.315 MiB)
slot update_slots: id  0 | task 122 | n_tokens = 121, memory_seq_rm [121, end)
slot update_slots: id  0 | task 122 | prompt processing progress, n_tokens = 122, batch.n_tokens = 1, progress = 0.191223
slot update_slots: id  1 | task 121 | new prompt, n_ctx_slot = 262144, n_keep = 0, task.n_tokens = 611
slot update_slots: id  1 | task 121 | n_tokens = 319, memory_seq_rm [319, end)
srv  process_chun: processing image...
encoding image slice...
srv  params_from_: Chat format: peg-gemma4
srv          stop: cancel task, id_task = 121
srv  log_server_r: done request: POST /v1/chat/completions 127.0.0.1 200
srv          stop: cancel task, id_task = 122
srv  log_server_r: done request: POST /v1/chat/completions 127.0.0.1 200
srv  params_from_: Chat format: peg-gemma4
srv  params_from_: Chat format: peg-gemma4
srv          stop: cancel task, id_task = 123
srv  log_server_r: done request: POST /v1/chat/completions 127.0.0.1 200
srv  params_from_: Chat format: peg-gemma4
srv  params_from_: Chat format: peg-gemma4
srv          stop: cancel task, id_task = 127
srv  log_server_r: done request: POST /v1/chat/completions 127.0.0.1 200
image slice encoded in 33633 ms
decoding image batch 1/1, n_tokens_batch = 266
sched_reserve: reserving ...
sched_reserve:      CUDA0 compute buffer size =   866.52 MiB
sched_reserve:  CUDA_Host compute buffer size =   542.02 MiB
sched_reserve: graph nodes  = 2462
sched_reserve: graph splits = 2
sched_reserve: reserve took 223.04 ms, sched copies = 1
image decoded (batch 1/1) in 912 ms
srv  process_chun: image processed in 34545 ms
slot update_slots: id  1 | task 121 | prompt processing progress, n_tokens = 607, batch.n_tokens = 23, progress = 0.993453
slot update_slots: id  2 | task 123 | new prompt, n_ctx_slot = 262144, n_keep = 0, task.n_tokens = 638
slot update_slots: id  2 | task 123 | n_tokens = 0, memory_seq_rm [0, end)
slot update_slots: id  2 | task 123 | prompt processing progress, n_tokens = 122, batch.n_tokens = 145, progress = 0.191223
sched_reserve: reserving ...
sched_reserve:      CUDA0 compute buffer size =   866.52 MiB
sched_reserve:  CUDA_Host compute buffer size =   542.02 MiB
sched_reserve: graph nodes  = 2462
sched_reserve: graph splits = 2
sched_reserve: reserve took 116.24 ms, sched copies = 1
slot      release: id  2 | task 123 | stop processing: n_tokens = 122, truncated = 0
slot      release: id  0 | task 122 | stop processing: n_tokens = 122, truncated = 0
slot      release: id  1 | task 121 | stop processing: n_tokens = 607, truncated = 0
slot get_availabl: id  1 | task -1 | selected slot by LCP similarity, sim_best = 0.993 (> 0.100 thold), f_keep = 1.000
slot launch_slot_: id  1 | task -1 | sampler chain: logits -> ?penalties -> ?dry -> ?top-n-sigma -> top-k -> ?typical -> top-p -> min-p -> ?xtc -> ?temp-ext -> dist 
slot launch_slot_: id  1 | task 130 | processing task, is_child = 0
slot slot_save_an: id  0 | task -1 | saving idle slot to prompt cache
srv   prompt_save:  - saving prompt with length 122, total state size = 104.848 MiB
slot prompt_clear: id  0 | task -1 | clearing prompt with 122 tokens
srv        update:  - cache state: 1 prompts, 200.163 MiB (limits: 8192.000 MiB, 262144 tokens, 262144 est)
srv        update:    - prompt 0xaaaaee1ce770:     122 tokens, checkpoints:  1,   200.163 MiB
slot slot_save_an: id  2 | task -1 | saving idle slot to prompt cache
srv   prompt_save:  - saving prompt with length 122, total state size = 104.848 MiB
srv         alloc:  - prompt is already in the cache, skipping
slot prompt_clear: id  2 | task -1 | clearing prompt with 122 tokens
srv        update:  - cache state: 1 prompts, 200.163 MiB (limits: 8192.000 MiB, 262144 tokens, 262144 est)
srv        update:    - prompt 0xaaaaee1ce770:     122 tokens, checkpoints:  1,   200.163 MiB
slot get_availabl: id  3 | task -1 | selected slot by LRU, t_last = 15248460111
srv  get_availabl: updating prompt cache
srv          load:  - looking for better prompt, base f_keep = -1.000, sim = 0.000
srv          load:  - found better prompt with f_keep = 1.000, sim = 0.191
srv        update:  - cache state: 0 prompts, 0.000 MiB (limits: 8192.000 MiB, 262144 tokens, 8589934592 est)
srv  get_availabl: prompt cache update took 237.35 ms
slot launch_slot_: id  3 | task -1 | sampler chain: logits -> ?penalties -> ?dry -> ?top-n-sigma -> top-k -> ?typical -> top-p -> min-p -> ?xtc -> ?temp-ext -> dist 
slot launch_slot_: id  3 | task 131 | processing task, is_child = 0
slot get_availabl: id  2 | task -1 | selected slot by LRU, t_last = 15286291946
srv  get_availabl: updating prompt cache
srv          load:  - looking for better prompt, base f_keep = -1.000, sim = 0.000
srv        update:  - cache state: 0 prompts, 0.000 MiB (limits: 8192.000 MiB, 262144 tokens, 8589934592 est)
srv  get_availabl: prompt cache update took 0.00 ms
slot launch_slot_: id  2 | task -1 | sampler chain: logits -> ?penalties -> ?dry -> ?top-n-sigma -> top-k -> ?typical -> top-p -> min-p -> ?xtc -> ?temp-ext -> dist 
slot launch_slot_: id  2 | task 133 | processing task, is_child = 0
slot get_availabl: id  0 | task -1 | selected slot by LRU, t_last = 15286291972
srv  get_availabl: updating prompt cache
srv          load:  - looking for better prompt, base f_keep = -1.000, sim = 0.000
srv        update:  - cache state: 0 prompts, 0.000 MiB (limits: 8192.000 MiB, 262144 tokens, 8589934592 est)
srv  get_availabl: prompt cache update took 0.00 ms
slot launch_slot_: id  0 | task -1 | sampler chain: logits -> ?penalties -> ?dry -> ?top-n-sigma -> top-k -> ?typical -> top-p -> min-p -> ?xtc -> ?temp-ext -> dist 
slot launch_slot_: id  0 | task 134 | processing task, is_child = 0
slot update_slots: id  0 | task 134 | new prompt, n_ctx_slot = 262144, n_keep = 0, task.n_tokens = 611
slot update_slots: id  0 | task 134 | erased invalidated context checkpoint (pos_min = 0, pos_max = 121, n_tokens = 122, n_swa = 1024, pos_next = 0, size = 95.315 MiB)
slot update_slots: id  0 | task 134 | n_tokens = 0, memory_seq_rm [0, end)
slot update_slots: id  0 | task 134 | prompt processing progress, n_tokens = 95, batch.n_tokens = 95, progress = 0.155483
slot update_slots: id  1 | task 130 | new prompt, n_ctx_slot = 262144, n_keep = 0, task.n_tokens = 611
slot update_slots: id  1 | task 130 | n_tokens = 607, memory_seq_rm [607, end)
slot init_sampler: id  1 | task 130 | init sampler, took 0.07 ms, tokens: text = 345, total = 611
slot update_slots: id  1 | task 130 | prompt processing done, n_tokens = 611, batch.n_tokens = 99
slot create_check: id  1 | task 130 | created context checkpoint 2 of 32 (pos_min = 0, pos_max = 606, n_tokens = 607, size = 474.227 MiB)
slot update_slots: id  2 | task 133 | new prompt, n_ctx_slot = 262144, n_keep = 0, task.n_tokens = 638
slot update_slots: id  2 | task 133 | n_tokens = 0, memory_seq_rm [0, end)
slot update_slots: id  2 | task 133 | prompt processing progress, n_tokens = 122, batch.n_tokens = 221, progress = 0.191223
slot update_slots: id  3 | task 131 | new prompt, n_ctx_slot = 262144, n_keep = 0, task.n_tokens = 638
slot update_slots: id  3 | task 131 | n_tokens = 122, memory_seq_rm [122, end)
slot update_slots: id  3 | task 131 | prompt processing progress, n_tokens = 319, batch.n_tokens = 418, progress = 0.500000
slot update_slots: id  0 | task 134 | n_tokens = 95, memory_seq_rm [95, end)
slot update_slots: id  0 | task 134 | prompt processing progress, n_tokens = 319, batch.n_tokens = 225, progress = 0.522095
slot create_check: id  0 | task 134 | created context checkpoint 1 of 32 (pos_min = 0, pos_max = 94, n_tokens = 95, size = 74.221 MiB)
slot update_slots: id  2 | task 133 | n_tokens = 122, memory_seq_rm [122, end)
slot update_slots: id  2 | task 133 | prompt processing progress, n_tokens = 319, batch.n_tokens = 422, progress = 0.500000
slot create_check: id  2 | task 133 | created context checkpoint 1 of 32 (pos_min = 0, pos_max = 121, n_tokens = 122, size = 95.315 MiB)
slot update_slots: id  3 | task 131 | n_tokens = 319, memory_seq_rm [319, end)
srv  process_chun: processing image...
encoding image slice...
srv  params_from_: Chat format: peg-gemma4
srv          stop: cancel task, id_task = 130
srv  log_server_r: done request: POST /v1/chat/completions 127.0.0.1 200
srv          stop: cancel task, id_task = 131
srv  log_server_r: done request: POST /v1/chat/completions 127.0.0.1 200
srv  params_from_: Chat format: peg-gemma4
srv          stop: cancel task, id_task = 133
srv  log_server_r: done request: POST /v1/chat/completions 127.0.0.1 200
srv  params_from_: Chat format: peg-gemma4
srv          stop: cancel task, id_task = 134
srv  log_server_r: done request: POST /v1/chat/completions 127.0.0.1 200
srv  params_from_: Chat format: peg-gemma4
image slice encoded in 33676 ms
decoding image batch 1/1, n_tokens_batch = 266
sched_reserve: reserving ...
sched_reserve:      CUDA0 compute buffer size =   866.52 MiB
sched_reserve:  CUDA_Host compute buffer size =   542.02 MiB
sched_reserve: graph nodes  = 2462
sched_reserve: graph splits = 2
sched_reserve: reserve took 205.37 ms, sched copies = 1
image decoded (batch 1/1) in 913 ms
srv  process_chun: image processed in 34589 ms
slot update_slots: id  3 | task 131 | prompt processing progress, n_tokens = 634, batch.n_tokens = 471, progress = 0.993730
sched_reserve: reserving ...
sched_reserve:      CUDA0 compute buffer size =   866.52 MiB
sched_reserve:  CUDA_Host compute buffer size =   542.02 MiB
sched_reserve: graph nodes  = 2462
sched_reserve: graph splits = 2
sched_reserve: reserve took 98.61 ms, sched copies = 1
slot      release: id  0 | task 134 | stop processing: n_tokens = 319, truncated = 0
slot      release: id  2 | task 133 | stop processing: n_tokens = 319, truncated = 0
slot      release: id  3 | task 131 | stop processing: n_tokens = 634, truncated = 0
slot      release: id  1 | task 130 | stop processing: n_tokens = 612, truncated = 0
slot get_availabl: id  0 | task -1 | selected slot by LCP similarity, sim_best = 0.500 (> 0.100 thold), f_keep = 1.000
slot launch_slot_: id  0 | task -1 | sampler chain: logits -> ?penalties -> ?dry -> ?top-n-sigma -> top-k -> ?typical -> top-p -> min-p -> ?xtc -> ?temp-ext -> dist 
slot launch_slot_: id  0 | task 138 | processing task, is_child = 0
slot slot_save_an: id  1 | task -1 | saving idle slot to prompt cache
srv   prompt_save:  - saving prompt with length 612, total state size = 525.953 MiB
slot prompt_clear: id  1 | task -1 | clearing prompt with 612 tokens
srv        update:  - cache state: 1 prompts, 1095.495 MiB (limits: 8192.000 MiB, 262144 tokens, 262144 est)
srv        update:    - prompt 0xaaaaee1ce770:     612 tokens, checkpoints:  2,  1095.495 MiB
slot slot_save_an: id  2 | task -1 | saving idle slot to prompt cache
srv   prompt_save:  - saving prompt with length 319, total state size = 274.149 MiB
srv         alloc:  - prompt is already in the cache, skipping
slot prompt_clear: id  2 | task -1 | clearing prompt with 319 tokens
srv        update:  - cache state: 1 prompts, 1095.495 MiB (limits: 8192.000 MiB, 262144 tokens, 262144 est)
srv        update:    - prompt 0xaaaaee1ce770:     612 tokens, checkpoints:  2,  1095.495 MiB
slot slot_save_an: id  3 | task -1 | saving idle slot to prompt cache
srv   prompt_save:  - saving prompt with length 634, total state size = 544.860 MiB
slot prompt_clear: id  3 | task -1 | clearing prompt with 634 tokens
srv        update:  - cache state: 2 prompts, 1735.670 MiB (limits: 8192.000 MiB, 262144 tokens, 262144 est)
srv        update:    - prompt 0xaaaaee1ce770:     612 tokens, checkpoints:  2,  1095.495 MiB
srv        update:    - prompt 0xaaaae7dd0470:     634 tokens, checkpoints:  1,   640.175 MiB
slot get_availabl: id  2 | task -1 | selected slot by LRU, t_last = 15326857441
srv  get_availabl: updating prompt cache
srv          load:  - looking for better prompt, base f_keep = -1.000, sim = 0.000
srv          load:  - found better prompt with f_keep = 0.521, sim = 0.522
srv          stop: cancel task, id_task = 138
srv  log_server_r: done request: POST /v1/chat/completions 127.0.0.1 200
srv        update:  - cache state: 1 prompts, 640.175 MiB (limits: 8192.000 MiB, 262144 tokens, 262144 est)
srv        update:    - prompt 0xaaaae7dd0470:     634 tokens, checkpoints:  1,   640.175 MiB
srv  get_availabl: prompt cache update took 121.06 ms
slot launch_slot_: id  2 | task -1 | sampler chain: logits -> ?penalties -> ?dry -> ?top-n-sigma -> top-k -> ?typical -> top-p -> min-p -> ?xtc -> ?temp-ext -> dist 
slot launch_slot_: id  2 | task 141 | processing task, is_child = 0
slot      release: id  0 | task 138 | stop processing: n_tokens = 319, truncated = 0
slot get_availabl: id  0 | task -1 | selected slot by LCP similarity, sim_best = 0.500 (> 0.100 thold), f_keep = 1.000
slot launch_slot_: id  0 | task -1 | sampler chain: logits -> ?penalties -> ?dry -> ?top-n-sigma -> top-k -> ?typical -> top-p -> min-p -> ?xtc -> ?temp-ext -> dist 
slot launch_slot_: id  0 | task 143 | processing task, is_child = 0
slot get_availabl: id  3 | task -1 | selected slot by LRU, t_last = 15326857458
srv  get_availabl: updating prompt cache
srv          load:  - looking for better prompt, base f_keep = -1.000, sim = 0.000
srv          load:  - found better prompt with f_keep = 0.503, sim = 0.522
srv  params_from_: Chat format: peg-gemma4
srv          stop: cancel task, id_task = 141
srv  log_server_r: done request: POST /v1/chat/completions 127.0.0.1 200
srv  params_from_: Chat format: peg-gemma4
srv        update:  - cache state: 0 prompts, 0.000 MiB (limits: 8192.000 MiB, 262144 tokens, 8589934592 est)
srv  get_availabl: prompt cache update took 1235.18 ms
slot launch_slot_: id  3 | task -1 | sampler chain: logits -> ?penalties -> ?dry -> ?top-n-sigma -> top-k -> ?typical -> top-p -> min-p -> ?xtc -> ?temp-ext -> dist 
slot launch_slot_: id  3 | task 145 | processing task, is_child = 0
slot      release: id  2 | task 141 | stop processing: n_tokens = 612, truncated = 0
slot get_availabl: id  2 | task -1 | selected slot by LCP similarity, sim_best = 0.500 (> 0.100 thold), f_keep = 0.521
slot launch_slot_: id  2 | task -1 | sampler chain: logits -> ?penalties -> ?dry -> ?top-n-sigma -> top-k -> ?typical -> top-p -> min-p -> ?xtc -> ?temp-ext -> dist 
slot launch_slot_: id  2 | task 147 | processing task, is_child = 0
slot get_availabl: id  1 | task -1 | selected slot by LRU, t_last = 15326857474
srv  get_availabl: updating prompt cache
srv          load:  - looking for better prompt, base f_keep = -1.000, sim = 0.000
srv        update:  - cache state: 0 prompts, 0.000 MiB (limits: 8192.000 MiB, 262144 tokens, 8589934592 est)
srv  get_availabl: prompt cache update took 0.00 ms
slot launch_slot_: id  1 | task -1 | sampler chain: logits -> ?penalties -> ?dry -> ?top-n-sigma -> top-k -> ?typical -> top-p -> min-p -> ?xtc -> ?temp-ext -> dist 
slot launch_slot_: id  1 | task 149 | processing task, is_child = 0
slot update_slots: id  0 | task 143 | new prompt, n_ctx_slot = 262144, n_keep = 0, task.n_tokens = 638
slot update_slots: id  0 | task 143 | n_tokens = 319, memory_seq_rm [319, end)
srv  process_chun: processing image...
encoding image slice...
srv          stop: cancel task, id_task = 143
srv  log_server_r: done request: POST /v1/chat/completions 127.0.0.1 200
srv  params_from_: Chat format: peg-gemma4
srv          stop: cancel task, id_task = 145
srv  log_server_r: done request: POST /v1/chat/completions 127.0.0.1 200
srv  params_from_: Chat format: peg-gemma4
srv          stop: cancel task, id_task = 147
srv  log_server_r: done request: POST /v1/chat/completions 127.0.0.1 200
srv          stop: cancel task, id_task = 149
srv  log_server_r: done request: POST /v1/chat/completions 127.0.0.1 200
srv  params_from_: Chat format: peg-gemma4
srv  params_from_: Chat format: peg-gemma4
image slice encoded in 33853 ms
decoding image batch 1/1, n_tokens_batch = 266
sched_reserve: reserving ...
sched_reserve:      CUDA0 compute buffer size =   866.52 MiB
sched_reserve:  CUDA_Host compute buffer size =   542.02 MiB
sched_reserve: graph nodes  = 2462
sched_reserve: graph splits = 2
sched_reserve: reserve took 277.34 ms, sched copies = 1
image decoded (batch 1/1) in 991 ms
srv  process_chun: image processed in 34845 ms
slot update_slots: id  0 | task 143 | prompt processing progress, n_tokens = 634, batch.n_tokens = 49, progress = 0.993730
slot update_slots: id  1 | task 149 | new prompt, n_ctx_slot = 262144, n_keep = 0, task.n_tokens = 611
slot update_slots: id  1 | task 149 | erased invalidated context checkpoint (pos_min = 0, pos_max = 121, n_tokens = 122, n_swa = 1024, pos_next = 0, size = 95.315 MiB)
slot update_slots: id  1 | task 149 | erased invalidated context checkpoint (pos_min = 0, pos_max = 606, n_tokens = 607, n_swa = 1024, pos_next = 0, size = 474.227 MiB)
slot update_slots: id  1 | task 149 | n_tokens = 0, memory_seq_rm [0, end)
slot update_slots: id  1 | task 149 | prompt processing progress, n_tokens = 95, batch.n_tokens = 144, progress = 0.155483
slot update_slots: id  2 | task 147 | new prompt, n_ctx_slot = 262144, n_keep = 0, task.n_tokens = 638
slot update_slots: id  2 | task 147 | n_past = 319, slot.prompt.tokens.size() = 612, seq_id = 2, pos_min = 0, n_swa = 1024
slot update_slots: id  2 | task 147 | Checking checkpoint with [0, 606] against 0...
slot update_slots: id  2 | task 147 | restored context checkpoint (pos_min = 0, pos_max = 606, n_tokens = 607, n_past = 319, size = 474.227 MiB)
slot update_slots: id  2 | task 147 | erased invalidated context checkpoint (pos_min = 0, pos_max = 606, n_tokens = 607, n_swa = 1024, pos_next = 319, size = 474.227 MiB)
slot update_slots: id  2 | task 147 | n_tokens = 319, memory_seq_rm [319, end)
srv  process_chun: processing image...
encoding image slice...
srv          stop: cancel task, id_task = 152
srv  log_server_r: done request: POST /v1/chat/completions 127.0.0.1 200
srv  params_from_: Chat format: peg-gemma4
srv          stop: cancel task, id_task = 154
srv  log_server_r: done request: POST /v1/chat/completions 127.0.0.1 200
srv  params_from_: Chat format: peg-gemma4
srv          stop: cancel task, id_task = 157
srv  log_server_r: done request: POST /v1/chat/completions 127.0.0.1 200
srv  params_from_: Chat format: peg-gemma4
srv          stop: cancel task, id_task = 158
srv  log_server_r: done request: POST /v1/chat/completions 127.0.0.1 200
srv  params_from_: Chat format: peg-gemma4
image slice encoded in 34032 ms
decoding image batch 1/1, n_tokens_batch = 266
sched_reserve: reserving ...
srv          stop: cancel task, id_task = 160
srv  log_server_r: done request: POST /v1/chat/completions 127.0.0.1 200
sched_reserve:      CUDA0 compute buffer size =   866.52 MiB
sched_reserve:  CUDA_Host compute buffer size =   542.02 MiB
sched_reserve: graph nodes  = 2462
sched_reserve: graph splits = 2
sched_reserve: reserve took 240.22 ms, sched copies = 1
image decoded (batch 1/1) in 957 ms
srv  process_chun: image processed in 34989 ms
slot update_slots: id  2 | task 147 | prompt processing progress, n_tokens = 634, batch.n_tokens = 193, progress = 0.993730
slot update_slots: id  3 | task 145 | new prompt, n_ctx_slot = 262144, n_keep = 0, task.n_tokens = 611
slot update_slots: id  3 | task 145 | n_past = 319, slot.prompt.tokens.size() = 634, seq_id = 3, pos_min = 0, n_swa = 1024
slot update_slots: id  3 | task 145 | Checking checkpoint with [0, 121] against 0...
srv  params_from_: Chat format: peg-gemma4
slot update_slots: id  3 | task 145 | restored context checkpoint (pos_min = 0, pos_max = 121, n_tokens = 122, n_past = 121, size = 95.315 MiB)
slot update_slots: id  3 | task 145 | n_tokens = 121, memory_seq_rm [121, end)
slot update_slots: id  3 | task 145 | prompt processing progress, n_tokens = 319, batch.n_tokens = 391, progress = 0.522095
sched_reserve: reserving ...
sched_reserve:      CUDA0 compute buffer size =   866.52 MiB
sched_reserve:  CUDA_Host compute buffer size =   542.02 MiB
sched_reserve: graph nodes  = 2462
sched_reserve: graph splits = 2
sched_reserve: reserve took 111.64 ms, sched copies = 1
slot      release: id  1 | task 149 | stop processing: n_tokens = 95, truncated = 0
slot      release: id  2 | task 147 | stop processing: n_tokens = 634, truncated = 0
slot      release: id  3 | task 145 | stop processing: n_tokens = 319, truncated = 0
slot      release: id  0 | task 143 | stop processing: n_tokens = 634, truncated = 0
slot get_availabl: id  0 | task -1 | selected slot by LCP similarity, sim_best = 0.522 (> 0.100 thold), f_keep = 0.503
slot launch_slot_: id  0 | task -1 | sampler chain: logits -> ?penalties -> ?dry -> ?top-n-sigma -> top-k -> ?typical -> top-p -> min-p -> ?xtc -> ?temp-ext -> dist 
slot launch_slot_: id  0 | task 162 | processing task, is_child = 0
slot slot_save_an: id  1 | task -1 | saving idle slot to prompt cache
srv   prompt_save:  - saving prompt with length 95, total state size = 81.644 MiB
srv          stop: cancel task, id_task = 162
srv  log_server_r: done request: POST /v1/chat/completions 127.0.0.1 200
slot prompt_clear: id  1 | task -1 | clearing prompt with 95 tokens
srv        update:  - cache state: 1 prompts, 81.644 MiB (limits: 8192.000 MiB, 262144 tokens, 262144 est)
srv        update:    - prompt 0xaaaaee3207a0:      95 tokens, checkpoints:  0,    81.644 MiB
slot slot_save_an: id  2 | task -1 | saving idle slot to prompt cache
srv   prompt_save:  - saving prompt with length 634, total state size = 544.860 MiB
srv         alloc:  - removing obsolete cached prompt with length 95
srv  params_from_: Chat format: peg-gemma4
slot prompt_clear: id  2 | task -1 | clearing prompt with 634 tokens
srv        update:  - cache state: 1 prompts, 640.175 MiB (limits: 8192.000 MiB, 262144 tokens, 262144 est)
srv        update:    - prompt 0xaaaaee3207a0:     634 tokens, checkpoints:  1,   640.175 MiB
slot slot_save_an: id  3 | task -1 | saving idle slot to prompt cache
srv   prompt_save:  - saving prompt with length 319, total state size = 274.149 MiB
srv         alloc:  - prompt is already in the cache, skipping
slot prompt_clear: id  3 | task -1 | clearing prompt with 319 tokens
srv        update:  - cache state: 1 prompts, 640.175 MiB (limits: 8192.000 MiB, 262144 tokens, 262144 est)
srv        update:    - prompt 0xaaaaee3207a0:     634 tokens, checkpoints:  1,   640.175 MiB
slot      release: id  0 | task 162 | stop processing: n_tokens = 634, truncated = 0
slot get_availabl: id  0 | task -1 | selected slot by LCP similarity, sim_best = 0.522 (> 0.100 thold), f_keep = 0.503
slot launch_slot_: id  0 | task -1 | sampler chain: logits -> ?penalties -> ?dry -> ?top-n-sigma -> top-k -> ?typical -> top-p -> min-p -> ?xtc -> ?temp-ext -> dist 
slot launch_slot_: id  0 | task 164 | processing task, is_child = 0
slot get_availabl: id  1 | task -1 | selected slot by LRU, t_last = 15401526938
srv  get_availabl: updating prompt cache
srv          load:  - looking for better prompt, base f_keep = -1.000, sim = 0.000
srv          load:  - found better prompt with f_keep = 0.503, sim = 0.517
srv        update:  - cache state: 0 prompts, 0.000 MiB (limits: 8192.000 MiB, 262144 tokens, 8589934592 est)
srv  get_availabl: prompt cache update took 259.46 ms
slot launch_slot_: id  1 | task -1 | sampler chain: logits -> ?penalties -> ?dry -> ?top-n-sigma -> top-k -> ?typical -> top-p -> min-p -> ?xtc -> ?temp-ext -> dist 
slot launch_slot_: id  1 | task 166 | processing task, is_child = 0
slot get_availabl: id  2 | task -1 | selected slot by LRU, t_last = 15401526989
srv  get_availabl: updating prompt cache
srv          load:  - looking for better prompt, base f_keep = -1.000, sim = 0.000
srv        update:  - cache state: 0 prompts, 0.000 MiB (limits: 8192.000 MiB, 262144 tokens, 8589934592 est)
srv  get_availabl: prompt cache update took 0.00 ms
slot launch_slot_: id  2 | task -1 | sampler chain: logits -> ?penalties -> ?dry -> ?top-n-sigma -> top-k -> ?typical -> top-p -> min-p -> ?xtc -> ?temp-ext -> dist 
slot launch_slot_: id  2 | task 168 | processing task, is_child = 0
slot get_availabl: id  3 | task -1 | selected slot by LRU, t_last = 15401527025
srv  get_availabl: updating prompt cache
srv          load:  - looking for better prompt, base f_keep = -1.000, sim = 0.000
srv        update:  - cache state: 0 prompts, 0.000 MiB (limits: 8192.000 MiB, 262144 tokens, 8589934592 est)
srv  get_availabl: prompt cache update took 0.00 ms
slot launch_slot_: id  3 | task -1 | sampler chain: logits -> ?penalties -> ?dry -> ?top-n-sigma -> top-k -> ?typical -> top-p -> min-p -> ?xtc -> ?temp-ext -> dist 
slot launch_slot_: id  3 | task 170 | processing task, is_child = 0
slot update_slots: id  0 | task 164 | new prompt, n_ctx_slot = 262144, n_keep = 0, task.n_tokens = 611
slot update_slots: id  0 | task 164 | n_past = 319, slot.prompt.tokens.size() = 634, seq_id = 0, pos_min = 0, n_swa = 1024
slot update_slots: id  0 | task 164 | Checking checkpoint with [0, 94] against 0...
slot update_slots: id  0 | task 164 | restored context checkpoint (pos_min = 0, pos_max = 94, n_tokens = 95, n_past = 94, size = 74.221 MiB)
slot update_slots: id  0 | task 164 | n_tokens = 94, memory_seq_rm [94, end)
slot update_slots: id  0 | task 164 | prompt processing progress, n_tokens = 95, batch.n_tokens = 1, progress = 0.155483
slot update_slots: id  1 | task 166 | new prompt, n_ctx_slot = 262144, n_keep = 0, task.n_tokens = 617
slot update_slots: id  1 | task 166 | n_past = 319, slot.prompt.tokens.size() = 634, seq_id = 1, pos_min = 0, n_swa = 1024
slot update_slots: id  1 | task 166 | Checking checkpoint with [0, 121] against 0...
slot update_slots: id  1 | task 166 | restored context checkpoint (pos_min = 0, pos_max = 121, n_tokens = 122, n_past = 121, size = 95.315 MiB)
slot update_slots: id  1 | task 166 | n_tokens = 121, memory_seq_rm [121, end)
slot update_slots: id  1 | task 166 | prompt processing progress, n_tokens = 319, batch.n_tokens = 199, progress = 0.517018
slot update_slots: id  2 | task 168 | new prompt, n_ctx_slot = 262144, n_keep = 0, task.n_tokens = 638
slot update_slots: id  2 | task 168 | erased invalidated context checkpoint (pos_min = 0, pos_max = 121, n_tokens = 122, n_swa = 1024, pos_next = 0, size = 95.315 MiB)
slot update_slots: id  2 | task 168 | n_tokens = 0, memory_seq_rm [0, end)
slot update_slots: id  2 | task 168 | prompt processing progress, n_tokens = 122, batch.n_tokens = 321, progress = 0.191223
slot update_slots: id  3 | task 170 | new prompt, n_ctx_slot = 262144, n_keep = 0, task.n_tokens = 611
slot update_slots: id  3 | task 170 | erased invalidated context checkpoint (pos_min = 0, pos_max = 121, n_tokens = 122, n_swa = 1024, pos_next = 0, size = 95.315 MiB)
slot update_slots: id  3 | task 170 | n_tokens = 0, memory_seq_rm [0, end)
slot update_slots: id  3 | task 170 | prompt processing progress, n_tokens = 95, batch.n_tokens = 416, progress = 0.155483
slot update_slots: id  0 | task 164 | n_tokens = 95, memory_seq_rm [95, end)
slot update_slots: id  0 | task 164 | prompt processing progress, n_tokens = 319, batch.n_tokens = 224, progress = 0.522095
slot update_slots: id  1 | task 166 | n_tokens = 319, memory_seq_rm [319, end)
srv  process_chun: processing image...
encoding image slice...
srv          stop: cancel task, id_task = 164
srv  log_server_r: done request: POST /v1/chat/completions 127.0.0.1 200
srv  params_from_: Chat format: peg-gemma4
srv          stop: cancel task, id_task = 166
srv  log_server_r: done request: POST /v1/chat/completions 127.0.0.1 200
srv  params_from_: Chat format: peg-gemma4
srv          stop: cancel task, id_task = 168
srv  log_server_r: done request: POST /v1/chat/completions 127.0.0.1 200
srv  params_from_: Chat format: peg-gemma4
srv          stop: cancel task, id_task = 170
srv  log_server_r: done request: POST /v1/chat/completions 127.0.0.1 200
srv  params_from_: Chat format: peg-gemma4
image slice encoded in 34109 ms
decoding image batch 1/1, n_tokens_batch = 266
sched_reserve: reserving ...
sched_reserve:      CUDA0 compute buffer size =   866.52 MiB
sched_reserve:  CUDA_Host compute buffer size =   542.02 MiB
sched_reserve: graph nodes  = 2462
sched_reserve: graph splits = 2
sched_reserve: reserve took 205.05 ms, sched copies = 1
image decoded (batch 1/1) in 902 ms
srv  process_chun: image processed in 35011 ms
slot update_slots: id  1 | task 166 | prompt processing progress, n_tokens = 613, batch.n_tokens = 252, progress = 0.993517
slot update_slots: id  2 | task 168 | n_tokens = 122, memory_seq_rm [122, end)
slot update_slots: id  2 | task 168 | prompt processing progress, n_tokens = 319, batch.n_tokens = 449, progress = 0.500000
slot create_check: id  2 | task 168 | created context checkpoint 1 of 32 (pos_min = 0, pos_max = 121, n_tokens = 122, size = 95.315 MiB)
slot update_slots: id  3 | task 170 | n_tokens = 95, memory_seq_rm [95, end)
slot update_slots: id  3 | task 170 | prompt processing progress, n_tokens = 319, batch.n_tokens = 673, progress = 0.522095
slot create_check: id  3 | task 170 | created context checkpoint 1 of 32 (pos_min = 0, pos_max = 94, n_tokens = 95, size = 74.221 MiB)
sched_reserve: reserving ...
sched_reserve:      CUDA0 compute buffer size =   866.52 MiB
sched_reserve:  CUDA_Host compute buffer size =   542.02 MiB
sched_reserve: graph nodes  = 2462
sched_reserve: graph splits = 2
sched_reserve: reserve took 108.22 ms, sched copies = 1
slot      release: id  3 | task 170 | stop processing: n_tokens = 319, truncated = 0
slot      release: id  2 | task 168 | stop processing: n_tokens = 319, truncated = 0
slot      release: id  1 | task 166 | stop processing: n_tokens = 613, truncated = 0
slot      release: id  0 | task 164 | stop processing: n_tokens = 319, truncated = 0
slot get_availabl: id  0 | task -1 | selected slot by LCP similarity, sim_best = 0.522 (> 0.100 thold), f_keep = 1.000
slot launch_slot_: id  0 | task -1 | sampler chain: logits -> ?penalties -> ?dry -> ?top-n-sigma -> top-k -> ?typical -> top-p -> min-p -> ?xtc -> ?temp-ext -> dist 
slot launch_slot_: id  0 | task 174 | processing task, is_child = 0
slot slot_save_an: id  1 | task -1 | saving idle slot to prompt cache
srv   prompt_save:  - saving prompt with length 613, total state size = 526.812 MiB
slot prompt_clear: id  1 | task -1 | clearing prompt with 613 tokens
srv        update:  - cache state: 1 prompts, 622.127 MiB (limits: 8192.000 MiB, 262144 tokens, 262144 est)
srv        update:    - prompt 0xaaaaee3207a0:     613 tokens, checkpoints:  1,   622.127 MiB
slot slot_save_an: id  2 | task -1 | saving idle slot to prompt cache
srv   prompt_save:  - saving prompt with length 319, total state size = 274.149 MiB
srv         alloc:  - prompt is already in the cache, skipping
slot prompt_clear: id  2 | task -1 | clearing prompt with 319 tokens
srv        update:  - cache state: 1 prompts, 622.127 MiB (limits: 8192.000 MiB, 262144 tokens, 262144 est)
srv        update:    - prompt 0xaaaaee3207a0:     613 tokens, checkpoints:  1,   622.127 MiB
slot slot_save_an: id  3 | task -1 | saving idle slot to prompt cache
srv   prompt_save:  - saving prompt with length 319, total state size = 274.149 MiB
srv         alloc:  - prompt is already in the cache, skipping
slot prompt_clear: id  3 | task -1 | clearing prompt with 319 tokens
srv        update:  - cache state: 1 prompts, 622.127 MiB (limits: 8192.000 MiB, 262144 tokens, 262144 est)
srv        update:    - prompt 0xaaaaee3207a0:     613 tokens, checkpoints:  1,   622.127 MiB
slot get_availabl: id  3 | task -1 | selected slot by LRU, t_last = 15442593184
srv  get_availabl: updating prompt cache
srv          load:  - looking for better prompt, base f_keep = -1.000, sim = 0.000
srv          load:  - found better prompt with f_keep = 1.000, sim = 0.994
srv        update:  - cache state: 0 prompts, 0.000 MiB (limits: 8192.000 MiB, 262144 tokens, 8589934592 est)
srv  get_availabl: prompt cache update took 971.14 ms
slot launch_slot_: id  3 | task -1 | sampler chain: logits -> ?penalties -> ?dry -> ?top-n-sigma -> top-k -> ?typical -> top-p -> min-p -> ?xtc -> ?temp-ext -> dist 
slot launch_slot_: id  3 | task 176 | processing task, is_child = 0
slot get_availabl: id  2 | task -1 | selected slot by LRU, t_last = 15442593208
srv  get_availabl: updating prompt cache
srv          load:  - looking for better prompt, base f_keep = -1.000, sim = 0.000
srv        update:  - cache state: 0 prompts, 0.000 MiB (limits: 8192.000 MiB, 262144 tokens, 8589934592 est)
srv  get_availabl: prompt cache update took 0.00 ms
slot launch_slot_: id  2 | task -1 | sampler chain: logits -> ?penalties -> ?dry -> ?top-n-sigma -> top-k -> ?typical -> top-p -> min-p -> ?xtc -> ?temp-ext -> dist 
slot launch_slot_: id  2 | task 178 | processing task, is_child = 0
slot get_availabl: id  1 | task -1 | selected slot by LRU, t_last = 15442593224
srv  get_availabl: updating prompt cache
srv          load:  - looking for better prompt, base f_keep = -1.000, sim = 0.000
srv        update:  - cache state: 0 prompts, 0.000 MiB (limits: 8192.000 MiB, 262144 tokens, 8589934592 est)
srv  get_availabl: prompt cache update took 0.00 ms
slot launch_slot_: id  1 | task -1 | sampler chain: logits -> ?penalties -> ?dry -> ?top-n-sigma -> top-k -> ?typical -> top-p -> min-p -> ?xtc -> ?temp-ext -> dist 
slot launch_slot_: id  1 | task 180 | processing task, is_child = 0
slot update_slots: id  0 | task 174 | new prompt, n_ctx_slot = 262144, n_keep = 0, task.n_tokens = 611
slot update_slots: id  0 | task 174 | n_tokens = 319, memory_seq_rm [319, end)
srv  process_chun: processing image...
encoding image slice...
srv          stop: cancel task, id_task = 174
srv  log_server_r: done request: POST /v1/chat/completions 127.0.0.1 200
srv          stop: cancel task, id_task = 176
srv  log_server_r: done request: POST /v1/chat/completions 127.0.0.1 200
srv  params_from_: Chat format: peg-gemma4
srv  params_from_: Chat format: peg-gemma4
srv          stop: cancel task, id_task = 178
srv  log_server_r: done request: POST /v1/chat/completions 127.0.0.1 200
srv  params_from_: Chat format: peg-gemma4
srv          stop: cancel task, id_task = 180
srv  log_server_r: done request: POST /v1/chat/completions 127.0.0.1 200
srv  params_from_: Chat format: peg-gemma4
image slice encoded in 32413 ms
decoding image batch 1/1, n_tokens_batch = 266
sched_reserve: reserving ...
sched_reserve:      CUDA0 compute buffer size =   866.52 MiB
sched_reserve:  CUDA_Host compute buffer size =   542.02 MiB
sched_reserve: graph nodes  = 2462
sched_reserve: graph splits = 2
sched_reserve: reserve took 215.78 ms, sched copies = 1
image decoded (batch 1/1) in 917 ms
srv  process_chun: image processed in 33330 ms
slot update_slots: id  0 | task 174 | prompt processing progress, n_tokens = 607, batch.n_tokens = 22, progress = 0.993453
slot update_slots: id  1 | task 180 | new prompt, n_ctx_slot = 262144, n_keep = 0, task.n_tokens = 611
slot update_slots: id  1 | task 180 | erased invalidated context checkpoint (pos_min = 0, pos_max = 121, n_tokens = 122, n_swa = 1024, pos_next = 0, size = 95.315 MiB)
slot update_slots: id  1 | task 180 | n_tokens = 0, memory_seq_rm [0, end)
slot update_slots: id  1 | task 180 | prompt processing progress, n_tokens = 95, batch.n_tokens = 117, progress = 0.155483
slot update_slots: id  2 | task 178 | new prompt, n_ctx_slot = 262144, n_keep = 0, task.n_tokens = 617
slot update_slots: id  2 | task 178 | erased invalidated context checkpoint (pos_min = 0, pos_max = 121, n_tokens = 122, n_swa = 1024, pos_next = 0, size = 95.315 MiB)
slot update_slots: id  2 | task 178 | n_tokens = 0, memory_seq_rm [0, end)
slot update_slots: id  2 | task 178 | prompt processing progress, n_tokens = 101, batch.n_tokens = 218, progress = 0.163695
slot update_slots: id  3 | task 176 | new prompt, n_ctx_slot = 262144, n_keep = 0, task.n_tokens = 617
slot update_slots: id  3 | task 176 | n_tokens = 613, memory_seq_rm [613, end)
slot init_sampler: id  3 | task 176 | init sampler, took 0.07 ms, tokens: text = 351, total = 617
slot update_slots: id  3 | task 176 | prompt processing done, n_tokens = 617, batch.n_tokens = 222
slot create_check: id  3 | task 176 | created context checkpoint 2 of 32 (pos_min = 0, pos_max = 612, n_tokens = 613, size = 478.914 MiB)
sched_reserve: reserving ...
sched_reserve:      CUDA0 compute buffer size =   866.52 MiB
sched_reserve:  CUDA_Host compute buffer size =   542.02 MiB
sched_reserve: graph nodes  = 2462
sched_reserve: graph splits = 2
sched_reserve: reserve took 95.28 ms, sched copies = 1
slot      release: id  1 | task 180 | stop processing: n_tokens = 95, truncated = 0
slot      release: id  2 | task 178 | stop processing: n_tokens = 101, truncated = 0
slot      release: id  3 | task 176 | stop processing: n_tokens = 617, truncated = 0
slot      release: id  0 | task 174 | stop processing: n_tokens = 607, truncated = 0
slot get_availabl: id  0 | task -1 | selected slot by LCP similarity, sim_best = 0.993 (> 0.100 thold), f_keep = 1.000
slot launch_slot_: id  0 | task -1 | sampler chain: logits -> ?penalties -> ?dry -> ?top-n-sigma -> top-k -> ?typical -> top-p -> min-p -> ?xtc -> ?temp-ext -> dist 
slot launch_slot_: id  0 | task 184 | processing task, is_child = 0
slot slot_save_an: id  1 | task -1 | saving idle slot to prompt cache
srv   prompt_save:  - saving prompt with length 95, total state size = 81.644 MiB
slot prompt_clear: id  1 | task -1 | clearing prompt with 95 tokens
srv        update:  - cache state: 1 prompts, 81.644 MiB (limits: 8192.000 MiB, 262144 tokens, 262144 est)
srv        update:    - prompt 0xaaaaee1ce810:      95 tokens, checkpoints:  0,    81.644 MiB
slot slot_save_an: id  2 | task -1 | saving idle slot to prompt cache
srv   prompt_save:  - saving prompt with length 101, total state size = 86.801 MiB
srv         alloc:  - removing obsolete cached prompt with length 95
slot prompt_clear: id  2 | task -1 | clearing prompt with 101 tokens
srv        update:  - cache state: 1 prompts, 86.801 MiB (limits: 8192.000 MiB, 262144 tokens, 262144 est)
srv        update:    - prompt 0xaaaaee1ce810:     101 tokens, checkpoints:  0,    86.801 MiB
slot slot_save_an: id  3 | task -1 | saving idle slot to prompt cache
srv   prompt_save:  - saving prompt with length 617, total state size = 530.250 MiB
srv         alloc:  - removing obsolete cached prompt with length 101
slot prompt_clear: id  3 | task -1 | clearing prompt with 617 tokens
srv        update:  - cache state: 1 prompts, 1104.479 MiB (limits: 8192.000 MiB, 262144 tokens, 262144 est)
srv        update:    - prompt 0xaaaaee1ce810:     617 tokens, checkpoints:  2,  1104.479 MiB
slot get_availabl: id  1 | task -1 | selected slot by LRU, t_last = 15479365080
srv  get_availabl: updating prompt cache
srv          load:  - looking for better prompt, base f_keep = -1.000, sim = 0.000
srv          load:  - found better prompt with f_keep = 1.000, sim = 1.000
srv          stop: cancel task, id_task = 184
srv  log_server_r: done request: POST /v1/chat/completions 127.0.0.1 200
srv  params_from_: Chat format: peg-gemma4
srv        update:  - cache state: 0 prompts, 0.000 MiB (limits: 8192.000 MiB, 262144 tokens, 8589934592 est)
srv  get_availabl: prompt cache update took 1175.05 ms
slot launch_slot_: id  1 | task -1 | sampler chain: logits -> ?penalties -> ?dry -> ?top-n-sigma -> top-k -> ?typical -> top-p -> min-p -> ?xtc -> ?temp-ext -> dist 
slot launch_slot_: id  1 | task 185 | processing task, is_child = 0
slot      release: id  0 | task 184 | stop processing: n_tokens = 607, truncated = 0
slot get_availabl: id  0 | task -1 | selected slot by LCP similarity, sim_best = 0.517 (> 0.100 thold), f_keep = 0.526
slot launch_slot_: id  0 | task -1 | sampler chain: logits -> ?penalties -> ?dry -> ?top-n-sigma -> top-k -> ?typical -> top-p -> min-p -> ?xtc -> ?temp-ext -> dist 
slot launch_slot_: id  0 | task 187 | processing task, is_child = 0
slot get_availabl: id  2 | task -1 | selected slot by LRU, t_last = 15479365105
srv  get_availabl: updating prompt cache
srv          load:  - looking for better prompt, base f_keep = -1.000, sim = 0.000
srv        update:  - cache state: 0 prompts, 0.000 MiB (limits: 8192.000 MiB, 262144 tokens, 8589934592 est)
srv  get_availabl: prompt cache update took 0.01 ms
slot launch_slot_: id  2 | task -1 | sampler chain: logits -> ?penalties -> ?dry -> ?top-n-sigma -> top-k -> ?typical -> top-p -> min-p -> ?xtc -> ?temp-ext -> dist 
slot launch_slot_: id  2 | task 189 | processing task, is_child = 0
slot get_availabl: id  3 | task -1 | selected slot by LRU, t_last = 15479365125
srv  get_availabl: updating prompt cache
srv          load:  - looking for better prompt, base f_keep = -1.000, sim = 0.000
srv        update:  - cache state: 0 prompts, 0.000 MiB (limits: 8192.000 MiB, 262144 tokens, 8589934592 est)
srv  get_availabl: prompt cache update took 0.00 ms
slot launch_slot_: id  3 | task -1 | sampler chain: logits -> ?penalties -> ?dry -> ?top-n-sigma -> top-k -> ?typical -> top-p -> min-p -> ?xtc -> ?temp-ext -> dist 
slot launch_slot_: id  3 | task 191 | processing task, is_child = 0
slot update_slots: id  0 | task 187 | new prompt, n_ctx_slot = 262144, n_keep = 0, task.n_tokens = 617
slot update_slots: id  0 | task 187 | n_past = 319, slot.prompt.tokens.size() = 607, seq_id = 0, pos_min = 0, n_swa = 1024
slot update_slots: id  0 | task 187 | Checking checkpoint with [0, 94] against 0...
slot update_slots: id  0 | task 187 | restored context checkpoint (pos_min = 0, pos_max = 94, n_tokens = 95, n_past = 94, size = 74.221 MiB)
slot update_slots: id  0 | task 187 | n_tokens = 94, memory_seq_rm [94, end)
slot update_slots: id  0 | task 187 | prompt processing progress, n_tokens = 101, batch.n_tokens = 7, progress = 0.163695
slot update_slots: id  1 | task 185 | new prompt, n_ctx_slot = 262144, n_keep = 0, task.n_tokens = 617
slot update_slots: id  1 | task 185 | need to evaluate at least 1 token for each active slot (n_past = 617, task.n_tokens() = 617)
slot update_slots: id  1 | task 185 | n_past was set to 616
slot update_slots: id  1 | task 185 | n_tokens = 616, memory_seq_rm [616, end)
slot init_sampler: id  1 | task 185 | init sampler, took 0.07 ms, tokens: text = 351, total = 617
slot update_slots: id  1 | task 185 | prompt processing done, n_tokens = 617, batch.n_tokens = 8
slot update_slots: id  2 | task 189 | new prompt, n_ctx_slot = 262144, n_keep = 0, task.n_tokens = 617
slot update_slots: id  2 | task 189 | n_tokens = 0, memory_seq_rm [0, end)
slot update_slots: id  2 | task 189 | prompt processing progress, n_tokens = 101, batch.n_tokens = 109, progress = 0.163695
slot update_slots: id  3 | task 191 | new prompt, n_ctx_slot = 262144, n_keep = 0, task.n_tokens = 617
slot update_slots: id  3 | task 191 | erased invalidated context checkpoint (pos_min = 0, pos_max = 121, n_tokens = 122, n_swa = 1024, pos_next = 0, size = 95.315 MiB)
slot update_slots: id  3 | task 191 | erased invalidated context checkpoint (pos_min = 0, pos_max = 612, n_tokens = 613, n_swa = 1024, pos_next = 0, size = 478.914 MiB)
slot update_slots: id  3 | task 191 | n_tokens = 0, memory_seq_rm [0, end)
slot update_slots: id  3 | task 191 | prompt processing progress, n_tokens = 101, batch.n_tokens = 210, progress = 0.163695
srv  params_from_: Chat format: peg-gemma4
srv          stop: cancel task, id_task = 185
srv  log_server_r: done request: POST /v1/chat/completions 127.0.0.1 200
slot      release: id  1 | task 185 | stop processing: n_tokens = 617, truncated = 0
slot get_availabl: id  1 | task -1 | selected slot by LCP similarity, sim_best = 0.522 (> 0.100 thold), f_keep = 0.517
slot launch_slot_: id  1 | task -1 | sampler chain: logits -> ?penalties -> ?dry -> ?top-n-sigma -> top-k -> ?typical -> top-p -> min-p -> ?xtc -> ?temp-ext -> dist 
slot launch_slot_: id  1 | task 193 | processing task, is_child = 0
slot update_slots: id  0 | task 187 | n_tokens = 101, memory_seq_rm [101, end)
slot update_slots: id  0 | task 187 | prompt processing progress, n_tokens = 319, batch.n_tokens = 218, progress = 0.517018
slot update_slots: id  1 | task 193 | new prompt, n_ctx_slot = 262144, n_keep = 0, task.n_tokens = 611
slot update_slots: id  1 | task 193 | n_past = 319, slot.prompt.tokens.size() = 617, seq_id = 1, pos_min = 0, n_swa = 1024
slot update_slots: id  1 | task 193 | Checking checkpoint with [0, 612] against 0...
slot update_slots: id  1 | task 193 | restored context checkpoint (pos_min = 0, pos_max = 612, n_tokens = 613, n_past = 319, size = 478.914 MiB)
slot update_slots: id  1 | task 193 | erased invalidated context checkpoint (pos_min = 0, pos_max = 612, n_tokens = 613, n_swa = 1024, pos_next = 319, size = 478.914 MiB)
slot update_slots: id  1 | task 193 | n_tokens = 319, memory_seq_rm [319, end)
srv  process_chun: processing image...
encoding image slice...
srv          stop: cancel task, id_task = 187
srv  log_server_r: done request: POST /v1/chat/completions 127.0.0.1 200
srv  params_from_: Chat format: peg-gemma4
srv          stop: cancel task, id_task = 189
srv  log_server_r: done request: POST /v1/chat/completions 127.0.0.1 200
srv  params_from_: Chat format: peg-gemma4
srv          stop: cancel task, id_task = 191
srv  log_server_r: done request: POST /v1/chat/completions 127.0.0.1 200
srv  params_from_: Chat format: peg-gemma4
srv          stop: cancel task, id_task = 193
srv  log_server_r: done request: POST /v1/chat/completions 127.0.0.1 200
srv  params_from_: Chat format: peg-gemma4
image slice encoded in 34340 ms
decoding image batch 1/1, n_tokens_batch = 266
sched_reserve: reserving ...
sched_reserve:      CUDA0 compute buffer size =   866.52 MiB
sched_reserve:  CUDA_Host compute buffer size =   542.02 MiB
sched_reserve: graph nodes  = 2462
sched_reserve: graph splits = 2
sched_reserve: reserve took 218.17 ms, sched copies = 1
image decoded (batch 1/1) in 902 ms
srv  process_chun: image processed in 35242 ms
slot update_slots: id  1 | task 193 | prompt processing progress, n_tokens = 607, batch.n_tokens = 240, progress = 0.993453
slot update_slots: id  2 | task 189 | n_tokens = 101, memory_seq_rm [101, end)
slot update_slots: id  2 | task 189 | prompt processing progress, n_tokens = 319, batch.n_tokens = 458, progress = 0.517018
slot create_check: id  2 | task 189 | created context checkpoint 1 of 32 (pos_min = 0, pos_max = 100, n_tokens = 101, size = 78.909 MiB)
slot update_slots: id  3 | task 191 | n_tokens = 101, memory_seq_rm [101, end)
slot update_slots: id  3 | task 191 | prompt processing progress, n_tokens = 319, batch.n_tokens = 676, progress = 0.517018
slot create_check: id  3 | task 191 | created context checkpoint 1 of 32 (pos_min = 0, pos_max = 100, n_tokens = 101, size = 78.909 MiB)
sched_reserve: reserving ...
sched_reserve:      CUDA0 compute buffer size =   866.52 MiB
sched_reserve:  CUDA_Host compute buffer size =   542.02 MiB
sched_reserve: graph nodes  = 2462
sched_reserve: graph splits = 2
sched_reserve: reserve took 107.26 ms, sched copies = 1
srv  params_from_: Chat format: peg-gemma4
srv          stop: cancel task, id_task = 197
srv  log_server_r: done request: POST /v1/chat/completions 127.0.0.1 200
slot      release: id  1 | task 193 | stop processing: n_tokens = 607, truncated = 0
slot      release: id  3 | task 191 | stop processing: n_tokens = 319, truncated = 0
slot      release: id  2 | task 189 | stop processing: n_tokens = 319, truncated = 0
slot      release: id  0 | task 187 | stop processing: n_tokens = 319, truncated = 0
slot get_availabl: id  0 | task -1 | selected slot by LCP similarity, sim_best = 0.517 (> 0.100 thold), f_keep = 1.000
slot launch_slot_: id  0 | task -1 | sampler chain: logits -> ?penalties -> ?dry -> ?top-n-sigma -> top-k -> ?typical -> top-p -> min-p -> ?xtc -> ?temp-ext -> dist 
slot launch_slot_: id  0 | task 199 | processing task, is_child = 0
slot slot_save_an: id  1 | task -1 | saving idle slot to prompt cache
srv   prompt_save:  - saving prompt with length 607, total state size = 521.656 MiB
slot prompt_clear: id  1 | task -1 | clearing prompt with 607 tokens
srv        update:  - cache state: 1 prompts, 616.971 MiB (limits: 8192.000 MiB, 262144 tokens, 262144 est)
srv        update:    - prompt 0xaaaaee1ce810:     607 tokens, checkpoints:  1,   616.971 MiB
slot slot_save_an: id  2 | task -1 | saving idle slot to prompt cache
srv   prompt_save:  - saving prompt with length 319, total state size = 274.149 MiB
srv         alloc:  - prompt is already in the cache, skipping
slot prompt_clear: id  2 | task -1 | clearing prompt with 319 tokens
srv        update:  - cache state: 1 prompts, 616.971 MiB (limits: 8192.000 MiB, 262144 tokens, 262144 est)
srv        update:    - prompt 0xaaaaee1ce810:     607 tokens, checkpoints:  1,   616.971 MiB
slot slot_save_an: id  3 | task -1 | saving idle slot to prompt cache
srv   prompt_save:  - saving prompt with length 319, total state size = 274.149 MiB
srv         alloc:  - prompt is already in the cache, skipping
slot prompt_clear: id  3 | task -1 | clearing prompt with 319 tokens
srv        update:  - cache state: 1 prompts, 616.971 MiB (limits: 8192.000 MiB, 262144 tokens, 262144 est)
srv        update:    - prompt 0xaaaaee1ce810:     607 tokens, checkpoints:  1,   616.971 MiB
slot get_availabl: id  1 | task -1 | selected slot by LRU, t_last = 15522076254
srv  get_availabl: updating prompt cache
srv          load:  - looking for better prompt, base f_keep = -1.000, sim = 0.000
srv          load:  - found better prompt with f_keep = 0.526, sim = 0.517
srv        update:  - cache state: 0 prompts, 0.000 MiB (limits: 8192.000 MiB, 262144 tokens, 8589934592 est)
srv  get_availabl: prompt cache update took 1153.20 ms
slot launch_slot_: id  1 | task -1 | sampler chain: logits -> ?penalties -> ?dry -> ?top-n-sigma -> top-k -> ?typical -> top-p -> min-p -> ?xtc -> ?temp-ext -> dist 
slot launch_slot_: id  1 | task 201 | processing task, is_child = 0
slot get_availabl: id  3 | task -1 | selected slot by LRU, t_last = 15522076278
srv  get_availabl: updating prompt cache
srv          load:  - looking for better prompt, base f_keep = -1.000, sim = 0.000
srv        update:  - cache state: 0 prompts, 0.000 MiB (limits: 8192.000 MiB, 262144 tokens, 8589934592 est)
srv  get_availabl: prompt cache update took 0.00 ms
slot launch_slot_: id  3 | task -1 | sampler chain: logits -> ?penalties -> ?dry -> ?top-n-sigma -> top-k -> ?typical -> top-p -> min-p -> ?xtc -> ?temp-ext -> dist 
slot launch_slot_: id  3 | task 203 | processing task, is_child = 0
slot get_availabl: id  2 | task -1 | selected slot by LRU, t_last = 15522076293
srv  get_availabl: updating prompt cache
srv          load:  - looking for better prompt, base f_keep = -1.000, sim = 0.000
srv        update:  - cache state: 0 prompts, 0.000 MiB (limits: 8192.000 MiB, 262144 tokens, 8589934592 est)
srv  get_availabl: prompt cache update took 0.00 ms
slot launch_slot_: id  2 | task -1 | sampler chain: logits -> ?penalties -> ?dry -> ?top-n-sigma -> top-k -> ?typical -> top-p -> min-p -> ?xtc -> ?temp-ext -> dist 
slot launch_slot_: id  2 | task 204 | processing task, is_child = 0
slot update_slots: id  0 | task 199 | new prompt, n_ctx_slot = 262144, n_keep = 0, task.n_tokens = 617
slot update_slots: id  0 | task 199 | n_tokens = 319, memory_seq_rm [319, end)
srv  process_chun: processing image...
encoding image slice...
srv          stop: cancel task, id_task = 199
srv  log_server_r: done request: POST /v1/chat/completions 127.0.0.1 200
srv  params_from_: Chat format: peg-gemma4
srv          stop: cancel task, id_task = 201
srv  log_server_r: done request: POST /v1/chat/completions 127.0.0.1 200
srv          stop: cancel task, id_task = 203
srv  log_server_r: done request: POST /v1/chat/completions 127.0.0.1 200
srv  params_from_: Chat format: peg-gemma4
srv  params_from_: Chat format: peg-gemma4
srv          stop: cancel task, id_task = 204
srv  log_server_r: done request: POST /v1/chat/completions 127.0.0.1 200
srv  params_from_: Chat format: peg-gemma4
srv  params_from_: Chat format: peg-gemma4
srv          stop: cancel task, id_task = 208
srv  log_server_r: done request: POST /v1/chat/completions 127.0.0.1 200
image slice encoded in 33213 ms
decoding image batch 1/1, n_tokens_batch = 266
sched_reserve: reserving ...
sched_reserve:      CUDA0 compute buffer size =   866.52 MiB
sched_reserve:  CUDA_Host compute buffer size =   542.02 MiB
sched_reserve: graph nodes  = 2462
sched_reserve: graph splits = 2
sched_reserve: reserve took 204.94 ms, sched copies = 1
image decoded (batch 1/1) in 904 ms
srv  process_chun: image processed in 34117 ms
slot update_slots: id  0 | task 199 | prompt processing progress, n_tokens = 613, batch.n_tokens = 28, progress = 0.993517
slot update_slots: id  1 | task 201 | new prompt, n_ctx_slot = 262144, n_keep = 0, task.n_tokens = 617
slot update_slots: id  1 | task 201 | n_past = 319, slot.prompt.tokens.size() = 607, seq_id = 1, pos_min = 0, n_swa = 1024
slot update_slots: id  1 | task 201 | Checking checkpoint with [0, 121] against 0...
slot update_slots: id  1 | task 201 | restored context checkpoint (pos_min = 0, pos_max = 121, n_tokens = 122, n_past = 121, size = 95.315 MiB)
slot update_slots: id  1 | task 201 | n_tokens = 121, memory_seq_rm [121, end)
slot update_slots: id  1 | task 201 | prompt processing progress, n_tokens = 319, batch.n_tokens = 226, progress = 0.517018
slot update_slots: id  2 | task 204 | new prompt, n_ctx_slot = 262144, n_keep = 0, task.n_tokens = 617
slot update_slots: id  2 | task 204 | erased invalidated context checkpoint (pos_min = 0, pos_max = 100, n_tokens = 101, n_swa = 1024, pos_next = 0, size = 78.909 MiB)
slot update_slots: id  2 | task 204 | n_tokens = 0, memory_seq_rm [0, end)
slot update_slots: id  2 | task 204 | prompt processing progress, n_tokens = 101, batch.n_tokens = 327, progress = 0.163695
slot update_slots: id  3 | task 203 | new prompt, n_ctx_slot = 262144, n_keep = 0, task.n_tokens = 611
slot update_slots: id  3 | task 203 | erased invalidated context checkpoint (pos_min = 0, pos_max = 100, n_tokens = 101, n_swa = 1024, pos_next = 0, size = 78.909 MiB)
slot update_slots: id  3 | task 203 | n_tokens = 0, memory_seq_rm [0, end)
slot update_slots: id  3 | task 203 | prompt processing progress, n_tokens = 95, batch.n_tokens = 422, progress = 0.155483
sched_reserve: reserving ...
sched_reserve:      CUDA0 compute buffer size =   866.52 MiB
sched_reserve:  CUDA_Host compute buffer size =   542.02 MiB
sched_reserve: graph nodes  = 2462
sched_reserve: graph splits = 2
sched_reserve: reserve took 96.86 ms, sched copies = 1
slot      release: id  2 | task 204 | stop processing: n_tokens = 101, truncated = 0
slot      release: id  3 | task 203 | stop processing: n_tokens = 95, truncated = 0
slot      release: id  1 | task 201 | stop processing: n_tokens = 319, truncated = 0
slot      release: id  0 | task 199 | stop processing: n_tokens = 613, truncated = 0
slot get_availabl: id  0 | task -1 | selected slot by LCP similarity, sim_best = 0.517 (> 0.100 thold), f_keep = 0.520
slot launch_slot_: id  0 | task -1 | sampler chain: logits -> ?penalties -> ?dry -> ?top-n-sigma -> top-k -> ?typical -> top-p -> min-p -> ?xtc -> ?temp-ext -> dist 
slot launch_slot_: id  0 | task 211 | processing task, is_child = 0
slot slot_save_an: id  1 | task -1 | saving idle slot to prompt cache
srv   prompt_save:  - saving prompt with length 319, total state size = 274.149 MiB
slot prompt_clear: id  1 | task -1 | clearing prompt with 319 tokens
srv        update:  - cache state: 1 prompts, 369.464 MiB (limits: 8192.000 MiB, 262144 tokens, 262144 est)
srv        update:    - prompt 0xaaaaee07b400:     319 tokens, checkpoints:  1,   369.464 MiB
slot slot_save_an: id  2 | task -1 | saving idle slot to prompt cache
srv   prompt_save:  - saving prompt with length 101, total state size = 86.801 MiB
srv         alloc:  - prompt is already in the cache, skipping
slot prompt_clear: id  2 | task -1 | clearing prompt with 101 tokens
srv        update:  - cache state: 1 prompts, 369.464 MiB (limits: 8192.000 MiB, 262144 tokens, 262144 est)
srv        update:    - prompt 0xaaaaee07b400:     319 tokens, checkpoints:  1,   369.464 MiB
slot slot_save_an: id  3 | task -1 | saving idle slot to prompt cache
srv   prompt_save:  - saving prompt with length 95, total state size = 81.644 MiB
srv         alloc:  - prompt is already in the cache, skipping
slot prompt_clear: id  3 | task -1 | clearing prompt with 95 tokens
srv        update:  - cache state: 1 prompts, 369.464 MiB (limits: 8192.000 MiB, 262144 tokens, 262144 est)
srv        update:    - prompt 0xaaaaee07b400:     319 tokens, checkpoints:  1,   369.464 MiB
slot get_availabl: id  2 | task -1 | selected slot by LRU, t_last = 15559840071
srv  get_availabl: updating prompt cache
srv          load:  - looking for better prompt, base f_keep = -1.000, sim = 0.000
srv          load:  - found better prompt with f_keep = 1.000, sim = 0.522
srv        update:  - cache state: 0 prompts, 0.000 MiB (limits: 8192.000 MiB, 262144 tokens, 8589934592 est)
srv  get_availabl: prompt cache update took 596.04 ms
slot launch_slot_: id  2 | task -1 | sampler chain: logits -> ?penalties -> ?dry -> ?top-n-sigma -> top-k -> ?typical -> top-p -> min-p -> ?xtc -> ?temp-ext -> dist 
slot launch_slot_: id  2 | task 212 | processing task, is_child = 0
slot get_availabl: id  3 | task -1 | selected slot by LRU, t_last = 15559840095
srv  get_availabl: updating prompt cache
srv          load:  - looking for better prompt, base f_keep = -1.000, sim = 0.000
srv        update:  - cache state: 0 prompts, 0.000 MiB (limits: 8192.000 MiB, 262144 tokens, 8589934592 est)
srv  get_availabl: prompt cache update took 0.00 ms
slot launch_slot_: id  3 | task -1 | sampler chain: logits -> ?penalties -> ?dry -> ?top-n-sigma -> top-k -> ?typical -> top-p -> min-p -> ?xtc -> ?temp-ext -> dist 
slot launch_slot_: id  3 | task 214 | processing task, is_child = 0
slot get_availabl: id  1 | task -1 | selected slot by LRU, t_last = 15559840112
srv  get_availabl: updating prompt cache
srv          load:  - looking for better prompt, base f_keep = -1.000, sim = 0.000
srv        update:  - cache state: 0 prompts, 0.000 MiB (limits: 8192.000 MiB, 262144 tokens, 8589934592 est)
srv  get_availabl: prompt cache update took 0.00 ms
slot launch_slot_: id  1 | task -1 | sampler chain: logits -> ?penalties -> ?dry -> ?top-n-sigma -> top-k -> ?typical -> top-p -> min-p -> ?xtc -> ?temp-ext -> dist 
slot launch_slot_: id  1 | task 215 | processing task, is_child = 0
slot update_slots: id  0 | task 211 | new prompt, n_ctx_slot = 262144, n_keep = 0, task.n_tokens = 617
slot update_slots: id  0 | task 211 | n_past = 319, slot.prompt.tokens.size() = 613, seq_id = 0, pos_min = 0, n_swa = 1024
slot update_slots: id  0 | task 211 | Checking checkpoint with [0, 94] against 0...
slot update_slots: id  0 | task 211 | restored context checkpoint (pos_min = 0, pos_max = 94, n_tokens = 95, n_past = 94, size = 74.221 MiB)
slot update_slots: id  0 | task 211 | n_tokens = 94, memory_seq_rm [94, end)
slot update_slots: id  0 | task 211 | prompt processing progress, n_tokens = 101, batch.n_tokens = 7, progress = 0.163695
slot update_slots: id  1 | task 215 | new prompt, n_ctx_slot = 262144, n_keep = 0, task.n_tokens = 638
slot update_slots: id  1 | task 215 | erased invalidated context checkpoint (pos_min = 0, pos_max = 121, n_tokens = 122, n_swa = 1024, pos_next = 0, size = 95.315 MiB)
slot update_slots: id  1 | task 215 | n_tokens = 0, memory_seq_rm [0, end)
slot update_slots: id  1 | task 215 | prompt processing progress, n_tokens = 122, batch.n_tokens = 129, progress = 0.191223
slot update_slots: id  2 | task 212 | new prompt, n_ctx_slot = 262144, n_keep = 0, task.n_tokens = 611
slot update_slots: id  2 | task 212 | n_tokens = 319, memory_seq_rm [319, end)
srv  process_chun: processing image...
encoding image slice...
srv          stop: cancel task, id_task = 211
srv  log_server_r: done request: POST /v1/chat/completions 127.0.0.1 200
srv  params_from_: Chat format: peg-gemma4
srv          stop: cancel task, id_task = 212
srv  log_server_r: done request: POST /v1/chat/completions 127.0.0.1 200
srv  params_from_: Chat format: peg-gemma4
srv          stop: cancel task, id_task = 214
srv  log_server_r: done request: POST /v1/chat/completions 127.0.0.1 200
srv  params_from_: Chat format: peg-gemma4
srv          stop: cancel task, id_task = 215
srv  log_server_r: done request: POST /v1/chat/completions 127.0.0.1 200
srv  params_from_: Chat format: peg-gemma4
image slice encoded in 32068 ms
decoding image batch 1/1, n_tokens_batch = 266
sched_reserve: reserving ...
sched_reserve:      CUDA0 compute buffer size =   866.52 MiB
sched_reserve:  CUDA_Host compute buffer size =   542.02 MiB
sched_reserve: graph nodes  = 2462
sched_reserve: graph splits = 2
sched_reserve: reserve took 215.26 ms, sched copies = 1
image decoded (batch 1/1) in 902 ms
srv  process_chun: image processed in 32971 ms
slot update_slots: id  2 | task 212 | prompt processing progress, n_tokens = 607, batch.n_tokens = 151, progress = 0.993453
slot update_slots: id  3 | task 214 | new prompt, n_ctx_slot = 262144, n_keep = 0, task.n_tokens = 617
slot update_slots: id  3 | task 214 | n_tokens = 0, memory_seq_rm [0, end)
slot update_slots: id  3 | task 214 | prompt processing progress, n_tokens = 101, batch.n_tokens = 252, progress = 0.163695
sched_reserve: reserving ...
sched_reserve:      CUDA0 compute buffer size =   866.52 MiB
sched_reserve:  CUDA_Host compute buffer size =   542.02 MiB
sched_reserve: graph nodes  = 2462
sched_reserve: graph splits = 2
sched_reserve: reserve took 93.78 ms, sched copies = 1
slot      release: id  1 | task 215 | stop processing: n_tokens = 122, truncated = 0
slot      release: id  3 | task 214 | stop processing: n_tokens = 101, truncated = 0
slot      release: id  2 | task 212 | stop processing: n_tokens = 607, truncated = 0
slot      release: id  0 | task 211 | stop processing: n_tokens = 101, truncated = 0
slot get_availabl: id  2 | task -1 | selected slot by LCP similarity, sim_best = 0.522 (> 0.100 thold), f_keep = 0.526
slot launch_slot_: id  2 | task -1 | sampler chain: logits -> ?penalties -> ?dry -> ?top-n-sigma -> top-k -> ?typical -> top-p -> min-p -> ?xtc -> ?temp-ext -> dist 
slot launch_slot_: id  2 | task 219 | processing task, is_child = 0
slot slot_save_an: id  0 | task -1 | saving idle slot to prompt cache
srv   prompt_save:  - saving prompt with length 101, total state size = 86.801 MiB
slot prompt_clear: id  0 | task -1 | clearing prompt with 101 tokens
srv        update:  - cache state: 1 prompts, 161.022 MiB (limits: 8192.000 MiB, 262144 tokens, 262144 est)
srv        update:    - prompt 0xaaaae1d41a40:     101 tokens, checkpoints:  1,   161.022 MiB
slot slot_save_an: id  1 | task -1 | saving idle slot to prompt cache
srv   prompt_save:  - saving prompt with length 122, total state size = 104.848 MiB
srv         alloc:  - removing obsolete cached prompt with length 101
slot prompt_clear: id  1 | task -1 | clearing prompt with 122 tokens
srv        update:  - cache state: 1 prompts, 104.848 MiB (limits: 8192.000 MiB, 262144 tokens, 262144 est)
srv        update:    - prompt 0xaaaae1d41a40:     122 tokens, checkpoints:  0,   104.848 MiB
slot slot_save_an: id  3 | task -1 | saving idle slot to prompt cache
srv   prompt_save:  - saving prompt with length 101, total state size = 86.801 MiB
srv         alloc:  - prompt is already in the cache, skipping
slot prompt_clear: id  3 | task -1 | clearing prompt with 101 tokens
srv        update:  - cache state: 1 prompts, 104.848 MiB (limits: 8192.000 MiB, 262144 tokens, 262144 est)
srv        update:    - prompt 0xaaaae1d41a40:     122 tokens, checkpoints:  0,   104.848 MiB
slot get_availabl: id  1 | task -1 | selected slot by LRU, t_last = 15596005114
srv  get_availabl: updating prompt cache
srv          load:  - looking for better prompt, base f_keep = -1.000, sim = 0.000
srv          load:  - found better prompt with f_keep = 1.000, sim = 0.191
srv        update:  - cache state: 0 prompts, 0.000 MiB (limits: 8192.000 MiB, 262144 tokens, 8589934592 est)
srv  get_availabl: prompt cache update took 195.22 ms
slot launch_slot_: id  1 | task -1 | sampler chain: logits -> ?penalties -> ?dry -> ?top-n-sigma -> top-k -> ?typical -> top-p -> min-p -> ?xtc -> ?temp-ext -> dist 
slot launch_slot_: id  1 | task 221 | processing task, is_child = 0
slot get_availabl: id  3 | task -1 | selected slot by LRU, t_last = 15596005143
srv  get_availabl: updating prompt cache
srv          load:  - looking for better prompt, base f_keep = -1.000, sim = 0.000
srv        update:  - cache state: 0 prompts, 0.000 MiB (limits: 8192.000 MiB, 262144 tokens, 8589934592 est)
srv  get_availabl: prompt cache update took 0.00 ms
slot launch_slot_: id  3 | task -1 | sampler chain: logits -> ?penalties -> ?dry -> ?top-n-sigma -> top-k -> ?typical -> top-p -> min-p -> ?xtc -> ?temp-ext -> dist 
slot launch_slot_: id  3 | task 223 | processing task, is_child = 0
slot get_availabl: id  0 | task -1 | selected slot by LRU, t_last = 15596005173
srv  get_availabl: updating prompt cache
srv          load:  - looking for better prompt, base f_keep = -1.000, sim = 0.000
srv        update:  - cache state: 0 prompts, 0.000 MiB (limits: 8192.000 MiB, 262144 tokens, 8589934592 est)
srv  get_availabl: prompt cache update took 0.00 ms
slot launch_slot_: id  0 | task -1 | sampler chain: logits -> ?penalties -> ?dry -> ?top-n-sigma -> top-k -> ?typical -> top-p -> min-p -> ?xtc -> ?temp-ext -> dist 
slot launch_slot_: id  0 | task 225 | processing task, is_child = 0
slot update_slots: id  0 | task 225 | new prompt, n_ctx_slot = 262144, n_keep = 0, task.n_tokens = 638
slot update_slots: id  0 | task 225 | erased invalidated context checkpoint (pos_min = 0, pos_max = 94, n_tokens = 95, n_swa = 1024, pos_next = 0, size = 74.221 MiB)
slot update_slots: id  0 | task 225 | n_tokens = 0, memory_seq_rm [0, end)
slot update_slots: id  0 | task 225 | prompt processing progress, n_tokens = 122, batch.n_tokens = 122, progress = 0.191223
slot update_slots: id  1 | task 221 | new prompt, n_ctx_slot = 262144, n_keep = 0, task.n_tokens = 638
slot update_slots: id  1 | task 221 | n_tokens = 122, memory_seq_rm [122, end)
slot update_slots: id  1 | task 221 | prompt processing progress, n_tokens = 319, batch.n_tokens = 319, progress = 0.500000
slot create_check: id  1 | task 221 | created context checkpoint 1 of 32 (pos_min = 0, pos_max = 121, n_tokens = 122, size = 95.315 MiB)
slot update_slots: id  2 | task 219 | new prompt, n_ctx_slot = 262144, n_keep = 0, task.n_tokens = 611
slot update_slots: id  2 | task 219 | n_past = 319, slot.prompt.tokens.size() = 607, seq_id = 2, pos_min = 0, n_swa = 1024
slot update_slots: id  2 | task 219 | Checking checkpoint with [0, 121] against 0...
slot update_slots: id  2 | task 219 | restored context checkpoint (pos_min = 0, pos_max = 121, n_tokens = 122, n_past = 121, size = 95.315 MiB)
slot update_slots: id  2 | task 219 | n_tokens = 121, memory_seq_rm [121, end)
slot update_slots: id  2 | task 219 | prompt processing progress, n_tokens = 319, batch.n_tokens = 517, progress = 0.522095
slot update_slots: id  3 | task 223 | new prompt, n_ctx_slot = 262144, n_keep = 0, task.n_tokens = 617
slot update_slots: id  3 | task 223 | n_tokens = 0, memory_seq_rm [0, end)
slot update_slots: id  3 | task 223 | prompt processing progress, n_tokens = 101, batch.n_tokens = 618, progress = 0.163695
slot update_slots: id  0 | task 225 | n_tokens = 122, memory_seq_rm [122, end)
slot update_slots: id  0 | task 225 | prompt processing progress, n_tokens = 319, batch.n_tokens = 197, progress = 0.500000
slot create_check: id  0 | task 225 | created context checkpoint 1 of 32 (pos_min = 0, pos_max = 121, n_tokens = 122, size = 95.315 MiB)
slot update_slots: id  1 | task 221 | n_tokens = 319, memory_seq_rm [319, end)
srv  process_chun: processing image...
encoding image slice...
srv          stop: cancel task, id_task = 219
srv  log_server_r: done request: POST /v1/chat/completions 127.0.0.1 200
srv  params_from_: Chat format: peg-gemma4
srv          stop: cancel task, id_task = 221
srv  log_server_r: done request: POST /v1/chat/completions 127.0.0.1 200
srv  params_from_: Chat format: peg-gemma4
srv  params_from_: Chat format: peg-gemma4
srv          stop: cancel task, id_task = 223
srv  log_server_r: done request: POST /v1/chat/completions 127.0.0.1 200
srv          stop: cancel task, id_task = 225
srv  log_server_r: done request: POST /v1/chat/completions 127.0.0.1 200
srv  params_from_: Chat format: peg-gemma4
srv          stop: cancel task, id_task = 229
srv  log_server_r: done request: POST /v1/chat/completions 127.0.0.1 200
srv  params_from_: Chat format: peg-gemma4
srv          stop: cancel task, id_task = 231
srv  log_server_r: done request: POST /v1/chat/completions 127.0.0.1 200
srv  params_from_: Chat format: peg-gemma4
image slice encoded in 35289 ms
decoding image batch 1/1, n_tokens_batch = 266
sched_reserve: reserving ...
sched_reserve:      CUDA0 compute buffer size =   866.52 MiB
sched_reserve:  CUDA_Host compute buffer size =   542.02 MiB
sched_reserve: graph nodes  = 2462
sched_reserve: graph splits = 2
sched_reserve: reserve took 217.66 ms, sched copies = 1
image decoded (batch 1/1) in 918 ms
srv  process_chun: image processed in 36207 ms
slot update_slots: id  1 | task 221 | prompt processing progress, n_tokens = 634, batch.n_tokens = 246, progress = 0.993730
slot update_slots: id  2 | task 219 | n_tokens = 319, memory_seq_rm [319, end)
srv  process_chun: processing image...
encoding image slice...
srv          stop: cancel task, id_task = 232
srv  log_server_r: done request: POST /v1/chat/completions 127.0.0.1 200
srv  params_from_: Chat format: peg-gemma4
srv          stop: cancel task, id_task = 235
srv  log_server_r: done request: POST /v1/chat/completions 127.0.0.1 200
srv  params_from_: Chat format: peg-gemma4
srv          stop: cancel task, id_task = 237
srv  log_server_r: done request: POST /v1/chat/completions 127.0.0.1 200
srv  params_from_: Chat format: peg-gemma4
srv          stop: cancel task, id_task = 239
srv  log_server_r: done request: POST /v1/chat/completions 127.0.0.1 200
srv  params_from_: Chat format: peg-gemma4
image slice encoded in 35811 ms
decoding image batch 1/1, n_tokens_batch = 266
sched_reserve: reserving ...
sched_reserve:      CUDA0 compute buffer size =   866.52 MiB
sched_reserve:  CUDA_Host compute buffer size =   542.02 MiB
sched_reserve: graph nodes  = 2462
sched_reserve: graph splits = 2
sched_reserve: reserve took 217.78 ms, sched copies = 1
image decoded (batch 1/1) in 917 ms
srv  process_chun: image processed in 36728 ms
slot update_slots: id  2 | task 219 | prompt processing progress, n_tokens = 607, batch.n_tokens = 268, progress = 0.993453
slot update_slots: id  3 | task 223 | n_tokens = 101, memory_seq_rm [101, end)
slot update_slots: id  3 | task 223 | prompt processing progress, n_tokens = 319, batch.n_tokens = 486, progress = 0.517018
srv          stop: cancel task, id_task = 241
srv  log_server_r: done request: POST /v1/chat/completions 127.0.0.1 200
slot create_check: id  3 | task 223 | created context checkpoint 1 of 32 (pos_min = 0, pos_max = 100, n_tokens = 101, size = 78.909 MiB)
sched_reserve: reserving ...
sched_reserve:      CUDA0 compute buffer size =   866.52 MiB
sched_reserve:  CUDA_Host compute buffer size =   542.02 MiB
sched_reserve: graph nodes  = 2462
sched_reserve: graph splits = 2
sched_reserve: reserve took 101.14 ms, sched copies = 1
srv  params_from_: Chat format: peg-gemma4
slot      release: id  0 | task 225 | stop processing: n_tokens = 319, truncated = 0
slot      release: id  3 | task 223 | stop processing: n_tokens = 319, truncated = 0
slot      release: id  1 | task 221 | stop processing: n_tokens = 634, truncated = 0
slot      release: id  2 | task 219 | stop processing: n_tokens = 607, truncated = 0
slot get_availabl: id  0 | task -1 | selected slot by LCP similarity, sim_best = 0.500 (> 0.100 thold), f_keep = 1.000
slot launch_slot_: id  0 | task -1 | sampler chain: logits -> ?penalties -> ?dry -> ?top-n-sigma -> top-k -> ?typical -> top-p -> min-p -> ?xtc -> ?temp-ext -> dist 
slot launch_slot_: id  0 | task 243 | processing task, is_child = 0
slot slot_save_an: id  1 | task -1 | saving idle slot to prompt cache
srv   prompt_save:  - saving prompt with length 634, total state size = 544.860 MiB
slot prompt_clear: id  1 | task -1 | clearing prompt with 634 tokens
srv        update:  - cache state: 1 prompts, 640.175 MiB (limits: 8192.000 MiB, 262144 tokens, 262144 est)
srv        update:    - prompt 0xaaaaee071780:     634 tokens, checkpoints:  1,   640.175 MiB
slot slot_save_an: id  2 | task -1 | saving idle slot to prompt cache
srv   prompt_save:  - saving prompt with length 607, total state size = 521.656 MiB
slot prompt_clear: id  2 | task -1 | clearing prompt with 607 tokens
srv        update:  - cache state: 2 prompts, 1257.146 MiB (limits: 8192.000 MiB, 262144 tokens, 262144 est)
srv        update:    - prompt 0xaaaaee071780:     634 tokens, checkpoints:  1,   640.175 MiB
srv        update:    - prompt 0xaaaae1d41950:     607 tokens, checkpoints:  1,   616.971 MiB
slot slot_save_an: id  3 | task -1 | saving idle slot to prompt cache
srv   prompt_save:  - saving prompt with length 319, total state size = 274.149 MiB
srv         alloc:  - prompt is already in the cache, skipping
slot prompt_clear: id  3 | task -1 | clearing prompt with 319 tokens
srv        update:  - cache state: 2 prompts, 1257.146 MiB (limits: 8192.000 MiB, 262144 tokens, 262144 est)
srv        update:    - prompt 0xaaaaee071780:     634 tokens, checkpoints:  1,   640.175 MiB
srv        update:    - prompt 0xaaaae1d41950:     607 tokens, checkpoints:  1,   616.971 MiB
slot get_availabl: id  3 | task -1 | selected slot by LRU, t_last = 15674615178
srv  get_availabl: updating prompt cache
srv          load:  - looking for better prompt, base f_keep = -1.000, sim = 0.000
srv          load:  - found better prompt with f_keep = 0.503, sim = 0.517
srv          stop: cancel task, id_task = 243
srv  log_server_r: done request: POST /v1/chat/completions 127.0.0.1 200
srv  params_from_: Chat format: peg-gemma4
srv        update:  - cache state: 1 prompts, 616.971 MiB (limits: 8192.000 MiB, 262144 tokens, 262144 est)
srv        update:    - prompt 0xaaaae1d41950:     607 tokens, checkpoints:  1,   616.971 MiB
srv  get_availabl: prompt cache update took 1223.08 ms
slot launch_slot_: id  3 | task -1 | sampler chain: logits -> ?penalties -> ?dry -> ?top-n-sigma -> top-k -> ?typical -> top-p -> min-p -> ?xtc -> ?temp-ext -> dist 
slot launch_slot_: id  3 | task 245 | processing task, is_child = 0
slot      release: id  0 | task 243 | stop processing: n_tokens = 319, truncated = 0
slot get_availabl: id  0 | task -1 | selected slot by LCP similarity, sim_best = 0.522 (> 0.100 thold), f_keep = 1.000
slot launch_slot_: id  0 | task -1 | sampler chain: logits -> ?penalties -> ?dry -> ?top-n-sigma -> top-k -> ?typical -> top-p -> min-p -> ?xtc -> ?temp-ext -> dist 
slot launch_slot_: id  0 | task 247 | processing task, is_child = 0
slot get_availabl: id  1 | task -1 | selected slot by LRU, t_last = 15674615193
srv  get_availabl: updating prompt cache
srv          load:  - looking for better prompt, base f_keep = -1.000, sim = 0.000
srv          load:  - found better prompt with f_keep = 0.526, sim = 0.522
srv        update:  - cache state: 0 prompts, 0.000 MiB (limits: 8192.000 MiB, 262144 tokens, 8589934592 est)
srv  get_availabl: prompt cache update took 140.21 ms
slot launch_slot_: id  1 | task -1 | sampler chain: logits -> ?penalties -> ?dry -> ?top-n-sigma -> top-k -> ?typical -> top-p -> min-p -> ?xtc -> ?temp-ext -> dist 
slot launch_slot_: id  1 | task 249 | processing task, is_child = 0
slot get_availabl: id  2 | task -1 | selected slot by LRU, t_last = 15674615207
srv  get_availabl: updating prompt cache
srv          load:  - looking for better prompt, base f_keep = -1.000, sim = 0.000
srv        update:  - cache state: 0 prompts, 0.000 MiB (limits: 8192.000 MiB, 262144 tokens, 8589934592 est)
srv  get_availabl: prompt cache update took 0.00 ms
slot launch_slot_: id  2 | task -1 | sampler chain: logits -> ?penalties -> ?dry -> ?top-n-sigma -> top-k -> ?typical -> top-p -> min-p -> ?xtc -> ?temp-ext -> dist 
slot launch_slot_: id  2 | task 251 | processing task, is_child = 0
slot update_slots: id  0 | task 247 | new prompt, n_ctx_slot = 262144, n_keep = 0, task.n_tokens = 611
slot update_slots: id  0 | task 247 | n_tokens = 319, memory_seq_rm [319, end)
srv  process_chun: processing image...
encoding image slice...
srv          stop: cancel task, id_task = 245
srv  log_server_r: done request: POST /v1/chat/completions 127.0.0.1 200
srv  params_from_: Chat format: peg-gemma4
srv          stop: cancel task, id_task = 247
srv  log_server_r: done request: POST /v1/chat/completions 127.0.0.1 200
srv  params_from_: Chat format: peg-gemma4
srv  params_from_: Chat format: peg-gemma4
srv          stop: cancel task, id_task = 249
srv  log_server_r: done request: POST /v1/chat/completions 127.0.0.1 200
srv          stop: cancel task, id_task = 251
srv  log_server_r: done request: POST /v1/chat/completions 127.0.0.1 200
srv  params_from_: Chat format: peg-gemma4
image slice encoded in 34592 ms
decoding image batch 1/1, n_tokens_batch = 266
sched_reserve: reserving ...
sched_reserve:      CUDA0 compute buffer size =   866.52 MiB
sched_reserve:  CUDA_Host compute buffer size =   542.02 MiB
sched_reserve: graph nodes  = 2462
sched_reserve: graph splits = 2
sched_reserve: reserve took 208.57 ms, sched copies = 1
image decoded (batch 1/1) in 929 ms
srv  process_chun: image processed in 35521 ms
slot update_slots: id  0 | task 247 | prompt processing progress, n_tokens = 607, batch.n_tokens = 22, progress = 0.993453
slot update_slots: id  1 | task 249 | new prompt, n_ctx_slot = 262144, n_keep = 0, task.n_tokens = 611
slot update_slots: id  1 | task 249 | n_past = 319, slot.prompt.tokens.size() = 607, seq_id = 1, pos_min = 0, n_swa = 1024
slot update_slots: id  1 | task 249 | Checking checkpoint with [0, 121] against 0...
slot update_slots: id  1 | task 249 | restored context checkpoint (pos_min = 0, pos_max = 121, n_tokens = 122, n_past = 121, size = 95.315 MiB)
slot update_slots: id  1 | task 249 | n_tokens = 121, memory_seq_rm [121, end)
slot update_slots: id  1 | task 249 | prompt processing progress, n_tokens = 319, batch.n_tokens = 220, progress = 0.522095
slot update_slots: id  2 | task 251 | new prompt, n_ctx_slot = 262144, n_keep = 0, task.n_tokens = 638
slot update_slots: id  2 | task 251 | erased invalidated context checkpoint (pos_min = 0, pos_max = 121, n_tokens = 122, n_swa = 1024, pos_next = 0, size = 95.315 MiB)
slot update_slots: id  2 | task 251 | n_tokens = 0, memory_seq_rm [0, end)
slot update_slots: id  2 | task 251 | prompt processing progress, n_tokens = 122, batch.n_tokens = 342, progress = 0.191223
slot update_slots: id  3 | task 245 | new prompt, n_ctx_slot = 262144, n_keep = 0, task.n_tokens = 617
slot update_slots: id  3 | task 245 | n_past = 319, slot.prompt.tokens.size() = 634, seq_id = 3, pos_min = 0, n_swa = 1024
slot update_slots: id  3 | task 245 | Checking checkpoint with [0, 121] against 0...
slot update_slots: id  3 | task 245 | restored context checkpoint (pos_min = 0, pos_max = 121, n_tokens = 122, n_past = 121, size = 95.315 MiB)
slot update_slots: id  3 | task 245 | n_tokens = 121, memory_seq_rm [121, end)
slot update_slots: id  3 | task 245 | prompt processing progress, n_tokens = 319, batch.n_tokens = 540, progress = 0.517018
sched_reserve: reserving ...
sched_reserve:      CUDA0 compute buffer size =   866.52 MiB
sched_reserve:  CUDA_Host compute buffer size =   542.02 MiB
sched_reserve: graph nodes  = 2462
sched_reserve: graph splits = 2
sched_reserve: reserve took 104.47 ms, sched copies = 1
slot      release: id  2 | task 251 | stop processing: n_tokens = 122, truncated = 0
slot      release: id  1 | task 249 | stop processing: n_tokens = 319, truncated = 0
slot      release: id  0 | task 247 | stop processing: n_tokens = 607, truncated = 0
slot      release: id  3 | task 245 | stop processing: n_tokens = 319, truncated = 0
slot get_availabl: id  0 | task -1 | selected slot by LCP similarity, sim_best = 0.517 (> 0.100 thold), f_keep = 0.526
slot launch_slot_: id  0 | task -1 | sampler chain: logits -> ?penalties -> ?dry -> ?top-n-sigma -> top-k -> ?typical -> top-p -> min-p -> ?xtc -> ?temp-ext -> dist 
slot launch_slot_: id  0 | task 254 | processing task, is_child = 0
slot slot_save_an: id  1 | task -1 | saving idle slot to prompt cache
srv   prompt_save:  - saving prompt with length 319, total state size = 274.149 MiB
slot prompt_clear: id  1 | task -1 | clearing prompt with 319 tokens
srv        update:  - cache state: 1 prompts, 369.464 MiB (limits: 8192.000 MiB, 262144 tokens, 262144 est)
srv        update:    - prompt 0xaaaaee072110:     319 tokens, checkpoints:  1,   369.464 MiB
slot slot_save_an: id  2 | task -1 | saving idle slot to prompt cache
srv   prompt_save:  - saving prompt with length 122, total state size = 104.848 MiB
srv         alloc:  - prompt is already in the cache, skipping
slot prompt_clear: id  2 | task -1 | clearing prompt with 122 tokens
srv        update:  - cache state: 1 prompts, 369.464 MiB (limits: 8192.000 MiB, 262144 tokens, 262144 est)
srv        update:    - prompt 0xaaaaee072110:     319 tokens, checkpoints:  1,   369.464 MiB
slot slot_save_an: id  3 | task -1 | saving idle slot to prompt cache
srv   prompt_save:  - saving prompt with length 319, total state size = 274.149 MiB
srv         alloc:  - prompt is already in the cache, skipping
slot prompt_clear: id  3 | task -1 | clearing prompt with 319 tokens
srv        update:  - cache state: 1 prompts, 369.464 MiB (limits: 8192.000 MiB, 262144 tokens, 262144 est)
srv        update:    - prompt 0xaaaaee072110:     319 tokens, checkpoints:  1,   369.464 MiB
slot get_availabl: id  2 | task -1 | selected slot by LRU, t_last = 15716395414
srv  get_availabl: updating prompt cache
srv          load:  - looking for better prompt, base f_keep = -1.000, sim = 0.000
srv          load:  - found better prompt with f_keep = 1.000, sim = 0.522
srv        update:  - cache state: 0 prompts, 0.000 MiB (limits: 8192.000 MiB, 262144 tokens, 8589934592 est)
srv  get_availabl: prompt cache update took 625.31 ms
slot launch_slot_: id  2 | task -1 | sampler chain: logits -> ?penalties -> ?dry -> ?top-n-sigma -> top-k -> ?typical -> top-p -> min-p -> ?xtc -> ?temp-ext -> dist 
slot launch_slot_: id  2 | task 256 | processing task, is_child = 0
srv    operator(): operator(): cleaning up before exit...
srv          stop: cancel task, id_task = 254
srv  log_server_r: done request: POST /v1/chat/completions 127.0.0.1 200
srv          stop: cancel task, id_task = 256
srv  log_server_r: done request: POST /v1/chat/completions 127.0.0.1 200
