[INFO] [launch]: All log files can be found below /root/.ros/log/2026-06-02-16-09-23-857389-opennav-NucBox-EVO-X2-7
[INFO] [launch]: Default logging verbosity is set to INFO
[INFO] [laserscan_merger.py-1]: process started with pid [39]
[INFO] [component_container_isolated-2]: process started with pid [40]
[INFO] [vlm_node-3]: process started with pid [41]
[INFO] [robot_mission_runner-4]: process started with pid [42]
[component_container_isolated-2] [INFO] [1780416564.830403839] [nav2_container]: Load Library: /opt/ros/jazzy/lib/libmap_server_core.so
[component_container_isolated-2] [INFO] [1780416564.842488243] [nav2_container]: Found class: rclcpp_components::NodeFactoryTemplate<nav2_map_server::CostmapFilterInfoServer>
[component_container_isolated-2] [INFO] [1780416564.842509062] [nav2_container]: Found class: rclcpp_components::NodeFactoryTemplate<nav2_map_server::MapSaver>
[component_container_isolated-2] [INFO] [1780416564.842512552] [nav2_container]: Found class: rclcpp_components::NodeFactoryTemplate<nav2_map_server::MapServer>
[component_container_isolated-2] [INFO] [1780416564.842515602] [nav2_container]: Instantiate class: rclcpp_components::NodeFactoryTemplate<nav2_map_server::MapServer>
[component_container_isolated-2] [INFO] [1780416564.845947151] [map_server]: 
[component_container_isolated-2] 	map_server lifecycle node launched. 
[component_container_isolated-2] 	Waiting on external lifecycle transitions to activate
[component_container_isolated-2] 	See https://design.ros2.org/articles/node_lifecycle.html for more information.
[component_container_isolated-2] [INFO] [1780416564.845969350] [map_server]: Creating
[INFO] [launch_ros.actions.load_composable_nodes]: Loaded node '/map_server' in container '/nav2_container'
[laserscan_merger.py-1] [INFO] [1780416564.851885751] [laserscan_merger]: Subscribed to /scan_front_left
[laserscan_merger.py-1] [INFO] [1780416564.852256488] [laserscan_merger]: Subscribed to /scan_front_right
[laserscan_merger.py-1] [INFO] [1780416564.852562557] [laserscan_merger]: Publishing merged scan on /scan_merged in frame base_link
[component_container_isolated-2] [INFO] [1780416564.860165459] [nav2_container]: Load Library: /opt/ros/jazzy/lib/libamcl_core.so
[component_container_isolated-2] [INFO] [1780416564.863098126] [nav2_container]: Found class: rclcpp_components::NodeFactoryTemplate<nav2_amcl::AmclNode>
[component_container_isolated-2] [INFO] [1780416564.863108836] [nav2_container]: Instantiate class: rclcpp_components::NodeFactoryTemplate<nav2_amcl::AmclNode>
[component_container_isolated-2] [INFO] [1780416564.865454373] [amcl]: 
[component_container_isolated-2] 	amcl lifecycle node launched. 
[component_container_isolated-2] 	Waiting on external lifecycle transitions to activate
[component_container_isolated-2] 	See https://design.ros2.org/articles/node_lifecycle.html for more information.
[component_container_isolated-2] [INFO] [1780416564.865728213] [amcl]: Creating
[INFO] [launch_ros.actions.load_composable_nodes]: Loaded node '/amcl' in container '/nav2_container'
[component_container_isolated-2] [INFO] [1780416564.867095205] [nav2_container]: Load Library: /opt/ros/jazzy/lib/libnav2_lifecycle_manager_core.so
[component_container_isolated-2] [INFO] [1780416564.867797470] [nav2_container]: Found class: rclcpp_components::NodeFactoryTemplate<nav2_lifecycle_manager::LifecycleManager>
[component_container_isolated-2] [INFO] [1780416564.867804770] [nav2_container]: Instantiate class: rclcpp_components::NodeFactoryTemplate<nav2_lifecycle_manager::LifecycleManager>
[component_container_isolated-2] [INFO] [1780416564.870245674] [lifecycle_manager_localization]: Creating
[component_container_isolated-2] [INFO] [1780416564.873057755] [lifecycle_manager_localization]: [34m[1mCreating and initializing lifecycle service clients[0m[0m
[INFO] [launch_ros.actions.load_composable_nodes]: Loaded node '/lifecycle_manager_localization' in container '/nav2_container'
[component_container_isolated-2] [INFO] [1780416564.873736831] [lifecycle_manager_localization]: [34m[1mStarting managed nodes bringup...[0m[0m
[component_container_isolated-2] [INFO] [1780416564.873763660] [lifecycle_manager_localization]: [34m[1mConfiguring map_server[0m[0m
[component_container_isolated-2] [INFO] [1780416564.873849577] [map_server]: Configuring
[component_container_isolated-2] [INFO] [1780416564.873888946] [map_io]: Loading yaml file: /root/ws/install/opennav_benchmark_mission_dispatcher/share/opennav_benchmark_mission_dispatcher/maps/benchmark_warehouse.yaml
[component_container_isolated-2] [INFO] [1780416564.874080039] [map_io]: resolution: 0.05
[component_container_isolated-2] [INFO] [1780416564.874086899] [map_io]: origin[0]: -65.2
[component_container_isolated-2] [INFO] [1780416564.874090339] [map_io]: origin[1]: -71.2
[component_container_isolated-2] [INFO] [1780416564.874092638] [map_io]: origin[2]: 0
[component_container_isolated-2] [INFO] [1780416564.874095268] [map_io]: free_thresh: 0.25
[component_container_isolated-2] [INFO] [1780416564.874097428] [map_io]: occupied_thresh: 0.65
[component_container_isolated-2] [INFO] [1780416564.874105568] [map_io]: mode: trinary
[component_container_isolated-2] [INFO] [1780416564.874108718] [map_io]: negate: 0
[component_container_isolated-2] [INFO] [1780416564.874240163] [map_io]: Loading image_file: /root/ws/install/opennav_benchmark_mission_dispatcher/share/opennav_benchmark_mission_dispatcher/maps/benchmark_warehouse.pgm
[component_container_isolated-2] [INFO] [1780416564.887464727] [nav2_container]: Load Library: /opt/ros/jazzy/lib/libcontroller_server_core.so
[component_container_isolated-2] [INFO] [1780416564.889844213] [nav2_container]: Found class: rclcpp_components::NodeFactoryTemplate<nav2_controller::ControllerServer>
[component_container_isolated-2] [INFO] [1780416564.889855673] [nav2_container]: Instantiate class: rclcpp_components::NodeFactoryTemplate<nav2_controller::ControllerServer>
[component_container_isolated-2] [INFO] [1780416564.892384923] [controller_server]: 
[component_container_isolated-2] 	controller_server lifecycle node launched. 
[component_container_isolated-2] 	Waiting on external lifecycle transitions to activate
[component_container_isolated-2] 	See https://design.ros2.org/articles/node_lifecycle.html for more information.
[component_container_isolated-2] [INFO] [1780416564.894723481] [controller_server]: Creating controller server
[component_container_isolated-2] [INFO] [1780416564.897382637] [local_costmap.local_costmap]: 
[component_container_isolated-2] 	local_costmap lifecycle node launched. 
[component_container_isolated-2] 	Waiting on external lifecycle transitions to activate
[component_container_isolated-2] 	See https://design.ros2.org/articles/node_lifecycle.html for more information.
[component_container_isolated-2] [INFO] [1780416564.897751234] [local_costmap.local_costmap]: Creating Costmap
[INFO] [launch_ros.actions.load_composable_nodes]: Loaded node '/controller_server' in container '/nav2_container'
[component_container_isolated-2] [INFO] [1780416564.899158795] [nav2_container]: Load Library: /opt/ros/jazzy/lib/libsmoother_server_core.so
[component_container_isolated-2] [INFO] [1780416564.900642322] [nav2_container]: Found class: rclcpp_components::NodeFactoryTemplate<nav2_smoother::SmootherServer>
[component_container_isolated-2] [INFO] [1780416564.900652202] [nav2_container]: Instantiate class: rclcpp_components::NodeFactoryTemplate<nav2_smoother::SmootherServer>
[component_container_isolated-2] [INFO] [1780416564.902843165] [smoother_server]: 
[component_container_isolated-2] 	smoother_server lifecycle node launched. 
[component_container_isolated-2] 	Waiting on external lifecycle transitions to activate
[component_container_isolated-2] 	See https://design.ros2.org/articles/node_lifecycle.html for more information.
[component_container_isolated-2] [INFO] [1780416564.903645976] [smoother_server]: Creating smoother server
[INFO] [launch_ros.actions.load_composable_nodes]: Loaded node '/smoother_server' in container '/nav2_container'
[component_container_isolated-2] [INFO] [1780416564.904843734] [nav2_container]: Load Library: /opt/ros/jazzy/lib/libplanner_server_core.so
[component_container_isolated-2] [INFO] [1780416564.905483941] [nav2_container]: Found class: rclcpp_components::NodeFactoryTemplate<nav2_planner::PlannerServer>
[component_container_isolated-2] [INFO] [1780416564.905491961] [nav2_container]: Instantiate class: rclcpp_components::NodeFactoryTemplate<nav2_planner::PlannerServer>
[component_container_isolated-2] [INFO] [1780416564.907713983] [planner_server]: 
[component_container_isolated-2] 	planner_server lifecycle node launched. 
[component_container_isolated-2] 	Waiting on external lifecycle transitions to activate
[component_container_isolated-2] 	See https://design.ros2.org/articles/node_lifecycle.html for more information.
[component_container_isolated-2] [INFO] [1780416564.908491435] [planner_server]: Creating
[component_container_isolated-2] [INFO] [1780416564.911005867] [global_costmap.global_costmap]: 
[component_container_isolated-2] 	global_costmap lifecycle node launched. 
[component_container_isolated-2] 	Waiting on external lifecycle transitions to activate
[component_container_isolated-2] 	See https://design.ros2.org/articles/node_lifecycle.html for more information.
[component_container_isolated-2] [INFO] [1780416564.911259968] [global_costmap.global_costmap]: Creating Costmap
[INFO] [launch_ros.actions.load_composable_nodes]: Loaded node '/planner_server' in container '/nav2_container'
[component_container_isolated-2] [INFO] [1780416564.912411647] [nav2_container]: Load Library: /opt/ros/jazzy/lib/libroute_server_core.so
[component_container_isolated-2] [INFO] [1780416564.913665023] [nav2_container]: Found class: rclcpp_components::NodeFactoryTemplate<nav2_route::RouteServer>
[component_container_isolated-2] [INFO] [1780416564.913673573] [nav2_container]: Instantiate class: rclcpp_components::NodeFactoryTemplate<nav2_route::RouteServer>
[component_container_isolated-2] [INFO] [1780416564.916745614] [route_server]: 
[component_container_isolated-2] 	route_server lifecycle node launched. 
[component_container_isolated-2] 	Waiting on external lifecycle transitions to activate
[component_container_isolated-2] 	See https://design.ros2.org/articles/node_lifecycle.html for more information.
[INFO] [launch_ros.actions.load_composable_nodes]: Loaded node '/route_server' in container '/nav2_container'
[component_container_isolated-2] [INFO] [1780416564.917798147] [nav2_container]: Load Library: /opt/ros/jazzy/lib/libbehavior_server_core.so
[component_container_isolated-2] [INFO] [1780416564.918497373] [nav2_container]: Found class: rclcpp_components::NodeFactoryTemplate<behavior_server::BehaviorServer>
[component_container_isolated-2] [INFO] [1780416564.918506002] [nav2_container]: Instantiate class: rclcpp_components::NodeFactoryTemplate<behavior_server::BehaviorServer>
[component_container_isolated-2] [INFO] [1780416564.919489278] [map_io]: Read map /root/ws/install/opennav_benchmark_mission_dispatcher/share/opennav_benchmark_mission_dispatcher/maps/benchmark_warehouse.pgm: 2608 X 2848 map @ 0.05 m/cell
[component_container_isolated-2] [INFO] [1780416564.922839660] [behavior_server]: 
[component_container_isolated-2] 	behavior_server lifecycle node launched. 
[component_container_isolated-2] 	Waiting on external lifecycle transitions to activate
[component_container_isolated-2] 	See https://design.ros2.org/articles/node_lifecycle.html for more information.
[component_container_isolated-2] [INFO] [1780416564.923841854] [lifecycle_manager_localization]: [34m[1mConfiguring amcl[0m[0m
[component_container_isolated-2] [INFO] [1780416564.923908632] [amcl]: Configuring
[component_container_isolated-2] [INFO] [1780416564.923974669] [amcl]: initTransforms
[INFO] [launch_ros.actions.load_composable_nodes]: Loaded node '/behavior_server' in container '/nav2_container'
[component_container_isolated-2] [INFO] [1780416564.924946275] [nav2_container]: Load Library: /opt/ros/jazzy/lib/libbt_navigator_core.so
[component_container_isolated-2] [INFO] [1780416564.926865068] [nav2_container]: Found class: rclcpp_components::NodeFactoryTemplate<nav2_bt_navigator::BtNavigator>
[component_container_isolated-2] [INFO] [1780416564.926879817] [nav2_container]: Instantiate class: rclcpp_components::NodeFactoryTemplate<nav2_bt_navigator::BtNavigator>
[component_container_isolated-2] [INFO] [1780416564.928315226] [amcl]: initPubSub
[component_container_isolated-2] [INFO] [1780416564.928923215] [amcl]: Subscribed to map topic.
[component_container_isolated-2] [INFO] [1780416564.929820413] [bt_navigator]: 
[component_container_isolated-2] 	bt_navigator lifecycle node launched. 
[component_container_isolated-2] 	Waiting on external lifecycle transitions to activate
[component_container_isolated-2] 	See https://design.ros2.org/articles/node_lifecycle.html for more information.
[component_container_isolated-2] [INFO] [1780416564.929836503] [lifecycle_manager_localization]: [34m[1mActivating map_server[0m[0m
[component_container_isolated-2] [INFO] [1780416564.929900871] [map_server]: Activating
[component_container_isolated-2] [INFO] [1780416564.930514309] [bt_navigator]: Creating
[INFO] [launch_ros.actions.load_composable_nodes]: Loaded node '/bt_navigator' in container '/nav2_container'
[component_container_isolated-2] [INFO] [1780416564.931432357] [nav2_container]: Load Library: /opt/ros/jazzy/lib/libwaypoint_follower_core.so
[component_container_isolated-2] [INFO] [1780416564.932168021] [nav2_container]: Found class: rclcpp_components::NodeFactoryTemplate<nav2_waypoint_follower::WaypointFollower>
[component_container_isolated-2] [INFO] [1780416564.932175580] [nav2_container]: Instantiate class: rclcpp_components::NodeFactoryTemplate<nav2_waypoint_follower::WaypointFollower>
[component_container_isolated-2] [INFO] [1780416564.934273456] [waypoint_follower]: 
[component_container_isolated-2] 	waypoint_follower lifecycle node launched. 
[component_container_isolated-2] 	Waiting on external lifecycle transitions to activate
[component_container_isolated-2] 	See https://design.ros2.org/articles/node_lifecycle.html for more information.
[component_container_isolated-2] [INFO] [1780416564.934479339] [waypoint_follower]: Creating
[INFO] [launch_ros.actions.load_composable_nodes]: Loaded node '/waypoint_follower' in container '/nav2_container'
[component_container_isolated-2] [INFO] [1780416564.935291630] [map_server]: Creating bond (map_server) to lifecycle manager.
[component_container_isolated-2] [INFO] [1780416564.935505843] [nav2_container]: Load Library: /opt/ros/jazzy/lib/libvelocity_smoother_core.so
[component_container_isolated-2] [INFO] [1780416564.936314454] [nav2_container]: Found class: rclcpp_components::NodeFactoryTemplate<nav2_velocity_smoother::VelocitySmoother>
[component_container_isolated-2] [INFO] [1780416564.936322244] [nav2_container]: Instantiate class: rclcpp_components::NodeFactoryTemplate<nav2_velocity_smoother::VelocitySmoother>
[component_container_isolated-2] [INFO] [1780416564.937269351] [amcl]: Received a 2608 X 2848 map @ 0.050 m/pix
[component_container_isolated-2] [INFO] [1780416564.938755538] [velocity_smoother]: 
[component_container_isolated-2] 	velocity_smoother lifecycle node launched. 
[component_container_isolated-2] 	Waiting on external lifecycle transitions to activate
[component_container_isolated-2] 	See https://design.ros2.org/articles/node_lifecycle.html for more information.
[INFO] [launch_ros.actions.load_composable_nodes]: Loaded node '/velocity_smoother' in container '/nav2_container'
[component_container_isolated-2] [INFO] [1780416564.939931287] [nav2_container]: Load Library: /opt/ros/jazzy/lib/libcollision_monitor_core.so
[component_container_isolated-2] [INFO] [1780416564.942345652] [nav2_container]: Found class: rclcpp_components::NodeFactoryTemplate<nav2_collision_monitor::CollisionMonitor>
[component_container_isolated-2] [INFO] [1780416564.942371801] [nav2_container]: Instantiate class: rclcpp_components::NodeFactoryTemplate<nav2_collision_monitor::CollisionMonitor>
[component_container_isolated-2] [INFO] [1780416564.945518580] [collision_monitor]: 
[component_container_isolated-2] 	collision_monitor lifecycle node launched. 
[component_container_isolated-2] 	Waiting on external lifecycle transitions to activate
[component_container_isolated-2] 	See https://design.ros2.org/articles/node_lifecycle.html for more information.
[INFO] [launch_ros.actions.load_composable_nodes]: Loaded node '/collision_monitor' in container '/nav2_container'
[component_container_isolated-2] [INFO] [1780416564.946920021] [nav2_container]: Load Library: /opt/ros/jazzy/lib/libopennav_docking_core.so
[component_container_isolated-2] [INFO] [1780416564.948359270] [nav2_container]: Found class: rclcpp_components::NodeFactoryTemplate<opennav_docking::DockingServer>
[component_container_isolated-2] [INFO] [1780416564.948373819] [nav2_container]: Instantiate class: rclcpp_components::NodeFactoryTemplate<opennav_docking::DockingServer>
[component_container_isolated-2] [INFO] [1780416564.952217324] [docking_server]: 
[component_container_isolated-2] 	docking_server lifecycle node launched. 
[component_container_isolated-2] 	Waiting on external lifecycle transitions to activate
[component_container_isolated-2] 	See https://design.ros2.org/articles/node_lifecycle.html for more information.
[component_container_isolated-2] [INFO] [1780416564.952266732] [docking_server]: Creating docking_server
[INFO] [launch_ros.actions.load_composable_nodes]: Loaded node '/docking_server' in container '/nav2_container'
[component_container_isolated-2] [INFO] [1780416564.953651383] [nav2_container]: Found class: rclcpp_components::NodeFactoryTemplate<nav2_lifecycle_manager::LifecycleManager>
[component_container_isolated-2] [INFO] [1780416564.953662723] [nav2_container]: Instantiate class: rclcpp_components::NodeFactoryTemplate<nav2_lifecycle_manager::LifecycleManager>
[component_container_isolated-2] [INFO] [1780416564.955844286] [lifecycle_manager_navigation]: Creating
[component_container_isolated-2] [INFO] [1780416564.956407036] [lifecycle_manager_navigation]: [34m[1mCreating and initializing lifecycle service clients[0m[0m
[INFO] [launch_ros.actions.load_composable_nodes]: Loaded node '/lifecycle_manager_navigation' in container '/nav2_container'
[robot_mission_runner-4] [WARN] [1780416564.956664367] [rcl.logging_rosout]: Publisher already registered for node name: 'robot_mission_runner'. If this is due to multiple nodes with the same name then all logs for the logger named 'robot_mission_runner' will go out over the existing publisher. As soon as any node with that name is destructed it will unregister the publisher, preventing any further logs for that name from being published on the rosout topic.
[component_container_isolated-2] [INFO] [1780416564.959348732] [lifecycle_manager_navigation]: [34m[1mStarting managed nodes bringup...[0m[0m
[component_container_isolated-2] [INFO] [1780416564.959374851] [lifecycle_manager_navigation]: [34m[1mConfiguring controller_server[0m[0m
[component_container_isolated-2] [INFO] [1780416564.959476348] [controller_server]: Configuring controller interface
[component_container_isolated-2] [INFO] [1780416564.959496777] [controller_server]: getting progress checker plugins..
[component_container_isolated-2] [INFO] [1780416564.959583424] [controller_server]: getting goal checker plugins..
[component_container_isolated-2] [INFO] [1780416564.959634922] [controller_server]: Controller frequency set to 30.0000Hz
[component_container_isolated-2] [INFO] [1780416564.959667421] [local_costmap.local_costmap]: Configuring
[component_container_isolated-2] [INFO] [1780416564.961082821] [local_costmap.local_costmap]: Using plugin "obstacle_layer"
[component_container_isolated-2] [INFO] [1780416564.962883118] [local_costmap.local_costmap]: Subscribed to Topics: scan_front_left scan_front_right
[component_container_isolated-2] [INFO] [1780416564.964688394] [local_costmap.local_costmap]: Initialized plugin "obstacle_layer"
[component_container_isolated-2] [INFO] [1780416564.964698054] [local_costmap.local_costmap]: Using plugin "voxel_layer"
[component_container_isolated-2] [INFO] [1780416564.965079690] [local_costmap.local_costmap]: Subscribed to Topics: camera_front_left camera_front_right camera_rear vlm_obstacles
[component_container_isolated-2] [INFO] [1780416564.968980653] [local_costmap.local_costmap]: Initialized plugin "voxel_layer"
[component_container_isolated-2] [INFO] [1780416564.968995362] [local_costmap.local_costmap]: Using plugin "stvl_layer"
[component_container_isolated-2] [INFO] [1780416564.987386704] [local_costmap.local_costmap]: stvl_layer being initialized as SpatioTemporalVoxelLayer!
[component_container_isolated-2] [INFO] [1780416564.987429982] [local_costmap.local_costmap]: stvl_layer's global frame is odom.
[component_container_isolated-2] [INFO] [1780416564.988133627] [local_costmap.local_costmap]: stvl_layer loaded parameters from parameter server.
[component_container_isolated-2] [INFO] [1780416564.988937329] [local_costmap.local_costmap]: stvl_layer created underlying voxel grid.
[component_container_isolated-2] [INFO] [1780416564.989912845] [local_costmap.local_costmap]: Voxel filter activated.
[component_container_isolated-2] [INFO] [1780416564.991406972] [local_costmap.local_costmap]: Voxel filter activated.
[component_container_isolated-2] [INFO] [1780416564.992682627] [local_costmap.local_costmap]: Voxel filter activated.
[component_container_isolated-2] [INFO] [1780416564.993012325] [local_costmap.local_costmap]: stvl_layer initialization complete!
[component_container_isolated-2] [INFO] [1780416564.993022245] [local_costmap.local_costmap]: Initialized plugin "stvl_layer"
[component_container_isolated-2] [INFO] [1780416564.993026285] [local_costmap.local_costmap]: Using plugin "inflation_layer"
[component_container_isolated-2] [INFO] [1780416564.994474174] [local_costmap.local_costmap]: Initialized plugin "inflation_layer"
[component_container_isolated-2] [INFO] [1780416564.999782477] [controller_server]: Created progress_checker : progress_checker of type nav2_controller::SimpleProgressChecker
[component_container_isolated-2] [INFO] [1780416564.999943291] [controller_server]: Controller Server has progress_checker  progress checkers available.
[component_container_isolated-2] [INFO] [1780416565.000260760] [controller_server]: Created goal checker : general_goal_checker of type nav2_controller::SimpleGoalChecker
[component_container_isolated-2] [INFO] [1780416565.000461363] [controller_server]: Controller Server has general_goal_checker  goal checkers available.
[component_container_isolated-2] [INFO] [1780416565.001250325] [controller_server]: Created controller : FollowPath of type nav2_mppi_controller::MPPIController
[component_container_isolated-2] [WARN] [1780416565.002199081] [controller_server]: Controller period is less then model dt, consider setting it equal
[component_container_isolated-2] [INFO] [1780416565.003209676] [controller_server]: ConstraintCritic instantiated with 1 power and 4.000000 weight.
[component_container_isolated-2] [INFO] [1780416565.003230205] [controller_server]: Critic loaded : mppi::critics::ConstraintCritic
[component_container_isolated-2] [INFO] [1780416565.003655660] [controller_server]: InflationCostCritic instantiated with 1 power and 300.000000 / 0.015000 weights. Critic will collision check based on footprint cost.
[component_container_isolated-2] [INFO] [1780416565.003667860] [controller_server]: Critic loaded : mppi::critics::CostCritic
[component_container_isolated-2] [INFO] [1780416565.003834174] [controller_server]: GoalCritic instantiated with 1 power and 5.000000 weight.
[component_container_isolated-2] [INFO] [1780416565.003845373] [controller_server]: Critic loaded : mppi::critics::GoalCritic
[component_container_isolated-2] [INFO] [1780416565.004026687] [controller_server]: GoalAngleCritic instantiated with 1 power, 3.000000 weight, 0.500000 angular threshold and symmetric_yaw_tolerance disabled
[component_container_isolated-2] [INFO] [1780416565.004047886] [controller_server]: Critic loaded : mppi::critics::GoalAngleCritic
[component_container_isolated-2] [INFO] [1780416565.004396814] [controller_server]: ReferenceTrajectoryCritic instantiated with 1 power and 14.000000 weight
[component_container_isolated-2] [INFO] [1780416565.004404944] [controller_server]: Critic loaded : mppi::critics::PathAlignCritic
[component_container_isolated-2] [INFO] [1780416565.004578448] [controller_server]: Critic loaded : mppi::critics::PathFollowCritic
[component_container_isolated-2] [INFO] [1780416565.004902886] [controller_server]: PathAngleCritic instantiated with 1 power and 2.000000 weight. Mode set to: Consider Feasible Path Orientations
[component_container_isolated-2] [INFO] [1780416565.004912706] [controller_server]: Critic loaded : mppi::critics::PathAngleCritic
[component_container_isolated-2] [INFO] [1780416565.005086020] [controller_server]: PreferForwardCritic instantiated with 1 power and 5.000000 weight.
[component_container_isolated-2] [INFO] [1780416565.005095729] [controller_server]: Critic loaded : mppi::critics::PreferForwardCritic
[component_container_isolated-2] [INFO] [1780416565.006060545] [controller_server]: Optimizer reset
[component_container_isolated-2] [INFO] [1780416565.007256373] [MPPIController]: Configured MPPI Controller: FollowPath
[component_container_isolated-2] [INFO] [1780416565.007266603] [controller_server]: Controller Server has FollowPath  controllers available.
[component_container_isolated-2] [INFO] [1780416565.009400868] [lifecycle_manager_navigation]: [34m[1mConfiguring smoother_server[0m[0m
[component_container_isolated-2] [INFO] [1780416565.009483225] [smoother_server]: Configuring smoother server
[component_container_isolated-2] [INFO] [1780416565.013890899] [smoother_server]: Created smoother : path_smoother of type nav2_constrained_smoother/ConstrainedSmoother
[component_container_isolated-2] [INFO] [1780416565.014752049] [smoother_server]: Smoother Server has path_smoother  smoothers available.
[component_container_isolated-2] [INFO] [1780416565.016359262] [lifecycle_manager_navigation]: [34m[1mConfiguring planner_server[0m[0m
[component_container_isolated-2] [INFO] [1780416565.016427040] [planner_server]: Configuring
[component_container_isolated-2] [INFO] [1780416565.016456689] [global_costmap.global_costmap]: Configuring
[component_container_isolated-2] [INFO] [1780416565.018271885] [global_costmap.global_costmap]: Using plugin "static_layer"
[component_container_isolated-2] [INFO] [1780416565.018808556] [global_costmap.global_costmap]: Subscribing to the map topic (/map) with transient local durability
[component_container_isolated-2] [INFO] [1780416565.019004459] [global_costmap.global_costmap]: Initialized plugin "static_layer"
[component_container_isolated-2] [INFO] [1780416565.019011559] [global_costmap.global_costmap]: Using plugin "obstacle_layer"
[component_container_isolated-2] [INFO] [1780416565.019269530] [global_costmap.global_costmap]: Subscribed to Topics: scan_front_left scan_front_right
[component_container_isolated-2] [INFO] [1780416565.021093195] [global_costmap.global_costmap]: Initialized plugin "obstacle_layer"
[component_container_isolated-2] [INFO] [1780416565.021106665] [global_costmap.global_costmap]: Using plugin "voxel_layer"
[component_container_isolated-2] [INFO] [1780416565.021331347] [global_costmap.global_costmap]: Subscribed to Topics: camera_front_left camera_front_right camera_rear vlm_obstacles
[component_container_isolated-2] [INFO] [1780416565.025452532] [global_costmap.global_costmap]: Initialized plugin "voxel_layer"
[component_container_isolated-2] [INFO] [1780416565.025471221] [global_costmap.global_costmap]: Using plugin "stvl_layer"
[component_container_isolated-2] [INFO] [1780416565.025556418] [global_costmap.global_costmap]: stvl_layer being initialized as SpatioTemporalVoxelLayer!
[component_container_isolated-2] [INFO] [1780416565.025560808] [global_costmap.global_costmap]: stvl_layer's global frame is map.
[component_container_isolated-2] [INFO] [1780416565.026178246] [global_costmap.global_costmap]: stvl_layer loaded parameters from parameter server.
[component_container_isolated-2] [INFO] [1780416565.026391619] [global_costmap.global_costmap]: stvl_layer created underlying voxel grid.
[component_container_isolated-2] [INFO] [1780416565.027430002] [global_costmap.global_costmap]: Voxel filter activated.
[component_container_isolated-2] [INFO] [1780416565.028802763] [global_costmap.global_costmap]: Voxel filter activated.
[component_container_isolated-2] [INFO] [1780416565.030143316] [global_costmap.global_costmap]: Voxel filter activated.
[component_container_isolated-2] [INFO] [1780416565.030482844] [global_costmap.global_costmap]: stvl_layer initialization complete!
[component_container_isolated-2] [INFO] [1780416565.030490304] [global_costmap.global_costmap]: Initialized plugin "stvl_layer"
[component_container_isolated-2] [INFO] [1780416565.030494404] [global_costmap.global_costmap]: Using plugin "inflation_layer"
[component_container_isolated-2] [INFO] [1780416565.031949862] [global_costmap.global_costmap]: Initialized plugin "inflation_layer"
[component_container_isolated-2] [INFO] [1780416565.037451318] [lifecycle_manager_localization]: Server map_server connected with bond.
[component_container_isolated-2] [INFO] [1780416565.037473218] [lifecycle_manager_localization]: [34m[1mActivating amcl[0m[0m
[component_container_isolated-2] [INFO] [1780416565.037581104] [amcl]: Activating
[component_container_isolated-2] [INFO] [1780416565.037608213] [amcl]: Creating bond (amcl) to lifecycle manager.
[component_container_isolated-2] [INFO] [1780416565.038379576] [global_costmap.global_costmap]: StaticLayer: Resizing costmap to 2608 X 2848 at 0.050000 m/pix
[component_container_isolated-2] [INFO] [1780416565.039992689] [planner_server]: Created global planner plugin GridBased of type nav2_smac_planner::SmacPlannerHybrid
[component_container_isolated-2] [INFO] [1780416565.040016848] [planner_server]: Configuring GridBased of type SmacPlannerHybrid
[component_container_isolated-2] [INFO] [1780416565.041154278] [planner_server]: Even sized heuristic lookup table size set 100.000000, increasing size by 1 to make odd
[component_container_isolated-2] [INFO] [1780416565.059977964] [amcl]: createLaserObject
[component_container_isolated-2] [INFO] [1780416565.141709532] [lifecycle_manager_localization]: Server amcl connected with bond.
[component_container_isolated-2] [INFO] [1780416565.141761441] [lifecycle_manager_localization]: [34m[1mManaged nodes are active[0m[0m
[component_container_isolated-2] [INFO] [1780416565.141776660] [lifecycle_manager_localization]: [34m[1mCreating bond timer...[0m[0m
[robot_mission_runner-4] [INFO] [1780416565.175557929] [robot_mission_runner]: Sending initial pose...
[robot_mission_runner-4] [INFO] [1780416565.175914306] [robot_mission_runner]: Publishing Initial Pose
[vlm_node-3] [INFO] [1780416565.187961252] [vlm_node]: Subscribed to image topic: /camera_front/image
[component_container_isolated-2] [INFO] [1780416565.618192392] [planner_server]: Configured plugin GridBased of type SmacPlannerHybrid with maximum iterations 100000000, max on approach iterations 1000, and allowing unknown traversal. Tolerance 0.30.Using motion model: Reeds-Shepp.
[component_container_isolated-2] [INFO] [1780416565.618268289] [planner_server]: Planner Server has GridBased  planners available.
[component_container_isolated-2] [INFO] [1780416565.620701804] [lifecycle_manager_navigation]: [34m[1mConfiguring route_server[0m[0m
[component_container_isolated-2] [INFO] [1780416565.620934415] [route_server]: Configuring
[component_container_isolated-2] [INFO] [1780416565.626448981] [route_server]: Created GraphFileLoader GeoJsonGraphFileLoader of type nav2_route::GeoJsonGraphFileLoader
[component_container_isolated-2] [INFO] [1780416565.626473880] [route_server]: Configuring geojson graph file loader
[component_container_isolated-2] [INFO] [1780416565.626480140] [route_server]: No graph file provided to load yet.
[component_container_isolated-2] [INFO] [1780416565.627498354] [route_server]: Created edge cost function plugin DistanceScorer of type nav2_route::DistanceScorer
[component_container_isolated-2] [INFO] [1780416565.627510184] [route_server]: Configuring distance scorer.
[component_container_isolated-2] [INFO] [1780416565.627659638] [route_server]: Created edge cost function plugin CostmapScorer of type nav2_route::CostmapScorer
[component_container_isolated-2] [INFO] [1780416565.627669978] [route_server]: Configuring costmap scorer.
[component_container_isolated-2] [INFO] [1780416565.628691572] [route_server]: Created route operation AdjustSpeedLimit of type nav2_route::AdjustSpeedLimit
[component_container_isolated-2] [INFO] [1780416565.628701292] [route_server]: Configuring Adjust speed limit operation.
[component_container_isolated-2] [INFO] [1780416565.628987292] [route_server]: Created route operation ReroutingService of type nav2_route::ReroutingService
[component_container_isolated-2] [INFO] [1780416565.629000751] [route_server]: Configuring Rerouting service operation.
[component_container_isolated-2] [INFO] [1780416565.629219863] [route_server]: Created route operation CollisionMonitor of type nav2_route::CollisionMonitor
[component_container_isolated-2] [INFO] [1780416565.629260302] [route_server]: Using costmap topic: local_costmap/costmap_raw instead of server costmap topic: global_costmap/costmap_raw for CollisionMonitor.
[component_container_isolated-2] [INFO] [1780416565.630067613] [lifecycle_manager_navigation]: [34m[1mConfiguring behavior_server[0m[0m
[component_container_isolated-2] [INFO] [1780416565.630160790] [behavior_server]: Configuring
[component_container_isolated-2] [INFO] [1780416565.630907484] [behavior_server]: Creating behavior plugin spin of type nav2_behaviors::Spin
[component_container_isolated-2] [INFO] [1780416565.631510603] [behavior_server]: Creating behavior plugin backup of type nav2_behaviors::BackUp
[component_container_isolated-2] [INFO] [1780416565.632012775] [behavior_server]: Creating behavior plugin drive_on_heading of type nav2_behaviors::DriveOnHeading
[component_container_isolated-2] [INFO] [1780416565.632506287] [behavior_server]: Creating behavior plugin assisted_teleop of type nav2_behaviors::AssistedTeleop
[component_container_isolated-2] [INFO] [1780416565.633368857] [behavior_server]: Creating behavior plugin wait of type nav2_behaviors::Wait
[component_container_isolated-2] [INFO] [1780416565.634085612] [behavior_server]: Configuring spin
[component_container_isolated-2] [INFO] [1780416565.635171833] [behavior_server]: Configuring backup
[component_container_isolated-2] [INFO] [1780416565.635991135] [behavior_server]: Configuring drive_on_heading
[component_container_isolated-2] [INFO] [1780416565.636751538] [behavior_server]: Configuring assisted_teleop
[component_container_isolated-2] [INFO] [1780416565.637843429] [behavior_server]: Configuring wait
[component_container_isolated-2] [INFO] [1780416565.638679330] [lifecycle_manager_navigation]: [34m[1mConfiguring velocity_smoother[0m[0m
[component_container_isolated-2] [INFO] [1780416565.638757097] [velocity_smoother]: Configuring velocity smoother
[component_container_isolated-2] [INFO] [1780416565.639917376] [lifecycle_manager_navigation]: [34m[1mConfiguring collision_monitor[0m[0m
[component_container_isolated-2] [INFO] [1780416565.639977244] [collision_monitor]: Configuring
[component_container_isolated-2] [INFO] [1780416565.641486591] [collision_monitor]: [scan_front_left]: Creating Scan
[component_container_isolated-2] [INFO] [1780416565.641927505] [collision_monitor]: [scan_front_right]: Creating Scan
[component_container_isolated-2] [INFO] [1780416565.642332651] [collision_monitor]: [FootprintApproach]: Creating Polygon
[component_container_isolated-2] [INFO] [1780416565.642471776] [collision_monitor]: [FootprintApproach]: Polygon points are not defined. Using dynamic subscription instead.
[component_container_isolated-2] [INFO] [1780416565.642947189] [collision_monitor]: [FootprintApproach]: Making footprint subscriber on /local_costmap/published_footprint topic
[component_container_isolated-2] [INFO] [1780416565.644172156] [lifecycle_manager_navigation]: [34m[1mConfiguring bt_navigator[0m[0m
[component_container_isolated-2] [INFO] [1780416565.644329951] [bt_navigator]: Configuring
[component_container_isolated-2] [INFO] [1780416565.645291997] [bt_navigator]: Creating navigator id navigate_to_pose of type nav2_bt_navigator::NavigateToPoseNavigator
[component_container_isolated-2] [INFO] [1780416565.674433089] [bt_navigator]: Creating navigator id navigate_through_poses of type nav2_bt_navigator::NavigateThroughPosesNavigator
[component_container_isolated-2] [INFO] [1780416565.681766511] [lifecycle_manager_navigation]: [34m[1mConfiguring waypoint_follower[0m[0m
[component_container_isolated-2] [INFO] [1780416565.681855117] [waypoint_follower]: Configuring
[component_container_isolated-2] [INFO] [1780416565.685178360] [waypoint_follower]: Created waypoint_task_executor : wait_at_waypoint of type nav2_waypoint_follower::WaitAtWaypoint
[component_container_isolated-2] [INFO] [1780416565.685524288] [lifecycle_manager_navigation]: [34m[1mConfiguring docking_server[0m[0m
[component_container_isolated-2] [INFO] [1780416565.685585646] [docking_server]: Configuring docking_server
[component_container_isolated-2] [INFO] [1780416565.685625944] [docking_server]: Controller frequency set to 50.0000Hz
[component_container_isolated-2] [INFO] [1780416565.691306104] [docking_server]: Created charging dock plugin simple_charging_dock of type opennav_docking::SimpleChargingDock
[component_container_isolated-2] [INFO] [1780416565.692677176] [docking_server]: Loading docks from parameter file.
[component_container_isolated-2] [INFO] [1780416565.692835050] [docking_server]: Docking Server has 1 dock types and 1 dock instances available.
[component_container_isolated-2] [INFO] [1780416565.693163479] [lifecycle_manager_navigation]: [34m[1mActivating controller_server[0m[0m
[component_container_isolated-2] [INFO] [1780416565.693233566] [controller_server]: Activating
[component_container_isolated-2] [INFO] [1780416565.693263825] [local_costmap.local_costmap]: Activating
[component_container_isolated-2] [INFO] [1780416565.693273645] [local_costmap.local_costmap]: Checking transform
[component_container_isolated-2] [INFO] [1780416565.693340523] [local_costmap.local_costmap]: start
[component_container_isolated-2] [INFO] [1780416565.694310138] [local_costmap.local_costmap]: stvl_layer was activated.
[component_container_isolated-2] [WARN] [1780416565.844944337] [controller_server]: Parameter controller_server.verbose not found
[component_container_isolated-2] [INFO] [1780416565.846236742] [controller_server]: Optimizer reset
[component_container_isolated-2] [INFO] [1780416565.846390326] [MPPIController]: Activated MPPI Controller: FollowPath
[component_container_isolated-2] [INFO] [1780416565.846408685] [controller_server]: Creating bond (controller_server) to lifecycle manager.
[component_container_isolated-2] [INFO] [1780416565.948060801] [lifecycle_manager_navigation]: Server controller_server connected with bond.
[component_container_isolated-2] [INFO] [1780416565.948134139] [lifecycle_manager_navigation]: [34m[1mActivating smoother_server[0m[0m
[component_container_isolated-2] [INFO] [1780416565.948553904] [smoother_server]: Activating
[component_container_isolated-2] [INFO] [1780416565.948608142] [smoother_server]: Activating smoother: path_smoother of type nav2_constrained_smoother::ConstrainedSmoother
[component_container_isolated-2] [INFO] [1780416565.948627341] [smoother_server]: Creating bond (smoother_server) to lifecycle manager.
[component_container_isolated-2] [INFO] [1780416566.050277647] [lifecycle_manager_navigation]: Server smoother_server connected with bond.
[component_container_isolated-2] [INFO] [1780416566.050343075] [lifecycle_manager_navigation]: [34m[1mActivating planner_server[0m[0m
[component_container_isolated-2] [INFO] [1780416566.050716162] [planner_server]: Activating
[component_container_isolated-2] [INFO] [1780416566.050762080] [global_costmap.global_costmap]: Activating
[component_container_isolated-2] [INFO] [1780416566.050772400] [global_costmap.global_costmap]: Checking transform
[component_container_isolated-2] [INFO] [1780416566.050927664] [global_costmap.global_costmap]: start
[component_container_isolated-2] [INFO] [1780416566.051985957] [global_costmap.global_costmap]: stvl_layer was activated.
[component_container_isolated-2] [INFO] [1780416566.201333971] [amcl]: initialPoseReceived
[component_container_isolated-2] [INFO] [1780416566.201401159] [amcl]: Setting pose (48.470000): 63.001 36.551 -3.139
[component_container_isolated-2] [INFO] [1780416566.702581278] [planner_server]: Activating plugin GridBased of type SmacPlannerHybrid
[component_container_isolated-2] [INFO] [1780416566.703967729] [planner_server]: Creating bond (planner_server) to lifecycle manager.
[component_container_isolated-2] [INFO] [1780416566.805136832] [lifecycle_manager_navigation]: Server planner_server connected with bond.
[component_container_isolated-2] [INFO] [1780416566.805186290] [lifecycle_manager_navigation]: [34m[1mActivating route_server[0m[0m
[component_container_isolated-2] [INFO] [1780416566.805424272] [route_server]: Activating
[component_container_isolated-2] [INFO] [1780416566.805530528] [route_server]: Creating bond (route_server) to lifecycle manager.
[component_container_isolated-2] [INFO] [1780416566.906802077] [lifecycle_manager_navigation]: Server route_server connected with bond.
[component_container_isolated-2] [INFO] [1780416566.906843296] [lifecycle_manager_navigation]: [34m[1mActivating behavior_server[0m[0m
[component_container_isolated-2] [INFO] [1780416566.907033869] [behavior_server]: Activating
[component_container_isolated-2] [INFO] [1780416566.907052848] [behavior_server]: Activating spin
[component_container_isolated-2] [INFO] [1780416566.907074417] [behavior_server]: Activating backup
[component_container_isolated-2] [INFO] [1780416566.907082907] [behavior_server]: Activating drive_on_heading
[component_container_isolated-2] [INFO] [1780416566.907090887] [behavior_server]: Activating assisted_teleop
[component_container_isolated-2] [INFO] [1780416566.907099367] [behavior_server]: Activating wait
[component_container_isolated-2] [INFO] [1780416566.907114636] [behavior_server]: Creating bond (behavior_server) to lifecycle manager.
[component_container_isolated-2] [INFO] [1780416567.008082056] [lifecycle_manager_navigation]: Server behavior_server connected with bond.
[component_container_isolated-2] [INFO] [1780416567.008134074] [lifecycle_manager_navigation]: [34m[1mActivating velocity_smoother[0m[0m
[component_container_isolated-2] [INFO] [1780416567.008398895] [velocity_smoother]: Activating
[component_container_isolated-2] [INFO] [1780416567.008495231] [velocity_smoother]: Creating bond (velocity_smoother) to lifecycle manager.
[component_container_isolated-2] [INFO] [1780416567.109598177] [lifecycle_manager_navigation]: Server velocity_smoother connected with bond.
[component_container_isolated-2] [INFO] [1780416567.109641005] [lifecycle_manager_navigation]: [34m[1mActivating collision_monitor[0m[0m
[component_container_isolated-2] [INFO] [1780416567.109860727] [collision_monitor]: Activating
[component_container_isolated-2] [INFO] [1780416567.109915225] [collision_monitor]: Creating bond (collision_monitor) to lifecycle manager.
[component_container_isolated-2] [INFO] [1780416567.210994002] [lifecycle_manager_navigation]: Server collision_monitor connected with bond.
[component_container_isolated-2] [INFO] [1780416567.211041930] [lifecycle_manager_navigation]: [34m[1mActivating bt_navigator[0m[0m
[component_container_isolated-2] [INFO] [1780416567.211211644] [bt_navigator]: Activating
[component_container_isolated-2] [INFO] [1780416567.222641101] [bt_navigator]: Creating bond (bt_navigator) to lifecycle manager.
[component_container_isolated-2] [INFO] [1780416567.323387019] [lifecycle_manager_navigation]: Server bt_navigator connected with bond.
[component_container_isolated-2] [INFO] [1780416567.323443007] [lifecycle_manager_navigation]: [34m[1mActivating waypoint_follower[0m[0m
[component_container_isolated-2] [INFO] [1780416567.323783865] [waypoint_follower]: Activating
[component_container_isolated-2] [INFO] [1780416567.323834563] [waypoint_follower]: Creating bond (waypoint_follower) to lifecycle manager.
[component_container_isolated-2] [INFO] [1780416567.425108372] [lifecycle_manager_navigation]: Server waypoint_follower connected with bond.
[component_container_isolated-2] [INFO] [1780416567.425170120] [lifecycle_manager_navigation]: [34m[1mActivating docking_server[0m[0m
[component_container_isolated-2] [INFO] [1780416567.425498558] [docking_server]: Activating docking_server
[component_container_isolated-2] [INFO] [1780416567.427465859] [docking_server]: Creating bond (docking_server) to lifecycle manager.
[component_container_isolated-2] [INFO] [1780416567.528391510] [lifecycle_manager_navigation]: Server docking_server connected with bond.
[component_container_isolated-2] [INFO] [1780416567.528452548] [lifecycle_manager_navigation]: [34m[1mManaged nodes are active[0m[0m
[component_container_isolated-2] [INFO] [1780416567.528459948] [lifecycle_manager_navigation]: [34m[1mCreating bond timer...[0m[0m
[robot_mission_runner-4] [INFO] [1780416568.176459080] [robot_mission_runner]: Waiting for Nav2 to become active...
[robot_mission_runner-4] [INFO] [1780416570.181160746] [robot_mission_runner]: Nav2 is ready for use!
[robot_mission_runner-4] [INFO] [1780416570.181336750] [robot_mission_runner]: Nav2 up, picking benchmark node started!
[component_container_isolated-2] [INFO] [1780416570.181748725] [local_costmap.local_costmap]: Received request to clear entirely the local_costmap
[component_container_isolated-2] [INFO] [1780416570.184993981] [global_costmap.global_costmap]: Received request to clear entirely the global_costmap
[robot_mission_runner-4] [INFO] [1780416570.192676790] [robot_mission_runner]: Waiting for 'UndockRobot' action server
[robot_mission_runner-4] [INFO] [1780416570.193121864] [robot_mission_runner]: Undocking from dock of type: simple_charging_dock...
[component_container_isolated-2] [INFO] [1780416570.193601247] [docking_server]: Attempting to undock robot of dock type simple_charging_dock.
[component_container_isolated-2] [INFO] [1780416570.193669795] [docking_server]: Robot is not in the dock, no need to undock
[component_container_isolated-2] [WARN] [1780416570.193682825] [docking_server]: [undock_robot] [ActionServer] Current goal was not completed successfully.
[component_container_isolated-2] [WARN] [1780416570.193689064] [docking_server]: [undock_robot] [ActionServer] Aborting handle.
[robot_mission_runner-4] [INFO] [1780416570.194258284] [robot_mission_runner]: Backing up 0.5 m at 0.4 m/s....
[component_container_isolated-2] [INFO] [1780416570.194638411] [behavior_server]: Running backup
[component_container_isolated-2] [INFO] [1780416571.695405895] [behavior_server]: backup completed successfully
[robot_mission_runner-4] [INFO] [1780416571.696687380] [robot_mission_runner]: Picking from {'x': -8.0, 'y': -52.55, 'yaw': 1.5708}, dropping at {'x': -35.5, 'y': -36.7, 'yaw': 1.5708}...
[robot_mission_runner-4] [INFO] [1780416571.696847484] [robot_mission_runner]: Navigating to pick, attempt 1/3...
[component_container_isolated-2] [INFO] [1780416571.697180613] [local_costmap.local_costmap]: Received request to clear entirely the local_costmap
[component_container_isolated-2] [INFO] [1780416571.707510908] [global_costmap.global_costmap]: Received request to clear entirely the global_costmap
[robot_mission_runner-4] [INFO] [1780416571.714470843] [robot_mission_runner]: Navigating to goal: -8.0 -52.55...
[component_container_isolated-2] [INFO] [1780416571.715002024] [bt_navigator]: Begin navigating from current location (62.09, 35.92) to (-8.00, -52.55)
[vlm_node-3] [INFO] [1780416571.716694625] [vlm_node]: Goal received with prompt: Check if there are any small hazards on the ground that would cause harm to the robot if it navigated over it OR the area is blocked by large objects that make it impassable. If so respond only yes. Otherwise, respond no.
[component_container_isolated-2] [WARN] [1780416572.444876940] [planner_server]: Planner loop missed its desired rate of 999999999.0000 Hz. Current loop rate is 1.3699 Hz
[component_container_isolated-2] [INFO] [1780416572.466752478] [controller_server]: Received a goal, begin computing control effort.
[component_container_isolated-2] [WARN] [1780416572.466823566] [controller_server]: No goal checker was specified in parameter 'current_goal_checker'. Server will use only plugin loaded general_goal_checker . This warning will appear once.
[component_container_isolated-2] [WARN] [1780416572.466837155] [controller_server]: No progress checker was specified in parameter 'current_progress_checker'. Server will use only plugin loaded progress_checker . This warning will appear once.
[component_container_isolated-2] [WARN] [1780416573.786656859] [planner_server]: Planner loop missed its desired rate of 999999999.0000 Hz. Current loop rate is 3.2258 Hz
[component_container_isolated-2] [INFO] [1780416573.833652452] [controller_server]: Passing new path to controller.
[component_container_isolated-2] [WARN] [1780416575.049064058] [planner_server]: Planner loop missed its desired rate of 999999999.0000 Hz. Current loop rate is 4.3478 Hz
[component_container_isolated-2] [INFO] [1780416575.067001496] [controller_server]: Passing new path to controller.
[component_container_isolated-2] [WARN] [1780416576.316085204] [planner_server]: Planner loop missed its desired rate of 999999999.0000 Hz. Current loop rate is 4.1667 Hz
[component_container_isolated-2] [INFO] [1780416576.366974229] [controller_server]: Passing new path to controller.
[robot_mission_runner-4] [INFO] [1780416576.827119115] [robot_mission_runner]: Pose: (61.89, 35.67), Elapsed: 5s, ETA: 327s, Dist remaining: 146.28m
[component_container_isolated-2] [WARN] [1780416577.690076178] [planner_server]: Planner loop missed its desired rate of 999999999.0000 Hz. Current loop rate is 2.9412 Hz
[component_container_isolated-2] [INFO] [1780416577.733678090] [controller_server]: Passing new path to controller.
[component_container_isolated-2] [WARN] [1780416578.955892356] [planner_server]: Planner loop missed its desired rate of 999999999.0000 Hz. Current loop rate is 4.1667 Hz
[component_container_isolated-2] [INFO] [1780416579.000303680] [controller_server]: Passing new path to controller.
[component_container_isolated-2] [WARN] [1780416580.316011389] [planner_server]: Planner loop missed its desired rate of 999999999.0000 Hz. Current loop rate is 2.9412 Hz
[component_container_isolated-2] [INFO] [1780416580.366979102] [controller_server]: Passing new path to controller.
[component_container_isolated-2] [WARN] [1780416581.580169726] [planner_server]: Planner loop missed its desired rate of 999999999.0000 Hz. Current loop rate is 4.1667 Hz
[component_container_isolated-2] [INFO] [1780416581.600309236] [controller_server]: Passing new path to controller.
[robot_mission_runner-4] [INFO] [1780416581.837114406] [robot_mission_runner]: Pose: (59.81, 29.91), Elapsed: 10s, ETA: 93s, Dist remaining: 139.62m
[component_container_isolated-2] [WARN] [1780416582.906674064] [planner_server]: Planner loop missed its desired rate of 999999999.0000 Hz. Current loop rate is 3.3333 Hz
[component_container_isolated-2] [INFO] [1780416582.933805948] [controller_server]: Passing new path to controller.
[component_container_isolated-2] [WARN] [1780416584.220994672] [planner_server]: Planner loop missed its desired rate of 999999999.0000 Hz. Current loop rate is 3.4483 Hz
[component_container_isolated-2] [INFO] [1780416584.266966331] [controller_server]: Passing new path to controller.
[component_container_isolated-2] [WARN] [1780416585.528844108] [planner_server]: Planner loop missed its desired rate of 999999999.0000 Hz. Current loop rate is 3.5714 Hz
[component_container_isolated-2] [INFO] [1780416585.566996223] [controller_server]: Passing new path to controller.
[robot_mission_runner-4] [INFO] [1780416586.848842856] [robot_mission_runner]: Pose: (60.06, 22.42), Elapsed: 15s, ETA: 88s, Dist remaining: 132.51m
[component_container_isolated-2] [WARN] [1780416586.886973872] [planner_server]: Planner loop missed its desired rate of 999999999.0000 Hz. Current loop rate is 2.8571 Hz
[component_container_isolated-2] [INFO] [1780416586.933643256] [controller_server]: Passing new path to controller.
[component_container_isolated-2] [WARN] [1780416588.193328420] [planner_server]: Planner loop missed its desired rate of 999999999.0000 Hz. Current loop rate is 3.7037 Hz
[component_container_isolated-2] [INFO] [1780416588.233642649] [controller_server]: Passing new path to controller.
[vlm_node-3] [INFO] [1780416588.410939388] [vlm_node]: Completed prompt: "Check if there are any small hazards on the ground that would cause harm to the robot if it navigated over it OR the area is blocked by large objects that make it impassable. If so respond only yes. Otherwise, respond no." with response: True
[vlm_node-3] [INFO] [1780416588.411115931] [vlm_node]: VLM_QUERY|QueryBool|success|16.69|1|
[vlm_node-3] [INFO] [1780416588.416889158] [vlm_node]: Goal received with prompt: Is this space too crowded by people or working machinery to move though safely? If so, respond only yes. Otherwise respond no.
[component_container_isolated-2] [WARN] [1780416589.484381419] [planner_server]: Planner loop missed its desired rate of 999999999.0000 Hz. Current loop rate is 3.7037 Hz
[component_container_isolated-2] [INFO] [1780416589.500318837] [controller_server]: Passing new path to controller.
[component_container_isolated-2] [WARN] [1780416590.798590750] [planner_server]: Planner loop missed its desired rate of 999999999.0000 Hz. Current loop rate is 3.4483 Hz
[component_container_isolated-2] [INFO] [1780416590.833651234] [controller_server]: Passing new path to controller.
[robot_mission_runner-4] [INFO] [1780416591.859486104] [robot_mission_runner]: Pose: (60.06, 14.90), Elapsed: 20s, ETA: 83s, Dist remaining: 124.64m
[component_container_isolated-2] [WARN] [1780416592.181122783] [planner_server]: Planner loop missed its desired rate of 999999999.0000 Hz. Current loop rate is 2.7778 Hz
[component_container_isolated-2] [INFO] [1780416592.200320916] [controller_server]: Passing new path to controller.
[component_container_isolated-2] [WARN] [1780416593.483901258] [planner_server]: Planner loop missed its desired rate of 999999999.0000 Hz. Current loop rate is 3.7037 Hz
[component_container_isolated-2] [INFO] [1780416593.500302969] [controller_server]: Passing new path to controller.
[component_container_isolated-2] [WARN] [1780416594.765567807] [planner_server]: Planner loop missed its desired rate of 999999999.0000 Hz. Current loop rate is 3.8462 Hz
[component_container_isolated-2] [INFO] [1780416594.800310272] [controller_server]: Passing new path to controller.
[component_container_isolated-2] [WARN] [1780416596.040287191] [planner_server]: Planner loop missed its desired rate of 999999999.0000 Hz. Current loop rate is 4.1667 Hz
[component_container_isolated-2] [INFO] [1780416596.066972720] [controller_server]: Passing new path to controller.
[robot_mission_runner-4] [INFO] [1780416596.873681996] [robot_mission_runner]: Pose: (59.27, 7.54), Elapsed: 25s, ETA: 78s, Dist remaining: 117.31m
[component_container_isolated-2] [WARN] [1780416597.344115078] [planner_server]: Planner loop missed its desired rate of 999999999.0000 Hz. Current loop rate is 3.4483 Hz
[component_container_isolated-2] [INFO] [1780416597.366977962] [controller_server]: Passing new path to controller.
[component_container_isolated-2] [WARN] [1780416598.662941578] [planner_server]: Planner loop missed its desired rate of 999999999.0000 Hz. Current loop rate is 3.2258 Hz
[component_container_isolated-2] [INFO] [1780416598.700315291] [controller_server]: Passing new path to controller.
[component_container_isolated-2] [WARN] [1780416600.026364475] [planner_server]: Planner loop missed its desired rate of 999999999.0000 Hz. Current loop rate is 2.8571 Hz
[component_container_isolated-2] [INFO] [1780416600.067010551] [controller_server]: Passing new path to controller.
[component_container_isolated-2] [WARN] [1780416601.287789067] [planner_server]: Planner loop missed its desired rate of 999999999.0000 Hz. Current loop rate is 4.0000 Hz
[component_container_isolated-2] [INFO] [1780416601.333635871] [controller_server]: Passing new path to controller.
[robot_mission_runner-4] [INFO] [1780416601.886223917] [robot_mission_runner]: Pose: (52.96, 4.42), Elapsed: 30s, ETA: 73s, Dist remaining: 109.66m
[component_container_isolated-2] [WARN] [1780416602.616332454] [planner_server]: Planner loop missed its desired rate of 999999999.0000 Hz. Current loop rate is 3.3333 Hz
[component_container_isolated-2] [INFO] [1780416602.633640683] [controller_server]: Passing new path to controller.
[component_container_isolated-2] [WARN] [1780416603.938238123] [planner_server]: Planner loop missed its desired rate of 999999999.0000 Hz. Current loop rate is 3.2258 Hz
[component_container_isolated-2] [INFO] [1780416603.966979500] [controller_server]: Passing new path to controller.
[component_container_isolated-2] [WARN] [1780416605.162981070] [planner_server]: Planner loop missed its desired rate of 999999999.0000 Hz. Current loop rate is 4.7619 Hz
[component_container_isolated-2] [INFO] [1780416605.200308113] [controller_server]: Passing new path to controller.
[component_container_isolated-2] [WARN] [1780416606.412638727] [planner_server]: Planner loop missed its desired rate of 999999999.0000 Hz. Current loop rate is 4.5455 Hz
[component_container_isolated-2] [INFO] [1780416606.433630757] [controller_server]: Passing new path to controller.
[robot_mission_runner-4] [INFO] [1780416606.898948370] [robot_mission_runner]: Pose: (45.45, 4.42), Elapsed: 35s, ETA: 68s, Dist remaining: 102.04m
[component_container_isolated-2] [WARN] [1780416607.735346769] [planner_server]: Planner loop missed its desired rate of 999999999.0000 Hz. Current loop rate is 3.3333 Hz
[component_container_isolated-2] [INFO] [1780416607.766987323] [controller_server]: Passing new path to controller.
[component_container_isolated-2] [WARN] [1780416609.037885782] [planner_server]: Planner loop missed its desired rate of 999999999.0000 Hz. Current loop rate is 3.4483 Hz
[component_container_isolated-2] [INFO] [1780416609.067023744] [controller_server]: Passing new path to controller.
[component_container_isolated-2] [WARN] [1780416610.334638568] [planner_server]: Planner loop missed its desired rate of 999999999.0000 Hz. Current loop rate is 3.5714 Hz
[component_container_isolated-2] [INFO] [1780416610.366981278] [controller_server]: Passing new path to controller.
[component_container_isolated-2] [WARN] [1780416610.638053650] [controller_server]: Control loop missed its desired rate of 30.0000 Hz. Current loop rate is 25.0000 Hz.
[component_container_isolated-2] [WARN] [1780416611.515717664] [planner_server]: Planner loop missed its desired rate of 999999999.0000 Hz. Current loop rate is 5.8824 Hz
[component_container_isolated-2] [INFO] [1780416611.538199261] [controller_server]: Passing new path to controller.
[robot_mission_runner-4] [INFO] [1780416611.910153616] [robot_mission_runner]: Pose: (37.94, 4.28), Elapsed: 40s, ETA: 62s, Dist remaining: 94.45m
[component_container_isolated-2] [WARN] [1780416612.724238662] [planner_server]: Planner loop missed its desired rate of 999999999.0000 Hz. Current loop rate is 5.5556 Hz
[component_container_isolated-2] [INFO] [1780416612.738180770] [controller_server]: Passing new path to controller.
[component_container_isolated-2] [WARN] [1780416613.927981838] [planner_server]: Planner loop missed its desired rate of 999999999.0000 Hz. Current loop rate is 5.0000 Hz
[component_container_isolated-2] [INFO] [1780416613.971515653] [controller_server]: Passing new path to controller.
[vlm_node-3] [INFO] [1780416614.171673595] [vlm_node]: Completed prompt: "Is this space too crowded by people or working machinery to move though safely? If so, respond only yes. Otherwise respond no." with response: False
[vlm_node-3] [INFO] [1780416614.171906917] [vlm_node]: VLM_QUERY|QueryBool|success|25.76|1|
[vlm_node-3] [INFO] [1780416614.176903011] [vlm_node]: Goal received with prompt: Are there any people visible in this scene? If so, respond only yes. Otherwise respond no.
[component_container_isolated-2] [WARN] [1780416615.118127544] [planner_server]: Planner loop missed its desired rate of 999999999.0000 Hz. Current loop rate is 5.5556 Hz
[component_container_isolated-2] [INFO] [1780416615.138182226] [controller_server]: Passing new path to controller.
[component_container_isolated-2] [WARN] [1780416616.333858487] [planner_server]: Planner loop missed its desired rate of 999999999.0000 Hz. Current loop rate is 5.2632 Hz
[component_container_isolated-2] [INFO] [1780416616.371516399] [controller_server]: Passing new path to controller.
[robot_mission_runner-4] [INFO] [1780416616.920708785] [robot_mission_runner]: Pose: (30.43, 4.27), Elapsed: 45s, ETA: 57s, Dist remaining: 86.98m
[component_container_isolated-2] [WARN] [1780416617.547347920] [planner_server]: Planner loop missed its desired rate of 999999999.0000 Hz. Current loop rate is 5.0000 Hz
[component_container_isolated-2] [INFO] [1780416617.571519577] [controller_server]: Passing new path to controller.
[component_container_isolated-2] [WARN] [1780416618.925505436] [planner_server]: Planner loop missed its desired rate of 999999999.0000 Hz. Current loop rate is 2.9412 Hz
[component_container_isolated-2] [INFO] [1780416618.971527743] [controller_server]: Passing new path to controller.
[component_container_isolated-2] [WARN] [1780416620.175777432] [planner_server]: Planner loop missed its desired rate of 999999999.0000 Hz. Current loop rate is 4.5455 Hz
[component_container_isolated-2] [INFO] [1780416620.204874686] [controller_server]: Passing new path to controller.
[component_container_isolated-2] [WARN] [1780416621.423085851] [planner_server]: Planner loop missed its desired rate of 999999999.0000 Hz. Current loop rate is 4.3478 Hz
[component_container_isolated-2] [INFO] [1780416621.438176069] [controller_server]: Passing new path to controller.
[component_container_isolated-2] [WARN] [1780416621.738916775] [controller_server]: Control loop missed its desired rate of 30.0000 Hz. Current loop rate is 25.0000 Hz.
[robot_mission_runner-4] [INFO] [1780416621.932735571] [robot_mission_runner]: Pose: (22.91, 4.37), Elapsed: 50s, ETA: 52s, Dist remaining: 79.43m
[component_container_isolated-2] [WARN] [1780416622.652028909] [planner_server]: Planner loop missed its desired rate of 999999999.0000 Hz. Current loop rate is 4.5455 Hz
[component_container_isolated-2] [INFO] [1780416622.672405180] [controller_server]: Passing new path to controller.
[vlm_node-3] [INFO] [1780416622.866610223] [vlm_node]: Completed prompt: "Are there any people visible in this scene? If so, respond only yes. Otherwise respond no." with response: False
[vlm_node-3] [INFO] [1780416622.866975390] [vlm_node]: VLM_QUERY|QueryBool|success|8.69|1|
[vlm_node-3] [INFO] [1780416622.887075371] [vlm_node]: Goal received with prompt: Check if there are any small hazards on the ground that would cause harm to the robot if it navigated over it OR the area is blocked by large objects that make it impassable. If so respond only yes. Otherwise, respond no.
[component_container_isolated-2] [WARN] [1780416623.841313865] [planner_server]: Planner loop missed its desired rate of 999999999.0000 Hz. Current loop rate is 5.8824 Hz
[component_container_isolated-2] [INFO] [1780416623.872383229] [controller_server]: Passing new path to controller.
[component_container_isolated-2] [WARN] [1780416625.025598517] [planner_server]: Planner loop missed its desired rate of 999999999.0000 Hz. Current loop rate is 5.8824 Hz
[component_container_isolated-2] [INFO] [1780416625.072388647] [controller_server]: Passing new path to controller.
[component_container_isolated-2] [WARN] [1780416626.326972650] [planner_server]: Planner loop missed its desired rate of 999999999.0000 Hz. Current loop rate is 3.4483 Hz
[component_container_isolated-2] [INFO] [1780416626.372404529] [controller_server]: Passing new path to controller.
[robot_mission_runner-4] [INFO] [1780416626.944192597] [robot_mission_runner]: Pose: (15.40, 4.30), Elapsed: 55s, ETA: 47s, Dist remaining: 72.00m
[component_container_isolated-2] [WARN] [1780416627.605234859] [planner_server]: Planner loop missed its desired rate of 999999999.0000 Hz. Current loop rate is 4.0000 Hz
[component_container_isolated-2] [INFO] [1780416627.639050937] [controller_server]: Passing new path to controller.
[component_container_isolated-2] [WARN] [1780416628.930641105] [planner_server]: Planner loop missed its desired rate of 999999999.0000 Hz. Current loop rate is 3.3333 Hz
[component_container_isolated-2] [INFO] [1780416628.972387963] [controller_server]: Passing new path to controller.
[component_container_isolated-2] [WARN] [1780416630.254783156] [planner_server]: Planner loop missed its desired rate of 999999999.0000 Hz. Current loop rate is 3.3333 Hz
[component_container_isolated-2] [INFO] [1780416630.272397865] [controller_server]: Passing new path to controller.
[component_container_isolated-2] [WARN] [1780416631.534168525] [planner_server]: Planner loop missed its desired rate of 999999999.0000 Hz. Current loop rate is 3.8462 Hz
[component_container_isolated-2] [INFO] [1780416631.572392377] [controller_server]: Passing new path to controller.
[robot_mission_runner-4] [INFO] [1780416631.956629219] [robot_mission_runner]: Pose: (7.92, 3.90), Elapsed: 60s, ETA: 42s, Dist remaining: 64.01m
[component_container_isolated-2] [WARN] [1780416632.774944105] [planner_server]: Planner loop missed its desired rate of 999999999.0000 Hz. Current loop rate is 4.3478 Hz
[component_container_isolated-2] [INFO] [1780416632.805721810] [controller_server]: Passing new path to controller.
[component_container_isolated-2] [WARN] [1780416634.015340818] [planner_server]: Planner loop missed its desired rate of 999999999.0000 Hz. Current loop rate is 4.3478 Hz
[component_container_isolated-2] [INFO] [1780416634.039040043] [controller_server]: Passing new path to controller.
[component_container_isolated-2] [WARN] [1780416635.307674151] [planner_server]: Planner loop missed its desired rate of 999999999.0000 Hz. Current loop rate is 3.7037 Hz
[component_container_isolated-2] [INFO] [1780416635.339055184] [controller_server]: Passing new path to controller.
[component_container_isolated-2] [WARN] [1780416636.513384407] [planner_server]: Planner loop missed its desired rate of 999999999.0000 Hz. Current loop rate is 5.2632 Hz
[component_container_isolated-2] [INFO] [1780416636.539043672] [controller_server]: Passing new path to controller.
[robot_mission_runner-4] [INFO] [1780416636.969416097] [robot_mission_runner]: Pose: (2.72, -1.36), Elapsed: 65s, ETA: 37s, Dist remaining: 56.15m
[component_container_isolated-2] [WARN] [1780416637.727815096] [planner_server]: Planner loop missed its desired rate of 999999999.0000 Hz. Current loop rate is 5.0000 Hz
[component_container_isolated-2] [INFO] [1780416637.772365755] [controller_server]: Passing new path to controller.
[component_container_isolated-2] [WARN] [1780416638.926409153] [planner_server]: Planner loop missed its desired rate of 999999999.0000 Hz. Current loop rate is 5.5556 Hz
[component_container_isolated-2] [INFO] [1780416638.972384902] [controller_server]: Passing new path to controller.
[component_container_isolated-2] [WARN] [1780416640.247544330] [planner_server]: Planner loop missed its desired rate of 999999999.0000 Hz. Current loop rate is 3.2258 Hz
[component_container_isolated-2] [INFO] [1780416640.272393714] [controller_server]: Passing new path to controller.
[vlm_node-3] [INFO] [1780416640.373699322] [vlm_node]: Completed prompt: "Check if there are any small hazards on the ground that would cause harm to the robot if it navigated over it OR the area is blocked by large objects that make it impassable. If so respond only yes. Otherwise, respond no." with response: False
[vlm_node-3] [INFO] [1780416640.373950063] [vlm_node]: VLM_QUERY|QueryBool|success|17.49|1|
[vlm_node-3] [INFO] [1780416640.387248594] [vlm_node]: Goal received with prompt: Is this space too crowded by people or working machinery to move though safely? If so, respond only yes. Otherwise respond no.
[component_container_isolated-2] [WARN] [1780416641.394997701] [planner_server]: Planner loop missed its desired rate of 999999999.0000 Hz. Current loop rate is 8.3333 Hz
[component_container_isolated-2] [INFO] [1780416641.439073936] [controller_server]: Passing new path to controller.
[robot_mission_runner-4] [INFO] [1780416642.182223873] [robot_mission_runner]: Pose: (-1.23, -7.89), Elapsed: 70s, ETA: 32s, Dist remaining: 48.76m
[component_container_isolated-2] [WARN] [1780416642.627869639] [planner_server]: Planner loop missed its desired rate of 999999999.0000 Hz. Current loop rate is 4.3478 Hz
[component_container_isolated-2] [INFO] [1780416642.672392149] [controller_server]: Passing new path to controller.
[component_container_isolated-2] [WARN] [1780416643.828880201] [planner_server]: Planner loop missed its desired rate of 999999999.0000 Hz. Current loop rate is 5.2632 Hz
[component_container_isolated-2] [INFO] [1780416643.872375628] [controller_server]: Passing new path to controller.
[component_container_isolated-2] [WARN] [1780416645.159589220] [planner_server]: Planner loop missed its desired rate of 999999999.0000 Hz. Current loop rate is 3.1250 Hz
[component_container_isolated-2] [INFO] [1780416645.205750443] [controller_server]: Passing new path to controller.
[component_container_isolated-2] [WARN] [1780416646.383100359] [planner_server]: Planner loop missed its desired rate of 999999999.0000 Hz. Current loop rate is 5.0000 Hz
[component_container_isolated-2] [INFO] [1780416646.405727521] [controller_server]: Passing new path to controller.
[robot_mission_runner-4] [INFO] [1780416647.195341319] [robot_mission_runner]: Pose: (-1.23, -15.40), Elapsed: 75s, ETA: 27s, Dist remaining: 41.29m
[component_container_isolated-2] [WARN] [1780416647.589537790] [planner_server]: Planner loop missed its desired rate of 999999999.0000 Hz. Current loop rate is 5.0000 Hz
[component_container_isolated-2] [INFO] [1780416647.639043964] [controller_server]: Passing new path to controller.
[component_container_isolated-2] [WARN] [1780416648.777468473] [planner_server]: Planner loop missed its desired rate of 999999999.0000 Hz. Current loop rate is 6.2500 Hz
[component_container_isolated-2] [INFO] [1780416648.805722097] [controller_server]: Passing new path to controller.
[component_container_isolated-2] [WARN] [1780416649.959503394] [planner_server]: Planner loop missed its desired rate of 999999999.0000 Hz. Current loop rate is 5.8824 Hz
[component_container_isolated-2] [INFO] [1780416650.005722104] [controller_server]: Passing new path to controller.
[component_container_isolated-2] [WARN] [1780416651.175819506] [planner_server]: Planner loop missed its desired rate of 999999999.0000 Hz. Current loop rate is 5.0000 Hz
[component_container_isolated-2] [INFO] [1780416651.205736591] [controller_server]: Passing new path to controller.
[robot_mission_runner-4] [INFO] [1780416652.206940819] [robot_mission_runner]: Pose: (-1.22, -22.93), Elapsed: 80s, ETA: 22s, Dist remaining: 33.67m
[component_container_isolated-2] [WARN] [1780416652.415510164] [planner_server]: Planner loop missed its desired rate of 999999999.0000 Hz. Current loop rate is 4.3478 Hz
[component_container_isolated-2] [INFO] [1780416652.439041934] [controller_server]: Passing new path to controller.
[vlm_node-3] [INFO] [1780416653.446823870] [vlm_node]: Completed prompt: "Is this space too crowded by people or working machinery to move though safely? If so, respond only yes. Otherwise respond no." with response: False
[vlm_node-3] [INFO] [1780416653.447013203] [vlm_node]: VLM_QUERY|QueryBool|success|13.06|1|
[vlm_node-3] [INFO] [1780416653.467793960] [vlm_node]: Goal received with prompt: Are there any people visible in this scene? If so, respond only yes. Otherwise respond no.
[component_container_isolated-2] [WARN] [1780416653.604690203] [planner_server]: Planner loop missed its desired rate of 999999999.0000 Hz. Current loop rate is 6.2500 Hz
[component_container_isolated-2] [INFO] [1780416653.639052962] [controller_server]: Passing new path to controller.
[component_container_isolated-2] [WARN] [1780416654.862113446] [planner_server]: Planner loop missed its desired rate of 999999999.0000 Hz. Current loop rate is 4.0000 Hz
[component_container_isolated-2] [INFO] [1780416654.905719268] [controller_server]: Passing new path to controller.
[component_container_isolated-2] [WARN] [1780416656.069468554] [planner_server]: Planner loop missed its desired rate of 999999999.0000 Hz. Current loop rate is 5.2632 Hz
[component_container_isolated-2] [INFO] [1780416656.105728956] [controller_server]: Passing new path to controller.
[robot_mission_runner-4] [INFO] [1780416657.217742766] [robot_mission_runner]: Pose: (-1.11, -30.44), Elapsed: 85s, ETA: 17s, Dist remaining: 26.46m
[component_container_isolated-2] [WARN] [1780416657.354663558] [planner_server]: Planner loop missed its desired rate of 999999999.0000 Hz. Current loop rate is 3.7037 Hz
[component_container_isolated-2] [INFO] [1780416657.372391113] [controller_server]: Passing new path to controller.
[component_container_isolated-2] [WARN] [1780416658.524617685] [planner_server]: Planner loop missed its desired rate of 999999999.0000 Hz. Current loop rate is 6.2500 Hz
[component_container_isolated-2] [INFO] [1780416658.539046616] [controller_server]: Passing new path to controller.
[component_container_isolated-2] [WARN] [1780416659.706807010] [planner_server]: Planner loop missed its desired rate of 999999999.0000 Hz. Current loop rate is 6.2500 Hz
[component_container_isolated-2] [INFO] [1780416659.739064753] [controller_server]: Passing new path to controller.
[component_container_isolated-2] [WARN] [1780416660.934839589] [planner_server]: Planner loop missed its desired rate of 999999999.0000 Hz. Current loop rate is 4.7619 Hz
[component_container_isolated-2] [INFO] [1780416660.972373416] [controller_server]: Passing new path to controller.
[component_container_isolated-2] [WARN] [1780416662.130778490] [planner_server]: Planner loop missed its desired rate of 999999999.0000 Hz. Current loop rate is 5.2632 Hz
[component_container_isolated-2] [INFO] [1780416662.172403532] [controller_server]: Passing new path to controller.
[robot_mission_runner-4] [INFO] [1780416662.229630554] [robot_mission_runner]: Pose: (-1.10, -37.96), Elapsed: 90s, ETA: 12s, Dist remaining: 18.48m
[component_container_isolated-2] [WARN] [1780416663.309313954] [planner_server]: Planner loop missed its desired rate of 999999999.0000 Hz. Current loop rate is 5.8824 Hz
[component_container_isolated-2] [INFO] [1780416663.339041816] [controller_server]: Passing new path to controller.
[component_container_isolated-2] [WARN] [1780416664.537094222] [planner_server]: Planner loop missed its desired rate of 999999999.0000 Hz. Current loop rate is 4.7619 Hz
[component_container_isolated-2] [INFO] [1780416664.572384048] [controller_server]: Passing new path to controller.
[component_container_isolated-2] [WARN] [1780416665.729003474] [planner_server]: Planner loop missed its desired rate of 999999999.0000 Hz. Current loop rate is 5.5556 Hz
[component_container_isolated-2] [INFO] [1780416665.772375475] [controller_server]: Passing new path to controller.
[vlm_node-3] [INFO] [1780416666.099541959] [vlm_node]: Completed prompt: "Are there any people visible in this scene? If so, respond only yes. Otherwise respond no." with response: False
[vlm_node-3] [INFO] [1780416666.099731342] [vlm_node]: VLM_QUERY|QueryBool|success|12.63|1|
[vlm_node-3] [INFO] [1780416666.117580023] [vlm_node]: Goal received with prompt: Check if there are any small hazards on the ground that would cause harm to the robot if it navigated over it OR the area is blocked by large objects that make it impassable. If so respond only yes. Otherwise, respond no.
[component_container_isolated-2] [WARN] [1780416666.838374267] [planner_server]: Planner loop missed its desired rate of 999999999.0000 Hz. Current loop rate is 10.0000 Hz
[component_container_isolated-2] [INFO] [1780416666.872419117] [controller_server]: Passing new path to controller.
[robot_mission_runner-4] [INFO] [1780416667.240059464] [robot_mission_runner]: Pose: (-1.13, -45.47), Elapsed: 95s, ETA: 7s, Dist remaining: 11.31m
[component_container_isolated-2] [WARN] [1780416667.977689774] [planner_server]: Planner loop missed its desired rate of 999999999.0000 Hz. Current loop rate is 8.3333 Hz
[component_container_isolated-2] [INFO] [1780416668.005722296] [controller_server]: Passing new path to controller.
[component_container_isolated-2] [WARN] [1780416669.038972053] [planner_server]: Planner loop missed its desired rate of 999999999.0000 Hz. Current loop rate is 16.6667 Hz
[component_container_isolated-2] [INFO] [1780416669.072372835] [controller_server]: Passing new path to controller.
[component_container_isolated-2] [WARN] [1780416670.134147336] [planner_server]: Planner loop missed its desired rate of 999999999.0000 Hz. Current loop rate is 12.5000 Hz
[component_container_isolated-2] [INFO] [1780416670.172372509] [controller_server]: Passing new path to controller.
[component_container_isolated-2] [WARN] [1780416671.159124915] [planner_server]: Planner loop missed its desired rate of 999999999.0000 Hz. Current loop rate is 50.0000 Hz
[component_container_isolated-2] [INFO] [1780416671.205722142] [controller_server]: Passing new path to controller.
[component_container_isolated-2] [INFO] [1780416672.239042287] [controller_server]: Passing new path to controller.
[robot_mission_runner-4] [INFO] [1780416672.251598774] [robot_mission_runner]: Pose: (-5.42, -50.90), Elapsed: 100s, ETA: 2s, Dist remaining: 3.78m
[component_container_isolated-2] [WARN] [1780416673.219349280] [planner_server]: Planner loop missed its desired rate of 999999999.0000 Hz. Current loop rate is 100.0000 Hz
[component_container_isolated-2] [INFO] [1780416673.239039416] [controller_server]: Passing new path to controller.
[component_container_isolated-2] [WARN] [1780416674.250577889] [planner_server]: Planner loop missed its desired rate of 999999999.0000 Hz. Current loop rate is 100.0000 Hz
[component_container_isolated-2] [INFO] [1780416674.272386120] [controller_server]: Passing new path to controller.
[component_container_isolated-2] [WARN] [1780416675.280565381] [planner_server]: Planner loop missed its desired rate of 999999999.0000 Hz. Current loop rate is 100.0000 Hz
[component_container_isolated-2] [INFO] [1780416675.305728303] [controller_server]: Passing new path to controller.
[component_container_isolated-2] [WARN] [1780416676.309803489] [planner_server]: Planner loop missed its desired rate of 999999999.0000 Hz. Current loop rate is 100.0000 Hz
[component_container_isolated-2] [INFO] [1780416676.339042598] [controller_server]: Passing new path to controller.
[robot_mission_runner-4] [INFO] [1780416677.263945135] [robot_mission_runner]: Pose: (-7.96, -52.19), Elapsed: 105s, ETA: 65s, Dist remaining: 1.02m
[component_container_isolated-2] [INFO] [1780416677.372371092] [controller_server]: Passing new path to controller.
[component_container_isolated-2] [INFO] [1780416678.144818805] [controller_server]: Reached the goal!
[component_container_isolated-2] [INFO] [1780416678.145461752] [controller_server]: Optimizer reset
[component_container_isolated-2] [ERROR] [1780416678.167127718] [bt_navigator_navigate_to_pose_rclcpp_node]: Failed to get result for vlm_node/query_bool in node halt!
[component_container_isolated-2] [INFO] [1780416678.167553833] [bt_navigator]: Goal succeeded
[robot_mission_runner-4] [INFO] [1780416678.170863957] [robot_mission_runner]: Navigation result: SUCCEEDED
[vlm_node-3] [INFO] [1780416684.010729099] [vlm_node]: Completed prompt: "Check if there are any small hazards on the ground that would cause harm to the robot if it navigated over it OR the area is blocked by large objects that make it impassable. If so respond only yes. Otherwise, respond no." with response: False
[vlm_node-3] [INFO] [1780416684.012065012] [vlm_node]: VLM_QUERY|QueryBool|success|17.89|1|
[robot_mission_runner-4] [INFO] [1780416688.171347772] [robot_mission_runner]: Navigating to drop, attempt 1/3...
[component_container_isolated-2] [INFO] [1780416688.171784836] [local_costmap.local_costmap]: Received request to clear entirely the local_costmap
[component_container_isolated-2] [INFO] [1780416688.174802750] [global_costmap.global_costmap]: Received request to clear entirely the global_costmap
[robot_mission_runner-4] [INFO] [1780416688.183342629] [robot_mission_runner]: Navigating to goal: -35.5 -36.7...
[component_container_isolated-2] [INFO] [1780416688.183897389] [bt_navigator]: Begin navigating from current location (-7.95, -52.32) to (-35.50, -36.70)
[vlm_node-3] [INFO] [1780416688.185474484] [vlm_node]: Goal received with prompt: Check if there are any small hazards on the ground that would cause harm to the robot if it navigated over it OR the area is blocked by large objects that make it impassable. If so respond only yes. Otherwise, respond no.
[component_container_isolated-2] [WARN] [1780416688.791188196] [planner_server]: Planner loop missed its desired rate of 999999999.0000 Hz. Current loop rate is 1.6667 Hz
[component_container_isolated-2] [INFO] [1780416688.804584464] [controller_server]: Received a goal, begin computing control effort.
[component_container_isolated-2] [WARN] [1780416689.831911599] [planner_server]: Planner loop missed its desired rate of 999999999.0000 Hz. Current loop rate is 100.0000 Hz
[component_container_isolated-2] [INFO] [1780416689.871505133] [controller_server]: Passing new path to controller.
[component_container_isolated-2] [WARN] [1780416690.859265254] [planner_server]: Planner loop missed its desired rate of 999999999.0000 Hz. Current loop rate is 100.0000 Hz
[component_container_isolated-2] [INFO] [1780416690.904857156] [controller_server]: Passing new path to controller.
[component_container_isolated-2] [WARN] [1780416691.898204440] [planner_server]: Planner loop missed its desired rate of 999999999.0000 Hz. Current loop rate is 100.0000 Hz
[component_container_isolated-2] [INFO] [1780416691.938179030] [controller_server]: Passing new path to controller.
[component_container_isolated-2] [WARN] [1780416692.928616827] [planner_server]: Planner loop missed its desired rate of 999999999.0000 Hz. Current loop rate is 100.0000 Hz
[component_container_isolated-2] [INFO] [1780416692.971506684] [controller_server]: Passing new path to controller.
[robot_mission_runner-4] [INFO] [1780416693.294489636] [robot_mission_runner]: Pose: (-11.14, -50.59), Elapsed: 5s, ETA: 23s, Dist remaining: 35.19m
[component_container_isolated-2] [WARN] [1780416693.954540892] [planner_server]: Planner loop missed its desired rate of 999999999.0000 Hz. Current loop rate is 50.0000 Hz
[component_container_isolated-2] [INFO] [1780416694.004832008] [controller_server]: Passing new path to controller.
[component_container_isolated-2] [WARN] [1780416695.003904650] [planner_server]: Planner loop missed its desired rate of 999999999.0000 Hz. Current loop rate is 50.0000 Hz
[component_container_isolated-2] [INFO] [1780416695.038170092] [controller_server]: Passing new path to controller.
[component_container_isolated-2] [WARN] [1780416696.036351605] [planner_server]: Planner loop missed its desired rate of 999999999.0000 Hz. Current loop rate is 100.0000 Hz
[component_container_isolated-2] [INFO] [1780416696.071513485] [controller_server]: Passing new path to controller.
[component_container_isolated-2] [WARN] [1780416697.139500517] [planner_server]: Planner loop missed its desired rate of 999999999.0000 Hz. Current loop rate is 12.5000 Hz
[component_container_isolated-2] [INFO] [1780416697.171502728] [controller_server]: Passing new path to controller.
[component_container_isolated-2] [WARN] [1780416698.177063672] [planner_server]: Planner loop missed its desired rate of 999999999.0000 Hz. Current loop rate is 50.0000 Hz
[component_container_isolated-2] [INFO] [1780416698.204832432] [controller_server]: Passing new path to controller.
[robot_mission_runner-4] [INFO] [1780416698.307739194] [robot_mission_runner]: Pose: (-18.69, -50.58), Elapsed: 10s, ETA: 18s, Dist remaining: 27.53m
[component_container_isolated-2] [WARN] [1780416699.225588689] [planner_server]: Planner loop missed its desired rate of 999999999.0000 Hz. Current loop rate is 33.3333 Hz
[component_container_isolated-2] [INFO] [1780416699.271525960] [controller_server]: Passing new path to controller.
[component_container_isolated-2] [WARN] [1780416700.265071726] [planner_server]: Planner loop missed its desired rate of 999999999.0000 Hz. Current loop rate is 50.0000 Hz
[component_container_isolated-2] [INFO] [1780416700.304831584] [controller_server]: Passing new path to controller.
[component_container_isolated-2] [WARN] [1780416701.319500546] [planner_server]: Planner loop missed its desired rate of 999999999.0000 Hz. Current loop rate is 33.3333 Hz
[component_container_isolated-2] [INFO] [1780416701.338170588] [controller_server]: Passing new path to controller.
[component_container_isolated-2] [WARN] [1780416702.358062185] [planner_server]: Planner loop missed its desired rate of 999999999.0000 Hz. Current loop rate is 33.3333 Hz
[component_container_isolated-2] [INFO] [1780416702.404837326] [controller_server]: Passing new path to controller.
[robot_mission_runner-4] [INFO] [1780416703.319616860] [robot_mission_runner]: Pose: (-26.20, -50.58), Elapsed: 15s, ETA: 13s, Dist remaining: 20.14m
[component_container_isolated-2] [WARN] [1780416703.421208588] [planner_server]: Planner loop missed its desired rate of 999999999.0000 Hz. Current loop rate is 33.3333 Hz
[component_container_isolated-2] [INFO] [1780416703.438163140] [controller_server]: Passing new path to controller.
[component_container_isolated-2] [WARN] [1780416704.462422723] [planner_server]: Planner loop missed its desired rate of 999999999.0000 Hz. Current loop rate is 100.0000 Hz
[component_container_isolated-2] [INFO] [1780416704.504836038] [controller_server]: Passing new path to controller.
[component_container_isolated-2] [WARN] [1780416705.506520207] [planner_server]: Planner loop missed its desired rate of 999999999.0000 Hz. Current loop rate is 50.0000 Hz
[component_container_isolated-2] [INFO] [1780416705.538167271] [controller_server]: Passing new path to controller.
[component_container_isolated-2] [WARN] [1780416706.540358043] [planner_server]: Planner loop missed its desired rate of 999999999.0000 Hz. Current loop rate is 100.0000 Hz
[component_container_isolated-2] [INFO] [1780416706.571512615] [controller_server]: Passing new path to controller.
[vlm_node-3] [INFO] [1780416707.465002729] [vlm_node]: Completed prompt: "Check if there are any small hazards on the ground that would cause harm to the robot if it navigated over it OR the area is blocked by large objects that make it impassable. If so respond only yes. Otherwise, respond no." with response: True
[vlm_node-3] [INFO] [1780416707.465190803] [vlm_node]: VLM_QUERY|QueryBool|success|19.28|1|
[vlm_node-3] [INFO] [1780416707.476401867] [vlm_node]: Goal received with prompt: Is this space too crowded by people or working machinery to move though safely? If so, respond only yes. Otherwise respond no.
[component_container_isolated-2] [WARN] [1780416707.607708317] [planner_server]: Planner loop missed its desired rate of 999999999.0000 Hz. Current loop rate is 20.0000 Hz
[component_container_isolated-2] [INFO] [1780416707.638140374] [controller_server]: Passing new path to controller.
[robot_mission_runner-4] [INFO] [1780416708.331886152] [robot_mission_runner]: Pose: (-33.10, -48.57), Elapsed: 20s, ETA: 8s, Dist remaining: 12.42m
[component_container_isolated-2] [INFO] [1780416708.671497487] [controller_server]: Passing new path to controller.
[component_container_isolated-2] [INFO] [1780416709.671498426] [controller_server]: Passing new path to controller.
[component_container_isolated-2] [WARN] [1780416710.679026839] [planner_server]: Planner loop missed its desired rate of 999999999.0000 Hz. Current loop rate is 100.0000 Hz
[component_container_isolated-2] [INFO] [1780416710.704839519] [controller_server]: Passing new path to controller.
[component_container_isolated-2] [INFO] [1780416711.738170933] [controller_server]: Passing new path to controller.
[component_container_isolated-2] [INFO] [1780416712.771507126] [controller_server]: Passing new path to controller.
[robot_mission_runner-4] [INFO] [1780416713.344400575] [robot_mission_runner]: Pose: (-34.47, -41.37), Elapsed: 25s, ETA: 3s, Dist remaining: 4.91m
[component_container_isolated-2] [INFO] [1780416713.804830150] [controller_server]: Passing new path to controller.
[component_container_isolated-2] [INFO] [1780416714.804832879] [controller_server]: Passing new path to controller.
[component_container_isolated-2] [WARN] [1780416715.814962930] [planner_server]: Planner loop missed its desired rate of 999999999.0000 Hz. Current loop rate is 100.0000 Hz
[component_container_isolated-2] [INFO] [1780416715.838166372] [controller_server]: Passing new path to controller.
[component_container_isolated-2] [WARN] [1780416716.838697842] [planner_server]: Planner loop missed its desired rate of 999999999.0000 Hz. Current loop rate is 100.0000 Hz
[component_container_isolated-2] [INFO] [1780416716.871504685] [controller_server]: Passing new path to controller.
[component_container_isolated-2] [INFO] [1780416717.904834529] [controller_server]: Passing new path to controller.
[robot_mission_runner-4] [INFO] [1780416718.356533121] [robot_mission_runner]: Pose: (-35.49, -36.79), Elapsed: 30s, ETA: 1s, Dist remaining: 0.49m
[component_container_isolated-2] [INFO] [1780416718.525433816] [controller_server]: Reached the goal!
[component_container_isolated-2] [INFO] [1780416718.525676477] [controller_server]: Optimizer reset
[component_container_isolated-2] [ERROR] [1780416718.565570970] [bt_navigator_navigate_to_pose_rclcpp_node]: Failed to get result for vlm_node/query_bool in node halt!
[component_container_isolated-2] [INFO] [1780416718.565883679] [bt_navigator]: Goal succeeded
[robot_mission_runner-4] [INFO] [1780416718.659254527] [robot_mission_runner]: Navigation result: SUCCEEDED
[vlm_node-3] [INFO] [1780416721.267948651] [vlm_node]: Completed prompt: "Is this space too crowded by people or working machinery to move though safely? If so, respond only yes. Otherwise respond no." with response: False
[vlm_node-3] [INFO] [1780416721.268325498] [vlm_node]: VLM_QUERY|QueryBool|success|13.79|1|
[robot_mission_runner-4] [INFO] [1780416728.660118454] [robot_mission_runner]: Mission 1 completed.
[robot_mission_runner-4] [INFO] [1780416728.660367465] [robot_mission_runner]: Picking from {'x': 39.0, 'y': 26.65, 'yaw': -1.5708}, dropping at {'x': -17.5, 'y': 0.18, 'yaw': -1.5708}...
[robot_mission_runner-4] [INFO] [1780416728.660483201] [robot_mission_runner]: Navigating to pick, attempt 1/3...
[component_container_isolated-2] [INFO] [1780416728.660844148] [local_costmap.local_costmap]: Received request to clear entirely the local_costmap
[component_container_isolated-2] [INFO] [1780416728.663255483] [global_costmap.global_costmap]: Received request to clear entirely the global_costmap
[robot_mission_runner-4] [INFO] [1780416728.670951932] [robot_mission_runner]: Navigating to goal: 39.0 26.65...
[component_container_isolated-2] [INFO] [1780416728.671448694] [bt_navigator]: Begin navigating from current location (-35.51, -36.69) to (39.00, 26.65)
[vlm_node-3] [INFO] [1780416728.673848590] [vlm_node]: Goal received with prompt: Check if there are any small hazards on the ground that would cause harm to the robot if it navigated over it OR the area is blocked by large objects that make it impassable. If so respond only yes. Otherwise, respond no.
[component_container_isolated-2] [WARN] [1780416729.428660754] [planner_server]: Planner loop missed its desired rate of 999999999.0000 Hz. Current loop rate is 1.3158 Hz
[component_container_isolated-2] [INFO] [1780416729.442976049] [controller_server]: Received a goal, begin computing control effort.
[component_container_isolated-2] [WARN] [1780416730.625128475] [planner_server]: Planner loop missed its desired rate of 999999999.0000 Hz. Current loop rate is 5.5556 Hz
[component_container_isolated-2] [INFO] [1780416730.643187998] [controller_server]: Passing new path to controller.
[component_container_isolated-2] [WARN] [1780416731.810141000] [planner_server]: Planner loop missed its desired rate of 999999999.0000 Hz. Current loop rate is 6.2500 Hz
[component_container_isolated-2] [INFO] [1780416731.843205204] [controller_server]: Passing new path to controller.
[component_container_isolated-2] [WARN] [1780416732.975339073] [planner_server]: Planner loop missed its desired rate of 999999999.0000 Hz. Current loop rate is 6.2500 Hz
[component_container_isolated-2] [INFO] [1780416733.009880385] [controller_server]: Passing new path to controller.
[robot_mission_runner-4] [INFO] [1780416733.783417749] [robot_mission_runner]: Pose: (-35.43, -37.55), Elapsed: 5s, ETA: 653s, Dist remaining: 156.67m
[component_container_isolated-2] [WARN] [1780416734.152616791] [planner_server]: Planner loop missed its desired rate of 999999999.0000 Hz. Current loop rate is 6.2500 Hz
[component_container_isolated-2] [INFO] [1780416734.176557466] [controller_server]: Passing new path to controller.
[component_container_isolated-2] [WARN] [1780416735.336144118] [planner_server]: Planner loop missed its desired rate of 999999999.0000 Hz. Current loop rate is 6.2500 Hz
[component_container_isolated-2] [INFO] [1780416735.376568142] [controller_server]: Passing new path to controller.
[component_container_isolated-2] [WARN] [1780416736.504123563] [planner_server]: Planner loop missed its desired rate of 999999999.0000 Hz. Current loop rate is 6.2500 Hz
[component_container_isolated-2] [INFO] [1780416736.543203475] [controller_server]: Passing new path to controller.
[component_container_isolated-2] [WARN] [1780416737.686376795] [planner_server]: Planner loop missed its desired rate of 999999999.0000 Hz. Current loop rate is 6.2500 Hz
[component_container_isolated-2] [INFO] [1780416737.709892076] [controller_server]: Passing new path to controller.
[component_container_isolated-2] [WARN] [1780416737.943725001] [controller_server]: Control loop missed its desired rate of 30.0000 Hz. Current loop rate is 33.3333 Hz.
[component_container_isolated-2] [WARN] [1780416738.548985428] [controller_server]: Control loop missed its desired rate of 30.0000 Hz. Current loop rate is 25.0000 Hz.
[robot_mission_runner-4] [INFO] [1780416738.796647275] [robot_mission_runner]: Pose: (-35.35, -38.00), Elapsed: 10s, ETA: 336s, Dist remaining: 155.91m
[component_container_isolated-2] [WARN] [1780416738.871382080] [planner_server]: Planner loop missed its desired rate of 999999999.0000 Hz. Current loop rate is 6.2500 Hz
[component_container_isolated-2] [INFO] [1780416738.915796014] [controller_server]: Passing new path to controller.
[component_container_isolated-2] [WARN] [1780416739.555015284] [controller_server]: Control loop missed its desired rate of 30.0000 Hz. Current loop rate is 25.0000 Hz.
[component_container_isolated-2] [WARN] [1780416740.066059984] [planner_server]: Planner loop missed its desired rate of 999999999.0000 Hz. Current loop rate is 5.8824 Hz
[component_container_isolated-2] [INFO] [1780416740.088489483] [controller_server]: Passing new path to controller.
[component_container_isolated-2] [WARN] [1780416741.248716702] [planner_server]: Planner loop missed its desired rate of 999999999.0000 Hz. Current loop rate is 6.2500 Hz
[component_container_isolated-2] [INFO] [1780416741.288493369] [controller_server]: Passing new path to controller.
[component_container_isolated-2] [WARN] [1780416742.398087543] [planner_server]: Planner loop missed its desired rate of 999999999.0000 Hz. Current loop rate is 7.1429 Hz
[component_container_isolated-2] [INFO] [1780416742.421819276] [controller_server]: Passing new path to controller.
[component_container_isolated-2] [WARN] [1780416743.572401705] [planner_server]: Planner loop missed its desired rate of 999999999.0000 Hz. Current loop rate is 6.2500 Hz
[component_container_isolated-2] [INFO] [1780416743.621829142] [controller_server]: Passing new path to controller.
[robot_mission_runner-4] [INFO] [1780416743.808910186] [robot_mission_runner]: Pose: (-34.36, -42.74), Elapsed: 15s, ETA: 100s, Dist remaining: 150.14m
[component_container_isolated-2] [WARN] [1780416744.750042450] [planner_server]: Planner loop missed its desired rate of 999999999.0000 Hz. Current loop rate is 6.6667 Hz
[component_container_isolated-2] [INFO] [1780416744.788484794] [controller_server]: Passing new path to controller.
[component_container_isolated-2] [WARN] [1780416745.854338201] [planner_server]: Planner loop missed its desired rate of 999999999.0000 Hz. Current loop rate is 11.1111 Hz
[component_container_isolated-2] [INFO] [1780416745.888481167] [controller_server]: Passing new path to controller.
[component_container_isolated-2] [WARN] [1780416746.984962123] [planner_server]: Planner loop missed its desired rate of 999999999.0000 Hz. Current loop rate is 8.3333 Hz
[component_container_isolated-2] [INFO] [1780416747.021825913] [controller_server]: Passing new path to controller.
[component_container_isolated-2] [WARN] [1780416748.092249048] [planner_server]: Planner loop missed its desired rate of 999999999.0000 Hz. Current loop rate is 11.1111 Hz
[component_container_isolated-2] [INFO] [1780416748.121821036] [controller_server]: Passing new path to controller.
[robot_mission_runner-4] [INFO] [1780416748.820498829] [robot_mission_runner]: Pose: (-31.70, -49.29), Elapsed: 20s, ETA: 95s, Dist remaining: 142.56m
[component_container_isolated-2] [WARN] [1780416749.182611860] [planner_server]: Planner loop missed its desired rate of 999999999.0000 Hz. Current loop rate is 14.2857 Hz
[component_container_isolated-2] [INFO] [1780416749.221817608] [controller_server]: Passing new path to controller.
[vlm_node-3] [INFO] [1780416750.232691943] [vlm_node]: Completed prompt: "Check if there are any small hazards on the ground that would cause harm to the robot if it navigated over it OR the area is blocked by large objects that make it impassable. If so respond only yes. Otherwise, respond no." with response: False
[vlm_node-3] [INFO] [1780416750.232934984] [vlm_node]: VLM_QUERY|QueryBool|success|21.56|1|
[vlm_node-3] [INFO] [1780416750.252986627] [vlm_node]: Goal received with prompt: Is this space too crowded by people or working machinery to move though safely? If so, respond only yes. Otherwise respond no.
[component_container_isolated-2] [WARN] [1780416750.265081751] [planner_server]: Planner loop missed its desired rate of 999999999.0000 Hz. Current loop rate is 14.2857 Hz
[component_container_isolated-2] [INFO] [1780416750.288482786] [controller_server]: Passing new path to controller.
[component_container_isolated-2] [WARN] [1780416751.340679403] [planner_server]: Planner loop missed its desired rate of 999999999.0000 Hz. Current loop rate is 20.0000 Hz
[component_container_isolated-2] [INFO] [1780416751.355136114] [controller_server]: Passing new path to controller.
[component_container_isolated-2] [WARN] [1780416752.409976658] [planner_server]: Planner loop missed its desired rate of 999999999.0000 Hz. Current loop rate is 20.0000 Hz
[component_container_isolated-2] [INFO] [1780416752.455118447] [controller_server]: Passing new path to controller.
[component_container_isolated-2] [WARN] [1780416753.483868441] [planner_server]: Planner loop missed its desired rate of 999999999.0000 Hz. Current loop rate is 20.0000 Hz
[component_container_isolated-2] [INFO] [1780416753.521835572] [controller_server]: Passing new path to controller.
[robot_mission_runner-4] [INFO] [1780416753.832508367] [robot_mission_runner]: Pose: (-24.48, -50.44), Elapsed: 25s, ETA: 90s, Dist remaining: 135.32m
[component_container_isolated-2] [WARN] [1780416754.564810705] [planner_server]: Planner loop missed its desired rate of 999999999.0000 Hz. Current loop rate is 16.6667 Hz
[component_container_isolated-2] [INFO] [1780416754.588486580] [controller_server]: Passing new path to controller.
[component_container_isolated-2] [WARN] [1780416755.685033124] [planner_server]: Planner loop missed its desired rate of 999999999.0000 Hz. Current loop rate is 10.0000 Hz
[component_container_isolated-2] [INFO] [1780416755.721829527] [controller_server]: Passing new path to controller.
[component_container_isolated-2] [WARN] [1780416756.795248987] [planner_server]: Planner loop missed its desired rate of 999999999.0000 Hz. Current loop rate is 11.1111 Hz
[component_container_isolated-2] [INFO] [1780416756.821813020] [controller_server]: Passing new path to controller.
[component_container_isolated-2] [WARN] [1780416757.878714072] [planner_server]: Planner loop missed its desired rate of 999999999.0000 Hz. Current loop rate is 16.6667 Hz
[component_container_isolated-2] [INFO] [1780416757.921821042] [controller_server]: Passing new path to controller.
[robot_mission_runner-4] [INFO] [1780416758.845098586] [robot_mission_runner]: Pose: (-16.95, -50.43), Elapsed: 30s, ETA: 85s, Dist remaining: 127.57m
[component_container_isolated-2] [WARN] [1780416758.959720274] [planner_server]: Planner loop missed its desired rate of 999999999.0000 Hz. Current loop rate is 14.2857 Hz
[component_container_isolated-2] [INFO] [1780416758.988479900] [controller_server]: Passing new path to controller.
[component_container_isolated-2] [WARN] [1780416760.013232185] [planner_server]: Planner loop missed its desired rate of 999999999.0000 Hz. Current loop rate is 20.0000 Hz
[component_container_isolated-2] [INFO] [1780416760.055115398] [controller_server]: Passing new path to controller.
[component_container_isolated-2] [WARN] [1780416761.098504687] [planner_server]: Planner loop missed its desired rate of 999999999.0000 Hz. Current loop rate is 14.2857 Hz
[component_container_isolated-2] [INFO] [1780416761.121853273] [controller_server]: Passing new path to controller.
[component_container_isolated-2] [WARN] [1780416762.195763115] [planner_server]: Planner loop missed its desired rate of 999999999.0000 Hz. Current loop rate is 11.1111 Hz
[component_container_isolated-2] [INFO] [1780416762.221829996] [controller_server]: Passing new path to controller.
[component_container_isolated-2] [WARN] [1780416763.273780363] [planner_server]: Planner loop missed its desired rate of 999999999.0000 Hz. Current loop rate is 16.6667 Hz
[component_container_isolated-2] [INFO] [1780416763.322283552] [controller_server]: Passing new path to controller.
[vlm_node-3] [INFO] [1780416763.437933364] [vlm_node]: Completed prompt: "Is this space too crowded by people or working machinery to move though safely? If so, respond only yes. Otherwise respond no." with response: False
[vlm_node-3] [INFO] [1780416763.438221694] [vlm_node]: VLM_QUERY|QueryBool|success|13.19|1|
[vlm_node-3] [INFO] [1780416763.452853998] [vlm_node]: Goal received with prompt: Are there any people visible in this scene? If so, respond only yes. Otherwise respond no.
[robot_mission_runner-4] [INFO] [1780416763.856830353] [robot_mission_runner]: Pose: (-9.44, -50.37), Elapsed: 35s, ETA: 80s, Dist remaining: 120.08m
[component_container_isolated-2] [WARN] [1780416764.335250113] [planner_server]: Planner loop missed its desired rate of 999999999.0000 Hz. Current loop rate is 20.0000 Hz
[component_container_isolated-2] [INFO] [1780416764.355120623] [controller_server]: Passing new path to controller.
[component_container_isolated-2] [WARN] [1780416765.429786968] [planner_server]: Planner loop missed its desired rate of 999999999.0000 Hz. Current loop rate is 14.2857 Hz
[component_container_isolated-2] [INFO] [1780416765.455150044] [controller_server]: Passing new path to controller.
[component_container_isolated-2] [WARN] [1780416766.486593703] [planner_server]: Planner loop missed its desired rate of 999999999.0000 Hz. Current loop rate is 20.0000 Hz
[component_container_isolated-2] [INFO] [1780416766.521812411] [controller_server]: Passing new path to controller.
[component_container_isolated-2] [WARN] [1780416767.541163737] [planner_server]: Planner loop missed its desired rate of 999999999.0000 Hz. Current loop rate is 25.0000 Hz
[component_container_isolated-2] [INFO] [1780416767.588497038] [controller_server]: Passing new path to controller.
[component_container_isolated-2] [WARN] [1780416768.662396870] [planner_server]: Planner loop missed its desired rate of 999999999.0000 Hz. Current loop rate is 11.1111 Hz
[component_container_isolated-2] [INFO] [1780416768.688487920] [controller_server]: Passing new path to controller.
[robot_mission_runner-4] [INFO] [1780416768.868118916] [robot_mission_runner]: Pose: (-2.66, -48.17), Elapsed: 40s, ETA: 75s, Dist remaining: 112.74m
[component_container_isolated-2] [WARN] [1780416769.726287816] [planner_server]: Planner loop missed its desired rate of 999999999.0000 Hz. Current loop rate is 25.0000 Hz
[component_container_isolated-2] [INFO] [1780416769.755122039] [controller_server]: Passing new path to controller.
[component_container_isolated-2] [WARN] [1780416770.788966734] [planner_server]: Planner loop missed its desired rate of 999999999.0000 Hz. Current loop rate is 20.0000 Hz
[component_container_isolated-2] [INFO] [1780416770.821831765] [controller_server]: Passing new path to controller.
[component_container_isolated-2] [WARN] [1780416771.852008109] [planner_server]: Planner loop missed its desired rate of 999999999.0000 Hz. Current loop rate is 25.0000 Hz
[component_container_isolated-2] [INFO] [1780416771.888479723] [controller_server]: Passing new path to controller.
[component_container_isolated-2] [WARN] [1780416772.911033856] [planner_server]: Planner loop missed its desired rate of 999999999.0000 Hz. Current loop rate is 25.0000 Hz
[component_container_isolated-2] [INFO] [1780416772.955116021] [controller_server]: Passing new path to controller.
[robot_mission_runner-4] [INFO] [1780416773.880190401] [robot_mission_runner]: Pose: (0.64, -41.76), Elapsed: 45s, ETA: 69s, Dist remaining: 104.90m
[component_container_isolated-2] [WARN] [1780416773.971314548] [planner_server]: Planner loop missed its desired rate of 999999999.0000 Hz. Current loop rate is 25.0000 Hz
[component_container_isolated-2] [INFO] [1780416774.021830437] [controller_server]: Passing new path to controller.
[vlm_node-3] [INFO] [1780416774.401494099] [vlm_node]: Completed prompt: "Are there any people visible in this scene? If so, respond only yes. Otherwise respond no." with response: False
[vlm_node-3] [INFO] [1780416774.401683783] [vlm_node]: VLM_QUERY|QueryBool|success|10.95|1|
[vlm_node-3] [INFO] [1780416774.413110230] [vlm_node]: Goal received with prompt: Check if there are any small hazards on the ground that would cause harm to the robot if it navigated over it OR the area is blocked by large objects that make it impassable. If so respond only yes. Otherwise, respond no.
[component_container_isolated-2] [WARN] [1780416775.015690292] [planner_server]: Planner loop missed its desired rate of 999999999.0000 Hz. Current loop rate is 33.3333 Hz
[component_container_isolated-2] [INFO] [1780416775.055117571] [controller_server]: Passing new path to controller.
[component_container_isolated-2] [WARN] [1780416776.060718872] [planner_server]: Planner loop missed its desired rate of 999999999.0000 Hz. Current loop rate is 33.3333 Hz
[component_container_isolated-2] [INFO] [1780416776.088492903] [controller_server]: Passing new path to controller.
[component_container_isolated-2] [WARN] [1780416777.133610610] [planner_server]: Planner loop missed its desired rate of 999999999.0000 Hz. Current loop rate is 16.6667 Hz
[component_container_isolated-2] [INFO] [1780416777.155124461] [controller_server]: Passing new path to controller.
[component_container_isolated-2] [WARN] [1780416778.194822819] [planner_server]: Planner loop missed its desired rate of 999999999.0000 Hz. Current loop rate is 25.0000 Hz
[component_container_isolated-2] [INFO] [1780416778.221814238] [controller_server]: Passing new path to controller.
[robot_mission_runner-4] [INFO] [1780416778.893015940] [robot_mission_runner]: Pose: (0.65, -34.23), Elapsed: 50s, ETA: 65s, Dist remaining: 97.60m
[component_container_isolated-2] [WARN] [1780416779.233359369] [planner_server]: Planner loop missed its desired rate of 999999999.0000 Hz. Current loop rate is 50.0000 Hz
[component_container_isolated-2] [INFO] [1780416779.255154790] [controller_server]: Passing new path to controller.
[component_container_isolated-2] [WARN] [1780416780.281549648] [planner_server]: Planner loop missed its desired rate of 999999999.0000 Hz. Current loop rate is 50.0000 Hz
[component_container_isolated-2] [INFO] [1780416780.321818038] [controller_server]: Passing new path to controller.
[component_container_isolated-2] [WARN] [1780416781.330600656] [planner_server]: Planner loop missed its desired rate of 999999999.0000 Hz. Current loop rate is 33.3333 Hz
[component_container_isolated-2] [INFO] [1780416781.355116802] [controller_server]: Passing new path to controller.
[component_container_isolated-2] [WARN] [1780416782.379097974] [planner_server]: Planner loop missed its desired rate of 999999999.0000 Hz. Current loop rate is 25.0000 Hz
[component_container_isolated-2] [INFO] [1780416782.421823907] [controller_server]: Passing new path to controller.
[component_container_isolated-2] [WARN] [1780416783.435010201] [planner_server]: Planner loop missed its desired rate of 999999999.0000 Hz. Current loop rate is 33.3333 Hz
[component_container_isolated-2] [INFO] [1780416783.455151010] [controller_server]: Passing new path to controller.
[robot_mission_runner-4] [INFO] [1780416783.905318386] [robot_mission_runner]: Pose: (0.62, -26.73), Elapsed: 55s, ETA: 59s, Dist remaining: 89.90m
[component_container_isolated-2] [WARN] [1780416784.487854445] [planner_server]: Planner loop missed its desired rate of 999999999.0000 Hz. Current loop rate is 33.3333 Hz
[component_container_isolated-2] [INFO] [1780416784.521815018] [controller_server]: Passing new path to controller.
[component_container_isolated-2] [WARN] [1780416785.519935012] [planner_server]: Planner loop missed its desired rate of 999999999.0000 Hz. Current loop rate is 50.0000 Hz
[component_container_isolated-2] [INFO] [1780416785.555112912] [controller_server]: Passing new path to controller.
[component_container_isolated-2] [WARN] [1780416786.563596120] [planner_server]: Planner loop missed its desired rate of 999999999.0000 Hz. Current loop rate is 33.3333 Hz
[component_container_isolated-2] [INFO] [1780416786.588500752] [controller_server]: Passing new path to controller.
[vlm_node-3] [INFO] [1780416787.033270109] [vlm_node]: Completed prompt: "Check if there are any small hazards on the ground that would cause harm to the robot if it navigated over it OR the area is blocked by large objects that make it impassable. If so respond only yes. Otherwise, respond no." with response: False
[vlm_node-3] [INFO] [1780416787.033463322] [vlm_node]: VLM_QUERY|QueryBool|success|12.62|1|
[vlm_node-3] [INFO] [1780416787.053460837] [vlm_node]: Goal received with prompt: Is this space too crowded by people or working machinery to move though safely? If so, respond only yes. Otherwise respond no.
[component_container_isolated-2] [WARN] [1780416787.608606551] [planner_server]: Planner loop missed its desired rate of 999999999.0000 Hz. Current loop rate is 33.3333 Hz
[component_container_isolated-2] [INFO] [1780416787.655137450] [controller_server]: Passing new path to controller.
[component_container_isolated-2] [WARN] [1780416788.665709106] [planner_server]: Planner loop missed its desired rate of 999999999.0000 Hz. Current loop rate is 33.3333 Hz
[component_container_isolated-2] [INFO] [1780416788.688487632] [controller_server]: Passing new path to controller.
[robot_mission_runner-4] [INFO] [1780416788.916722304] [robot_mission_runner]: Pose: (0.62, -19.22), Elapsed: 60s, ETA: 54s, Dist remaining: 82.41m
[component_container_isolated-2] [WARN] [1780416789.712363268] [planner_server]: Planner loop missed its desired rate of 999999999.0000 Hz. Current loop rate is 50.0000 Hz
[component_container_isolated-2] [INFO] [1780416789.755151300] [controller_server]: Passing new path to controller.
[component_container_isolated-2] [WARN] [1780416790.756487231] [planner_server]: Planner loop missed its desired rate of 999999999.0000 Hz. Current loop rate is 50.0000 Hz
[component_container_isolated-2] [INFO] [1780416790.788484722] [controller_server]: Passing new path to controller.
[component_container_isolated-2] [WARN] [1780416791.792628304] [planner_server]: Planner loop missed its desired rate of 999999999.0000 Hz. Current loop rate is 50.0000 Hz
[component_container_isolated-2] [INFO] [1780416791.821812365] [controller_server]: Passing new path to controller.
[component_container_isolated-2] [WARN] [1780416792.847666271] [planner_server]: Planner loop missed its desired rate of 999999999.0000 Hz. Current loop rate is 25.0000 Hz
[component_container_isolated-2] [INFO] [1780416792.888483452] [controller_server]: Passing new path to controller.
[component_container_isolated-2] [WARN] [1780416793.886596816] [planner_server]: Planner loop missed its desired rate of 999999999.0000 Hz. Current loop rate is 33.3333 Hz
[component_container_isolated-2] [INFO] [1780416793.921815805] [controller_server]: Passing new path to controller.
[robot_mission_runner-4] [INFO] [1780416793.928099843] [robot_mission_runner]: Pose: (0.56, -11.71), Elapsed: 65s, ETA: 50s, Dist remaining: 75.26m
[component_container_isolated-2] [WARN] [1780416794.946271860] [planner_server]: Planner loop missed its desired rate of 999999999.0000 Hz. Current loop rate is 25.0000 Hz
[component_container_isolated-2] [INFO] [1780416794.988483442] [controller_server]: Passing new path to controller.
[component_container_isolated-2] [WARN] [1780416795.987725316] [planner_server]: Planner loop missed its desired rate of 999999999.0000 Hz. Current loop rate is 33.3333 Hz
[component_container_isolated-2] [INFO] [1780416796.021820644] [controller_server]: Passing new path to controller.
[component_container_isolated-2] [WARN] [1780416797.029888917] [planner_server]: Planner loop missed its desired rate of 999999999.0000 Hz. Current loop rate is 33.3333 Hz
[component_container_isolated-2] [INFO] [1780416797.055124657] [controller_server]: Passing new path to controller.
[component_container_isolated-2] [WARN] [1780416798.065758670] [planner_server]: Planner loop missed its desired rate of 999999999.0000 Hz. Current loop rate is 50.0000 Hz
[component_container_isolated-2] [INFO] [1780416798.088493529] [controller_server]: Passing new path to controller.
[robot_mission_runner-4] [INFO] [1780416798.940220365] [robot_mission_runner]: Pose: (0.55, -4.19), Elapsed: 70s, ETA: 45s, Dist remaining: 67.62m
[component_container_isolated-2] [WARN] [1780416799.120475829] [planner_server]: Planner loop missed its desired rate of 999999999.0000 Hz. Current loop rate is 33.3333 Hz
[component_container_isolated-2] [INFO] [1780416799.155150606] [controller_server]: Passing new path to controller.
[component_container_isolated-2] [WARN] [1780416800.154002014] [planner_server]: Planner loop missed its desired rate of 999999999.0000 Hz. Current loop rate is 50.0000 Hz
[component_container_isolated-2] [INFO] [1780416800.188486508] [controller_server]: Passing new path to controller.
[component_container_isolated-2] [WARN] [1780416801.198852781] [planner_server]: Planner loop missed its desired rate of 999999999.0000 Hz. Current loop rate is 33.3333 Hz
[component_container_isolated-2] [INFO] [1780416801.221817841] [controller_server]: Passing new path to controller.
[component_container_isolated-2] [WARN] [1780416802.233115330] [planner_server]: Planner loop missed its desired rate of 999999999.0000 Hz. Current loop rate is 50.0000 Hz
[component_container_isolated-2] [INFO] [1780416802.255155423] [controller_server]: Passing new path to controller.
[component_container_isolated-2] [WARN] [1780416803.283437014] [planner_server]: Planner loop missed its desired rate of 999999999.0000 Hz. Current loop rate is 50.0000 Hz
[component_container_isolated-2] [INFO] [1780416803.321815670] [controller_server]: Passing new path to controller.
[robot_mission_runner-4] [INFO] [1780416803.953084920] [robot_mission_runner]: Pose: (0.41, 3.33), Elapsed: 75s, ETA: 40s, Dist remaining: 60.14m
[component_container_isolated-2] [WARN] [1780416804.326048209] [planner_server]: Planner loop missed its desired rate of 999999999.0000 Hz. Current loop rate is 50.0000 Hz
[component_container_isolated-2] [INFO] [1780416804.355115584] [controller_server]: Passing new path to controller.
[component_container_isolated-2] [WARN] [1780416805.360558430] [planner_server]: Planner loop missed its desired rate of 999999999.0000 Hz. Current loop rate is 50.0000 Hz
[component_container_isolated-2] [INFO] [1780416805.388486515] [controller_server]: Passing new path to controller.
[component_container_isolated-2] [WARN] [1780416806.398614395] [planner_server]: Planner loop missed its desired rate of 999999999.0000 Hz. Current loop rate is 33.3333 Hz
[component_container_isolated-2] [INFO] [1780416806.421813927] [controller_server]: Passing new path to controller.
[component_container_isolated-2] [WARN] [1780416807.445407513] [planner_server]: Planner loop missed its desired rate of 999999999.0000 Hz. Current loop rate is 33.3333 Hz
[component_container_isolated-2] [INFO] [1780416807.488486154] [controller_server]: Passing new path to controller.
[component_container_isolated-2] [WARN] [1780416808.494059185] [planner_server]: Planner loop missed its desired rate of 999999999.0000 Hz. Current loop rate is 50.0000 Hz
[component_container_isolated-2] [INFO] [1780416808.521819597] [controller_server]: Passing new path to controller.
[vlm_node-3] [INFO] [1780416808.920375832] [vlm_node]: Completed prompt: "Is this space too crowded by people or working machinery to move though safely? If so, respond only yes. Otherwise respond no." with response: False
[vlm_node-3] [INFO] [1780416808.920569456] [vlm_node]: VLM_QUERY|QueryBool|success|21.87|1|
[vlm_node-3] [INFO] [1780416808.933651484] [vlm_node]: Goal received with prompt: Are there any people visible in this scene? If so, respond only yes. Otherwise respond no.
[robot_mission_runner-4] [INFO] [1780416808.965636117] [robot_mission_runner]: Pose: (0.42, 10.85), Elapsed: 80s, ETA: 35s, Dist remaining: 52.62m
[component_container_isolated-2] [WARN] [1780416809.536541977] [planner_server]: Planner loop missed its desired rate of 999999999.0000 Hz. Current loop rate is 50.0000 Hz
[component_container_isolated-2] [INFO] [1780416809.555112225] [controller_server]: Passing new path to controller.
[component_container_isolated-2] [WARN] [1780416810.670661017] [planner_server]: Planner loop missed its desired rate of 999999999.0000 Hz. Current loop rate is 9.0909 Hz
[component_container_isolated-2] [INFO] [1780416810.688489014] [controller_server]: Passing new path to controller.
[component_container_isolated-2] [WARN] [1780416811.707861969] [planner_server]: Planner loop missed its desired rate of 999999999.0000 Hz. Current loop rate is 33.3333 Hz
[component_container_isolated-2] [INFO] [1780416811.755167997] [controller_server]: Passing new path to controller.
[component_container_isolated-2] [WARN] [1780416812.751573505] [planner_server]: Planner loop missed its desired rate of 999999999.0000 Hz. Current loop rate is 50.0000 Hz
[component_container_isolated-2] [INFO] [1780416812.788491146] [controller_server]: Passing new path to controller.
[component_container_isolated-2] [WARN] [1780416813.797403231] [planner_server]: Planner loop missed its desired rate of 999999999.0000 Hz. Current loop rate is 33.3333 Hz
[component_container_isolated-2] [INFO] [1780416813.821819817] [controller_server]: Passing new path to controller.
[robot_mission_runner-4] [INFO] [1780416813.978063869] [robot_mission_runner]: Pose: (0.44, 18.35), Elapsed: 85s, ETA: 30s, Dist remaining: 45.27m
[component_container_isolated-2] [WARN] [1780416814.832123614] [planner_server]: Planner loop missed its desired rate of 999999999.0000 Hz. Current loop rate is 50.0000 Hz
[component_container_isolated-2] [INFO] [1780416814.855150230] [controller_server]: Passing new path to controller.
[component_container_isolated-2] [WARN] [1780416815.877467971] [planner_server]: Planner loop missed its desired rate of 999999999.0000 Hz. Current loop rate is 50.0000 Hz
[component_container_isolated-2] [INFO] [1780416815.921817567] [controller_server]: Passing new path to controller.
[component_container_isolated-2] [WARN] [1780416816.926177008] [planner_server]: Planner loop missed its desired rate of 999999999.0000 Hz. Current loop rate is 50.0000 Hz
[component_container_isolated-2] [INFO] [1780416816.955114584] [controller_server]: Passing new path to controller.
[vlm_node-3] [INFO] [1780416817.786527301] [vlm_node]: Completed prompt: "Are there any people visible in this scene? If so, respond only yes. Otherwise respond no." with response: False
[vlm_node-3] [INFO] [1780416817.787428577] [vlm_node]: VLM_QUERY|QueryBool|success|8.85|1|
[vlm_node-3] [INFO] [1780416817.794203115] [vlm_node]: Goal received with prompt: Check if there are any small hazards on the ground that would cause harm to the robot if it navigated over it OR the area is blocked by large objects that make it impassable. If so respond only yes. Otherwise, respond no.
[component_container_isolated-2] [WARN] [1780416817.949144335] [planner_server]: Planner loop missed its desired rate of 999999999.0000 Hz. Current loop rate is 100.0000 Hz
[component_container_isolated-2] [INFO] [1780416817.988487103] [controller_server]: Passing new path to controller.
[component_container_isolated-2] [WARN] [1780416818.970019906] [planner_server]: Planner loop missed its desired rate of 999999999.0000 Hz. Current loop rate is 100.0000 Hz
[component_container_isolated-2] [INFO] [1780416818.988479498] [controller_server]: Passing new path to controller.
[robot_mission_runner-4] [INFO] [1780416818.992142033] [robot_mission_runner]: Pose: (2.63, 25.11), Elapsed: 90s, ETA: 25s, Dist remaining: 37.61m
[component_container_isolated-2] [WARN] [1780416820.002609254] [planner_server]: Planner loop missed its desired rate of 999999999.0000 Hz. Current loop rate is 100.0000 Hz
[component_container_isolated-2] [INFO] [1780416820.055144398] [controller_server]: Passing new path to controller.
[component_container_isolated-2] [WARN] [1780416821.046249025] [planner_server]: Planner loop missed its desired rate of 999999999.0000 Hz. Current loop rate is 100.0000 Hz
[component_container_isolated-2] [INFO] [1780416821.088497854] [controller_server]: Passing new path to controller.
[component_container_isolated-2] [WARN] [1780416822.129815511] [planner_server]: Planner loop missed its desired rate of 999999999.0000 Hz. Current loop rate is 16.6667 Hz
[component_container_isolated-2] [INFO] [1780416822.155156496] [controller_server]: Passing new path to controller.
[component_container_isolated-2] [WARN] [1780416823.154289028] [planner_server]: Planner loop missed its desired rate of 999999999.0000 Hz. Current loop rate is 100.0000 Hz
[component_container_isolated-2] [INFO] [1780416823.188477957] [controller_server]: Passing new path to controller.
[component_container_isolated-2] [INFO] [1780416824.188479790] [controller_server]: Passing new path to controller.
[robot_mission_runner-4] [INFO] [1780416824.205852705] [robot_mission_runner]: Pose: (9.99, 26.52), Elapsed: 95s, ETA: 19s, Dist remaining: 29.77m
[component_container_isolated-2] [WARN] [1780416825.203310842] [planner_server]: Planner loop missed its desired rate of 999999999.0000 Hz. Current loop rate is 50.0000 Hz
[component_container_isolated-2] [INFO] [1780416825.255149367] [controller_server]: Passing new path to controller.
[component_container_isolated-2] [WARN] [1780416826.241248243] [planner_server]: Planner loop missed its desired rate of 999999999.0000 Hz. Current loop rate is 100.0000 Hz
[component_container_isolated-2] [INFO] [1780416826.255117670] [controller_server]: Passing new path to controller.
[component_container_isolated-2] [WARN] [1780416827.272899413] [planner_server]: Planner loop missed its desired rate of 999999999.0000 Hz. Current loop rate is 100.0000 Hz
[component_container_isolated-2] [INFO] [1780416827.321830930] [controller_server]: Passing new path to controller.
[component_container_isolated-2] [WARN] [1780416828.312394537] [planner_server]: Planner loop missed its desired rate of 999999999.0000 Hz. Current loop rate is 100.0000 Hz
[component_container_isolated-2] [INFO] [1780416828.355147387] [controller_server]: Passing new path to controller.
[robot_mission_runner-4] [INFO] [1780416829.219044796] [robot_mission_runner]: Pose: (17.50, 26.53), Elapsed: 100s, ETA: 14s, Dist remaining: 22.35m
[component_container_isolated-2] [INFO] [1780416829.388478347] [controller_server]: Passing new path to controller.
[component_container_isolated-2] [INFO] [1780416830.388458747] [controller_server]: Passing new path to controller.
[component_container_isolated-2] [WARN] [1780416831.398575715] [planner_server]: Planner loop missed its desired rate of 999999999.0000 Hz. Current loop rate is 100.0000 Hz
[component_container_isolated-2] [INFO] [1780416831.421834094] [controller_server]: Passing new path to controller.
[component_container_isolated-2] [INFO] [1780416832.455121186] [controller_server]: Passing new path to controller.
[component_container_isolated-2] [INFO] [1780416833.488504261] [controller_server]: Passing new path to controller.
[vlm_node-3] [INFO] [1780416833.764255151] [vlm_node]: Completed prompt: "Check if there are any small hazards on the ground that would cause harm to the robot if it navigated over it OR the area is blocked by large objects that make it impassable. If so respond only yes. Otherwise, respond no." with response: False
[vlm_node-3] [INFO] [1780416833.764617415] [vlm_node]: VLM_QUERY|QueryBool|success|15.97|1|
[vlm_node-3] [INFO] [1780416833.783988183] [vlm_node]: Goal received with prompt: Is this space too crowded by people or working machinery to move though safely? If so, respond only yes. Otherwise respond no.
[robot_mission_runner-4] [INFO] [1780416834.232528741] [robot_mission_runner]: Pose: (25.02, 26.54), Elapsed: 105s, ETA: 9s, Dist remaining: 14.80m
[component_container_isolated-2] [INFO] [1780416834.521790710] [controller_server]: Passing new path to controller.
[component_container_isolated-2] [INFO] [1780416835.555116443] [controller_server]: Passing new path to controller.
[component_container_isolated-2] [INFO] [1780416836.555144911] [controller_server]: Passing new path to controller.
[component_container_isolated-2] [WARN] [1780416837.619613342] [planner_server]: Planner loop missed its desired rate of 999999999.0000 Hz. Current loop rate is 16.6667 Hz
[component_container_isolated-2] [INFO] [1780416837.655114854] [controller_server]: Passing new path to controller.
[component_container_isolated-2] [INFO] [1780416838.655114733] [controller_server]: Passing new path to controller.
[robot_mission_runner-4] [INFO] [1780416839.243868624] [robot_mission_runner]: Pose: (32.54, 26.52), Elapsed: 110s, ETA: 4s, Dist remaining: 7.38m
[component_container_isolated-2] [INFO] [1780416839.688480971] [controller_server]: Passing new path to controller.
[component_container_isolated-2] [INFO] [1780416840.721827233] [controller_server]: Passing new path to controller.
[component_container_isolated-2] [INFO] [1780416841.755118291] [controller_server]: Passing new path to controller.
[component_container_isolated-2] [INFO] [1780416842.788475531] [controller_server]: Passing new path to controller.
[component_container_isolated-2] [INFO] [1780416843.788486638] [controller_server]: Passing new path to controller.
[robot_mission_runner-4] [INFO] [1780416844.256482624] [robot_mission_runner]: Pose: (38.07, 26.67), Elapsed: 115s, ETA: 3s, Dist remaining: 1.91m
[component_container_isolated-2] [INFO] [1780416844.821824709] [controller_server]: Passing new path to controller.
[component_container_isolated-2] [INFO] [1780416845.855123035] [controller_server]: Passing new path to controller.
[component_container_isolated-2] [INFO] [1780416846.888482695] [controller_server]: Passing new path to controller.
[vlm_node-3] [INFO] [1780416847.149957028] [vlm_node]: Completed prompt: "Is this space too crowded by people or working machinery to move though safely? If so, respond only yes. Otherwise respond no." with response: False
[vlm_node-3] [INFO] [1780416847.150193724] [vlm_node]: VLM_QUERY|QueryBool|success|13.37|1|
[vlm_node-3] [INFO] [1780416847.163222565] [vlm_node]: Goal received with prompt: Are there any people visible in this scene? If so, respond only yes. Otherwise respond no.
[component_container_isolated-2] [INFO] [1780416847.888502995] [controller_server]: Passing new path to controller.
[component_container_isolated-2] [INFO] [1780416848.492158292] [controller_server]: Reached the goal!
[component_container_isolated-2] [INFO] [1780416848.492309009] [controller_server]: Optimizer reset
[component_container_isolated-2] [ERROR] [1780416848.532943225] [bt_navigator_navigate_to_pose_rclcpp_node]: Failed to get result for vlm_node/query_bool in node halt!
[component_container_isolated-2] [INFO] [1780416848.533208441] [bt_navigator]: Goal succeeded
[robot_mission_runner-4] [INFO] [1780416848.570030068] [robot_mission_runner]: Navigation result: SUCCEEDED
[vlm_node-3] [INFO] [1780416855.893468951] [vlm_node]: Completed prompt: "Are there any people visible in this scene? If so, respond only yes. Otherwise respond no." with response: False
[vlm_node-3] [INFO] [1780416855.893714737] [vlm_node]: VLM_QUERY|QueryBool|success|8.73|1|
[robot_mission_runner-4] [INFO] [1780416858.570551231] [robot_mission_runner]: Navigating to drop, attempt 1/3...
[component_container_isolated-2] [INFO] [1780416858.571065193] [local_costmap.local_costmap]: Received request to clear entirely the local_costmap
[component_container_isolated-2] [INFO] [1780416858.574889120] [global_costmap.global_costmap]: Received request to clear entirely the global_costmap
[robot_mission_runner-4] [INFO] [1780416858.599285089] [robot_mission_runner]: Navigating to goal: -17.5 0.18...
[component_container_isolated-2] [INFO] [1780416858.600123185] [bt_navigator]: Begin navigating from current location (38.88, 26.45) to (-17.50, 0.18)
[vlm_node-3] [INFO] [1780416858.601861287] [vlm_node]: Goal received with prompt: Check if there are any small hazards on the ground that would cause harm to the robot if it navigated over it OR the area is blocked by large objects that make it impassable. If so respond only yes. Otherwise, respond no.
[component_container_isolated-2] [WARN] [1780416859.286809359] [planner_server]: Planner loop missed its desired rate of 999999999.0000 Hz. Current loop rate is 1.4493 Hz
[component_container_isolated-2] [INFO] [1780416859.301337479] [controller_server]: Received a goal, begin computing control effort.
[component_container_isolated-2] [WARN] [1780416860.341400143] [planner_server]: Planner loop missed its desired rate of 999999999.0000 Hz. Current loop rate is 33.3333 Hz
[component_container_isolated-2] [INFO] [1780416860.368199081] [controller_server]: Passing new path to controller.
[component_container_isolated-2] [WARN] [1780416861.403032156] [planner_server]: Planner loop missed its desired rate of 999999999.0000 Hz. Current loop rate is 25.0000 Hz
[component_container_isolated-2] [INFO] [1780416861.434872580] [controller_server]: Passing new path to controller.
[component_container_isolated-2] [WARN] [1780416862.452113340] [planner_server]: Planner loop missed its desired rate of 999999999.0000 Hz. Current loop rate is 33.3333 Hz
[component_container_isolated-2] [INFO] [1780416862.501543382] [controller_server]: Passing new path to controller.
[component_container_isolated-2] [WARN] [1780416863.512981273] [planner_server]: Planner loop missed its desired rate of 999999999.0000 Hz. Current loop rate is 25.0000 Hz
[component_container_isolated-2] [INFO] [1780416863.534870030] [controller_server]: Passing new path to controller.
[robot_mission_runner-4] [INFO] [1780416863.711430842] [robot_mission_runner]: Pose: (36.65, 25.89), Elapsed: 5s, ETA: 67s, Dist remaining: 82.30m
[component_container_isolated-2] [WARN] [1780416864.577401671] [planner_server]: Planner loop missed its desired rate of 999999999.0000 Hz. Current loop rate is 20.0000 Hz
[component_container_isolated-2] [INFO] [1780416864.601546350] [controller_server]: Passing new path to controller.
[component_container_isolated-2] [WARN] [1780416865.647328402] [planner_server]: Planner loop missed its desired rate of 999999999.0000 Hz. Current loop rate is 16.6667 Hz
[component_container_isolated-2] [INFO] [1780416865.668207724] [controller_server]: Passing new path to controller.
[component_container_isolated-2] [WARN] [1780416866.534821629] [controller_server]: Control loop missed its desired rate of 30.0000 Hz. Current loop rate is 25.0000 Hz.
[component_container_isolated-2] [WARN] [1780416866.702558541] [planner_server]: Planner loop missed its desired rate of 999999999.0000 Hz. Current loop rate is 25.0000 Hz
[component_container_isolated-2] [INFO] [1780416866.734954091] [controller_server]: Passing new path to controller.
[component_container_isolated-2] [WARN] [1780416867.764771508] [planner_server]: Planner loop missed its desired rate of 999999999.0000 Hz. Current loop rate is 33.3333 Hz
[component_container_isolated-2] [INFO] [1780416867.801637172] [controller_server]: Passing new path to controller.
[robot_mission_runner-4] [INFO] [1780416868.723341465] [robot_mission_runner]: Pose: (29.35, 26.52), Elapsed: 10s, ETA: 50s, Dist remaining: 75.29m
[component_container_isolated-2] [WARN] [1780416868.830099008] [planner_server]: Planner loop missed its desired rate of 999999999.0000 Hz. Current loop rate is 25.0000 Hz
[component_container_isolated-2] [INFO] [1780416868.834956006] [controller_server]: Passing new path to controller.
[component_container_isolated-2] [WARN] [1780416869.883711978] [planner_server]: Planner loop missed its desired rate of 999999999.0000 Hz. Current loop rate is 20.0000 Hz
[component_container_isolated-2] [INFO] [1780416869.901644617] [controller_server]: Passing new path to controller.
[component_container_isolated-2] [WARN] [1780416870.951444685] [planner_server]: Planner loop missed its desired rate of 999999999.0000 Hz. Current loop rate is 25.0000 Hz
[component_container_isolated-2] [INFO] [1780416871.001620512] [controller_server]: Passing new path to controller.
[component_container_isolated-2] [WARN] [1780416872.026452073] [planner_server]: Planner loop missed its desired rate of 999999999.0000 Hz. Current loop rate is 25.0000 Hz
[component_container_isolated-2] [INFO] [1780416872.068313297] [controller_server]: Passing new path to controller.
[component_container_isolated-2] [WARN] [1780416873.083314280] [planner_server]: Planner loop missed its desired rate of 999999999.0000 Hz. Current loop rate is 25.0000 Hz
[component_container_isolated-2] [INFO] [1780416873.101616991] [controller_server]: Passing new path to controller.
[robot_mission_runner-4] [INFO] [1780416873.735666524] [robot_mission_runner]: Pose: (21.84, 26.58), Elapsed: 15s, ETA: 44s, Dist remaining: 67.42m
[component_container_isolated-2] [WARN] [1780416874.139823778] [planner_server]: Planner loop missed its desired rate of 999999999.0000 Hz. Current loop rate is 25.0000 Hz
[component_container_isolated-2] [INFO] [1780416874.168288266] [controller_server]: Passing new path to controller.
[component_container_isolated-2] [WARN] [1780416875.194835657] [planner_server]: Planner loop missed its desired rate of 999999999.0000 Hz. Current loop rate is 25.0000 Hz
[component_container_isolated-2] [INFO] [1780416875.234961906] [controller_server]: Passing new path to controller.
[component_container_isolated-2] [WARN] [1780416876.251887746] [planner_server]: Planner loop missed its desired rate of 999999999.0000 Hz. Current loop rate is 25.0000 Hz
[component_container_isolated-2] [INFO] [1780416876.301629240] [controller_server]: Passing new path to controller.
[vlm_node-3] [INFO] [1780416877.259522451] [vlm_node]: Completed prompt: "Check if there are any small hazards on the ground that would cause harm to the robot if it navigated over it OR the area is blocked by large objects that make it impassable. If so respond only yes. Otherwise, respond no." with response: True
[vlm_node-3] [INFO] [1780416877.259720178] [vlm_node]: VLM_QUERY|QueryBool|success|18.66|1|
[vlm_node-3] [INFO] [1780416877.271997459] [vlm_node]: Goal received with prompt: Is this space too crowded by people or working machinery to move though safely? If so, respond only yes. Otherwise respond no.
[component_container_isolated-2] [WARN] [1780416877.293321736] [planner_server]: Planner loop missed its desired rate of 999999999.0000 Hz. Current loop rate is 50.0000 Hz
[component_container_isolated-2] [INFO] [1780416877.334961107] [controller_server]: Passing new path to controller.
[component_container_isolated-2] [WARN] [1780416878.343441884] [planner_server]: Planner loop missed its desired rate of 999999999.0000 Hz. Current loop rate is 50.0000 Hz
[component_container_isolated-2] [INFO] [1780416878.368281910] [controller_server]: Passing new path to controller.
[robot_mission_runner-4] [INFO] [1780416878.745870729] [robot_mission_runner]: Pose: (14.32, 26.53), Elapsed: 20s, ETA: 40s, Dist remaining: 60.10m
[component_container_isolated-2] [WARN] [1780416879.040829076] [controller_server]: Control loop missed its desired rate of 30.0000 Hz. Current loop rate is 25.0000 Hz.
[component_container_isolated-2] [WARN] [1780416879.141220980] [controller_server]: Control loop missed its desired rate of 30.0000 Hz. Current loop rate is 25.0000 Hz.
[component_container_isolated-2] [WARN] [1780416879.245806333] [controller_server]: Control loop missed its desired rate of 30.0000 Hz. Current loop rate is 25.0000 Hz.
[component_container_isolated-2] [WARN] [1780416879.389248871] [planner_server]: Planner loop missed its desired rate of 999999999.0000 Hz. Current loop rate is 50.0000 Hz
[component_container_isolated-2] [INFO] [1780416879.412611972] [controller_server]: Passing new path to controller.
[component_container_isolated-2] [WARN] [1780416880.434314427] [planner_server]: Planner loop missed its desired rate of 999999999.0000 Hz. Current loop rate is 33.3333 Hz
[component_container_isolated-2] [INFO] [1780416880.479280578] [controller_server]: Passing new path to controller.
[component_container_isolated-2] [WARN] [1780416881.492819689] [planner_server]: Planner loop missed its desired rate of 999999999.0000 Hz. Current loop rate is 25.0000 Hz
[component_container_isolated-2] [INFO] [1780416881.512602870] [controller_server]: Passing new path to controller.
[component_container_isolated-2] [WARN] [1780416882.551972386] [planner_server]: Planner loop missed its desired rate of 999999999.0000 Hz. Current loop rate is 33.3333 Hz
[component_container_isolated-2] [INFO] [1780416882.579258777] [controller_server]: Passing new path to controller.
[component_container_isolated-2] [WARN] [1780416883.656860730] [planner_server]: Planner loop missed its desired rate of 999999999.0000 Hz. Current loop rate is 14.2857 Hz
[component_container_isolated-2] [INFO] [1780416883.679260025] [controller_server]: Passing new path to controller.
[robot_mission_runner-4] [INFO] [1780416883.758751046] [robot_mission_runner]: Pose: (6.81, 26.52), Elapsed: 25s, ETA: 35s, Dist remaining: 52.50m
[component_container_isolated-2] [WARN] [1780416884.701891319] [planner_server]: Planner loop missed its desired rate of 999999999.0000 Hz. Current loop rate is 50.0000 Hz
[component_container_isolated-2] [INFO] [1780416884.745938600] [controller_server]: Passing new path to controller.
[component_container_isolated-2] [WARN] [1780416885.755606195] [planner_server]: Planner loop missed its desired rate of 999999999.0000 Hz. Current loop rate is 50.0000 Hz
[component_container_isolated-2] [INFO] [1780416885.779260786] [controller_server]: Passing new path to controller.
[component_container_isolated-2] [WARN] [1780416886.808391723] [planner_server]: Planner loop missed its desired rate of 999999999.0000 Hz. Current loop rate is 50.0000 Hz
[component_container_isolated-2] [INFO] [1780416886.845930183] [controller_server]: Passing new path to controller.
[component_container_isolated-2] [WARN] [1780416887.848393278] [planner_server]: Planner loop missed its desired rate of 999999999.0000 Hz. Current loop rate is 33.3333 Hz
[component_container_isolated-2] [INFO] [1780416887.879260693] [controller_server]: Passing new path to controller.
[robot_mission_runner-4] [INFO] [1780416888.771467372] [robot_mission_runner]: Pose: (-0.70, 26.67), Elapsed: 30s, ETA: 29s, Dist remaining: 44.83m
[component_container_isolated-2] [WARN] [1780416888.905281568] [planner_server]: Planner loop missed its desired rate of 999999999.0000 Hz. Current loop rate is 25.0000 Hz
[component_container_isolated-2] [INFO] [1780416888.945931332] [controller_server]: Passing new path to controller.
[component_container_isolated-2] [WARN] [1780416889.967480880] [planner_server]: Planner loop missed its desired rate of 999999999.0000 Hz. Current loop rate is 33.3333 Hz
[component_container_isolated-2] [INFO] [1780416890.012605595] [controller_server]: Passing new path to controller.
[component_container_isolated-2] [WARN] [1780416891.021263945] [planner_server]: Planner loop missed its desired rate of 999999999.0000 Hz. Current loop rate is 33.3333 Hz
[component_container_isolated-2] [INFO] [1780416891.045927144] [controller_server]: Passing new path to controller.
[component_container_isolated-2] [WARN] [1780416892.070125441] [planner_server]: Planner loop missed its desired rate of 999999999.0000 Hz. Current loop rate is 33.3333 Hz
[component_container_isolated-2] [INFO] [1780416892.079275121] [controller_server]: Passing new path to controller.
[component_container_isolated-2] [WARN] [1780416893.153184125] [planner_server]: Planner loop missed its desired rate of 999999999.0000 Hz. Current loop rate is 14.2857 Hz
[component_container_isolated-2] [INFO] [1780416893.179280587] [controller_server]: Passing new path to controller.
[robot_mission_runner-4] [INFO] [1780416893.786871503] [robot_mission_runner]: Pose: (-8.06, 27.77), Elapsed: 35s, ETA: 25s, Dist remaining: 37.86m
[component_container_isolated-2] [WARN] [1780416894.204221025] [planner_server]: Planner loop missed its desired rate of 999999999.0000 Hz. Current loop rate is 50.0000 Hz
[component_container_isolated-2] [INFO] [1780416894.245931973] [controller_server]: Passing new path to controller.
[component_container_isolated-2] [WARN] [1780416895.252128087] [planner_server]: Planner loop missed its desired rate of 999999999.0000 Hz. Current loop rate is 50.0000 Hz
[component_container_isolated-2] [INFO] [1780416895.279262950] [controller_server]: Passing new path to controller.
[component_container_isolated-2] [WARN] [1780416896.292053196] [planner_server]: Planner loop missed its desired rate of 999999999.0000 Hz. Current loop rate is 50.0000 Hz
[component_container_isolated-2] [INFO] [1780416896.312593665] [controller_server]: Passing new path to controller.
[component_container_isolated-2] [WARN] [1780416897.045880200] [controller_server]: Control loop missed its desired rate of 30.0000 Hz. Current loop rate is 33.3333 Hz.
[component_container_isolated-2] [WARN] [1780416897.352034090] [planner_server]: Planner loop missed its desired rate of 999999999.0000 Hz. Current loop rate is 25.0000 Hz
[component_container_isolated-2] [INFO] [1780416897.379354808] [controller_server]: Passing new path to controller.
[component_container_isolated-2] [WARN] [1780416898.401005244] [planner_server]: Planner loop missed its desired rate of 999999999.0000 Hz. Current loop rate is 33.3333 Hz
[component_container_isolated-2] [INFO] [1780416898.446028888] [controller_server]: Passing new path to controller.
[robot_mission_runner-4] [INFO] [1780416898.799598921] [robot_mission_runner]: Pose: (-15.49, 27.83), Elapsed: 40s, ETA: 19s, Dist remaining: 29.98m
[component_container_isolated-2] [WARN] [1780416899.448649209] [planner_server]: Planner loop missed its desired rate of 999999999.0000 Hz. Current loop rate is 50.0000 Hz
[component_container_isolated-2] [INFO] [1780416899.479351145] [controller_server]: Passing new path to controller.
[component_container_isolated-2] [WARN] [1780416900.483632825] [planner_server]: Planner loop missed its desired rate of 999999999.0000 Hz. Current loop rate is 50.0000 Hz
[component_container_isolated-2] [INFO] [1780416900.512683080] [controller_server]: Passing new path to controller.
[component_container_isolated-2] [WARN] [1780416901.525865421] [planner_server]: Planner loop missed its desired rate of 999999999.0000 Hz. Current loop rate is 33.3333 Hz
[component_container_isolated-2] [INFO] [1780416901.546035233] [controller_server]: Passing new path to controller.
[component_container_isolated-2] [WARN] [1780416902.556048199] [planner_server]: Planner loop missed its desired rate of 999999999.0000 Hz. Current loop rate is 50.0000 Hz
[component_container_isolated-2] [INFO] [1780416902.579354264] [controller_server]: Passing new path to controller.
[component_container_isolated-2] [WARN] [1780416903.651742018] [planner_server]: Planner loop missed its desired rate of 999999999.0000 Hz. Current loop rate is 14.2857 Hz
[component_container_isolated-2] [INFO] [1780416903.679352556] [controller_server]: Passing new path to controller.
[robot_mission_runner-4] [INFO] [1780416903.812932376] [robot_mission_runner]: Pose: (-18.65, 21.91), Elapsed: 45s, ETA: 14s, Dist remaining: 22.21m
[component_container_isolated-2] [WARN] [1780416904.697990014] [planner_server]: Planner loop missed its desired rate of 999999999.0000 Hz. Current loop rate is 50.0000 Hz
[component_container_isolated-2] [INFO] [1780416904.712683902] [controller_server]: Passing new path to controller.
[vlm_node-3] [INFO] [1780416905.167632027] [vlm_node]: Completed prompt: "Is this space too crowded by people or working machinery to move though safely? If so, respond only yes. Otherwise respond no." with response: False
[vlm_node-3] [INFO] [1780416905.167842883] [vlm_node]: VLM_QUERY|QueryBool|success|27.90|1|
[vlm_node-3] [INFO] [1780416905.181837953] [vlm_node]: Goal received with prompt: Are there any people visible in this scene? If so, respond only yes. Otherwise respond no.
[component_container_isolated-2] [WARN] [1780416905.731263350] [planner_server]: Planner loop missed its desired rate of 999999999.0000 Hz. Current loop rate is 100.0000 Hz
[component_container_isolated-2] [INFO] [1780416905.779374370] [controller_server]: Passing new path to controller.
[component_container_isolated-2] [WARN] [1780416906.768565422] [planner_server]: Planner loop missed its desired rate of 999999999.0000 Hz. Current loop rate is 100.0000 Hz
[component_container_isolated-2] [INFO] [1780416906.812683972] [controller_server]: Passing new path to controller.
[component_container_isolated-2] [WARN] [1780416907.162713879] [controller_server]: Control loop missed its desired rate of 30.0000 Hz. Current loop rate is 20.0000 Hz.
[component_container_isolated-2] [WARN] [1780416907.433159898] [controller_server]: Control loop missed its desired rate of 30.0000 Hz. Current loop rate is 25.0000 Hz.
[component_container_isolated-2] [WARN] [1780416907.794276951] [planner_server]: Planner loop missed its desired rate of 999999999.0000 Hz. Current loop rate is 100.0000 Hz
[component_container_isolated-2] [INFO] [1780416907.833273011] [controller_server]: Passing new path to controller.
[robot_mission_runner-4] [INFO] [1780416908.822973945] [robot_mission_runner]: Pose: (-19.75, 14.52), Elapsed: 50s, ETA: 10s, Dist remaining: 15.12m
[component_container_isolated-2] [WARN] [1780416908.833677962] [planner_server]: Planner loop missed its desired rate of 999999999.0000 Hz. Current loop rate is 50.0000 Hz
[component_container_isolated-2] [INFO] [1780416908.866620370] [controller_server]: Passing new path to controller.
[component_container_isolated-2] [WARN] [1780416909.738426635] [controller_server]: Control loop missed its desired rate of 30.0000 Hz. Current loop rate is 25.0000 Hz.
[component_container_isolated-2] [WARN] [1780416909.843733690] [controller_server]: Control loop missed its desired rate of 30.0000 Hz. Current loop rate is 25.0000 Hz.
[component_container_isolated-2] [WARN] [1780416909.865561168] [planner_server]: Planner loop missed its desired rate of 999999999.0000 Hz. Current loop rate is 50.0000 Hz
[component_container_isolated-2] [INFO] [1780416909.910513829] [controller_server]: Passing new path to controller.
[component_container_isolated-2] [WARN] [1780416910.901081266] [planner_server]: Planner loop missed its desired rate of 999999999.0000 Hz. Current loop rate is 100.0000 Hz
[component_container_isolated-2] [INFO] [1780416910.943861835] [controller_server]: Passing new path to controller.
[component_container_isolated-2] [WARN] [1780416911.934529991] [planner_server]: Planner loop missed its desired rate of 999999999.0000 Hz. Current loop rate is 50.0000 Hz
[component_container_isolated-2] [INFO] [1780416911.977188620] [controller_server]: Passing new path to controller.
[component_container_isolated-2] [WARN] [1780416912.967771749] [planner_server]: Planner loop missed its desired rate of 999999999.0000 Hz. Current loop rate is 100.0000 Hz
[component_container_isolated-2] [INFO] [1780416913.010534185] [controller_server]: Passing new path to controller.
[robot_mission_runner-4] [INFO] [1780416913.834487021] [robot_mission_runner]: Pose: (-18.52, 7.19), Elapsed: 55s, ETA: 4s, Dist remaining: 7.21m
[component_container_isolated-2] [WARN] [1780416913.998362723] [planner_server]: Planner loop missed its desired rate of 999999999.0000 Hz. Current loop rate is 100.0000 Hz
[component_container_isolated-2] [INFO] [1780416914.043853167] [controller_server]: Passing new path to controller.
[component_container_isolated-2] [WARN] [1780416915.032385942] [planner_server]: Planner loop missed its desired rate of 999999999.0000 Hz. Current loop rate is 50.0000 Hz
[component_container_isolated-2] [INFO] [1780416915.077217788] [controller_server]: Passing new path to controller.
[component_container_isolated-2] [WARN] [1780416916.131865820] [planner_server]: Planner loop missed its desired rate of 999999999.0000 Hz. Current loop rate is 12.5000 Hz
[component_container_isolated-2] [INFO] [1780416916.177178256] [controller_server]: Passing new path to controller.
[component_container_isolated-2] [WARN] [1780416917.163755415] [planner_server]: Planner loop missed its desired rate of 999999999.0000 Hz. Current loop rate is 50.0000 Hz
[component_container_isolated-2] [INFO] [1780416917.210512273] [controller_server]: Passing new path to controller.
[component_container_isolated-2] [WARN] [1780416918.198588276] [planner_server]: Planner loop missed its desired rate of 999999999.0000 Hz. Current loop rate is 100.0000 Hz
[component_container_isolated-2] [INFO] [1780416918.243851960] [controller_server]: Passing new path to controller.
[vlm_node-3] [INFO] [1780416918.589600857] [vlm_node]: Completed prompt: "Are there any people visible in this scene? If so, respond only yes. Otherwise respond no." with response: False
[vlm_node-3] [INFO] [1780416918.589799664] [vlm_node]: VLM_QUERY|QueryBool|success|13.41|1|
[vlm_node-3] [INFO] [1780416918.604882418] [vlm_node]: Goal received with prompt: Check if there are any small hazards on the ground that would cause harm to the robot if it navigated over it OR the area is blocked by large objects that make it impassable. If so respond only yes. Otherwise, respond no.
[robot_mission_runner-4] [INFO] [1780416918.845545164] [robot_mission_runner]: Pose: (-17.77, 1.00), Elapsed: 60s, ETA: 1s, Dist remaining: 0.89m
[component_container_isolated-2] [INFO] [1780416919.243858045] [controller_server]: Passing new path to controller.
[component_container_isolated-2] [INFO] [1780416919.980504925] [controller_server]: Reached the goal!
[component_container_isolated-2] [INFO] [1780416919.980684561] [controller_server]: Optimizer reset
[component_container_isolated-2] [ERROR] [1780416920.021891887] [bt_navigator_navigate_to_pose_rclcpp_node]: Failed to get result for vlm_node/query_bool in node halt!
[component_container_isolated-2] [INFO] [1780416920.022098013] [bt_navigator]: Goal succeeded
[robot_mission_runner-4] [INFO] [1780416920.024452200] [robot_mission_runner]: Navigation result: SUCCEEDED
[robot_mission_runner-4] [INFO] [1780416930.025263245] [robot_mission_runner]: Mission 2 completed.
[robot_mission_runner-4] [INFO] [1780416930.025657198] [robot_mission_runner]: Picking from {'x': 50.0, 'y': -50.7, 'yaw': 1.5708}, dropping at {'x': -11.5, 'y': -27.17, 'yaw': 1.5708}...
[robot_mission_runner-4] [INFO] [1780416930.025869944] [robot_mission_runner]: Navigating to pick, attempt 1/3...
[component_container_isolated-2] [INFO] [1780416930.026471553] [local_costmap.local_costmap]: Received request to clear entirely the local_costmap
[component_container_isolated-2] [INFO] [1780416930.031104167] [global_costmap.global_costmap]: Received request to clear entirely the global_costmap
[robot_mission_runner-4] [INFO] [1780416930.043997887] [robot_mission_runner]: Navigating to goal: 50.0 -50.7...
[component_container_isolated-2] [INFO] [1780416930.044886640] [bt_navigator]: Begin navigating from current location (-17.53, 0.22) to (50.00, -50.70)
[vlm_node-3] [INFO] [1780416930.047599320] [vlm_node]: Goal received with prompt: Check if there are any small hazards on the ground that would cause harm to the robot if it navigated over it OR the area is blocked by large objects that make it impassable. If so respond only yes. Otherwise, respond no.
[component_container_isolated-2] [WARN] [1780416930.369984024] [planner_server]: Planner loop missed its desired rate of 999999999.0000 Hz. Current loop rate is 3.1250 Hz
[component_container_isolated-2] [INFO] [1780416930.386610585] [controller_server]: Received a goal, begin computing control effort.
[component_container_isolated-2] [WARN] [1780416931.058878729] [controller_server]: Control loop missed its desired rate of 30.0000 Hz. Current loop rate is 25.0000 Hz.
[component_container_isolated-2] [WARN] [1780416931.259234457] [controller_server]: Control loop missed its desired rate of 30.0000 Hz. Current loop rate is 33.3333 Hz.
[component_container_isolated-2] [WARN] [1780416931.464192780] [controller_server]: Control loop missed its desired rate of 30.0000 Hz. Current loop rate is 33.3333 Hz.
[component_container_isolated-2] [WARN] [1780416931.554286131] [controller_server]: Control loop missed its desired rate of 30.0000 Hz. Current loop rate is 20.0000 Hz.
[component_container_isolated-2] [WARN] [1780416931.663316790] [controller_server]: Control loop missed its desired rate of 30.0000 Hz. Current loop rate is 25.0000 Hz.
[component_container_isolated-2] [WARN] [1780416931.756504245] [controller_server]: Control loop missed its desired rate of 30.0000 Hz. Current loop rate is 16.6667 Hz.
[component_container_isolated-2] [WARN] [1780416931.783154298] [planner_server]: Planner loop missed its desired rate of 999999999.0000 Hz. Current loop rate is 2.6316 Hz
[component_container_isolated-2] [INFO] [1780416931.823312060] [controller_server]: Passing new path to controller.
[component_container_isolated-2] [WARN] [1780416932.860928238] [controller_server]: Control loop missed its desired rate of 30.0000 Hz. Current loop rate is 25.0000 Hz.
[component_container_isolated-2] [WARN] [1780416932.964510586] [controller_server]: Control loop missed its desired rate of 30.0000 Hz. Current loop rate is 16.6667 Hz.
[component_container_isolated-2] [WARN] [1780416933.067872755] [controller_server]: Control loop missed its desired rate of 30.0000 Hz. Current loop rate is 14.2857 Hz.
[component_container_isolated-2] [WARN] [1780416933.165468082] [controller_server]: Control loop missed its desired rate of 30.0000 Hz. Current loop rate is 14.2857 Hz.
[component_container_isolated-2] [WARN] [1780416933.173801926] [planner_server]: Planner loop missed its desired rate of 999999999.0000 Hz. Current loop rate is 2.7778 Hz
[component_container_isolated-2] [INFO] [1780416933.198959936] [controller_server]: Passing new path to controller.
[component_container_isolated-2] [WARN] [1780416933.263470291] [controller_server]: Control loop missed its desired rate of 30.0000 Hz. Current loop rate is 16.6667 Hz.
[component_container_isolated-2] [WARN] [1780416933.366695892] [controller_server]: Control loop missed its desired rate of 30.0000 Hz. Current loop rate is 14.2857 Hz.
[component_container_isolated-2] [WARN] [1780416933.463847957] [controller_server]: Control loop missed its desired rate of 30.0000 Hz. Current loop rate is 16.6667 Hz.
[component_container_isolated-2] [WARN] [1780416933.562884787] [controller_server]: Control loop missed its desired rate of 30.0000 Hz. Current loop rate is 16.6667 Hz.
[component_container_isolated-2] [WARN] [1780416933.657411171] [controller_server]: Control loop missed its desired rate of 30.0000 Hz. Current loop rate is 16.6667 Hz.
[component_container_isolated-2] [WARN] [1780416933.775068683] [controller_server]: Control loop missed its desired rate of 30.0000 Hz. Current loop rate is 16.6667 Hz.
[component_container_isolated-2] [WARN] [1780416933.859327458] [controller_server]: Control loop missed its desired rate of 30.0000 Hz. Current loop rate is 20.0000 Hz.
[component_container_isolated-2] [WARN] [1780416933.970980162] [controller_server]: Control loop missed its desired rate of 30.0000 Hz. Current loop rate is 25.0000 Hz.
[component_container_isolated-2] [WARN] [1780416934.058837109] [controller_server]: Control loop missed its desired rate of 30.0000 Hz. Current loop rate is 16.6667 Hz.
[component_container_isolated-2] [WARN] [1780416934.171420853] [controller_server]: Control loop missed its desired rate of 30.0000 Hz. Current loop rate is 25.0000 Hz.
[component_container_isolated-2] [WARN] [1780416934.251119181] [controller_server]: Control loop missed its desired rate of 30.0000 Hz. Current loop rate is 25.0000 Hz.
[component_container_isolated-2] [WARN] [1780416934.357472551] [controller_server]: Control loop missed its desired rate of 30.0000 Hz. Current loop rate is 25.0000 Hz.
[component_container_isolated-2] [WARN] [1780416934.462251281] [controller_server]: Control loop missed its desired rate of 30.0000 Hz. Current loop rate is 33.3333 Hz.
[component_container_isolated-2] [WARN] [1780416934.555653553] [planner_server]: Planner loop missed its desired rate of 999999999.0000 Hz. Current loop rate is 2.8571 Hz
[component_container_isolated-2] [WARN] [1780416934.555757071] [controller_server]: Control loop missed its desired rate of 30.0000 Hz. Current loop rate is 20.0000 Hz.
[component_container_isolated-2] [INFO] [1780416934.589219045] [controller_server]: Passing new path to controller.
[component_container_isolated-2] [WARN] [1780416934.663205831] [controller_server]: Control loop missed its desired rate of 30.0000 Hz. Current loop rate is 25.0000 Hz.
[component_container_isolated-2] [WARN] [1780416934.755049692] [controller_server]: Control loop missed its desired rate of 30.0000 Hz. Current loop rate is 20.0000 Hz.
[component_container_isolated-2] [WARN] [1780416934.856496074] [controller_server]: Control loop missed its desired rate of 30.0000 Hz. Current loop rate is 25.0000 Hz.
[component_container_isolated-2] [WARN] [1780416934.965577883] [controller_server]: Control loop missed its desired rate of 30.0000 Hz. Current loop rate is 20.0000 Hz.
[component_container_isolated-2] [WARN] [1780416935.059035433] [controller_server]: Control loop missed its desired rate of 30.0000 Hz. Current loop rate is 16.6667 Hz.
[robot_mission_runner-4] [INFO] [1780416935.163017904] [robot_mission_runner]: Pose: (-18.56, -3.39), Elapsed: 5s, ETA: 80s, Dist remaining: 114.40m
[component_container_isolated-2] [WARN] [1780416935.163469316] [controller_server]: Control loop missed its desired rate of 30.0000 Hz. Current loop rate is 33.3333 Hz.
[component_container_isolated-2] [WARN] [1780416935.254192186] [controller_server]: Control loop missed its desired rate of 30.0000 Hz. Current loop rate is 20.0000 Hz.
[component_container_isolated-2] [WARN] [1780416935.559275878] [controller_server]: Control loop missed its desired rate of 30.0000 Hz. Current loop rate is 25.0000 Hz.
[component_container_isolated-2] [WARN] [1780416935.664133854] [controller_server]: Control loop missed its desired rate of 30.0000 Hz. Current loop rate is 33.3333 Hz.
[component_container_isolated-2] [WARN] [1780416935.750867978] [controller_server]: Control loop missed its desired rate of 30.0000 Hz. Current loop rate is 20.0000 Hz.
[component_container_isolated-2] [WARN] [1780416935.851241627] [controller_server]: Control loop missed its desired rate of 30.0000 Hz. Current loop rate is 33.3333 Hz.
[component_container_isolated-2] [WARN] [1780416935.955684750] [controller_server]: Control loop missed its desired rate of 30.0000 Hz. Current loop rate is 25.0000 Hz.
[component_container_isolated-2] [WARN] [1780416936.005895669] [planner_server]: Planner loop missed its desired rate of 999999999.0000 Hz. Current loop rate is 2.3256 Hz
[component_container_isolated-2] [WARN] [1780416936.060437776] [controller_server]: Control loop missed its desired rate of 30.0000 Hz. Current loop rate is 25.0000 Hz.
[component_container_isolated-2] [INFO] [1780416936.060522674] [controller_server]: Passing new path to controller.
[component_container_isolated-2] [WARN] [1780416936.147141758] [controller_server]: Control loop missed its desired rate of 30.0000 Hz. Current loop rate is 20.0000 Hz.
[component_container_isolated-2] [WARN] [1780416936.257307301] [controller_server]: Control loop missed its desired rate of 30.0000 Hz. Current loop rate is 25.0000 Hz.
[component_container_isolated-2] [WARN] [1780416936.363110685] [controller_server]: Control loop missed its desired rate of 30.0000 Hz. Current loop rate is 25.0000 Hz.
[component_container_isolated-2] [WARN] [1780416936.455447072] [controller_server]: Control loop missed its desired rate of 30.0000 Hz. Current loop rate is 20.0000 Hz.
[component_container_isolated-2] [WARN] [1780416936.558205464] [controller_server]: Control loop missed its desired rate of 30.0000 Hz. Current loop rate is 33.3333 Hz.
[component_container_isolated-2] [WARN] [1780416936.758968446] [controller_server]: Control loop missed its desired rate of 30.0000 Hz. Current loop rate is 50.0000 Hz.
[component_container_isolated-2] [WARN] [1780416936.863785189] [controller_server]: Control loop missed its desired rate of 30.0000 Hz. Current loop rate is 33.3333 Hz.
[component_container_isolated-2] [WARN] [1780416936.958053390] [controller_server]: Control loop missed its desired rate of 30.0000 Hz. Current loop rate is 20.0000 Hz.
[component_container_isolated-2] [WARN] [1780416937.064351903] [controller_server]: Control loop missed its desired rate of 30.0000 Hz. Current loop rate is 25.0000 Hz.
[component_container_isolated-2] [WARN] [1780416937.159712151] [controller_server]: Control loop missed its desired rate of 30.0000 Hz. Current loop rate is 16.6667 Hz.
[component_container_isolated-2] [WARN] [1780416937.268568875] [controller_server]: Control loop missed its desired rate of 30.0000 Hz. Current loop rate is 25.0000 Hz.
[component_container_isolated-2] [WARN] [1780416937.353822293] [controller_server]: Control loop missed its desired rate of 30.0000 Hz. Current loop rate is 20.0000 Hz.
[component_container_isolated-2] [WARN] [1780416937.418703703] [planner_server]: Planner loop missed its desired rate of 999999999.0000 Hz. Current loop rate is 2.6316 Hz
[component_container_isolated-2] [WARN] [1780416937.460892840] [controller_server]: Control loop missed its desired rate of 30.0000 Hz. Current loop rate is 25.0000 Hz.
[component_container_isolated-2] [INFO] [1780416937.460987219] [controller_server]: Passing new path to controller.
[component_container_isolated-2] [WARN] [1780416937.554694757] [controller_server]: Control loop missed its desired rate of 30.0000 Hz. Current loop rate is 16.6667 Hz.
[component_container_isolated-2] [WARN] [1780416937.857339469] [controller_server]: Control loop missed its desired rate of 30.0000 Hz. Current loop rate is 25.0000 Hz.
[component_container_isolated-2] [WARN] [1780416938.061791235] [controller_server]: Control loop missed its desired rate of 30.0000 Hz. Current loop rate is 25.0000 Hz.
[component_container_isolated-2] [WARN] [1780416938.154541419] [controller_server]: Control loop missed its desired rate of 30.0000 Hz. Current loop rate is 20.0000 Hz.
[component_container_isolated-2] [WARN] [1780416938.459463610] [controller_server]: Control loop missed its desired rate of 30.0000 Hz. Current loop rate is 25.0000 Hz.
[component_container_isolated-2] [WARN] [1780416938.662145955] [controller_server]: Control loop missed its desired rate of 30.0000 Hz. Current loop rate is 33.3333 Hz.
[component_container_isolated-2] [WARN] [1780416938.737273601] [planner_server]: Planner loop missed its desired rate of 999999999.0000 Hz. Current loop rate is 3.3333 Hz
[component_container_isolated-2] [WARN] [1780416938.757281854] [controller_server]: Control loop missed its desired rate of 30.0000 Hz. Current loop rate is 20.0000 Hz.
[component_container_isolated-2] [INFO] [1780416938.757374412] [controller_server]: Passing new path to controller.
[component_container_isolated-2] [WARN] [1780416938.858250534] [controller_server]: Control loop missed its desired rate of 30.0000 Hz. Current loop rate is 25.0000 Hz.
[component_container_isolated-2] [WARN] [1780416938.967826271] [controller_server]: Control loop missed its desired rate of 30.0000 Hz. Current loop rate is 25.0000 Hz.
[component_container_isolated-2] [WARN] [1780416939.052385218] [controller_server]: Control loop missed its desired rate of 30.0000 Hz. Current loop rate is 20.0000 Hz.
[component_container_isolated-2] [WARN] [1780416939.153753707] [controller_server]: Control loop missed its desired rate of 30.0000 Hz. Current loop rate is 33.3333 Hz.
[component_container_isolated-2] [WARN] [1780416939.459548483] [controller_server]: Control loop missed its desired rate of 30.0000 Hz. Current loop rate is 33.3333 Hz.
[component_container_isolated-2] [WARN] [1780416939.566009476] [controller_server]: Control loop missed its desired rate of 30.0000 Hz. Current loop rate is 33.3333 Hz.
[component_container_isolated-2] [WARN] [1780416939.645444579] [controller_server]: Control loop missed its desired rate of 30.0000 Hz. Current loop rate is 25.0000 Hz.
[component_container_isolated-2] [WARN] [1780416940.042785158] [planner_server]: Planner loop missed its desired rate of 999999999.0000 Hz. Current loop rate is 3.5714 Hz
[component_container_isolated-2] [INFO] [1780416940.078902746] [controller_server]: Passing new path to controller.
[component_container_isolated-2] [WARN] [1780416940.150952846] [controller_server]: Control loop missed its desired rate of 30.0000 Hz. Current loop rate is 25.0000 Hz.
[robot_mission_runner-4] [INFO] [1780416940.180711784] [robot_mission_runner]: Pose: (-18.50, -10.90), Elapsed: 10s, ETA: 71s, Dist remaining: 106.89m
[component_container_isolated-2] [WARN] [1780416940.351658827] [controller_server]: Control loop missed its desired rate of 30.0000 Hz. Current loop rate is 33.3333 Hz.
[component_container_isolated-2] [WARN] [1780416940.454079563] [controller_server]: Control loop missed its desired rate of 30.0000 Hz. Current loop rate is 33.3333 Hz.
[component_container_isolated-2] [WARN] [1780416940.554983108] [controller_server]: Control loop missed its desired rate of 30.0000 Hz. Current loop rate is 33.3333 Hz.
[component_container_isolated-2] [WARN] [1780416940.756983585] [controller_server]: Control loop missed its desired rate of 30.0000 Hz. Current loop rate is 33.3333 Hz.
[component_container_isolated-2] [WARN] [1780416940.857843461] [controller_server]: Control loop missed its desired rate of 30.0000 Hz. Current loop rate is 33.3333 Hz.
[component_container_isolated-2] [WARN] [1780416941.456889840] [planner_server]: Planner loop missed its desired rate of 999999999.0000 Hz. Current loop rate is 2.5000 Hz
[component_container_isolated-2] [INFO] [1780416941.491346678] [controller_server]: Passing new path to controller.
[component_container_isolated-2] [WARN] [1780416941.560933293] [controller_server]: Control loop missed its desired rate of 30.0000 Hz. Current loop rate is 25.0000 Hz.
[component_container_isolated-2] [WARN] [1780416941.652186668] [controller_server]: Control loop missed its desired rate of 30.0000 Hz. Current loop rate is 16.6667 Hz.
[component_container_isolated-2] [WARN] [1780416942.352788973] [controller_server]: Control loop missed its desired rate of 30.0000 Hz. Current loop rate is 33.3333 Hz.
[component_container_isolated-2] [WARN] [1780416942.764124655] [planner_server]: Planner loop missed its desired rate of 999999999.0000 Hz. Current loop rate is 3.7037 Hz
[component_container_isolated-2] [INFO] [1780416942.786263506] [controller_server]: Passing new path to controller.
[component_container_isolated-2] [WARN] [1780416943.053147272] [controller_server]: Control loop missed its desired rate of 30.0000 Hz. Current loop rate is 33.3333 Hz.
[component_container_isolated-2] [WARN] [1780416943.257856730] [controller_server]: Control loop missed its desired rate of 30.0000 Hz. Current loop rate is 33.3333 Hz.
[component_container_isolated-2] [WARN] [1780416943.363776152] [controller_server]: Control loop missed its desired rate of 30.0000 Hz. Current loop rate is 25.0000 Hz.
[component_container_isolated-2] [WARN] [1780416943.454042671] [controller_server]: Control loop missed its desired rate of 30.0000 Hz. Current loop rate is 20.0000 Hz.
[component_container_isolated-2] [WARN] [1780416943.756506086] [controller_server]: Control loop missed its desired rate of 30.0000 Hz. Current loop rate is 33.3333 Hz.
[component_container_isolated-2] [WARN] [1780416944.053625801] [planner_server]: Planner loop missed its desired rate of 999999999.0000 Hz. Current loop rate is 3.4483 Hz
[component_container_isolated-2] [WARN] [1780416944.064370107] [controller_server]: Control loop missed its desired rate of 30.0000 Hz. Current loop rate is 25.0000 Hz.
[component_container_isolated-2] [INFO] [1780416944.097851131] [controller_server]: Passing new path to controller.
[component_container_isolated-2] [WARN] [1780416944.157124616] [controller_server]: Control loop missed its desired rate of 30.0000 Hz. Current loop rate is 20.0000 Hz.
[component_container_isolated-2] [WARN] [1780416944.264460498] [controller_server]: Control loop missed its desired rate of 30.0000 Hz. Current loop rate is 25.0000 Hz.
[component_container_isolated-2] [WARN] [1780416944.355387941] [controller_server]: Control loop missed its desired rate of 30.0000 Hz. Current loop rate is 20.0000 Hz.
[component_container_isolated-2] [WARN] [1780416944.459994235] [controller_server]: Control loop missed its desired rate of 30.0000 Hz. Current loop rate is 25.0000 Hz.
[component_container_isolated-2] [WARN] [1780416944.549058714] [controller_server]: Control loop missed its desired rate of 30.0000 Hz. Current loop rate is 16.6667 Hz.
[component_container_isolated-2] [WARN] [1780416944.658992596] [controller_server]: Control loop missed its desired rate of 30.0000 Hz. Current loop rate is 25.0000 Hz.
[component_container_isolated-2] [WARN] [1780416944.760637676] [controller_server]: Control loop missed its desired rate of 30.0000 Hz. Current loop rate is 33.3333 Hz.
[component_container_isolated-2] [WARN] [1780416944.850782445] [controller_server]: Control loop missed its desired rate of 30.0000 Hz. Current loop rate is 16.6667 Hz.
[component_container_isolated-2] [WARN] [1780416944.952246208] [controller_server]: Control loop missed its desired rate of 30.0000 Hz. Current loop rate is 33.3333 Hz.
[component_container_isolated-2] [WARN] [1780416945.156644433] [controller_server]: Control loop missed its desired rate of 30.0000 Hz. Current loop rate is 33.3333 Hz.
[robot_mission_runner-4] [INFO] [1780416945.198027756] [robot_mission_runner]: Pose: (-18.52, -18.43), Elapsed: 15s, ETA: 66s, Dist remaining: 99.23m
[component_container_isolated-2] [WARN] [1780416945.264884724] [controller_server]: Control loop missed its desired rate of 30.0000 Hz. Current loop rate is 25.0000 Hz.
[component_container_isolated-2] [WARN] [1780416945.361161044] [controller_server]: Control loop missed its desired rate of 30.0000 Hz. Current loop rate is 16.6667 Hz.
[component_container_isolated-2] [WARN] [1780416945.440675132] [planner_server]: Planner loop missed its desired rate of 999999999.0000 Hz. Current loop rate is 2.7778 Hz
[component_container_isolated-2] [WARN] [1780416945.456127268] [controller_server]: Control loop missed its desired rate of 30.0000 Hz. Current loop rate is 16.6667 Hz.
[component_container_isolated-2] [INFO] [1780416945.489604511] [controller_server]: Passing new path to controller.
[component_container_isolated-2] [WARN] [1780416945.578718537] [controller_server]: Control loop missed its desired rate of 30.0000 Hz. Current loop rate is 16.6667 Hz.
[component_container_isolated-2] [WARN] [1780416945.663152341] [controller_server]: Control loop missed its desired rate of 30.0000 Hz. Current loop rate is 20.0000 Hz.
[component_container_isolated-2] [WARN] [1780416945.764950736] [controller_server]: Control loop missed its desired rate of 30.0000 Hz. Current loop rate is 16.6667 Hz.
[component_container_isolated-2] [WARN] [1780416945.866643662] [controller_server]: Control loop missed its desired rate of 30.0000 Hz. Current loop rate is 14.2857 Hz.
[component_container_isolated-2] [WARN] [1780416945.966496003] [controller_server]: Control loop missed its desired rate of 30.0000 Hz. Current loop rate is 16.6667 Hz.
[component_container_isolated-2] [WARN] [1780416946.067695497] [controller_server]: Control loop missed its desired rate of 30.0000 Hz. Current loop rate is 14.2857 Hz.
[component_container_isolated-2] [WARN] [1780416946.170782804] [controller_server]: Control loop missed its desired rate of 30.0000 Hz. Current loop rate is 16.6667 Hz.
[component_container_isolated-2] [WARN] [1780416946.265789135] [controller_server]: Control loop missed its desired rate of 30.0000 Hz. Current loop rate is 16.6667 Hz.
[component_container_isolated-2] [WARN] [1780416946.372338316] [controller_server]: Control loop missed its desired rate of 30.0000 Hz. Current loop rate is 14.2857 Hz.
[component_container_isolated-2] [WARN] [1780416946.469470496] [controller_server]: Control loop missed its desired rate of 30.0000 Hz. Current loop rate is 20.0000 Hz.
[component_container_isolated-2] [WARN] [1780416946.561089662] [controller_server]: Control loop missed its desired rate of 30.0000 Hz. Current loop rate is 16.6667 Hz.
[component_container_isolated-2] [WARN] [1780416946.656023714] [controller_server]: Control loop missed its desired rate of 30.0000 Hz. Current loop rate is 16.6667 Hz.
[component_container_isolated-2] [INFO] [1780416946.708960556] [collision_monitor]: Robot to approach for 1.700000 seconds away from collision
[component_container_isolated-2] [WARN] [1780416946.733900451] [planner_server]: Planner loop missed its desired rate of 999999999.0000 Hz. Current loop rate is 3.7037 Hz
[component_container_isolated-2] [WARN] [1780416946.780022553] [controller_server]: Control loop missed its desired rate of 30.0000 Hz. Current loop rate is 16.6667 Hz.
[component_container_isolated-2] [INFO] [1780416946.780096981] [controller_server]: Passing new path to controller.
[component_container_isolated-2] [INFO] [1780416946.809088059] [collision_monitor]: Robot to continue normal operation
[component_container_isolated-2] [WARN] [1780416946.880129736] [controller_server]: Control loop missed its desired rate of 30.0000 Hz. Current loop rate is 14.2857 Hz.
[component_container_isolated-2] [WARN] [1780416946.985057818] [controller_server]: Control loop missed its desired rate of 30.0000 Hz. Current loop rate is 14.2857 Hz.
[component_container_isolated-2] [WARN] [1780416947.071790205] [controller_server]: Control loop missed its desired rate of 30.0000 Hz. Current loop rate is 20.0000 Hz.
[component_container_isolated-2] [WARN] [1780416947.155465269] [controller_server]: Control loop missed its desired rate of 30.0000 Hz. Current loop rate is 20.0000 Hz.
[component_container_isolated-2] [WARN] [1780416947.256604750] [controller_server]: Control loop missed its desired rate of 30.0000 Hz. Current loop rate is 33.3333 Hz.
[component_container_isolated-2] [WARN] [1780416947.975650258] [planner_server]: Planner loop missed its desired rate of 999999999.0000 Hz. Current loop rate is 4.3478 Hz
[component_container_isolated-2] [INFO] [1780416948.023437167] [controller_server]: Passing new path to controller.
[component_container_isolated-2] [WARN] [1780416948.671026860] [controller_server]: Control loop missed its desired rate of 30.0000 Hz. Current loop rate is 25.0000 Hz.
[component_container_isolated-2] [WARN] [1780416948.757657215] [controller_server]: Control loop missed its desired rate of 30.0000 Hz. Current loop rate is 20.0000 Hz.
[component_container_isolated-2] [WARN] [1780416948.864897647] [controller_server]: Control loop missed its desired rate of 30.0000 Hz. Current loop rate is 25.0000 Hz.
[component_container_isolated-2] [WARN] [1780416948.958851063] [controller_server]: Control loop missed its desired rate of 30.0000 Hz. Current loop rate is 20.0000 Hz.
[component_container_isolated-2] [WARN] [1780416949.064899156] [controller_server]: Control loop missed its desired rate of 30.0000 Hz. Current loop rate is 33.3333 Hz.
[component_container_isolated-2] [WARN] [1780416949.164602969] [controller_server]: Control loop missed its desired rate of 30.0000 Hz. Current loop rate is 16.6667 Hz.
[component_container_isolated-2] [WARN] [1780416949.231070758] [planner_server]: Planner loop missed its desired rate of 999999999.0000 Hz. Current loop rate is 4.5455 Hz
[component_container_isolated-2] [WARN] [1780416949.266970422] [controller_server]: Control loop missed its desired rate of 30.0000 Hz. Current loop rate is 16.6667 Hz.
[component_container_isolated-2] [INFO] [1780416949.267033500] [controller_server]: Passing new path to controller.
[component_container_isolated-2] [WARN] [1780416949.753656664] [controller_server]: Control loop missed its desired rate of 30.0000 Hz. Current loop rate is 20.0000 Hz.
[robot_mission_runner-4] [INFO] [1780416950.215683093] [robot_mission_runner]: Pose: (-19.07, -25.59), Elapsed: 20s, ETA: 61s, Dist remaining: 91.83m
[component_container_isolated-2] [WARN] [1780416950.262500586] [controller_server]: Control loop missed its desired rate of 30.0000 Hz. Current loop rate is 25.0000 Hz.
[component_container_isolated-2] [WARN] [1780416950.362693687] [controller_server]: Control loop missed its desired rate of 30.0000 Hz. Current loop rate is 14.2857 Hz.
[component_container_isolated-2] [WARN] [1780416950.459080991] [controller_server]: Control loop missed its desired rate of 30.0000 Hz. Current loop rate is 16.6667 Hz.
[component_container_isolated-2] [WARN] [1780416950.470617100] [planner_server]: Planner loop missed its desired rate of 999999999.0000 Hz. Current loop rate is 4.7619 Hz
[component_container_isolated-2] [INFO] [1780416950.492569210] [controller_server]: Passing new path to controller.
[component_container_isolated-2] [WARN] [1780416950.567798419] [controller_server]: Control loop missed its desired rate of 30.0000 Hz. Current loop rate is 33.3333 Hz.
[component_container_isolated-2] [WARN] [1780416950.662195002] [controller_server]: Control loop missed its desired rate of 30.0000 Hz. Current loop rate is 16.6667 Hz.
[component_container_isolated-2] [WARN] [1780416950.759494818] [controller_server]: Control loop missed its desired rate of 30.0000 Hz. Current loop rate is 14.2857 Hz.
[component_container_isolated-2] [WARN] [1780416950.864125454] [controller_server]: Control loop missed its desired rate of 30.0000 Hz. Current loop rate is 33.3333 Hz.
[component_container_isolated-2] [WARN] [1780416950.960265203] [controller_server]: Control loop missed its desired rate of 30.0000 Hz. Current loop rate is 16.6667 Hz.
[component_container_isolated-2] [WARN] [1780416951.063250179] [controller_server]: Control loop missed its desired rate of 30.0000 Hz. Current loop rate is 14.2857 Hz.
[component_container_isolated-2] [WARN] [1780416951.562185690] [planner_server]: Planner loop missed its desired rate of 999999999.0000 Hz. Current loop rate is 14.2857 Hz
[component_container_isolated-2] [INFO] [1780416951.596716548] [controller_server]: Passing new path to controller.
[component_container_isolated-2] [WARN] [1780416951.831499936] [controller_server]: Control loop missed its desired rate of 30.0000 Hz. Current loop rate is 33.3333 Hz.
[component_container_isolated-2] [WARN] [1780416952.055724424] [controller_server]: Control loop missed its desired rate of 30.0000 Hz. Current loop rate is 20.0000 Hz.
[component_container_isolated-2] [WARN] [1780416952.157170965] [controller_server]: Control loop missed its desired rate of 30.0000 Hz. Current loop rate is 25.0000 Hz.
[component_container_isolated-2] [WARN] [1780416952.264864107] [controller_server]: Control loop missed its desired rate of 30.0000 Hz. Current loop rate is 25.0000 Hz.
[component_container_isolated-2] [WARN] [1780416952.355223882] [controller_server]: Control loop missed its desired rate of 30.0000 Hz. Current loop rate is 20.0000 Hz.
[component_container_isolated-2] [WARN] [1780416952.462200067] [controller_server]: Control loop missed its desired rate of 30.0000 Hz. Current loop rate is 25.0000 Hz.
[component_container_isolated-2] [WARN] [1780416952.554752540] [controller_server]: Control loop missed its desired rate of 30.0000 Hz. Current loop rate is 16.6667 Hz.
[component_container_isolated-2] [WARN] [1780416952.660810153] [controller_server]: Control loop missed its desired rate of 30.0000 Hz. Current loop rate is 25.0000 Hz.
[component_container_isolated-2] [WARN] [1780416952.758026396] [controller_server]: Control loop missed its desired rate of 30.0000 Hz. Current loop rate is 14.2857 Hz.
[component_container_isolated-2] [WARN] [1780416952.859605425] [planner_server]: Planner loop missed its desired rate of 999999999.0000 Hz. Current loop rate is 3.5714 Hz
[component_container_isolated-2] [WARN] [1780416952.863863843] [controller_server]: Control loop missed its desired rate of 30.0000 Hz. Current loop rate is 25.0000 Hz.
[component_container_isolated-2] [INFO] [1780416952.897325421] [controller_server]: Passing new path to controller.
[component_container_isolated-2] [WARN] [1780416952.954704729] [controller_server]: Control loop missed its desired rate of 30.0000 Hz. Current loop rate is 20.0000 Hz.
[component_container_isolated-2] [WARN] [1780416953.059628772] [controller_server]: Control loop missed its desired rate of 30.0000 Hz. Current loop rate is 25.0000 Hz.
[component_container_isolated-2] [WARN] [1780416953.163366947] [controller_server]: Control loop missed its desired rate of 30.0000 Hz. Current loop rate is 33.3333 Hz.
[component_container_isolated-2] [WARN] [1780416953.252147220] [controller_server]: Control loop missed its desired rate of 30.0000 Hz. Current loop rate is 20.0000 Hz.
[component_container_isolated-2] [WARN] [1780416953.352608957] [controller_server]: Control loop missed its desired rate of 30.0000 Hz. Current loop rate is 33.3333 Hz.
[component_container_isolated-2] [WARN] [1780416953.559377991] [controller_server]: Control loop missed its desired rate of 30.0000 Hz. Current loop rate is 25.0000 Hz.
[component_container_isolated-2] [WARN] [1780416953.664927471] [controller_server]: Control loop missed its desired rate of 30.0000 Hz. Current loop rate is 33.3333 Hz.
[component_container_isolated-2] [WARN] [1780416953.759015971] [controller_server]: Control loop missed its desired rate of 30.0000 Hz. Current loop rate is 16.6667 Hz.
[component_container_isolated-2] [WARN] [1780416953.862834735] [controller_server]: Control loop missed its desired rate of 30.0000 Hz. Current loop rate is 25.0000 Hz.
[component_container_isolated-2] [WARN] [1780416953.954608120] [controller_server]: Control loop missed its desired rate of 30.0000 Hz. Current loop rate is 20.0000 Hz.
[component_container_isolated-2] [WARN] [1780416954.061731898] [controller_server]: Control loop missed its desired rate of 30.0000 Hz. Current loop rate is 25.0000 Hz.
[component_container_isolated-2] [WARN] [1780416954.079475376] [planner_server]: Planner loop missed its desired rate of 999999999.0000 Hz. Current loop rate is 4.7619 Hz
[component_container_isolated-2] [WARN] [1780416954.157483194] [controller_server]: Control loop missed its desired rate of 30.0000 Hz. Current loop rate is 14.2857 Hz.
[component_container_isolated-2] [INFO] [1780416954.157561402] [controller_server]: Passing new path to controller.
[component_container_isolated-2] [WARN] [1780416954.260584838] [controller_server]: Control loop missed its desired rate of 30.0000 Hz. Current loop rate is 25.0000 Hz.
[component_container_isolated-2] [WARN] [1780416954.356409003] [controller_server]: Control loop missed its desired rate of 30.0000 Hz. Current loop rate is 14.2857 Hz.
[component_container_isolated-2] [WARN] [1780416954.462704226] [controller_server]: Control loop missed its desired rate of 30.0000 Hz. Current loop rate is 25.0000 Hz.
[component_container_isolated-2] [WARN] [1780416954.557132097] [controller_server]: Control loop missed its desired rate of 30.0000 Hz. Current loop rate is 14.2857 Hz.
[component_container_isolated-2] [WARN] [1780416954.664167306] [controller_server]: Control loop missed its desired rate of 30.0000 Hz. Current loop rate is 25.0000 Hz.
[component_container_isolated-2] [WARN] [1780416954.743609376] [controller_server]: Control loop missed its desired rate of 30.0000 Hz. Current loop rate is 25.0000 Hz.
[component_container_isolated-2] [WARN] [1780416954.858816027] [controller_server]: Control loop missed its desired rate of 30.0000 Hz. Current loop rate is 20.0000 Hz.
[component_container_isolated-2] [WARN] [1780416954.966047042] [controller_server]: Control loop missed its desired rate of 30.0000 Hz. Current loop rate is 25.0000 Hz.
[component_container_isolated-2] [WARN] [1780416955.053720352] [controller_server]: Control loop missed its desired rate of 30.0000 Hz. Current loop rate is 20.0000 Hz.
[component_container_isolated-2] [WARN] [1780416955.158261776] [controller_server]: Control loop missed its desired rate of 30.0000 Hz. Current loop rate is 25.0000 Hz.
[robot_mission_runner-4] [INFO] [1780416955.230754878] [robot_mission_runner]: Pose: (-18.46, -33.02), Elapsed: 25s, ETA: 56s, Dist remaining: 84.11m
[component_container_isolated-2] [WARN] [1780416955.261264969] [controller_server]: Control loop missed its desired rate of 30.0000 Hz. Current loop rate is 25.0000 Hz.
[component_container_isolated-2] [WARN] [1780416955.357244648] [planner_server]: Planner loop missed its desired rate of 999999999.0000 Hz. Current loop rate is 3.8462 Hz
[component_container_isolated-2] [WARN] [1780416955.357267968] [controller_server]: Control loop missed its desired rate of 30.0000 Hz. Current loop rate is 14.2857 Hz.
[component_container_isolated-2] [INFO] [1780416955.391019037] [controller_server]: Passing new path to controller.
[component_container_isolated-2] [WARN] [1780416955.461141154] [controller_server]: Control loop missed its desired rate of 30.0000 Hz. Current loop rate is 25.0000 Hz.
[component_container_isolated-2] [WARN] [1780416955.554433955] [controller_server]: Control loop missed its desired rate of 30.0000 Hz. Current loop rate is 16.6667 Hz.
[component_container_isolated-2] [WARN] [1780416955.668414497] [controller_server]: Control loop missed its desired rate of 30.0000 Hz. Current loop rate is 20.0000 Hz.
[component_container_isolated-2] [WARN] [1780416955.757001979] [controller_server]: Control loop missed its desired rate of 30.0000 Hz. Current loop rate is 16.6667 Hz.
[component_container_isolated-2] [WARN] [1780416955.870248005] [controller_server]: Control loop missed its desired rate of 30.0000 Hz. Current loop rate is 20.0000 Hz.
[component_container_isolated-2] [WARN] [1780416955.960775769] [controller_server]: Control loop missed its desired rate of 30.0000 Hz. Current loop rate is 16.6667 Hz.
[component_container_isolated-2] [WARN] [1780416956.060678450] [controller_server]: Control loop missed its desired rate of 30.0000 Hz. Current loop rate is 14.2857 Hz.
[component_container_isolated-2] [WARN] [1780416956.148212240] [controller_server]: Control loop missed its desired rate of 30.0000 Hz. Current loop rate is 16.6667 Hz.
[component_container_isolated-2] [WARN] [1780416956.258988331] [controller_server]: Control loop missed its desired rate of 30.0000 Hz. Current loop rate is 20.0000 Hz.
[component_container_isolated-2] [WARN] [1780416956.368160812] [controller_server]: Control loop missed its desired rate of 30.0000 Hz. Current loop rate is 25.0000 Hz.
[component_container_isolated-2] [WARN] [1780416956.459177624] [controller_server]: Control loop missed its desired rate of 30.0000 Hz. Current loop rate is 16.6667 Hz.
[component_container_isolated-2] [WARN] [1780416956.509651990] [planner_server]: Planner loop missed its desired rate of 999999999.0000 Hz. Current loop rate is 7.1429 Hz
[component_container_isolated-2] [INFO] [1780416956.525971984] [controller_server]: Passing new path to controller.
[component_container_isolated-2] [WARN] [1780416956.566998602] [controller_server]: Control loop missed its desired rate of 30.0000 Hz. Current loop rate is 25.0000 Hz.
[component_container_isolated-2] [WARN] [1780416956.648552587] [controller_server]: Control loop missed its desired rate of 30.0000 Hz. Current loop rate is 20.0000 Hz.
[component_container_isolated-2] [WARN] [1780416956.768383863] [controller_server]: Control loop missed its desired rate of 30.0000 Hz. Current loop rate is 16.6667 Hz.
[component_container_isolated-2] [WARN] [1780416956.864542266] [controller_server]: Control loop missed its desired rate of 30.0000 Hz. Current loop rate is 16.6667 Hz.
[component_container_isolated-2] [WARN] [1780416956.966411368] [controller_server]: Control loop missed its desired rate of 30.0000 Hz. Current loop rate is 14.2857 Hz.
[component_container_isolated-2] [WARN] [1780416957.057339351] [controller_server]: Control loop missed its desired rate of 30.0000 Hz. Current loop rate is 16.6667 Hz.
[component_container_isolated-2] [WARN] [1780416957.174544514] [controller_server]: Control loop missed its desired rate of 30.0000 Hz. Current loop rate is 20.0000 Hz.
[component_container_isolated-2] [WARN] [1780416957.258860494] [controller_server]: Control loop missed its desired rate of 30.0000 Hz. Current loop rate is 20.0000 Hz.
[component_container_isolated-2] [WARN] [1780416957.366685838] [controller_server]: Control loop missed its desired rate of 30.0000 Hz. Current loop rate is 25.0000 Hz.
[component_container_isolated-2] [WARN] [1780416957.461781679] [controller_server]: Control loop missed its desired rate of 30.0000 Hz. Current loop rate is 16.6667 Hz.
[component_container_isolated-2] [WARN] [1780416957.550545483] [controller_server]: Control loop missed its desired rate of 30.0000 Hz. Current loop rate is 16.6667 Hz.
[component_container_isolated-2] [WARN] [1780416957.646196003] [planner_server]: Planner loop missed its desired rate of 999999999.0000 Hz. Current loop rate is 7.6923 Hz
[component_container_isolated-2] [WARN] [1780416957.672226739] [controller_server]: Control loop missed its desired rate of 30.0000 Hz. Current loop rate is 20.0000 Hz.
[component_container_isolated-2] [INFO] [1780416957.672302588] [controller_server]: Passing new path to controller.
[component_container_isolated-2] [WARN] [1780416957.758629069] [controller_server]: Control loop missed its desired rate of 30.0000 Hz. Current loop rate is 16.6667 Hz.
[component_container_isolated-2] [WARN] [1780416957.876177945] [controller_server]: Control loop missed its desired rate of 30.0000 Hz. Current loop rate is 20.0000 Hz.
[component_container_isolated-2] [WARN] [1780416957.966382091] [controller_server]: Control loop missed its desired rate of 30.0000 Hz. Current loop rate is 20.0000 Hz.
[component_container_isolated-2] [WARN] [1780416958.068385436] [controller_server]: Control loop missed its desired rate of 30.0000 Hz. Current loop rate is 16.6667 Hz.
[component_container_isolated-2] [WARN] [1780416958.162779298] [controller_server]: Control loop missed its desired rate of 30.0000 Hz. Current loop rate is 16.6667 Hz.
[component_container_isolated-2] [WARN] [1780416958.253024861] [controller_server]: Control loop missed its desired rate of 30.0000 Hz. Current loop rate is 20.0000 Hz.
[component_container_isolated-2] [WARN] [1780416958.375053867] [controller_server]: Control loop missed its desired rate of 30.0000 Hz. Current loop rate is 20.0000 Hz.
[component_container_isolated-2] [WARN] [1780416958.466047745] [controller_server]: Control loop missed its desired rate of 30.0000 Hz. Current loop rate is 20.0000 Hz.
[component_container_isolated-2] [WARN] [1780416958.551934182] [controller_server]: Control loop missed its desired rate of 30.0000 Hz. Current loop rate is 20.0000 Hz.
[component_container_isolated-2] [WARN] [1780416958.755400852] [controller_server]: Control loop missed its desired rate of 30.0000 Hz. Current loop rate is 33.3333 Hz.
[component_container_isolated-2] [WARN] [1780416958.826387447] [planner_server]: Planner loop missed its desired rate of 999999999.0000 Hz. Current loop rate is 6.2500 Hz
[component_container_isolated-2] [INFO] [1780416958.855533452] [controller_server]: Passing new path to controller.
[component_container_isolated-2] [WARN] [1780416958.957850681] [controller_server]: Control loop missed its desired rate of 30.0000 Hz. Current loop rate is 25.0000 Hz.
[component_container_isolated-2] [WARN] [1780416959.959769362] [planner_server]: Planner loop missed its desired rate of 999999999.0000 Hz. Current loop rate is 9.0909 Hz
[component_container_isolated-2] [INFO] [1780416959.991324410] [controller_server]: Passing new path to controller.
[robot_mission_runner-4] [INFO] [1780416960.246055804] [robot_mission_runner]: Pose: (-19.62, -40.35), Elapsed: 30s, ETA: 51s, Dist remaining: 76.85m
[component_container_isolated-2] [WARN] [1780416961.025161174] [planner_server]: Planner loop missed its desired rate of 999999999.0000 Hz. Current loop rate is 25.0000 Hz
[component_container_isolated-2] [INFO] [1780416961.057948306] [controller_server]: Passing new path to controller.
[component_container_isolated-2] [WARN] [1780416962.099983691] [planner_server]: Planner loop missed its desired rate of 999999999.0000 Hz. Current loop rate is 16.6667 Hz
[component_container_isolated-2] [INFO] [1780416962.124628751] [controller_server]: Passing new path to controller.
[component_container_isolated-2] [WARN] [1780416963.198505055] [planner_server]: Planner loop missed its desired rate of 999999999.0000 Hz. Current loop rate is 12.5000 Hz
[component_container_isolated-2] [INFO] [1780416963.224621856] [controller_server]: Passing new path to controller.
[component_container_isolated-2] [WARN] [1780416964.290930817] [planner_server]: Planner loop missed its desired rate of 999999999.0000 Hz. Current loop rate is 12.5000 Hz
[component_container_isolated-2] [INFO] [1780416964.324628809] [controller_server]: Passing new path to controller.
[robot_mission_runner-4] [INFO] [1780416965.257988318] [robot_mission_runner]: Pose: (-17.78, -47.59), Elapsed: 35s, ETA: 46s, Dist remaining: 69.28m
[component_container_isolated-2] [WARN] [1780416965.378723888] [planner_server]: Planner loop missed its desired rate of 999999999.0000 Hz. Current loop rate is 14.2857 Hz
[component_container_isolated-2] [INFO] [1780416965.424628620] [controller_server]: Passing new path to controller.
[component_container_isolated-2] [WARN] [1780416966.453202199] [planner_server]: Planner loop missed its desired rate of 999999999.0000 Hz. Current loop rate is 16.6667 Hz
[component_container_isolated-2] [INFO] [1780416966.491295743] [controller_server]: Passing new path to controller.
[component_container_isolated-2] [WARN] [1780416967.511022306] [planner_server]: Planner loop missed its desired rate of 999999999.0000 Hz. Current loop rate is 33.3333 Hz
[component_container_isolated-2] [INFO] [1780416967.557952406] [controller_server]: Passing new path to controller.
[component_container_isolated-2] [WARN] [1780416968.559456239] [planner_server]: Planner loop missed its desired rate of 999999999.0000 Hz. Current loop rate is 50.0000 Hz
[component_container_isolated-2] [INFO] [1780416968.591299353] [controller_server]: Passing new path to controller.
[component_container_isolated-2] [WARN] [1780416969.685381499] [planner_server]: Planner loop missed its desired rate of 999999999.0000 Hz. Current loop rate is 9.0909 Hz
[component_container_isolated-2] [INFO] [1780416969.724638777] [controller_server]: Passing new path to controller.
[robot_mission_runner-4] [INFO] [1780416970.274706768] [robot_mission_runner]: Pose: (-11.21, -50.40), Elapsed: 40s, ETA: 41s, Dist remaining: 61.84m
[component_container_isolated-2] [WARN] [1780416970.749503783] [planner_server]: Planner loop missed its desired rate of 999999999.0000 Hz. Current loop rate is 25.0000 Hz
[component_container_isolated-2] [INFO] [1780416970.791300281] [controller_server]: Passing new path to controller.
[component_container_isolated-2] [WARN] [1780416971.789773019] [planner_server]: Planner loop missed its desired rate of 999999999.0000 Hz. Current loop rate is 50.0000 Hz
[component_container_isolated-2] [INFO] [1780416971.824650851] [controller_server]: Passing new path to controller.
[component_container_isolated-2] [WARN] [1780416972.839864732] [planner_server]: Planner loop missed its desired rate of 999999999.0000 Hz. Current loop rate is 33.3333 Hz
[component_container_isolated-2] [INFO] [1780416972.857956295] [controller_server]: Passing new path to controller.
[component_container_isolated-2] [WARN] [1780416973.892424638] [planner_server]: Planner loop missed its desired rate of 999999999.0000 Hz. Current loop rate is 50.0000 Hz
[component_container_isolated-2] [INFO] [1780416973.924620041] [controller_server]: Passing new path to controller.
[component_container_isolated-2] [INFO] [1780416974.957963458] [controller_server]: Passing new path to controller.
[robot_mission_runner-4] [INFO] [1780416975.291594780] [robot_mission_runner]: Pose: (-3.71, -50.36), Elapsed: 45s, ETA: 36s, Dist remaining: 54.38m
[component_container_isolated-2] [WARN] [1780416975.978512741] [planner_server]: Planner loop missed its desired rate of 999999999.0000 Hz. Current loop rate is 33.3333 Hz
[component_container_isolated-2] [INFO] [1780416976.024622227] [controller_server]: Passing new path to controller.
[vlm_node-3] [INFO] [1780416976.650085869] [vlm_node]: Completed prompt: "Check if there are any small hazards on the ground that would cause harm to the robot if it navigated over it OR the area is blocked by large objects that make it impassable. If so respond only yes. Otherwise, respond no." with response: False
[vlm_node-3] [INFO] [1780416976.650615189] [vlm_node]: VLM_QUERY|QueryBool|success|58.05|1|
[component_container_isolated-2] [WARN] [1780416977.032880065] [planner_server]: Planner loop missed its desired rate of 999999999.0000 Hz. Current loop rate is 50.0000 Hz
[component_container_isolated-2] [INFO] [1780416977.057957947] [controller_server]: Passing new path to controller.
[component_container_isolated-2] [WARN] [1780416978.060520912] [planner_server]: Planner loop missed its desired rate of 999999999.0000 Hz. Current loop rate is 100.0000 Hz
[component_container_isolated-2] [INFO] [1780416978.091300160] [controller_server]: Passing new path to controller.
[component_container_isolated-2] [WARN] [1780416979.111273061] [planner_server]: Planner loop missed its desired rate of 999999999.0000 Hz. Current loop rate is 25.0000 Hz
[component_container_isolated-2] [INFO] [1780416979.157956301] [controller_server]: Passing new path to controller.
[component_container_isolated-2] [WARN] [1780416980.160357426] [planner_server]: Planner loop missed its desired rate of 999999999.0000 Hz. Current loop rate is 50.0000 Hz
[component_container_isolated-2] [INFO] [1780416980.191293779] [controller_server]: Passing new path to controller.
[robot_mission_runner-4] [INFO] [1780416980.305348015] [robot_mission_runner]: Pose: (3.80, -50.38), Elapsed: 50s, ETA: 31s, Dist remaining: 46.71m
[component_container_isolated-2] [WARN] [1780416981.188450151] [planner_server]: Planner loop missed its desired rate of 999999999.0000 Hz. Current loop rate is 100.0000 Hz
[component_container_isolated-2] [INFO] [1780416981.224636229] [controller_server]: Passing new path to controller.
[component_container_isolated-2] [INFO] [1780416982.257961112] [controller_server]: Passing new path to controller.
[component_container_isolated-2] [WARN] [1780416983.262486544] [planner_server]: Planner loop missed its desired rate of 999999999.0000 Hz. Current loop rate is 100.0000 Hz
[component_container_isolated-2] [INFO] [1780416983.291283188] [controller_server]: Passing new path to controller.
[component_container_isolated-2] [WARN] [1780416984.289127498] [planner_server]: Planner loop missed its desired rate of 999999999.0000 Hz. Current loop rate is 100.0000 Hz
[component_container_isolated-2] [INFO] [1780416984.324629717] [controller_server]: Passing new path to controller.
[robot_mission_runner-4] [INFO] [1780416985.317325744] [robot_mission_runner]: Pose: (11.33, -50.36), Elapsed: 55s, ETA: 26s, Dist remaining: 39.26m
[component_container_isolated-2] [WARN] [1780416985.330139627] [planner_server]: Planner loop missed its desired rate of 999999999.0000 Hz. Current loop rate is 50.0000 Hz
[component_container_isolated-2] [INFO] [1780416985.357987498] [controller_server]: Passing new path to controller.
[component_container_isolated-2] [WARN] [1780416986.362968292] [planner_server]: Planner loop missed its desired rate of 999999999.0000 Hz. Current loop rate is 100.0000 Hz
[component_container_isolated-2] [INFO] [1780416986.391281903] [controller_server]: Passing new path to controller.
[component_container_isolated-2] [INFO] [1780416987.391319511] [controller_server]: Passing new path to controller.
[component_container_isolated-2] [WARN] [1780416988.419838070] [planner_server]: Planner loop missed its desired rate of 999999999.0000 Hz. Current loop rate is 50.0000 Hz
[component_container_isolated-2] [INFO] [1780416988.457961802] [controller_server]: Passing new path to controller.
[component_container_isolated-2] [WARN] [1780416989.463760931] [planner_server]: Planner loop missed its desired rate of 999999999.0000 Hz. Current loop rate is 33.3333 Hz
[component_container_isolated-2] [INFO] [1780416989.491284886] [controller_server]: Passing new path to controller.
[robot_mission_runner-4] [INFO] [1780416990.330191460] [robot_mission_runner]: Pose: (18.82, -50.33), Elapsed: 60s, ETA: 21s, Dist remaining: 31.80m
[component_container_isolated-2] [WARN] [1780416990.487356816] [planner_server]: Planner loop missed its desired rate of 999999999.0000 Hz. Current loop rate is 50.0000 Hz
[component_container_isolated-2] [INFO] [1780416990.524624214] [controller_server]: Passing new path to controller.
[component_container_isolated-2] [INFO] [1780416991.557987694] [controller_server]: Passing new path to controller.
[component_container_isolated-2] [WARN] [1780416992.531819402] [planner_server]: Planner loop missed its desired rate of 999999999.0000 Hz. Current loop rate is 100.0000 Hz
[component_container_isolated-2] [INFO] [1780416992.557970873] [controller_server]: Passing new path to controller.
[component_container_isolated-2] [WARN] [1780416993.554028507] [planner_server]: Planner loop missed its desired rate of 999999999.0000 Hz. Current loop rate is 100.0000 Hz
[component_container_isolated-2] [INFO] [1780416993.591301481] [controller_server]: Passing new path to controller.
[component_container_isolated-2] [WARN] [1780416994.598561922] [planner_server]: Planner loop missed its desired rate of 999999999.0000 Hz. Current loop rate is 33.3333 Hz
[component_container_isolated-2] [INFO] [1780416994.624625643] [controller_server]: Passing new path to controller.
[robot_mission_runner-4] [INFO] [1780416995.339400081] [robot_mission_runner]: Pose: (26.35, -50.29), Elapsed: 65s, ETA: 16s, Dist remaining: 24.48m
[component_container_isolated-2] [WARN] [1780416995.632124033] [planner_server]: Planner loop missed its desired rate of 999999999.0000 Hz. Current loop rate is 100.0000 Hz
[component_container_isolated-2] [INFO] [1780416995.657956569] [controller_server]: Passing new path to controller.
[component_container_isolated-2] [INFO] [1780416996.691286008] [controller_server]: Passing new path to controller.
[component_container_isolated-2] [INFO] [1780416997.691284979] [controller_server]: Passing new path to controller.
[component_container_isolated-2] [INFO] [1780416998.724629156] [controller_server]: Passing new path to controller.
[component_container_isolated-2] [WARN] [1780416999.721212007] [planner_server]: Planner loop missed its desired rate of 999999999.0000 Hz. Current loop rate is 100.0000 Hz
[component_container_isolated-2] [INFO] [1780416999.757961257] [controller_server]: Passing new path to controller.
[robot_mission_runner-4] [INFO] [1780417000.351502941] [robot_mission_runner]: Pose: (33.87, -50.28), Elapsed: 70s, ETA: 11s, Dist remaining: 16.98m
[component_container_isolated-2] [INFO] [1780417000.757956463] [controller_server]: Passing new path to controller.
[component_container_isolated-2] [WARN] [1780417001.771775561] [planner_server]: Planner loop missed its desired rate of 999999999.0000 Hz. Current loop rate is 100.0000 Hz
[component_container_isolated-2] [INFO] [1780417001.791295692] [controller_server]: Passing new path to controller.
[component_container_isolated-2] [INFO] [1780417002.824623595] [controller_server]: Passing new path to controller.
[component_container_isolated-2] [WARN] [1780417003.832501724] [planner_server]: Planner loop missed its desired rate of 999999999.0000 Hz. Current loop rate is 100.0000 Hz
[component_container_isolated-2] [INFO] [1780417003.857959452] [controller_server]: Passing new path to controller.
[component_container_isolated-2] [WARN] [1780417004.851024590] [planner_server]: Planner loop missed its desired rate of 999999999.0000 Hz. Current loop rate is 100.0000 Hz
[component_container_isolated-2] [INFO] [1780417004.891284763] [controller_server]: Passing new path to controller.
[robot_mission_runner-4] [INFO] [1780417005.362500067] [robot_mission_runner]: Pose: (41.32, -49.69), Elapsed: 75s, ETA: 6s, Dist remaining: 9.43m
[component_container_isolated-2] [WARN] [1780417005.870645978] [planner_server]: Planner loop missed its desired rate of 999999999.0000 Hz. Current loop rate is 100.0000 Hz
[component_container_isolated-2] [INFO] [1780417005.891291923] [controller_server]: Passing new path to controller.
[component_container_isolated-2] [WARN] [1780417006.899112519] [planner_server]: Planner loop missed its desired rate of 999999999.0000 Hz. Current loop rate is 100.0000 Hz
[component_container_isolated-2] [INFO] [1780417006.924629363] [controller_server]: Passing new path to controller.
[component_container_isolated-2] [WARN] [1780417007.930602992] [planner_server]: Planner loop missed its desired rate of 999999999.0000 Hz. Current loop rate is 100.0000 Hz
[component_container_isolated-2] [INFO] [1780417007.957972308] [controller_server]: Passing new path to controller.
[component_container_isolated-2] [WARN] [1780417008.949703634] [planner_server]: Planner loop missed its desired rate of 999999999.0000 Hz. Current loop rate is 100.0000 Hz
[component_container_isolated-2] [INFO] [1780417008.991301526] [controller_server]: Passing new path to controller.
[component_container_isolated-2] [WARN] [1780417009.968565207] [planner_server]: Planner loop missed its desired rate of 999999999.0000 Hz. Current loop rate is 100.0000 Hz
[component_container_isolated-2] [INFO] [1780417009.991286807] [controller_server]: Passing new path to controller.
[robot_mission_runner-4] [INFO] [1780417010.375715246] [robot_mission_runner]: Pose: (48.31, -50.12), Elapsed: 80s, ETA: 2s, Dist remaining: 2.39m
[component_container_isolated-2] [WARN] [1780417011.001078162] [planner_server]: Planner loop missed its desired rate of 999999999.0000 Hz. Current loop rate is 100.0000 Hz
[component_container_isolated-2] [INFO] [1780417011.024615285] [controller_server]: Passing new path to controller.
[component_container_isolated-2] [WARN] [1780417012.031122792] [planner_server]: Planner loop missed its desired rate of 999999999.0000 Hz. Current loop rate is 100.0000 Hz
[component_container_isolated-2] [INFO] [1780417012.057959346] [controller_server]: Passing new path to controller.
[component_container_isolated-2] [WARN] [1780417013.051682593] [planner_server]: Planner loop missed its desired rate of 999999999.0000 Hz. Current loop rate is 100.0000 Hz
[component_container_isolated-2] [INFO] [1780417013.091305991] [controller_server]: Passing new path to controller.
[component_container_isolated-2] [WARN] [1780417014.109594474] [planner_server]: Planner loop missed its desired rate of 999999999.0000 Hz. Current loop rate is 20.0000 Hz
[component_container_isolated-2] [INFO] [1780417014.157971429] [controller_server]: Passing new path to controller.
[component_container_isolated-2] [WARN] [1780417015.138442522] [planner_server]: Planner loop missed its desired rate of 999999999.0000 Hz. Current loop rate is 100.0000 Hz
[component_container_isolated-2] [INFO] [1780417015.157966116] [controller_server]: Passing new path to controller.
[robot_mission_runner-4] [INFO] [1780417015.387786495] [robot_mission_runner]: Pose: (49.98, -50.44), Elapsed: 85s, ETA: 6s, Dist remaining: 0.43m
[component_container_isolated-2] [INFO] [1780417015.495134872] [controller_server]: Reached the goal!
[component_container_isolated-2] [INFO] [1780417015.495349787] [controller_server]: Optimizer reset
[component_container_isolated-2] [ERROR] [1780417015.526411691] [bt_navigator_navigate_to_pose_rclcpp_node]: Failed to get result for vlm_node/query_bool in node halt!
[component_container_isolated-2] [INFO] [1780417015.526706985] [bt_navigator]: Goal succeeded
[robot_mission_runner-4] [INFO] [1780417015.529610864] [robot_mission_runner]: Navigation result: SUCCEEDED
[vlm_node-3] [INFO] [1780417019.005015591] [vlm_node]: VLM_QUERY|QueryBool|cancelled|88.96|2|
[robot_mission_runner-4] [INFO] [1780417025.530408047] [robot_mission_runner]: Navigating to drop, attempt 1/3...
[component_container_isolated-2] [INFO] [1780417025.530893567] [local_costmap.local_costmap]: Received request to clear entirely the local_costmap
[component_container_isolated-2] [INFO] [1780417025.533900023] [global_costmap.global_costmap]: Received request to clear entirely the global_costmap
[robot_mission_runner-4] [INFO] [1780417025.543442923] [robot_mission_runner]: Navigating to goal: -11.5 -27.17...
[component_container_isolated-2] [INFO] [1780417025.543876574] [bt_navigator]: Begin navigating from current location (49.98, -50.46) to (-11.50, -27.17)
[vlm_node-3] [INFO] [1780417025.545417981] [vlm_node]: Goal received with prompt: Check if there are any small hazards on the ground that would cause harm to the robot if it navigated over it OR the area is blocked by large objects that make it impassable. If so respond only yes. Otherwise, respond no.
[component_container_isolated-2] [WARN] [1780417025.753274988] [planner_server]: Planner loop missed its desired rate of 999999999.0000 Hz. Current loop rate is 5.0000 Hz
[component_container_isolated-2] [INFO] [1780417025.764961542] [controller_server]: Received a goal, begin computing control effort.
[component_container_isolated-2] [WARN] [1780417026.796003012] [planner_server]: Planner loop missed its desired rate of 999999999.0000 Hz. Current loop rate is 50.0000 Hz
[component_container_isolated-2] [INFO] [1780417026.831792508] [controller_server]: Passing new path to controller.
[component_container_isolated-2] [WARN] [1780417027.851502681] [planner_server]: Planner loop missed its desired rate of 999999999.0000 Hz. Current loop rate is 50.0000 Hz
[component_container_isolated-2] [INFO] [1780417027.865120244] [controller_server]: Passing new path to controller.
[component_container_isolated-2] [WARN] [1780417028.900216467] [planner_server]: Planner loop missed its desired rate of 999999999.0000 Hz. Current loop rate is 50.0000 Hz
[component_container_isolated-2] [INFO] [1780417028.931805330] [controller_server]: Passing new path to controller.
[component_container_isolated-2] [WARN] [1780417029.940049026] [planner_server]: Planner loop missed its desired rate of 999999999.0000 Hz. Current loop rate is 50.0000 Hz
[component_container_isolated-2] [INFO] [1780417029.965148116] [controller_server]: Passing new path to controller.
[robot_mission_runner-4] [INFO] [1780417030.655408824] [robot_mission_runner]: Pose: (46.74, -49.61), Elapsed: 5s, ETA: 52s, Dist remaining: 78.40m
[component_container_isolated-2] [WARN] [1780417030.980228452] [planner_server]: Planner loop missed its desired rate of 999999999.0000 Hz. Current loop rate is 50.0000 Hz
[component_container_isolated-2] [INFO] [1780417030.998467156] [controller_server]: Passing new path to controller.
[component_container_isolated-2] [WARN] [1780417032.031407450] [planner_server]: Planner loop missed its desired rate of 999999999.0000 Hz. Current loop rate is 33.3333 Hz
[component_container_isolated-2] [INFO] [1780417032.065126095] [controller_server]: Passing new path to controller.
[component_container_isolated-2] [WARN] [1780417033.069868101] [planner_server]: Planner loop missed its desired rate of 999999999.0000 Hz. Current loop rate is 50.0000 Hz
[component_container_isolated-2] [INFO] [1780417033.098475164] [controller_server]: Passing new path to controller.
[component_container_isolated-2] [WARN] [1780417034.151437772] [planner_server]: Planner loop missed its desired rate of 999999999.0000 Hz. Current loop rate is 16.6667 Hz
[component_container_isolated-2] [INFO] [1780417034.165142011] [controller_server]: Passing new path to controller.
[component_container_isolated-2] [WARN] [1780417035.221979811] [planner_server]: Planner loop missed its desired rate of 999999999.0000 Hz. Current loop rate is 20.0000 Hz
[component_container_isolated-2] [INFO] [1780417035.265149103] [controller_server]: Passing new path to controller.
[robot_mission_runner-4] [INFO] [1780417035.668121302] [robot_mission_runner]: Pose: (39.27, -50.06), Elapsed: 10s, ETA: 47s, Dist remaining: 70.66m
[component_container_isolated-2] [WARN] [1780417036.274348031] [planner_server]: Planner loop missed its desired rate of 999999999.0000 Hz. Current loop rate is 33.3333 Hz
[component_container_isolated-2] [INFO] [1780417036.298474457] [controller_server]: Passing new path to controller.
[component_container_isolated-2] [WARN] [1780417037.338948045] [planner_server]: Planner loop missed its desired rate of 999999999.0000 Hz. Current loop rate is 33.3333 Hz
[component_container_isolated-2] [INFO] [1780417037.365125266] [controller_server]: Passing new path to controller.
[component_container_isolated-2] [WARN] [1780417038.395266709] [planner_server]: Planner loop missed its desired rate of 999999999.0000 Hz. Current loop rate is 25.0000 Hz
[component_container_isolated-2] [INFO] [1780417038.431801009] [controller_server]: Passing new path to controller.
[component_container_isolated-2] [WARN] [1780417039.446308871] [planner_server]: Planner loop missed its desired rate of 999999999.0000 Hz. Current loop rate is 33.3333 Hz
[component_container_isolated-2] [INFO] [1780417039.498489476] [controller_server]: Passing new path to controller.
[component_container_isolated-2] [WARN] [1780417040.495519217] [planner_server]: Planner loop missed its desired rate of 999999999.0000 Hz. Current loop rate is 50.0000 Hz
[component_container_isolated-2] [INFO] [1780417040.531794461] [controller_server]: Passing new path to controller.
[robot_mission_runner-4] [INFO] [1780417040.680932552] [robot_mission_runner]: Pose: (31.77, -50.31), Elapsed: 15s, ETA: 42s, Dist remaining: 63.36m
[component_container_isolated-2] [WARN] [1780417041.542902057] [planner_server]: Planner loop missed its desired rate of 999999999.0000 Hz. Current loop rate is 50.0000 Hz
[component_container_isolated-2] [INFO] [1780417041.565118631] [controller_server]: Passing new path to controller.
[component_container_isolated-2] [WARN] [1780417042.631113498] [planner_server]: Planner loop missed its desired rate of 999999999.0000 Hz. Current loop rate is 14.2857 Hz
[component_container_isolated-2] [INFO] [1780417042.665111169] [controller_server]: Passing new path to controller.
[component_container_isolated-2] [WARN] [1780417043.671884709] [planner_server]: Planner loop missed its desired rate of 999999999.0000 Hz. Current loop rate is 50.0000 Hz
[component_container_isolated-2] [INFO] [1780417043.698470769] [controller_server]: Passing new path to controller.
[component_container_isolated-2] [WARN] [1780417044.722022385] [planner_server]: Planner loop missed its desired rate of 999999999.0000 Hz. Current loop rate is 33.3333 Hz
[component_container_isolated-2] [INFO] [1780417044.765152189] [controller_server]: Passing new path to controller.
[robot_mission_runner-4] [INFO] [1780417045.694309850] [robot_mission_runner]: Pose: (24.26, -50.28), Elapsed: 20s, ETA: 37s, Dist remaining: 55.71m
[component_container_isolated-2] [WARN] [1780417045.781722201] [planner_server]: Planner loop missed its desired rate of 999999999.0000 Hz. Current loop rate is 33.3333 Hz
[component_container_isolated-2] [INFO] [1780417045.798469541] [controller_server]: Passing new path to controller.
[component_container_isolated-2] [WARN] [1780417046.834474091] [planner_server]: Planner loop missed its desired rate of 999999999.0000 Hz. Current loop rate is 33.3333 Hz
[component_container_isolated-2] [INFO] [1780417046.865114231] [controller_server]: Passing new path to controller.
[component_container_isolated-2] [WARN] [1780417047.872403915] [planner_server]: Planner loop missed its desired rate of 999999999.0000 Hz. Current loop rate is 100.0000 Hz
[component_container_isolated-2] [INFO] [1780417047.898471774] [controller_server]: Passing new path to controller.
[component_container_isolated-2] [WARN] [1780417048.895074625] [planner_server]: Planner loop missed its desired rate of 999999999.0000 Hz. Current loop rate is 33.3333 Hz
[component_container_isolated-2] [INFO] [1780417048.931798923] [controller_server]: Passing new path to controller.
[component_container_isolated-2] [WARN] [1780417049.938953543] [planner_server]: Planner loop missed its desired rate of 999999999.0000 Hz. Current loop rate is 50.0000 Hz
[component_container_isolated-2] [INFO] [1780417049.965134388] [controller_server]: Passing new path to controller.
[vlm_node-3] [INFO] [1780417050.053522339] [vlm_node]: Completed prompt: "Check if there are any small hazards on the ground that would cause harm to the robot if it navigated over it OR the area is blocked by large objects that make it impassable. If so respond only yes. Otherwise, respond no." with response: True
[vlm_node-3] [INFO] [1780417050.054273753] [vlm_node]: VLM_QUERY|QueryBool|success|24.51|1|
[vlm_node-3] [INFO] [1780417050.066041348] [vlm_node]: Goal received with prompt: Is this space too crowded by people or working machinery to move though safely? If so, respond only yes. Otherwise respond no.
[robot_mission_runner-4] [INFO] [1780417050.705372823] [robot_mission_runner]: Pose: (16.73, -50.29), Elapsed: 25s, ETA: 32s, Dist remaining: 48.31m
[component_container_isolated-2] [WARN] [1780417050.972191098] [planner_server]: Planner loop missed its desired rate of 999999999.0000 Hz. Current loop rate is 100.0000 Hz
[component_container_isolated-2] [INFO] [1780417050.998473029] [controller_server]: Passing new path to controller.
[component_container_isolated-2] [WARN] [1780417051.933164402] [controller_server]: Control loop missed its desired rate of 30.0000 Hz. Current loop rate is 33.3333 Hz.
[component_container_isolated-2] [WARN] [1780417052.006111843] [planner_server]: Planner loop missed its desired rate of 999999999.0000 Hz. Current loop rate is 25.0000 Hz
[component_container_isolated-2] [INFO] [1780417052.033284645] [controller_server]: Passing new path to controller.
[component_container_isolated-2] [WARN] [1780417053.047363896] [planner_server]: Planner loop missed its desired rate of 999999999.0000 Hz. Current loop rate is 50.0000 Hz
[component_container_isolated-2] [INFO] [1780417053.066623928] [controller_server]: Passing new path to controller.
[component_container_isolated-2] [WARN] [1780417054.138541611] [planner_server]: Planner loop missed its desired rate of 999999999.0000 Hz. Current loop rate is 14.2857 Hz
[component_container_isolated-2] [INFO] [1780417054.166624911] [controller_server]: Passing new path to controller.
[component_container_isolated-2] [WARN] [1780417055.185193657] [planner_server]: Planner loop missed its desired rate of 999999999.0000 Hz. Current loop rate is 100.0000 Hz
[component_container_isolated-2] [INFO] [1780417055.233283632] [controller_server]: Passing new path to controller.
[robot_mission_runner-4] [INFO] [1780417055.717331439] [robot_mission_runner]: Pose: (9.23, -50.29), Elapsed: 30s, ETA: 27s, Dist remaining: 40.89m
[component_container_isolated-2] [WARN] [1780417056.233367435] [planner_server]: Planner loop missed its desired rate of 999999999.0000 Hz. Current loop rate is 50.0000 Hz
[component_container_isolated-2] [INFO] [1780417056.266637672] [controller_server]: Passing new path to controller.
[component_container_isolated-2] [WARN] [1780417057.267463126] [planner_server]: Planner loop missed its desired rate of 999999999.0000 Hz. Current loop rate is 33.3333 Hz
[component_container_isolated-2] [INFO] [1780417057.299969759] [controller_server]: Passing new path to controller.
[component_container_isolated-2] [WARN] [1780417058.304493340] [planner_server]: Planner loop missed its desired rate of 999999999.0000 Hz. Current loop rate is 50.0000 Hz
[component_container_isolated-2] [INFO] [1780417058.333306392] [controller_server]: Passing new path to controller.
[component_container_isolated-2] [WARN] [1780417059.340227419] [planner_server]: Planner loop missed its desired rate of 999999999.0000 Hz. Current loop rate is 50.0000 Hz
[component_container_isolated-2] [INFO] [1780417059.366616233] [controller_server]: Passing new path to controller.
[component_container_isolated-2] [WARN] [1780417060.387141610] [planner_server]: Planner loop missed its desired rate of 999999999.0000 Hz. Current loop rate is 33.3333 Hz
[component_container_isolated-2] [INFO] [1780417060.433285522] [controller_server]: Passing new path to controller.
[robot_mission_runner-4] [INFO] [1780417060.728841960] [robot_mission_runner]: Pose: (1.73, -50.22), Elapsed: 35s, ETA: 22s, Dist remaining: 33.12m
[component_container_isolated-2] [WARN] [1780417061.441105872] [planner_server]: Planner loop missed its desired rate of 999999999.0000 Hz. Current loop rate is 33.3333 Hz
[component_container_isolated-2] [INFO] [1780417061.466616425] [controller_server]: Passing new path to controller.
[component_container_isolated-2] [WARN] [1780417062.476893869] [planner_server]: Planner loop missed its desired rate of 999999999.0000 Hz. Current loop rate is 33.3333 Hz
[component_container_isolated-2] [INFO] [1780417062.499968784] [controller_server]: Passing new path to controller.
[component_container_isolated-2] [WARN] [1780417063.522831200] [planner_server]: Planner loop missed its desired rate of 999999999.0000 Hz. Current loop rate is 50.0000 Hz
[component_container_isolated-2] [INFO] [1780417063.566617581] [controller_server]: Passing new path to controller.
[component_container_isolated-2] [WARN] [1780417064.576578916] [planner_server]: Planner loop missed its desired rate of 999999999.0000 Hz. Current loop rate is 25.0000 Hz
[component_container_isolated-2] [INFO] [1780417064.599981143] [controller_server]: Passing new path to controller.
[component_container_isolated-2] [WARN] [1780417065.618589165] [planner_server]: Planner loop missed its desired rate of 999999999.0000 Hz. Current loop rate is 50.0000 Hz
[component_container_isolated-2] [INFO] [1780417065.666619392] [controller_server]: Passing new path to controller.
[robot_mission_runner-4] [INFO] [1780417065.740167398] [robot_mission_runner]: Pose: (-5.78, -50.03), Elapsed: 40s, ETA: 17s, Dist remaining: 25.67m
[component_container_isolated-2] [WARN] [1780417066.660541343] [planner_server]: Planner loop missed its desired rate of 999999999.0000 Hz. Current loop rate is 50.0000 Hz
[component_container_isolated-2] [INFO] [1780417066.699957567] [controller_server]: Passing new path to controller.
[component_container_isolated-2] [WARN] [1780417067.691349322] [planner_server]: Planner loop missed its desired rate of 999999999.0000 Hz. Current loop rate is 50.0000 Hz
[component_container_isolated-2] [INFO] [1780417067.733292620] [controller_server]: Passing new path to controller.
[component_container_isolated-2] [WARN] [1780417068.725967514] [planner_server]: Planner loop missed its desired rate of 999999999.0000 Hz. Current loop rate is 50.0000 Hz
[component_container_isolated-2] [INFO] [1780417068.766617860] [controller_server]: Passing new path to controller.
[component_container_isolated-2] [WARN] [1780417069.759461818] [planner_server]: Planner loop missed its desired rate of 999999999.0000 Hz. Current loop rate is 50.0000 Hz
[component_container_isolated-2] [INFO] [1780417069.799964966] [controller_server]: Passing new path to controller.
[robot_mission_runner-4] [INFO] [1780417070.752832184] [robot_mission_runner]: Pose: (-10.48, -44.99), Elapsed: 45s, ETA: 12s, Dist remaining: 18.06m
[component_container_isolated-2] [WARN] [1780417070.785372277] [planner_server]: Planner loop missed its desired rate of 999999999.0000 Hz. Current loop rate is 100.0000 Hz
[component_container_isolated-2] [INFO] [1780417070.833285441] [controller_server]: Passing new path to controller.
[component_container_isolated-2] [WARN] [1780417071.820932630] [planner_server]: Planner loop missed its desired rate of 999999999.0000 Hz. Current loop rate is 100.0000 Hz
[component_container_isolated-2] [INFO] [1780417071.833285087] [controller_server]: Passing new path to controller.
[component_container_isolated-2] [WARN] [1780417072.842115077] [planner_server]: Planner loop missed its desired rate of 999999999.0000 Hz. Current loop rate is 100.0000 Hz
[component_container_isolated-2] [INFO] [1780417072.866618506] [controller_server]: Passing new path to controller.
[component_container_isolated-2] [WARN] [1780417073.863736923] [planner_server]: Planner loop missed its desired rate of 999999999.0000 Hz. Current loop rate is 100.0000 Hz
[component_container_isolated-2] [INFO] [1780417073.899962882] [controller_server]: Passing new path to controller.
[vlm_node-3] [INFO] [1780417074.704064249] [vlm_node]: Completed prompt: "Is this space too crowded by people or working machinery to move though safely? If so, respond only yes. Otherwise respond no." with response: False
[vlm_node-3] [INFO] [1780417074.704317653] [vlm_node]: VLM_QUERY|QueryBool|success|24.64|1|
[vlm_node-3] [INFO] [1780417074.715679282] [vlm_node]: Goal received with prompt: Are there any people visible in this scene? If so, respond only yes. Otherwise respond no.
[component_container_isolated-2] [WARN] [1780417074.881405594] [planner_server]: Planner loop missed its desired rate of 999999999.0000 Hz. Current loop rate is 100.0000 Hz
[component_container_isolated-2] [INFO] [1780417074.899955964] [controller_server]: Passing new path to controller.
[robot_mission_runner-4] [INFO] [1780417075.764289269] [robot_mission_runner]: Pose: (-10.50, -37.47), Elapsed: 50s, ETA: 7s, Dist remaining: 10.51m
[component_container_isolated-2] [WARN] [1780417075.911298963] [planner_server]: Planner loop missed its desired rate of 999999999.0000 Hz. Current loop rate is 100.0000 Hz
[component_container_isolated-2] [INFO] [1780417075.933282026] [controller_server]: Passing new path to controller.
[component_container_isolated-2] [WARN] [1780417076.435825354] [controller_server]: Control loop missed its desired rate of 30.0000 Hz. Current loop rate is 33.3333 Hz.
[component_container_isolated-2] [WARN] [1780417076.543869848] [controller_server]: Control loop missed its desired rate of 30.0000 Hz. Current loop rate is 25.0000 Hz.
[component_container_isolated-2] [WARN] [1780417076.648744433] [controller_server]: Control loop missed its desired rate of 30.0000 Hz. Current loop rate is 25.0000 Hz.
[component_container_isolated-2] [WARN] [1780417076.928964599] [planner_server]: Planner loop missed its desired rate of 999999999.0000 Hz. Current loop rate is 100.0000 Hz
[component_container_isolated-2] [INFO] [1780417076.948876408] [controller_server]: Passing new path to controller.
[component_container_isolated-2] [WARN] [1780417077.968336503] [planner_server]: Planner loop missed its desired rate of 999999999.0000 Hz. Current loop rate is 50.0000 Hz
[component_container_isolated-2] [INFO] [1780417078.015559925] [controller_server]: Passing new path to controller.
[component_container_isolated-2] [WARN] [1780417078.991015184] [planner_server]: Planner loop missed its desired rate of 999999999.0000 Hz. Current loop rate is 100.0000 Hz
[component_container_isolated-2] [INFO] [1780417079.015547479] [controller_server]: Passing new path to controller.
[component_container_isolated-2] [WARN] [1780417080.009807480] [planner_server]: Planner loop missed its desired rate of 999999999.0000 Hz. Current loop rate is 100.0000 Hz
[component_container_isolated-2] [INFO] [1780417080.048877820] [controller_server]: Passing new path to controller.
[robot_mission_runner-4] [INFO] [1780417080.778901122] [robot_mission_runner]: Pose: (-10.52, -30.02), Elapsed: 55s, ETA: 2s, Dist remaining: 3.37m
[component_container_isolated-2] [WARN] [1780417081.030983710] [planner_server]: Planner loop missed its desired rate of 999999999.0000 Hz. Current loop rate is 100.0000 Hz
[component_container_isolated-2] [INFO] [1780417081.048887312] [controller_server]: Passing new path to controller.
[component_container_isolated-2] [WARN] [1780417082.129402837] [planner_server]: Planner loop missed its desired rate of 999999999.0000 Hz. Current loop rate is 12.5000 Hz
[component_container_isolated-2] [INFO] [1780417082.148878182] [controller_server]: Passing new path to controller.
[component_container_isolated-2] [WARN] [1780417083.159707828] [planner_server]: Planner loop missed its desired rate of 999999999.0000 Hz. Current loop rate is 100.0000 Hz
[component_container_isolated-2] [INFO] [1780417083.182213236] [controller_server]: Passing new path to controller.
[component_container_isolated-2] [INFO] [1780417084.215541787] [controller_server]: Passing new path to controller.
[vlm_node-3] [INFO] [1780417084.220119755] [vlm_node]: Completed prompt: "Are there any people visible in this scene? If so, respond only yes. Otherwise respond no." with response: False
[vlm_node-3] [INFO] [1780417084.220311190] [vlm_node]: VLM_QUERY|QueryBool|success|9.51|1|
[vlm_node-3] [INFO] [1780417084.227071449] [vlm_node]: Goal received with prompt: Check if there are any small hazards on the ground that would cause harm to the robot if it navigated over it OR the area is blocked by large objects that make it impassable. If so respond only yes. Otherwise, respond no.
[component_container_isolated-2] [INFO] [1780417084.351589698] [controller_server]: Reached the goal!
[component_container_isolated-2] [INFO] [1780417084.351739344] [controller_server]: Optimizer reset
[component_container_isolated-2] [ERROR] [1780417084.385478380] [bt_navigator_navigate_to_pose_rclcpp_node]: Failed to get result for vlm_node/query_bool in node halt!
[component_container_isolated-2] [INFO] [1780417084.385697415] [bt_navigator]: Goal succeeded
[robot_mission_runner-4] [INFO] [1780417084.387903496] [robot_mission_runner]: Navigation result: SUCCEEDED
[robot_mission_runner-4] [INFO] [1780417094.388587309] [robot_mission_runner]: Mission 3 completed.
[robot_mission_runner-4] [INFO] [1780417094.388997270] [robot_mission_runner]: Picking from {'x': 38.1, 'y': -60.0, 'yaw': 3.1416}, dropping at {'x': -33.5, 'y': -22.4, 'yaw': -1.5708}...
[robot_mission_runner-4] [INFO] [1780417094.389222904] [robot_mission_runner]: Navigating to pick, attempt 1/3...
[component_container_isolated-2] [INFO] [1780417094.389797201] [local_costmap.local_costmap]: Received request to clear entirely the local_costmap
[component_container_isolated-2] [INFO] [1780417094.394542734] [global_costmap.global_costmap]: Received request to clear entirely the global_costmap
[robot_mission_runner-4] [INFO] [1780417094.406251360] [robot_mission_runner]: Navigating to goal: 38.1 -60.0...
[component_container_isolated-2] [INFO] [1780417094.406927775] [bt_navigator]: Begin navigating from current location (-11.49, -27.18) to (38.10, -60.00)
[vlm_node-3] [INFO] [1780417094.410511154] [vlm_node]: Goal received with prompt: Check if there are any small hazards on the ground that would cause harm to the robot if it navigated over it OR the area is blocked by large objects that make it impassable. If so respond only yes. Otherwise, respond no.
[component_container_isolated-2] [WARN] [1780417095.784401621] [planner_server]: Planner loop missed its desired rate of 999999999.0000 Hz. Current loop rate is 0.7299 Hz
[component_container_isolated-2] [INFO] [1780417095.798429844] [controller_server]: Received a goal, begin computing control effort.
[component_container_isolated-2] [WARN] [1780417095.833011734] [controller_server]: Control loop missed its desired rate of 30.0000 Hz. Current loop rate is 33.3333 Hz.
[component_container_isolated-2] [WARN] [1780417096.137122758] [controller_server]: Control loop missed its desired rate of 30.0000 Hz. Current loop rate is 25.0000 Hz.
[component_container_isolated-2] [WARN] [1780417097.494762021] [planner_server]: Planner loop missed its desired rate of 999999999.0000 Hz. Current loop rate is 1.4706 Hz
[component_container_isolated-2] [WARN] [1780417097.545033915] [controller_server]: Control loop missed its desired rate of 30.0000 Hz. Current loop rate is 25.0000 Hz.
[component_container_isolated-2] [INFO] [1780417097.545130813] [controller_server]: Passing new path to controller.
[component_container_isolated-2] [WARN] [1780417097.851949006] [controller_server]: Control loop missed its desired rate of 30.0000 Hz. Current loop rate is 25.0000 Hz.
[component_container_isolated-2] [WARN] [1780417097.955952465] [controller_server]: Control loop missed its desired rate of 30.0000 Hz. Current loop rate is 33.3333 Hz.
[component_container_isolated-2] [WARN] [1780417098.063742136] [controller_server]: Control loop missed its desired rate of 30.0000 Hz. Current loop rate is 25.0000 Hz.
[component_container_isolated-2] [WARN] [1780417098.154080602] [controller_server]: Control loop missed its desired rate of 30.0000 Hz. Current loop rate is 16.6667 Hz.
[component_container_isolated-2] [WARN] [1780417098.261739256] [controller_server]: Control loop missed its desired rate of 30.0000 Hz. Current loop rate is 25.0000 Hz.
[component_container_isolated-2] [WARN] [1780417098.358728561] [controller_server]: Control loop missed its desired rate of 30.0000 Hz. Current loop rate is 14.2857 Hz.
[component_container_isolated-2] [WARN] [1780417098.459360394] [controller_server]: Control loop missed its desired rate of 30.0000 Hz. Current loop rate is 25.0000 Hz.
[component_container_isolated-2] [WARN] [1780417098.662559456] [controller_server]: Control loop missed its desired rate of 30.0000 Hz. Current loop rate is 25.0000 Hz.
[component_container_isolated-2] [WARN] [1780417098.752452502] [controller_server]: Control loop missed its desired rate of 30.0000 Hz. Current loop rate is 20.0000 Hz.
[component_container_isolated-2] [WARN] [1780417098.856100556] [controller_server]: Control loop missed its desired rate of 30.0000 Hz. Current loop rate is 33.3333 Hz.
[component_container_isolated-2] [WARN] [1780417099.166359902] [controller_server]: Control loop missed its desired rate of 30.0000 Hz. Current loop rate is 25.0000 Hz.
[component_container_isolated-2] [WARN] [1780417099.253536518] [controller_server]: Control loop missed its desired rate of 30.0000 Hz. Current loop rate is 16.6667 Hz.
[component_container_isolated-2] [WARN] [1780417099.462464726] [controller_server]: Control loop missed its desired rate of 30.0000 Hz. Current loop rate is 25.0000 Hz.
[robot_mission_runner-4] [INFO] [1780417099.521965068] [robot_mission_runner]: Pose: (-11.38, -27.84), Elapsed: 5s, ETA: 378s, Dist remaining: 75.03m
[component_container_isolated-2] [WARN] [1780417099.561995982] [controller_server]: Control loop missed its desired rate of 30.0000 Hz. Current loop rate is 14.2857 Hz.
[component_container_isolated-2] [WARN] [1780417099.652657658] [controller_server]: Control loop missed its desired rate of 30.0000 Hz. Current loop rate is 16.6667 Hz.
[component_container_isolated-2] [WARN] [1780417099.857043799] [controller_server]: Control loop missed its desired rate of 30.0000 Hz. Current loop rate is 25.0000 Hz.
[component_container_isolated-2] [WARN] [1780417100.157224197] [controller_server]: Control loop missed its desired rate of 30.0000 Hz. Current loop rate is 25.0000 Hz.
[component_container_isolated-2] [WARN] [1780417100.458477498] [controller_server]: Control loop missed its desired rate of 30.0000 Hz. Current loop rate is 25.0000 Hz.
[component_container_isolated-2] [WARN] [1780417100.564965614] [controller_server]: Control loop missed its desired rate of 30.0000 Hz. Current loop rate is 25.0000 Hz.
[component_container_isolated-2] [WARN] [1780417100.657409488] [controller_server]: Control loop missed its desired rate of 30.0000 Hz. Current loop rate is 14.2857 Hz.
[component_container_isolated-2] [WARN] [1780417100.679195335] [planner_server]: Planner loop missed its desired rate of 999999999.0000 Hz. Current loop rate is 0.4630 Hz
[component_container_isolated-2] [INFO] [1780417100.724235444] [controller_server]: Passing new path to controller.
[component_container_isolated-2] [WARN] [1780417100.766512535] [controller_server]: Control loop missed its desired rate of 30.0000 Hz. Current loop rate is 25.0000 Hz.
[component_container_isolated-2] [WARN] [1780417100.863386619] [controller_server]: Control loop missed its desired rate of 30.0000 Hz. Current loop rate is 14.2857 Hz.
[component_container_isolated-2] [WARN] [1780417100.955169978] [controller_server]: Control loop missed its desired rate of 30.0000 Hz. Current loop rate is 16.6667 Hz.
[component_container_isolated-2] [WARN] [1780417101.057800851] [controller_server]: Control loop missed its desired rate of 30.0000 Hz. Current loop rate is 25.0000 Hz.
[component_container_isolated-2] [WARN] [1780417101.161420040] [controller_server]: Control loop missed its desired rate of 30.0000 Hz. Current loop rate is 25.0000 Hz.
[component_container_isolated-2] [WARN] [1780417101.261146937] [controller_server]: Control loop missed its desired rate of 30.0000 Hz. Current loop rate is 14.2857 Hz.
[component_container_isolated-2] [WARN] [1780417101.362851389] [controller_server]: Control loop missed its desired rate of 30.0000 Hz. Current loop rate is 14.2857 Hz.
[component_container_isolated-2] [WARN] [1780417101.463271111] [controller_server]: Control loop missed its desired rate of 30.0000 Hz. Current loop rate is 14.2857 Hz.
[component_container_isolated-2] [WARN] [1780417101.563870348] [controller_server]: Control loop missed its desired rate of 30.0000 Hz. Current loop rate is 14.2857 Hz.
[component_container_isolated-2] [WARN] [1780417101.666321974] [controller_server]: Control loop missed its desired rate of 30.0000 Hz. Current loop rate is 14.2857 Hz.
[component_container_isolated-2] [WARN] [1780417101.765232890] [controller_server]: Control loop missed its desired rate of 30.0000 Hz. Current loop rate is 14.2857 Hz.
[component_container_isolated-2] [WARN] [1780417101.873677749] [controller_server]: Control loop missed its desired rate of 30.0000 Hz. Current loop rate is 12.5000 Hz.
[component_container_isolated-2] [WARN] [1780417101.966726768] [controller_server]: Control loop missed its desired rate of 30.0000 Hz. Current loop rate is 14.2857 Hz.
[component_container_isolated-2] [WARN] [1780417102.069398697] [controller_server]: Control loop missed its desired rate of 30.0000 Hz. Current loop rate is 14.2857 Hz.
[component_container_isolated-2] [WARN] [1780417102.169273249] [controller_server]: Control loop missed its desired rate of 30.0000 Hz. Current loop rate is 14.2857 Hz.
[component_container_isolated-2] [WARN] [1780417102.274772793] [controller_server]: Control loop missed its desired rate of 30.0000 Hz. Current loop rate is 14.2857 Hz.
[component_container_isolated-2] [WARN] [1780417102.377707846] [controller_server]: Control loop missed its desired rate of 30.0000 Hz. Current loop rate is 12.5000 Hz.
[component_container_isolated-2] [WARN] [1780417102.462324744] [controller_server]: Control loop missed its desired rate of 30.0000 Hz. Current loop rate is 20.0000 Hz.
[component_container_isolated-2] [WARN] [1780417102.577369801] [controller_server]: Control loop missed its desired rate of 30.0000 Hz. Current loop rate is 11.1111 Hz.
[component_container_isolated-2] [WARN] [1780417102.685844878] [controller_server]: Control loop missed its desired rate of 30.0000 Hz. Current loop rate is 14.2857 Hz.
[component_container_isolated-2] [WARN] [1780417102.778826286] [controller_server]: Control loop missed its desired rate of 30.0000 Hz. Current loop rate is 16.6667 Hz.
[component_container_isolated-2] [WARN] [1780417102.855839637] [controller_server]: Control loop missed its desired rate of 30.0000 Hz. Current loop rate is 25.0000 Hz.
[component_container_isolated-2] [WARN] [1780417102.989437003] [controller_server]: Control loop missed its desired rate of 30.0000 Hz. Current loop rate is 14.2857 Hz.
[component_container_isolated-2] [WARN] [1780417103.086593725] [controller_server]: Control loop missed its desired rate of 30.0000 Hz. Current loop rate is 14.2857 Hz.
[component_container_isolated-2] [WARN] [1780417103.185688073] [controller_server]: Control loop missed its desired rate of 30.0000 Hz. Current loop rate is 16.6667 Hz.
[component_container_isolated-2] [WARN] [1780417103.286015483] [controller_server]: Control loop missed its desired rate of 30.0000 Hz. Current loop rate is 16.6667 Hz.
[component_container_isolated-2] [WARN] [1780417103.387191463] [controller_server]: Control loop missed its desired rate of 30.0000 Hz. Current loop rate is 14.2857 Hz.
[component_container_isolated-2] [WARN] [1780417103.486043616] [controller_server]: Control loop missed its desired rate of 30.0000 Hz. Current loop rate is 16.6667 Hz.
[component_container_isolated-2] [WARN] [1780417103.586006894] [controller_server]: Control loop missed its desired rate of 30.0000 Hz. Current loop rate is 16.6667 Hz.
[component_container_isolated-2] [WARN] [1780417103.684528815] [planner_server]: Planner loop missed its desired rate of 999999999.0000 Hz. Current loop rate is 0.5051 Hz
[component_container_isolated-2] [WARN] [1780417103.684834288] [controller_server]: Control loop missed its desired rate of 30.0000 Hz. Current loop rate is 16.6667 Hz.
[component_container_isolated-2] [INFO] [1780417103.718345596] [controller_server]: Passing new path to controller.
[component_container_isolated-2] [WARN] [1780417103.764656403] [controller_server]: Control loop missed its desired rate of 30.0000 Hz. Current loop rate is 25.0000 Hz.
[component_container_isolated-2] [WARN] [1780417103.865018862] [controller_server]: Control loop missed its desired rate of 30.0000 Hz. Current loop rate is 16.6667 Hz.
[component_container_isolated-2] [WARN] [1780417103.965720723] [controller_server]: Control loop missed its desired rate of 30.0000 Hz. Current loop rate is 16.6667 Hz.
[component_container_isolated-2] [WARN] [1780417104.058139042] [controller_server]: Control loop missed its desired rate of 30.0000 Hz. Current loop rate is 14.2857 Hz.
[component_container_isolated-2] [WARN] [1780417104.162839160] [controller_server]: Control loop missed its desired rate of 30.0000 Hz. Current loop rate is 25.0000 Hz.
[component_container_isolated-2] [WARN] [1780417104.272087874] [controller_server]: Control loop missed its desired rate of 30.0000 Hz. Current loop rate is 12.5000 Hz.
[component_container_isolated-2] [WARN] [1780417104.381136814] [controller_server]: Control loop missed its desired rate of 30.0000 Hz. Current loop rate is 12.5000 Hz.
[component_container_isolated-2] [WARN] [1780417104.476303278] [controller_server]: Control loop missed its desired rate of 30.0000 Hz. Current loop rate is 16.6667 Hz.
[robot_mission_runner-4] [INFO] [1780417104.537949266] [robot_mission_runner]: Pose: (-10.56, -28.33), Elapsed: 10s, ETA: 118s, Dist remaining: 72.42m
[component_container_isolated-2] [WARN] [1780417104.577061376] [controller_server]: Control loop missed its desired rate of 30.0000 Hz. Current loop rate is 12.5000 Hz.
[component_container_isolated-2] [WARN] [1780417104.656966078] [controller_server]: Control loop missed its desired rate of 30.0000 Hz. Current loop rate is 16.6667 Hz.
[component_container_isolated-2] [WARN] [1780417104.767689200] [controller_server]: Control loop missed its desired rate of 30.0000 Hz. Current loop rate is 20.0000 Hz.
[component_container_isolated-2] [WARN] [1780417104.851812596] [controller_server]: Control loop missed its desired rate of 30.0000 Hz. Current loop rate is 16.6667 Hz.
[component_container_isolated-2] [WARN] [1780417104.968968351] [controller_server]: Control loop missed its desired rate of 30.0000 Hz. Current loop rate is 20.0000 Hz.
[component_container_isolated-2] [WARN] [1780417105.062570760] [controller_server]: Control loop missed its desired rate of 30.0000 Hz. Current loop rate is 16.6667 Hz.
[component_container_isolated-2] [WARN] [1780417105.158932336] [controller_server]: Control loop missed its desired rate of 30.0000 Hz. Current loop rate is 14.2857 Hz.
[component_container_isolated-2] [WARN] [1780417105.185155149] [planner_server]: Planner loop missed its desired rate of 999999999.0000 Hz. Current loop rate is 2.0408 Hz
[component_container_isolated-2] [INFO] [1780417105.225769204] [controller_server]: Passing new path to controller.
[component_container_isolated-2] [WARN] [1780417105.363264143] [controller_server]: Control loop missed its desired rate of 30.0000 Hz. Current loop rate is 25.0000 Hz.
[component_container_isolated-2] [WARN] [1780417105.463993370] [controller_server]: Control loop missed its desired rate of 30.0000 Hz. Current loop rate is 14.2857 Hz.
[component_container_isolated-2] [WARN] [1780417105.532021581] [controller_server]: Control loop missed its desired rate of 30.0000 Hz. Current loop rate is 25.0000 Hz.
[component_container_isolated-2] [WARN] [1780417105.642299420] [controller_server]: Control loop missed its desired rate of 30.0000 Hz. Current loop rate is 20.0000 Hz.
[component_container_isolated-2] [WARN] [1780417105.954559860] [controller_server]: Control loop missed its desired rate of 30.0000 Hz. Current loop rate is 25.0000 Hz.
[component_container_isolated-2] [WARN] [1780417106.057115473] [controller_server]: Control loop missed its desired rate of 30.0000 Hz. Current loop rate is 25.0000 Hz.
[component_container_isolated-2] [WARN] [1780417106.266256297] [controller_server]: Control loop missed its desired rate of 30.0000 Hz. Current loop rate is 25.0000 Hz.
[component_container_isolated-2] [WARN] [1780417106.356372213] [controller_server]: Control loop missed its desired rate of 30.0000 Hz. Current loop rate is 20.0000 Hz.
[component_container_isolated-2] [WARN] [1780417106.462222001] [controller_server]: Control loop missed its desired rate of 30.0000 Hz. Current loop rate is 25.0000 Hz.
[component_container_isolated-2] [WARN] [1780417106.556255238] [controller_server]: Control loop missed its desired rate of 30.0000 Hz. Current loop rate is 16.6667 Hz.
[component_container_isolated-2] [WARN] [1780417106.665380431] [controller_server]: Control loop missed its desired rate of 30.0000 Hz. Current loop rate is 25.0000 Hz.
[component_container_isolated-2] [WARN] [1780417106.764346576] [controller_server]: Control loop missed its desired rate of 30.0000 Hz. Current loop rate is 16.6667 Hz.
[component_container_isolated-2] [WARN] [1780417106.857295698] [controller_server]: Control loop missed its desired rate of 30.0000 Hz. Current loop rate is 14.2857 Hz.
[component_container_isolated-2] [WARN] [1780417106.960246871] [controller_server]: Control loop missed its desired rate of 30.0000 Hz. Current loop rate is 25.0000 Hz.
[component_container_isolated-2] [WARN] [1780417107.068000604] [controller_server]: Control loop missed its desired rate of 30.0000 Hz. Current loop rate is 12.5000 Hz.
[component_container_isolated-2] [WARN] [1780417107.155549877] [controller_server]: Control loop missed its desired rate of 30.0000 Hz. Current loop rate is 20.0000 Hz.
[component_container_isolated-2] [WARN] [1780417107.256776319] [controller_server]: Control loop missed its desired rate of 30.0000 Hz. Current loop rate is 25.0000 Hz.
[component_container_isolated-2] [WARN] [1780417107.459649011] [controller_server]: Control loop missed its desired rate of 30.0000 Hz. Current loop rate is 25.0000 Hz.
[component_container_isolated-2] [WARN] [1780417107.564700065] [controller_server]: Control loop missed its desired rate of 30.0000 Hz. Current loop rate is 25.0000 Hz.
[vlm_node-3] [INFO] [1780417107.586320582] [vlm_node]: Completed prompt: "Check if there are any small hazards on the ground that would cause harm to the robot if it navigated over it OR the area is blocked by large objects that make it impassable. If so respond only yes. Otherwise, respond no." with response: False
[vlm_node-3] [INFO] [1780417107.587048905] [vlm_node]: VLM_QUERY|QueryBool|success|13.18|1|
[vlm_node-3] [INFO] [1780417107.602961762] [vlm_node]: Goal received with prompt: Is this space too crowded by people or working machinery to move though safely? If so, respond only yes. Otherwise respond no.
[component_container_isolated-2] [WARN] [1780417107.657438000] [controller_server]: Control loop missed its desired rate of 30.0000 Hz. Current loop rate is 14.2857 Hz.
[component_container_isolated-2] [WARN] [1780417107.732114556] [planner_server]: Planner loop missed its desired rate of 999999999.0000 Hz. Current loop rate is 0.6579 Hz
[component_container_isolated-2] [INFO] [1780417107.757578206] [controller_server]: Passing new path to controller.
[robot_mission_runner-4] [INFO] [1780417109.550006100] [robot_mission_runner]: Pose: (-10.45, -33.94), Elapsed: 15s, ETA: 44s, Dist remaining: 66.48m
[component_container_isolated-2] [WARN] [1780417109.830263016] [planner_server]: Planner loop missed its desired rate of 999999999.0000 Hz. Current loop rate is 0.9259 Hz
[component_container_isolated-2] [INFO] [1780417109.857604121] [controller_server]: Passing new path to controller.
[component_container_isolated-2] [WARN] [1780417110.970231200] [planner_server]: Planner loop missed its desired rate of 999999999.0000 Hz. Current loop rate is 9.0909 Hz
[component_container_isolated-2] [INFO] [1780417110.990904657] [controller_server]: Passing new path to controller.
[robot_mission_runner-4] [INFO] [1780417114.564141578] [robot_mission_runner]: Pose: (-10.41, -41.46), Elapsed: 20s, ETA: 39s, Dist remaining: 58.92m
[component_container_isolated-2] [WARN] [1780417116.534270516] [planner_server]: Planner loop missed its desired rate of 999999999.0000 Hz. Current loop rate is 0.2203 Hz
[component_container_isolated-2] [INFO] [1780417116.557602960] [controller_server]: Passing new path to controller.
[component_container_isolated-2] [WARN] [1780417119.298888380] [planner_server]: Planner loop missed its desired rate of 999999999.0000 Hz. Current loop rate is 0.5747 Hz
[component_container_isolated-2] [INFO] [1780417119.324259115] [controller_server]: Passing new path to controller.
[robot_mission_runner-4] [INFO] [1780417119.581814490] [robot_mission_runner]: Pose: (-8.93, -48.58), Elapsed: 25s, ETA: 34s, Dist remaining: 51.19m
[component_container_isolated-2] [WARN] [1780417122.255264756] [planner_server]: Planner loop missed its desired rate of 999999999.0000 Hz. Current loop rate is 0.5181 Hz
[component_container_isolated-2] [INFO] [1780417122.290923182] [controller_server]: Passing new path to controller.
[vlm_node-3] [INFO] [1780417124.482998129] [vlm_node]: Completed prompt: "Is this space too crowded by people or working machinery to move though safely? If so, respond only yes. Otherwise respond no." with response: False
[vlm_node-3] [INFO] [1780417124.483371590] [vlm_node]: VLM_QUERY|QueryBool|success|16.88|1|
[vlm_node-3] [INFO] [1780417124.501040581] [vlm_node]: Goal received with prompt: Are there any people visible in this scene? If so, respond only yes. Otherwise respond no.
[robot_mission_runner-4] [INFO] [1780417124.597803442] [robot_mission_runner]: Pose: (-2.13, -50.73), Elapsed: 30s, ETA: 29s, Dist remaining: 43.85m
[component_container_isolated-2] [WARN] [1780417124.927916812] [planner_server]: Planner loop missed its desired rate of 999999999.0000 Hz. Current loop rate is 0.6024 Hz
[component_container_isolated-2] [INFO] [1780417124.957614305] [controller_server]: Passing new path to controller.
[component_container_isolated-2] [WARN] [1780417128.721946029] [planner_server]: Planner loop missed its desired rate of 999999999.0000 Hz. Current loop rate is 0.3623 Hz
[component_container_isolated-2] [INFO] [1780417128.757578152] [controller_server]: Passing new path to controller.
[robot_mission_runner-4] [INFO] [1780417129.610236392] [robot_mission_runner]: Pose: (5.40, -50.77), Elapsed: 35s, ETA: 24s, Dist remaining: 36.99m
[component_container_isolated-2] [WARN] [1780417131.187940763] [planner_server]: Planner loop missed its desired rate of 999999999.0000 Hz. Current loop rate is 0.6897 Hz
[component_container_isolated-2] [INFO] [1780417131.224274487] [controller_server]: Passing new path to controller.
[component_container_isolated-2] [WARN] [1780417132.730597772] [planner_server]: Planner loop missed its desired rate of 999999999.0000 Hz. Current loop rate is 1.9608 Hz
[component_container_isolated-2] [INFO] [1780417132.757572854] [controller_server]: Passing new path to controller.
[robot_mission_runner-4] [INFO] [1780417134.628420719] [robot_mission_runner]: Pose: (12.91, -50.75), Elapsed: 40s, ETA: 18s, Dist remaining: 28.26m
[component_container_isolated-2] [WARN] [1780417135.376784270] [planner_server]: Planner loop missed its desired rate of 999999999.0000 Hz. Current loop rate is 0.6211 Hz
[component_container_isolated-2] [INFO] [1780417135.390914521] [controller_server]: Passing new path to controller.
[component_container_isolated-2] [WARN] [1780417137.850617121] [planner_server]: Planner loop missed its desired rate of 999999999.0000 Hz. Current loop rate is 0.6849 Hz
[component_container_isolated-2] [INFO] [1780417137.890951288] [controller_server]: Passing new path to controller.
[vlm_node-3] [INFO] [1780417138.386664256] [vlm_node]: Completed prompt: "Are there any people visible in this scene? If so, respond only yes. Otherwise respond no." with response: False
[vlm_node-3] [INFO] [1780417138.387049327] [vlm_node]: VLM_QUERY|QueryBool|success|13.89|1|
[vlm_node-3] [INFO] [1780417138.401412921] [vlm_node]: Goal received with prompt: Check if there are any small hazards on the ground that would cause harm to the robot if it navigated over it OR the area is blocked by large objects that make it impassable. If so respond only yes. Otherwise, respond no.
[component_container_isolated-2] [WARN] [1780417139.610725081] [planner_server]: Planner loop missed its desired rate of 999999999.0000 Hz. Current loop rate is 1.3514 Hz
[robot_mission_runner-4] [INFO] [1780417139.641850502] [robot_mission_runner]: Pose: (18.98, -53.93), Elapsed: 45s, ETA: 14s, Dist remaining: 21.72m
[component_container_isolated-2] [INFO] [1780417139.657581484] [controller_server]: Passing new path to controller.
[component_container_isolated-2] [WARN] [1780417141.158277382] [planner_server]: Planner loop missed its desired rate of 999999999.0000 Hz. Current loop rate is 1.8868 Hz
[component_container_isolated-2] [INFO] [1780417141.190913327] [controller_server]: Passing new path to controller.
[component_container_isolated-2] [WARN] [1780417142.581354370] [planner_server]: Planner loop missed its desired rate of 999999999.0000 Hz. Current loop rate is 2.4390 Hz
[component_container_isolated-2] [INFO] [1780417142.624210524] [controller_server]: Passing new path to controller.
[component_container_isolated-2] [WARN] [1780417144.399211538] [planner_server]: Planner loop missed its desired rate of 999999999.0000 Hz. Current loop rate is 1.2500 Hz
[component_container_isolated-2] [INFO] [1780417144.424238889] [controller_server]: Passing new path to controller.
[robot_mission_runner-4] [INFO] [1780417144.653952736] [robot_mission_runner]: Pose: (25.17, -57.87), Elapsed: 50s, ETA: 9s, Dist remaining: 14.58m
[component_container_isolated-2] [WARN] [1780417145.720214355] [planner_server]: Planner loop missed its desired rate of 999999999.0000 Hz. Current loop rate is 3.4483 Hz
[component_container_isolated-2] [INFO] [1780417145.757585305] [controller_server]: Passing new path to controller.
[component_container_isolated-2] [WARN] [1780417146.881332175] [planner_server]: Planner loop missed its desired rate of 999999999.0000 Hz. Current loop rate is 6.2500 Hz
[component_container_isolated-2] [INFO] [1780417146.924235324] [controller_server]: Passing new path to controller.
[component_container_isolated-2] [WARN] [1780417148.072793607] [planner_server]: Planner loop missed its desired rate of 999999999.0000 Hz. Current loop rate is 5.5556 Hz
[component_container_isolated-2] [INFO] [1780417148.090914839] [controller_server]: Passing new path to controller.
[component_container_isolated-2] [WARN] [1780417149.207352594] [planner_server]: Planner loop missed its desired rate of 999999999.0000 Hz. Current loop rate is 9.0909 Hz
[component_container_isolated-2] [INFO] [1780417149.224258375] [controller_server]: Passing new path to controller.
[robot_mission_runner-4] [INFO] [1780417149.668954425] [robot_mission_runner]: Pose: (32.39, -59.48), Elapsed: 55s, ETA: 4s, Dist remaining: 6.54m
[component_container_isolated-2] [WARN] [1780417150.263152550] [planner_server]: Planner loop missed its desired rate of 999999999.0000 Hz. Current loop rate is 20.0000 Hz
[component_container_isolated-2] [INFO] [1780417150.290914614] [controller_server]: Passing new path to controller.
[component_container_isolated-2] [WARN] [1780417151.286074812] [planner_server]: Planner loop missed its desired rate of 999999999.0000 Hz. Current loop rate is 100.0000 Hz
[component_container_isolated-2] [INFO] [1780417151.324262209] [controller_server]: Passing new path to controller.
[component_container_isolated-2] [INFO] [1780417152.357580146] [controller_server]: Passing new path to controller.
[component_container_isolated-2] [WARN] [1780417153.340915317] [planner_server]: Planner loop missed its desired rate of 999999999.0000 Hz. Current loop rate is 100.0000 Hz
[component_container_isolated-2] [INFO] [1780417153.357570853] [controller_server]: Passing new path to controller.
[component_container_isolated-2] [WARN] [1780417154.353705323] [planner_server]: Planner loop missed its desired rate of 999999999.0000 Hz. Current loop rate is 100.0000 Hz
[component_container_isolated-2] [INFO] [1780417154.390920371] [controller_server]: Passing new path to controller.
[robot_mission_runner-4] [INFO] [1780417154.684639598] [robot_mission_runner]: Pose: (36.95, -60.00), Elapsed: 60s, ETA: 5s, Dist remaining: 2.24m
[component_container_isolated-2] [WARN] [1780417155.372706782] [planner_server]: Planner loop missed its desired rate of 999999999.0000 Hz. Current loop rate is 100.0000 Hz
[component_container_isolated-2] [INFO] [1780417155.390910250] [controller_server]: Passing new path to controller.
[component_container_isolated-2] [WARN] [1780417156.402000898] [planner_server]: Planner loop missed its desired rate of 999999999.0000 Hz. Current loop rate is 100.0000 Hz
[component_container_isolated-2] [INFO] [1780417156.424259940] [controller_server]: Passing new path to controller.
[component_container_isolated-2] [INFO] [1780417157.457571731] [controller_server]: Passing new path to controller.
[component_container_isolated-2] [WARN] [1780417158.442901004] [planner_server]: Planner loop missed its desired rate of 999999999.0000 Hz. Current loop rate is 100.0000 Hz
[component_container_isolated-2] [INFO] [1780417158.490907233] [controller_server]: Passing new path to controller.
[component_container_isolated-2] [WARN] [1780417159.471444011] [planner_server]: Planner loop missed its desired rate of 999999999.0000 Hz. Current loop rate is 100.0000 Hz
[component_container_isolated-2] [INFO] [1780417159.490905888] [controller_server]: Passing new path to controller.
[robot_mission_runner-4] [INFO] [1780417159.701064298] [robot_mission_runner]: Pose: (37.54, -60.83), Elapsed: 65s, ETA: 37s, Dist remaining: 1.76m
[component_container_isolated-2] [WARN] [1780417160.501361947] [planner_server]: Planner loop missed its desired rate of 999999999.0000 Hz. Current loop rate is 100.0000 Hz
[component_container_isolated-2] [INFO] [1780417160.524240542] [controller_server]: Passing new path to controller.
[component_container_isolated-2] [WARN] [1780417161.611758395] [planner_server]: Planner loop missed its desired rate of 999999999.0000 Hz. Current loop rate is 11.1111 Hz
[component_container_isolated-2] [INFO] [1780417161.657573793] [controller_server]: Passing new path to controller.
[component_container_isolated-2] [WARN] [1780417162.642414503] [planner_server]: Planner loop missed its desired rate of 999999999.0000 Hz. Current loop rate is 100.0000 Hz
[component_container_isolated-2] [INFO] [1780417162.657583362] [controller_server]: Passing new path to controller.
[component_container_isolated-2] [WARN] [1780417163.660995301] [planner_server]: Planner loop missed its desired rate of 999999999.0000 Hz. Current loop rate is 100.0000 Hz
[component_container_isolated-2] [INFO] [1780417163.690918927] [controller_server]: Passing new path to controller.
[component_container_isolated-2] [WARN] [1780417164.680808301] [planner_server]: Planner loop missed its desired rate of 999999999.0000 Hz. Current loop rate is 100.0000 Hz
[robot_mission_runner-4] [INFO] [1780417164.716394281] [robot_mission_runner]: Pose: (37.80, -60.98), Elapsed: 70s, ETA: 29s, Dist remaining: 2.03m
[component_container_isolated-2] [INFO] [1780417164.724241383] [controller_server]: Passing new path to controller.
[vlm_node-3] [INFO] [1780417165.483483531] [vlm_node]: Completed prompt: "Check if there are any small hazards on the ground that would cause harm to the robot if it navigated over it OR the area is blocked by large objects that make it impassable. If so respond only yes. Otherwise, respond no." with response: False
[vlm_node-3] [INFO] [1780417165.483839613] [vlm_node]: VLM_QUERY|QueryBool|success|27.08|1|
[vlm_node-3] [INFO] [1780417165.500014526] [vlm_node]: Goal received with prompt: Is this space too crowded by people or working machinery to move though safely? If so, respond only yes. Otherwise respond no.
[component_container_isolated-2] [INFO] [1780417165.724236527] [controller_server]: Passing new path to controller.
[component_container_isolated-2] [INFO] [1780417166.757573296] [controller_server]: Passing new path to controller.
[component_container_isolated-2] [INFO] [1780417167.790897046] [controller_server]: Passing new path to controller.
[component_container_isolated-2] [INFO] [1780417168.790902895] [controller_server]: Passing new path to controller.
[robot_mission_runner-4] [INFO] [1780417169.729951358] [robot_mission_runner]: Pose: (38.09, -61.02), Elapsed: 75s, ETA: 54s, Dist remaining: 2.32m
[component_container_isolated-2] [WARN] [1780417169.800876058] [planner_server]: Planner loop missed its desired rate of 999999999.0000 Hz. Current loop rate is 100.0000 Hz
[component_container_isolated-2] [INFO] [1780417169.824242038] [controller_server]: Passing new path to controller.
[component_container_isolated-2] [INFO] [1780417170.857592432] [controller_server]: Passing new path to controller.
[component_container_isolated-2] [WARN] [1780417171.851393806] [planner_server]: Planner loop missed its desired rate of 999999999.0000 Hz. Current loop rate is 100.0000 Hz
[component_container_isolated-2] [INFO] [1780417171.890905667] [controller_server]: Passing new path to controller.
[component_container_isolated-2] [WARN] [1780417172.871658987] [planner_server]: Planner loop missed its desired rate of 999999999.0000 Hz. Current loop rate is 100.0000 Hz
[component_container_isolated-2] [INFO] [1780417172.890916784] [controller_server]: Passing new path to controller.
[component_container_isolated-2] [WARN] [1780417173.902157734] [planner_server]: Planner loop missed its desired rate of 999999999.0000 Hz. Current loop rate is 100.0000 Hz
[component_container_isolated-2] [INFO] [1780417173.924251493] [controller_server]: Passing new path to controller.
[robot_mission_runner-4] [INFO] [1780417174.747827109] [robot_mission_runner]: Pose: (38.71, -60.52), Elapsed: 80s, ETA: 5s, Dist remaining: 1.26m
[component_container_isolated-2] [INFO] [1780417174.957588872] [controller_server]: Passing new path to controller.
[vlm_node-3] [WARN] [1780417175.509834347] [vlm_node]: VLM request failed on attempt 1: Request timed out.
[vlm_node-3] [INFO] [1780417175.511888987] [vlm_node]: VLM_QUERY|QueryBool|error|91.28|1|Request timed out.
[component_container_isolated-2] [WARN] [1780417175.956099042] [planner_server]: Planner loop missed its desired rate of 999999999.0000 Hz. Current loop rate is 100.0000 Hz
[component_container_isolated-2] [INFO] [1780417175.990907994] [controller_server]: Passing new path to controller.
[vlm_node-3] [INFO] [1780417176.427945744] [vlm_node]: Completed prompt: "Is this space too crowded by people or working machinery to move though safely? If so, respond only yes. Otherwise respond no." with response: False
[vlm_node-3] [INFO] [1780417176.428545410] [vlm_node]: VLM_QUERY|QueryBool|success|10.93|1|
[vlm_node-3] [INFO] [1780417176.442421135] [vlm_node]: Goal received with prompt: Are there any people visible in this scene? If so, respond only yes. Otherwise respond no.
[component_container_isolated-2] [WARN] [1780417176.970923190] [planner_server]: Planner loop missed its desired rate of 999999999.0000 Hz. Current loop rate is 100.0000 Hz
[component_container_isolated-2] [INFO] [1780417176.990918868] [controller_server]: Passing new path to controller.
[component_container_isolated-2] [INFO] [1780417177.360819749] [controller_server]: Reached the goal!
[component_container_isolated-2] [INFO] [1780417177.361008255] [controller_server]: Optimizer reset
[component_container_isolated-2] [ERROR] [1780417177.398310925] [bt_navigator_navigate_to_pose_rclcpp_node]: Failed to get result for vlm_node/query_bool in node halt!
[component_container_isolated-2] [INFO] [1780417177.398803463] [bt_navigator]: Goal succeeded
[robot_mission_runner-4] [INFO] [1780417177.456710227] [robot_mission_runner]: Navigation result: SUCCEEDED
[vlm_node-3] [INFO] [1780417186.483757832] [vlm_node]: Completed prompt: "Are there any people visible in this scene? If so, respond only yes. Otherwise respond no." with response: False
[vlm_node-3] [INFO] [1780417186.483955587] [vlm_node]: VLM_QUERY|QueryBool|success|10.04|1|
[robot_mission_runner-4] [INFO] [1780417187.457325799] [robot_mission_runner]: Navigating to drop, attempt 1/3...
[component_container_isolated-2] [INFO] [1780417187.457996432] [local_costmap.local_costmap]: Received request to clear entirely the local_costmap
[component_container_isolated-2] [INFO] [1780417187.460657738] [global_costmap.global_costmap]: Received request to clear entirely the global_costmap
[robot_mission_runner-4] [INFO] [1780417187.468288662] [robot_mission_runner]: Navigating to goal: -33.5 -22.4...
[component_container_isolated-2] [INFO] [1780417187.468720542] [bt_navigator]: Begin navigating from current location (38.29, -59.97) to (-33.50, -22.40)
[vlm_node-3] [INFO] [1780417187.470624186] [vlm_node]: Goal received with prompt: Check if there are any small hazards on the ground that would cause harm to the robot if it navigated over it OR the area is blocked by large objects that make it impassable. If so respond only yes. Otherwise, respond no.
[component_container_isolated-2] [WARN] [1780417187.718266332] [planner_server]: Planner loop missed its desired rate of 999999999.0000 Hz. Current loop rate is 4.0000 Hz
[component_container_isolated-2] [INFO] [1780417187.729769793] [controller_server]: Received a goal, begin computing control effort.
[component_container_isolated-2] [WARN] [1780417188.784540546] [planner_server]: Planner loop missed its desired rate of 999999999.0000 Hz. Current loop rate is 20.0000 Hz
[component_container_isolated-2] [INFO] [1780417188.829956482] [controller_server]: Passing new path to controller.
[component_container_isolated-2] [WARN] [1780417189.841233313] [planner_server]: Planner loop missed its desired rate of 999999999.0000 Hz. Current loop rate is 25.0000 Hz
[component_container_isolated-2] [INFO] [1780417189.863283357] [controller_server]: Passing new path to controller.
[component_container_isolated-2] [WARN] [1780417190.906413795] [planner_server]: Planner loop missed its desired rate of 999999999.0000 Hz. Current loop rate is 25.0000 Hz
[component_container_isolated-2] [INFO] [1780417190.929954432] [controller_server]: Passing new path to controller.
[component_container_isolated-2] [WARN] [1780417191.962444960] [planner_server]: Planner loop missed its desired rate of 999999999.0000 Hz. Current loop rate is 25.0000 Hz
[component_container_isolated-2] [INFO] [1780417191.996617998] [controller_server]: Passing new path to controller.
[robot_mission_runner-4] [INFO] [1780417192.581398048] [robot_mission_runner]: Pose: (33.73, -58.24), Elapsed: 5s, ETA: 64s, Dist remaining: 97.48m
[component_container_isolated-2] [WARN] [1780417193.019070342] [planner_server]: Planner loop missed its desired rate of 999999999.0000 Hz. Current loop rate is 25.0000 Hz
[component_container_isolated-2] [INFO] [1780417193.063299194] [controller_server]: Passing new path to controller.
[component_container_isolated-2] [WARN] [1780417194.093179158] [planner_server]: Planner loop missed its desired rate of 999999999.0000 Hz. Current loop rate is 14.2857 Hz
[component_container_isolated-2] [INFO] [1780417194.129954031] [controller_server]: Passing new path to controller.
[component_container_isolated-2] [WARN] [1780417195.172086498] [planner_server]: Planner loop missed its desired rate of 999999999.0000 Hz. Current loop rate is 20.0000 Hz
[component_container_isolated-2] [INFO] [1780417195.196627138] [controller_server]: Passing new path to controller.
[component_container_isolated-2] [WARN] [1780417196.231598801] [planner_server]: Planner loop missed its desired rate of 999999999.0000 Hz. Current loop rate is 33.3333 Hz
[component_container_isolated-2] [INFO] [1780417196.263312027] [controller_server]: Passing new path to controller.
[component_container_isolated-2] [WARN] [1780417197.277891450] [planner_server]: Planner loop missed its desired rate of 999999999.0000 Hz. Current loop rate is 33.3333 Hz
[component_container_isolated-2] [INFO] [1780417197.296627012] [controller_server]: Passing new path to controller.
[robot_mission_runner-4] [INFO] [1780417197.593303257] [robot_mission_runner]: Pose: (27.53, -54.11), Elapsed: 10s, ETA: 60s, Dist remaining: 90.01m
[component_container_isolated-2] [WARN] [1780417198.349333425] [planner_server]: Planner loop missed its desired rate of 999999999.0000 Hz. Current loop rate is 20.0000 Hz
[component_container_isolated-2] [INFO] [1780417198.396624018] [controller_server]: Passing new path to controller.
[component_container_isolated-2] [WARN] [1780417199.405235581] [planner_server]: Planner loop missed its desired rate of 999999999.0000 Hz. Current loop rate is 33.3333 Hz
[component_container_isolated-2] [INFO] [1780417199.429951486] [controller_server]: Passing new path to controller.
[component_container_isolated-2] [WARN] [1780417200.451522235] [planner_server]: Planner loop missed its desired rate of 999999999.0000 Hz. Current loop rate is 33.3333 Hz
[component_container_isolated-2] [INFO] [1780417200.496625430] [controller_server]: Passing new path to controller.
[component_container_isolated-2] [WARN] [1780417201.490090299] [planner_server]: Planner loop missed its desired rate of 999999999.0000 Hz. Current loop rate is 50.0000 Hz
[component_container_isolated-2] [INFO] [1780417201.529961652] [controller_server]: Passing new path to controller.
[component_container_isolated-2] [WARN] [1780417202.588174196] [planner_server]: Planner loop missed its desired rate of 999999999.0000 Hz. Current loop rate is 14.2857 Hz
[robot_mission_runner-4] [INFO] [1780417202.606701181] [robot_mission_runner]: Pose: (21.31, -50.27), Elapsed: 15s, ETA: 55s, Dist remaining: 82.60m
[component_container_isolated-2] [INFO] [1780417202.629954141] [controller_server]: Passing new path to controller.
[component_container_isolated-2] [WARN] [1780417203.639544079] [planner_server]: Planner loop missed its desired rate of 999999999.0000 Hz. Current loop rate is 33.3333 Hz
[component_container_isolated-2] [INFO] [1780417203.663298546] [controller_server]: Passing new path to controller.
[component_container_isolated-2] [WARN] [1780417204.696759291] [planner_server]: Planner loop missed its desired rate of 999999999.0000 Hz. Current loop rate is 33.3333 Hz
[component_container_isolated-2] [INFO] [1780417204.729950706] [controller_server]: Passing new path to controller.
[component_container_isolated-2] [WARN] [1780417205.760252960] [planner_server]: Planner loop missed its desired rate of 999999999.0000 Hz. Current loop rate is 25.0000 Hz
[vlm_node-3] [INFO] [1780417205.783556697] [vlm_node]: Completed prompt: "Check if there are any small hazards on the ground that would cause harm to the robot if it navigated over it OR the area is blocked by large objects that make it impassable. If so respond only yes. Otherwise, respond no." with response: True
[vlm_node-3] [INFO] [1780417205.783937868] [vlm_node]: VLM_QUERY|QueryBool|success|18.31|1|
[component_container_isolated-2] [INFO] [1780417205.796636736] [controller_server]: Passing new path to controller.
[vlm_node-3] [INFO] [1780417205.801123265] [vlm_node]: Goal received with prompt: Is this space too crowded by people or working machinery to move though safely? If so, respond only yes. Otherwise respond no.
[component_container_isolated-2] [WARN] [1780417206.805781472] [planner_server]: Planner loop missed its desired rate of 999999999.0000 Hz. Current loop rate is 50.0000 Hz
[component_container_isolated-2] [INFO] [1780417206.829951337] [controller_server]: Passing new path to controller.
[component_container_isolated-2] [WARN] [1780417207.533460451] [controller_server]: Control loop missed its desired rate of 30.0000 Hz. Current loop rate is 25.0000 Hz.
[robot_mission_runner-4] [INFO] [1780417207.617840764] [robot_mission_runner]: Pose: (13.80, -50.27), Elapsed: 20s, ETA: 49s, Dist remaining: 74.95m
[component_container_isolated-2] [WARN] [1780417207.637086550] [controller_server]: Control loop missed its desired rate of 30.0000 Hz. Current loop rate is 25.0000 Hz.
[component_container_isolated-2] [WARN] [1780417207.833883306] [planner_server]: Planner loop missed its desired rate of 999999999.0000 Hz. Current loop rate is 100.0000 Hz
[component_container_isolated-2] [INFO] [1780417207.870542603] [controller_server]: Passing new path to controller.
[component_container_isolated-2] [WARN] [1780417208.875847500] [planner_server]: Planner loop missed its desired rate of 999999999.0000 Hz. Current loop rate is 33.3333 Hz
[component_container_isolated-2] [INFO] [1780417208.903881140] [controller_server]: Passing new path to controller.
[component_container_isolated-2] [WARN] [1780417209.918977879] [planner_server]: Planner loop missed its desired rate of 999999999.0000 Hz. Current loop rate is 33.3333 Hz
[component_container_isolated-2] [INFO] [1780417209.970572507] [controller_server]: Passing new path to controller.
[component_container_isolated-2] [WARN] [1780417210.980607063] [planner_server]: Planner loop missed its desired rate of 999999999.0000 Hz. Current loop rate is 33.3333 Hz
[component_container_isolated-2] [INFO] [1780417211.003932798] [controller_server]: Passing new path to controller.
[component_container_isolated-2] [WARN] [1780417212.027291808] [planner_server]: Planner loop missed its desired rate of 999999999.0000 Hz. Current loop rate is 50.0000 Hz
[component_container_isolated-2] [INFO] [1780417212.070566309] [controller_server]: Passing new path to controller.
[robot_mission_runner-4] [INFO] [1780417212.629877165] [robot_mission_runner]: Pose: (6.28, -50.29), Elapsed: 25s, ETA: 44s, Dist remaining: 67.42m
[component_container_isolated-2] [WARN] [1780417213.087738614] [planner_server]: Planner loop missed its desired rate of 999999999.0000 Hz. Current loop rate is 25.0000 Hz
[component_container_isolated-2] [INFO] [1780417213.103906275] [controller_server]: Passing new path to controller.
[component_container_isolated-2] [WARN] [1780417214.133729680] [planner_server]: Planner loop missed its desired rate of 999999999.0000 Hz. Current loop rate is 50.0000 Hz
[component_container_isolated-2] [INFO] [1780417214.170571749] [controller_server]: Passing new path to controller.
[component_container_isolated-2] [WARN] [1780417215.179704168] [planner_server]: Planner loop missed its desired rate of 999999999.0000 Hz. Current loop rate is 33.3333 Hz
[component_container_isolated-2] [INFO] [1780417215.203904980] [controller_server]: Passing new path to controller.
[component_container_isolated-2] [WARN] [1780417216.235719111] [planner_server]: Planner loop missed its desired rate of 999999999.0000 Hz. Current loop rate is 33.3333 Hz
[component_container_isolated-2] [INFO] [1780417216.270554428] [controller_server]: Passing new path to controller.
[component_container_isolated-2] [WARN] [1780417217.265268971] [planner_server]: Planner loop missed its desired rate of 999999999.0000 Hz. Current loop rate is 50.0000 Hz
[component_container_isolated-2] [INFO] [1780417217.303932793] [controller_server]: Passing new path to controller.
[robot_mission_runner-4] [INFO] [1780417217.641188796] [robot_mission_runner]: Pose: (-1.25, -50.29), Elapsed: 30s, ETA: 39s, Dist remaining: 59.94m
[component_container_isolated-2] [WARN] [1780417218.297783131] [planner_server]: Planner loop missed its desired rate of 999999999.0000 Hz. Current loop rate is 50.0000 Hz
[component_container_isolated-2] [INFO] [1780417218.337217753] [controller_server]: Passing new path to controller.
[component_container_isolated-2] [WARN] [1780417219.346480202] [planner_server]: Planner loop missed its desired rate of 999999999.0000 Hz. Current loop rate is 33.3333 Hz
[component_container_isolated-2] [INFO] [1780417219.370571814] [controller_server]: Passing new path to controller.
[vlm_node-3] [INFO] [1780417220.151795958] [vlm_node]: Completed prompt: "Is this space too crowded by people or working machinery to move though safely? If so, respond only yes. Otherwise respond no." with response: False
[vlm_node-3] [INFO] [1780417220.152071931] [vlm_node]: VLM_QUERY|QueryBool|success|14.35|1|
[vlm_node-3] [INFO] [1780417220.171353502] [vlm_node]: Goal received with prompt: Are there any people visible in this scene? If so, respond only yes. Otherwise respond no.
[component_container_isolated-2] [WARN] [1780417220.375769967] [planner_server]: Planner loop missed its desired rate of 999999999.0000 Hz. Current loop rate is 50.0000 Hz
[component_container_isolated-2] [INFO] [1780417220.403922438] [controller_server]: Passing new path to controller.
[component_container_isolated-2] [WARN] [1780417221.401788547] [planner_server]: Planner loop missed its desired rate of 999999999.0000 Hz. Current loop rate is 100.0000 Hz
[component_container_isolated-2] [INFO] [1780417221.437213737] [controller_server]: Passing new path to controller.
[component_container_isolated-2] [WARN] [1780417222.442455746] [planner_server]: Planner loop missed its desired rate of 999999999.0000 Hz. Current loop rate is 50.0000 Hz
[component_container_isolated-2] [INFO] [1780417222.470558667] [controller_server]: Passing new path to controller.
[robot_mission_runner-4] [INFO] [1780417222.653301514] [robot_mission_runner]: Pose: (-8.76, -50.29), Elapsed: 35s, ETA: 34s, Dist remaining: 52.36m
[component_container_isolated-2] [WARN] [1780417223.465597983] [planner_server]: Planner loop missed its desired rate of 999999999.0000 Hz. Current loop rate is 50.0000 Hz
[component_container_isolated-2] [INFO] [1780417223.503911440] [controller_server]: Passing new path to controller.
[component_container_isolated-2] [WARN] [1780417224.504452933] [planner_server]: Planner loop missed its desired rate of 999999999.0000 Hz. Current loop rate is 33.3333 Hz
[component_container_isolated-2] [INFO] [1780417224.537229697] [controller_server]: Passing new path to controller.
[component_container_isolated-2] [WARN] [1780417225.592323345] [planner_server]: Planner loop missed its desired rate of 999999999.0000 Hz. Current loop rate is 14.2857 Hz
[component_container_isolated-2] [INFO] [1780417225.637219487] [controller_server]: Passing new path to controller.
[component_container_isolated-2] [WARN] [1780417226.650995936] [planner_server]: Planner loop missed its desired rate of 999999999.0000 Hz. Current loop rate is 33.3333 Hz
[component_container_isolated-2] [INFO] [1780417226.670570098] [controller_server]: Passing new path to controller.
[robot_mission_runner-4] [INFO] [1780417227.665362554] [robot_mission_runner]: Pose: (-16.28, -50.29), Elapsed: 40s, ETA: 29s, Dist remaining: 44.76m
[component_container_isolated-2] [WARN] [1780417227.726552478] [planner_server]: Planner loop missed its desired rate of 999999999.0000 Hz. Current loop rate is 20.0000 Hz
[component_container_isolated-2] [INFO] [1780417227.770552061] [controller_server]: Passing new path to controller.
[component_container_isolated-2] [WARN] [1780417228.771107536] [planner_server]: Planner loop missed its desired rate of 999999999.0000 Hz. Current loop rate is 50.0000 Hz
[component_container_isolated-2] [INFO] [1780417228.803904268] [controller_server]: Passing new path to controller.
[component_container_isolated-2] [WARN] [1780417229.811660847] [planner_server]: Planner loop missed its desired rate of 999999999.0000 Hz. Current loop rate is 50.0000 Hz
[component_container_isolated-2] [INFO] [1780417229.837220459] [controller_server]: Passing new path to controller.
[component_container_isolated-2] [WARN] [1780417230.834947642] [planner_server]: Planner loop missed its desired rate of 999999999.0000 Hz. Current loop rate is 50.0000 Hz
[component_container_isolated-2] [INFO] [1780417230.870555142] [controller_server]: Passing new path to controller.
[vlm_node-3] [INFO] [1780417231.392601662] [vlm_node]: Completed prompt: "Are there any people visible in this scene? If so, respond only yes. Otherwise respond no." with response: False
[vlm_node-3] [INFO] [1780417231.392850666] [vlm_node]: VLM_QUERY|QueryBool|success|11.22|1|
[vlm_node-3] [INFO] [1780417231.410891005] [vlm_node]: Goal received with prompt: Check if there are any small hazards on the ground that would cause harm to the robot if it navigated over it OR the area is blocked by large objects that make it impassable. If so respond only yes. Otherwise, respond no.
[component_container_isolated-2] [WARN] [1780417231.864095154] [planner_server]: Planner loop missed its desired rate of 999999999.0000 Hz. Current loop rate is 50.0000 Hz
[component_container_isolated-2] [INFO] [1780417231.903894989] [controller_server]: Passing new path to controller.
[robot_mission_runner-4] [INFO] [1780417232.677799740] [robot_mission_runner]: Pose: (-23.79, -50.29), Elapsed: 45s, ETA: 24s, Dist remaining: 37.31m
[component_container_isolated-2] [WARN] [1780417232.899472424] [planner_server]: Planner loop missed its desired rate of 999999999.0000 Hz. Current loop rate is 50.0000 Hz
[component_container_isolated-2] [INFO] [1780417232.937217360] [controller_server]: Passing new path to controller.
[component_container_isolated-2] [WARN] [1780417233.938759689] [planner_server]: Planner loop missed its desired rate of 999999999.0000 Hz. Current loop rate is 50.0000 Hz
[component_container_isolated-2] [INFO] [1780417233.970566843] [controller_server]: Passing new path to controller.
[component_container_isolated-2] [WARN] [1780417235.002156834] [planner_server]: Planner loop missed its desired rate of 999999999.0000 Hz. Current loop rate is 25.0000 Hz
[component_container_isolated-2] [INFO] [1780417235.037223855] [controller_server]: Passing new path to controller.
[component_container_isolated-2] [WARN] [1780417236.087150490] [planner_server]: Planner loop missed its desired rate of 999999999.0000 Hz. Current loop rate is 14.2857 Hz
[component_container_isolated-2] [INFO] [1780417236.103904010] [controller_server]: Passing new path to controller.
[component_container_isolated-2] [WARN] [1780417237.124349405] [planner_server]: Planner loop missed its desired rate of 999999999.0000 Hz. Current loop rate is 50.0000 Hz
[component_container_isolated-2] [INFO] [1780417237.170559996] [controller_server]: Passing new path to controller.
[robot_mission_runner-4] [INFO] [1780417237.691134292] [robot_mission_runner]: Pose: (-31.15, -49.58), Elapsed: 50s, ETA: 19s, Dist remaining: 29.54m
[component_container_isolated-2] [WARN] [1780417238.159332340] [planner_server]: Planner loop missed its desired rate of 999999999.0000 Hz. Current loop rate is 100.0000 Hz
[component_container_isolated-2] [INFO] [1780417238.203921161] [controller_server]: Passing new path to controller.
[component_container_isolated-2] [WARN] [1780417239.189382793] [planner_server]: Planner loop missed its desired rate of 999999999.0000 Hz. Current loop rate is 100.0000 Hz
[component_container_isolated-2] [INFO] [1780417239.237220281] [controller_server]: Passing new path to controller.
[component_container_isolated-2] [WARN] [1780417240.229322210] [planner_server]: Planner loop missed its desired rate of 999999999.0000 Hz. Current loop rate is 100.0000 Hz
[component_container_isolated-2] [INFO] [1780417240.270573143] [controller_server]: Passing new path to controller.
[component_container_isolated-2] [WARN] [1780417241.257537966] [planner_server]: Planner loop missed its desired rate of 999999999.0000 Hz. Current loop rate is 100.0000 Hz
[component_container_isolated-2] [INFO] [1780417241.270562448] [controller_server]: Passing new path to controller.
[component_container_isolated-2] [WARN] [1780417242.284713351] [planner_server]: Planner loop missed its desired rate of 999999999.0000 Hz. Current loop rate is 100.0000 Hz
[component_container_isolated-2] [INFO] [1780417242.303879129] [controller_server]: Passing new path to controller.
[robot_mission_runner-4] [INFO] [1780417242.706348618] [robot_mission_runner]: Pose: (-34.33, -43.37), Elapsed: 55s, ETA: 14s, Dist remaining: 21.99m
[component_container_isolated-2] [WARN] [1780417243.316722479] [planner_server]: Planner loop missed its desired rate of 999999999.0000 Hz. Current loop rate is 100.0000 Hz
[component_container_isolated-2] [INFO] [1780417243.337216843] [controller_server]: Passing new path to controller.
[component_container_isolated-2] [WARN] [1780417244.338267615] [planner_server]: Planner loop missed its desired rate of 999999999.0000 Hz. Current loop rate is 100.0000 Hz
[component_container_isolated-2] [INFO] [1780417244.370556141] [controller_server]: Passing new path to controller.
[component_container_isolated-2] [WARN] [1780417245.357035554] [planner_server]: Planner loop missed its desired rate of 999999999.0000 Hz. Current loop rate is 100.0000 Hz
[component_container_isolated-2] [INFO] [1780417245.370556223] [controller_server]: Passing new path to controller.
[component_container_isolated-2] [WARN] [1780417246.386521117] [planner_server]: Planner loop missed its desired rate of 999999999.0000 Hz. Current loop rate is 100.0000 Hz
[component_container_isolated-2] [INFO] [1780417246.404559222] [controller_server]: Passing new path to controller.
[component_container_isolated-2] [WARN] [1780417247.415009040] [planner_server]: Planner loop missed its desired rate of 999999999.0000 Hz. Current loop rate is 100.0000 Hz
[component_container_isolated-2] [INFO] [1780417247.437211369] [controller_server]: Passing new path to controller.
[robot_mission_runner-4] [INFO] [1780417247.718537326] [robot_mission_runner]: Pose: (-34.31, -35.85), Elapsed: 60s, ETA: 9s, Dist remaining: 14.44m
[component_container_isolated-2] [INFO] [1780417248.470559592] [controller_server]: Passing new path to controller.
[component_container_isolated-2] [WARN] [1780417249.465471711] [planner_server]: Planner loop missed its desired rate of 999999999.0000 Hz. Current loop rate is 100.0000 Hz
[component_container_isolated-2] [INFO] [1780417249.503878750] [controller_server]: Passing new path to controller.
[vlm_node-3] [INFO] [1780417249.535701106] [vlm_node]: Completed prompt: "Check if there are any small hazards on the ground that would cause harm to the robot if it navigated over it OR the area is blocked by large objects that make it impassable. If so respond only yes. Otherwise, respond no." with response: False
[vlm_node-3] [INFO] [1780417249.536020858] [vlm_node]: VLM_QUERY|QueryBool|success|18.13|1|
[vlm_node-3] [INFO] [1780417249.550532231] [vlm_node]: Goal received with prompt: Is this space too crowded by people or working machinery to move though safely? If so, respond only yes. Otherwise respond no.
[component_container_isolated-2] [INFO] [1780417250.503892774] [controller_server]: Passing new path to controller.
[component_container_isolated-2] [INFO] [1780417251.537212700] [controller_server]: Passing new path to controller.
[component_container_isolated-2] [WARN] [1780417252.581412755] [planner_server]: Planner loop missed its desired rate of 999999999.0000 Hz. Current loop rate is 20.0000 Hz
[component_container_isolated-2] [INFO] [1780417252.603881256] [controller_server]: Passing new path to controller.
[robot_mission_runner-4] [INFO] [1780417252.730415342] [robot_mission_runner]: Pose: (-34.30, -28.32), Elapsed: 65s, ETA: 4s, Dist remaining: 6.97m
[component_container_isolated-2] [INFO] [1780417253.637217549] [controller_server]: Passing new path to controller.
[component_container_isolated-2] [INFO] [1780417254.670552297] [controller_server]: Passing new path to controller.
[component_container_isolated-2] [INFO] [1780417255.703905598] [controller_server]: Passing new path to controller.
[component_container_isolated-2] [INFO] [1780417256.703885240] [controller_server]: Passing new path to controller.
[component_container_isolated-2] [INFO] [1780417257.737212440] [controller_server]: Passing new path to controller.
[robot_mission_runner-4] [INFO] [1780417257.743411593] [robot_mission_runner]: Pose: (-33.48, -23.00), Elapsed: 70s, ETA: 3s, Dist remaining: 1.61m
[component_container_isolated-2] [INFO] [1780417258.770557374] [controller_server]: Passing new path to controller.
[vlm_node-3] [INFO] [1780417259.433017433] [vlm_node]: Completed prompt: "Is this space too crowded by people or working machinery to move though safely? If so, respond only yes. Otherwise respond no." with response: False
[vlm_node-3] [INFO] [1780417259.433247017] [vlm_node]: VLM_QUERY|QueryBool|success|9.88|1|
[vlm_node-3] [INFO] [1780417259.450615116] [vlm_node]: Goal received with prompt: Are there any people visible in this scene? If so, respond only yes. Otherwise respond no.
[component_container_isolated-2] [INFO] [1780417259.770558070] [controller_server]: Passing new path to controller.
[component_container_isolated-2] [WARN] [1780417260.783959941] [planner_server]: Planner loop missed its desired rate of 999999999.0000 Hz. Current loop rate is 100.0000 Hz
[component_container_isolated-2] [INFO] [1780417260.803883624] [controller_server]: Passing new path to controller.
[component_container_isolated-2] [WARN] [1780417261.048276405] [controller_server]: Control loop missed its desired rate of 30.0000 Hz. Current loop rate is 25.0000 Hz.
[component_container_isolated-2] [WARN] [1780417261.250076878] [controller_server]: Control loop missed its desired rate of 30.0000 Hz. Current loop rate is 33.3333 Hz.
[component_container_isolated-2] [WARN] [1780417261.362573454] [controller_server]: Control loop missed its desired rate of 30.0000 Hz. Current loop rate is 20.0000 Hz.
[component_container_isolated-2] [WARN] [1780417261.433634055] [controller_server]: Control loop missed its desired rate of 30.0000 Hz. Current loop rate is 25.0000 Hz.
[component_container_isolated-2] [WARN] [1780417261.813997422] [planner_server]: Planner loop missed its desired rate of 999999999.0000 Hz. Current loop rate is 100.0000 Hz
[component_container_isolated-2] [INFO] [1780417261.833739460] [controller_server]: Passing new path to controller.
[component_container_isolated-2] [WARN] [1780417262.035757236] [controller_server]: Control loop missed its desired rate of 30.0000 Hz. Current loop rate is 20.0000 Hz.
[component_container_isolated-2] [WARN] [1780417262.138998947] [controller_server]: Control loop missed its desired rate of 30.0000 Hz. Current loop rate is 33.3333 Hz.
[component_container_isolated-2] [WARN] [1780417262.240983989] [controller_server]: Control loop missed its desired rate of 30.0000 Hz. Current loop rate is 33.3333 Hz.
[component_container_isolated-2] [WARN] [1780417262.346761645] [controller_server]: Control loop missed its desired rate of 30.0000 Hz. Current loop rate is 25.0000 Hz.
[component_container_isolated-2] [WARN] [1780417262.457741628] [controller_server]: Control loop missed its desired rate of 30.0000 Hz. Current loop rate is 25.0000 Hz.
[component_container_isolated-2] [WARN] [1780417262.844662052] [planner_server]: Planner loop missed its desired rate of 999999999.0000 Hz. Current loop rate is 100.0000 Hz
[component_container_isolated-2] [INFO] [1780417262.891402832] [controller_server]: Passing new path to controller.
[robot_mission_runner-4] [INFO] [1780417262.955710674] [robot_mission_runner]: Pose: (-33.18, -22.82), Elapsed: 75s, ETA: 16s, Dist remaining: 1.03m
[component_container_isolated-2] [WARN] [1780417263.874522087] [planner_server]: Planner loop missed its desired rate of 999999999.0000 Hz. Current loop rate is 100.0000 Hz
[component_container_isolated-2] [INFO] [1780417263.891227852] [controller_server]: Passing new path to controller.
[component_container_isolated-2] [WARN] [1780417264.905162417] [planner_server]: Planner loop missed its desired rate of 999999999.0000 Hz. Current loop rate is 100.0000 Hz
[component_container_isolated-2] [INFO] [1780417264.924543083] [controller_server]: Passing new path to controller.
[component_container_isolated-2] [INFO] [1780417265.957894476] [controller_server]: Passing new path to controller.
[component_container_isolated-2] [INFO] [1780417266.028260750] [controller_server]: Reached the goal!
[component_container_isolated-2] [INFO] [1780417266.028467635] [controller_server]: Optimizer reset
[component_container_isolated-2] [ERROR] [1780417266.062613413] [bt_navigator_navigate_to_pose_rclcpp_node]: Failed to get result for vlm_node/query_bool in node halt!
[component_container_isolated-2] [INFO] [1780417266.062873957] [bt_navigator]: Goal succeeded
[robot_mission_runner-4] [INFO] [1780417266.067137308] [robot_mission_runner]: Navigation result: SUCCEEDED
[vlm_node-3] [INFO] [1780417266.715267421] [vlm_node]: Completed prompt: "Are there any people visible in this scene? If so, respond only yes. Otherwise respond no." with response: False
[vlm_node-3] [INFO] [1780417266.716138109] [vlm_node]: VLM_QUERY|QueryBool|success|7.27|1|
[robot_mission_runner-4] [INFO] [1780417276.068008392] [robot_mission_runner]: Mission 4 completed.
[robot_mission_runner-4] [INFO] [1780417276.068583337] [robot_mission_runner]: Picking from {'x': 9.0, 'y': -52.55, 'yaw': 1.5708}, dropping at {'x': -41.5, 'y': -8.1, 'yaw': -1.5708}...
[robot_mission_runner-4] [INFO] [1780417276.068946908] [robot_mission_runner]: Navigating to pick, attempt 1/3...
[component_container_isolated-2] [INFO] [1780417276.069361977] [local_costmap.local_costmap]: Received request to clear entirely the local_costmap
[component_container_isolated-2] [INFO] [1780417276.072341311] [global_costmap.global_costmap]: Received request to clear entirely the global_costmap
[robot_mission_runner-4] [INFO] [1780417276.079954906] [robot_mission_runner]: Navigating to goal: 9.0 -52.55...
[component_container_isolated-2] [INFO] [1780417276.080458233] [bt_navigator]: Begin navigating from current location (-33.52, -22.51) to (9.00, -52.55)
[vlm_node-3] [INFO] [1780417276.082233467] [vlm_node]: Goal received with prompt: Check if there are any small hazards on the ground that would cause harm to the robot if it navigated over it OR the area is blocked by large objects that make it impassable. If so respond only yes. Otherwise, respond no.
[component_container_isolated-2] [WARN] [1780417276.735821406] [planner_server]: Planner loop missed its desired rate of 999999999.0000 Hz. Current loop rate is 1.5152 Hz
[component_container_isolated-2] [INFO] [1780417276.751422916] [controller_server]: Received a goal, begin computing control effort.
[component_container_isolated-2] [WARN] [1780417277.837292395] [planner_server]: Planner loop missed its desired rate of 999999999.0000 Hz. Current loop rate is 12.5000 Hz
[component_container_isolated-2] [INFO] [1780417277.851613447] [controller_server]: Passing new path to controller.
[component_container_isolated-2] [WARN] [1780417278.919970359] [planner_server]: Planner loop missed its desired rate of 999999999.0000 Hz. Current loop rate is 16.6667 Hz
[component_container_isolated-2] [INFO] [1780417278.951589356] [controller_server]: Passing new path to controller.
[component_container_isolated-2] [WARN] [1780417279.997075920] [planner_server]: Planner loop missed its desired rate of 999999999.0000 Hz. Current loop rate is 16.6667 Hz
[component_container_isolated-2] [INFO] [1780417280.018249965] [controller_server]: Passing new path to controller.
[component_container_isolated-2] [WARN] [1780417281.099609508] [planner_server]: Planner loop missed its desired rate of 999999999.0000 Hz. Current loop rate is 12.5000 Hz
[component_container_isolated-2] [INFO] [1780417281.118288217] [controller_server]: Passing new path to controller.
[robot_mission_runner-4] [INFO] [1780417281.191433934] [robot_mission_runner]: Pose: (-34.36, -26.23), Elapsed: 5s, ETA: 44s, Dist remaining: 66.23m
[component_container_isolated-2] [WARN] [1780417282.178476780] [planner_server]: Planner loop missed its desired rate of 999999999.0000 Hz. Current loop rate is 16.6667 Hz
[component_container_isolated-2] [INFO] [1780417282.218250125] [controller_server]: Passing new path to controller.
[component_container_isolated-2] [WARN] [1780417283.237092916] [planner_server]: Planner loop missed its desired rate of 999999999.0000 Hz. Current loop rate is 25.0000 Hz
[component_container_isolated-2] [INFO] [1780417283.251600302] [controller_server]: Passing new path to controller.
[component_container_isolated-2] [WARN] [1780417284.299399482] [planner_server]: Planner loop missed its desired rate of 999999999.0000 Hz. Current loop rate is 25.0000 Hz
[component_container_isolated-2] [INFO] [1780417284.318250216] [controller_server]: Passing new path to controller.
[component_container_isolated-2] [WARN] [1780417285.395902960] [planner_server]: Planner loop missed its desired rate of 999999999.0000 Hz. Current loop rate is 12.5000 Hz
[component_container_isolated-2] [INFO] [1780417285.418250833] [controller_server]: Passing new path to controller.
[robot_mission_runner-4] [INFO] [1780417286.202194233] [robot_mission_runner]: Pose: (-34.30, -33.76), Elapsed: 10s, ETA: 39s, Dist remaining: 58.86m
[component_container_isolated-2] [WARN] [1780417286.469020944] [planner_server]: Planner loop missed its desired rate of 999999999.0000 Hz. Current loop rate is 20.0000 Hz
[component_container_isolated-2] [INFO] [1780417286.484944703] [controller_server]: Passing new path to controller.
[component_container_isolated-2] [WARN] [1780417287.560056930] [planner_server]: Planner loop missed its desired rate of 999999999.0000 Hz. Current loop rate is 14.2857 Hz
[component_container_isolated-2] [INFO] [1780417287.584922838] [controller_server]: Passing new path to controller.
[component_container_isolated-2] [WARN] [1780417288.632194018] [planner_server]: Planner loop missed its desired rate of 999999999.0000 Hz. Current loop rate is 16.6667 Hz
[component_container_isolated-2] [INFO] [1780417288.651588576] [controller_server]: Passing new path to controller.
[component_container_isolated-2] [WARN] [1780417289.725967530] [planner_server]: Planner loop missed its desired rate of 999999999.0000 Hz. Current loop rate is 16.6667 Hz
[component_container_isolated-2] [INFO] [1780417289.751587867] [controller_server]: Passing new path to controller.
[component_container_isolated-2] [WARN] [1780417290.803342130] [planner_server]: Planner loop missed its desired rate of 999999999.0000 Hz. Current loop rate is 20.0000 Hz
[component_container_isolated-2] [INFO] [1780417290.851606871] [controller_server]: Passing new path to controller.
[robot_mission_runner-4] [INFO] [1780417291.215341787] [robot_mission_runner]: Pose: (-34.36, -41.27), Elapsed: 15s, ETA: 34s, Dist remaining: 51.14m
[component_container_isolated-2] [WARN] [1780417291.888823443] [planner_server]: Planner loop missed its desired rate of 999999999.0000 Hz. Current loop rate is 16.6667 Hz
[component_container_isolated-2] [INFO] [1780417291.918252032] [controller_server]: Passing new path to controller.
[component_container_isolated-2] [WARN] [1780417292.958229627] [planner_server]: Planner loop missed its desired rate of 999999999.0000 Hz. Current loop rate is 16.6667 Hz
[component_container_isolated-2] [INFO] [1780417292.984916556] [controller_server]: Passing new path to controller.
[component_container_isolated-2] [WARN] [1780417294.004116986] [planner_server]: Planner loop missed its desired rate of 999999999.0000 Hz. Current loop rate is 33.3333 Hz
[component_container_isolated-2] [INFO] [1780417294.051599915] [controller_server]: Passing new path to controller.
[component_container_isolated-2] [WARN] [1780417295.107752900] [planner_server]: Planner loop missed its desired rate of 999999999.0000 Hz. Current loop rate is 12.5000 Hz
[component_container_isolated-2] [INFO] [1780417295.151587573] [controller_server]: Passing new path to controller.
[component_container_isolated-2] [WARN] [1780417296.193214059] [planner_server]: Planner loop missed its desired rate of 999999999.0000 Hz. Current loop rate is 16.6667 Hz
[component_container_isolated-2] [INFO] [1780417296.218249190] [controller_server]: Passing new path to controller.
[robot_mission_runner-4] [INFO] [1780417296.225861682] [robot_mission_runner]: Pose: (-33.09, -48.42), Elapsed: 20s, ETA: 29s, Dist remaining: 43.62m
[component_container_isolated-2] [WARN] [1780417297.251637204] [planner_server]: Planner loop missed its desired rate of 999999999.0000 Hz. Current loop rate is 33.3333 Hz
[component_container_isolated-2] [INFO] [1780417297.284923030] [controller_server]: Passing new path to controller.
[component_container_isolated-2] [WARN] [1780417298.298535333] [planner_server]: Planner loop missed its desired rate of 999999999.0000 Hz. Current loop rate is 33.3333 Hz
[component_container_isolated-2] [INFO] [1780417298.318251741] [controller_server]: Passing new path to controller.
[component_container_isolated-2] [WARN] [1780417299.370719580] [planner_server]: Planner loop missed its desired rate of 999999999.0000 Hz. Current loop rate is 20.0000 Hz
[component_container_isolated-2] [INFO] [1780417299.418247974] [controller_server]: Passing new path to controller.
[component_container_isolated-2] [WARN] [1780417300.432130901] [planner_server]: Planner loop missed its desired rate of 999999999.0000 Hz. Current loop rate is 25.0000 Hz
[component_container_isolated-2] [INFO] [1780417300.451600535] [controller_server]: Passing new path to controller.
[robot_mission_runner-4] [INFO] [1780417301.236014149] [robot_mission_runner]: Pose: (-26.15, -50.36), Elapsed: 25s, ETA: 23s, Dist remaining: 36.00m
[component_container_isolated-2] [WARN] [1780417301.503635415] [planner_server]: Planner loop missed its desired rate of 999999999.0000 Hz. Current loop rate is 25.0000 Hz
[component_container_isolated-2] [INFO] [1780417301.551601456] [controller_server]: Passing new path to controller.
[component_container_isolated-2] [WARN] [1780417302.582434142] [planner_server]: Planner loop missed its desired rate of 999999999.0000 Hz. Current loop rate is 20.0000 Hz
[component_container_isolated-2] [INFO] [1780417302.618248000] [controller_server]: Passing new path to controller.
[vlm_node-3] [INFO] [1780417303.087215488] [vlm_node]: Completed prompt: "Check if there are any small hazards on the ground that would cause harm to the robot if it navigated over it OR the area is blocked by large objects that make it impassable. If so respond only yes. Otherwise, respond no." with response: False
[vlm_node-3] [INFO] [1780417303.087877791] [vlm_node]: VLM_QUERY|QueryBool|success|27.01|1|
[vlm_node-3] [INFO] [1780417303.092879960] [vlm_node]: Goal received with prompt: Is this space too crowded by people or working machinery to move though safely? If so, respond only yes. Otherwise respond no.
[component_container_isolated-2] [WARN] [1780417303.639715165] [planner_server]: Planner loop missed its desired rate of 999999999.0000 Hz. Current loop rate is 33.3333 Hz
[component_container_isolated-2] [INFO] [1780417303.651585326] [controller_server]: Passing new path to controller.
[component_container_isolated-2] [WARN] [1780417304.690352746] [planner_server]: Planner loop missed its desired rate of 999999999.0000 Hz. Current loop rate is 33.3333 Hz
[component_container_isolated-2] [INFO] [1780417304.718249518] [controller_server]: Passing new path to controller.
[component_container_isolated-2] [WARN] [1780417305.744086711] [planner_server]: Planner loop missed its desired rate of 999999999.0000 Hz. Current loop rate is 25.0000 Hz
[component_container_isolated-2] [INFO] [1780417305.784922906] [controller_server]: Passing new path to controller.
[robot_mission_runner-4] [INFO] [1780417306.247587597] [robot_mission_runner]: Pose: (-18.67, -50.76), Elapsed: 30s, ETA: 19s, Dist remaining: 28.54m
[component_container_isolated-2] [WARN] [1780417306.789722552] [planner_server]: Planner loop missed its desired rate of 999999999.0000 Hz. Current loop rate is 33.3333 Hz
[component_container_isolated-2] [INFO] [1780417306.818260687] [controller_server]: Passing new path to controller.
[component_container_isolated-2] [WARN] [1780417307.819856123] [planner_server]: Planner loop missed its desired rate of 999999999.0000 Hz. Current loop rate is 50.0000 Hz
[component_container_isolated-2] [INFO] [1780417307.851596425] [controller_server]: Passing new path to controller.
[component_container_isolated-2] [INFO] [1780417308.851619918] [controller_server]: Passing new path to controller.
[component_container_isolated-2] [WARN] [1780417309.868805649] [planner_server]: Planner loop missed its desired rate of 999999999.0000 Hz. Current loop rate is 100.0000 Hz
[component_container_isolated-2] [INFO] [1780417309.884933347] [controller_server]: Passing new path to controller.
[component_container_isolated-2] [WARN] [1780417310.901361564] [planner_server]: Planner loop missed its desired rate of 999999999.0000 Hz. Current loop rate is 100.0000 Hz
[component_container_isolated-2] [INFO] [1780417310.951588661] [controller_server]: Passing new path to controller.
[robot_mission_runner-4] [INFO] [1780417311.259359181] [robot_mission_runner]: Pose: (-11.14, -50.61), Elapsed: 35s, ETA: 14s, Dist remaining: 21.32m
[component_container_isolated-2] [INFO] [1780417311.951590803] [controller_server]: Passing new path to controller.
[component_container_isolated-2] [WARN] [1780417312.968893339] [planner_server]: Planner loop missed its desired rate of 999999999.0000 Hz. Current loop rate is 100.0000 Hz
[component_container_isolated-2] [INFO] [1780417312.984917769] [controller_server]: Passing new path to controller.
[component_container_isolated-2] [WARN] [1780417313.999442624] [planner_server]: Planner loop missed its desired rate of 999999999.0000 Hz. Current loop rate is 100.0000 Hz
[component_container_isolated-2] [INFO] [1780417314.018252431] [controller_server]: Passing new path to controller.
[component_container_isolated-2] [WARN] [1780417315.064098721] [planner_server]: Planner loop missed its desired rate of 999999999.0000 Hz. Current loop rate is 25.0000 Hz
[component_container_isolated-2] [INFO] [1780417315.084954524] [controller_server]: Passing new path to controller.
[component_container_isolated-2] [INFO] [1780417316.118253308] [controller_server]: Passing new path to controller.
[robot_mission_runner-4] [INFO] [1780417316.271733983] [robot_mission_runner]: Pose: (-3.63, -50.62), Elapsed: 40s, ETA: 9s, Dist remaining: 13.79m
[component_container_isolated-2] [INFO] [1780417317.151581947] [controller_server]: Passing new path to controller.
[component_container_isolated-2] [WARN] [1780417318.149722425] [planner_server]: Planner loop missed its desired rate of 999999999.0000 Hz. Current loop rate is 100.0000 Hz
[component_container_isolated-2] [INFO] [1780417318.184936311] [controller_server]: Passing new path to controller.
[component_container_isolated-2] [INFO] [1780417319.184916118] [controller_server]: Passing new path to controller.
[component_container_isolated-2] [INFO] [1780417320.218247775] [controller_server]: Passing new path to controller.
[component_container_isolated-2] [INFO] [1780417321.251594597] [controller_server]: Passing new path to controller.
[robot_mission_runner-4] [INFO] [1780417321.284309007] [robot_mission_runner]: Pose: (3.87, -51.06), Elapsed: 45s, ETA: 4s, Dist remaining: 6.01m
[component_container_isolated-2] [INFO] [1780417322.251596303] [controller_server]: Passing new path to controller.
[component_container_isolated-2] [INFO] [1780417323.284922429] [controller_server]: Passing new path to controller.
[component_container_isolated-2] [INFO] [1780417324.318254981] [controller_server]: Passing new path to controller.
[component_container_isolated-2] [INFO] [1780417325.351601328] [controller_server]: Passing new path to controller.
[robot_mission_runner-4] [INFO] [1780417326.296675328] [robot_mission_runner]: Pose: (8.33, -52.45), Elapsed: 50s, ETA: 8s, Dist remaining: 1.52m
[component_container_isolated-2] [WARN] [1780417326.346181123] [planner_server]: Planner loop missed its desired rate of 999999999.0000 Hz. Current loop rate is 100.0000 Hz
[component_container_isolated-2] [INFO] [1780417326.384924572] [controller_server]: Passing new path to controller.
[component_container_isolated-2] [INFO] [1780417327.384916781] [controller_server]: Passing new path to controller.
[component_container_isolated-2] [WARN] [1780417328.398813641] [planner_server]: Planner loop missed its desired rate of 999999999.0000 Hz. Current loop rate is 100.0000 Hz
[component_container_isolated-2] [INFO] [1780417328.418274567] [controller_server]: Passing new path to controller.
[component_container_isolated-2] [WARN] [1780417329.424308031] [planner_server]: Planner loop missed its desired rate of 999999999.0000 Hz. Current loop rate is 100.0000 Hz
[component_container_isolated-2] [INFO] [1780417329.451606440] [controller_server]: Passing new path to controller.
[component_container_isolated-2] [INFO] [1780417329.522199707] [controller_server]: Reached the goal!
[component_container_isolated-2] [INFO] [1780417329.522408381] [controller_server]: Optimizer reset
[component_container_isolated-2] [ERROR] [1780417329.562429915] [bt_navigator_navigate_to_pose_rclcpp_node]: Failed to get result for vlm_node/query_bool in node halt!
[component_container_isolated-2] [INFO] [1780417329.562781816] [bt_navigator]: Goal succeeded
[robot_mission_runner-4] [INFO] [1780417329.607258822] [robot_mission_runner]: Navigation result: SUCCEEDED
[vlm_node-3] [INFO] [1780417331.233606715] [vlm_node]: Completed prompt: "Is this space too crowded by people or working machinery to move though safely? If so, respond only yes. Otherwise respond no." with response: False
[vlm_node-3] [INFO] [1780417331.233852629] [vlm_node]: VLM_QUERY|QueryBool|success|28.14|1|
[robot_mission_runner-4] [INFO] [1780417339.608033388] [robot_mission_runner]: Navigating to drop, attempt 1/3...
[component_container_isolated-2] [INFO] [1780417339.608506235] [local_costmap.local_costmap]: Received request to clear entirely the local_costmap
[component_container_isolated-2] [INFO] [1780417339.610787145] [global_costmap.global_costmap]: Received request to clear entirely the global_costmap
[robot_mission_runner-4] [INFO] [1780417339.617758100] [robot_mission_runner]: Navigating to goal: -41.5 -8.1...
[component_container_isolated-2] [INFO] [1780417339.618264387] [bt_navigator]: Begin navigating from current location (8.98, -52.36) to (-41.50, -8.10)
[vlm_node-3] [INFO] [1780417339.620447119] [vlm_node]: Goal received with prompt: Check if there are any small hazards on the ground that would cause harm to the robot if it navigated over it OR the area is blocked by large objects that make it impassable. If so respond only yes. Otherwise, respond no.
[component_container_isolated-2] [WARN] [1780417340.203508372] [planner_server]: Planner loop missed its desired rate of 999999999.0000 Hz. Current loop rate is 1.6949 Hz
[component_container_isolated-2] [INFO] [1780417340.219475468] [controller_server]: Received a goal, begin computing control effort.
[component_container_isolated-2] [WARN] [1780417341.267816577] [planner_server]: Planner loop missed its desired rate of 999999999.0000 Hz. Current loop rate is 25.0000 Hz
[component_container_isolated-2] [INFO] [1780417341.286373124] [controller_server]: Passing new path to controller.
[component_container_isolated-2] [WARN] [1780417342.322449434] [planner_server]: Planner loop missed its desired rate of 999999999.0000 Hz. Current loop rate is 25.0000 Hz
[component_container_isolated-2] [INFO] [1780417342.353019832] [controller_server]: Passing new path to controller.
[component_container_isolated-2] [WARN] [1780417343.363882569] [planner_server]: Planner loop missed its desired rate of 999999999.0000 Hz. Current loop rate is 33.3333 Hz
[component_container_isolated-2] [INFO] [1780417343.386361081] [controller_server]: Passing new path to controller.
[component_container_isolated-2] [WARN] [1780417344.416094733] [planner_server]: Planner loop missed its desired rate of 999999999.0000 Hz. Current loop rate is 33.3333 Hz
[component_container_isolated-2] [INFO] [1780417344.453027621] [controller_server]: Passing new path to controller.
[robot_mission_runner-4] [INFO] [1780417344.729548110] [robot_mission_runner]: Pose: (5.65, -50.29), Elapsed: 5s, ETA: 59s, Dist remaining: 88.91m
[component_container_isolated-2] [WARN] [1780417345.448487141] [planner_server]: Planner loop missed its desired rate of 999999999.0000 Hz. Current loop rate is 50.0000 Hz
[component_container_isolated-2] [INFO] [1780417345.486366263] [controller_server]: Passing new path to controller.
[component_container_isolated-2] [WARN] [1780417346.495150965] [planner_server]: Planner loop missed its desired rate of 999999999.0000 Hz. Current loop rate is 25.0000 Hz
[component_container_isolated-2] [INFO] [1780417346.519690702] [controller_server]: Passing new path to controller.
[component_container_isolated-2] [WARN] [1780417347.541171233] [planner_server]: Planner loop missed its desired rate of 999999999.0000 Hz. Current loop rate is 33.3333 Hz
[component_container_isolated-2] [INFO] [1780417347.586404829] [controller_server]: Passing new path to controller.
[component_container_isolated-2] [WARN] [1780417348.594378946] [planner_server]: Planner loop missed its desired rate of 999999999.0000 Hz. Current loop rate is 33.3333 Hz
[component_container_isolated-2] [INFO] [1780417348.619689222] [controller_server]: Passing new path to controller.
[component_container_isolated-2] [WARN] [1780417349.649096205] [planner_server]: Planner loop missed its desired rate of 999999999.0000 Hz. Current loop rate is 25.0000 Hz
[component_container_isolated-2] [INFO] [1780417349.686370492] [controller_server]: Passing new path to controller.
[robot_mission_runner-4] [INFO] [1780417349.741427365] [robot_mission_runner]: Pose: (-1.88, -50.23), Elapsed: 10s, ETA: 54s, Dist remaining: 81.79m
[component_container_isolated-2] [WARN] [1780417350.703516609] [planner_server]: Planner loop missed its desired rate of 999999999.0000 Hz. Current loop rate is 25.0000 Hz
[component_container_isolated-2] [INFO] [1780417350.719713298] [controller_server]: Passing new path to controller.
[component_container_isolated-2] [WARN] [1780417351.766971658] [planner_server]: Planner loop missed its desired rate of 999999999.0000 Hz. Current loop rate is 25.0000 Hz
[component_container_isolated-2] [INFO] [1780417351.786367600] [controller_server]: Passing new path to controller.
[component_container_isolated-2] [WARN] [1780417352.831577922] [planner_server]: Planner loop missed its desired rate of 999999999.0000 Hz. Current loop rate is 25.0000 Hz
[component_container_isolated-2] [INFO] [1780417352.853025799] [controller_server]: Passing new path to controller.
[component_container_isolated-2] [WARN] [1780417353.888546415] [planner_server]: Planner loop missed its desired rate of 999999999.0000 Hz. Current loop rate is 33.3333 Hz
[component_container_isolated-2] [INFO] [1780417353.919712523] [controller_server]: Passing new path to controller.
[robot_mission_runner-4] [INFO] [1780417354.753017487] [robot_mission_runner]: Pose: (-9.39, -50.28), Elapsed: 15s, ETA: 49s, Dist remaining: 74.31m
[component_container_isolated-2] [WARN] [1780417354.931706284] [planner_server]: Planner loop missed its desired rate of 999999999.0000 Hz. Current loop rate is 50.0000 Hz
[component_container_isolated-2] [INFO] [1780417354.953034915] [controller_server]: Passing new path to controller.
[component_container_isolated-2] [WARN] [1780417356.001783131] [planner_server]: Planner loop missed its desired rate of 999999999.0000 Hz. Current loop rate is 25.0000 Hz
[component_container_isolated-2] [INFO] [1780417356.019695212] [controller_server]: Passing new path to controller.
[component_container_isolated-2] [WARN] [1780417357.101915239] [planner_server]: Planner loop missed its desired rate of 999999999.0000 Hz. Current loop rate is 14.2857 Hz
[component_container_isolated-2] [INFO] [1780417357.119691493] [controller_server]: Passing new path to controller.
[component_container_isolated-2] [WARN] [1780417358.156044432] [planner_server]: Planner loop missed its desired rate of 999999999.0000 Hz. Current loop rate is 50.0000 Hz
[component_container_isolated-2] [INFO] [1780417358.186359731] [controller_server]: Passing new path to controller.
[component_container_isolated-2] [WARN] [1780417359.202034491] [planner_server]: Planner loop missed its desired rate of 999999999.0000 Hz. Current loop rate is 33.3333 Hz
[component_container_isolated-2] [INFO] [1780417359.219693888] [controller_server]: Passing new path to controller.
[robot_mission_runner-4] [INFO] [1780417359.765084668] [robot_mission_runner]: Pose: (-16.89, -50.29), Elapsed: 20s, ETA: 44s, Dist remaining: 66.39m
[component_container_isolated-2] [WARN] [1780417360.255162385] [planner_server]: Planner loop missed its desired rate of 999999999.0000 Hz. Current loop rate is 50.0000 Hz
[component_container_isolated-2] [INFO] [1780417360.286372209] [controller_server]: Passing new path to controller.
[component_container_isolated-2] [WARN] [1780417361.284731677] [planner_server]: Planner loop missed its desired rate of 999999999.0000 Hz. Current loop rate is 50.0000 Hz
[component_container_isolated-2] [INFO] [1780417361.319686920] [controller_server]: Passing new path to controller.
[component_container_isolated-2] [WARN] [1780417362.321505942] [planner_server]: Planner loop missed its desired rate of 999999999.0000 Hz. Current loop rate is 50.0000 Hz
[component_container_isolated-2] [INFO] [1780417362.353021387] [controller_server]: Passing new path to controller.
[component_container_isolated-2] [WARN] [1780417363.358075581] [planner_server]: Planner loop missed its desired rate of 999999999.0000 Hz. Current loop rate is 50.0000 Hz
[component_container_isolated-2] [INFO] [1780417363.386381922] [controller_server]: Passing new path to controller.
[component_container_isolated-2] [WARN] [1780417364.415163005] [planner_server]: Planner loop missed its desired rate of 999999999.0000 Hz. Current loop rate is 25.0000 Hz
[component_container_isolated-2] [INFO] [1780417364.453034599] [controller_server]: Passing new path to controller.
[robot_mission_runner-4] [INFO] [1780417364.776976887] [robot_mission_runner]: Pose: (-24.42, -50.28), Elapsed: 25s, ETA: 39s, Dist remaining: 59.06m
[component_container_isolated-2] [WARN] [1780417365.458688291] [planner_server]: Planner loop missed its desired rate of 999999999.0000 Hz. Current loop rate is 33.3333 Hz
[component_container_isolated-2] [INFO] [1780417365.486370698] [controller_server]: Passing new path to controller.
[component_container_isolated-2] [WARN] [1780417366.511748257] [planner_server]: Planner loop missed its desired rate of 999999999.0000 Hz. Current loop rate is 50.0000 Hz
[component_container_isolated-2] [INFO] [1780417366.553035668] [controller_server]: Passing new path to controller.
[component_container_isolated-2] [WARN] [1780417367.585895554] [planner_server]: Planner loop missed its desired rate of 999999999.0000 Hz. Current loop rate is 16.6667 Hz
[component_container_isolated-2] [INFO] [1780417367.619692535] [controller_server]: Passing new path to controller.
[component_container_isolated-2] [WARN] [1780417368.636708534] [planner_server]: Planner loop missed its desired rate of 999999999.0000 Hz. Current loop rate is 25.0000 Hz
[component_container_isolated-2] [INFO] [1780417368.653049654] [controller_server]: Passing new path to controller.
[component_container_isolated-2] [WARN] [1780417369.690566638] [planner_server]: Planner loop missed its desired rate of 999999999.0000 Hz. Current loop rate is 33.3333 Hz
[component_container_isolated-2] [INFO] [1780417369.719692125] [controller_server]: Passing new path to controller.
[robot_mission_runner-4] [INFO] [1780417369.789629914] [robot_mission_runner]: Pose: (-31.95, -50.34), Elapsed: 30s, ETA: 34s, Dist remaining: 51.57m
[component_container_isolated-2] [WARN] [1780417370.731999374] [planner_server]: Planner loop missed its desired rate of 999999999.0000 Hz. Current loop rate is 50.0000 Hz
[component_container_isolated-2] [INFO] [1780417370.753025009] [controller_server]: Passing new path to controller.
[component_container_isolated-2] [WARN] [1780417372.047004164] [planner_server]: Planner loop missed its desired rate of 999999999.0000 Hz. Current loop rate is 3.4483 Hz
[component_container_isolated-2] [INFO] [1780417372.086374203] [controller_server]: Passing new path to controller.
[component_container_isolated-2] [WARN] [1780417373.095341384] [planner_server]: Planner loop missed its desired rate of 999999999.0000 Hz. Current loop rate is 25.0000 Hz
[component_container_isolated-2] [INFO] [1780417373.119687988] [controller_server]: Passing new path to controller.
[component_container_isolated-2] [WARN] [1780417374.133905695] [planner_server]: Planner loop missed its desired rate of 999999999.0000 Hz. Current loop rate is 33.3333 Hz
[component_container_isolated-2] [INFO] [1780417374.153022970] [controller_server]: Passing new path to controller.
[robot_mission_runner-4] [INFO] [1780417374.801206621] [robot_mission_runner]: Pose: (-39.38, -49.58), Elapsed: 35s, ETA: 29s, Dist remaining: 43.66m
[component_container_isolated-2] [WARN] [1780417375.177843718] [planner_server]: Planner loop missed its desired rate of 999999999.0000 Hz. Current loop rate is 50.0000 Hz
[component_container_isolated-2] [INFO] [1780417375.219700340] [controller_server]: Passing new path to controller.
[component_container_isolated-2] [WARN] [1780417376.212838060] [planner_server]: Planner loop missed its desired rate of 999999999.0000 Hz. Current loop rate is 50.0000 Hz
[component_container_isolated-2] [INFO] [1780417376.253019776] [controller_server]: Passing new path to controller.
[component_container_isolated-2] [WARN] [1780417377.243774588] [planner_server]: Planner loop missed its desired rate of 999999999.0000 Hz. Current loop rate is 50.0000 Hz
[component_container_isolated-2] [INFO] [1780417377.286362509] [controller_server]: Passing new path to controller.
[component_container_isolated-2] [WARN] [1780417378.271380794] [planner_server]: Planner loop missed its desired rate of 999999999.0000 Hz. Current loop rate is 100.0000 Hz
[component_container_isolated-2] [INFO] [1780417378.319698490] [controller_server]: Passing new path to controller.
[component_container_isolated-2] [WARN] [1780417379.313402049] [planner_server]: Planner loop missed its desired rate of 999999999.0000 Hz. Current loop rate is 50.0000 Hz
[component_container_isolated-2] [INFO] [1780417379.353017039] [controller_server]: Passing new path to controller.
[robot_mission_runner-4] [INFO] [1780417379.813437743] [robot_mission_runner]: Pose: (-42.39, -43.21), Elapsed: 40s, ETA: 24s, Dist remaining: 36.11m
[component_container_isolated-2] [WARN] [1780417380.337832746] [planner_server]: Planner loop missed its desired rate of 999999999.0000 Hz. Current loop rate is 100.0000 Hz
[component_container_isolated-2] [INFO] [1780417380.353019515] [controller_server]: Passing new path to controller.
[component_container_isolated-2] [WARN] [1780417381.367697753] [planner_server]: Planner loop missed its desired rate of 999999999.0000 Hz. Current loop rate is 100.0000 Hz
[component_container_isolated-2] [INFO] [1780417381.386357919] [controller_server]: Passing new path to controller.
[component_container_isolated-2] [WARN] [1780417382.402782858] [planner_server]: Planner loop missed its desired rate of 999999999.0000 Hz. Current loop rate is 50.0000 Hz
[component_container_isolated-2] [INFO] [1780417382.419684841] [controller_server]: Passing new path to controller.
[component_container_isolated-2] [WARN] [1780417383.440320213] [planner_server]: Planner loop missed its desired rate of 999999999.0000 Hz. Current loop rate is 100.0000 Hz
[component_container_isolated-2] [INFO] [1780417383.486367407] [controller_server]: Passing new path to controller.
[vlm_node-3] [INFO] [1780417383.565784449] [vlm_node]: Completed prompt: "Check if there are any small hazards on the ground that would cause harm to the robot if it navigated over it OR the area is blocked by large objects that make it impassable. If so respond only yes. Otherwise, respond no." with response: True
[vlm_node-3] [INFO] [1780417383.566044301] [vlm_node]: VLM_QUERY|QueryBool|success|43.95|2|
[vlm_node-3] [INFO] [1780417383.579968485] [vlm_node]: Goal received with prompt: Is this space too crowded by people or working machinery to move though safely? If so, respond only yes. Otherwise respond no.
[component_container_isolated-2] [WARN] [1780417384.466281699] [planner_server]: Planner loop missed its desired rate of 999999999.0000 Hz. Current loop rate is 100.0000 Hz
[component_container_isolated-2] [INFO] [1780417384.486381535] [controller_server]: Passing new path to controller.
[robot_mission_runner-4] [INFO] [1780417384.824370057] [robot_mission_runner]: Pose: (-42.40, -35.69), Elapsed: 45s, ETA: 19s, Dist remaining: 28.61m
[component_container_isolated-2] [WARN] [1780417385.502229053] [planner_server]: Planner loop missed its desired rate of 999999999.0000 Hz. Current loop rate is 100.0000 Hz
[component_container_isolated-2] [INFO] [1780417385.519701640] [controller_server]: Passing new path to controller.
[component_container_isolated-2] [WARN] [1780417386.616876812] [planner_server]: Planner loop missed its desired rate of 999999999.0000 Hz. Current loop rate is 11.1111 Hz
[component_container_isolated-2] [INFO] [1780417386.653025303] [controller_server]: Passing new path to controller.
[component_container_isolated-2] [WARN] [1780417387.636734156] [planner_server]: Planner loop missed its desired rate of 999999999.0000 Hz. Current loop rate is 100.0000 Hz
[component_container_isolated-2] [INFO] [1780417387.653039604] [controller_server]: Passing new path to controller.
[component_container_isolated-2] [INFO] [1780417388.686378471] [controller_server]: Passing new path to controller.
[component_container_isolated-2] [WARN] [1780417389.697141387] [planner_server]: Planner loop missed its desired rate of 999999999.0000 Hz. Current loop rate is 100.0000 Hz
[component_container_isolated-2] [INFO] [1780417389.719688216] [controller_server]: Passing new path to controller.
[robot_mission_runner-4] [INFO] [1780417389.835765057] [robot_mission_runner]: Pose: (-42.30, -28.18), Elapsed: 50s, ETA: 13s, Dist remaining: 20.96m
[component_container_isolated-2] [WARN] [1780417390.716295904] [planner_server]: Planner loop missed its desired rate of 999999999.0000 Hz. Current loop rate is 100.0000 Hz
[component_container_isolated-2] [INFO] [1780417390.753025498] [controller_server]: Passing new path to controller.
[component_container_isolated-2] [WARN] [1780417391.736422043] [planner_server]: Planner loop missed its desired rate of 999999999.0000 Hz. Current loop rate is 100.0000 Hz
[component_container_isolated-2] [INFO] [1780417391.753021593] [controller_server]: Passing new path to controller.
[component_container_isolated-2] [WARN] [1780417392.764986811] [planner_server]: Planner loop missed its desired rate of 999999999.0000 Hz. Current loop rate is 100.0000 Hz
[component_container_isolated-2] [INFO] [1780417392.786363370] [controller_server]: Passing new path to controller.
[component_container_isolated-2] [WARN] [1780417393.785420638] [planner_server]: Planner loop missed its desired rate of 999999999.0000 Hz. Current loop rate is 100.0000 Hz
[component_container_isolated-2] [INFO] [1780417393.819688816] [controller_server]: Passing new path to controller.
[vlm_node-3] [INFO] [1780417393.975581631] [vlm_node]: Completed prompt: "Is this space too crowded by people or working machinery to move though safely? If so, respond only yes. Otherwise respond no." with response: False
[vlm_node-3] [INFO] [1780417393.975795145] [vlm_node]: VLM_QUERY|QueryBool|success|10.40|1|
[vlm_node-3] [INFO] [1780417393.990029028] [vlm_node]: Goal received with prompt: Are there any people visible in this scene? If so, respond only yes. Otherwise respond no.
[component_container_isolated-2] [WARN] [1780417394.803945374] [planner_server]: Planner loop missed its desired rate of 999999999.0000 Hz. Current loop rate is 100.0000 Hz
[component_container_isolated-2] [INFO] [1780417394.819702086] [controller_server]: Passing new path to controller.
[robot_mission_runner-4] [INFO] [1780417394.846487128] [robot_mission_runner]: Pose: (-42.28, -20.67), Elapsed: 55s, ETA: 9s, Dist remaining: 13.65m
[component_container_isolated-2] [WARN] [1780417395.754069369] [controller_server]: Control loop missed its desired rate of 30.0000 Hz. Current loop rate is 33.3333 Hz.
[component_container_isolated-2] [WARN] [1780417395.824778756] [planner_server]: Planner loop missed its desired rate of 999999999.0000 Hz. Current loop rate is 100.0000 Hz
[component_container_isolated-2] [WARN] [1780417395.855767324] [controller_server]: Control loop missed its desired rate of 30.0000 Hz. Current loop rate is 25.0000 Hz.
[component_container_isolated-2] [INFO] [1780417395.855858891] [controller_server]: Passing new path to controller.
[component_container_isolated-2] [WARN] [1780417396.844193495] [planner_server]: Planner loop missed its desired rate of 999999999.0000 Hz. Current loop rate is 100.0000 Hz
[component_container_isolated-2] [INFO] [1780417396.889268219] [controller_server]: Passing new path to controller.
[component_container_isolated-2] [WARN] [1780417397.874509456] [planner_server]: Planner loop missed its desired rate of 999999999.0000 Hz. Current loop rate is 100.0000 Hz
[component_container_isolated-2] [INFO] [1780417397.889254255] [controller_server]: Passing new path to controller.
[component_container_isolated-2] [WARN] [1780417398.904109854] [planner_server]: Planner loop missed its desired rate of 999999999.0000 Hz. Current loop rate is 100.0000 Hz
[component_container_isolated-2] [INFO] [1780417398.922606000] [controller_server]: Passing new path to controller.
[robot_mission_runner-4] [INFO] [1780417399.859810953] [robot_mission_runner]: Pose: (-42.27, -13.14), Elapsed: 60s, ETA: 4s, Dist remaining: 6.04m
[component_container_isolated-2] [WARN] [1780417399.933237373] [planner_server]: Planner loop missed its desired rate of 999999999.0000 Hz. Current loop rate is 100.0000 Hz
[component_container_isolated-2] [INFO] [1780417399.955921045] [controller_server]: Passing new path to controller.
[component_container_isolated-2] [INFO] [1780417400.989252227] [controller_server]: Passing new path to controller.
[component_container_isolated-2] [WARN] [1780417401.983462384] [planner_server]: Planner loop missed its desired rate of 999999999.0000 Hz. Current loop rate is 100.0000 Hz
[component_container_isolated-2] [INFO] [1780417402.022577187] [controller_server]: Passing new path to controller.
[component_container_isolated-2] [INFO] [1780417403.022583605] [controller_server]: Passing new path to controller.
[component_container_isolated-2] [WARN] [1780417404.072760421] [planner_server]: Planner loop missed its desired rate of 999999999.0000 Hz. Current loop rate is 25.0000 Hz
[component_container_isolated-2] [INFO] [1780417404.089254991] [controller_server]: Passing new path to controller.
[robot_mission_runner-4] [INFO] [1780417404.873928644] [robot_mission_runner]: Pose: (-41.31, -8.66), Elapsed: 65s, ETA: 1s, Dist remaining: 0.58m
[component_container_isolated-2] [WARN] [1780417405.105117732] [planner_server]: Planner loop missed its desired rate of 999999999.0000 Hz. Current loop rate is 100.0000 Hz
[component_container_isolated-2] [INFO] [1780417405.122580645] [controller_server]: Passing new path to controller.
[component_container_isolated-2] [WARN] [1780417406.133340486] [planner_server]: Planner loop missed its desired rate of 999999999.0000 Hz. Current loop rate is 100.0000 Hz
[component_container_isolated-2] [INFO] [1780417406.155933689] [controller_server]: Passing new path to controller.
[vlm_node-3] [INFO] [1780417406.295332110] [vlm_node]: Completed prompt: "Are there any people visible in this scene? If so, respond only yes. Otherwise respond no." with response: False
[vlm_node-3] [INFO] [1780417406.295676881] [vlm_node]: VLM_QUERY|QueryBool|success|12.31|1|
[vlm_node-3] [INFO] [1780417406.302525333] [vlm_node]: Goal received with prompt: Check if there are any small hazards on the ground that would cause harm to the robot if it navigated over it OR the area is blocked by large objects that make it impassable. If so respond only yes. Otherwise, respond no.
[component_container_isolated-2] [INFO] [1780417407.189260608] [controller_server]: Passing new path to controller.
[component_container_isolated-2] [INFO] [1780417408.222579768] [controller_server]: Passing new path to controller.
[component_container_isolated-2] [WARN] [1780417409.204273187] [planner_server]: Planner loop missed its desired rate of 999999999.0000 Hz. Current loop rate is 100.0000 Hz
[component_container_isolated-2] [INFO] [1780417409.222586196] [controller_server]: Passing new path to controller.
[robot_mission_runner-4] [INFO] [1780417409.886602945] [robot_mission_runner]: Pose: (-41.16, -8.60), Elapsed: 70s, ETA: 29s, Dist remaining: 1.04m
[component_container_isolated-2] [WARN] [1780417410.233774997] [planner_server]: Planner loop missed its desired rate of 999999999.0000 Hz. Current loop rate is 100.0000 Hz
[component_container_isolated-2] [INFO] [1780417410.255908741] [controller_server]: Passing new path to controller.
[component_container_isolated-2] [INFO] [1780417411.289275344] [controller_server]: Passing new path to controller.
[component_container_isolated-2] [WARN] [1780417412.274277300] [planner_server]: Planner loop missed its desired rate of 999999999.0000 Hz. Current loop rate is 100.0000 Hz
[component_container_isolated-2] [INFO] [1780417412.289271349] [controller_server]: Passing new path to controller.
[component_container_isolated-2] [WARN] [1780417413.303382346] [planner_server]: Planner loop missed its desired rate of 999999999.0000 Hz. Current loop rate is 100.0000 Hz
[component_container_isolated-2] [INFO] [1780417413.322580660] [controller_server]: Passing new path to controller.
[component_container_isolated-2] [WARN] [1780417414.333885433] [planner_server]: Planner loop missed its desired rate of 999999999.0000 Hz. Current loop rate is 100.0000 Hz
[component_container_isolated-2] [INFO] [1780417414.355939468] [controller_server]: Passing new path to controller.
[robot_mission_runner-4] [INFO] [1780417414.899326697] [robot_mission_runner]: Pose: (-41.21, -8.59), Elapsed: 75s, ETA: 71s, Dist remaining: 1.12m
[component_container_isolated-2] [ERROR] [1780417415.089373198] [controller_server]: Failed to make progress
[component_container_isolated-2] [INFO] [1780417415.089852295] [controller_server]: Optimizer reset
[component_container_isolated-2] [WARN] [1780417415.089870014] [controller_server]: [follow_path] [ActionServer] Aborting handle.
[component_container_isolated-2] [INFO] [1780417415.108750137] [local_costmap.local_costmap]: Received request to clear entirely the local_costmap
[component_container_isolated-2] [WARN] [1780417415.124443926] [bt_navigator_navigate_to_pose_rclcpp_node]: Node timed out while executing service call to local_costmap/clear_entirely_local_costmap.
[component_container_isolated-2] [ERROR] [1780417415.145765792] [bt_navigator_navigate_to_pose_rclcpp_node]: Failed to get result for vlm_node/query_bool in node halt!
[component_container_isolated-2] [INFO] [1780417415.146028694] [local_costmap.local_costmap]: Received request to clear entirely the local_costmap
[component_container_isolated-2] [INFO] [1780417415.147958451] [global_costmap.global_costmap]: Received request to clear entirely the global_costmap
[component_container_isolated-2] [WARN] [1780417415.168544277] [bt_navigator_navigate_to_pose_rclcpp_node]: Node timed out while executing service call to global_costmap/clear_entirely_global_costmap.
[component_container_isolated-2] [INFO] [1780417415.168990625] [behavior_server]: Running spin
[component_container_isolated-2] [INFO] [1780417415.169150301] [behavior_server]: Turning 1.57 for spin behavior.
[component_container_isolated-2] [INFO] [1780417416.569293658] [behavior_server]: spin completed successfully
[vlm_node-3] [INFO] [1780417416.586733190] [vlm_node]: Goal received with prompt: Check if there are any small hazards on the ground that would cause harm to the robot if it navigated over it OR the area is blocked by large objects that make it impassable. If so respond only yes. Otherwise, respond no.
[component_container_isolated-2] [INFO] [1780417416.593947102] [controller_server]: Received a goal, begin computing control effort.
[component_container_isolated-2] [WARN] [1780417417.140794732] [controller_server]: Control loop missed its desired rate of 30.0000 Hz. Current loop rate is 25.0000 Hz.
[component_container_isolated-2] [WARN] [1780417417.258760965] [controller_server]: Control loop missed its desired rate of 30.0000 Hz. Current loop rate is 20.0000 Hz.
[component_container_isolated-2] [INFO] [1780417417.625546542] [controller_server]: Passing new path to controller.
[component_container_isolated-2] [WARN] [1780417418.076632584] [controller_server]: Control loop missed its desired rate of 30.0000 Hz. Current loop rate is 20.0000 Hz.
[component_container_isolated-2] [WARN] [1780417418.176540642] [controller_server]: Control loop missed its desired rate of 30.0000 Hz. Current loop rate is 14.2857 Hz.
[component_container_isolated-2] [WARN] [1780417418.269361334] [controller_server]: Control loop missed its desired rate of 30.0000 Hz. Current loop rate is 16.6667 Hz.
[component_container_isolated-2] [WARN] [1780417418.370306673] [controller_server]: Control loop missed its desired rate of 30.0000 Hz. Current loop rate is 14.2857 Hz.
[component_container_isolated-2] [WARN] [1780417418.447747427] [controller_server]: Control loop missed its desired rate of 30.0000 Hz. Current loop rate is 25.0000 Hz.
[component_container_isolated-2] [INFO] [1780417418.647856995] [controller_server]: Passing new path to controller.
[component_container_isolated-2] [WARN] [1780417419.257396561] [controller_server]: Control loop missed its desired rate of 30.0000 Hz. Current loop rate is 33.3333 Hz.
[component_container_isolated-2] [WARN] [1780417419.577232238] [controller_server]: Control loop missed its desired rate of 30.0000 Hz. Current loop rate is 20.0000 Hz.
[component_container_isolated-2] [WARN] [1780417419.668923181] [controller_server]: Control loop missed its desired rate of 30.0000 Hz. Current loop rate is 16.6667 Hz.
[component_container_isolated-2] [INFO] [1780417419.702433501] [controller_server]: Passing new path to controller.
[component_container_isolated-2] [WARN] [1780417419.765754292] [controller_server]: Control loop missed its desired rate of 30.0000 Hz. Current loop rate is 14.2857 Hz.
[component_container_isolated-2] [WARN] [1780417419.856704604] [controller_server]: Control loop missed its desired rate of 30.0000 Hz. Current loop rate is 16.6667 Hz.
[robot_mission_runner-4] [INFO] [1780417419.914463208] [robot_mission_runner]: Pose: (-41.58, -8.18), Elapsed: 80s, ETA: 3s, Dist remaining: 0.50m
[component_container_isolated-2] [WARN] [1780417420.259203139] [controller_server]: Control loop missed its desired rate of 30.0000 Hz. Current loop rate is 33.3333 Hz.
[component_container_isolated-2] [INFO] [1780417420.561557133] [controller_server]: Reached the goal!
[component_container_isolated-2] [INFO] [1780417420.561953433] [controller_server]: Optimizer reset
[component_container_isolated-2] [ERROR] [1780417420.595016644] [bt_navigator_navigate_to_pose_rclcpp_node]: Failed to get result for vlm_node/query_bool in node halt!
[component_container_isolated-2] [INFO] [1780417420.595364015] [bt_navigator]: Goal succeeded
[robot_mission_runner-4] [INFO] [1780417420.620722108] [robot_mission_runner]: Navigation result: SUCCEEDED
[robot_mission_runner-4] [INFO] [1780417430.621922664] [robot_mission_runner]: Mission 5 completed.
[robot_mission_runner-4] [INFO] [1780417430.622614235] [robot_mission_runner]: Picking from {'x': 5.05, 'y': -59.6, 'yaw': 3.1416}, dropping at {'x': -17.5, 'y': 0.18, 'yaw': -1.5708}...
[robot_mission_runner-4] [INFO] [1780417430.623006294] [robot_mission_runner]: Navigating to pick, attempt 1/3...
[component_container_isolated-2] [INFO] [1780417430.623778743] [local_costmap.local_costmap]: Received request to clear entirely the local_costmap
[component_container_isolated-2] [INFO] [1780417430.633061537] [global_costmap.global_costmap]: Received request to clear entirely the global_costmap
[robot_mission_runner-4] [INFO] [1780417430.651899568] [robot_mission_runner]: Navigating to goal: 5.05 -59.6...
[component_container_isolated-2] [INFO] [1780417430.652651147] [bt_navigator]: Begin navigating from current location (-41.54, -8.08) to (5.05, -59.60)
[vlm_node-3] [INFO] [1780417430.655842439] [vlm_node]: Goal received with prompt: Check if there are any small hazards on the ground that would cause harm to the robot if it navigated over it OR the area is blocked by large objects that make it impassable. If so respond only yes. Otherwise, respond no.
[component_container_isolated-2] [WARN] [1780417431.339074004] [planner_server]: Planner loop missed its desired rate of 999999999.0000 Hz. Current loop rate is 1.4706 Hz
[component_container_isolated-2] [INFO] [1780417431.354116789] [controller_server]: Received a goal, begin computing control effort.
[component_container_isolated-2] [WARN] [1780417432.361413866] [controller_server]: Control loop missed its desired rate of 30.0000 Hz. Current loop rate is 25.0000 Hz.
[component_container_isolated-2] [WARN] [1780417432.452995188] [controller_server]: Control loop missed its desired rate of 30.0000 Hz. Current loop rate is 20.0000 Hz.
[component_container_isolated-2] [WARN] [1780417432.763500389] [planner_server]: Planner loop missed its desired rate of 999999999.0000 Hz. Current loop rate is 2.5000 Hz
[component_container_isolated-2] [INFO] [1780417432.786461765] [controller_server]: Passing new path to controller.
[component_container_isolated-2] [WARN] [1780417434.134443070] [planner_server]: Planner loop missed its desired rate of 999999999.0000 Hz. Current loop rate is 2.8571 Hz
[component_container_isolated-2] [INFO] [1780417434.186464823] [controller_server]: Passing new path to controller.
[component_container_isolated-2] [WARN] [1780417435.453389887] [planner_server]: Planner loop missed its desired rate of 999999999.0000 Hz. Current loop rate is 3.3333 Hz
[component_container_isolated-2] [INFO] [1780417435.486475083] [controller_server]: Passing new path to controller.
[component_container_isolated-2] [WARN] [1780417435.753425597] [controller_server]: Control loop missed its desired rate of 30.0000 Hz. Current loop rate is 33.3333 Hz.
[robot_mission_runner-4] [INFO] [1780417435.765991130] [robot_mission_runner]: Pose: (-42.25, -12.35), Elapsed: 5s, ETA: 58s, Dist remaining: 87.47m
[component_container_isolated-2] [WARN] [1780417435.855365330] [controller_server]: Control loop missed its desired rate of 30.0000 Hz. Current loop rate is 33.3333 Hz.
[component_container_isolated-2] [WARN] [1780417435.962637606] [controller_server]: Control loop missed its desired rate of 30.0000 Hz. Current loop rate is 25.0000 Hz.
[component_container_isolated-2] [WARN] [1780417436.055978937] [controller_server]: Control loop missed its desired rate of 30.0000 Hz. Current loop rate is 16.6667 Hz.
[component_container_isolated-2] [WARN] [1780417436.161429872] [controller_server]: Control loop missed its desired rate of 30.0000 Hz. Current loop rate is 25.0000 Hz.
[component_container_isolated-2] [WARN] [1780417436.256793926] [controller_server]: Control loop missed its desired rate of 30.0000 Hz. Current loop rate is 14.2857 Hz.
[component_container_isolated-2] [WARN] [1780417436.821911656] [planner_server]: Planner loop missed its desired rate of 999999999.0000 Hz. Current loop rate is 2.8571 Hz
[component_container_isolated-2] [INFO] [1780417436.856936788] [controller_server]: Passing new path to controller.
[component_container_isolated-2] [WARN] [1780417437.934654750] [planner_server]: Planner loop missed its desired rate of 999999999.0000 Hz. Current loop rate is 12.5000 Hz
[component_container_isolated-2] [INFO] [1780417437.956931164] [controller_server]: Passing new path to controller.
[component_container_isolated-2] [WARN] [1780417438.557425334] [controller_server]: Control loop missed its desired rate of 30.0000 Hz. Current loop rate is 25.0000 Hz.
[component_container_isolated-2] [WARN] [1780417438.961596704] [controller_server]: Control loop missed its desired rate of 30.0000 Hz. Current loop rate is 25.0000 Hz.
[component_container_isolated-2] [WARN] [1780417439.029474516] [controller_server]: Control loop missed its desired rate of 30.0000 Hz. Current loop rate is 25.0000 Hz.
[component_container_isolated-2] [WARN] [1780417439.155545038] [planner_server]: Planner loop missed its desired rate of 999999999.0000 Hz. Current loop rate is 5.0000 Hz
[component_container_isolated-2] [INFO] [1780417439.196273931] [controller_server]: Passing new path to controller.
[component_container_isolated-2] [WARN] [1780417439.334729830] [controller_server]: Control loop missed its desired rate of 30.0000 Hz. Current loop rate is 33.3333 Hz.
[component_container_isolated-2] [WARN] [1780417439.444330627] [controller_server]: Control loop missed its desired rate of 30.0000 Hz. Current loop rate is 25.0000 Hz.
[component_container_isolated-2] [WARN] [1780417439.945015282] [controller_server]: Control loop missed its desired rate of 30.0000 Hz. Current loop rate is 33.3333 Hz.
[component_container_isolated-2] [WARN] [1780417440.150051687] [controller_server]: Control loop missed its desired rate of 30.0000 Hz. Current loop rate is 25.0000 Hz.
[component_container_isolated-2] [WARN] [1780417440.252994347] [controller_server]: Control loop missed its desired rate of 30.0000 Hz. Current loop rate is 33.3333 Hz.
[component_container_isolated-2] [WARN] [1780417440.455612638] [controller_server]: Control loop missed its desired rate of 30.0000 Hz. Current loop rate is 33.3333 Hz.
[component_container_isolated-2] [WARN] [1780417440.538037167] [planner_server]: Planner loop missed its desired rate of 999999999.0000 Hz. Current loop rate is 2.7778 Hz
[component_container_isolated-2] [WARN] [1780417440.558829551] [controller_server]: Control loop missed its desired rate of 30.0000 Hz. Current loop rate is 25.0000 Hz.
[component_container_isolated-2] [INFO] [1780417440.558897059] [controller_server]: Passing new path to controller.
[component_container_isolated-2] [WARN] [1780417440.660221334] [controller_server]: Control loop missed its desired rate of 30.0000 Hz. Current loop rate is 25.0000 Hz.
[component_container_isolated-2] [WARN] [1780417440.754396557] [controller_server]: Control loop missed its desired rate of 30.0000 Hz. Current loop rate is 16.6667 Hz.
[robot_mission_runner-4] [INFO] [1780417440.782631596] [robot_mission_runner]: Pose: (-42.28, -19.86), Elapsed: 10s, ETA: 53s, Dist remaining: 80.01m
[component_container_isolated-2] [WARN] [1780417441.257221955] [controller_server]: Control loop missed its desired rate of 30.0000 Hz. Current loop rate is 25.0000 Hz.
[component_container_isolated-2] [WARN] [1780417441.359623640] [controller_server]: Control loop missed its desired rate of 30.0000 Hz. Current loop rate is 25.0000 Hz.
[component_container_isolated-2] [WARN] [1780417441.853498713] [planner_server]: Planner loop missed its desired rate of 999999999.0000 Hz. Current loop rate is 3.4483 Hz
[component_container_isolated-2] [INFO] [1780417441.893076317] [controller_server]: Passing new path to controller.
[component_container_isolated-2] [WARN] [1780417441.963055339] [controller_server]: Control loop missed its desired rate of 30.0000 Hz. Current loop rate is 33.3333 Hz.
[component_container_isolated-2] [WARN] [1780417442.058126426] [controller_server]: Control loop missed its desired rate of 30.0000 Hz. Current loop rate is 16.6667 Hz.
[component_container_isolated-2] [WARN] [1780417442.163702891] [controller_server]: Control loop missed its desired rate of 30.0000 Hz. Current loop rate is 25.0000 Hz.
[component_container_isolated-2] [WARN] [1780417442.254045088] [controller_server]: Control loop missed its desired rate of 30.0000 Hz. Current loop rate is 20.0000 Hz.
[component_container_isolated-2] [WARN] [1780417442.454495386] [controller_server]: Control loop missed its desired rate of 30.0000 Hz. Current loop rate is 33.3333 Hz.
[component_container_isolated-2] [WARN] [1780417442.958645659] [controller_server]: Control loop missed its desired rate of 30.0000 Hz. Current loop rate is 25.0000 Hz.
[component_container_isolated-2] [WARN] [1780417443.062876891] [controller_server]: Control loop missed its desired rate of 30.0000 Hz. Current loop rate is 25.0000 Hz.
[component_container_isolated-2] [WARN] [1780417443.135550797] [controller_server]: Control loop missed its desired rate of 30.0000 Hz. Current loop rate is 25.0000 Hz.
[component_container_isolated-2] [WARN] [1780417443.173762388] [planner_server]: Planner loop missed its desired rate of 999999999.0000 Hz. Current loop rate is 3.3333 Hz
[component_container_isolated-2] [INFO] [1780417443.202357826] [controller_server]: Passing new path to controller.
[component_container_isolated-2] [WARN] [1780417443.252018589] [controller_server]: Control loop missed its desired rate of 30.0000 Hz. Current loop rate is 20.0000 Hz.
[component_container_isolated-2] [WARN] [1780417443.355611999] [controller_server]: Control loop missed its desired rate of 30.0000 Hz. Current loop rate is 33.3333 Hz.
[component_container_isolated-2] [WARN] [1780417443.559282454] [controller_server]: Control loop missed its desired rate of 30.0000 Hz. Current loop rate is 25.0000 Hz.
[component_container_isolated-2] [WARN] [1780417443.665965398] [controller_server]: Control loop missed its desired rate of 30.0000 Hz. Current loop rate is 25.0000 Hz.
[component_container_isolated-2] [WARN] [1780417443.750367739] [controller_server]: Control loop missed its desired rate of 30.0000 Hz. Current loop rate is 20.0000 Hz.
[component_container_isolated-2] [WARN] [1780417443.852912147] [controller_server]: Control loop missed its desired rate of 30.0000 Hz. Current loop rate is 33.3333 Hz.
[component_container_isolated-2] [WARN] [1780417444.357649425] [controller_server]: Control loop missed its desired rate of 30.0000 Hz. Current loop rate is 25.0000 Hz.
[component_container_isolated-2] [WARN] [1780417444.462539928] [controller_server]: Control loop missed its desired rate of 30.0000 Hz. Current loop rate is 25.0000 Hz.
[component_container_isolated-2] [WARN] [1780417444.554309383] [controller_server]: Control loop missed its desired rate of 30.0000 Hz. Current loop rate is 16.6667 Hz.
[component_container_isolated-2] [WARN] [1780417444.559679865] [planner_server]: Planner loop missed its desired rate of 999999999.0000 Hz. Current loop rate is 2.7027 Hz
[component_container_isolated-2] [INFO] [1780417444.587852933] [controller_server]: Passing new path to controller.
[component_container_isolated-2] [WARN] [1780417444.859128803] [controller_server]: Control loop missed its desired rate of 30.0000 Hz. Current loop rate is 25.0000 Hz.
[component_container_isolated-2] [WARN] [1780417445.060320964] [controller_server]: Control loop missed its desired rate of 30.0000 Hz. Current loop rate is 25.0000 Hz.
[component_container_isolated-2] [WARN] [1780417445.153410453] [controller_server]: Control loop missed its desired rate of 30.0000 Hz. Current loop rate is 16.6667 Hz.
[component_container_isolated-2] [WARN] [1780417445.259537619] [controller_server]: Control loop missed its desired rate of 30.0000 Hz. Current loop rate is 25.0000 Hz.
[component_container_isolated-2] [WARN] [1780417445.364939736] [controller_server]: Control loop missed its desired rate of 30.0000 Hz. Current loop rate is 25.0000 Hz.
[component_container_isolated-2] [WARN] [1780417445.452293464] [controller_server]: Control loop missed its desired rate of 30.0000 Hz. Current loop rate is 20.0000 Hz.
[component_container_isolated-2] [WARN] [1780417445.555054714] [controller_server]: Control loop missed its desired rate of 30.0000 Hz. Current loop rate is 33.3333 Hz.
[component_container_isolated-2] [WARN] [1780417445.660203478] [controller_server]: Control loop missed its desired rate of 30.0000 Hz. Current loop rate is 25.0000 Hz.
[component_container_isolated-2] [WARN] [1780417445.756270653] [controller_server]: Control loop missed its desired rate of 30.0000 Hz. Current loop rate is 16.6667 Hz.
[robot_mission_runner-4] [INFO] [1780417445.797033003] [robot_mission_runner]: Pose: (-42.33, -27.39), Elapsed: 15s, ETA: 48s, Dist remaining: 72.35m
[component_container_isolated-2] [WARN] [1780417445.861661390] [controller_server]: Control loop missed its desired rate of 30.0000 Hz. Current loop rate is 25.0000 Hz.
[component_container_isolated-2] [WARN] [1780417445.954488736] [controller_server]: Control loop missed its desired rate of 30.0000 Hz. Current loop rate is 16.6667 Hz.
[component_container_isolated-2] [WARN] [1780417445.973029462] [planner_server]: Planner loop missed its desired rate of 999999999.0000 Hz. Current loop rate is 2.5000 Hz
[component_container_isolated-2] [INFO] [1780417446.021317382] [controller_server]: Passing new path to controller.
[component_container_isolated-2] [WARN] [1780417446.060868185] [controller_server]: Control loop missed its desired rate of 30.0000 Hz. Current loop rate is 25.0000 Hz.
[component_container_isolated-2] [WARN] [1780417446.157675659] [controller_server]: Control loop missed its desired rate of 30.0000 Hz. Current loop rate is 14.2857 Hz.
[component_container_isolated-2] [WARN] [1780417446.260976993] [controller_server]: Control loop missed its desired rate of 30.0000 Hz. Current loop rate is 25.0000 Hz.
[component_container_isolated-2] [WARN] [1780417446.349813839] [controller_server]: Control loop missed its desired rate of 30.0000 Hz. Current loop rate is 16.6667 Hz.
[component_container_isolated-2] [WARN] [1780417446.449948530] [controller_server]: Control loop missed its desired rate of 30.0000 Hz. Current loop rate is 33.3333 Hz.
[component_container_isolated-2] [WARN] [1780417446.750153802] [controller_server]: Control loop missed its desired rate of 30.0000 Hz. Current loop rate is 33.3333 Hz.
[component_container_isolated-2] [WARN] [1780417447.053890454] [controller_server]: Control loop missed its desired rate of 30.0000 Hz. Current loop rate is 33.3333 Hz.
[component_container_isolated-2] [WARN] [1780417447.158712945] [controller_server]: Control loop missed its desired rate of 30.0000 Hz. Current loop rate is 25.0000 Hz.
[component_container_isolated-2] [WARN] [1780417447.236637162] [planner_server]: Planner loop missed its desired rate of 999999999.0000 Hz. Current loop rate is 4.1667 Hz
[component_container_isolated-2] [INFO] [1780417447.258866475] [controller_server]: Passing new path to controller.
[component_container_isolated-2] [WARN] [1780417448.386577723] [planner_server]: Planner loop missed its desired rate of 999999999.0000 Hz. Current loop rate is 8.3333 Hz
[component_container_isolated-2] [INFO] [1780417448.425519312] [controller_server]: Passing new path to controller.
[component_container_isolated-2] [WARN] [1780417449.060676936] [controller_server]: Control loop missed its desired rate of 30.0000 Hz. Current loop rate is 25.0000 Hz.
[component_container_isolated-2] [WARN] [1780417449.151041256] [controller_server]: Control loop missed its desired rate of 30.0000 Hz. Current loop rate is 16.6667 Hz.
[component_container_isolated-2] [WARN] [1780417449.253214749] [controller_server]: Control loop missed its desired rate of 30.0000 Hz. Current loop rate is 33.3333 Hz.
[component_container_isolated-2] [WARN] [1780417449.358008758] [controller_server]: Control loop missed its desired rate of 30.0000 Hz. Current loop rate is 25.0000 Hz.
[component_container_isolated-2] [WARN] [1780417449.512987833] [planner_server]: Planner loop missed its desired rate of 999999999.0000 Hz. Current loop rate is 9.0909 Hz
[component_container_isolated-2] [INFO] [1780417449.558124700] [controller_server]: Passing new path to controller.
[component_container_isolated-2] [WARN] [1780417450.661422179] [controller_server]: Control loop missed its desired rate of 30.0000 Hz. Current loop rate is 25.0000 Hz.
[component_container_isolated-2] [WARN] [1780417450.755429367] [controller_server]: Control loop missed its desired rate of 30.0000 Hz. Current loop rate is 16.6667 Hz.
[robot_mission_runner-4] [INFO] [1780417450.809216803] [robot_mission_runner]: Pose: (-42.43, -34.88), Elapsed: 20s, ETA: 42s, Dist remaining: 64.48m
[component_container_isolated-2] [WARN] [1780417450.836112336] [planner_server]: Planner loop missed its desired rate of 999999999.0000 Hz. Current loop rate is 3.4483 Hz
[component_container_isolated-2] [WARN] [1780417450.860284164] [controller_server]: Control loop missed its desired rate of 30.0000 Hz. Current loop rate is 25.0000 Hz.
[component_container_isolated-2] [INFO] [1780417450.860375981] [controller_server]: Passing new path to controller.
[component_container_isolated-2] [WARN] [1780417450.957474904] [controller_server]: Control loop missed its desired rate of 30.0000 Hz. Current loop rate is 16.6667 Hz.
[component_container_isolated-2] [WARN] [1780417451.064232457] [controller_server]: Control loop missed its desired rate of 30.0000 Hz. Current loop rate is 25.0000 Hz.
[component_container_isolated-2] [WARN] [1780417451.159028682] [controller_server]: Control loop missed its desired rate of 30.0000 Hz. Current loop rate is 14.2857 Hz.
[component_container_isolated-2] [WARN] [1780417451.267332432] [controller_server]: Control loop missed its desired rate of 30.0000 Hz. Current loop rate is 25.0000 Hz.
[component_container_isolated-2] [WARN] [1780417451.354976085] [controller_server]: Control loop missed its desired rate of 30.0000 Hz. Current loop rate is 16.6667 Hz.
[component_container_isolated-2] [WARN] [1780417451.458388391] [controller_server]: Control loop missed its desired rate of 30.0000 Hz. Current loop rate is 25.0000 Hz.
[component_container_isolated-2] [WARN] [1780417451.561411668] [controller_server]: Control loop missed its desired rate of 30.0000 Hz. Current loop rate is 25.0000 Hz.
[vlm_node-3] [INFO] [1780417451.591408694] [vlm_node]: Completed prompt: "Check if there are any small hazards on the ground that would cause harm to the robot if it navigated over it OR the area is blocked by large objects that make it impassable. If so respond only yes. Otherwise, respond no." with response: False
[vlm_node-3] [INFO] [1780417451.591912970] [vlm_node]: VLM_QUERY|QueryBool|success|45.29|1|
[component_container_isolated-2] [WARN] [1780417451.655027566] [controller_server]: Control loop missed its desired rate of 30.0000 Hz. Current loop rate is 16.6667 Hz.
[component_container_isolated-2] [WARN] [1780417451.856413308] [controller_server]: Control loop missed its desired rate of 30.0000 Hz. Current loop rate is 33.3333 Hz.
[component_container_isolated-2] [WARN] [1780417451.959504103] [controller_server]: Control loop missed its desired rate of 30.0000 Hz. Current loop rate is 25.0000 Hz.
[component_container_isolated-2] [WARN] [1780417452.062229097] [planner_server]: Planner loop missed its desired rate of 999999999.0000 Hz. Current loop rate is 5.0000 Hz
[component_container_isolated-2] [WARN] [1780417452.066528917] [controller_server]: Control loop missed its desired rate of 30.0000 Hz. Current loop rate is 25.0000 Hz.
[component_container_isolated-2] [INFO] [1780417452.099993537] [controller_server]: Passing new path to controller.
[component_container_isolated-2] [WARN] [1780417452.158170339] [controller_server]: Control loop missed its desired rate of 30.0000 Hz. Current loop rate is 14.2857 Hz.
[component_container_isolated-2] [WARN] [1780417452.463486290] [controller_server]: Control loop missed its desired rate of 30.0000 Hz. Current loop rate is 25.0000 Hz.
[component_container_isolated-2] [WARN] [1780417452.555583239] [controller_server]: Control loop missed its desired rate of 30.0000 Hz. Current loop rate is 16.6667 Hz.
[component_container_isolated-2] [WARN] [1780417452.660634818] [controller_server]: Control loop missed its desired rate of 30.0000 Hz. Current loop rate is 25.0000 Hz.
[component_container_isolated-2] [WARN] [1780417452.753058118] [controller_server]: Control loop missed its desired rate of 30.0000 Hz. Current loop rate is 16.6667 Hz.
[component_container_isolated-2] [WARN] [1780417452.853178534] [controller_server]: Control loop missed its desired rate of 30.0000 Hz. Current loop rate is 33.3333 Hz.
[component_container_isolated-2] [WARN] [1780417452.955482560] [controller_server]: Control loop missed its desired rate of 30.0000 Hz. Current loop rate is 33.3333 Hz.
[component_container_isolated-2] [WARN] [1780417453.058002719] [controller_server]: Control loop missed its desired rate of 30.0000 Hz. Current loop rate is 25.0000 Hz.
[component_container_isolated-2] [WARN] [1780417453.160574536] [controller_server]: Control loop missed its desired rate of 30.0000 Hz. Current loop rate is 25.0000 Hz.
[component_container_isolated-2] [WARN] [1780417453.242268983] [controller_server]: Control loop missed its desired rate of 30.0000 Hz. Current loop rate is 20.0000 Hz.
[component_container_isolated-2] [WARN] [1780417453.502637321] [planner_server]: Planner loop missed its desired rate of 999999999.0000 Hz. Current loop rate is 2.3256 Hz
[component_container_isolated-2] [WARN] [1780417453.550150630] [controller_server]: Control loop missed its desired rate of 30.0000 Hz. Current loop rate is 20.0000 Hz.
[component_container_isolated-2] [INFO] [1780417453.550220158] [controller_server]: Passing new path to controller.
[component_container_isolated-2] [WARN] [1780417454.050321747] [controller_server]: Control loop missed its desired rate of 30.0000 Hz. Current loop rate is 25.0000 Hz.
[component_container_isolated-2] [WARN] [1780417454.153565484] [controller_server]: Control loop missed its desired rate of 30.0000 Hz. Current loop rate is 25.0000 Hz.
[component_container_isolated-2] [WARN] [1780417454.859267068] [planner_server]: Planner loop missed its desired rate of 999999999.0000 Hz. Current loop rate is 3.0303 Hz
[component_container_isolated-2] [INFO] [1780417454.887059324] [controller_server]: Passing new path to controller.
[robot_mission_runner-4] [INFO] [1780417455.824278347] [robot_mission_runner]: Pose: (-42.43, -42.40), Elapsed: 25s, ETA: 37s, Dist remaining: 56.95m
[component_container_isolated-2] [WARN] [1780417456.088665127] [planner_server]: Planner loop missed its desired rate of 999999999.0000 Hz. Current loop rate is 4.7619 Hz
[component_container_isolated-2] [INFO] [1780417456.120394384] [controller_server]: Passing new path to controller.
[component_container_isolated-2] [WARN] [1780417457.504431039] [planner_server]: Planner loop missed its desired rate of 999999999.0000 Hz. Current loop rate is 2.5000 Hz
[component_container_isolated-2] [INFO] [1780417457.553722226] [controller_server]: Passing new path to controller.
[component_container_isolated-2] [WARN] [1780417459.020875308] [planner_server]: Planner loop missed its desired rate of 999999999.0000 Hz. Current loop rate is 2.0408 Hz
[component_container_isolated-2] [INFO] [1780417459.053727372] [controller_server]: Passing new path to controller.
[component_container_isolated-2] [WARN] [1780417459.655463328] [controller_server]: Control loop missed its desired rate of 30.0000 Hz. Current loop rate is 33.3333 Hz.
[component_container_isolated-2] [WARN] [1780417460.314093265] [planner_server]: Planner loop missed its desired rate of 999999999.0000 Hz. Current loop rate is 3.7037 Hz
[component_container_isolated-2] [INFO] [1780417460.355596408] [controller_server]: Passing new path to controller.
[robot_mission_runner-4] [INFO] [1780417460.841095530] [robot_mission_runner]: Pose: (-40.20, -49.15), Elapsed: 30s, ETA: 32s, Dist remaining: 49.24m
[component_container_isolated-2] [WARN] [1780417461.366380908] [planner_server]: Planner loop missed its desired rate of 999999999.0000 Hz. Current loop rate is 50.0000 Hz
[component_container_isolated-2] [INFO] [1780417461.388910000] [controller_server]: Passing new path to controller.
[component_container_isolated-2] [WARN] [1780417462.434633435] [planner_server]: Planner loop missed its desired rate of 999999999.0000 Hz. Current loop rate is 25.0000 Hz
[component_container_isolated-2] [INFO] [1780417462.455583080] [controller_server]: Passing new path to controller.
[component_container_isolated-2] [WARN] [1780417463.539206766] [planner_server]: Planner loop missed its desired rate of 999999999.0000 Hz. Current loop rate is 12.5000 Hz
[component_container_isolated-2] [INFO] [1780417463.555594508] [controller_server]: Passing new path to controller.
[component_container_isolated-2] [WARN] [1780417464.613367434] [planner_server]: Planner loop missed its desired rate of 999999999.0000 Hz. Current loop rate is 20.0000 Hz
[component_container_isolated-2] [INFO] [1780417464.655604434] [controller_server]: Passing new path to controller.
[component_container_isolated-2] [WARN] [1780417465.788262177] [planner_server]: Planner loop missed its desired rate of 999999999.0000 Hz. Current loop rate is 6.6667 Hz
[component_container_isolated-2] [INFO] [1780417465.822279806] [controller_server]: Passing new path to controller.
[robot_mission_runner-4] [INFO] [1780417465.851937358] [robot_mission_runner]: Pose: (-32.94, -50.37), Elapsed: 35s, ETA: 28s, Dist remaining: 42.28m
[component_container_isolated-2] [WARN] [1780417467.158758698] [planner_server]: Planner loop missed its desired rate of 999999999.0000 Hz. Current loop rate is 2.7778 Hz
[component_container_isolated-2] [INFO] [1780417467.188934605] [controller_server]: Passing new path to controller.
[component_container_isolated-2] [WARN] [1780417468.426865174] [planner_server]: Planner loop missed its desired rate of 999999999.0000 Hz. Current loop rate is 4.0000 Hz
[component_container_isolated-2] [INFO] [1780417468.455591001] [controller_server]: Passing new path to controller.
[component_container_isolated-2] [WARN] [1780417469.587549190] [planner_server]: Planner loop missed its desired rate of 999999999.0000 Hz. Current loop rate is 7.6923 Hz
[component_container_isolated-2] [INFO] [1780417469.622264319] [controller_server]: Passing new path to controller.
[robot_mission_runner-4] [INFO] [1780417470.868431669] [robot_mission_runner]: Pose: (-25.41, -50.37), Elapsed: 40s, ETA: 23s, Dist remaining: 34.67m
[component_container_isolated-2] [WARN] [1780417470.948769171] [planner_server]: Planner loop missed its desired rate of 999999999.0000 Hz. Current loop rate is 2.8571 Hz
[component_container_isolated-2] [INFO] [1780417470.988928417] [controller_server]: Passing new path to controller.
[component_container_isolated-2] [WARN] [1780417472.186670716] [planner_server]: Planner loop missed its desired rate of 999999999.0000 Hz. Current loop rate is 4.5455 Hz
[component_container_isolated-2] [INFO] [1780417472.222259069] [controller_server]: Passing new path to controller.
[vlm_node-3] [INFO] [1780417472.682026244] [vlm_node]: Completed prompt: "Check if there are any small hazards on the ground that would cause harm to the robot if it navigated over it OR the area is blocked by large objects that make it impassable. If so respond only yes. Otherwise, respond no." with response: False
[vlm_node-3] [INFO] [1780417472.682482771] [vlm_node]: VLM_QUERY|QueryBool|success|56.10|1|
[component_container_isolated-2] [WARN] [1780417473.339741462] [planner_server]: Planner loop missed its desired rate of 999999999.0000 Hz. Current loop rate is 7.6923 Hz
[component_container_isolated-2] [INFO] [1780417473.355585308] [controller_server]: Passing new path to controller.
[component_container_isolated-2] [WARN] [1780417474.444342694] [planner_server]: Planner loop missed its desired rate of 999999999.0000 Hz. Current loop rate is 12.5000 Hz
[component_container_isolated-2] [INFO] [1780417474.488916125] [controller_server]: Passing new path to controller.
[component_container_isolated-2] [WARN] [1780417475.562649499] [planner_server]: Planner loop missed its desired rate of 999999999.0000 Hz. Current loop rate is 10.0000 Hz
[component_container_isolated-2] [INFO] [1780417475.588928763] [controller_server]: Passing new path to controller.
[robot_mission_runner-4] [INFO] [1780417475.882259450] [robot_mission_runner]: Pose: (-17.96, -50.86), Elapsed: 45s, ETA: 18s, Dist remaining: 27.18m
[component_container_isolated-2] [WARN] [1780417476.585029943] [planner_server]: Planner loop missed its desired rate of 999999999.0000 Hz. Current loop rate is 50.0000 Hz
[component_container_isolated-2] [INFO] [1780417476.622251109] [controller_server]: Passing new path to controller.
[robot_mission_runner-4] [INFO] [1780417480.894349205] [robot_mission_runner]: Pose: (-10.43, -50.83), Elapsed: 50s, ETA: 13s, Dist remaining: 19.70m
[component_container_isolated-2] [WARN] [1780417485.605044208] [planner_server]: GridBased plugin failed to plan from (-15.37, -50.83) to (5.05, -59.60): "no valid path found"
[component_container_isolated-2] [WARN] [1780417485.605151215] [planner_server]: [compute_path_to_pose] [ActionServer] Aborting handle.
[component_container_isolated-2] [INFO] [1780417485.623064281] [global_costmap.global_costmap]: Received request to clear entirely the global_costmap
[component_container_isolated-2] [WARN] [1780417485.639175178] [bt_navigator_navigate_to_pose_rclcpp_node]: Node timed out while executing service call to global_costmap/clear_entirely_global_costmap.
[component_container_isolated-2] [INFO] [1780417485.655604746] [controller_server]: Cancellation was successful. Stopping the robot.
[component_container_isolated-2] [INFO] [1780417485.655655434] [controller_server]: [follow_path] [ActionServer] Client requested to cancel the goal. Cancelling.
[component_container_isolated-2] [INFO] [1780417485.656348305] [controller_server]: Optimizer reset
[component_container_isolated-2] [ERROR] [1780417485.677308875] [bt_navigator_navigate_to_pose_rclcpp_node]: Failed to get result for vlm_node/query_bool in node halt!
[component_container_isolated-2] [INFO] [1780417485.677760802] [local_costmap.local_costmap]: Received request to clear entirely the local_costmap
[component_container_isolated-2] [INFO] [1780417485.681632823] [global_costmap.global_costmap]: Received request to clear entirely the global_costmap
[component_container_isolated-2] [WARN] [1780417485.707214564] [bt_navigator_navigate_to_pose_rclcpp_node]: Node timed out while executing service call to global_costmap/clear_entirely_global_costmap.
[component_container_isolated-2] [INFO] [1780417485.708244535] [behavior_server]: Running spin
[component_container_isolated-2] [INFO] [1780417485.708320493] [behavior_server]: Turning 1.57 for spin behavior.
[robot_mission_runner-4] [INFO] [1780417485.906700222] [robot_mission_runner]: Pose: (-3.15, -51.77), Elapsed: 55s, ETA: 0s, Dist remaining: 0.00m
[component_container_isolated-2] [INFO] [1780417487.208432962] [behavior_server]: spin completed successfully
[vlm_node-3] [INFO] [1780417487.224112681] [vlm_node]: Goal received with prompt: Check if there are any small hazards on the ground that would cause harm to the robot if it navigated over it OR the area is blocked by large objects that make it impassable. If so respond only yes. Otherwise, respond no.
[vlm_node-3] [WARN] [1780417488.559161347] [vlm_node]: VLM request failed on attempt 1: Connection error.
[vlm_node-3] [INFO] [1780417488.559427679] [vlm_node]: VLM_QUERY|QueryBool|error|1.34|1|Connection error.
[vlm_node-3] [INFO] [1780417488.574301720] [vlm_node]: Goal received with prompt: Is this space too crowded by people or working machinery to move though safely? If so, respond only yes. Otherwise respond no.
[vlm_node-3] [WARN] [1780417489.764466261] [vlm_node]: VLM request failed on attempt 1: Connection error.
[vlm_node-3] [INFO] [1780417489.764772952] [vlm_node]: VLM_QUERY|QueryBool|error|1.19|1|Connection error.
[vlm_node-3] [INFO] [1780417489.784043100] [vlm_node]: Goal received with prompt: Are there any people visible in this scene? If so, respond only yes. Otherwise respond no.
[robot_mission_runner-4] [INFO] [1780417490.915896880] [robot_mission_runner]: Pose: (-2.78, -51.95), Elapsed: 60s, ETA: 0s, Dist remaining: 0.00m
[vlm_node-3] [WARN] [1780417491.048094765] [vlm_node]: VLM request failed on attempt 1: Connection error.
[vlm_node-3] [INFO] [1780417491.048400126] [vlm_node]: VLM_QUERY|QueryBool|error|1.26|1|Connection error.
[vlm_node-3] [INFO] [1780417491.063501830] [vlm_node]: Goal received with prompt: Check if there are any small hazards on the ground that would cause harm to the robot if it navigated over it OR the area is blocked by large objects that make it impassable. If so respond only yes. Otherwise, respond no.
[vlm_node-3] [WARN] [1780417492.091283410] [vlm_node]: VLM request failed on attempt 1: Connection error.
[vlm_node-3] [INFO] [1780417492.091531223] [vlm_node]: VLM_QUERY|QueryBool|error|61.44|1|Connection error.
[component_container_isolated-2] [WARN] [1780417492.135284390] [planner_server]: Planner loop missed its desired rate of 999999999.0000 Hz. Current loop rate is 0.2037 Hz
[component_container_isolated-2] [INFO] [1780417492.155080852] [controller_server]: Received a goal, begin computing control effort.
[vlm_node-3] [WARN] [1780417492.416204749] [vlm_node]: VLM request failed on attempt 1: Connection error.
[vlm_node-3] [INFO] [1780417492.416734224] [vlm_node]: VLM_QUERY|QueryBool|error|1.35|1|Connection error.
[vlm_node-3] [INFO] [1780417492.433474662] [vlm_node]: Goal received with prompt: Is this space too crowded by people or working machinery to move though safely? If so, respond only yes. Otherwise respond no.
[WARNING] [launch]: user interrupted with ctrl-c (SIGINT)
[INFO] [robot_mission_runner-4]: sending signal 'SIGINT' to process[robot_mission_runner-4]
[INFO] [vlm_node-3]: sending signal 'SIGINT' to process[vlm_node-3]
[INFO] [component_container_isolated-2]: sending signal 'SIGINT' to process[component_container_isolated-2]
[INFO] [laserscan_merger.py-1]: sending signal 'SIGINT' to process[laserscan_merger.py-1]
[robot_mission_runner-4] Traceback (most recent call last):
[robot_mission_runner-4]   File "/root/ws/install/opennav_benchmark_mission_dispatcher/lib/opennav_benchmark_mission_dispatcher/robot_mission_runner", line 33, in <module>
[robot_mission_runner-4]     sys.exit(load_entry_point('opennav-benchmark-mission-dispatcher', 'console_scripts', 'robot_mission_runner')())
[robot_mission_runner-4]              ^^^^^^^^^^^^^^^^^^^^^^^^^^^^^^^^^^^^^^^^^^^^^^^^^^^^^^^^^^^^^^^^^^^^^^^^^^^^^^^^^^^^^^^^^^^^^^^^^^^^^
[robot_mission_runner-4]   File "/root/ws/build/opennav_benchmark_mission_dispatcher/opennav_benchmark_mission_dispatcher/robot_mission_runner.py", line 209, in main
[robot_mission_runner-4]     node.run()
[robot_mission_runner-4]   File "/root/ws/build/opennav_benchmark_mission_dispatcher/opennav_benchmark_mission_dispatcher/robot_mission_runner.py", line 194, in run
[robot_mission_runner-4]     if not self.runMission():
[robot_mission_runner-4]            ^^^^^^^^^^^^^^^^^
[robot_mission_runner-4]   File "/root/ws/build/opennav_benchmark_mission_dispatcher/opennav_benchmark_mission_dispatcher/robot_mission_runner.py", line 155, in runMission
[robot_mission_runner-4]     if not self.navigateWithRetries(pick_wp, 'Navigating to pick'):
[robot_mission_runner-4]            ^^^^^^^^^^^^^^^^^^^^^^^^^^^^^^^^^^^^^^^^^^^^^^^^^^^^^^^
[robot_mission_runner-4]   File "/root/ws/build/opennav_benchmark_mission_dispatcher/opennav_benchmark_mission_dispatcher/robot_mission_runner.py", line 137, in navigateWithRetries
[robot_mission_runner-4]     if self.navigateToWaypoint(wp):
[robot_mission_runner-4]        ^^^^^^^^^^^^^^^^^^^^^^^^^^^
[robot_mission_runner-4]   File "/root/ws/build/opennav_benchmark_mission_dispatcher/opennav_benchmark_mission_dispatcher/robot_mission_runner.py", line 107, in navigateToWaypoint
[robot_mission_runner-4]     while not self.navigator.isTaskComplete() and rclpy.ok():
[robot_mission_runner-4]               ^^^^^^^^^^^^^^^^^^^^^^^^^^^^^^^
[robot_mission_runner-4]   File "/opt/ros/jazzy/lib/python3.12/site-packages/nav2_simple_commander/robot_navigator.py", line 467, in isTaskComplete
[robot_mission_runner-4]     rclpy.spin_until_future_complete(self, self.result_future, timeout_sec=0.10)
[robot_mission_runner-4]   File "/opt/ros/jazzy/lib/python3.12/site-packages/rclpy/__init__.py", line 274, in spin_until_future_complete
[component_container_isolated-2] [INFO] [1780417493.516880310] [rclcpp]: signal_handler(SIGINT/SIGTERM)
[component_container_isolated-2] [INFO] [1780417493.516983088] [map_server]: Running Nav2 LifecycleNode rcl preshutdown (map_server)
[component_container_isolated-2] [INFO] [1780417493.517043496] [map_server]: Deactivating
[component_container_isolated-2] [INFO] [1780417493.517053706] [map_server]: Destroying bond (map_server) to lifecycle manager.
[laserscan_merger.py-1] Traceback (most recent call last):
[laserscan_merger.py-1]   File "/root/ws/install/opennav_benchmark_nav2/lib/opennav_benchmark_nav2/laserscan_merger.py", line 161, in <module>
[laserscan_merger.py-1]     main()
[laserscan_merger.py-1]   File "/root/ws/install/opennav_benchmark_nav2/lib/opennav_benchmark_nav2/laserscan_merger.py", line 155, in main
[laserscan_merger.py-1]     rclpy.spin(node)
[laserscan_merger.py-1]   File "/opt/ros/jazzy/lib/python3.12/site-packages/rclpy/__init__.py", line 247, in spin
[laserscan_merger.py-1]     executor.spin_once()
[robot_mission_runner-4]     executor.spin_until_future_complete(future, timeout_sec)
[robot_mission_runner-4]   File "/opt/ros/jazzy/lib/python3.12/site-packages/rclpy/executors.py", line 393, in spin_until_future_complete
[laserscan_merger.py-1]   File "/opt/ros/jazzy/lib/python3.12/site-packages/rclpy/executors.py", line 926, in spin_once
[robot_mission_runner-4]     self._spin_once_until_future_complete(future, timeout_left)
[robot_mission_runner-4]   File "/opt/ros/jazzy/lib/python3.12/site-packages/rclpy/executors.py", line 935, in _spin_once_until_future_complete
[robot_mission_runner-4]     self._spin_once_impl(timeout_sec, future.done)
[laserscan_merger.py-1]     self._spin_once_impl(timeout_sec)
[robot_mission_runner-4]   File "/opt/ros/jazzy/lib/python3.12/site-packages/rclpy/executors.py", line 907, in _spin_once_impl
[laserscan_merger.py-1]   File "/opt/ros/jazzy/lib/python3.12/site-packages/rclpy/executors.py", line 907, in _spin_once_impl
[robot_mission_runner-4]     handler, entity, node = self.wait_for_ready_callbacks(
[robot_mission_runner-4]                             ^^^^^^^^^^^^^^^^^^^^^^^^^^^^^^
[robot_mission_runner-4]   File "/opt/ros/jazzy/lib/python3.12/site-packages/rclpy/executors.py", line 877, in wait_for_ready_callbacks
[laserscan_merger.py-1]     handler, entity, node = self.wait_for_ready_callbacks(
[laserscan_merger.py-1]                             ^^^^^^^^^^^^^^^^^^^^^^^^^^^^^^
[laserscan_merger.py-1]   File "/opt/ros/jazzy/lib/python3.12/site-packages/rclpy/executors.py", line 877, in wait_for_ready_callbacks
[robot_mission_runner-4]     return next(self._cb_iter)
[robot_mission_runner-4]            ^^^^^^^^^^^^^^^^^^^
[robot_mission_runner-4]   File "/opt/ros/jazzy/lib/python3.12/site-packages/rclpy/executors.py", line 781, in _wait_for_ready_callbacks
[laserscan_merger.py-1]     return next(self._cb_iter)
[laserscan_merger.py-1]            ^^^^^^^^^^^^^^^^^^^
[laserscan_merger.py-1]   File "/opt/ros/jazzy/lib/python3.12/site-packages/rclpy/executors.py", line 781, in _wait_for_ready_callbacks
[robot_mission_runner-4]     wait_set.wait(timeout_nsec)
[robot_mission_runner-4] KeyboardInterrupt
[laserscan_merger.py-1]     wait_set.wait(timeout_nsec)
[laserscan_merger.py-1] KeyboardInterrupt
[component_container_isolated-2] [INFO] [1780417493.527267397] [map_server]: Cleaning up
[component_container_isolated-2] [INFO] [1780417493.527323536] [map_server]: Destroying bond (map_server) to lifecycle manager.
[component_container_isolated-2] [INFO] [1780417493.527331406] [amcl]: Running Nav2 LifecycleNode rcl preshutdown (amcl)
[component_container_isolated-2] [INFO] [1780417493.527347705] [amcl]: Deactivating
[component_container_isolated-2] [INFO] [1780417493.527364495] [amcl]: Destroying bond (amcl) to lifecycle manager.
[component_container_isolated-2] [INFO] [1780417493.537543948] [amcl]: Cleaning up
[component_container_isolated-2] [INFO] [1780417493.541184685] [amcl]: Destroying bond (amcl) to lifecycle manager.
[component_container_isolated-2] [INFO] [1780417493.541205264] [lifecycle_manager_localization]: Running Nav2 LifecycleManager rcl preshutdown (lifecycle_manager_localization)
[component_container_isolated-2] [INFO] [1780417493.541220684] [lifecycle_manager_localization]: [34m[1mTerminating bond timer...[0m[0m
[component_container_isolated-2] [INFO] [1780417493.568890574] [controller_server]: Running Nav2 LifecycleNode rcl preshutdown (controller_server)
[component_container_isolated-2] [INFO] [1780417493.568935722] [controller_server]: Deactivating
[component_container_isolated-2] [WARN] [1780417493.568943652] [controller_server]: [follow_path] [ActionServer] Requested to deactivate server but goal is still executing. Should check if action server is running before deactivating.
[component_container_isolated-2] [WARN] [1780417493.588642606] [controller_server]: [follow_path] [ActionServer] Stopping the thread per request.
[component_container_isolated-2] [WARN] [1780417493.588682715] [controller_server]: [follow_path] [ActionServer] Aborting handle.
[component_container_isolated-2] [INFO] [1780417493.588942148] [MPPIController]: Deactivated MPPI Controller: FollowPath
[component_container_isolated-2] [INFO] [1780417493.588963077] [local_costmap.local_costmap]: Deactivating
[component_container_isolated-2] [INFO] [1780417493.588992097] [local_costmap.local_costmap]: stvl_layer was deactivated.
[component_container_isolated-2] [INFO] [1780417493.593540748] [controller_server]: Destroying bond (controller_server) to lifecycle manager.
[component_container_isolated-2] [INFO] [1780417493.603696642] [controller_server]: Cleaning up
[component_container_isolated-2] [INFO] [1780417493.606175402] [planner_server]: Goal was canceled. Canceling planning action.
[component_container_isolated-2] [INFO] [1780417493.606202721] [planner_server]: [compute_path_to_pose] [ActionServer] Client requested to cancel the goal. Cancelling.
[component_container_isolated-2] [INFO] [1780417493.607010108] [MPPIController]: Cleaned up MPPI Controller: FollowPath
[component_container_isolated-2] [INFO] [1780417493.607338299] [local_costmap.local_costmap]: Cleaning up
[component_container_isolated-2] [ERROR] [1780417493.626428721] [bt_navigator_navigate_to_pose_rclcpp_node]: Failed to cancel action server for vlm_node/query_bool
[component_container_isolated-2] [ERROR] [1780417493.646551413] [bt_navigator_navigate_to_pose_rclcpp_node]: Failed to get result for vlm_node/query_bool in node halt!
[component_container_isolated-2] [WARN] [1780417493.646764137] [bt_navigator]: [navigate_to_pose] [ActionServer] Aborting handle.
[component_container_isolated-2] [ERROR] [1780417493.646860184] [bt_navigator]: Goal failed
[component_container_isolated-2] [INFO] [1780417493.662026777] [controller_server]: Destroying bond (controller_server) to lifecycle manager.
[component_container_isolated-2] [INFO] [1780417493.662041366] [smoother_server]: Running Nav2 LifecycleNode rcl preshutdown (smoother_server)
[component_container_isolated-2] [INFO] [1780417493.662057446] [smoother_server]: Deactivating
[component_container_isolated-2] [INFO] [1780417493.662065186] [smoother_server]: Deactivating smoother: path_smoother of type nav2_constrained_smoother::ConstrainedSmoother
[component_container_isolated-2] [INFO] [1780417493.662078545] [smoother_server]: Destroying bond (smoother_server) to lifecycle manager.
[component_container_isolated-2] [INFO] [1780417493.672181770] [smoother_server]: Cleaning up
[component_container_isolated-2] [INFO] [1780417493.672187910] [smoother_server]: Cleaning up smoother: path_smoother of type nav2_constrained_smoother::ConstrainedSmoother
[component_container_isolated-2] [INFO] [1780417493.681356171] [smoother_server]: Destroying bond (smoother_server) to lifecycle manager.
[component_container_isolated-2] [INFO] [1780417493.681381901] [planner_server]: Running Nav2 LifecycleNode rcl preshutdown (planner_server)
[component_container_isolated-2] [INFO] [1780417493.681405360] [planner_server]: Deactivating
[component_container_isolated-2] [INFO] [1780417493.681438209] [global_costmap.global_costmap]: Deactivating
[component_container_isolated-2] [INFO] [1780417493.681456619] [global_costmap.global_costmap]: stvl_layer was deactivated.
[component_container_isolated-2] [INFO] [1780417493.728535511] [lifecycle_manager_navigation]: [34m[1mHave not received a heartbeat from controller_server.[0m[0m
[component_container_isolated-2] [ERROR] [1780417493.728554590] [lifecycle_manager_navigation]: CRITICAL FAILURE: SERVER controller_server IS DOWN after not receiving a heartbeat for 4000 ms. Shutting down related nodes.
[component_container_isolated-2] [INFO] [1780417493.728574290] [lifecycle_manager_navigation]: [34m[1mTerminating bond timer...[0m[0m
[component_container_isolated-2] [INFO] [1780417493.728579500] [lifecycle_manager_navigation]: [34m[1mResetting managed nodes...[0m[0m
[component_container_isolated-2] [INFO] [1780417493.728583499] [lifecycle_manager_navigation]: [34m[1mDeactivating docking_server[0m[0m
[component_container_isolated-2] [INFO] [1780417493.728867601] [docking_server]: Deactivating docking_server
[vlm_node-3] [WARN] [1780417493.734656938] [vlm_node]: VLM request failed on attempt 1: Connection error.
[vlm_node-3] Failed to publish log message to rosout: publisher's context is invalid, at ./src/rcl/publisher.c:423
[vlm_node-3] [ERROR] [1780417493.735139604] [vlm_node.action_server]: Error raised in execute callback: Failed to publish feedback with an action server: feedback publisher is invalid, at ./src/rcl_action/action_server.c:1002
[vlm_node-3] Failed to publish log message to rosout: publisher's context is invalid, at ./src/rcl/publisher.c:423
[component_container_isolated-2] [INFO] [1780417493.738681525] [docking_server]: Destroying bond (docking_server) to lifecycle manager.
[vlm_node-3] Traceback (most recent call last):
[vlm_node-3]   File "/usr/local/lib/python3.12/dist-packages/httpx/_transports/default.py", line 101, in map_httpcore_exceptions
[vlm_node-3]     yield
[vlm_node-3]   File "/usr/local/lib/python3.12/dist-packages/httpx/_transports/default.py", line 250, in handle_request
[vlm_node-3]     resp = self._pool.handle_request(req)
[vlm_node-3]            ^^^^^^^^^^^^^^^^^^^^^^^^^^^^^^
[vlm_node-3]   File "/usr/local/lib/python3.12/dist-packages/httpcore/_sync/connection_pool.py", line 256, in handle_request
[vlm_node-3]     raise exc from None
[vlm_node-3]   File "/usr/local/lib/python3.12/dist-packages/httpcore/_sync/connection_pool.py", line 236, in handle_request
[vlm_node-3]     response = connection.handle_request(
[vlm_node-3]                ^^^^^^^^^^^^^^^^^^^^^^^^^^
[vlm_node-3]   File "/usr/local/lib/python3.12/dist-packages/httpcore/_sync/connection.py", line 101, in handle_request
[vlm_node-3]     raise exc
[vlm_node-3]   File "/usr/local/lib/python3.12/dist-packages/httpcore/_sync/connection.py", line 78, in handle_request
[vlm_node-3]     stream = self._connect(request)
[vlm_node-3]              ^^^^^^^^^^^^^^^^^^^^^^
[vlm_node-3]   File "/usr/local/lib/python3.12/dist-packages/httpcore/_sync/connection.py", line 124, in _connect
[vlm_node-3]     stream = self._network_backend.connect_tcp(**kwargs)
[vlm_node-3]              ^^^^^^^^^^^^^^^^^^^^^^^^^^^^^^^^^^^^^^^^^^^
[vlm_node-3]   File "/usr/local/lib/python3.12/dist-packages/httpcore/_backends/sync.py", line 207, in connect_tcp
[vlm_node-3]     with map_exceptions(exc_map):
[vlm_node-3]   File "/usr/lib/python3.12/contextlib.py", line 158, in __exit__
[vlm_node-3]     self.gen.throw(value)
[vlm_node-3]   File "/usr/local/lib/python3.12/dist-packages/httpcore/_exceptions.py", line 14, in map_exceptions
[vlm_node-3]     raise to_exc(exc) from exc
[vlm_node-3] httpcore.ConnectError: [Errno 111] Connection refused
[vlm_node-3] 
[vlm_node-3] The above exception was the direct cause of the following exception:
[vlm_node-3] 
[vlm_node-3] Traceback (most recent call last):
[vlm_node-3]   File "/usr/local/lib/python3.12/dist-packages/openai/_base_client.py", line 1037, in request
[vlm_node-3]     response = self._send_request(
[vlm_node-3]                ^^^^^^^^^^^^^^^^^^^
[vlm_node-3]   File "/usr/local/lib/python3.12/dist-packages/openai/_client.py", line 440, in _send_request
[vlm_node-3]     return self._send_with_auth_retry(request, stream=stream, **kwargs)
[vlm_node-3]            ^^^^^^^^^^^^^^^^^^^^^^^^^^^^^^^^^^^^^^^^^^^^^^^^^^^^^^^^^^^^
[vlm_node-3]   File "/usr/local/lib/python3.12/dist-packages/openai/_client.py", line 418, in _send_with_auth_retry
[vlm_node-3]     response = super()._send_request(request, stream=stream, **kwargs)
[vlm_node-3]                ^^^^^^^^^^^^^^^^^^^^^^^^^^^^^^^^^^^^^^^^^^^^^^^^^^^^^^^
[vlm_node-3]   File "/usr/local/lib/python3.12/dist-packages/openai/_base_client.py", line 964, in _send_request
[vlm_node-3]     return self._client.send(request, stream=stream, **kwargs)
[vlm_node-3]            ^^^^^^^^^^^^^^^^^^^^^^^^^^^^^^^^^^^^^^^^^^^^^^^^^^^
[vlm_node-3]   File "/usr/local/lib/python3.12/dist-packages/httpx/_client.py", line 914, in send
[vlm_node-3]     response = self._send_handling_auth(
[vlm_node-3]                ^^^^^^^^^^^^^^^^^^^^^^^^^
[vlm_node-3]   File "/usr/local/lib/python3.12/dist-packages/httpx/_client.py", line 942, in _send_handling_auth
[vlm_node-3]     response = self._send_handling_redirects(
[vlm_node-3]                ^^^^^^^^^^^^^^^^^^^^^^^^^^^^^^
[vlm_node-3]   File "/usr/local/lib/python3.12/dist-packages/httpx/_client.py", line 979, in _send_handling_redirects
[vlm_node-3]     response = self._send_single_request(request)
[vlm_node-3]                ^^^^^^^^^^^^^^^^^^^^^^^^^^^^^^^^^^
[vlm_node-3]   File "/usr/local/lib/python3.12/dist-packages/httpx/_client.py", line 1014, in _send_single_request
[vlm_node-3]     response = transport.handle_request(request)
[vlm_node-3]                ^^^^^^^^^^^^^^^^^^^^^^^^^^^^^^^^^
[vlm_node-3]   File "/usr/local/lib/python3.12/dist-packages/httpx/_transports/default.py", line 249, in handle_request
[vlm_node-3]     with map_httpcore_exceptions():
[vlm_node-3]   File "/usr/lib/python3.12/contextlib.py", line 158, in __exit__
[vlm_node-3]     self.gen.throw(value)
[vlm_node-3]   File "/usr/local/lib/python3.12/dist-packages/httpx/_transports/default.py", line 118, in map_httpcore_exceptions
[vlm_node-3]     raise mapped_exc(message) from exc
[vlm_node-3] httpx.ConnectError: [Errno 111] Connection refused
[vlm_node-3] 
[vlm_node-3] The above exception was the direct cause of the following exception:
[vlm_node-3] 
[vlm_node-3] Traceback (most recent call last):
[vlm_node-3]   File "/root/ws/build/opennav_benchmark_vlm/opennav_benchmark_vlm/vlm_node.py", line 211, in _execute
[vlm_node-3]     raw = self._client.chat(messages, timeout=self._request_timeout)
[vlm_node-3]           ^^^^^^^^^^^^^^^^^^^^^^^^^^^^^^^^^^^^^^^^^^^^^^^^^^^^^^^^^^
[vlm_node-3]   File "/root/ws/build/opennav_benchmark_vlm/opennav_benchmark_vlm/vlm_client.py", line 26, in chat
[vlm_node-3]     resp = self._client.chat.completions.create(
[vlm_node-3]            ^^^^^^^^^^^^^^^^^^^^^^^^^^^^^^^^^^^^^
[vlm_node-3]   File "/usr/local/lib/python3.12/dist-packages/openai/_utils/_utils.py", line 298, in wrapper
[vlm_node-3]     return func(*args, **kwargs)
[vlm_node-3]            ^^^^^^^^^^^^^^^^^^^^^
[vlm_node-3]   File "/usr/local/lib/python3.12/dist-packages/openai/resources/chat/completions/completions.py", line 1215, in create
[vlm_node-3]     return self._post(
[vlm_node-3]            ^^^^^^^^^^^
[vlm_node-3]   File "/usr/local/lib/python3.12/dist-packages/openai/_base_client.py", line 1332, in post
[vlm_node-3]     return cast(ResponseT, self.request(cast_to, opts, stream=stream, stream_cls=stream_cls))
[vlm_node-3]                            ^^^^^^^^^^^^^^^^^^^^^^^^^^^^^^^^^^^^^^^^^^^^^^^^^^^^^^^^^^^^^^^^^
[vlm_node-3]   File "/usr/local/lib/python3.12/dist-packages/openai/_base_client.py", line 1072, in request
[vlm_node-3]     raise APIConnectionError(request=request) from err
[vlm_node-3] openai.APIConnectionError: Connection error.
[vlm_node-3] 
[vlm_node-3] During handling of the above exception, another exception occurred:
[vlm_node-3] 
[vlm_node-3] Traceback (most recent call last):
[vlm_node-3]   File "/opt/ros/jazzy/lib/python3.12/site-packages/rclpy/action/server.py", line 360, in _execute_goal
[vlm_node-3]     execute_result = await await_or_execute(execute_callback, goal_handle)
[vlm_node-3]                      ^^^^^^^^^^^^^^^^^^^^^^^^^^^^^^^^^^^^^^^^^^^^^^^^^^^^^
[vlm_node-3]   File "/opt/ros/jazzy/lib/python3.12/site-packages/rclpy/executors.py", line 115, in await_or_execute
[vlm_node-3]     return callback(*args)
[vlm_node-3]            ^^^^^^^^^^^^^^^
[vlm_node-3]   File "/root/ws/build/opennav_benchmark_vlm/opennav_benchmark_vlm/vlm_node.py", line 133, in _exec_bool
[vlm_node-3]     return self._execute(goal_handle, BoolParser(), QueryBool.Result, QueryBool.Feedback, 'QueryBool')
[vlm_node-3]            ^^^^^^^^^^^^^^^^^^^^^^^^^^^^^^^^^^^^^^^^^^^^^^^^^^^^^^^^^^^^^^^^^^^^^^^^^^^^^^^^^^^^^^^^^^^
[vlm_node-3]   File "/root/ws/build/opennav_benchmark_vlm/opennav_benchmark_vlm/vlm_node.py", line 214, in _execute
[vlm_node-3]     self._publish_feedback(
[vlm_node-3]   File "/root/ws/build/opennav_benchmark_vlm/opennav_benchmark_vlm/vlm_node.py", line 253, in _publish_feedback
[vlm_node-3]     goal_handle.publish_feedback(fb)
[vlm_node-3]   File "/opt/ros/jazzy/lib/python3.12/site-packages/rclpy/action/server.py", line 157, in publish_feedback
[vlm_node-3]     self._action_server._handle.publish_feedback(feedback_message)
[vlm_node-3] rclpy._rclpy_pybind11.RCLError: Failed to publish feedback with an action server: feedback publisher is invalid, at ./src/rcl_action/action_server.c:1002
[vlm_node-3] [WARN] [1780417493.742229674] [vlm_node.action_server]: Goal state not set, assuming aborted. Goal ID: [ 93 142 195  66 212 181  17 223  31  36 211  20 235 146  49  91]
[vlm_node-3] Failed to publish log message to rosout: publisher's context is invalid, at ./src/rcl/publisher.c:423
[ERROR] [laserscan_merger.py-1]: process has died [pid 39, exit code -2, cmd '/root/ws/install/opennav_benchmark_nav2/lib/opennav_benchmark_nav2/laserscan_merger.py --ros-args -r __node:=laserscan_merger --params-file /root/ws/install/opennav_benchmark_nav2/share/opennav_benchmark_nav2/config/nav2_params.yaml --params-file /tmp/launch_params_4vt9mgyn'].
[vlm_node-3] The following exception was never retrieved: Failed get goal status array: feedback publisher is invalid, at ./src/rcl_action/action_server.c:1002
[component_container_isolated-2] [INFO] [1780417493.850665696] [lifecycle_manager_navigation]: [34m[1mDeactivating waypoint_follower[0m[0m
[component_container_isolated-2] [INFO] [1780417493.850801162] [waypoint_follower]: Deactivating
[component_container_isolated-2] [INFO] [1780417493.850871250] [waypoint_follower]: Destroying bond (waypoint_follower) to lifecycle manager.
[ERROR] [robot_mission_runner-4]: process has died [pid 42, exit code -2, cmd '/root/ws/install/opennav_benchmark_mission_dispatcher/lib/opennav_benchmark_mission_dispatcher/robot_mission_runner --ros-args -r __node:=robot_mission_runner --params-file /tmp/launch_params_ul22c2ud'].
[component_container_isolated-2] [INFO] [1780417493.962762604] [lifecycle_manager_navigation]: [34m[1mDeactivating bt_navigator[0m[0m
[component_container_isolated-2] [INFO] [1780417493.962935250] [bt_navigator]: Deactivating
[component_container_isolated-2] [INFO] [1780417493.962997758] [bt_navigator]: Destroying bond (bt_navigator) to lifecycle manager.
[INFO] [vlm_node-3]: process has finished cleanly [pid 41]
[component_container_isolated-2] [INFO] [1780417494.075893643] [lifecycle_manager_navigation]: [34m[1mDeactivating collision_monitor[0m[0m
[component_container_isolated-2] [INFO] [1780417494.076019349] [collision_monitor]: Deactivating
[component_container_isolated-2] [INFO] [1780417494.076074988] [collision_monitor]: Destroying bond (collision_monitor) to lifecycle manager.
[component_container_isolated-2] [INFO] [1780417494.143975302] [planner_server]: Deactivating plugin GridBased of type SmacPlannerHybrid
[component_container_isolated-2] [INFO] [1780417494.144025151] [planner_server]: Destroying bond (planner_server) to lifecycle manager.
[component_container_isolated-2] [INFO] [1780417494.154163245] [planner_server]: Cleaning up
[component_container_isolated-2] [INFO] [1780417494.170777596] [global_costmap.global_costmap]: Cleaning up
[component_container_isolated-2] [INFO] [1780417494.183665292] [planner_server]: Cleaning up plugin GridBased of type SmacPlannerHybrid
[component_container_isolated-2] [INFO] [1780417494.185300276] [planner_server]: Destroying plugin GridBased of type SmacPlannerHybrid
[component_container_isolated-2] [INFO] [1780417494.187182513] [lifecycle_manager_navigation]: [34m[1mDeactivating velocity_smoother[0m[0m
[component_container_isolated-2] [INFO] [1780417494.187302080] [velocity_smoother]: Deactivating
[component_container_isolated-2] [INFO] [1780417494.187371188] [velocity_smoother]: Destroying bond (velocity_smoother) to lifecycle manager.
[component_container_isolated-2] [INFO] [1780417494.223876818] [planner_server]: Destroying bond (planner_server) to lifecycle manager.
[component_container_isolated-2] [INFO] [1780417494.223901687] [route_server]: Running Nav2 LifecycleNode rcl preshutdown (route_server)
[component_container_isolated-2] [INFO] [1780417494.223925146] [route_server]: Deactivating
[component_container_isolated-2] [INFO] [1780417494.223941776] [route_server]: Destroying bond (route_server) to lifecycle manager.
[component_container_isolated-2] [INFO] [1780417494.234088220] [route_server]: Cleaning up
[component_container_isolated-2] [INFO] [1780417494.249361979] [route_server]: Destroying bond (route_server) to lifecycle manager.
[component_container_isolated-2] [INFO] [1780417494.249370479] [behavior_server]: Running Nav2 LifecycleNode rcl preshutdown (behavior_server)
[component_container_isolated-2] [INFO] [1780417494.249382298] [behavior_server]: Deactivating
[component_container_isolated-2] [INFO] [1780417494.249410907] [behavior_server]: Destroying bond (behavior_server) to lifecycle manager.
[component_container_isolated-2] Magick: abort due to signal 11 (SIGSEGV) "Segmentation Fault"...
[ERROR] [component_container_isolated-2]: process has died [pid 40, exit code -6, cmd '/opt/ros/jazzy/lib/rclcpp_components/component_container_isolated --ros-args --log-level info --ros-args -r __node:=nav2_container --params-file /tmp/launch_params_zn4432hu --params-file /tmp/launch_params_1aa_d60e -r /tf:=tf -r /tf_static:=tf_static'].
