ggml_cuda_init: found 1 CUDA devices (Total VRAM: 125771 MiB):
  Device 0: NVIDIA Thor, compute capability 11.0, VMM: yes, VRAM: 125771 MiB
common_download_file_single_online: HEAD failed, status: 404
no remote preset found, skipping
main: n_parallel is set to auto, using n_parallel = 4 and kv_unified = true
build_info: b9066-05ff59cb5
system_info: n_threads = 14 (n_threads_batch = 14) / 14 | CUDA : ARCHS = 1100,1210 | USE_GRAPHS = 1 | PEER_MAX_BATCH_SIZE = 128 | FA_ALL_QUANTS = 1 | CPU : NEON = 1 | ARM_FMA = 1 | FP16_VA = 1 | MATMUL_INT8 = 1 | SVE = 1 | DOTPROD = 1 | SVE_CNT = 16 | OPENMP = 1 | REPACK = 1 | 
Running without SSL
init: using 13 threads for HTTP server
start: binding port with default address family
main: loading model
srv    load_model: loading model '/root/.cache/huggingface/models--ggml-org--gemma-4-31B-it-GGUF/snapshots/fb5801c702a472691c6eba168f28af79a076fbe9/gemma-4-31B-it-Q4_K_M.gguf'
common_init_result: fitting params to device memory, for bugs during this step try to reproduce them with -fit off, or provide --verbose logs if the bug only occurs with -fit on
common_params_fit_impl: getting device memory data for initial parameters:
common_memory_breakdown_print: | memory breakdown [MiB] |  total    free     self   model   context   compute    unaccounted |
common_memory_breakdown_print: |   - CUDA0 (Thor)       | 125771 = 54431 + (42752 = 17806 +   24080 +     866) +       28587 |
common_memory_breakdown_print: |   - Host               |                    1644 =  1102 +       0 +     542                |
common_params_fit_impl: projected to use 42752 MiB of device memory vs. 54431 MiB of free device memory
common_params_fit_impl: will leave 11678 >= 1024 MiB of free device memory, no changes needed
common_fit_params: successfully fit params to free device memory
common_fit_params: fitting params to free memory took 1.17 seconds
llama_model_loader: loaded meta data with 44 key-value pairs and 833 tensors from /root/.cache/huggingface/models--ggml-org--gemma-4-31B-it-GGUF/snapshots/fb5801c702a472691c6eba168f28af79a076fbe9/gemma-4-31B-it-Q4_K_M.gguf (version GGUF V3 (latest))
llama_model_loader: Dumping metadata keys/values. Note: KV overrides do not apply in this output.
llama_model_loader: - kv   0:                       general.architecture str              = gemma4
llama_model_loader: - kv   1:                               general.type str              = model
llama_model_loader: - kv   2:                     general.sampling.top_k i32              = 64
llama_model_loader: - kv   3:                     general.sampling.top_p f32              = 0.950000
llama_model_loader: - kv   4:                      general.sampling.temp f32              = 1.000000
llama_model_loader: - kv   5:                         general.size_label str              = 31B
llama_model_loader: - kv   6:                            general.license str              = apache-2.0
llama_model_loader: - kv   7:                       general.license.link str              = https://ai.google.dev/gemma/docs/gemm...
llama_model_loader: - kv   8:                               general.tags arr[str,1]       = ["image-text-to-text"]
llama_model_loader: - kv   9:                         gemma4.block_count u32              = 60
llama_model_loader: - kv  10:                      gemma4.context_length u32              = 262144
llama_model_loader: - kv  11:                    gemma4.embedding_length u32              = 5376
llama_model_loader: - kv  12:                 gemma4.feed_forward_length u32              = 21504
llama_model_loader: - kv  13:                gemma4.attention.head_count u32              = 32
llama_model_loader: - kv  14:             gemma4.attention.head_count_kv arr[i32,60]      = [16, 16, 16, 16, 16, 4, 16, 16, 16, 1...
llama_model_loader: - kv  15:                      gemma4.rope.freq_base f32              = 1000000.000000
llama_model_loader: - kv  16:                  gemma4.rope.freq_base_swa f32              = 10000.000000
llama_model_loader: - kv  17:    gemma4.attention.layer_norm_rms_epsilon f32              = 0.000001
llama_model_loader: - kv  18:                gemma4.attention.key_length u32              = 512
llama_model_loader: - kv  19:              gemma4.attention.value_length u32              = 512
llama_model_loader: - kv  20:             gemma4.final_logit_softcapping f32              = 30.000000
llama_model_loader: - kv  21:            gemma4.attention.sliding_window u32              = 1024
llama_model_loader: - kv  22:          gemma4.attention.shared_kv_layers u32              = 0
llama_model_loader: - kv  23:    gemma4.embedding_length_per_layer_input u32              = 0
llama_model_loader: - kv  24:    gemma4.attention.sliding_window_pattern arr[bool,60]     = [true, true, true, true, true, false,...
llama_model_loader: - kv  25:            gemma4.attention.key_length_swa u32              = 256
llama_model_loader: - kv  26:          gemma4.attention.value_length_swa u32              = 256
llama_model_loader: - kv  27:                gemma4.rope.dimension_count u32              = 512
llama_model_loader: - kv  28:            gemma4.rope.dimension_count_swa u32              = 256
llama_model_loader: - kv  29:                       tokenizer.ggml.model str              = gemma4
llama_model_loader: - kv  30:                      tokenizer.ggml.tokens arr[str,262144]  = ["<pad>", "<eos>", "<bos>", "<unk>", ...
llama_model_loader: - kv  31:                      tokenizer.ggml.scores arr[f32,262144]  = [-1000.000000, -1000.000000, -1000.00...
llama_model_loader: - kv  32:                  tokenizer.ggml.token_type arr[i32,262144]  = [3, 3, 3, 3, 3, 1, 1, 1, 1, 1, 1, 1, ...
llama_model_loader: - kv  33:                      tokenizer.ggml.merges arr[str,514906]  = ["\n\n\n\n\n\n\n\n\n\n\n\n\n\n\n\n\n\n\n\n\n\n\n\n\n\n\n\n\n\n \n", ...
llama_model_loader: - kv  34:                tokenizer.ggml.bos_token_id u32              = 2
llama_model_loader: - kv  35:                tokenizer.ggml.eos_token_id u32              = 1
llama_model_loader: - kv  36:            tokenizer.ggml.unknown_token_id u32              = 3
llama_model_loader: - kv  37:            tokenizer.ggml.padding_token_id u32              = 0
llama_model_loader: - kv  38:               tokenizer.ggml.mask_token_id u32              = 4
llama_model_loader: - kv  39:                    tokenizer.chat_template str              = {%- macro format_parameters(propertie...
llama_model_loader: - kv  40:            tokenizer.ggml.add_space_prefix bool             = false
llama_model_loader: - kv  41:               tokenizer.ggml.add_bos_token bool             = true
llama_model_loader: - kv  42:               general.quantization_version u32              = 2
llama_model_loader: - kv  43:                          general.file_type u32              = 15
llama_model_loader: - type  f32:  422 tensors
llama_model_loader: - type q4_K:  355 tensors
llama_model_loader: - type q6_K:   56 tensors
print_info: file format = GGUF V3 (latest)
print_info: file type   = Q4_K - Medium
print_info: file size   = 17.39 GiB (4.87 BPW) 
llama_prepare_model_devices: using device CUDA0 (NVIDIA Thor) (0000:01:00.0) - 54428 MiB free
load: 0 unused tokens
load: control-looking token:    212 '</s>' was not control-type; this is probably a bug in the model. its type will be overridden
load: control-looking token:     50 '<|tool_response>' was not control-type; this is probably a bug in the model. its type will be overridden
load: printing all EOG tokens:
load:   - 1 ('<eos>')
load:   - 50 ('<|tool_response>')
load:   - 106 ('<turn|>')
load:   - 212 ('</s>')
load: special_eog_ids contains '<|tool_response>', removing '</s>' token from EOG list
load: special tokens cache size = 24
load: token to piece cache size = 1.9445 MB
print_info: arch                  = gemma4
print_info: vocab_only            = 0
print_info: no_alloc              = 0
print_info: n_ctx_train           = 262144
print_info: n_embd                = 5376
print_info: n_embd_inp            = 5376
print_info: n_layer               = 60
print_info: n_head                = 32
print_info: n_head_kv             = [16, 16, 16, 16, 16, 4, 16, 16, 16, 16, 16, 4, 16, 16, 16, 16, 16, 4, 16, 16, 16, 16, 16, 4, 16, 16, 16, 16, 16, 4, 16, 16, 16, 16, 16, 4, 16, 16, 16, 16, 16, 4, 16, 16, 16, 16, 16, 4, 16, 16, 16, 16, 16, 4, 16, 16, 16, 16, 16, 4]
print_info: n_rot                 = 512
print_info: n_swa                 = 1024
print_info: is_swa_any            = 1
print_info: n_embd_head_k         = 512
print_info: n_embd_head_v         = 512
print_info: n_gqa                 = [2, 2, 2, 2, 2, 8, 2, 2, 2, 2, 2, 8, 2, 2, 2, 2, 2, 8, 2, 2, 2, 2, 2, 8, 2, 2, 2, 2, 2, 8, 2, 2, 2, 2, 2, 8, 2, 2, 2, 2, 2, 8, 2, 2, 2, 2, 2, 8, 2, 2, 2, 2, 2, 8, 2, 2, 2, 2, 2, 8]
print_info: n_embd_k_gqa          = [4096, 4096, 4096, 4096, 4096, 2048, 4096, 4096, 4096, 4096, 4096, 2048, 4096, 4096, 4096, 4096, 4096, 2048, 4096, 4096, 4096, 4096, 4096, 2048, 4096, 4096, 4096, 4096, 4096, 2048, 4096, 4096, 4096, 4096, 4096, 2048, 4096, 4096, 4096, 4096, 4096, 2048, 4096, 4096, 4096, 4096, 4096, 2048, 4096, 4096, 4096, 4096, 4096, 2048, 4096, 4096, 4096, 4096, 4096, 2048]
print_info: n_embd_v_gqa          = [4096, 4096, 4096, 4096, 4096, 2048, 4096, 4096, 4096, 4096, 4096, 2048, 4096, 4096, 4096, 4096, 4096, 2048, 4096, 4096, 4096, 4096, 4096, 2048, 4096, 4096, 4096, 4096, 4096, 2048, 4096, 4096, 4096, 4096, 4096, 2048, 4096, 4096, 4096, 4096, 4096, 2048, 4096, 4096, 4096, 4096, 4096, 2048, 4096, 4096, 4096, 4096, 4096, 2048, 4096, 4096, 4096, 4096, 4096, 2048]
print_info: f_norm_eps            = 0.0e+00
print_info: f_norm_rms_eps        = 1.0e-06
print_info: f_clamp_kqv           = 0.0e+00
print_info: f_max_alibi_bias      = 0.0e+00
print_info: f_logit_scale         = 0.0e+00
print_info: f_attn_scale          = 1.0e+00
print_info: f_attn_value_scale    = 0.0000
print_info: n_ff                  = 21504
print_info: n_expert              = 0
print_info: n_expert_used         = 0
print_info: n_expert_groups       = 0
print_info: n_group_used          = 0
print_info: causal attn           = 1
print_info: pooling type          = -1
print_info: rope type             = 2
print_info: rope scaling          = linear
print_info: freq_base_train       = 1000000.0
print_info: freq_scale_train      = 1
print_info: freq_base_swa         = 10000.0
print_info: freq_scale_swa        = 1
print_info: n_embd_head_k_swa     = 256
print_info: n_embd_head_v_swa     = 256
print_info: n_rot_swa             = 256
print_info: n_ctx_orig_yarn       = 262144
print_info: rope_yarn_log_mul     = 0.0000
print_info: rope_finetuned        = unknown
print_info: model type            = 31B
print_info: model params          = 30.70 B
print_info: general.name          = n/a
print_info: vocab type            = BPE
print_info: n_vocab               = 262144
print_info: n_merges              = 514906
print_info: BOS token             = 2 '<bos>'
print_info: EOS token             = 1 '<eos>'
print_info: UNK token             = 3 '<unk>'
print_info: PAD token             = 0 '<pad>'
print_info: MASK token            = 4 '<mask>'
print_info: LF token              = 107 '
'
print_info: EOG token             = 1 '<eos>'
print_info: EOG token             = 50 '<|tool_response>'
print_info: EOG token             = 106 '<turn|>'
print_info: max token length      = 93
load_tensors: loading model tensors, this can take a while... (mmap = true, direct_io = false)
load_tensors: offloading output layer to GPU
load_tensors: offloading 59 repeating layers to GPU
load_tensors: offloaded 61/61 layers to GPU
load_tensors:   CPU_Mapped model buffer size =  1102.50 MiB
load_tensors:        CUDA0 model buffer size = 17806.35 MiB
...........................................................................................
common_init_result: added <eos> logit bias = -inf
common_init_result: added <|tool_response> logit bias = -inf
common_init_result: added <turn|> logit bias = -inf
llama_context: constructing llama_context
llama_context: n_seq_max     = 4
llama_context: n_ctx         = 262144
llama_context: n_ctx_seq     = 262144
llama_context: n_batch       = 2048
llama_context: n_ubatch      = 512
llama_context: causal_attn   = 1
llama_context: flash_attn    = auto
llama_context: kv_unified    = true
llama_context: freq_base     = 1000000.0
llama_context: freq_scale    = 1
llama_context:  CUDA_Host  output buffer size =     4.00 MiB
llama_kv_cache_iswa: creating non-SWA KV cache, size = 262144 cells
llama_kv_cache:      CUDA0 KV buffer size = 20480.00 MiB
llama_kv_cache: size = 20480.00 MiB (262144 cells,  10 layers,  4/1 seqs), K (f16): 10240.00 MiB, V (f16): 10240.00 MiB
llama_kv_cache: attn_rot_k = 0, n_embd_head_k_all = 512
llama_kv_cache: attn_rot_v = 0, n_embd_head_k_all = 512
llama_kv_cache_iswa: creating     SWA KV cache, size = 4608 cells
llama_kv_cache:      CUDA0 KV buffer size =  3600.00 MiB
llama_kv_cache: size = 3600.00 MiB (  4608 cells,  50 layers,  4/1 seqs), K (f16): 1800.00 MiB, V (f16): 1800.00 MiB
llama_kv_cache: attn_rot_k = 0, n_embd_head_k_all = 256
llama_kv_cache: attn_rot_v = 0, n_embd_head_k_all = 256
sched_reserve: reserving ...
sched_reserve: Flash Attention was auto, set to enabled
sched_reserve: resolving fused Gated Delta Net support:
sched_reserve: fused Gated Delta Net (autoregressive) enabled
sched_reserve: fused Gated Delta Net (chunked) enabled
sched_reserve:      CUDA0 compute buffer size =   866.52 MiB
sched_reserve:  CUDA_Host compute buffer size =   542.02 MiB
sched_reserve: graph nodes  = 2462
sched_reserve: graph splits = 2
sched_reserve: reserve took 222.28 ms, sched copies = 1
common_init_from_params: warming up the model with an empty run - please wait ... (--no-warmup to disable)
clip_model_loader: model name:   
clip_model_loader: description:  
clip_model_loader: GGUF version: 3
clip_model_loader: alignment:    32
clip_model_loader: n_tensors:    356
clip_model_loader: n_kv:         23

clip_model_loader: has vision encoder
clip_ctx: CLIP using CUDA0 backend
load_hparams: projector:          gemma4v
load_hparams: n_embd:             1152
load_hparams: n_head:             16
load_hparams: n_ff:               4304
load_hparams: n_layer:            27
load_hparams: ffn_op:             gelu_quick
load_hparams: projection_dim:     5376

--- vision hparams ---
load_hparams: image_size:         224
load_hparams: patch_size:         16
load_hparams: has_llava_proj:     0
load_hparams: minicpmv_version:   0
load_hparams: n_merge:            3
load_hparams: n_wa_pattern: 0
load_hparams: image_min_pixels:   580608
load_hparams: image_max_pixels:   645120

load_hparams: model size:         772.02 MiB
load_hparams: metadata size:      0.12 MiB
warmup: warmup with image size = 768 x 768
alloc_compute_meta:      CUDA0 compute buffer size =   140.50 MiB
alloc_compute_meta:        CPU compute buffer size =     6.77 MiB
alloc_compute_meta: graph splits = 1, nodes = 1569
warmup: flash attention is enabled
srv    load_model: loaded multimodal model, '/root/.cache/huggingface/models--ggml-org--gemma-4-31B-it-GGUF/snapshots/fb5801c702a472691c6eba168f28af79a076fbe9/mmproj-gemma-4-31B-it-Q8_0.gguf'
srv    load_model: initializing slots, n_slots = 4
no implementations specified for speculative decoding
slot   load_model: id  0 | task -1 | new slot, n_ctx = 262144
no implementations specified for speculative decoding
slot   load_model: id  1 | task -1 | new slot, n_ctx = 262144
no implementations specified for speculative decoding
slot   load_model: id  2 | task -1 | new slot, n_ctx = 262144
no implementations specified for speculative decoding
slot   load_model: id  3 | task -1 | new slot, n_ctx = 262144
srv    load_model: prompt cache is enabled, size limit: 8192 MiB
srv    load_model: use `--cache-ram 0` to disable the prompt cache
srv    load_model: for more info see https://github.com/ggml-org/llama.cpp/pull/16391
srv          init: init: idle slots will be saved to prompt cache and cleared upon starting a new task
init: chat template, example_format: '<|turn>system
<|think|>
You are a helpful assistant<turn|>
<|turn>user
Hello<turn|>
<|turn>model
Hi there<turn|>
<|turn>user
How are you?<turn|>
<|turn>model
'
srv          init: init: chat template, thinking = 1
main: model loaded
main: server is listening on http://0.0.0.0:8080
main: starting the main loop...
srv  update_slots: all slots are idle
srv  params_from_: Chat format: peg-gemma4
slot get_availabl: id  3 | task -1 | selected slot by LRU, t_last = -1
srv  get_availabl: updating prompt cache
srv          load:  - looking for better prompt, base f_keep = -1.000, sim = 0.000
srv        update:  - cache state: 0 prompts, 0.000 MiB (limits: 8192.000 MiB, 262144 tokens, 8589934592 est)
srv  get_availabl: prompt cache update took 0.01 ms
slot launch_slot_: id  3 | task -1 | sampler chain: logits -> ?penalties -> ?dry -> ?top-n-sigma -> top-k -> ?typical -> top-p -> min-p -> ?xtc -> ?temp-ext -> dist 
slot launch_slot_: id  3 | task 0 | processing task, is_child = 0
slot update_slots: id  3 | task 0 | new prompt, n_ctx_slot = 262144, n_keep = 0, task.n_tokens = 638
slot update_slots: id  3 | task 0 | n_tokens = 0, memory_seq_rm [0, end)
slot update_slots: id  3 | task 0 | prompt processing progress, n_tokens = 122, batch.n_tokens = 122, progress = 0.191223
slot update_slots: id  3 | task 0 | n_tokens = 122, memory_seq_rm [122, end)
slot update_slots: id  3 | task 0 | prompt processing progress, n_tokens = 319, batch.n_tokens = 197, progress = 0.500000
slot create_check: id  3 | task 0 | created context checkpoint 1 of 32 (pos_min = 0, pos_max = 121, n_tokens = 122, size = 95.315 MiB)
slot update_slots: id  3 | task 0 | n_tokens = 319, memory_seq_rm [319, end)
srv  process_chun: processing image...
encoding image slice...
image slice encoded in 1084 ms
decoding image batch 1/1, n_tokens_batch = 266
sched_reserve: reserving ...
sched_reserve:      CUDA0 compute buffer size =   866.52 MiB
sched_reserve:  CUDA_Host compute buffer size =   542.02 MiB
sched_reserve: graph nodes  = 2462
sched_reserve: graph splits = 2
sched_reserve: reserve took 368.59 ms, sched copies = 1
image decoded (batch 1/1) in 735 ms
srv  process_chun: image processed in 1820 ms
slot update_slots: id  3 | task 0 | prompt processing progress, n_tokens = 634, batch.n_tokens = 49, progress = 0.993730
sched_reserve: reserving ...
sched_reserve:      CUDA0 compute buffer size =   866.52 MiB
sched_reserve:  CUDA_Host compute buffer size =   542.02 MiB
sched_reserve: graph nodes  = 2462
sched_reserve: graph splits = 2
sched_reserve: reserve took 363.75 ms, sched copies = 1
slot update_slots: id  3 | task 0 | n_tokens = 634, memory_seq_rm [634, end)
slot init_sampler: id  3 | task 0 | init sampler, took 0.13 ms, tokens: text = 372, total = 638
slot update_slots: id  3 | task 0 | prompt processing done, n_tokens = 638, batch.n_tokens = 4
slot create_check: id  3 | task 0 | created context checkpoint 2 of 32 (pos_min = 0, pos_max = 633, n_tokens = 634, size = 495.321 MiB)
slot print_timing: id  3 | task 0 | 
prompt eval time =    3917.67 ms /   638 tokens (    6.14 ms per token,   162.85 tokens per second)
       eval time =   16017.68 ms /   148 tokens (  108.23 ms per token,     9.24 tokens per second)
      total time =   19935.35 ms /   786 tokens
slot      release: id  3 | task 0 | stop processing: n_tokens = 785, truncated = 0
srv  update_slots: all slots are idle
srv  log_server_r: done request: POST /v1/chat/completions 127.0.0.1 200
srv  params_from_: Chat format: peg-gemma4
slot get_availabl: id  3 | task -1 | selected slot by LCP similarity, sim_best = 0.517 (> 0.100 thold), f_keep = 0.406
srv  get_availabl: updating prompt cache
srv   prompt_save:  - saving prompt with length 785, total state size = 674.629 MiB
srv          load:  - looking for better prompt, base f_keep = 0.406, sim = 0.517
srv        update:  - cache state: 1 prompts, 1265.265 MiB (limits: 8192.000 MiB, 262144 tokens, 262144 est)
srv        update:    - prompt 0xaaaaecae0be0:     785 tokens, checkpoints:  2,  1265.265 MiB
srv  get_availabl: prompt cache update took 88.14 ms
slot launch_slot_: id  3 | task -1 | sampler chain: logits -> ?penalties -> ?dry -> ?top-n-sigma -> top-k -> ?typical -> top-p -> min-p -> ?xtc -> ?temp-ext -> dist 
slot launch_slot_: id  3 | task 152 | processing task, is_child = 0
slot update_slots: id  3 | task 152 | new prompt, n_ctx_slot = 262144, n_keep = 0, task.n_tokens = 617
slot update_slots: id  3 | task 152 | n_past = 319, slot.prompt.tokens.size() = 785, seq_id = 3, pos_min = 0, n_swa = 1024
slot update_slots: id  3 | task 152 | Checking checkpoint with [0, 633] against 0...
slot update_slots: id  3 | task 152 | restored context checkpoint (pos_min = 0, pos_max = 633, n_tokens = 634, n_past = 319, size = 495.321 MiB)
slot update_slots: id  3 | task 152 | erased invalidated context checkpoint (pos_min = 0, pos_max = 633, n_tokens = 634, n_swa = 1024, pos_next = 319, size = 495.321 MiB)
slot update_slots: id  3 | task 152 | n_tokens = 319, memory_seq_rm [319, end)
srv  process_chun: processing image...
encoding image slice...
image slice encoded in 585 ms
decoding image batch 1/1, n_tokens_batch = 266
sched_reserve: reserving ...
sched_reserve:      CUDA0 compute buffer size =   866.52 MiB
sched_reserve:  CUDA_Host compute buffer size =   542.02 MiB
sched_reserve: graph nodes  = 2462
sched_reserve: graph splits = 2
sched_reserve: reserve took 343.67 ms, sched copies = 1
image decoded (batch 1/1) in 702 ms
srv  process_chun: image processed in 1288 ms
slot update_slots: id  3 | task 152 | prompt processing progress, n_tokens = 613, batch.n_tokens = 28, progress = 0.993517
sched_reserve: reserving ...
sched_reserve:      CUDA0 compute buffer size =   866.52 MiB
sched_reserve:  CUDA_Host compute buffer size =   542.02 MiB
sched_reserve: graph nodes  = 2462
sched_reserve: graph splits = 2
sched_reserve: reserve took 341.21 ms, sched copies = 1
slot update_slots: id  3 | task 152 | n_tokens = 613, memory_seq_rm [613, end)
slot init_sampler: id  3 | task 152 | init sampler, took 0.11 ms, tokens: text = 351, total = 617
slot update_slots: id  3 | task 152 | prompt processing done, n_tokens = 617, batch.n_tokens = 4
slot create_check: id  3 | task 152 | created context checkpoint 2 of 32 (pos_min = 0, pos_max = 612, n_tokens = 613, size = 478.914 MiB)
slot print_timing: id  3 | task 152 | 
prompt eval time =    2576.77 ms /   298 tokens (    8.65 ms per token,   115.65 tokens per second)
       eval time =   10550.69 ms /    95 tokens (  111.06 ms per token,     9.00 tokens per second)
      total time =   13127.47 ms /   393 tokens
slot      release: id  3 | task 152 | stop processing: n_tokens = 711, truncated = 0
srv  update_slots: all slots are idle
srv  log_server_r: done request: POST /v1/chat/completions 127.0.0.1 200
srv  params_from_: Chat format: peg-gemma4
slot get_availabl: id  3 | task -1 | selected slot by LCP similarity, sim_best = 0.522 (> 0.100 thold), f_keep = 0.449
srv  get_availabl: updating prompt cache
srv   prompt_save:  - saving prompt with length 711, total state size = 611.033 MiB
srv          load:  - looking for better prompt, base f_keep = 0.449, sim = 0.522
srv        update:  - cache state: 2 prompts, 2450.528 MiB (limits: 8192.000 MiB, 262144 tokens, 262144 est)
srv        update:    - prompt 0xaaaaecae0be0:     785 tokens, checkpoints:  2,  1265.265 MiB
srv        update:    - prompt 0xaaaaecae0c80:     711 tokens, checkpoints:  2,  1185.263 MiB
srv  get_availabl: prompt cache update took 73.64 ms
slot launch_slot_: id  3 | task -1 | sampler chain: logits -> ?penalties -> ?dry -> ?top-n-sigma -> top-k -> ?typical -> top-p -> min-p -> ?xtc -> ?temp-ext -> dist 
slot launch_slot_: id  3 | task 249 | processing task, is_child = 0
slot update_slots: id  3 | task 249 | new prompt, n_ctx_slot = 262144, n_keep = 0, task.n_tokens = 611
slot update_slots: id  3 | task 249 | n_past = 319, slot.prompt.tokens.size() = 711, seq_id = 3, pos_min = 0, n_swa = 1024
slot update_slots: id  3 | task 249 | Checking checkpoint with [0, 612] against 0...
slot update_slots: id  3 | task 249 | restored context checkpoint (pos_min = 0, pos_max = 612, n_tokens = 613, n_past = 319, size = 478.914 MiB)
slot update_slots: id  3 | task 249 | erased invalidated context checkpoint (pos_min = 0, pos_max = 612, n_tokens = 613, n_swa = 1024, pos_next = 319, size = 478.914 MiB)
slot update_slots: id  3 | task 249 | n_tokens = 319, memory_seq_rm [319, end)
srv  process_chun: processing image...
encoding image slice...
image slice encoded in 581 ms
decoding image batch 1/1, n_tokens_batch = 266
sched_reserve: reserving ...
sched_reserve:      CUDA0 compute buffer size =   866.52 MiB
sched_reserve:  CUDA_Host compute buffer size =   542.02 MiB
sched_reserve: graph nodes  = 2462
sched_reserve: graph splits = 2
sched_reserve: reserve took 366.10 ms, sched copies = 1
image decoded (batch 1/1) in 726 ms
srv  process_chun: image processed in 1307 ms
slot update_slots: id  3 | task 249 | prompt processing progress, n_tokens = 607, batch.n_tokens = 22, progress = 0.993453
sched_reserve: reserving ...
sched_reserve:      CUDA0 compute buffer size =   866.52 MiB
sched_reserve:  CUDA_Host compute buffer size =   542.02 MiB
sched_reserve: graph nodes  = 2462
sched_reserve: graph splits = 2
sched_reserve: reserve took 361.29 ms, sched copies = 1
slot update_slots: id  3 | task 249 | n_tokens = 607, memory_seq_rm [607, end)
slot init_sampler: id  3 | task 249 | init sampler, took 0.11 ms, tokens: text = 345, total = 611
slot update_slots: id  3 | task 249 | prompt processing done, n_tokens = 611, batch.n_tokens = 4
slot create_check: id  3 | task 249 | created context checkpoint 2 of 32 (pos_min = 0, pos_max = 606, n_tokens = 607, size = 474.227 MiB)
slot print_timing: id  3 | task 249 | 
prompt eval time =    2599.92 ms /   292 tokens (    8.90 ms per token,   112.31 tokens per second)
       eval time =    6825.30 ms /    68 tokens (  100.37 ms per token,     9.96 tokens per second)
      total time =    9425.22 ms /   360 tokens
slot      release: id  3 | task 249 | stop processing: n_tokens = 678, truncated = 0
srv  update_slots: all slots are idle
srv  log_server_r: done request: POST /v1/chat/completions 127.0.0.1 200
srv  params_from_: Chat format: peg-gemma4
slot get_availabl: id  3 | task -1 | selected slot by LCP similarity, sim_best = 0.500 (> 0.100 thold), f_keep = 0.471
srv  get_availabl: updating prompt cache
srv   prompt_save:  - saving prompt with length 678, total state size = 582.673 MiB
srv          load:  - looking for better prompt, base f_keep = 0.471, sim = 0.500
srv        update:  - cache state: 3 prompts, 3602.743 MiB (limits: 8192.000 MiB, 262144 tokens, 262144 est)
srv        update:    - prompt 0xaaaaecae0be0:     785 tokens, checkpoints:  2,  1265.265 MiB
srv        update:    - prompt 0xaaaaecae0c80:     711 tokens, checkpoints:  2,  1185.263 MiB
srv        update:    - prompt 0xaaab0a656c80:     678 tokens, checkpoints:  2,  1152.215 MiB
srv  get_availabl: prompt cache update took 78.95 ms
slot launch_slot_: id  3 | task -1 | sampler chain: logits -> ?penalties -> ?dry -> ?top-n-sigma -> top-k -> ?typical -> top-p -> min-p -> ?xtc -> ?temp-ext -> dist 
slot launch_slot_: id  3 | task 319 | processing task, is_child = 0
slot update_slots: id  3 | task 319 | new prompt, n_ctx_slot = 262144, n_keep = 0, task.n_tokens = 638
slot update_slots: id  3 | task 319 | n_past = 319, slot.prompt.tokens.size() = 678, seq_id = 3, pos_min = 0, n_swa = 1024
slot update_slots: id  3 | task 319 | Checking checkpoint with [0, 606] against 0...
slot update_slots: id  3 | task 319 | restored context checkpoint (pos_min = 0, pos_max = 606, n_tokens = 607, n_past = 319, size = 474.227 MiB)
slot update_slots: id  3 | task 319 | erased invalidated context checkpoint (pos_min = 0, pos_max = 606, n_tokens = 607, n_swa = 1024, pos_next = 319, size = 474.227 MiB)
slot update_slots: id  3 | task 319 | n_tokens = 319, memory_seq_rm [319, end)
srv  process_chun: processing image...
encoding image slice...
image slice encoded in 586 ms
decoding image batch 1/1, n_tokens_batch = 266
sched_reserve: reserving ...
sched_reserve:      CUDA0 compute buffer size =   866.52 MiB
sched_reserve:  CUDA_Host compute buffer size =   542.02 MiB
sched_reserve: graph nodes  = 2462
sched_reserve: graph splits = 2
sched_reserve: reserve took 348.35 ms, sched copies = 1
image decoded (batch 1/1) in 711 ms
srv  process_chun: image processed in 1297 ms
slot update_slots: id  3 | task 319 | prompt processing progress, n_tokens = 634, batch.n_tokens = 49, progress = 0.993730
sched_reserve: reserving ...
sched_reserve:      CUDA0 compute buffer size =   866.52 MiB
sched_reserve:  CUDA_Host compute buffer size =   542.02 MiB
sched_reserve: graph nodes  = 2462
sched_reserve: graph splits = 2
sched_reserve: reserve took 335.37 ms, sched copies = 1
slot update_slots: id  3 | task 319 | n_tokens = 634, memory_seq_rm [634, end)
slot init_sampler: id  3 | task 319 | init sampler, took 0.12 ms, tokens: text = 372, total = 638
slot update_slots: id  3 | task 319 | prompt processing done, n_tokens = 638, batch.n_tokens = 4
slot create_check: id  3 | task 319 | created context checkpoint 2 of 32 (pos_min = 0, pos_max = 633, n_tokens = 634, size = 495.321 MiB)
slot print_timing: id  3 | task 319 | 
prompt eval time =    2621.63 ms /   319 tokens (    8.22 ms per token,   121.68 tokens per second)
       eval time =   14146.44 ms /   142 tokens (   99.62 ms per token,    10.04 tokens per second)
      total time =   16768.07 ms /   461 tokens
slot      release: id  3 | task 319 | stop processing: n_tokens = 779, truncated = 0
srv  update_slots: all slots are idle
srv  log_server_r: done request: POST /v1/chat/completions 127.0.0.1 200
srv  params_from_: Chat format: peg-gemma4
slot get_availabl: id  3 | task -1 | selected slot by LCP similarity, sim_best = 0.517 (> 0.100 thold), f_keep = 0.409
srv  get_availabl: updating prompt cache
srv   prompt_save:  - saving prompt with length 779, total state size = 669.472 MiB
srv          load:  - looking for better prompt, base f_keep = 0.409, sim = 0.517
srv        update:  - cache state: 4 prompts, 4862.851 MiB (limits: 8192.000 MiB, 262144 tokens, 262144 est)
srv        update:    - prompt 0xaaaaecae0be0:     785 tokens, checkpoints:  2,  1265.265 MiB
srv        update:    - prompt 0xaaaaecae0c80:     711 tokens, checkpoints:  2,  1185.263 MiB
srv        update:    - prompt 0xaaab0a656c80:     678 tokens, checkpoints:  2,  1152.215 MiB
srv        update:    - prompt 0xaaaaf978ed20:     779 tokens, checkpoints:  2,  1260.108 MiB
srv  get_availabl: prompt cache update took 77.18 ms
slot launch_slot_: id  3 | task -1 | sampler chain: logits -> ?penalties -> ?dry -> ?top-n-sigma -> top-k -> ?typical -> top-p -> min-p -> ?xtc -> ?temp-ext -> dist 
slot launch_slot_: id  3 | task 463 | processing task, is_child = 0
slot update_slots: id  3 | task 463 | new prompt, n_ctx_slot = 262144, n_keep = 0, task.n_tokens = 617
slot update_slots: id  3 | task 463 | n_past = 319, slot.prompt.tokens.size() = 779, seq_id = 3, pos_min = 0, n_swa = 1024
slot update_slots: id  3 | task 463 | Checking checkpoint with [0, 633] against 0...
slot update_slots: id  3 | task 463 | restored context checkpoint (pos_min = 0, pos_max = 633, n_tokens = 634, n_past = 319, size = 495.321 MiB)
slot update_slots: id  3 | task 463 | erased invalidated context checkpoint (pos_min = 0, pos_max = 633, n_tokens = 634, n_swa = 1024, pos_next = 319, size = 495.321 MiB)
slot update_slots: id  3 | task 463 | n_tokens = 319, memory_seq_rm [319, end)
srv  process_chun: processing image...
encoding image slice...
image slice encoded in 580 ms
decoding image batch 1/1, n_tokens_batch = 266
sched_reserve: reserving ...
sched_reserve:      CUDA0 compute buffer size =   866.52 MiB
sched_reserve:  CUDA_Host compute buffer size =   542.02 MiB
sched_reserve: graph nodes  = 2462
sched_reserve: graph splits = 2
sched_reserve: reserve took 346.76 ms, sched copies = 1
image decoded (batch 1/1) in 703 ms
srv  process_chun: image processed in 1284 ms
slot update_slots: id  3 | task 463 | prompt processing progress, n_tokens = 613, batch.n_tokens = 28, progress = 0.993517
sched_reserve: reserving ...
sched_reserve:      CUDA0 compute buffer size =   866.52 MiB
sched_reserve:  CUDA_Host compute buffer size =   542.02 MiB
sched_reserve: graph nodes  = 2462
sched_reserve: graph splits = 2
sched_reserve: reserve took 329.70 ms, sched copies = 1
slot update_slots: id  3 | task 463 | n_tokens = 613, memory_seq_rm [613, end)
slot init_sampler: id  3 | task 463 | init sampler, took 0.11 ms, tokens: text = 351, total = 617
slot update_slots: id  3 | task 463 | prompt processing done, n_tokens = 617, batch.n_tokens = 4
slot create_check: id  3 | task 463 | created context checkpoint 2 of 32 (pos_min = 0, pos_max = 612, n_tokens = 613, size = 478.914 MiB)
slot print_timing: id  3 | task 463 | 
prompt eval time =    2561.20 ms /   298 tokens (    8.59 ms per token,   116.35 tokens per second)
       eval time =    7662.15 ms /    77 tokens (   99.51 ms per token,    10.05 tokens per second)
      total time =   10223.34 ms /   375 tokens
slot      release: id  3 | task 463 | stop processing: n_tokens = 693, truncated = 0
srv  update_slots: all slots are idle
srv  log_server_r: done request: POST /v1/chat/completions 127.0.0.1 200
srv  params_from_: Chat format: peg-gemma4
slot get_availabl: id  3 | task -1 | selected slot by LCP similarity, sim_best = 0.522 (> 0.100 thold), f_keep = 0.460
srv  get_availabl: updating prompt cache
srv   prompt_save:  - saving prompt with length 693, total state size = 595.564 MiB
srv          load:  - looking for better prompt, base f_keep = 0.460, sim = 0.522
srv        update:  - cache state: 5 prompts, 6032.645 MiB (limits: 8192.000 MiB, 262144 tokens, 262144 est)
srv        update:    - prompt 0xaaaaecae0be0:     785 tokens, checkpoints:  2,  1265.265 MiB
srv        update:    - prompt 0xaaaaecae0c80:     711 tokens, checkpoints:  2,  1185.263 MiB
srv        update:    - prompt 0xaaab0a656c80:     678 tokens, checkpoints:  2,  1152.215 MiB
srv        update:    - prompt 0xaaaaf978ed20:     779 tokens, checkpoints:  2,  1260.108 MiB
srv        update:    - prompt 0xaaaaead0fdb0:     693 tokens, checkpoints:  2,  1169.794 MiB
srv  get_availabl: prompt cache update took 80.77 ms
slot launch_slot_: id  3 | task -1 | sampler chain: logits -> ?penalties -> ?dry -> ?top-n-sigma -> top-k -> ?typical -> top-p -> min-p -> ?xtc -> ?temp-ext -> dist 
slot launch_slot_: id  3 | task 542 | processing task, is_child = 0
slot update_slots: id  3 | task 542 | new prompt, n_ctx_slot = 262144, n_keep = 0, task.n_tokens = 611
slot update_slots: id  3 | task 542 | n_past = 319, slot.prompt.tokens.size() = 693, seq_id = 3, pos_min = 0, n_swa = 1024
slot update_slots: id  3 | task 542 | Checking checkpoint with [0, 612] against 0...
slot update_slots: id  3 | task 542 | restored context checkpoint (pos_min = 0, pos_max = 612, n_tokens = 613, n_past = 319, size = 478.914 MiB)
slot update_slots: id  3 | task 542 | erased invalidated context checkpoint (pos_min = 0, pos_max = 612, n_tokens = 613, n_swa = 1024, pos_next = 319, size = 478.914 MiB)
slot update_slots: id  3 | task 542 | n_tokens = 319, memory_seq_rm [319, end)
srv  process_chun: processing image...
encoding image slice...
image slice encoded in 578 ms
decoding image batch 1/1, n_tokens_batch = 266
sched_reserve: reserving ...
sched_reserve:      CUDA0 compute buffer size =   866.52 MiB
sched_reserve:  CUDA_Host compute buffer size =   542.02 MiB
sched_reserve: graph nodes  = 2462
sched_reserve: graph splits = 2
sched_reserve: reserve took 346.69 ms, sched copies = 1
image decoded (batch 1/1) in 699 ms
srv  process_chun: image processed in 1278 ms
slot update_slots: id  3 | task 542 | prompt processing progress, n_tokens = 607, batch.n_tokens = 22, progress = 0.993453
sched_reserve: reserving ...
sched_reserve:      CUDA0 compute buffer size =   866.52 MiB
sched_reserve:  CUDA_Host compute buffer size =   542.02 MiB
sched_reserve: graph nodes  = 2462
sched_reserve: graph splits = 2
sched_reserve: reserve took 321.36 ms, sched copies = 1
slot update_slots: id  3 | task 542 | n_tokens = 607, memory_seq_rm [607, end)
slot init_sampler: id  3 | task 542 | init sampler, took 0.11 ms, tokens: text = 345, total = 611
slot update_slots: id  3 | task 542 | prompt processing done, n_tokens = 611, batch.n_tokens = 4
slot create_check: id  3 | task 542 | created context checkpoint 2 of 32 (pos_min = 0, pos_max = 606, n_tokens = 607, size = 474.227 MiB)
slot print_timing: id  3 | task 542 | 
prompt eval time =    2454.92 ms /   292 tokens (    8.41 ms per token,   118.94 tokens per second)
       eval time =    5193.54 ms /    53 tokens (   97.99 ms per token,    10.20 tokens per second)
      total time =    7648.46 ms /   345 tokens
slot      release: id  3 | task 542 | stop processing: n_tokens = 663, truncated = 0
srv  update_slots: all slots are idle
srv  log_server_r: done request: POST /v1/chat/completions 127.0.0.1 200
srv  params_from_: Chat format: peg-gemma4
slot get_availabl: id  3 | task -1 | selected slot by LCP similarity, sim_best = 0.500 (> 0.100 thold), f_keep = 0.481
srv  get_availabl: updating prompt cache
srv   prompt_save:  - saving prompt with length 663, total state size = 569.782 MiB
srv          load:  - looking for better prompt, base f_keep = 0.481, sim = 0.500
srv        update:  - cache state: 6 prompts, 7171.969 MiB (limits: 8192.000 MiB, 262144 tokens, 262144 est)
srv        update:    - prompt 0xaaaaecae0be0:     785 tokens, checkpoints:  2,  1265.265 MiB
srv        update:    - prompt 0xaaaaecae0c80:     711 tokens, checkpoints:  2,  1185.263 MiB
srv        update:    - prompt 0xaaab0a656c80:     678 tokens, checkpoints:  2,  1152.215 MiB
srv        update:    - prompt 0xaaaaf978ed20:     779 tokens, checkpoints:  2,  1260.108 MiB
srv        update:    - prompt 0xaaaaead0fdb0:     693 tokens, checkpoints:  2,  1169.794 MiB
srv        update:    - prompt 0xaaab0abd96b0:     663 tokens, checkpoints:  2,  1139.324 MiB
srv  get_availabl: prompt cache update took 79.58 ms
slot launch_slot_: id  3 | task -1 | sampler chain: logits -> ?penalties -> ?dry -> ?top-n-sigma -> top-k -> ?typical -> top-p -> min-p -> ?xtc -> ?temp-ext -> dist 
slot launch_slot_: id  3 | task 597 | processing task, is_child = 0
slot update_slots: id  3 | task 597 | new prompt, n_ctx_slot = 262144, n_keep = 0, task.n_tokens = 638
slot update_slots: id  3 | task 597 | n_past = 319, slot.prompt.tokens.size() = 663, seq_id = 3, pos_min = 0, n_swa = 1024
slot update_slots: id  3 | task 597 | Checking checkpoint with [0, 606] against 0...
slot update_slots: id  3 | task 597 | restored context checkpoint (pos_min = 0, pos_max = 606, n_tokens = 607, n_past = 319, size = 474.227 MiB)
slot update_slots: id  3 | task 597 | erased invalidated context checkpoint (pos_min = 0, pos_max = 606, n_tokens = 607, n_swa = 1024, pos_next = 319, size = 474.227 MiB)
slot update_slots: id  3 | task 597 | n_tokens = 319, memory_seq_rm [319, end)
srv  process_chun: processing image...
encoding image slice...
image slice encoded in 580 ms
decoding image batch 1/1, n_tokens_batch = 266
sched_reserve: reserving ...
sched_reserve:      CUDA0 compute buffer size =   866.52 MiB
sched_reserve:  CUDA_Host compute buffer size =   542.02 MiB
sched_reserve: graph nodes  = 2462
sched_reserve: graph splits = 2
sched_reserve: reserve took 359.20 ms, sched copies = 1
image decoded (batch 1/1) in 713 ms
srv  process_chun: image processed in 1293 ms
slot update_slots: id  3 | task 597 | prompt processing progress, n_tokens = 634, batch.n_tokens = 49, progress = 0.993730
sched_reserve: reserving ...
sched_reserve:      CUDA0 compute buffer size =   866.52 MiB
sched_reserve:  CUDA_Host compute buffer size =   542.02 MiB
sched_reserve: graph nodes  = 2462
sched_reserve: graph splits = 2
sched_reserve: reserve took 328.46 ms, sched copies = 1
slot update_slots: id  3 | task 597 | n_tokens = 634, memory_seq_rm [634, end)
slot init_sampler: id  3 | task 597 | init sampler, took 0.15 ms, tokens: text = 372, total = 638
slot update_slots: id  3 | task 597 | prompt processing done, n_tokens = 638, batch.n_tokens = 4
slot create_check: id  3 | task 597 | created context checkpoint 2 of 32 (pos_min = 0, pos_max = 633, n_tokens = 634, size = 495.321 MiB)
slot print_timing: id  3 | task 597 | 
prompt eval time =    2547.76 ms /   319 tokens (    7.99 ms per token,   125.21 tokens per second)
       eval time =   19410.49 ms /   195 tokens (   99.54 ms per token,    10.05 tokens per second)
      total time =   21958.25 ms /   514 tokens
slot      release: id  3 | task 597 | stop processing: n_tokens = 832, truncated = 0
srv  log_server_r: done request: POST /v1/chat/completions 127.0.0.1 200
srv  update_slots: all slots are idle
srv  params_from_: Chat format: peg-gemma4
slot get_availabl: id  3 | task -1 | selected slot by LCP similarity, sim_best = 0.517 (> 0.100 thold), f_keep = 0.383
srv  get_availabl: updating prompt cache
srv   prompt_save:  - saving prompt with length 832, total state size = 715.020 MiB
srv          load:  - looking for better prompt, base f_keep = 0.383, sim = 0.517
srv        update:  - cache size limit reached, removing oldest entry (size = 1265.265 MiB)
srv        update:  - cache state: 6 prompts, 7212.360 MiB (limits: 8192.000 MiB, 262144 tokens, 262144 est)
srv        update:    - prompt 0xaaaaecae0c80:     711 tokens, checkpoints:  2,  1185.263 MiB
srv        update:    - prompt 0xaaab0a656c80:     678 tokens, checkpoints:  2,  1152.215 MiB
srv        update:    - prompt 0xaaaaf978ed20:     779 tokens, checkpoints:  2,  1260.108 MiB
srv        update:    - prompt 0xaaaaead0fdb0:     693 tokens, checkpoints:  2,  1169.794 MiB
srv        update:    - prompt 0xaaab0abd96b0:     663 tokens, checkpoints:  2,  1139.324 MiB
srv        update:    - prompt 0xaaaaee8218d0:     832 tokens, checkpoints:  2,  1305.656 MiB
srv  get_availabl: prompt cache update took 131.29 ms
slot launch_slot_: id  3 | task -1 | sampler chain: logits -> ?penalties -> ?dry -> ?top-n-sigma -> top-k -> ?typical -> top-p -> min-p -> ?xtc -> ?temp-ext -> dist 
slot launch_slot_: id  3 | task 794 | processing task, is_child = 0
slot update_slots: id  3 | task 794 | new prompt, n_ctx_slot = 262144, n_keep = 0, task.n_tokens = 617
slot update_slots: id  3 | task 794 | n_past = 319, slot.prompt.tokens.size() = 832, seq_id = 3, pos_min = 0, n_swa = 1024
slot update_slots: id  3 | task 794 | Checking checkpoint with [0, 633] against 0...
slot update_slots: id  3 | task 794 | restored context checkpoint (pos_min = 0, pos_max = 633, n_tokens = 634, n_past = 319, size = 495.321 MiB)
slot update_slots: id  3 | task 794 | erased invalidated context checkpoint (pos_min = 0, pos_max = 633, n_tokens = 634, n_swa = 1024, pos_next = 319, size = 495.321 MiB)
slot update_slots: id  3 | task 794 | n_tokens = 319, memory_seq_rm [319, end)
srv  process_chun: processing image...
encoding image slice...
image slice encoded in 580 ms
decoding image batch 1/1, n_tokens_batch = 266
sched_reserve: reserving ...
sched_reserve:      CUDA0 compute buffer size =   866.52 MiB
sched_reserve:  CUDA_Host compute buffer size =   542.02 MiB
sched_reserve: graph nodes  = 2462
sched_reserve: graph splits = 2
sched_reserve: reserve took 358.07 ms, sched copies = 1
image decoded (batch 1/1) in 711 ms
srv  process_chun: image processed in 1292 ms
slot update_slots: id  3 | task 794 | prompt processing progress, n_tokens = 613, batch.n_tokens = 28, progress = 0.993517
sched_reserve: reserving ...
sched_reserve:      CUDA0 compute buffer size =   866.52 MiB
sched_reserve:  CUDA_Host compute buffer size =   542.02 MiB
sched_reserve: graph nodes  = 2462
sched_reserve: graph splits = 2
sched_reserve: reserve took 367.95 ms, sched copies = 1
slot update_slots: id  3 | task 794 | n_tokens = 613, memory_seq_rm [613, end)
slot init_sampler: id  3 | task 794 | init sampler, took 0.15 ms, tokens: text = 351, total = 617
slot update_slots: id  3 | task 794 | prompt processing done, n_tokens = 617, batch.n_tokens = 4
slot create_check: id  3 | task 794 | created context checkpoint 2 of 32 (pos_min = 0, pos_max = 612, n_tokens = 613, size = 478.914 MiB)
slot print_timing: id  3 | task 794 | 
prompt eval time =    2544.12 ms /   298 tokens (    8.54 ms per token,   117.13 tokens per second)
       eval time =   12198.59 ms /   122 tokens (   99.99 ms per token,    10.00 tokens per second)
      total time =   14742.71 ms /   420 tokens
slot      release: id  3 | task 794 | stop processing: n_tokens = 738, truncated = 0
srv  update_slots: all slots are idle
srv  log_server_r: done request: POST /v1/chat/completions 127.0.0.1 200
srv  params_from_: Chat format: peg-gemma4
slot get_availabl: id  3 | task -1 | selected slot by LCP similarity, sim_best = 0.500 (> 0.100 thold), f_keep = 0.432
srv  get_availabl: updating prompt cache
srv   prompt_save:  - saving prompt with length 738, total state size = 634.237 MiB
srv          load:  - looking for better prompt, base f_keep = 0.432, sim = 0.500
srv        update:  - cache size limit reached, removing oldest entry (size = 1185.263 MiB)
srv        update:  - cache state: 6 prompts, 7235.564 MiB (limits: 8192.000 MiB, 262144 tokens, 262144 est)
srv        update:    - prompt 0xaaab0a656c80:     678 tokens, checkpoints:  2,  1152.215 MiB
srv        update:    - prompt 0xaaaaf978ed20:     779 tokens, checkpoints:  2,  1260.108 MiB
srv        update:    - prompt 0xaaaaead0fdb0:     693 tokens, checkpoints:  2,  1169.794 MiB
srv        update:    - prompt 0xaaab0abd96b0:     663 tokens, checkpoints:  2,  1139.324 MiB
srv        update:    - prompt 0xaaaaee8218d0:     832 tokens, checkpoints:  2,  1305.656 MiB
srv        update:    - prompt 0xaaab0a739c40:     738 tokens, checkpoints:  2,  1208.467 MiB
srv  get_availabl: prompt cache update took 88.56 ms
slot launch_slot_: id  3 | task -1 | sampler chain: logits -> ?penalties -> ?dry -> ?top-n-sigma -> top-k -> ?typical -> top-p -> min-p -> ?xtc -> ?temp-ext -> dist 
slot launch_slot_: id  3 | task 918 | processing task, is_child = 0
slot update_slots: id  3 | task 918 | new prompt, n_ctx_slot = 262144, n_keep = 0, task.n_tokens = 638
slot update_slots: id  3 | task 918 | n_past = 319, slot.prompt.tokens.size() = 738, seq_id = 3, pos_min = 0, n_swa = 1024
slot update_slots: id  3 | task 918 | Checking checkpoint with [0, 612] against 0...
slot update_slots: id  3 | task 918 | restored context checkpoint (pos_min = 0, pos_max = 612, n_tokens = 613, n_past = 319, size = 478.914 MiB)
slot update_slots: id  3 | task 918 | erased invalidated context checkpoint (pos_min = 0, pos_max = 612, n_tokens = 613, n_swa = 1024, pos_next = 319, size = 478.914 MiB)
slot update_slots: id  3 | task 918 | n_tokens = 319, memory_seq_rm [319, end)
srv  process_chun: processing image...
encoding image slice...
image slice encoded in 630 ms
decoding image batch 1/1, n_tokens_batch = 266
sched_reserve: reserving ...
sched_reserve:      CUDA0 compute buffer size =   866.52 MiB
sched_reserve:  CUDA_Host compute buffer size =   542.02 MiB
sched_reserve: graph nodes  = 2462
sched_reserve: graph splits = 2
sched_reserve: reserve took 369.23 ms, sched copies = 1
image decoded (batch 1/1) in 728 ms
srv  process_chun: image processed in 1358 ms
slot update_slots: id  3 | task 918 | prompt processing progress, n_tokens = 634, batch.n_tokens = 49, progress = 0.993730
sched_reserve: reserving ...
sched_reserve:      CUDA0 compute buffer size =   866.52 MiB
sched_reserve:  CUDA_Host compute buffer size =   542.02 MiB
sched_reserve: graph nodes  = 2462
sched_reserve: graph splits = 2
sched_reserve: reserve took 336.43 ms, sched copies = 1
slot update_slots: id  3 | task 918 | n_tokens = 634, memory_seq_rm [634, end)
slot init_sampler: id  3 | task 918 | init sampler, took 0.12 ms, tokens: text = 372, total = 638
slot update_slots: id  3 | task 918 | prompt processing done, n_tokens = 638, batch.n_tokens = 4
slot create_check: id  3 | task 918 | created context checkpoint 2 of 32 (pos_min = 0, pos_max = 633, n_tokens = 634, size = 495.321 MiB)
slot print_timing: id  3 | task 918 | 
prompt eval time =    2647.28 ms /   319 tokens (    8.30 ms per token,   120.50 tokens per second)
       eval time =   25595.54 ms /   256 tokens (   99.98 ms per token,    10.00 tokens per second)
      total time =   28242.82 ms /   575 tokens
slot      release: id  3 | task 918 | stop processing: n_tokens = 893, truncated = 0
srv  update_slots: all slots are idle
srv  log_server_r: done request: POST /v1/chat/completions 127.0.0.1 200
srv  params_from_: Chat format: peg-gemma4
slot get_availabl: id  3 | task -1 | selected slot by LCP similarity, sim_best = 0.927 (> 0.100 thold), f_keep = 0.714
slot launch_slot_: id  3 | task -1 | sampler chain: logits -> ?penalties -> ?dry -> ?top-n-sigma -> top-k -> ?typical -> top-p -> min-p -> ?xtc -> ?temp-ext -> dist 
slot launch_slot_: id  3 | task 1176 | processing task, is_child = 0
slot update_slots: id  3 | task 1176 | new prompt, n_ctx_slot = 262144, n_keep = 0, task.n_tokens = 688
slot update_slots: id  3 | task 1176 | n_past = 638, slot.prompt.tokens.size() = 893, seq_id = 3, pos_min = 0, n_swa = 1024
slot update_slots: id  3 | task 1176 | Checking checkpoint with [0, 633] against 0...
slot update_slots: id  3 | task 1176 | restored context checkpoint (pos_min = 0, pos_max = 633, n_tokens = 634, n_past = 633, size = 495.321 MiB)
slot update_slots: id  3 | task 1176 | n_tokens = 633, memory_seq_rm [633, end)
slot update_slots: id  3 | task 1176 | prompt processing progress, n_tokens = 684, batch.n_tokens = 51, progress = 0.994186
slot update_slots: id  3 | task 1176 | n_tokens = 684, memory_seq_rm [684, end)
slot init_sampler: id  3 | task 1176 | init sampler, took 0.13 ms, tokens: text = 422, total = 688
slot update_slots: id  3 | task 1176 | prompt processing done, n_tokens = 688, batch.n_tokens = 4
srv  params_from_: Chat format: peg-gemma4
slot get_availabl: id  2 | task -1 | selected slot by LRU, t_last = -1
srv  get_availabl: updating prompt cache
srv          load:  - looking for better prompt, base f_keep = -1.000, sim = 0.000
srv          load:  - found better prompt with f_keep = 0.471, sim = 0.500
srv        update:  - cache state: 5 prompts, 6083.349 MiB (limits: 8192.000 MiB, 262144 tokens, 262144 est)
srv        update:    - prompt 0xaaaaf978ed20:     779 tokens, checkpoints:  2,  1260.108 MiB
srv        update:    - prompt 0xaaaaead0fdb0:     693 tokens, checkpoints:  2,  1169.794 MiB
srv        update:    - prompt 0xaaab0abd96b0:     663 tokens, checkpoints:  2,  1139.324 MiB
srv        update:    - prompt 0xaaaaee8218d0:     832 tokens, checkpoints:  2,  1305.656 MiB
srv        update:    - prompt 0xaaab0a739c40:     738 tokens, checkpoints:  2,  1208.467 MiB
srv  get_availabl: prompt cache update took 11.88 ms
slot launch_slot_: id  2 | task -1 | sampler chain: logits -> ?penalties -> ?dry -> ?top-n-sigma -> top-k -> ?typical -> top-p -> min-p -> ?xtc -> ?temp-ext -> dist 
slot launch_slot_: id  2 | task 1288 | processing task, is_child = 0
slot update_slots: id  2 | task 1288 | new prompt, n_ctx_slot = 262144, n_keep = 0, task.n_tokens = 638
slot update_slots: id  2 | task 1288 | n_past = 319, slot.prompt.tokens.size() = 678, seq_id = 2, pos_min = 0, n_swa = 1024
slot update_slots: id  2 | task 1288 | Checking checkpoint with [0, 606] against 0...
slot update_slots: id  2 | task 1288 | restored context checkpoint (pos_min = 0, pos_max = 606, n_tokens = 607, n_past = 319, size = 474.227 MiB)
slot update_slots: id  2 | task 1288 | erased invalidated context checkpoint (pos_min = 0, pos_max = 606, n_tokens = 607, n_swa = 1024, pos_next = 319, size = 474.227 MiB)
slot update_slots: id  2 | task 1288 | n_tokens = 319, memory_seq_rm [319, end)
srv  process_chun: processing image...
encoding image slice...
image slice encoded in 580 ms
decoding image batch 1/1, n_tokens_batch = 266
sched_reserve: reserving ...
sched_reserve:      CUDA0 compute buffer size =   866.52 MiB
sched_reserve:  CUDA_Host compute buffer size =   542.02 MiB
sched_reserve: graph nodes  = 2462
sched_reserve: graph splits = 2
sched_reserve: reserve took 351.31 ms, sched copies = 1
image decoded (batch 1/1) in 712 ms
srv  process_chun: image processed in 1293 ms
slot update_slots: id  2 | task 1288 | prompt processing progress, n_tokens = 634, batch.n_tokens = 50, progress = 0.993730
sched_reserve: reserving ...
sched_reserve:      CUDA0 compute buffer size =   866.52 MiB
sched_reserve:  CUDA_Host compute buffer size =   542.02 MiB
sched_reserve: graph nodes  = 2462
sched_reserve: graph splits = 2
sched_reserve: reserve took 344.75 ms, sched copies = 1
slot update_slots: id  2 | task 1288 | n_tokens = 634, memory_seq_rm [634, end)
slot init_sampler: id  2 | task 1288 | init sampler, took 0.18 ms, tokens: text = 372, total = 638
slot update_slots: id  2 | task 1288 | prompt processing done, n_tokens = 638, batch.n_tokens = 5
slot create_check: id  2 | task 1288 | created context checkpoint 2 of 32 (pos_min = 0, pos_max = 633, n_tokens = 634, size = 495.321 MiB)
slot print_timing: id  3 | task 1176 | 
prompt eval time =     405.55 ms /    55 tokens (    7.37 ms per token,   135.62 tokens per second)
       eval time =   29627.95 ms /   256 tokens (  115.73 ms per token,     8.64 tokens per second)
      total time =   30033.49 ms /   311 tokens
slot      release: id  3 | task 1176 | stop processing: n_tokens = 943, truncated = 0
srv  log_server_r: done request: POST /v1/chat/completions 127.0.0.1 200
srv  params_from_: Chat format: peg-gemma4
slot get_availabl: id  3 | task -1 | selected slot by LCP similarity, sim_best = 1.000 (> 0.100 thold), f_keep = 0.730
slot launch_slot_: id  3 | task -1 | sampler chain: logits -> ?penalties -> ?dry -> ?top-n-sigma -> top-k -> ?typical -> top-p -> min-p -> ?xtc -> ?temp-ext -> dist 
slot launch_slot_: id  3 | task 1440 | processing task, is_child = 0
slot update_slots: id  3 | task 1440 | new prompt, n_ctx_slot = 262144, n_keep = 0, task.n_tokens = 688
slot update_slots: id  3 | task 1440 | n_past = 688, slot.prompt.tokens.size() = 943, seq_id = 3, pos_min = 0, n_swa = 1024
slot update_slots: id  3 | task 1440 | Checking checkpoint with [0, 633] against 0...
slot update_slots: id  3 | task 1440 | restored context checkpoint (pos_min = 0, pos_max = 633, n_tokens = 634, n_past = 633, size = 495.321 MiB)
slot update_slots: id  3 | task 1440 | n_tokens = 633, memory_seq_rm [633, end)
slot update_slots: id  3 | task 1440 | prompt processing progress, n_tokens = 684, batch.n_tokens = 52, progress = 0.994186
slot update_slots: id  3 | task 1440 | n_tokens = 684, memory_seq_rm [684, end)
slot init_sampler: id  3 | task 1440 | init sampler, took 0.13 ms, tokens: text = 422, total = 688
slot update_slots: id  3 | task 1440 | prompt processing done, n_tokens = 688, batch.n_tokens = 5
srv  params_from_: Chat format: peg-gemma4
srv          stop: cancel task, id_task = 1288
srv  log_server_r: done request: POST /v1/chat/completions 127.0.0.1 200
slot      release: id  2 | task 1288 | stop processing: n_tokens = 889, truncated = 0
slot get_availabl: id  2 | task -1 | selected slot by LCP similarity, sim_best = 1.000 (> 0.100 thold), f_keep = 0.718
slot launch_slot_: id  2 | task -1 | sampler chain: logits -> ?penalties -> ?dry -> ?top-n-sigma -> top-k -> ?typical -> top-p -> min-p -> ?xtc -> ?temp-ext -> dist 
slot launch_slot_: id  2 | task 1543 | processing task, is_child = 0
slot update_slots: id  2 | task 1543 | new prompt, n_ctx_slot = 262144, n_keep = 0, task.n_tokens = 638
slot update_slots: id  2 | task 1543 | n_past = 638, slot.prompt.tokens.size() = 889, seq_id = 2, pos_min = 0, n_swa = 1024
slot update_slots: id  2 | task 1543 | Checking checkpoint with [0, 633] against 0...
slot update_slots: id  2 | task 1543 | restored context checkpoint (pos_min = 0, pos_max = 633, n_tokens = 634, n_past = 633, size = 495.321 MiB)
slot update_slots: id  2 | task 1543 | n_tokens = 633, memory_seq_rm [633, end)
slot update_slots: id  2 | task 1543 | prompt processing progress, n_tokens = 634, batch.n_tokens = 2, progress = 0.993730
slot update_slots: id  2 | task 1543 | n_tokens = 634, memory_seq_rm [634, end)
slot init_sampler: id  2 | task 1543 | init sampler, took 0.11 ms, tokens: text = 372, total = 638
slot update_slots: id  2 | task 1543 | prompt processing done, n_tokens = 638, batch.n_tokens = 5
slot print_timing: id  3 | task 1440 | 
prompt eval time =     457.04 ms /    55 tokens (    8.31 ms per token,   120.34 tokens per second)
       eval time =   21545.18 ms /   182 tokens (  118.38 ms per token,     8.45 tokens per second)
      total time =   22002.22 ms /   237 tokens
slot      release: id  3 | task 1440 | stop processing: n_tokens = 869, truncated = 0
srv  log_server_r: done request: POST /v1/chat/completions 127.0.0.1 200
slot print_timing: id  2 | task 1543 | 
prompt eval time =    1829.08 ms /     5 tokens (  365.82 ms per token,     2.73 tokens per second)
       eval time =   21068.65 ms /   200 tokens (  105.34 ms per token,     9.49 tokens per second)
      total time =   22897.74 ms /   205 tokens
slot      release: id  2 | task 1543 | stop processing: n_tokens = 837, truncated = 0
srv  update_slots: all slots are idle
srv  log_server_r: done request: POST /v1/chat/completions 127.0.0.1 200
srv  params_from_: Chat format: peg-gemma4
slot get_availabl: id  2 | task -1 | selected slot by LCP similarity, sim_best = 0.517 (> 0.100 thold), f_keep = 0.381
srv  get_availabl: updating prompt cache
srv   prompt_save:  - saving prompt with length 837, total state size = 719.317 MiB
srv          load:  - looking for better prompt, base f_keep = 0.381, sim = 0.517
srv        update:  - cache state: 6 prompts, 7393.303 MiB (limits: 8192.000 MiB, 262144 tokens, 262144 est)
srv        update:    - prompt 0xaaaaf978ed20:     779 tokens, checkpoints:  2,  1260.108 MiB
srv        update:    - prompt 0xaaaaead0fdb0:     693 tokens, checkpoints:  2,  1169.794 MiB
srv        update:    - prompt 0xaaab0abd96b0:     663 tokens, checkpoints:  2,  1139.324 MiB
srv        update:    - prompt 0xaaaaee8218d0:     832 tokens, checkpoints:  2,  1305.656 MiB
srv        update:    - prompt 0xaaab0a739c40:     738 tokens, checkpoints:  2,  1208.467 MiB
srv        update:    - prompt 0xaaab0b2d0ce0:     837 tokens, checkpoints:  2,  1309.953 MiB
srv  get_availabl: prompt cache update took 478.57 ms
slot launch_slot_: id  2 | task -1 | sampler chain: logits -> ?penalties -> ?dry -> ?top-n-sigma -> top-k -> ?typical -> top-p -> min-p -> ?xtc -> ?temp-ext -> dist 
slot launch_slot_: id  2 | task 1746 | processing task, is_child = 0
slot slot_save_an: id  3 | task -1 | saving idle slot to prompt cache
srv   prompt_save:  - saving prompt with length 869, total state size = 746.818 MiB
slot prompt_clear: id  3 | task -1 | clearing prompt with 869 tokens
srv        update:  - cache size limit reached, removing oldest entry (size = 1260.108 MiB)
srv        update:  - cache state: 6 prompts, 7470.648 MiB (limits: 8192.000 MiB, 262144 tokens, 262144 est)
srv        update:    - prompt 0xaaaaead0fdb0:     693 tokens, checkpoints:  2,  1169.794 MiB
srv        update:    - prompt 0xaaab0abd96b0:     663 tokens, checkpoints:  2,  1139.324 MiB
srv        update:    - prompt 0xaaaaee8218d0:     832 tokens, checkpoints:  2,  1305.656 MiB
srv        update:    - prompt 0xaaab0a739c40:     738 tokens, checkpoints:  2,  1208.467 MiB
srv        update:    - prompt 0xaaab0b2d0ce0:     837 tokens, checkpoints:  2,  1309.953 MiB
srv        update:    - prompt 0xaaaaeacd8080:     869 tokens, checkpoints:  2,  1337.454 MiB
slot update_slots: id  2 | task 1746 | new prompt, n_ctx_slot = 262144, n_keep = 0, task.n_tokens = 617
slot update_slots: id  2 | task 1746 | n_past = 319, slot.prompt.tokens.size() = 837, seq_id = 2, pos_min = 0, n_swa = 1024
slot update_slots: id  2 | task 1746 | Checking checkpoint with [0, 633] against 0...
slot update_slots: id  2 | task 1746 | restored context checkpoint (pos_min = 0, pos_max = 633, n_tokens = 634, n_past = 319, size = 495.321 MiB)
slot update_slots: id  2 | task 1746 | erased invalidated context checkpoint (pos_min = 0, pos_max = 633, n_tokens = 634, n_swa = 1024, pos_next = 319, size = 495.321 MiB)
slot update_slots: id  2 | task 1746 | n_tokens = 319, memory_seq_rm [319, end)
srv  process_chun: processing image...
encoding image slice...
image slice encoded in 587 ms
decoding image batch 1/1, n_tokens_batch = 266
sched_reserve: reserving ...
sched_reserve:      CUDA0 compute buffer size =   866.52 MiB
sched_reserve:  CUDA_Host compute buffer size =   542.02 MiB
sched_reserve: graph nodes  = 2462
sched_reserve: graph splits = 2
sched_reserve: reserve took 337.49 ms, sched copies = 1
image decoded (batch 1/1) in 699 ms
srv  process_chun: image processed in 1286 ms
slot update_slots: id  2 | task 1746 | prompt processing progress, n_tokens = 613, batch.n_tokens = 28, progress = 0.993517
sched_reserve: reserving ...
sched_reserve:      CUDA0 compute buffer size =   866.52 MiB
sched_reserve:  CUDA_Host compute buffer size =   542.02 MiB
sched_reserve: graph nodes  = 2462
sched_reserve: graph splits = 2
sched_reserve: reserve took 331.81 ms, sched copies = 1
slot update_slots: id  2 | task 1746 | n_tokens = 613, memory_seq_rm [613, end)
slot init_sampler: id  2 | task 1746 | init sampler, took 0.11 ms, tokens: text = 351, total = 617
slot update_slots: id  2 | task 1746 | prompt processing done, n_tokens = 617, batch.n_tokens = 4
slot create_check: id  2 | task 1746 | created context checkpoint 2 of 32 (pos_min = 0, pos_max = 612, n_tokens = 613, size = 478.914 MiB)
slot print_timing: id  2 | task 1746 | 
prompt eval time =    2521.45 ms /   298 tokens (    8.46 ms per token,   118.19 tokens per second)
       eval time =   20549.89 ms /   205 tokens (  100.24 ms per token,     9.98 tokens per second)
      total time =   23071.34 ms /   503 tokens
slot      release: id  2 | task 1746 | stop processing: n_tokens = 821, truncated = 0
srv  update_slots: all slots are idle
srv  log_server_r: done request: POST /v1/chat/completions 127.0.0.1 200
srv  params_from_: Chat format: peg-gemma4
slot get_availabl: id  2 | task -1 | selected slot by LCP similarity, sim_best = 0.522 (> 0.100 thold), f_keep = 0.389
srv  get_availabl: updating prompt cache
srv   prompt_save:  - saving prompt with length 821, total state size = 705.567 MiB
srv          load:  - looking for better prompt, base f_keep = 0.389, sim = 0.522
srv        update:  - cache size limit reached, removing oldest entry (size = 1169.794 MiB)
srv        update:  - cache state: 6 prompts, 7580.651 MiB (limits: 8192.000 MiB, 262144 tokens, 262144 est)
srv        update:    - prompt 0xaaab0abd96b0:     663 tokens, checkpoints:  2,  1139.324 MiB
srv        update:    - prompt 0xaaaaee8218d0:     832 tokens, checkpoints:  2,  1305.656 MiB
srv        update:    - prompt 0xaaab0a739c40:     738 tokens, checkpoints:  2,  1208.467 MiB
srv        update:    - prompt 0xaaab0b2d0ce0:     837 tokens, checkpoints:  2,  1309.953 MiB
srv        update:    - prompt 0xaaaaeacd8080:     869 tokens, checkpoints:  2,  1337.454 MiB
srv        update:    - prompt 0xaaab0a8e61a0:     821 tokens, checkpoints:  2,  1279.797 MiB
srv  get_availabl: prompt cache update took 81.09 ms
slot launch_slot_: id  2 | task -1 | sampler chain: logits -> ?penalties -> ?dry -> ?top-n-sigma -> top-k -> ?typical -> top-p -> min-p -> ?xtc -> ?temp-ext -> dist 
slot launch_slot_: id  2 | task 1953 | processing task, is_child = 0
slot update_slots: id  2 | task 1953 | new prompt, n_ctx_slot = 262144, n_keep = 0, task.n_tokens = 611
slot update_slots: id  2 | task 1953 | n_past = 319, slot.prompt.tokens.size() = 821, seq_id = 2, pos_min = 0, n_swa = 1024
slot update_slots: id  2 | task 1953 | Checking checkpoint with [0, 612] against 0...
slot update_slots: id  2 | task 1953 | restored context checkpoint (pos_min = 0, pos_max = 612, n_tokens = 613, n_past = 319, size = 478.914 MiB)
slot update_slots: id  2 | task 1953 | erased invalidated context checkpoint (pos_min = 0, pos_max = 612, n_tokens = 613, n_swa = 1024, pos_next = 319, size = 478.914 MiB)
slot update_slots: id  2 | task 1953 | n_tokens = 319, memory_seq_rm [319, end)
srv  process_chun: processing image...
encoding image slice...
image slice encoded in 579 ms
decoding image batch 1/1, n_tokens_batch = 266
sched_reserve: reserving ...
sched_reserve:      CUDA0 compute buffer size =   866.52 MiB
sched_reserve:  CUDA_Host compute buffer size =   542.02 MiB
sched_reserve: graph nodes  = 2462
sched_reserve: graph splits = 2
sched_reserve: reserve took 356.43 ms, sched copies = 1
image decoded (batch 1/1) in 711 ms
srv  process_chun: image processed in 1291 ms
slot update_slots: id  2 | task 1953 | prompt processing progress, n_tokens = 607, batch.n_tokens = 22, progress = 0.993453
sched_reserve: reserving ...
sched_reserve:      CUDA0 compute buffer size =   866.52 MiB
sched_reserve:  CUDA_Host compute buffer size =   542.02 MiB
sched_reserve: graph nodes  = 2462
sched_reserve: graph splits = 2
sched_reserve: reserve took 346.82 ms, sched copies = 1
slot update_slots: id  2 | task 1953 | n_tokens = 607, memory_seq_rm [607, end)
slot init_sampler: id  2 | task 1953 | init sampler, took 0.11 ms, tokens: text = 345, total = 611
slot update_slots: id  2 | task 1953 | prompt processing done, n_tokens = 611, batch.n_tokens = 4
slot create_check: id  2 | task 1953 | created context checkpoint 2 of 32 (pos_min = 0, pos_max = 606, n_tokens = 607, size = 474.227 MiB)
slot print_timing: id  2 | task 1953 | 
prompt eval time =    2497.76 ms /   292 tokens (    8.55 ms per token,   116.90 tokens per second)
       eval time =    6151.80 ms /    62 tokens (   99.22 ms per token,    10.08 tokens per second)
      total time =    8649.56 ms /   354 tokens
slot      release: id  2 | task 1953 | stop processing: n_tokens = 672, truncated = 0
srv  update_slots: all slots are idle
srv  log_server_r: done request: POST /v1/chat/completions 127.0.0.1 200
srv  params_from_: Chat format: peg-gemma4
slot get_availabl: id  2 | task -1 | selected slot by LCP similarity, sim_best = 0.500 (> 0.100 thold), f_keep = 0.475
srv  get_availabl: updating prompt cache
srv   prompt_save:  - saving prompt with length 672, total state size = 577.517 MiB
srv          load:  - looking for better prompt, base f_keep = 0.475, sim = 0.500
srv        update:  - cache size limit reached, removing oldest entry (size = 1139.324 MiB)
srv        update:  - cache state: 6 prompts, 7588.386 MiB (limits: 8192.000 MiB, 262144 tokens, 262144 est)
srv        update:    - prompt 0xaaaaee8218d0:     832 tokens, checkpoints:  2,  1305.656 MiB
srv        update:    - prompt 0xaaab0a739c40:     738 tokens, checkpoints:  2,  1208.467 MiB
srv        update:    - prompt 0xaaab0b2d0ce0:     837 tokens, checkpoints:  2,  1309.953 MiB
srv        update:    - prompt 0xaaaaeacd8080:     869 tokens, checkpoints:  2,  1337.454 MiB
srv        update:    - prompt 0xaaab0a8e61a0:     821 tokens, checkpoints:  2,  1279.797 MiB
srv        update:    - prompt 0xaaab0b2ce100:     672 tokens, checkpoints:  2,  1147.059 MiB
srv  get_availabl: prompt cache update took 79.56 ms
slot launch_slot_: id  2 | task -1 | sampler chain: logits -> ?penalties -> ?dry -> ?top-n-sigma -> top-k -> ?typical -> top-p -> min-p -> ?xtc -> ?temp-ext -> dist 
slot launch_slot_: id  2 | task 2017 | processing task, is_child = 0
slot update_slots: id  2 | task 2017 | new prompt, n_ctx_slot = 262144, n_keep = 0, task.n_tokens = 638
slot update_slots: id  2 | task 2017 | n_past = 319, slot.prompt.tokens.size() = 672, seq_id = 2, pos_min = 0, n_swa = 1024
slot update_slots: id  2 | task 2017 | Checking checkpoint with [0, 606] against 0...
slot update_slots: id  2 | task 2017 | restored context checkpoint (pos_min = 0, pos_max = 606, n_tokens = 607, n_past = 319, size = 474.227 MiB)
slot update_slots: id  2 | task 2017 | erased invalidated context checkpoint (pos_min = 0, pos_max = 606, n_tokens = 607, n_swa = 1024, pos_next = 319, size = 474.227 MiB)
slot update_slots: id  2 | task 2017 | n_tokens = 319, memory_seq_rm [319, end)
srv  process_chun: processing image...
encoding image slice...
image slice encoded in 581 ms
decoding image batch 1/1, n_tokens_batch = 266
sched_reserve: reserving ...
sched_reserve:      CUDA0 compute buffer size =   866.52 MiB
sched_reserve:  CUDA_Host compute buffer size =   542.02 MiB
sched_reserve: graph nodes  = 2462
sched_reserve: graph splits = 2
sched_reserve: reserve took 354.68 ms, sched copies = 1
image decoded (batch 1/1) in 709 ms
srv  process_chun: image processed in 1291 ms
slot update_slots: id  2 | task 2017 | prompt processing progress, n_tokens = 634, batch.n_tokens = 49, progress = 0.993730
sched_reserve: reserving ...
sched_reserve:      CUDA0 compute buffer size =   866.52 MiB
sched_reserve:  CUDA_Host compute buffer size =   542.02 MiB
sched_reserve: graph nodes  = 2462
sched_reserve: graph splits = 2
sched_reserve: reserve took 336.85 ms, sched copies = 1
slot update_slots: id  2 | task 2017 | n_tokens = 634, memory_seq_rm [634, end)
slot init_sampler: id  2 | task 2017 | init sampler, took 0.12 ms, tokens: text = 372, total = 638
slot update_slots: id  2 | task 2017 | prompt processing done, n_tokens = 638, batch.n_tokens = 4
slot create_check: id  2 | task 2017 | created context checkpoint 2 of 32 (pos_min = 0, pos_max = 633, n_tokens = 634, size = 495.321 MiB)
slot print_timing: id  2 | task 2017 | 
prompt eval time =    2558.11 ms /   319 tokens (    8.02 ms per token,   124.70 tokens per second)
       eval time =   15817.46 ms /   159 tokens (   99.48 ms per token,    10.05 tokens per second)
      total time =   18375.57 ms /   478 tokens
slot      release: id  2 | task 2017 | stop processing: n_tokens = 796, truncated = 0
srv  update_slots: all slots are idle
srv  log_server_r: done request: POST /v1/chat/completions 127.0.0.1 200
srv  params_from_: Chat format: peg-gemma4
slot get_availabl: id  2 | task -1 | selected slot by LCP similarity, sim_best = 0.517 (> 0.100 thold), f_keep = 0.401
srv  get_availabl: updating prompt cache
srv   prompt_save:  - saving prompt with length 796, total state size = 684.082 MiB
srv          load:  - looking for better prompt, base f_keep = 0.401, sim = 0.517
srv        update:  - cache size limit reached, removing oldest entry (size = 1305.656 MiB)
srv        update:  - cache state: 6 prompts, 7557.448 MiB (limits: 8192.000 MiB, 262144 tokens, 262144 est)
srv        update:    - prompt 0xaaab0a739c40:     738 tokens, checkpoints:  2,  1208.467 MiB
srv        update:    - prompt 0xaaab0b2d0ce0:     837 tokens, checkpoints:  2,  1309.953 MiB
srv        update:    - prompt 0xaaaaeacd8080:     869 tokens, checkpoints:  2,  1337.454 MiB
srv        update:    - prompt 0xaaab0a8e61a0:     821 tokens, checkpoints:  2,  1279.797 MiB
srv        update:    - prompt 0xaaab0b2ce100:     672 tokens, checkpoints:  2,  1147.059 MiB
srv        update:    - prompt 0xaaaaee585000:     796 tokens, checkpoints:  2,  1274.718 MiB
srv  get_availabl: prompt cache update took 121.32 ms
slot launch_slot_: id  2 | task -1 | sampler chain: logits -> ?penalties -> ?dry -> ?top-n-sigma -> top-k -> ?typical -> top-p -> min-p -> ?xtc -> ?temp-ext -> dist 
slot launch_slot_: id  2 | task 2178 | processing task, is_child = 0
slot update_slots: id  2 | task 2178 | new prompt, n_ctx_slot = 262144, n_keep = 0, task.n_tokens = 617
slot update_slots: id  2 | task 2178 | n_past = 319, slot.prompt.tokens.size() = 796, seq_id = 2, pos_min = 0, n_swa = 1024
slot update_slots: id  2 | task 2178 | Checking checkpoint with [0, 633] against 0...
slot update_slots: id  2 | task 2178 | restored context checkpoint (pos_min = 0, pos_max = 633, n_tokens = 634, n_past = 319, size = 495.321 MiB)
slot update_slots: id  2 | task 2178 | erased invalidated context checkpoint (pos_min = 0, pos_max = 633, n_tokens = 634, n_swa = 1024, pos_next = 319, size = 495.321 MiB)
slot update_slots: id  2 | task 2178 | n_tokens = 319, memory_seq_rm [319, end)
srv  process_chun: processing image...
encoding image slice...
image slice encoded in 580 ms
decoding image batch 1/1, n_tokens_batch = 266
sched_reserve: reserving ...
sched_reserve:      CUDA0 compute buffer size =   866.52 MiB
sched_reserve:  CUDA_Host compute buffer size =   542.02 MiB
sched_reserve: graph nodes  = 2462
sched_reserve: graph splits = 2
sched_reserve: reserve took 360.29 ms, sched copies = 1
image decoded (batch 1/1) in 714 ms
srv  process_chun: image processed in 1295 ms
slot update_slots: id  2 | task 2178 | prompt processing progress, n_tokens = 613, batch.n_tokens = 28, progress = 0.993517
sched_reserve: reserving ...
sched_reserve:      CUDA0 compute buffer size =   866.52 MiB
sched_reserve:  CUDA_Host compute buffer size =   542.02 MiB
sched_reserve: graph nodes  = 2462
sched_reserve: graph splits = 2
sched_reserve: reserve took 342.68 ms, sched copies = 1
slot update_slots: id  2 | task 2178 | n_tokens = 613, memory_seq_rm [613, end)
slot init_sampler: id  2 | task 2178 | init sampler, took 0.11 ms, tokens: text = 351, total = 617
slot update_slots: id  2 | task 2178 | prompt processing done, n_tokens = 617, batch.n_tokens = 4
slot create_check: id  2 | task 2178 | created context checkpoint 2 of 32 (pos_min = 0, pos_max = 612, n_tokens = 613, size = 478.914 MiB)
slot print_timing: id  2 | task 2178 | 
prompt eval time =    2514.78 ms /   298 tokens (    8.44 ms per token,   118.50 tokens per second)
       eval time =   11112.79 ms /   112 tokens (   99.22 ms per token,    10.08 tokens per second)
      total time =   13627.57 ms /   410 tokens
slot      release: id  2 | task 2178 | stop processing: n_tokens = 728, truncated = 0
srv  update_slots: all slots are idle
srv  log_server_r: done request: POST /v1/chat/completions 127.0.0.1 200
srv  params_from_: Chat format: peg-gemma4
slot get_availabl: id  2 | task -1 | selected slot by LCP similarity, sim_best = 0.500 (> 0.100 thold), f_keep = 0.438
srv  get_availabl: updating prompt cache
srv   prompt_save:  - saving prompt with length 728, total state size = 625.643 MiB
srv          load:  - looking for better prompt, base f_keep = 0.438, sim = 0.500
srv        update:  - cache size limit reached, removing oldest entry (size = 1208.467 MiB)
srv        update:  - cache state: 6 prompts, 7548.854 MiB (limits: 8192.000 MiB, 262144 tokens, 262144 est)
srv        update:    - prompt 0xaaab0b2d0ce0:     837 tokens, checkpoints:  2,  1309.953 MiB
srv        update:    - prompt 0xaaaaeacd8080:     869 tokens, checkpoints:  2,  1337.454 MiB
srv        update:    - prompt 0xaaab0a8e61a0:     821 tokens, checkpoints:  2,  1279.797 MiB
srv        update:    - prompt 0xaaab0b2ce100:     672 tokens, checkpoints:  2,  1147.059 MiB
srv        update:    - prompt 0xaaaaee585000:     796 tokens, checkpoints:  2,  1274.718 MiB
srv        update:    - prompt 0xaaab09d27230:     728 tokens, checkpoints:  2,  1199.873 MiB
srv  get_availabl: prompt cache update took 130.16 ms
slot launch_slot_: id  2 | task -1 | sampler chain: logits -> ?penalties -> ?dry -> ?top-n-sigma -> top-k -> ?typical -> top-p -> min-p -> ?xtc -> ?temp-ext -> dist 
slot launch_slot_: id  2 | task 2292 | processing task, is_child = 0
slot update_slots: id  2 | task 2292 | new prompt, n_ctx_slot = 262144, n_keep = 0, task.n_tokens = 638
slot update_slots: id  2 | task 2292 | n_past = 319, slot.prompt.tokens.size() = 728, seq_id = 2, pos_min = 0, n_swa = 1024
slot update_slots: id  2 | task 2292 | Checking checkpoint with [0, 612] against 0...
slot update_slots: id  2 | task 2292 | restored context checkpoint (pos_min = 0, pos_max = 612, n_tokens = 613, n_past = 319, size = 478.914 MiB)
slot update_slots: id  2 | task 2292 | erased invalidated context checkpoint (pos_min = 0, pos_max = 612, n_tokens = 613, n_swa = 1024, pos_next = 319, size = 478.914 MiB)
slot update_slots: id  2 | task 2292 | n_tokens = 319, memory_seq_rm [319, end)
srv  process_chun: processing image...
encoding image slice...
image slice encoded in 626 ms
decoding image batch 1/1, n_tokens_batch = 266
sched_reserve: reserving ...
sched_reserve:      CUDA0 compute buffer size =   866.52 MiB
sched_reserve:  CUDA_Host compute buffer size =   542.02 MiB
sched_reserve: graph nodes  = 2462
sched_reserve: graph splits = 2
sched_reserve: reserve took 363.74 ms, sched copies = 1
image decoded (batch 1/1) in 724 ms
srv  process_chun: image processed in 1350 ms
slot update_slots: id  2 | task 2292 | prompt processing progress, n_tokens = 634, batch.n_tokens = 49, progress = 0.993730
sched_reserve: reserving ...
sched_reserve:      CUDA0 compute buffer size =   866.52 MiB
sched_reserve:  CUDA_Host compute buffer size =   542.02 MiB
sched_reserve: graph nodes  = 2462
sched_reserve: graph splits = 2
sched_reserve: reserve took 339.12 ms, sched copies = 1
slot update_slots: id  2 | task 2292 | n_tokens = 634, memory_seq_rm [634, end)
slot init_sampler: id  2 | task 2292 | init sampler, took 0.12 ms, tokens: text = 372, total = 638
slot update_slots: id  2 | task 2292 | prompt processing done, n_tokens = 638, batch.n_tokens = 4
slot create_check: id  2 | task 2292 | created context checkpoint 2 of 32 (pos_min = 0, pos_max = 633, n_tokens = 634, size = 495.321 MiB)
slot print_timing: id  2 | task 2292 | 
prompt eval time =    2652.30 ms /   319 tokens (    8.31 ms per token,   120.27 tokens per second)
       eval time =   25179.14 ms /   251 tokens (  100.32 ms per token,     9.97 tokens per second)
      total time =   27831.43 ms /   570 tokens
slot      release: id  2 | task 2292 | stop processing: n_tokens = 888, truncated = 0
srv  log_server_r: done request: POST /v1/chat/completions 127.0.0.1 200
srv  update_slots: all slots are idle
srv  params_from_: Chat format: peg-gemma4
slot get_availabl: id  2 | task -1 | selected slot by LCP similarity, sim_best = 0.517 (> 0.100 thold), f_keep = 0.359
srv  get_availabl: updating prompt cache
srv   prompt_save:  - saving prompt with length 888, total state size = 763.147 MiB
srv          load:  - looking for better prompt, base f_keep = 0.359, sim = 0.517
srv        update:  - cache size limit reached, removing oldest entry (size = 1309.953 MiB)
srv        update:  - cache state: 6 prompts, 7592.683 MiB (limits: 8192.000 MiB, 262144 tokens, 262144 est)
srv        update:    - prompt 0xaaaaeacd8080:     869 tokens, checkpoints:  2,  1337.454 MiB
srv        update:    - prompt 0xaaab0a8e61a0:     821 tokens, checkpoints:  2,  1279.797 MiB
srv        update:    - prompt 0xaaab0b2ce100:     672 tokens, checkpoints:  2,  1147.059 MiB
srv        update:    - prompt 0xaaaaee585000:     796 tokens, checkpoints:  2,  1274.718 MiB
srv        update:    - prompt 0xaaab09d27230:     728 tokens, checkpoints:  2,  1199.873 MiB
srv        update:    - prompt 0xaaab0a816190:     888 tokens, checkpoints:  2,  1353.783 MiB
srv  get_availabl: prompt cache update took 135.50 ms
slot launch_slot_: id  2 | task -1 | sampler chain: logits -> ?penalties -> ?dry -> ?top-n-sigma -> top-k -> ?typical -> top-p -> min-p -> ?xtc -> ?temp-ext -> dist 
slot launch_slot_: id  2 | task 2545 | processing task, is_child = 0
slot update_slots: id  2 | task 2545 | new prompt, n_ctx_slot = 262144, n_keep = 0, task.n_tokens = 617
slot update_slots: id  2 | task 2545 | n_past = 319, slot.prompt.tokens.size() = 888, seq_id = 2, pos_min = 0, n_swa = 1024
slot update_slots: id  2 | task 2545 | Checking checkpoint with [0, 633] against 0...
slot update_slots: id  2 | task 2545 | restored context checkpoint (pos_min = 0, pos_max = 633, n_tokens = 634, n_past = 319, size = 495.321 MiB)
slot update_slots: id  2 | task 2545 | erased invalidated context checkpoint (pos_min = 0, pos_max = 633, n_tokens = 634, n_swa = 1024, pos_next = 319, size = 495.321 MiB)
slot update_slots: id  2 | task 2545 | n_tokens = 319, memory_seq_rm [319, end)
srv  process_chun: processing image...
encoding image slice...
image slice encoded in 578 ms
decoding image batch 1/1, n_tokens_batch = 266
sched_reserve: reserving ...
sched_reserve:      CUDA0 compute buffer size =   866.52 MiB
sched_reserve:  CUDA_Host compute buffer size =   542.02 MiB
sched_reserve: graph nodes  = 2462
sched_reserve: graph splits = 2
sched_reserve: reserve took 352.81 ms, sched copies = 1
image decoded (batch 1/1) in 708 ms
srv  process_chun: image processed in 1286 ms
slot update_slots: id  2 | task 2545 | prompt processing progress, n_tokens = 613, batch.n_tokens = 28, progress = 0.993517
sched_reserve: reserving ...
sched_reserve:      CUDA0 compute buffer size =   866.52 MiB
sched_reserve:  CUDA_Host compute buffer size =   542.02 MiB
sched_reserve: graph nodes  = 2462
sched_reserve: graph splits = 2
sched_reserve: reserve took 333.47 ms, sched copies = 1
slot update_slots: id  2 | task 2545 | n_tokens = 613, memory_seq_rm [613, end)
slot init_sampler: id  2 | task 2545 | init sampler, took 0.11 ms, tokens: text = 351, total = 617
slot update_slots: id  2 | task 2545 | prompt processing done, n_tokens = 617, batch.n_tokens = 4
slot create_check: id  2 | task 2545 | created context checkpoint 2 of 32 (pos_min = 0, pos_max = 612, n_tokens = 613, size = 478.914 MiB)
slot print_timing: id  2 | task 2545 | 
prompt eval time =    2497.36 ms /   298 tokens (    8.38 ms per token,   119.33 tokens per second)
       eval time =    7808.52 ms /    79 tokens (   98.84 ms per token,    10.12 tokens per second)
      total time =   10305.88 ms /   377 tokens
slot      release: id  2 | task 2545 | stop processing: n_tokens = 695, truncated = 0
srv  update_slots: all slots are idle
srv  log_server_r: done request: POST /v1/chat/completions 127.0.0.1 200
srv  params_from_: Chat format: peg-gemma4
slot get_availabl: id  2 | task -1 | selected slot by LCP similarity, sim_best = 0.522 (> 0.100 thold), f_keep = 0.459
srv  get_availabl: updating prompt cache
srv   prompt_save:  - saving prompt with length 695, total state size = 597.283 MiB
srv          load:  - looking for better prompt, base f_keep = 0.459, sim = 0.522
srv        update:  - cache size limit reached, removing oldest entry (size = 1337.454 MiB)
srv        update:  - cache state: 6 prompts, 7426.741 MiB (limits: 8192.000 MiB, 262144 tokens, 262144 est)
srv        update:    - prompt 0xaaab0a8e61a0:     821 tokens, checkpoints:  2,  1279.797 MiB
srv        update:    - prompt 0xaaab0b2ce100:     672 tokens, checkpoints:  2,  1147.059 MiB
srv        update:    - prompt 0xaaaaee585000:     796 tokens, checkpoints:  2,  1274.718 MiB
srv        update:    - prompt 0xaaab09d27230:     728 tokens, checkpoints:  2,  1199.873 MiB
srv        update:    - prompt 0xaaab0a816190:     888 tokens, checkpoints:  2,  1353.783 MiB
srv        update:    - prompt 0xaaaaec4bf030:     695 tokens, checkpoints:  2,  1171.512 MiB
srv  get_availabl: prompt cache update took 153.07 ms
slot launch_slot_: id  2 | task -1 | sampler chain: logits -> ?penalties -> ?dry -> ?top-n-sigma -> top-k -> ?typical -> top-p -> min-p -> ?xtc -> ?temp-ext -> dist 
slot launch_slot_: id  2 | task 2626 | processing task, is_child = 0
slot update_slots: id  2 | task 2626 | new prompt, n_ctx_slot = 262144, n_keep = 0, task.n_tokens = 611
slot update_slots: id  2 | task 2626 | n_past = 319, slot.prompt.tokens.size() = 695, seq_id = 2, pos_min = 0, n_swa = 1024
slot update_slots: id  2 | task 2626 | Checking checkpoint with [0, 612] against 0...
slot update_slots: id  2 | task 2626 | restored context checkpoint (pos_min = 0, pos_max = 612, n_tokens = 613, n_past = 319, size = 478.914 MiB)
slot update_slots: id  2 | task 2626 | erased invalidated context checkpoint (pos_min = 0, pos_max = 612, n_tokens = 613, n_swa = 1024, pos_next = 319, size = 478.914 MiB)
slot update_slots: id  2 | task 2626 | n_tokens = 319, memory_seq_rm [319, end)
srv  process_chun: processing image...
encoding image slice...
image slice encoded in 578 ms
decoding image batch 1/1, n_tokens_batch = 266
sched_reserve: reserving ...
sched_reserve:      CUDA0 compute buffer size =   866.52 MiB
sched_reserve:  CUDA_Host compute buffer size =   542.02 MiB
sched_reserve: graph nodes  = 2462
sched_reserve: graph splits = 2
sched_reserve: reserve took 333.83 ms, sched copies = 1
image decoded (batch 1/1) in 689 ms
srv  process_chun: image processed in 1267 ms
slot update_slots: id  2 | task 2626 | prompt processing progress, n_tokens = 607, batch.n_tokens = 22, progress = 0.993453
sched_reserve: reserving ...
sched_reserve:      CUDA0 compute buffer size =   866.52 MiB
sched_reserve:  CUDA_Host compute buffer size =   542.02 MiB
sched_reserve: graph nodes  = 2462
sched_reserve: graph splits = 2
sched_reserve: reserve took 349.70 ms, sched copies = 1
slot update_slots: id  2 | task 2626 | n_tokens = 607, memory_seq_rm [607, end)
slot init_sampler: id  2 | task 2626 | init sampler, took 0.11 ms, tokens: text = 345, total = 611
slot update_slots: id  2 | task 2626 | prompt processing done, n_tokens = 611, batch.n_tokens = 4
slot create_check: id  2 | task 2626 | created context checkpoint 2 of 32 (pos_min = 0, pos_max = 606, n_tokens = 607, size = 474.227 MiB)
slot print_timing: id  2 | task 2626 | 
prompt eval time =    2477.43 ms /   292 tokens (    8.48 ms per token,   117.86 tokens per second)
       eval time =    6008.54 ms /    61 tokens (   98.50 ms per token,    10.15 tokens per second)
      total time =    8485.97 ms /   353 tokens
slot      release: id  2 | task 2626 | stop processing: n_tokens = 671, truncated = 0
srv  update_slots: all slots are idle
srv  log_server_r: done request: POST /v1/chat/completions 127.0.0.1 200
srv  params_from_: Chat format: peg-gemma4
slot get_availabl: id  2 | task -1 | selected slot by LCP similarity, sim_best = 0.500 (> 0.100 thold), f_keep = 0.475
srv  get_availabl: updating prompt cache
srv   prompt_save:  - saving prompt with length 671, total state size = 576.657 MiB
srv          load:  - looking for better prompt, base f_keep = 0.475, sim = 0.500
srv        update:  - cache size limit reached, removing oldest entry (size = 1279.797 MiB)
srv        update:  - cache state: 6 prompts, 7293.144 MiB (limits: 8192.000 MiB, 262144 tokens, 262144 est)
srv        update:    - prompt 0xaaab0b2ce100:     672 tokens, checkpoints:  2,  1147.059 MiB
srv        update:    - prompt 0xaaaaee585000:     796 tokens, checkpoints:  2,  1274.718 MiB
srv        update:    - prompt 0xaaab09d27230:     728 tokens, checkpoints:  2,  1199.873 MiB
srv        update:    - prompt 0xaaab0a816190:     888 tokens, checkpoints:  2,  1353.783 MiB
srv        update:    - prompt 0xaaaaec4bf030:     695 tokens, checkpoints:  2,  1171.512 MiB
srv        update:    - prompt 0xaaaaf860f1e0:     671 tokens, checkpoints:  2,  1146.199 MiB
srv  get_availabl: prompt cache update took 233.27 ms
slot launch_slot_: id  2 | task -1 | sampler chain: logits -> ?penalties -> ?dry -> ?top-n-sigma -> top-k -> ?typical -> top-p -> min-p -> ?xtc -> ?temp-ext -> dist 
slot launch_slot_: id  2 | task 2689 | processing task, is_child = 0
slot update_slots: id  2 | task 2689 | new prompt, n_ctx_slot = 262144, n_keep = 0, task.n_tokens = 638
slot update_slots: id  2 | task 2689 | n_past = 319, slot.prompt.tokens.size() = 671, seq_id = 2, pos_min = 0, n_swa = 1024
slot update_slots: id  2 | task 2689 | Checking checkpoint with [0, 606] against 0...
slot update_slots: id  2 | task 2689 | restored context checkpoint (pos_min = 0, pos_max = 606, n_tokens = 607, n_past = 319, size = 474.227 MiB)
slot update_slots: id  2 | task 2689 | erased invalidated context checkpoint (pos_min = 0, pos_max = 606, n_tokens = 607, n_swa = 1024, pos_next = 319, size = 474.227 MiB)
slot update_slots: id  2 | task 2689 | n_tokens = 319, memory_seq_rm [319, end)
srv  process_chun: processing image...
encoding image slice...
image slice encoded in 581 ms
decoding image batch 1/1, n_tokens_batch = 266
sched_reserve: reserving ...
sched_reserve:      CUDA0 compute buffer size =   866.52 MiB
sched_reserve:  CUDA_Host compute buffer size =   542.02 MiB
sched_reserve: graph nodes  = 2462
sched_reserve: graph splits = 2
sched_reserve: reserve took 360.57 ms, sched copies = 1
image decoded (batch 1/1) in 716 ms
srv  process_chun: image processed in 1297 ms
slot update_slots: id  2 | task 2689 | prompt processing progress, n_tokens = 634, batch.n_tokens = 49, progress = 0.993730
sched_reserve: reserving ...
sched_reserve:      CUDA0 compute buffer size =   866.52 MiB
sched_reserve:  CUDA_Host compute buffer size =   542.02 MiB
sched_reserve: graph nodes  = 2462
sched_reserve: graph splits = 2
sched_reserve: reserve took 348.53 ms, sched copies = 1
slot update_slots: id  2 | task 2689 | n_tokens = 634, memory_seq_rm [634, end)
slot init_sampler: id  2 | task 2689 | init sampler, took 0.12 ms, tokens: text = 372, total = 638
slot update_slots: id  2 | task 2689 | prompt processing done, n_tokens = 638, batch.n_tokens = 4
slot create_check: id  2 | task 2689 | created context checkpoint 2 of 32 (pos_min = 0, pos_max = 633, n_tokens = 634, size = 495.321 MiB)
srv  params_from_: Chat format: peg-gemma4
slot get_availabl: id  1 | task -1 | selected slot by LRU, t_last = -1
srv  get_availabl: updating prompt cache
srv          load:  - looking for better prompt, base f_keep = -1.000, sim = 0.000
srv          load:  - found better prompt with f_keep = 0.475, sim = 0.500
srv        update:  - cache state: 5 prompts, 6146.085 MiB (limits: 8192.000 MiB, 262144 tokens, 262144 est)
srv        update:    - prompt 0xaaaaee585000:     796 tokens, checkpoints:  2,  1274.718 MiB
srv        update:    - prompt 0xaaab09d27230:     728 tokens, checkpoints:  2,  1199.873 MiB
srv        update:    - prompt 0xaaab0a816190:     888 tokens, checkpoints:  2,  1353.783 MiB
srv        update:    - prompt 0xaaaaec4bf030:     695 tokens, checkpoints:  2,  1171.512 MiB
srv        update:    - prompt 0xaaaaf860f1e0:     671 tokens, checkpoints:  2,  1146.199 MiB
srv  get_availabl: prompt cache update took 310.13 ms
slot launch_slot_: id  1 | task -1 | sampler chain: logits -> ?penalties -> ?dry -> ?top-n-sigma -> top-k -> ?typical -> top-p -> min-p -> ?xtc -> ?temp-ext -> dist 
slot launch_slot_: id  1 | task 2903 | processing task, is_child = 0
slot update_slots: id  1 | task 2903 | new prompt, n_ctx_slot = 262144, n_keep = 0, task.n_tokens = 638
slot update_slots: id  1 | task 2903 | n_past = 319, slot.prompt.tokens.size() = 672, seq_id = 1, pos_min = 0, n_swa = 1024
slot update_slots: id  1 | task 2903 | Checking checkpoint with [0, 606] against 0...
slot update_slots: id  1 | task 2903 | restored context checkpoint (pos_min = 0, pos_max = 606, n_tokens = 607, n_past = 319, size = 474.227 MiB)
slot update_slots: id  1 | task 2903 | erased invalidated context checkpoint (pos_min = 0, pos_max = 606, n_tokens = 607, n_swa = 1024, pos_next = 319, size = 474.227 MiB)
slot update_slots: id  1 | task 2903 | n_tokens = 319, memory_seq_rm [319, end)
srv  process_chun: processing image...
encoding image slice...
image slice encoded in 582 ms
decoding image batch 1/1, n_tokens_batch = 266
sched_reserve: reserving ...
sched_reserve:      CUDA0 compute buffer size =   866.52 MiB
sched_reserve:  CUDA_Host compute buffer size =   542.02 MiB
sched_reserve: graph nodes  = 2462
sched_reserve: graph splits = 2
sched_reserve: reserve took 367.81 ms, sched copies = 1
image decoded (batch 1/1) in 728 ms
srv  process_chun: image processed in 1310 ms
slot update_slots: id  1 | task 2903 | prompt processing progress, n_tokens = 634, batch.n_tokens = 50, progress = 0.993730
sched_reserve: reserving ...
sched_reserve:      CUDA0 compute buffer size =   866.52 MiB
sched_reserve:  CUDA_Host compute buffer size =   542.02 MiB
sched_reserve: graph nodes  = 2462
sched_reserve: graph splits = 2
sched_reserve: reserve took 359.63 ms, sched copies = 1
slot update_slots: id  1 | task 2903 | n_tokens = 634, memory_seq_rm [634, end)
slot init_sampler: id  1 | task 2903 | init sampler, took 0.12 ms, tokens: text = 372, total = 638
slot update_slots: id  1 | task 2903 | prompt processing done, n_tokens = 638, batch.n_tokens = 5
slot create_check: id  1 | task 2903 | created context checkpoint 2 of 32 (pos_min = 0, pos_max = 633, n_tokens = 634, size = 495.321 MiB)
srv  params_from_: Chat format: peg-gemma4
slot get_availabl: id  0 | task -1 | selected slot by LRU, t_last = -1
srv  get_availabl: updating prompt cache
srv          load:  - looking for better prompt, base f_keep = -1.000, sim = 0.000
srv          load:  - found better prompt with f_keep = 0.401, sim = 0.500
srv        update:  - cache state: 4 prompts, 4871.367 MiB (limits: 8192.000 MiB, 262144 tokens, 262144 est)
srv        update:    - prompt 0xaaab09d27230:     728 tokens, checkpoints:  2,  1199.873 MiB
srv        update:    - prompt 0xaaab0a816190:     888 tokens, checkpoints:  2,  1353.783 MiB
srv        update:    - prompt 0xaaaaec4bf030:     695 tokens, checkpoints:  2,  1171.512 MiB
srv        update:    - prompt 0xaaaaf860f1e0:     671 tokens, checkpoints:  2,  1146.199 MiB
srv  get_availabl: prompt cache update took 10.69 ms
slot launch_slot_: id  0 | task -1 | sampler chain: logits -> ?penalties -> ?dry -> ?top-n-sigma -> top-k -> ?typical -> top-p -> min-p -> ?xtc -> ?temp-ext -> dist 
slot launch_slot_: id  0 | task 2936 | processing task, is_child = 0
slot update_slots: id  0 | task 2936 | new prompt, n_ctx_slot = 262144, n_keep = 0, task.n_tokens = 638
slot update_slots: id  0 | task 2936 | n_past = 319, slot.prompt.tokens.size() = 796, seq_id = 0, pos_min = 0, n_swa = 1024
slot update_slots: id  0 | task 2936 | Checking checkpoint with [0, 633] against 0...
slot update_slots: id  0 | task 2936 | restored context checkpoint (pos_min = 0, pos_max = 633, n_tokens = 634, n_past = 319, size = 495.321 MiB)
slot update_slots: id  0 | task 2936 | erased invalidated context checkpoint (pos_min = 0, pos_max = 633, n_tokens = 634, n_swa = 1024, pos_next = 319, size = 495.321 MiB)
slot update_slots: id  0 | task 2936 | n_tokens = 319, memory_seq_rm [319, end)
srv  process_chun: processing image...
encoding image slice...
srv          stop: cancel task, id_task = 2689
srv  log_server_r: done request: POST /v1/chat/completions 127.0.0.1 200
image slice encoded in 581 ms
decoding image batch 1/1, n_tokens_batch = 266
sched_reserve: reserving ...
sched_reserve:      CUDA0 compute buffer size =   866.52 MiB
sched_reserve:  CUDA_Host compute buffer size =   542.02 MiB
sched_reserve: graph nodes  = 2462
sched_reserve: graph splits = 2
sched_reserve: reserve took 354.49 ms, sched copies = 1
image decoded (batch 1/1) in 727 ms
srv  process_chun: image processed in 1308 ms
slot update_slots: id  0 | task 2936 | prompt processing progress, n_tokens = 634, batch.n_tokens = 51, progress = 0.993730
sched_reserve: reserving ...
sched_reserve:      CUDA0 compute buffer size =   866.52 MiB
sched_reserve:  CUDA_Host compute buffer size =   542.02 MiB
sched_reserve: graph nodes  = 2462
sched_reserve: graph splits = 2
sched_reserve: reserve took 361.46 ms, sched copies = 1
slot      release: id  2 | task 2689 | stop processing: n_tokens = 882, truncated = 0
slot update_slots: id  0 | task 2936 | n_tokens = 634, memory_seq_rm [634, end)
slot init_sampler: id  0 | task 2936 | init sampler, took 0.14 ms, tokens: text = 372, total = 638
slot update_slots: id  0 | task 2936 | prompt processing done, n_tokens = 638, batch.n_tokens = 5
slot create_check: id  0 | task 2936 | created context checkpoint 2 of 32 (pos_min = 0, pos_max = 633, n_tokens = 634, size = 495.321 MiB)
slot print_timing: id  1 | task 2903 | 
prompt eval time =    2677.46 ms /   319 tokens (    8.39 ms per token,   119.14 tokens per second)
       eval time =   20850.84 ms /   164 tokens (  127.14 ms per token,     7.87 tokens per second)
      total time =   23528.29 ms /   483 tokens
slot      release: id  1 | task 2903 | stop processing: n_tokens = 801, truncated = 0
srv  log_server_r: done request: POST /v1/chat/completions 127.0.0.1 200
srv  params_from_: Chat format: peg-gemma4
slot get_availabl: id  1 | task -1 | selected slot by LCP similarity, sim_best = 0.517 (> 0.100 thold), f_keep = 0.398
srv  get_availabl: updating prompt cache
srv   prompt_save:  - saving prompt with length 801, total state size = 688.379 MiB
srv          load:  - looking for better prompt, base f_keep = 0.398, sim = 0.517
srv        update:  - cache state: 5 prompts, 6150.382 MiB (limits: 8192.000 MiB, 262144 tokens, 262144 est)
srv        update:    - prompt 0xaaab09d27230:     728 tokens, checkpoints:  2,  1199.873 MiB
srv        update:    - prompt 0xaaab0a816190:     888 tokens, checkpoints:  2,  1353.783 MiB
srv        update:    - prompt 0xaaaaec4bf030:     695 tokens, checkpoints:  2,  1171.512 MiB
srv        update:    - prompt 0xaaaaf860f1e0:     671 tokens, checkpoints:  2,  1146.199 MiB
srv        update:    - prompt 0xaaaaee461590:     801 tokens, checkpoints:  2,  1279.015 MiB
srv  get_availabl: prompt cache update took 509.53 ms
slot launch_slot_: id  1 | task -1 | sampler chain: logits -> ?penalties -> ?dry -> ?top-n-sigma -> top-k -> ?typical -> top-p -> min-p -> ?xtc -> ?temp-ext -> dist 
slot launch_slot_: id  1 | task 3072 | processing task, is_child = 0
slot slot_save_an: id  2 | task -1 | saving idle slot to prompt cache
srv   prompt_save:  - saving prompt with length 882, total state size = 757.990 MiB
slot prompt_clear: id  2 | task -1 | clearing prompt with 882 tokens
srv        update:  - cache state: 6 prompts, 7499.008 MiB (limits: 8192.000 MiB, 262144 tokens, 262144 est)
srv        update:    - prompt 0xaaab09d27230:     728 tokens, checkpoints:  2,  1199.873 MiB
srv        update:    - prompt 0xaaab0a816190:     888 tokens, checkpoints:  2,  1353.783 MiB
srv        update:    - prompt 0xaaaaec4bf030:     695 tokens, checkpoints:  2,  1171.512 MiB
srv        update:    - prompt 0xaaaaf860f1e0:     671 tokens, checkpoints:  2,  1146.199 MiB
srv        update:    - prompt 0xaaaaee461590:     801 tokens, checkpoints:  2,  1279.015 MiB
srv        update:    - prompt 0xaaab0b2d0590:     882 tokens, checkpoints:  2,  1348.626 MiB
slot update_slots: id  1 | task 3072 | new prompt, n_ctx_slot = 262144, n_keep = 0, task.n_tokens = 617
slot update_slots: id  1 | task 3072 | n_past = 319, slot.prompt.tokens.size() = 801, seq_id = 1, pos_min = 0, n_swa = 1024
slot update_slots: id  1 | task 3072 | Checking checkpoint with [0, 633] against 0...
slot update_slots: id  1 | task 3072 | restored context checkpoint (pos_min = 0, pos_max = 633, n_tokens = 634, n_past = 319, size = 495.321 MiB)
slot update_slots: id  1 | task 3072 | erased invalidated context checkpoint (pos_min = 0, pos_max = 633, n_tokens = 634, n_swa = 1024, pos_next = 319, size = 495.321 MiB)
slot update_slots: id  1 | task 3072 | n_tokens = 319, memory_seq_rm [319, end)
srv  process_chun: processing image...
encoding image slice...
image slice encoded in 585 ms
decoding image batch 1/1, n_tokens_batch = 266
sched_reserve: reserving ...
sched_reserve:      CUDA0 compute buffer size =   866.52 MiB
sched_reserve:  CUDA_Host compute buffer size =   542.02 MiB
sched_reserve: graph nodes  = 2462
sched_reserve: graph splits = 2
sched_reserve: reserve took 342.93 ms, sched copies = 1
image decoded (batch 1/1) in 719 ms
srv  process_chun: image processed in 1304 ms
slot update_slots: id  1 | task 3072 | prompt processing progress, n_tokens = 613, batch.n_tokens = 29, progress = 0.993517
sched_reserve: reserving ...
sched_reserve:      CUDA0 compute buffer size =   866.52 MiB
sched_reserve:  CUDA_Host compute buffer size =   542.02 MiB
sched_reserve: graph nodes  = 2462
sched_reserve: graph splits = 2
sched_reserve: reserve took 357.21 ms, sched copies = 1
slot update_slots: id  1 | task 3072 | n_tokens = 613, memory_seq_rm [613, end)
slot init_sampler: id  1 | task 3072 | init sampler, took 0.13 ms, tokens: text = 351, total = 617
slot update_slots: id  1 | task 3072 | prompt processing done, n_tokens = 617, batch.n_tokens = 5
slot create_check: id  1 | task 3072 | created context checkpoint 2 of 32 (pos_min = 0, pos_max = 612, n_tokens = 613, size = 478.914 MiB)
srv          stop: cancel task, id_task = 2936
srv  log_server_r: done request: POST /v1/chat/completions 127.0.0.1 200
slot      release: id  0 | task 2936 | stop processing: n_tokens = 856, truncated = 0
srv  params_from_: Chat format: peg-gemma4
slot get_availabl: id  0 | task -1 | selected slot by LCP similarity, sim_best = 1.000 (> 0.100 thold), f_keep = 0.745
slot launch_slot_: id  0 | task -1 | sampler chain: logits -> ?penalties -> ?dry -> ?top-n-sigma -> top-k -> ?typical -> top-p -> min-p -> ?xtc -> ?temp-ext -> dist 
slot launch_slot_: id  0 | task 3162 | processing task, is_child = 0
slot update_slots: id  0 | task 3162 | new prompt, n_ctx_slot = 262144, n_keep = 0, task.n_tokens = 638
slot update_slots: id  0 | task 3162 | n_past = 638, slot.prompt.tokens.size() = 856, seq_id = 0, pos_min = 0, n_swa = 1024
slot update_slots: id  0 | task 3162 | Checking checkpoint with [0, 633] against 0...
slot update_slots: id  0 | task 3162 | restored context checkpoint (pos_min = 0, pos_max = 633, n_tokens = 634, n_past = 633, size = 495.321 MiB)
slot update_slots: id  0 | task 3162 | n_tokens = 633, memory_seq_rm [633, end)
slot update_slots: id  0 | task 3162 | prompt processing progress, n_tokens = 634, batch.n_tokens = 2, progress = 0.993730
slot update_slots: id  0 | task 3162 | n_tokens = 634, memory_seq_rm [634, end)
slot init_sampler: id  0 | task 3162 | init sampler, took 0.11 ms, tokens: text = 372, total = 638
slot update_slots: id  0 | task 3162 | prompt processing done, n_tokens = 638, batch.n_tokens = 5
srv          stop: cancel task, id_task = 3072
srv  log_server_r: done request: POST /v1/chat/completions 127.0.0.1 200
slot      release: id  1 | task 3072 | stop processing: n_tokens = 841, truncated = 0
srv  params_from_: Chat format: peg-gemma4
slot get_availabl: id  1 | task -1 | selected slot by LCP similarity, sim_best = 1.000 (> 0.100 thold), f_keep = 0.734
slot launch_slot_: id  1 | task -1 | sampler chain: logits -> ?penalties -> ?dry -> ?top-n-sigma -> top-k -> ?typical -> top-p -> min-p -> ?xtc -> ?temp-ext -> dist 
slot launch_slot_: id  1 | task 3306 | processing task, is_child = 0
slot update_slots: id  1 | task 3306 | new prompt, n_ctx_slot = 262144, n_keep = 0, task.n_tokens = 617
slot update_slots: id  1 | task 3306 | n_past = 617, slot.prompt.tokens.size() = 841, seq_id = 1, pos_min = 0, n_swa = 1024
slot update_slots: id  1 | task 3306 | Checking checkpoint with [0, 612] against 0...
slot update_slots: id  1 | task 3306 | restored context checkpoint (pos_min = 0, pos_max = 612, n_tokens = 613, n_past = 612, size = 478.914 MiB)
slot update_slots: id  1 | task 3306 | n_tokens = 612, memory_seq_rm [612, end)
slot update_slots: id  1 | task 3306 | prompt processing progress, n_tokens = 613, batch.n_tokens = 2, progress = 0.993517
slot update_slots: id  1 | task 3306 | n_tokens = 613, memory_seq_rm [613, end)
slot init_sampler: id  1 | task 3306 | init sampler, took 0.11 ms, tokens: text = 351, total = 617
slot update_slots: id  1 | task 3306 | prompt processing done, n_tokens = 617, batch.n_tokens = 5
srv          stop: cancel task, id_task = 3162
srv  log_server_r: done request: POST /v1/chat/completions 127.0.0.1 200
slot      release: id  0 | task 3162 | stop processing: n_tokens = 880, truncated = 0
slot print_timing: id  1 | task 3306 | 
prompt eval time =    1622.78 ms /     5 tokens (  324.56 ms per token,     3.08 tokens per second)
       eval time =   21248.46 ms /   199 tokens (  106.78 ms per token,     9.37 tokens per second)
      total time =   22871.24 ms /   204 tokens
slot      release: id  1 | task 3306 | stop processing: n_tokens = 815, truncated = 0
srv  update_slots: all slots are idle
srv  log_server_r: done request: POST /v1/chat/completions 127.0.0.1 200
srv  params_from_: Chat format: peg-gemma4
slot get_availabl: id  0 | task -1 | selected slot by LCP similarity, sim_best = 0.522 (> 0.100 thold), f_keep = 0.363
srv  get_availabl: updating prompt cache
srv   prompt_save:  - saving prompt with length 880, total state size = 756.272 MiB
srv          load:  - looking for better prompt, base f_keep = 0.363, sim = 0.522
srv        update:  - cache size limit reached, removing oldest entry (size = 1199.873 MiB)
srv        update:  - cache state: 6 prompts, 7646.043 MiB (limits: 8192.000 MiB, 262144 tokens, 262144 est)
srv        update:    - prompt 0xaaab0a816190:     888 tokens, checkpoints:  2,  1353.783 MiB
srv        update:    - prompt 0xaaaaec4bf030:     695 tokens, checkpoints:  2,  1171.512 MiB
srv        update:    - prompt 0xaaaaf860f1e0:     671 tokens, checkpoints:  2,  1146.199 MiB
srv        update:    - prompt 0xaaaaee461590:     801 tokens, checkpoints:  2,  1279.015 MiB
srv        update:    - prompt 0xaaab0b2d0590:     882 tokens, checkpoints:  2,  1348.626 MiB
srv        update:    - prompt 0xaaaaf9eaae00:     880 tokens, checkpoints:  2,  1346.908 MiB
srv  get_availabl: prompt cache update took 736.48 ms
slot launch_slot_: id  0 | task -1 | sampler chain: logits -> ?penalties -> ?dry -> ?top-n-sigma -> top-k -> ?typical -> top-p -> min-p -> ?xtc -> ?temp-ext -> dist 
slot launch_slot_: id  0 | task 3508 | processing task, is_child = 0
slot slot_save_an: id  1 | task -1 | saving idle slot to prompt cache
srv   prompt_save:  - saving prompt with length 815, total state size = 700.411 MiB
slot prompt_clear: id  1 | task -1 | clearing prompt with 815 tokens
srv        update:  - cache size limit reached, removing oldest entry (size = 1353.783 MiB)
srv        update:  - cache state: 6 prompts, 7566.901 MiB (limits: 8192.000 MiB, 262144 tokens, 262144 est)
srv        update:    - prompt 0xaaaaec4bf030:     695 tokens, checkpoints:  2,  1171.512 MiB
srv        update:    - prompt 0xaaaaf860f1e0:     671 tokens, checkpoints:  2,  1146.199 MiB
srv        update:    - prompt 0xaaaaee461590:     801 tokens, checkpoints:  2,  1279.015 MiB
srv        update:    - prompt 0xaaab0b2d0590:     882 tokens, checkpoints:  2,  1348.626 MiB
srv        update:    - prompt 0xaaaaf9eaae00:     880 tokens, checkpoints:  2,  1346.908 MiB
srv        update:    - prompt 0xaaab09d27230:     815 tokens, checkpoints:  2,  1274.640 MiB
slot update_slots: id  0 | task 3508 | new prompt, n_ctx_slot = 262144, n_keep = 0, task.n_tokens = 611
slot update_slots: id  0 | task 3508 | n_past = 319, slot.prompt.tokens.size() = 880, seq_id = 0, pos_min = 0, n_swa = 1024
slot update_slots: id  0 | task 3508 | Checking checkpoint with [0, 633] against 0...
slot update_slots: id  0 | task 3508 | restored context checkpoint (pos_min = 0, pos_max = 633, n_tokens = 634, n_past = 319, size = 495.321 MiB)
slot update_slots: id  0 | task 3508 | erased invalidated context checkpoint (pos_min = 0, pos_max = 633, n_tokens = 634, n_swa = 1024, pos_next = 319, size = 495.321 MiB)
slot update_slots: id  0 | task 3508 | n_tokens = 319, memory_seq_rm [319, end)
srv  process_chun: processing image...
encoding image slice...
image slice encoded in 585 ms
decoding image batch 1/1, n_tokens_batch = 266
sched_reserve: reserving ...
sched_reserve:      CUDA0 compute buffer size =   866.52 MiB
sched_reserve:  CUDA_Host compute buffer size =   542.02 MiB
sched_reserve: graph nodes  = 2462
sched_reserve: graph splits = 2
sched_reserve: reserve took 385.16 ms, sched copies = 1
image decoded (batch 1/1) in 751 ms
srv  process_chun: image processed in 1336 ms
slot update_slots: id  0 | task 3508 | prompt processing progress, n_tokens = 607, batch.n_tokens = 22, progress = 0.993453
sched_reserve: reserving ...
sched_reserve:      CUDA0 compute buffer size =   866.52 MiB
sched_reserve:  CUDA_Host compute buffer size =   542.02 MiB
sched_reserve: graph nodes  = 2462
sched_reserve: graph splits = 2
sched_reserve: reserve took 358.05 ms, sched copies = 1
slot update_slots: id  0 | task 3508 | n_tokens = 607, memory_seq_rm [607, end)
slot init_sampler: id  0 | task 3508 | init sampler, took 0.11 ms, tokens: text = 345, total = 611
slot update_slots: id  0 | task 3508 | prompt processing done, n_tokens = 611, batch.n_tokens = 4
slot create_check: id  0 | task 3508 | created context checkpoint 2 of 32 (pos_min = 0, pos_max = 606, n_tokens = 607, size = 474.227 MiB)
slot print_timing: id  0 | task 3508 | 
prompt eval time =    2583.01 ms /   292 tokens (    8.85 ms per token,   113.05 tokens per second)
       eval time =    4036.80 ms /    41 tokens (   98.46 ms per token,    10.16 tokens per second)
      total time =    6619.81 ms /   333 tokens
slot      release: id  0 | task 3508 | stop processing: n_tokens = 651, truncated = 0
srv  update_slots: all slots are idle
srv  log_server_r: done request: POST /v1/chat/completions 127.0.0.1 200
srv  params_from_: Chat format: peg-gemma4
slot get_availabl: id  0 | task -1 | selected slot by LCP similarity, sim_best = 0.500 (> 0.100 thold), f_keep = 0.490
srv  get_availabl: updating prompt cache
srv   prompt_save:  - saving prompt with length 651, total state size = 559.469 MiB
srv          load:  - looking for better prompt, base f_keep = 0.490, sim = 0.500
srv        update:  - cache size limit reached, removing oldest entry (size = 1171.512 MiB)
srv        update:  - cache state: 6 prompts, 7524.400 MiB (limits: 8192.000 MiB, 262144 tokens, 262144 est)
srv        update:    - prompt 0xaaaaf860f1e0:     671 tokens, checkpoints:  2,  1146.199 MiB
srv        update:    - prompt 0xaaaaee461590:     801 tokens, checkpoints:  2,  1279.015 MiB
srv        update:    - prompt 0xaaab0b2d0590:     882 tokens, checkpoints:  2,  1348.626 MiB
srv        update:    - prompt 0xaaaaf9eaae00:     880 tokens, checkpoints:  2,  1346.908 MiB
srv        update:    - prompt 0xaaab09d27230:     815 tokens, checkpoints:  2,  1274.640 MiB
srv        update:    - prompt 0xaaaaee44b370:     651 tokens, checkpoints:  2,  1129.011 MiB
srv  get_availabl: prompt cache update took 82.34 ms
slot launch_slot_: id  0 | task -1 | sampler chain: logits -> ?penalties -> ?dry -> ?top-n-sigma -> top-k -> ?typical -> top-p -> min-p -> ?xtc -> ?temp-ext -> dist 
slot launch_slot_: id  0 | task 3551 | processing task, is_child = 0
slot update_slots: id  0 | task 3551 | new prompt, n_ctx_slot = 262144, n_keep = 0, task.n_tokens = 638
slot update_slots: id  0 | task 3551 | n_past = 319, slot.prompt.tokens.size() = 651, seq_id = 0, pos_min = 0, n_swa = 1024
slot update_slots: id  0 | task 3551 | Checking checkpoint with [0, 606] against 0...
slot update_slots: id  0 | task 3551 | restored context checkpoint (pos_min = 0, pos_max = 606, n_tokens = 607, n_past = 319, size = 474.227 MiB)
slot update_slots: id  0 | task 3551 | erased invalidated context checkpoint (pos_min = 0, pos_max = 606, n_tokens = 607, n_swa = 1024, pos_next = 319, size = 474.227 MiB)
slot update_slots: id  0 | task 3551 | n_tokens = 319, memory_seq_rm [319, end)
srv  process_chun: processing image...
encoding image slice...
image slice encoded in 580 ms
decoding image batch 1/1, n_tokens_batch = 266
sched_reserve: reserving ...
sched_reserve:      CUDA0 compute buffer size =   866.52 MiB
sched_reserve:  CUDA_Host compute buffer size =   542.02 MiB
sched_reserve: graph nodes  = 2462
sched_reserve: graph splits = 2
sched_reserve: reserve took 341.08 ms, sched copies = 1
image decoded (batch 1/1) in 700 ms
srv  process_chun: image processed in 1281 ms
slot update_slots: id  0 | task 3551 | prompt processing progress, n_tokens = 634, batch.n_tokens = 49, progress = 0.993730
sched_reserve: reserving ...
sched_reserve:      CUDA0 compute buffer size =   866.52 MiB
sched_reserve:  CUDA_Host compute buffer size =   542.02 MiB
sched_reserve: graph nodes  = 2462
sched_reserve: graph splits = 2
sched_reserve: reserve took 340.47 ms, sched copies = 1
slot update_slots: id  0 | task 3551 | n_tokens = 634, memory_seq_rm [634, end)
slot init_sampler: id  0 | task 3551 | init sampler, took 0.12 ms, tokens: text = 372, total = 638
slot update_slots: id  0 | task 3551 | prompt processing done, n_tokens = 638, batch.n_tokens = 4
slot create_check: id  0 | task 3551 | created context checkpoint 2 of 32 (pos_min = 0, pos_max = 633, n_tokens = 634, size = 495.321 MiB)
srv  params_from_: Chat format: peg-gemma4
slot get_availabl: id  3 | task -1 | selected slot by LRU, t_last = 429986008267
srv  get_availabl: updating prompt cache
srv          load:  - looking for better prompt, base f_keep = -1.000, sim = 0.000
srv          load:  - found better prompt with f_keep = 0.475, sim = 0.500
srv        update:  - cache state: 5 prompts, 6378.201 MiB (limits: 8192.000 MiB, 262144 tokens, 262144 est)
srv        update:    - prompt 0xaaaaee461590:     801 tokens, checkpoints:  2,  1279.015 MiB
srv        update:    - prompt 0xaaab0b2d0590:     882 tokens, checkpoints:  2,  1348.626 MiB
srv        update:    - prompt 0xaaaaf9eaae00:     880 tokens, checkpoints:  2,  1346.908 MiB
srv        update:    - prompt 0xaaab09d27230:     815 tokens, checkpoints:  2,  1274.640 MiB
srv        update:    - prompt 0xaaaaee44b370:     651 tokens, checkpoints:  2,  1129.011 MiB
srv  get_availabl: prompt cache update took 22.05 ms
slot launch_slot_: id  3 | task -1 | sampler chain: logits -> ?penalties -> ?dry -> ?top-n-sigma -> top-k -> ?typical -> top-p -> min-p -> ?xtc -> ?temp-ext -> dist 
slot launch_slot_: id  3 | task 3631 | processing task, is_child = 0
slot update_slots: id  3 | task 3631 | new prompt, n_ctx_slot = 262144, n_keep = 0, task.n_tokens = 638
slot update_slots: id  3 | task 3631 | n_past = 319, slot.prompt.tokens.size() = 671, seq_id = 3, pos_min = 0, n_swa = 1024
slot update_slots: id  3 | task 3631 | Checking checkpoint with [0, 606] against 0...
slot update_slots: id  3 | task 3631 | restored context checkpoint (pos_min = 0, pos_max = 606, n_tokens = 607, n_past = 319, size = 474.227 MiB)
slot update_slots: id  3 | task 3631 | erased invalidated context checkpoint (pos_min = 0, pos_max = 606, n_tokens = 607, n_swa = 1024, pos_next = 319, size = 474.227 MiB)
slot update_slots: id  3 | task 3631 | n_tokens = 319, memory_seq_rm [319, end)
srv  process_chun: processing image...
encoding image slice...
image slice encoded in 580 ms
decoding image batch 1/1, n_tokens_batch = 266
sched_reserve: reserving ...
sched_reserve:      CUDA0 compute buffer size =   866.52 MiB
sched_reserve:  CUDA_Host compute buffer size =   542.02 MiB
sched_reserve: graph nodes  = 2462
sched_reserve: graph splits = 2
sched_reserve: reserve took 369.21 ms, sched copies = 1
image decoded (batch 1/1) in 734 ms
srv  process_chun: image processed in 1315 ms
slot update_slots: id  3 | task 3631 | prompt processing progress, n_tokens = 634, batch.n_tokens = 50, progress = 0.993730
sched_reserve: reserving ...
sched_reserve:      CUDA0 compute buffer size =   866.52 MiB
sched_reserve:  CUDA_Host compute buffer size =   542.02 MiB
sched_reserve: graph nodes  = 2462
sched_reserve: graph splits = 2
sched_reserve: reserve took 350.37 ms, sched copies = 1
slot update_slots: id  3 | task 3631 | n_tokens = 634, memory_seq_rm [634, end)
slot init_sampler: id  3 | task 3631 | init sampler, took 0.15 ms, tokens: text = 372, total = 638
slot update_slots: id  3 | task 3631 | prompt processing done, n_tokens = 638, batch.n_tokens = 5
slot create_check: id  3 | task 3631 | created context checkpoint 2 of 32 (pos_min = 0, pos_max = 633, n_tokens = 634, size = 495.321 MiB)
slot print_timing: id  0 | task 3551 | 
prompt eval time =    2563.04 ms /   319 tokens (    8.03 ms per token,   124.46 tokens per second)
       eval time =   21148.25 ms /   177 tokens (  119.48 ms per token,     8.37 tokens per second)
      total time =   23711.29 ms /   496 tokens
slot      release: id  0 | task 3551 | stop processing: n_tokens = 814, truncated = 0
srv  log_server_r: done request: POST /v1/chat/completions 127.0.0.1 200
slot print_timing: id  3 | task 3631 | 
prompt eval time =    2708.94 ms /   319 tokens (    8.49 ms per token,   117.76 tokens per second)
       eval time =   17306.29 ms /   161 tokens (  107.49 ms per token,     9.30 tokens per second)
      total time =   20015.23 ms /   480 tokens
slot      release: id  3 | task 3631 | stop processing: n_tokens = 798, truncated = 0
srv  update_slots: all slots are idle
srv  log_server_r: done request: POST /v1/chat/completions 127.0.0.1 200
srv  params_from_: Chat format: peg-gemma4
slot get_availabl: id  0 | task -1 | selected slot by LCP similarity, sim_best = 0.517 (> 0.100 thold), f_keep = 0.392
srv  get_availabl: updating prompt cache
srv   prompt_save:  - saving prompt with length 814, total state size = 699.551 MiB
srv          load:  - looking for better prompt, base f_keep = 0.392, sim = 0.517
srv        update:  - cache state: 6 prompts, 7668.388 MiB (limits: 8192.000 MiB, 262144 tokens, 262144 est)
srv        update:    - prompt 0xaaaaee461590:     801 tokens, checkpoints:  2,  1279.015 MiB
srv        update:    - prompt 0xaaab0b2d0590:     882 tokens, checkpoints:  2,  1348.626 MiB
srv        update:    - prompt 0xaaaaf9eaae00:     880 tokens, checkpoints:  2,  1346.908 MiB
srv        update:    - prompt 0xaaab09d27230:     815 tokens, checkpoints:  2,  1274.640 MiB
srv        update:    - prompt 0xaaaaee44b370:     651 tokens, checkpoints:  2,  1129.011 MiB
srv        update:    - prompt 0xaaab0955c480:     814 tokens, checkpoints:  2,  1290.187 MiB
srv  get_availabl: prompt cache update took 353.68 ms
slot launch_slot_: id  0 | task -1 | sampler chain: logits -> ?penalties -> ?dry -> ?top-n-sigma -> top-k -> ?typical -> top-p -> min-p -> ?xtc -> ?temp-ext -> dist 
slot launch_slot_: id  0 | task 3794 | processing task, is_child = 0
slot slot_save_an: id  3 | task -1 | saving idle slot to prompt cache
srv   prompt_save:  - saving prompt with length 798, total state size = 685.801 MiB
slot prompt_clear: id  3 | task -1 | clearing prompt with 798 tokens
srv        update:  - cache size limit reached, removing oldest entry (size = 1279.015 MiB)
srv        update:  - cache state: 6 prompts, 7665.810 MiB (limits: 8192.000 MiB, 262144 tokens, 262144 est)
srv        update:    - prompt 0xaaab0b2d0590:     882 tokens, checkpoints:  2,  1348.626 MiB
srv        update:    - prompt 0xaaaaf9eaae00:     880 tokens, checkpoints:  2,  1346.908 MiB
srv        update:    - prompt 0xaaab09d27230:     815 tokens, checkpoints:  2,  1274.640 MiB
srv        update:    - prompt 0xaaaaee44b370:     651 tokens, checkpoints:  2,  1129.011 MiB
srv        update:    - prompt 0xaaab0955c480:     814 tokens, checkpoints:  2,  1290.187 MiB
srv        update:    - prompt 0xaaab0b2cc790:     798 tokens, checkpoints:  2,  1276.437 MiB
slot update_slots: id  0 | task 3794 | new prompt, n_ctx_slot = 262144, n_keep = 0, task.n_tokens = 617
slot update_slots: id  0 | task 3794 | n_past = 319, slot.prompt.tokens.size() = 814, seq_id = 0, pos_min = 0, n_swa = 1024
slot update_slots: id  0 | task 3794 | Checking checkpoint with [0, 633] against 0...
slot update_slots: id  0 | task 3794 | restored context checkpoint (pos_min = 0, pos_max = 633, n_tokens = 634, n_past = 319, size = 495.321 MiB)
slot update_slots: id  0 | task 3794 | erased invalidated context checkpoint (pos_min = 0, pos_max = 633, n_tokens = 634, n_swa = 1024, pos_next = 319, size = 495.321 MiB)
slot update_slots: id  0 | task 3794 | n_tokens = 319, memory_seq_rm [319, end)
srv  process_chun: processing image...
encoding image slice...
image slice encoded in 582 ms
decoding image batch 1/1, n_tokens_batch = 266
sched_reserve: reserving ...
sched_reserve:      CUDA0 compute buffer size =   866.52 MiB
sched_reserve:  CUDA_Host compute buffer size =   542.02 MiB
sched_reserve: graph nodes  = 2462
sched_reserve: graph splits = 2
sched_reserve: reserve took 356.63 ms, sched copies = 1
image decoded (batch 1/1) in 718 ms
srv  process_chun: image processed in 1301 ms
slot update_slots: id  0 | task 3794 | prompt processing progress, n_tokens = 613, batch.n_tokens = 28, progress = 0.993517
sched_reserve: reserving ...
sched_reserve:      CUDA0 compute buffer size =   866.52 MiB
sched_reserve:  CUDA_Host compute buffer size =   542.02 MiB
sched_reserve: graph nodes  = 2462
sched_reserve: graph splits = 2
sched_reserve: reserve took 357.06 ms, sched copies = 1
slot update_slots: id  0 | task 3794 | n_tokens = 613, memory_seq_rm [613, end)
slot init_sampler: id  0 | task 3794 | init sampler, took 0.11 ms, tokens: text = 351, total = 617
slot update_slots: id  0 | task 3794 | prompt processing done, n_tokens = 617, batch.n_tokens = 4
slot create_check: id  0 | task 3794 | created context checkpoint 2 of 32 (pos_min = 0, pos_max = 612, n_tokens = 613, size = 478.914 MiB)
slot print_timing: id  0 | task 3794 | 
prompt eval time =    2569.71 ms /   298 tokens (    8.62 ms per token,   115.97 tokens per second)
       eval time =   25833.58 ms /   256 tokens (  100.91 ms per token,     9.91 tokens per second)
      total time =   28403.29 ms /   554 tokens
slot      release: id  0 | task 3794 | stop processing: n_tokens = 872, truncated = 0
srv  update_slots: all slots are idle
srv  log_server_r: done request: POST /v1/chat/completions 127.0.0.1 200
srv  params_from_: Chat format: peg-gemma4
slot get_availabl: id  0 | task -1 | selected slot by LCP similarity, sim_best = 0.925 (> 0.100 thold), f_keep = 0.708
slot launch_slot_: id  0 | task -1 | sampler chain: logits -> ?penalties -> ?dry -> ?top-n-sigma -> top-k -> ?typical -> top-p -> min-p -> ?xtc -> ?temp-ext -> dist 
slot launch_slot_: id  0 | task 4052 | processing task, is_child = 0
slot update_slots: id  0 | task 4052 | new prompt, n_ctx_slot = 262144, n_keep = 0, task.n_tokens = 667
slot update_slots: id  0 | task 4052 | n_past = 617, slot.prompt.tokens.size() = 872, seq_id = 0, pos_min = 0, n_swa = 1024
slot update_slots: id  0 | task 4052 | Checking checkpoint with [0, 612] against 0...
slot update_slots: id  0 | task 4052 | restored context checkpoint (pos_min = 0, pos_max = 612, n_tokens = 613, n_past = 612, size = 478.914 MiB)
slot update_slots: id  0 | task 4052 | n_tokens = 612, memory_seq_rm [612, end)
slot update_slots: id  0 | task 4052 | prompt processing progress, n_tokens = 663, batch.n_tokens = 51, progress = 0.994003
slot update_slots: id  0 | task 4052 | n_tokens = 663, memory_seq_rm [663, end)
slot init_sampler: id  0 | task 4052 | init sampler, took 0.12 ms, tokens: text = 401, total = 667
slot update_slots: id  0 | task 4052 | prompt processing done, n_tokens = 667, batch.n_tokens = 4
slot print_timing: id  0 | task 4052 | 
prompt eval time =     411.56 ms /    55 tokens (    7.48 ms per token,   133.64 tokens per second)
       eval time =   12186.43 ms /   121 tokens (  100.71 ms per token,     9.93 tokens per second)
      total time =   12597.99 ms /   176 tokens
slot      release: id  0 | task 4052 | stop processing: n_tokens = 787, truncated = 0
srv  update_slots: all slots are idle
srv  log_server_r: done request: POST /v1/chat/completions 127.0.0.1 200
srv  params_from_: Chat format: peg-gemma4
slot get_availabl: id  0 | task -1 | selected slot by LCP similarity, sim_best = 0.500 (> 0.100 thold), f_keep = 0.405
srv  get_availabl: updating prompt cache
srv   prompt_save:  - saving prompt with length 787, total state size = 676.348 MiB
srv          load:  - looking for better prompt, base f_keep = 0.405, sim = 0.500
srv        update:  - cache size limit reached, removing oldest entry (size = 1348.626 MiB)
srv        update:  - cache state: 6 prompts, 7567.760 MiB (limits: 8192.000 MiB, 262144 tokens, 262144 est)
srv        update:    - prompt 0xaaaaf9eaae00:     880 tokens, checkpoints:  2,  1346.908 MiB
srv        update:    - prompt 0xaaab09d27230:     815 tokens, checkpoints:  2,  1274.640 MiB
srv        update:    - prompt 0xaaaaee44b370:     651 tokens, checkpoints:  2,  1129.011 MiB
srv        update:    - prompt 0xaaab0955c480:     814 tokens, checkpoints:  2,  1290.187 MiB
srv        update:    - prompt 0xaaab0b2cc790:     798 tokens, checkpoints:  2,  1276.437 MiB
srv        update:    - prompt 0xaaaaec7f9d40:     787 tokens, checkpoints:  2,  1250.577 MiB
srv  get_availabl: prompt cache update took 130.09 ms
slot launch_slot_: id  0 | task -1 | sampler chain: logits -> ?penalties -> ?dry -> ?top-n-sigma -> top-k -> ?typical -> top-p -> min-p -> ?xtc -> ?temp-ext -> dist 
slot launch_slot_: id  0 | task 4175 | processing task, is_child = 0
slot update_slots: id  0 | task 4175 | new prompt, n_ctx_slot = 262144, n_keep = 0, task.n_tokens = 638
slot update_slots: id  0 | task 4175 | n_past = 319, slot.prompt.tokens.size() = 787, seq_id = 0, pos_min = 0, n_swa = 1024
slot update_slots: id  0 | task 4175 | Checking checkpoint with [0, 612] against 0...
slot update_slots: id  0 | task 4175 | restored context checkpoint (pos_min = 0, pos_max = 612, n_tokens = 613, n_past = 319, size = 478.914 MiB)
slot update_slots: id  0 | task 4175 | erased invalidated context checkpoint (pos_min = 0, pos_max = 612, n_tokens = 613, n_swa = 1024, pos_next = 319, size = 478.914 MiB)
slot update_slots: id  0 | task 4175 | n_tokens = 319, memory_seq_rm [319, end)
srv  process_chun: processing image...
encoding image slice...
image slice encoded in 623 ms
decoding image batch 1/1, n_tokens_batch = 266
sched_reserve: reserving ...
sched_reserve:      CUDA0 compute buffer size =   866.52 MiB
sched_reserve:  CUDA_Host compute buffer size =   542.02 MiB
sched_reserve: graph nodes  = 2462
sched_reserve: graph splits = 2
sched_reserve: reserve took 381.02 ms, sched copies = 1
image decoded (batch 1/1) in 749 ms
srv  process_chun: image processed in 1372 ms
slot update_slots: id  0 | task 4175 | prompt processing progress, n_tokens = 634, batch.n_tokens = 49, progress = 0.993730
sched_reserve: reserving ...
sched_reserve:      CUDA0 compute buffer size =   866.52 MiB
sched_reserve:  CUDA_Host compute buffer size =   542.02 MiB
sched_reserve: graph nodes  = 2462
sched_reserve: graph splits = 2
sched_reserve: reserve took 373.08 ms, sched copies = 1
slot update_slots: id  0 | task 4175 | n_tokens = 634, memory_seq_rm [634, end)
slot init_sampler: id  0 | task 4175 | init sampler, took 0.12 ms, tokens: text = 372, total = 638
slot update_slots: id  0 | task 4175 | prompt processing done, n_tokens = 638, batch.n_tokens = 4
slot create_check: id  0 | task 4175 | created context checkpoint 2 of 32 (pos_min = 0, pos_max = 633, n_tokens = 634, size = 495.321 MiB)
slot print_timing: id  0 | task 4175 | 
prompt eval time =    2723.55 ms /   319 tokens (    8.54 ms per token,   117.13 tokens per second)
       eval time =   25438.46 ms /   256 tokens (   99.37 ms per token,    10.06 tokens per second)
      total time =   28162.01 ms /   575 tokens
slot      release: id  0 | task 4175 | stop processing: n_tokens = 893, truncated = 0
srv  update_slots: all slots are idle
srv  log_server_r: done request: POST /v1/chat/completions 127.0.0.1 200
srv  params_from_: Chat format: peg-gemma4
slot get_availabl: id  0 | task -1 | selected slot by LCP similarity, sim_best = 0.927 (> 0.100 thold), f_keep = 0.714
slot launch_slot_: id  0 | task -1 | sampler chain: logits -> ?penalties -> ?dry -> ?top-n-sigma -> top-k -> ?typical -> top-p -> min-p -> ?xtc -> ?temp-ext -> dist 
slot launch_slot_: id  0 | task 4433 | processing task, is_child = 0
slot update_slots: id  0 | task 4433 | new prompt, n_ctx_slot = 262144, n_keep = 0, task.n_tokens = 688
slot update_slots: id  0 | task 4433 | n_past = 638, slot.prompt.tokens.size() = 893, seq_id = 0, pos_min = 0, n_swa = 1024
slot update_slots: id  0 | task 4433 | Checking checkpoint with [0, 633] against 0...
slot update_slots: id  0 | task 4433 | restored context checkpoint (pos_min = 0, pos_max = 633, n_tokens = 634, n_past = 633, size = 495.321 MiB)
slot update_slots: id  0 | task 4433 | n_tokens = 633, memory_seq_rm [633, end)
slot update_slots: id  0 | task 4433 | prompt processing progress, n_tokens = 684, batch.n_tokens = 51, progress = 0.994186
slot update_slots: id  0 | task 4433 | n_tokens = 684, memory_seq_rm [684, end)
slot init_sampler: id  0 | task 4433 | init sampler, took 0.13 ms, tokens: text = 422, total = 688
slot update_slots: id  0 | task 4433 | prompt processing done, n_tokens = 688, batch.n_tokens = 4
slot print_timing: id  0 | task 4433 | 
prompt eval time =     407.26 ms /    55 tokens (    7.40 ms per token,   135.05 tokens per second)
       eval time =   25143.55 ms /   252 tokens (   99.78 ms per token,    10.02 tokens per second)
      total time =   25550.81 ms /   307 tokens
slot      release: id  0 | task 4433 | stop processing: n_tokens = 939, truncated = 0
srv  update_slots: all slots are idle
srv  log_server_r: done request: POST /v1/chat/completions 127.0.0.1 200
srv  params_from_: Chat format: peg-gemma4
slot get_availabl: id  0 | task -1 | selected slot by LCP similarity, sim_best = 0.517 (> 0.100 thold), f_keep = 0.340
srv  get_availabl: updating prompt cache
srv   prompt_save:  - saving prompt with length 939, total state size = 806.976 MiB
srv          load:  - looking for better prompt, base f_keep = 0.340, sim = 0.517
srv        update:  - cache size limit reached, removing oldest entry (size = 1346.908 MiB)
srv        update:  - cache state: 6 prompts, 7618.465 MiB (limits: 8192.000 MiB, 262144 tokens, 262144 est)
srv        update:    - prompt 0xaaab09d27230:     815 tokens, checkpoints:  2,  1274.640 MiB
srv        update:    - prompt 0xaaaaee44b370:     651 tokens, checkpoints:  2,  1129.011 MiB
srv        update:    - prompt 0xaaab0955c480:     814 tokens, checkpoints:  2,  1290.187 MiB
srv        update:    - prompt 0xaaab0b2cc790:     798 tokens, checkpoints:  2,  1276.437 MiB
srv        update:    - prompt 0xaaaaec7f9d40:     787 tokens, checkpoints:  2,  1250.577 MiB
srv        update:    - prompt 0xaaaaee4665d0:     939 tokens, checkpoints:  2,  1397.612 MiB
srv  get_availabl: prompt cache update took 236.23 ms
slot launch_slot_: id  0 | task -1 | sampler chain: logits -> ?penalties -> ?dry -> ?top-n-sigma -> top-k -> ?typical -> top-p -> min-p -> ?xtc -> ?temp-ext -> dist 
slot launch_slot_: id  0 | task 4687 | processing task, is_child = 0
slot update_slots: id  0 | task 4687 | new prompt, n_ctx_slot = 262144, n_keep = 0, task.n_tokens = 617
slot update_slots: id  0 | task 4687 | n_past = 319, slot.prompt.tokens.size() = 939, seq_id = 0, pos_min = 0, n_swa = 1024
slot update_slots: id  0 | task 4687 | Checking checkpoint with [0, 633] against 0...
slot update_slots: id  0 | task 4687 | restored context checkpoint (pos_min = 0, pos_max = 633, n_tokens = 634, n_past = 319, size = 495.321 MiB)
slot update_slots: id  0 | task 4687 | erased invalidated context checkpoint (pos_min = 0, pos_max = 633, n_tokens = 634, n_swa = 1024, pos_next = 319, size = 495.321 MiB)
slot update_slots: id  0 | task 4687 | n_tokens = 319, memory_seq_rm [319, end)
srv  process_chun: processing image...
encoding image slice...
image slice encoded in 578 ms
decoding image batch 1/1, n_tokens_batch = 266
sched_reserve: reserving ...
sched_reserve:      CUDA0 compute buffer size =   866.52 MiB
sched_reserve:  CUDA_Host compute buffer size =   542.02 MiB
sched_reserve: graph nodes  = 2462
sched_reserve: graph splits = 2
sched_reserve: reserve took 373.46 ms, sched copies = 1
image decoded (batch 1/1) in 734 ms
srv  process_chun: image processed in 1312 ms
slot update_slots: id  0 | task 4687 | prompt processing progress, n_tokens = 613, batch.n_tokens = 28, progress = 0.993517
sched_reserve: reserving ...
sched_reserve:      CUDA0 compute buffer size =   866.52 MiB
sched_reserve:  CUDA_Host compute buffer size =   542.02 MiB
sched_reserve: graph nodes  = 2462
sched_reserve: graph splits = 2
sched_reserve: reserve took 354.81 ms, sched copies = 1
slot update_slots: id  0 | task 4687 | n_tokens = 613, memory_seq_rm [613, end)
slot init_sampler: id  0 | task 4687 | init sampler, took 0.11 ms, tokens: text = 351, total = 617
slot update_slots: id  0 | task 4687 | prompt processing done, n_tokens = 617, batch.n_tokens = 4
slot create_check: id  0 | task 4687 | created context checkpoint 2 of 32 (pos_min = 0, pos_max = 612, n_tokens = 613, size = 478.914 MiB)
slot print_timing: id  0 | task 4687 | 
prompt eval time =    2560.14 ms /   298 tokens (    8.59 ms per token,   116.40 tokens per second)
       eval time =   11744.33 ms /   118 tokens (   99.53 ms per token,    10.05 tokens per second)
      total time =   14304.47 ms /   416 tokens
slot      release: id  0 | task 4687 | stop processing: n_tokens = 734, truncated = 0
srv  update_slots: all slots are idle
srv  log_server_r: done request: POST /v1/chat/completions 127.0.0.1 200
srv  params_from_: Chat format: peg-gemma4
slot get_availabl: id  0 | task -1 | selected slot by LCP similarity, sim_best = 0.522 (> 0.100 thold), f_keep = 0.435
srv  get_availabl: updating prompt cache
srv   prompt_save:  - saving prompt with length 734, total state size = 630.799 MiB
srv          load:  - looking for better prompt, base f_keep = 0.435, sim = 0.522
srv        update:  - cache size limit reached, removing oldest entry (size = 1274.640 MiB)
srv        update:  - cache state: 6 prompts, 7548.854 MiB (limits: 8192.000 MiB, 262144 tokens, 262144 est)
srv        update:    - prompt 0xaaaaee44b370:     651 tokens, checkpoints:  2,  1129.011 MiB
srv        update:    - prompt 0xaaab0955c480:     814 tokens, checkpoints:  2,  1290.187 MiB
srv        update:    - prompt 0xaaab0b2cc790:     798 tokens, checkpoints:  2,  1276.437 MiB
srv        update:    - prompt 0xaaaaec7f9d40:     787 tokens, checkpoints:  2,  1250.577 MiB
srv        update:    - prompt 0xaaaaee4665d0:     939 tokens, checkpoints:  2,  1397.612 MiB
srv        update:    - prompt 0xaaaaf9cb5610:     734 tokens, checkpoints:  2,  1205.029 MiB
srv  get_availabl: prompt cache update took 344.18 ms
slot launch_slot_: id  0 | task -1 | sampler chain: logits -> ?penalties -> ?dry -> ?top-n-sigma -> top-k -> ?typical -> top-p -> min-p -> ?xtc -> ?temp-ext -> dist 
slot launch_slot_: id  0 | task 4807 | processing task, is_child = 0
slot update_slots: id  0 | task 4807 | new prompt, n_ctx_slot = 262144, n_keep = 0, task.n_tokens = 611
slot update_slots: id  0 | task 4807 | n_past = 319, slot.prompt.tokens.size() = 734, seq_id = 0, pos_min = 0, n_swa = 1024
slot update_slots: id  0 | task 4807 | Checking checkpoint with [0, 612] against 0...
slot update_slots: id  0 | task 4807 | restored context checkpoint (pos_min = 0, pos_max = 612, n_tokens = 613, n_past = 319, size = 478.914 MiB)
slot update_slots: id  0 | task 4807 | erased invalidated context checkpoint (pos_min = 0, pos_max = 612, n_tokens = 613, n_swa = 1024, pos_next = 319, size = 478.914 MiB)
slot update_slots: id  0 | task 4807 | n_tokens = 319, memory_seq_rm [319, end)
srv  process_chun: processing image...
encoding image slice...
image slice encoded in 579 ms
decoding image batch 1/1, n_tokens_batch = 266
sched_reserve: reserving ...
sched_reserve:      CUDA0 compute buffer size =   866.52 MiB
sched_reserve:  CUDA_Host compute buffer size =   542.02 MiB
sched_reserve: graph nodes  = 2462
sched_reserve: graph splits = 2
sched_reserve: reserve took 360.39 ms, sched copies = 1
image decoded (batch 1/1) in 721 ms
srv  process_chun: image processed in 1300 ms
slot update_slots: id  0 | task 4807 | prompt processing progress, n_tokens = 607, batch.n_tokens = 22, progress = 0.993453
sched_reserve: reserving ...
sched_reserve:      CUDA0 compute buffer size =   866.52 MiB
sched_reserve:  CUDA_Host compute buffer size =   542.02 MiB
sched_reserve: graph nodes  = 2462
sched_reserve: graph splits = 2
sched_reserve: reserve took 360.49 ms, sched copies = 1
slot update_slots: id  0 | task 4807 | n_tokens = 607, memory_seq_rm [607, end)
slot init_sampler: id  0 | task 4807 | init sampler, took 0.11 ms, tokens: text = 345, total = 611
slot update_slots: id  0 | task 4807 | prompt processing done, n_tokens = 611, batch.n_tokens = 4
slot create_check: id  0 | task 4807 | created context checkpoint 2 of 32 (pos_min = 0, pos_max = 606, n_tokens = 607, size = 474.227 MiB)
slot print_timing: id  0 | task 4807 | 
prompt eval time =    2529.92 ms /   292 tokens (    8.66 ms per token,   115.42 tokens per second)
       eval time =    8587.24 ms /    87 tokens (   98.70 ms per token,    10.13 tokens per second)
      total time =   11117.16 ms /   379 tokens
slot      release: id  0 | task 4807 | stop processing: n_tokens = 697, truncated = 0
srv  update_slots: all slots are idle
srv  log_server_r: done request: POST /v1/chat/completions 127.0.0.1 200
srv  params_from_: Chat format: peg-gemma4
slot get_availabl: id  0 | task -1 | selected slot by LCP similarity, sim_best = 0.500 (> 0.100 thold), f_keep = 0.458
srv  get_availabl: updating prompt cache
srv   prompt_save:  - saving prompt with length 697, total state size = 599.002 MiB
srv          load:  - looking for better prompt, base f_keep = 0.458, sim = 0.500
srv        update:  - cache size limit reached, removing oldest entry (size = 1129.011 MiB)
srv        update:  - cache state: 6 prompts, 7588.386 MiB (limits: 8192.000 MiB, 262144 tokens, 262144 est)
srv        update:    - prompt 0xaaab0955c480:     814 tokens, checkpoints:  2,  1290.187 MiB
srv        update:    - prompt 0xaaab0b2cc790:     798 tokens, checkpoints:  2,  1276.437 MiB
srv        update:    - prompt 0xaaaaec7f9d40:     787 tokens, checkpoints:  2,  1250.577 MiB
srv        update:    - prompt 0xaaaaee4665d0:     939 tokens, checkpoints:  2,  1397.612 MiB
srv        update:    - prompt 0xaaaaf9cb5610:     734 tokens, checkpoints:  2,  1205.029 MiB
srv        update:    - prompt 0xaaaaf9702b80:     697 tokens, checkpoints:  2,  1168.544 MiB
srv  get_availabl: prompt cache update took 95.39 ms
slot launch_slot_: id  0 | task -1 | sampler chain: logits -> ?penalties -> ?dry -> ?top-n-sigma -> top-k -> ?typical -> top-p -> min-p -> ?xtc -> ?temp-ext -> dist 
slot launch_slot_: id  0 | task 4896 | processing task, is_child = 0
slot update_slots: id  0 | task 4896 | new prompt, n_ctx_slot = 262144, n_keep = 0, task.n_tokens = 638
slot update_slots: id  0 | task 4896 | n_past = 319, slot.prompt.tokens.size() = 697, seq_id = 0, pos_min = 0, n_swa = 1024
slot update_slots: id  0 | task 4896 | Checking checkpoint with [0, 606] against 0...
slot update_slots: id  0 | task 4896 | restored context checkpoint (pos_min = 0, pos_max = 606, n_tokens = 607, n_past = 319, size = 474.227 MiB)
slot update_slots: id  0 | task 4896 | erased invalidated context checkpoint (pos_min = 0, pos_max = 606, n_tokens = 607, n_swa = 1024, pos_next = 319, size = 474.227 MiB)
slot update_slots: id  0 | task 4896 | n_tokens = 319, memory_seq_rm [319, end)
srv  process_chun: processing image...
encoding image slice...
image slice encoded in 578 ms
decoding image batch 1/1, n_tokens_batch = 266
sched_reserve: reserving ...
sched_reserve:      CUDA0 compute buffer size =   866.52 MiB
sched_reserve:  CUDA_Host compute buffer size =   542.02 MiB
sched_reserve: graph nodes  = 2462
sched_reserve: graph splits = 2
sched_reserve: reserve took 375.93 ms, sched copies = 1
image decoded (batch 1/1) in 736 ms
srv  process_chun: image processed in 1314 ms
slot update_slots: id  0 | task 4896 | prompt processing progress, n_tokens = 634, batch.n_tokens = 49, progress = 0.993730
sched_reserve: reserving ...
sched_reserve:      CUDA0 compute buffer size =   866.52 MiB
sched_reserve:  CUDA_Host compute buffer size =   542.02 MiB
sched_reserve: graph nodes  = 2462
sched_reserve: graph splits = 2
sched_reserve: reserve took 363.75 ms, sched copies = 1
slot update_slots: id  0 | task 4896 | n_tokens = 634, memory_seq_rm [634, end)
slot init_sampler: id  0 | task 4896 | init sampler, took 0.12 ms, tokens: text = 372, total = 638
slot update_slots: id  0 | task 4896 | prompt processing done, n_tokens = 638, batch.n_tokens = 4
slot create_check: id  0 | task 4896 | created context checkpoint 2 of 32 (pos_min = 0, pos_max = 633, n_tokens = 634, size = 495.321 MiB)
srv  params_from_: Chat format: peg-gemma4
slot get_availabl: id  2 | task -1 | selected slot by LRU, t_last = 430153859226
srv  get_availabl: updating prompt cache
srv          load:  - looking for better prompt, base f_keep = -1.000, sim = 0.000
srv          load:  - found better prompt with f_keep = 0.392, sim = 0.500
srv        update:  - cache state: 5 prompts, 6298.199 MiB (limits: 8192.000 MiB, 262144 tokens, 262144 est)
srv        update:    - prompt 0xaaab0b2cc790:     798 tokens, checkpoints:  2,  1276.437 MiB
srv        update:    - prompt 0xaaaaec7f9d40:     787 tokens, checkpoints:  2,  1250.577 MiB
srv        update:    - prompt 0xaaaaee4665d0:     939 tokens, checkpoints:  2,  1397.612 MiB
srv        update:    - prompt 0xaaaaf9cb5610:     734 tokens, checkpoints:  2,  1205.029 MiB
srv        update:    - prompt 0xaaaaf9702b80:     697 tokens, checkpoints:  2,  1168.544 MiB
srv  get_availabl: prompt cache update took 12.90 ms
slot launch_slot_: id  2 | task -1 | sampler chain: logits -> ?penalties -> ?dry -> ?top-n-sigma -> top-k -> ?typical -> top-p -> min-p -> ?xtc -> ?temp-ext -> dist 
slot launch_slot_: id  2 | task 4909 | processing task, is_child = 0
slot update_slots: id  2 | task 4909 | new prompt, n_ctx_slot = 262144, n_keep = 0, task.n_tokens = 638
slot update_slots: id  2 | task 4909 | n_past = 319, slot.prompt.tokens.size() = 814, seq_id = 2, pos_min = 0, n_swa = 1024
slot update_slots: id  2 | task 4909 | Checking checkpoint with [0, 633] against 0...
slot update_slots: id  2 | task 4909 | restored context checkpoint (pos_min = 0, pos_max = 633, n_tokens = 634, n_past = 319, size = 495.321 MiB)
slot update_slots: id  2 | task 4909 | erased invalidated context checkpoint (pos_min = 0, pos_max = 633, n_tokens = 634, n_swa = 1024, pos_next = 319, size = 495.321 MiB)
slot update_slots: id  2 | task 4909 | n_tokens = 319, memory_seq_rm [319, end)
srv  process_chun: processing image...
encoding image slice...
image slice encoded in 581 ms
decoding image batch 1/1, n_tokens_batch = 266
sched_reserve: reserving ...
sched_reserve:      CUDA0 compute buffer size =   866.52 MiB
sched_reserve:  CUDA_Host compute buffer size =   542.02 MiB
sched_reserve: graph nodes  = 2462
sched_reserve: graph splits = 2
sched_reserve: reserve took 357.37 ms, sched copies = 1
image decoded (batch 1/1) in 720 ms
srv  process_chun: image processed in 1301 ms
slot update_slots: id  2 | task 4909 | prompt processing progress, n_tokens = 634, batch.n_tokens = 50, progress = 0.993730
sched_reserve: reserving ...
sched_reserve:      CUDA0 compute buffer size =   866.52 MiB
sched_reserve:  CUDA_Host compute buffer size =   542.02 MiB
sched_reserve: graph nodes  = 2462
sched_reserve: graph splits = 2
sched_reserve: reserve took 373.07 ms, sched copies = 1
slot update_slots: id  2 | task 4909 | n_tokens = 634, memory_seq_rm [634, end)
slot init_sampler: id  2 | task 4909 | init sampler, took 0.12 ms, tokens: text = 372, total = 638
slot update_slots: id  2 | task 4909 | prompt processing done, n_tokens = 638, batch.n_tokens = 5
slot create_check: id  2 | task 4909 | created context checkpoint 2 of 32 (pos_min = 0, pos_max = 633, n_tokens = 634, size = 495.321 MiB)
slot print_timing: id  2 | task 4909 | 
prompt eval time =    2687.27 ms /   319 tokens (    8.42 ms per token,   118.71 tokens per second)
       eval time =   21097.08 ms /   192 tokens (  109.88 ms per token,     9.10 tokens per second)
      total time =   23784.35 ms /   511 tokens
slot      release: id  2 | task 4909 | stop processing: n_tokens = 829, truncated = 0
srv  log_server_r: done request: POST /v1/chat/completions 127.0.0.1 200
srv  params_from_: Chat format: peg-gemma4
slot get_availabl: id  2 | task -1 | selected slot by LCP similarity, sim_best = 0.500 (> 0.100 thold), f_keep = 0.385
srv  get_availabl: updating prompt cache
srv   prompt_save:  - saving prompt with length 829, total state size = 712.442 MiB
srv          load:  - looking for better prompt, base f_keep = 0.385, sim = 0.500
srv        update:  - cache state: 6 prompts, 7601.277 MiB (limits: 8192.000 MiB, 262144 tokens, 262144 est)
srv        update:    - prompt 0xaaab0b2cc790:     798 tokens, checkpoints:  2,  1276.437 MiB
srv        update:    - prompt 0xaaaaec7f9d40:     787 tokens, checkpoints:  2,  1250.577 MiB
srv        update:    - prompt 0xaaaaee4665d0:     939 tokens, checkpoints:  2,  1397.612 MiB
srv        update:    - prompt 0xaaaaf9cb5610:     734 tokens, checkpoints:  2,  1205.029 MiB
srv        update:    - prompt 0xaaaaf9702b80:     697 tokens, checkpoints:  2,  1168.544 MiB
srv        update:    - prompt 0xaaab09d68440:     829 tokens, checkpoints:  2,  1303.078 MiB
srv  get_availabl: prompt cache update took 613.65 ms
slot launch_slot_: id  2 | task -1 | sampler chain: logits -> ?penalties -> ?dry -> ?top-n-sigma -> top-k -> ?typical -> top-p -> min-p -> ?xtc -> ?temp-ext -> dist 
slot launch_slot_: id  2 | task 5111 | processing task, is_child = 0
slot update_slots: id  2 | task 5111 | new prompt, n_ctx_slot = 262144, n_keep = 0, task.n_tokens = 638
slot update_slots: id  2 | task 5111 | n_past = 319, slot.prompt.tokens.size() = 829, seq_id = 2, pos_min = 0, n_swa = 1024
slot update_slots: id  2 | task 5111 | Checking checkpoint with [0, 633] against 0...
srv  params_from_: Chat format: peg-gemma4
slot update_slots: id  2 | task 5111 | restored context checkpoint (pos_min = 0, pos_max = 633, n_tokens = 634, n_past = 319, size = 495.321 MiB)
slot update_slots: id  2 | task 5111 | erased invalidated context checkpoint (pos_min = 0, pos_max = 633, n_tokens = 634, n_swa = 1024, pos_next = 319, size = 495.321 MiB)
slot update_slots: id  2 | task 5111 | n_tokens = 319, memory_seq_rm [319, end)
srv  process_chun: processing image...
encoding image slice...
srv          stop: cancel task, id_task = 4896
srv  log_server_r: done request: POST /v1/chat/completions 127.0.0.1 200
image slice encoded in 619 ms
decoding image batch 1/1, n_tokens_batch = 266
sched_reserve: reserving ...
sched_reserve:      CUDA0 compute buffer size =   866.52 MiB
sched_reserve:  CUDA_Host compute buffer size =   542.02 MiB
sched_reserve: graph nodes  = 2462
sched_reserve: graph splits = 2
sched_reserve: reserve took 377.39 ms, sched copies = 1
image decoded (batch 1/1) in 757 ms
srv  process_chun: image processed in 1376 ms
slot update_slots: id  2 | task 5111 | prompt processing progress, n_tokens = 634, batch.n_tokens = 50, progress = 0.993730
sched_reserve: reserving ...
sched_reserve:      CUDA0 compute buffer size =   866.52 MiB
sched_reserve:  CUDA_Host compute buffer size =   542.02 MiB
sched_reserve: graph nodes  = 2462
sched_reserve: graph splits = 2
sched_reserve: reserve took 371.52 ms, sched copies = 1
slot      release: id  0 | task 4896 | stop processing: n_tokens = 850, truncated = 0
slot get_availabl: id  0 | task -1 | selected slot by LCP similarity, sim_best = 1.000 (> 0.100 thold), f_keep = 0.751
slot launch_slot_: id  0 | task -1 | sampler chain: logits -> ?penalties -> ?dry -> ?top-n-sigma -> top-k -> ?typical -> top-p -> min-p -> ?xtc -> ?temp-ext -> dist 
slot launch_slot_: id  0 | task 5113 | processing task, is_child = 0
slot update_slots: id  0 | task 5113 | new prompt, n_ctx_slot = 262144, n_keep = 0, task.n_tokens = 638
slot update_slots: id  0 | task 5113 | n_past = 638, slot.prompt.tokens.size() = 850, seq_id = 0, pos_min = 0, n_swa = 1024
slot update_slots: id  0 | task 5113 | Checking checkpoint with [0, 633] against 0...
slot update_slots: id  0 | task 5113 | restored context checkpoint (pos_min = 0, pos_max = 633, n_tokens = 634, n_past = 633, size = 495.321 MiB)
slot update_slots: id  0 | task 5113 | n_tokens = 633, memory_seq_rm [633, end)
slot update_slots: id  0 | task 5113 | prompt processing progress, n_tokens = 634, batch.n_tokens = 1, progress = 0.993730
slot update_slots: id  2 | task 5111 | n_tokens = 634, memory_seq_rm [634, end)
slot init_sampler: id  2 | task 5111 | init sampler, took 0.15 ms, tokens: text = 372, total = 638
slot update_slots: id  2 | task 5111 | prompt processing done, n_tokens = 638, batch.n_tokens = 5
slot create_check: id  2 | task 5111 | created context checkpoint 2 of 32 (pos_min = 0, pos_max = 633, n_tokens = 634, size = 495.321 MiB)
slot update_slots: id  0 | task 5113 | n_tokens = 634, memory_seq_rm [634, end)
slot init_sampler: id  0 | task 5113 | init sampler, took 0.11 ms, tokens: text = 372, total = 638
slot update_slots: id  0 | task 5113 | prompt processing done, n_tokens = 638, batch.n_tokens = 5
slot print_timing: id  0 | task 5113 | 
prompt eval time =     471.19 ms /     5 tokens (   94.24 ms per token,    10.61 tokens per second)
       eval time =   10108.21 ms /    93 tokens (  108.69 ms per token,     9.20 tokens per second)
      total time =   10579.40 ms /    98 tokens
slot      release: id  0 | task 5113 | stop processing: n_tokens = 730, truncated = 0
srv  log_server_r: done request: POST /v1/chat/completions 127.0.0.1 200
slot print_timing: id  2 | task 5111 | 
prompt eval time =    4309.71 ms /   319 tokens (   13.51 ms per token,    74.02 tokens per second)
       eval time =   24489.05 ms /   230 tokens (  106.47 ms per token,     9.39 tokens per second)
      total time =   28798.76 ms /   549 tokens
slot      release: id  2 | task 5111 | stop processing: n_tokens = 867, truncated = 0
srv  update_slots: all slots are idle
srv  log_server_r: done request: POST /v1/chat/completions 127.0.0.1 200
srv  params_from_: Chat format: peg-gemma4
slot get_availabl: id  0 | task -1 | selected slot by LCP similarity, sim_best = 0.517 (> 0.100 thold), f_keep = 0.437
srv  get_availabl: updating prompt cache
srv   prompt_save:  - saving prompt with length 730, total state size = 627.362 MiB
srv          load:  - looking for better prompt, base f_keep = 0.437, sim = 0.517
srv        update:  - cache size limit reached, removing oldest entry (size = 1276.437 MiB)
srv        update:  - cache state: 6 prompts, 7542.838 MiB (limits: 8192.000 MiB, 262144 tokens, 262144 est)
srv        update:    - prompt 0xaaaaec7f9d40:     787 tokens, checkpoints:  2,  1250.577 MiB
srv        update:    - prompt 0xaaaaee4665d0:     939 tokens, checkpoints:  2,  1397.612 MiB
srv        update:    - prompt 0xaaaaf9cb5610:     734 tokens, checkpoints:  2,  1205.029 MiB
srv        update:    - prompt 0xaaaaf9702b80:     697 tokens, checkpoints:  2,  1168.544 MiB
srv        update:    - prompt 0xaaab09d68440:     829 tokens, checkpoints:  2,  1303.078 MiB
srv        update:    - prompt 0xaaab09d60180:     730 tokens, checkpoints:  2,  1217.998 MiB
srv  get_availabl: prompt cache update took 455.30 ms
slot launch_slot_: id  0 | task -1 | sampler chain: logits -> ?penalties -> ?dry -> ?top-n-sigma -> top-k -> ?typical -> top-p -> min-p -> ?xtc -> ?temp-ext -> dist 
slot launch_slot_: id  0 | task 5345 | processing task, is_child = 0
slot slot_save_an: id  2 | task -1 | saving idle slot to prompt cache
srv   prompt_save:  - saving prompt with length 867, total state size = 745.099 MiB
slot prompt_clear: id  2 | task -1 | clearing prompt with 867 tokens
srv        update:  - cache size limit reached, removing oldest entry (size = 1250.577 MiB)
srv        update:  - cache state: 6 prompts, 7627.996 MiB (limits: 8192.000 MiB, 262144 tokens, 262144 est)
srv        update:    - prompt 0xaaaaee4665d0:     939 tokens, checkpoints:  2,  1397.612 MiB
srv        update:    - prompt 0xaaaaf9cb5610:     734 tokens, checkpoints:  2,  1205.029 MiB
srv        update:    - prompt 0xaaaaf9702b80:     697 tokens, checkpoints:  2,  1168.544 MiB
srv        update:    - prompt 0xaaab09d68440:     829 tokens, checkpoints:  2,  1303.078 MiB
srv        update:    - prompt 0xaaab09d60180:     730 tokens, checkpoints:  2,  1217.998 MiB
srv        update:    - prompt 0xaaab0b2cc790:     867 tokens, checkpoints:  2,  1335.735 MiB
slot update_slots: id  0 | task 5345 | new prompt, n_ctx_slot = 262144, n_keep = 0, task.n_tokens = 617
slot update_slots: id  0 | task 5345 | n_past = 319, slot.prompt.tokens.size() = 730, seq_id = 0, pos_min = 0, n_swa = 1024
slot update_slots: id  0 | task 5345 | Checking checkpoint with [0, 633] against 0...
slot update_slots: id  0 | task 5345 | restored context checkpoint (pos_min = 0, pos_max = 633, n_tokens = 634, n_past = 319, size = 495.321 MiB)
slot update_slots: id  0 | task 5345 | erased invalidated context checkpoint (pos_min = 0, pos_max = 633, n_tokens = 634, n_swa = 1024, pos_next = 319, size = 495.321 MiB)
slot update_slots: id  0 | task 5345 | n_tokens = 319, memory_seq_rm [319, end)
srv  process_chun: processing image...
encoding image slice...
image slice encoded in 584 ms
decoding image batch 1/1, n_tokens_batch = 266
sched_reserve: reserving ...
sched_reserve:      CUDA0 compute buffer size =   866.52 MiB
sched_reserve:  CUDA_Host compute buffer size =   542.02 MiB
sched_reserve: graph nodes  = 2462
sched_reserve: graph splits = 2
sched_reserve: reserve took 375.88 ms, sched copies = 1
image decoded (batch 1/1) in 742 ms
srv  process_chun: image processed in 1326 ms
slot update_slots: id  0 | task 5345 | prompt processing progress, n_tokens = 613, batch.n_tokens = 28, progress = 0.993517
sched_reserve: reserving ...
sched_reserve:      CUDA0 compute buffer size =   866.52 MiB
sched_reserve:  CUDA_Host compute buffer size =   542.02 MiB
sched_reserve: graph nodes  = 2462
sched_reserve: graph splits = 2
sched_reserve: reserve took 374.46 ms, sched copies = 1
slot update_slots: id  0 | task 5345 | n_tokens = 613, memory_seq_rm [613, end)
slot init_sampler: id  0 | task 5345 | init sampler, took 0.12 ms, tokens: text = 351, total = 617
slot update_slots: id  0 | task 5345 | prompt processing done, n_tokens = 617, batch.n_tokens = 4
slot create_check: id  0 | task 5345 | created context checkpoint 2 of 32 (pos_min = 0, pos_max = 612, n_tokens = 613, size = 478.914 MiB)
slot print_timing: id  0 | task 5345 | 
prompt eval time =    2616.77 ms /   298 tokens (    8.78 ms per token,   113.88 tokens per second)
       eval time =   10538.76 ms /   106 tokens (   99.42 ms per token,    10.06 tokens per second)
      total time =   13155.53 ms /   404 tokens
slot      release: id  0 | task 5345 | stop processing: n_tokens = 722, truncated = 0
srv  update_slots: all slots are idle
srv  log_server_r: done request: POST /v1/chat/completions 127.0.0.1 200
srv  params_from_: Chat format: peg-gemma4
slot get_availabl: id  0 | task -1 | selected slot by LCP similarity, sim_best = 0.522 (> 0.100 thold), f_keep = 0.442
srv  get_availabl: updating prompt cache
srv   prompt_save:  - saving prompt with length 722, total state size = 620.487 MiB
srv          load:  - looking for better prompt, base f_keep = 0.442, sim = 0.522
srv        update:  - cache size limit reached, removing oldest entry (size = 1397.612 MiB)
srv        update:  - cache state: 6 prompts, 7425.100 MiB (limits: 8192.000 MiB, 262144 tokens, 262144 est)
srv        update:    - prompt 0xaaaaf9cb5610:     734 tokens, checkpoints:  2,  1205.029 MiB
srv        update:    - prompt 0xaaaaf9702b80:     697 tokens, checkpoints:  2,  1168.544 MiB
srv        update:    - prompt 0xaaab09d68440:     829 tokens, checkpoints:  2,  1303.078 MiB
srv        update:    - prompt 0xaaab09d60180:     730 tokens, checkpoints:  2,  1217.998 MiB
srv        update:    - prompt 0xaaab0b2cc790:     867 tokens, checkpoints:  2,  1335.735 MiB
srv        update:    - prompt 0xaaaafb9ec2e0:     722 tokens, checkpoints:  2,  1194.716 MiB
srv  get_availabl: prompt cache update took 114.52 ms
slot launch_slot_: id  0 | task -1 | sampler chain: logits -> ?penalties -> ?dry -> ?top-n-sigma -> top-k -> ?typical -> top-p -> min-p -> ?xtc -> ?temp-ext -> dist 
slot launch_slot_: id  0 | task 5453 | processing task, is_child = 0
slot update_slots: id  0 | task 5453 | new prompt, n_ctx_slot = 262144, n_keep = 0, task.n_tokens = 611
slot update_slots: id  0 | task 5453 | n_past = 319, slot.prompt.tokens.size() = 722, seq_id = 0, pos_min = 0, n_swa = 1024
slot update_slots: id  0 | task 5453 | Checking checkpoint with [0, 612] against 0...
slot update_slots: id  0 | task 5453 | restored context checkpoint (pos_min = 0, pos_max = 612, n_tokens = 613, n_past = 319, size = 478.914 MiB)
slot update_slots: id  0 | task 5453 | erased invalidated context checkpoint (pos_min = 0, pos_max = 612, n_tokens = 613, n_swa = 1024, pos_next = 319, size = 478.914 MiB)
slot update_slots: id  0 | task 5453 | n_tokens = 319, memory_seq_rm [319, end)
srv  process_chun: processing image...
encoding image slice...
image slice encoded in 578 ms
decoding image batch 1/1, n_tokens_batch = 266
sched_reserve: reserving ...
sched_reserve:      CUDA0 compute buffer size =   866.52 MiB
sched_reserve:  CUDA_Host compute buffer size =   542.02 MiB
sched_reserve: graph nodes  = 2462
sched_reserve: graph splits = 2
sched_reserve: reserve took 383.01 ms, sched copies = 1
image decoded (batch 1/1) in 742 ms
srv  process_chun: image processed in 1322 ms
slot update_slots: id  0 | task 5453 | prompt processing progress, n_tokens = 607, batch.n_tokens = 22, progress = 0.993453
sched_reserve: reserving ...
sched_reserve:      CUDA0 compute buffer size =   866.52 MiB
sched_reserve:  CUDA_Host compute buffer size =   542.02 MiB
sched_reserve: graph nodes  = 2462
sched_reserve: graph splits = 2
sched_reserve: reserve took 357.04 ms, sched copies = 1
slot update_slots: id  0 | task 5453 | n_tokens = 607, memory_seq_rm [607, end)
slot init_sampler: id  0 | task 5453 | init sampler, took 0.11 ms, tokens: text = 345, total = 611
slot update_slots: id  0 | task 5453 | prompt processing done, n_tokens = 611, batch.n_tokens = 4
slot create_check: id  0 | task 5453 | created context checkpoint 2 of 32 (pos_min = 0, pos_max = 606, n_tokens = 607, size = 474.227 MiB)
slot print_timing: id  0 | task 5453 | 
prompt eval time =    2548.41 ms /   292 tokens (    8.73 ms per token,   114.58 tokens per second)
       eval time =    7444.99 ms /    75 tokens (   99.27 ms per token,    10.07 tokens per second)
      total time =    9993.40 ms /   367 tokens
slot      release: id  0 | task 5453 | stop processing: n_tokens = 685, truncated = 0
srv  update_slots: all slots are idle
srv  log_server_r: done request: POST /v1/chat/completions 127.0.0.1 200
srv  params_from_: Chat format: peg-gemma4
slot get_availabl: id  0 | task -1 | selected slot by LCP similarity, sim_best = 0.500 (> 0.100 thold), f_keep = 0.466
srv  get_availabl: updating prompt cache
srv   prompt_save:  - saving prompt with length 685, total state size = 588.689 MiB
srv          load:  - looking for better prompt, base f_keep = 0.466, sim = 0.500
srv        update:  - cache size limit reached, removing oldest entry (size = 1205.029 MiB)
srv        update:  - cache state: 6 prompts, 7378.302 MiB (limits: 8192.000 MiB, 262144 tokens, 262144 est)
srv        update:    - prompt 0xaaaaf9702b80:     697 tokens, checkpoints:  2,  1168.544 MiB
srv        update:    - prompt 0xaaab09d68440:     829 tokens, checkpoints:  2,  1303.078 MiB
srv        update:    - prompt 0xaaab09d60180:     730 tokens, checkpoints:  2,  1217.998 MiB
srv        update:    - prompt 0xaaab0b2cc790:     867 tokens, checkpoints:  2,  1335.735 MiB
srv        update:    - prompt 0xaaaafb9ec2e0:     722 tokens, checkpoints:  2,  1194.716 MiB
srv        update:    - prompt 0xaaaaf9f432e0:     685 tokens, checkpoints:  2,  1158.231 MiB
srv  get_availabl: prompt cache update took 153.28 ms
slot launch_slot_: id  0 | task -1 | sampler chain: logits -> ?penalties -> ?dry -> ?top-n-sigma -> top-k -> ?typical -> top-p -> min-p -> ?xtc -> ?temp-ext -> dist 
slot launch_slot_: id  0 | task 5530 | processing task, is_child = 0
slot update_slots: id  0 | task 5530 | new prompt, n_ctx_slot = 262144, n_keep = 0, task.n_tokens = 638
slot update_slots: id  0 | task 5530 | n_past = 319, slot.prompt.tokens.size() = 685, seq_id = 0, pos_min = 0, n_swa = 1024
slot update_slots: id  0 | task 5530 | Checking checkpoint with [0, 606] against 0...
slot update_slots: id  0 | task 5530 | restored context checkpoint (pos_min = 0, pos_max = 606, n_tokens = 607, n_past = 319, size = 474.227 MiB)
slot update_slots: id  0 | task 5530 | erased invalidated context checkpoint (pos_min = 0, pos_max = 606, n_tokens = 607, n_swa = 1024, pos_next = 319, size = 474.227 MiB)
slot update_slots: id  0 | task 5530 | n_tokens = 319, memory_seq_rm [319, end)
srv  process_chun: processing image...
encoding image slice...
image slice encoded in 578 ms
decoding image batch 1/1, n_tokens_batch = 266
sched_reserve: reserving ...
sched_reserve:      CUDA0 compute buffer size =   866.52 MiB
sched_reserve:  CUDA_Host compute buffer size =   542.02 MiB
sched_reserve: graph nodes  = 2462
sched_reserve: graph splits = 2
sched_reserve: reserve took 354.66 ms, sched copies = 1
image decoded (batch 1/1) in 714 ms
srv  process_chun: image processed in 1292 ms
slot update_slots: id  0 | task 5530 | prompt processing progress, n_tokens = 634, batch.n_tokens = 49, progress = 0.993730
sched_reserve: reserving ...
sched_reserve:      CUDA0 compute buffer size =   866.52 MiB
sched_reserve:  CUDA_Host compute buffer size =   542.02 MiB
sched_reserve: graph nodes  = 2462
sched_reserve: graph splits = 2
sched_reserve: reserve took 322.26 ms, sched copies = 1
slot update_slots: id  0 | task 5530 | n_tokens = 634, memory_seq_rm [634, end)
slot init_sampler: id  0 | task 5530 | init sampler, took 0.12 ms, tokens: text = 372, total = 638
slot update_slots: id  0 | task 5530 | prompt processing done, n_tokens = 638, batch.n_tokens = 4
slot create_check: id  0 | task 5530 | created context checkpoint 2 of 32 (pos_min = 0, pos_max = 633, n_tokens = 634, size = 495.321 MiB)
slot print_timing: id  0 | task 5530 | 
prompt eval time =    2555.00 ms /   319 tokens (    8.01 ms per token,   124.85 tokens per second)
       eval time =    9046.70 ms /    91 tokens (   99.41 ms per token,    10.06 tokens per second)
      total time =   11601.70 ms /   410 tokens
slot      release: id  0 | task 5530 | stop processing: n_tokens = 728, truncated = 0
srv  update_slots: all slots are idle
srv  log_server_r: done request: POST /v1/chat/completions 127.0.0.1 200
srv  params_from_: Chat format: peg-gemma4
slot get_availabl: id  0 | task -1 | selected slot by LCP similarity, sim_best = 0.517 (> 0.100 thold), f_keep = 0.438
srv  get_availabl: updating prompt cache
srv   prompt_save:  - saving prompt with length 728, total state size = 625.643 MiB
srv          load:  - looking for better prompt, base f_keep = 0.438, sim = 0.517
srv        update:  - cache size limit reached, removing oldest entry (size = 1168.544 MiB)
srv        update:  - cache state: 6 prompts, 7426.038 MiB (limits: 8192.000 MiB, 262144 tokens, 262144 est)
srv        update:    - prompt 0xaaab09d68440:     829 tokens, checkpoints:  2,  1303.078 MiB
srv        update:    - prompt 0xaaab09d60180:     730 tokens, checkpoints:  2,  1217.998 MiB
srv        update:    - prompt 0xaaab0b2cc790:     867 tokens, checkpoints:  2,  1335.735 MiB
srv        update:    - prompt 0xaaaafb9ec2e0:     722 tokens, checkpoints:  2,  1194.716 MiB
srv        update:    - prompt 0xaaaaf9f432e0:     685 tokens, checkpoints:  2,  1158.231 MiB
srv        update:    - prompt 0xaaaaf95de300:     728 tokens, checkpoints:  2,  1216.279 MiB
srv  get_availabl: prompt cache update took 323.29 ms
slot launch_slot_: id  0 | task -1 | sampler chain: logits -> ?penalties -> ?dry -> ?top-n-sigma -> top-k -> ?typical -> top-p -> min-p -> ?xtc -> ?temp-ext -> dist 
slot launch_slot_: id  0 | task 5623 | processing task, is_child = 0
slot update_slots: id  0 | task 5623 | new prompt, n_ctx_slot = 262144, n_keep = 0, task.n_tokens = 617
slot update_slots: id  0 | task 5623 | n_past = 319, slot.prompt.tokens.size() = 728, seq_id = 0, pos_min = 0, n_swa = 1024
slot update_slots: id  0 | task 5623 | Checking checkpoint with [0, 633] against 0...
slot update_slots: id  0 | task 5623 | restored context checkpoint (pos_min = 0, pos_max = 633, n_tokens = 634, n_past = 319, size = 495.321 MiB)
slot update_slots: id  0 | task 5623 | erased invalidated context checkpoint (pos_min = 0, pos_max = 633, n_tokens = 634, n_swa = 1024, pos_next = 319, size = 495.321 MiB)
slot update_slots: id  0 | task 5623 | n_tokens = 319, memory_seq_rm [319, end)
srv  process_chun: processing image...
encoding image slice...
image slice encoded in 578 ms
decoding image batch 1/1, n_tokens_batch = 266
sched_reserve: reserving ...
sched_reserve:      CUDA0 compute buffer size =   866.52 MiB
sched_reserve:  CUDA_Host compute buffer size =   542.02 MiB
sched_reserve: graph nodes  = 2462
sched_reserve: graph splits = 2
sched_reserve: reserve took 374.70 ms, sched copies = 1
image decoded (batch 1/1) in 734 ms
srv  process_chun: image processed in 1313 ms
slot update_slots: id  0 | task 5623 | prompt processing progress, n_tokens = 613, batch.n_tokens = 28, progress = 0.993517
sched_reserve: reserving ...
sched_reserve:      CUDA0 compute buffer size =   866.52 MiB
sched_reserve:  CUDA_Host compute buffer size =   542.02 MiB
sched_reserve: graph nodes  = 2462
sched_reserve: graph splits = 2
sched_reserve: reserve took 365.13 ms, sched copies = 1
slot update_slots: id  0 | task 5623 | n_tokens = 613, memory_seq_rm [613, end)
slot init_sampler: id  0 | task 5623 | init sampler, took 0.11 ms, tokens: text = 351, total = 617
slot update_slots: id  0 | task 5623 | prompt processing done, n_tokens = 617, batch.n_tokens = 4
slot create_check: id  0 | task 5623 | created context checkpoint 2 of 32 (pos_min = 0, pos_max = 612, n_tokens = 613, size = 478.914 MiB)
slot print_timing: id  0 | task 5623 | 
prompt eval time =    2572.47 ms /   298 tokens (    8.63 ms per token,   115.84 tokens per second)
       eval time =   13649.67 ms /   137 tokens (   99.63 ms per token,    10.04 tokens per second)
      total time =   16222.15 ms /   435 tokens
slot      release: id  0 | task 5623 | stop processing: n_tokens = 753, truncated = 0
srv  update_slots: all slots are idle
srv  log_server_r: done request: POST /v1/chat/completions 127.0.0.1 200
srv  params_from_: Chat format: peg-gemma4
slot get_availabl: id  0 | task -1 | selected slot by LCP similarity, sim_best = 0.522 (> 0.100 thold), f_keep = 0.424
srv  get_availabl: updating prompt cache
srv   prompt_save:  - saving prompt with length 753, total state size = 647.128 MiB
srv          load:  - looking for better prompt, base f_keep = 0.424, sim = 0.522
srv        update:  - cache size limit reached, removing oldest entry (size = 1303.078 MiB)
srv        update:  - cache state: 6 prompts, 7344.317 MiB (limits: 8192.000 MiB, 262144 tokens, 262144 est)
srv        update:    - prompt 0xaaab09d60180:     730 tokens, checkpoints:  2,  1217.998 MiB
srv        update:    - prompt 0xaaab0b2cc790:     867 tokens, checkpoints:  2,  1335.735 MiB
srv        update:    - prompt 0xaaaafb9ec2e0:     722 tokens, checkpoints:  2,  1194.716 MiB
srv        update:    - prompt 0xaaaaf9f432e0:     685 tokens, checkpoints:  2,  1158.231 MiB
srv        update:    - prompt 0xaaaaf95de300:     728 tokens, checkpoints:  2,  1216.279 MiB
srv        update:    - prompt 0xaaab0a6f06d0:     753 tokens, checkpoints:  2,  1221.358 MiB
srv  get_availabl: prompt cache update took 98.45 ms
slot launch_slot_: id  0 | task -1 | sampler chain: logits -> ?penalties -> ?dry -> ?top-n-sigma -> top-k -> ?typical -> top-p -> min-p -> ?xtc -> ?temp-ext -> dist 
slot launch_slot_: id  0 | task 5762 | processing task, is_child = 0
slot update_slots: id  0 | task 5762 | new prompt, n_ctx_slot = 262144, n_keep = 0, task.n_tokens = 611
slot update_slots: id  0 | task 5762 | n_past = 319, slot.prompt.tokens.size() = 753, seq_id = 0, pos_min = 0, n_swa = 1024
slot update_slots: id  0 | task 5762 | Checking checkpoint with [0, 612] against 0...
slot update_slots: id  0 | task 5762 | restored context checkpoint (pos_min = 0, pos_max = 612, n_tokens = 613, n_past = 319, size = 478.914 MiB)
slot update_slots: id  0 | task 5762 | erased invalidated context checkpoint (pos_min = 0, pos_max = 612, n_tokens = 613, n_swa = 1024, pos_next = 319, size = 478.914 MiB)
slot update_slots: id  0 | task 5762 | n_tokens = 319, memory_seq_rm [319, end)
srv  process_chun: processing image...
encoding image slice...
image slice encoded in 579 ms
decoding image batch 1/1, n_tokens_batch = 266
sched_reserve: reserving ...
sched_reserve:      CUDA0 compute buffer size =   866.52 MiB
sched_reserve:  CUDA_Host compute buffer size =   542.02 MiB
sched_reserve: graph nodes  = 2462
sched_reserve: graph splits = 2
sched_reserve: reserve took 362.41 ms, sched copies = 1
image decoded (batch 1/1) in 722 ms
srv  process_chun: image processed in 1301 ms
slot update_slots: id  0 | task 5762 | prompt processing progress, n_tokens = 607, batch.n_tokens = 22, progress = 0.993453
sched_reserve: reserving ...
sched_reserve:      CUDA0 compute buffer size =   866.52 MiB
sched_reserve:  CUDA_Host compute buffer size =   542.02 MiB
sched_reserve: graph nodes  = 2462
sched_reserve: graph splits = 2
sched_reserve: reserve took 374.95 ms, sched copies = 1
slot update_slots: id  0 | task 5762 | n_tokens = 607, memory_seq_rm [607, end)
slot init_sampler: id  0 | task 5762 | init sampler, took 0.11 ms, tokens: text = 345, total = 611
slot update_slots: id  0 | task 5762 | prompt processing done, n_tokens = 611, batch.n_tokens = 4
slot create_check: id  0 | task 5762 | created context checkpoint 2 of 32 (pos_min = 0, pos_max = 606, n_tokens = 607, size = 474.227 MiB)
slot print_timing: id  0 | task 5762 | 
prompt eval time =    2541.40 ms /   292 tokens (    8.70 ms per token,   114.90 tokens per second)
       eval time =    7342.71 ms /    74 tokens (   99.23 ms per token,    10.08 tokens per second)
      total time =    9884.11 ms /   366 tokens
slot      release: id  0 | task 5762 | stop processing: n_tokens = 684, truncated = 0
srv  update_slots: all slots are idle
srv  log_server_r: done request: POST /v1/chat/completions 127.0.0.1 200
srv  params_from_: Chat format: peg-gemma4
slot get_availabl: id  0 | task -1 | selected slot by LCP similarity, sim_best = 0.500 (> 0.100 thold), f_keep = 0.466
srv  get_availabl: updating prompt cache
srv   prompt_save:  - saving prompt with length 684, total state size = 587.830 MiB
srv          load:  - looking for better prompt, base f_keep = 0.466, sim = 0.500
srv        update:  - cache size limit reached, removing oldest entry (size = 1217.998 MiB)
srv        update:  - cache state: 6 prompts, 7283.691 MiB (limits: 8192.000 MiB, 262144 tokens, 262144 est)
srv        update:    - prompt 0xaaab0b2cc790:     867 tokens, checkpoints:  2,  1335.735 MiB
srv        update:    - prompt 0xaaaafb9ec2e0:     722 tokens, checkpoints:  2,  1194.716 MiB
srv        update:    - prompt 0xaaaaf9f432e0:     685 tokens, checkpoints:  2,  1158.231 MiB
srv        update:    - prompt 0xaaaaf95de300:     728 tokens, checkpoints:  2,  1216.279 MiB
srv        update:    - prompt 0xaaab0a6f06d0:     753 tokens, checkpoints:  2,  1221.358 MiB
srv        update:    - prompt 0xaaab0cd26f60:     684 tokens, checkpoints:  2,  1157.371 MiB
srv  get_availabl: prompt cache update took 99.39 ms
slot launch_slot_: id  0 | task -1 | sampler chain: logits -> ?penalties -> ?dry -> ?top-n-sigma -> top-k -> ?typical -> top-p -> min-p -> ?xtc -> ?temp-ext -> dist 
slot launch_slot_: id  0 | task 5838 | processing task, is_child = 0
slot update_slots: id  0 | task 5838 | new prompt, n_ctx_slot = 262144, n_keep = 0, task.n_tokens = 638
slot update_slots: id  0 | task 5838 | n_past = 319, slot.prompt.tokens.size() = 684, seq_id = 0, pos_min = 0, n_swa = 1024
slot update_slots: id  0 | task 5838 | Checking checkpoint with [0, 606] against 0...
slot update_slots: id  0 | task 5838 | restored context checkpoint (pos_min = 0, pos_max = 606, n_tokens = 607, n_past = 319, size = 474.227 MiB)
slot update_slots: id  0 | task 5838 | erased invalidated context checkpoint (pos_min = 0, pos_max = 606, n_tokens = 607, n_swa = 1024, pos_next = 319, size = 474.227 MiB)
slot update_slots: id  0 | task 5838 | n_tokens = 319, memory_seq_rm [319, end)
srv  process_chun: processing image...
encoding image slice...
image slice encoded in 581 ms
decoding image batch 1/1, n_tokens_batch = 266
sched_reserve: reserving ...
sched_reserve:      CUDA0 compute buffer size =   866.52 MiB
sched_reserve:  CUDA_Host compute buffer size =   542.02 MiB
sched_reserve: graph nodes  = 2462
sched_reserve: graph splits = 2
sched_reserve: reserve took 331.20 ms, sched copies = 1
image decoded (batch 1/1) in 691 ms
srv  process_chun: image processed in 1273 ms
slot update_slots: id  0 | task 5838 | prompt processing progress, n_tokens = 634, batch.n_tokens = 49, progress = 0.993730
sched_reserve: reserving ...
sched_reserve:      CUDA0 compute buffer size =   866.52 MiB
sched_reserve:  CUDA_Host compute buffer size =   542.02 MiB
sched_reserve: graph nodes  = 2462
sched_reserve: graph splits = 2
sched_reserve: reserve took 345.70 ms, sched copies = 1
slot update_slots: id  0 | task 5838 | n_tokens = 634, memory_seq_rm [634, end)
slot init_sampler: id  0 | task 5838 | init sampler, took 0.11 ms, tokens: text = 372, total = 638
slot update_slots: id  0 | task 5838 | prompt processing done, n_tokens = 638, batch.n_tokens = 4
slot create_check: id  0 | task 5838 | created context checkpoint 2 of 32 (pos_min = 0, pos_max = 633, n_tokens = 634, size = 495.321 MiB)
srv  params_from_: Chat format: peg-gemma4
slot get_availabl: id  1 | task -1 | selected slot by LRU, t_last = 430222332645
srv  get_availabl: updating prompt cache
srv          load:  - looking for better prompt, base f_keep = -1.000, sim = 0.000
srv          load:  - found better prompt with f_keep = 0.368, sim = 0.500
srv        update:  - cache state: 5 prompts, 5947.955 MiB (limits: 8192.000 MiB, 262144 tokens, 262144 est)
srv        update:    - prompt 0xaaaafb9ec2e0:     722 tokens, checkpoints:  2,  1194.716 MiB
srv        update:    - prompt 0xaaaaf9f432e0:     685 tokens, checkpoints:  2,  1158.231 MiB
srv        update:    - prompt 0xaaaaf95de300:     728 tokens, checkpoints:  2,  1216.279 MiB
srv        update:    - prompt 0xaaab0a6f06d0:     753 tokens, checkpoints:  2,  1221.358 MiB
srv        update:    - prompt 0xaaab0cd26f60:     684 tokens, checkpoints:  2,  1157.371 MiB
srv  get_availabl: prompt cache update took 36.31 ms
slot launch_slot_: id  1 | task -1 | sampler chain: logits -> ?penalties -> ?dry -> ?top-n-sigma -> top-k -> ?typical -> top-p -> min-p -> ?xtc -> ?temp-ext -> dist 
slot launch_slot_: id  1 | task 6034 | processing task, is_child = 0
slot update_slots: id  1 | task 6034 | new prompt, n_ctx_slot = 262144, n_keep = 0, task.n_tokens = 638
slot update_slots: id  1 | task 6034 | n_past = 319, slot.prompt.tokens.size() = 867, seq_id = 1, pos_min = 0, n_swa = 1024
slot update_slots: id  1 | task 6034 | Checking checkpoint with [0, 633] against 0...
slot update_slots: id  1 | task 6034 | restored context checkpoint (pos_min = 0, pos_max = 633, n_tokens = 634, n_past = 319, size = 495.321 MiB)
slot update_slots: id  1 | task 6034 | erased invalidated context checkpoint (pos_min = 0, pos_max = 633, n_tokens = 634, n_swa = 1024, pos_next = 319, size = 495.321 MiB)
slot update_slots: id  1 | task 6034 | n_tokens = 319, memory_seq_rm [319, end)
srv  process_chun: processing image...
encoding image slice...
image slice encoded in 580 ms
decoding image batch 1/1, n_tokens_batch = 266
sched_reserve: reserving ...
sched_reserve:      CUDA0 compute buffer size =   866.52 MiB
sched_reserve:  CUDA_Host compute buffer size =   542.02 MiB
sched_reserve: graph nodes  = 2462
sched_reserve: graph splits = 2
sched_reserve: reserve took 368.20 ms, sched copies = 1
image decoded (batch 1/1) in 733 ms
srv  process_chun: image processed in 1313 ms
slot update_slots: id  1 | task 6034 | prompt processing progress, n_tokens = 634, batch.n_tokens = 50, progress = 0.993730
sched_reserve: reserving ...
sched_reserve:      CUDA0 compute buffer size =   866.52 MiB
sched_reserve:  CUDA_Host compute buffer size =   542.02 MiB
sched_reserve: graph nodes  = 2462
sched_reserve: graph splits = 2
sched_reserve: reserve took 392.47 ms, sched copies = 1
slot update_slots: id  1 | task 6034 | n_tokens = 634, memory_seq_rm [634, end)
slot init_sampler: id  1 | task 6034 | init sampler, took 0.12 ms, tokens: text = 372, total = 638
slot update_slots: id  1 | task 6034 | prompt processing done, n_tokens = 638, batch.n_tokens = 5
slot create_check: id  1 | task 6034 | created context checkpoint 2 of 32 (pos_min = 0, pos_max = 633, n_tokens = 634, size = 495.321 MiB)
srv          stop: cancel task, id_task = 5838
srv  log_server_r: done request: POST /v1/chat/completions 127.0.0.1 200
slot      release: id  0 | task 5838 | stop processing: n_tokens = 879, truncated = 0
srv  params_from_: Chat format: peg-gemma4
slot get_availabl: id  0 | task -1 | selected slot by LCP similarity, sim_best = 1.000 (> 0.100 thold), f_keep = 0.726
slot launch_slot_: id  0 | task -1 | sampler chain: logits -> ?penalties -> ?dry -> ?top-n-sigma -> top-k -> ?typical -> top-p -> min-p -> ?xtc -> ?temp-ext -> dist 
slot launch_slot_: id  0 | task 6087 | processing task, is_child = 0
slot update_slots: id  0 | task 6087 | new prompt, n_ctx_slot = 262144, n_keep = 0, task.n_tokens = 638
slot update_slots: id  0 | task 6087 | n_past = 638, slot.prompt.tokens.size() = 879, seq_id = 0, pos_min = 0, n_swa = 1024
slot update_slots: id  0 | task 6087 | Checking checkpoint with [0, 633] against 0...
slot update_slots: id  0 | task 6087 | restored context checkpoint (pos_min = 0, pos_max = 633, n_tokens = 634, n_past = 633, size = 495.321 MiB)
slot update_slots: id  0 | task 6087 | n_tokens = 633, memory_seq_rm [633, end)
slot update_slots: id  0 | task 6087 | prompt processing progress, n_tokens = 634, batch.n_tokens = 2, progress = 0.993730
slot update_slots: id  0 | task 6087 | n_tokens = 634, memory_seq_rm [634, end)
slot init_sampler: id  0 | task 6087 | init sampler, took 0.12 ms, tokens: text = 372, total = 638
slot update_slots: id  0 | task 6087 | prompt processing done, n_tokens = 638, batch.n_tokens = 5
slot print_timing: id  1 | task 6034 | 
prompt eval time =    2753.51 ms /   319 tokens (    8.63 ms per token,   115.85 tokens per second)
       eval time =   18018.27 ms /   164 tokens (  109.87 ms per token,     9.10 tokens per second)
      total time =   20771.78 ms /   483 tokens
slot      release: id  1 | task 6034 | stop processing: n_tokens = 801, truncated = 0
srv  log_server_r: done request: POST /v1/chat/completions 127.0.0.1 200
srv  params_from_: Chat format: peg-gemma4
slot get_availabl: id  1 | task -1 | selected slot by LCP similarity, sim_best = 0.517 (> 0.100 thold), f_keep = 0.398
srv  get_availabl: updating prompt cache
srv   prompt_save:  - saving prompt with length 801, total state size = 688.379 MiB
srv          load:  - looking for better prompt, base f_keep = 0.398, sim = 0.517
srv        update:  - cache state: 6 prompts, 7226.970 MiB (limits: 8192.000 MiB, 262144 tokens, 262144 est)
srv        update:    - prompt 0xaaaafb9ec2e0:     722 tokens, checkpoints:  2,  1194.716 MiB
srv        update:    - prompt 0xaaaaf9f432e0:     685 tokens, checkpoints:  2,  1158.231 MiB
srv        update:    - prompt 0xaaaaf95de300:     728 tokens, checkpoints:  2,  1216.279 MiB
srv        update:    - prompt 0xaaab0a6f06d0:     753 tokens, checkpoints:  2,  1221.358 MiB
srv        update:    - prompt 0xaaab0cd26f60:     684 tokens, checkpoints:  2,  1157.371 MiB
srv        update:    - prompt 0xaaaafba0b9b0:     801 tokens, checkpoints:  2,  1279.015 MiB
srv  get_availabl: prompt cache update took 394.82 ms
slot launch_slot_: id  1 | task -1 | sampler chain: logits -> ?penalties -> ?dry -> ?top-n-sigma -> top-k -> ?typical -> top-p -> min-p -> ?xtc -> ?temp-ext -> dist 
slot launch_slot_: id  1 | task 6203 | processing task, is_child = 0
slot update_slots: id  1 | task 6203 | new prompt, n_ctx_slot = 262144, n_keep = 0, task.n_tokens = 617
slot update_slots: id  1 | task 6203 | n_past = 319, slot.prompt.tokens.size() = 801, seq_id = 1, pos_min = 0, n_swa = 1024
slot update_slots: id  1 | task 6203 | Checking checkpoint with [0, 633] against 0...
slot update_slots: id  1 | task 6203 | restored context checkpoint (pos_min = 0, pos_max = 633, n_tokens = 634, n_past = 319, size = 495.321 MiB)
slot update_slots: id  1 | task 6203 | erased invalidated context checkpoint (pos_min = 0, pos_max = 633, n_tokens = 634, n_swa = 1024, pos_next = 319, size = 495.321 MiB)
slot update_slots: id  1 | task 6203 | n_tokens = 319, memory_seq_rm [319, end)
srv  process_chun: processing image...
encoding image slice...
image slice encoded in 616 ms
decoding image batch 1/1, n_tokens_batch = 266
sched_reserve: reserving ...
sched_reserve:      CUDA0 compute buffer size =   866.52 MiB
sched_reserve:  CUDA_Host compute buffer size =   542.02 MiB
sched_reserve: graph nodes  = 2462
sched_reserve: graph splits = 2
sched_reserve: reserve took 383.06 ms, sched copies = 1
image decoded (batch 1/1) in 755 ms
srv  process_chun: image processed in 1372 ms
slot update_slots: id  1 | task 6203 | prompt processing progress, n_tokens = 613, batch.n_tokens = 29, progress = 0.993517
sched_reserve: reserving ...
sched_reserve:      CUDA0 compute buffer size =   866.52 MiB
sched_reserve:  CUDA_Host compute buffer size =   542.02 MiB
sched_reserve: graph nodes  = 2462
sched_reserve: graph splits = 2
sched_reserve: reserve took 383.82 ms, sched copies = 1
slot update_slots: id  1 | task 6203 | n_tokens = 613, memory_seq_rm [613, end)
slot init_sampler: id  1 | task 6203 | init sampler, took 0.11 ms, tokens: text = 351, total = 617
slot update_slots: id  1 | task 6203 | prompt processing done, n_tokens = 617, batch.n_tokens = 5
slot create_check: id  1 | task 6203 | created context checkpoint 2 of 32 (pos_min = 0, pos_max = 612, n_tokens = 613, size = 478.914 MiB)
slot print_timing: id  0 | task 6087 | 
prompt eval time =     327.30 ms /     5 tokens (   65.46 ms per token,    15.28 tokens per second)
       eval time =   18066.58 ms /   123 tokens (  146.88 ms per token,     6.81 tokens per second)
      total time =   18393.88 ms /   128 tokens
slot      release: id  0 | task 6087 | stop processing: n_tokens = 760, truncated = 0
srv  log_server_r: done request: POST /v1/chat/completions 127.0.0.1 200
slot print_timing: id  1 | task 6203 | 
prompt eval time =    4459.93 ms /   298 tokens (   14.97 ms per token,    66.82 tokens per second)
       eval time =   13130.79 ms /   127 tokens (  103.39 ms per token,     9.67 tokens per second)
      total time =   17590.72 ms /   425 tokens
slot      release: id  1 | task 6203 | stop processing: n_tokens = 743, truncated = 0
srv  update_slots: all slots are idle
srv  log_server_r: done request: POST /v1/chat/completions 127.0.0.1 200
srv  params_from_: Chat format: peg-gemma4
slot get_availabl: id  0 | task -1 | selected slot by LCP similarity, sim_best = 0.522 (> 0.100 thold), f_keep = 0.420
srv  get_availabl: updating prompt cache
srv   prompt_save:  - saving prompt with length 760, total state size = 653.144 MiB
srv          load:  - looking for better prompt, base f_keep = 0.420, sim = 0.522
srv        update:  - cache size limit reached, removing oldest entry (size = 1194.716 MiB)
srv        update:  - cache state: 6 prompts, 7276.034 MiB (limits: 8192.000 MiB, 262144 tokens, 262144 est)
srv        update:    - prompt 0xaaaaf9f432e0:     685 tokens, checkpoints:  2,  1158.231 MiB
srv        update:    - prompt 0xaaaaf95de300:     728 tokens, checkpoints:  2,  1216.279 MiB
srv        update:    - prompt 0xaaab0a6f06d0:     753 tokens, checkpoints:  2,  1221.358 MiB
srv        update:    - prompt 0xaaab0cd26f60:     684 tokens, checkpoints:  2,  1157.371 MiB
srv        update:    - prompt 0xaaaafba0b9b0:     801 tokens, checkpoints:  2,  1279.015 MiB
srv        update:    - prompt 0xaaab09810420:     760 tokens, checkpoints:  2,  1243.780 MiB
srv  get_availabl: prompt cache update took 565.39 ms
slot launch_slot_: id  0 | task -1 | sampler chain: logits -> ?penalties -> ?dry -> ?top-n-sigma -> top-k -> ?typical -> top-p -> min-p -> ?xtc -> ?temp-ext -> dist 
slot launch_slot_: id  0 | task 6332 | processing task, is_child = 0
slot slot_save_an: id  1 | task -1 | saving idle slot to prompt cache
srv   prompt_save:  - saving prompt with length 743, total state size = 638.534 MiB
slot prompt_clear: id  1 | task -1 | clearing prompt with 743 tokens
srv        update:  - cache size limit reached, removing oldest entry (size = 1158.231 MiB)
srv        update:  - cache state: 6 prompts, 7330.567 MiB (limits: 8192.000 MiB, 262144 tokens, 262144 est)
srv        update:    - prompt 0xaaaaf95de300:     728 tokens, checkpoints:  2,  1216.279 MiB
srv        update:    - prompt 0xaaab0a6f06d0:     753 tokens, checkpoints:  2,  1221.358 MiB
srv        update:    - prompt 0xaaab0cd26f60:     684 tokens, checkpoints:  2,  1157.371 MiB
srv        update:    - prompt 0xaaaafba0b9b0:     801 tokens, checkpoints:  2,  1279.015 MiB
srv        update:    - prompt 0xaaab09810420:     760 tokens, checkpoints:  2,  1243.780 MiB
srv        update:    - prompt 0xaaaafb9ec2e0:     743 tokens, checkpoints:  2,  1212.764 MiB
slot update_slots: id  0 | task 6332 | new prompt, n_ctx_slot = 262144, n_keep = 0, task.n_tokens = 611
slot update_slots: id  0 | task 6332 | n_past = 319, slot.prompt.tokens.size() = 760, seq_id = 0, pos_min = 0, n_swa = 1024
slot update_slots: id  0 | task 6332 | Checking checkpoint with [0, 633] against 0...
slot update_slots: id  0 | task 6332 | restored context checkpoint (pos_min = 0, pos_max = 633, n_tokens = 634, n_past = 319, size = 495.321 MiB)
slot update_slots: id  0 | task 6332 | erased invalidated context checkpoint (pos_min = 0, pos_max = 633, n_tokens = 634, n_swa = 1024, pos_next = 319, size = 495.321 MiB)
slot update_slots: id  0 | task 6332 | n_tokens = 319, memory_seq_rm [319, end)
srv  process_chun: processing image...
encoding image slice...
image slice encoded in 586 ms
decoding image batch 1/1, n_tokens_batch = 266
sched_reserve: reserving ...
sched_reserve:      CUDA0 compute buffer size =   866.52 MiB
sched_reserve:  CUDA_Host compute buffer size =   542.02 MiB
sched_reserve: graph nodes  = 2462
sched_reserve: graph splits = 2
sched_reserve: reserve took 359.01 ms, sched copies = 1
image decoded (batch 1/1) in 725 ms
srv  process_chun: image processed in 1311 ms
slot update_slots: id  0 | task 6332 | prompt processing progress, n_tokens = 607, batch.n_tokens = 22, progress = 0.993453
sched_reserve: reserving ...
sched_reserve:      CUDA0 compute buffer size =   866.52 MiB
sched_reserve:  CUDA_Host compute buffer size =   542.02 MiB
sched_reserve: graph nodes  = 2462
sched_reserve: graph splits = 2
sched_reserve: reserve took 362.16 ms, sched copies = 1
slot update_slots: id  0 | task 6332 | n_tokens = 607, memory_seq_rm [607, end)
slot init_sampler: id  0 | task 6332 | init sampler, took 0.11 ms, tokens: text = 345, total = 611
slot update_slots: id  0 | task 6332 | prompt processing done, n_tokens = 611, batch.n_tokens = 4
slot create_check: id  0 | task 6332 | created context checkpoint 2 of 32 (pos_min = 0, pos_max = 606, n_tokens = 607, size = 474.227 MiB)
slot print_timing: id  0 | task 6332 | 
prompt eval time =    2571.94 ms /   292 tokens (    8.81 ms per token,   113.53 tokens per second)
       eval time =    6870.24 ms /    69 tokens (   99.57 ms per token,    10.04 tokens per second)
      total time =    9442.17 ms /   361 tokens
slot      release: id  0 | task 6332 | stop processing: n_tokens = 679, truncated = 0
srv  update_slots: all slots are idle
srv  log_server_r: done request: POST /v1/chat/completions 127.0.0.1 200
srv  params_from_: Chat format: peg-gemma4
slot get_availabl: id  0 | task -1 | selected slot by LCP similarity, sim_best = 0.500 (> 0.100 thold), f_keep = 0.470
srv  get_availabl: updating prompt cache
srv   prompt_save:  - saving prompt with length 679, total state size = 583.533 MiB
srv          load:  - looking for better prompt, base f_keep = 0.470, sim = 0.500
srv        update:  - cache size limit reached, removing oldest entry (size = 1216.279 MiB)
srv        update:  - cache state: 6 prompts, 7267.362 MiB (limits: 8192.000 MiB, 262144 tokens, 262144 est)
srv        update:    - prompt 0xaaab0a6f06d0:     753 tokens, checkpoints:  2,  1221.358 MiB
srv        update:    - prompt 0xaaab0cd26f60:     684 tokens, checkpoints:  2,  1157.371 MiB
srv        update:    - prompt 0xaaaafba0b9b0:     801 tokens, checkpoints:  2,  1279.015 MiB
srv        update:    - prompt 0xaaab09810420:     760 tokens, checkpoints:  2,  1243.780 MiB
srv        update:    - prompt 0xaaaafb9ec2e0:     743 tokens, checkpoints:  2,  1212.764 MiB
srv        update:    - prompt 0xaaaaf7e32b50:     679 tokens, checkpoints:  2,  1153.075 MiB
srv  get_availabl: prompt cache update took 166.81 ms
slot launch_slot_: id  0 | task -1 | sampler chain: logits -> ?penalties -> ?dry -> ?top-n-sigma -> top-k -> ?typical -> top-p -> min-p -> ?xtc -> ?temp-ext -> dist 
slot launch_slot_: id  0 | task 6403 | processing task, is_child = 0
slot update_slots: id  0 | task 6403 | new prompt, n_ctx_slot = 262144, n_keep = 0, task.n_tokens = 638
slot update_slots: id  0 | task 6403 | n_past = 319, slot.prompt.tokens.size() = 679, seq_id = 0, pos_min = 0, n_swa = 1024
slot update_slots: id  0 | task 6403 | Checking checkpoint with [0, 606] against 0...
slot update_slots: id  0 | task 6403 | restored context checkpoint (pos_min = 0, pos_max = 606, n_tokens = 607, n_past = 319, size = 474.227 MiB)
slot update_slots: id  0 | task 6403 | erased invalidated context checkpoint (pos_min = 0, pos_max = 606, n_tokens = 607, n_swa = 1024, pos_next = 319, size = 474.227 MiB)
slot update_slots: id  0 | task 6403 | n_tokens = 319, memory_seq_rm [319, end)
srv  process_chun: processing image...
encoding image slice...
image slice encoded in 579 ms
decoding image batch 1/1, n_tokens_batch = 266
sched_reserve: reserving ...
sched_reserve:      CUDA0 compute buffer size =   866.52 MiB
sched_reserve:  CUDA_Host compute buffer size =   542.02 MiB
sched_reserve: graph nodes  = 2462
sched_reserve: graph splits = 2
sched_reserve: reserve took 396.56 ms, sched copies = 1
image decoded (batch 1/1) in 757 ms
srv  process_chun: image processed in 1336 ms
slot update_slots: id  0 | task 6403 | prompt processing progress, n_tokens = 634, batch.n_tokens = 49, progress = 0.993730
sched_reserve: reserving ...
sched_reserve:      CUDA0 compute buffer size =   866.52 MiB
sched_reserve:  CUDA_Host compute buffer size =   542.02 MiB
sched_reserve: graph nodes  = 2462
sched_reserve: graph splits = 2
sched_reserve: reserve took 363.89 ms, sched copies = 1
slot update_slots: id  0 | task 6403 | n_tokens = 634, memory_seq_rm [634, end)
slot init_sampler: id  0 | task 6403 | init sampler, took 0.12 ms, tokens: text = 372, total = 638
slot update_slots: id  0 | task 6403 | prompt processing done, n_tokens = 638, batch.n_tokens = 4
slot create_check: id  0 | task 6403 | created context checkpoint 2 of 32 (pos_min = 0, pos_max = 633, n_tokens = 634, size = 495.321 MiB)
srv  params_from_: Chat format: peg-gemma4
slot get_availabl: id  3 | task -1 | selected slot by LRU, t_last = 430260648862
srv  get_availabl: updating prompt cache
srv          load:  - looking for better prompt, base f_keep = -1.000, sim = 0.000
srv          load:  - found better prompt with f_keep = 0.424, sim = 0.500
srv        update:  - cache state: 5 prompts, 6046.004 MiB (limits: 8192.000 MiB, 262144 tokens, 262144 est)
srv        update:    - prompt 0xaaab0cd26f60:     684 tokens, checkpoints:  2,  1157.371 MiB
srv        update:    - prompt 0xaaaafba0b9b0:     801 tokens, checkpoints:  2,  1279.015 MiB
srv        update:    - prompt 0xaaab09810420:     760 tokens, checkpoints:  2,  1243.780 MiB
srv        update:    - prompt 0xaaaafb9ec2e0:     743 tokens, checkpoints:  2,  1212.764 MiB
srv        update:    - prompt 0xaaaaf7e32b50:     679 tokens, checkpoints:  2,  1153.075 MiB
srv  get_availabl: prompt cache update took 29.72 ms
slot launch_slot_: id  3 | task -1 | sampler chain: logits -> ?penalties -> ?dry -> ?top-n-sigma -> top-k -> ?typical -> top-p -> min-p -> ?xtc -> ?temp-ext -> dist 
slot launch_slot_: id  3 | task 6515 | processing task, is_child = 0
slot update_slots: id  3 | task 6515 | new prompt, n_ctx_slot = 262144, n_keep = 0, task.n_tokens = 638
slot update_slots: id  3 | task 6515 | n_past = 319, slot.prompt.tokens.size() = 753, seq_id = 3, pos_min = 0, n_swa = 1024
slot update_slots: id  3 | task 6515 | Checking checkpoint with [0, 612] against 0...
slot update_slots: id  3 | task 6515 | restored context checkpoint (pos_min = 0, pos_max = 612, n_tokens = 613, n_past = 319, size = 478.914 MiB)
slot update_slots: id  3 | task 6515 | erased invalidated context checkpoint (pos_min = 0, pos_max = 612, n_tokens = 613, n_swa = 1024, pos_next = 319, size = 478.914 MiB)
slot update_slots: id  3 | task 6515 | n_tokens = 319, memory_seq_rm [319, end)
srv  process_chun: processing image...
encoding image slice...
image slice encoded in 581 ms
decoding image batch 1/1, n_tokens_batch = 266
sched_reserve: reserving ...
sched_reserve:      CUDA0 compute buffer size =   866.52 MiB
sched_reserve:  CUDA_Host compute buffer size =   542.02 MiB
sched_reserve: graph nodes  = 2462
sched_reserve: graph splits = 2
sched_reserve: reserve took 365.81 ms, sched copies = 1
image decoded (batch 1/1) in 730 ms
srv  process_chun: image processed in 1312 ms
slot update_slots: id  3 | task 6515 | prompt processing progress, n_tokens = 634, batch.n_tokens = 50, progress = 0.993730
sched_reserve: reserving ...
sched_reserve:      CUDA0 compute buffer size =   866.52 MiB
sched_reserve:  CUDA_Host compute buffer size =   542.02 MiB
sched_reserve: graph nodes  = 2462
sched_reserve: graph splits = 2
sched_reserve: reserve took 349.81 ms, sched copies = 1
slot update_slots: id  3 | task 6515 | n_tokens = 634, memory_seq_rm [634, end)
slot init_sampler: id  3 | task 6515 | init sampler, took 0.12 ms, tokens: text = 372, total = 638
slot update_slots: id  3 | task 6515 | prompt processing done, n_tokens = 638, batch.n_tokens = 5
slot create_check: id  3 | task 6515 | created context checkpoint 2 of 32 (pos_min = 0, pos_max = 633, n_tokens = 634, size = 495.321 MiB)
slot print_timing: id  0 | task 6403 | 
prompt eval time =    2653.85 ms /   319 tokens (    8.32 ms per token,   120.20 tokens per second)
       eval time =   23755.06 ms /   203 tokens (  117.02 ms per token,     8.55 tokens per second)
      total time =   26408.91 ms /   522 tokens
slot      release: id  0 | task 6403 | stop processing: n_tokens = 840, truncated = 0
srv  log_server_r: done request: POST /v1/chat/completions 127.0.0.1 200
slot print_timing: id  3 | task 6515 | 
prompt eval time =    2680.94 ms /   319 tokens (    8.40 ms per token,   118.99 tokens per second)
       eval time =   25966.96 ms /   245 tokens (  105.99 ms per token,     9.44 tokens per second)
      total time =   28647.89 ms /   564 tokens
slot      release: id  3 | task 6515 | stop processing: n_tokens = 882, truncated = 0
srv  log_server_r: done request: POST /v1/chat/completions 127.0.0.1 200
srv  update_slots: all slots are idle
srv  params_from_: Chat format: peg-gemma4
slot get_availabl: id  0 | task -1 | selected slot by LCP similarity, sim_best = 0.517 (> 0.100 thold), f_keep = 0.380
srv  get_availabl: updating prompt cache
srv   prompt_save:  - saving prompt with length 840, total state size = 721.896 MiB
srv          load:  - looking for better prompt, base f_keep = 0.380, sim = 0.517
srv        update:  - cache state: 6 prompts, 7358.536 MiB (limits: 8192.000 MiB, 262144 tokens, 262144 est)
srv        update:    - prompt 0xaaab0cd26f60:     684 tokens, checkpoints:  2,  1157.371 MiB
srv        update:    - prompt 0xaaaafba0b9b0:     801 tokens, checkpoints:  2,  1279.015 MiB
srv        update:    - prompt 0xaaab09810420:     760 tokens, checkpoints:  2,  1243.780 MiB
srv        update:    - prompt 0xaaaafb9ec2e0:     743 tokens, checkpoints:  2,  1212.764 MiB
srv        update:    - prompt 0xaaaaf7e32b50:     679 tokens, checkpoints:  2,  1153.075 MiB
srv        update:    - prompt 0xaaaaf9e6ac80:     840 tokens, checkpoints:  2,  1312.532 MiB
srv  get_availabl: prompt cache update took 334.31 ms
slot launch_slot_: id  0 | task -1 | sampler chain: logits -> ?penalties -> ?dry -> ?top-n-sigma -> top-k -> ?typical -> top-p -> min-p -> ?xtc -> ?temp-ext -> dist 
slot launch_slot_: id  0 | task 6762 | processing task, is_child = 0
slot slot_save_an: id  3 | task -1 | saving idle slot to prompt cache
srv   prompt_save:  - saving prompt with length 882, total state size = 757.990 MiB
slot prompt_clear: id  3 | task -1 | clearing prompt with 882 tokens
srv        update:  - cache size limit reached, removing oldest entry (size = 1157.371 MiB)
srv        update:  - cache state: 6 prompts, 7549.791 MiB (limits: 8192.000 MiB, 262144 tokens, 262144 est)
srv        update:    - prompt 0xaaaafba0b9b0:     801 tokens, checkpoints:  2,  1279.015 MiB
srv        update:    - prompt 0xaaab09810420:     760 tokens, checkpoints:  2,  1243.780 MiB
srv        update:    - prompt 0xaaaafb9ec2e0:     743 tokens, checkpoints:  2,  1212.764 MiB
srv        update:    - prompt 0xaaaaf7e32b50:     679 tokens, checkpoints:  2,  1153.075 MiB
srv        update:    - prompt 0xaaaaf9e6ac80:     840 tokens, checkpoints:  2,  1312.532 MiB
srv        update:    - prompt 0xaaaaeace69f0:     882 tokens, checkpoints:  2,  1348.626 MiB
slot update_slots: id  0 | task 6762 | new prompt, n_ctx_slot = 262144, n_keep = 0, task.n_tokens = 617
slot update_slots: id  0 | task 6762 | n_past = 319, slot.prompt.tokens.size() = 840, seq_id = 0, pos_min = 0, n_swa = 1024
slot update_slots: id  0 | task 6762 | Checking checkpoint with [0, 633] against 0...
slot update_slots: id  0 | task 6762 | restored context checkpoint (pos_min = 0, pos_max = 633, n_tokens = 634, n_past = 319, size = 495.321 MiB)
slot update_slots: id  0 | task 6762 | erased invalidated context checkpoint (pos_min = 0, pos_max = 633, n_tokens = 634, n_swa = 1024, pos_next = 319, size = 495.321 MiB)
slot update_slots: id  0 | task 6762 | n_tokens = 319, memory_seq_rm [319, end)
srv  process_chun: processing image...
encoding image slice...
image slice encoded in 583 ms
decoding image batch 1/1, n_tokens_batch = 266
sched_reserve: reserving ...
sched_reserve:      CUDA0 compute buffer size =   866.52 MiB
sched_reserve:  CUDA_Host compute buffer size =   542.02 MiB
sched_reserve: graph nodes  = 2462
sched_reserve: graph splits = 2
sched_reserve: reserve took 347.03 ms, sched copies = 1
image decoded (batch 1/1) in 712 ms
srv  process_chun: image processed in 1295 ms
slot update_slots: id  0 | task 6762 | prompt processing progress, n_tokens = 613, batch.n_tokens = 28, progress = 0.993517
sched_reserve: reserving ...
sched_reserve:      CUDA0 compute buffer size =   866.52 MiB
sched_reserve:  CUDA_Host compute buffer size =   542.02 MiB
sched_reserve: graph nodes  = 2462
sched_reserve: graph splits = 2
sched_reserve: reserve took 341.72 ms, sched copies = 1
slot update_slots: id  0 | task 6762 | n_tokens = 613, memory_seq_rm [613, end)
slot init_sampler: id  0 | task 6762 | init sampler, took 0.11 ms, tokens: text = 351, total = 617
slot update_slots: id  0 | task 6762 | prompt processing done, n_tokens = 617, batch.n_tokens = 4
slot create_check: id  0 | task 6762 | created context checkpoint 2 of 32 (pos_min = 0, pos_max = 612, n_tokens = 613, size = 478.914 MiB)
slot print_timing: id  0 | task 6762 | 
prompt eval time =    2574.35 ms /   298 tokens (    8.64 ms per token,   115.76 tokens per second)
       eval time =    8182.12 ms /    82 tokens (   99.78 ms per token,    10.02 tokens per second)
      total time =   10756.47 ms /   380 tokens
slot      release: id  0 | task 6762 | stop processing: n_tokens = 698, truncated = 0
srv  update_slots: all slots are idle
srv  log_server_r: done request: POST /v1/chat/completions 127.0.0.1 200
srv  params_from_: Chat format: peg-gemma4
slot get_availabl: id  0 | task -1 | selected slot by LCP similarity, sim_best = 0.522 (> 0.100 thold), f_keep = 0.457
srv  get_availabl: updating prompt cache
srv   prompt_save:  - saving prompt with length 698, total state size = 599.861 MiB
srv          load:  - looking for better prompt, base f_keep = 0.457, sim = 0.522
srv        update:  - cache size limit reached, removing oldest entry (size = 1279.015 MiB)
srv        update:  - cache state: 6 prompts, 7444.866 MiB (limits: 8192.000 MiB, 262144 tokens, 262144 est)
srv        update:    - prompt 0xaaab09810420:     760 tokens, checkpoints:  2,  1243.780 MiB
srv        update:    - prompt 0xaaaafb9ec2e0:     743 tokens, checkpoints:  2,  1212.764 MiB
srv        update:    - prompt 0xaaaaf7e32b50:     679 tokens, checkpoints:  2,  1153.075 MiB
srv        update:    - prompt 0xaaaaf9e6ac80:     840 tokens, checkpoints:  2,  1312.532 MiB
srv        update:    - prompt 0xaaaaeace69f0:     882 tokens, checkpoints:  2,  1348.626 MiB
srv        update:    - prompt 0xaaaaee5a0620:     698 tokens, checkpoints:  2,  1174.091 MiB
srv  get_availabl: prompt cache update took 160.94 ms
slot launch_slot_: id  0 | task -1 | sampler chain: logits -> ?penalties -> ?dry -> ?top-n-sigma -> top-k -> ?typical -> top-p -> min-p -> ?xtc -> ?temp-ext -> dist 
slot launch_slot_: id  0 | task 6846 | processing task, is_child = 0
slot update_slots: id  0 | task 6846 | new prompt, n_ctx_slot = 262144, n_keep = 0, task.n_tokens = 611
slot update_slots: id  0 | task 6846 | n_past = 319, slot.prompt.tokens.size() = 698, seq_id = 0, pos_min = 0, n_swa = 1024
slot update_slots: id  0 | task 6846 | Checking checkpoint with [0, 612] against 0...
slot update_slots: id  0 | task 6846 | restored context checkpoint (pos_min = 0, pos_max = 612, n_tokens = 613, n_past = 319, size = 478.914 MiB)
slot update_slots: id  0 | task 6846 | erased invalidated context checkpoint (pos_min = 0, pos_max = 612, n_tokens = 613, n_swa = 1024, pos_next = 319, size = 478.914 MiB)
slot update_slots: id  0 | task 6846 | n_tokens = 319, memory_seq_rm [319, end)
srv  process_chun: processing image...
encoding image slice...
image slice encoded in 578 ms
decoding image batch 1/1, n_tokens_batch = 266
sched_reserve: reserving ...
sched_reserve:      CUDA0 compute buffer size =   866.52 MiB
sched_reserve:  CUDA_Host compute buffer size =   542.02 MiB
sched_reserve: graph nodes  = 2462
sched_reserve: graph splits = 2
sched_reserve: reserve took 362.17 ms, sched copies = 1
image decoded (batch 1/1) in 724 ms
srv  process_chun: image processed in 1302 ms
slot update_slots: id  0 | task 6846 | prompt processing progress, n_tokens = 607, batch.n_tokens = 22, progress = 0.993453
sched_reserve: reserving ...
sched_reserve:      CUDA0 compute buffer size =   866.52 MiB
sched_reserve:  CUDA_Host compute buffer size =   542.02 MiB
sched_reserve: graph nodes  = 2462
sched_reserve: graph splits = 2
sched_reserve: reserve took 375.45 ms, sched copies = 1
slot update_slots: id  0 | task 6846 | n_tokens = 607, memory_seq_rm [607, end)
slot init_sampler: id  0 | task 6846 | init sampler, took 0.11 ms, tokens: text = 345, total = 611
slot update_slots: id  0 | task 6846 | prompt processing done, n_tokens = 611, batch.n_tokens = 4
slot create_check: id  0 | task 6846 | created context checkpoint 2 of 32 (pos_min = 0, pos_max = 606, n_tokens = 607, size = 474.227 MiB)
slot print_timing: id  0 | task 6846 | 
prompt eval time =    2544.82 ms /   292 tokens (    8.72 ms per token,   114.74 tokens per second)
       eval time =    5359.72 ms /    54 tokens (   99.25 ms per token,    10.08 tokens per second)
      total time =    7904.54 ms /   346 tokens
slot      release: id  0 | task 6846 | stop processing: n_tokens = 664, truncated = 0
srv  update_slots: all slots are idle
srv  log_server_r: done request: POST /v1/chat/completions 127.0.0.1 200
srv  params_from_: Chat format: peg-gemma4
slot get_availabl: id  0 | task -1 | selected slot by LCP similarity, sim_best = 0.500 (> 0.100 thold), f_keep = 0.480
srv  get_availabl: updating prompt cache
srv   prompt_save:  - saving prompt with length 664, total state size = 570.642 MiB
srv          load:  - looking for better prompt, base f_keep = 0.480, sim = 0.500
srv        update:  - cache size limit reached, removing oldest entry (size = 1243.780 MiB)
srv        update:  - cache state: 6 prompts, 7341.270 MiB (limits: 8192.000 MiB, 262144 tokens, 262144 est)
srv        update:    - prompt 0xaaaafb9ec2e0:     743 tokens, checkpoints:  2,  1212.764 MiB
srv        update:    - prompt 0xaaaaf7e32b50:     679 tokens, checkpoints:  2,  1153.075 MiB
srv        update:    - prompt 0xaaaaf9e6ac80:     840 tokens, checkpoints:  2,  1312.532 MiB
srv        update:    - prompt 0xaaaaeace69f0:     882 tokens, checkpoints:  2,  1348.626 MiB
srv        update:    - prompt 0xaaaaee5a0620:     698 tokens, checkpoints:  2,  1174.091 MiB
srv        update:    - prompt 0xaaaaeac15fc0:     664 tokens, checkpoints:  2,  1140.184 MiB
srv  get_availabl: prompt cache update took 139.29 ms
slot launch_slot_: id  0 | task -1 | sampler chain: logits -> ?penalties -> ?dry -> ?top-n-sigma -> top-k -> ?typical -> top-p -> min-p -> ?xtc -> ?temp-ext -> dist 
slot launch_slot_: id  0 | task 6902 | processing task, is_child = 0
slot update_slots: id  0 | task 6902 | new prompt, n_ctx_slot = 262144, n_keep = 0, task.n_tokens = 638
slot update_slots: id  0 | task 6902 | n_past = 319, slot.prompt.tokens.size() = 664, seq_id = 0, pos_min = 0, n_swa = 1024
slot update_slots: id  0 | task 6902 | Checking checkpoint with [0, 606] against 0...
slot update_slots: id  0 | task 6902 | restored context checkpoint (pos_min = 0, pos_max = 606, n_tokens = 607, n_past = 319, size = 474.227 MiB)
slot update_slots: id  0 | task 6902 | erased invalidated context checkpoint (pos_min = 0, pos_max = 606, n_tokens = 607, n_swa = 1024, pos_next = 319, size = 474.227 MiB)
slot update_slots: id  0 | task 6902 | n_tokens = 319, memory_seq_rm [319, end)
srv  process_chun: processing image...
encoding image slice...
image slice encoded in 579 ms
decoding image batch 1/1, n_tokens_batch = 266
sched_reserve: reserving ...
sched_reserve:      CUDA0 compute buffer size =   866.52 MiB
sched_reserve:  CUDA_Host compute buffer size =   542.02 MiB
sched_reserve: graph nodes  = 2462
sched_reserve: graph splits = 2
sched_reserve: reserve took 378.78 ms, sched copies = 1
image decoded (batch 1/1) in 739 ms
srv  process_chun: image processed in 1319 ms
slot update_slots: id  0 | task 6902 | prompt processing progress, n_tokens = 634, batch.n_tokens = 49, progress = 0.993730
sched_reserve: reserving ...
sched_reserve:      CUDA0 compute buffer size =   866.52 MiB
sched_reserve:  CUDA_Host compute buffer size =   542.02 MiB
sched_reserve: graph nodes  = 2462
sched_reserve: graph splits = 2
sched_reserve: reserve took 352.03 ms, sched copies = 1
slot update_slots: id  0 | task 6902 | n_tokens = 634, memory_seq_rm [634, end)
slot init_sampler: id  0 | task 6902 | init sampler, took 0.12 ms, tokens: text = 372, total = 638
slot update_slots: id  0 | task 6902 | prompt processing done, n_tokens = 638, batch.n_tokens = 4
slot create_check: id  0 | task 6902 | created context checkpoint 2 of 32 (pos_min = 0, pos_max = 633, n_tokens = 634, size = 495.321 MiB)
slot print_timing: id  0 | task 6902 | 
prompt eval time =    2614.93 ms /   319 tokens (    8.20 ms per token,   121.99 tokens per second)
       eval time =    9501.62 ms /    95 tokens (  100.02 ms per token,    10.00 tokens per second)
      total time =   12116.55 ms /   414 tokens
slot      release: id  0 | task 6902 | stop processing: n_tokens = 732, truncated = 0
srv  update_slots: all slots are idle
srv  log_server_r: done request: POST /v1/chat/completions 127.0.0.1 200
srv  params_from_: Chat format: peg-gemma4
slot get_availabl: id  0 | task -1 | selected slot by LCP similarity, sim_best = 0.517 (> 0.100 thold), f_keep = 0.436
srv  get_availabl: updating prompt cache
srv   prompt_save:  - saving prompt with length 732, total state size = 629.081 MiB
srv          load:  - looking for better prompt, base f_keep = 0.436, sim = 0.517
srv        update:  - cache size limit reached, removing oldest entry (size = 1212.764 MiB)
srv        update:  - cache state: 6 prompts, 7348.223 MiB (limits: 8192.000 MiB, 262144 tokens, 262144 est)
srv        update:    - prompt 0xaaaaf7e32b50:     679 tokens, checkpoints:  2,  1153.075 MiB
srv        update:    - prompt 0xaaaaf9e6ac80:     840 tokens, checkpoints:  2,  1312.532 MiB
srv        update:    - prompt 0xaaaaeace69f0:     882 tokens, checkpoints:  2,  1348.626 MiB
srv        update:    - prompt 0xaaaaee5a0620:     698 tokens, checkpoints:  2,  1174.091 MiB
srv        update:    - prompt 0xaaaaeac15fc0:     664 tokens, checkpoints:  2,  1140.184 MiB
srv        update:    - prompt 0xaaaaec3efa80:     732 tokens, checkpoints:  2,  1219.717 MiB
srv  get_availabl: prompt cache update took 230.17 ms
slot launch_slot_: id  0 | task -1 | sampler chain: logits -> ?penalties -> ?dry -> ?top-n-sigma -> top-k -> ?typical -> top-p -> min-p -> ?xtc -> ?temp-ext -> dist 
slot launch_slot_: id  0 | task 6999 | processing task, is_child = 0
slot update_slots: id  0 | task 6999 | new prompt, n_ctx_slot = 262144, n_keep = 0, task.n_tokens = 617
slot update_slots: id  0 | task 6999 | n_past = 319, slot.prompt.tokens.size() = 732, seq_id = 0, pos_min = 0, n_swa = 1024
slot update_slots: id  0 | task 6999 | Checking checkpoint with [0, 633] against 0...
slot update_slots: id  0 | task 6999 | restored context checkpoint (pos_min = 0, pos_max = 633, n_tokens = 634, n_past = 319, size = 495.321 MiB)
slot update_slots: id  0 | task 6999 | erased invalidated context checkpoint (pos_min = 0, pos_max = 633, n_tokens = 634, n_swa = 1024, pos_next = 319, size = 495.321 MiB)
slot update_slots: id  0 | task 6999 | n_tokens = 319, memory_seq_rm [319, end)
srv  process_chun: processing image...
encoding image slice...
image slice encoded in 581 ms
decoding image batch 1/1, n_tokens_batch = 266
sched_reserve: reserving ...
sched_reserve:      CUDA0 compute buffer size =   866.52 MiB
sched_reserve:  CUDA_Host compute buffer size =   542.02 MiB
sched_reserve: graph nodes  = 2462
sched_reserve: graph splits = 2
sched_reserve: reserve took 381.31 ms, sched copies = 1
image decoded (batch 1/1) in 741 ms
srv  process_chun: image processed in 1322 ms
slot update_slots: id  0 | task 6999 | prompt processing progress, n_tokens = 613, batch.n_tokens = 28, progress = 0.993517
sched_reserve: reserving ...
sched_reserve:      CUDA0 compute buffer size =   866.52 MiB
sched_reserve:  CUDA_Host compute buffer size =   542.02 MiB
sched_reserve: graph nodes  = 2462
sched_reserve: graph splits = 2
sched_reserve: reserve took 388.40 ms, sched copies = 1
slot update_slots: id  0 | task 6999 | n_tokens = 613, memory_seq_rm [613, end)
slot init_sampler: id  0 | task 6999 | init sampler, took 0.11 ms, tokens: text = 351, total = 617
slot update_slots: id  0 | task 6999 | prompt processing done, n_tokens = 617, batch.n_tokens = 4
slot create_check: id  0 | task 6999 | created context checkpoint 2 of 32 (pos_min = 0, pos_max = 612, n_tokens = 613, size = 478.914 MiB)
slot print_timing: id  0 | task 6999 | 
prompt eval time =    2610.13 ms /   298 tokens (    8.76 ms per token,   114.17 tokens per second)
       eval time =   10684.79 ms /   106 tokens (  100.80 ms per token,     9.92 tokens per second)
      total time =   13294.92 ms /   404 tokens
slot      release: id  0 | task 6999 | stop processing: n_tokens = 722, truncated = 0
srv  update_slots: all slots are idle
srv  log_server_r: done request: POST /v1/chat/completions 127.0.0.1 200
srv  params_from_: Chat format: peg-gemma4
slot get_availabl: id  0 | task -1 | selected slot by LCP similarity, sim_best = 0.500 (> 0.100 thold), f_keep = 0.442
srv  get_availabl: updating prompt cache
srv   prompt_save:  - saving prompt with length 722, total state size = 620.487 MiB
srv          load:  - looking for better prompt, base f_keep = 0.442, sim = 0.500
srv        update:  - cache size limit reached, removing oldest entry (size = 1153.075 MiB)
srv        update:  - cache state: 6 prompts, 7389.865 MiB (limits: 8192.000 MiB, 262144 tokens, 262144 est)
srv        update:    - prompt 0xaaaaf9e6ac80:     840 tokens, checkpoints:  2,  1312.532 MiB
srv        update:    - prompt 0xaaaaeace69f0:     882 tokens, checkpoints:  2,  1348.626 MiB
srv        update:    - prompt 0xaaaaee5a0620:     698 tokens, checkpoints:  2,  1174.091 MiB
srv        update:    - prompt 0xaaaaeac15fc0:     664 tokens, checkpoints:  2,  1140.184 MiB
srv        update:    - prompt 0xaaaaec3efa80:     732 tokens, checkpoints:  2,  1219.717 MiB
srv        update:    - prompt 0xaaaaf9f3de70:     722 tokens, checkpoints:  2,  1194.716 MiB
srv  get_availabl: prompt cache update took 115.55 ms
slot launch_slot_: id  0 | task -1 | sampler chain: logits -> ?penalties -> ?dry -> ?top-n-sigma -> top-k -> ?typical -> top-p -> min-p -> ?xtc -> ?temp-ext -> dist 
slot launch_slot_: id  0 | task 7107 | processing task, is_child = 0
slot update_slots: id  0 | task 7107 | new prompt, n_ctx_slot = 262144, n_keep = 0, task.n_tokens = 638
slot update_slots: id  0 | task 7107 | n_past = 319, slot.prompt.tokens.size() = 722, seq_id = 0, pos_min = 0, n_swa = 1024
slot update_slots: id  0 | task 7107 | Checking checkpoint with [0, 612] against 0...
slot update_slots: id  0 | task 7107 | restored context checkpoint (pos_min = 0, pos_max = 612, n_tokens = 613, n_past = 319, size = 478.914 MiB)
slot update_slots: id  0 | task 7107 | erased invalidated context checkpoint (pos_min = 0, pos_max = 612, n_tokens = 613, n_swa = 1024, pos_next = 319, size = 478.914 MiB)
slot update_slots: id  0 | task 7107 | n_tokens = 319, memory_seq_rm [319, end)
srv  process_chun: processing image...
encoding image slice...
image slice encoded in 622 ms
decoding image batch 1/1, n_tokens_batch = 266
sched_reserve: reserving ...
sched_reserve:      CUDA0 compute buffer size =   866.52 MiB
sched_reserve:  CUDA_Host compute buffer size =   542.02 MiB
sched_reserve: graph nodes  = 2462
sched_reserve: graph splits = 2
sched_reserve: reserve took 438.81 ms, sched copies = 1
image decoded (batch 1/1) in 808 ms
srv  process_chun: image processed in 1431 ms
slot update_slots: id  0 | task 7107 | prompt processing progress, n_tokens = 634, batch.n_tokens = 49, progress = 0.993730
sched_reserve: reserving ...
sched_reserve:      CUDA0 compute buffer size =   866.52 MiB
sched_reserve:  CUDA_Host compute buffer size =   542.02 MiB
sched_reserve: graph nodes  = 2462
sched_reserve: graph splits = 2
sched_reserve: reserve took 388.55 ms, sched copies = 1
slot update_slots: id  0 | task 7107 | n_tokens = 634, memory_seq_rm [634, end)
slot init_sampler: id  0 | task 7107 | init sampler, took 0.12 ms, tokens: text = 372, total = 638
slot update_slots: id  0 | task 7107 | prompt processing done, n_tokens = 638, batch.n_tokens = 4
slot create_check: id  0 | task 7107 | created context checkpoint 2 of 32 (pos_min = 0, pos_max = 633, n_tokens = 634, size = 495.321 MiB)
srv    operator(): operator(): cleaning up before exit...
srv          stop: cancel task, id_task = 7107
srv  log_server_r: done request: POST /v1/chat/completions 127.0.0.1 200
common_memory_breakdown_print: | memory breakdown [MiB] |  total    free     self   model   context   compute    unaccounted |
common_memory_breakdown_print: |   - CUDA0 (Thor)       | 125771 = 42957 + (42752 = 17806 +   24080 +     866) +       40061 |
common_memory_breakdown_print: |   - Host               |                    1644 =  1102 +       0 +     542                |
