[INFO] [1788218260.193587752] [nav2_container]: Load Library: /opt/ros/jazzy/lib/libmap_server_core.so
[INFO] [1788218260.212693656] [nav2_container]: Found class: rclcpp_components::NodeFactoryTemplate<nav2_map_server::CostmapFilterInfoServer>
[INFO] [1788218260.212721566] [nav2_container]: Found class: rclcpp_components::NodeFactoryTemplate<nav2_map_server::MapSaver>
[INFO] [1788218260.212724576] [nav2_container]: Found class: rclcpp_components::NodeFactoryTemplate<nav2_map_server::MapServer>
[INFO] [1788218260.212727416] [nav2_container]: Instantiate class: rclcpp_components::NodeFactoryTemplate<nav2_map_server::MapServer>
[INFO] [1788218260.216066808] [map_server]: 
	map_server lifecycle node launched. 
	Waiting on external lifecycle transitions to activate
	See https://design.ros2.org/articles/node_lifecycle.html for more information.
[INFO] [1788218260.216084497] [map_server]: Creating
[INFO] [1788218260.216404106] [nav2_container]: Load Library: /opt/ros/jazzy/lib/libamcl_core.so
[INFO] [1788218260.222960149] [nav2_container]: Found class: rclcpp_components::NodeFactoryTemplate<nav2_amcl::AmclNode>
[INFO] [1788218260.222975289] [nav2_container]: Instantiate class: rclcpp_components::NodeFactoryTemplate<nav2_amcl::AmclNode>
[INFO] [1788218260.224954908] [amcl]: 
	amcl lifecycle node launched. 
	Waiting on external lifecycle transitions to activate
	See https://design.ros2.org/articles/node_lifecycle.html for more information.
[INFO] [1788218260.225821603] [amcl]: Creating
[INFO] [1788218260.226462570] [nav2_container]: Load Library: /opt/ros/jazzy/lib/libcontroller_server_core.so
[INFO] [1788218260.229987340] [nav2_container]: Found class: rclcpp_components::NodeFactoryTemplate<nav2_controller::ControllerServer>
[INFO] [1788218260.229996870] [nav2_container]: Instantiate class: rclcpp_components::NodeFactoryTemplate<nav2_controller::ControllerServer>
[INFO] [1788218260.231834410] [controller_server]: 
	controller_server lifecycle node launched. 
	Waiting on external lifecycle transitions to activate
	See https://design.ros2.org/articles/node_lifecycle.html for more information.
[INFO] [1788218260.235736538] [controller_server]: Creating controller server
[INFO] [1788218260.238234044] [local_costmap.local_costmap]: 
	local_costmap lifecycle node launched. 
	Waiting on external lifecycle transitions to activate
	See https://design.ros2.org/articles/node_lifecycle.html for more information.
[INFO] [1788218260.239005270] [local_costmap.local_costmap]: Creating Costmap
[INFO] [1788218260.239537547] [nav2_container]: Load Library: /opt/ros/jazzy/lib/libnav2_lifecycle_manager_core.so
[INFO] [1788218260.241280737] [nav2_container]: Found class: rclcpp_components::NodeFactoryTemplate<nav2_lifecycle_manager::LifecycleManager>
[INFO] [1788218260.241290607] [nav2_container]: Instantiate class: rclcpp_components::NodeFactoryTemplate<nav2_lifecycle_manager::LifecycleManager>
[INFO] [1788218260.243630574] [lifecycle_manager_localization]: Creating
[INFO] [1788218260.248242669] [lifecycle_manager_localization]: [34m[1mCreating and initializing lifecycle service clients[0m[0m
[INFO] [1788218260.248453788] [nav2_container]: Load Library: /opt/ros/jazzy/lib/libsmoother_server_core.so
[INFO] [1788218260.250773265] [nav2_container]: Found class: rclcpp_components::NodeFactoryTemplate<nav2_smoother::SmootherServer>
[INFO] [1788218260.250783205] [nav2_container]: Instantiate class: rclcpp_components::NodeFactoryTemplate<nav2_smoother::SmootherServer>
[INFO] [1788218260.251468171] [lifecycle_manager_localization]: [34m[1mStarting managed nodes bringup...[0m[0m
[INFO] [1788218260.251495901] [lifecycle_manager_localization]: [34m[1mConfiguring map_server[0m[0m
[INFO] [1788218260.251642870] [map_server]: Configuring
[INFO] [1788218260.251715709] [map_io]: Loading yaml file: /root/ws/install/opennav_benchmark_mission_dispatcher/share/opennav_benchmark_mission_dispatcher/maps/benchmark_warehouse.yaml
[INFO] [1788218260.252087987] [map_io]: resolution: 0.05
[INFO] [1788218260.252096277] [map_io]: origin[0]: -65.2
[INFO] [1788218260.252099437] [map_io]: origin[1]: -71.2
[INFO] [1788218260.252115997] [map_io]: origin[2]: 0
[INFO] [1788218260.252119077] [map_io]: free_thresh: 0.25
[INFO] [1788218260.252121317] [map_io]: occupied_thresh: 0.65
[INFO] [1788218260.252125207] [map_io]: mode: trinary
[INFO] [1788218260.252128197] [map_io]: negate: 0
[INFO] [1788218260.252900163] [smoother_server]: 
	smoother_server lifecycle node launched. 
	Waiting on external lifecycle transitions to activate
	See https://design.ros2.org/articles/node_lifecycle.html for more information.
[INFO] [1788218260.253845228] [smoother_server]: Creating smoother server
[INFO] [1788218260.254467294] [map_io]: Loading image_file: /root/ws/install/opennav_benchmark_mission_dispatcher/share/opennav_benchmark_mission_dispatcher/maps/benchmark_warehouse.pgm
[INFO] [1788218260.254932522] [nav2_container]: Load Library: /opt/ros/jazzy/lib/libplanner_server_core.so
[INFO] [1788218260.256221655] [nav2_container]: Found class: rclcpp_components::NodeFactoryTemplate<nav2_planner::PlannerServer>
[INFO] [1788218260.256232725] [nav2_container]: Instantiate class: rclcpp_components::NodeFactoryTemplate<nav2_planner::PlannerServer>
[INFO] [1788218260.258012385] [planner_server]: 
	planner_server lifecycle node launched. 
	Waiting on external lifecycle transitions to activate
	See https://design.ros2.org/articles/node_lifecycle.html for more information.
[INFO] [1788218260.258648071] [planner_server]: Creating
[INFO] [1788218260.260617930] [global_costmap.global_costmap]: 
	global_costmap lifecycle node launched. 
	Waiting on external lifecycle transitions to activate
	See https://design.ros2.org/articles/node_lifecycle.html for more information.
[INFO] [1788218260.260806369] [global_costmap.global_costmap]: Creating Costmap
[INFO] [1788218260.261967143] [nav2_container]: Load Library: /opt/ros/jazzy/lib/libroute_server_core.so
[INFO] [1788218260.264510389] [nav2_container]: Found class: rclcpp_components::NodeFactoryTemplate<nav2_route::RouteServer>
[INFO] [1788218260.264520888] [nav2_container]: Instantiate class: rclcpp_components::NodeFactoryTemplate<nav2_route::RouteServer>
[INFO] [1788218260.266767746] [route_server]: 
	route_server lifecycle node launched. 
	Waiting on external lifecycle transitions to activate
	See https://design.ros2.org/articles/node_lifecycle.html for more information.
[INFO] [1788218260.267889000] [nav2_container]: Load Library: /opt/ros/jazzy/lib/libbehavior_server_core.so
[INFO] [1788218260.269238142] [nav2_container]: Found class: rclcpp_components::NodeFactoryTemplate<behavior_server::BehaviorServer>
[INFO] [1788218260.269245152] [nav2_container]: Instantiate class: rclcpp_components::NodeFactoryTemplate<behavior_server::BehaviorServer>
[INFO] [1788218260.271236621] [behavior_server]: 
	behavior_server lifecycle node launched. 
	Waiting on external lifecycle transitions to activate
	See https://design.ros2.org/articles/node_lifecycle.html for more information.
[INFO] [1788218260.272912432] [nav2_container]: Load Library: /opt/ros/jazzy/lib/libbt_navigator_core.so
[INFO] [1788218260.276254123] [nav2_container]: Found class: rclcpp_components::NodeFactoryTemplate<nav2_bt_navigator::BtNavigator>
[INFO] [1788218260.276279583] [nav2_container]: Instantiate class: rclcpp_components::NodeFactoryTemplate<nav2_bt_navigator::BtNavigator>
[INFO] [1788218260.279187967] [bt_navigator]: 
	bt_navigator lifecycle node launched. 
	Waiting on external lifecycle transitions to activate
	See https://design.ros2.org/articles/node_lifecycle.html for more information.
[INFO] [1788218260.279865113] [bt_navigator]: Creating
[INFO] [1788218260.280723018] [nav2_container]: Load Library: /opt/ros/jazzy/lib/libwaypoint_follower_core.so
[INFO] [1788218260.282852187] [nav2_container]: Found class: rclcpp_components::NodeFactoryTemplate<nav2_waypoint_follower::WaypointFollower>
[INFO] [1788218260.282864057] [nav2_container]: Instantiate class: rclcpp_components::NodeFactoryTemplate<nav2_waypoint_follower::WaypointFollower>
[INFO] [1788218260.285398923] [waypoint_follower]: 
	waypoint_follower lifecycle node launched. 
	Waiting on external lifecycle transitions to activate
	See https://design.ros2.org/articles/node_lifecycle.html for more information.
[INFO] [1788218260.286128938] [waypoint_follower]: Creating
[INFO] [1788218260.287172473] [nav2_container]: Load Library: /opt/ros/jazzy/lib/libvelocity_smoother_core.so
[INFO] [1788218260.288583845] [nav2_container]: Found class: rclcpp_components::NodeFactoryTemplate<nav2_velocity_smoother::VelocitySmoother>
[INFO] [1788218260.288594215] [nav2_container]: Instantiate class: rclcpp_components::NodeFactoryTemplate<nav2_velocity_smoother::VelocitySmoother>
[INFO] [1788218260.291223700] [velocity_smoother]: 
	velocity_smoother lifecycle node launched. 
	Waiting on external lifecycle transitions to activate
	See https://design.ros2.org/articles/node_lifecycle.html for more information.
[INFO] [1788218260.292213445] [nav2_container]: Load Library: /opt/ros/jazzy/lib/libcollision_monitor_core.so
[INFO] [1788218260.296161663] [nav2_container]: Found class: rclcpp_components::NodeFactoryTemplate<nav2_collision_monitor::CollisionMonitor>
[INFO] [1788218260.296176113] [nav2_container]: Instantiate class: rclcpp_components::NodeFactoryTemplate<nav2_collision_monitor::CollisionMonitor>
[INFO] [1788218260.297888903] [map_io]: Read map /root/ws/install/opennav_benchmark_mission_dispatcher/share/opennav_benchmark_mission_dispatcher/maps/benchmark_warehouse.pgm: 2608 X 2848 map @ 0.05 m/cell
[INFO] [1788218260.298956457] [collision_monitor]: 
	collision_monitor lifecycle node launched. 
	Waiting on external lifecycle transitions to activate
	See https://design.ros2.org/articles/node_lifecycle.html for more information.
[INFO] [1788218260.300731447] [nav2_container]: Load Library: /opt/ros/jazzy/lib/libopennav_docking_core.so
[INFO] [1788218260.303216664] [nav2_container]: Found class: rclcpp_components::NodeFactoryTemplate<opennav_docking::DockingServer>
[INFO] [1788218260.303227944] [nav2_container]: Instantiate class: rclcpp_components::NodeFactoryTemplate<opennav_docking::DockingServer>
[INFO] [1788218260.304076159] [lifecycle_manager_localization]: [34m[1mConfiguring amcl[0m[0m
[INFO] [1788218260.304172438] [amcl]: Configuring
[INFO] [1788218260.304379567] [amcl]: initTransforms
[INFO] [1788218260.306470505] [docking_server]: 
	docking_server lifecycle node launched. 
	Waiting on external lifecycle transitions to activate
	See https://design.ros2.org/articles/node_lifecycle.html for more information.
[INFO] [1788218260.306505015] [docking_server]: Creating docking_server
[INFO] [1788218260.307144732] [amcl]: initPubSub
[INFO] [1788218260.307643709] [amcl]: Subscribed to map topic.
[INFO] [1788218260.307692779] [nav2_container]: Found class: rclcpp_components::NodeFactoryTemplate<nav2_lifecycle_manager::LifecycleManager>
[INFO] [1788218260.307702339] [nav2_container]: Instantiate class: rclcpp_components::NodeFactoryTemplate<nav2_lifecycle_manager::LifecycleManager>
[INFO] [1788218260.308603694] [lifecycle_manager_localization]: [34m[1mActivating map_server[0m[0m
[INFO] [1788218260.308692133] [map_server]: Activating
[INFO] [1788218260.309900606] [lifecycle_manager_navigation]: Creating
[INFO] [1788218260.310373974] [lifecycle_manager_navigation]: [34m[1mCreating and initializing lifecycle service clients[0m[0m
[INFO] [1788218260.312748821] [map_server]: Creating bond (map_server) to lifecycle manager.
[INFO] [1788218260.313849245] [lifecycle_manager_navigation]: [34m[1mStarting managed nodes bringup...[0m[0m
[INFO] [1788218260.313872644] [lifecycle_manager_navigation]: [34m[1mConfiguring controller_server[0m[0m
[INFO] [1788218260.313940434] [controller_server]: Configuring controller interface
[INFO] [1788218260.313953604] [controller_server]: getting progress checker plugins..
[INFO] [1788218260.314034943] [controller_server]: getting goal checker plugins..
[INFO] [1788218260.314082753] [controller_server]: Controller frequency set to 30.0000Hz
[INFO] [1788218260.314110203] [local_costmap.local_costmap]: Configuring
[INFO] [1788218260.314608020] [amcl]: Received a 2608 X 2848 map @ 0.050 m/pix
[INFO] [1788218260.315811704] [local_costmap.local_costmap]: Using plugin "obstacle_layer"
[INFO] [1788218260.319857881] [local_costmap.local_costmap]: Subscribed to Topics: scan_front_left scan_front_right
[INFO] [1788218260.321623811] [local_costmap.local_costmap]: Initialized plugin "obstacle_layer"
[INFO] [1788218260.321632451] [local_costmap.local_costmap]: Using plugin "voxel_layer"
[INFO] [1788218260.321998959] [local_costmap.local_costmap]: Subscribed to Topics: camera_front_left camera_front_right camera_rear vlm_obstacles
[INFO] [1788218260.326170046] [local_costmap.local_costmap]: Initialized plugin "voxel_layer"
[INFO] [1788218260.326179446] [local_costmap.local_costmap]: Using plugin "stvl_layer"
[INFO] [1788218260.358546836] [local_costmap.local_costmap]: stvl_layer being initialized as SpatioTemporalVoxelLayer!
[INFO] [1788218260.358582616] [local_costmap.local_costmap]: stvl_layer's global frame is odom.
[INFO] [1788218260.359153663] [local_costmap.local_costmap]: stvl_layer loaded parameters from parameter server.
[INFO] [1788218260.364168125] [local_costmap.local_costmap]: stvl_layer created underlying voxel grid.
[INFO] [1788218260.364854321] [local_costmap.local_costmap]: Voxel filter activated.
[INFO] [1788218260.366025185] [local_costmap.local_costmap]: Voxel filter activated.
[INFO] [1788218260.366927800] [local_costmap.local_costmap]: Voxel filter activated.
[INFO] [1788218260.367407587] [local_costmap.local_costmap]: stvl_layer initialization complete!
[INFO] [1788218260.367415237] [local_costmap.local_costmap]: Initialized plugin "stvl_layer"
[INFO] [1788218260.367418617] [local_costmap.local_costmap]: Using plugin "inflation_layer"
[INFO] [1788218260.368469471] [local_costmap.local_costmap]: Initialized plugin "inflation_layer"
[INFO] [1788218260.373750352] [controller_server]: Created progress_checker : progress_checker of type nav2_controller::SimpleProgressChecker
[INFO] [1788218260.373903461] [controller_server]: Controller Server has progress_checker  progress checkers available.
[INFO] [1788218260.374278289] [controller_server]: Created goal checker : general_goal_checker of type nav2_controller::SimpleGoalChecker
[INFO] [1788218260.374447348] [controller_server]: Controller Server has general_goal_checker  goal checkers available.
[INFO] [1788218260.376453357] [controller_server]: Created controller : FollowPath of type nav2_mppi_controller::MPPIController
[WARN] [1788218260.377395482] [controller_server]: Controller period is less then model dt, consider setting it equal
[INFO] [1788218260.378876473] [controller_server]: ConstraintCritic instantiated with 1 power and 4.000000 weight.
[INFO] [1788218260.378888983] [controller_server]: Critic loaded : mppi::critics::ConstraintCritic
[INFO] [1788218260.379190082] [controller_server]: InflationCostCritic instantiated with 1 power and 300.000000 / 0.015000 weights. Critic will collision check based on footprint cost.
[INFO] [1788218260.379201202] [controller_server]: Critic loaded : mppi::critics::CostCritic
[INFO] [1788218260.379331551] [controller_server]: GoalCritic instantiated with 1 power and 5.000000 weight.
[INFO] [1788218260.379339061] [controller_server]: Critic loaded : mppi::critics::GoalCritic
[INFO] [1788218260.379488610] [controller_server]: GoalAngleCritic instantiated with 1 power, 3.000000 weight, 0.500000 angular threshold and symmetric_yaw_tolerance disabled
[INFO] [1788218260.379493620] [controller_server]: Critic loaded : mppi::critics::GoalAngleCritic
[INFO] [1788218260.379714419] [controller_server]: ReferenceTrajectoryCritic instantiated with 1 power and 14.000000 weight
[INFO] [1788218260.379734779] [controller_server]: Critic loaded : mppi::critics::PathAlignCritic
[INFO] [1788218260.379910038] [controller_server]: Critic loaded : mppi::critics::PathFollowCritic
[INFO] [1788218260.380143756] [controller_server]: PathAngleCritic instantiated with 1 power and 2.000000 weight. Mode set to: Consider Feasible Path Orientations
[INFO] [1788218260.380150586] [controller_server]: Critic loaded : mppi::critics::PathAngleCritic
[INFO] [1788218260.380309185] [controller_server]: PreferForwardCritic instantiated with 1 power and 5.000000 weight.
[INFO] [1788218260.380312795] [controller_server]: Critic loaded : mppi::critics::PreferForwardCritic
[INFO] [1788218260.381046541] [controller_server]: Optimizer reset
[INFO] [1788218260.382454883] [MPPIController]: Configured MPPI Controller: FollowPath
[INFO] [1788218260.382461993] [controller_server]: Controller Server has FollowPath  controllers available.
[INFO] [1788218260.384543532] [lifecycle_manager_navigation]: [34m[1mConfiguring smoother_server[0m[0m
[INFO] [1788218260.384647801] [smoother_server]: Configuring smoother server
[INFO] [1788218260.392682847] [smoother_server]: Created smoother : path_smoother of type nav2_constrained_smoother/ConstrainedSmoother
[INFO] [1788218260.393175514] [smoother_server]: Smoother Server has path_smoother  smoothers available.
[INFO] [1788218260.394406827] [lifecycle_manager_navigation]: [34m[1mConfiguring planner_server[0m[0m
[INFO] [1788218260.394489847] [planner_server]: Configuring
[INFO] [1788218260.394524086] [global_costmap.global_costmap]: Configuring
[INFO] [1788218260.396477796] [global_costmap.global_costmap]: Using plugin "static_layer"
[INFO] [1788218260.396922863] [global_costmap.global_costmap]: Subscribing to the map topic (/map) with transient local durability
[INFO] [1788218260.397127602] [global_costmap.global_costmap]: Initialized plugin "static_layer"
[INFO] [1788218260.397136452] [global_costmap.global_costmap]: Using plugin "obstacle_layer"
[INFO] [1788218260.397394351] [global_costmap.global_costmap]: Subscribed to Topics: scan_front_left scan_front_right
[INFO] [1788218260.399470629] [global_costmap.global_costmap]: Initialized plugin "obstacle_layer"
[INFO] [1788218260.399483869] [global_costmap.global_costmap]: Using plugin "voxel_layer"
[INFO] [1788218260.399744647] [global_costmap.global_costmap]: Subscribed to Topics: camera_front_left camera_front_right camera_rear vlm_obstacles
[INFO] [1788218260.403043519] [global_costmap.global_costmap]: Initialized plugin "voxel_layer"
[INFO] [1788218260.403052589] [global_costmap.global_costmap]: Using plugin "stvl_layer"
[INFO] [1788218260.403117859] [global_costmap.global_costmap]: stvl_layer being initialized as SpatioTemporalVoxelLayer!
[INFO] [1788218260.403122219] [global_costmap.global_costmap]: stvl_layer's global frame is map.
[INFO] [1788218260.403524836] [global_costmap.global_costmap]: stvl_layer loaded parameters from parameter server.
[INFO] [1788218260.403730585] [global_costmap.global_costmap]: stvl_layer created underlying voxel grid.
[INFO] [1788218260.404279682] [global_costmap.global_costmap]: Voxel filter activated.
[INFO] [1788218260.405273647] [global_costmap.global_costmap]: Voxel filter activated.
[INFO] [1788218260.406184232] [global_costmap.global_costmap]: Voxel filter activated.
[INFO] [1788218260.406532560] [global_costmap.global_costmap]: stvl_layer initialization complete!
[INFO] [1788218260.406540390] [global_costmap.global_costmap]: Initialized plugin "stvl_layer"
[INFO] [1788218260.406543670] [global_costmap.global_costmap]: Using plugin "inflation_layer"
[INFO] [1788218260.407638734] [global_costmap.global_costmap]: Initialized plugin "inflation_layer"
[INFO] [1788218260.412850645] [global_costmap.global_costmap]: StaticLayer: Resizing costmap to 2608 X 2848 at 0.050000 m/pix
[INFO] [1788218260.414235887] [lifecycle_manager_localization]: Server map_server connected with bond.
[INFO] [1788218260.414256707] [lifecycle_manager_localization]: [34m[1mActivating amcl[0m[0m
[INFO] [1788218260.414465416] [amcl]: Activating
[INFO] [1788218260.414499556] [amcl]: Creating bond (amcl) to lifecycle manager.
[INFO] [1788218260.419014710] [planner_server]: Created global planner plugin GridBased of type nav2_smac_planner::SmacPlannerHybrid
[INFO] [1788218260.419041190] [planner_server]: Configuring GridBased of type SmacPlannerHybrid
[INFO] [1788218260.419991195] [planner_server]: Even sized heuristic lookup table size set 100.000000, increasing size by 1 to make odd
[INFO] [1788218260.426808877] [amcl]: createLaserObject
[INFO] [1788218260.985060057] [planner_server]: Configured plugin GridBased of type SmacPlannerHybrid with maximum iterations 100000000, max on approach iterations 1000, and allowing unknown traversal. Tolerance 0.30.Using motion model: Reeds-Shepp.
[INFO] [1788218260.985109957] [planner_server]: Planner Server has GridBased  planners available.
[INFO] [1788218260.987246445] [lifecycle_manager_navigation]: [34m[1mConfiguring route_server[0m[0m
[INFO] [1788218260.987373404] [route_server]: Configuring
[INFO] [1788218260.997943355] [route_server]: Created GraphFileLoader GeoJsonGraphFileLoader of type nav2_route::GeoJsonGraphFileLoader
[INFO] [1788218260.997956955] [route_server]: Configuring geojson graph file loader
[INFO] [1788218260.997963295] [route_server]: No graph file provided to load yet.
[INFO] [1788218260.999414277] [route_server]: Created edge cost function plugin DistanceScorer of type nav2_route::DistanceScorer
[INFO] [1788218260.999430027] [route_server]: Configuring distance scorer.
[INFO] [1788218260.999606086] [route_server]: Created edge cost function plugin CostmapScorer of type nav2_route::CostmapScorer
[INFO] [1788218260.999614266] [route_server]: Configuring costmap scorer.
[INFO] [1788218261.001031548] [route_server]: Created route operation AdjustSpeedLimit of type nav2_route::AdjustSpeedLimit
[INFO] [1788218261.001045898] [route_server]: Configuring Adjust speed limit operation.
[INFO] [1788218261.001345067] [route_server]: Created route operation ReroutingService of type nav2_route::ReroutingService
[INFO] [1788218261.001355657] [route_server]: Configuring Rerouting service operation.
[INFO] [1788218261.001567946] [route_server]: Created route operation CollisionMonitor of type nav2_route::CollisionMonitor
[INFO] [1788218261.001619985] [route_server]: Using costmap topic: local_costmap/costmap_raw instead of server costmap topic: global_costmap/costmap_raw for CollisionMonitor.
[INFO] [1788218261.002365972] [lifecycle_manager_navigation]: [34m[1mConfiguring behavior_server[0m[0m
[INFO] [1788218261.002437481] [behavior_server]: Configuring
[INFO] [1788218261.003209028] [behavior_server]: Creating behavior plugin spin of type nav2_behaviors::Spin
[INFO] [1788218261.004162973] [behavior_server]: Creating behavior plugin backup of type nav2_behaviors::BackUp
[INFO] [1788218261.005082819] [behavior_server]: Creating behavior plugin drive_on_heading of type nav2_behaviors::DriveOnHeading
[INFO] [1788218261.005932035] [behavior_server]: Creating behavior plugin assisted_teleop of type nav2_behaviors::AssistedTeleop
[INFO] [1788218261.007579887] [behavior_server]: Creating behavior plugin wait of type nav2_behaviors::Wait
[INFO] [1788218261.008826421] [behavior_server]: Configuring spin
[INFO] [1788218261.009959036] [behavior_server]: Configuring backup
[INFO] [1788218261.010846582] [behavior_server]: Configuring drive_on_heading
[INFO] [1788218261.011589198] [behavior_server]: Configuring assisted_teleop
[INFO] [1788218261.012729253] [behavior_server]: Configuring wait
[INFO] [1788218261.013589659] [lifecycle_manager_navigation]: [34m[1mConfiguring velocity_smoother[0m[0m
[INFO] [1788218261.013687878] [velocity_smoother]: Configuring velocity smoother
[INFO] [1788218261.014871913] [lifecycle_manager_navigation]: [34m[1mConfiguring collision_monitor[0m[0m
[INFO] [1788218261.014946412] [collision_monitor]: Configuring
[INFO] [1788218261.016579035] [collision_monitor]: [scan_front_left]: Creating Scan
[INFO] [1788218261.017074282] [collision_monitor]: [scan_front_right]: Creating Scan
[INFO] [1788218261.017377871] [collision_monitor]: [FootprintApproach]: Creating Polygon
[INFO] [1788218261.018014938] [collision_monitor]: [FootprintApproach]: Polygon points are not defined. Using dynamic subscription instead.
[INFO] [1788218261.018383076] [collision_monitor]: [FootprintApproach]: Making footprint subscriber on /local_costmap/published_footprint topic
[INFO] [1788218261.019364311] [lifecycle_manager_navigation]: [34m[1mConfiguring bt_navigator[0m[0m
[INFO] [1788218261.019460521] [bt_navigator]: Configuring
[INFO] [1788218261.020745035] [bt_navigator]: Creating navigator id navigate_to_pose of type nav2_bt_navigator::NavigateToPoseNavigator
[INFO] [1788218261.077241508] [bt_navigator]: Creating navigator id navigate_through_poses of type nav2_bt_navigator::NavigateThroughPosesNavigator
[INFO] [1788218261.084271575] [lifecycle_manager_navigation]: [34m[1mConfiguring waypoint_follower[0m[0m
[INFO] [1788218261.084439264] [waypoint_follower]: Configuring
[INFO] [1788218261.087701179] [waypoint_follower]: Created waypoint_task_executor : wait_at_waypoint of type nav2_waypoint_follower::WaitAtWaypoint
[INFO] [1788218261.087947108] [lifecycle_manager_navigation]: [34m[1mConfiguring docking_server[0m[0m
[INFO] [1788218261.087999967] [docking_server]: Configuring docking_server
[INFO] [1788218261.088125877] [docking_server]: Controller frequency set to 50.0000Hz
[INFO] [1788218261.093326842] [docking_server]: Created charging dock plugin simple_charging_dock of type opennav_docking::SimpleChargingDock
[INFO] [1788218261.094256148] [docking_server]: Loading docks from parameter file.
[INFO] [1788218261.094398017] [docking_server]: Docking Server has 1 dock types and 1 dock instances available.
[INFO] [1788218261.094688396] [lifecycle_manager_navigation]: [34m[1mActivating controller_server[0m[0m
[INFO] [1788218261.094746126] [controller_server]: Activating
[INFO] [1788218261.094770216] [local_costmap.local_costmap]: Activating
[INFO] [1788218261.094777925] [local_costmap.local_costmap]: Checking transform
[INFO] [1788218261.094838105] [local_costmap.local_costmap]: start
[INFO] [1788218261.095624481] [local_costmap.local_costmap]: stvl_layer was activated.
[WARN] [1788218261.246083461] [controller_server]: Parameter controller_server.verbose not found
[INFO] [1788218261.247905682] [controller_server]: Optimizer reset
[INFO] [1788218261.248031792] [MPPIController]: Activated MPPI Controller: FollowPath
[INFO] [1788218261.248048342] [controller_server]: Creating bond (controller_server) to lifecycle manager.
[INFO] [1788218261.266125027] [amcl]: initialPoseReceived
[INFO] [1788218261.266165396] [amcl]: Setting pose (3.460000): 63.001 36.551 -3.139
[INFO] [1788218261.270687175] [lifecycle_manager_localization]: Server amcl connected with bond.
[INFO] [1788218261.270746585] [lifecycle_manager_localization]: [34m[1mManaged nodes are active[0m[0m
[INFO] [1788218261.270762334] [lifecycle_manager_localization]: [34m[1mCreating bond timer...[0m[0m
[INFO] [1788218261.323564035] [amcl]: Message Filter dropping message: frame 'base_link' at time 2.510 for reason 'the timestamp on the message is earlier than all the data in the transform cache'
[INFO] [1788218261.349262764] [lifecycle_manager_navigation]: Server controller_server connected with bond.
[INFO] [1788218261.349293544] [lifecycle_manager_navigation]: [34m[1mActivating smoother_server[0m[0m
[INFO] [1788218261.349517143] [smoother_server]: Activating
[INFO] [1788218261.349548153] [smoother_server]: Activating smoother: path_smoother of type nav2_constrained_smoother::ConstrainedSmoother
[INFO] [1788218261.349560123] [smoother_server]: Creating bond (smoother_server) to lifecycle manager.
[INFO] [1788218261.460566438] [lifecycle_manager_navigation]: Server smoother_server connected with bond.
[INFO] [1788218261.460591068] [lifecycle_manager_navigation]: [34m[1mActivating planner_server[0m[0m
[INFO] [1788218261.460723198] [planner_server]: Activating
[INFO] [1788218261.460760708] [global_costmap.global_costmap]: Activating
[INFO] [1788218261.460770687] [global_costmap.global_costmap]: Checking transform
[INFO] [1788218261.460876007] [global_costmap.global_costmap]: start
[INFO] [1788218261.462038692] [global_costmap.global_costmap]: stvl_layer was activated.
[INFO] [1788218262.112540892] [planner_server]: Activating plugin GridBased of type SmacPlannerHybrid
[INFO] [1788218262.113427958] [planner_server]: Creating bond (planner_server) to lifecycle manager.
[INFO] [1788218262.214411744] [lifecycle_manager_navigation]: Server planner_server connected with bond.
[INFO] [1788218262.214432444] [lifecycle_manager_navigation]: [34m[1mActivating route_server[0m[0m
[INFO] [1788218262.214619993] [route_server]: Activating
[INFO] [1788218262.214750623] [route_server]: Creating bond (route_server) to lifecycle manager.
[INFO] [1788218262.316229457] [lifecycle_manager_navigation]: Server route_server connected with bond.
[INFO] [1788218262.316245917] [lifecycle_manager_navigation]: [34m[1mActivating behavior_server[0m[0m
[INFO] [1788218262.316372556] [behavior_server]: Activating
[INFO] [1788218262.316417216] [behavior_server]: Activating spin
[INFO] [1788218262.316437796] [behavior_server]: Activating backup
[INFO] [1788218262.316447396] [behavior_server]: Activating drive_on_heading
[INFO] [1788218262.316455876] [behavior_server]: Activating assisted_teleop
[INFO] [1788218262.316464616] [behavior_server]: Activating wait
[INFO] [1788218262.316478866] [behavior_server]: Creating bond (behavior_server) to lifecycle manager.
[INFO] [1788218262.417600431] [lifecycle_manager_navigation]: Server behavior_server connected with bond.
[INFO] [1788218262.417631351] [lifecycle_manager_navigation]: [34m[1mActivating velocity_smoother[0m[0m
[INFO] [1788218262.417816231] [velocity_smoother]: Activating
[INFO] [1788218262.417900490] [velocity_smoother]: Creating bond (velocity_smoother) to lifecycle manager.
[INFO] [1788218262.519059345] [lifecycle_manager_navigation]: Server velocity_smoother connected with bond.
[INFO] [1788218262.519116075] [lifecycle_manager_navigation]: [34m[1mActivating collision_monitor[0m[0m
[INFO] [1788218262.519453194] [collision_monitor]: Activating
[INFO] [1788218262.519513754] [collision_monitor]: Creating bond (collision_monitor) to lifecycle manager.
[INFO] [1788218262.620768259] [lifecycle_manager_navigation]: Server collision_monitor connected with bond.
[INFO] [1788218262.620817749] [lifecycle_manager_navigation]: [34m[1mActivating bt_navigator[0m[0m
[INFO] [1788218262.621067758] [bt_navigator]: Activating
[INFO] [1788218262.639333326] [bt_navigator]: Creating bond (bt_navigator) to lifecycle manager.
[INFO] [1788218262.740385052] [lifecycle_manager_navigation]: Server bt_navigator connected with bond.
[INFO] [1788218262.740436832] [lifecycle_manager_navigation]: [34m[1mActivating waypoint_follower[0m[0m
[INFO] [1788218262.740727821] [waypoint_follower]: Activating
[INFO] [1788218262.740769710] [waypoint_follower]: Creating bond (waypoint_follower) to lifecycle manager.
[INFO] [1788218262.842055585] [lifecycle_manager_navigation]: Server waypoint_follower connected with bond.
[INFO] [1788218262.842105845] [lifecycle_manager_navigation]: [34m[1mActivating docking_server[0m[0m
[INFO] [1788218262.842375964] [docking_server]: Activating docking_server
[INFO] [1788218262.844291557] [docking_server]: Creating bond (docking_server) to lifecycle manager.
[INFO] [1788218262.945126903] [lifecycle_manager_navigation]: Server docking_server connected with bond.
[INFO] [1788218262.945173463] [lifecycle_manager_navigation]: [34m[1mManaged nodes are active[0m[0m
[INFO] [1788218262.945189263] [lifecycle_manager_navigation]: [34m[1mCreating bond timer...[0m[0m
[INFO] [1788218265.467020700] [local_costmap.local_costmap]: Received request to clear entirely the local_costmap
[INFO] [1788218265.470402504] [global_costmap.global_costmap]: Received request to clear entirely the global_costmap
[INFO] [1788218265.490392274] [docking_server]: Attempting to undock robot of dock type simple_charging_dock.
[INFO] [1788218265.490478314] [docking_server]: Robot is not in the dock, no need to undock
[WARN] [1788218265.490490504] [docking_server]: [undock_robot] [ActionServer] Current goal was not completed successfully.
[WARN] [1788218265.490495694] [docking_server]: [undock_robot] [ActionServer] Aborting handle.
[INFO] [1788218265.491198143] [behavior_server]: Running backup
[INFO] [1788218266.991990104] [behavior_server]: backup completed successfully
[INFO] [1788218266.993779003] [local_costmap.local_costmap]: Received request to clear entirely the local_costmap
[INFO] [1788218266.996007851] [global_costmap.global_costmap]: Received request to clear entirely the global_costmap
[INFO] [1788218267.008158587] [bt_navigator]: Begin navigating from current location (62.10, 35.92) to (-8.00, -52.55)
[WARN] [1788218267.852788533] [planner_server]: Planner loop missed its desired rate of 999999999.0000 Hz. Current loop rate is 1.1905 Hz
[INFO] [1788218267.869535033] [controller_server]: Received a goal, begin computing control effort.
[WARN] [1788218267.869610113] [controller_server]: No goal checker was specified in parameter 'current_goal_checker'. Server will use only plugin loaded general_goal_checker . This warning will appear once.
[WARN] [1788218267.869625463] [controller_server]: No progress checker was specified in parameter 'current_progress_checker'. Server will use only plugin loaded progress_checker . This warning will appear once.
[WARN] [1788218269.115308955] [planner_server]: Planner loop missed its desired rate of 999999999.0000 Hz. Current loop rate is 4.1667 Hz
[INFO] [1788218269.136448227] [controller_server]: Passing new path to controller.
[WARN] [1788218270.376532510] [planner_server]: Planner loop missed its desired rate of 999999999.0000 Hz. Current loop rate is 4.0000 Hz
[INFO] [1788218270.403116839] [controller_server]: Passing new path to controller.
[WARN] [1788218271.624061618] [planner_server]: Planner loop missed its desired rate of 999999999.0000 Hz. Current loop rate is 4.3478 Hz
[INFO] [1788218271.669798681] [controller_server]: Passing new path to controller.
[WARN] [1788218272.888296579] [planner_server]: Planner loop missed its desired rate of 999999999.0000 Hz. Current loop rate is 4.1667 Hz
[INFO] [1788218272.936434293] [controller_server]: Passing new path to controller.
[WARN] [1788218274.174961872] [planner_server]: Planner loop missed its desired rate of 999999999.0000 Hz. Current loop rate is 3.8462 Hz
[INFO] [1788218274.203130973] [controller_server]: Passing new path to controller.
[WARN] [1788218275.474333307] [planner_server]: Planner loop missed its desired rate of 999999999.0000 Hz. Current loop rate is 3.4483 Hz
[INFO] [1788218275.503121940] [controller_server]: Passing new path to controller.
[WARN] [1788218276.787091916] [planner_server]: Planner loop missed its desired rate of 999999999.0000 Hz. Current loop rate is 3.3333 Hz
[INFO] [1788218276.803114057] [controller_server]: Passing new path to controller.
[WARN] [1788218278.077326583] [planner_server]: Planner loop missed its desired rate of 999999999.0000 Hz. Current loop rate is 3.7037 Hz
[INFO] [1788218278.103119609] [controller_server]: Passing new path to controller.
[WARN] [1788218279.358609338] [planner_server]: Planner loop missed its desired rate of 999999999.0000 Hz. Current loop rate is 3.7037 Hz
[INFO] [1788218279.403103574] [controller_server]: Passing new path to controller.
[WARN] [1788218280.627660289] [planner_server]: Planner loop missed its desired rate of 999999999.0000 Hz. Current loop rate is 4.0000 Hz
[INFO] [1788218280.669787781] [controller_server]: Passing new path to controller.
[WARN] [1788218281.879632258] [planner_server]: Planner loop missed its desired rate of 999999999.0000 Hz. Current loop rate is 4.3478 Hz
[INFO] [1788218281.903118310] [controller_server]: Passing new path to controller.
[WARN] [1788218283.163196673] [planner_server]: Planner loop missed its desired rate of 999999999.0000 Hz. Current loop rate is 4.0000 Hz
[INFO] [1788218283.203131247] [controller_server]: Passing new path to controller.
[WARN] [1788218283.448863860] [controller_server]: Control loop missed its desired rate of 30.0000 Hz. Current loop rate is 20.0000 Hz.
[WARN] [1788218284.449453769] [controller_server]: Control loop missed its desired rate of 30.0000 Hz. Current loop rate is 25.0000 Hz.
[WARN] [1788218284.865345472] [planner_server]: Planner loop missed its desired rate of 999999999.0000 Hz. Current loop rate is 1.4706 Hz
[INFO] [1788218284.882918079] [controller_server]: Passing new path to controller.
[WARN] [1788218286.162292276] [planner_server]: Planner loop missed its desired rate of 999999999.0000 Hz. Current loop rate is 3.7037 Hz
[INFO] [1788218286.182933371] [controller_server]: Passing new path to controller.
[WARN] [1788218287.399304825] [planner_server]: Planner loop missed its desired rate of 999999999.0000 Hz. Current loop rate is 4.7619 Hz
[INFO] [1788218287.449602664] [controller_server]: Passing new path to controller.
[WARN] [1788218288.351379104] [controller_server]: Control loop missed its desired rate of 30.0000 Hz. Current loop rate is 33.3333 Hz.
[WARN] [1788218288.552128572] [controller_server]: Control loop missed its desired rate of 30.0000 Hz. Current loop rate is 25.0000 Hz.
[WARN] [1788218288.953049060] [controller_server]: Control loop missed its desired rate of 30.0000 Hz. Current loop rate is 33.3333 Hz.
[WARN] [1788218289.141384497] [planner_server]: Planner loop missed its desired rate of 999999999.0000 Hz. Current loop rate is 1.4085 Hz
[INFO] [1788218289.186535558] [controller_server]: Passing new path to controller.
[WARN] [1788218290.505784892] [planner_server]: Planner loop missed its desired rate of 999999999.0000 Hz. Current loop rate is 3.1250 Hz
[INFO] [1788218290.519856106] [controller_server]: Passing new path to controller.
[WARN] [1788218291.764977230] [planner_server]: Planner loop missed its desired rate of 999999999.0000 Hz. Current loop rate is 4.1667 Hz
[INFO] [1788218291.786524134] [controller_server]: Passing new path to controller.
[WARN] [1788218293.010979419] [planner_server]: Planner loop missed its desired rate of 999999999.0000 Hz. Current loop rate is 4.5455 Hz
[INFO] [1788218293.053203926] [controller_server]: Passing new path to controller.
[WARN] [1788218294.265395695] [planner_server]: Planner loop missed its desired rate of 999999999.0000 Hz. Current loop rate is 4.1667 Hz
[INFO] [1788218294.286525344] [controller_server]: Passing new path to controller.
[WARN] [1788218295.454824368] [controller_server]: Control loop missed its desired rate of 30.0000 Hz. Current loop rate is 25.0000 Hz.
[WARN] [1788218295.557467425] [controller_server]: Control loop missed its desired rate of 30.0000 Hz. Current loop rate is 25.0000 Hz.
[WARN] [1788218295.658839590] [controller_server]: Control loop missed its desired rate of 30.0000 Hz. Current loop rate is 33.3333 Hz.
[WARN] [1788218295.759098646] [controller_server]: Control loop missed its desired rate of 30.0000 Hz. Current loop rate is 33.3333 Hz.
[WARN] [1788218295.810339018] [planner_server]: Planner loop missed its desired rate of 999999999.0000 Hz. Current loop rate is 1.9231 Hz
[INFO] [1788218295.859218940] [controller_server]: Passing new path to controller.
[WARN] [1788218295.959573958] [controller_server]: Control loop missed its desired rate of 30.0000 Hz. Current loop rate is 33.3333 Hz.
[WARN] [1788218296.060360272] [controller_server]: Control loop missed its desired rate of 30.0000 Hz. Current loop rate is 33.3333 Hz.
[WARN] [1788218296.162816105] [controller_server]: Control loop missed its desired rate of 30.0000 Hz. Current loop rate is 33.3333 Hz.
[WARN] [1788218296.250793654] [controller_server]: Control loop missed its desired rate of 30.0000 Hz. Current loop rate is 20.0000 Hz.
[WARN] [1788218297.084189266] [planner_server]: Planner loop missed its desired rate of 999999999.0000 Hz. Current loop rate is 4.0000 Hz
[INFO] [1788218297.117648437] [controller_server]: Passing new path to controller.
[WARN] [1788218298.315754143] [planner_server]: Planner loop missed its desired rate of 999999999.0000 Hz. Current loop rate is 4.5455 Hz
[INFO] [1788218298.350976202] [controller_server]: Passing new path to controller.
[WARN] [1788218299.601169923] [planner_server]: Planner loop missed its desired rate of 999999999.0000 Hz. Current loop rate is 3.7037 Hz
[INFO] [1788218299.650967134] [controller_server]: Passing new path to controller.
[WARN] [1788218301.054724893] [controller_server]: Control loop missed its desired rate of 30.0000 Hz. Current loop rate is 25.0000 Hz.
[WARN] [1788218301.158823712] [controller_server]: Control loop missed its desired rate of 30.0000 Hz. Current loop rate is 25.0000 Hz.
[WARN] [1788218301.195033149] [planner_server]: Planner loop missed its desired rate of 999999999.0000 Hz. Current loop rate is 1.7544 Hz
[INFO] [1788218301.225621934] [controller_server]: Passing new path to controller.
[WARN] [1788218301.268095674] [controller_server]: Control loop missed its desired rate of 30.0000 Hz. Current loop rate is 25.0000 Hz.
[WARN] [1788218301.355465763] [controller_server]: Control loop missed its desired rate of 30.0000 Hz. Current loop rate is 16.6667 Hz.
[WARN] [1788218301.459405619] [controller_server]: Control loop missed its desired rate of 30.0000 Hz. Current loop rate is 25.0000 Hz.
[WARN] [1788218301.561587181] [controller_server]: Control loop missed its desired rate of 30.0000 Hz. Current loop rate is 33.3333 Hz.
[WARN] [1788218301.656134172] [controller_server]: Control loop missed its desired rate of 30.0000 Hz. Current loop rate is 16.6667 Hz.
[WARN] [1788218302.258000322] [controller_server]: Control loop missed its desired rate of 30.0000 Hz. Current loop rate is 25.0000 Hz.
[WARN] [1788218302.554204752] [planner_server]: Planner loop missed its desired rate of 999999999.0000 Hz. Current loop rate is 2.9412 Hz
[INFO] [1788218302.591497086] [controller_server]: Passing new path to controller.
[WARN] [1788218303.764839551] [planner_server]: Planner loop missed its desired rate of 999999999.0000 Hz. Current loop rate is 5.0000 Hz
[INFO] [1788218303.791813218] [controller_server]: Passing new path to controller.
[WARN] [1788218305.031180553] [planner_server]: Planner loop missed its desired rate of 999999999.0000 Hz. Current loop rate is 4.0000 Hz
[INFO] [1788218305.058125062] [controller_server]: Passing new path to controller.
[WARN] [1788218306.304644664] [planner_server]: Planner loop missed its desired rate of 999999999.0000 Hz. Current loop rate is 4.0000 Hz
[INFO] [1788218306.324779195] [controller_server]: Passing new path to controller.
[WARN] [1788218307.063184981] [controller_server]: Control loop missed its desired rate of 30.0000 Hz. Current loop rate is 33.3333 Hz.
[WARN] [1788218307.155834308] [controller_server]: Control loop missed its desired rate of 30.0000 Hz. Current loop rate is 16.6667 Hz.
[WARN] [1788218307.257828932] [controller_server]: Control loop missed its desired rate of 30.0000 Hz. Current loop rate is 25.0000 Hz.
[WARN] [1788218307.799660017] [planner_server]: Planner loop missed its desired rate of 999999999.0000 Hz. Current loop rate is 2.1277 Hz
[INFO] [1788218307.824624884] [controller_server]: Passing new path to controller.
[WARN] [1788218308.059869554] [controller_server]: Control loop missed its desired rate of 30.0000 Hz. Current loop rate is 33.3333 Hz.
[WARN] [1788218308.563697601] [controller_server]: Control loop missed its desired rate of 30.0000 Hz. Current loop rate is 33.3333 Hz.
[WARN] [1788218308.642796996] [controller_server]: Control loop missed its desired rate of 30.0000 Hz. Current loop rate is 25.0000 Hz.
[WARN] [1788218308.746968441] [controller_server]: Control loop missed its desired rate of 30.0000 Hz. Current loop rate is 33.3333 Hz.
[WARN] [1788218308.859160408] [controller_server]: Control loop missed its desired rate of 30.0000 Hz. Current loop rate is 25.0000 Hz.
[WARN] [1788218309.231041549] [planner_server]: Planner loop missed its desired rate of 999999999.0000 Hz. Current loop rate is 2.4390 Hz
[INFO] [1788218309.259317392] [controller_server]: Passing new path to controller.
[WARN] [1788218310.407102932] [planner_server]: Planner loop missed its desired rate of 999999999.0000 Hz. Current loop rate is 5.8824 Hz
[INFO] [1788218310.425963965] [controller_server]: Passing new path to controller.
[WARN] [1788218311.583524580] [planner_server]: Planner loop missed its desired rate of 999999999.0000 Hz. Current loop rate is 6.6667 Hz
[INFO] [1788218311.625972803] [controller_server]: Passing new path to controller.
[WARN] [1788218312.763518962] [planner_server]: Planner loop missed its desired rate of 999999999.0000 Hz. Current loop rate is 6.2500 Hz
[INFO] [1788218312.792630448] [controller_server]: Passing new path to controller.
[WARN] [1788218313.962801931] [controller_server]: Control loop missed its desired rate of 30.0000 Hz. Current loop rate is 25.0000 Hz.
[WARN] [1788218314.049006488] [controller_server]: Control loop missed its desired rate of 30.0000 Hz. Current loop rate is 20.0000 Hz.
[WARN] [1788218314.062161036] [planner_server]: Planner loop missed its desired rate of 999999999.0000 Hz. Current loop rate is 3.5714 Hz
[INFO] [1788218314.082483273] [controller_server]: Passing new path to controller.
[WARN] [1788218314.550663757] [controller_server]: Control loop missed its desired rate of 30.0000 Hz. Current loop rate is 33.3333 Hz.
[WARN] [1788218314.852045078] [controller_server]: Control loop missed its desired rate of 30.0000 Hz. Current loop rate is 33.3333 Hz.
[WARN] [1788218315.155514746] [controller_server]: Control loop missed its desired rate of 30.0000 Hz. Current loop rate is 33.3333 Hz.
[WARN] [1788218315.358894084] [controller_server]: Control loop missed its desired rate of 30.0000 Hz. Current loop rate is 25.0000 Hz.
[WARN] [1788218315.511739443] [planner_server]: Planner loop missed its desired rate of 999999999.0000 Hz. Current loop rate is 2.3810 Hz
[INFO] [1788218315.559066471] [controller_server]: Passing new path to controller.
[WARN] [1788218316.744952547] [planner_server]: Planner loop missed its desired rate of 999999999.0000 Hz. Current loop rate is 4.7619 Hz
[INFO] [1788218316.792407285] [controller_server]: Passing new path to controller.
[WARN] [1788218318.007476743] [planner_server]: Planner loop missed its desired rate of 999999999.0000 Hz. Current loop rate is 4.1667 Hz
[INFO] [1788218318.025732134] [controller_server]: Passing new path to controller.
[WARN] [1788218319.188964502] [planner_server]: Planner loop missed its desired rate of 999999999.0000 Hz. Current loop rate is 6.2500 Hz
[INFO] [1788218319.225717813] [controller_server]: Passing new path to controller.
[WARN] [1788218320.357752721] [planner_server]: Planner loop missed its desired rate of 999999999.0000 Hz. Current loop rate is 6.6667 Hz
[INFO] [1788218320.392386246] [controller_server]: Passing new path to controller.
[WARN] [1788218321.587389060] [planner_server]: Planner loop missed its desired rate of 999999999.0000 Hz. Current loop rate is 4.5455 Hz
[INFO] [1788218321.625748078] [controller_server]: Passing new path to controller.
[WARN] [1788218322.764258457] [planner_server]: Planner loop missed its desired rate of 999999999.0000 Hz. Current loop rate is 5.8824 Hz
[INFO] [1788218322.792402496] [controller_server]: Passing new path to controller.
[WARN] [1788218323.959597768] [planner_server]: Planner loop missed its desired rate of 999999999.0000 Hz. Current loop rate is 5.5556 Hz
[INFO] [1788218323.992405915] [controller_server]: Passing new path to controller.
[WARN] [1788218325.443397619] [planner_server]: Planner loop missed its desired rate of 999999999.0000 Hz. Current loop rate is 2.1277 Hz
[INFO] [1788218325.492424970] [controller_server]: Passing new path to controller.
[WARN] [1788218326.870092646] [planner_server]: Planner loop missed its desired rate of 999999999.0000 Hz. Current loop rate is 2.5000 Hz
[INFO] [1788218326.892402880] [controller_server]: Passing new path to controller.
[WARN] [1788218328.101317150] [planner_server]: Planner loop missed its desired rate of 999999999.0000 Hz. Current loop rate is 5.0000 Hz
[INFO] [1788218328.125717288] [controller_server]: Passing new path to controller.
[WARN] [1788218329.243034361] [planner_server]: Planner loop missed its desired rate of 999999999.0000 Hz. Current loop rate is 8.3333 Hz
[INFO] [1788218329.259054008] [controller_server]: Passing new path to controller.
[WARN] [1788218330.392696936] [planner_server]: Planner loop missed its desired rate of 999999999.0000 Hz. Current loop rate is 7.6923 Hz
[INFO] [1788218330.425720418] [controller_server]: Passing new path to controller.
[WARN] [1788218331.694643628] [planner_server]: Planner loop missed its desired rate of 999999999.0000 Hz. Current loop rate is 3.4483 Hz
[INFO] [1788218331.725738080] [controller_server]: Passing new path to controller.
[WARN] [1788218333.097500319] [planner_server]: Planner loop missed its desired rate of 999999999.0000 Hz. Current loop rate is 2.5641 Hz
[INFO] [1788218333.125731830] [controller_server]: Passing new path to controller.
[WARN] [1788218334.334062533] [planner_server]: Planner loop missed its desired rate of 999999999.0000 Hz. Current loop rate is 4.5455 Hz
[INFO] [1788218334.359053520] [controller_server]: Passing new path to controller.
[WARN] [1788218335.488114955] [planner_server]: Planner loop missed its desired rate of 999999999.0000 Hz. Current loop rate is 7.1429 Hz
[INFO] [1788218335.525723515] [controller_server]: Passing new path to controller.
[WARN] [1788218336.625757175] [planner_server]: Planner loop missed its desired rate of 999999999.0000 Hz. Current loop rate is 8.3333 Hz
[INFO] [1788218336.659051678] [controller_server]: Passing new path to controller.
[WARN] [1788218337.828124071] [planner_server]: Planner loop missed its desired rate of 999999999.0000 Hz. Current loop rate is 5.5556 Hz
[INFO] [1788218337.859049317] [controller_server]: Passing new path to controller.
[WARN] [1788218339.003556332] [planner_server]: Planner loop missed its desired rate of 999999999.0000 Hz. Current loop rate is 5.8824 Hz
[INFO] [1788218339.025722039] [controller_server]: Passing new path to controller.
[WARN] [1788218340.222101769] [planner_server]: Planner loop missed its desired rate of 999999999.0000 Hz. Current loop rate is 5.2632 Hz
[INFO] [1788218340.259054074] [controller_server]: Passing new path to controller.
[WARN] [1788218341.394747752] [planner_server]: Planner loop missed its desired rate of 999999999.0000 Hz. Current loop rate is 6.2500 Hz
[INFO] [1788218341.425727689] [controller_server]: Passing new path to controller.
[WARN] [1788218342.842882131] [planner_server]: Planner loop missed its desired rate of 999999999.0000 Hz. Current loop rate is 2.3256 Hz
[INFO] [1788218342.892396518] [controller_server]: Passing new path to controller.
[WARN] [1788218344.099624834] [planner_server]: Planner loop missed its desired rate of 999999999.0000 Hz. Current loop rate is 4.3478 Hz
[INFO] [1788218344.125720629] [controller_server]: Passing new path to controller.
[WARN] [1788218345.251778345] [planner_server]: Planner loop missed its desired rate of 999999999.0000 Hz. Current loop rate is 8.3333 Hz
[INFO] [1788218345.292388895] [controller_server]: Passing new path to controller.
[WARN] [1788218346.428558329] [planner_server]: Planner loop missed its desired rate of 999999999.0000 Hz. Current loop rate is 6.2500 Hz
[INFO] [1788218346.459053645] [controller_server]: Passing new path to controller.
[WARN] [1788218347.580535019] [planner_server]: Planner loop missed its desired rate of 999999999.0000 Hz. Current loop rate is 7.6923 Hz
[INFO] [1788218347.625715893] [controller_server]: Passing new path to controller.
[WARN] [1788218348.754128230] [planner_server]: Planner loop missed its desired rate of 999999999.0000 Hz. Current loop rate is 6.2500 Hz
[INFO] [1788218348.792392056] [controller_server]: Passing new path to controller.
[WARN] [1788218349.948623496] [planner_server]: Planner loop missed its desired rate of 999999999.0000 Hz. Current loop rate is 5.5556 Hz
[INFO] [1788218349.992399491] [controller_server]: Passing new path to controller.
[WARN] [1788218351.111288472] [planner_server]: Planner loop missed its desired rate of 999999999.0000 Hz. Current loop rate is 7.1429 Hz
[INFO] [1788218351.159067314] [controller_server]: Passing new path to controller.
[WARN] [1788218352.252325764] [planner_server]: Planner loop missed its desired rate of 999999999.0000 Hz. Current loop rate is 9.0909 Hz
[INFO] [1788218352.292396104] [controller_server]: Passing new path to controller.
[WARN] [1788218353.626134729] [planner_server]: Planner loop missed its desired rate of 999999999.0000 Hz. Current loop rate is 2.7778 Hz
[INFO] [1788218353.659070994] [controller_server]: Passing new path to controller.
[WARN] [1788218354.941096587] [planner_server]: Planner loop missed its desired rate of 999999999.0000 Hz. Current loop rate is 3.4483 Hz
[INFO] [1788218354.959063807] [controller_server]: Passing new path to controller.
[WARN] [1788218356.066049830] [planner_server]: Planner loop missed its desired rate of 999999999.0000 Hz. Current loop rate is 9.0909 Hz
[INFO] [1788218356.092388167] [controller_server]: Passing new path to controller.
[WARN] [1788218357.153014902] [planner_server]: Planner loop missed its desired rate of 999999999.0000 Hz. Current loop rate is 14.2857 Hz
[INFO] [1788218357.192390846] [controller_server]: Passing new path to controller.
[WARN] [1788218358.271915200] [planner_server]: Planner loop missed its desired rate of 999999999.0000 Hz. Current loop rate is 10.0000 Hz
[INFO] [1788218358.292397024] [controller_server]: Passing new path to controller.
[WARN] [1788218359.400235534] [planner_server]: Planner loop missed its desired rate of 999999999.0000 Hz. Current loop rate is 10.0000 Hz
[INFO] [1788218359.425724665] [controller_server]: Passing new path to controller.
[WARN] [1788218360.546716947] [planner_server]: Planner loop missed its desired rate of 999999999.0000 Hz. Current loop rate is 8.3333 Hz
[INFO] [1788218360.559070960] [controller_server]: Passing new path to controller.
[WARN] [1788218361.660370824] [planner_server]: Planner loop missed its desired rate of 999999999.0000 Hz. Current loop rate is 11.1111 Hz
[INFO] [1788218361.692411054] [controller_server]: Passing new path to controller.
[WARN] [1788218362.869285807] [planner_server]: Planner loop missed its desired rate of 999999999.0000 Hz. Current loop rate is 5.2632 Hz
[INFO] [1788218362.892406503] [controller_server]: Passing new path to controller.
[WARN] [1788218363.935146768] [planner_server]: Planner loop missed its desired rate of 999999999.0000 Hz. Current loop rate is 25.0000 Hz
[INFO] [1788218363.959053837] [controller_server]: Passing new path to controller.
[WARN] [1788218364.974563797] [planner_server]: Planner loop missed its desired rate of 999999999.0000 Hz. Current loop rate is 50.0000 Hz
[INFO] [1788218364.992402913] [controller_server]: Passing new path to controller.
[WARN] [1788218366.023226761] [planner_server]: Planner loop missed its desired rate of 999999999.0000 Hz. Current loop rate is 50.0000 Hz
[INFO] [1788218366.059051161] [controller_server]: Passing new path to controller.
[INFO] [1788218367.059053339] [controller_server]: Passing new path to controller.
[INFO] [1788218368.092387009] [controller_server]: Passing new path to controller.
[INFO] [1788218369.125731474] [controller_server]: Passing new path to controller.
[INFO] [1788218370.159047840] [controller_server]: Passing new path to controller.
[INFO] [1788218371.192372395] [controller_server]: Passing new path to controller.
[WARN] [1788218372.178807087] [planner_server]: Planner loop missed its desired rate of 999999999.0000 Hz. Current loop rate is 100.0000 Hz
[INFO] [1788218372.225720207] [controller_server]: Passing new path to controller.
[INFO] [1788218373.259059903] [controller_server]: Passing new path to controller.
[INFO] [1788218374.259050975] [controller_server]: Passing new path to controller.
[INFO] [1788218374.428702449] [controller_server]: Reached the goal!
[INFO] [1788218374.428910337] [controller_server]: Optimizer reset
[ERROR] [1788218374.469554606] [bt_navigator_navigate_to_pose_rclcpp_node]: Failed to get result for vlm_node/query_bool in node halt!
[INFO] [1788218374.469883719] [bt_navigator]: Goal succeeded
[INFO] [1788218384.473974125] [local_costmap.local_costmap]: Received request to clear entirely the local_costmap
[INFO] [1788218384.476623212] [global_costmap.global_costmap]: Received request to clear entirely the global_costmap
[INFO] [1788218384.510535004] [bt_navigator]: Begin navigating from current location (-7.92, -52.35) to (-35.50, -36.70)
[WARN] [1788218385.139724515] [planner_server]: Planner loop missed its desired rate of 999999999.0000 Hz. Current loop rate is 1.5873 Hz
[INFO] [1788218385.151271590] [controller_server]: Received a goal, begin computing control effort.
[WARN] [1788218386.176700888] [planner_server]: Planner loop missed its desired rate of 999999999.0000 Hz. Current loop rate is 100.0000 Hz
[INFO] [1788218386.218060868] [controller_server]: Passing new path to controller.
[WARN] [1788218387.209780257] [planner_server]: Planner loop missed its desired rate of 999999999.0000 Hz. Current loop rate is 50.0000 Hz
[INFO] [1788218387.251390712] [controller_server]: Passing new path to controller.
[WARN] [1788218388.242860388] [planner_server]: Planner loop missed its desired rate of 999999999.0000 Hz. Current loop rate is 100.0000 Hz
[INFO] [1788218388.284723068] [controller_server]: Passing new path to controller.
[WARN] [1788218389.274219758] [planner_server]: Planner loop missed its desired rate of 999999999.0000 Hz. Current loop rate is 100.0000 Hz
[INFO] [1788218389.318064074] [controller_server]: Passing new path to controller.
[WARN] [1788218390.306499063] [planner_server]: Planner loop missed its desired rate of 999999999.0000 Hz. Current loop rate is 100.0000 Hz
[INFO] [1788218390.351393847] [controller_server]: Passing new path to controller.
[WARN] [1788218391.341863140] [planner_server]: Planner loop missed its desired rate of 999999999.0000 Hz. Current loop rate is 100.0000 Hz
[INFO] [1788218391.384739616] [controller_server]: Passing new path to controller.
[WARN] [1788218392.376973701] [planner_server]: Planner loop missed its desired rate of 999999999.0000 Hz. Current loop rate is 100.0000 Hz
[INFO] [1788218392.418073969] [controller_server]: Passing new path to controller.
[WARN] [1788218393.409240038] [planner_server]: Planner loop missed its desired rate of 999999999.0000 Hz. Current loop rate is 100.0000 Hz
[INFO] [1788218393.451392993] [controller_server]: Passing new path to controller.
[WARN] [1788218394.445517680] [planner_server]: Planner loop missed its desired rate of 999999999.0000 Hz. Current loop rate is 100.0000 Hz
[INFO] [1788218394.484732908] [controller_server]: Passing new path to controller.
[WARN] [1788218395.514896740] [planner_server]: Planner loop missed its desired rate of 999999999.0000 Hz. Current loop rate is 20.0000 Hz
[INFO] [1788218395.551398109] [controller_server]: Passing new path to controller.
[WARN] [1788218396.544324898] [planner_server]: Planner loop missed its desired rate of 999999999.0000 Hz. Current loop rate is 100.0000 Hz
[INFO] [1788218396.584726443] [controller_server]: Passing new path to controller.
[WARN] [1788218397.574714240] [planner_server]: Planner loop missed its desired rate of 999999999.0000 Hz. Current loop rate is 100.0000 Hz
[INFO] [1788218397.618025670] [controller_server]: Passing new path to controller.
[WARN] [1788218398.602988597] [planner_server]: Planner loop missed its desired rate of 999999999.0000 Hz. Current loop rate is 100.0000 Hz
[INFO] [1788218398.651407083] [controller_server]: Passing new path to controller.
[WARN] [1788218399.647651788] [planner_server]: Planner loop missed its desired rate of 999999999.0000 Hz. Current loop rate is 33.3333 Hz
[INFO] [1788218399.684737646] [controller_server]: Passing new path to controller.
[WARN] [1788218400.683790805] [planner_server]: Planner loop missed its desired rate of 999999999.0000 Hz. Current loop rate is 50.0000 Hz
[INFO] [1788218400.718072250] [controller_server]: Passing new path to controller.
[WARN] [1788218401.724933561] [planner_server]: Planner loop missed its desired rate of 999999999.0000 Hz. Current loop rate is 50.0000 Hz
[INFO] [1788218401.751406051] [controller_server]: Passing new path to controller.
[WARN] [1788218402.750342984] [planner_server]: Planner loop missed its desired rate of 999999999.0000 Hz. Current loop rate is 100.0000 Hz
[INFO] [1788218402.784725259] [controller_server]: Passing new path to controller.
[WARN] [1788218403.772975594] [planner_server]: Planner loop missed its desired rate of 999999999.0000 Hz. Current loop rate is 100.0000 Hz
[INFO] [1788218403.818060443] [controller_server]: Passing new path to controller.
[WARN] [1788218404.799956789] [planner_server]: Planner loop missed its desired rate of 999999999.0000 Hz. Current loop rate is 100.0000 Hz
[INFO] [1788218404.818069754] [controller_server]: Passing new path to controller.
[WARN] [1788218405.827952119] [planner_server]: Planner loop missed its desired rate of 999999999.0000 Hz. Current loop rate is 100.0000 Hz
[INFO] [1788218405.851410500] [controller_server]: Passing new path to controller.
[INFO] [1788218406.851397265] [controller_server]: Passing new path to controller.
[INFO] [1788218407.884739819] [controller_server]: Passing new path to controller.
[WARN] [1788218408.894999609] [planner_server]: Planner loop missed its desired rate of 999999999.0000 Hz. Current loop rate is 100.0000 Hz
[INFO] [1788218408.918070911] [controller_server]: Passing new path to controller.
[INFO] [1788218409.951391858] [controller_server]: Passing new path to controller.
[INFO] [1788218410.984732862] [controller_server]: Passing new path to controller.
[WARN] [1788218412.019090964] [planner_server]: Planner loop missed its desired rate of 999999999.0000 Hz. Current loop rate is 20.0000 Hz
[INFO] [1788218412.051390558] [controller_server]: Passing new path to controller.
[INFO] [1788218413.051400382] [controller_server]: Passing new path to controller.
[WARN] [1788218413.258726191] [controller_server]: Control loop missed its desired rate of 30.0000 Hz. Current loop rate is 20.0000 Hz.
[WARN] [1788218413.462063229] [controller_server]: Control loop missed its desired rate of 30.0000 Hz. Current loop rate is 25.0000 Hz.
[WARN] [1788218413.540699645] [controller_server]: Control loop missed its desired rate of 30.0000 Hz. Current loop rate is 20.0000 Hz.
[WARN] [1788218413.653417893] [controller_server]: Control loop missed its desired rate of 30.0000 Hz. Current loop rate is 20.0000 Hz.
[WARN] [1788218413.757930250] [controller_server]: Control loop missed its desired rate of 30.0000 Hz. Current loop rate is 25.0000 Hz.
[WARN] [1788218413.860509853] [controller_server]: Control loop missed its desired rate of 30.0000 Hz. Current loop rate is 25.0000 Hz.
[WARN] [1788218413.960585919] [controller_server]: Control loop missed its desired rate of 30.0000 Hz. Current loop rate is 33.3333 Hz.
[WARN] [1788218414.107402729] [planner_server]: Planner loop missed its desired rate of 999999999.0000 Hz. Current loop rate is 20.0000 Hz
[INFO] [1788218414.127399029] [controller_server]: Passing new path to controller.
[INFO] [1788218414.868767588] [controller_server]: Reached the goal!
[INFO] [1788218414.869045980] [controller_server]: Optimizer reset
[ERROR] [1788218414.902337991] [bt_navigator_navigate_to_pose_rclcpp_node]: Failed to get result for vlm_node/query_bool in node halt!
[INFO] [1788218414.902608523] [bt_navigator]: Goal succeeded
[INFO] [1788218424.982669021] [local_costmap.local_costmap]: Received request to clear entirely the local_costmap
[INFO] [1788218424.985064676] [global_costmap.global_costmap]: Received request to clear entirely the global_costmap
[INFO] [1788218425.001721373] [bt_navigator]: Begin navigating from current location (-35.54, -36.64) to (39.00, 26.65)
[WARN] [1788218425.781335081] [planner_server]: Planner loop missed its desired rate of 999999999.0000 Hz. Current loop rate is 1.2821 Hz
[INFO] [1788218425.793181240] [controller_server]: Received a goal, begin computing control effort.
[WARN] [1788218426.860449605] [controller_server]: Control loop missed its desired rate of 30.0000 Hz. Current loop rate is 33.3333 Hz.
[WARN] [1788218426.965081319] [controller_server]: Control loop missed its desired rate of 30.0000 Hz. Current loop rate is 25.0000 Hz.
[WARN] [1788218427.040476285] [controller_server]: Control loop missed its desired rate of 30.0000 Hz. Current loop rate is 25.0000 Hz.
[WARN] [1788218427.152997601] [controller_server]: Control loop missed its desired rate of 30.0000 Hz. Current loop rate is 25.0000 Hz.
[WARN] [1788218427.253604155] [controller_server]: Control loop missed its desired rate of 30.0000 Hz. Current loop rate is 33.3333 Hz.
[WARN] [1788218427.269609948] [planner_server]: Planner loop missed its desired rate of 999999999.0000 Hz. Current loop rate is 2.1277 Hz
[INFO] [1788218427.287071094] [controller_server]: Passing new path to controller.
[WARN] [1788218427.356862486] [controller_server]: Control loop missed its desired rate of 30.0000 Hz. Current loop rate is 20.0000 Hz.
[WARN] [1788218427.557159463] [controller_server]: Control loop missed its desired rate of 30.0000 Hz. Current loop rate is 25.0000 Hz.
[WARN] [1788218427.958913619] [controller_server]: Control loop missed its desired rate of 30.0000 Hz. Current loop rate is 25.0000 Hz.
[WARN] [1788218428.061726253] [controller_server]: Control loop missed its desired rate of 30.0000 Hz. Current loop rate is 33.3333 Hz.
[WARN] [1788218428.155560686] [controller_server]: Control loop missed its desired rate of 30.0000 Hz. Current loop rate is 16.6667 Hz.
[WARN] [1788218428.256933269] [controller_server]: Control loop missed its desired rate of 30.0000 Hz. Current loop rate is 25.0000 Hz.
[WARN] [1788218428.457400046] [controller_server]: Control loop missed its desired rate of 30.0000 Hz. Current loop rate is 25.0000 Hz.
[WARN] [1788218428.558886065] [controller_server]: Control loop missed its desired rate of 30.0000 Hz. Current loop rate is 25.0000 Hz.
[WARN] [1788218428.739840945] [planner_server]: Planner loop missed its desired rate of 999999999.0000 Hz. Current loop rate is 2.2222 Hz
[INFO] [1788218428.759014317] [controller_server]: Passing new path to controller.
[WARN] [1788218428.861968990] [controller_server]: Control loop missed its desired rate of 30.0000 Hz. Current loop rate is 25.0000 Hz.
[WARN] [1788218428.939628152] [controller_server]: Control loop missed its desired rate of 30.0000 Hz. Current loop rate is 25.0000 Hz.
[WARN] [1788218429.923554511] [planner_server]: Planner loop missed its desired rate of 999999999.0000 Hz. Current loop rate is 6.2500 Hz
[INFO] [1788218429.973124556] [controller_server]: Passing new path to controller.
[WARN] [1788218431.087326088] [planner_server]: Planner loop missed its desired rate of 999999999.0000 Hz. Current loop rate is 7.6923 Hz
[INFO] [1788218431.106458637] [controller_server]: Passing new path to controller.
[WARN] [1788218432.241699013] [planner_server]: Planner loop missed its desired rate of 999999999.0000 Hz. Current loop rate is 8.3333 Hz
[INFO] [1788218432.273122234] [controller_server]: Passing new path to controller.
[WARN] [1788218433.384500048] [planner_server]: Planner loop missed its desired rate of 999999999.0000 Hz. Current loop rate is 8.3333 Hz
[INFO] [1788218433.406459071] [controller_server]: Passing new path to controller.
[WARN] [1788218434.533086162] [planner_server]: Planner loop missed its desired rate of 999999999.0000 Hz. Current loop rate is 8.3333 Hz
[INFO] [1788218434.573120255] [controller_server]: Passing new path to controller.
[WARN] [1788218435.367915344] [controller_server]: Control loop missed its desired rate of 30.0000 Hz. Current loop rate is 16.6667 Hz.
[WARN] [1788218435.465782707] [controller_server]: Control loop missed its desired rate of 30.0000 Hz. Current loop rate is 16.6667 Hz.
[WARN] [1788218435.564378699] [controller_server]: Control loop missed its desired rate of 30.0000 Hz. Current loop rate is 14.2857 Hz.
[WARN] [1788218435.660774378] [controller_server]: Control loop missed its desired rate of 30.0000 Hz. Current loop rate is 14.2857 Hz.
[WARN] [1788218435.765218354] [controller_server]: Control loop missed its desired rate of 30.0000 Hz. Current loop rate is 50.0000 Hz.
[WARN] [1788218435.863397158] [controller_server]: Control loop missed its desired rate of 30.0000 Hz. Current loop rate is 16.6667 Hz.
[WARN] [1788218435.902010139] [planner_server]: Planner loop missed its desired rate of 999999999.0000 Hz. Current loop rate is 3.1250 Hz
[WARN] [1788218435.959567235] [controller_server]: Control loop missed its desired rate of 30.0000 Hz. Current loop rate is 20.0000 Hz.
[INFO] [1788218435.959646235] [controller_server]: Passing new path to controller.
[WARN] [1788218436.163006777] [controller_server]: Control loop missed its desired rate of 30.0000 Hz. Current loop rate is 25.0000 Hz.
[WARN] [1788218436.255648759] [controller_server]: Control loop missed its desired rate of 30.0000 Hz. Current loop rate is 16.6667 Hz.
[WARN] [1788218436.356367175] [controller_server]: Control loop missed its desired rate of 30.0000 Hz. Current loop rate is 33.3333 Hz.
[WARN] [1788218436.559642516] [controller_server]: Control loop missed its desired rate of 30.0000 Hz. Current loop rate is 25.0000 Hz.
[WARN] [1788218436.764643333] [controller_server]: Control loop missed its desired rate of 30.0000 Hz. Current loop rate is 25.0000 Hz.
[WARN] [1788218436.855366125] [controller_server]: Control loop missed its desired rate of 30.0000 Hz. Current loop rate is 16.6667 Hz.
[WARN] [1788218436.958736390] [controller_server]: Control loop missed its desired rate of 30.0000 Hz. Current loop rate is 33.3333 Hz.
[WARN] [1788218437.062243020] [controller_server]: Control loop missed its desired rate of 30.0000 Hz. Current loop rate is 25.0000 Hz.
[WARN] [1788218437.155418647] [controller_server]: Control loop missed its desired rate of 30.0000 Hz. Current loop rate is 16.6667 Hz.
[WARN] [1788218437.243564324] [planner_server]: Planner loop missed its desired rate of 999999999.0000 Hz. Current loop rate is 3.2258 Hz
[WARN] [1788218437.261510729] [controller_server]: Control loop missed its desired rate of 30.0000 Hz. Current loop rate is 25.0000 Hz.
[INFO] [1788218437.295016162] [controller_server]: Passing new path to controller.
[WARN] [1788218437.353567333] [controller_server]: Control loop missed its desired rate of 30.0000 Hz. Current loop rate is 16.6667 Hz.
[WARN] [1788218438.373266511] [planner_server]: Planner loop missed its desired rate of 999999999.0000 Hz. Current loop rate is 10.0000 Hz
[INFO] [1788218438.420374390] [controller_server]: Passing new path to controller.
[WARN] [1788218439.487540188] [planner_server]: Planner loop missed its desired rate of 999999999.0000 Hz. Current loop rate is 12.5000 Hz
[INFO] [1788218439.520388649] [controller_server]: Passing new path to controller.
[WARN] [1788218440.587973248] [planner_server]: Planner loop missed its desired rate of 999999999.0000 Hz. Current loop rate is 12.5000 Hz
[INFO] [1788218440.620380571] [controller_server]: Passing new path to controller.
[WARN] [1788218441.677271801] [planner_server]: Planner loop missed its desired rate of 999999999.0000 Hz. Current loop rate is 14.2857 Hz
[INFO] [1788218441.720361592] [controller_server]: Passing new path to controller.
[WARN] [1788218442.876392425] [planner_server]: Planner loop missed its desired rate of 999999999.0000 Hz. Current loop rate is 5.8824 Hz
[INFO] [1788218442.920374041] [controller_server]: Passing new path to controller.
[WARN] [1788218444.043844468] [planner_server]: Planner loop missed its desired rate of 999999999.0000 Hz. Current loop rate is 7.6923 Hz
[INFO] [1788218444.087034775] [controller_server]: Passing new path to controller.
[WARN] [1788218445.124275967] [planner_server]: Planner loop missed its desired rate of 999999999.0000 Hz. Current loop rate is 20.0000 Hz
[INFO] [1788218445.153705664] [controller_server]: Passing new path to controller.
[WARN] [1788218446.193772358] [planner_server]: Planner loop missed its desired rate of 999999999.0000 Hz. Current loop rate is 20.0000 Hz
[INFO] [1788218446.220361069] [controller_server]: Passing new path to controller.
[WARN] [1788218447.344608634] [planner_server]: Planner loop missed its desired rate of 999999999.0000 Hz. Current loop rate is 9.0909 Hz
[INFO] [1788218447.387039129] [controller_server]: Passing new path to controller.
[WARN] [1788218448.493644338] [planner_server]: Planner loop missed its desired rate of 999999999.0000 Hz. Current loop rate is 7.6923 Hz
[INFO] [1788218448.520381091] [controller_server]: Passing new path to controller.
[WARN] [1788218449.574273650] [planner_server]: Planner loop missed its desired rate of 999999999.0000 Hz. Current loop rate is 16.6667 Hz
[INFO] [1788218449.620358976] [controller_server]: Passing new path to controller.
[WARN] [1788218450.634236164] [planner_server]: Planner loop missed its desired rate of 999999999.0000 Hz. Current loop rate is 25.0000 Hz
[INFO] [1788218450.653712015] [controller_server]: Passing new path to controller.
[WARN] [1788218451.705116109] [planner_server]: Planner loop missed its desired rate of 999999999.0000 Hz. Current loop rate is 25.0000 Hz
[INFO] [1788218451.753707303] [controller_server]: Passing new path to controller.
[WARN] [1788218452.776337678] [planner_server]: Planner loop missed its desired rate of 999999999.0000 Hz. Current loop rate is 25.0000 Hz
[INFO] [1788218452.820381309] [controller_server]: Passing new path to controller.
[WARN] [1788218453.830753732] [planner_server]: Planner loop missed its desired rate of 999999999.0000 Hz. Current loop rate is 33.3333 Hz
[INFO] [1788218453.853702838] [controller_server]: Passing new path to controller.
[WARN] [1788218454.883036096] [planner_server]: Planner loop missed its desired rate of 999999999.0000 Hz. Current loop rate is 20.0000 Hz
[INFO] [1788218454.920377890] [controller_server]: Passing new path to controller.
[WARN] [1788218455.948324906] [planner_server]: Planner loop missed its desired rate of 999999999.0000 Hz. Current loop rate is 25.0000 Hz
[INFO] [1788218455.987051755] [controller_server]: Passing new path to controller.
[WARN] [1788218457.048549261] [planner_server]: Planner loop missed its desired rate of 999999999.0000 Hz. Current loop rate is 12.5000 Hz
[INFO] [1788218457.087033923] [controller_server]: Passing new path to controller.
[WARN] [1788218458.112732932] [planner_server]: Planner loop missed its desired rate of 999999999.0000 Hz. Current loop rate is 25.0000 Hz
[INFO] [1788218458.153698674] [controller_server]: Passing new path to controller.
[WARN] [1788218459.228846073] [planner_server]: Planner loop missed its desired rate of 999999999.0000 Hz. Current loop rate is 11.1111 Hz
[INFO] [1788218459.253714248] [controller_server]: Passing new path to controller.
[WARN] [1788218460.339174026] [planner_server]: Planner loop missed its desired rate of 999999999.0000 Hz. Current loop rate is 10.0000 Hz
[INFO] [1788218460.387040090] [controller_server]: Passing new path to controller.
[WARN] [1788218461.399081905] [planner_server]: Planner loop missed its desired rate of 999999999.0000 Hz. Current loop rate is 33.3333 Hz
[INFO] [1788218461.420375758] [controller_server]: Passing new path to controller.
[WARN] [1788218462.456125880] [planner_server]: Planner loop missed its desired rate of 999999999.0000 Hz. Current loop rate is 50.0000 Hz
[INFO] [1788218462.487047414] [controller_server]: Passing new path to controller.
[WARN] [1788218463.534289572] [planner_server]: Planner loop missed its desired rate of 999999999.0000 Hz. Current loop rate is 14.2857 Hz
[INFO] [1788218463.553717904] [controller_server]: Passing new path to controller.
[WARN] [1788218464.588550362] [planner_server]: Planner loop missed its desired rate of 999999999.0000 Hz. Current loop rate is 50.0000 Hz
[INFO] [1788218464.620386340] [controller_server]: Passing new path to controller.
[WARN] [1788218465.627937188] [planner_server]: Planner loop missed its desired rate of 999999999.0000 Hz. Current loop rate is 50.0000 Hz
[INFO] [1788218465.653695016] [controller_server]: Passing new path to controller.
[WARN] [1788218466.664801134] [planner_server]: Planner loop missed its desired rate of 999999999.0000 Hz. Current loop rate is 33.3333 Hz
[INFO] [1788218466.687038182] [controller_server]: Passing new path to controller.
[WARN] [1788218467.711303507] [planner_server]: Planner loop missed its desired rate of 999999999.0000 Hz. Current loop rate is 50.0000 Hz
[INFO] [1788218467.753708365] [controller_server]: Passing new path to controller.
[WARN] [1788218468.749095453] [planner_server]: Planner loop missed its desired rate of 999999999.0000 Hz. Current loop rate is 100.0000 Hz
[INFO] [1788218468.787030567] [controller_server]: Passing new path to controller.
[WARN] [1788218469.783133345] [planner_server]: Planner loop missed its desired rate of 999999999.0000 Hz. Current loop rate is 50.0000 Hz
[INFO] [1788218469.820362927] [controller_server]: Passing new path to controller.
[WARN] [1788218470.819407820] [planner_server]: Planner loop missed its desired rate of 999999999.0000 Hz. Current loop rate is 100.0000 Hz
[INFO] [1788218470.853715237] [controller_server]: Passing new path to controller.
[WARN] [1788218471.878794719] [planner_server]: Planner loop missed its desired rate of 999999999.0000 Hz. Current loop rate is 25.0000 Hz
[INFO] [1788218471.920376456] [controller_server]: Passing new path to controller.
[WARN] [1788218472.947071476] [planner_server]: Planner loop missed its desired rate of 999999999.0000 Hz. Current loop rate is 25.0000 Hz
[INFO] [1788218472.987060789] [controller_server]: Passing new path to controller.
[WARN] [1788218474.020932467] [planner_server]: Planner loop missed its desired rate of 999999999.0000 Hz. Current loop rate is 20.0000 Hz
[INFO] [1788218474.053697219] [controller_server]: Passing new path to controller.
[WARN] [1788218475.049257717] [planner_server]: Planner loop missed its desired rate of 999999999.0000 Hz. Current loop rate is 100.0000 Hz
[INFO] [1788218475.087030994] [controller_server]: Passing new path to controller.
[WARN] [1788218476.079388108] [planner_server]: Planner loop missed its desired rate of 999999999.0000 Hz. Current loop rate is 100.0000 Hz
[INFO] [1788218476.120361851] [controller_server]: Passing new path to controller.
[WARN] [1788218477.145000911] [planner_server]: Planner loop missed its desired rate of 999999999.0000 Hz. Current loop rate is 25.0000 Hz
[INFO] [1788218477.187044030] [controller_server]: Passing new path to controller.
[WARN] [1788218478.206856163] [planner_server]: Planner loop missed its desired rate of 999999999.0000 Hz. Current loop rate is 25.0000 Hz
[INFO] [1788218478.253717644] [controller_server]: Passing new path to controller.
[WARN] [1788218479.249910226] [planner_server]: Planner loop missed its desired rate of 999999999.0000 Hz. Current loop rate is 100.0000 Hz
[INFO] [1788218479.287035607] [controller_server]: Passing new path to controller.
[WARN] [1788218480.280377956] [planner_server]: Planner loop missed its desired rate of 999999999.0000 Hz. Current loop rate is 50.0000 Hz
[INFO] [1788218480.320362339] [controller_server]: Passing new path to controller.
[WARN] [1788218481.312063579] [planner_server]: Planner loop missed its desired rate of 999999999.0000 Hz. Current loop rate is 50.0000 Hz
[INFO] [1788218481.353711243] [controller_server]: Passing new path to controller.
[WARN] [1788218482.348986884] [planner_server]: Planner loop missed its desired rate of 999999999.0000 Hz. Current loop rate is 100.0000 Hz
[INFO] [1788218482.387033886] [controller_server]: Passing new path to controller.
[WARN] [1788218483.393725957] [planner_server]: Planner loop missed its desired rate of 999999999.0000 Hz. Current loop rate is 33.3333 Hz
[INFO] [1788218483.420373266] [controller_server]: Passing new path to controller.
[WARN] [1788218484.449432478] [planner_server]: Planner loop missed its desired rate of 999999999.0000 Hz. Current loop rate is 25.0000 Hz
[INFO] [1788218484.487046796] [controller_server]: Passing new path to controller.
[WARN] [1788218485.515328625] [planner_server]: Planner loop missed its desired rate of 999999999.0000 Hz. Current loop rate is 25.0000 Hz
[INFO] [1788218485.553720584] [controller_server]: Passing new path to controller.
[WARN] [1788218486.549475680] [planner_server]: Planner loop missed its desired rate of 999999999.0000 Hz. Current loop rate is 50.0000 Hz
[INFO] [1788218486.587029964] [controller_server]: Passing new path to controller.
[WARN] [1788218487.579269181] [planner_server]: Planner loop missed its desired rate of 999999999.0000 Hz. Current loop rate is 50.0000 Hz
[INFO] [1788218487.620363222] [controller_server]: Passing new path to controller.
[WARN] [1788218488.609260196] [planner_server]: Planner loop missed its desired rate of 999999999.0000 Hz. Current loop rate is 50.0000 Hz
[INFO] [1788218488.653680914] [controller_server]: Passing new path to controller.
[WARN] [1788218489.665741381] [planner_server]: Planner loop missed its desired rate of 999999999.0000 Hz. Current loop rate is 33.3333 Hz
[INFO] [1788218489.687046049] [controller_server]: Passing new path to controller.
[WARN] [1788218490.721634035] [planner_server]: Planner loop missed its desired rate of 999999999.0000 Hz. Current loop rate is 33.3333 Hz
[INFO] [1788218490.753717383] [controller_server]: Passing new path to controller.
[WARN] [1788218491.758197036] [planner_server]: Planner loop missed its desired rate of 999999999.0000 Hz. Current loop rate is 100.0000 Hz
[INFO] [1788218491.787037079] [controller_server]: Passing new path to controller.
[WARN] [1788218492.786365859] [planner_server]: Planner loop missed its desired rate of 999999999.0000 Hz. Current loop rate is 100.0000 Hz
[INFO] [1788218492.820361371] [controller_server]: Passing new path to controller.
[WARN] [1788218493.812035268] [planner_server]: Planner loop missed its desired rate of 999999999.0000 Hz. Current loop rate is 50.0000 Hz
[INFO] [1788218493.853699571] [controller_server]: Passing new path to controller.
[WARN] [1788218494.865987436] [planner_server]: Planner loop missed its desired rate of 999999999.0000 Hz. Current loop rate is 33.3333 Hz
[INFO] [1788218494.887044534] [controller_server]: Passing new path to controller.
[WARN] [1788218495.922143952] [planner_server]: Planner loop missed its desired rate of 999999999.0000 Hz. Current loop rate is 33.3333 Hz
[INFO] [1788218495.953719807] [controller_server]: Passing new path to controller.
[WARN] [1788218496.968264549] [planner_server]: Planner loop missed its desired rate of 999999999.0000 Hz. Current loop rate is 50.0000 Hz
[INFO] [1788218496.987056611] [controller_server]: Passing new path to controller.
[WARN] [1788218498.022440588] [planner_server]: Planner loop missed its desired rate of 999999999.0000 Hz. Current loop rate is 33.3333 Hz
[INFO] [1788218498.053695125] [controller_server]: Passing new path to controller.
[WARN] [1788218499.056776771] [planner_server]: Planner loop missed its desired rate of 999999999.0000 Hz. Current loop rate is 50.0000 Hz
[INFO] [1788218499.087031476] [controller_server]: Passing new path to controller.
[WARN] [1788218500.086318905] [planner_server]: Planner loop missed its desired rate of 999999999.0000 Hz. Current loop rate is 50.0000 Hz
[INFO] [1788218500.120377676] [controller_server]: Passing new path to controller.
[WARN] [1788218501.115260845] [planner_server]: Planner loop missed its desired rate of 999999999.0000 Hz. Current loop rate is 50.0000 Hz
[INFO] [1788218501.153695052] [controller_server]: Passing new path to controller.
[WARN] [1788218502.154893721] [planner_server]: Planner loop missed its desired rate of 999999999.0000 Hz. Current loop rate is 50.0000 Hz
[INFO] [1788218502.187036522] [controller_server]: Passing new path to controller.
[WARN] [1788218503.184772066] [planner_server]: Planner loop missed its desired rate of 999999999.0000 Hz. Current loop rate is 50.0000 Hz
[INFO] [1788218503.220363415] [controller_server]: Passing new path to controller.
[WARN] [1788218504.231840540] [planner_server]: Planner loop missed its desired rate of 999999999.0000 Hz. Current loop rate is 33.3333 Hz
[INFO] [1788218504.253723430] [controller_server]: Passing new path to controller.
[WARN] [1788218505.295875227] [planner_server]: Planner loop missed its desired rate of 999999999.0000 Hz. Current loop rate is 25.0000 Hz
[INFO] [1788218505.320376613] [controller_server]: Passing new path to controller.
[WARN] [1788218506.341341620] [planner_server]: Planner loop missed its desired rate of 999999999.0000 Hz. Current loop rate is 33.3333 Hz
[INFO] [1788218506.353697155] [controller_server]: Passing new path to controller.
[WARN] [1788218507.365795668] [planner_server]: Planner loop missed its desired rate of 999999999.0000 Hz. Current loop rate is 50.0000 Hz
[INFO] [1788218507.387040451] [controller_server]: Passing new path to controller.
[WARN] [1788218508.403780798] [planner_server]: Planner loop missed its desired rate of 999999999.0000 Hz. Current loop rate is 50.0000 Hz
[INFO] [1788218508.453704595] [controller_server]: Passing new path to controller.
[WARN] [1788218509.445704409] [planner_server]: Planner loop missed its desired rate of 999999999.0000 Hz. Current loop rate is 50.0000 Hz
[INFO] [1788218509.487048490] [controller_server]: Passing new path to controller.
[WARN] [1788218510.521055975] [planner_server]: Planner loop missed its desired rate of 999999999.0000 Hz. Current loop rate is 16.6667 Hz
[INFO] [1788218510.553696675] [controller_server]: Passing new path to controller.
[WARN] [1788218511.542987271] [planner_server]: Planner loop missed its desired rate of 999999999.0000 Hz. Current loop rate is 50.0000 Hz
[INFO] [1788218511.587044543] [controller_server]: Passing new path to controller.
[WARN] [1788218512.607818915] [planner_server]: Planner loop missed its desired rate of 999999999.0000 Hz. Current loop rate is 20.0000 Hz
[INFO] [1788218512.653704813] [controller_server]: Passing new path to controller.
[WARN] [1788218513.647650054] [planner_server]: Planner loop missed its desired rate of 999999999.0000 Hz. Current loop rate is 50.0000 Hz
[INFO] [1788218513.687052812] [controller_server]: Passing new path to controller.
[WARN] [1788218514.681089977] [planner_server]: Planner loop missed its desired rate of 999999999.0000 Hz. Current loop rate is 100.0000 Hz
[INFO] [1788218514.720364988] [controller_server]: Passing new path to controller.
[INFO] [1788218515.720366274] [controller_server]: Passing new path to controller.
[WARN] [1788218516.730731925] [planner_server]: Planner loop missed its desired rate of 999999999.0000 Hz. Current loop rate is 50.0000 Hz
[INFO] [1788218516.753700302] [controller_server]: Passing new path to controller.
[WARN] [1788218517.769313438] [planner_server]: Planner loop missed its desired rate of 999999999.0000 Hz. Current loop rate is 100.0000 Hz
[INFO] [1788218517.787049497] [controller_server]: Passing new path to controller.
[WARN] [1788218518.799235165] [planner_server]: Planner loop missed its desired rate of 999999999.0000 Hz. Current loop rate is 100.0000 Hz
[INFO] [1788218518.820362687] [controller_server]: Passing new path to controller.
[WARN] [1788218519.830363743] [planner_server]: Planner loop missed its desired rate of 999999999.0000 Hz. Current loop rate is 100.0000 Hz
[INFO] [1788218519.853696414] [controller_server]: Passing new path to controller.
[WARN] [1788218520.848598021] [planner_server]: Planner loop missed its desired rate of 999999999.0000 Hz. Current loop rate is 100.0000 Hz
[INFO] [1788218520.887026805] [controller_server]: Passing new path to controller.
[WARN] [1788218521.867106364] [planner_server]: Planner loop missed its desired rate of 999999999.0000 Hz. Current loop rate is 100.0000 Hz
[INFO] [1788218521.887052826] [controller_server]: Passing new path to controller.
[WARN] [1788218522.898392854] [planner_server]: Planner loop missed its desired rate of 999999999.0000 Hz. Current loop rate is 100.0000 Hz
[INFO] [1788218522.920358266] [controller_server]: Passing new path to controller.
[WARN] [1788218523.926992310] [planner_server]: Planner loop missed its desired rate of 999999999.0000 Hz. Current loop rate is 100.0000 Hz
[INFO] [1788218523.953692782] [controller_server]: Passing new path to controller.
[WARN] [1788218524.948846060] [planner_server]: Planner loop missed its desired rate of 999999999.0000 Hz. Current loop rate is 100.0000 Hz
[INFO] [1788218524.987059948] [controller_server]: Passing new path to controller.
[WARN] [1788218525.354251622] [controller_server]: Control loop missed its desired rate of 30.0000 Hz. Current loop rate is 25.0000 Hz.
[WARN] [1788218526.121492696] [planner_server]: Planner loop missed its desired rate of 999999999.0000 Hz. Current loop rate is 6.2500 Hz
[INFO] [1788218526.154376662] [controller_server]: Passing new path to controller.
[WARN] [1788218526.454801747] [controller_server]: Control loop missed its desired rate of 30.0000 Hz. Current loop rate is 25.0000 Hz.
[WARN] [1788218526.555005432] [controller_server]: Control loop missed its desired rate of 30.0000 Hz. Current loop rate is 25.0000 Hz.
[WARN] [1788218527.155171924] [planner_server]: Planner loop missed its desired rate of 999999999.0000 Hz. Current loop rate is 50.0000 Hz
[INFO] [1788218527.188495029] [controller_server]: Passing new path to controller.
[WARN] [1788218528.178550056] [planner_server]: Planner loop missed its desired rate of 999999999.0000 Hz. Current loop rate is 100.0000 Hz
[INFO] [1788218528.221805429] [controller_server]: Passing new path to controller.
[WARN] [1788218529.196228828] [planner_server]: Planner loop missed its desired rate of 999999999.0000 Hz. Current loop rate is 100.0000 Hz
[INFO] [1788218529.221801636] [controller_server]: Passing new path to controller.
[WARN] [1788218530.226845462] [planner_server]: Planner loop missed its desired rate of 999999999.0000 Hz. Current loop rate is 100.0000 Hz
[INFO] [1788218530.255127022] [controller_server]: Passing new path to controller.
[WARN] [1788218531.246584669] [planner_server]: Planner loop missed its desired rate of 999999999.0000 Hz. Current loop rate is 100.0000 Hz
[INFO] [1788218531.288479338] [controller_server]: Passing new path to controller.
[WARN] [1788218532.265795420] [planner_server]: Planner loop missed its desired rate of 999999999.0000 Hz. Current loop rate is 100.0000 Hz
[INFO] [1788218532.288478940] [controller_server]: Passing new path to controller.
[WARN] [1788218533.295302819] [planner_server]: Planner loop missed its desired rate of 999999999.0000 Hz. Current loop rate is 100.0000 Hz
[INFO] [1788218533.321798965] [controller_server]: Passing new path to controller.
[WARN] [1788218534.325098156] [planner_server]: Planner loop missed its desired rate of 999999999.0000 Hz. Current loop rate is 100.0000 Hz
[INFO] [1788218534.355129656] [controller_server]: Passing new path to controller.
[WARN] [1788218535.343943807] [planner_server]: Planner loop missed its desired rate of 999999999.0000 Hz. Current loop rate is 100.0000 Hz
[INFO] [1788218535.388474247] [controller_server]: Passing new path to controller.
[WARN] [1788218536.364906199] [planner_server]: Planner loop missed its desired rate of 999999999.0000 Hz. Current loop rate is 100.0000 Hz
[INFO] [1788218536.388487841] [controller_server]: Passing new path to controller.
[WARN] [1788218537.394577349] [planner_server]: Planner loop missed its desired rate of 999999999.0000 Hz. Current loop rate is 100.0000 Hz
[INFO] [1788218537.421800474] [controller_server]: Passing new path to controller.
[WARN] [1788218537.760836309] [controller_server]: Control loop missed its desired rate of 30.0000 Hz. Current loop rate is 25.0000 Hz.
[WARN] [1788218538.066121444] [controller_server]: Control loop missed its desired rate of 30.0000 Hz. Current loop rate is 25.0000 Hz.
[WARN] [1788218538.161102959] [controller_server]: Control loop missed its desired rate of 30.0000 Hz. Current loop rate is 16.6667 Hz.
[WARN] [1788218538.274834039] [controller_server]: Control loop missed its desired rate of 30.0000 Hz. Current loop rate is 25.0000 Hz.
[WARN] [1788218538.358804423] [controller_server]: Control loop missed its desired rate of 30.0000 Hz. Current loop rate is 20.0000 Hz.
[WARN] [1788218538.418776946] [planner_server]: Planner loop missed its desired rate of 999999999.0000 Hz. Current loop rate is 100.0000 Hz
[WARN] [1788218538.468627672] [controller_server]: Control loop missed its desired rate of 30.0000 Hz. Current loop rate is 25.0000 Hz.
[INFO] [1788218538.468712729] [controller_server]: Passing new path to controller.
[WARN] [1788218538.557458758] [controller_server]: Control loop missed its desired rate of 30.0000 Hz. Current loop rate is 16.6667 Hz.
[WARN] [1788218538.957727267] [controller_server]: Control loop missed its desired rate of 30.0000 Hz. Current loop rate is 33.3333 Hz.
[WARN] [1788218539.060384141] [controller_server]: Control loop missed its desired rate of 30.0000 Hz. Current loop rate is 33.3333 Hz.
[WARN] [1788218539.162641373] [controller_server]: Control loop missed its desired rate of 30.0000 Hz. Current loop rate is 33.3333 Hz.
[WARN] [1788218539.255776543] [controller_server]: Control loop missed its desired rate of 30.0000 Hz. Current loop rate is 16.6667 Hz.
[WARN] [1788218539.355944720] [controller_server]: Control loop missed its desired rate of 30.0000 Hz. Current loop rate is 25.0000 Hz.
[WARN] [1788218539.446951196] [planner_server]: Planner loop missed its desired rate of 999999999.0000 Hz. Current loop rate is 100.0000 Hz
[WARN] [1788218539.458211422] [controller_server]: Control loop missed its desired rate of 30.0000 Hz. Current loop rate is 25.0000 Hz.
[INFO] [1788218539.491702864] [controller_server]: Passing new path to controller.
[WARN] [1788218540.504025609] [planner_server]: Planner loop missed its desired rate of 999999999.0000 Hz. Current loop rate is 20.0000 Hz
[INFO] [1788218540.525020205] [controller_server]: Passing new path to controller.
[WARN] [1788218541.535306443] [planner_server]: Planner loop missed its desired rate of 999999999.0000 Hz. Current loop rate is 100.0000 Hz
[INFO] [1788218541.558345620] [controller_server]: Passing new path to controller.
[WARN] [1788218542.565819433] [planner_server]: Planner loop missed its desired rate of 999999999.0000 Hz. Current loop rate is 100.0000 Hz
[INFO] [1788218542.591700342] [controller_server]: Passing new path to controller.
[WARN] [1788218543.166666864] [controller_server]: Control loop missed its desired rate of 30.0000 Hz. Current loop rate is 25.0000 Hz.
[WARN] [1788218543.259501131] [controller_server]: Control loop missed its desired rate of 30.0000 Hz. Current loop rate is 16.6667 Hz.
[WARN] [1788218543.370145128] [controller_server]: Control loop missed its desired rate of 30.0000 Hz. Current loop rate is 25.0000 Hz.
[WARN] [1788218543.457909738] [controller_server]: Control loop missed its desired rate of 30.0000 Hz. Current loop rate is 20.0000 Hz.
[WARN] [1788218543.567442547] [controller_server]: Control loop missed its desired rate of 30.0000 Hz. Current loop rate is 25.0000 Hz.
[WARN] [1788218543.601886672] [planner_server]: Planner loop missed its desired rate of 999999999.0000 Hz. Current loop rate is 50.0000 Hz
[WARN] [1788218543.661409820] [controller_server]: Control loop missed its desired rate of 30.0000 Hz. Current loop rate is 16.6667 Hz.
[INFO] [1788218543.661479968] [controller_server]: Passing new path to controller.
[INFO] [1788218543.761696083] [controller_server]: Reached the goal!
[INFO] [1788218543.761996551] [controller_server]: Optimizer reset
[ERROR] [1788218543.793374024] [bt_navigator_navigate_to_pose_rclcpp_node]: Failed to get result for vlm_node/query_bool in node halt!
[INFO] [1788218543.793610925] [bt_navigator]: Goal succeeded
[INFO] [1788218553.893568315] [local_costmap.local_costmap]: Received request to clear entirely the local_costmap
[INFO] [1788218553.896699881] [global_costmap.global_costmap]: Received request to clear entirely the global_costmap
[INFO] [1788218553.904204822] [bt_navigator]: Begin navigating from current location (39.00, 26.52) to (-17.50, 0.18)
[WARN] [1788218554.162502482] [planner_server]: Planner loop missed its desired rate of 999999999.0000 Hz. Current loop rate is 4.0000 Hz
[INFO] [1788218554.175158707] [controller_server]: Received a goal, begin computing control effort.
[WARN] [1788218555.214214078] [planner_server]: Planner loop missed its desired rate of 999999999.0000 Hz. Current loop rate is 33.3333 Hz
[INFO] [1788218555.241997482] [controller_server]: Passing new path to controller.
[WARN] [1788218556.256756906] [planner_server]: Planner loop missed its desired rate of 999999999.0000 Hz. Current loop rate is 33.3333 Hz
[INFO] [1788218556.275317036] [controller_server]: Passing new path to controller.
[WARN] [1788218557.313247213] [planner_server]: Planner loop missed its desired rate of 999999999.0000 Hz. Current loop rate is 25.0000 Hz
[INFO] [1788218557.341983173] [controller_server]: Passing new path to controller.
[WARN] [1788218558.351158719] [planner_server]: Planner loop missed its desired rate of 999999999.0000 Hz. Current loop rate is 33.3333 Hz
[INFO] [1788218558.375318043] [controller_server]: Passing new path to controller.
[WARN] [1788218559.391621931] [planner_server]: Planner loop missed its desired rate of 999999999.0000 Hz. Current loop rate is 50.0000 Hz
[INFO] [1788218559.408666152] [controller_server]: Passing new path to controller.
[WARN] [1788218560.437869492] [planner_server]: Planner loop missed its desired rate of 999999999.0000 Hz. Current loop rate is 33.3333 Hz
[INFO] [1788218560.475315070] [controller_server]: Passing new path to controller.
[WARN] [1788218561.478751436] [planner_server]: Planner loop missed its desired rate of 999999999.0000 Hz. Current loop rate is 33.3333 Hz
[INFO] [1788218561.508664583] [controller_server]: Passing new path to controller.
[WARN] [1788218562.538739339] [planner_server]: Planner loop missed its desired rate of 999999999.0000 Hz. Current loop rate is 20.0000 Hz
[INFO] [1788218562.575320745] [controller_server]: Passing new path to controller.
[WARN] [1788218563.581931080] [planner_server]: Planner loop missed its desired rate of 999999999.0000 Hz. Current loop rate is 33.3333 Hz
[INFO] [1788218563.608649005] [controller_server]: Passing new path to controller.
[WARN] [1788218564.620628387] [planner_server]: Planner loop missed its desired rate of 999999999.0000 Hz. Current loop rate is 33.3333 Hz
[INFO] [1788218564.641982435] [controller_server]: Passing new path to controller.
[WARN] [1788218565.660408524] [planner_server]: Planner loop missed its desired rate of 999999999.0000 Hz. Current loop rate is 33.3333 Hz
[INFO] [1788218565.675318291] [controller_server]: Passing new path to controller.
[WARN] [1788218566.710678364] [planner_server]: Planner loop missed its desired rate of 999999999.0000 Hz. Current loop rate is 33.3333 Hz
[INFO] [1788218566.741999228] [controller_server]: Passing new path to controller.
[WARN] [1788218566.950311019] [controller_server]: Control loop missed its desired rate of 30.0000 Hz. Current loop rate is 25.0000 Hz.
[WARN] [1788218567.155825533] [controller_server]: Control loop missed its desired rate of 30.0000 Hz. Current loop rate is 33.3333 Hz.
[WARN] [1788218567.357305307] [controller_server]: Control loop missed its desired rate of 30.0000 Hz. Current loop rate is 25.0000 Hz.
[WARN] [1788218567.798251614] [planner_server]: Planner loop missed its desired rate of 999999999.0000 Hz. Current loop rate is 16.6667 Hz
[INFO] [1788218567.824101679] [controller_server]: Passing new path to controller.
[WARN] [1788218567.957388956] [controller_server]: Control loop missed its desired rate of 30.0000 Hz. Current loop rate is 25.0000 Hz.
[WARN] [1788218568.856664836] [planner_server]: Planner loop missed its desired rate of 999999999.0000 Hz. Current loop rate is 25.0000 Hz
[WARN] [1788218568.863667191] [controller_server]: Control loop missed its desired rate of 30.0000 Hz. Current loop rate is 25.0000 Hz.
[INFO] [1788218568.897121236] [controller_server]: Passing new path to controller.
[WARN] [1788218568.949546219] [controller_server]: Control loop missed its desired rate of 30.0000 Hz. Current loop rate is 16.6667 Hz.
[WARN] [1788218569.153479088] [controller_server]: Control loop missed its desired rate of 30.0000 Hz. Current loop rate is 25.0000 Hz.
[WARN] [1788218569.253837575] [controller_server]: Control loop missed its desired rate of 30.0000 Hz. Current loop rate is 33.3333 Hz.
[WARN] [1788218569.897475229] [planner_server]: Planner loop missed its desired rate of 999999999.0000 Hz. Current loop rate is 50.0000 Hz
[INFO] [1788218569.920658006] [controller_server]: Passing new path to controller.
[WARN] [1788218570.948343189] [planner_server]: Planner loop missed its desired rate of 999999999.0000 Hz. Current loop rate is 33.3333 Hz
[INFO] [1788218570.987331590] [controller_server]: Passing new path to controller.
[WARN] [1788218572.034828492] [planner_server]: Planner loop missed its desired rate of 999999999.0000 Hz. Current loop rate is 14.2857 Hz
[INFO] [1788218572.087326861] [controller_server]: Passing new path to controller.
[WARN] [1788218573.086535520] [planner_server]: Planner loop missed its desired rate of 999999999.0000 Hz. Current loop rate is 50.0000 Hz
[INFO] [1788218573.120647308] [controller_server]: Passing new path to controller.
[WARN] [1788218574.126421562] [planner_server]: Planner loop missed its desired rate of 999999999.0000 Hz. Current loop rate is 50.0000 Hz
[INFO] [1788218574.153977631] [controller_server]: Passing new path to controller.
[WARN] [1788218575.176116811] [planner_server]: Planner loop missed its desired rate of 999999999.0000 Hz. Current loop rate is 50.0000 Hz
[INFO] [1788218575.220655681] [controller_server]: Passing new path to controller.
[WARN] [1788218576.219040039] [planner_server]: Planner loop missed its desired rate of 999999999.0000 Hz. Current loop rate is 33.3333 Hz
[INFO] [1788218576.253979399] [controller_server]: Passing new path to controller.
[WARN] [1788218577.253957602] [planner_server]: Planner loop missed its desired rate of 999999999.0000 Hz. Current loop rate is 50.0000 Hz
[INFO] [1788218577.287311793] [controller_server]: Passing new path to controller.
[WARN] [1788218578.284363270] [planner_server]: Planner loop missed its desired rate of 999999999.0000 Hz. Current loop rate is 50.0000 Hz
[INFO] [1788218578.320668488] [controller_server]: Passing new path to controller.
[WARN] [1788218579.352864488] [planner_server]: Planner loop missed its desired rate of 999999999.0000 Hz. Current loop rate is 20.0000 Hz
[INFO] [1788218579.387321850] [controller_server]: Passing new path to controller.
[WARN] [1788218580.422974813] [planner_server]: Planner loop missed its desired rate of 999999999.0000 Hz. Current loop rate is 16.6667 Hz
[INFO] [1788218580.454015912] [controller_server]: Passing new path to controller.
[WARN] [1788218581.463419098] [planner_server]: Planner loop missed its desired rate of 999999999.0000 Hz. Current loop rate is 50.0000 Hz
[INFO] [1788218581.487332050] [controller_server]: Passing new path to controller.
[WARN] [1788218582.541106181] [planner_server]: Planner loop missed its desired rate of 999999999.0000 Hz. Current loop rate is 14.2857 Hz
[INFO] [1788218582.587310818] [controller_server]: Passing new path to controller.
[WARN] [1788218583.582090843] [planner_server]: Planner loop missed its desired rate of 999999999.0000 Hz. Current loop rate is 50.0000 Hz
[INFO] [1788218583.620663104] [controller_server]: Passing new path to controller.
[WARN] [1788218584.623656992] [planner_server]: Planner loop missed its desired rate of 999999999.0000 Hz. Current loop rate is 50.0000 Hz
[INFO] [1788218584.653998143] [controller_server]: Passing new path to controller.
[WARN] [1788218585.651625803] [planner_server]: Planner loop missed its desired rate of 999999999.0000 Hz. Current loop rate is 50.0000 Hz
[INFO] [1788218585.687310760] [controller_server]: Passing new path to controller.
[WARN] [1788218586.680861061] [planner_server]: Planner loop missed its desired rate of 999999999.0000 Hz. Current loop rate is 50.0000 Hz
[INFO] [1788218586.720644402] [controller_server]: Passing new path to controller.
[WARN] [1788218587.713127411] [planner_server]: Planner loop missed its desired rate of 999999999.0000 Hz. Current loop rate is 100.0000 Hz
[INFO] [1788218587.753978337] [controller_server]: Passing new path to controller.
[WARN] [1788218588.554530731] [controller_server]: Control loop missed its desired rate of 30.0000 Hz. Current loop rate is 33.3333 Hz.
[WARN] [1788218588.761652227] [controller_server]: Control loop missed its desired rate of 30.0000 Hz. Current loop rate is 25.0000 Hz.
[WARN] [1788218588.778976805] [planner_server]: Planner loop missed its desired rate of 999999999.0000 Hz. Current loop rate is 25.0000 Hz
[INFO] [1788218588.795134184] [controller_server]: Passing new path to controller.
[WARN] [1788218588.853922490] [controller_server]: Control loop missed its desired rate of 30.0000 Hz. Current loop rate is 16.6667 Hz.
[WARN] [1788218588.962572569] [controller_server]: Control loop missed its desired rate of 30.0000 Hz. Current loop rate is 16.6667 Hz.
[WARN] [1788218589.065078625] [controller_server]: Control loop missed its desired rate of 30.0000 Hz. Current loop rate is 14.2857 Hz.
[WARN] [1788218589.168690004] [controller_server]: Control loop missed its desired rate of 30.0000 Hz. Current loop rate is 14.2857 Hz.
[WARN] [1788218589.260925311] [controller_server]: Control loop missed its desired rate of 30.0000 Hz. Current loop rate is 16.6667 Hz.
[WARN] [1788218589.380973061] [controller_server]: Control loop missed its desired rate of 30.0000 Hz. Current loop rate is 14.2857 Hz.
[WARN] [1788218589.470337530] [controller_server]: Control loop missed its desired rate of 30.0000 Hz. Current loop rate is 14.2857 Hz.
[WARN] [1788218589.567607636] [controller_server]: Control loop missed its desired rate of 30.0000 Hz. Current loop rate is 16.6667 Hz.
[WARN] [1788218589.663792341] [controller_server]: Control loop missed its desired rate of 30.0000 Hz. Current loop rate is 16.6667 Hz.
[WARN] [1788218589.770741500] [controller_server]: Control loop missed its desired rate of 30.0000 Hz. Current loop rate is 12.5000 Hz.
[WARN] [1788218589.839541084] [planner_server]: Planner loop missed its desired rate of 999999999.0000 Hz. Current loop rate is 20.0000 Hz
[WARN] [1788218589.873734660] [controller_server]: Control loop missed its desired rate of 30.0000 Hz. Current loop rate is 14.2857 Hz.
[INFO] [1788218589.873819609] [controller_server]: Passing new path to controller.
[WARN] [1788218589.967632087] [controller_server]: Control loop missed its desired rate of 30.0000 Hz. Current loop rate is 16.6667 Hz.
[WARN] [1788218590.069530922] [controller_server]: Control loop missed its desired rate of 30.0000 Hz. Current loop rate is 14.2857 Hz.
[WARN] [1788218590.879085502] [planner_server]: Planner loop missed its desired rate of 999999999.0000 Hz. Current loop rate is 50.0000 Hz
[INFO] [1788218590.902997814] [controller_server]: Passing new path to controller.
[WARN] [1788218591.912739757] [planner_server]: Planner loop missed its desired rate of 999999999.0000 Hz. Current loop rate is 100.0000 Hz
[INFO] [1788218591.936342323] [controller_server]: Passing new path to controller.
[WARN] [1788218592.938843108] [planner_server]: Planner loop missed its desired rate of 999999999.0000 Hz. Current loop rate is 100.0000 Hz
[INFO] [1788218592.969677908] [controller_server]: Passing new path to controller.
[WARN] [1788218593.969907614] [planner_server]: Planner loop missed its desired rate of 999999999.0000 Hz. Current loop rate is 50.0000 Hz
[INFO] [1788218594.003013148] [controller_server]: Passing new path to controller.
[WARN] [1788218595.042382771] [planner_server]: Planner loop missed its desired rate of 999999999.0000 Hz. Current loop rate is 16.6667 Hz
[INFO] [1788218595.069679501] [controller_server]: Passing new path to controller.
[WARN] [1788218595.368818654] [controller_server]: Control loop missed its desired rate of 30.0000 Hz. Current loop rate is 16.6667 Hz.
[WARN] [1788218595.474536647] [controller_server]: Control loop missed its desired rate of 30.0000 Hz. Current loop rate is 14.2857 Hz.
[WARN] [1788218595.569259229] [controller_server]: Control loop missed its desired rate of 30.0000 Hz. Current loop rate is 14.2857 Hz.
[WARN] [1788218595.670319378] [controller_server]: Control loop missed its desired rate of 30.0000 Hz. Current loop rate is 14.2857 Hz.
[WARN] [1788218595.771665243] [controller_server]: Control loop missed its desired rate of 30.0000 Hz. Current loop rate is 14.2857 Hz.
[WARN] [1788218595.873991801] [controller_server]: Control loop missed its desired rate of 30.0000 Hz. Current loop rate is 14.2857 Hz.
[WARN] [1788218595.973328928] [controller_server]: Control loop missed its desired rate of 30.0000 Hz. Current loop rate is 14.2857 Hz.
[WARN] [1788218596.076522849] [controller_server]: Control loop missed its desired rate of 30.0000 Hz. Current loop rate is 14.2857 Hz.
[WARN] [1788218596.176081486] [controller_server]: Control loop missed its desired rate of 30.0000 Hz. Current loop rate is 14.2857 Hz.
[WARN] [1788218596.184583462] [planner_server]: Planner loop missed its desired rate of 999999999.0000 Hz. Current loop rate is 7.6923 Hz
[INFO] [1788218596.209574197] [controller_server]: Passing new path to controller.
[WARN] [1788218596.276361702] [controller_server]: Control loop missed its desired rate of 30.0000 Hz. Current loop rate is 14.2857 Hz.
[WARN] [1788218596.375432277] [controller_server]: Control loop missed its desired rate of 30.0000 Hz. Current loop rate is 14.2857 Hz.
[WARN] [1788218596.474706209] [controller_server]: Control loop missed its desired rate of 30.0000 Hz. Current loop rate is 14.2857 Hz.
[WARN] [1788218596.576632739] [controller_server]: Control loop missed its desired rate of 30.0000 Hz. Current loop rate is 14.2857 Hz.
[WARN] [1788218596.683972744] [controller_server]: Control loop missed its desired rate of 30.0000 Hz. Current loop rate is 12.5000 Hz.
[WARN] [1788218596.776372994] [controller_server]: Control loop missed its desired rate of 30.0000 Hz. Current loop rate is 16.6667 Hz.
[WARN] [1788218596.877303430] [controller_server]: Control loop missed its desired rate of 30.0000 Hz. Current loop rate is 14.2857 Hz.
[WARN] [1788218596.978262905] [controller_server]: Control loop missed its desired rate of 30.0000 Hz. Current loop rate is 14.2857 Hz.
[WARN] [1788218597.073755961] [controller_server]: Control loop missed its desired rate of 30.0000 Hz. Current loop rate is 16.6667 Hz.
[WARN] [1788218597.174441115] [controller_server]: Control loop missed its desired rate of 30.0000 Hz. Current loop rate is 14.2857 Hz.
[WARN] [1788218597.219610297] [planner_server]: Planner loop missed its desired rate of 999999999.0000 Hz. Current loop rate is 50.0000 Hz
[WARN] [1788218597.276875692] [controller_server]: Control loop missed its desired rate of 30.0000 Hz. Current loop rate is 14.2857 Hz.
[INFO] [1788218597.276962460] [controller_server]: Passing new path to controller.
[WARN] [1788218597.378652889] [controller_server]: Control loop missed its desired rate of 30.0000 Hz. Current loop rate is 16.6667 Hz.
[WARN] [1788218597.476165431] [controller_server]: Control loop missed its desired rate of 30.0000 Hz. Current loop rate is 16.6667 Hz.
[WARN] [1788218598.257156496] [planner_server]: Planner loop missed its desired rate of 999999999.0000 Hz. Current loop rate is 100.0000 Hz
[INFO] [1788218598.276307907] [controller_server]: Passing new path to controller.
[WARN] [1788218599.296938443] [planner_server]: Planner loop missed its desired rate of 999999999.0000 Hz. Current loop rate is 100.0000 Hz
[INFO] [1788218599.342976513] [controller_server]: Passing new path to controller.
[WARN] [1788218600.326274211] [planner_server]: Planner loop missed its desired rate of 999999999.0000 Hz. Current loop rate is 100.0000 Hz
[INFO] [1788218600.376316928] [controller_server]: Passing new path to controller.
[WARN] [1788218601.364339285] [planner_server]: Planner loop missed its desired rate of 999999999.0000 Hz. Current loop rate is 100.0000 Hz
[INFO] [1788218601.409636855] [controller_server]: Passing new path to controller.
[WARN] [1788218602.392460969] [planner_server]: Planner loop missed its desired rate of 999999999.0000 Hz. Current loop rate is 100.0000 Hz
[INFO] [1788218602.409636182] [controller_server]: Passing new path to controller.
[WARN] [1788218603.425706377] [planner_server]: Planner loop missed its desired rate of 999999999.0000 Hz. Current loop rate is 100.0000 Hz
[INFO] [1788218603.476315845] [controller_server]: Passing new path to controller.
[WARN] [1788218604.461262409] [planner_server]: Planner loop missed its desired rate of 999999999.0000 Hz. Current loop rate is 100.0000 Hz
[INFO] [1788218604.476302971] [controller_server]: Passing new path to controller.
[WARN] [1788218605.526527172] [planner_server]: Planner loop missed its desired rate of 999999999.0000 Hz. Current loop rate is 25.0000 Hz
[INFO] [1788218605.576320833] [controller_server]: Passing new path to controller.
[WARN] [1788218606.560925290] [planner_server]: Planner loop missed its desired rate of 999999999.0000 Hz. Current loop rate is 100.0000 Hz
[INFO] [1788218606.576309007] [controller_server]: Passing new path to controller.
[WARN] [1788218607.589770052] [planner_server]: Planner loop missed its desired rate of 999999999.0000 Hz. Current loop rate is 100.0000 Hz
[INFO] [1788218607.609642189] [controller_server]: Passing new path to controller.
[INFO] [1788218608.642983725] [controller_server]: Passing new path to controller.
[WARN] [1788218609.641717552] [planner_server]: Planner loop missed its desired rate of 999999999.0000 Hz. Current loop rate is 100.0000 Hz
[INFO] [1788218609.676310741] [controller_server]: Passing new path to controller.
[WARN] [1788218610.656800460] [controller_server]: Control loop missed its desired rate of 30.0000 Hz. Current loop rate is 25.0000 Hz.
[WARN] [1788218610.664142367] [planner_server]: Planner loop missed its desired rate of 999999999.0000 Hz. Current loop rate is 100.0000 Hz
[INFO] [1788218610.690299492] [controller_server]: Passing new path to controller.
[WARN] [1788218610.761920224] [controller_server]: Control loop missed its desired rate of 30.0000 Hz. Current loop rate is 25.0000 Hz.
[WARN] [1788218610.831960524] [controller_server]: Control loop missed its desired rate of 30.0000 Hz. Current loop rate is 25.0000 Hz.
[WARN] [1788218610.955044695] [controller_server]: Control loop missed its desired rate of 30.0000 Hz. Current loop rate is 16.6667 Hz.
[WARN] [1788218611.059442325] [controller_server]: Control loop missed its desired rate of 30.0000 Hz. Current loop rate is 25.0000 Hz.
[WARN] [1788218611.261910352] [controller_server]: Control loop missed its desired rate of 30.0000 Hz. Current loop rate is 25.0000 Hz.
[WARN] [1788218611.358606701] [controller_server]: Control loop missed its desired rate of 30.0000 Hz. Current loop rate is 20.0000 Hz.
[WARN] [1788218611.459773390] [controller_server]: Control loop missed its desired rate of 30.0000 Hz. Current loop rate is 25.0000 Hz.
[WARN] [1788218611.561718031] [controller_server]: Control loop missed its desired rate of 30.0000 Hz. Current loop rate is 25.0000 Hz.
[WARN] [1788218611.658594038] [controller_server]: Control loop missed its desired rate of 30.0000 Hz. Current loop rate is 16.6667 Hz.
[WARN] [1788218611.690240250] [planner_server]: Planner loop missed its desired rate of 999999999.0000 Hz. Current loop rate is 50.0000 Hz
[INFO] [1788218611.725385484] [controller_server]: Passing new path to controller.
[WARN] [1788218611.766706901] [controller_server]: Control loop missed its desired rate of 30.0000 Hz. Current loop rate is 25.0000 Hz.
[WARN] [1788218611.859491512] [controller_server]: Control loop missed its desired rate of 30.0000 Hz. Current loop rate is 16.6667 Hz.
[WARN] [1788218611.961884818] [controller_server]: Control loop missed its desired rate of 30.0000 Hz. Current loop rate is 25.0000 Hz.
[WARN] [1788218612.054297370] [controller_server]: Control loop missed its desired rate of 30.0000 Hz. Current loop rate is 16.6667 Hz.
[WARN] [1788218612.156868815] [controller_server]: Control loop missed its desired rate of 30.0000 Hz. Current loop rate is 33.3333 Hz.
[WARN] [1788218612.265389696] [controller_server]: Control loop missed its desired rate of 30.0000 Hz. Current loop rate is 20.0000 Hz.
[WARN] [1788218612.367696804] [controller_server]: Control loop missed its desired rate of 30.0000 Hz. Current loop rate is 14.2857 Hz.
[WARN] [1788218612.462843058] [controller_server]: Control loop missed its desired rate of 30.0000 Hz. Current loop rate is 16.6667 Hz.
[WARN] [1788218612.565348364] [controller_server]: Control loop missed its desired rate of 30.0000 Hz. Current loop rate is 14.2857 Hz.
[WARN] [1788218612.663966931] [controller_server]: Control loop missed its desired rate of 30.0000 Hz. Current loop rate is 14.2857 Hz.
[WARN] [1788218612.727711430] [planner_server]: Planner loop missed its desired rate of 999999999.0000 Hz. Current loop rate is 100.0000 Hz
[WARN] [1788218612.751402757] [controller_server]: Control loop missed its desired rate of 30.0000 Hz. Current loop rate is 16.6667 Hz.
[INFO] [1788218612.751459337] [controller_server]: Passing new path to controller.
[INFO] [1788218613.784862348] [controller_server]: Passing new path to controller.
[INFO] [1788218614.818190108] [controller_server]: Passing new path to controller.
[INFO] [1788218615.488622353] [controller_server]: Reached the goal!
[INFO] [1788218615.488851311] [controller_server]: Optimizer reset
[ERROR] [1788218615.525448813] [bt_navigator_navigate_to_pose_rclcpp_node]: Failed to get result for vlm_node/query_bool in node halt!
[INFO] [1788218615.525656751] [bt_navigator]: Goal succeeded
[INFO] [1788218625.528944906] [local_costmap.local_costmap]: Received request to clear entirely the local_costmap
[INFO] [1788218625.531590957] [global_costmap.global_costmap]: Received request to clear entirely the global_costmap
[INFO] [1788218625.540327336] [bt_navigator]: Begin navigating from current location (-17.50, 0.19) to (50.00, -50.70)
[WARN] [1788218626.246193916] [planner_server]: Planner loop missed its desired rate of 999999999.0000 Hz. Current loop rate is 1.4085 Hz
[INFO] [1788218626.261413274] [controller_server]: Received a goal, begin computing control effort.
[WARN] [1788218627.402689611] [planner_server]: Planner loop missed its desired rate of 999999999.0000 Hz. Current loop rate is 7.6923 Hz
[INFO] [1788218627.428247697] [controller_server]: Passing new path to controller.
[WARN] [1788218628.549360558] [planner_server]: Planner loop missed its desired rate of 999999999.0000 Hz. Current loop rate is 7.6923 Hz
[INFO] [1788218628.561567042] [controller_server]: Passing new path to controller.
[WARN] [1788218629.700421781] [planner_server]: Planner loop missed its desired rate of 999999999.0000 Hz. Current loop rate is 7.6923 Hz
[INFO] [1788218629.728239787] [controller_server]: Passing new path to controller.
[WARN] [1788218630.831745307] [planner_server]: Planner loop missed its desired rate of 999999999.0000 Hz. Current loop rate is 8.3333 Hz
[INFO] [1788218630.861592868] [controller_server]: Passing new path to controller.
[WARN] [1788218631.967303808] [planner_server]: Planner loop missed its desired rate of 999999999.0000 Hz. Current loop rate is 8.3333 Hz
[INFO] [1788218631.994921860] [controller_server]: Passing new path to controller.
[WARN] [1788218633.116138270] [planner_server]: Planner loop missed its desired rate of 999999999.0000 Hz. Current loop rate is 7.6923 Hz
[INFO] [1788218633.128259091] [controller_server]: Passing new path to controller.
[WARN] [1788218634.256083292] [planner_server]: Planner loop missed its desired rate of 999999999.0000 Hz. Current loop rate is 8.3333 Hz
[INFO] [1788218634.294919973] [controller_server]: Passing new path to controller.
[WARN] [1788218635.392351284] [planner_server]: Planner loop missed its desired rate of 999999999.0000 Hz. Current loop rate is 8.3333 Hz
[INFO] [1788218635.428235597] [controller_server]: Passing new path to controller.
[WARN] [1788218636.534527401] [planner_server]: Planner loop missed its desired rate of 999999999.0000 Hz. Current loop rate is 8.3333 Hz
[INFO] [1788218636.561595229] [controller_server]: Passing new path to controller.
[WARN] [1788218637.659512973] [planner_server]: Planner loop missed its desired rate of 999999999.0000 Hz. Current loop rate is 9.0909 Hz
[INFO] [1788218637.694913807] [controller_server]: Passing new path to controller.
[WARN] [1788218638.777817998] [planner_server]: Planner loop missed its desired rate of 999999999.0000 Hz. Current loop rate is 9.0909 Hz
[INFO] [1788218638.794919247] [controller_server]: Passing new path to controller.
[WARN] [1788218639.830742916] [controller_server]: Control loop missed its desired rate of 30.0000 Hz. Current loop rate is 25.0000 Hz.
[WARN] [1788218639.961086277] [controller_server]: Control loop missed its desired rate of 30.0000 Hz. Current loop rate is 14.2857 Hz.
[WARN] [1788218640.068948970] [planner_server]: Planner loop missed its desired rate of 999999999.0000 Hz. Current loop rate is 3.7037 Hz
[WARN] [1788218640.069277759] [controller_server]: Control loop missed its desired rate of 30.0000 Hz. Current loop rate is 25.0000 Hz.
[INFO] [1788218640.102741724] [controller_server]: Passing new path to controller.
[WARN] [1788218640.162793196] [controller_server]: Control loop missed its desired rate of 30.0000 Hz. Current loop rate is 16.6667 Hz.
[WARN] [1788218640.262701644] [controller_server]: Control loop missed its desired rate of 30.0000 Hz. Current loop rate is 12.5000 Hz.
[WARN] [1788218640.361273296] [controller_server]: Control loop missed its desired rate of 30.0000 Hz. Current loop rate is 14.2857 Hz.
[WARN] [1788218640.463442796] [controller_server]: Control loop missed its desired rate of 30.0000 Hz. Current loop rate is 12.5000 Hz.
[WARN] [1788218640.566692813] [controller_server]: Control loop missed its desired rate of 30.0000 Hz. Current loop rate is 12.5000 Hz.
[WARN] [1788218640.661749116] [controller_server]: Control loop missed its desired rate of 30.0000 Hz. Current loop rate is 16.6667 Hz.
[WARN] [1788218640.761826153] [controller_server]: Control loop missed its desired rate of 30.0000 Hz. Current loop rate is 12.5000 Hz.
[WARN] [1788218640.861740590] [controller_server]: Control loop missed its desired rate of 30.0000 Hz. Current loop rate is 14.2857 Hz.
[WARN] [1788218640.969174624] [controller_server]: Control loop missed its desired rate of 30.0000 Hz. Current loop rate is 12.5000 Hz.
[WARN] [1788218641.065625658] [controller_server]: Control loop missed its desired rate of 30.0000 Hz. Current loop rate is 16.6667 Hz.
[WARN] [1788218641.167168985] [controller_server]: Control loop missed its desired rate of 30.0000 Hz. Current loop rate is 12.5000 Hz.
[WARN] [1788218641.266998867] [controller_server]: Control loop missed its desired rate of 30.0000 Hz. Current loop rate is 12.5000 Hz.
[WARN] [1788218641.366814819] [controller_server]: Control loop missed its desired rate of 30.0000 Hz. Current loop rate is 14.2857 Hz.
[WARN] [1788218641.371664455] [planner_server]: Planner loop missed its desired rate of 999999999.0000 Hz. Current loop rate is 3.4483 Hz
[INFO] [1788218641.400302752] [controller_server]: Passing new path to controller.
[WARN] [1788218641.470995168] [controller_server]: Control loop missed its desired rate of 30.0000 Hz. Current loop rate is 12.5000 Hz.
[WARN] [1788218641.572334955] [controller_server]: Control loop missed its desired rate of 30.0000 Hz. Current loop rate is 14.2857 Hz.
[WARN] [1788218641.672677125] [controller_server]: Control loop missed its desired rate of 30.0000 Hz. Current loop rate is 14.2857 Hz.
[WARN] [1788218641.771527010] [controller_server]: Control loop missed its desired rate of 30.0000 Hz. Current loop rate is 16.6667 Hz.
[WARN] [1788218641.867663332] [controller_server]: Control loop missed its desired rate of 30.0000 Hz. Current loop rate is 16.6667 Hz.
[WARN] [1788218641.976191309] [controller_server]: Control loop missed its desired rate of 30.0000 Hz. Current loop rate is 12.5000 Hz.
[WARN] [1788218642.076677517] [controller_server]: Control loop missed its desired rate of 30.0000 Hz. Current loop rate is 14.2857 Hz.
[WARN] [1788218642.167841175] [controller_server]: Control loop missed its desired rate of 30.0000 Hz. Current loop rate is 16.6667 Hz.
[WARN] [1788218642.273023977] [controller_server]: Control loop missed its desired rate of 30.0000 Hz. Current loop rate is 12.5000 Hz.
[WARN] [1788218642.499714736] [planner_server]: Planner loop missed its desired rate of 999999999.0000 Hz. Current loop rate is 10.0000 Hz
[INFO] [1788218642.539837340] [controller_server]: Passing new path to controller.
[WARN] [1788218643.608486532] [planner_server]: Planner loop missed its desired rate of 999999999.0000 Hz. Current loop rate is 11.1111 Hz
[INFO] [1788218643.639830726] [controller_server]: Passing new path to controller.
[WARN] [1788218644.702787786] [planner_server]: Planner loop missed its desired rate of 999999999.0000 Hz. Current loop rate is 12.5000 Hz
[INFO] [1788218644.739831286] [controller_server]: Passing new path to controller.
[WARN] [1788218645.802931226] [planner_server]: Planner loop missed its desired rate of 999999999.0000 Hz. Current loop rate is 12.5000 Hz
[INFO] [1788218645.839842625] [controller_server]: Passing new path to controller.
[WARN] [1788218646.908888924] [planner_server]: Planner loop missed its desired rate of 999999999.0000 Hz. Current loop rate is 12.5000 Hz
[INFO] [1788218646.939832651] [controller_server]: Passing new path to controller.
[WARN] [1788218647.999062854] [planner_server]: Planner loop missed its desired rate of 999999999.0000 Hz. Current loop rate is 12.5000 Hz
[INFO] [1788218648.039839842] [controller_server]: Passing new path to controller.
[WARN] [1788218649.103462886] [planner_server]: Planner loop missed its desired rate of 999999999.0000 Hz. Current loop rate is 11.1111 Hz
[INFO] [1788218649.139832579] [controller_server]: Passing new path to controller.
[WARN] [1788218650.198483760] [planner_server]: Planner loop missed its desired rate of 999999999.0000 Hz. Current loop rate is 12.5000 Hz
[INFO] [1788218650.239839926] [controller_server]: Passing new path to controller.
[WARN] [1788218651.294900948] [planner_server]: Planner loop missed its desired rate of 999999999.0000 Hz. Current loop rate is 14.2857 Hz
[INFO] [1788218651.339838072] [controller_server]: Passing new path to controller.
[WARN] [1788218652.378063275] [planner_server]: Planner loop missed its desired rate of 999999999.0000 Hz. Current loop rate is 16.6667 Hz
[INFO] [1788218652.406506885] [controller_server]: Passing new path to controller.
[WARN] [1788218653.453053710] [planner_server]: Planner loop missed its desired rate of 999999999.0000 Hz. Current loop rate is 16.6667 Hz
[INFO] [1788218653.473203687] [controller_server]: Passing new path to controller.
[WARN] [1788218653.771338523] [controller_server]: Control loop missed its desired rate of 30.0000 Hz. Current loop rate is 14.2857 Hz.
[WARN] [1788218653.871374148] [controller_server]: Control loop missed its desired rate of 30.0000 Hz. Current loop rate is 14.2857 Hz.
[WARN] [1788218653.970815053] [controller_server]: Control loop missed its desired rate of 30.0000 Hz. Current loop rate is 14.2857 Hz.
[WARN] [1788218654.051570712] [controller_server]: Control loop missed its desired rate of 30.0000 Hz. Current loop rate is 20.0000 Hz.
[WARN] [1788218654.181159421] [controller_server]: Control loop missed its desired rate of 30.0000 Hz. Current loop rate is 16.6667 Hz.
[WARN] [1788218654.274861297] [controller_server]: Control loop missed its desired rate of 30.0000 Hz. Current loop rate is 16.6667 Hz.
[WARN] [1788218654.348759572] [controller_server]: Control loop missed its desired rate of 30.0000 Hz. Current loop rate is 20.0000 Hz.
[WARN] [1788218654.472260231] [controller_server]: Control loop missed its desired rate of 30.0000 Hz. Current loop rate is 16.6667 Hz.
[WARN] [1788218654.545473826] [controller_server]: Control loop missed its desired rate of 30.0000 Hz. Current loop rate is 20.0000 Hz.
[WARN] [1788218654.660417034] [controller_server]: Control loop missed its desired rate of 30.0000 Hz. Current loop rate is 20.0000 Hz.
[WARN] [1788218654.715004137] [planner_server]: Planner loop missed its desired rate of 999999999.0000 Hz. Current loop rate is 4.1667 Hz
[WARN] [1788218654.774151872] [controller_server]: Control loop missed its desired rate of 30.0000 Hz. Current loop rate is 25.0000 Hz.
[INFO] [1788218654.774229312] [controller_server]: Passing new path to controller.
[WARN] [1788218654.841846316] [controller_server]: Control loop missed its desired rate of 30.0000 Hz. Current loop rate is 33.3333 Hz.
[WARN] [1788218654.954556204] [controller_server]: Control loop missed its desired rate of 30.0000 Hz. Current loop rate is 25.0000 Hz.
[WARN] [1788218655.058176153] [controller_server]: Control loop missed its desired rate of 30.0000 Hz. Current loop rate is 25.0000 Hz.
[WARN] [1788218655.159551232] [controller_server]: Control loop missed its desired rate of 30.0000 Hz. Current loop rate is 25.0000 Hz.
[WARN] [1788218655.660652364] [controller_server]: Control loop missed its desired rate of 30.0000 Hz. Current loop rate is 33.3333 Hz.
[WARN] [1788218655.850684748] [planner_server]: Planner loop missed its desired rate of 999999999.0000 Hz. Current loop rate is 9.0909 Hz
[INFO] [1788218655.894151921] [controller_server]: Passing new path to controller.
[WARN] [1788218656.929157273] [planner_server]: Planner loop missed its desired rate of 999999999.0000 Hz. Current loop rate is 20.0000 Hz
[INFO] [1788218656.960817408] [controller_server]: Passing new path to controller.
[WARN] [1788218657.980106543] [planner_server]: Planner loop missed its desired rate of 999999999.0000 Hz. Current loop rate is 33.3333 Hz
[INFO] [1788218657.994149163] [controller_server]: Passing new path to controller.
[WARN] [1788218659.040741352] [planner_server]: Planner loop missed its desired rate of 999999999.0000 Hz. Current loop rate is 25.0000 Hz
[INFO] [1788218659.094151472] [controller_server]: Passing new path to controller.
[WARN] [1788218660.096694522] [planner_server]: Planner loop missed its desired rate of 999999999.0000 Hz. Current loop rate is 33.3333 Hz
[INFO] [1788218660.127500773] [controller_server]: Passing new path to controller.
[WARN] [1788218661.133557733] [planner_server]: Planner loop missed its desired rate of 999999999.0000 Hz. Current loop rate is 50.0000 Hz
[INFO] [1788218661.160833755] [controller_server]: Passing new path to controller.
[WARN] [1788218662.180195962] [planner_server]: Planner loop missed its desired rate of 999999999.0000 Hz. Current loop rate is 33.3333 Hz
[INFO] [1788218662.227530384] [controller_server]: Passing new path to controller.
[WARN] [1788218663.226812962] [planner_server]: Planner loop missed its desired rate of 999999999.0000 Hz. Current loop rate is 33.3333 Hz
[INFO] [1788218663.260825538] [controller_server]: Passing new path to controller.
[WARN] [1788218664.263349102] [planner_server]: Planner loop missed its desired rate of 999999999.0000 Hz. Current loop rate is 100.0000 Hz
[INFO] [1788218664.294153618] [controller_server]: Passing new path to controller.
[WARN] [1788218665.297091789] [planner_server]: Planner loop missed its desired rate of 999999999.0000 Hz. Current loop rate is 50.0000 Hz
[INFO] [1788218665.327495551] [controller_server]: Passing new path to controller.
[WARN] [1788218666.315713190] [planner_server]: Planner loop missed its desired rate of 999999999.0000 Hz. Current loop rate is 100.0000 Hz
[INFO] [1788218666.360816765] [controller_server]: Passing new path to controller.
[WARN] [1788218667.342037247] [planner_server]: Planner loop missed its desired rate of 999999999.0000 Hz. Current loop rate is 100.0000 Hz
[INFO] [1788218667.394162720] [controller_server]: Passing new path to controller.
[WARN] [1788218668.398348237] [planner_server]: Planner loop missed its desired rate of 999999999.0000 Hz. Current loop rate is 33.3333 Hz
[INFO] [1788218668.427531472] [controller_server]: Passing new path to controller.
[WARN] [1788218669.438918323] [planner_server]: Planner loop missed its desired rate of 999999999.0000 Hz. Current loop rate is 33.3333 Hz
[INFO] [1788218669.460840722] [controller_server]: Passing new path to controller.
[WARN] [1788218670.462600881] [planner_server]: Planner loop missed its desired rate of 999999999.0000 Hz. Current loop rate is 100.0000 Hz
[INFO] [1788218670.494179836] [controller_server]: Passing new path to controller.
[WARN] [1788218671.517662029] [planner_server]: Planner loop missed its desired rate of 999999999.0000 Hz. Current loop rate is 25.0000 Hz
[INFO] [1788218671.560826800] [controller_server]: Passing new path to controller.
[WARN] [1788218672.544316311] [planner_server]: Planner loop missed its desired rate of 999999999.0000 Hz. Current loop rate is 100.0000 Hz
[INFO] [1788218672.594149235] [controller_server]: Passing new path to controller.
[WARN] [1788218673.583077618] [planner_server]: Planner loop missed its desired rate of 999999999.0000 Hz. Current loop rate is 100.0000 Hz
[INFO] [1788218673.627500701] [controller_server]: Passing new path to controller.
[INFO] [1788218674.627489168] [controller_server]: Passing new path to controller.
[WARN] [1788218675.632525302] [planner_server]: Planner loop missed its desired rate of 999999999.0000 Hz. Current loop rate is 50.0000 Hz
[INFO] [1788218675.660816943] [controller_server]: Passing new path to controller.
[WARN] [1788218676.677144107] [planner_server]: Planner loop missed its desired rate of 999999999.0000 Hz. Current loop rate is 50.0000 Hz
[INFO] [1788218676.694162222] [controller_server]: Passing new path to controller.
[WARN] [1788218677.717320118] [planner_server]: Planner loop missed its desired rate of 999999999.0000 Hz. Current loop rate is 50.0000 Hz
[INFO] [1788218677.760815599] [controller_server]: Passing new path to controller.
[WARN] [1788218678.741055985] [planner_server]: Planner loop missed its desired rate of 999999999.0000 Hz. Current loop rate is 100.0000 Hz
[INFO] [1788218678.794148760] [controller_server]: Passing new path to controller.
[WARN] [1788218679.784092375] [planner_server]: Planner loop missed its desired rate of 999999999.0000 Hz. Current loop rate is 100.0000 Hz
[INFO] [1788218679.827500261] [controller_server]: Passing new path to controller.
[WARN] [1788218680.834749127] [planner_server]: Planner loop missed its desired rate of 999999999.0000 Hz. Current loop rate is 50.0000 Hz
[INFO] [1788218680.860830912] [controller_server]: Passing new path to controller.
[WARN] [1788218681.882925260] [planner_server]: Planner loop missed its desired rate of 999999999.0000 Hz. Current loop rate is 33.3333 Hz
[INFO] [1788218681.927498907] [controller_server]: Passing new path to controller.
[INFO] [1788218682.960828296] [controller_server]: Passing new path to controller.
[WARN] [1788218683.946611631] [planner_server]: Planner loop missed its desired rate of 999999999.0000 Hz. Current loop rate is 50.0000 Hz
[INFO] [1788218683.994170380] [controller_server]: Passing new path to controller.
[WARN] [1788218685.018552047] [planner_server]: Planner loop missed its desired rate of 999999999.0000 Hz. Current loop rate is 25.0000 Hz
[INFO] [1788218685.060839622] [controller_server]: Passing new path to controller.
[WARN] [1788218686.040445649] [planner_server]: Planner loop missed its desired rate of 999999999.0000 Hz. Current loop rate is 100.0000 Hz
[INFO] [1788218686.060831715] [controller_server]: Passing new path to controller.
[WARN] [1788218687.059256267] [planner_server]: Planner loop missed its desired rate of 999999999.0000 Hz. Current loop rate is 100.0000 Hz
[INFO] [1788218687.094150708] [controller_server]: Passing new path to controller.
[WARN] [1788218688.080409374] [planner_server]: Planner loop missed its desired rate of 999999999.0000 Hz. Current loop rate is 100.0000 Hz
[INFO] [1788218688.094150963] [controller_server]: Passing new path to controller.
[WARN] [1788218689.102667971] [planner_server]: Planner loop missed its desired rate of 999999999.0000 Hz. Current loop rate is 100.0000 Hz
[INFO] [1788218689.127488617] [controller_server]: Passing new path to controller.
[WARN] [1788218690.138194091] [planner_server]: Planner loop missed its desired rate of 999999999.0000 Hz. Current loop rate is 100.0000 Hz
[INFO] [1788218690.160826986] [controller_server]: Passing new path to controller.
[INFO] [1788218691.194163959] [controller_server]: Passing new path to controller.
[WARN] [1788218692.185982517] [planner_server]: Planner loop missed its desired rate of 999999999.0000 Hz. Current loop rate is 100.0000 Hz
[INFO] [1788218692.227496765] [controller_server]: Passing new path to controller.
[WARN] [1788218693.209915259] [planner_server]: Planner loop missed its desired rate of 999999999.0000 Hz. Current loop rate is 100.0000 Hz
[INFO] [1788218693.227460437] [controller_server]: Passing new path to controller.
[INFO] [1788218694.260822450] [controller_server]: Passing new path to controller.
[INFO] [1788218695.294166490] [controller_server]: Passing new path to controller.
[WARN] [1788218696.279992358] [planner_server]: Planner loop missed its desired rate of 999999999.0000 Hz. Current loop rate is 100.0000 Hz
[INFO] [1788218696.294162328] [controller_server]: Passing new path to controller.
[INFO] [1788218697.327496977] [controller_server]: Passing new path to controller.
[WARN] [1788218698.338608610] [planner_server]: Planner loop missed its desired rate of 999999999.0000 Hz. Current loop rate is 100.0000 Hz
[INFO] [1788218698.360821170] [controller_server]: Passing new path to controller.
[INFO] [1788218699.394153017] [controller_server]: Passing new path to controller.
[WARN] [1788218700.374086706] [planner_server]: Planner loop missed its desired rate of 999999999.0000 Hz. Current loop rate is 100.0000 Hz
[INFO] [1788218700.394150525] [controller_server]: Passing new path to controller.
[WARN] [1788218701.403650416] [planner_server]: Planner loop missed its desired rate of 999999999.0000 Hz. Current loop rate is 100.0000 Hz
[INFO] [1788218701.427482810] [controller_server]: Passing new path to controller.
[INFO] [1788218702.460844604] [controller_server]: Passing new path to controller.
[WARN] [1788218703.454147550] [planner_server]: Planner loop missed its desired rate of 999999999.0000 Hz. Current loop rate is 100.0000 Hz
[INFO] [1788218703.494184944] [controller_server]: Passing new path to controller.
[WARN] [1788218704.511251656] [planner_server]: Planner loop missed its desired rate of 999999999.0000 Hz. Current loop rate is 25.0000 Hz
[INFO] [1788218704.560833493] [controller_server]: Passing new path to controller.
[INFO] [1788218705.560841207] [controller_server]: Passing new path to controller.
[WARN] [1788218706.584683278] [planner_server]: Planner loop missed its desired rate of 999999999.0000 Hz. Current loop rate is 25.0000 Hz
[INFO] [1788218706.627499036] [controller_server]: Passing new path to controller.
[WARN] [1788218707.615389793] [planner_server]: Planner loop missed its desired rate of 999999999.0000 Hz. Current loop rate is 100.0000 Hz
[INFO] [1788218707.660830752] [controller_server]: Passing new path to controller.
[INFO] [1788218708.660835781] [controller_server]: Passing new path to controller.
[WARN] [1788218709.654379989] [planner_server]: Planner loop missed its desired rate of 999999999.0000 Hz. Current loop rate is 100.0000 Hz
[INFO] [1788218709.694161806] [controller_server]: Passing new path to controller.
[INFO] [1788218710.694153521] [controller_server]: Passing new path to controller.
[INFO] [1788218711.296630792] [controller_server]: Reached the goal!
[INFO] [1788218711.296844664] [controller_server]: Optimizer reset
[ERROR] [1788218711.331890924] [bt_navigator_navigate_to_pose_rclcpp_node]: Failed to get result for vlm_node/query_bool in node halt!
[INFO] [1788218711.332116426] [bt_navigator]: Goal succeeded
[INFO] [1788218721.338328480] [local_costmap.local_costmap]: Received request to clear entirely the local_costmap
[INFO] [1788218721.341652328] [global_costmap.global_costmap]: Received request to clear entirely the global_costmap
[INFO] [1788218721.349995882] [bt_navigator]: Begin navigating from current location (50.01, -50.66) to (-11.50, -27.17)
[WARN] [1788218721.651461487] [planner_server]: Planner loop missed its desired rate of 999999999.0000 Hz. Current loop rate is 3.3333 Hz
[INFO] [1788218721.671071139] [controller_server]: Received a goal, begin computing control effort.
[WARN] [1788218722.711427472] [planner_server]: Planner loop missed its desired rate of 999999999.0000 Hz. Current loop rate is 33.3333 Hz
[INFO] [1788218722.737886365] [controller_server]: Passing new path to controller.
[WARN] [1788218723.756152862] [planner_server]: Planner loop missed its desired rate of 999999999.0000 Hz. Current loop rate is 33.3333 Hz
[INFO] [1788218723.771242667] [controller_server]: Passing new path to controller.
[WARN] [1788218724.804416340] [planner_server]: Planner loop missed its desired rate of 999999999.0000 Hz. Current loop rate is 33.3333 Hz
[INFO] [1788218724.837898212] [controller_server]: Passing new path to controller.
[WARN] [1788218725.844175835] [planner_server]: Planner loop missed its desired rate of 999999999.0000 Hz. Current loop rate is 50.0000 Hz
[INFO] [1788218725.871243295] [controller_server]: Passing new path to controller.
[WARN] [1788218726.875018276] [planner_server]: Planner loop missed its desired rate of 999999999.0000 Hz. Current loop rate is 33.3333 Hz
[INFO] [1788218726.904548659] [controller_server]: Passing new path to controller.
[WARN] [1788218727.913044333] [planner_server]: Planner loop missed its desired rate of 999999999.0000 Hz. Current loop rate is 33.3333 Hz
[INFO] [1788218727.937903353] [controller_server]: Passing new path to controller.
[WARN] [1788218728.950702627] [planner_server]: Planner loop missed its desired rate of 999999999.0000 Hz. Current loop rate is 50.0000 Hz
[INFO] [1788218728.971229898] [controller_server]: Passing new path to controller.
[WARN] [1788218730.012971655] [planner_server]: Planner loop missed its desired rate of 999999999.0000 Hz. Current loop rate is 25.0000 Hz
[INFO] [1788218730.037891885] [controller_server]: Passing new path to controller.
[WARN] [1788218731.057569462] [planner_server]: Planner loop missed its desired rate of 999999999.0000 Hz. Current loop rate is 50.0000 Hz
[INFO] [1788218731.071227593] [controller_server]: Passing new path to controller.
[WARN] [1788218731.239349204] [controller_server]: Control loop missed its desired rate of 30.0000 Hz. Current loop rate is 33.3333 Hz.
[WARN] [1788218731.440480329] [controller_server]: Control loop missed its desired rate of 30.0000 Hz. Current loop rate is 33.3333 Hz.
[WARN] [1788218731.543591263] [controller_server]: Control loop missed its desired rate of 30.0000 Hz. Current loop rate is 25.0000 Hz.
[WARN] [1788218731.844777554] [controller_server]: Control loop missed its desired rate of 30.0000 Hz. Current loop rate is 25.0000 Hz.
[WARN] [1788218732.139895116] [planner_server]: Planner loop missed its desired rate of 999999999.0000 Hz. Current loop rate is 16.6667 Hz
[INFO] [1788218732.178245612] [controller_server]: Passing new path to controller.
[WARN] [1788218733.189929063] [planner_server]: Planner loop missed its desired rate of 999999999.0000 Hz. Current loop rate is 50.0000 Hz
[INFO] [1788218733.211587830] [controller_server]: Passing new path to controller.
[WARN] [1788218734.227509518] [planner_server]: Planner loop missed its desired rate of 999999999.0000 Hz. Current loop rate is 50.0000 Hz
[INFO] [1788218734.244928823] [controller_server]: Passing new path to controller.
[WARN] [1788218735.271858225] [planner_server]: Planner loop missed its desired rate of 999999999.0000 Hz. Current loop rate is 33.3333 Hz
[INFO] [1788218735.311596643] [controller_server]: Passing new path to controller.
[WARN] [1788218736.312591460] [planner_server]: Planner loop missed its desired rate of 999999999.0000 Hz. Current loop rate is 50.0000 Hz
[INFO] [1788218736.344926475] [controller_server]: Passing new path to controller.
[WARN] [1788218737.352491867] [planner_server]: Planner loop missed its desired rate of 999999999.0000 Hz. Current loop rate is 50.0000 Hz
[INFO] [1788218737.378247868] [controller_server]: Passing new path to controller.
[WARN] [1788218738.427406393] [planner_server]: Planner loop missed its desired rate of 999999999.0000 Hz. Current loop rate is 20.0000 Hz
[INFO] [1788218738.444905947] [controller_server]: Passing new path to controller.
[WARN] [1788218739.490591979] [planner_server]: Planner loop missed its desired rate of 999999999.0000 Hz. Current loop rate is 20.0000 Hz
[INFO] [1788218739.511624073] [controller_server]: Passing new path to controller.
[WARN] [1788218740.539141172] [planner_server]: Planner loop missed its desired rate of 999999999.0000 Hz. Current loop rate is 50.0000 Hz
[INFO] [1788218740.578250153] [controller_server]: Passing new path to controller.
[WARN] [1788218741.570141225] [planner_server]: Planner loop missed its desired rate of 999999999.0000 Hz. Current loop rate is 50.0000 Hz
[INFO] [1788218741.611605173] [controller_server]: Passing new path to controller.
[WARN] [1788218742.615985129] [planner_server]: Planner loop missed its desired rate of 999999999.0000 Hz. Current loop rate is 33.3333 Hz
[INFO] [1788218742.644925469] [controller_server]: Passing new path to controller.
[WARN] [1788218743.646661191] [planner_server]: Planner loop missed its desired rate of 999999999.0000 Hz. Current loop rate is 50.0000 Hz
[INFO] [1788218743.678235380] [controller_server]: Passing new path to controller.
[WARN] [1788218744.680346788] [planner_server]: Planner loop missed its desired rate of 999999999.0000 Hz. Current loop rate is 50.0000 Hz
[INFO] [1788218744.711585596] [controller_server]: Passing new path to controller.
[WARN] [1788218745.718916138] [planner_server]: Planner loop missed its desired rate of 999999999.0000 Hz. Current loop rate is 50.0000 Hz
[INFO] [1788218745.744925795] [controller_server]: Passing new path to controller.
[WARN] [1788218746.751593938] [planner_server]: Planner loop missed its desired rate of 999999999.0000 Hz. Current loop rate is 50.0000 Hz
[INFO] [1788218746.778257327] [controller_server]: Passing new path to controller.
[WARN] [1788218747.799744281] [planner_server]: Planner loop missed its desired rate of 999999999.0000 Hz. Current loop rate is 50.0000 Hz
[INFO] [1788218747.811591961] [controller_server]: Passing new path to controller.
[WARN] [1788218748.835625651] [planner_server]: Planner loop missed its desired rate of 999999999.0000 Hz. Current loop rate is 100.0000 Hz
[INFO] [1788218748.878255236] [controller_server]: Passing new path to controller.
[WARN] [1788218749.891684545] [planner_server]: Planner loop missed its desired rate of 999999999.0000 Hz. Current loop rate is 20.0000 Hz
[INFO] [1788218749.911623405] [controller_server]: Passing new path to controller.
[WARN] [1788218750.959094599] [planner_server]: Planner loop missed its desired rate of 999999999.0000 Hz. Current loop rate is 25.0000 Hz
[INFO] [1788218750.978261219] [controller_server]: Passing new path to controller.
[WARN] [1788218752.023217462] [planner_server]: Planner loop missed its desired rate of 999999999.0000 Hz. Current loop rate is 16.6667 Hz
[INFO] [1788218752.044944974] [controller_server]: Passing new path to controller.
[WARN] [1788218753.062837386] [planner_server]: Planner loop missed its desired rate of 999999999.0000 Hz. Current loop rate is 100.0000 Hz
[INFO] [1788218753.111599444] [controller_server]: Passing new path to controller.
[WARN] [1788218754.108237894] [planner_server]: Planner loop missed its desired rate of 999999999.0000 Hz. Current loop rate is 50.0000 Hz
[INFO] [1788218754.144933756] [controller_server]: Passing new path to controller.
[WARN] [1788218755.135763270] [planner_server]: Planner loop missed its desired rate of 999999999.0000 Hz. Current loop rate is 50.0000 Hz
[INFO] [1788218755.178242913] [controller_server]: Passing new path to controller.
[WARN] [1788218756.163797718] [planner_server]: Planner loop missed its desired rate of 999999999.0000 Hz. Current loop rate is 50.0000 Hz
[INFO] [1788218756.211581995] [controller_server]: Passing new path to controller.
[WARN] [1788218757.208183638] [planner_server]: Planner loop missed its desired rate of 999999999.0000 Hz. Current loop rate is 50.0000 Hz
[INFO] [1788218757.244926152] [controller_server]: Passing new path to controller.
[WARN] [1788218758.233703033] [planner_server]: Planner loop missed its desired rate of 999999999.0000 Hz. Current loop rate is 100.0000 Hz
[INFO] [1788218758.278264080] [controller_server]: Passing new path to controller.
[WARN] [1788218759.263893701] [planner_server]: Planner loop missed its desired rate of 999999999.0000 Hz. Current loop rate is 50.0000 Hz
[INFO] [1788218759.311584991] [controller_server]: Passing new path to controller.
[WARN] [1788218760.302854136] [planner_server]: Planner loop missed its desired rate of 999999999.0000 Hz. Current loop rate is 100.0000 Hz
[INFO] [1788218760.344921073] [controller_server]: Passing new path to controller.
[WARN] [1788218761.345573462] [planner_server]: Planner loop missed its desired rate of 999999999.0000 Hz. Current loop rate is 100.0000 Hz
[INFO] [1788218761.378250726] [controller_server]: Passing new path to controller.
[WARN] [1788218762.383611986] [planner_server]: Planner loop missed its desired rate of 999999999.0000 Hz. Current loop rate is 33.3333 Hz
[INFO] [1788218762.411597228] [controller_server]: Passing new path to controller.
[WARN] [1788218763.408302977] [planner_server]: Planner loop missed its desired rate of 999999999.0000 Hz. Current loop rate is 100.0000 Hz
[INFO] [1788218763.444929159] [controller_server]: Passing new path to controller.
[WARN] [1788218764.427332564] [planner_server]: Planner loop missed its desired rate of 999999999.0000 Hz. Current loop rate is 100.0000 Hz
[INFO] [1788218764.444926795] [controller_server]: Passing new path to controller.
[WARN] [1788218765.457079458] [planner_server]: Planner loop missed its desired rate of 999999999.0000 Hz. Current loop rate is 100.0000 Hz
[INFO] [1788218765.478260419] [controller_server]: Passing new path to controller.
[WARN] [1788218766.519086859] [planner_server]: Planner loop missed its desired rate of 999999999.0000 Hz. Current loop rate is 25.0000 Hz
[INFO] [1788218766.544932397] [controller_server]: Passing new path to controller.
[INFO] [1788218767.578258916] [controller_server]: Passing new path to controller.
[WARN] [1788218768.556922886] [planner_server]: Planner loop missed its desired rate of 999999999.0000 Hz. Current loop rate is 100.0000 Hz
[INFO] [1788218768.578262984] [controller_server]: Passing new path to controller.
[WARN] [1788218769.587692236] [planner_server]: Planner loop missed its desired rate of 999999999.0000 Hz. Current loop rate is 100.0000 Hz
[INFO] [1788218769.611586499] [controller_server]: Passing new path to controller.
[WARN] [1788218770.152090905] [controller_server]: Control loop missed its desired rate of 30.0000 Hz. Current loop rate is 25.0000 Hz.
[WARN] [1788218770.254036539] [controller_server]: Control loop missed its desired rate of 30.0000 Hz. Current loop rate is 33.3333 Hz.
[WARN] [1788218770.357915955] [controller_server]: Control loop missed its desired rate of 30.0000 Hz. Current loop rate is 25.0000 Hz.
[WARN] [1788218770.461826902] [controller_server]: Control loop missed its desired rate of 30.0000 Hz. Current loop rate is 33.3333 Hz.
[WARN] [1788218770.556419375] [controller_server]: Control loop missed its desired rate of 30.0000 Hz. Current loop rate is 16.6667 Hz.
[WARN] [1788218770.633813073] [planner_server]: Planner loop missed its desired rate of 999999999.0000 Hz. Current loop rate is 33.3333 Hz
[WARN] [1788218770.664270777] [controller_server]: Control loop missed its desired rate of 30.0000 Hz. Current loop rate is 20.0000 Hz.
[INFO] [1788218770.664343078] [controller_server]: Passing new path to controller.
[WARN] [1788218770.751083271] [controller_server]: Control loop missed its desired rate of 30.0000 Hz. Current loop rate is 20.0000 Hz.
[WARN] [1788218770.853489043] [controller_server]: Control loop missed its desired rate of 30.0000 Hz. Current loop rate is 33.3333 Hz.
[WARN] [1788218770.954397190] [controller_server]: Control loop missed its desired rate of 30.0000 Hz. Current loop rate is 25.0000 Hz.
[WARN] [1788218771.059073554] [controller_server]: Control loop missed its desired rate of 30.0000 Hz. Current loop rate is 25.0000 Hz.
[WARN] [1788218771.159547743] [controller_server]: Control loop missed its desired rate of 30.0000 Hz. Current loop rate is 33.3333 Hz.
[WARN] [1788218771.461332685] [controller_server]: Control loop missed its desired rate of 30.0000 Hz. Current loop rate is 33.3333 Hz.
[WARN] [1788218771.551501093] [controller_server]: Control loop missed its desired rate of 30.0000 Hz. Current loop rate is 20.0000 Hz.
[WARN] [1788218771.653850193] [controller_server]: Control loop missed its desired rate of 30.0000 Hz. Current loop rate is 33.3333 Hz.
[WARN] [1788218771.676943856] [planner_server]: Planner loop missed its desired rate of 999999999.0000 Hz. Current loop rate is 50.0000 Hz
[INFO] [1788218771.720697793] [controller_server]: Passing new path to controller.
[WARN] [1788218771.855720735] [controller_server]: Control loop missed its desired rate of 30.0000 Hz. Current loop rate is 25.0000 Hz.
[WARN] [1788218772.056129528] [controller_server]: Control loop missed its desired rate of 30.0000 Hz. Current loop rate is 25.0000 Hz.
[WARN] [1788218772.158542908] [controller_server]: Control loop missed its desired rate of 30.0000 Hz. Current loop rate is 25.0000 Hz.
[WARN] [1788218772.706365153] [planner_server]: Planner loop missed its desired rate of 999999999.0000 Hz. Current loop rate is 100.0000 Hz
[INFO] [1788218772.725373200] [controller_server]: Passing new path to controller.
[INFO] [1788218773.758724096] [controller_server]: Passing new path to controller.
[WARN] [1788218774.769049813] [planner_server]: Planner loop missed its desired rate of 999999999.0000 Hz. Current loop rate is 100.0000 Hz
[INFO] [1788218774.792040411] [controller_server]: Passing new path to controller.
[WARN] [1788218775.775780206] [planner_server]: Planner loop missed its desired rate of 999999999.0000 Hz. Current loop rate is 100.0000 Hz
[INFO] [1788218775.792054891] [controller_server]: Passing new path to controller.
[WARN] [1788218776.808341113] [planner_server]: Planner loop missed its desired rate of 999999999.0000 Hz. Current loop rate is 100.0000 Hz
[INFO] [1788218776.825375513] [controller_server]: Passing new path to controller.
[INFO] [1788218777.858705512] [controller_server]: Passing new path to controller.
[WARN] [1788218778.857797000] [planner_server]: Planner loop missed its desired rate of 999999999.0000 Hz. Current loop rate is 100.0000 Hz
[INFO] [1788218778.892058940] [controller_server]: Passing new path to controller.
[INFO] [1788218779.892077988] [controller_server]: Passing new path to controller.
[INFO] [1788218780.154055646] [controller_server]: Reached the goal!
[INFO] [1788218780.154367012] [controller_server]: Optimizer reset
[ERROR] [1788218780.192386862] [bt_navigator_navigate_to_pose_rclcpp_node]: Failed to get result for vlm_node/query_bool in node halt!
[INFO] [1788218780.192669397] [bt_navigator]: Goal succeeded
[INFO] [1788218790.287462420] [local_costmap.local_costmap]: Received request to clear entirely the local_costmap
[INFO] [1788218790.290733569] [global_costmap.global_costmap]: Received request to clear entirely the global_costmap
[INFO] [1788218790.299814714] [bt_navigator]: Begin navigating from current location (-11.48, -27.18) to (38.10, -60.00)
[WARN] [1788218792.750783727] [planner_server]: Planner loop missed its desired rate of 999999999.0000 Hz. Current loop rate is 0.4082 Hz
[INFO] [1788218792.771335533] [controller_server]: Received a goal, begin computing control effort.
[WARN] [1788218793.151394991] [controller_server]: Control loop missed its desired rate of 30.0000 Hz. Current loop rate is 25.0000 Hz.
[WARN] [1788218793.260614505] [controller_server]: Control loop missed its desired rate of 30.0000 Hz. Current loop rate is 25.0000 Hz.
[WARN] [1788218793.663777313] [controller_server]: Control loop missed its desired rate of 30.0000 Hz. Current loop rate is 33.3333 Hz.
[WARN] [1788218793.754852235] [controller_server]: Control loop missed its desired rate of 30.0000 Hz. Current loop rate is 16.6667 Hz.
[WARN] [1788218793.859749510] [controller_server]: Control loop missed its desired rate of 30.0000 Hz. Current loop rate is 25.0000 Hz.
[WARN] [1788218793.961635250] [controller_server]: Control loop missed its desired rate of 30.0000 Hz. Current loop rate is 33.3333 Hz.
[WARN] [1788218794.051886450] [controller_server]: Control loop missed its desired rate of 30.0000 Hz. Current loop rate is 20.0000 Hz.
[WARN] [1788218794.352011149] [controller_server]: Control loop missed its desired rate of 30.0000 Hz. Current loop rate is 33.3333 Hz.
[WARN] [1788218794.458500241] [controller_server]: Control loop missed its desired rate of 30.0000 Hz. Current loop rate is 25.0000 Hz.
[WARN] [1788218794.560947318] [controller_server]: Control loop missed its desired rate of 30.0000 Hz. Current loop rate is 33.3333 Hz.
[WARN] [1788218795.593477024] [planner_server]: Planner loop missed its desired rate of 999999999.0000 Hz. Current loop rate is 0.5495 Hz
[INFO] [1788218795.627767318] [controller_server]: Passing new path to controller.
[WARN] [1788218797.867833903] [planner_server]: Planner loop missed its desired rate of 999999999.0000 Hz. Current loop rate is 0.7937 Hz
[INFO] [1788218797.894439779] [controller_server]: Passing new path to controller.
[INFO] [1788218799.368184657] [collision_monitor]: Robot to approach for 1.700000 seconds away from collision
[INFO] [1788218799.468151194] [collision_monitor]: Robot to continue normal operation
[INFO] [1788218799.518119742] [collision_monitor]: Robot to approach for 1.700000 seconds away from collision
[INFO] [1788218799.668157940] [collision_monitor]: Robot to continue normal operation
[WARN] [1788218799.783077877] [planner_server]: Planner loop missed its desired rate of 999999999.0000 Hz. Current loop rate is 1.1111 Hz
[INFO] [1788218799.827768597] [controller_server]: Passing new path to controller.
[WARN] [1788218803.805117480] [planner_server]: Planner loop missed its desired rate of 999999999.0000 Hz. Current loop rate is 0.3333 Hz
[INFO] [1788218803.827765911] [controller_server]: Passing new path to controller.
[WARN] [1788218806.162117522] [controller_server]: Control loop missed its desired rate of 30.0000 Hz. Current loop rate is 33.3333 Hz.
[WARN] [1788218806.254577362] [controller_server]: Control loop missed its desired rate of 30.0000 Hz. Current loop rate is 20.0000 Hz.
[WARN] [1788218807.267322154] [controller_server]: Control loop missed its desired rate of 30.0000 Hz. Current loop rate is 20.0000 Hz.
[WARN] [1788218807.365620942] [controller_server]: Control loop missed its desired rate of 30.0000 Hz. Current loop rate is 14.2857 Hz.
[WARN] [1788218807.455662111] [controller_server]: Control loop missed its desired rate of 30.0000 Hz. Current loop rate is 16.6667 Hz.
[WARN] [1788218807.557679031] [controller_server]: Control loop missed its desired rate of 30.0000 Hz. Current loop rate is 25.0000 Hz.
[WARN] [1788218807.674980367] [controller_server]: Control loop missed its desired rate of 30.0000 Hz. Current loop rate is 20.0000 Hz.
[WARN] [1788218807.755094934] [controller_server]: Control loop missed its desired rate of 30.0000 Hz. Current loop rate is 25.0000 Hz.
[WARN] [1788218807.862606881] [controller_server]: Control loop missed its desired rate of 30.0000 Hz. Current loop rate is 25.0000 Hz.
[WARN] [1788218807.864818304] [planner_server]: Planner loop missed its desired rate of 999999999.0000 Hz. Current loop rate is 0.3289 Hz
[INFO] [1788218807.896091828] [controller_server]: Passing new path to controller.
[WARN] [1788218807.955734300] [controller_server]: Control loop missed its desired rate of 30.0000 Hz. Current loop rate is 16.6667 Hz.
[WARN] [1788218808.064605306] [controller_server]: Control loop missed its desired rate of 30.0000 Hz. Current loop rate is 25.0000 Hz.
[WARN] [1788218808.158776001] [controller_server]: Control loop missed its desired rate of 30.0000 Hz. Current loop rate is 16.6667 Hz.
[WARN] [1788218808.261024023] [controller_server]: Control loop missed its desired rate of 30.0000 Hz. Current loop rate is 33.3333 Hz.
[WARN] [1788218808.363778664] [controller_server]: Control loop missed its desired rate of 30.0000 Hz. Current loop rate is 33.3333 Hz.
[WARN] [1788218808.455261507] [controller_server]: Control loop missed its desired rate of 30.0000 Hz. Current loop rate is 20.0000 Hz.
[WARN] [1788218810.351966452] [planner_server]: Planner loop missed its desired rate of 999999999.0000 Hz. Current loop rate is 0.6803 Hz
[INFO] [1788218810.388785310] [controller_server]: Passing new path to controller.
[WARN] [1788218814.280534984] [planner_server]: Planner loop missed its desired rate of 999999999.0000 Hz. Current loop rate is 0.3436 Hz
[INFO] [1788218814.322128206] [controller_server]: Passing new path to controller.
[WARN] [1788218816.803691724] [planner_server]: Planner loop missed its desired rate of 999999999.0000 Hz. Current loop rate is 0.6667 Hz
[INFO] [1788218816.822110030] [controller_server]: Passing new path to controller.
[WARN] [1788218820.696788433] [planner_server]: Planner loop missed its desired rate of 999999999.0000 Hz. Current loop rate is 0.3484 Hz
[INFO] [1788218820.722114073] [controller_server]: Passing new path to controller.
[WARN] [1788218822.442029604] [planner_server]: Planner loop missed its desired rate of 999999999.0000 Hz. Current loop rate is 1.3699 Hz
[INFO] [1788218822.488765080] [controller_server]: Passing new path to controller.
[WARN] [1788218826.415145507] [planner_server]: Planner loop missed its desired rate of 999999999.0000 Hz. Current loop rate is 0.3401 Hz
[INFO] [1788218826.455406991] [controller_server]: Passing new path to controller.
[WARN] [1788218828.524381832] [planner_server]: Planner loop missed its desired rate of 999999999.0000 Hz. Current loop rate is 0.9174 Hz
[INFO] [1788218828.555445311] [controller_server]: Passing new path to controller.
[WARN] [1788218830.324367945] [planner_server]: Planner loop missed its desired rate of 999999999.0000 Hz. Current loop rate is 1.2821 Hz
[INFO] [1788218830.355442127] [controller_server]: Passing new path to controller.
[WARN] [1788218832.578937623] [planner_server]: Planner loop missed its desired rate of 999999999.0000 Hz. Current loop rate is 0.8000 Hz
[INFO] [1788218832.622132051] [controller_server]: Passing new path to controller.
[WARN] [1788218835.211140861] [planner_server]: Planner loop missed its desired rate of 999999999.0000 Hz. Current loop rate is 0.6211 Hz
[INFO] [1788218835.255453710] [controller_server]: Passing new path to controller.
[WARN] [1788218837.021451651] [planner_server]: Planner loop missed its desired rate of 999999999.0000 Hz. Current loop rate is 1.2658 Hz
[INFO] [1788218837.055451586] [controller_server]: Passing new path to controller.
[WARN] [1788218838.138065006] [planner_server]: Planner loop missed its desired rate of 999999999.0000 Hz. Current loop rate is 10.0000 Hz
[INFO] [1788218838.155436622] [controller_server]: Passing new path to controller.
[WARN] [1788218839.856986986] [planner_server]: Planner loop missed its desired rate of 999999999.0000 Hz. Current loop rate is 1.4493 Hz
[INFO] [1788218839.888759048] [controller_server]: Passing new path to controller.
[WARN] [1788218841.298210446] [planner_server]: Planner loop missed its desired rate of 999999999.0000 Hz. Current loop rate is 2.3256 Hz
[INFO] [1788218841.322104774] [controller_server]: Passing new path to controller.
[WARN] [1788218842.558036512] [planner_server]: Planner loop missed its desired rate of 999999999.0000 Hz. Current loop rate is 4.1667 Hz
[INFO] [1788218842.588761736] [controller_server]: Passing new path to controller.
[WARN] [1788218843.730938017] [planner_server]: Planner loop missed its desired rate of 999999999.0000 Hz. Current loop rate is 6.2500 Hz
[INFO] [1788218843.755442210] [controller_server]: Passing new path to controller.
[WARN] [1788218844.949119047] [planner_server]: Planner loop missed its desired rate of 999999999.0000 Hz. Current loop rate is 5.2632 Hz
[INFO] [1788218844.988770645] [controller_server]: Passing new path to controller.
[WARN] [1788218846.124123376] [planner_server]: Planner loop missed its desired rate of 999999999.0000 Hz. Current loop rate is 6.6667 Hz
[INFO] [1788218846.155447519] [controller_server]: Passing new path to controller.
[WARN] [1788218847.165852461] [planner_server]: Planner loop missed its desired rate of 999999999.0000 Hz. Current loop rate is 50.0000 Hz
[INFO] [1788218847.188757465] [controller_server]: Passing new path to controller.
[INFO] [1788218848.222101611] [controller_server]: Passing new path to controller.
[INFO] [1788218849.255437198] [controller_server]: Passing new path to controller.
[INFO] [1788218850.255421002] [controller_server]: Passing new path to controller.
[INFO] [1788218851.288759576] [controller_server]: Passing new path to controller.
[WARN] [1788218852.308793241] [planner_server]: Planner loop missed its desired rate of 999999999.0000 Hz. Current loop rate is 100.0000 Hz
[INFO] [1788218852.322105481] [controller_server]: Passing new path to controller.
[INFO] [1788218853.355426854] [controller_server]: Passing new path to controller.
[INFO] [1788218854.388761985] [controller_server]: Passing new path to controller.
[INFO] [1788218855.422092344] [controller_server]: Passing new path to controller.
[WARN] [1788218856.405024215] [planner_server]: Planner loop missed its desired rate of 999999999.0000 Hz. Current loop rate is 100.0000 Hz
[INFO] [1788218856.422097129] [controller_server]: Passing new path to controller.
[WARN] [1788218857.435040994] [planner_server]: Planner loop missed its desired rate of 999999999.0000 Hz. Current loop rate is 100.0000 Hz
[INFO] [1788218857.455436452] [controller_server]: Passing new path to controller.
[INFO] [1788218858.488772432] [controller_server]: Passing new path to controller.
[INFO] [1788218859.522088558] [controller_server]: Passing new path to controller.
[INFO] [1788218860.522107593] [controller_server]: Passing new path to controller.
[INFO] [1788218861.555427170] [controller_server]: Passing new path to controller.
[INFO] [1788218862.588776012] [controller_server]: Passing new path to controller.
[WARN] [1788218863.575081742] [planner_server]: Planner loop missed its desired rate of 999999999.0000 Hz. Current loop rate is 50.0000 Hz
[INFO] [1788218863.622110289] [controller_server]: Passing new path to controller.
[INFO] [1788218864.622087417] [controller_server]: Passing new path to controller.
[INFO] [1788218865.655425322] [controller_server]: Passing new path to controller.
[INFO] [1788218866.688772282] [controller_server]: Passing new path to controller.
[INFO] [1788218867.722090864] [controller_server]: Passing new path to controller.
[INFO] [1788218868.755434750] [controller_server]: Passing new path to controller.
[INFO] [1788218869.755432938] [controller_server]: Passing new path to controller.
[INFO] [1788218870.788762428] [controller_server]: Passing new path to controller.
[WARN] [1788218871.858179215] [planner_server]: Planner loop missed its desired rate of 999999999.0000 Hz. Current loop rate is 14.2857 Hz
[INFO] [1788218871.888771936] [controller_server]: Passing new path to controller.
[INFO] [1788218872.922104143] [controller_server]: Passing new path to controller.
[INFO] [1788218873.922091015] [controller_server]: Passing new path to controller.
[INFO] [1788218874.955424404] [controller_server]: Passing new path to controller.
[INFO] [1788218875.988770543] [controller_server]: Passing new path to controller.
[INFO] [1788218877.022090453] [controller_server]: Passing new path to controller.
[INFO] [1788218878.022095162] [controller_server]: Passing new path to controller.
[INFO] [1788218879.055430242] [controller_server]: Passing new path to controller.
[INFO] [1788218879.598373312] [controller_server]: Reached the goal!
[INFO] [1788218879.598674479] [controller_server]: Optimizer reset
[ERROR] [1788218879.631986791] [bt_navigator_navigate_to_pose_rclcpp_node]: Failed to get result for vlm_node/query_bool in node halt!
[INFO] [1788218879.632304509] [bt_navigator]: Goal succeeded
[INFO] [1788218889.719848082] [local_costmap.local_costmap]: Received request to clear entirely the local_costmap
[INFO] [1788218889.722348170] [global_costmap.global_costmap]: Received request to clear entirely the global_costmap
[INFO] [1788218889.729934117] [bt_navigator]: Begin navigating from current location (38.30, -59.96) to (-33.50, -22.40)
[WARN] [1788218889.975478316] [planner_server]: Planner loop missed its desired rate of 999999999.0000 Hz. Current loop rate is 4.0000 Hz
[INFO] [1788218889.991672762] [controller_server]: Received a goal, begin computing control effort.
[WARN] [1788218891.038051255] [planner_server]: Planner loop missed its desired rate of 999999999.0000 Hz. Current loop rate is 25.0000 Hz
[INFO] [1788218891.058547403] [controller_server]: Passing new path to controller.
[WARN] [1788218892.094904741] [planner_server]: Planner loop missed its desired rate of 999999999.0000 Hz. Current loop rate is 25.0000 Hz
[INFO] [1788218892.125219309] [controller_server]: Passing new path to controller.
[WARN] [1788218893.143383688] [planner_server]: Planner loop missed its desired rate of 999999999.0000 Hz. Current loop rate is 25.0000 Hz
[INFO] [1788218893.191885622] [controller_server]: Passing new path to controller.
[WARN] [1788218894.205299956] [planner_server]: Planner loop missed its desired rate of 999999999.0000 Hz. Current loop rate is 25.0000 Hz
[INFO] [1788218894.225236143] [controller_server]: Passing new path to controller.
[WARN] [1788218895.263065543] [planner_server]: Planner loop missed its desired rate of 999999999.0000 Hz. Current loop rate is 25.0000 Hz
[INFO] [1788218895.291911120] [controller_server]: Passing new path to controller.
[WARN] [1788218896.332533982] [planner_server]: Planner loop missed its desired rate of 999999999.0000 Hz. Current loop rate is 16.6667 Hz
[INFO] [1788218896.358550833] [controller_server]: Passing new path to controller.
[WARN] [1788218897.394687636] [planner_server]: Planner loop missed its desired rate of 999999999.0000 Hz. Current loop rate is 25.0000 Hz
[INFO] [1788218897.425219824] [controller_server]: Passing new path to controller.
[WARN] [1788218898.440865710] [planner_server]: Planner loop missed its desired rate of 999999999.0000 Hz. Current loop rate is 33.3333 Hz
[INFO] [1788218898.491896412] [controller_server]: Passing new path to controller.
[WARN] [1788218899.501074860] [planner_server]: Planner loop missed its desired rate of 999999999.0000 Hz. Current loop rate is 33.3333 Hz
[INFO] [1788218899.525220619] [controller_server]: Passing new path to controller.
[WARN] [1788218900.558377886] [planner_server]: Planner loop missed its desired rate of 999999999.0000 Hz. Current loop rate is 33.3333 Hz
[INFO] [1788218900.591891527] [controller_server]: Passing new path to controller.
[WARN] [1788218901.600096848] [planner_server]: Planner loop missed its desired rate of 999999999.0000 Hz. Current loop rate is 50.0000 Hz
[INFO] [1788218901.625220202] [controller_server]: Passing new path to controller.
[WARN] [1788218902.639612733] [planner_server]: Planner loop missed its desired rate of 999999999.0000 Hz. Current loop rate is 50.0000 Hz
[INFO] [1788218902.658552041] [controller_server]: Passing new path to controller.
[WARN] [1788218903.681141088] [planner_server]: Planner loop missed its desired rate of 999999999.0000 Hz. Current loop rate is 50.0000 Hz
[INFO] [1788218903.725213053] [controller_server]: Passing new path to controller.
[WARN] [1788218904.748529081] [planner_server]: Planner loop missed its desired rate of 999999999.0000 Hz. Current loop rate is 25.0000 Hz
[INFO] [1788218904.791910270] [controller_server]: Passing new path to controller.
[WARN] [1788218905.924494737] [planner_server]: Planner loop missed its desired rate of 999999999.0000 Hz. Current loop rate is 6.2500 Hz
[INFO] [1788218905.958557597] [controller_server]: Passing new path to controller.
[WARN] [1788218906.968326771] [planner_server]: Planner loop missed its desired rate of 999999999.0000 Hz. Current loop rate is 50.0000 Hz
[INFO] [1788218906.991887581] [controller_server]: Passing new path to controller.
[WARN] [1788218907.999187608] [planner_server]: Planner loop missed its desired rate of 999999999.0000 Hz. Current loop rate is 50.0000 Hz
[INFO] [1788218908.025230399] [controller_server]: Passing new path to controller.
[WARN] [1788218909.027427044] [planner_server]: Planner loop missed its desired rate of 999999999.0000 Hz. Current loop rate is 50.0000 Hz
[INFO] [1788218909.058546438] [controller_server]: Passing new path to controller.
[WARN] [1788218910.062857464] [planner_server]: Planner loop missed its desired rate of 999999999.0000 Hz. Current loop rate is 50.0000 Hz
[INFO] [1788218910.091893409] [controller_server]: Passing new path to controller.
[WARN] [1788218911.127383252] [planner_server]: Planner loop missed its desired rate of 999999999.0000 Hz. Current loop rate is 20.0000 Hz
[INFO] [1788218911.158564208] [controller_server]: Passing new path to controller.
[WARN] [1788218912.176445181] [planner_server]: Planner loop missed its desired rate of 999999999.0000 Hz. Current loop rate is 33.3333 Hz
[INFO] [1788218912.191902331] [controller_server]: Passing new path to controller.
[WARN] [1788218913.213872232] [planner_server]: Planner loop missed its desired rate of 999999999.0000 Hz. Current loop rate is 100.0000 Hz
[INFO] [1788218913.258545325] [controller_server]: Passing new path to controller.
[WARN] [1788218914.245647929] [planner_server]: Planner loop missed its desired rate of 999999999.0000 Hz. Current loop rate is 100.0000 Hz
[INFO] [1788218914.291881590] [controller_server]: Passing new path to controller.
[WARN] [1788218915.328189476] [planner_server]: Planner loop missed its desired rate of 999999999.0000 Hz. Current loop rate is 16.6667 Hz
[INFO] [1788218915.358550476] [controller_server]: Passing new path to controller.
[WARN] [1788218916.417386196] [planner_server]: Planner loop missed its desired rate of 999999999.0000 Hz. Current loop rate is 16.6667 Hz
[INFO] [1788218916.458562107] [controller_server]: Passing new path to controller.
[WARN] [1788218917.490135152] [planner_server]: Planner loop missed its desired rate of 999999999.0000 Hz. Current loop rate is 20.0000 Hz
[INFO] [1788218917.525256699] [controller_server]: Passing new path to controller.
[WARN] [1788218918.530677972] [planner_server]: Planner loop missed its desired rate of 999999999.0000 Hz. Current loop rate is 50.0000 Hz
[INFO] [1788218918.558546745] [controller_server]: Passing new path to controller.
[WARN] [1788218919.580685631] [planner_server]: Planner loop missed its desired rate of 999999999.0000 Hz. Current loop rate is 50.0000 Hz
[INFO] [1788218919.625228227] [controller_server]: Passing new path to controller.
[WARN] [1788218920.622341787] [planner_server]: Planner loop missed its desired rate of 999999999.0000 Hz. Current loop rate is 50.0000 Hz
[INFO] [1788218920.658562503] [controller_server]: Passing new path to controller.
[WARN] [1788218921.669477055] [planner_server]: Planner loop missed its desired rate of 999999999.0000 Hz. Current loop rate is 33.3333 Hz
[INFO] [1788218921.691879697] [controller_server]: Passing new path to controller.
[WARN] [1788218922.695964081] [planner_server]: Planner loop missed its desired rate of 999999999.0000 Hz. Current loop rate is 100.0000 Hz
[INFO] [1788218922.725233600] [controller_server]: Passing new path to controller.
[WARN] [1788218923.748752594] [planner_server]: Planner loop missed its desired rate of 999999999.0000 Hz. Current loop rate is 25.0000 Hz
[INFO] [1788218923.791900911] [controller_server]: Passing new path to controller.
[WARN] [1788218924.923410276] [planner_server]: Planner loop missed its desired rate of 999999999.0000 Hz. Current loop rate is 6.6667 Hz
[INFO] [1788218924.958563610] [controller_server]: Passing new path to controller.
[WARN] [1788218925.967374374] [planner_server]: Planner loop missed its desired rate of 999999999.0000 Hz. Current loop rate is 100.0000 Hz
[INFO] [1788218925.991892691] [controller_server]: Passing new path to controller.
[WARN] [1788218926.996074499] [planner_server]: Planner loop missed its desired rate of 999999999.0000 Hz. Current loop rate is 100.0000 Hz
[INFO] [1788218927.025233220] [controller_server]: Passing new path to controller.
[WARN] [1788218928.029809954] [planner_server]: Planner loop missed its desired rate of 999999999.0000 Hz. Current loop rate is 33.3333 Hz
[INFO] [1788218928.058547735] [controller_server]: Passing new path to controller.
[WARN] [1788218929.056419083] [planner_server]: Planner loop missed its desired rate of 999999999.0000 Hz. Current loop rate is 100.0000 Hz
[INFO] [1788218929.091892089] [controller_server]: Passing new path to controller.
[WARN] [1788218930.094682322] [planner_server]: Planner loop missed its desired rate of 999999999.0000 Hz. Current loop rate is 50.0000 Hz
[INFO] [1788218930.125229929] [controller_server]: Passing new path to controller.
[WARN] [1788218931.176044903] [planner_server]: Planner loop missed its desired rate of 999999999.0000 Hz. Current loop rate is 14.2857 Hz
[INFO] [1788218931.191886871] [controller_server]: Passing new path to controller.
[WARN] [1788218932.224341473] [planner_server]: Planner loop missed its desired rate of 999999999.0000 Hz. Current loop rate is 33.3333 Hz
[INFO] [1788218932.258549291] [controller_server]: Passing new path to controller.
[WARN] [1788218933.261742093] [planner_server]: Planner loop missed its desired rate of 999999999.0000 Hz. Current loop rate is 50.0000 Hz
[INFO] [1788218933.291896642] [controller_server]: Passing new path to controller.
[WARN] [1788218934.348894579] [planner_server]: Planner loop missed its desired rate of 999999999.0000 Hz. Current loop rate is 16.6667 Hz
[INFO] [1788218934.391894435] [controller_server]: Passing new path to controller.
[WARN] [1788218935.451546475] [planner_server]: Planner loop missed its desired rate of 999999999.0000 Hz. Current loop rate is 12.5000 Hz
[INFO] [1788218935.491890126] [controller_server]: Passing new path to controller.
[WARN] [1788218936.499684729] [planner_server]: Planner loop missed its desired rate of 999999999.0000 Hz. Current loop rate is 50.0000 Hz
[INFO] [1788218936.525242407] [controller_server]: Passing new path to controller.
[WARN] [1788218937.548660059] [planner_server]: Planner loop missed its desired rate of 999999999.0000 Hz. Current loop rate is 20.0000 Hz
[INFO] [1788218937.591891484] [controller_server]: Passing new path to controller.
[WARN] [1788218938.583173699] [planner_server]: Planner loop missed its desired rate of 999999999.0000 Hz. Current loop rate is 100.0000 Hz
[INFO] [1788218938.625255986] [controller_server]: Passing new path to controller.
[WARN] [1788218939.609496532] [planner_server]: Planner loop missed its desired rate of 999999999.0000 Hz. Current loop rate is 100.0000 Hz
[INFO] [1788218939.625232440] [controller_server]: Passing new path to controller.
[INFO] [1788218940.658547400] [controller_server]: Passing new path to controller.
[WARN] [1788218941.661306387] [planner_server]: Planner loop missed its desired rate of 999999999.0000 Hz. Current loop rate is 100.0000 Hz
[INFO] [1788218941.691904888] [controller_server]: Passing new path to controller.
[WARN] [1788218942.690703957] [planner_server]: Planner loop missed its desired rate of 999999999.0000 Hz. Current loop rate is 100.0000 Hz
[INFO] [1788218942.725246643] [controller_server]: Passing new path to controller.
[WARN] [1788218943.715458127] [planner_server]: Planner loop missed its desired rate of 999999999.0000 Hz. Current loop rate is 100.0000 Hz
[INFO] [1788218943.758560381] [controller_server]: Passing new path to controller.
[INFO] [1788218944.758548087] [controller_server]: Passing new path to controller.
[INFO] [1788218945.791880426] [controller_server]: Passing new path to controller.
[WARN] [1788218946.815022472] [planner_server]: Planner loop missed its desired rate of 999999999.0000 Hz. Current loop rate is 33.3333 Hz
[INFO] [1788218946.858550382] [controller_server]: Passing new path to controller.
[INFO] [1788218947.858549714] [controller_server]: Passing new path to controller.
[INFO] [1788218948.891884058] [controller_server]: Passing new path to controller.
[INFO] [1788218949.925230901] [controller_server]: Passing new path to controller.
[WARN] [1788218950.904314505] [planner_server]: Planner loop missed its desired rate of 999999999.0000 Hz. Current loop rate is 100.0000 Hz
[INFO] [1788218950.925223682] [controller_server]: Passing new path to controller.
[WARN] [1788218951.934183247] [planner_server]: Planner loop missed its desired rate of 999999999.0000 Hz. Current loop rate is 100.0000 Hz
[INFO] [1788218951.958554763] [controller_server]: Passing new path to controller.
[INFO] [1788218952.991892256] [controller_server]: Passing new path to controller.
[INFO] [1788218954.025235043] [controller_server]: Passing new path to controller.
[WARN] [1788218954.463426389] [controller_server]: Control loop missed its desired rate of 30.0000 Hz. Current loop rate is 33.3333 Hz.
[WARN] [1788218954.552359279] [controller_server]: Control loop missed its desired rate of 30.0000 Hz. Current loop rate is 20.0000 Hz.
[WARN] [1788218954.652691740] [controller_server]: Control loop missed its desired rate of 30.0000 Hz. Current loop rate is 33.3333 Hz.
[WARN] [1788218954.753576672] [controller_server]: Control loop missed its desired rate of 30.0000 Hz. Current loop rate is 25.0000 Hz.
[WARN] [1788218955.004353466] [planner_server]: Planner loop missed its desired rate of 999999999.0000 Hz. Current loop rate is 100.0000 Hz
[WARN] [1788218955.054169457] [controller_server]: Control loop missed its desired rate of 30.0000 Hz. Current loop rate is 25.0000 Hz.
[INFO] [1788218955.054247048] [controller_server]: Passing new path to controller.
[WARN] [1788218955.256594316] [controller_server]: Control loop missed its desired rate of 30.0000 Hz. Current loop rate is 25.0000 Hz.
[WARN] [1788218955.960126260] [controller_server]: Control loop missed its desired rate of 30.0000 Hz. Current loop rate is 25.0000 Hz.
[WARN] [1788218956.034291290] [planner_server]: Planner loop missed its desired rate of 999999999.0000 Hz. Current loop rate is 100.0000 Hz
[INFO] [1788218956.060249903] [controller_server]: Passing new path to controller.
[WARN] [1788218956.360843638] [controller_server]: Control loop missed its desired rate of 30.0000 Hz. Current loop rate is 33.3333 Hz.
[WARN] [1788218956.466093990] [controller_server]: Control loop missed its desired rate of 30.0000 Hz. Current loop rate is 25.0000 Hz.
[WARN] [1788218956.550056486] [controller_server]: Control loop missed its desired rate of 30.0000 Hz. Current loop rate is 20.0000 Hz.
[INFO] [1788218957.083523381] [controller_server]: Passing new path to controller.
[INFO] [1788218958.116853054] [controller_server]: Passing new path to controller.
[INFO] [1788218959.150191255] [controller_server]: Passing new path to controller.
[WARN] [1788218960.145943926] [planner_server]: Planner loop missed its desired rate of 999999999.0000 Hz. Current loop rate is 100.0000 Hz
[INFO] [1788218960.183546691] [controller_server]: Passing new path to controller.
[WARN] [1788218960.277545878] [controller_server]: Control loop missed its desired rate of 30.0000 Hz. Current loop rate is 14.2857 Hz.
[WARN] [1788218960.352369915] [controller_server]: Control loop missed its desired rate of 30.0000 Hz. Current loop rate is 25.0000 Hz.
[WARN] [1788218960.474260611] [controller_server]: Control loop missed its desired rate of 30.0000 Hz. Current loop rate is 16.6667 Hz.
[WARN] [1788218960.574895402] [controller_server]: Control loop missed its desired rate of 30.0000 Hz. Current loop rate is 14.2857 Hz.
[WARN] [1788218960.672975818] [controller_server]: Control loop missed its desired rate of 30.0000 Hz. Current loop rate is 16.6667 Hz.
[WARN] [1788218960.777628904] [controller_server]: Control loop missed its desired rate of 30.0000 Hz. Current loop rate is 14.2857 Hz.
[WARN] [1788218960.877031527] [controller_server]: Control loop missed its desired rate of 30.0000 Hz. Current loop rate is 14.2857 Hz.
[WARN] [1788218960.975693371] [controller_server]: Control loop missed its desired rate of 30.0000 Hz. Current loop rate is 14.2857 Hz.
[WARN] [1788218961.072379095] [controller_server]: Control loop missed its desired rate of 30.0000 Hz. Current loop rate is 16.6667 Hz.
[WARN] [1788218961.168133536] [controller_server]: Control loop missed its desired rate of 30.0000 Hz. Current loop rate is 20.0000 Hz.
[WARN] [1788218961.176102680] [planner_server]: Planner loop missed its desired rate of 999999999.0000 Hz. Current loop rate is 100.0000 Hz
[INFO] [1788218961.201603976] [controller_server]: Passing new path to controller.
[WARN] [1788218961.261313783] [controller_server]: Control loop missed its desired rate of 30.0000 Hz. Current loop rate is 16.6667 Hz.
[WARN] [1788218961.387945442] [controller_server]: Control loop missed its desired rate of 30.0000 Hz. Current loop rate is 16.6667 Hz.
[WARN] [1788218961.464904255] [controller_server]: Control loop missed its desired rate of 30.0000 Hz. Current loop rate is 20.0000 Hz.
[WARN] [1788218961.565551637] [controller_server]: Control loop missed its desired rate of 30.0000 Hz. Current loop rate is 14.2857 Hz.
[WARN] [1788218961.668757275] [controller_server]: Control loop missed its desired rate of 30.0000 Hz. Current loop rate is 14.2857 Hz.
[WARN] [1788218961.767121457] [controller_server]: Control loop missed its desired rate of 30.0000 Hz. Current loop rate is 14.2857 Hz.
[WARN] [1788218961.868770766] [controller_server]: Control loop missed its desired rate of 30.0000 Hz. Current loop rate is 14.2857 Hz.
[WARN] [1788218961.970928113] [controller_server]: Control loop missed its desired rate of 30.0000 Hz. Current loop rate is 14.2857 Hz.
[WARN] [1788218962.065438660] [controller_server]: Control loop missed its desired rate of 30.0000 Hz. Current loop rate is 16.6667 Hz.
[WARN] [1788218962.165040751] [controller_server]: Control loop missed its desired rate of 30.0000 Hz. Current loop rate is 14.2857 Hz.
[WARN] [1788218962.208293146] [planner_server]: Planner loop missed its desired rate of 999999999.0000 Hz. Current loop rate is 100.0000 Hz
[WARN] [1788218962.273409293] [controller_server]: Control loop missed its desired rate of 30.0000 Hz. Current loop rate is 14.2857 Hz.
[INFO] [1788218962.273491543] [controller_server]: Passing new path to controller.
[INFO] [1788218963.273542276] [controller_server]: Passing new path to controller.
[WARN] [1788218964.253964607] [planner_server]: Planner loop missed its desired rate of 999999999.0000 Hz. Current loop rate is 100.0000 Hz
[INFO] [1788218964.273563656] [controller_server]: Passing new path to controller.
[WARN] [1788218965.316384794] [planner_server]: Planner loop missed its desired rate of 999999999.0000 Hz. Current loop rate is 25.0000 Hz
[INFO] [1788218965.340193267] [controller_server]: Passing new path to controller.
[INFO] [1788218966.373575452] [controller_server]: Passing new path to controller.
[WARN] [1788218966.860819900] [controller_server]: Control loop missed its desired rate of 30.0000 Hz. Current loop rate is 20.0000 Hz.
[WARN] [1788218966.968382840] [controller_server]: Control loop missed its desired rate of 30.0000 Hz. Current loop rate is 25.0000 Hz.
[WARN] [1788218967.063183413] [controller_server]: Control loop missed its desired rate of 30.0000 Hz. Current loop rate is 16.6667 Hz.
[WARN] [1788218967.158722104] [controller_server]: Control loop missed its desired rate of 30.0000 Hz. Current loop rate is 16.6667 Hz.
[WARN] [1788218967.392857614] [planner_server]: Planner loop missed its desired rate of 999999999.0000 Hz. Current loop rate is 33.3333 Hz
[INFO] [1788218967.425508205] [controller_server]: Passing new path to controller.
[WARN] [1788218967.561098873] [controller_server]: Control loop missed its desired rate of 30.0000 Hz. Current loop rate is 25.0000 Hz.
[WARN] [1788218967.663974338] [controller_server]: Control loop missed its desired rate of 30.0000 Hz. Current loop rate is 20.0000 Hz.
[WARN] [1788218967.759376955] [controller_server]: Control loop missed its desired rate of 30.0000 Hz. Current loop rate is 16.6667 Hz.
[WARN] [1788218967.866309165] [controller_server]: Control loop missed its desired rate of 30.0000 Hz. Current loop rate is 20.0000 Hz.
[WARN] [1788218967.959699153] [controller_server]: Control loop missed its desired rate of 30.0000 Hz. Current loop rate is 16.6667 Hz.
[WARN] [1788218968.060093364] [controller_server]: Control loop missed its desired rate of 30.0000 Hz. Current loop rate is 33.3333 Hz.
[WARN] [1788218968.160433612] [controller_server]: Control loop missed its desired rate of 30.0000 Hz. Current loop rate is 25.0000 Hz.
[WARN] [1788218968.263646889] [controller_server]: Control loop missed its desired rate of 30.0000 Hz. Current loop rate is 25.0000 Hz.
[WARN] [1788218968.354095703] [controller_server]: Control loop missed its desired rate of 30.0000 Hz. Current loop rate is 16.6667 Hz.
[WARN] [1788218968.418048288] [planner_server]: Planner loop missed its desired rate of 999999999.0000 Hz. Current loop rate is 100.0000 Hz
[WARN] [1788218968.458099656] [controller_server]: Control loop missed its desired rate of 30.0000 Hz. Current loop rate is 25.0000 Hz.
[INFO] [1788218968.458160778] [controller_server]: Passing new path to controller.
[WARN] [1788218968.559166788] [controller_server]: Control loop missed its desired rate of 30.0000 Hz. Current loop rate is 25.0000 Hz.
[WARN] [1788218968.663075831] [controller_server]: Control loop missed its desired rate of 30.0000 Hz. Current loop rate is 33.3333 Hz.
[WARN] [1788218968.761490868] [controller_server]: Control loop missed its desired rate of 30.0000 Hz. Current loop rate is 16.6667 Hz.
[WARN] [1788218968.853989489] [controller_server]: Control loop missed its desired rate of 30.0000 Hz. Current loop rate is 16.6667 Hz.
[WARN] [1788218968.965141082] [controller_server]: Control loop missed its desired rate of 30.0000 Hz. Current loop rate is 20.0000 Hz.
[WARN] [1788218969.444058675] [planner_server]: Planner loop missed its desired rate of 999999999.0000 Hz. Current loop rate is 100.0000 Hz
[INFO] [1788218969.465288771] [controller_server]: Passing new path to controller.
[INFO] [1788218970.498624673] [controller_server]: Passing new path to controller.
[ERROR] [1788218971.003605782] [controller_server]: Failed to make progress
[INFO] [1788218971.003916545] [controller_server]: Optimizer reset
[WARN] [1788218971.003926334] [controller_server]: [follow_path] [ActionServer] Aborting handle.
[INFO] [1788218971.020457913] [local_costmap.local_costmap]: Received request to clear entirely the local_costmap
[INFO] [1788218971.023745507] [controller_server]: Received a goal, begin computing control effort.
[WARN] [1788218971.159877234] [controller_server]: Control loop missed its desired rate of 30.0000 Hz. Current loop rate is 7.1429 Hz.
[WARN] [1788218971.465791427] [controller_server]: Control loop missed its desired rate of 30.0000 Hz. Current loop rate is 25.0000 Hz.
[WARN] [1788218971.506539572] [planner_server]: Planner loop missed its desired rate of 999999999.0000 Hz. Current loop rate is 100.0000 Hz
[WARN] [1788218971.551957580] [controller_server]: Control loop missed its desired rate of 30.0000 Hz. Current loop rate is 20.0000 Hz.
[INFO] [1788218971.552022462] [controller_server]: Passing new path to controller.
[WARN] [1788218971.668576357] [controller_server]: Control loop missed its desired rate of 30.0000 Hz. Current loop rate is 20.0000 Hz.
[WARN] [1788218971.751328012] [controller_server]: Control loop missed its desired rate of 30.0000 Hz. Current loop rate is 20.0000 Hz.
[WARN] [1788218971.859783208] [controller_server]: Control loop missed its desired rate of 30.0000 Hz. Current loop rate is 25.0000 Hz.
[WARN] [1788218971.966328368] [controller_server]: Control loop missed its desired rate of 30.0000 Hz. Current loop rate is 20.0000 Hz.
[WARN] [1788218972.058691293] [controller_server]: Control loop missed its desired rate of 30.0000 Hz. Current loop rate is 16.6667 Hz.
[WARN] [1788218972.159754547] [controller_server]: Control loop missed its desired rate of 30.0000 Hz. Current loop rate is 25.0000 Hz.
[WARN] [1788218972.273845539] [controller_server]: Control loop missed its desired rate of 30.0000 Hz. Current loop rate is 16.6667 Hz.
[WARN] [1788218972.344792224] [controller_server]: Control loop missed its desired rate of 30.0000 Hz. Current loop rate is 25.0000 Hz.
[WARN] [1788218972.454527754] [controller_server]: Control loop missed its desired rate of 30.0000 Hz. Current loop rate is 20.0000 Hz.
[INFO] [1788218972.554657368] [controller_server]: Passing new path to controller.
[WARN] [1788218972.654774093] [controller_server]: Control loop missed its desired rate of 30.0000 Hz. Current loop rate is 25.0000 Hz.
[WARN] [1788218972.756521317] [controller_server]: Control loop missed its desired rate of 30.0000 Hz. Current loop rate is 25.0000 Hz.
[INFO] [1788218973.559476648] [controller_server]: Reached the goal!
[INFO] [1788218973.559694153] [controller_server]: Optimizer reset
[ERROR] [1788218973.591444736] [bt_navigator_navigate_to_pose_rclcpp_node]: Failed to get result for vlm_node/query_bool in node halt!
[INFO] [1788218973.591731303] [bt_navigator]: Goal succeeded
[INFO] [1788218983.595493591] [local_costmap.local_costmap]: Received request to clear entirely the local_costmap
[INFO] [1788218983.610343485] [global_costmap.global_costmap]: Received request to clear entirely the global_costmap
[INFO] [1788218983.618545529] [bt_navigator]: Begin navigating from current location (-33.63, -22.60) to (9.00, -52.55)
[WARN] [1788218984.003890507] [planner_server]: Planner loop missed its desired rate of 999999999.0000 Hz. Current loop rate is 2.5641 Hz
[INFO] [1788218984.019497083] [controller_server]: Received a goal, begin computing control effort.
[WARN] [1788218985.082976530] [planner_server]: Planner loop missed its desired rate of 999999999.0000 Hz. Current loop rate is 20.0000 Hz
[INFO] [1788218985.119653362] [controller_server]: Passing new path to controller.
[WARN] [1788218986.163362156] [planner_server]: Planner loop missed its desired rate of 999999999.0000 Hz. Current loop rate is 16.6667 Hz
[INFO] [1788218986.186317708] [controller_server]: Passing new path to controller.
[WARN] [1788218987.248314988] [planner_server]: Planner loop missed its desired rate of 999999999.0000 Hz. Current loop rate is 16.6667 Hz
[INFO] [1788218987.286337717] [controller_server]: Passing new path to controller.
[WARN] [1788218988.308298504] [planner_server]: Planner loop missed its desired rate of 999999999.0000 Hz. Current loop rate is 20.0000 Hz
[INFO] [1788218988.319669992] [controller_server]: Passing new path to controller.
[WARN] [1788218989.377386843] [planner_server]: Planner loop missed its desired rate of 999999999.0000 Hz. Current loop rate is 20.0000 Hz
[INFO] [1788218989.419651416] [controller_server]: Passing new path to controller.
[WARN] [1788218990.448219951] [planner_server]: Planner loop missed its desired rate of 999999999.0000 Hz. Current loop rate is 25.0000 Hz
[INFO] [1788218990.486336513] [controller_server]: Passing new path to controller.
[WARN] [1788218991.506888658] [planner_server]: Planner loop missed its desired rate of 999999999.0000 Hz. Current loop rate is 20.0000 Hz
[INFO] [1788218991.519668560] [controller_server]: Passing new path to controller.
[WARN] [1788218992.568452319] [planner_server]: Planner loop missed its desired rate of 999999999.0000 Hz. Current loop rate is 25.0000 Hz
[INFO] [1788218992.619657581] [controller_server]: Passing new path to controller.
[WARN] [1788218993.643178538] [planner_server]: Planner loop missed its desired rate of 999999999.0000 Hz. Current loop rate is 25.0000 Hz
[INFO] [1788218993.686325135] [controller_server]: Passing new path to controller.
[WARN] [1788218994.694093646] [planner_server]: Planner loop missed its desired rate of 999999999.0000 Hz. Current loop rate is 33.3333 Hz
[INFO] [1788218994.719661444] [controller_server]: Passing new path to controller.
[WARN] [1788218995.738081860] [planner_server]: Planner loop missed its desired rate of 999999999.0000 Hz. Current loop rate is 25.0000 Hz
[INFO] [1788218995.752990969] [controller_server]: Passing new path to controller.
[WARN] [1788218996.833999435] [planner_server]: Planner loop missed its desired rate of 999999999.0000 Hz. Current loop rate is 12.5000 Hz
[INFO] [1788218996.853002839] [controller_server]: Passing new path to controller.
[WARN] [1788218996.956243262] [controller_server]: Control loop missed its desired rate of 30.0000 Hz. Current loop rate is 25.0000 Hz.
[WARN] [1788218997.358754647] [controller_server]: Control loop missed its desired rate of 30.0000 Hz. Current loop rate is 25.0000 Hz.
[WARN] [1788218997.659768911] [controller_server]: Control loop missed its desired rate of 30.0000 Hz. Current loop rate is 33.3333 Hz.
[WARN] [1788218997.762757566] [controller_server]: Control loop missed its desired rate of 30.0000 Hz. Current loop rate is 33.3333 Hz.
[WARN] [1788218997.849673771] [controller_server]: Control loop missed its desired rate of 30.0000 Hz. Current loop rate is 20.0000 Hz.
[WARN] [1788218997.939507380] [planner_server]: Planner loop missed its desired rate of 999999999.0000 Hz. Current loop rate is 12.5000 Hz
[WARN] [1788218997.950962206] [controller_server]: Control loop missed its desired rate of 30.0000 Hz. Current loop rate is 33.3333 Hz.
[INFO] [1788218997.984450246] [controller_server]: Passing new path to controller.
[WARN] [1788218998.352538858] [controller_server]: Control loop missed its desired rate of 30.0000 Hz. Current loop rate is 33.3333 Hz.
[WARN] [1788218999.039144900] [planner_server]: Planner loop missed its desired rate of 999999999.0000 Hz. Current loop rate is 14.2857 Hz
[INFO] [1788218999.052687099] [controller_server]: Passing new path to controller.
[WARN] [1788219000.090304855] [planner_server]: Planner loop missed its desired rate of 999999999.0000 Hz. Current loop rate is 25.0000 Hz
[INFO] [1788219000.119342962] [controller_server]: Passing new path to controller.
[WARN] [1788219001.148125781] [planner_server]: Planner loop missed its desired rate of 999999999.0000 Hz. Current loop rate is 25.0000 Hz
[INFO] [1788219001.186000588] [controller_server]: Passing new path to controller.
[WARN] [1788219002.177963550] [planner_server]: Planner loop missed its desired rate of 999999999.0000 Hz. Current loop rate is 33.3333 Hz
[INFO] [1788219002.219339594] [controller_server]: Passing new path to controller.
[WARN] [1788219003.216343953] [planner_server]: Planner loop missed its desired rate of 999999999.0000 Hz. Current loop rate is 33.3333 Hz
[INFO] [1788219003.252679691] [controller_server]: Passing new path to controller.
[WARN] [1788219004.241784419] [planner_server]: Planner loop missed its desired rate of 999999999.0000 Hz. Current loop rate is 100.0000 Hz
[INFO] [1788219004.286022666] [controller_server]: Passing new path to controller.
[WARN] [1788219005.275515213] [planner_server]: Planner loop missed its desired rate of 999999999.0000 Hz. Current loop rate is 50.0000 Hz
[INFO] [1788219005.319348641] [controller_server]: Passing new path to controller.
[WARN] [1788219006.331527169] [planner_server]: Planner loop missed its desired rate of 999999999.0000 Hz. Current loop rate is 25.0000 Hz
[INFO] [1788219006.352685250] [controller_server]: Passing new path to controller.
[WARN] [1788219007.376116799] [planner_server]: Planner loop missed its desired rate of 999999999.0000 Hz. Current loop rate is 33.3333 Hz
[INFO] [1788219007.419333338] [controller_server]: Passing new path to controller.
[WARN] [1788219008.408063097] [planner_server]: Planner loop missed its desired rate of 999999999.0000 Hz. Current loop rate is 50.0000 Hz
[INFO] [1788219008.419336167] [controller_server]: Passing new path to controller.
[WARN] [1788219009.443377169] [planner_server]: Planner loop missed its desired rate of 999999999.0000 Hz. Current loop rate is 100.0000 Hz
[INFO] [1788219009.486015313] [controller_server]: Passing new path to controller.
[WARN] [1788219010.484062976] [planner_server]: Planner loop missed its desired rate of 999999999.0000 Hz. Current loop rate is 50.0000 Hz
[INFO] [1788219010.519336350] [controller_server]: Passing new path to controller.
[WARN] [1788219011.545855486] [planner_server]: Planner loop missed its desired rate of 999999999.0000 Hz. Current loop rate is 25.0000 Hz
[INFO] [1788219011.586011592] [controller_server]: Passing new path to controller.
[WARN] [1788219012.632256079] [planner_server]: Planner loop missed its desired rate of 999999999.0000 Hz. Current loop rate is 16.6667 Hz
[INFO] [1788219012.652684656] [controller_server]: Passing new path to controller.
[WARN] [1788219013.676613705] [planner_server]: Planner loop missed its desired rate of 999999999.0000 Hz. Current loop rate is 50.0000 Hz
[INFO] [1788219013.719334463] [controller_server]: Passing new path to controller.
[WARN] [1788219014.708562093] [planner_server]: Planner loop missed its desired rate of 999999999.0000 Hz. Current loop rate is 50.0000 Hz
[INFO] [1788219014.719339060] [controller_server]: Passing new path to controller.
[INFO] [1788219015.752668535] [controller_server]: Passing new path to controller.
[INFO] [1788219016.786014296] [controller_server]: Passing new path to controller.
[WARN] [1788219017.815610113] [planner_server]: Planner loop missed its desired rate of 999999999.0000 Hz. Current loop rate is 33.3333 Hz
[INFO] [1788219017.852679467] [controller_server]: Passing new path to controller.
[INFO] [1788219018.852681861] [controller_server]: Passing new path to controller.
[INFO] [1788219019.886005574] [controller_server]: Passing new path to controller.
[INFO] [1788219020.919334775] [controller_server]: Passing new path to controller.
[INFO] [1788219021.952677053] [controller_server]: Passing new path to controller.
[INFO] [1788219022.986016496] [controller_server]: Passing new path to controller.
[INFO] [1788219023.986006788] [controller_server]: Passing new path to controller.
[INFO] [1788219025.019344033] [controller_server]: Passing new path to controller.
[INFO] [1788219026.052676265] [controller_server]: Passing new path to controller.
[INFO] [1788219027.086036763] [controller_server]: Passing new path to controller.
[INFO] [1788219028.086004179] [controller_server]: Passing new path to controller.
[INFO] [1788219029.119335210] [controller_server]: Passing new path to controller.
[INFO] [1788219030.152681003] [controller_server]: Passing new path to controller.
[INFO] [1788219031.152665037] [controller_server]: Passing new path to controller.
[INFO] [1788219032.186017199] [controller_server]: Passing new path to controller.
[INFO] [1788219033.219359910] [controller_server]: Passing new path to controller.
[INFO] [1788219034.252665802] [controller_server]: Passing new path to controller.
[INFO] [1788219035.252667101] [controller_server]: Passing new path to controller.
[INFO] [1788219036.286019785] [controller_server]: Passing new path to controller.
[INFO] [1788219037.393990581] [controller_server]: Reached the goal!
[INFO] [1788219037.394300564] [controller_server]: Optimizer reset
[WARN] [1788219037.396280869] [planner_server]: Planner loop missed its desired rate of 999999999.0000 Hz. Current loop rate is 7.6923 Hz
[INFO] [1788219037.399533941] [controller_server]: Received a goal, begin computing control effort.
[INFO] [1788219037.441377670] [controller_server]: Reached the goal!
[INFO] [1788219037.441583332] [controller_server]: Optimizer reset
[ERROR] [1788219037.480540296] [bt_navigator_navigate_to_pose_rclcpp_node]: Failed to get result for vlm_node/query_bool in node halt!
[INFO] [1788219037.480868227] [bt_navigator]: Goal succeeded
[INFO] [1788219047.545615283] [local_costmap.local_costmap]: Received request to clear entirely the local_costmap
[INFO] [1788219047.548353491] [global_costmap.global_costmap]: Received request to clear entirely the global_costmap
[INFO] [1788219047.557419044] [bt_navigator]: Begin navigating from current location (8.97, -52.33) to (-41.50, -8.10)
[WARN] [1788219047.966048322] [planner_server]: Planner loop missed its desired rate of 999999999.0000 Hz. Current loop rate is 2.4390 Hz
[INFO] [1788219047.978450532] [controller_server]: Received a goal, begin computing control effort.
[WARN] [1788219049.010754506] [planner_server]: Planner loop missed its desired rate of 999999999.0000 Hz. Current loop rate is 50.0000 Hz
[INFO] [1788219049.045238531] [controller_server]: Passing new path to controller.
[WARN] [1788219050.051805088] [planner_server]: Planner loop missed its desired rate of 999999999.0000 Hz. Current loop rate is 50.0000 Hz
[INFO] [1788219050.078608278] [controller_server]: Passing new path to controller.
[WARN] [1788219051.087564307] [planner_server]: Planner loop missed its desired rate of 999999999.0000 Hz. Current loop rate is 50.0000 Hz
[INFO] [1788219051.111925250] [controller_server]: Passing new path to controller.
[WARN] [1788219052.141115653] [planner_server]: Planner loop missed its desired rate of 999999999.0000 Hz. Current loop rate is 50.0000 Hz
[INFO] [1788219052.178594669] [controller_server]: Passing new path to controller.
[WARN] [1788219053.176150669] [planner_server]: Planner loop missed its desired rate of 999999999.0000 Hz. Current loop rate is 33.3333 Hz
[INFO] [1788219053.211940097] [controller_server]: Passing new path to controller.
[WARN] [1788219054.208098525] [planner_server]: Planner loop missed its desired rate of 999999999.0000 Hz. Current loop rate is 50.0000 Hz
[INFO] [1788219054.245259113] [controller_server]: Passing new path to controller.
[WARN] [1788219055.259637761] [planner_server]: Planner loop missed its desired rate of 999999999.0000 Hz. Current loop rate is 33.3333 Hz
[INFO] [1788219055.278622989] [controller_server]: Passing new path to controller.
[WARN] [1788219056.325483449] [planner_server]: Planner loop missed its desired rate of 999999999.0000 Hz. Current loop rate is 25.0000 Hz
[INFO] [1788219056.345266609] [controller_server]: Passing new path to controller.
[WARN] [1788219057.366054450] [planner_server]: Planner loop missed its desired rate of 999999999.0000 Hz. Current loop rate is 50.0000 Hz
[INFO] [1788219057.378608892] [controller_server]: Passing new path to controller.
[WARN] [1788219058.414668526] [planner_server]: Planner loop missed its desired rate of 999999999.0000 Hz. Current loop rate is 33.3333 Hz
[INFO] [1788219058.445259697] [controller_server]: Passing new path to controller.
[WARN] [1788219059.451168374] [planner_server]: Planner loop missed its desired rate of 999999999.0000 Hz. Current loop rate is 50.0000 Hz
[INFO] [1788219059.478601060] [controller_server]: Passing new path to controller.
[WARN] [1788219060.494327838] [planner_server]: Planner loop missed its desired rate of 999999999.0000 Hz. Current loop rate is 33.3333 Hz
[INFO] [1788219060.511928500] [controller_server]: Passing new path to controller.
[WARN] [1788219061.567342726] [planner_server]: Planner loop missed its desired rate of 999999999.0000 Hz. Current loop rate is 20.0000 Hz
[INFO] [1788219061.611940315] [controller_server]: Passing new path to controller.
[WARN] [1788219062.627628525] [planner_server]: Planner loop missed its desired rate of 999999999.0000 Hz. Current loop rate is 25.0000 Hz
[INFO] [1788219062.645252058] [controller_server]: Passing new path to controller.
[WARN] [1788219063.689970052] [planner_server]: Planner loop missed its desired rate of 999999999.0000 Hz. Current loop rate is 25.0000 Hz
[INFO] [1788219063.711944868] [controller_server]: Passing new path to controller.
[WARN] [1788219064.734186723] [planner_server]: Planner loop missed its desired rate of 999999999.0000 Hz. Current loop rate is 100.0000 Hz
[INFO] [1788219064.778607502] [controller_server]: Passing new path to controller.
[WARN] [1788219065.774477149] [planner_server]: Planner loop missed its desired rate of 999999999.0000 Hz. Current loop rate is 50.0000 Hz
[INFO] [1788219065.811940367] [controller_server]: Passing new path to controller.
[WARN] [1788219066.835988543] [planner_server]: Planner loop missed its desired rate of 999999999.0000 Hz. Current loop rate is 20.0000 Hz
[INFO] [1788219066.878595674] [controller_server]: Passing new path to controller.
[WARN] [1788219067.881743375] [planner_server]: Planner loop missed its desired rate of 999999999.0000 Hz. Current loop rate is 50.0000 Hz
[INFO] [1788219067.911928534] [controller_server]: Passing new path to controller.
[WARN] [1788219068.917968486] [planner_server]: Planner loop missed its desired rate of 999999999.0000 Hz. Current loop rate is 50.0000 Hz
[INFO] [1788219068.945234570] [controller_server]: Passing new path to controller.
[WARN] [1788219069.964704892] [planner_server]: Planner loop missed its desired rate of 999999999.0000 Hz. Current loop rate is 50.0000 Hz
[INFO] [1788219069.978606693] [controller_server]: Passing new path to controller.
[WARN] [1788219071.030135588] [planner_server]: Planner loop missed its desired rate of 999999999.0000 Hz. Current loop rate is 25.0000 Hz
[INFO] [1788219071.078604355] [controller_server]: Passing new path to controller.
[WARN] [1788219072.121132668] [planner_server]: Planner loop missed its desired rate of 999999999.0000 Hz. Current loop rate is 16.6667 Hz
[INFO] [1788219072.145268487] [controller_server]: Passing new path to controller.
[WARN] [1788219073.171054668] [planner_server]: Planner loop missed its desired rate of 999999999.0000 Hz. Current loop rate is 50.0000 Hz
[INFO] [1788219073.211943789] [controller_server]: Passing new path to controller.
[WARN] [1788219074.210975287] [planner_server]: Planner loop missed its desired rate of 999999999.0000 Hz. Current loop rate is 50.0000 Hz
[INFO] [1788219074.245265618] [controller_server]: Passing new path to controller.
[WARN] [1788219075.382800590] [planner_server]: Planner loop missed its desired rate of 999999999.0000 Hz. Current loop rate is 6.6667 Hz
[INFO] [1788219075.411941608] [controller_server]: Passing new path to controller.
[WARN] [1788219076.425656182] [planner_server]: Planner loop missed its desired rate of 999999999.0000 Hz. Current loop rate is 25.0000 Hz
[INFO] [1788219076.445453497] [controller_server]: Passing new path to controller.
[WARN] [1788219077.641574731] [planner_server]: Planner loop missed its desired rate of 999999999.0000 Hz. Current loop rate is 5.0000 Hz
[INFO] [1788219077.678599903] [controller_server]: Passing new path to controller.
[WARN] [1788219078.735278139] [planner_server]: Planner loop missed its desired rate of 999999999.0000 Hz. Current loop rate is 11.1111 Hz
[INFO] [1788219078.778597298] [controller_server]: Passing new path to controller.
[WARN] [1788219079.772431605] [planner_server]: Planner loop missed its desired rate of 999999999.0000 Hz. Current loop rate is 50.0000 Hz
[INFO] [1788219079.811939439] [controller_server]: Passing new path to controller.
[WARN] [1788219080.824988513] [planner_server]: Planner loop missed its desired rate of 999999999.0000 Hz. Current loop rate is 25.0000 Hz
[INFO] [1788219080.845233650] [controller_server]: Passing new path to controller.
[WARN] [1788219081.867499012] [planner_server]: Planner loop missed its desired rate of 999999999.0000 Hz. Current loop rate is 50.0000 Hz
[INFO] [1788219081.878604493] [controller_server]: Passing new path to controller.
[WARN] [1788219082.895896017] [planner_server]: Planner loop missed its desired rate of 999999999.0000 Hz. Current loop rate is 50.0000 Hz
[INFO] [1788219082.911947162] [controller_server]: Passing new path to controller.
[WARN] [1788219083.927528517] [planner_server]: Planner loop missed its desired rate of 999999999.0000 Hz. Current loop rate is 100.0000 Hz
[INFO] [1788219083.978606537] [controller_server]: Passing new path to controller.
[WARN] [1788219084.966465064] [planner_server]: Planner loop missed its desired rate of 999999999.0000 Hz. Current loop rate is 100.0000 Hz
[INFO] [1788219084.978607100] [controller_server]: Passing new path to controller.
[WARN] [1788219086.003088791] [planner_server]: Planner loop missed its desired rate of 999999999.0000 Hz. Current loop rate is 100.0000 Hz
[INFO] [1788219086.045271433] [controller_server]: Passing new path to controller.
[WARN] [1788219086.345377685] [controller_server]: Control loop missed its desired rate of 30.0000 Hz. Current loop rate is 33.3333 Hz.
[WARN] [1788219086.748649421] [controller_server]: Control loop missed its desired rate of 30.0000 Hz. Current loop rate is 33.3333 Hz.
[WARN] [1788219086.850437113] [controller_server]: Control loop missed its desired rate of 30.0000 Hz. Current loop rate is 25.0000 Hz.
[WARN] [1788219087.042327854] [planner_server]: Planner loop missed its desired rate of 999999999.0000 Hz. Current loop rate is 50.0000 Hz
[INFO] [1788219087.050597797] [controller_server]: Passing new path to controller.
[WARN] [1788219088.075388736] [planner_server]: Planner loop missed its desired rate of 999999999.0000 Hz. Current loop rate is 50.0000 Hz
[INFO] [1788219088.117259967] [controller_server]: Passing new path to controller.
[WARN] [1788219089.104840768] [planner_server]: Planner loop missed its desired rate of 999999999.0000 Hz. Current loop rate is 100.0000 Hz
[INFO] [1788219089.150577700] [controller_server]: Passing new path to controller.
[WARN] [1788219090.136109436] [planner_server]: Planner loop missed its desired rate of 999999999.0000 Hz. Current loop rate is 100.0000 Hz
[INFO] [1788219090.150587342] [controller_server]: Passing new path to controller.
[INFO] [1788219091.183922412] [controller_server]: Passing new path to controller.
[WARN] [1788219091.854158846] [controller_server]: Control loop missed its desired rate of 30.0000 Hz. Current loop rate is 25.0000 Hz.
[WARN] [1788219091.957619342] [controller_server]: Control loop missed its desired rate of 30.0000 Hz. Current loop rate is 25.0000 Hz.
[WARN] [1788219092.063564734] [controller_server]: Control loop missed its desired rate of 30.0000 Hz. Current loop rate is 33.3333 Hz.
[WARN] [1788219092.156049084] [controller_server]: Control loop missed its desired rate of 30.0000 Hz. Current loop rate is 16.6667 Hz.
[INFO] [1788219092.222851477] [controller_server]: Passing new path to controller.
[WARN] [1788219092.261723748] [controller_server]: Control loop missed its desired rate of 30.0000 Hz. Current loop rate is 25.0000 Hz.
[WARN] [1788219092.358156044] [controller_server]: Control loop missed its desired rate of 30.0000 Hz. Current loop rate is 14.2857 Hz.
[WARN] [1788219092.460986765] [controller_server]: Control loop missed its desired rate of 30.0000 Hz. Current loop rate is 33.3333 Hz.
[WARN] [1788219092.564796769] [controller_server]: Control loop missed its desired rate of 30.0000 Hz. Current loop rate is 25.0000 Hz.
[WARN] [1788219092.655142877] [controller_server]: Control loop missed its desired rate of 30.0000 Hz. Current loop rate is 16.6667 Hz.
[WARN] [1788219092.759696239] [controller_server]: Control loop missed its desired rate of 30.0000 Hz. Current loop rate is 25.0000 Hz.
[WARN] [1788219092.864102771] [controller_server]: Control loop missed its desired rate of 30.0000 Hz. Current loop rate is 25.0000 Hz.
[WARN] [1788219092.955093315] [controller_server]: Control loop missed its desired rate of 30.0000 Hz. Current loop rate is 16.6667 Hz.
[WARN] [1788219093.061519666] [controller_server]: Control loop missed its desired rate of 30.0000 Hz. Current loop rate is 25.0000 Hz.
[WARN] [1788219093.159988621] [controller_server]: Control loop missed its desired rate of 30.0000 Hz. Current loop rate is 16.6667 Hz.
[WARN] [1788219093.228450679] [planner_server]: Planner loop missed its desired rate of 999999999.0000 Hz. Current loop rate is 100.0000 Hz
[WARN] [1788219093.263824495] [controller_server]: Control loop missed its desired rate of 30.0000 Hz. Current loop rate is 25.0000 Hz.
[INFO] [1788219093.263885740] [controller_server]: Passing new path to controller.
[WARN] [1788219093.354041050] [controller_server]: Control loop missed its desired rate of 30.0000 Hz. Current loop rate is 16.6667 Hz.
[WARN] [1788219093.461143118] [controller_server]: Control loop missed its desired rate of 30.0000 Hz. Current loop rate is 25.0000 Hz.
[WARN] [1788219093.565410352] [controller_server]: Control loop missed its desired rate of 30.0000 Hz. Current loop rate is 25.0000 Hz.
[WARN] [1788219093.659659829] [controller_server]: Control loop missed its desired rate of 30.0000 Hz. Current loop rate is 16.6667 Hz.
[WARN] [1788219093.765277449] [controller_server]: Control loop missed its desired rate of 30.0000 Hz. Current loop rate is 25.0000 Hz.
[WARN] [1788219093.844325816] [controller_server]: Control loop missed its desired rate of 30.0000 Hz. Current loop rate is 20.0000 Hz.
[INFO] [1788219094.277773617] [controller_server]: Passing new path to controller.
[WARN] [1788219095.323123404] [planner_server]: Planner loop missed its desired rate of 999999999.0000 Hz. Current loop rate is 25.0000 Hz
[INFO] [1788219095.344425445] [controller_server]: Passing new path to controller.
[INFO] [1788219096.377774521] [controller_server]: Passing new path to controller.
[WARN] [1788219096.747575785] [controller_server]: Control loop missed its desired rate of 30.0000 Hz. Current loop rate is 25.0000 Hz.
[WARN] [1788219096.857678828] [controller_server]: Control loop missed its desired rate of 30.0000 Hz. Current loop rate is 20.0000 Hz.
[WARN] [1788219096.962701406] [controller_server]: Control loop missed its desired rate of 30.0000 Hz. Current loop rate is 33.3333 Hz.
[WARN] [1788219097.065000600] [controller_server]: Control loop missed its desired rate of 30.0000 Hz. Current loop rate is 12.5000 Hz.
[WARN] [1788219097.153978970] [controller_server]: Control loop missed its desired rate of 30.0000 Hz. Current loop rate is 14.2857 Hz.
[WARN] [1788219097.398707687] [planner_server]: Planner loop missed its desired rate of 999999999.0000 Hz. Current loop rate is 50.0000 Hz
[INFO] [1788219097.420798507] [controller_server]: Passing new path to controller.
[WARN] [1788219097.655948364] [controller_server]: Control loop missed its desired rate of 30.0000 Hz. Current loop rate is 25.0000 Hz.
[WARN] [1788219097.765645437] [controller_server]: Control loop missed its desired rate of 30.0000 Hz. Current loop rate is 20.0000 Hz.
[WARN] [1788219097.859289980] [controller_server]: Control loop missed its desired rate of 30.0000 Hz. Current loop rate is 16.6667 Hz.
[WARN] [1788219097.964559784] [controller_server]: Control loop missed its desired rate of 30.0000 Hz. Current loop rate is 25.0000 Hz.
[WARN] [1788219098.055521166] [controller_server]: Control loop missed its desired rate of 30.0000 Hz. Current loop rate is 16.6667 Hz.
[WARN] [1788219098.161093581] [controller_server]: Control loop missed its desired rate of 30.0000 Hz. Current loop rate is 25.0000 Hz.
[WARN] [1788219098.265654215] [controller_server]: Control loop missed its desired rate of 30.0000 Hz. Current loop rate is 25.0000 Hz.
[WARN] [1788219098.354615203] [controller_server]: Control loop missed its desired rate of 30.0000 Hz. Current loop rate is 14.2857 Hz.
[WARN] [1788219098.438021507] [planner_server]: Planner loop missed its desired rate of 999999999.0000 Hz. Current loop rate is 100.0000 Hz
[INFO] [1788219098.488055545] [controller_server]: Passing new path to controller.
[WARN] [1788219098.560366779] [controller_server]: Control loop missed its desired rate of 30.0000 Hz. Current loop rate is 25.0000 Hz.
[WARN] [1788219098.665652053] [controller_server]: Control loop missed its desired rate of 30.0000 Hz. Current loop rate is 25.0000 Hz.
[WARN] [1788219098.745362296] [controller_server]: Control loop missed its desired rate of 30.0000 Hz. Current loop rate is 16.6667 Hz.
[INFO] [1788219099.478835443] [controller_server]: Passing new path to controller.
[INFO] [1788219100.512173655] [controller_server]: Passing new path to controller.
[INFO] [1788219101.545488170] [controller_server]: Passing new path to controller.
[INFO] [1788219102.578833613] [controller_server]: Passing new path to controller.
[INFO] [1788219103.578817127] [controller_server]: Passing new path to controller.
[INFO] [1788219104.612170074] [controller_server]: Passing new path to controller.
[WARN] [1788219104.657287596] [controller_server]: Control loop missed its desired rate of 30.0000 Hz. Current loop rate is 20.0000 Hz.
[WARN] [1788219104.763114704] [controller_server]: Control loop missed its desired rate of 30.0000 Hz. Current loop rate is 25.0000 Hz.
[WARN] [1788219104.854307535] [controller_server]: Control loop missed its desired rate of 30.0000 Hz. Current loop rate is 20.0000 Hz.
[WARN] [1788219104.959240392] [controller_server]: Control loop missed its desired rate of 30.0000 Hz. Current loop rate is 25.0000 Hz.
[WARN] [1788219105.062291241] [controller_server]: Control loop missed its desired rate of 30.0000 Hz. Current loop rate is 33.3333 Hz.
[WARN] [1788219105.156125236] [controller_server]: Control loop missed its desired rate of 30.0000 Hz. Current loop rate is 16.6667 Hz.
[WARN] [1788219105.260059869] [controller_server]: Control loop missed its desired rate of 30.0000 Hz. Current loop rate is 25.0000 Hz.
[WARN] [1788219105.362504150] [controller_server]: Control loop missed its desired rate of 30.0000 Hz. Current loop rate is 33.3333 Hz.
[WARN] [1788219105.453338622] [controller_server]: Control loop missed its desired rate of 30.0000 Hz. Current loop rate is 20.0000 Hz.
[WARN] [1788219105.554423552] [controller_server]: Control loop missed its desired rate of 30.0000 Hz. Current loop rate is 33.3333 Hz.
[INFO] [1788219105.654574163] [controller_server]: Passing new path to controller.
[WARN] [1788219105.755171925] [controller_server]: Control loop missed its desired rate of 30.0000 Hz. Current loop rate is 25.0000 Hz.
[WARN] [1788219105.961772785] [controller_server]: Control loop missed its desired rate of 30.0000 Hz. Current loop rate is 25.0000 Hz.
[WARN] [1788219106.053223701] [controller_server]: Control loop missed its desired rate of 30.0000 Hz. Current loop rate is 20.0000 Hz.
[WARN] [1788219106.155627635] [controller_server]: Control loop missed its desired rate of 30.0000 Hz. Current loop rate is 25.0000 Hz.
[WARN] [1788219106.258693035] [controller_server]: Control loop missed its desired rate of 30.0000 Hz. Current loop rate is 25.0000 Hz.
[WARN] [1788219106.463163615] [controller_server]: Control loop missed its desired rate of 30.0000 Hz. Current loop rate is 33.3333 Hz.
[WARN] [1788219106.557758178] [controller_server]: Control loop missed its desired rate of 30.0000 Hz. Current loop rate is 16.6667 Hz.
[INFO] [1788219106.691259184] [controller_server]: Passing new path to controller.
[INFO] [1788219107.691249533] [controller_server]: Passing new path to controller.
[INFO] [1788219108.724580519] [controller_server]: Passing new path to controller.
[INFO] [1788219109.757911635] [controller_server]: Passing new path to controller.
[WARN] [1788219110.160077854] [controller_server]: Control loop missed its desired rate of 30.0000 Hz. Current loop rate is 20.0000 Hz.
[WARN] [1788219110.262532454] [controller_server]: Control loop missed its desired rate of 30.0000 Hz. Current loop rate is 33.3333 Hz.
[WARN] [1788219110.356239834] [controller_server]: Control loop missed its desired rate of 30.0000 Hz. Current loop rate is 16.6667 Hz.
[WARN] [1788219110.456911458] [controller_server]: Control loop missed its desired rate of 30.0000 Hz. Current loop rate is 25.0000 Hz.
[WARN] [1788219110.757963022] [controller_server]: Control loop missed its desired rate of 30.0000 Hz. Current loop rate is 25.0000 Hz.
[INFO] [1788219110.791451768] [controller_server]: Passing new path to controller.
[WARN] [1788219110.958471723] [controller_server]: Control loop missed its desired rate of 30.0000 Hz. Current loop rate is 25.0000 Hz.
[WARN] [1788219111.060339508] [controller_server]: Control loop missed its desired rate of 30.0000 Hz. Current loop rate is 25.0000 Hz.
[WARN] [1788219111.163053621] [controller_server]: Control loop missed its desired rate of 30.0000 Hz. Current loop rate is 33.3333 Hz.
[WARN] [1788219111.255012019] [controller_server]: Control loop missed its desired rate of 30.0000 Hz. Current loop rate is 16.6667 Hz.
[WARN] [1788219111.465670561] [controller_server]: Control loop missed its desired rate of 30.0000 Hz. Current loop rate is 20.0000 Hz.
[WARN] [1788219111.551033350] [controller_server]: Control loop missed its desired rate of 30.0000 Hz. Current loop rate is 20.0000 Hz.
[WARN] [1788219111.654288669] [controller_server]: Control loop missed its desired rate of 30.0000 Hz. Current loop rate is 33.3333 Hz.
[WARN] [1788219111.755825427] [controller_server]: Control loop missed its desired rate of 30.0000 Hz. Current loop rate is 20.0000 Hz.
[WARN] [1788219111.864725255] [controller_server]: Control loop missed its desired rate of 30.0000 Hz. Current loop rate is 25.0000 Hz.
[WARN] [1788219111.879180374] [planner_server]: Planner loop missed its desired rate of 999999999.0000 Hz. Current loop rate is 9.0909 Hz
[WARN] [1788219111.958649638] [controller_server]: Control loop missed its desired rate of 30.0000 Hz. Current loop rate is 16.6667 Hz.
[INFO] [1788219111.958745062] [controller_server]: Passing new path to controller.
[INFO] [1788219112.925477437] [controller_server]: Passing new path to controller.
[WARN] [1788219113.929730759] [planner_server]: Planner loop missed its desired rate of 999999999.0000 Hz. Current loop rate is 100.0000 Hz
[INFO] [1788219113.958801212] [controller_server]: Passing new path to controller.
[INFO] [1788219114.992144170] [controller_server]: Passing new path to controller.
[WARN] [1788219115.661745062] [controller_server]: Control loop missed its desired rate of 30.0000 Hz. Current loop rate is 25.0000 Hz.
[WARN] [1788219115.764076856] [controller_server]: Control loop missed its desired rate of 30.0000 Hz. Current loop rate is 16.6667 Hz.
[WARN] [1788219115.854393342] [controller_server]: Control loop missed its desired rate of 30.0000 Hz. Current loop rate is 20.0000 Hz.
[WARN] [1788219115.961058815] [controller_server]: Control loop missed its desired rate of 30.0000 Hz. Current loop rate is 25.0000 Hz.
[INFO] [1788219115.994547359] [controller_server]: Passing new path to controller.
[WARN] [1788219116.067032580] [controller_server]: Control loop missed its desired rate of 30.0000 Hz. Current loop rate is 20.0000 Hz.
[WARN] [1788219116.143349484] [controller_server]: Control loop missed its desired rate of 30.0000 Hz. Current loop rate is 25.0000 Hz.
[WARN] [1788219116.263595541] [controller_server]: Control loop missed its desired rate of 30.0000 Hz. Current loop rate is 20.0000 Hz.
[WARN] [1788219116.362313719] [controller_server]: Control loop missed its desired rate of 30.0000 Hz. Current loop rate is 16.6667 Hz.
[WARN] [1788219116.459604396] [controller_server]: Control loop missed its desired rate of 30.0000 Hz. Current loop rate is 16.6667 Hz.
[WARN] [1788219116.561183186] [controller_server]: Control loop missed its desired rate of 30.0000 Hz. Current loop rate is 25.0000 Hz.
[WARN] [1788219116.765259259] [controller_server]: Control loop missed its desired rate of 30.0000 Hz. Current loop rate is 12.5000 Hz.
[WARN] [1788219116.870903255] [controller_server]: Control loop missed its desired rate of 30.0000 Hz. Current loop rate is 14.2857 Hz.
[WARN] [1788219116.946413380] [controller_server]: Control loop missed its desired rate of 30.0000 Hz. Current loop rate is 20.0000 Hz.
[INFO] [1788219117.013215911] [controller_server]: Passing new path to controller.
[WARN] [1788219117.071553182] [controller_server]: Control loop missed its desired rate of 30.0000 Hz. Current loop rate is 16.6667 Hz.
[WARN] [1788219117.166657732] [controller_server]: Control loop missed its desired rate of 30.0000 Hz. Current loop rate is 14.2857 Hz.
[WARN] [1788219117.269039611] [controller_server]: Control loop missed its desired rate of 30.0000 Hz. Current loop rate is 14.2857 Hz.
[WARN] [1788219117.369743124] [controller_server]: Control loop missed its desired rate of 30.0000 Hz. Current loop rate is 14.2857 Hz.
[WARN] [1788219117.472896994] [controller_server]: Control loop missed its desired rate of 30.0000 Hz. Current loop rate is 14.2857 Hz.
[WARN] [1788219117.571281601] [controller_server]: Control loop missed its desired rate of 30.0000 Hz. Current loop rate is 16.6667 Hz.
[WARN] [1788219117.668207108] [controller_server]: Control loop missed its desired rate of 30.0000 Hz. Current loop rate is 14.2857 Hz.
[INFO] [1788219118.035091599] [controller_server]: Passing new path to controller.
[INFO] [1788219119.068409026] [controller_server]: Passing new path to controller.
[INFO] [1788219120.101745970] [controller_server]: Passing new path to controller.
[INFO] [1788219121.013278062] [controller_server]: Reached the goal!
[INFO] [1788219121.013465320] [controller_server]: Optimizer reset
[ERROR] [1788219121.048792388] [bt_navigator_navigate_to_pose_rclcpp_node]: Failed to get result for vlm_node/query_bool in node halt!
[INFO] [1788219121.049162016] [bt_navigator]: Goal succeeded
[INFO] [1788219131.130069506] [local_costmap.local_costmap]: Received request to clear entirely the local_costmap
[INFO] [1788219131.132261668] [global_costmap.global_costmap]: Received request to clear entirely the global_costmap
[INFO] [1788219131.141595235] [bt_navigator]: Begin navigating from current location (-41.53, -8.32) to (5.05, -59.60)
[WARN] [1788219131.573489857] [planner_server]: Planner loop missed its desired rate of 999999999.0000 Hz. Current loop rate is 2.3256 Hz
[INFO] [1788219131.593040939] [controller_server]: Received a goal, begin computing control effort.
[WARN] [1788219132.747922399] [planner_server]: Planner loop missed its desired rate of 999999999.0000 Hz. Current loop rate is 7.1429 Hz
[INFO] [1788219132.793240373] [controller_server]: Passing new path to controller.
[WARN] [1788219133.963317855] [planner_server]: Planner loop missed its desired rate of 999999999.0000 Hz. Current loop rate is 5.2632 Hz
[INFO] [1788219133.993244319] [controller_server]: Passing new path to controller.
[WARN] [1788219135.071801376] [planner_server]: Planner loop missed its desired rate of 999999999.0000 Hz. Current loop rate is 10.0000 Hz
[INFO] [1788219135.093268759] [controller_server]: Passing new path to controller.
[WARN] [1788219136.233645280] [planner_server]: Planner loop missed its desired rate of 999999999.0000 Hz. Current loop rate is 6.6667 Hz
[INFO] [1788219136.259914176] [controller_server]: Passing new path to controller.
[WARN] [1788219137.412655278] [planner_server]: Planner loop missed its desired rate of 999999999.0000 Hz. Current loop rate is 6.6667 Hz
[INFO] [1788219137.459934881] [controller_server]: Passing new path to controller.
[WARN] [1788219138.603934858] [planner_server]: Planner loop missed its desired rate of 999999999.0000 Hz. Current loop rate is 5.8824 Hz
[INFO] [1788219138.626576701] [controller_server]: Passing new path to controller.
[WARN] [1788219139.731159439] [planner_server]: Planner loop missed its desired rate of 999999999.0000 Hz. Current loop rate is 10.0000 Hz
[INFO] [1788219139.759923085] [controller_server]: Passing new path to controller.
[WARN] [1788219140.852573649] [planner_server]: Planner loop missed its desired rate of 999999999.0000 Hz. Current loop rate is 9.0909 Hz
[INFO] [1788219140.893266826] [controller_server]: Passing new path to controller.
[WARN] [1788219141.998760970] [planner_server]: Planner loop missed its desired rate of 999999999.0000 Hz. Current loop rate is 7.6923 Hz
[INFO] [1788219142.026589739] [controller_server]: Passing new path to controller.
[WARN] [1788219143.142139563] [planner_server]: Planner loop missed its desired rate of 999999999.0000 Hz. Current loop rate is 7.6923 Hz
[INFO] [1788219143.193265637] [controller_server]: Passing new path to controller.
[WARN] [1788219144.238200748] [planner_server]: Planner loop missed its desired rate of 999999999.0000 Hz. Current loop rate is 14.2857 Hz
[INFO] [1788219144.259907288] [controller_server]: Passing new path to controller.
[WARN] [1788219145.454158171] [planner_server]: Planner loop missed its desired rate of 999999999.0000 Hz. Current loop rate is 5.2632 Hz
[WARN] [1788219145.464835118] [controller_server]: Control loop missed its desired rate of 30.0000 Hz. Current loop rate is 33.3333 Hz.
[INFO] [1788219145.498317061] [controller_server]: Passing new path to controller.
[WARN] [1788219145.555204326] [controller_server]: Control loop missed its desired rate of 30.0000 Hz. Current loop rate is 20.0000 Hz.
[WARN] [1788219145.658298060] [controller_server]: Control loop missed its desired rate of 30.0000 Hz. Current loop rate is 25.0000 Hz.
[WARN] [1788219145.764246427] [controller_server]: Control loop missed its desired rate of 30.0000 Hz. Current loop rate is 25.0000 Hz.
[WARN] [1788219145.856498012] [controller_server]: Control loop missed its desired rate of 30.0000 Hz. Current loop rate is 16.6667 Hz.
[WARN] [1788219145.958131715] [controller_server]: Control loop missed its desired rate of 30.0000 Hz. Current loop rate is 25.0000 Hz.
[WARN] [1788219146.059318117] [controller_server]: Control loop missed its desired rate of 30.0000 Hz. Current loop rate is 25.0000 Hz.
[WARN] [1788219146.161384242] [controller_server]: Control loop missed its desired rate of 30.0000 Hz. Current loop rate is 33.3333 Hz.
[WARN] [1788219146.253569204] [controller_server]: Control loop missed its desired rate of 30.0000 Hz. Current loop rate is 16.6667 Hz.
[WARN] [1788219146.360240219] [controller_server]: Control loop missed its desired rate of 30.0000 Hz. Current loop rate is 25.0000 Hz.
[WARN] [1788219146.464196362] [controller_server]: Control loop missed its desired rate of 30.0000 Hz. Current loop rate is 33.3333 Hz.
[WARN] [1788219146.553705869] [controller_server]: Control loop missed its desired rate of 30.0000 Hz. Current loop rate is 20.0000 Hz.
[WARN] [1788219146.655470641] [controller_server]: Control loop missed its desired rate of 30.0000 Hz. Current loop rate is 33.3333 Hz.
[WARN] [1788219146.829813339] [planner_server]: Planner loop missed its desired rate of 999999999.0000 Hz. Current loop rate is 2.8571 Hz
[WARN] [1788219146.864168743] [controller_server]: Control loop missed its desired rate of 30.0000 Hz. Current loop rate is 25.0000 Hz.
[INFO] [1788219146.864259948] [controller_server]: Passing new path to controller.
[WARN] [1788219146.961302636] [controller_server]: Control loop missed its desired rate of 30.0000 Hz. Current loop rate is 16.6667 Hz.
[WARN] [1788219147.053612234] [controller_server]: Control loop missed its desired rate of 30.0000 Hz. Current loop rate is 16.6667 Hz.
[WARN] [1788219147.156319670] [controller_server]: Control loop missed its desired rate of 30.0000 Hz. Current loop rate is 25.0000 Hz.
[WARN] [1788219147.257463951] [controller_server]: Control loop missed its desired rate of 30.0000 Hz. Current loop rate is 25.0000 Hz.
[WARN] [1788219147.358047521] [controller_server]: Control loop missed its desired rate of 30.0000 Hz. Current loop rate is 25.0000 Hz.
[WARN] [1788219147.462364360] [controller_server]: Control loop missed its desired rate of 30.0000 Hz. Current loop rate is 25.0000 Hz.
[WARN] [1788219147.558878431] [controller_server]: Control loop missed its desired rate of 30.0000 Hz. Current loop rate is 14.2857 Hz.
[WARN] [1788219147.670888054] [controller_server]: Control loop missed its desired rate of 30.0000 Hz. Current loop rate is 25.0000 Hz.
[WARN] [1788219148.010140521] [planner_server]: Planner loop missed its desired rate of 999999999.0000 Hz. Current loop rate is 6.2500 Hz
[INFO] [1788219148.037707577] [controller_server]: Passing new path to controller.
[WARN] [1788219149.074362056] [planner_server]: Planner loop missed its desired rate of 999999999.0000 Hz. Current loop rate is 20.0000 Hz
[INFO] [1788219149.104390367] [controller_server]: Passing new path to controller.
[WARN] [1788219150.250355821] [planner_server]: Planner loop missed its desired rate of 999999999.0000 Hz. Current loop rate is 6.2500 Hz
[INFO] [1788219150.271054757] [controller_server]: Passing new path to controller.
[WARN] [1788219151.424704277] [planner_server]: Planner loop missed its desired rate of 999999999.0000 Hz. Current loop rate is 6.6667 Hz
[INFO] [1788219151.471042837] [controller_server]: Passing new path to controller.
[WARN] [1788219152.611816511] [planner_server]: Planner loop missed its desired rate of 999999999.0000 Hz. Current loop rate is 5.8824 Hz
[INFO] [1788219152.637709343] [controller_server]: Passing new path to controller.
[WARN] [1788219153.766295638] [planner_server]: Planner loop missed its desired rate of 999999999.0000 Hz. Current loop rate is 7.6923 Hz
[INFO] [1788219153.804394634] [controller_server]: Passing new path to controller.
[WARN] [1788219154.870822259] [planner_server]: Planner loop missed its desired rate of 999999999.0000 Hz. Current loop rate is 11.1111 Hz
[INFO] [1788219154.904381143] [controller_server]: Passing new path to controller.
[WARN] [1788219156.022254455] [planner_server]: Planner loop missed its desired rate of 999999999.0000 Hz. Current loop rate is 7.1429 Hz
[INFO] [1788219156.071043905] [controller_server]: Passing new path to controller.
[WARN] [1788219157.088539594] [planner_server]: Planner loop missed its desired rate of 999999999.0000 Hz. Current loop rate is 20.0000 Hz
[INFO] [1788219157.104382986] [controller_server]: Passing new path to controller.
[WARN] [1788219158.146336410] [planner_server]: Planner loop missed its desired rate of 999999999.0000 Hz. Current loop rate is 25.0000 Hz
[INFO] [1788219158.171045501] [controller_server]: Passing new path to controller.
[WARN] [1788219159.339483733] [controller_server]: Control loop missed its desired rate of 30.0000 Hz. Current loop rate is 25.0000 Hz.
[WARN] [1788219159.378359235] [planner_server]: Planner loop missed its desired rate of 999999999.0000 Hz. Current loop rate is 4.5455 Hz
[INFO] [1788219159.406260968] [controller_server]: Passing new path to controller.
[WARN] [1788219159.448850179] [controller_server]: Control loop missed its desired rate of 30.0000 Hz. Current loop rate is 25.0000 Hz.
[WARN] [1788219159.551702259] [controller_server]: Control loop missed its desired rate of 30.0000 Hz. Current loop rate is 25.0000 Hz.
[WARN] [1788219159.655581776] [controller_server]: Control loop missed its desired rate of 30.0000 Hz. Current loop rate is 33.3333 Hz.
[WARN] [1788219159.755903655] [controller_server]: Control loop missed its desired rate of 30.0000 Hz. Current loop rate is 33.3333 Hz.
[WARN] [1788219160.726082728] [planner_server]: Planner loop missed its desired rate of 999999999.0000 Hz. Current loop rate is 2.9412 Hz
[INFO] [1788219160.756027774] [controller_server]: Passing new path to controller.
[WARN] [1788219161.881059311] [planner_server]: Planner loop missed its desired rate of 999999999.0000 Hz. Current loop rate is 8.3333 Hz
[INFO] [1788219161.922688101] [controller_server]: Passing new path to controller.
[WARN] [1788219163.060430736] [planner_server]: Planner loop missed its desired rate of 999999999.0000 Hz. Current loop rate is 6.2500 Hz
[INFO] [1788219163.089377883] [controller_server]: Passing new path to controller.
[WARN] [1788219164.160662524] [planner_server]: Planner loop missed its desired rate of 999999999.0000 Hz. Current loop rate is 11.1111 Hz
[INFO] [1788219164.189372570] [controller_server]: Passing new path to controller.
[WARN] [1788219165.279076629] [planner_server]: Planner loop missed its desired rate of 999999999.0000 Hz. Current loop rate is 10.0000 Hz
[INFO] [1788219165.322692290] [controller_server]: Passing new path to controller.
[WARN] [1788219166.328662699] [planner_server]: Planner loop missed its desired rate of 999999999.0000 Hz. Current loop rate is 25.0000 Hz
[INFO] [1788219166.356018095] [controller_server]: Passing new path to controller.
[WARN] [1788219167.361657411] [planner_server]: Planner loop missed its desired rate of 999999999.0000 Hz. Current loop rate is 50.0000 Hz
[INFO] [1788219167.389371105] [controller_server]: Passing new path to controller.
[WARN] [1788219168.420126751] [planner_server]: Planner loop missed its desired rate of 999999999.0000 Hz. Current loop rate is 16.6667 Hz
[INFO] [1788219168.456020791] [controller_server]: Passing new path to controller.
[WARN] [1788219169.523592652] [planner_server]: Planner loop missed its desired rate of 999999999.0000 Hz. Current loop rate is 11.1111 Hz
[INFO] [1788219169.556020529] [controller_server]: Passing new path to controller.
[WARN] [1788219170.637829986] [planner_server]: Planner loop missed its desired rate of 999999999.0000 Hz. Current loop rate is 10.0000 Hz
[INFO] [1788219170.656040402] [controller_server]: Passing new path to controller.
[WARN] [1788219171.741317711] [planner_server]: Planner loop missed its desired rate of 999999999.0000 Hz. Current loop rate is 12.5000 Hz
[INFO] [1788219171.756045709] [controller_server]: Passing new path to controller.
[WARN] [1788219172.833011548] [planner_server]: Planner loop missed its desired rate of 999999999.0000 Hz. Current loop rate is 12.5000 Hz
[INFO] [1788219172.856039240] [controller_server]: Passing new path to controller.
[WARN] [1788219174.037950218] [planner_server]: Planner loop missed its desired rate of 999999999.0000 Hz. Current loop rate is 5.5556 Hz
[INFO] [1788219174.056060904] [controller_server]: Passing new path to controller.
[WARN] [1788219175.148180726] [planner_server]: Planner loop missed its desired rate of 999999999.0000 Hz. Current loop rate is 11.1111 Hz
[INFO] [1788219175.189366132] [controller_server]: Passing new path to controller.
[WARN] [1788219176.229811929] [planner_server]: Planner loop missed its desired rate of 999999999.0000 Hz. Current loop rate is 14.2857 Hz
[INFO] [1788219176.256044020] [controller_server]: Passing new path to controller.
[WARN] [1788219177.289756231] [planner_server]: Planner loop missed its desired rate of 999999999.0000 Hz. Current loop rate is 20.0000 Hz
[INFO] [1788219177.322710752] [controller_server]: Passing new path to controller.
[WARN] [1788219178.339412073] [planner_server]: Planner loop missed its desired rate of 999999999.0000 Hz. Current loop rate is 33.3333 Hz
[INFO] [1788219178.356034485] [controller_server]: Passing new path to controller.
[WARN] [1788219179.422476053] [planner_server]: Planner loop missed its desired rate of 999999999.0000 Hz. Current loop rate is 16.6667 Hz
[INFO] [1788219179.456042790] [controller_server]: Passing new path to controller.
[WARN] [1788219180.540949260] [planner_server]: Planner loop missed its desired rate of 999999999.0000 Hz. Current loop rate is 10.0000 Hz
[INFO] [1788219180.556027382] [controller_server]: Passing new path to controller.
[INFO] [1788219180.844468877] [rclcpp]: signal_handler(SIGINT/SIGTERM)
[INFO] [1788219180.844550443] [map_server]: Running Nav2 LifecycleNode rcl preshutdown (map_server)
[INFO] [1788219180.844638079] [map_server]: Deactivating
[INFO] [1788219180.844660948] [map_server]: Destroying bond (map_server) to lifecycle manager.
[INFO] [1788219180.854876934] [map_server]: Cleaning up
[INFO] [1788219180.854920272] [map_server]: Destroying bond (map_server) to lifecycle manager.
[INFO] [1788219180.854929202] [amcl]: Running Nav2 LifecycleNode rcl preshutdown (amcl)
[INFO] [1788219180.854948101] [amcl]: Deactivating
[INFO] [1788219180.854969610] [amcl]: Destroying bond (amcl) to lifecycle manager.
[INFO] [1788219180.865166288] [amcl]: Cleaning up
[INFO] [1788219180.870188255] [amcl]: Destroying bond (amcl) to lifecycle manager.
[INFO] [1788219180.870218403] [controller_server]: Running Nav2 LifecycleNode rcl preshutdown (controller_server)
[INFO] [1788219180.870250012] [controller_server]: Deactivating
[WARN] [1788219180.870260961] [controller_server]: [follow_path] [ActionServer] Requested to deactivate server but goal is still executing. Should check if action server is running before deactivating.
[INFO] [1788219180.870859844] [lifecycle_manager_localization]: [34m[1mHave not received a heartbeat from map_server.[0m[0m
[ERROR] [1788219180.870925521] [lifecycle_manager_localization]: CRITICAL FAILURE: SERVER map_server IS DOWN after not receiving a heartbeat for 4000 ms. Shutting down related nodes.
[INFO] [1788219180.870985098] [lifecycle_manager_localization]: [34m[1mTerminating bond timer...[0m[0m
[INFO] [1788219180.870996177] [lifecycle_manager_localization]: [34m[1mResetting managed nodes...[0m[0m
[INFO] [1788219180.871004887] [lifecycle_manager_localization]: [34m[1mDeactivating amcl[0m[0m
[WARN] [1788219180.886211012] [rcl_lifecycle]: No transition matching 4 found for current state unconfigured
[WARN] [1788219180.886247571] [rcl_lifecycle]: No transition matching 4 found for current state unconfigured
[ERROR] [1788219180.886267380] [amcl]: Unable to start transition 4 from current state unconfigured: Transition is not registered., at ./src/rcl_lifecycle.c:355
[ERROR] [1788219180.886688450] [lifecycle_manager_localization]: Failed to change state for node: amcl
[INFO] [1788219180.886726858] [lifecycle_manager_localization]: [34m[1mDeactivating map_server[0m[0m
[WARN] [1788219180.886851823] [rcl_lifecycle]: No transition matching 4 found for current state unconfigured
[WARN] [1788219180.886872482] [rcl_lifecycle]: No transition matching 4 found for current state unconfigured
[ERROR] [1788219180.886878381] [map_server]: Unable to start transition 4 from current state unconfigured: Transition is not registered., at ./src/rcl_lifecycle.c:355
[ERROR] [1788219180.887072992] [lifecycle_manager_localization]: Failed to change state for node: map_server
[INFO] [1788219180.887086812] [lifecycle_manager_localization]: [34m[1mCleaning up amcl[0m[0m
[WARN] [1788219180.887173348] [rcl_lifecycle]: No transition matching 2 found for current state unconfigured
[WARN] [1788219180.887178408] [rcl_lifecycle]: No transition matching 2 found for current state unconfigured
[ERROR] [1788219180.887182217] [amcl]: Unable to start transition 2 from current state unconfigured: Transition is not registered., at ./src/rcl_lifecycle.c:355
[INFO] [1788219180.887307712] [lifecycle_manager_localization]: [34m[1mCleaning up map_server[0m[0m
[WARN] [1788219180.887396697] [rcl_lifecycle]: No transition matching 2 found for current state unconfigured
[WARN] [1788219180.887402277] [rcl_lifecycle]: No transition matching 2 found for current state unconfigured
[ERROR] [1788219180.887405357] [map_server]: Unable to start transition 2 from current state unconfigured: Transition is not registered., at ./src/rcl_lifecycle.c:355
[INFO] [1788219180.887559170] [lifecycle_manager_localization]: [34m[1mManaged nodes have been reset[0m[0m
[WARN] [1788219180.889379636] [controller_server]: [follow_path] [ActionServer] Stopping the thread per request.
[WARN] [1788219180.889419174] [controller_server]: [follow_path] [ActionServer] Aborting handle.
[INFO] [1788219180.889680542] [MPPIController]: Deactivated MPPI Controller: FollowPath
[INFO] [1788219180.889724980] [local_costmap.local_costmap]: Deactivating
[INFO] [1788219180.889766168] [local_costmap.local_costmap]: stvl_layer was deactivated.
[INFO] [1788219180.895151528] [controller_server]: Destroying bond (controller_server) to lifecycle manager.
[INFO] [1788219180.905375654] [controller_server]: Cleaning up
[INFO] [1788219180.909002096] [MPPIController]: Cleaned up MPPI Controller: FollowPath
[INFO] [1788219180.909542371] [local_costmap.local_costmap]: Cleaning up
[ERROR] [1788219180.922191005] [bt_navigator_navigate_to_pose_rclcpp_node]: Failed to cancel action server for vlm_node/query_bool
[ERROR] [1788219180.942304013] [bt_navigator_navigate_to_pose_rclcpp_node]: Failed to get result for vlm_node/query_bool in node halt!
[WARN] [1788219180.942426448] [bt_navigator]: [navigate_to_pose] [ActionServer] Aborting handle.
[INFO] [1788219180.945260846] [lifecycle_manager_navigation]: [34m[1mHave not received a heartbeat from controller_server.[0m[0m
[ERROR] [1788219180.945329483] [lifecycle_manager_navigation]: CRITICAL FAILURE: SERVER controller_server IS DOWN after not receiving a heartbeat for 4000 ms. Shutting down related nodes.
[INFO] [1788219180.945374831] [lifecycle_manager_navigation]: [34m[1mTerminating bond timer...[0m[0m
[INFO] [1788219180.945386360] [lifecycle_manager_navigation]: [34m[1mResetting managed nodes...[0m[0m
[INFO] [1788219180.945398000] [lifecycle_manager_navigation]: [34m[1mDeactivating docking_server[0m[0m
[INFO] [1788219180.945775582] [docking_server]: Deactivating docking_server
[ERROR] [1788219180.952606696] [bt_navigator]: Goal failed
