[INFO] [1780116005.885683151] [nav2_container]: Load Library: /opt/ros/jazzy/lib/libmap_server_core.so
[INFO] [1780116005.895319380] [nav2_container]: Found class: rclcpp_components::NodeFactoryTemplate<nav2_map_server::CostmapFilterInfoServer>
[INFO] [1780116005.895334479] [nav2_container]: Found class: rclcpp_components::NodeFactoryTemplate<nav2_map_server::MapSaver>
[INFO] [1780116005.895337399] [nav2_container]: Found class: rclcpp_components::NodeFactoryTemplate<nav2_map_server::MapServer>
[INFO] [1780116005.895340569] [nav2_container]: Instantiate class: rclcpp_components::NodeFactoryTemplate<nav2_map_server::MapServer>
[INFO] [1780116005.898273544] [map_server]: 
	map_server lifecycle node launched. 
	Waiting on external lifecycle transitions to activate
	See https://design.ros2.org/articles/node_lifecycle.html for more information.
[INFO] [1780116005.898291463] [map_server]: Creating
[INFO] [1780116005.905054255] [nav2_container]: Load Library: /opt/ros/jazzy/lib/libamcl_core.so
[INFO] [1780116005.907504940] [nav2_container]: Found class: rclcpp_components::NodeFactoryTemplate<nav2_amcl::AmclNode>
[INFO] [1780116005.907521119] [nav2_container]: Instantiate class: rclcpp_components::NodeFactoryTemplate<nav2_amcl::AmclNode>
[INFO] [1780116005.909223427] [amcl]: 
	amcl lifecycle node launched. 
	Waiting on external lifecycle transitions to activate
	See https://design.ros2.org/articles/node_lifecycle.html for more information.
[INFO] [1780116005.909463167] [amcl]: Creating
[INFO] [1780116005.910590209] [nav2_container]: Load Library: /opt/ros/jazzy/lib/libnav2_lifecycle_manager_core.so
[INFO] [1780116005.911213892] [nav2_container]: Found class: rclcpp_components::NodeFactoryTemplate<nav2_lifecycle_manager::LifecycleManager>
[INFO] [1780116005.911221312] [nav2_container]: Instantiate class: rclcpp_components::NodeFactoryTemplate<nav2_lifecycle_manager::LifecycleManager>
[INFO] [1780116005.913008935] [lifecycle_manager_localization]: Creating
[INFO] [1780116005.915502919] [lifecycle_manager_localization]: [34m[1mCreating and initializing lifecycle service clients[0m[0m
[INFO] [1780116005.916053756] [lifecycle_manager_localization]: [34m[1mStarting managed nodes bringup...[0m[0m
[INFO] [1780116005.916076685] [lifecycle_manager_localization]: [34m[1mConfiguring map_server[0m[0m
[INFO] [1780116005.916157801] [map_server]: Configuring
[INFO] [1780116005.916193320] [map_io]: Loading yaml file: /root/ws/install/opennav_benchmark_mission_dispatcher/share/opennav_benchmark_mission_dispatcher/maps/benchmark_warehouse.yaml
[INFO] [1780116005.916357983] [map_io]: resolution: 0.05
[INFO] [1780116005.916364602] [map_io]: origin[0]: -65.2
[INFO] [1780116005.916367322] [map_io]: origin[1]: -71.2
[INFO] [1780116005.916369172] [map_io]: origin[2]: 0
[INFO] [1780116005.916371202] [map_io]: free_thresh: 0.25
[INFO] [1780116005.916373162] [map_io]: occupied_thresh: 0.65
[INFO] [1780116005.916376792] [map_io]: mode: trinary
[INFO] [1780116005.916379082] [map_io]: negate: 0
[INFO] [1780116005.916494567] [map_io]: Loading image_file: /root/ws/install/opennav_benchmark_mission_dispatcher/share/opennav_benchmark_mission_dispatcher/maps/benchmark_warehouse.pgm
[INFO] [1780116005.919448561] [nav2_container]: Load Library: /opt/ros/jazzy/lib/libcontroller_server_core.so
[INFO] [1780116005.921307782] [nav2_container]: Found class: rclcpp_components::NodeFactoryTemplate<nav2_controller::ControllerServer>
[INFO] [1780116005.921316191] [nav2_container]: Instantiate class: rclcpp_components::NodeFactoryTemplate<nav2_controller::ControllerServer>
[INFO] [1780116005.923293467] [controller_server]: 
	controller_server lifecycle node launched. 
	Waiting on external lifecycle transitions to activate
	See https://design.ros2.org/articles/node_lifecycle.html for more information.
[INFO] [1780116005.925195996] [controller_server]: Creating controller server
[INFO] [1780116005.927534916] [local_costmap.local_costmap]: 
	local_costmap lifecycle node launched. 
	Waiting on external lifecycle transitions to activate
	See https://design.ros2.org/articles/node_lifecycle.html for more information.
[INFO] [1780116005.927843353] [local_costmap.local_costmap]: Creating Costmap
[INFO] [1780116005.929186955] [nav2_container]: Load Library: /opt/ros/jazzy/lib/libsmoother_server_core.so
[INFO] [1780116005.930445962] [nav2_container]: Found class: rclcpp_components::NodeFactoryTemplate<nav2_smoother::SmootherServer>
[INFO] [1780116005.930453321] [nav2_container]: Instantiate class: rclcpp_components::NodeFactoryTemplate<nav2_smoother::SmootherServer>
[INFO] [1780116005.932353820] [smoother_server]: 
	smoother_server lifecycle node launched. 
	Waiting on external lifecycle transitions to activate
	See https://design.ros2.org/articles/node_lifecycle.html for more information.
[INFO] [1780116005.932999263] [smoother_server]: Creating smoother server
[INFO] [1780116005.934124055] [nav2_container]: Load Library: /opt/ros/jazzy/lib/libplanner_server_core.so
[INFO] [1780116005.934669092] [nav2_container]: Found class: rclcpp_components::NodeFactoryTemplate<nav2_planner::PlannerServer>
[INFO] [1780116005.934675521] [nav2_container]: Instantiate class: rclcpp_components::NodeFactoryTemplate<nav2_planner::PlannerServer>
[INFO] [1780116005.936426457] [planner_server]: 
	planner_server lifecycle node launched. 
	Waiting on external lifecycle transitions to activate
	See https://design.ros2.org/articles/node_lifecycle.html for more information.
[INFO] [1780116005.937086579] [planner_server]: Creating
[INFO] [1780116005.939245906] [global_costmap.global_costmap]: 
	global_costmap lifecycle node launched. 
	Waiting on external lifecycle transitions to activate
	See https://design.ros2.org/articles/node_lifecycle.html for more information.
[INFO] [1780116005.939473957] [global_costmap.global_costmap]: Creating Costmap
[INFO] [1780116005.940891416] [nav2_container]: Load Library: /opt/ros/jazzy/lib/libroute_server_core.so
[INFO] [1780116005.942144853] [nav2_container]: Found class: rclcpp_components::NodeFactoryTemplate<nav2_route::RouteServer>
[INFO] [1780116005.942154632] [nav2_container]: Instantiate class: rclcpp_components::NodeFactoryTemplate<nav2_route::RouteServer>
[INFO] [1780116005.944125688] [route_server]: 
	route_server lifecycle node launched. 
	Waiting on external lifecycle transitions to activate
	See https://design.ros2.org/articles/node_lifecycle.html for more information.
[INFO] [1780116005.945291289] [nav2_container]: Load Library: /opt/ros/jazzy/lib/libbehavior_server_core.so
[INFO] [1780116005.945976379] [nav2_container]: Found class: rclcpp_components::NodeFactoryTemplate<behavior_server::BehaviorServer>
[INFO] [1780116005.945984519] [nav2_container]: Instantiate class: rclcpp_components::NodeFactoryTemplate<behavior_server::BehaviorServer>
[INFO] [1780116005.948209954] [behavior_server]: 
	behavior_server lifecycle node launched. 
	Waiting on external lifecycle transitions to activate
	See https://design.ros2.org/articles/node_lifecycle.html for more information.
[INFO] [1780116005.949937330] [nav2_container]: Load Library: /opt/ros/jazzy/lib/libbt_navigator_core.so
[INFO] [1780116005.951904626] [nav2_container]: Found class: rclcpp_components::NodeFactoryTemplate<nav2_bt_navigator::BtNavigator>
[INFO] [1780116005.951913556] [nav2_container]: Instantiate class: rclcpp_components::NodeFactoryTemplate<nav2_bt_navigator::BtNavigator>
[INFO] [1780116005.954044995] [bt_navigator]: 
	bt_navigator lifecycle node launched. 
	Waiting on external lifecycle transitions to activate
	See https://design.ros2.org/articles/node_lifecycle.html for more information.
[INFO] [1780116005.954638650] [bt_navigator]: Creating
[INFO] [1780116005.955277033] [nav2_container]: Load Library: /opt/ros/jazzy/lib/libwaypoint_follower_core.so
[INFO] [1780116005.955983622] [nav2_container]: Found class: rclcpp_components::NodeFactoryTemplate<nav2_waypoint_follower::WaypointFollower>
[INFO] [1780116005.955990292] [nav2_container]: Instantiate class: rclcpp_components::NodeFactoryTemplate<nav2_waypoint_follower::WaypointFollower>
[INFO] [1780116005.957928410] [waypoint_follower]: 
	waypoint_follower lifecycle node launched. 
	Waiting on external lifecycle transitions to activate
	See https://design.ros2.org/articles/node_lifecycle.html for more information.
[INFO] [1780116005.958184779] [waypoint_follower]: Creating
[INFO] [1780116005.958971825] [nav2_container]: Load Library: /opt/ros/jazzy/lib/libvelocity_smoother_core.so
[INFO] [1780116005.960662443] [nav2_container]: Found class: rclcpp_components::NodeFactoryTemplate<nav2_velocity_smoother::VelocitySmoother>
[INFO] [1780116005.960669513] [nav2_container]: Instantiate class: rclcpp_components::NodeFactoryTemplate<nav2_velocity_smoother::VelocitySmoother>
[INFO] [1780116005.962707976] [velocity_smoother]: 
	velocity_smoother lifecycle node launched. 
	Waiting on external lifecycle transitions to activate
	See https://design.ros2.org/articles/node_lifecycle.html for more information.
[INFO] [1780116005.963080120] [map_io]: Read map /root/ws/install/opennav_benchmark_mission_dispatcher/share/opennav_benchmark_mission_dispatcher/maps/benchmark_warehouse.pgm: 2608 X 2848 map @ 0.05 m/cell
[INFO] [1780116005.963525891] [nav2_container]: Load Library: /opt/ros/jazzy/lib/libcollision_monitor_core.so
[INFO] [1780116005.968540727] [nav2_container]: Found class: rclcpp_components::NodeFactoryTemplate<nav2_collision_monitor::CollisionMonitor>
[INFO] [1780116005.968550527] [nav2_container]: Instantiate class: rclcpp_components::NodeFactoryTemplate<nav2_collision_monitor::CollisionMonitor>
[INFO] [1780116005.970339110] [lifecycle_manager_localization]: [34m[1mConfiguring amcl[0m[0m
[INFO] [1780116005.970397538] [amcl]: Configuring
[INFO] [1780116005.970469785] [amcl]: initTransforms
[INFO] [1780116005.971169875] [collision_monitor]: 
	collision_monitor lifecycle node launched. 
	Waiting on external lifecycle transitions to activate
	See https://design.ros2.org/articles/node_lifecycle.html for more information.
[INFO] [1780116005.972269918] [nav2_container]: Load Library: /opt/ros/jazzy/lib/libopennav_docking_core.so
[INFO] [1780116005.973514025] [nav2_container]: Found class: rclcpp_components::NodeFactoryTemplate<opennav_docking::DockingServer>
[INFO] [1780116005.973526394] [nav2_container]: Instantiate class: rclcpp_components::NodeFactoryTemplate<opennav_docking::DockingServer>
[INFO] [1780116005.973727626] [amcl]: initPubSub
[INFO] [1780116005.974290422] [amcl]: Subscribed to map topic.
[INFO] [1780116005.975124546] [lifecycle_manager_localization]: [34m[1mActivating map_server[0m[0m
[INFO] [1780116005.975183174] [map_server]: Activating
[INFO] [1780116005.976011778] [docking_server]: 
	docking_server lifecycle node launched. 
	Waiting on external lifecycle transitions to activate
	See https://design.ros2.org/articles/node_lifecycle.html for more information.
[INFO] [1780116005.976031677] [docking_server]: Creating docking_server
[INFO] [1780116005.976853972] [map_server]: Creating bond (map_server) to lifecycle manager.
[INFO] [1780116005.977423028] [nav2_container]: Found class: rclcpp_components::NodeFactoryTemplate<nav2_lifecycle_manager::LifecycleManager>
[INFO] [1780116005.977432798] [nav2_container]: Instantiate class: rclcpp_components::NodeFactoryTemplate<nav2_lifecycle_manager::LifecycleManager>
[INFO] [1780116005.978610787] [amcl]: Received a 2608 X 2848 map @ 0.050 m/pix
[INFO] [1780116005.979699801] [lifecycle_manager_navigation]: Creating
[INFO] [1780116005.980564184] [lifecycle_manager_navigation]: [34m[1mCreating and initializing lifecycle service clients[0m[0m
[INFO] [1780116005.983211231] [lifecycle_manager_navigation]: [34m[1mStarting managed nodes bringup...[0m[0m
[INFO] [1780116005.983229690] [lifecycle_manager_navigation]: [34m[1mConfiguring controller_server[0m[0m
[INFO] [1780116005.983302377] [controller_server]: Configuring controller interface
[INFO] [1780116005.983312957] [controller_server]: getting progress checker plugins..
[INFO] [1780116005.983409143] [controller_server]: getting goal checker plugins..
[INFO] [1780116005.983450871] [controller_server]: Controller frequency set to 30.0000Hz
[INFO] [1780116005.983476440] [local_costmap.local_costmap]: Configuring
[INFO] [1780116005.984946467] [local_costmap.local_costmap]: Using plugin "obstacle_layer"
[INFO] [1780116005.986834777] [local_costmap.local_costmap]: Subscribed to Topics: scan_front_left scan_front_right
[INFO] [1780116005.988587202] [local_costmap.local_costmap]: Initialized plugin "obstacle_layer"
[INFO] [1780116005.988597771] [local_costmap.local_costmap]: Using plugin "voxel_layer"
[INFO] [1780116005.988818332] [local_costmap.local_costmap]: Subscribed to Topics: camera_front_left camera_front_right camera_rear vlm_obstacles
[INFO] [1780116005.993224454] [local_costmap.local_costmap]: Initialized plugin "voxel_layer"
[INFO] [1780116005.993236933] [local_costmap.local_costmap]: Using plugin "stvl_layer"
[INFO] [1780116006.007803202] [local_costmap.local_costmap]: stvl_layer being initialized as SpatioTemporalVoxelLayer!
[INFO] [1780116006.007843371] [local_costmap.local_costmap]: stvl_layer's global frame is odom.
[INFO] [1780116006.008402737] [local_costmap.local_costmap]: stvl_layer loaded parameters from parameter server.
[INFO] [1780116006.009142225] [local_costmap.local_costmap]: stvl_layer created underlying voxel grid.
[INFO] [1780116006.009787928] [local_costmap.local_costmap]: Voxel filter activated.
[INFO] [1780116006.010868872] [local_costmap.local_costmap]: Voxel filter activated.
[INFO] [1780116006.011853290] [local_costmap.local_costmap]: Voxel filter activated.
[INFO] [1780116006.012310660] [local_costmap.local_costmap]: stvl_layer initialization complete!
[INFO] [1780116006.012320240] [local_costmap.local_costmap]: Initialized plugin "stvl_layer"
[INFO] [1780116006.012324170] [local_costmap.local_costmap]: Using plugin "inflation_layer"
[INFO] [1780116006.013395724] [local_costmap.local_costmap]: Initialized plugin "inflation_layer"
[INFO] [1780116006.018471117] [controller_server]: Created progress_checker : progress_checker of type nav2_controller::SimpleProgressChecker
[INFO] [1780116006.018609642] [controller_server]: Controller Server has progress_checker  progress checkers available.
[INFO] [1780116006.018859811] [controller_server]: Created goal checker : general_goal_checker of type nav2_controller::SimpleGoalChecker
[INFO] [1780116006.019010814] [controller_server]: Controller Server has general_goal_checker  goal checkers available.
[INFO] [1780116006.019677316] [controller_server]: Created controller : FollowPath of type nav2_mppi_controller::MPPIController
[WARN] [1780116006.020337008] [controller_server]: Controller period is less then model dt, consider setting it equal
[INFO] [1780116006.021163963] [controller_server]: ConstraintCritic instantiated with 1 power and 4.000000 weight.
[INFO] [1780116006.021180522] [controller_server]: Critic loaded : mppi::critics::ConstraintCritic
[INFO] [1780116006.021490659] [controller_server]: InflationCostCritic instantiated with 1 power and 300.000000 / 0.015000 weights. Critic will collision check based on footprint cost.
[INFO] [1780116006.021499588] [controller_server]: Critic loaded : mppi::critics::CostCritic
[INFO] [1780116006.021629603] [controller_server]: GoalCritic instantiated with 1 power and 5.000000 weight.
[INFO] [1780116006.021636173] [controller_server]: Critic loaded : mppi::critics::GoalCritic
[INFO] [1780116006.021802826] [controller_server]: GoalAngleCritic instantiated with 1 power, 3.000000 weight, 0.500000 angular threshold and symmetric_yaw_tolerance disabled
[INFO] [1780116006.021809095] [controller_server]: Critic loaded : mppi::critics::GoalAngleCritic
[INFO] [1780116006.022050775] [controller_server]: ReferenceTrajectoryCritic instantiated with 1 power and 14.000000 weight
[INFO] [1780116006.022063984] [controller_server]: Critic loaded : mppi::critics::PathAlignCritic
[INFO] [1780116006.022238907] [controller_server]: Critic loaded : mppi::critics::PathFollowCritic
[INFO] [1780116006.022496816] [controller_server]: PathAngleCritic instantiated with 1 power and 2.000000 weight. Mode set to: Consider Feasible Path Orientations
[INFO] [1780116006.022510775] [controller_server]: Critic loaded : mppi::critics::PathAngleCritic
[INFO] [1780116006.022664159] [controller_server]: PreferForwardCritic instantiated with 1 power and 5.000000 weight.
[INFO] [1780116006.022673028] [controller_server]: Critic loaded : mppi::critics::PreferForwardCritic
[INFO] [1780116006.023529062] [controller_server]: Optimizer reset
[INFO] [1780116006.024544019] [MPPIController]: Configured MPPI Controller: FollowPath
[INFO] [1780116006.024552398] [controller_server]: Controller Server has FollowPath  controllers available.
[INFO] [1780116006.026416399] [lifecycle_manager_navigation]: [34m[1mConfiguring smoother_server[0m[0m
[INFO] [1780116006.026488436] [smoother_server]: Configuring smoother server
[INFO] [1780116006.030003876] [smoother_server]: Created smoother : path_smoother of type nav2_constrained_smoother/ConstrainedSmoother
[INFO] [1780116006.030677827] [smoother_server]: Smoother Server has path_smoother  smoothers available.
[INFO] [1780116006.031691694] [lifecycle_manager_navigation]: [34m[1mConfiguring planner_server[0m[0m
[INFO] [1780116006.031745782] [planner_server]: Configuring
[INFO] [1780116006.031765141] [global_costmap.global_costmap]: Configuring
[INFO] [1780116006.033169611] [global_costmap.global_costmap]: Using plugin "static_layer"
[INFO] [1780116006.033446599] [global_costmap.global_costmap]: Subscribing to the map topic (/map) with transient local durability
[INFO] [1780116006.033605012] [global_costmap.global_costmap]: Initialized plugin "static_layer"
[INFO] [1780116006.033610042] [global_costmap.global_costmap]: Using plugin "obstacle_layer"
[INFO] [1780116006.033826923] [global_costmap.global_costmap]: Subscribed to Topics: scan_front_left scan_front_right
[INFO] [1780116006.035608317] [global_costmap.global_costmap]: Initialized plugin "obstacle_layer"
[INFO] [1780116006.035618107] [global_costmap.global_costmap]: Using plugin "voxel_layer"
[INFO] [1780116006.035802059] [global_costmap.global_costmap]: Subscribed to Topics: camera_front_left camera_front_right camera_rear vlm_obstacles
[INFO] [1780116006.040225650] [global_costmap.global_costmap]: Initialized plugin "voxel_layer"
[INFO] [1780116006.040233910] [global_costmap.global_costmap]: Using plugin "stvl_layer"
[INFO] [1780116006.040293647] [global_costmap.global_costmap]: stvl_layer being initialized as SpatioTemporalVoxelLayer!
[INFO] [1780116006.040302167] [global_costmap.global_costmap]: stvl_layer's global frame is map.
[INFO] [1780116006.040700520] [global_costmap.global_costmap]: stvl_layer loaded parameters from parameter server.
[INFO] [1780116006.040930280] [global_costmap.global_costmap]: stvl_layer created underlying voxel grid.
[INFO] [1780116006.041622910] [global_costmap.global_costmap]: Voxel filter activated.
[INFO] [1780116006.042700764] [global_costmap.global_costmap]: Voxel filter activated.
[INFO] [1780116006.043732571] [global_costmap.global_costmap]: Voxel filter activated.
[INFO] [1780116006.044135283] [global_costmap.global_costmap]: stvl_layer initialization complete!
[INFO] [1780116006.044142573] [global_costmap.global_costmap]: Initialized plugin "stvl_layer"
[INFO] [1780116006.044146453] [global_costmap.global_costmap]: Using plugin "inflation_layer"
[INFO] [1780116006.045233067] [global_costmap.global_costmap]: Initialized plugin "inflation_layer"
[INFO] [1780116006.051228351] [global_costmap.global_costmap]: StaticLayer: Resizing costmap to 2608 X 2848 at 0.050000 m/pix
[INFO] [1780116006.052116623] [planner_server]: Created global planner plugin GridBased of type nav2_smac_planner::SmacPlannerHybrid
[INFO] [1780116006.052135092] [planner_server]: Configuring GridBased of type SmacPlannerHybrid
[INFO] [1780116006.052963797] [planner_server]: Even sized heuristic lookup table size set 100.000000, increasing size by 1 to make odd
[INFO] [1780116006.078054837] [lifecycle_manager_localization]: Server map_server connected with bond.
[INFO] [1780116006.078093696] [lifecycle_manager_localization]: [34m[1mActivating amcl[0m[0m
[INFO] [1780116006.078321806] [amcl]: Activating
[INFO] [1780116006.078351275] [amcl]: Creating bond (amcl) to lifecycle manager.
[INFO] [1780116006.079559263] [amcl]: createLaserObject
[INFO] [1780116006.179485103] [lifecycle_manager_localization]: Server amcl connected with bond.
[INFO] [1780116006.179531611] [lifecycle_manager_localization]: [34m[1mManaged nodes are active[0m[0m
[INFO] [1780116006.179546260] [lifecycle_manager_localization]: [34m[1mCreating bond timer...[0m[0m
[INFO] [1780116006.619428856] [planner_server]: Configured plugin GridBased of type SmacPlannerHybrid with maximum iterations 100000000, max on approach iterations 1000, and allowing unknown traversal. Tolerance 0.30.Using motion model: Reeds-Shepp.
[INFO] [1780116006.619478314] [planner_server]: Planner Server has GridBased  planners available.
[INFO] [1780116006.621687860] [lifecycle_manager_navigation]: [34m[1mConfiguring route_server[0m[0m
[INFO] [1780116006.621833804] [route_server]: Configuring
[INFO] [1780116006.625606763] [route_server]: Created GraphFileLoader GeoJsonGraphFileLoader of type nav2_route::GeoJsonGraphFileLoader
[INFO] [1780116006.625624132] [route_server]: Configuring geojson graph file loader
[INFO] [1780116006.625631002] [route_server]: No graph file provided to load yet.
[INFO] [1780116006.626616560] [route_server]: Created edge cost function plugin DistanceScorer of type nav2_route::DistanceScorer
[INFO] [1780116006.626631119] [route_server]: Configuring distance scorer.
[INFO] [1780116006.626776653] [route_server]: Created edge cost function plugin CostmapScorer of type nav2_route::CostmapScorer
[INFO] [1780116006.626790212] [route_server]: Configuring costmap scorer.
[INFO] [1780116006.627841247] [route_server]: Created route operation AdjustSpeedLimit of type nav2_route::AdjustSpeedLimit
[INFO] [1780116006.627853397] [route_server]: Configuring Adjust speed limit operation.
[INFO] [1780116006.628137625] [route_server]: Created route operation ReroutingService of type nav2_route::ReroutingService
[INFO] [1780116006.628150594] [route_server]: Configuring Rerouting service operation.
[INFO] [1780116006.628342506] [route_server]: Created route operation CollisionMonitor of type nav2_route::CollisionMonitor
[INFO] [1780116006.628376805] [route_server]: Using costmap topic: local_costmap/costmap_raw instead of server costmap topic: global_costmap/costmap_raw for CollisionMonitor.
[INFO] [1780116006.629085444] [lifecycle_manager_navigation]: [34m[1mConfiguring behavior_server[0m[0m
[INFO] [1780116006.629177160] [behavior_server]: Configuring
[INFO] [1780116006.629938478] [behavior_server]: Creating behavior plugin spin of type nav2_behaviors::Spin
[INFO] [1780116006.630514353] [behavior_server]: Creating behavior plugin backup of type nav2_behaviors::BackUp
[INFO] [1780116006.631045261] [behavior_server]: Creating behavior plugin drive_on_heading of type nav2_behaviors::DriveOnHeading
[INFO] [1780116006.631506591] [behavior_server]: Creating behavior plugin assisted_teleop of type nav2_behaviors::AssistedTeleop
[INFO] [1780116006.632302017] [behavior_server]: Creating behavior plugin wait of type nav2_behaviors::Wait
[INFO] [1780116006.632987058] [behavior_server]: Configuring spin
[INFO] [1780116006.633951987] [behavior_server]: Configuring backup
[INFO] [1780116006.634672826] [behavior_server]: Configuring drive_on_heading
[INFO] [1780116006.635313849] [behavior_server]: Configuring assisted_teleop
[INFO] [1780116006.636286717] [behavior_server]: Configuring wait
[INFO] [1780116006.637029716] [lifecycle_manager_navigation]: [34m[1mConfiguring velocity_smoother[0m[0m
[INFO] [1780116006.637143681] [velocity_smoother]: Configuring velocity smoother
[INFO] [1780116006.638267573] [lifecycle_manager_navigation]: [34m[1mConfiguring collision_monitor[0m[0m
[INFO] [1780116006.638342390] [collision_monitor]: Configuring
[INFO] [1780116006.639352527] [collision_monitor]: [scan_front_left]: Creating Scan
[INFO] [1780116006.639680413] [collision_monitor]: [scan_front_right]: Creating Scan
[INFO] [1780116006.639991110] [collision_monitor]: [FootprintApproach]: Creating Polygon
[INFO] [1780116006.640080766] [collision_monitor]: [FootprintApproach]: Polygon points are not defined. Using dynamic subscription instead.
[INFO] [1780116006.640349404] [collision_monitor]: [FootprintApproach]: Making footprint subscriber on /local_costmap/published_footprint topic
[INFO] [1780116006.641357291] [lifecycle_manager_navigation]: [34m[1mConfiguring bt_navigator[0m[0m
[INFO] [1780116006.641414369] [bt_navigator]: Configuring
[INFO] [1780116006.642231504] [bt_navigator]: Creating navigator id navigate_to_pose of type nav2_bt_navigator::NavigateToPoseNavigator
[INFO] [1780116006.671899989] [bt_navigator]: Creating navigator id navigate_through_poses of type nav2_bt_navigator::NavigateThroughPosesNavigator
[INFO] [1780116006.678820134] [lifecycle_manager_navigation]: [34m[1mConfiguring waypoint_follower[0m[0m
[INFO] [1780116006.678907081] [waypoint_follower]: Configuring
[INFO] [1780116006.682086585] [waypoint_follower]: Created waypoint_task_executor : wait_at_waypoint of type nav2_waypoint_follower::WaitAtWaypoint
[INFO] [1780116006.682346884] [lifecycle_manager_navigation]: [34m[1mConfiguring docking_server[0m[0m
[INFO] [1780116006.682406182] [docking_server]: Configuring docking_server
[INFO] [1780116006.682442660] [docking_server]: Controller frequency set to 50.0000Hz
[INFO] [1780116006.687037744] [docking_server]: Created charging dock plugin simple_charging_dock of type opennav_docking::SimpleChargingDock
[INFO] [1780116006.688060710] [docking_server]: Loading docks from parameter file.
[INFO] [1780116006.688189455] [docking_server]: Docking Server has 1 dock types and 1 dock instances available.
[INFO] [1780116006.688507801] [lifecycle_manager_navigation]: [34m[1mActivating controller_server[0m[0m
[INFO] [1780116006.688595098] [controller_server]: Activating
[INFO] [1780116006.688622226] [local_costmap.local_costmap]: Activating
[INFO] [1780116006.688632486] [local_costmap.local_costmap]: Checking transform
[INFO] [1780116006.688691203] [local_costmap.local_costmap]: start
[INFO] [1780116006.689417313] [local_costmap.local_costmap]: stvl_layer was activated.
[WARN] [1780116006.839902246] [controller_server]: Parameter controller_server.verbose not found
[INFO] [1780116006.840671594] [controller_server]: Optimizer reset
[INFO] [1780116006.840826847] [MPPIController]: Activated MPPI Controller: FollowPath
[INFO] [1780116006.840844786] [controller_server]: Creating bond (controller_server) to lifecycle manager.
[INFO] [1780116006.942016153] [lifecycle_manager_navigation]: Server controller_server connected with bond.
[INFO] [1780116006.942073121] [lifecycle_manager_navigation]: [34m[1mActivating smoother_server[0m[0m
[INFO] [1780116006.942497903] [smoother_server]: Activating
[INFO] [1780116006.942588549] [smoother_server]: Activating smoother: path_smoother of type nav2_constrained_smoother::ConstrainedSmoother
[INFO] [1780116006.942606578] [smoother_server]: Creating bond (smoother_server) to lifecycle manager.
[INFO] [1780116007.044247365] [lifecycle_manager_navigation]: Server smoother_server connected with bond.
[INFO] [1780116007.044310883] [lifecycle_manager_navigation]: [34m[1mActivating planner_server[0m[0m
[INFO] [1780116007.044616570] [planner_server]: Activating
[INFO] [1780116007.044666168] [global_costmap.global_costmap]: Activating
[INFO] [1780116007.044677477] [global_costmap.global_costmap]: Checking transform
[INFO] [1780116007.044802202] [global_costmap.global_costmap]: start
[INFO] [1780116007.045862087] [global_costmap.global_costmap]: stvl_layer was activated.
[INFO] [1780116007.207259718] [amcl]: initialPoseReceived
[INFO] [1780116007.207399922] [amcl]: Setting pose (3.970000): 63.001 36.551 -3.139
[INFO] [1780116007.696291578] [planner_server]: Activating plugin GridBased of type SmacPlannerHybrid
[INFO] [1780116007.697256467] [planner_server]: Creating bond (planner_server) to lifecycle manager.
[INFO] [1780116007.798210334] [lifecycle_manager_navigation]: Server planner_server connected with bond.
[INFO] [1780116007.798264962] [lifecycle_manager_navigation]: [34m[1mActivating route_server[0m[0m
[INFO] [1780116007.798511972] [route_server]: Activating
[INFO] [1780116007.798634556] [route_server]: Creating bond (route_server) to lifecycle manager.
[INFO] [1780116007.900010026] [lifecycle_manager_navigation]: Server route_server connected with bond.
[INFO] [1780116007.900065964] [lifecycle_manager_navigation]: [34m[1mActivating behavior_server[0m[0m
[INFO] [1780116007.900248036] [behavior_server]: Activating
[INFO] [1780116007.900283324] [behavior_server]: Activating spin
[INFO] [1780116007.900310413] [behavior_server]: Activating backup
[INFO] [1780116007.900321873] [behavior_server]: Activating drive_on_heading
[INFO] [1780116007.900331722] [behavior_server]: Activating assisted_teleop
[INFO] [1780116007.900342382] [behavior_server]: Activating wait
[INFO] [1780116007.900357231] [behavior_server]: Creating bond (behavior_server) to lifecycle manager.
[INFO] [1780116008.001708742] [lifecycle_manager_navigation]: Server behavior_server connected with bond.
[INFO] [1780116008.001745370] [lifecycle_manager_navigation]: [34m[1mActivating velocity_smoother[0m[0m
[INFO] [1780116008.001894424] [velocity_smoother]: Activating
[INFO] [1780116008.001978591] [velocity_smoother]: Creating bond (velocity_smoother) to lifecycle manager.
[INFO] [1780116008.103276555] [lifecycle_manager_navigation]: Server velocity_smoother connected with bond.
[INFO] [1780116008.103324343] [lifecycle_manager_navigation]: [34m[1mActivating collision_monitor[0m[0m
[INFO] [1780116008.103568153] [collision_monitor]: Activating
[INFO] [1780116008.103629090] [collision_monitor]: Creating bond (collision_monitor) to lifecycle manager.
[INFO] [1780116008.204770272] [lifecycle_manager_navigation]: Server collision_monitor connected with bond.
[INFO] [1780116008.204814160] [lifecycle_manager_navigation]: [34m[1mActivating bt_navigator[0m[0m
[INFO] [1780116008.204950454] [bt_navigator]: Activating
[INFO] [1780116008.216840008] [bt_navigator]: Creating bond (bt_navigator) to lifecycle manager.
[INFO] [1780116008.317744309] [lifecycle_manager_navigation]: Server bt_navigator connected with bond.
[INFO] [1780116008.317796427] [lifecycle_manager_navigation]: [34m[1mActivating waypoint_follower[0m[0m
[INFO] [1780116008.317955480] [waypoint_follower]: Activating
[INFO] [1780116008.317996189] [waypoint_follower]: Creating bond (waypoint_follower) to lifecycle manager.
[INFO] [1780116008.419283974] [lifecycle_manager_navigation]: Server waypoint_follower connected with bond.
[INFO] [1780116008.419349521] [lifecycle_manager_navigation]: [34m[1mActivating docking_server[0m[0m
[INFO] [1780116008.419662558] [docking_server]: Activating docking_server
[INFO] [1780116008.421646353] [docking_server]: Creating bond (docking_server) to lifecycle manager.
[INFO] [1780116008.522518386] [lifecycle_manager_navigation]: Server docking_server connected with bond.
[INFO] [1780116008.522591063] [lifecycle_manager_navigation]: [34m[1mManaged nodes are active[0m[0m
[INFO] [1780116008.522599853] [lifecycle_manager_navigation]: [34m[1mCreating bond timer...[0m[0m
[INFO] [1780116011.190767857] [local_costmap.local_costmap]: Received request to clear entirely the local_costmap
[INFO] [1780116011.198075046] [global_costmap.global_costmap]: Received request to clear entirely the global_costmap
[INFO] [1780116011.205978900] [docking_server]: Attempting to undock robot of dock type simple_charging_dock.
[INFO] [1780116011.206013858] [docking_server]: Robot is not in the dock, no need to undock
[WARN] [1780116011.206022238] [docking_server]: [undock_robot] [ActionServer] Current goal was not completed successfully.
[WARN] [1780116011.206027038] [docking_server]: [undock_robot] [ActionServer] Aborting handle.
[INFO] [1780116011.206736617] [behavior_server]: Running backup
[INFO] [1780116012.706856387] [behavior_server]: backup completed successfully
[INFO] [1780116012.708536836] [local_costmap.local_costmap]: Received request to clear entirely the local_costmap
[INFO] [1780116012.710557600] [global_costmap.global_costmap]: Received request to clear entirely the global_costmap
[INFO] [1780116012.717724105] [bt_navigator]: Begin navigating from current location (62.11, 35.92) to (-8.00, -52.55)
[WARN] [1780116013.421288082] [planner_server]: Planner loop missed its desired rate of 999999999.0000 Hz. Current loop rate is 1.4286 Hz
[INFO] [1780116013.439062406] [controller_server]: Received a goal, begin computing control effort.
[WARN] [1780116013.439129483] [controller_server]: No goal checker was specified in parameter 'current_goal_checker'. Server will use only plugin loaded general_goal_checker . This warning will appear once.
[WARN] [1780116013.439144243] [controller_server]: No progress checker was specified in parameter 'current_progress_checker'. Server will use only plugin loaded progress_checker . This warning will appear once.
[WARN] [1780116014.663923149] [planner_server]: Planner loop missed its desired rate of 999999999.0000 Hz. Current loop rate is 4.5455 Hz
[INFO] [1780116014.705961683] [controller_server]: Passing new path to controller.
[WARN] [1780116015.950930969] [planner_server]: Planner loop missed its desired rate of 999999999.0000 Hz. Current loop rate is 3.7037 Hz
[INFO] [1780116015.972624347] [controller_server]: Passing new path to controller.
[WARN] [1780116017.200179782] [planner_server]: Planner loop missed its desired rate of 999999999.0000 Hz. Current loop rate is 4.5455 Hz
[INFO] [1780116017.239290713] [controller_server]: Passing new path to controller.
[WARN] [1780116018.431779302] [planner_server]: Planner loop missed its desired rate of 999999999.0000 Hz. Current loop rate is 4.7619 Hz
[INFO] [1780116018.472622959] [controller_server]: Passing new path to controller.
[WARN] [1780116019.677679890] [planner_server]: Planner loop missed its desired rate of 999999999.0000 Hz. Current loop rate is 4.3478 Hz
[INFO] [1780116019.705955141] [controller_server]: Passing new path to controller.
[WARN] [1780116020.932655220] [planner_server]: Planner loop missed its desired rate of 999999999.0000 Hz. Current loop rate is 4.3478 Hz
[INFO] [1780116020.972625336] [controller_server]: Passing new path to controller.
[WARN] [1780116022.280256327] [planner_server]: Planner loop missed its desired rate of 999999999.0000 Hz. Current loop rate is 3.0303 Hz
[INFO] [1780116022.305960688] [controller_server]: Passing new path to controller.
[WARN] [1780116023.577125572] [planner_server]: Planner loop missed its desired rate of 999999999.0000 Hz. Current loop rate is 3.7037 Hz
[INFO] [1780116023.605985190] [controller_server]: Passing new path to controller.
[WARN] [1780116024.947202847] [planner_server]: Planner loop missed its desired rate of 999999999.0000 Hz. Current loop rate is 2.7778 Hz
[INFO] [1780116024.972631661] [controller_server]: Passing new path to controller.
[WARN] [1780116026.255486139] [planner_server]: Planner loop missed its desired rate of 999999999.0000 Hz. Current loop rate is 3.3333 Hz
[INFO] [1780116026.272638983] [controller_server]: Passing new path to controller.
[WARN] [1780116027.649829913] [planner_server]: Planner loop missed its desired rate of 999999999.0000 Hz. Current loop rate is 2.7027 Hz
[INFO] [1780116027.672627839] [controller_server]: Passing new path to controller.
[WARN] [1780116028.940449610] [planner_server]: Planner loop missed its desired rate of 999999999.0000 Hz. Current loop rate is 3.8462 Hz
[INFO] [1780116028.972646060] [controller_server]: Passing new path to controller.
[WARN] [1780116030.234311712] [planner_server]: Planner loop missed its desired rate of 999999999.0000 Hz. Current loop rate is 3.5714 Hz
[INFO] [1780116030.272624575] [controller_server]: Passing new path to controller.
[WARN] [1780116031.622112778] [planner_server]: Planner loop missed its desired rate of 999999999.0000 Hz. Current loop rate is 2.7778 Hz
[INFO] [1780116031.639294543] [controller_server]: Passing new path to controller.
[WARN] [1780116032.994796181] [planner_server]: Planner loop missed its desired rate of 999999999.0000 Hz. Current loop rate is 2.9412 Hz
[INFO] [1780116033.039286335] [controller_server]: Passing new path to controller.
[WARN] [1780116034.337605440] [planner_server]: Planner loop missed its desired rate of 999999999.0000 Hz. Current loop rate is 3.1250 Hz
[INFO] [1780116034.372640593] [controller_server]: Passing new path to controller.
[WARN] [1780116035.627185580] [planner_server]: Planner loop missed its desired rate of 999999999.0000 Hz. Current loop rate is 3.5714 Hz
[INFO] [1780116035.639302849] [controller_server]: Passing new path to controller.
[WARN] [1780116036.916768126] [planner_server]: Planner loop missed its desired rate of 999999999.0000 Hz. Current loop rate is 3.7037 Hz
[INFO] [1780116036.939295427] [controller_server]: Passing new path to controller.
[WARN] [1780116038.234425001] [planner_server]: Planner loop missed its desired rate of 999999999.0000 Hz. Current loop rate is 3.3333 Hz
[INFO] [1780116038.272650423] [controller_server]: Passing new path to controller.
[WARN] [1780116039.583573251] [planner_server]: Planner loop missed its desired rate of 999999999.0000 Hz. Current loop rate is 3.0303 Hz
[INFO] [1780116039.605956450] [controller_server]: Passing new path to controller.
[WARN] [1780116040.907645704] [planner_server]: Planner loop missed its desired rate of 999999999.0000 Hz. Current loop rate is 3.3333 Hz
[INFO] [1780116040.939290413] [controller_server]: Passing new path to controller.
[WARN] [1780116042.153451685] [planner_server]: Planner loop missed its desired rate of 999999999.0000 Hz. Current loop rate is 4.5455 Hz
[INFO] [1780116042.172631380] [controller_server]: Passing new path to controller.
[WARN] [1780116043.339312691] [controller_server]: Control loop missed its desired rate of 30.0000 Hz. Current loop rate is 25.0000 Hz.
[WARN] [1780116043.444627459] [controller_server]: Control loop missed its desired rate of 30.0000 Hz. Current loop rate is 25.0000 Hz.
[WARN] [1780116043.676737731] [planner_server]: Planner loop missed its desired rate of 999999999.0000 Hz. Current loop rate is 2.0408 Hz
[INFO] [1780116043.711415975] [controller_server]: Passing new path to controller.
[WARN] [1780116044.911589569] [planner_server]: Planner loop missed its desired rate of 999999999.0000 Hz. Current loop rate is 4.3478 Hz
[INFO] [1780116044.944737887] [controller_server]: Passing new path to controller.
[WARN] [1780116046.162703681] [planner_server]: Planner loop missed its desired rate of 999999999.0000 Hz. Current loop rate is 4.1667 Hz
[INFO] [1780116046.211424517] [controller_server]: Passing new path to controller.
[WARN] [1780116047.469648329] [planner_server]: Planner loop missed its desired rate of 999999999.0000 Hz. Current loop rate is 3.5714 Hz
[INFO] [1780116047.511406228] [controller_server]: Passing new path to controller.
[WARN] [1780116048.725157219] [planner_server]: Planner loop missed its desired rate of 999999999.0000 Hz. Current loop rate is 4.1667 Hz
[INFO] [1780116048.744748778] [controller_server]: Passing new path to controller.
[WARN] [1780116049.963396858] [planner_server]: Planner loop missed its desired rate of 999999999.0000 Hz. Current loop rate is 4.5455 Hz
[INFO] [1780116050.011405277] [controller_server]: Passing new path to controller.
[WARN] [1780116051.154770527] [planner_server]: Planner loop missed its desired rate of 999999999.0000 Hz. Current loop rate is 5.8824 Hz
[INFO] [1780116051.178089210] [controller_server]: Passing new path to controller.
[WARN] [1780116052.472448633] [planner_server]: Planner loop missed its desired rate of 999999999.0000 Hz. Current loop rate is 3.4483 Hz
[INFO] [1780116052.511418762] [controller_server]: Passing new path to controller.
[WARN] [1780116053.684990514] [planner_server]: Planner loop missed its desired rate of 999999999.0000 Hz. Current loop rate is 5.2632 Hz
[INFO] [1780116053.711418379] [controller_server]: Passing new path to controller.
[WARN] [1780116054.949959736] [planner_server]: Planner loop missed its desired rate of 999999999.0000 Hz. Current loop rate is 3.7037 Hz
[INFO] [1780116054.978081180] [controller_server]: Passing new path to controller.
[WARN] [1780116056.159023512] [planner_server]: Planner loop missed its desired rate of 999999999.0000 Hz. Current loop rate is 5.2632 Hz
[INFO] [1780116056.211417443] [controller_server]: Passing new path to controller.
[WARN] [1780116057.437195186] [planner_server]: Planner loop missed its desired rate of 999999999.0000 Hz. Current loop rate is 4.0000 Hz
[INFO] [1780116057.478068349] [controller_server]: Passing new path to controller.
[WARN] [1780116058.744968379] [planner_server]: Planner loop missed its desired rate of 999999999.0000 Hz. Current loop rate is 3.3333 Hz
[INFO] [1780116058.778068997] [controller_server]: Passing new path to controller.
[WARN] [1780116059.978351053] [planner_server]: Planner loop missed its desired rate of 999999999.0000 Hz. Current loop rate is 4.5455 Hz
[INFO] [1780116060.011420404] [controller_server]: Passing new path to controller.
[WARN] [1780116061.218417836] [planner_server]: Planner loop missed its desired rate of 999999999.0000 Hz. Current loop rate is 4.5455 Hz
[INFO] [1780116061.244747568] [controller_server]: Passing new path to controller.
[WARN] [1780116062.419517596] [planner_server]: Planner loop missed its desired rate of 999999999.0000 Hz. Current loop rate is 5.8824 Hz
[INFO] [1780116062.444734915] [controller_server]: Passing new path to controller.
[WARN] [1780116063.647386974] [planner_server]: Planner loop missed its desired rate of 999999999.0000 Hz. Current loop rate is 5.0000 Hz
[INFO] [1780116063.678077335] [controller_server]: Passing new path to controller.
[WARN] [1780116064.877050481] [planner_server]: Planner loop missed its desired rate of 999999999.0000 Hz. Current loop rate is 4.7619 Hz
[INFO] [1780116064.911419309] [controller_server]: Passing new path to controller.
[WARN] [1780116066.051497621] [planner_server]: Planner loop missed its desired rate of 999999999.0000 Hz. Current loop rate is 6.2500 Hz
[INFO] [1780116066.078099774] [controller_server]: Passing new path to controller.
[WARN] [1780116067.254412710] [planner_server]: Planner loop missed its desired rate of 999999999.0000 Hz. Current loop rate is 5.5556 Hz
[INFO] [1780116067.278068215] [controller_server]: Passing new path to controller.
[WARN] [1780116068.466875033] [planner_server]: Planner loop missed its desired rate of 999999999.0000 Hz. Current loop rate is 5.2632 Hz
[INFO] [1780116068.511414781] [controller_server]: Passing new path to controller.
[WARN] [1780116069.698928635] [planner_server]: Planner loop missed its desired rate of 999999999.0000 Hz. Current loop rate is 4.7619 Hz
[INFO] [1780116069.744744411] [controller_server]: Passing new path to controller.
[WARN] [1780116070.992285033] [planner_server]: Planner loop missed its desired rate of 999999999.0000 Hz. Current loop rate is 3.5714 Hz
[INFO] [1780116071.011410919] [controller_server]: Passing new path to controller.
[WARN] [1780116072.186447480] [planner_server]: Planner loop missed its desired rate of 999999999.0000 Hz. Current loop rate is 5.8824 Hz
[INFO] [1780116072.211422293] [controller_server]: Passing new path to controller.
[WARN] [1780116073.372171368] [planner_server]: Planner loop missed its desired rate of 999999999.0000 Hz. Current loop rate is 5.5556 Hz
[INFO] [1780116073.411409899] [controller_server]: Passing new path to controller.
[WARN] [1780116074.592008443] [planner_server]: Planner loop missed its desired rate of 999999999.0000 Hz. Current loop rate is 4.7619 Hz
[INFO] [1780116074.611417937] [controller_server]: Passing new path to controller.
[WARN] [1780116075.809970988] [planner_server]: Planner loop missed its desired rate of 999999999.0000 Hz. Current loop rate is 5.2632 Hz
[INFO] [1780116075.844748925] [controller_server]: Passing new path to controller.
[WARN] [1780116077.026269695] [planner_server]: Planner loop missed its desired rate of 999999999.0000 Hz. Current loop rate is 5.0000 Hz
[INFO] [1780116077.044737889] [controller_server]: Passing new path to controller.
[WARN] [1780116078.252497755] [planner_server]: Planner loop missed its desired rate of 999999999.0000 Hz. Current loop rate is 4.7619 Hz
[INFO] [1780116078.278068696] [controller_server]: Passing new path to controller.
[WARN] [1780116079.437781254] [planner_server]: Planner loop missed its desired rate of 999999999.0000 Hz. Current loop rate is 5.8824 Hz
[INFO] [1780116079.478083135] [controller_server]: Passing new path to controller.
[WARN] [1780116080.645940848] [planner_server]: Planner loop missed its desired rate of 999999999.0000 Hz. Current loop rate is 5.2632 Hz
[INFO] [1780116080.678064538] [controller_server]: Passing new path to controller.
[WARN] [1780116081.853461900] [planner_server]: Planner loop missed its desired rate of 999999999.0000 Hz. Current loop rate is 5.2632 Hz
[INFO] [1780116081.878079431] [controller_server]: Passing new path to controller.
[WARN] [1780116083.100874695] [planner_server]: Planner loop missed its desired rate of 999999999.0000 Hz. Current loop rate is 4.5455 Hz
[INFO] [1780116083.144762720] [controller_server]: Passing new path to controller.
[WARN] [1780116084.280897140] [planner_server]: Planner loop missed its desired rate of 999999999.0000 Hz. Current loop rate is 6.2500 Hz
[INFO] [1780116084.311417719] [controller_server]: Passing new path to controller.
[WARN] [1780116085.575605079] [planner_server]: Planner loop missed its desired rate of 999999999.0000 Hz. Current loop rate is 3.5714 Hz
[INFO] [1780116085.611408409] [controller_server]: Passing new path to controller.
[WARN] [1780116086.691598633] [planner_server]: Planner loop missed its desired rate of 999999999.0000 Hz. Current loop rate is 10.0000 Hz
[INFO] [1780116086.711412775] [controller_server]: Passing new path to controller.
[WARN] [1780116088.122957376] [planner_server]: Planner loop missed its desired rate of 999999999.0000 Hz. Current loop rate is 2.4390 Hz
[INFO] [1780116088.144750866] [controller_server]: Passing new path to controller.
[WARN] [1780116089.434830062] [planner_server]: Planner loop missed its desired rate of 999999999.0000 Hz. Current loop rate is 3.4483 Hz
[INFO] [1780116089.478069688] [controller_server]: Passing new path to controller.
[WARN] [1780116090.707123426] [planner_server]: Planner loop missed its desired rate of 999999999.0000 Hz. Current loop rate is 4.0000 Hz
[INFO] [1780116090.744736835] [controller_server]: Passing new path to controller.
[WARN] [1780116091.862724674] [planner_server]: Planner loop missed its desired rate of 999999999.0000 Hz. Current loop rate is 6.6667 Hz
[INFO] [1780116091.911422386] [controller_server]: Passing new path to controller.
[WARN] [1780116093.107583825] [planner_server]: Planner loop missed its desired rate of 999999999.0000 Hz. Current loop rate is 4.5455 Hz
[INFO] [1780116093.144749334] [controller_server]: Passing new path to controller.
[WARN] [1780116094.383209394] [planner_server]: Planner loop missed its desired rate of 999999999.0000 Hz. Current loop rate is 3.8462 Hz
[INFO] [1780116094.411424182] [controller_server]: Passing new path to controller.
[WARN] [1780116095.609341244] [planner_server]: Planner loop missed its desired rate of 999999999.0000 Hz. Current loop rate is 4.7619 Hz
[INFO] [1780116095.644754436] [controller_server]: Passing new path to controller.
[WARN] [1780116096.850571424] [planner_server]: Planner loop missed its desired rate of 999999999.0000 Hz. Current loop rate is 4.5455 Hz
[INFO] [1780116096.878076202] [controller_server]: Passing new path to controller.
[WARN] [1780116098.061442996] [planner_server]: Planner loop missed its desired rate of 999999999.0000 Hz. Current loop rate is 5.2632 Hz
[INFO] [1780116098.111416451] [controller_server]: Passing new path to controller.
[WARN] [1780116099.292232323] [planner_server]: Planner loop missed its desired rate of 999999999.0000 Hz. Current loop rate is 5.0000 Hz
[INFO] [1780116099.311406015] [controller_server]: Passing new path to controller.
[WARN] [1780116100.481670941] [planner_server]: Planner loop missed its desired rate of 999999999.0000 Hz. Current loop rate is 6.2500 Hz
[INFO] [1780116100.511410129] [controller_server]: Passing new path to controller.
[WARN] [1780116101.664825858] [planner_server]: Planner loop missed its desired rate of 999999999.0000 Hz. Current loop rate is 5.8824 Hz
[INFO] [1780116101.711407874] [controller_server]: Passing new path to controller.
[WARN] [1780116102.789055935] [planner_server]: Planner loop missed its desired rate of 999999999.0000 Hz. Current loop rate is 10.0000 Hz
[INFO] [1780116102.811417766] [controller_server]: Passing new path to controller.
[WARN] [1780116103.978777152] [planner_server]: Planner loop missed its desired rate of 999999999.0000 Hz. Current loop rate is 6.2500 Hz
[INFO] [1780116104.011410782] [controller_server]: Passing new path to controller.
[WARN] [1780116105.185884058] [planner_server]: Planner loop missed its desired rate of 999999999.0000 Hz. Current loop rate is 5.2632 Hz
[INFO] [1780116105.211409501] [controller_server]: Passing new path to controller.
[WARN] [1780116106.302742507] [planner_server]: Planner loop missed its desired rate of 999999999.0000 Hz. Current loop rate is 10.0000 Hz
[INFO] [1780116106.344751784] [controller_server]: Passing new path to controller.
[WARN] [1780116107.440700599] [planner_server]: Planner loop missed its desired rate of 999999999.0000 Hz. Current loop rate is 8.3333 Hz
[INFO] [1780116107.478094256] [controller_server]: Passing new path to controller.
[WARN] [1780116108.560992834] [planner_server]: Planner loop missed its desired rate of 999999999.0000 Hz. Current loop rate is 10.0000 Hz
[INFO] [1780116108.611384939] [controller_server]: Passing new path to controller.
[WARN] [1780116109.639521637] [planner_server]: Planner loop missed its desired rate of 999999999.0000 Hz. Current loop rate is 20.0000 Hz
[INFO] [1780116109.678070358] [controller_server]: Passing new path to controller.
[WARN] [1780116110.679627621] [planner_server]: Planner loop missed its desired rate of 999999999.0000 Hz. Current loop rate is 50.0000 Hz
[INFO] [1780116110.711412340] [controller_server]: Passing new path to controller.
[INFO] [1780116111.744734618] [controller_server]: Passing new path to controller.
[INFO] [1780116112.744735064] [controller_server]: Passing new path to controller.
[INFO] [1780116113.778088772] [controller_server]: Passing new path to controller.
[INFO] [1780116114.811421525] [controller_server]: Passing new path to controller.
[INFO] [1780116115.811420207] [controller_server]: Passing new path to controller.
[INFO] [1780116116.844756880] [controller_server]: Passing new path to controller.
[INFO] [1780116117.878118469] [controller_server]: Passing new path to controller.
[INFO] [1780116118.911403945] [controller_server]: Passing new path to controller.
[INFO] [1780116119.148326023] [controller_server]: Reached the goal!
[INFO] [1780116119.148691638] [controller_server]: Optimizer reset
[ERROR] [1780116119.189376398] [bt_navigator_navigate_to_pose_rclcpp_node]: Failed to get result for vlm_node/query_bool in node halt!
[INFO] [1780116119.189631437] [bt_navigator]: Goal succeeded
[INFO] [1780116129.194147321] [local_costmap.local_costmap]: Received request to clear entirely the local_costmap
[INFO] [1780116129.208635362] [global_costmap.global_costmap]: Received request to clear entirely the global_costmap
[INFO] [1780116129.221356315] [bt_navigator]: Begin navigating from current location (-7.93, -52.34) to (-35.50, -36.70)
[WARN] [1780116129.913695803] [planner_server]: Planner loop missed its desired rate of 999999999.0000 Hz. Current loop rate is 1.4286 Hz
[INFO] [1780116129.932337235] [controller_server]: Received a goal, begin computing control effort.
[WARN] [1780116130.635355278] [controller_server]: Control loop missed its desired rate of 30.0000 Hz. Current loop rate is 33.3333 Hz.
[WARN] [1780116130.937720093] [controller_server]: Control loop missed its desired rate of 30.0000 Hz. Current loop rate is 25.0000 Hz.
[WARN] [1780116130.993020035] [planner_server]: Planner loop missed its desired rate of 999999999.0000 Hz. Current loop rate is 20.0000 Hz
[INFO] [1780116131.037856962] [controller_server]: Passing new path to controller.
[WARN] [1780116132.060970266] [planner_server]: Planner loop missed its desired rate of 999999999.0000 Hz. Current loop rate is 20.0000 Hz
[INFO] [1780116132.104497987] [controller_server]: Passing new path to controller.
[WARN] [1780116133.156287431] [planner_server]: Planner loop missed its desired rate of 999999999.0000 Hz. Current loop rate is 14.2857 Hz
[INFO] [1780116133.204501213] [controller_server]: Passing new path to controller.
[WARN] [1780116134.210499642] [planner_server]: Planner loop missed its desired rate of 999999999.0000 Hz. Current loop rate is 33.3333 Hz
[INFO] [1780116134.237815373] [controller_server]: Passing new path to controller.
[WARN] [1780116135.250193878] [planner_server]: Planner loop missed its desired rate of 999999999.0000 Hz. Current loop rate is 33.3333 Hz
[INFO] [1780116135.271179466] [controller_server]: Passing new path to controller.
[WARN] [1780116136.288598051] [planner_server]: Planner loop missed its desired rate of 999999999.0000 Hz. Current loop rate is 50.0000 Hz
[INFO] [1780116136.304507596] [controller_server]: Passing new path to controller.
[WARN] [1780116137.335986065] [planner_server]: Planner loop missed its desired rate of 999999999.0000 Hz. Current loop rate is 50.0000 Hz
[INFO] [1780116137.371172058] [controller_server]: Passing new path to controller.
[WARN] [1780116138.379037180] [planner_server]: Planner loop missed its desired rate of 999999999.0000 Hz. Current loop rate is 50.0000 Hz
[INFO] [1780116138.404500287] [controller_server]: Passing new path to controller.
[WARN] [1780116139.412598974] [planner_server]: Planner loop missed its desired rate of 999999999.0000 Hz. Current loop rate is 50.0000 Hz
[INFO] [1780116139.437833101] [controller_server]: Passing new path to controller.
[WARN] [1780116140.459150267] [planner_server]: Planner loop missed its desired rate of 999999999.0000 Hz. Current loop rate is 50.0000 Hz
[INFO] [1780116140.504500309] [controller_server]: Passing new path to controller.
[WARN] [1780116141.499758026] [planner_server]: Planner loop missed its desired rate of 999999999.0000 Hz. Current loop rate is 50.0000 Hz
[INFO] [1780116141.537846373] [controller_server]: Passing new path to controller.
[WARN] [1780116142.532655052] [planner_server]: Planner loop missed its desired rate of 999999999.0000 Hz. Current loop rate is 50.0000 Hz
[INFO] [1780116142.571176662] [controller_server]: Passing new path to controller.
[WARN] [1780116143.604945227] [planner_server]: Planner loop missed its desired rate of 999999999.0000 Hz. Current loop rate is 20.0000 Hz
[INFO] [1780116143.637832566] [controller_server]: Passing new path to controller.
[WARN] [1780116144.642681137] [planner_server]: Planner loop missed its desired rate of 999999999.0000 Hz. Current loop rate is 100.0000 Hz
[INFO] [1780116144.671136776] [controller_server]: Passing new path to controller.
[WARN] [1780116145.691460705] [planner_server]: Planner loop missed its desired rate of 999999999.0000 Hz. Current loop rate is 50.0000 Hz
[INFO] [1780116145.704497368] [controller_server]: Passing new path to controller.
[WARN] [1780116146.731574228] [planner_server]: Planner loop missed its desired rate of 999999999.0000 Hz. Current loop rate is 33.3333 Hz
[INFO] [1780116146.771177037] [controller_server]: Passing new path to controller.
[WARN] [1780116147.761808026] [planner_server]: Planner loop missed its desired rate of 999999999.0000 Hz. Current loop rate is 50.0000 Hz
[INFO] [1780116147.804508539] [controller_server]: Passing new path to controller.
[WARN] [1780116148.794906902] [planner_server]: Planner loop missed its desired rate of 999999999.0000 Hz. Current loop rate is 100.0000 Hz
[INFO] [1780116148.837849046] [controller_server]: Passing new path to controller.
[WARN] [1780116149.821784643] [planner_server]: Planner loop missed its desired rate of 999999999.0000 Hz. Current loop rate is 100.0000 Hz
[INFO] [1780116149.871186128] [controller_server]: Passing new path to controller.
[WARN] [1780116150.851629319] [planner_server]: Planner loop missed its desired rate of 999999999.0000 Hz. Current loop rate is 50.0000 Hz
[INFO] [1780116150.904500984] [controller_server]: Passing new path to controller.
[INFO] [1780116151.904496750] [controller_server]: Passing new path to controller.
[WARN] [1780116152.923658827] [planner_server]: Planner loop missed its desired rate of 999999999.0000 Hz. Current loop rate is 100.0000 Hz
[INFO] [1780116152.971173219] [controller_server]: Passing new path to controller.
[INFO] [1780116154.004503148] [controller_server]: Passing new path to controller.
[WARN] [1780116154.990925493] [planner_server]: Planner loop missed its desired rate of 999999999.0000 Hz. Current loop rate is 100.0000 Hz
[INFO] [1780116155.004500516] [controller_server]: Passing new path to controller.
[WARN] [1780116156.025409764] [planner_server]: Planner loop missed its desired rate of 999999999.0000 Hz. Current loop rate is 100.0000 Hz
[INFO] [1780116156.071177630] [controller_server]: Passing new path to controller.
[WARN] [1780116157.046729850] [planner_server]: Planner loop missed its desired rate of 999999999.0000 Hz. Current loop rate is 100.0000 Hz
[INFO] [1780116157.071173575] [controller_server]: Passing new path to controller.
[WARN] [1780116158.105223313] [planner_server]: Planner loop missed its desired rate of 999999999.0000 Hz. Current loop rate is 33.3333 Hz
[INFO] [1780116158.137830959] [controller_server]: Passing new path to controller.
[INFO] [1780116158.976596435] [controller_server]: Reached the goal!
[INFO] [1780116158.976847195] [controller_server]: Optimizer reset
[ERROR] [1780116159.012656982] [bt_navigator_navigate_to_pose_rclcpp_node]: Failed to get result for vlm_node/query_bool in node halt!
[INFO] [1780116159.012913162] [bt_navigator]: Goal succeeded
[INFO] [1780116169.093179680] [local_costmap.local_costmap]: Received request to clear entirely the local_costmap
[INFO] [1780116169.105798944] [global_costmap.global_costmap]: Received request to clear entirely the global_costmap
[INFO] [1780116169.118637859] [bt_navigator]: Begin navigating from current location (-35.45, -36.81) to (39.00, 26.65)
[WARN] [1780116170.188482744] [planner_server]: Planner loop missed its desired rate of 999999999.0000 Hz. Current loop rate is 0.9346 Hz
[INFO] [1780116170.211878265] [controller_server]: Received a goal, begin computing control effort.
[WARN] [1780116171.414311518] [planner_server]: Planner loop missed its desired rate of 999999999.0000 Hz. Current loop rate is 5.2632 Hz
[INFO] [1780116171.445457739] [controller_server]: Passing new path to controller.
[WARN] [1780116171.959831168] [controller_server]: Control loop missed its desired rate of 30.0000 Hz. Current loop rate is 20.0000 Hz.
[WARN] [1780116172.050777961] [controller_server]: Control loop missed its desired rate of 30.0000 Hz. Current loop rate is 16.6667 Hz.
[WARN] [1780116172.161561219] [controller_server]: Control loop missed its desired rate of 30.0000 Hz. Current loop rate is 20.0000 Hz.
[WARN] [1780116172.248705375] [controller_server]: Control loop missed its desired rate of 30.0000 Hz. Current loop rate is 20.0000 Hz.
[WARN] [1780116172.351992934] [controller_server]: Control loop missed its desired rate of 30.0000 Hz. Current loop rate is 33.3333 Hz.
[WARN] [1780116172.456626999] [controller_server]: Control loop missed its desired rate of 30.0000 Hz. Current loop rate is 33.3333 Hz.
[WARN] [1780116172.552198377] [controller_server]: Control loop missed its desired rate of 30.0000 Hz. Current loop rate is 16.6667 Hz.
[WARN] [1780116172.657037923] [controller_server]: Control loop missed its desired rate of 30.0000 Hz. Current loop rate is 33.3333 Hz.
[WARN] [1780116172.754197538] [controller_server]: Control loop missed its desired rate of 30.0000 Hz. Current loop rate is 16.6667 Hz.
[WARN] [1780116172.837567285] [planner_server]: Planner loop missed its desired rate of 999999999.0000 Hz. Current loop rate is 2.5000 Hz
[WARN] [1780116172.857372651] [controller_server]: Control loop missed its desired rate of 30.0000 Hz. Current loop rate is 33.3333 Hz.
[INFO] [1780116172.857453638] [controller_server]: Passing new path to controller.
[WARN] [1780116172.957179629] [controller_server]: Control loop missed its desired rate of 30.0000 Hz. Current loop rate is 16.6667 Hz.
[WARN] [1780116173.052513847] [controller_server]: Control loop missed its desired rate of 30.0000 Hz. Current loop rate is 16.6667 Hz.
[WARN] [1780116173.156902363] [controller_server]: Control loop missed its desired rate of 30.0000 Hz. Current loop rate is 33.3333 Hz.
[WARN] [1780116173.256683064] [controller_server]: Control loop missed its desired rate of 30.0000 Hz. Current loop rate is 16.6667 Hz.
[WARN] [1780116173.355293031] [controller_server]: Control loop missed its desired rate of 30.0000 Hz. Current loop rate is 16.6667 Hz.
[WARN] [1780116173.453453927] [controller_server]: Control loop missed its desired rate of 30.0000 Hz. Current loop rate is 16.6667 Hz.
[WARN] [1780116173.557119862] [controller_server]: Control loop missed its desired rate of 30.0000 Hz. Current loop rate is 33.3333 Hz.
[WARN] [1780116173.650961010] [controller_server]: Control loop missed its desired rate of 30.0000 Hz. Current loop rate is 16.6667 Hz.
[WARN] [1780116173.757844456] [controller_server]: Control loop missed its desired rate of 30.0000 Hz. Current loop rate is 25.0000 Hz.
[WARN] [1780116173.857849798] [controller_server]: Control loop missed its desired rate of 30.0000 Hz. Current loop rate is 16.6667 Hz.
[WARN] [1780116173.955046042] [controller_server]: Control loop missed its desired rate of 30.0000 Hz. Current loop rate is 16.6667 Hz.
[WARN] [1780116174.063281934] [controller_server]: Control loop missed its desired rate of 30.0000 Hz. Current loop rate is 25.0000 Hz.
[WARN] [1780116174.156094735] [controller_server]: Control loop missed its desired rate of 30.0000 Hz. Current loop rate is 16.6667 Hz.
[WARN] [1780116174.258268201] [planner_server]: Planner loop missed its desired rate of 999999999.0000 Hz. Current loop rate is 2.5641 Hz
[WARN] [1780116174.262589048] [controller_server]: Control loop missed its desired rate of 30.0000 Hz. Current loop rate is 14.2857 Hz.
[INFO] [1780116174.296039288] [controller_server]: Passing new path to controller.
[WARN] [1780116174.365312772] [controller_server]: Control loop missed its desired rate of 30.0000 Hz. Current loop rate is 16.6667 Hz.
[WARN] [1780116174.457530897] [controller_server]: Control loop missed its desired rate of 30.0000 Hz. Current loop rate is 16.6667 Hz.
[WARN] [1780116174.563453073] [controller_server]: Control loop missed its desired rate of 30.0000 Hz. Current loop rate is 14.2857 Hz.
[WARN] [1780116174.664977105] [controller_server]: Control loop missed its desired rate of 30.0000 Hz. Current loop rate is 14.2857 Hz.
[WARN] [1780116174.765477798] [controller_server]: Control loop missed its desired rate of 30.0000 Hz. Current loop rate is 16.6667 Hz.
[WARN] [1780116174.860271159] [controller_server]: Control loop missed its desired rate of 30.0000 Hz. Current loop rate is 16.6667 Hz.
[WARN] [1780116174.965774482] [controller_server]: Control loop missed its desired rate of 30.0000 Hz. Current loop rate is 14.2857 Hz.
[WARN] [1780116175.066048875] [controller_server]: Control loop missed its desired rate of 30.0000 Hz. Current loop rate is 14.2857 Hz.
[WARN] [1780116175.170475382] [controller_server]: Control loop missed its desired rate of 30.0000 Hz. Current loop rate is 14.2857 Hz.
[WARN] [1780116175.272603811] [controller_server]: Control loop missed its desired rate of 30.0000 Hz. Current loop rate is 14.2857 Hz.
[WARN] [1780116175.373609805] [controller_server]: Control loop missed its desired rate of 30.0000 Hz. Current loop rate is 14.2857 Hz.
[WARN] [1780116175.474119339] [controller_server]: Control loop missed its desired rate of 30.0000 Hz. Current loop rate is 14.2857 Hz.
[WARN] [1780116175.570755198] [controller_server]: Control loop missed its desired rate of 30.0000 Hz. Current loop rate is 16.6667 Hz.
[WARN] [1780116175.622802953] [planner_server]: Planner loop missed its desired rate of 999999999.0000 Hz. Current loop rate is 2.8571 Hz
[WARN] [1780116175.676654676] [controller_server]: Control loop missed its desired rate of 30.0000 Hz. Current loop rate is 14.2857 Hz.
[INFO] [1780116175.676746713] [controller_server]: Passing new path to controller.
[WARN] [1780116175.775963748] [controller_server]: Control loop missed its desired rate of 30.0000 Hz. Current loop rate is 14.2857 Hz.
[WARN] [1780116175.875836758] [controller_server]: Control loop missed its desired rate of 30.0000 Hz. Current loop rate is 14.2857 Hz.
[WARN] [1780116175.981186978] [controller_server]: Control loop missed its desired rate of 30.0000 Hz. Current loop rate is 14.2857 Hz.
[WARN] [1780116176.074259201] [controller_server]: Control loop missed its desired rate of 30.0000 Hz. Current loop rate is 16.6667 Hz.
[WARN] [1780116176.181961038] [controller_server]: Control loop missed its desired rate of 30.0000 Hz. Current loop rate is 12.5000 Hz.
[WARN] [1780116176.282992332] [controller_server]: Control loop missed its desired rate of 30.0000 Hz. Current loop rate is 14.2857 Hz.
[WARN] [1780116176.387580074] [controller_server]: Control loop missed its desired rate of 30.0000 Hz. Current loop rate is 14.2857 Hz.
[WARN] [1780116176.495376628] [controller_server]: Control loop missed its desired rate of 30.0000 Hz. Current loop rate is 12.5000 Hz.
[WARN] [1780116176.592432701] [controller_server]: Control loop missed its desired rate of 30.0000 Hz. Current loop rate is 10.0000 Hz.
[WARN] [1780116176.687573991] [controller_server]: Control loop missed its desired rate of 30.0000 Hz. Current loop rate is 11.1111 Hz.
[WARN] [1780116176.781048668] [controller_server]: Control loop missed its desired rate of 30.0000 Hz. Current loop rate is 16.6667 Hz.
[WARN] [1780116176.871388371] [controller_server]: Control loop missed its desired rate of 30.0000 Hz. Current loop rate is 20.0000 Hz.
[WARN] [1780116176.983962963] [controller_server]: Control loop missed its desired rate of 30.0000 Hz. Current loop rate is 12.5000 Hz.
[WARN] [1780116177.041153033] [planner_server]: Planner loop missed its desired rate of 999999999.0000 Hz. Current loop rate is 2.5641 Hz
[WARN] [1780116177.078631983] [controller_server]: Control loop missed its desired rate of 30.0000 Hz. Current loop rate is 16.6667 Hz.
[INFO] [1780116177.078714050] [controller_server]: Passing new path to controller.
[WARN] [1780116177.176401409] [controller_server]: Control loop missed its desired rate of 30.0000 Hz. Current loop rate is 16.6667 Hz.
[WARN] [1780116177.277491353] [controller_server]: Control loop missed its desired rate of 30.0000 Hz. Current loop rate is 14.2857 Hz.
[WARN] [1780116177.368075257] [controller_server]: Control loop missed its desired rate of 30.0000 Hz. Current loop rate is 20.0000 Hz.
[WARN] [1780116177.467892111] [controller_server]: Control loop missed its desired rate of 30.0000 Hz. Current loop rate is 16.6667 Hz.
[WARN] [1780116177.565770263] [controller_server]: Control loop missed its desired rate of 30.0000 Hz. Current loop rate is 16.6667 Hz.
[WARN] [1780116177.665316868] [controller_server]: Control loop missed its desired rate of 30.0000 Hz. Current loop rate is 14.2857 Hz.
[WARN] [1780116177.769501837] [controller_server]: Control loop missed its desired rate of 30.0000 Hz. Current loop rate is 16.6667 Hz.
[WARN] [1780116177.858912068] [controller_server]: Control loop missed its desired rate of 30.0000 Hz. Current loop rate is 16.6667 Hz.
[WARN] [1780116177.958555139] [controller_server]: Control loop missed its desired rate of 30.0000 Hz. Current loop rate is 14.2857 Hz.
[WARN] [1780116178.053849155] [controller_server]: Control loop missed its desired rate of 30.0000 Hz. Current loop rate is 16.6667 Hz.
[WARN] [1780116178.158254227] [controller_server]: Control loop missed its desired rate of 30.0000 Hz. Current loop rate is 25.0000 Hz.
[WARN] [1780116178.251959587] [controller_server]: Control loop missed its desired rate of 30.0000 Hz. Current loop rate is 16.6667 Hz.
[WARN] [1780116178.456968933] [controller_server]: Control loop missed its desired rate of 30.0000 Hz. Current loop rate is 25.0000 Hz.
[WARN] [1780116178.490617457] [planner_server]: Planner loop missed its desired rate of 999999999.0000 Hz. Current loop rate is 2.3256 Hz
[WARN] [1780116178.545662804] [controller_server]: Control loop missed its desired rate of 30.0000 Hz. Current loop rate is 16.6667 Hz.
[INFO] [1780116178.545790389] [controller_server]: Passing new path to controller.
[WARN] [1780116178.645875994] [controller_server]: Control loop missed its desired rate of 30.0000 Hz. Current loop rate is 25.0000 Hz.
[WARN] [1780116178.749331074] [controller_server]: Control loop missed its desired rate of 30.0000 Hz. Current loop rate is 25.0000 Hz.
[WARN] [1780116179.252162615] [controller_server]: Control loop missed its desired rate of 30.0000 Hz. Current loop rate is 33.3333 Hz.
[WARN] [1780116179.836295826] [planner_server]: Planner loop missed its desired rate of 999999999.0000 Hz. Current loop rate is 3.1250 Hz
[WARN] [1780116179.856736219] [controller_server]: Control loop missed its desired rate of 30.0000 Hz. Current loop rate is 25.0000 Hz.
[INFO] [1780116179.856803536] [controller_server]: Passing new path to controller.
[WARN] [1780116179.945306275] [controller_server]: Control loop missed its desired rate of 30.0000 Hz. Current loop rate is 16.6667 Hz.
[WARN] [1780116181.130216429] [planner_server]: Planner loop missed its desired rate of 999999999.0000 Hz. Current loop rate is 3.5714 Hz
[INFO] [1780116181.145464559] [controller_server]: Passing new path to controller.
[WARN] [1780116182.474432714] [planner_server]: Planner loop missed its desired rate of 999999999.0000 Hz. Current loop rate is 3.1250 Hz
[INFO] [1780116182.512154606] [controller_server]: Passing new path to controller.
[WARN] [1780116183.721600548] [planner_server]: Planner loop missed its desired rate of 999999999.0000 Hz. Current loop rate is 4.5455 Hz
[INFO] [1780116183.745460954] [controller_server]: Passing new path to controller.
[WARN] [1780116184.943453531] [planner_server]: Planner loop missed its desired rate of 999999999.0000 Hz. Current loop rate is 5.0000 Hz
[INFO] [1780116184.978784270] [controller_server]: Passing new path to controller.
[WARN] [1780116185.545510801] [controller_server]: Control loop missed its desired rate of 30.0000 Hz. Current loop rate is 25.0000 Hz.
[WARN] [1780116186.133093012] [planner_server]: Planner loop missed its desired rate of 999999999.0000 Hz. Current loop rate is 5.8824 Hz
[INFO] [1780116186.145655400] [controller_server]: Passing new path to controller.
[WARN] [1780116187.303042726] [planner_server]: Planner loop missed its desired rate of 999999999.0000 Hz. Current loop rate is 6.6667 Hz
[INFO] [1780116187.345657515] [controller_server]: Passing new path to controller.
[WARN] [1780116188.475630231] [planner_server]: Planner loop missed its desired rate of 999999999.0000 Hz. Current loop rate is 6.6667 Hz
[INFO] [1780116188.512336417] [controller_server]: Passing new path to controller.
[WARN] [1780116189.634261510] [planner_server]: Planner loop missed its desired rate of 999999999.0000 Hz. Current loop rate is 7.6923 Hz
[INFO] [1780116189.645663525] [controller_server]: Passing new path to controller.
[WARN] [1780116190.698711540] [planner_server]: Planner loop missed its desired rate of 999999999.0000 Hz. Current loop rate is 20.0000 Hz
[INFO] [1780116190.745644709] [controller_server]: Passing new path to controller.
[WARN] [1780116191.821590355] [planner_server]: Planner loop missed its desired rate of 999999999.0000 Hz. Current loop rate is 10.0000 Hz
[INFO] [1780116191.845664436] [controller_server]: Passing new path to controller.
[WARN] [1780116192.883284914] [planner_server]: Planner loop missed its desired rate of 999999999.0000 Hz. Current loop rate is 25.0000 Hz
[INFO] [1780116192.912320587] [controller_server]: Passing new path to controller.
[WARN] [1780116194.019144563] [planner_server]: Planner loop missed its desired rate of 999999999.0000 Hz. Current loop rate is 8.3333 Hz
[INFO] [1780116194.045665077] [controller_server]: Passing new path to controller.
[WARN] [1780116195.158202872] [planner_server]: Planner loop missed its desired rate of 999999999.0000 Hz. Current loop rate is 8.3333 Hz
[INFO] [1780116195.212355086] [controller_server]: Passing new path to controller.
[WARN] [1780116196.308338096] [planner_server]: Planner loop missed its desired rate of 999999999.0000 Hz. Current loop rate is 8.3333 Hz
[INFO] [1780116196.345647921] [controller_server]: Passing new path to controller.
[WARN] [1780116197.379265197] [planner_server]: Planner loop missed its desired rate of 999999999.0000 Hz. Current loop rate is 33.3333 Hz
[INFO] [1780116197.412333231] [controller_server]: Passing new path to controller.
[WARN] [1780116198.440352933] [planner_server]: Planner loop missed its desired rate of 999999999.0000 Hz. Current loop rate is 25.0000 Hz
[INFO] [1780116198.478995526] [controller_server]: Passing new path to controller.
[WARN] [1780116199.498070397] [planner_server]: Planner loop missed its desired rate of 999999999.0000 Hz. Current loop rate is 25.0000 Hz
[INFO] [1780116199.512314431] [controller_server]: Passing new path to controller.
[WARN] [1780116200.564237839] [planner_server]: Planner loop missed its desired rate of 999999999.0000 Hz. Current loop rate is 25.0000 Hz
[INFO] [1780116200.612346227] [controller_server]: Passing new path to controller.
[WARN] [1780116201.728897922] [planner_server]: Planner loop missed its desired rate of 999999999.0000 Hz. Current loop rate is 7.1429 Hz
[INFO] [1780116201.779022470] [controller_server]: Passing new path to controller.
[WARN] [1780116202.837698859] [planner_server]: Planner loop missed its desired rate of 999999999.0000 Hz. Current loop rate is 12.5000 Hz
[INFO] [1780116202.879002349] [controller_server]: Passing new path to controller.
[WARN] [1780116203.935467190] [planner_server]: Planner loop missed its desired rate of 999999999.0000 Hz. Current loop rate is 14.2857 Hz
[INFO] [1780116203.978982042] [controller_server]: Passing new path to controller.
[WARN] [1780116205.034079822] [planner_server]: Planner loop missed its desired rate of 999999999.0000 Hz. Current loop rate is 14.2857 Hz
[INFO] [1780116205.079002899] [controller_server]: Passing new path to controller.
[WARN] [1780116206.239571839] [planner_server]: Planner loop missed its desired rate of 999999999.0000 Hz. Current loop rate is 5.5556 Hz
[INFO] [1780116206.279003355] [controller_server]: Passing new path to controller.
[WARN] [1780116207.313665065] [planner_server]: Planner loop missed its desired rate of 999999999.0000 Hz. Current loop rate is 20.0000 Hz
[INFO] [1780116207.345648147] [controller_server]: Passing new path to controller.
[WARN] [1780116208.386860110] [planner_server]: Planner loop missed its desired rate of 999999999.0000 Hz. Current loop rate is 16.6667 Hz
[INFO] [1780116208.412319190] [controller_server]: Passing new path to controller.
[WARN] [1780116209.455971750] [planner_server]: Planner loop missed its desired rate of 999999999.0000 Hz. Current loop rate is 16.6667 Hz
[INFO] [1780116209.478985208] [controller_server]: Passing new path to controller.
[WARN] [1780116210.509170155] [planner_server]: Planner loop missed its desired rate of 999999999.0000 Hz. Current loop rate is 25.0000 Hz
[INFO] [1780116210.545665149] [controller_server]: Passing new path to controller.
[WARN] [1780116211.573331289] [planner_server]: Planner loop missed its desired rate of 999999999.0000 Hz. Current loop rate is 33.3333 Hz
[INFO] [1780116211.612345964] [controller_server]: Passing new path to controller.
[WARN] [1780116212.704780602] [planner_server]: Planner loop missed its desired rate of 999999999.0000 Hz. Current loop rate is 10.0000 Hz
[INFO] [1780116212.745662933] [controller_server]: Passing new path to controller.
[WARN] [1780116213.765747720] [planner_server]: Planner loop missed its desired rate of 999999999.0000 Hz. Current loop rate is 25.0000 Hz
[INFO] [1780116213.812343956] [controller_server]: Passing new path to controller.
[WARN] [1780116214.830531271] [planner_server]: Planner loop missed its desired rate of 999999999.0000 Hz. Current loop rate is 25.0000 Hz
[INFO] [1780116214.879012772] [controller_server]: Passing new path to controller.
[WARN] [1780116215.895553195] [planner_server]: Planner loop missed its desired rate of 999999999.0000 Hz. Current loop rate is 33.3333 Hz
[INFO] [1780116215.912340491] [controller_server]: Passing new path to controller.
[WARN] [1780116216.964467189] [planner_server]: Planner loop missed its desired rate of 999999999.0000 Hz. Current loop rate is 25.0000 Hz
[INFO] [1780116217.012343386] [controller_server]: Passing new path to controller.
[WARN] [1780116218.033265142] [planner_server]: Planner loop missed its desired rate of 999999999.0000 Hz. Current loop rate is 25.0000 Hz
[INFO] [1780116218.079006524] [controller_server]: Passing new path to controller.
[WARN] [1780116219.193099051] [planner_server]: Planner loop missed its desired rate of 999999999.0000 Hz. Current loop rate is 7.6923 Hz
[INFO] [1780116219.212328641] [controller_server]: Passing new path to controller.
[WARN] [1780116220.259949589] [planner_server]: Planner loop missed its desired rate of 999999999.0000 Hz. Current loop rate is 25.0000 Hz
[INFO] [1780116220.312326750] [controller_server]: Passing new path to controller.
[WARN] [1780116221.322886535] [planner_server]: Planner loop missed its desired rate of 999999999.0000 Hz. Current loop rate is 25.0000 Hz
[INFO] [1780116221.345656356] [controller_server]: Passing new path to controller.
[WARN] [1780116222.374545199] [planner_server]: Planner loop missed its desired rate of 999999999.0000 Hz. Current loop rate is 50.0000 Hz
[INFO] [1780116222.412320608] [controller_server]: Passing new path to controller.
[WARN] [1780116223.431434610] [planner_server]: Planner loop missed its desired rate of 999999999.0000 Hz. Current loop rate is 33.3333 Hz
[INFO] [1780116223.478959614] [controller_server]: Passing new path to controller.
[WARN] [1780116224.464192396] [planner_server]: Planner loop missed its desired rate of 999999999.0000 Hz. Current loop rate is 100.0000 Hz
[INFO] [1780116224.512321777] [controller_server]: Passing new path to controller.
[WARN] [1780116225.508015388] [planner_server]: Planner loop missed its desired rate of 999999999.0000 Hz. Current loop rate is 33.3333 Hz
[INFO] [1780116225.545658043] [controller_server]: Passing new path to controller.
[WARN] [1780116226.533452708] [planner_server]: Planner loop missed its desired rate of 999999999.0000 Hz. Current loop rate is 100.0000 Hz
[INFO] [1780116226.578994492] [controller_server]: Passing new path to controller.
[WARN] [1780116227.617717740] [planner_server]: Planner loop missed its desired rate of 999999999.0000 Hz. Current loop rate is 14.2857 Hz
[INFO] [1780116227.645654499] [controller_server]: Passing new path to controller.
[WARN] [1780116228.651385231] [planner_server]: Planner loop missed its desired rate of 999999999.0000 Hz. Current loop rate is 50.0000 Hz
[INFO] [1780116228.678972784] [controller_server]: Passing new path to controller.
[WARN] [1780116229.697872179] [planner_server]: Planner loop missed its desired rate of 999999999.0000 Hz. Current loop rate is 33.3333 Hz
[INFO] [1780116229.712321910] [controller_server]: Passing new path to controller.
[WARN] [1780116230.749252807] [planner_server]: Planner loop missed its desired rate of 999999999.0000 Hz. Current loop rate is 33.3333 Hz
[INFO] [1780116230.778980766] [controller_server]: Passing new path to controller.
[WARN] [1780116231.797181473] [planner_server]: Planner loop missed its desired rate of 999999999.0000 Hz. Current loop rate is 100.0000 Hz
[INFO] [1780116231.812323487] [controller_server]: Passing new path to controller.
[WARN] [1780116232.838802640] [planner_server]: Planner loop missed its desired rate of 999999999.0000 Hz. Current loop rate is 50.0000 Hz
[INFO] [1780116232.878979479] [controller_server]: Passing new path to controller.
[WARN] [1780116233.887889136] [planner_server]: Planner loop missed its desired rate of 999999999.0000 Hz. Current loop rate is 50.0000 Hz
[INFO] [1780116233.912327465] [controller_server]: Passing new path to controller.
[WARN] [1780116234.915253649] [planner_server]: Planner loop missed its desired rate of 999999999.0000 Hz. Current loop rate is 100.0000 Hz
[INFO] [1780116234.945650254] [controller_server]: Passing new path to controller.
[WARN] [1780116235.953640731] [planner_server]: Planner loop missed its desired rate of 999999999.0000 Hz. Current loop rate is 50.0000 Hz
[INFO] [1780116235.978979285] [controller_server]: Passing new path to controller.
[WARN] [1780116237.004712857] [planner_server]: Planner loop missed its desired rate of 999999999.0000 Hz. Current loop rate is 50.0000 Hz
[INFO] [1780116237.045652427] [controller_server]: Passing new path to controller.
[WARN] [1780116238.033637855] [planner_server]: Planner loop missed its desired rate of 999999999.0000 Hz. Current loop rate is 100.0000 Hz
[INFO] [1780116238.078989693] [controller_server]: Passing new path to controller.
[WARN] [1780116239.165273701] [planner_server]: Planner loop missed its desired rate of 999999999.0000 Hz. Current loop rate is 10.0000 Hz
[INFO] [1780116239.212324043] [controller_server]: Passing new path to controller.
[WARN] [1780116240.218320908] [planner_server]: Planner loop missed its desired rate of 999999999.0000 Hz. Current loop rate is 33.3333 Hz
[INFO] [1780116240.245654065] [controller_server]: Passing new path to controller.
[WARN] [1780116241.267588136] [planner_server]: Planner loop missed its desired rate of 999999999.0000 Hz. Current loop rate is 33.3333 Hz
[INFO] [1780116241.312318760] [controller_server]: Passing new path to controller.
[WARN] [1780116242.320796651] [planner_server]: Planner loop missed its desired rate of 999999999.0000 Hz. Current loop rate is 33.3333 Hz
[INFO] [1780116242.345650205] [controller_server]: Passing new path to controller.
[WARN] [1780116243.367910208] [planner_server]: Planner loop missed its desired rate of 999999999.0000 Hz. Current loop rate is 50.0000 Hz
[INFO] [1780116243.412320485] [controller_server]: Passing new path to controller.
[WARN] [1780116244.403445142] [planner_server]: Planner loop missed its desired rate of 999999999.0000 Hz. Current loop rate is 100.0000 Hz
[INFO] [1780116244.445654296] [controller_server]: Passing new path to controller.
[WARN] [1780116245.437887510] [planner_server]: Planner loop missed its desired rate of 999999999.0000 Hz. Current loop rate is 50.0000 Hz
[INFO] [1780116245.478997208] [controller_server]: Passing new path to controller.
[WARN] [1780116246.483810170] [planner_server]: Planner loop missed its desired rate of 999999999.0000 Hz. Current loop rate is 50.0000 Hz
[INFO] [1780116246.512316323] [controller_server]: Passing new path to controller.
[WARN] [1780116247.512377883] [planner_server]: Planner loop missed its desired rate of 999999999.0000 Hz. Current loop rate is 100.0000 Hz
[INFO] [1780116247.545663379] [controller_server]: Passing new path to controller.
[WARN] [1780116248.546917264] [planner_server]: Planner loop missed its desired rate of 999999999.0000 Hz. Current loop rate is 50.0000 Hz
[INFO] [1780116248.579004337] [controller_server]: Passing new path to controller.
[WARN] [1780116249.623071996] [planner_server]: Planner loop missed its desired rate of 999999999.0000 Hz. Current loop rate is 16.6667 Hz
[INFO] [1780116249.645660721] [controller_server]: Passing new path to controller.
[WARN] [1780116250.674912914] [planner_server]: Planner loop missed its desired rate of 999999999.0000 Hz. Current loop rate is 33.3333 Hz
[INFO] [1780116250.712327249] [controller_server]: Passing new path to controller.
[WARN] [1780116251.710986171] [planner_server]: Planner loop missed its desired rate of 999999999.0000 Hz. Current loop rate is 50.0000 Hz
[INFO] [1780116251.745651854] [controller_server]: Passing new path to controller.
[WARN] [1780116252.746368016] [planner_server]: Planner loop missed its desired rate of 999999999.0000 Hz. Current loop rate is 50.0000 Hz
[INFO] [1780116252.778983940] [controller_server]: Passing new path to controller.
[WARN] [1780116253.779950935] [planner_server]: Planner loop missed its desired rate of 999999999.0000 Hz. Current loop rate is 50.0000 Hz
[INFO] [1780116253.812317078] [controller_server]: Passing new path to controller.
[WARN] [1780116254.817327886] [planner_server]: Planner loop missed its desired rate of 999999999.0000 Hz. Current loop rate is 50.0000 Hz
[INFO] [1780116254.845627839] [controller_server]: Passing new path to controller.
[WARN] [1780116255.856767589] [planner_server]: Planner loop missed its desired rate of 999999999.0000 Hz. Current loop rate is 50.0000 Hz
[INFO] [1780116255.878995050] [controller_server]: Passing new path to controller.
[WARN] [1780116256.894874795] [planner_server]: Planner loop missed its desired rate of 999999999.0000 Hz. Current loop rate is 50.0000 Hz
[INFO] [1780116256.912326683] [controller_server]: Passing new path to controller.
[INFO] [1780116257.945658538] [controller_server]: Passing new path to controller.
[WARN] [1780116258.962903044] [planner_server]: Planner loop missed its desired rate of 999999999.0000 Hz. Current loop rate is 50.0000 Hz
[INFO] [1780116259.012312084] [controller_server]: Passing new path to controller.
[WARN] [1780116259.997934736] [planner_server]: Planner loop missed its desired rate of 999999999.0000 Hz. Current loop rate is 100.0000 Hz
[INFO] [1780116260.012316274] [controller_server]: Passing new path to controller.
[INFO] [1780116261.045651475] [controller_server]: Passing new path to controller.
[WARN] [1780116262.052042639] [planner_server]: Planner loop missed its desired rate of 999999999.0000 Hz. Current loop rate is 100.0000 Hz
[INFO] [1780116262.078996687] [controller_server]: Passing new path to controller.
[WARN] [1780116263.127949591] [planner_server]: Planner loop missed its desired rate of 999999999.0000 Hz. Current loop rate is 20.0000 Hz
[INFO] [1780116263.145653540] [controller_server]: Passing new path to controller.
[WARN] [1780116264.145636497] [planner_server]: Planner loop missed its desired rate of 999999999.0000 Hz. Current loop rate is 100.0000 Hz
[INFO] [1780116264.178992086] [controller_server]: Passing new path to controller.
[WARN] [1780116265.171893890] [planner_server]: Planner loop missed its desired rate of 999999999.0000 Hz. Current loop rate is 50.0000 Hz
[INFO] [1780116265.212323943] [controller_server]: Passing new path to controller.
[WARN] [1780116265.246218732] [controller_server]: Control loop missed its desired rate of 30.0000 Hz. Current loop rate is 25.0000 Hz.
[WARN] [1780116265.447867858] [controller_server]: Control loop missed its desired rate of 30.0000 Hz. Current loop rate is 33.3333 Hz.
[WARN] [1780116266.197445471] [planner_server]: Planner loop missed its desired rate of 999999999.0000 Hz. Current loop rate is 100.0000 Hz
[INFO] [1780116266.214668160] [controller_server]: Passing new path to controller.
[INFO] [1780116267.248016639] [controller_server]: Passing new path to controller.
[WARN] [1780116268.258116946] [planner_server]: Planner loop missed its desired rate of 999999999.0000 Hz. Current loop rate is 100.0000 Hz
[INFO] [1780116268.281338971] [controller_server]: Passing new path to controller.
[WARN] [1780116269.275402824] [planner_server]: Planner loop missed its desired rate of 999999999.0000 Hz. Current loop rate is 100.0000 Hz
[INFO] [1780116269.314664435] [controller_server]: Passing new path to controller.
[WARN] [1780116270.298890901] [planner_server]: Planner loop missed its desired rate of 999999999.0000 Hz. Current loop rate is 100.0000 Hz
[INFO] [1780116270.348008949] [controller_server]: Passing new path to controller.
[WARN] [1780116271.328100587] [planner_server]: Planner loop missed its desired rate of 999999999.0000 Hz. Current loop rate is 100.0000 Hz
[INFO] [1780116271.347998672] [controller_server]: Passing new path to controller.
[WARN] [1780116272.355934008] [planner_server]: Planner loop missed its desired rate of 999999999.0000 Hz. Current loop rate is 100.0000 Hz
[INFO] [1780116272.381332509] [controller_server]: Passing new path to controller.
[INFO] [1780116273.414680967] [controller_server]: Passing new path to controller.
[WARN] [1780116274.396139894] [planner_server]: Planner loop missed its desired rate of 999999999.0000 Hz. Current loop rate is 100.0000 Hz
[INFO] [1780116274.414678573] [controller_server]: Passing new path to controller.
[INFO] [1780116275.447998504] [controller_server]: Passing new path to controller.
[WARN] [1780116276.445624303] [planner_server]: Planner loop missed its desired rate of 999999999.0000 Hz. Current loop rate is 100.0000 Hz
[INFO] [1780116276.481336605] [controller_server]: Passing new path to controller.
[INFO] [1780116277.481329924] [controller_server]: Passing new path to controller.
[INFO] [1780116278.514679537] [controller_server]: Passing new path to controller.
[INFO] [1780116279.548001473] [controller_server]: Passing new path to controller.
[WARN] [1780116280.544059397] [planner_server]: Planner loop missed its desired rate of 999999999.0000 Hz. Current loop rate is 100.0000 Hz
[INFO] [1780116280.581346089] [controller_server]: Passing new path to controller.
[WARN] [1780116281.618138602] [planner_server]: Planner loop missed its desired rate of 999999999.0000 Hz. Current loop rate is 16.6667 Hz
[INFO] [1780116281.648009322] [controller_server]: Passing new path to controller.
[INFO] [1780116282.681332411] [controller_server]: Passing new path to controller.
[INFO] [1780116283.681332745] [controller_server]: Passing new path to controller.
[INFO] [1780116284.714674765] [controller_server]: Passing new path to controller.
[WARN] [1780116285.356840048] [controller_server]: Control loop missed its desired rate of 30.0000 Hz. Current loop rate is 20.0000 Hz.
[WARN] [1780116285.460345044] [controller_server]: Control loop missed its desired rate of 30.0000 Hz. Current loop rate is 14.2857 Hz.
[WARN] [1780116285.559054625] [controller_server]: Control loop missed its desired rate of 30.0000 Hz. Current loop rate is 14.2857 Hz.
[WARN] [1780116285.655195817] [controller_server]: Control loop missed its desired rate of 30.0000 Hz. Current loop rate is 16.6667 Hz.
[INFO] [1780116285.722004666] [controller_server]: Passing new path to controller.
[WARN] [1780116285.755975908] [controller_server]: Control loop missed its desired rate of 30.0000 Hz. Current loop rate is 25.0000 Hz.
[WARN] [1780116285.831823177] [controller_server]: Control loop missed its desired rate of 30.0000 Hz. Current loop rate is 25.0000 Hz.
[INFO] [1780116286.638074705] [controller_server]: Reached the goal!
[INFO] [1780116286.638354854] [controller_server]: Optimizer reset
[ERROR] [1780116286.670287176] [bt_navigator_navigate_to_pose_rclcpp_node]: Failed to get result for vlm_node/query_bool in node halt!
[INFO] [1780116286.670585435] [bt_navigator]: Goal succeeded
[INFO] [1780116296.675390561] [local_costmap.local_costmap]: Received request to clear entirely the local_costmap
[INFO] [1780116296.678508340] [global_costmap.global_costmap]: Received request to clear entirely the global_costmap
[INFO] [1780116296.686389856] [bt_navigator]: Begin navigating from current location (38.93, 26.43) to (-17.50, 0.18)
[WARN] [1780116297.234056450] [planner_server]: Planner loop missed its desired rate of 999999999.0000 Hz. Current loop rate is 1.8519 Hz
[INFO] [1780116297.247344846] [controller_server]: Received a goal, begin computing control effort.
[WARN] [1780116298.283039790] [planner_server]: Planner loop missed its desired rate of 999999999.0000 Hz. Current loop rate is 33.3333 Hz
[INFO] [1780116298.314180497] [controller_server]: Passing new path to controller.
[WARN] [1780116299.324283580] [planner_server]: Planner loop missed its desired rate of 999999999.0000 Hz. Current loop rate is 50.0000 Hz
[INFO] [1780116299.347513533] [controller_server]: Passing new path to controller.
[WARN] [1780116300.363910594] [planner_server]: Planner loop missed its desired rate of 999999999.0000 Hz. Current loop rate is 50.0000 Hz
[INFO] [1780116300.380851110] [controller_server]: Passing new path to controller.
[WARN] [1780116301.416304445] [planner_server]: Planner loop missed its desired rate of 999999999.0000 Hz. Current loop rate is 50.0000 Hz
[INFO] [1780116301.447509200] [controller_server]: Passing new path to controller.
[WARN] [1780116302.451294320] [planner_server]: Planner loop missed its desired rate of 999999999.0000 Hz. Current loop rate is 50.0000 Hz
[INFO] [1780116302.480847659] [controller_server]: Passing new path to controller.
[WARN] [1780116303.483108848] [planner_server]: Planner loop missed its desired rate of 999999999.0000 Hz. Current loop rate is 33.3333 Hz
[INFO] [1780116303.514191688] [controller_server]: Passing new path to controller.
[WARN] [1780116304.542949564] [planner_server]: Planner loop missed its desired rate of 999999999.0000 Hz. Current loop rate is 25.0000 Hz
[INFO] [1780116304.580852982] [controller_server]: Passing new path to controller.
[WARN] [1780116305.632320533] [planner_server]: Planner loop missed its desired rate of 999999999.0000 Hz. Current loop rate is 12.5000 Hz
[INFO] [1780116305.680852301] [controller_server]: Passing new path to controller.
[WARN] [1780116306.682462047] [planner_server]: Planner loop missed its desired rate of 999999999.0000 Hz. Current loop rate is 33.3333 Hz
[INFO] [1780116306.714183054] [controller_server]: Passing new path to controller.
[WARN] [1780116307.722476942] [planner_server]: Planner loop missed its desired rate of 999999999.0000 Hz. Current loop rate is 33.3333 Hz
[INFO] [1780116307.747510427] [controller_server]: Passing new path to controller.
[WARN] [1780116308.801585571] [planner_server]: Planner loop missed its desired rate of 999999999.0000 Hz. Current loop rate is 16.6667 Hz
[INFO] [1780116308.847541029] [controller_server]: Passing new path to controller.
[WARN] [1780116308.948616903] [controller_server]: Control loop missed its desired rate of 30.0000 Hz. Current loop rate is 33.3333 Hz.
[WARN] [1780116309.871775525] [planner_server]: Planner loop missed its desired rate of 999999999.0000 Hz. Current loop rate is 25.0000 Hz
[INFO] [1780116309.915423903] [controller_server]: Passing new path to controller.
[WARN] [1780116310.929754441] [planner_server]: Planner loop missed its desired rate of 999999999.0000 Hz. Current loop rate is 25.0000 Hz
[INFO] [1780116310.948750489] [controller_server]: Passing new path to controller.
[WARN] [1780116311.988755538] [planner_server]: Planner loop missed its desired rate of 999999999.0000 Hz. Current loop rate is 33.3333 Hz
[INFO] [1780116312.015424471] [controller_server]: Passing new path to controller.
[WARN] [1780116313.036433483] [planner_server]: Planner loop missed its desired rate of 999999999.0000 Hz. Current loop rate is 33.3333 Hz
[INFO] [1780116313.082096725] [controller_server]: Passing new path to controller.
[WARN] [1780116314.141378215] [planner_server]: Planner loop missed its desired rate of 999999999.0000 Hz. Current loop rate is 11.1111 Hz
[INFO] [1780116314.182098498] [controller_server]: Passing new path to controller.
[WARN] [1780116315.198074625] [planner_server]: Planner loop missed its desired rate of 999999999.0000 Hz. Current loop rate is 25.0000 Hz
[INFO] [1780116315.248747725] [controller_server]: Passing new path to controller.
[WARN] [1780116316.248179680] [planner_server]: Planner loop missed its desired rate of 999999999.0000 Hz. Current loop rate is 50.0000 Hz
[INFO] [1780116316.282085805] [controller_server]: Passing new path to controller.
[WARN] [1780116317.307488061] [planner_server]: Planner loop missed its desired rate of 999999999.0000 Hz. Current loop rate is 25.0000 Hz
[INFO] [1780116317.348755894] [controller_server]: Passing new path to controller.
[WARN] [1780116318.358608148] [planner_server]: Planner loop missed its desired rate of 999999999.0000 Hz. Current loop rate is 33.3333 Hz
[INFO] [1780116318.382090435] [controller_server]: Passing new path to controller.
[WARN] [1780116319.412021528] [planner_server]: Planner loop missed its desired rate of 999999999.0000 Hz. Current loop rate is 33.3333 Hz
[INFO] [1780116319.448766635] [controller_server]: Passing new path to controller.
[WARN] [1780116320.465217716] [planner_server]: Planner loop missed its desired rate of 999999999.0000 Hz. Current loop rate is 25.0000 Hz
[INFO] [1780116320.482087938] [controller_server]: Passing new path to controller.
[WARN] [1780116321.515343394] [planner_server]: Planner loop missed its desired rate of 999999999.0000 Hz. Current loop rate is 33.3333 Hz
[INFO] [1780116321.548750840] [controller_server]: Passing new path to controller.
[WARN] [1780116322.566877518] [planner_server]: Planner loop missed its desired rate of 999999999.0000 Hz. Current loop rate is 25.0000 Hz
[INFO] [1780116322.615423933] [controller_server]: Passing new path to controller.
[WARN] [1780116323.630275377] [planner_server]: Planner loop missed its desired rate of 999999999.0000 Hz. Current loop rate is 25.0000 Hz
[INFO] [1780116323.648764467] [controller_server]: Passing new path to controller.
[WARN] [1780116324.673627636] [planner_server]: Planner loop missed its desired rate of 999999999.0000 Hz. Current loop rate is 50.0000 Hz
[INFO] [1780116324.715413392] [controller_server]: Passing new path to controller.
[WARN] [1780116325.453078026] [controller_server]: Control loop missed its desired rate of 30.0000 Hz. Current loop rate is 25.0000 Hz.
[WARN] [1780116325.560523362] [controller_server]: Control loop missed its desired rate of 30.0000 Hz. Current loop rate is 25.0000 Hz.
[WARN] [1780116325.720014990] [planner_server]: Planner loop missed its desired rate of 999999999.0000 Hz. Current loop rate is 50.0000 Hz
[INFO] [1780116325.760652730] [controller_server]: Passing new path to controller.
[WARN] [1780116326.340375062] [controller_server]: Control loop missed its desired rate of 30.0000 Hz. Current loop rate is 25.0000 Hz.
[WARN] [1780116326.785417374] [planner_server]: Planner loop missed its desired rate of 999999999.0000 Hz. Current loop rate is 25.0000 Hz
[INFO] [1780116326.807193049] [controller_server]: Passing new path to controller.
[WARN] [1780116327.828520295] [planner_server]: Planner loop missed its desired rate of 999999999.0000 Hz. Current loop rate is 33.3333 Hz
[INFO] [1780116327.873862665] [controller_server]: Passing new path to controller.
[WARN] [1780116328.890598508] [planner_server]: Planner loop missed its desired rate of 999999999.0000 Hz. Current loop rate is 25.0000 Hz
[INFO] [1780116328.940521253] [controller_server]: Passing new path to controller.
[WARN] [1780116329.937945567] [planner_server]: Planner loop missed its desired rate of 999999999.0000 Hz. Current loop rate is 50.0000 Hz
[INFO] [1780116329.973851540] [controller_server]: Passing new path to controller.
[WARN] [1780116330.981442064] [planner_server]: Planner loop missed its desired rate of 999999999.0000 Hz. Current loop rate is 33.3333 Hz
[INFO] [1780116331.007192157] [controller_server]: Passing new path to controller.
[WARN] [1780116332.025303737] [planner_server]: Planner loop missed its desired rate of 999999999.0000 Hz. Current loop rate is 33.3333 Hz
[INFO] [1780116332.040516134] [controller_server]: Passing new path to controller.
[WARN] [1780116332.144647504] [controller_server]: Control loop missed its desired rate of 30.0000 Hz. Current loop rate is 25.0000 Hz.
[WARN] [1780116333.128813226] [planner_server]: Planner loop missed its desired rate of 999999999.0000 Hz. Current loop rate is 12.5000 Hz
[INFO] [1780116333.178113948] [controller_server]: Passing new path to controller.
[WARN] [1780116334.050233160] [controller_server]: Control loop missed its desired rate of 30.0000 Hz. Current loop rate is 25.0000 Hz.
[WARN] [1780116334.173216950] [controller_server]: Control loop missed its desired rate of 30.0000 Hz. Current loop rate is 20.0000 Hz.
[WARN] [1780116334.251878008] [planner_server]: Planner loop missed its desired rate of 999999999.0000 Hz. Current loop rate is 10.0000 Hz
[WARN] [1780116334.268902166] [controller_server]: Control loop missed its desired rate of 30.0000 Hz. Current loop rate is 16.6667 Hz.
[INFO] [1780116334.268983143] [controller_server]: Passing new path to controller.
[WARN] [1780116334.362218802] [controller_server]: Control loop missed its desired rate of 30.0000 Hz. Current loop rate is 16.6667 Hz.
[WARN] [1780116334.459270595] [controller_server]: Control loop missed its desired rate of 30.0000 Hz. Current loop rate is 16.6667 Hz.
[WARN] [1780116335.037260080] [controller_server]: Control loop missed its desired rate of 30.0000 Hz. Current loop rate is 20.0000 Hz.
[WARN] [1780116335.300903306] [planner_server]: Planner loop missed its desired rate of 999999999.0000 Hz. Current loop rate is 33.3333 Hz
[WARN] [1780116335.338810794] [controller_server]: Control loop missed its desired rate of 30.0000 Hz. Current loop rate is 33.3333 Hz.
[INFO] [1780116335.338875762] [controller_server]: Passing new path to controller.
[WARN] [1780116335.442053641] [controller_server]: Control loop missed its desired rate of 30.0000 Hz. Current loop rate is 33.3333 Hz.
[WARN] [1780116335.551770180] [controller_server]: Control loop missed its desired rate of 30.0000 Hz. Current loop rate is 25.0000 Hz.
[WARN] [1780116336.352933249] [planner_server]: Planner loop missed its desired rate of 999999999.0000 Hz. Current loop rate is 50.0000 Hz
[INFO] [1780116336.385255852] [controller_server]: Passing new path to controller.
[WARN] [1780116337.392279558] [planner_server]: Planner loop missed its desired rate of 999999999.0000 Hz. Current loop rate is 50.0000 Hz
[INFO] [1780116337.418588401] [controller_server]: Passing new path to controller.
[WARN] [1780116338.421952717] [planner_server]: Planner loop missed its desired rate of 999999999.0000 Hz. Current loop rate is 100.0000 Hz
[INFO] [1780116338.451912601] [controller_server]: Passing new path to controller.
[WARN] [1780116339.452747434] [planner_server]: Planner loop missed its desired rate of 999999999.0000 Hz. Current loop rate is 100.0000 Hz
[INFO] [1780116339.485250441] [controller_server]: Passing new path to controller.
[WARN] [1780116340.484015072] [planner_server]: Planner loop missed its desired rate of 999999999.0000 Hz. Current loop rate is 100.0000 Hz
[INFO] [1780116340.518589720] [controller_server]: Passing new path to controller.
[WARN] [1780116341.506796014] [planner_server]: Planner loop missed its desired rate of 999999999.0000 Hz. Current loop rate is 100.0000 Hz
[INFO] [1780116341.551930369] [controller_server]: Passing new path to controller.
[WARN] [1780116342.549420518] [planner_server]: Planner loop missed its desired rate of 999999999.0000 Hz. Current loop rate is 50.0000 Hz
[INFO] [1780116342.585276788] [controller_server]: Passing new path to controller.
[WARN] [1780116343.640987442] [planner_server]: Planner loop missed its desired rate of 999999999.0000 Hz. Current loop rate is 14.2857 Hz
[INFO] [1780116343.685255690] [controller_server]: Passing new path to controller.
[WARN] [1780116344.686466137] [planner_server]: Planner loop missed its desired rate of 999999999.0000 Hz. Current loop rate is 50.0000 Hz
[INFO] [1780116344.718595170] [controller_server]: Passing new path to controller.
[WARN] [1780116345.714472130] [planner_server]: Planner loop missed its desired rate of 999999999.0000 Hz. Current loop rate is 50.0000 Hz
[INFO] [1780116345.751916450] [controller_server]: Passing new path to controller.
[WARN] [1780116346.737620438] [planner_server]: Planner loop missed its desired rate of 999999999.0000 Hz. Current loop rate is 100.0000 Hz
[INFO] [1780116346.785263909] [controller_server]: Passing new path to controller.
[WARN] [1780116347.764263703] [planner_server]: Planner loop missed its desired rate of 999999999.0000 Hz. Current loop rate is 100.0000 Hz
[INFO] [1780116347.785249881] [controller_server]: Passing new path to controller.
[WARN] [1780116348.795363056] [planner_server]: Planner loop missed its desired rate of 999999999.0000 Hz. Current loop rate is 100.0000 Hz
[INFO] [1780116348.818590030] [controller_server]: Passing new path to controller.
[WARN] [1780116349.813835012] [planner_server]: Planner loop missed its desired rate of 999999999.0000 Hz. Current loop rate is 100.0000 Hz
[INFO] [1780116349.851914729] [controller_server]: Passing new path to controller.
[WARN] [1780116350.760514176] [controller_server]: Control loop missed its desired rate of 30.0000 Hz. Current loop rate is 25.0000 Hz.
[WARN] [1780116350.838755711] [controller_server]: Control loop missed its desired rate of 30.0000 Hz. Current loop rate is 25.0000 Hz.
[WARN] [1780116350.852080882] [planner_server]: Planner loop missed its desired rate of 999999999.0000 Hz. Current loop rate is 50.0000 Hz
[INFO] [1780116350.872234364] [controller_server]: Passing new path to controller.
[WARN] [1780116351.883353219] [planner_server]: Planner loop missed its desired rate of 999999999.0000 Hz. Current loop rate is 50.0000 Hz
[INFO] [1780116351.905557782] [controller_server]: Passing new path to controller.
[WARN] [1780116352.908202540] [planner_server]: Planner loop missed its desired rate of 999999999.0000 Hz. Current loop rate is 100.0000 Hz
[INFO] [1780116352.938884890] [controller_server]: Passing new path to controller.
[WARN] [1780116353.951767027] [planner_server]: Planner loop missed its desired rate of 999999999.0000 Hz. Current loop rate is 50.0000 Hz
[INFO] [1780116353.972215068] [controller_server]: Passing new path to controller.
[WARN] [1780116354.985994310] [planner_server]: Planner loop missed its desired rate of 999999999.0000 Hz. Current loop rate is 100.0000 Hz
[INFO] [1780116355.005518236] [controller_server]: Passing new path to controller.
[INFO] [1780116356.038894781] [controller_server]: Passing new path to controller.
[INFO] [1780116357.013021223] [controller_server]: Reached the goal!
[INFO] [1780116357.013280913] [controller_server]: Optimizer reset
[ERROR] [1780116357.047835937] [bt_navigator_navigate_to_pose_rclcpp_node]: Failed to get result for vlm_node/query_bool in node halt!
[INFO] [1780116357.048086147] [bt_navigator]: Goal succeeded
[INFO] [1780116367.052031914] [local_costmap.local_costmap]: Received request to clear entirely the local_costmap
[INFO] [1780116367.054613986] [global_costmap.global_costmap]: Received request to clear entirely the global_costmap
[INFO] [1780116367.082556034] [bt_navigator]: Begin navigating from current location (-17.50, 0.22) to (50.00, -50.70)
[WARN] [1780116367.866926751] [planner_server]: Planner loop missed its desired rate of 999999999.0000 Hz. Current loop rate is 1.2821 Hz
[INFO] [1780116367.883713424] [controller_server]: Received a goal, begin computing control effort.
[WARN] [1780116369.027514603] [planner_server]: Planner loop missed its desired rate of 999999999.0000 Hz. Current loop rate is 7.6923 Hz
[INFO] [1780116369.050558268] [controller_server]: Passing new path to controller.
[WARN] [1780116370.219890761] [planner_server]: Planner loop missed its desired rate of 999999999.0000 Hz. Current loop rate is 6.2500 Hz
[INFO] [1780116370.250554497] [controller_server]: Passing new path to controller.
[WARN] [1780116371.365846933] [planner_server]: Planner loop missed its desired rate of 999999999.0000 Hz. Current loop rate is 7.6923 Hz
[INFO] [1780116371.383902618] [controller_server]: Passing new path to controller.
[WARN] [1780116372.521517398] [planner_server]: Planner loop missed its desired rate of 999999999.0000 Hz. Current loop rate is 8.3333 Hz
[INFO] [1780116372.550561575] [controller_server]: Passing new path to controller.
[WARN] [1780116373.656617814] [planner_server]: Planner loop missed its desired rate of 999999999.0000 Hz. Current loop rate is 7.6923 Hz
[INFO] [1780116373.683905639] [controller_server]: Passing new path to controller.
[WARN] [1780116374.830143095] [planner_server]: Planner loop missed its desired rate of 999999999.0000 Hz. Current loop rate is 6.6667 Hz
[INFO] [1780116374.850558860] [controller_server]: Passing new path to controller.
[WARN] [1780116376.032646448] [planner_server]: Planner loop missed its desired rate of 999999999.0000 Hz. Current loop rate is 5.2632 Hz
[INFO] [1780116376.083889345] [controller_server]: Passing new path to controller.
[WARN] [1780116377.278511841] [planner_server]: Planner loop missed its desired rate of 999999999.0000 Hz. Current loop rate is 4.7619 Hz
[INFO] [1780116377.317230233] [controller_server]: Passing new path to controller.
[WARN] [1780116378.476156685] [planner_server]: Planner loop missed its desired rate of 999999999.0000 Hz. Current loop rate is 5.5556 Hz
[INFO] [1780116378.517228278] [controller_server]: Passing new path to controller.
[WARN] [1780116379.673316599] [planner_server]: Planner loop missed its desired rate of 999999999.0000 Hz. Current loop rate is 5.5556 Hz
[INFO] [1780116379.717230625] [controller_server]: Passing new path to controller.
[WARN] [1780116380.869218772] [planner_server]: Planner loop missed its desired rate of 999999999.0000 Hz. Current loop rate is 5.5556 Hz
[INFO] [1780116380.917231103] [controller_server]: Passing new path to controller.
[WARN] [1780116382.059092397] [planner_server]: Planner loop missed its desired rate of 999999999.0000 Hz. Current loop rate is 5.8824 Hz
[INFO] [1780116382.083906477] [controller_server]: Passing new path to controller.
[WARN] [1780116383.237216759] [planner_server]: Planner loop missed its desired rate of 999999999.0000 Hz. Current loop rate is 6.2500 Hz
[INFO] [1780116383.283893652] [controller_server]: Passing new path to controller.
[WARN] [1780116384.376010132] [planner_server]: Planner loop missed its desired rate of 999999999.0000 Hz. Current loop rate is 7.1429 Hz
[INFO] [1780116384.417226512] [controller_server]: Passing new path to controller.
[WARN] [1780116385.531014122] [planner_server]: Planner loop missed its desired rate of 999999999.0000 Hz. Current loop rate is 7.1429 Hz
[INFO] [1780116385.550538183] [controller_server]: Passing new path to controller.
[WARN] [1780116386.686886090] [planner_server]: Planner loop missed its desired rate of 999999999.0000 Hz. Current loop rate is 7.1429 Hz
[INFO] [1780116386.717230992] [controller_server]: Passing new path to controller.
[WARN] [1780116387.803450846] [planner_server]: Planner loop missed its desired rate of 999999999.0000 Hz. Current loop rate is 10.0000 Hz
[INFO] [1780116387.850560854] [controller_server]: Passing new path to controller.
[WARN] [1780116388.979795002] [planner_server]: Planner loop missed its desired rate of 999999999.0000 Hz. Current loop rate is 6.6667 Hz
[INFO] [1780116389.017237177] [controller_server]: Passing new path to controller.
[WARN] [1780116390.109496474] [planner_server]: Planner loop missed its desired rate of 999999999.0000 Hz. Current loop rate is 8.3333 Hz
[INFO] [1780116390.150602551] [controller_server]: Passing new path to controller.
[WARN] [1780116391.220774533] [planner_server]: Planner loop missed its desired rate of 999999999.0000 Hz. Current loop rate is 10.0000 Hz
[INFO] [1780116391.250563838] [controller_server]: Passing new path to controller.
[WARN] [1780116392.366017999] [planner_server]: Planner loop missed its desired rate of 999999999.0000 Hz. Current loop rate is 7.1429 Hz
[INFO] [1780116392.417228885] [controller_server]: Passing new path to controller.
[WARN] [1780116393.472878286] [planner_server]: Planner loop missed its desired rate of 999999999.0000 Hz. Current loop rate is 12.5000 Hz
[INFO] [1780116393.517222401] [controller_server]: Passing new path to controller.
[WARN] [1780116394.574812049] [planner_server]: Planner loop missed its desired rate of 999999999.0000 Hz. Current loop rate is 11.1111 Hz
[INFO] [1780116394.617234827] [controller_server]: Passing new path to controller.
[WARN] [1780116394.860417774] [controller_server]: Control loop missed its desired rate of 30.0000 Hz. Current loop rate is 25.0000 Hz.
[WARN] [1780116395.027967887] [controller_server]: Control loop missed its desired rate of 30.0000 Hz. Current loop rate is 33.3333 Hz.
[WARN] [1780116395.666311359] [planner_server]: Planner loop missed its desired rate of 999999999.0000 Hz. Current loop rate is 14.2857 Hz
[INFO] [1780116395.694731176] [controller_server]: Passing new path to controller.
[WARN] [1780116396.449779243] [controller_server]: Control loop missed its desired rate of 30.0000 Hz. Current loop rate is 20.0000 Hz.
[WARN] [1780116396.559179353] [controller_server]: Control loop missed its desired rate of 30.0000 Hz. Current loop rate is 25.0000 Hz.
[WARN] [1780116396.637375072] [controller_server]: Control loop missed its desired rate of 30.0000 Hz. Current loop rate is 20.0000 Hz.
[WARN] [1780116396.807946343] [planner_server]: Planner loop missed its desired rate of 999999999.0000 Hz. Current loop rate is 7.6923 Hz
[WARN] [1780116396.839539491] [controller_server]: Control loop missed its desired rate of 30.0000 Hz. Current loop rate is 25.0000 Hz.
[INFO] [1780116396.839622598] [controller_server]: Passing new path to controller.
[WARN] [1780116396.945440453] [controller_server]: Control loop missed its desired rate of 30.0000 Hz. Current loop rate is 25.0000 Hz.
[WARN] [1780116397.146069862] [controller_server]: Control loop missed its desired rate of 30.0000 Hz. Current loop rate is 33.3333 Hz.
[WARN] [1780116397.907208418] [planner_server]: Planner loop missed its desired rate of 999999999.0000 Hz. Current loop rate is 12.5000 Hz
[INFO] [1780116397.946232915] [controller_server]: Passing new path to controller.
[WARN] [1780116398.997092206] [planner_server]: Planner loop missed its desired rate of 999999999.0000 Hz. Current loop rate is 12.5000 Hz
[INFO] [1780116399.046251521] [controller_server]: Passing new path to controller.
[WARN] [1780116400.083378260] [planner_server]: Planner loop missed its desired rate of 999999999.0000 Hz. Current loop rate is 16.6667 Hz
[INFO] [1780116400.112907816] [controller_server]: Passing new path to controller.
[WARN] [1780116401.157595919] [planner_server]: Planner loop missed its desired rate of 999999999.0000 Hz. Current loop rate is 16.6667 Hz
[INFO] [1780116401.179568971] [controller_server]: Passing new path to controller.
[WARN] [1780116402.215299760] [planner_server]: Planner loop missed its desired rate of 999999999.0000 Hz. Current loop rate is 33.3333 Hz
[INFO] [1780116402.246237384] [controller_server]: Passing new path to controller.
[WARN] [1780116403.252852830] [planner_server]: Planner loop missed its desired rate of 999999999.0000 Hz. Current loop rate is 50.0000 Hz
[INFO] [1780116403.279572733] [controller_server]: Passing new path to controller.
[WARN] [1780116404.306111657] [planner_server]: Planner loop missed its desired rate of 999999999.0000 Hz. Current loop rate is 50.0000 Hz
[INFO] [1780116404.346229775] [controller_server]: Passing new path to controller.
[WARN] [1780116405.347645005] [planner_server]: Planner loop missed its desired rate of 999999999.0000 Hz. Current loop rate is 50.0000 Hz
[INFO] [1780116405.379569332] [controller_server]: Passing new path to controller.
[WARN] [1780116406.398891486] [planner_server]: Planner loop missed its desired rate of 999999999.0000 Hz. Current loop rate is 25.0000 Hz
[INFO] [1780116406.446233353] [controller_server]: Passing new path to controller.
[WARN] [1780116407.436513378] [planner_server]: Planner loop missed its desired rate of 999999999.0000 Hz. Current loop rate is 100.0000 Hz
[INFO] [1780116407.479563707] [controller_server]: Passing new path to controller.
[WARN] [1780116408.477452455] [planner_server]: Planner loop missed its desired rate of 999999999.0000 Hz. Current loop rate is 33.3333 Hz
[INFO] [1780116408.512913480] [controller_server]: Passing new path to controller.
[WARN] [1780116409.528620226] [planner_server]: Planner loop missed its desired rate of 999999999.0000 Hz. Current loop rate is 33.3333 Hz
[INFO] [1780116409.546237833] [controller_server]: Passing new path to controller.
[WARN] [1780116410.612625820] [planner_server]: Planner loop missed its desired rate of 999999999.0000 Hz. Current loop rate is 16.6667 Hz
[INFO] [1780116410.646237345] [controller_server]: Passing new path to controller.
[WARN] [1780116411.650390113] [planner_server]: Planner loop missed its desired rate of 999999999.0000 Hz. Current loop rate is 100.0000 Hz
[INFO] [1780116411.679576575] [controller_server]: Passing new path to controller.
[WARN] [1780116412.682325464] [planner_server]: Planner loop missed its desired rate of 999999999.0000 Hz. Current loop rate is 50.0000 Hz
[INFO] [1780116412.712921003] [controller_server]: Passing new path to controller.
[WARN] [1780116413.711319454] [planner_server]: Planner loop missed its desired rate of 999999999.0000 Hz. Current loop rate is 50.0000 Hz
[INFO] [1780116413.746250111] [controller_server]: Passing new path to controller.
[WARN] [1780116414.735306211] [planner_server]: Planner loop missed its desired rate of 999999999.0000 Hz. Current loop rate is 100.0000 Hz
[INFO] [1780116414.779571247] [controller_server]: Passing new path to controller.
[WARN] [1780116415.771484909] [planner_server]: Planner loop missed its desired rate of 999999999.0000 Hz. Current loop rate is 50.0000 Hz
[INFO] [1780116415.812915801] [controller_server]: Passing new path to controller.
[WARN] [1780116416.806418732] [planner_server]: Planner loop missed its desired rate of 999999999.0000 Hz. Current loop rate is 50.0000 Hz
[INFO] [1780116416.846237235] [controller_server]: Passing new path to controller.
[WARN] [1780116417.837410781] [planner_server]: Planner loop missed its desired rate of 999999999.0000 Hz. Current loop rate is 50.0000 Hz
[INFO] [1780116417.879563077] [controller_server]: Passing new path to controller.
[WARN] [1780116418.871820421] [planner_server]: Planner loop missed its desired rate of 999999999.0000 Hz. Current loop rate is 33.3333 Hz
[INFO] [1780116418.912906907] [controller_server]: Passing new path to controller.
[WARN] [1780116419.901070402] [planner_server]: Planner loop missed its desired rate of 999999999.0000 Hz. Current loop rate is 100.0000 Hz
[INFO] [1780116419.946234556] [controller_server]: Passing new path to controller.
[WARN] [1780116420.936137034] [planner_server]: Planner loop missed its desired rate of 999999999.0000 Hz. Current loop rate is 100.0000 Hz
[INFO] [1780116420.979573713] [controller_server]: Passing new path to controller.
[WARN] [1780116421.973394442] [planner_server]: Planner loop missed its desired rate of 999999999.0000 Hz. Current loop rate is 100.0000 Hz
[INFO] [1780116422.012900099] [controller_server]: Passing new path to controller.
[WARN] [1780116423.004792519] [planner_server]: Planner loop missed its desired rate of 999999999.0000 Hz. Current loop rate is 100.0000 Hz
[INFO] [1780116423.046238714] [controller_server]: Passing new path to controller.
[WARN] [1780116424.039860297] [planner_server]: Planner loop missed its desired rate of 999999999.0000 Hz. Current loop rate is 50.0000 Hz
[INFO] [1780116424.079581877] [controller_server]: Passing new path to controller.
[WARN] [1780116425.108600590] [planner_server]: Planner loop missed its desired rate of 999999999.0000 Hz. Current loop rate is 20.0000 Hz
[INFO] [1780116425.146245828] [controller_server]: Passing new path to controller.
[WARN] [1780116426.133310073] [planner_server]: Planner loop missed its desired rate of 999999999.0000 Hz. Current loop rate is 100.0000 Hz
[INFO] [1780116426.179552329] [controller_server]: Passing new path to controller.
[WARN] [1780116427.179539218] [planner_server]: Planner loop missed its desired rate of 999999999.0000 Hz. Current loop rate is 50.0000 Hz
[INFO] [1780116427.212909327] [controller_server]: Passing new path to controller.
[WARN] [1780116428.221378836] [planner_server]: Planner loop missed its desired rate of 999999999.0000 Hz. Current loop rate is 50.0000 Hz
[INFO] [1780116428.246233914] [controller_server]: Passing new path to controller.
[WARN] [1780116429.243983303] [planner_server]: Planner loop missed its desired rate of 999999999.0000 Hz. Current loop rate is 100.0000 Hz
[INFO] [1780116429.279563589] [controller_server]: Passing new path to controller.
[WARN] [1780116430.279364420] [planner_server]: Planner loop missed its desired rate of 999999999.0000 Hz. Current loop rate is 50.0000 Hz
[INFO] [1780116430.312916352] [controller_server]: Passing new path to controller.
[INFO] [1780116431.346244275] [controller_server]: Passing new path to controller.
[INFO] [1780116432.346230164] [controller_server]: Passing new path to controller.
[INFO] [1780116433.379575502] [controller_server]: Passing new path to controller.
[WARN] [1780116434.391975652] [planner_server]: Planner loop missed its desired rate of 999999999.0000 Hz. Current loop rate is 100.0000 Hz
[INFO] [1780116434.412902769] [controller_server]: Passing new path to controller.
[INFO] [1780116435.446248264] [controller_server]: Passing new path to controller.
[WARN] [1780116436.429725493] [planner_server]: Planner loop missed its desired rate of 999999999.0000 Hz. Current loop rate is 100.0000 Hz
[INFO] [1780116436.446232995] [controller_server]: Passing new path to controller.
[INFO] [1780116437.479576396] [controller_server]: Passing new path to controller.
[WARN] [1780116438.492222409] [planner_server]: Planner loop missed its desired rate of 999999999.0000 Hz. Current loop rate is 100.0000 Hz
[INFO] [1780116438.512909096] [controller_server]: Passing new path to controller.
[INFO] [1780116439.546231354] [controller_server]: Passing new path to controller.
[INFO] [1780116440.546234726] [controller_server]: Passing new path to controller.
[WARN] [1780116441.606239493] [planner_server]: Planner loop missed its desired rate of 999999999.0000 Hz. Current loop rate is 20.0000 Hz
[INFO] [1780116441.646252517] [controller_server]: Passing new path to controller.
[INFO] [1780116442.646247675] [controller_server]: Passing new path to controller.
[WARN] [1780116443.658453755] [planner_server]: Planner loop missed its desired rate of 999999999.0000 Hz. Current loop rate is 100.0000 Hz
[INFO] [1780116443.679581956] [controller_server]: Passing new path to controller.
[INFO] [1780116444.712904694] [controller_server]: Passing new path to controller.
[INFO] [1780116445.746237781] [controller_server]: Passing new path to controller.
[INFO] [1780116446.779566166] [controller_server]: Passing new path to controller.
[INFO] [1780116447.779588293] [controller_server]: Passing new path to controller.
[INFO] [1780116448.812906284] [controller_server]: Passing new path to controller.
[INFO] [1780116449.846234402] [controller_server]: Passing new path to controller.
[INFO] [1780116450.846233183] [controller_server]: Passing new path to controller.
[INFO] [1780116451.879564628] [controller_server]: Passing new path to controller.
[INFO] [1780116452.284187823] [controller_server]: Reached the goal!
[INFO] [1780116452.284496341] [controller_server]: Optimizer reset
[ERROR] [1780116452.324104804] [bt_navigator_navigate_to_pose_rclcpp_node]: Failed to get result for vlm_node/query_bool in node halt!
[INFO] [1780116452.324383334] [bt_navigator]: Goal succeeded
[INFO] [1780116462.328011765] [local_costmap.local_costmap]: Received request to clear entirely the local_costmap
[INFO] [1780116462.330691675] [global_costmap.global_costmap]: Received request to clear entirely the global_costmap
[INFO] [1780116462.338963927] [bt_navigator]: Begin navigating from current location (49.98, -50.53) to (-11.50, -27.17)
[WARN] [1780116462.743850134] [planner_server]: Planner loop missed its desired rate of 999999999.0000 Hz. Current loop rate is 2.4390 Hz
[INFO] [1780116462.759789250] [controller_server]: Received a goal, begin computing control effort.
[WARN] [1780116463.807198272] [planner_server]: Planner loop missed its desired rate of 999999999.0000 Hz. Current loop rate is 25.0000 Hz
[INFO] [1780116463.826605590] [controller_server]: Passing new path to controller.
[WARN] [1780116464.844231398] [planner_server]: Planner loop missed its desired rate of 999999999.0000 Hz. Current loop rate is 33.3333 Hz
[INFO] [1780116464.859899975] [controller_server]: Passing new path to controller.
[WARN] [1780116465.903352240] [planner_server]: Planner loop missed its desired rate of 999999999.0000 Hz. Current loop rate is 25.0000 Hz
[INFO] [1780116465.926612115] [controller_server]: Passing new path to controller.
[WARN] [1780116466.951975551] [planner_server]: Planner loop missed its desired rate of 999999999.0000 Hz. Current loop rate is 25.0000 Hz
[INFO] [1780116466.993276564] [controller_server]: Passing new path to controller.
[WARN] [1780116468.010883247] [planner_server]: Planner loop missed its desired rate of 999999999.0000 Hz. Current loop rate is 25.0000 Hz
[INFO] [1780116468.026608982] [controller_server]: Passing new path to controller.
[WARN] [1780116469.066459196] [planner_server]: Planner loop missed its desired rate of 999999999.0000 Hz. Current loop rate is 25.0000 Hz
[INFO] [1780116469.093302278] [controller_server]: Passing new path to controller.
[WARN] [1780116470.128815920] [planner_server]: Planner loop missed its desired rate of 999999999.0000 Hz. Current loop rate is 16.6667 Hz
[INFO] [1780116470.159941733] [controller_server]: Passing new path to controller.
[WARN] [1780116471.171168287] [planner_server]: Planner loop missed its desired rate of 999999999.0000 Hz. Current loop rate is 33.3333 Hz
[INFO] [1780116471.193285935] [controller_server]: Passing new path to controller.
[WARN] [1780116472.224253202] [planner_server]: Planner loop missed its desired rate of 999999999.0000 Hz. Current loop rate is 33.3333 Hz
[INFO] [1780116472.259962325] [controller_server]: Passing new path to controller.
[WARN] [1780116473.262989578] [planner_server]: Planner loop missed its desired rate of 999999999.0000 Hz. Current loop rate is 33.3333 Hz
[INFO] [1780116473.293279933] [controller_server]: Passing new path to controller.
[WARN] [1780116474.297503909] [planner_server]: Planner loop missed its desired rate of 999999999.0000 Hz. Current loop rate is 50.0000 Hz
[INFO] [1780116474.326607378] [controller_server]: Passing new path to controller.
[WARN] [1780116475.352615282] [planner_server]: Planner loop missed its desired rate of 999999999.0000 Hz. Current loop rate is 25.0000 Hz
[INFO] [1780116475.393282192] [controller_server]: Passing new path to controller.
[WARN] [1780116476.411607930] [planner_server]: Planner loop missed its desired rate of 999999999.0000 Hz. Current loop rate is 33.3333 Hz
[INFO] [1780116476.459940805] [controller_server]: Passing new path to controller.
[WARN] [1780116477.471096207] [planner_server]: Planner loop missed its desired rate of 999999999.0000 Hz. Current loop rate is 33.3333 Hz
[INFO] [1780116477.493290703] [controller_server]: Passing new path to controller.
[WARN] [1780116478.531606454] [planner_server]: Planner loop missed its desired rate of 999999999.0000 Hz. Current loop rate is 25.0000 Hz
[INFO] [1780116478.559945212] [controller_server]: Passing new path to controller.
[WARN] [1780116479.626848210] [planner_server]: Planner loop missed its desired rate of 999999999.0000 Hz. Current loop rate is 12.5000 Hz
[INFO] [1780116479.659939833] [controller_server]: Passing new path to controller.
[WARN] [1780116480.667987482] [planner_server]: Planner loop missed its desired rate of 999999999.0000 Hz. Current loop rate is 33.3333 Hz
[INFO] [1780116480.693275474] [controller_server]: Passing new path to controller.
[WARN] [1780116481.697195664] [planner_server]: Planner loop missed its desired rate of 999999999.0000 Hz. Current loop rate is 100.0000 Hz
[INFO] [1780116481.726626312] [controller_server]: Passing new path to controller.
[WARN] [1780116482.745581083] [planner_server]: Planner loop missed its desired rate of 999999999.0000 Hz. Current loop rate is 33.3333 Hz
[INFO] [1780116482.759949540] [controller_server]: Passing new path to controller.
[WARN] [1780116483.790150690] [planner_server]: Planner loop missed its desired rate of 999999999.0000 Hz. Current loop rate is 50.0000 Hz
[INFO] [1780116483.826609609] [controller_server]: Passing new path to controller.
[WARN] [1780116484.838880742] [planner_server]: Planner loop missed its desired rate of 999999999.0000 Hz. Current loop rate is 33.3333 Hz
[INFO] [1780116484.859948281] [controller_server]: Passing new path to controller.
[WARN] [1780116485.887181416] [planner_server]: Planner loop missed its desired rate of 999999999.0000 Hz. Current loop rate is 33.3333 Hz
[INFO] [1780116485.926616245] [controller_server]: Passing new path to controller.
[WARN] [1780116486.927142458] [planner_server]: Planner loop missed its desired rate of 999999999.0000 Hz. Current loop rate is 50.0000 Hz
[INFO] [1780116486.959939683] [controller_server]: Passing new path to controller.
[WARN] [1780116487.967105767] [planner_server]: Planner loop missed its desired rate of 999999999.0000 Hz. Current loop rate is 33.3333 Hz
[INFO] [1780116487.993290777] [controller_server]: Passing new path to controller.
[WARN] [1780116489.007548596] [planner_server]: Planner loop missed its desired rate of 999999999.0000 Hz. Current loop rate is 33.3333 Hz
[INFO] [1780116489.026617239] [controller_server]: Passing new path to controller.
[WARN] [1780116490.041967085] [planner_server]: Planner loop missed its desired rate of 999999999.0000 Hz. Current loop rate is 50.0000 Hz
[INFO] [1780116490.093288725] [controller_server]: Passing new path to controller.
[WARN] [1780116491.129672430] [planner_server]: Planner loop missed its desired rate of 999999999.0000 Hz. Current loop rate is 16.6667 Hz
[INFO] [1780116491.159937739] [controller_server]: Passing new path to controller.
[WARN] [1780116492.211506759] [planner_server]: Planner loop missed its desired rate of 999999999.0000 Hz. Current loop rate is 16.6667 Hz
[INFO] [1780116492.226608500] [controller_server]: Passing new path to controller.
[WARN] [1780116493.257171636] [planner_server]: Planner loop missed its desired rate of 999999999.0000 Hz. Current loop rate is 33.3333 Hz
[INFO] [1780116493.293295849] [controller_server]: Passing new path to controller.
[WARN] [1780116494.294673692] [planner_server]: Planner loop missed its desired rate of 999999999.0000 Hz. Current loop rate is 50.0000 Hz
[INFO] [1780116494.326612170] [controller_server]: Passing new path to controller.
[WARN] [1780116495.345806411] [planner_server]: Planner loop missed its desired rate of 999999999.0000 Hz. Current loop rate is 25.0000 Hz
[INFO] [1780116495.359940988] [controller_server]: Passing new path to controller.
[WARN] [1780116496.396575101] [planner_server]: Planner loop missed its desired rate of 999999999.0000 Hz. Current loop rate is 50.0000 Hz
[INFO] [1780116496.426611080] [controller_server]: Passing new path to controller.
[WARN] [1780116497.429587475] [planner_server]: Planner loop missed its desired rate of 999999999.0000 Hz. Current loop rate is 50.0000 Hz
[INFO] [1780116497.459937693] [controller_server]: Passing new path to controller.
[WARN] [1780116498.475505680] [planner_server]: Planner loop missed its desired rate of 999999999.0000 Hz. Current loop rate is 33.3333 Hz
[INFO] [1780116498.493308352] [controller_server]: Passing new path to controller.
[WARN] [1780116499.524249948] [planner_server]: Planner loop missed its desired rate of 999999999.0000 Hz. Current loop rate is 33.3333 Hz
[INFO] [1780116499.559944358] [controller_server]: Passing new path to controller.
[WARN] [1780116500.561263816] [planner_server]: Planner loop missed its desired rate of 999999999.0000 Hz. Current loop rate is 50.0000 Hz
[INFO] [1780116500.593288843] [controller_server]: Passing new path to controller.
[WARN] [1780116501.614132436] [planner_server]: Planner loop missed its desired rate of 999999999.0000 Hz. Current loop rate is 20.0000 Hz
[INFO] [1780116501.659937824] [controller_server]: Passing new path to controller.
[WARN] [1780116502.668990510] [planner_server]: Planner loop missed its desired rate of 999999999.0000 Hz. Current loop rate is 33.3333 Hz
[INFO] [1780116502.693279093] [controller_server]: Passing new path to controller.
[WARN] [1780116503.691117961] [planner_server]: Planner loop missed its desired rate of 999999999.0000 Hz. Current loop rate is 100.0000 Hz
[INFO] [1780116503.726609330] [controller_server]: Passing new path to controller.
[WARN] [1780116504.723756800] [planner_server]: Planner loop missed its desired rate of 999999999.0000 Hz. Current loop rate is 50.0000 Hz
[INFO] [1780116504.759955283] [controller_server]: Passing new path to controller.
[WARN] [1780116505.750803883] [planner_server]: Planner loop missed its desired rate of 999999999.0000 Hz. Current loop rate is 100.0000 Hz
[INFO] [1780116505.793284895] [controller_server]: Passing new path to controller.
[WARN] [1780116506.783828103] [planner_server]: Planner loop missed its desired rate of 999999999.0000 Hz. Current loop rate is 50.0000 Hz
[INFO] [1780116506.826619543] [controller_server]: Passing new path to controller.
[WARN] [1780116507.814227387] [planner_server]: Planner loop missed its desired rate of 999999999.0000 Hz. Current loop rate is 50.0000 Hz
[INFO] [1780116507.826614329] [controller_server]: Passing new path to controller.
[WARN] [1780116508.828364428] [planner_server]: Planner loop missed its desired rate of 999999999.0000 Hz. Current loop rate is 100.0000 Hz
[INFO] [1780116508.859942572] [controller_server]: Passing new path to controller.
[WARN] [1780116509.853374844] [planner_server]: Planner loop missed its desired rate of 999999999.0000 Hz. Current loop rate is 50.0000 Hz
[INFO] [1780116509.893270172] [controller_server]: Passing new path to controller.
[WARN] [1780116510.877906636] [planner_server]: Planner loop missed its desired rate of 999999999.0000 Hz. Current loop rate is 100.0000 Hz
[INFO] [1780116510.893289799] [controller_server]: Passing new path to controller.
[INFO] [1780116511.926608083] [controller_server]: Passing new path to controller.
[WARN] [1780116512.929338073] [planner_server]: Planner loop missed its desired rate of 999999999.0000 Hz. Current loop rate is 100.0000 Hz
[INFO] [1780116512.959940644] [controller_server]: Passing new path to controller.
[WARN] [1780116513.957317288] [planner_server]: Planner loop missed its desired rate of 999999999.0000 Hz. Current loop rate is 100.0000 Hz
[INFO] [1780116513.993269612] [controller_server]: Passing new path to controller.
[WARN] [1780116514.428125421] [controller_server]: Control loop missed its desired rate of 30.0000 Hz. Current loop rate is 25.0000 Hz.
[WARN] [1780116514.976634679] [planner_server]: Planner loop missed its desired rate of 999999999.0000 Hz. Current loop rate is 100.0000 Hz
[INFO] [1780116514.994918595] [controller_server]: Passing new path to controller.
[INFO] [1780116516.028257227] [controller_server]: Passing new path to controller.
[WARN] [1780116517.025784736] [planner_server]: Planner loop missed its desired rate of 999999999.0000 Hz. Current loop rate is 100.0000 Hz
[INFO] [1780116517.061582857] [controller_server]: Passing new path to controller.
[WARN] [1780116518.049763507] [planner_server]: Planner loop missed its desired rate of 999999999.0000 Hz. Current loop rate is 100.0000 Hz
[INFO] [1780116518.094939202] [controller_server]: Passing new path to controller.
[WARN] [1780116518.447707057] [controller_server]: Control loop missed its desired rate of 30.0000 Hz. Current loop rate is 20.0000 Hz.
[WARN] [1780116518.549627482] [controller_server]: Control loop missed its desired rate of 30.0000 Hz. Current loop rate is 25.0000 Hz.
[WARN] [1780116519.191918052] [planner_server]: Planner loop missed its desired rate of 999999999.0000 Hz. Current loop rate is 8.3333 Hz
[INFO] [1780116519.216436588] [controller_server]: Passing new path to controller.
[WARN] [1780116519.250657278] [controller_server]: Control loop missed its desired rate of 30.0000 Hz. Current loop rate is 25.0000 Hz.
[WARN] [1780116519.355646151] [controller_server]: Control loop missed its desired rate of 30.0000 Hz. Current loop rate is 25.0000 Hz.
[WARN] [1780116519.452290101] [controller_server]: Control loop missed its desired rate of 30.0000 Hz. Current loop rate is 16.6667 Hz.
[WARN] [1780116519.553778313] [controller_server]: Control loop missed its desired rate of 30.0000 Hz. Current loop rate is 33.3333 Hz.
[WARN] [1780116519.656276018] [controller_server]: Control loop missed its desired rate of 30.0000 Hz. Current loop rate is 25.0000 Hz.
[WARN] [1780116519.741554967] [controller_server]: Control loop missed its desired rate of 30.0000 Hz. Current loop rate is 20.0000 Hz.
[INFO] [1780116520.241702306] [controller_server]: Passing new path to controller.
[INFO] [1780116521.275017915] [controller_server]: Passing new path to controller.
[INFO] [1780116521.345373705] [controller_server]: Reached the goal!
[INFO] [1780116521.345583127] [controller_server]: Optimizer reset
[ERROR] [1780116521.380819539] [bt_navigator_navigate_to_pose_rclcpp_node]: Failed to get result for vlm_node/query_bool in node halt!
[INFO] [1780116521.381085880] [bt_navigator]: Goal succeeded
[INFO] [1780116531.482326397] [local_costmap.local_costmap]: Received request to clear entirely the local_costmap
[INFO] [1780116531.485445073] [global_costmap.global_costmap]: Received request to clear entirely the global_costmap
[INFO] [1780116531.498698536] [bt_navigator]: Begin navigating from current location (-11.51, -27.21) to (38.10, -60.00)
[WARN] [1780116532.272281284] [planner_server]: Planner loop missed its desired rate of 999999999.0000 Hz. Current loop rate is 1.2987 Hz
[INFO] [1780116532.289778121] [controller_server]: Received a goal, begin computing control effort.
[WARN] [1780116532.628365119] [controller_server]: Control loop missed its desired rate of 30.0000 Hz. Current loop rate is 25.0000 Hz.
[WARN] [1780116532.739111659] [controller_server]: Control loop missed its desired rate of 30.0000 Hz. Current loop rate is 25.0000 Hz.
[WARN] [1780116532.841659251] [controller_server]: Control loop missed its desired rate of 30.0000 Hz. Current loop rate is 25.0000 Hz.
[WARN] [1780116532.942040462] [controller_server]: Control loop missed its desired rate of 30.0000 Hz. Current loop rate is 25.0000 Hz.
[WARN] [1780116533.042750881] [controller_server]: Control loop missed its desired rate of 30.0000 Hz. Current loop rate is 25.0000 Hz.
[WARN] [1780116533.143457531] [controller_server]: Control loop missed its desired rate of 30.0000 Hz. Current loop rate is 33.3333 Hz.
[WARN] [1780116533.345381212] [controller_server]: Control loop missed its desired rate of 30.0000 Hz. Current loop rate is 20.0000 Hz.
[WARN] [1780116534.742199914] [planner_server]: Planner loop missed its desired rate of 999999999.0000 Hz. Current loop rate is 0.6897 Hz
[INFO] [1780116534.778885757] [controller_server]: Passing new path to controller.
[WARN] [1780116534.845823098] [controller_server]: Control loop missed its desired rate of 30.0000 Hz. Current loop rate is 25.0000 Hz.
[WARN] [1780116535.046765766] [controller_server]: Control loop missed its desired rate of 30.0000 Hz. Current loop rate is 25.0000 Hz.
[WARN] [1780116535.949674873] [controller_server]: Control loop missed its desired rate of 30.0000 Hz. Current loop rate is 25.0000 Hz.
[WARN] [1780116536.050552178] [controller_server]: Control loop missed its desired rate of 30.0000 Hz. Current loop rate is 25.0000 Hz.
[WARN] [1780116536.152288442] [controller_server]: Control loop missed its desired rate of 30.0000 Hz. Current loop rate is 33.3333 Hz.
[WARN] [1780116536.255729813] [controller_server]: Control loop missed its desired rate of 30.0000 Hz. Current loop rate is 20.0000 Hz.
[WARN] [1780116536.259315961] [planner_server]: Planner loop missed its desired rate of 999999999.0000 Hz. Current loop rate is 2.0000 Hz
[INFO] [1780116536.289206064] [controller_server]: Passing new path to controller.
[WARN] [1780116536.351446808] [controller_server]: Control loop missed its desired rate of 30.0000 Hz. Current loop rate is 16.6667 Hz.
[WARN] [1780116536.455514877] [controller_server]: Control loop missed its desired rate of 30.0000 Hz. Current loop rate is 25.0000 Hz.
[WARN] [1780116536.536364377] [controller_server]: Control loop missed its desired rate of 30.0000 Hz. Current loop rate is 20.0000 Hz.
[WARN] [1780116536.651221660] [controller_server]: Control loop missed its desired rate of 30.0000 Hz. Current loop rate is 20.0000 Hz.
[WARN] [1780116536.752991452] [controller_server]: Control loop missed its desired rate of 30.0000 Hz. Current loop rate is 33.3333 Hz.
[WARN] [1780116536.857478005] [controller_server]: Control loop missed its desired rate of 30.0000 Hz. Current loop rate is 25.0000 Hz.
[WARN] [1780116536.958254364] [controller_server]: Control loop missed its desired rate of 30.0000 Hz. Current loop rate is 14.2857 Hz.
[WARN] [1780116537.060944614] [controller_server]: Control loop missed its desired rate of 30.0000 Hz. Current loop rate is 14.2857 Hz.
[WARN] [1780116537.157020656] [controller_server]: Control loop missed its desired rate of 30.0000 Hz. Current loop rate is 14.2857 Hz.
[WARN] [1780116537.261142533] [controller_server]: Control loop missed its desired rate of 30.0000 Hz. Current loop rate is 14.2857 Hz.
[WARN] [1780116537.366756725] [controller_server]: Control loop missed its desired rate of 30.0000 Hz. Current loop rate is 12.5000 Hz.
[WARN] [1780116537.467760007] [controller_server]: Control loop missed its desired rate of 30.0000 Hz. Current loop rate is 14.2857 Hz.
[WARN] [1780116537.564118169] [controller_server]: Control loop missed its desired rate of 30.0000 Hz. Current loop rate is 16.6667 Hz.
[WARN] [1780116537.669599746] [controller_server]: Control loop missed its desired rate of 30.0000 Hz. Current loop rate is 14.2857 Hz.
[WARN] [1780116537.765382589] [controller_server]: Control loop missed its desired rate of 30.0000 Hz. Current loop rate is 14.2857 Hz.
[WARN] [1780116537.863919981] [controller_server]: Control loop missed its desired rate of 30.0000 Hz. Current loop rate is 16.6667 Hz.
[WARN] [1780116537.962613357] [controller_server]: Control loop missed its desired rate of 30.0000 Hz. Current loop rate is 16.6667 Hz.
[INFO] [1780116538.002312850] [collision_monitor]: Robot to approach for 1.700000 seconds away from collision
[WARN] [1780116538.037511708] [controller_server]: Control loop missed its desired rate of 30.0000 Hz. Current loop rate is 25.0000 Hz.
[WARN] [1780116538.170320692] [controller_server]: Control loop missed its desired rate of 30.0000 Hz. Current loop rate is 14.2857 Hz.
[WARN] [1780116538.272297669] [controller_server]: Control loop missed its desired rate of 30.0000 Hz. Current loop rate is 14.2857 Hz.
[WARN] [1780116538.372613756] [controller_server]: Control loop missed its desired rate of 30.0000 Hz. Current loop rate is 14.2857 Hz.
[INFO] [1780116538.452453635] [collision_monitor]: Robot to continue normal operation
[WARN] [1780116538.568489815] [controller_server]: Control loop missed its desired rate of 30.0000 Hz. Current loop rate is 14.2857 Hz.
[WARN] [1780116538.673089765] [controller_server]: Control loop missed its desired rate of 30.0000 Hz. Current loop rate is 14.2857 Hz.
[WARN] [1780116538.775482216] [controller_server]: Control loop missed its desired rate of 30.0000 Hz. Current loop rate is 12.5000 Hz.
[WARN] [1780116538.866797714] [controller_server]: Control loop missed its desired rate of 30.0000 Hz. Current loop rate is 14.2857 Hz.
[WARN] [1780116538.968586108] [controller_server]: Control loop missed its desired rate of 30.0000 Hz. Current loop rate is 14.2857 Hz.
[WARN] [1780116539.068907485] [controller_server]: Control loop missed its desired rate of 30.0000 Hz. Current loop rate is 14.2857 Hz.
[WARN] [1780116539.169702516] [controller_server]: Control loop missed its desired rate of 30.0000 Hz. Current loop rate is 14.2857 Hz.
[WARN] [1780116539.273349981] [controller_server]: Control loop missed its desired rate of 30.0000 Hz. Current loop rate is 14.2857 Hz.
[WARN] [1780116539.361105490] [controller_server]: Control loop missed its desired rate of 30.0000 Hz. Current loop rate is 16.6667 Hz.
[WARN] [1780116539.456960272] [controller_server]: Control loop missed its desired rate of 30.0000 Hz. Current loop rate is 14.2857 Hz.
[WARN] [1780116539.554747993] [controller_server]: Control loop missed its desired rate of 30.0000 Hz. Current loop rate is 16.6667 Hz.
[WARN] [1780116539.673407338] [controller_server]: Control loop missed its desired rate of 30.0000 Hz. Current loop rate is 20.0000 Hz.
[WARN] [1780116539.770770574] [controller_server]: Control loop missed its desired rate of 30.0000 Hz. Current loop rate is 14.2857 Hz.
[WARN] [1780116539.879168615] [controller_server]: Control loop missed its desired rate of 30.0000 Hz. Current loop rate is 12.5000 Hz.
[WARN] [1780116539.975444652] [controller_server]: Control loop missed its desired rate of 30.0000 Hz. Current loop rate is 14.2857 Hz.
[WARN] [1780116540.063641745] [controller_server]: Control loop missed its desired rate of 30.0000 Hz. Current loop rate is 16.6667 Hz.
[WARN] [1780116540.146069070] [controller_server]: Control loop missed its desired rate of 30.0000 Hz. Current loop rate is 20.0000 Hz.
[WARN] [1780116540.248261570] [controller_server]: Control loop missed its desired rate of 30.0000 Hz. Current loop rate is 25.0000 Hz.
[WARN] [1780116540.350434860] [controller_server]: Control loop missed its desired rate of 30.0000 Hz. Current loop rate is 25.0000 Hz.
[WARN] [1780116540.484080096] [controller_server]: Control loop missed its desired rate of 30.0000 Hz. Current loop rate is 14.2857 Hz.
[WARN] [1780116540.574484078] [controller_server]: Control loop missed its desired rate of 30.0000 Hz. Current loop rate is 20.0000 Hz.
[WARN] [1780116540.678046107] [controller_server]: Control loop missed its desired rate of 30.0000 Hz. Current loop rate is 14.2857 Hz.
[WARN] [1780116540.775121835] [controller_server]: Control loop missed its desired rate of 30.0000 Hz. Current loop rate is 14.2857 Hz.
[WARN] [1780116540.880436890] [controller_server]: Control loop missed its desired rate of 30.0000 Hz. Current loop rate is 12.5000 Hz.
[WARN] [1780116540.957810291] [controller_server]: Control loop missed its desired rate of 30.0000 Hz. Current loop rate is 20.0000 Hz.
[WARN] [1780116541.037209277] [controller_server]: Control loop missed its desired rate of 30.0000 Hz. Current loop rate is 20.0000 Hz.
[WARN] [1780116541.157033171] [controller_server]: Control loop missed its desired rate of 30.0000 Hz. Current loop rate is 16.6667 Hz.
[WARN] [1780116541.274594377] [controller_server]: Control loop missed its desired rate of 30.0000 Hz. Current loop rate is 12.5000 Hz.
[WARN] [1780116541.371681405] [controller_server]: Control loop missed its desired rate of 30.0000 Hz. Current loop rate is 14.2857 Hz.
[WARN] [1780116541.470027086] [controller_server]: Control loop missed its desired rate of 30.0000 Hz. Current loop rate is 14.2857 Hz.
[WARN] [1780116541.568746584] [controller_server]: Control loop missed its desired rate of 30.0000 Hz. Current loop rate is 14.2857 Hz.
[WARN] [1780116541.663495098] [controller_server]: Control loop missed its desired rate of 30.0000 Hz. Current loop rate is 16.6667 Hz.
[WARN] [1780116541.767478113] [controller_server]: Control loop missed its desired rate of 30.0000 Hz. Current loop rate is 14.2857 Hz.
[WARN] [1780116541.862465347] [controller_server]: Control loop missed its desired rate of 30.0000 Hz. Current loop rate is 16.6667 Hz.
[WARN] [1780116541.960161793] [controller_server]: Control loop missed its desired rate of 30.0000 Hz. Current loop rate is 16.6667 Hz.
[WARN] [1780116542.041917523] [controller_server]: Control loop missed its desired rate of 30.0000 Hz. Current loop rate is 20.0000 Hz.
[WARN] [1780116542.098285035] [planner_server]: Planner loop missed its desired rate of 999999999.0000 Hz. Current loop rate is 0.2075 Hz
[WARN] [1780116542.149233056] [controller_server]: Control loop missed its desired rate of 30.0000 Hz. Current loop rate is 20.0000 Hz.
[INFO] [1780116542.149296584] [controller_server]: Passing new path to controller.
[WARN] [1780116543.352019804] [controller_server]: Control loop missed its desired rate of 30.0000 Hz. Current loop rate is 33.3333 Hz.
[WARN] [1780116543.458127352] [controller_server]: Control loop missed its desired rate of 30.0000 Hz. Current loop rate is 25.0000 Hz.
[WARN] [1780116543.531784321] [controller_server]: Control loop missed its desired rate of 30.0000 Hz. Current loop rate is 25.0000 Hz.
[WARN] [1780116543.646726995] [controller_server]: Control loop missed its desired rate of 30.0000 Hz. Current loop rate is 20.0000 Hz.
[WARN] [1780116543.750023146] [controller_server]: Control loop missed its desired rate of 30.0000 Hz. Current loop rate is 25.0000 Hz.
[WARN] [1780116543.854896389] [controller_server]: Control loop missed its desired rate of 30.0000 Hz. Current loop rate is 20.0000 Hz.
[WARN] [1780116544.155450736] [controller_server]: Control loop missed its desired rate of 30.0000 Hz. Current loop rate is 25.0000 Hz.
[WARN] [1780116544.244614326] [controller_server]: Control loop missed its desired rate of 30.0000 Hz. Current loop rate is 20.0000 Hz.
[WARN] [1780116544.448921514] [controller_server]: Control loop missed its desired rate of 30.0000 Hz. Current loop rate is 25.0000 Hz.
[WARN] [1780116544.553626234] [controller_server]: Control loop missed its desired rate of 30.0000 Hz. Current loop rate is 25.0000 Hz.
[WARN] [1780116544.654398048] [controller_server]: Control loop missed its desired rate of 30.0000 Hz. Current loop rate is 33.3333 Hz.
[WARN] [1780116545.255672700] [controller_server]: Control loop missed its desired rate of 30.0000 Hz. Current loop rate is 25.0000 Hz.
[WARN] [1780116545.343974932] [controller_server]: Control loop missed its desired rate of 30.0000 Hz. Current loop rate is 20.0000 Hz.
[WARN] [1780116545.419161935] [planner_server]: Planner loop missed its desired rate of 999999999.0000 Hz. Current loop rate is 0.4348 Hz
[WARN] [1780116545.444111300] [controller_server]: Control loop missed its desired rate of 30.0000 Hz. Current loop rate is 33.3333 Hz.
[INFO] [1780116545.444175358] [controller_server]: Passing new path to controller.
[WARN] [1780116545.549293914] [controller_server]: Control loop missed its desired rate of 30.0000 Hz. Current loop rate is 20.0000 Hz.
[WARN] [1780116545.951058683] [controller_server]: Control loop missed its desired rate of 30.0000 Hz. Current loop rate is 25.0000 Hz.
[WARN] [1780116546.456797142] [controller_server]: Control loop missed its desired rate of 30.0000 Hz. Current loop rate is 20.0000 Hz.
[WARN] [1780116546.547972719] [controller_server]: Control loop missed its desired rate of 30.0000 Hz. Current loop rate is 16.6667 Hz.
[WARN] [1780116546.790604174] [planner_server]: Planner loop missed its desired rate of 999999999.0000 Hz. Current loop rate is 2.9412 Hz
[INFO] [1780116546.814797907] [controller_server]: Passing new path to controller.
[WARN] [1780116546.848876868] [controller_server]: Control loop missed its desired rate of 30.0000 Hz. Current loop rate is 25.0000 Hz.
[WARN] [1780116548.449950614] [controller_server]: Control loop missed its desired rate of 30.0000 Hz. Current loop rate is 25.0000 Hz.
[WARN] [1780116548.552254065] [controller_server]: Control loop missed its desired rate of 30.0000 Hz. Current loop rate is 25.0000 Hz.
[WARN] [1780116549.245748352] [planner_server]: Planner loop missed its desired rate of 999999999.0000 Hz. Current loop rate is 0.6944 Hz
[INFO] [1780116549.285733157] [controller_server]: Passing new path to controller.
[WARN] [1780116550.054409852] [controller_server]: Control loop missed its desired rate of 30.0000 Hz. Current loop rate is 33.3333 Hz.
[WARN] [1780116551.940289238] [planner_server]: Planner loop missed its desired rate of 999999999.0000 Hz. Current loop rate is 0.5952 Hz
[INFO] [1780116551.987887694] [controller_server]: Passing new path to controller.
[WARN] [1780116555.230535821] [planner_server]: Planner loop missed its desired rate of 999999999.0000 Hz. Current loop rate is 0.4425 Hz
[INFO] [1780116555.254563532] [controller_server]: Passing new path to controller.
[WARN] [1780116556.856995531] [controller_server]: Control loop missed its desired rate of 30.0000 Hz. Current loop rate is 20.0000 Hz.
[WARN] [1780116556.940819583] [controller_server]: Control loop missed its desired rate of 30.0000 Hz. Current loop rate is 20.0000 Hz.
[WARN] [1780116557.043358080] [controller_server]: Control loop missed its desired rate of 30.0000 Hz. Current loop rate is 33.3333 Hz.
[WARN] [1780116557.601348482] [planner_server]: Planner loop missed its desired rate of 999999999.0000 Hz. Current loop rate is 0.7407 Hz
[INFO] [1780116557.643485610] [controller_server]: Passing new path to controller.
[WARN] [1780116563.079877154] [planner_server]: Planner loop missed its desired rate of 999999999.0000 Hz. Current loop rate is 0.2247 Hz
[INFO] [1780116563.110110819] [controller_server]: Passing new path to controller.
[WARN] [1780116565.778466470] [planner_server]: Planner loop missed its desired rate of 999999999.0000 Hz. Current loop rate is 0.5988 Hz
[INFO] [1780116565.810142553] [controller_server]: Passing new path to controller.
[WARN] [1780116567.870181507] [planner_server]: Planner loop missed its desired rate of 999999999.0000 Hz. Current loop rate is 0.9346 Hz
[INFO] [1780116567.910153847] [controller_server]: Passing new path to controller.
[WARN] [1780116570.033465247] [planner_server]: Planner loop missed its desired rate of 999999999.0000 Hz. Current loop rate is 0.8850 Hz
[INFO] [1780116570.076856373] [controller_server]: Passing new path to controller.
[WARN] [1780116572.793317429] [planner_server]: Planner loop missed its desired rate of 999999999.0000 Hz. Current loop rate is 0.5780 Hz
[INFO] [1780116572.810159144] [controller_server]: Passing new path to controller.
[WARN] [1780116575.583377354] [planner_server]: Planner loop missed its desired rate of 999999999.0000 Hz. Current loop rate is 0.5682 Hz
[INFO] [1780116575.610160167] [controller_server]: Passing new path to controller.
[WARN] [1780116577.533347223] [planner_server]: Planner loop missed its desired rate of 999999999.0000 Hz. Current loop rate is 1.0753 Hz
[INFO] [1780116577.576819377] [controller_server]: Passing new path to controller.
[WARN] [1780116579.677254712] [planner_server]: Planner loop missed its desired rate of 999999999.0000 Hz. Current loop rate is 0.8929 Hz
[INFO] [1780116579.710167692] [controller_server]: Passing new path to controller.
[WARN] [1780116581.097395360] [planner_server]: Planner loop missed its desired rate of 999999999.0000 Hz. Current loop rate is 2.4390 Hz
[INFO] [1780116581.110138335] [controller_server]: Passing new path to controller.
[WARN] [1780116582.646574377] [planner_server]: Planner loop missed its desired rate of 999999999.0000 Hz. Current loop rate is 1.9231 Hz
[INFO] [1780116582.676966599] [controller_server]: Passing new path to controller.
[WARN] [1780116583.974517498] [planner_server]: Planner loop missed its desired rate of 999999999.0000 Hz. Current loop rate is 3.2258 Hz
[INFO] [1780116584.010168119] [controller_server]: Passing new path to controller.
[WARN] [1780116585.210744841] [planner_server]: Planner loop missed its desired rate of 999999999.0000 Hz. Current loop rate is 4.5455 Hz
[INFO] [1780116585.243514527] [controller_server]: Passing new path to controller.
[WARN] [1780116586.409046264] [planner_server]: Planner loop missed its desired rate of 999999999.0000 Hz. Current loop rate is 5.2632 Hz
[INFO] [1780116586.443505729] [controller_server]: Passing new path to controller.
[WARN] [1780116587.487186000] [planner_server]: Planner loop missed its desired rate of 999999999.0000 Hz. Current loop rate is 16.6667 Hz
[INFO] [1780116587.510169233] [controller_server]: Passing new path to controller.
[WARN] [1780116588.501357262] [planner_server]: Planner loop missed its desired rate of 999999999.0000 Hz. Current loop rate is 100.0000 Hz
[INFO] [1780116588.543476499] [controller_server]: Passing new path to controller.
[WARN] [1780116589.147739679] [controller_server]: Control loop missed its desired rate of 30.0000 Hz. Current loop rate is 25.0000 Hz.
[INFO] [1780116589.581230019] [controller_server]: Passing new path to controller.
[WARN] [1780116589.848751610] [controller_server]: Control loop missed its desired rate of 30.0000 Hz. Current loop rate is 33.3333 Hz.
[INFO] [1780116590.582233442] [controller_server]: Passing new path to controller.
[INFO] [1780116591.615600114] [controller_server]: Passing new path to controller.
[INFO] [1780116592.648898394] [controller_server]: Passing new path to controller.
[WARN] [1780116593.641800130] [planner_server]: Planner loop missed its desired rate of 999999999.0000 Hz. Current loop rate is 100.0000 Hz
[INFO] [1780116593.682231879] [controller_server]: Passing new path to controller.
[INFO] [1780116594.682259582] [controller_server]: Passing new path to controller.
[INFO] [1780116595.715600298] [controller_server]: Passing new path to controller.
[INFO] [1780116596.748902363] [controller_server]: Passing new path to controller.
[WARN] [1780116597.801973154] [planner_server]: Planner loop missed its desired rate of 999999999.0000 Hz. Current loop rate is 14.2857 Hz
[INFO] [1780116597.848909938] [controller_server]: Passing new path to controller.
[INFO] [1780116598.882246223] [controller_server]: Passing new path to controller.
[INFO] [1780116599.882263585] [controller_server]: Passing new path to controller.
[INFO] [1780116600.915584573] [controller_server]: Passing new path to controller.
[INFO] [1780116601.948921366] [controller_server]: Passing new path to controller.
[INFO] [1780116602.982268325] [controller_server]: Passing new path to controller.
[INFO] [1780116603.982238482] [controller_server]: Passing new path to controller.
[INFO] [1780116605.015572543] [controller_server]: Passing new path to controller.
[INFO] [1780116606.048917469] [controller_server]: Passing new path to controller.
[INFO] [1780116607.082250652] [controller_server]: Passing new path to controller.
[ERROR] [1780116607.549020428] [controller_server]: Failed to make progress
[INFO] [1780116607.549319087] [controller_server]: Optimizer reset
[WARN] [1780116607.549330546] [controller_server]: [follow_path] [ActionServer] Aborting handle.
[INFO] [1780116607.569201865] [local_costmap.local_costmap]: Received request to clear entirely the local_costmap
[INFO] [1780116607.573138852] [controller_server]: Received a goal, begin computing control effort.
[WARN] [1780116607.628394526] [controller_server]: Control loop missed its desired rate of 30.0000 Hz. Current loop rate is 16.6667 Hz.
[WARN] [1780116607.738722031] [controller_server]: Control loop missed its desired rate of 30.0000 Hz. Current loop rate is 20.0000 Hz.
[INFO] [1780116608.105538626] [controller_server]: Passing new path to controller.
[WARN] [1780116608.739827793] [controller_server]: Control loop missed its desired rate of 30.0000 Hz. Current loop rate is 25.0000 Hz.
[WARN] [1780116608.841562491] [controller_server]: Control loop missed its desired rate of 30.0000 Hz. Current loop rate is 25.0000 Hz.
[INFO] [1780116609.141730796] [controller_server]: Passing new path to controller.
[WARN] [1780116609.542575080] [controller_server]: Control loop missed its desired rate of 30.0000 Hz. Current loop rate is 33.3333 Hz.
[INFO] [1780116610.142714071] [controller_server]: Passing new path to controller.
[INFO] [1780116611.176063626] [controller_server]: Passing new path to controller.
[INFO] [1780116612.209381779] [controller_server]: Passing new path to controller.
[INFO] [1780116613.209381297] [controller_server]: Passing new path to controller.
[INFO] [1780116614.242735650] [controller_server]: Passing new path to controller.
[WARN] [1780116615.245482639] [planner_server]: Planner loop missed its desired rate of 999999999.0000 Hz. Current loop rate is 50.0000 Hz
[INFO] [1780116615.276064850] [controller_server]: Passing new path to controller.
[INFO] [1780116616.309391365] [controller_server]: Passing new path to controller.
[INFO] [1780116617.309378425] [controller_server]: Passing new path to controller.
[INFO] [1780116618.342713261] [controller_server]: Passing new path to controller.
[INFO] [1780116619.342710852] [controller_server]: Passing new path to controller.
[INFO] [1780116620.376054899] [controller_server]: Passing new path to controller.
[INFO] [1780116621.409382203] [controller_server]: Passing new path to controller.
[INFO] [1780116622.442708833] [controller_server]: Passing new path to controller.
[INFO] [1780116623.476059778] [controller_server]: Passing new path to controller.
[INFO] [1780116624.476051676] [controller_server]: Passing new path to controller.
[INFO] [1780116625.478861018] [controller_server]: Reached the goal!
[INFO] [1780116625.479046021] [controller_server]: Optimizer reset
[ERROR] [1780116625.509868655] [bt_navigator_navigate_to_pose_rclcpp_node]: Failed to get result for vlm_node/query_bool in node halt!
[INFO] [1780116625.510077837] [bt_navigator]: Goal succeeded
[INFO] [1780116635.588430382] [local_costmap.local_costmap]: Received request to clear entirely the local_costmap
[INFO] [1780116635.592523794] [global_costmap.global_costmap]: Received request to clear entirely the global_costmap
[INFO] [1780116635.606016766] [bt_navigator]: Begin navigating from current location (38.29, -59.98) to (-33.50, -22.40)
[WARN] [1780116635.906956207] [planner_server]: Planner loop missed its desired rate of 999999999.0000 Hz. Current loop rate is 3.3333 Hz
[INFO] [1780116635.927080679] [controller_server]: Received a goal, begin computing control effort.
[WARN] [1780116636.233914578] [controller_server]: Control loop missed its desired rate of 30.0000 Hz. Current loop rate is 25.0000 Hz.
[WARN] [1780116636.736671315] [controller_server]: Control loop missed its desired rate of 30.0000 Hz. Current loop rate is 33.3333 Hz.
[WARN] [1780116636.940820606] [controller_server]: Control loop missed its desired rate of 30.0000 Hz. Current loop rate is 25.0000 Hz.
[WARN] [1780116637.008128563] [planner_server]: Planner loop missed its desired rate of 999999999.0000 Hz. Current loop rate is 14.2857 Hz
[INFO] [1780116637.040949167] [controller_server]: Passing new path to controller.
[WARN] [1780116637.143813450] [controller_server]: Control loop missed its desired rate of 30.0000 Hz. Current loop rate is 25.0000 Hz.
[WARN] [1780116637.347425041] [controller_server]: Control loop missed its desired rate of 30.0000 Hz. Current loop rate is 33.3333 Hz.
[WARN] [1780116637.448816007] [controller_server]: Control loop missed its desired rate of 30.0000 Hz. Current loop rate is 33.3333 Hz.
[WARN] [1780116638.061216095] [planner_server]: Planner loop missed its desired rate of 999999999.0000 Hz. Current loop rate is 25.0000 Hz
[INFO] [1780116638.082287063] [controller_server]: Passing new path to controller.
[WARN] [1780116639.142378397] [planner_server]: Planner loop missed its desired rate of 999999999.0000 Hz. Current loop rate is 16.6667 Hz
[INFO] [1780116639.182299925] [controller_server]: Passing new path to controller.
[WARN] [1780116640.229434463] [planner_server]: Planner loop missed its desired rate of 999999999.0000 Hz. Current loop rate is 14.2857 Hz
[INFO] [1780116640.248958068] [controller_server]: Passing new path to controller.
[WARN] [1780116641.353068303] [planner_server]: Planner loop missed its desired rate of 999999999.0000 Hz. Current loop rate is 9.0909 Hz
[INFO] [1780116641.382318707] [controller_server]: Passing new path to controller.
[WARN] [1780116642.438538829] [planner_server]: Planner loop missed its desired rate of 999999999.0000 Hz. Current loop rate is 16.6667 Hz
[INFO] [1780116642.482303248] [controller_server]: Passing new path to controller.
[WARN] [1780116643.518904424] [planner_server]: Planner loop missed its desired rate of 999999999.0000 Hz. Current loop rate is 20.0000 Hz
[INFO] [1780116643.548960879] [controller_server]: Passing new path to controller.
[WARN] [1780116644.614173788] [planner_server]: Planner loop missed its desired rate of 999999999.0000 Hz. Current loop rate is 12.5000 Hz
[INFO] [1780116644.648960282] [controller_server]: Passing new path to controller.
[WARN] [1780116645.671411180] [planner_server]: Planner loop missed its desired rate of 999999999.0000 Hz. Current loop rate is 25.0000 Hz
[INFO] [1780116645.715643624] [controller_server]: Passing new path to controller.
[WARN] [1780116646.742594845] [planner_server]: Planner loop missed its desired rate of 999999999.0000 Hz. Current loop rate is 20.0000 Hz
[INFO] [1780116646.782299392] [controller_server]: Passing new path to controller.
[WARN] [1780116647.857672122] [planner_server]: Planner loop missed its desired rate of 999999999.0000 Hz. Current loop rate is 10.0000 Hz
[INFO] [1780116647.882296524] [controller_server]: Passing new path to controller.
[WARN] [1780116648.921695977] [planner_server]: Planner loop missed its desired rate of 999999999.0000 Hz. Current loop rate is 33.3333 Hz
[INFO] [1780116648.948974653] [controller_server]: Passing new path to controller.
[WARN] [1780116649.973210780] [planner_server]: Planner loop missed its desired rate of 999999999.0000 Hz. Current loop rate is 33.3333 Hz
[INFO] [1780116650.015635139] [controller_server]: Passing new path to controller.
[WARN] [1780116651.045269487] [planner_server]: Planner loop missed its desired rate of 999999999.0000 Hz. Current loop rate is 20.0000 Hz
[INFO] [1780116651.082323380] [controller_server]: Passing new path to controller.
[WARN] [1780116652.110912761] [planner_server]: Planner loop missed its desired rate of 999999999.0000 Hz. Current loop rate is 25.0000 Hz
[INFO] [1780116652.148962439] [controller_server]: Passing new path to controller.
[WARN] [1780116653.155058736] [planner_server]: Planner loop missed its desired rate of 999999999.0000 Hz. Current loop rate is 33.3333 Hz
[INFO] [1780116653.182301774] [controller_server]: Passing new path to controller.
[WARN] [1780116654.203556370] [planner_server]: Planner loop missed its desired rate of 999999999.0000 Hz. Current loop rate is 33.3333 Hz
[INFO] [1780116654.248957503] [controller_server]: Passing new path to controller.
[WARN] [1780116655.296272296] [planner_server]: Planner loop missed its desired rate of 999999999.0000 Hz. Current loop rate is 14.2857 Hz
[INFO] [1780116655.348976766] [controller_server]: Passing new path to controller.
[WARN] [1780116656.353202967] [planner_server]: Planner loop missed its desired rate of 999999999.0000 Hz. Current loop rate is 50.0000 Hz
[INFO] [1780116656.382288778] [controller_server]: Passing new path to controller.
[WARN] [1780116657.394476727] [planner_server]: Planner loop missed its desired rate of 999999999.0000 Hz. Current loop rate is 33.3333 Hz
[INFO] [1780116657.415630305] [controller_server]: Passing new path to controller.
[WARN] [1780116658.438183996] [planner_server]: Planner loop missed its desired rate of 999999999.0000 Hz. Current loop rate is 25.0000 Hz
[INFO] [1780116658.482285197] [controller_server]: Passing new path to controller.
[WARN] [1780116659.474393840] [planner_server]: Planner loop missed its desired rate of 999999999.0000 Hz. Current loop rate is 50.0000 Hz
[INFO] [1780116659.515627235] [controller_server]: Passing new path to controller.
[WARN] [1780116660.515739655] [planner_server]: Planner loop missed its desired rate of 999999999.0000 Hz. Current loop rate is 50.0000 Hz
[INFO] [1780116660.548969528] [controller_server]: Passing new path to controller.
[WARN] [1780116661.550538631] [planner_server]: Planner loop missed its desired rate of 999999999.0000 Hz. Current loop rate is 50.0000 Hz
[INFO] [1780116661.582288417] [controller_server]: Passing new path to controller.
[WARN] [1780116662.584767063] [planner_server]: Planner loop missed its desired rate of 999999999.0000 Hz. Current loop rate is 50.0000 Hz
[INFO] [1780116662.615634791] [controller_server]: Passing new path to controller.
[WARN] [1780116663.627133977] [planner_server]: Planner loop missed its desired rate of 999999999.0000 Hz. Current loop rate is 33.3333 Hz
[INFO] [1780116663.648964231] [controller_server]: Passing new path to controller.
[WARN] [1780116664.682614164] [planner_server]: Planner loop missed its desired rate of 999999999.0000 Hz. Current loop rate is 50.0000 Hz
[INFO] [1780116664.715630645] [controller_server]: Passing new path to controller.
[WARN] [1780116665.728003700] [planner_server]: Planner loop missed its desired rate of 999999999.0000 Hz. Current loop rate is 33.3333 Hz
[INFO] [1780116665.748979135] [controller_server]: Passing new path to controller.
[WARN] [1780116666.778338914] [planner_server]: Planner loop missed its desired rate of 999999999.0000 Hz. Current loop rate is 50.0000 Hz
[INFO] [1780116666.815635761] [controller_server]: Passing new path to controller.
[WARN] [1780116667.832756406] [planner_server]: Planner loop missed its desired rate of 999999999.0000 Hz. Current loop rate is 33.3333 Hz
[INFO] [1780116667.848960112] [controller_server]: Passing new path to controller.
[WARN] [1780116668.894446691] [planner_server]: Planner loop missed its desired rate of 999999999.0000 Hz. Current loop rate is 25.0000 Hz
[INFO] [1780116668.915654658] [controller_server]: Passing new path to controller.
[WARN] [1780116669.954984064] [planner_server]: Planner loop missed its desired rate of 999999999.0000 Hz. Current loop rate is 20.0000 Hz
[INFO] [1780116669.982301811] [controller_server]: Passing new path to controller.
[WARN] [1780116670.989865165] [planner_server]: Planner loop missed its desired rate of 999999999.0000 Hz. Current loop rate is 50.0000 Hz
[INFO] [1780116671.015637278] [controller_server]: Passing new path to controller.
[WARN] [1780116672.031020936] [planner_server]: Planner loop missed its desired rate of 999999999.0000 Hz. Current loop rate is 50.0000 Hz
[INFO] [1780116672.048959881] [controller_server]: Passing new path to controller.
[WARN] [1780116673.071850644] [planner_server]: Planner loop missed its desired rate of 999999999.0000 Hz. Current loop rate is 100.0000 Hz
[INFO] [1780116673.115629769] [controller_server]: Passing new path to controller.
[WARN] [1780116674.111324185] [planner_server]: Planner loop missed its desired rate of 999999999.0000 Hz. Current loop rate is 33.3333 Hz
[INFO] [1780116674.148970812] [controller_server]: Passing new path to controller.
[WARN] [1780116675.176156131] [planner_server]: Planner loop missed its desired rate of 999999999.0000 Hz. Current loop rate is 20.0000 Hz
[INFO] [1780116675.215644301] [controller_server]: Passing new path to controller.
[WARN] [1780116676.258164824] [planner_server]: Planner loop missed its desired rate of 999999999.0000 Hz. Current loop rate is 16.6667 Hz
[INFO] [1780116676.282309217] [controller_server]: Passing new path to controller.
[WARN] [1780116677.339798437] [planner_server]: Planner loop missed its desired rate of 999999999.0000 Hz. Current loop rate is 20.0000 Hz
[INFO] [1780116677.382288530] [controller_server]: Passing new path to controller.
[WARN] [1780116678.475337658] [planner_server]: Planner loop missed its desired rate of 999999999.0000 Hz. Current loop rate is 8.3333 Hz
[INFO] [1780116678.515627240] [controller_server]: Passing new path to controller.
[WARN] [1780116679.513720396] [planner_server]: Planner loop missed its desired rate of 999999999.0000 Hz. Current loop rate is 33.3333 Hz
[INFO] [1780116679.548970989] [controller_server]: Passing new path to controller.
[WARN] [1780116680.553864416] [planner_server]: Planner loop missed its desired rate of 999999999.0000 Hz. Current loop rate is 33.3333 Hz
[INFO] [1780116680.582292364] [controller_server]: Passing new path to controller.
[WARN] [1780116681.611904648] [planner_server]: Planner loop missed its desired rate of 999999999.0000 Hz. Current loop rate is 25.0000 Hz
[INFO] [1780116681.648965997] [controller_server]: Passing new path to controller.
[WARN] [1780116682.691284849] [planner_server]: Planner loop missed its desired rate of 999999999.0000 Hz. Current loop rate is 16.6667 Hz
[INFO] [1780116682.715628685] [controller_server]: Passing new path to controller.
[WARN] [1780116683.787410325] [planner_server]: Planner loop missed its desired rate of 999999999.0000 Hz. Current loop rate is 14.2857 Hz
[INFO] [1780116683.815635991] [controller_server]: Passing new path to controller.
[WARN] [1780116684.830385024] [planner_server]: Planner loop missed its desired rate of 999999999.0000 Hz. Current loop rate is 50.0000 Hz
[INFO] [1780116684.848960417] [controller_server]: Passing new path to controller.
[WARN] [1780116685.870018399] [planner_server]: Planner loop missed its desired rate of 999999999.0000 Hz. Current loop rate is 100.0000 Hz
[INFO] [1780116685.915626712] [controller_server]: Passing new path to controller.
[WARN] [1780116686.896914696] [planner_server]: Planner loop missed its desired rate of 999999999.0000 Hz. Current loop rate is 100.0000 Hz
[INFO] [1780116686.948963578] [controller_server]: Passing new path to controller.
[INFO] [1780116687.948957205] [controller_server]: Passing new path to controller.
[WARN] [1780116688.955765443] [planner_server]: Planner loop missed its desired rate of 999999999.0000 Hz. Current loop rate is 50.0000 Hz
[INFO] [1780116688.982294441] [controller_server]: Passing new path to controller.
[WARN] [1780116689.974725590] [planner_server]: Planner loop missed its desired rate of 999999999.0000 Hz. Current loop rate is 100.0000 Hz
[INFO] [1780116690.015620333] [controller_server]: Passing new path to controller.
[WARN] [1780116690.994894389] [planner_server]: Planner loop missed its desired rate of 999999999.0000 Hz. Current loop rate is 100.0000 Hz
[INFO] [1780116691.015620335] [controller_server]: Passing new path to controller.
[WARN] [1780116692.023901095] [planner_server]: Planner loop missed its desired rate of 999999999.0000 Hz. Current loop rate is 100.0000 Hz
[INFO] [1780116692.048961446] [controller_server]: Passing new path to controller.
[INFO] [1780116693.048964357] [controller_server]: Passing new path to controller.
[WARN] [1780116694.062996621] [planner_server]: Planner loop missed its desired rate of 999999999.0000 Hz. Current loop rate is 100.0000 Hz
[INFO] [1780116694.082296108] [controller_server]: Passing new path to controller.
[INFO] [1780116695.115618635] [controller_server]: Passing new path to controller.
[INFO] [1780116696.148954496] [controller_server]: Passing new path to controller.
[INFO] [1780116697.182296401] [controller_server]: Passing new path to controller.
[INFO] [1780116698.182287107] [controller_server]: Passing new path to controller.
[INFO] [1780116699.215628703] [controller_server]: Passing new path to controller.
[WARN] [1780116700.302333571] [planner_server]: Planner loop missed its desired rate of 999999999.0000 Hz. Current loop rate is 12.5000 Hz
[INFO] [1780116700.348969270] [controller_server]: Passing new path to controller.
[INFO] [1780116701.348977680] [controller_server]: Passing new path to controller.
[WARN] [1780116702.350660635] [planner_server]: Planner loop missed its desired rate of 999999999.0000 Hz. Current loop rate is 100.0000 Hz
[INFO] [1780116702.382305241] [controller_server]: Passing new path to controller.
[INFO] [1780116703.382292651] [controller_server]: Passing new path to controller.
[INFO] [1780116704.415634851] [controller_server]: Passing new path to controller.
[INFO] [1780116705.448955967] [controller_server]: Passing new path to controller.
[INFO] [1780116706.482303456] [controller_server]: Passing new path to controller.
[INFO] [1780116707.482290605] [controller_server]: Passing new path to controller.
[WARN] [1780116708.349521791] [controller_server]: Control loop missed its desired rate of 30.0000 Hz. Current loop rate is 33.3333 Hz.
[WARN] [1780116708.456309728] [controller_server]: Control loop missed its desired rate of 30.0000 Hz. Current loop rate is 25.0000 Hz.
[WARN] [1780116708.555693431] [controller_server]: Control loop missed its desired rate of 30.0000 Hz. Current loop rate is 14.2857 Hz.
[INFO] [1780116708.555766788] [controller_server]: Passing new path to controller.
[WARN] [1780116708.658521530] [controller_server]: Control loop missed its desired rate of 30.0000 Hz. Current loop rate is 14.2857 Hz.
[WARN] [1780116708.763481003] [controller_server]: Control loop missed its desired rate of 30.0000 Hz. Current loop rate is 12.5000 Hz.
[WARN] [1780116709.238340877] [controller_server]: Control loop missed its desired rate of 30.0000 Hz. Current loop rate is 25.0000 Hz.
[WARN] [1780116709.338833850] [controller_server]: Control loop missed its desired rate of 30.0000 Hz. Current loop rate is 33.3333 Hz.
[WARN] [1780116709.439511127] [controller_server]: Control loop missed its desired rate of 30.0000 Hz. Current loop rate is 33.3333 Hz.
[WARN] [1780116709.553014774] [controller_server]: Control loop missed its desired rate of 30.0000 Hz. Current loop rate is 25.0000 Hz.
[INFO] [1780116709.553064662] [controller_server]: Passing new path to controller.
[WARN] [1780116709.656369585] [controller_server]: Control loop missed its desired rate of 30.0000 Hz. Current loop rate is 25.0000 Hz.
[WARN] [1780116709.750624922] [controller_server]: Control loop missed its desired rate of 30.0000 Hz. Current loop rate is 16.6667 Hz.
[WARN] [1780116709.953970364] [controller_server]: Control loop missed its desired rate of 30.0000 Hz. Current loop rate is 33.3333 Hz.
[WARN] [1780116710.056105129] [controller_server]: Control loop missed its desired rate of 30.0000 Hz. Current loop rate is 25.0000 Hz.
[WARN] [1780116710.128889854] [controller_server]: Control loop missed its desired rate of 30.0000 Hz. Current loop rate is 25.0000 Hz.
[INFO] [1780116710.562358332] [controller_server]: Passing new path to controller.
[INFO] [1780116711.595685907] [controller_server]: Passing new path to controller.
[INFO] [1780116712.629028715] [controller_server]: Passing new path to controller.
[WARN] [1780116712.736158332] [controller_server]: Control loop missed its desired rate of 30.0000 Hz. Current loop rate is 25.0000 Hz.
[WARN] [1780116713.620329272] [planner_server]: Planner loop missed its desired rate of 999999999.0000 Hz. Current loop rate is 100.0000 Hz
[INFO] [1780116713.669649488] [controller_server]: Passing new path to controller.
[WARN] [1780116714.541854160] [controller_server]: Control loop missed its desired rate of 30.0000 Hz. Current loop rate is 25.0000 Hz.
[WARN] [1780116714.641746267] [planner_server]: Planner loop missed its desired rate of 999999999.0000 Hz. Current loop rate is 100.0000 Hz
[WARN] [1780116714.649134053] [controller_server]: Control loop missed its desired rate of 30.0000 Hz. Current loop rate is 25.0000 Hz.
[INFO] [1780116714.682571137] [controller_server]: Passing new path to controller.
[WARN] [1780116714.750576664] [controller_server]: Control loop missed its desired rate of 30.0000 Hz. Current loop rate is 25.0000 Hz.
[WARN] [1780116714.851274893] [controller_server]: Control loop missed its desired rate of 30.0000 Hz. Current loop rate is 25.0000 Hz.
[INFO] [1780116715.684745344] [controller_server]: Passing new path to controller.
[WARN] [1780116716.253743206] [controller_server]: Control loop missed its desired rate of 30.0000 Hz. Current loop rate is 25.0000 Hz.
[WARN] [1780116716.460056759] [controller_server]: Control loop missed its desired rate of 30.0000 Hz. Current loop rate is 33.3333 Hz.
[WARN] [1780116716.554286229] [controller_server]: Control loop missed its desired rate of 30.0000 Hz. Current loop rate is 16.6667 Hz.
[WARN] [1780116716.668073240] [controller_server]: Control loop missed its desired rate of 30.0000 Hz. Current loop rate is 25.0000 Hz.
[WARN] [1780116716.681192551] [planner_server]: Planner loop missed its desired rate of 999999999.0000 Hz. Current loop rate is 100.0000 Hz
[INFO] [1780116716.701581552] [controller_server]: Passing new path to controller.
[WARN] [1780116716.758300004] [controller_server]: Control loop missed its desired rate of 30.0000 Hz. Current loop rate is 20.0000 Hz.
[WARN] [1780116716.828444986] [controller_server]: Control loop missed its desired rate of 30.0000 Hz. Current loop rate is 25.0000 Hz.
[WARN] [1780116717.711274700] [planner_server]: Planner loop missed its desired rate of 999999999.0000 Hz. Current loop rate is 100.0000 Hz
[INFO] [1780116717.728583451] [controller_server]: Passing new path to controller.
[ERROR] [1780116718.461979851] [controller_server]: Failed to make progress
[INFO] [1780116718.462314389] [controller_server]: Optimizer reset
[WARN] [1780116718.462325719] [controller_server]: [follow_path] [ActionServer] Aborting handle.
[INFO] [1780116718.476508832] [local_costmap.local_costmap]: Received request to clear entirely the local_costmap
[INFO] [1780116718.480572016] [controller_server]: Received a goal, begin computing control effort.
[WARN] [1780116718.535399256] [controller_server]: Control loop missed its desired rate of 30.0000 Hz. Current loop rate is 20.0000 Hz.
[WARN] [1780116718.775879709] [planner_server]: Planner loop missed its desired rate of 999999999.0000 Hz. Current loop rate is 25.0000 Hz
[INFO] [1780116718.802119451] [controller_server]: Passing new path to controller.
[WARN] [1780116719.335451376] [controller_server]: Control loop missed its desired rate of 30.0000 Hz. Current loop rate is 33.3333 Hz.
[WARN] [1780116719.636018212] [controller_server]: Control loop missed its desired rate of 30.0000 Hz. Current loop rate is 33.3333 Hz.
[WARN] [1780116719.737423548] [controller_server]: Control loop missed its desired rate of 30.0000 Hz. Current loop rate is 33.3333 Hz.
[WARN] [1780116719.791052850] [planner_server]: Planner loop missed its desired rate of 999999999.0000 Hz. Current loop rate is 100.0000 Hz
[INFO] [1780116719.837548449] [controller_server]: Passing new path to controller.
[WARN] [1780116720.141852282] [controller_server]: Control loop missed its desired rate of 30.0000 Hz. Current loop rate is 25.0000 Hz.
[WARN] [1780116720.821201471] [planner_server]: Planner loop missed its desired rate of 999999999.0000 Hz. Current loop rate is 100.0000 Hz
[INFO] [1780116720.841990688] [controller_server]: Passing new path to controller.
[WARN] [1780116721.841090233] [planner_server]: Planner loop missed its desired rate of 999999999.0000 Hz. Current loop rate is 100.0000 Hz
[INFO] [1780116721.875309010] [controller_server]: Passing new path to controller.
[WARN] [1780116722.851175320] [planner_server]: Planner loop missed its desired rate of 999999999.0000 Hz. Current loop rate is 100.0000 Hz
[INFO] [1780116722.875309438] [controller_server]: Passing new path to controller.
[WARN] [1780116722.944612371] [controller_server]: Control loop missed its desired rate of 30.0000 Hz. Current loop rate is 33.3333 Hz.
[WARN] [1780116723.881275666] [planner_server]: Planner loop missed its desired rate of 999999999.0000 Hz. Current loop rate is 100.0000 Hz
[INFO] [1780116723.911398580] [controller_server]: Passing new path to controller.
[WARN] [1780116724.901117355] [planner_server]: Planner loop missed its desired rate of 999999999.0000 Hz. Current loop rate is 100.0000 Hz
[INFO] [1780116724.944735376] [controller_server]: Passing new path to controller.
[WARN] [1780116725.930935040] [planner_server]: Planner loop missed its desired rate of 999999999.0000 Hz. Current loop rate is 100.0000 Hz
[INFO] [1780116725.944729207] [controller_server]: Passing new path to controller.
[WARN] [1780116726.950810365] [planner_server]: Planner loop missed its desired rate of 999999999.0000 Hz. Current loop rate is 100.0000 Hz
[INFO] [1780116726.978073202] [controller_server]: Passing new path to controller.
[INFO] [1780116728.011383832] [controller_server]: Passing new path to controller.
[ERROR] [1780116728.544776607] [controller_server]: Failed to make progress
[INFO] [1780116728.545058637] [controller_server]: Optimizer reset
[WARN] [1780116728.545068707] [controller_server]: [follow_path] [ActionServer] Aborting handle.
[ERROR] [1780116728.577277457] [bt_navigator_navigate_to_pose_rclcpp_node]: Failed to get result for vlm_node/query_bool in node halt!
[INFO] [1780116728.577440881] [local_costmap.local_costmap]: Received request to clear entirely the local_costmap
[INFO] [1780116728.579837635] [global_costmap.global_costmap]: Received request to clear entirely the global_costmap
[WARN] [1780116728.901917475] [planner_server]: Planner loop missed its desired rate of 999999999.0000 Hz. Current loop rate is 3.2258 Hz
[INFO] [1780116728.919106501] [controller_server]: Received a goal, begin computing control effort.
[WARN] [1780116729.954004794] [controller_server]: Control loop missed its desired rate of 30.0000 Hz. Current loop rate is 33.3333 Hz.
[INFO] [1780116729.954072971] [controller_server]: Passing new path to controller.
[WARN] [1780116730.067599118] [controller_server]: Control loop missed its desired rate of 30.0000 Hz. Current loop rate is 25.0000 Hz.
[WARN] [1780116730.158911949] [controller_server]: Control loop missed its desired rate of 30.0000 Hz. Current loop rate is 20.0000 Hz.
[WARN] [1780116730.248216431] [controller_server]: Control loop missed its desired rate of 30.0000 Hz. Current loop rate is 20.0000 Hz.
[INFO] [1780116730.981669549] [controller_server]: Passing new path to controller.
[WARN] [1780116731.972632639] [planner_server]: Planner loop missed its desired rate of 999999999.0000 Hz. Current loop rate is 100.0000 Hz
[INFO] [1780116732.014994757] [controller_server]: Passing new path to controller.
[WARN] [1780116732.352741323] [controller_server]: Control loop missed its desired rate of 30.0000 Hz. Current loop rate is 25.0000 Hz.
[WARN] [1780116732.462738587] [controller_server]: Control loop missed its desired rate of 30.0000 Hz. Current loop rate is 33.3333 Hz.
[WARN] [1780116732.550570533] [controller_server]: Control loop missed its desired rate of 30.0000 Hz. Current loop rate is 16.6667 Hz.
[INFO] [1780116733.017355664] [controller_server]: Passing new path to controller.
[WARN] [1780116733.553599559] [controller_server]: Control loop missed its desired rate of 30.0000 Hz. Current loop rate is 25.0000 Hz.
[WARN] [1780116733.665628001] [controller_server]: Control loop missed its desired rate of 30.0000 Hz. Current loop rate is 25.0000 Hz.
[WARN] [1780116733.762870231] [controller_server]: Control loop missed its desired rate of 30.0000 Hz. Current loop rate is 20.0000 Hz.
[WARN] [1780116733.859830751] [controller_server]: Control loop missed its desired rate of 30.0000 Hz. Current loop rate is 16.6667 Hz.
[WARN] [1780116733.966142698] [controller_server]: Control loop missed its desired rate of 30.0000 Hz. Current loop rate is 14.2857 Hz.
[WARN] [1780116734.059446868] [controller_server]: Control loop missed its desired rate of 30.0000 Hz. Current loop rate is 20.0000 Hz.
[INFO] [1780116734.059527116] [controller_server]: Passing new path to controller.
[WARN] [1780116734.147072162] [controller_server]: Control loop missed its desired rate of 30.0000 Hz. Current loop rate is 20.0000 Hz.
[WARN] [1780116734.267012393] [controller_server]: Control loop missed its desired rate of 30.0000 Hz. Current loop rate is 20.0000 Hz.
[WARN] [1780116734.354714173] [controller_server]: Control loop missed its desired rate of 30.0000 Hz. Current loop rate is 20.0000 Hz.
[WARN] [1780116734.473120459] [controller_server]: Control loop missed its desired rate of 30.0000 Hz. Current loop rate is 20.0000 Hz.
[WARN] [1780116734.564734280] [controller_server]: Control loop missed its desired rate of 30.0000 Hz. Current loop rate is 20.0000 Hz.
[WARN] [1780116734.669412595] [controller_server]: Control loop missed its desired rate of 30.0000 Hz. Current loop rate is 12.5000 Hz.
[WARN] [1780116734.763377612] [controller_server]: Control loop missed its desired rate of 30.0000 Hz. Current loop rate is 16.6667 Hz.
[WARN] [1780116734.842967243] [controller_server]: Control loop missed its desired rate of 30.0000 Hz. Current loop rate is 20.0000 Hz.
[WARN] [1780116734.962505658] [controller_server]: Control loop missed its desired rate of 30.0000 Hz. Current loop rate is 25.0000 Hz.
[WARN] [1780116735.042929138] [controller_server]: Control loop missed its desired rate of 30.0000 Hz. Current loop rate is 20.0000 Hz.
[INFO] [1780116735.076386375] [controller_server]: Passing new path to controller.
[WARN] [1780116735.161173910] [controller_server]: Control loop missed its desired rate of 30.0000 Hz. Current loop rate is 25.0000 Hz.
[WARN] [1780116735.263169071] [controller_server]: Control loop missed its desired rate of 30.0000 Hz. Current loop rate is 16.6667 Hz.
[WARN] [1780116735.361912418] [controller_server]: Control loop missed its desired rate of 30.0000 Hz. Current loop rate is 16.6667 Hz.
[WARN] [1780116735.464510638] [controller_server]: Control loop missed its desired rate of 30.0000 Hz. Current loop rate is 16.6667 Hz.
[WARN] [1780116735.569030180] [controller_server]: Control loop missed its desired rate of 30.0000 Hz. Current loop rate is 14.2857 Hz.
[WARN] [1780116735.666430845] [controller_server]: Control loop missed its desired rate of 30.0000 Hz. Current loop rate is 16.6667 Hz.
[WARN] [1780116735.767936993] [controller_server]: Control loop missed its desired rate of 30.0000 Hz. Current loop rate is 16.6667 Hz.
[WARN] [1780116735.863126857] [controller_server]: Control loop missed its desired rate of 30.0000 Hz. Current loop rate is 20.0000 Hz.
[WARN] [1780116735.970826085] [controller_server]: Control loop missed its desired rate of 30.0000 Hz. Current loop rate is 14.2857 Hz.
[WARN] [1780116736.055738866] [controller_server]: Control loop missed its desired rate of 30.0000 Hz. Current loop rate is 20.0000 Hz.
[WARN] [1780116736.067211667] [planner_server]: Planner loop missed its desired rate of 999999999.0000 Hz. Current loop rate is 100.0000 Hz
[INFO] [1780116736.089213542] [controller_server]: Passing new path to controller.
[WARN] [1780116736.158007688] [controller_server]: Control loop missed its desired rate of 30.0000 Hz. Current loop rate is 16.6667 Hz.
[WARN] [1780116736.265137387] [controller_server]: Control loop missed its desired rate of 30.0000 Hz. Current loop rate is 14.2857 Hz.
[WARN] [1780116736.361007547] [controller_server]: Control loop missed its desired rate of 30.0000 Hz. Current loop rate is 20.0000 Hz.
[WARN] [1780116736.466501014] [controller_server]: Control loop missed its desired rate of 30.0000 Hz. Current loop rate is 14.2857 Hz.
[WARN] [1780116736.566876023] [controller_server]: Control loop missed its desired rate of 30.0000 Hz. Current loop rate is 16.6667 Hz.
[WARN] [1780116736.672410419] [controller_server]: Control loop missed its desired rate of 30.0000 Hz. Current loop rate is 14.2857 Hz.
[WARN] [1780116736.767310584] [controller_server]: Control loop missed its desired rate of 30.0000 Hz. Current loop rate is 16.6667 Hz.
[WARN] [1780116736.861392418] [controller_server]: Control loop missed its desired rate of 30.0000 Hz. Current loop rate is 20.0000 Hz.
[WARN] [1780116736.963270194] [controller_server]: Control loop missed its desired rate of 30.0000 Hz. Current loop rate is 16.6667 Hz.
[WARN] [1780116737.058281235] [controller_server]: Control loop missed its desired rate of 30.0000 Hz. Current loop rate is 16.6667 Hz.
[WARN] [1780116737.160747100] [controller_server]: Control loop missed its desired rate of 30.0000 Hz. Current loop rate is 16.6667 Hz.
[INFO] [1780116737.160801648] [controller_server]: Passing new path to controller.
[WARN] [1780116737.250294936] [controller_server]: Control loop missed its desired rate of 30.0000 Hz. Current loop rate is 16.6667 Hz.
[WARN] [1780116737.363092243] [controller_server]: Control loop missed its desired rate of 30.0000 Hz. Current loop rate is 20.0000 Hz.
[WARN] [1780116737.460967042] [controller_server]: Control loop missed its desired rate of 30.0000 Hz. Current loop rate is 16.6667 Hz.
[WARN] [1780116737.564000967] [controller_server]: Control loop missed its desired rate of 30.0000 Hz. Current loop rate is 16.6667 Hz.
[WARN] [1780116737.667589143] [controller_server]: Control loop missed its desired rate of 30.0000 Hz. Current loop rate is 14.2857 Hz.
[WARN] [1780116737.761625369] [controller_server]: Control loop missed its desired rate of 30.0000 Hz. Current loop rate is 16.6667 Hz.
[WARN] [1780116737.866201289] [controller_server]: Control loop missed its desired rate of 30.0000 Hz. Current loop rate is 14.2857 Hz.
[WARN] [1780116737.970428731] [controller_server]: Control loop missed its desired rate of 30.0000 Hz. Current loop rate is 16.6667 Hz.
[WARN] [1780116738.060871236] [controller_server]: Control loop missed its desired rate of 30.0000 Hz. Current loop rate is 20.0000 Hz.
[WARN] [1780116738.155929886] [controller_server]: Control loop missed its desired rate of 30.0000 Hz. Current loop rate is 16.6667 Hz.
[INFO] [1780116738.155979664] [controller_server]: Passing new path to controller.
[WARN] [1780116738.260164468] [controller_server]: Control loop missed its desired rate of 30.0000 Hz. Current loop rate is 16.6667 Hz.
[WARN] [1780116738.365052878] [controller_server]: Control loop missed its desired rate of 30.0000 Hz. Current loop rate is 14.2857 Hz.
[WARN] [1780116738.464939636] [controller_server]: Control loop missed its desired rate of 30.0000 Hz. Current loop rate is 14.2857 Hz.
[WARN] [1780116738.559574181] [controller_server]: Control loop missed its desired rate of 30.0000 Hz. Current loop rate is 20.0000 Hz.
[WARN] [1780116738.653303678] [controller_server]: Control loop missed its desired rate of 30.0000 Hz. Current loop rate is 16.6667 Hz.
[WARN] [1780116738.754546088] [controller_server]: Control loop missed its desired rate of 30.0000 Hz. Current loop rate is 33.3333 Hz.
[WARN] [1780116738.877313879] [controller_server]: Control loop missed its desired rate of 30.0000 Hz. Current loop rate is 20.0000 Hz.
[WARN] [1780116738.963511825] [controller_server]: Control loop missed its desired rate of 30.0000 Hz. Current loop rate is 20.0000 Hz.
[ERROR] [1780116738.963653130] [controller_server]: Failed to make progress
[INFO] [1780116738.963989848] [controller_server]: Optimizer reset
[WARN] [1780116738.964004348] [controller_server]: [follow_path] [ActionServer] Aborting handle.
[INFO] [1780116738.978947275] [local_costmap.local_costmap]: Received request to clear entirely the local_costmap
[INFO] [1780116738.984428339] [controller_server]: Received a goal, begin computing control effort.
[WARN] [1780116739.079293007] [controller_server]: Control loop missed its desired rate of 30.0000 Hz. Current loop rate is 10.0000 Hz.
[WARN] [1780116739.158845170] [controller_server]: Control loop missed its desired rate of 30.0000 Hz. Current loop rate is 25.0000 Hz.
[INFO] [1780116739.192278538] [controller_server]: Passing new path to controller.
[WARN] [1780116739.257274250] [controller_server]: Control loop missed its desired rate of 30.0000 Hz. Current loop rate is 16.6667 Hz.
[WARN] [1780116739.360625235] [controller_server]: Control loop missed its desired rate of 30.0000 Hz. Current loop rate is 16.6667 Hz.
[WARN] [1780116739.442649730] [controller_server]: Control loop missed its desired rate of 30.0000 Hz. Current loop rate is 20.0000 Hz.
[WARN] [1780116739.558912224] [controller_server]: Control loop missed its desired rate of 30.0000 Hz. Current loop rate is 25.0000 Hz.
[WARN] [1780116739.658358398] [controller_server]: Control loop missed its desired rate of 30.0000 Hz. Current loop rate is 16.6667 Hz.
[WARN] [1780116739.765263536] [controller_server]: Control loop missed its desired rate of 30.0000 Hz. Current loop rate is 14.2857 Hz.
[WARN] [1780116739.853755861] [controller_server]: Control loop missed its desired rate of 30.0000 Hz. Current loop rate is 20.0000 Hz.
[WARN] [1780116740.055080602] [controller_server]: Control loop missed its desired rate of 30.0000 Hz. Current loop rate is 33.3333 Hz.
[WARN] [1780116740.165528834] [controller_server]: Control loop missed its desired rate of 30.0000 Hz. Current loop rate is 25.0000 Hz.
[INFO] [1780116740.199009690] [controller_server]: Passing new path to controller.
[WARN] [1780116740.266000432] [controller_server]: Control loop missed its desired rate of 30.0000 Hz. Current loop rate is 20.0000 Hz.
[WARN] [1780116740.354175428] [controller_server]: Control loop missed its desired rate of 30.0000 Hz. Current loop rate is 20.0000 Hz.
[WARN] [1780116740.461279629] [controller_server]: Control loop missed its desired rate of 30.0000 Hz. Current loop rate is 33.3333 Hz.
[WARN] [1780116740.575065903] [controller_server]: Control loop missed its desired rate of 30.0000 Hz. Current loop rate is 12.5000 Hz.
[WARN] [1780116740.668256090] [controller_server]: Control loop missed its desired rate of 30.0000 Hz. Current loop rate is 16.6667 Hz.
[WARN] [1780116740.737029268] [controller_server]: Control loop missed its desired rate of 30.0000 Hz. Current loop rate is 33.3333 Hz.
[INFO] [1780116741.237114489] [controller_server]: Passing new path to controller.
[WARN] [1780116742.269367601] [planner_server]: Planner loop missed its desired rate of 999999999.0000 Hz. Current loop rate is 25.0000 Hz
[INFO] [1780116742.303853871] [controller_server]: Passing new path to controller.
[WARN] [1780116743.140762090] [controller_server]: Control loop missed its desired rate of 30.0000 Hz. Current loop rate is 25.0000 Hz.
[INFO] [1780116743.340895117] [controller_server]: Passing new path to controller.
[INFO] [1780116744.340903027] [controller_server]: Passing new path to controller.
[INFO] [1780116745.374248984] [controller_server]: Passing new path to controller.
[INFO] [1780116746.374257002] [controller_server]: Passing new path to controller.
[WARN] [1780116746.641878538] [controller_server]: Control loop missed its desired rate of 30.0000 Hz. Current loop rate is 25.0000 Hz.
[WARN] [1780116746.841942870] [controller_server]: Control loop missed its desired rate of 30.0000 Hz. Current loop rate is 33.3333 Hz.
[INFO] [1780116747.408743467] [controller_server]: Passing new path to controller.
[INFO] [1780116748.442073737] [controller_server]: Passing new path to controller.
[ERROR] [1780116749.108804099] [controller_server]: Failed to make progress
[INFO] [1780116749.109167836] [controller_server]: Optimizer reset
[WARN] [1780116749.109179975] [controller_server]: [follow_path] [ActionServer] Aborting handle.
[ERROR] [1780116749.150043880] [bt_navigator_navigate_to_pose_rclcpp_node]: Failed to get result for vlm_node/query_bool in node halt!
[INFO] [1780116749.150453965] [behavior_server]: Running spin
[INFO] [1780116749.150549212] [behavior_server]: Turning 1.57 for spin behavior.
[INFO] [1780116750.550674188] [behavior_server]: spin completed successfully
[WARN] [1780116750.574421942] [planner_server]: Planner loop missed its desired rate of 999999999.0000 Hz. Current loop rate is 100.0000 Hz
[INFO] [1780116750.581437862] [controller_server]: Received a goal, begin computing control effort.
[INFO] [1780116751.614912601] [controller_server]: Passing new path to controller.
[WARN] [1780116752.161929924] [controller_server]: Control loop missed its desired rate of 30.0000 Hz. Current loop rate is 25.0000 Hz.
[WARN] [1780116752.274265884] [controller_server]: Control loop missed its desired rate of 30.0000 Hz. Current loop rate is 12.5000 Hz.
[WARN] [1780116752.368000897] [controller_server]: Control loop missed its desired rate of 30.0000 Hz. Current loop rate is 16.6667 Hz.
[WARN] [1780116752.470537246] [controller_server]: Control loop missed its desired rate of 30.0000 Hz. Current loop rate is 16.6667 Hz.
[WARN] [1780116752.562647567] [controller_server]: Control loop missed its desired rate of 30.0000 Hz. Current loop rate is 16.6667 Hz.
[INFO] [1780116752.662792241] [controller_server]: Passing new path to controller.
[WARN] [1780116753.440171326] [controller_server]: Control loop missed its desired rate of 30.0000 Hz. Current loop rate is 20.0000 Hz.
[WARN] [1780116753.540718156] [controller_server]: Control loop missed its desired rate of 30.0000 Hz. Current loop rate is 25.0000 Hz.
[WARN] [1780116753.656361090] [controller_server]: Control loop missed its desired rate of 30.0000 Hz. Current loop rate is 20.0000 Hz.
[INFO] [1780116753.689857287] [controller_server]: Passing new path to controller.
[WARN] [1780116753.750231548] [controller_server]: Control loop missed its desired rate of 30.0000 Hz. Current loop rate is 16.6667 Hz.
[WARN] [1780116753.853512151] [controller_server]: Control loop missed its desired rate of 30.0000 Hz. Current loop rate is 25.0000 Hz.
[WARN] [1780116753.956221215] [controller_server]: Control loop missed its desired rate of 30.0000 Hz. Current loop rate is 33.3333 Hz.
[WARN] [1780116754.052634183] [controller_server]: Control loop missed its desired rate of 30.0000 Hz. Current loop rate is 16.6667 Hz.
[WARN] [1780116754.157673914] [controller_server]: Control loop missed its desired rate of 30.0000 Hz. Current loop rate is 33.3333 Hz.
[WARN] [1780116754.255275420] [controller_server]: Control loop missed its desired rate of 30.0000 Hz. Current loop rate is 16.6667 Hz.
[WARN] [1780116754.333735637] [controller_server]: Control loop missed its desired rate of 30.0000 Hz. Current loop rate is 20.0000 Hz.
[WARN] [1780116754.451120479] [controller_server]: Control loop missed its desired rate of 30.0000 Hz. Current loop rate is 20.0000 Hz.
[WARN] [1780116754.553483545] [controller_server]: Control loop missed its desired rate of 30.0000 Hz. Current loop rate is 25.0000 Hz.
[INFO] [1780116754.653760886] [controller_server]: Reached the goal!
[INFO] [1780116754.654123593] [controller_server]: Optimizer reset
[WARN] [1780116754.663604265] [planner_server]: Planner loop missed its desired rate of 999999999.0000 Hz. Current loop rate is 100.0000 Hz
[ERROR] [1780116754.692434559] [bt_navigator_navigate_to_pose_rclcpp_node]: Failed to get result for vlm_node/query_bool in node halt!
[INFO] [1780116754.692827455] [bt_navigator]: Goal succeeded
[INFO] [1780116764.705738700] [local_costmap.local_costmap]: Received request to clear entirely the local_costmap
[INFO] [1780116764.734061803] [global_costmap.global_costmap]: Received request to clear entirely the global_costmap
[INFO] [1780116764.807131475] [bt_navigator]: Begin navigating from current location (-33.53, -22.38) to (9.00, -52.55)
[WARN] [1780116765.440225648] [planner_server]: Planner loop missed its desired rate of 999999999.0000 Hz. Current loop rate is 1.6129 Hz
[INFO] [1780116765.458043734] [controller_server]: Received a goal, begin computing control effort.
[WARN] [1780116766.529560124] [planner_server]: Planner loop missed its desired rate of 999999999.0000 Hz. Current loop rate is 14.2857 Hz
[INFO] [1780116766.558203786] [controller_server]: Passing new path to controller.
[WARN] [1780116767.232170780] [controller_server]: Control loop missed its desired rate of 30.0000 Hz. Current loop rate is 25.0000 Hz.
[WARN] [1780116767.629087983] [planner_server]: Planner loop missed its desired rate of 999999999.0000 Hz. Current loop rate is 11.1111 Hz
[INFO] [1780116767.665618614] [controller_server]: Passing new path to controller.
[WARN] [1780116768.639593340] [controller_server]: Control loop missed its desired rate of 30.0000 Hz. Current loop rate is 20.0000 Hz.
[WARN] [1780116768.777854717] [planner_server]: Planner loop missed its desired rate of 999999999.0000 Hz. Current loop rate is 7.6923 Hz
[INFO] [1780116768.806393423] [controller_server]: Passing new path to controller.
[WARN] [1780116768.950365136] [controller_server]: Control loop missed its desired rate of 30.0000 Hz. Current loop rate is 20.0000 Hz.
[WARN] [1780116769.550947215] [controller_server]: Control loop missed its desired rate of 30.0000 Hz. Current loop rate is 25.0000 Hz.
[WARN] [1780116769.755428959] [controller_server]: Control loop missed its desired rate of 30.0000 Hz. Current loop rate is 25.0000 Hz.
[WARN] [1780116769.840290594] [controller_server]: Control loop missed its desired rate of 30.0000 Hz. Current loop rate is 16.6667 Hz.
[WARN] [1780116769.941080872] [controller_server]: Control loop missed its desired rate of 30.0000 Hz. Current loop rate is 25.0000 Hz.
[WARN] [1780116769.946769080] [planner_server]: Planner loop missed its desired rate of 999999999.0000 Hz. Current loop rate is 6.6667 Hz
[INFO] [1780116769.974581382] [controller_server]: Passing new path to controller.
[WARN] [1780116770.244049308] [controller_server]: Control loop missed its desired rate of 30.0000 Hz. Current loop rate is 25.0000 Hz.
[WARN] [1780116770.948211869] [controller_server]: Control loop missed its desired rate of 30.0000 Hz. Current loop rate is 33.3333 Hz.
[WARN] [1780116771.048338662] [controller_server]: Control loop missed its desired rate of 30.0000 Hz. Current loop rate is 33.3333 Hz.
[WARN] [1780116771.053360273] [planner_server]: Planner loop missed its desired rate of 999999999.0000 Hz. Current loop rate is 10.0000 Hz
[INFO] [1780116771.081825362] [controller_server]: Passing new path to controller.
[WARN] [1780116771.452212004] [controller_server]: Control loop missed its desired rate of 30.0000 Hz. Current loop rate is 25.0000 Hz.
[WARN] [1780116771.556077754] [controller_server]: Control loop missed its desired rate of 30.0000 Hz. Current loop rate is 25.0000 Hz.
[WARN] [1780116771.638770786] [controller_server]: Control loop missed its desired rate of 30.0000 Hz. Current loop rate is 25.0000 Hz.
[WARN] [1780116771.747726666] [controller_server]: Control loop missed its desired rate of 30.0000 Hz. Current loop rate is 25.0000 Hz.
[WARN] [1780116772.182596497] [planner_server]: Planner loop missed its desired rate of 999999999.0000 Hz. Current loop rate is 9.0909 Hz
[INFO] [1780116772.214534153] [controller_server]: Passing new path to controller.
[WARN] [1780116772.448130345] [controller_server]: Control loop missed its desired rate of 30.0000 Hz. Current loop rate is 33.3333 Hz.
[WARN] [1780116772.749544368] [controller_server]: Control loop missed its desired rate of 30.0000 Hz. Current loop rate is 25.0000 Hz.
[WARN] [1780116773.297242794] [planner_server]: Planner loop missed its desired rate of 999999999.0000 Hz. Current loop rate is 10.0000 Hz
[INFO] [1780116773.349689152] [controller_server]: Passing new path to controller.
[WARN] [1780116773.850217974] [controller_server]: Control loop missed its desired rate of 30.0000 Hz. Current loop rate is 25.0000 Hz.
[WARN] [1780116774.055369088] [controller_server]: Control loop missed its desired rate of 30.0000 Hz. Current loop rate is 25.0000 Hz.
[WARN] [1780116774.145787867] [controller_server]: Control loop missed its desired rate of 30.0000 Hz. Current loop rate is 16.6667 Hz.
[WARN] [1780116774.415620944] [planner_server]: Planner loop missed its desired rate of 999999999.0000 Hz. Current loop rate is 11.1111 Hz
[INFO] [1780116774.445909428] [controller_server]: Passing new path to controller.
[WARN] [1780116775.351676873] [controller_server]: Control loop missed its desired rate of 30.0000 Hz. Current loop rate is 25.0000 Hz.
[WARN] [1780116775.527213069] [planner_server]: Planner loop missed its desired rate of 999999999.0000 Hz. Current loop rate is 11.1111 Hz
[INFO] [1780116775.551808786] [controller_server]: Passing new path to controller.
[WARN] [1780116775.756429700] [controller_server]: Control loop missed its desired rate of 30.0000 Hz. Current loop rate is 25.0000 Hz.
[WARN] [1780116775.842765484] [controller_server]: Control loop missed its desired rate of 30.0000 Hz. Current loop rate is 20.0000 Hz.
[WARN] [1780116775.945005604] [controller_server]: Control loop missed its desired rate of 30.0000 Hz. Current loop rate is 33.3333 Hz.
[WARN] [1780116776.347251471] [controller_server]: Control loop missed its desired rate of 30.0000 Hz. Current loop rate is 33.3333 Hz.
[WARN] [1780116776.649732992] [controller_server]: Control loop missed its desired rate of 30.0000 Hz. Current loop rate is 25.0000 Hz.
[WARN] [1780116776.657480177] [planner_server]: Planner loop missed its desired rate of 999999999.0000 Hz. Current loop rate is 9.0909 Hz
[INFO] [1780116776.683197474] [controller_server]: Passing new path to controller.
[WARN] [1780116777.768469133] [planner_server]: Planner loop missed its desired rate of 999999999.0000 Hz. Current loop rate is 11.1111 Hz
[INFO] [1780116777.816545316] [controller_server]: Passing new path to controller.
[WARN] [1780116778.903309938] [planner_server]: Planner loop missed its desired rate of 999999999.0000 Hz. Current loop rate is 9.0909 Hz
[INFO] [1780116778.949874985] [controller_server]: Passing new path to controller.
[WARN] [1780116780.037141484] [planner_server]: Planner loop missed its desired rate of 999999999.0000 Hz. Current loop rate is 9.0909 Hz
[INFO] [1780116780.083194409] [controller_server]: Passing new path to controller.
[WARN] [1780116781.107133490] [planner_server]: Planner loop missed its desired rate of 999999999.0000 Hz. Current loop rate is 25.0000 Hz
[INFO] [1780116781.149861114] [controller_server]: Passing new path to controller.
[WARN] [1780116782.165355359] [planner_server]: Planner loop missed its desired rate of 999999999.0000 Hz. Current loop rate is 25.0000 Hz
[INFO] [1780116782.183211906] [controller_server]: Passing new path to controller.
[WARN] [1780116783.229919267] [planner_server]: Planner loop missed its desired rate of 999999999.0000 Hz. Current loop rate is 25.0000 Hz
[INFO] [1780116783.249856530] [controller_server]: Passing new path to controller.
[WARN] [1780116784.293627840] [planner_server]: Planner loop missed its desired rate of 999999999.0000 Hz. Current loop rate is 25.0000 Hz
[INFO] [1780116784.316529778] [controller_server]: Passing new path to controller.
[WARN] [1780116785.355338038] [planner_server]: Planner loop missed its desired rate of 999999999.0000 Hz. Current loop rate is 25.0000 Hz
[INFO] [1780116785.383194950] [controller_server]: Passing new path to controller.
[WARN] [1780116786.442952422] [planner_server]: Planner loop missed its desired rate of 999999999.0000 Hz. Current loop rate is 12.5000 Hz
[INFO] [1780116786.483195995] [controller_server]: Passing new path to controller.
[WARN] [1780116787.478663771] [planner_server]: Planner loop missed its desired rate of 999999999.0000 Hz. Current loop rate is 100.0000 Hz
[INFO] [1780116787.516560047] [controller_server]: Passing new path to controller.
[WARN] [1780116788.525332356] [planner_server]: Planner loop missed its desired rate of 999999999.0000 Hz. Current loop rate is 25.0000 Hz
[INFO] [1780116788.549866716] [controller_server]: Passing new path to controller.
[WARN] [1780116789.611466465] [planner_server]: Planner loop missed its desired rate of 999999999.0000 Hz. Current loop rate is 16.6667 Hz
[INFO] [1780116789.649864614] [controller_server]: Passing new path to controller.
[WARN] [1780116790.662356759] [planner_server]: Planner loop missed its desired rate of 999999999.0000 Hz. Current loop rate is 25.0000 Hz
[INFO] [1780116790.683198960] [controller_server]: Passing new path to controller.
[WARN] [1780116791.700983982] [planner_server]: Planner loop missed its desired rate of 999999999.0000 Hz. Current loop rate is 100.0000 Hz
[INFO] [1780116791.749886399] [controller_server]: Passing new path to controller.
[WARN] [1780116792.846625466] [planner_server]: Planner loop missed its desired rate of 999999999.0000 Hz. Current loop rate is 8.3333 Hz
[INFO] [1780116792.883200790] [controller_server]: Passing new path to controller.
[WARN] [1780116793.968163789] [planner_server]: Planner loop missed its desired rate of 999999999.0000 Hz. Current loop rate is 9.0909 Hz
[INFO] [1780116794.016534845] [controller_server]: Passing new path to controller.
[WARN] [1780116795.059615433] [planner_server]: Planner loop missed its desired rate of 999999999.0000 Hz. Current loop rate is 16.6667 Hz
[INFO] [1780116795.083211387] [controller_server]: Passing new path to controller.
[WARN] [1780116796.092537595] [planner_server]: Planner loop missed its desired rate of 999999999.0000 Hz. Current loop rate is 100.0000 Hz
[INFO] [1780116796.116532865] [controller_server]: Passing new path to controller.
[WARN] [1780116797.123861088] [planner_server]: Planner loop missed its desired rate of 999999999.0000 Hz. Current loop rate is 100.0000 Hz
[INFO] [1780116797.149862947] [controller_server]: Passing new path to controller.
[WARN] [1780116798.145164290] [planner_server]: Planner loop missed its desired rate of 999999999.0000 Hz. Current loop rate is 100.0000 Hz
[INFO] [1780116798.183209613] [controller_server]: Passing new path to controller.
[WARN] [1780116799.165608787] [planner_server]: Planner loop missed its desired rate of 999999999.0000 Hz. Current loop rate is 100.0000 Hz
[INFO] [1780116799.183209614] [controller_server]: Passing new path to controller.
[WARN] [1780116800.195626678] [planner_server]: Planner loop missed its desired rate of 999999999.0000 Hz. Current loop rate is 100.0000 Hz
[INFO] [1780116800.216538198] [controller_server]: Passing new path to controller.
[WARN] [1780116801.220794105] [planner_server]: Planner loop missed its desired rate of 999999999.0000 Hz. Current loop rate is 100.0000 Hz
[INFO] [1780116801.249894605] [controller_server]: Passing new path to controller.
[WARN] [1780116802.337118509] [planner_server]: Planner loop missed its desired rate of 999999999.0000 Hz. Current loop rate is 10.0000 Hz
[INFO] [1780116802.349889587] [controller_server]: Passing new path to controller.
[WARN] [1780116803.355819773] [planner_server]: Planner loop missed its desired rate of 999999999.0000 Hz. Current loop rate is 100.0000 Hz
[INFO] [1780116803.383208574] [controller_server]: Passing new path to controller.
[INFO] [1780116804.383197424] [controller_server]: Passing new path to controller.
[INFO] [1780116805.416548428] [controller_server]: Passing new path to controller.
[INFO] [1780116806.449868427] [controller_server]: Passing new path to controller.
[WARN] [1780116807.444739800] [planner_server]: Planner loop missed its desired rate of 999999999.0000 Hz. Current loop rate is 100.0000 Hz
[INFO] [1780116807.483208799] [controller_server]: Passing new path to controller.
[INFO] [1780116808.483193095] [controller_server]: Passing new path to controller.
[INFO] [1780116809.516531175] [controller_server]: Passing new path to controller.
[INFO] [1780116810.549860099] [controller_server]: Passing new path to controller.
[INFO] [1780116811.583188208] [controller_server]: Passing new path to controller.
[INFO] [1780116812.583193078] [controller_server]: Passing new path to controller.
[INFO] [1780116813.616547764] [controller_server]: Passing new path to controller.
[WARN] [1780116814.612759555] [planner_server]: Planner loop missed its desired rate of 999999999.0000 Hz. Current loop rate is 100.0000 Hz
[INFO] [1780116814.649868543] [controller_server]: Passing new path to controller.
[WARN] [1780116815.632383364] [planner_server]: Planner loop missed its desired rate of 999999999.0000 Hz. Current loop rate is 100.0000 Hz
[INFO] [1780116815.649874675] [controller_server]: Passing new path to controller.
[INFO] [1780116816.683206233] [controller_server]: Passing new path to controller.
[INFO] [1780116817.120122637] [controller_server]: Reached the goal!
[INFO] [1780116817.120383588] [controller_server]: Optimizer reset
[ERROR] [1780116817.158524300] [bt_navigator_navigate_to_pose_rclcpp_node]: Failed to get result for vlm_node/query_bool in node halt!
[INFO] [1780116817.158841638] [bt_navigator]: Goal succeeded
[INFO] [1780116827.162885955] [local_costmap.local_costmap]: Received request to clear entirely the local_costmap
[INFO] [1780116827.165992005] [global_costmap.global_costmap]: Received request to clear entirely the global_costmap
[INFO] [1780116827.176510064] [bt_navigator]: Begin navigating from current location (9.03, -52.48) to (-41.50, -8.10)
[WARN] [1780116827.414971963] [planner_server]: Planner loop missed its desired rate of 999999999.0000 Hz. Current loop rate is 4.3478 Hz
[INFO] [1780116827.427464982] [controller_server]: Received a goal, begin computing control effort.
[WARN] [1780116828.455883897] [planner_server]: Planner loop missed its desired rate of 999999999.0000 Hz. Current loop rate is 25.0000 Hz
[INFO] [1780116828.494294421] [controller_server]: Passing new path to controller.
[WARN] [1780116829.492241816] [planner_server]: Planner loop missed its desired rate of 999999999.0000 Hz. Current loop rate is 50.0000 Hz
[INFO] [1780116829.527638626] [controller_server]: Passing new path to controller.
[WARN] [1780116830.546287294] [planner_server]: Planner loop missed its desired rate of 999999999.0000 Hz. Current loop rate is 25.0000 Hz
[INFO] [1780116830.594314549] [controller_server]: Passing new path to controller.
[WARN] [1780116831.622072449] [planner_server]: Planner loop missed its desired rate of 999999999.0000 Hz. Current loop rate is 25.0000 Hz
[INFO] [1780116831.660985786] [controller_server]: Passing new path to controller.
[WARN] [1780116832.666781925] [planner_server]: Planner loop missed its desired rate of 999999999.0000 Hz. Current loop rate is 33.3333 Hz
[INFO] [1780116832.694315303] [controller_server]: Passing new path to controller.
[WARN] [1780116833.739007664] [planner_server]: Planner loop missed its desired rate of 999999999.0000 Hz. Current loop rate is 20.0000 Hz
[INFO] [1780116833.760979168] [controller_server]: Passing new path to controller.
[WARN] [1780116834.848500541] [planner_server]: Planner loop missed its desired rate of 999999999.0000 Hz. Current loop rate is 12.5000 Hz
[INFO] [1780116834.894312855] [controller_server]: Passing new path to controller.
[WARN] [1780116835.915097447] [planner_server]: Planner loop missed its desired rate of 999999999.0000 Hz. Current loop rate is 33.3333 Hz
[INFO] [1780116835.927656784] [controller_server]: Passing new path to controller.
[WARN] [1780116836.987110206] [planner_server]: Planner loop missed its desired rate of 999999999.0000 Hz. Current loop rate is 16.6667 Hz
[INFO] [1780116837.027665715] [controller_server]: Passing new path to controller.
[WARN] [1780116837.329478588] [controller_server]: Control loop missed its desired rate of 30.0000 Hz. Current loop rate is 25.0000 Hz.
[WARN] [1780116838.077124563] [planner_server]: Planner loop missed its desired rate of 999999999.0000 Hz. Current loop rate is 14.2857 Hz
[INFO] [1780116838.129628011] [controller_server]: Passing new path to controller.
[WARN] [1780116839.198652984] [planner_server]: Planner loop missed its desired rate of 999999999.0000 Hz. Current loop rate is 11.1111 Hz
[INFO] [1780116839.229621391] [controller_server]: Passing new path to controller.
[WARN] [1780116840.362611182] [planner_server]: Planner loop missed its desired rate of 999999999.0000 Hz. Current loop rate is 7.1429 Hz
[INFO] [1780116840.396281215] [controller_server]: Passing new path to controller.
[WARN] [1780116841.445998986] [planner_server]: Planner loop missed its desired rate of 999999999.0000 Hz. Current loop rate is 16.6667 Hz
[INFO] [1780116841.496291883] [controller_server]: Passing new path to controller.
[WARN] [1780116842.503208708] [planner_server]: Planner loop missed its desired rate of 999999999.0000 Hz. Current loop rate is 50.0000 Hz
[INFO] [1780116842.529612207] [controller_server]: Passing new path to controller.
[WARN] [1780116843.577791790] [planner_server]: Planner loop missed its desired rate of 999999999.0000 Hz. Current loop rate is 16.6667 Hz
[INFO] [1780116843.629647142] [controller_server]: Passing new path to controller.
[WARN] [1780116844.639917106] [planner_server]: Planner loop missed its desired rate of 999999999.0000 Hz. Current loop rate is 33.3333 Hz
[INFO] [1780116844.662956574] [controller_server]: Passing new path to controller.
[WARN] [1780116845.692335238] [planner_server]: Planner loop missed its desired rate of 999999999.0000 Hz. Current loop rate is 33.3333 Hz
[INFO] [1780116845.729617824] [controller_server]: Passing new path to controller.
[WARN] [1780116846.847835291] [planner_server]: Planner loop missed its desired rate of 999999999.0000 Hz. Current loop rate is 7.1429 Hz
[INFO] [1780116846.896309442] [controller_server]: Passing new path to controller.
[WARN] [1780116847.903039703] [planner_server]: Planner loop missed its desired rate of 999999999.0000 Hz. Current loop rate is 50.0000 Hz
[INFO] [1780116847.929626966] [controller_server]: Passing new path to controller.
[WARN] [1780116848.231435750] [controller_server]: Control loop missed its desired rate of 30.0000 Hz. Current loop rate is 33.3333 Hz.
[WARN] [1780116848.332527598] [controller_server]: Control loop missed its desired rate of 30.0000 Hz. Current loop rate is 33.3333 Hz.
[WARN] [1780116848.432768705] [controller_server]: Control loop missed its desired rate of 30.0000 Hz. Current loop rate is 33.3333 Hz.
[WARN] [1780116848.533882122] [controller_server]: Control loop missed its desired rate of 30.0000 Hz. Current loop rate is 33.3333 Hz.
[WARN] [1780116848.965052648] [planner_server]: Planner loop missed its desired rate of 999999999.0000 Hz. Current loop rate is 25.0000 Hz
[INFO] [1780116849.000700282] [controller_server]: Passing new path to controller.
[WARN] [1780116850.001269027] [planner_server]: Planner loop missed its desired rate of 999999999.0000 Hz. Current loop rate is 50.0000 Hz
[INFO] [1780116850.034036462] [controller_server]: Passing new path to controller.
[WARN] [1780116851.039296515] [planner_server]: Planner loop missed its desired rate of 999999999.0000 Hz. Current loop rate is 100.0000 Hz
[INFO] [1780116851.067375366] [controller_server]: Passing new path to controller.
[WARN] [1780116852.074682501] [planner_server]: Planner loop missed its desired rate of 999999999.0000 Hz. Current loop rate is 50.0000 Hz
[INFO] [1780116852.100711274] [controller_server]: Passing new path to controller.
[WARN] [1780116853.128313437] [planner_server]: Planner loop missed its desired rate of 999999999.0000 Hz. Current loop rate is 33.3333 Hz
[INFO] [1780116853.167361582] [controller_server]: Passing new path to controller.
[WARN] [1780116854.202294351] [planner_server]: Planner loop missed its desired rate of 999999999.0000 Hz. Current loop rate is 25.0000 Hz
[INFO] [1780116854.234026803] [controller_server]: Passing new path to controller.
[WARN] [1780116855.368648995] [planner_server]: Planner loop missed its desired rate of 999999999.0000 Hz. Current loop rate is 6.6667 Hz
[INFO] [1780116855.400706036] [controller_server]: Passing new path to controller.
[WARN] [1780116856.417454423] [planner_server]: Planner loop missed its desired rate of 999999999.0000 Hz. Current loop rate is 33.3333 Hz
[INFO] [1780116856.467374815] [controller_server]: Passing new path to controller.
[WARN] [1780116857.469439083] [planner_server]: Planner loop missed its desired rate of 999999999.0000 Hz. Current loop rate is 50.0000 Hz
[INFO] [1780116857.500699932] [controller_server]: Passing new path to controller.
[WARN] [1780116858.506684985] [planner_server]: Planner loop missed its desired rate of 999999999.0000 Hz. Current loop rate is 50.0000 Hz
[INFO] [1780116858.534022043] [controller_server]: Passing new path to controller.
[WARN] [1780116859.576334582] [planner_server]: Planner loop missed its desired rate of 999999999.0000 Hz. Current loop rate is 16.6667 Hz
[INFO] [1780116859.600694154] [controller_server]: Passing new path to controller.
[WARN] [1780116860.607221685] [planner_server]: Planner loop missed its desired rate of 999999999.0000 Hz. Current loop rate is 33.3333 Hz
[INFO] [1780116860.634030552] [controller_server]: Passing new path to controller.
[WARN] [1780116861.648314993] [planner_server]: Planner loop missed its desired rate of 999999999.0000 Hz. Current loop rate is 33.3333 Hz
[INFO] [1780116861.700692600] [controller_server]: Passing new path to controller.
[WARN] [1780116862.694187127] [planner_server]: Planner loop missed its desired rate of 999999999.0000 Hz. Current loop rate is 100.0000 Hz
[INFO] [1780116862.734047764] [controller_server]: Passing new path to controller.
[WARN] [1780116863.777414340] [planner_server]: Planner loop missed its desired rate of 999999999.0000 Hz. Current loop rate is 16.6667 Hz
[INFO] [1780116863.800704970] [controller_server]: Passing new path to controller.
[WARN] [1780116864.820547137] [planner_server]: Planner loop missed its desired rate of 999999999.0000 Hz. Current loop rate is 100.0000 Hz
[INFO] [1780116864.867367300] [controller_server]: Passing new path to controller.
[WARN] [1780116865.859508035] [planner_server]: Planner loop missed its desired rate of 999999999.0000 Hz. Current loop rate is 100.0000 Hz
[INFO] [1780116865.900701275] [controller_server]: Passing new path to controller.
[WARN] [1780116866.888893453] [planner_server]: Planner loop missed its desired rate of 999999999.0000 Hz. Current loop rate is 100.0000 Hz
[INFO] [1780116866.934033265] [controller_server]: Passing new path to controller.
[INFO] [1780116867.967367388] [controller_server]: Passing new path to controller.
[WARN] [1780116868.959086808] [planner_server]: Planner loop missed its desired rate of 999999999.0000 Hz. Current loop rate is 100.0000 Hz
[INFO] [1780116869.000706624] [controller_server]: Passing new path to controller.
[WARN] [1780116869.989636886] [planner_server]: Planner loop missed its desired rate of 999999999.0000 Hz. Current loop rate is 100.0000 Hz
[INFO] [1780116870.034028105] [controller_server]: Passing new path to controller.
[INFO] [1780116871.034022811] [controller_server]: Passing new path to controller.
[WARN] [1780116872.048089765] [planner_server]: Planner loop missed its desired rate of 999999999.0000 Hz. Current loop rate is 100.0000 Hz
[INFO] [1780116872.100694756] [controller_server]: Passing new path to controller.
[INFO] [1780116873.100692489] [controller_server]: Passing new path to controller.
[WARN] [1780116874.116453691] [planner_server]: Planner loop missed its desired rate of 999999999.0000 Hz. Current loop rate is 100.0000 Hz
[INFO] [1780116874.134024353] [controller_server]: Passing new path to controller.
[INFO] [1780116875.167355901] [controller_server]: Passing new path to controller.
[INFO] [1780116876.200687222] [controller_server]: Passing new path to controller.
[INFO] [1780116877.200712367] [controller_server]: Passing new path to controller.
[INFO] [1780116878.234039605] [controller_server]: Passing new path to controller.
[WARN] [1780116879.288270863] [planner_server]: Planner loop missed its desired rate of 999999999.0000 Hz. Current loop rate is 16.6667 Hz
[INFO] [1780116879.334023975] [controller_server]: Passing new path to controller.
[INFO] [1780116880.334024501] [controller_server]: Passing new path to controller.
[WARN] [1780116881.344015330] [planner_server]: Planner loop missed its desired rate of 999999999.0000 Hz. Current loop rate is 100.0000 Hz
[INFO] [1780116881.367367730] [controller_server]: Passing new path to controller.
[INFO] [1780116882.400695491] [controller_server]: Passing new path to controller.
[INFO] [1780116883.434024987] [controller_server]: Passing new path to controller.
[INFO] [1780116884.467360296] [controller_server]: Passing new path to controller.
[WARN] [1780116885.451562133] [planner_server]: Planner loop missed its desired rate of 999999999.0000 Hz. Current loop rate is 100.0000 Hz
[INFO] [1780116885.467355919] [controller_server]: Passing new path to controller.
[INFO] [1780116886.500691754] [controller_server]: Passing new path to controller.
[INFO] [1780116887.534027633] [controller_server]: Passing new path to controller.
[WARN] [1780116888.541309070] [planner_server]: Planner loop missed its desired rate of 999999999.0000 Hz. Current loop rate is 100.0000 Hz
[INFO] [1780116888.567364496] [controller_server]: Passing new path to controller.
[INFO] [1780116889.600708221] [controller_server]: Passing new path to controller.
[INFO] [1780116890.600694351] [controller_server]: Passing new path to controller.
[WARN] [1780116891.634729449] [controller_server]: Control loop missed its desired rate of 30.0000 Hz. Current loop rate is 33.3333 Hz.
[INFO] [1780116891.634796447] [controller_server]: Passing new path to controller.
[WARN] [1780116891.758353660] [controller_server]: Control loop missed its desired rate of 30.0000 Hz. Current loop rate is 16.6667 Hz.
[WARN] [1780116891.859342586] [controller_server]: Control loop missed its desired rate of 30.0000 Hz. Current loop rate is 14.2857 Hz.
[WARN] [1780116891.967325506] [controller_server]: Control loop missed its desired rate of 30.0000 Hz. Current loop rate is 12.5000 Hz.
[WARN] [1780116892.057638917] [controller_server]: Control loop missed its desired rate of 30.0000 Hz. Current loop rate is 16.6667 Hz.
[WARN] [1780116892.546589268] [controller_server]: Control loop missed its desired rate of 30.0000 Hz. Current loop rate is 16.6667 Hz.
[WARN] [1780116892.642531071] [planner_server]: Planner loop missed its desired rate of 999999999.0000 Hz. Current loop rate is 100.0000 Hz
[INFO] [1780116892.680053324] [controller_server]: Passing new path to controller.
[WARN] [1780116892.862747883] [controller_server]: Control loop missed its desired rate of 30.0000 Hz. Current loop rate is 20.0000 Hz.
[WARN] [1780116892.961536476] [controller_server]: Control loop missed its desired rate of 30.0000 Hz. Current loop rate is 16.6667 Hz.
[WARN] [1780116893.068390896] [controller_server]: Control loop missed its desired rate of 30.0000 Hz. Current loop rate is 12.5000 Hz.
[WARN] [1780116893.160712387] [controller_server]: Control loop missed its desired rate of 30.0000 Hz. Current loop rate is 16.6667 Hz.
[WARN] [1780116893.258654290] [controller_server]: Control loop missed its desired rate of 30.0000 Hz. Current loop rate is 14.2857 Hz.
[WARN] [1780116893.340398442] [controller_server]: Control loop missed its desired rate of 30.0000 Hz. Current loop rate is 25.0000 Hz.
[INFO] [1780116893.707226600] [controller_server]: Passing new path to controller.
[INFO] [1780116894.707227852] [controller_server]: Passing new path to controller.
[INFO] [1780116895.740549868] [controller_server]: Passing new path to controller.
[WARN] [1780116896.778940850] [planner_server]: Planner loop missed its desired rate of 999999999.0000 Hz. Current loop rate is 20.0000 Hz
[INFO] [1780116896.807218998] [controller_server]: Passing new path to controller.
[INFO] [1780116897.840552931] [controller_server]: Passing new path to controller.
[INFO] [1780116898.873887157] [controller_server]: Passing new path to controller.
[WARN] [1780116899.850928641] [planner_server]: Planner loop missed its desired rate of 999999999.0000 Hz. Current loop rate is 100.0000 Hz
[INFO] [1780116899.873903935] [controller_server]: Passing new path to controller.
[WARN] [1780116900.850171459] [controller_server]: Control loop missed its desired rate of 30.0000 Hz. Current loop rate is 33.3333 Hz.
[INFO] [1780116900.916996136] [controller_server]: Passing new path to controller.
[WARN] [1780116901.861567084] [controller_server]: Control loop missed its desired rate of 30.0000 Hz. Current loop rate is 25.0000 Hz.
[INFO] [1780116901.928384011] [controller_server]: Passing new path to controller.
[WARN] [1780116902.062007616] [controller_server]: Control loop missed its desired rate of 30.0000 Hz. Current loop rate is 14.2857 Hz.
[WARN] [1780116902.151839526] [controller_server]: Control loop missed its desired rate of 30.0000 Hz. Current loop rate is 20.0000 Hz.
[WARN] [1780116902.262692999] [controller_server]: Control loop missed its desired rate of 30.0000 Hz. Current loop rate is 25.0000 Hz.
[WARN] [1780116902.361768086] [controller_server]: Control loop missed its desired rate of 30.0000 Hz. Current loop rate is 16.6667 Hz.
[WARN] [1780116902.459735491] [controller_server]: Control loop missed its desired rate of 30.0000 Hz. Current loop rate is 14.2857 Hz.
[WARN] [1780116902.561457654] [controller_server]: Control loop missed its desired rate of 30.0000 Hz. Current loop rate is 14.2857 Hz.
[WARN] [1780116902.659113390] [controller_server]: Control loop missed its desired rate of 30.0000 Hz. Current loop rate is 14.2857 Hz.
[WARN] [1780116902.755260589] [controller_server]: Control loop missed its desired rate of 30.0000 Hz. Current loop rate is 16.6667 Hz.
[WARN] [1780116902.864351194] [controller_server]: Control loop missed its desired rate of 30.0000 Hz. Current loop rate is 25.0000 Hz.
[WARN] [1780116902.935950504] [controller_server]: Control loop missed its desired rate of 30.0000 Hz. Current loop rate is 33.3333 Hz.
[INFO] [1780116902.969418160] [controller_server]: Passing new path to controller.
[WARN] [1780116903.951126033] [planner_server]: Planner loop missed its desired rate of 999999999.0000 Hz. Current loop rate is 100.0000 Hz
[INFO] [1780116903.969405142] [controller_server]: Passing new path to controller.
[ERROR] [1780116904.169441560] [controller_server]: Failed to make progress
[INFO] [1780116904.169811987] [controller_server]: Optimizer reset
[WARN] [1780116904.169825266] [controller_server]: [follow_path] [ActionServer] Aborting handle.
[INFO] [1780116904.186932007] [local_costmap.local_costmap]: Received request to clear entirely the local_costmap
[INFO] [1780116904.189906852] [controller_server]: Received a goal, begin computing control effort.
[WARN] [1780116904.234866006] [controller_server]: Control loop missed its desired rate of 30.0000 Hz. Current loop rate is 25.0000 Hz.
[INFO] [1780116905.001624038] [controller_server]: Passing new path to controller.
[INFO] [1780116906.034962527] [controller_server]: Passing new path to controller.
[INFO] [1780116907.068295720] [controller_server]: Passing new path to controller.
[WARN] [1780116908.052127570] [planner_server]: Planner loop missed its desired rate of 999999999.0000 Hz. Current loop rate is 100.0000 Hz
[INFO] [1780116908.068305993] [controller_server]: Passing new path to controller.
[INFO] [1780116909.101629253] [controller_server]: Passing new path to controller.
[INFO] [1780116910.134956715] [controller_server]: Passing new path to controller.
[WARN] [1780116911.141762290] [planner_server]: Planner loop missed its desired rate of 999999999.0000 Hz. Current loop rate is 100.0000 Hz
[INFO] [1780116911.168310240] [controller_server]: Passing new path to controller.
[INFO] [1780116912.201647979] [controller_server]: Passing new path to controller.
[INFO] [1780116913.201629549] [controller_server]: Passing new path to controller.
[INFO] [1780116914.234973874] [controller_server]: Passing new path to controller.
[ERROR] [1780116914.268394663] [controller_server]: Failed to make progress
[INFO] [1780116914.268965283] [controller_server]: Optimizer reset
[WARN] [1780116914.268981403] [controller_server]: [follow_path] [ActionServer] Aborting handle.
[ERROR] [1780116914.307924379] [bt_navigator_navigate_to_pose_rclcpp_node]: Failed to get result for vlm_node/query_bool in node halt!
[INFO] [1780116914.308187589] [local_costmap.local_costmap]: Received request to clear entirely the local_costmap
[WARN] [1780116914.333690826] [bt_navigator_navigate_to_pose_rclcpp_node]: Node timed out while executing service call to local_costmap/clear_entirely_local_costmap.
[INFO] [1780116914.335062248] [behavior_server]: Running spin
[INFO] [1780116914.335349308] [behavior_server]: Turning 1.57 for spin behavior.
[INFO] [1780116915.735940255] [behavior_server]: spin completed successfully
[INFO] [1780116915.759041346] [controller_server]: Received a goal, begin computing control effort.
[INFO] [1780116916.792501115] [controller_server]: Passing new path to controller.
[INFO] [1780116917.825857060] [controller_server]: Passing new path to controller.
[INFO] [1780116918.859169051] [controller_server]: Passing new path to controller.
[INFO] [1780116919.859185470] [controller_server]: Passing new path to controller.
[INFO] [1780116920.329227505] [controller_server]: Reached the goal!
[INFO] [1780116920.329435187] [controller_server]: Optimizer reset
[ERROR] [1780116920.370170481] [bt_navigator_navigate_to_pose_rclcpp_node]: Failed to get result for vlm_node/query_bool in node halt!
[INFO] [1780116920.370582147] [bt_navigator]: Goal succeeded
[INFO] [1780116930.417654357] [local_costmap.local_costmap]: Received request to clear entirely the local_costmap
[INFO] [1780116930.420914523] [global_costmap.global_costmap]: Received request to clear entirely the global_costmap
[INFO] [1780116930.428982301] [bt_navigator]: Begin navigating from current location (-41.53, -8.05) to (5.05, -59.60)
[WARN] [1780116930.989361800] [planner_server]: Planner loop missed its desired rate of 999999999.0000 Hz. Current loop rate is 1.7857 Hz
[INFO] [1780116931.009919071] [controller_server]: Received a goal, begin computing control effort.
[WARN] [1780116932.161678140] [planner_server]: Planner loop missed its desired rate of 999999999.0000 Hz. Current loop rate is 7.1429 Hz
[INFO] [1780116932.210078767] [controller_server]: Passing new path to controller.
[WARN] [1780116933.332041682] [planner_server]: Planner loop missed its desired rate of 999999999.0000 Hz. Current loop rate is 7.1429 Hz
[INFO] [1780116933.376743089] [controller_server]: Passing new path to controller.
[WARN] [1780116934.519146282] [planner_server]: Planner loop missed its desired rate of 999999999.0000 Hz. Current loop rate is 5.5556 Hz
[INFO] [1780116934.543408704] [controller_server]: Passing new path to controller.
[WARN] [1780116935.708687632] [planner_server]: Planner loop missed its desired rate of 999999999.0000 Hz. Current loop rate is 5.5556 Hz
[INFO] [1780116935.743429057] [controller_server]: Passing new path to controller.
[WARN] [1780116936.821962081] [planner_server]: Planner loop missed its desired rate of 999999999.0000 Hz. Current loop rate is 10.0000 Hz
[INFO] [1780116936.843408761] [controller_server]: Passing new path to controller.
[WARN] [1780116937.932165862] [planner_server]: Planner loop missed its desired rate of 999999999.0000 Hz. Current loop rate is 10.0000 Hz
[INFO] [1780116937.976742433] [controller_server]: Passing new path to controller.
[WARN] [1780116939.027757687] [planner_server]: Planner loop missed its desired rate of 999999999.0000 Hz. Current loop rate is 12.5000 Hz
[INFO] [1780116939.043418759] [controller_server]: Passing new path to controller.
[WARN] [1780116940.164874384] [planner_server]: Planner loop missed its desired rate of 999999999.0000 Hz. Current loop rate is 8.3333 Hz
[INFO] [1780116940.210085604] [controller_server]: Passing new path to controller.
[WARN] [1780116941.312094862] [planner_server]: Planner loop missed its desired rate of 999999999.0000 Hz. Current loop rate is 7.6923 Hz
[INFO] [1780116941.343419997] [controller_server]: Passing new path to controller.
[WARN] [1780116942.437121179] [planner_server]: Planner loop missed its desired rate of 999999999.0000 Hz. Current loop rate is 10.0000 Hz
[INFO] [1780116942.476748314] [controller_server]: Passing new path to controller.
[WARN] [1780116943.525564648] [planner_server]: Planner loop missed its desired rate of 999999999.0000 Hz. Current loop rate is 12.5000 Hz
[INFO] [1780116943.529333546] [rclcpp]: signal_handler(SIGINT/SIGTERM)
[INFO] [1780116943.529364785] [map_server]: Running Nav2 LifecycleNode rcl preshutdown (map_server)
[INFO] [1780116943.529419253] [map_server]: Deactivating
[INFO] [1780116943.529432463] [map_server]: Destroying bond (map_server) to lifecycle manager.
[INFO] [1780116943.539653426] [map_server]: Cleaning up
[INFO] [1780116943.539681975] [map_server]: Destroying bond (map_server) to lifecycle manager.
[INFO] [1780116943.539687455] [amcl]: Running Nav2 LifecycleNode rcl preshutdown (amcl)
[INFO] [1780116943.539701094] [amcl]: Deactivating
[INFO] [1780116943.539719133] [amcl]: Destroying bond (amcl) to lifecycle manager.
[INFO] [1780116943.543413564] [controller_server]: Passing new path to controller.
[INFO] [1780116943.549873469] [amcl]: Cleaning up
[INFO] [1780116943.554426090] [amcl]: Destroying bond (amcl) to lifecycle manager.
[INFO] [1780116943.554451299] [lifecycle_manager_localization]: Running Nav2 LifecycleManager rcl preshutdown (lifecycle_manager_localization)
[INFO] [1780116943.554470298] [lifecycle_manager_localization]: [34m[1mTerminating bond timer...[0m[0m
[INFO] [1780116943.582417001] [controller_server]: Running Nav2 LifecycleNode rcl preshutdown (controller_server)
[INFO] [1780116943.582465530] [controller_server]: Deactivating
[WARN] [1780116943.582472690] [controller_server]: [follow_path] [ActionServer] Requested to deactivate server but goal is still executing. Should check if action server is running before deactivating.
[WARN] [1780116943.610075935] [controller_server]: [follow_path] [ActionServer] Stopping the thread per request.
[WARN] [1780116943.610095025] [controller_server]: [follow_path] [ActionServer] Aborting handle.
[INFO] [1780116943.610272328] [MPPIController]: Deactivated MPPI Controller: FollowPath
[INFO] [1780116943.610291568] [local_costmap.local_costmap]: Deactivating
[INFO] [1780116943.610317837] [local_costmap.local_costmap]: stvl_layer was deactivated.
[ERROR] [1780116943.649406801] [bt_navigator_navigate_to_pose_rclcpp_node]: Failed to cancel action server for vlm_node/query_bool
[ERROR] [1780116943.669491359] [bt_navigator_navigate_to_pose_rclcpp_node]: Failed to get result for vlm_node/query_bool in node halt!
[WARN] [1780116943.669579196] [bt_navigator]: [navigate_to_pose] [ActionServer] Aborting handle.
[ERROR] [1780116943.669628934] [bt_navigator]: Goal failed
[INFO] [1780116943.688896971] [controller_server]: Destroying bond (controller_server) to lifecycle manager.
[INFO] [1780116943.699037607] [controller_server]: Cleaning up
[INFO] [1780116943.701963545] [MPPIController]: Cleaned up MPPI Controller: FollowPath
[INFO] [1780116943.702319662] [local_costmap.local_costmap]: Cleaning up
[INFO] [1780116943.722671861] [lifecycle_manager_navigation]: [34m[1mHave not received a heartbeat from controller_server.[0m[0m
[ERROR] [1780116943.722710530] [lifecycle_manager_navigation]: CRITICAL FAILURE: SERVER controller_server IS DOWN after not receiving a heartbeat for 4000 ms. Shutting down related nodes.
[INFO] [1780116943.722747589] [lifecycle_manager_navigation]: [34m[1mTerminating bond timer...[0m[0m
[INFO] [1780116943.722753048] [lifecycle_manager_navigation]: [34m[1mResetting managed nodes...[0m[0m
[INFO] [1780116943.722757288] [lifecycle_manager_navigation]: [34m[1mDeactivating docking_server[0m[0m
[INFO] [1780116943.722925782] [docking_server]: Deactivating docking_server
[INFO] [1780116943.733229712] [docking_server]: Destroying bond (docking_server) to lifecycle manager.
[INFO] [1780116943.764500380] [controller_server]: Destroying bond (controller_server) to lifecycle manager.
[INFO] [1780116943.764536458] [smoother_server]: Running Nav2 LifecycleNode rcl preshutdown (smoother_server)
[INFO] [1780116943.764553508] [smoother_server]: Deactivating
[INFO] [1780116943.764561317] [smoother_server]: Deactivating smoother: path_smoother of type nav2_constrained_smoother::ConstrainedSmoother
[INFO] [1780116943.764576127] [smoother_server]: Destroying bond (smoother_server) to lifecycle manager.
[INFO] [1780116943.774703253] [smoother_server]: Cleaning up
[INFO] [1780116943.774711983] [smoother_server]: Cleaning up smoother: path_smoother of type nav2_constrained_smoother::ConstrainedSmoother
[INFO] [1780116943.783827614] [smoother_server]: Destroying bond (smoother_server) to lifecycle manager.
[INFO] [1780116943.783841484] [planner_server]: Running Nav2 LifecycleNode rcl preshutdown (planner_server)
[INFO] [1780116943.783856543] [planner_server]: Deactivating
[INFO] [1780116943.783878853] [global_costmap.global_costmap]: Deactivating
[INFO] [1780116943.783894332] [global_costmap.global_costmap]: stvl_layer was deactivated.
[INFO] [1780116943.844847552] [lifecycle_manager_navigation]: [34m[1mDeactivating waypoint_follower[0m[0m
[INFO] [1780116943.844949709] [waypoint_follower]: Deactivating
[INFO] [1780116943.844987748] [waypoint_follower]: Destroying bond (waypoint_follower) to lifecycle manager.
[INFO] [1780116943.957430149] [lifecycle_manager_navigation]: [34m[1mDeactivating bt_navigator[0m[0m
[INFO] [1780116943.957552495] [bt_navigator]: Deactivating
[INFO] [1780116943.957605853] [bt_navigator]: Destroying bond (bt_navigator) to lifecycle manager.
[INFO] [1780116944.069560141] [lifecycle_manager_navigation]: [34m[1mDeactivating collision_monitor[0m[0m
[INFO] [1780116944.069710016] [collision_monitor]: Deactivating
[INFO] [1780116944.069746735] [collision_monitor]: Destroying bond (collision_monitor) to lifecycle manager.
[INFO] [1780116944.181742892] [lifecycle_manager_navigation]: [34m[1mDeactivating velocity_smoother[0m[0m
[INFO] [1780116944.181865788] [velocity_smoother]: Deactivating
[INFO] [1780116944.181946445] [velocity_smoother]: Destroying bond (velocity_smoother) to lifecycle manager.
[INFO] [1780116944.211245151] [planner_server]: Deactivating plugin GridBased of type SmacPlannerHybrid
[INFO] [1780116944.211310919] [planner_server]: Destroying bond (planner_server) to lifecycle manager.
[INFO] [1780116944.221456145] [planner_server]: Cleaning up
[INFO] [1780116944.235612650] [global_costmap.global_costmap]: Cleaning up
[INFO] [1780116944.250653425] [planner_server]: Cleaning up plugin GridBased of type SmacPlannerHybrid
[INFO] [1780116944.251043851] [planner_server]: Destroying plugin GridBased of type SmacPlannerHybrid
[INFO] [1780116944.290465474] [planner_server]: Destroying bond (planner_server) to lifecycle manager.
[INFO] [1780116944.290477583] [route_server]: Running Nav2 LifecycleNode rcl preshutdown (route_server)
[INFO] [1780116944.290494873] [route_server]: Deactivating
[INFO] [1780116944.290508192] [route_server]: Destroying bond (route_server) to lifecycle manager.
[INFO] [1780116944.294382507] [lifecycle_manager_navigation]: [34m[1mDeactivating behavior_server[0m[0m
[INFO] [1780116944.294517562] [behavior_server]: Deactivating
[INFO] [1780116944.294558621] [behavior_server]: Destroying bond (behavior_server) to lifecycle manager.
[INFO] [1780116944.300630289] [route_server]: Cleaning up
[INFO] [1780116944.313583946] [route_server]: Destroying bond (route_serv