[INFO] [1780511771.805404970] [nav2_container]: Load Library: /opt/ros/jazzy/lib/libamcl_core.so
[INFO] [1780511771.830562588] [nav2_container]: Found class: rclcpp_components::NodeFactoryTemplate<nav2_amcl::AmclNode>
[INFO] [1780511771.830626571] [nav2_container]: Instantiate class: rclcpp_components::NodeFactoryTemplate<nav2_amcl::AmclNode>
[INFO] [1780511771.838547546] [amcl]: 
	amcl lifecycle node launched. 
	Waiting on external lifecycle transitions to activate
	See https://design.ros2.org/articles/node_lifecycle.html for more information.
[INFO] [1780511771.839620205] [amcl]: Creating
[INFO] [1780511771.843191389] [nav2_container]: Load Library: /opt/ros/jazzy/lib/libnav2_lifecycle_manager_core.so
[INFO] [1780511771.845545757] [nav2_container]: Found class: rclcpp_components::NodeFactoryTemplate<nav2_lifecycle_manager::LifecycleManager>
[INFO] [1780511771.845572683] [nav2_container]: Instantiate class: rclcpp_components::NodeFactoryTemplate<nav2_lifecycle_manager::LifecycleManager>
[INFO] [1780511771.850132856] [lifecycle_manager_localization]: Creating
[INFO] [1780511771.857027248] [lifecycle_manager_localization]: [34m[1mCreating and initializing lifecycle service clients[0m[0m
[INFO] [1780511772.003609110] [nav2_container]: Load Library: /opt/ros/jazzy/lib/libcontroller_server_core.so
[INFO] [1780511772.011093553] [nav2_container]: Found class: rclcpp_components::NodeFactoryTemplate<nav2_controller::ControllerServer>
[INFO] [1780511772.011139367] [nav2_container]: Instantiate class: rclcpp_components::NodeFactoryTemplate<nav2_controller::ControllerServer>
[INFO] [1780511772.015732592] [controller_server]: 
	controller_server lifecycle node launched. 
	Waiting on external lifecycle transitions to activate
	See https://design.ros2.org/articles/node_lifecycle.html for more information.
[INFO] [1780511772.023371624] [controller_server]: Creating controller server
[INFO] [1780511772.028185244] [local_costmap.local_costmap]: 
	local_costmap lifecycle node launched. 
	Waiting on external lifecycle transitions to activate
	See https://design.ros2.org/articles/node_lifecycle.html for more information.
[INFO] [1780511772.029709788] [local_costmap.local_costmap]: Creating Costmap
[INFO] [1780511772.030912614] [nav2_container]: Load Library: /opt/ros/jazzy/lib/libmap_server_core.so
[INFO] [1780511772.062143522] [nav2_container]: Found class: rclcpp_components::NodeFactoryTemplate<nav2_map_server::CostmapFilterInfoServer>
[INFO] [1780511772.062195054] [nav2_container]: Found class: rclcpp_components::NodeFactoryTemplate<nav2_map_server::MapSaver>
[INFO] [1780511772.062202627] [nav2_container]: Found class: rclcpp_components::NodeFactoryTemplate<nav2_map_server::MapServer>
[INFO] [1780511772.062208420] [nav2_container]: Instantiate class: rclcpp_components::NodeFactoryTemplate<nav2_map_server::MapServer>
[INFO] [1780511772.067860374] [map_server]: 
	map_server lifecycle node launched. 
	Waiting on external lifecycle transitions to activate
	See https://design.ros2.org/articles/node_lifecycle.html for more information.
[INFO] [1780511772.067903981] [map_server]: Creating
[INFO] [1780511772.067933789] [lifecycle_manager_localization]: [34m[1mStarting managed nodes bringup...[0m[0m
[INFO] [1780511772.067976592] [lifecycle_manager_localization]: [34m[1mConfiguring map_server[0m[0m
[INFO] [1780511772.068424045] [map_server]: Configuring
[INFO] [1780511772.068528362] [map_io]: Loading yaml file: /root/ws/install/opennav_benchmark_mission_dispatcher/share/opennav_benchmark_mission_dispatcher/maps/benchmark_warehouse.yaml
[INFO] [1780511772.068608257] [nav2_container]: Load Library: /opt/ros/jazzy/lib/libsmoother_server_core.so
[INFO] [1780511772.068967780] [map_io]: resolution: 0.05
[INFO] [1780511772.068979394] [map_io]: origin[0]: -65.2
[INFO] [1780511772.068983027] [map_io]: origin[1]: -71.2
[INFO] [1780511772.068986030] [map_io]: origin[2]: 0
[INFO] [1780511772.068989423] [map_io]: free_thresh: 0.25
[INFO] [1780511772.068992481] [map_io]: occupied_thresh: 0.65
[INFO] [1780511772.068997449] [map_io]: mode: trinary
[INFO] [1780511772.069001193] [map_io]: negate: 0
[INFO] [1780511772.069853652] [map_io]: Loading image_file: /root/ws/install/opennav_benchmark_mission_dispatcher/share/opennav_benchmark_mission_dispatcher/maps/benchmark_warehouse.pgm
[INFO] [1780511772.072584080] [nav2_container]: Found class: rclcpp_components::NodeFactoryTemplate<nav2_smoother::SmootherServer>
[INFO] [1780511772.072611793] [nav2_container]: Instantiate class: rclcpp_components::NodeFactoryTemplate<nav2_smoother::SmootherServer>
[INFO] [1780511772.077053331] [smoother_server]: 
	smoother_server lifecycle node launched. 
	Waiting on external lifecycle transitions to activate
	See https://design.ros2.org/articles/node_lifecycle.html for more information.
[INFO] [1780511772.078331574] [smoother_server]: Creating smoother server
[INFO] [1780511772.080849856] [nav2_container]: Load Library: /opt/ros/jazzy/lib/libplanner_server_core.so
[INFO] [1780511772.082526449] [nav2_container]: Found class: rclcpp_components::NodeFactoryTemplate<nav2_planner::PlannerServer>
[INFO] [1780511772.082546746] [nav2_container]: Instantiate class: rclcpp_components::NodeFactoryTemplate<nav2_planner::PlannerServer>
[INFO] [1780511772.086991815] [planner_server]: 
	planner_server lifecycle node launched. 
	Waiting on external lifecycle transitions to activate
	See https://design.ros2.org/articles/node_lifecycle.html for more information.
[INFO] [1780511772.088144517] [planner_server]: Creating
[INFO] [1780511772.093028995] [global_costmap.global_costmap]: 
	global_costmap lifecycle node launched. 
	Waiting on external lifecycle transitions to activate
	See https://design.ros2.org/articles/node_lifecycle.html for more information.
[INFO] [1780511772.093527852] [global_costmap.global_costmap]: Creating Costmap
[INFO] [1780511772.096317163] [nav2_container]: Load Library: /opt/ros/jazzy/lib/libroute_server_core.so
[INFO] [1780511772.099763710] [nav2_container]: Found class: rclcpp_components::NodeFactoryTemplate<nav2_route::RouteServer>
[INFO] [1780511772.099790719] [nav2_container]: Instantiate class: rclcpp_components::NodeFactoryTemplate<nav2_route::RouteServer>
[INFO] [1780511772.104653823] [route_server]: 
	route_server lifecycle node launched. 
	Waiting on external lifecycle transitions to activate
	See https://design.ros2.org/articles/node_lifecycle.html for more information.
[INFO] [1780511772.106694325] [nav2_container]: Load Library: /opt/ros/jazzy/lib/libbehavior_server_core.so
[INFO] [1780511772.108240742] [nav2_container]: Found class: rclcpp_components::NodeFactoryTemplate<behavior_server::BehaviorServer>
[INFO] [1780511772.108262078] [nav2_container]: Instantiate class: rclcpp_components::NodeFactoryTemplate<behavior_server::BehaviorServer>
[INFO] [1780511772.112822892] [behavior_server]: 
	behavior_server lifecycle node launched. 
	Waiting on external lifecycle transitions to activate
	See https://design.ros2.org/articles/node_lifecycle.html for more information.
[INFO] [1780511772.116201186] [nav2_container]: Load Library: /opt/ros/jazzy/lib/libbt_navigator_core.so
[INFO] [1780511772.123326512] [nav2_container]: Found class: rclcpp_components::NodeFactoryTemplate<nav2_bt_navigator::BtNavigator>
[INFO] [1780511772.123352260] [nav2_container]: Instantiate class: rclcpp_components::NodeFactoryTemplate<nav2_bt_navigator::BtNavigator>
[INFO] [1780511772.125288139] [map_io]: Read map /root/ws/install/opennav_benchmark_mission_dispatcher/share/opennav_benchmark_mission_dispatcher/maps/benchmark_warehouse.pgm: 2608 X 2848 map @ 0.05 m/cell
[INFO] [1780511772.128187847] [bt_navigator]: 
	bt_navigator lifecycle node launched. 
	Waiting on external lifecycle transitions to activate
	See https://design.ros2.org/articles/node_lifecycle.html for more information.
[INFO] [1780511772.129241163] [bt_navigator]: Creating
[INFO] [1780511772.129490067] [lifecycle_manager_localization]: [34m[1mConfiguring amcl[0m[0m
[INFO] [1780511772.129728490] [amcl]: Configuring
[INFO] [1780511772.129828673] [amcl]: initTransforms
[INFO] [1780511772.131851814] [nav2_container]: Load Library: /opt/ros/jazzy/lib/libwaypoint_follower_core.so
[INFO] [1780511772.135181736] [nav2_container]: Found class: rclcpp_components::NodeFactoryTemplate<nav2_waypoint_follower::WaypointFollower>
[INFO] [1780511772.135200681] [nav2_container]: Instantiate class: rclcpp_components::NodeFactoryTemplate<nav2_waypoint_follower::WaypointFollower>
[INFO] [1780511772.138295528] [amcl]: initPubSub
[INFO] [1780511772.139578155] [amcl]: Subscribed to map topic.
[INFO] [1780511772.140575184] [waypoint_follower]: 
	waypoint_follower lifecycle node launched. 
	Waiting on external lifecycle transitions to activate
	See https://design.ros2.org/articles/node_lifecycle.html for more information.
[INFO] [1780511772.141875013] [lifecycle_manager_localization]: [34m[1mActivating map_server[0m[0m
[INFO] [1780511772.141879471] [waypoint_follower]: Creating
[INFO] [1780511772.141976642] [map_server]: Activating
[INFO] [1780511772.144193569] [nav2_container]: Load Library: /opt/ros/jazzy/lib/libvelocity_smoother_core.so
[INFO] [1780511772.145744278] [nav2_container]: Found class: rclcpp_components::NodeFactoryTemplate<nav2_velocity_smoother::VelocitySmoother>
[INFO] [1780511772.145761545] [nav2_container]: Instantiate class: rclcpp_components::NodeFactoryTemplate<nav2_velocity_smoother::VelocitySmoother>
[INFO] [1780511772.147471133] [map_server]: Creating bond (map_server) to lifecycle manager.
[INFO] [1780511772.148324241] [amcl]: Received a 2608 X 2848 map @ 0.050 m/pix
[INFO] [1780511772.151544435] [velocity_smoother]: 
	velocity_smoother lifecycle node launched. 
	Waiting on external lifecycle transitions to activate
	See https://design.ros2.org/articles/node_lifecycle.html for more information.
[INFO] [1780511772.156396908] [nav2_container]: Load Library: /opt/ros/jazzy/lib/libcollision_monitor_core.so
[INFO] [1780511772.161147873] [nav2_container]: Found class: rclcpp_components::NodeFactoryTemplate<nav2_collision_monitor::CollisionMonitor>
[INFO] [1780511772.161181183] [nav2_container]: Instantiate class: rclcpp_components::NodeFactoryTemplate<nav2_collision_monitor::CollisionMonitor>
[INFO] [1780511772.165752109] [collision_monitor]: 
	collision_monitor lifecycle node launched. 
	Waiting on external lifecycle transitions to activate
	See https://design.ros2.org/articles/node_lifecycle.html for more information.
[INFO] [1780511772.169044827] [nav2_container]: Load Library: /opt/ros/jazzy/lib/libopennav_docking_core.so
[INFO] [1780511772.172431139] [nav2_container]: Found class: rclcpp_components::NodeFactoryTemplate<opennav_docking::DockingServer>
[INFO] [1780511772.172469558] [nav2_container]: Instantiate class: rclcpp_components::NodeFactoryTemplate<opennav_docking::DockingServer>
[INFO] [1780511772.177830916] [docking_server]: 
	docking_server lifecycle node launched. 
	Waiting on external lifecycle transitions to activate
	See https://design.ros2.org/articles/node_lifecycle.html for more information.
[INFO] [1780511772.177888752] [docking_server]: Creating docking_server
[INFO] [1780511772.182823363] [nav2_container]: Found class: rclcpp_components::NodeFactoryTemplate<nav2_lifecycle_manager::LifecycleManager>
[INFO] [1780511772.182860604] [nav2_container]: Instantiate class: rclcpp_components::NodeFactoryTemplate<nav2_lifecycle_manager::LifecycleManager>
[INFO] [1780511772.186963563] [lifecycle_manager_navigation]: Creating
[INFO] [1780511772.187907577] [lifecycle_manager_navigation]: [34m[1mCreating and initializing lifecycle service clients[0m[0m
[INFO] [1780511772.192428173] [lifecycle_manager_navigation]: [34m[1mStarting managed nodes bringup...[0m[0m
[INFO] [1780511772.192460799] [lifecycle_manager_navigation]: [34m[1mConfiguring controller_server[0m[0m
[INFO] [1780511772.192610818] [controller_server]: Configuring controller interface
[INFO] [1780511772.192645501] [controller_server]: getting progress checker plugins..
[INFO] [1780511772.192824911] [controller_server]: getting goal checker plugins..
[INFO] [1780511772.192893636] [controller_server]: Controller frequency set to 30.0000Hz
[INFO] [1780511772.192934038] [local_costmap.local_costmap]: Configuring
[INFO] [1780511772.195950046] [local_costmap.local_costmap]: Using plugin "obstacle_layer"
[INFO] [1780511772.201340898] [local_costmap.local_costmap]: Subscribed to Topics: scan_front_left scan_front_right
[INFO] [1780511772.205227254] [local_costmap.local_costmap]: Initialized plugin "obstacle_layer"
[INFO] [1780511772.205281066] [local_costmap.local_costmap]: Using plugin "voxel_layer"
[INFO] [1780511772.206076375] [local_costmap.local_costmap]: Subscribed to Topics: camera_front_left camera_front_right camera_rear vlm_obstacles
[INFO] [1780511772.214930579] [local_costmap.local_costmap]: Initialized plugin "voxel_layer"
[INFO] [1780511772.214956418] [local_costmap.local_costmap]: Using plugin "stvl_layer"
[INFO] [1780511772.250485991] [lifecycle_manager_localization]: Server map_server connected with bond.
[INFO] [1780511772.250535262] [lifecycle_manager_localization]: [34m[1mActivating amcl[0m[0m
[INFO] [1780511772.250713718] [amcl]: Activating
[INFO] [1780511772.250758475] [amcl]: Creating bond (amcl) to lifecycle manager.
[INFO] [1780511772.253036602] [local_costmap.local_costmap]: stvl_layer being initialized as SpatioTemporalVoxelLayer!
[INFO] [1780511772.253070237] [local_costmap.local_costmap]: stvl_layer's global frame is odom.
[INFO] [1780511772.254019116] [amcl]: createLaserObject
[INFO] [1780511772.254335811] [local_costmap.local_costmap]: stvl_layer loaded parameters from parameter server.
[INFO] [1780511772.258184555] [local_costmap.local_costmap]: stvl_layer created underlying voxel grid.
[INFO] [1780511772.260237327] [local_costmap.local_costmap]: Voxel filter activated.
[INFO] [1780511772.262939496] [local_costmap.local_costmap]: Voxel filter activated.
[INFO] [1780511772.265442809] [local_costmap.local_costmap]: Voxel filter activated.
[INFO] [1780511772.266035362] [local_costmap.local_costmap]: stvl_layer initialization complete!
[INFO] [1780511772.266055836] [local_costmap.local_costmap]: Initialized plugin "stvl_layer"
[INFO] [1780511772.266062417] [local_costmap.local_costmap]: Using plugin "inflation_layer"
[INFO] [1780511772.267834383] [local_costmap.local_costmap]: Initialized plugin "inflation_layer"
[INFO] [1780511772.276304390] [controller_server]: Created progress_checker : progress_checker of type nav2_controller::SimpleProgressChecker
[INFO] [1780511772.276685166] [controller_server]: Controller Server has progress_checker  progress checkers available.
[INFO] [1780511772.277365963] [controller_server]: Created goal checker : general_goal_checker of type nav2_controller::SimpleGoalChecker
[INFO] [1780511772.277789913] [controller_server]: Controller Server has general_goal_checker  goal checkers available.
[INFO] [1780511772.279824510] [controller_server]: Created controller : FollowPath of type nav2_mppi_controller::MPPIController
[WARN] [1780511772.281581229] [controller_server]: Controller period is less then model dt, consider setting it equal
[INFO] [1780511772.283767459] [controller_server]: ConstraintCritic instantiated with 1 power and 4.000000 weight.
[INFO] [1780511772.283793578] [controller_server]: Critic loaded : mppi::critics::ConstraintCritic
[INFO] [1780511772.284689978] [controller_server]: InflationCostCritic instantiated with 1 power and 300.000000 / 0.015000 weights. Critic will collision check based on footprint cost.
[INFO] [1780511772.284706782] [controller_server]: Critic loaded : mppi::critics::CostCritic
[INFO] [1780511772.285060031] [controller_server]: GoalCritic instantiated with 1 power and 5.000000 weight.
[INFO] [1780511772.285070940] [controller_server]: Critic loaded : mppi::critics::GoalCritic
[INFO] [1780511772.285516522] [controller_server]: GoalAngleCritic instantiated with 1 power, 3.000000 weight, 0.500000 angular threshold and symmetric_yaw_tolerance disabled
[INFO] [1780511772.285529814] [controller_server]: Critic loaded : mppi::critics::GoalAngleCritic
[INFO] [1780511772.286225941] [controller_server]: ReferenceTrajectoryCritic instantiated with 1 power and 14.000000 weight
[INFO] [1780511772.286237388] [controller_server]: Critic loaded : mppi::critics::PathAlignCritic
[INFO] [1780511772.286667037] [controller_server]: Critic loaded : mppi::critics::PathFollowCritic
[INFO] [1780511772.287012000] [controller_server]: PathAngleCritic instantiated with 1 power and 2.000000 weight. Mode set to: Consider Feasible Path Orientations
[INFO] [1780511772.287023864] [controller_server]: Critic loaded : mppi::critics::PathAngleCritic
[INFO] [1780511772.287385307] [controller_server]: PreferForwardCritic instantiated with 1 power and 5.000000 weight.
[INFO] [1780511772.287424735] [controller_server]: Critic loaded : mppi::critics::PreferForwardCritic
[INFO] [1780511772.289004732] [controller_server]: Optimizer reset
[INFO] [1780511772.291505126] [MPPIController]: Configured MPPI Controller: FollowPath
[INFO] [1780511772.291524516] [controller_server]: Controller Server has FollowPath  controllers available.
[INFO] [1780511772.295009324] [lifecycle_manager_navigation]: [34m[1mConfiguring smoother_server[0m[0m
[INFO] [1780511772.295139462] [smoother_server]: Configuring smoother server
[INFO] [1780511772.307062838] [smoother_server]: Created smoother : path_smoother of type nav2_constrained_smoother/ConstrainedSmoother
[INFO] [1780511772.308566222] [smoother_server]: Smoother Server has path_smoother  smoothers available.
[INFO] [1780511772.310829770] [lifecycle_manager_navigation]: [34m[1mConfiguring planner_server[0m[0m
[INFO] [1780511772.310952577] [planner_server]: Configuring
[INFO] [1780511772.311012080] [global_costmap.global_costmap]: Configuring
[INFO] [1780511772.313429623] [global_costmap.global_costmap]: Using plugin "static_layer"
[INFO] [1780511772.314350401] [global_costmap.global_costmap]: Subscribing to the map topic (/map) with transient local durability
[INFO] [1780511772.314627009] [global_costmap.global_costmap]: Initialized plugin "static_layer"
[INFO] [1780511772.314638085] [global_costmap.global_costmap]: Using plugin "obstacle_layer"
[INFO] [1780511772.315316547] [global_costmap.global_costmap]: Subscribed to Topics: scan_front_left scan_front_right
[INFO] [1780511772.319123870] [global_costmap.global_costmap]: Initialized plugin "obstacle_layer"
[INFO] [1780511772.319145178] [global_costmap.global_costmap]: Using plugin "voxel_layer"
[INFO] [1780511772.319890132] [global_costmap.global_costmap]: Subscribed to Topics: camera_front_left camera_front_right camera_rear vlm_obstacles
[INFO] [1780511772.330038492] [global_costmap.global_costmap]: Initialized plugin "voxel_layer"
[INFO] [1780511772.330061626] [global_costmap.global_costmap]: Using plugin "stvl_layer"
[INFO] [1780511772.330213574] [global_costmap.global_costmap]: stvl_layer being initialized as SpatioTemporalVoxelLayer!
[INFO] [1780511772.330223186] [global_costmap.global_costmap]: stvl_layer's global frame is map.
[INFO] [1780511772.331333808] [global_costmap.global_costmap]: stvl_layer loaded parameters from parameter server.
[INFO] [1780511772.331715549] [global_costmap.global_costmap]: stvl_layer created underlying voxel grid.
[INFO] [1780511772.333759257] [global_costmap.global_costmap]: Voxel filter activated.
[INFO] [1780511772.336550219] [global_costmap.global_costmap]: Voxel filter activated.
[INFO] [1780511772.339385714] [global_costmap.global_costmap]: Voxel filter activated.
[INFO] [1780511772.339991112] [global_costmap.global_costmap]: stvl_layer initialization complete!
[INFO] [1780511772.340005905] [global_costmap.global_costmap]: Initialized plugin "stvl_layer"
[INFO] [1780511772.340012300] [global_costmap.global_costmap]: Using plugin "inflation_layer"
[INFO] [1780511772.341777018] [global_costmap.global_costmap]: Initialized plugin "inflation_layer"
[INFO] [1780511772.349984170] [global_costmap.global_costmap]: StaticLayer: Resizing costmap to 2608 X 2848 at 0.050000 m/pix
[INFO] [1780511772.355613862] [lifecycle_manager_localization]: Server amcl connected with bond.
[INFO] [1780511772.355651649] [lifecycle_manager_localization]: [34m[1mManaged nodes are active[0m[0m
[INFO] [1780511772.355664792] [lifecycle_manager_localization]: [34m[1mCreating bond timer...[0m[0m
[INFO] [1780511772.356477776] [planner_server]: Created global planner plugin GridBased of type nav2_smac_planner::SmacPlannerHybrid
[INFO] [1780511772.356527261] [planner_server]: Configuring GridBased of type SmacPlannerHybrid
[INFO] [1780511772.358736106] [planner_server]: Even sized heuristic lookup table size set 100.000000, increasing size by 1 to make odd
[INFO] [1780511773.217840847] [planner_server]: Configured plugin GridBased of type SmacPlannerHybrid with maximum iterations 100000000, max on approach iterations 1000, and allowing unknown traversal. Tolerance 0.30.Using motion model: Reeds-Shepp.
[INFO] [1780511773.217894527] [planner_server]: Planner Server has GridBased  planners available.
[INFO] [1780511773.221708417] [lifecycle_manager_navigation]: [34m[1mConfiguring route_server[0m[0m
[INFO] [1780511773.221972530] [route_server]: Configuring
[INFO] [1780511773.238110097] [route_server]: Created GraphFileLoader GeoJsonGraphFileLoader of type nav2_route::GeoJsonGraphFileLoader
[INFO] [1780511773.238162601] [route_server]: Configuring geojson graph file loader
[INFO] [1780511773.238179599] [route_server]: No graph file provided to load yet.
[INFO] [1780511773.241984341] [route_server]: Created edge cost function plugin DistanceScorer of type nav2_route::DistanceScorer
[INFO] [1780511773.242024342] [route_server]: Configuring distance scorer.
[INFO] [1780511773.242587231] [route_server]: Created edge cost function plugin CostmapScorer of type nav2_route::CostmapScorer
[INFO] [1780511773.242607852] [route_server]: Configuring costmap scorer.
[INFO] [1780511773.245759378] [route_server]: Created route operation AdjustSpeedLimit of type nav2_route::AdjustSpeedLimit
[INFO] [1780511773.245793169] [route_server]: Configuring Adjust speed limit operation.
[INFO] [1780511773.246714642] [route_server]: Created route operation ReroutingService of type nav2_route::ReroutingService
[INFO] [1780511773.246736468] [route_server]: Configuring Rerouting service operation.
[INFO] [1780511773.247693187] [route_server]: Created route operation CollisionMonitor of type nav2_route::CollisionMonitor
[INFO] [1780511773.247886047] [route_server]: Using costmap topic: local_costmap/costmap_raw instead of server costmap topic: global_costmap/costmap_raw for CollisionMonitor.
[INFO] [1780511773.250661705] [lifecycle_manager_navigation]: [34m[1mConfiguring behavior_server[0m[0m
[INFO] [1780511773.250811394] [behavior_server]: Configuring
[INFO] [1780511773.253023746] [behavior_server]: Creating behavior plugin spin of type nav2_behaviors::Spin
[INFO] [1780511773.254508403] [behavior_server]: Creating behavior plugin backup of type nav2_behaviors::BackUp
[INFO] [1780511773.255782730] [behavior_server]: Creating behavior plugin drive_on_heading of type nav2_behaviors::DriveOnHeading
[INFO] [1780511773.256967184] [behavior_server]: Creating behavior plugin assisted_teleop of type nav2_behaviors::AssistedTeleop
[INFO] [1780511773.259429691] [behavior_server]: Creating behavior plugin wait of type nav2_behaviors::Wait
[INFO] [1780511773.261481214] [behavior_server]: Configuring spin
[INFO] [1780511773.264957523] [behavior_server]: Configuring backup
[INFO] [1780511773.267013930] [behavior_server]: Configuring drive_on_heading
[INFO] [1780511773.268820506] [behavior_server]: Configuring assisted_teleop
[INFO] [1780511773.272025592] [behavior_server]: Configuring wait
[INFO] [1780511773.274159953] [lifecycle_manager_navigation]: [34m[1mConfiguring velocity_smoother[0m[0m
[INFO] [1780511773.274908084] [velocity_smoother]: Configuring velocity smoother
[INFO] [1780511773.278039729] [lifecycle_manager_navigation]: [34m[1mConfiguring collision_monitor[0m[0m
[INFO] [1780511773.278160252] [collision_monitor]: Configuring
[INFO] [1780511773.282354393] [collision_monitor]: [scan_front_left]: Creating Scan
[INFO] [1780511773.283643465] [collision_monitor]: [scan_front_right]: Creating Scan
[INFO] [1780511773.284618878] [collision_monitor]: [FootprintApproach]: Creating Polygon
[INFO] [1780511773.284773859] [collision_monitor]: [FootprintApproach]: Polygon points are not defined. Using dynamic subscription instead.
[INFO] [1780511773.286486086] [collision_monitor]: [FootprintApproach]: Making footprint subscriber on /local_costmap/published_footprint topic
[INFO] [1780511773.290028263] [lifecycle_manager_navigation]: [34m[1mConfiguring bt_navigator[0m[0m
[INFO] [1780511773.290322145] [bt_navigator]: Configuring
[INFO] [1780511773.292963480] [bt_navigator]: Creating navigator id navigate_to_pose of type nav2_bt_navigator::NavigateToPoseNavigator
[INFO] [1780511773.370471223] [bt_navigator]: Creating navigator id navigate_through_poses of type nav2_bt_navigator::NavigateThroughPosesNavigator
[INFO] [1780511773.388428907] [lifecycle_manager_navigation]: [34m[1mConfiguring waypoint_follower[0m[0m
[INFO] [1780511773.388609357] [waypoint_follower]: Configuring
[INFO] [1780511773.399576156] [waypoint_follower]: Created waypoint_task_executor : wait_at_waypoint of type nav2_waypoint_follower::WaitAtWaypoint
[INFO] [1780511773.400406106] [lifecycle_manager_navigation]: [34m[1mConfiguring docking_server[0m[0m
[INFO] [1780511773.400542755] [docking_server]: Configuring docking_server
[INFO] [1780511773.400629365] [docking_server]: Controller frequency set to 50.0000Hz
[INFO] [1780511773.418089426] [docking_server]: Created charging dock plugin simple_charging_dock of type opennav_docking::SimpleChargingDock
[INFO] [1780511773.422661336] [docking_server]: Loading docks from parameter file.
[INFO] [1780511773.423260963] [docking_server]: Docking Server has 1 dock types and 1 dock instances available.
[INFO] [1780511773.424241047] [lifecycle_manager_navigation]: [34m[1mActivating controller_server[0m[0m
[INFO] [1780511773.424630419] [controller_server]: Activating
[INFO] [1780511773.424695777] [local_costmap.local_costmap]: Activating
[INFO] [1780511773.424709345] [local_costmap.local_costmap]: Checking transform
[INFO] [1780511773.424828608] [local_costmap.local_costmap]: start
[INFO] [1780511773.426261095] [local_costmap.local_costmap]: stvl_layer was activated.
[WARN] [1780511773.577310380] [controller_server]: Parameter controller_server.verbose not found
[INFO] [1780511773.578009130] [controller_server]: Optimizer reset
[INFO] [1780511773.578517847] [MPPIController]: Activated MPPI Controller: FollowPath
[INFO] [1780511773.578550592] [controller_server]: Creating bond (controller_server) to lifecycle manager.
[INFO] [1780511773.681628867] [lifecycle_manager_navigation]: Server controller_server connected with bond.
[INFO] [1780511773.681705394] [lifecycle_manager_navigation]: [34m[1mActivating smoother_server[0m[0m
[INFO] [1780511773.682046877] [smoother_server]: Activating
[INFO] [1780511773.682115665] [smoother_server]: Activating smoother: path_smoother of type nav2_constrained_smoother::ConstrainedSmoother
[INFO] [1780511773.682144118] [smoother_server]: Creating bond (smoother_server) to lifecycle manager.
[INFO] [1780511773.786051122] [lifecycle_manager_navigation]: Server smoother_server connected with bond.
[INFO] [1780511773.786118371] [lifecycle_manager_navigation]: [34m[1mActivating planner_server[0m[0m
[INFO] [1780511773.786522248] [planner_server]: Activating
[INFO] [1780511773.786590044] [global_costmap.global_costmap]: Activating
[INFO] [1780511773.786609220] [global_costmap.global_costmap]: Checking transform
[INFO] [1780511773.786760642] [global_costmap.global_costmap]: start
[INFO] [1780511773.795350192] [global_costmap.global_costmap]: stvl_layer was activated.
[INFO] [1780511773.995648763] [amcl]: initialPoseReceived
[INFO] [1780511773.995875906] [amcl]: Setting pose (41.610000): 63.001 36.551 -3.139
[INFO] [1780511774.500829699] [planner_server]: Activating plugin GridBased of type SmacPlannerHybrid
[INFO] [1780511774.519170810] [planner_server]: Creating bond (planner_server) to lifecycle manager.
[INFO] [1780511774.627842346] [lifecycle_manager_navigation]: Server planner_server connected with bond.
[INFO] [1780511774.627919704] [lifecycle_manager_navigation]: [34m[1mActivating route_server[0m[0m
[INFO] [1780511774.634526028] [route_server]: Activating
[INFO] [1780511774.634640866] [route_server]: Creating bond (route_server) to lifecycle manager.
[INFO] [1780511774.740244403] [lifecycle_manager_navigation]: Server route_server connected with bond.
[INFO] [1780511774.740321187] [lifecycle_manager_navigation]: [34m[1mActivating behavior_server[0m[0m
[INFO] [1780511774.740921311] [behavior_server]: Activating
[INFO] [1780511774.740954165] [behavior_server]: Activating spin
[INFO] [1780511774.740992312] [behavior_server]: Activating backup
[INFO] [1780511774.741012627] [behavior_server]: Activating drive_on_heading
[INFO] [1780511774.741031412] [behavior_server]: Activating assisted_teleop
[INFO] [1780511774.741050699] [behavior_server]: Activating wait
[INFO] [1780511774.741076602] [behavior_server]: Creating bond (behavior_server) to lifecycle manager.
[INFO] [1780511774.845311491] [lifecycle_manager_navigation]: Server behavior_server connected with bond.
[INFO] [1780511774.845392491] [lifecycle_manager_navigation]: [34m[1mActivating velocity_smoother[0m[0m
[INFO] [1780511774.845796407] [velocity_smoother]: Activating
[INFO] [1780511774.845929474] [velocity_smoother]: Creating bond (velocity_smoother) to lifecycle manager.
[INFO] [1780511774.952189961] [lifecycle_manager_navigation]: Server velocity_smoother connected with bond.
[INFO] [1780511774.952264103] [lifecycle_manager_navigation]: [34m[1mActivating collision_monitor[0m[0m
[INFO] [1780511774.952551449] [collision_monitor]: Activating
[INFO] [1780511774.952678066] [collision_monitor]: Creating bond (collision_monitor) to lifecycle manager.
[INFO] [1780511775.056524144] [lifecycle_manager_navigation]: Server collision_monitor connected with bond.
[INFO] [1780511775.056581092] [lifecycle_manager_navigation]: [34m[1mActivating bt_navigator[0m[0m
[INFO] [1780511775.057043334] [bt_navigator]: Activating
[INFO] [1780511775.115852012] [bt_navigator]: Creating bond (bt_navigator) to lifecycle manager.
[INFO] [1780511775.218640456] [lifecycle_manager_navigation]: Server bt_navigator connected with bond.
[INFO] [1780511775.218705958] [lifecycle_manager_navigation]: [34m[1mActivating waypoint_follower[0m[0m
[INFO] [1780511775.219035452] [waypoint_follower]: Activating
[INFO] [1780511775.219099073] [waypoint_follower]: Creating bond (waypoint_follower) to lifecycle manager.
[INFO] [1780511775.321996428] [lifecycle_manager_navigation]: Server waypoint_follower connected with bond.
[INFO] [1780511775.322154271] [lifecycle_manager_navigation]: [34m[1mActivating docking_server[0m[0m
[INFO] [1780511775.322518833] [docking_server]: Activating docking_server
[INFO] [1780511775.328941291] [docking_server]: Creating bond (docking_server) to lifecycle manager.
[INFO] [1780511775.435646890] [lifecycle_manager_navigation]: Server docking_server connected with bond.
[INFO] [1780511775.435709622] [lifecycle_manager_navigation]: [34m[1mManaged nodes are active[0m[0m
[INFO] [1780511775.435718750] [lifecycle_manager_navigation]: [34m[1mCreating bond timer...[0m[0m
[INFO] [1780511777.562202585] [local_costmap.local_costmap]: Received request to clear entirely the local_costmap
[INFO] [1780511777.566173675] [global_costmap.global_costmap]: Received request to clear entirely the global_costmap
[INFO] [1780511777.581179926] [docking_server]: Attempting to undock robot of dock type simple_charging_dock.
[INFO] [1780511777.581253541] [docking_server]: Robot is not in the dock, no need to undock
[WARN] [1780511777.581271195] [docking_server]: [undock_robot] [ActionServer] Current goal was not completed successfully.
[WARN] [1780511777.581283187] [docking_server]: [undock_robot] [ActionServer] Aborting handle.
[INFO] [1780511777.583528708] [behavior_server]: Running backup
[INFO] [1780511779.084657850] [behavior_server]: backup completed successfully
[INFO] [1780511779.087685608] [local_costmap.local_costmap]: Received request to clear entirely the local_costmap
[INFO] [1780511779.092106512] [global_costmap.global_costmap]: Received request to clear entirely the global_costmap
[INFO] [1780511779.118372372] [bt_navigator]: Begin navigating from current location (62.09, 35.92) to (-8.00, -52.55)
[WARN] [1780511779.948953739] [planner_server]: Planner loop missed its desired rate of 999999999.0000 Hz. Current loop rate is 1.2048 Hz
[INFO] [1780511779.962608451] [controller_server]: Received a goal, begin computing control effort.
[WARN] [1780511779.962691959] [controller_server]: No goal checker was specified in parameter 'current_goal_checker'. Server will use only plugin loaded general_goal_checker . This warning will appear once.
[WARN] [1780511779.962709268] [controller_server]: No progress checker was specified in parameter 'current_progress_checker'. Server will use only plugin loaded progress_checker . This warning will appear once.
[WARN] [1780511780.084775113] [controller_server]: Control loop missed its desired rate of 30.0000 Hz. Current loop rate is 16.6667 Hz.
[WARN] [1780511780.396654363] [controller_server]: Control loop missed its desired rate of 30.0000 Hz. Current loop rate is 25.0000 Hz.
[WARN] [1780511780.478534443] [controller_server]: Control loop missed its desired rate of 30.0000 Hz. Current loop rate is 20.0000 Hz.
[WARN] [1780511780.593633434] [controller_server]: Control loop missed its desired rate of 30.0000 Hz. Current loop rate is 25.0000 Hz.
[WARN] [1780511780.689658353] [controller_server]: Control loop missed its desired rate of 30.0000 Hz. Current loop rate is 16.6667 Hz.
[WARN] [1780511780.806977591] [controller_server]: Control loop missed its desired rate of 30.0000 Hz. Current loop rate is 25.0000 Hz.
[WARN] [1780511780.884080398] [controller_server]: Control loop missed its desired rate of 30.0000 Hz. Current loop rate is 25.0000 Hz.
[WARN] [1780511780.987093966] [controller_server]: Control loop missed its desired rate of 30.0000 Hz. Current loop rate is 25.0000 Hz.
[WARN] [1780511781.096703018] [controller_server]: Control loop missed its desired rate of 30.0000 Hz. Current loop rate is 25.0000 Hz.
[WARN] [1780511781.182706421] [controller_server]: Control loop missed its desired rate of 30.0000 Hz. Current loop rate is 20.0000 Hz.
[WARN] [1780511781.296750281] [controller_server]: Control loop missed its desired rate of 30.0000 Hz. Current loop rate is 25.0000 Hz.
[WARN] [1780511781.388769643] [controller_server]: Control loop missed its desired rate of 30.0000 Hz. Current loop rate is 16.6667 Hz.
[WARN] [1780511781.501969607] [planner_server]: Planner loop missed its desired rate of 999999999.0000 Hz. Current loop rate is 1.8868 Hz
[WARN] [1780511781.503263250] [controller_server]: Control loop missed its desired rate of 30.0000 Hz. Current loop rate is 25.0000 Hz.
[INFO] [1780511781.536711408] [controller_server]: Passing new path to controller.
[WARN] [1780511781.584446860] [controller_server]: Control loop missed its desired rate of 30.0000 Hz. Current loop rate is 25.0000 Hz.
[WARN] [1780511781.708839744] [controller_server]: Control loop missed its desired rate of 30.0000 Hz. Current loop rate is 20.0000 Hz.
[WARN] [1780511781.787531031] [controller_server]: Control loop missed its desired rate of 30.0000 Hz. Current loop rate is 20.0000 Hz.
[WARN] [1780511781.899641908] [controller_server]: Control loop missed its desired rate of 30.0000 Hz. Current loop rate is 25.0000 Hz.
[WARN] [1780511781.982770228] [controller_server]: Control loop missed its desired rate of 30.0000 Hz. Current loop rate is 20.0000 Hz.
[WARN] [1780511782.104361634] [controller_server]: Control loop missed its desired rate of 30.0000 Hz. Current loop rate is 20.0000 Hz.
[WARN] [1780511782.183042014] [controller_server]: Control loop missed its desired rate of 30.0000 Hz. Current loop rate is 25.0000 Hz.
[WARN] [1780511782.294862162] [controller_server]: Control loop missed its desired rate of 30.0000 Hz. Current loop rate is 25.0000 Hz.
[WARN] [1780511782.378579863] [controller_server]: Control loop missed its desired rate of 30.0000 Hz. Current loop rate is 20.0000 Hz.
[WARN] [1780511782.487310480] [controller_server]: Control loop missed its desired rate of 30.0000 Hz. Current loop rate is 25.0000 Hz.
[WARN] [1780511782.601808605] [controller_server]: Control loop missed its desired rate of 30.0000 Hz. Current loop rate is 20.0000 Hz.
[WARN] [1780511782.682084825] [controller_server]: Control loop missed its desired rate of 30.0000 Hz. Current loop rate is 20.0000 Hz.
[WARN] [1780511782.794620829] [controller_server]: Control loop missed its desired rate of 30.0000 Hz. Current loop rate is 25.0000 Hz.
[WARN] [1780511782.884414012] [controller_server]: Control loop missed its desired rate of 30.0000 Hz. Current loop rate is 20.0000 Hz.
[WARN] [1780511782.986658566] [controller_server]: Control loop missed its desired rate of 30.0000 Hz. Current loop rate is 25.0000 Hz.
[WARN] [1780511783.237826701] [planner_server]: Planner loop missed its desired rate of 999999999.0000 Hz. Current loop rate is 1.3889 Hz
[INFO] [1780511783.253503803] [controller_server]: Passing new path to controller.
[WARN] [1780511783.588265585] [controller_server]: Control loop missed its desired rate of 30.0000 Hz. Current loop rate is 25.0000 Hz.
[WARN] [1780511783.704199029] [controller_server]: Control loop missed its desired rate of 30.0000 Hz. Current loop rate is 20.0000 Hz.
[WARN] [1780511783.781551947] [controller_server]: Control loop missed its desired rate of 30.0000 Hz. Current loop rate is 25.0000 Hz.
[WARN] [1780511783.892783683] [controller_server]: Control loop missed its desired rate of 30.0000 Hz. Current loop rate is 25.0000 Hz.
[WARN] [1780511783.985217095] [controller_server]: Control loop missed its desired rate of 30.0000 Hz. Current loop rate is 20.0000 Hz.
[WARN] [1780511784.189353257] [controller_server]: Control loop missed its desired rate of 30.0000 Hz. Current loop rate is 25.0000 Hz.
[WARN] [1780511784.299946826] [controller_server]: Control loop missed its desired rate of 30.0000 Hz. Current loop rate is 20.0000 Hz.
[WARN] [1780511784.381029579] [controller_server]: Control loop missed its desired rate of 30.0000 Hz. Current loop rate is 20.0000 Hz.
[WARN] [1780511784.482818309] [controller_server]: Control loop missed its desired rate of 30.0000 Hz. Current loop rate is 33.3333 Hz.
[WARN] [1780511784.797116943] [planner_server]: Planner loop missed its desired rate of 999999999.0000 Hz. Current loop rate is 1.8868 Hz
[INFO] [1780511784.816298371] [controller_server]: Passing new path to controller.
[WARN] [1780511784.887965912] [controller_server]: Control loop missed its desired rate of 30.0000 Hz. Current loop rate is 25.0000 Hz.
[WARN] [1780511785.002181544] [controller_server]: Control loop missed its desired rate of 30.0000 Hz. Current loop rate is 20.0000 Hz.
[WARN] [1780511785.083425755] [controller_server]: Control loop missed its desired rate of 30.0000 Hz. Current loop rate is 20.0000 Hz.
[WARN] [1780511785.192713786] [controller_server]: Control loop missed its desired rate of 30.0000 Hz. Current loop rate is 25.0000 Hz.
[WARN] [1780511785.288622782] [controller_server]: Control loop missed its desired rate of 30.0000 Hz. Current loop rate is 14.2857 Hz.
[WARN] [1780511785.400310775] [controller_server]: Control loop missed its desired rate of 30.0000 Hz. Current loop rate is 20.0000 Hz.
[WARN] [1780511785.481161254] [controller_server]: Control loop missed its desired rate of 30.0000 Hz. Current loop rate is 20.0000 Hz.
[WARN] [1780511785.591884324] [controller_server]: Control loop missed its desired rate of 30.0000 Hz. Current loop rate is 25.0000 Hz.
[WARN] [1780511785.695588164] [controller_server]: Control loop missed its desired rate of 30.0000 Hz. Current loop rate is 14.2857 Hz.
[WARN] [1780511785.782815041] [controller_server]: Control loop missed its desired rate of 30.0000 Hz. Current loop rate is 20.0000 Hz.
[WARN] [1780511785.896312698] [controller_server]: Control loop missed its desired rate of 30.0000 Hz. Current loop rate is 25.0000 Hz.
[WARN] [1780511785.982243978] [controller_server]: Control loop missed its desired rate of 30.0000 Hz. Current loop rate is 20.0000 Hz.
[WARN] [1780511786.109108606] [controller_server]: Control loop missed its desired rate of 30.0000 Hz. Current loop rate is 20.0000 Hz.
[WARN] [1780511786.194268066] [controller_server]: Control loop missed its desired rate of 30.0000 Hz. Current loop rate is 20.0000 Hz.
[WARN] [1780511786.278587132] [planner_server]: Planner loop missed its desired rate of 999999999.0000 Hz. Current loop rate is 2.0833 Hz
[WARN] [1780511786.288411488] [controller_server]: Control loop missed its desired rate of 30.0000 Hz. Current loop rate is 14.2857 Hz.
[INFO] [1780511786.321878276] [controller_server]: Passing new path to controller.
[WARN] [1780511786.393471391] [controller_server]: Control loop missed its desired rate of 30.0000 Hz. Current loop rate is 25.0000 Hz.
[WARN] [1780511786.489418610] [controller_server]: Control loop missed its desired rate of 30.0000 Hz. Current loop rate is 14.2857 Hz.
[WARN] [1780511786.603521616] [controller_server]: Control loop missed its desired rate of 30.0000 Hz. Current loop rate is 25.0000 Hz.
[WARN] [1780511786.681305304] [controller_server]: Control loop missed its desired rate of 30.0000 Hz. Current loop rate is 20.0000 Hz.
[WARN] [1780511786.791691528] [controller_server]: Control loop missed its desired rate of 30.0000 Hz. Current loop rate is 25.0000 Hz.
[WARN] [1780511786.889698542] [controller_server]: Control loop missed its desired rate of 30.0000 Hz. Current loop rate is 14.2857 Hz.
[WARN] [1780511787.002678679] [controller_server]: Control loop missed its desired rate of 30.0000 Hz. Current loop rate is 25.0000 Hz.
[WARN] [1780511787.081862046] [controller_server]: Control loop missed its desired rate of 30.0000 Hz. Current loop rate is 20.0000 Hz.
[WARN] [1780511787.193073782] [controller_server]: Control loop missed its desired rate of 30.0000 Hz. Current loop rate is 25.0000 Hz.
[WARN] [1780511787.288356592] [controller_server]: Control loop missed its desired rate of 30.0000 Hz. Current loop rate is 14.2857 Hz.
[WARN] [1780511787.402484772] [controller_server]: Control loop missed its desired rate of 30.0000 Hz. Current loop rate is 25.0000 Hz.
[WARN] [1780511787.789804027] [planner_server]: Planner loop missed its desired rate of 999999999.0000 Hz. Current loop rate is 2.0000 Hz
[INFO] [1780511787.835933382] [controller_server]: Passing new path to controller.
[WARN] [1780511787.878403405] [controller_server]: Control loop missed its desired rate of 30.0000 Hz. Current loop rate is 25.0000 Hz.
[WARN] [1780511787.990048360] [controller_server]: Control loop missed its desired rate of 30.0000 Hz. Current loop rate is 25.0000 Hz.
[WARN] [1780511788.106957016] [controller_server]: Control loop missed its desired rate of 30.0000 Hz. Current loop rate is 20.0000 Hz.
[WARN] [1780511788.199166286] [controller_server]: Control loop missed its desired rate of 30.0000 Hz. Current loop rate is 16.6667 Hz.
[WARN] [1780511788.287119804] [controller_server]: Control loop missed its desired rate of 30.0000 Hz. Current loop rate is 20.0000 Hz.
[WARN] [1780511788.389688878] [controller_server]: Control loop missed its desired rate of 30.0000 Hz. Current loop rate is 33.3333 Hz.
[WARN] [1780511788.493409567] [controller_server]: Control loop missed its desired rate of 30.0000 Hz. Current loop rate is 25.0000 Hz.
[WARN] [1780511788.575696906] [controller_server]: Control loop missed its desired rate of 30.0000 Hz. Current loop rate is 16.6667 Hz.
[WARN] [1780511788.677712543] [controller_server]: Control loop missed its desired rate of 30.0000 Hz. Current loop rate is 33.3333 Hz.
[WARN] [1780511788.784883958] [controller_server]: Control loop missed its desired rate of 30.0000 Hz. Current loop rate is 25.0000 Hz.
[WARN] [1780511788.890188031] [controller_server]: Control loop missed its desired rate of 30.0000 Hz. Current loop rate is 33.3333 Hz.
[WARN] [1780511789.196073071] [controller_server]: Control loop missed its desired rate of 30.0000 Hz. Current loop rate is 25.0000 Hz.
[WARN] [1780511789.282716930] [controller_server]: Control loop missed its desired rate of 30.0000 Hz. Current loop rate is 16.6667 Hz.
[WARN] [1780511789.325090599] [planner_server]: Planner loop missed its desired rate of 999999999.0000 Hz. Current loop rate is 2.0000 Hz
[INFO] [1780511789.349525878] [controller_server]: Passing new path to controller.
[WARN] [1780511789.383995359] [controller_server]: Control loop missed its desired rate of 30.0000 Hz. Current loop rate is 25.0000 Hz.
[WARN] [1780511789.495572080] [controller_server]: Control loop missed its desired rate of 30.0000 Hz. Current loop rate is 20.0000 Hz.
[WARN] [1780511789.586999749] [controller_server]: Control loop missed its desired rate of 30.0000 Hz. Current loop rate is 16.6667 Hz.
[WARN] [1780511789.696270134] [controller_server]: Control loop missed its desired rate of 30.0000 Hz. Current loop rate is 25.0000 Hz.
[WARN] [1780511789.784776293] [controller_server]: Control loop missed its desired rate of 30.0000 Hz. Current loop rate is 16.6667 Hz.
[WARN] [1780511789.894788894] [controller_server]: Control loop missed its desired rate of 30.0000 Hz. Current loop rate is 20.0000 Hz.
[WARN] [1780511789.980472773] [controller_server]: Control loop missed its desired rate of 30.0000 Hz. Current loop rate is 20.0000 Hz.
[WARN] [1780511790.092433903] [controller_server]: Control loop missed its desired rate of 30.0000 Hz. Current loop rate is 20.0000 Hz.
[WARN] [1780511790.185551163] [controller_server]: Control loop missed its desired rate of 30.0000 Hz. Current loop rate is 16.6667 Hz.
[WARN] [1780511790.291841777] [controller_server]: Control loop missed its desired rate of 30.0000 Hz. Current loop rate is 33.3333 Hz.
[WARN] [1780511790.373214680] [controller_server]: Control loop missed its desired rate of 30.0000 Hz. Current loop rate is 20.0000 Hz.
[WARN] [1780511790.473536609] [controller_server]: Control loop missed its desired rate of 30.0000 Hz. Current loop rate is 25.0000 Hz.
[WARN] [1780511790.790485996] [planner_server]: Planner loop missed its desired rate of 999999999.0000 Hz. Current loop rate is 2.2727 Hz
[INFO] [1780511790.840540031] [controller_server]: Passing new path to controller.
[WARN] [1780511791.175638574] [controller_server]: Control loop missed its desired rate of 30.0000 Hz. Current loop rate is 25.0000 Hz.
[WARN] [1780511792.329904562] [planner_server]: Planner loop missed its desired rate of 999999999.0000 Hz. Current loop rate is 1.9231 Hz
[INFO] [1780511792.375767771] [controller_server]: Passing new path to controller.
[WARN] [1780511793.777488207] [planner_server]: Planner loop missed its desired rate of 999999999.0000 Hz. Current loop rate is 2.3810 Hz
[INFO] [1780511793.809098860] [controller_server]: Passing new path to controller.
[WARN] [1780511795.377610868] [planner_server]: Planner loop missed its desired rate of 999999999.0000 Hz. Current loop rate is 1.6949 Hz
[INFO] [1780511795.409100088] [controller_server]: Passing new path to controller.
[WARN] [1780511796.757275165] [planner_server]: Planner loop missed its desired rate of 999999999.0000 Hz. Current loop rate is 2.7027 Hz
[INFO] [1780511796.775766495] [controller_server]: Passing new path to controller.
[WARN] [1780511798.197443658] [planner_server]: Planner loop missed its desired rate of 999999999.0000 Hz. Current loop rate is 2.2727 Hz
[INFO] [1780511798.242445158] [controller_server]: Passing new path to controller.
[WARN] [1780511799.872420150] [planner_server]: Planner loop missed its desired rate of 999999999.0000 Hz. Current loop rate is 1.5152 Hz
[INFO] [1780511799.909314389] [controller_server]: Passing new path to controller.
[WARN] [1780511801.414155575] [planner_server]: Planner loop missed its desired rate of 999999999.0000 Hz. Current loop rate is 1.9231 Hz
[INFO] [1780511801.442437366] [controller_server]: Passing new path to controller.
[WARN] [1780511802.817030625] [planner_server]: Planner loop missed its desired rate of 999999999.0000 Hz. Current loop rate is 2.5641 Hz
[INFO] [1780511802.842444120] [controller_server]: Passing new path to controller.
[WARN] [1780511803.683194973] [controller_server]: Control loop missed its desired rate of 30.0000 Hz. Current loop rate is 25.0000 Hz.
[WARN] [1780511804.255311592] [planner_server]: Planner loop missed its desired rate of 999999999.0000 Hz. Current loop rate is 2.3256 Hz
[INFO] [1780511804.283309998] [controller_server]: Passing new path to controller.
[WARN] [1780511805.792385078] [planner_server]: Planner loop missed its desired rate of 999999999.0000 Hz. Current loop rate is 1.9231 Hz
[INFO] [1780511805.816649008] [controller_server]: Passing new path to controller.
[WARN] [1780511805.887803480] [controller_server]: Control loop missed its desired rate of 30.0000 Hz. Current loop rate is 33.3333 Hz.
[WARN] [1780511807.248186851] [planner_server]: Planner loop missed its desired rate of 999999999.0000 Hz. Current loop rate is 2.2727 Hz
[INFO] [1780511807.287929098] [controller_server]: Passing new path to controller.
[WARN] [1780511808.664237541] [planner_server]: Planner loop missed its desired rate of 999999999.0000 Hz. Current loop rate is 2.5000 Hz
[INFO] [1780511808.687928023] [controller_server]: Passing new path to controller.
[WARN] [1780511810.131251157] [planner_server]: Planner loop missed its desired rate of 999999999.0000 Hz. Current loop rate is 2.2222 Hz
[INFO] [1780511810.154593680] [controller_server]: Passing new path to controller.
[WARN] [1780511811.528898606] [planner_server]: Planner loop missed its desired rate of 999999999.0000 Hz. Current loop rate is 2.7027 Hz
[INFO] [1780511811.554612939] [controller_server]: Passing new path to controller.
[WARN] [1780511813.095065338] [planner_server]: Planner loop missed its desired rate of 999999999.0000 Hz. Current loop rate is 1.8182 Hz
[INFO] [1780511813.123479484] [controller_server]: Passing new path to controller.
[WARN] [1780511814.688053548] [controller_server]: Control loop missed its desired rate of 30.0000 Hz. Current loop rate is 33.3333 Hz.
[WARN] [1780511814.766939765] [planner_server]: Planner loop missed its desired rate of 999999999.0000 Hz. Current loop rate is 1.5152 Hz
[INFO] [1780511814.788178007] [controller_server]: Passing new path to controller.
[WARN] [1780511814.901912491] [controller_server]: Control loop missed its desired rate of 30.0000 Hz. Current loop rate is 20.0000 Hz.
[WARN] [1780511815.000906003] [controller_server]: Control loop missed its desired rate of 30.0000 Hz. Current loop rate is 12.5000 Hz.
[WARN] [1780511815.176702258] [controller_server]: Control loop missed its desired rate of 30.0000 Hz. Current loop rate is 25.0000 Hz.
[WARN] [1780511815.279413073] [controller_server]: Control loop missed its desired rate of 30.0000 Hz. Current loop rate is 25.0000 Hz.
[WARN] [1780511816.224636378] [planner_server]: Planner loop missed its desired rate of 999999999.0000 Hz. Current loop rate is 2.2222 Hz
[INFO] [1780511816.246207007] [controller_server]: Passing new path to controller.
[WARN] [1780511816.582812763] [controller_server]: Control loop missed its desired rate of 30.0000 Hz. Current loop rate is 25.0000 Hz.
[WARN] [1780511817.664261006] [planner_server]: Planner loop missed its desired rate of 999999999.0000 Hz. Current loop rate is 2.3256 Hz
[INFO] [1780511817.682948131] [controller_server]: Passing new path to controller.
[WARN] [1780511819.119694959] [planner_server]: Planner loop missed its desired rate of 999999999.0000 Hz. Current loop rate is 2.2222 Hz
[INFO] [1780511819.150224968] [controller_server]: Passing new path to controller.
[WARN] [1780511820.094392579] [controller_server]: Control loop missed its desired rate of 30.0000 Hz. Current loop rate is 25.0000 Hz.
[WARN] [1780511820.164266158] [controller_server]: Control loop missed its desired rate of 30.0000 Hz. Current loop rate is 25.0000 Hz.
[WARN] [1780511820.270866155] [controller_server]: Control loop missed its desired rate of 30.0000 Hz. Current loop rate is 25.0000 Hz.
[WARN] [1780511820.371311817] [controller_server]: Control loop missed its desired rate of 30.0000 Hz. Current loop rate is 25.0000 Hz.
[WARN] [1780511820.472477998] [controller_server]: Control loop missed its desired rate of 30.0000 Hz. Current loop rate is 25.0000 Hz.
[WARN] [1780511820.779753579] [planner_server]: Planner loop missed its desired rate of 999999999.0000 Hz. Current loop rate is 1.5385 Hz
[INFO] [1780511820.806662739] [controller_server]: Passing new path to controller.
[WARN] [1780511821.074683035] [controller_server]: Control loop missed its desired rate of 30.0000 Hz. Current loop rate is 25.0000 Hz.
[WARN] [1780511821.481609532] [controller_server]: Control loop missed its desired rate of 30.0000 Hz. Current loop rate is 20.0000 Hz.
[WARN] [1780511821.584295363] [controller_server]: Control loop missed its desired rate of 30.0000 Hz. Current loop rate is 33.3333 Hz.
[WARN] [1780511822.128792264] [planner_server]: Planner loop missed its desired rate of 999999999.0000 Hz. Current loop rate is 3.1250 Hz
[INFO] [1780511822.151470242] [controller_server]: Passing new path to controller.
[WARN] [1780511823.540547430] [planner_server]: Planner loop missed its desired rate of 999999999.0000 Hz. Current loop rate is 2.5641 Hz
[INFO] [1780511823.584411773] [controller_server]: Passing new path to controller.
[WARN] [1780511824.875351698] [planner_server]: Planner loop missed its desired rate of 999999999.0000 Hz. Current loop rate is 3.3333 Hz
[INFO] [1780511824.884417391] [controller_server]: Passing new path to controller.
[WARN] [1780511826.218227193] [planner_server]: Planner loop missed its desired rate of 999999999.0000 Hz. Current loop rate is 3.0303 Hz
[INFO] [1780511826.251090113] [controller_server]: Passing new path to controller.
[WARN] [1780511827.087004275] [controller_server]: Control loop missed its desired rate of 30.0000 Hz. Current loop rate is 33.3333 Hz.
[WARN] [1780511827.193833277] [controller_server]: Control loop missed its desired rate of 30.0000 Hz. Current loop rate is 25.0000 Hz.
[WARN] [1780511827.273184584] [controller_server]: Control loop missed its desired rate of 30.0000 Hz. Current loop rate is 20.0000 Hz.
[WARN] [1780511827.641477413] [planner_server]: Planner loop missed its desired rate of 999999999.0000 Hz. Current loop rate is 2.5000 Hz
[INFO] [1780511827.673321062] [controller_server]: Passing new path to controller.
[WARN] [1780511828.932412552] [planner_server]: Planner loop missed its desired rate of 999999999.0000 Hz. Current loop rate is 4.0000 Hz
[INFO] [1780511828.973313004] [controller_server]: Passing new path to controller.
[WARN] [1780511830.182239876] [controller_server]: Control loop missed its desired rate of 30.0000 Hz. Current loop rate is 20.0000 Hz.
[WARN] [1780511830.294548385] [planner_server]: Planner loop missed its desired rate of 999999999.0000 Hz. Current loop rate is 3.0303 Hz
[INFO] [1780511830.315698997] [controller_server]: Passing new path to controller.
[WARN] [1780511831.689545450] [planner_server]: Planner loop missed its desired rate of 999999999.0000 Hz. Current loop rate is 2.7027 Hz
[INFO] [1780511831.715715569] [controller_server]: Passing new path to controller.
[WARN] [1780511833.071180794] [planner_server]: Planner loop missed its desired rate of 999999999.0000 Hz. Current loop rate is 2.7778 Hz
[WARN] [1780511833.083091538] [controller_server]: Control loop missed its desired rate of 30.0000 Hz. Current loop rate is 33.3333 Hz.
[INFO] [1780511833.116530310] [controller_server]: Passing new path to controller.
[WARN] [1780511834.475969503] [planner_server]: Planner loop missed its desired rate of 999999999.0000 Hz. Current loop rate is 2.7027 Hz
[INFO] [1780511834.516580609] [controller_server]: Passing new path to controller.
[WARN] [1780511835.849458001] [planner_server]: Planner loop missed its desired rate of 999999999.0000 Hz. Current loop rate is 2.8571 Hz
[INFO] [1780511835.883212664] [controller_server]: Passing new path to controller.
[WARN] [1780511837.289531148] [planner_server]: Planner loop missed its desired rate of 999999999.0000 Hz. Current loop rate is 2.4390 Hz
[INFO] [1780511837.316483883] [controller_server]: Passing new path to controller.
[WARN] [1780511837.884492295] [controller_server]: Control loop missed its desired rate of 30.0000 Hz. Current loop rate is 33.3333 Hz.
[WARN] [1780511838.595650389] [planner_server]: Planner loop missed its desired rate of 999999999.0000 Hz. Current loop rate is 3.4483 Hz
[INFO] [1780511838.617952105] [controller_server]: Passing new path to controller.
[WARN] [1780511839.865322696] [planner_server]: Planner loop missed its desired rate of 999999999.0000 Hz. Current loop rate is 3.8462 Hz
[INFO] [1780511839.884610913] [controller_server]: Passing new path to controller.
[WARN] [1780511841.187638428] [planner_server]: Planner loop missed its desired rate of 999999999.0000 Hz. Current loop rate is 3.2258 Hz
[INFO] [1780511841.217950603] [controller_server]: Passing new path to controller.
[WARN] [1780511842.610497737] [planner_server]: Planner loop missed its desired rate of 999999999.0000 Hz. Current loop rate is 2.5000 Hz
[INFO] [1780511842.651286734] [controller_server]: Passing new path to controller.
[WARN] [1780511844.006874638] [planner_server]: Planner loop missed its desired rate of 999999999.0000 Hz. Current loop rate is 2.6316 Hz
[INFO] [1780511844.051296269] [controller_server]: Passing new path to controller.
[WARN] [1780511845.420351619] [planner_server]: Planner loop missed its desired rate of 999999999.0000 Hz. Current loop rate is 2.5641 Hz
[INFO] [1780511845.451895875] [controller_server]: Passing new path to controller.
[WARN] [1780511846.688655135] [planner_server]: Planner loop missed its desired rate of 999999999.0000 Hz. Current loop rate is 4.0000 Hz
[INFO] [1780511846.717950223] [controller_server]: Passing new path to controller.
[WARN] [1780511848.166725995] [planner_server]: Planner loop missed its desired rate of 999999999.0000 Hz. Current loop rate is 2.1739 Hz
[INFO] [1780511848.184614060] [controller_server]: Passing new path to controller.
[WARN] [1780511849.651122783] [planner_server]: Planner loop missed its desired rate of 999999999.0000 Hz. Current loop rate is 2.1739 Hz
[INFO] [1780511849.684626728] [controller_server]: Passing new path to controller.
[WARN] [1780511850.988586521] [planner_server]: Planner loop missed its desired rate of 999999999.0000 Hz. Current loop rate is 3.1250 Hz
[INFO] [1780511851.017949921] [controller_server]: Passing new path to controller.
[WARN] [1780511852.349977355] [planner_server]: Planner loop missed its desired rate of 999999999.0000 Hz. Current loop rate is 2.8571 Hz
[INFO] [1780511852.384622783] [controller_server]: Passing new path to controller.
[WARN] [1780511853.782285576] [planner_server]: Planner loop missed its desired rate of 999999999.0000 Hz. Current loop rate is 2.3810 Hz
[INFO] [1780511853.817952181] [controller_server]: Passing new path to controller.
[WARN] [1780511855.307961924] [planner_server]: Planner loop missed its desired rate of 999999999.0000 Hz. Current loop rate is 2.0000 Hz
[INFO] [1780511855.351297982] [controller_server]: Passing new path to controller.
[WARN] [1780511855.884940107] [controller_server]: Control loop missed its desired rate of 30.0000 Hz. Current loop rate is 25.0000 Hz.
[WARN] [1780511856.731943401] [planner_server]: Planner loop missed its desired rate of 999999999.0000 Hz. Current loop rate is 2.4390 Hz
[INFO] [1780511856.751737463] [controller_server]: Passing new path to controller.
[WARN] [1780511857.685266864] [controller_server]: Control loop missed its desired rate of 30.0000 Hz. Current loop rate is 25.0000 Hz.
[WARN] [1780511858.115289169] [planner_server]: Planner loop missed its desired rate of 999999999.0000 Hz. Current loop rate is 2.7778 Hz
[INFO] [1780511858.152049517] [controller_server]: Passing new path to controller.
[WARN] [1780511859.588475648] [planner_server]: Planner loop missed its desired rate of 999999999.0000 Hz. Current loop rate is 2.1739 Hz
[INFO] [1780511859.618721063] [controller_server]: Passing new path to controller.
[WARN] [1780511860.887656835] [planner_server]: Planner loop missed its desired rate of 999999999.0000 Hz. Current loop rate is 3.5714 Hz
[INFO] [1780511860.918714923] [controller_server]: Passing new path to controller.
[WARN] [1780511862.221329230] [planner_server]: Planner loop missed its desired rate of 999999999.0000 Hz. Current loop rate is 3.1250 Hz
[INFO] [1780511862.252051130] [controller_server]: Passing new path to controller.
[WARN] [1780511863.716275652] [planner_server]: Planner loop missed its desired rate of 999999999.0000 Hz. Current loop rate is 2.0833 Hz
[INFO] [1780511863.754888329] [controller_server]: Passing new path to controller.
[WARN] [1780511865.180064825] [planner_server]: Planner loop missed its desired rate of 999999999.0000 Hz. Current loop rate is 2.2727 Hz
[INFO] [1780511865.218725661] [controller_server]: Passing new path to controller.
[WARN] [1780511866.613878472] [planner_server]: Planner loop missed its desired rate of 999999999.0000 Hz. Current loop rate is 2.3810 Hz
[INFO] [1780511866.652097466] [controller_server]: Passing new path to controller.
[WARN] [1780511867.954996614] [planner_server]: Planner loop missed its desired rate of 999999999.0000 Hz. Current loop rate is 3.2258 Hz
[INFO] [1780511867.987493394] [controller_server]: Passing new path to controller.
[WARN] [1780511869.374824972] [planner_server]: Planner loop missed its desired rate of 999999999.0000 Hz. Current loop rate is 2.5000 Hz
[INFO] [1780511869.419739860] [controller_server]: Passing new path to controller.
[WARN] [1780511870.716203961] [planner_server]: Planner loop missed its desired rate of 999999999.0000 Hz. Current loop rate is 3.1250 Hz
[INFO] [1780511870.752063539] [controller_server]: Passing new path to controller.
[WARN] [1780511870.892194510] [controller_server]: Control loop missed its desired rate of 30.0000 Hz. Current loop rate is 25.0000 Hz.
[WARN] [1780511870.978515450] [controller_server]: Control loop missed its desired rate of 30.0000 Hz. Current loop rate is 25.0000 Hz.
[WARN] [1780511872.042123381] [planner_server]: Planner loop missed its desired rate of 999999999.0000 Hz. Current loop rate is 3.3333 Hz
[INFO] [1780511872.079081083] [controller_server]: Passing new path to controller.
[WARN] [1780511873.400200671] [planner_server]: Planner loop missed its desired rate of 999999999.0000 Hz. Current loop rate is 2.9412 Hz
[INFO] [1780511873.445785767] [controller_server]: Passing new path to controller.
[WARN] [1780511874.635308562] [planner_server]: Planner loop missed its desired rate of 999999999.0000 Hz. Current loop rate is 4.7619 Hz
[INFO] [1780511874.679086864] [controller_server]: Passing new path to controller.
[WARN] [1780511875.913131832] [planner_server]: Planner loop missed its desired rate of 999999999.0000 Hz. Current loop rate is 3.8462 Hz
[INFO] [1780511875.945748765] [controller_server]: Passing new path to controller.
[WARN] [1780511877.043584039] [planner_server]: Planner loop missed its desired rate of 999999999.0000 Hz. Current loop rate is 9.0909 Hz
[INFO] [1780511877.079091994] [controller_server]: Passing new path to controller.
[WARN] [1780511878.128107783] [planner_server]: Planner loop missed its desired rate of 999999999.0000 Hz. Current loop rate is 14.2857 Hz
[INFO] [1780511878.145754518] [controller_server]: Passing new path to controller.
[WARN] [1780511879.144037025] [planner_server]: Planner loop missed its desired rate of 999999999.0000 Hz. Current loop rate is 100.0000 Hz
[INFO] [1780511879.179086476] [controller_server]: Passing new path to controller.
[INFO] [1780511880.212421228] [controller_server]: Passing new path to controller.
[INFO] [1780511881.212421993] [controller_server]: Passing new path to controller.
[WARN] [1780511882.182327997] [controller_server]: Control loop missed its desired rate of 30.0000 Hz. Current loop rate is 25.0000 Hz.
[INFO] [1780511882.249135555] [controller_server]: Passing new path to controller.
[INFO] [1780511883.249127415] [controller_server]: Passing new path to controller.
[INFO] [1780511884.316711289] [controller_server]: Passing new path to controller.
[WARN] [1780511885.357014131] [planner_server]: Planner loop missed its desired rate of 999999999.0000 Hz. Current loop rate is 16.6667 Hz
[INFO] [1780511885.382484478] [controller_server]: Passing new path to controller.
[WARN] [1780511886.382021886] [planner_server]: Planner loop missed its desired rate of 999999999.0000 Hz. Current loop rate is 100.0000 Hz
[INFO] [1780511886.415803205] [controller_server]: Passing new path to controller.
[INFO] [1780511886.496780508] [controller_server]: Reached the goal!
[INFO] [1780511886.497418968] [controller_server]: Optimizer reset
[ERROR] [1780511886.529887202] [bt_navigator_navigate_to_pose_rclcpp_node]: Failed to get result for vlm_node/query_bool in node halt!
[INFO] [1780511886.530482385] [bt_navigator]: Goal succeeded
[INFO] [1780511896.563861676] [local_costmap.local_costmap]: Received request to clear entirely the local_costmap
[INFO] [1780511896.570829022] [global_costmap.global_costmap]: Received request to clear entirely the global_costmap
[INFO] [1780511896.589939846] [bt_navigator]: Begin navigating from current location (-7.95, -52.34) to (-35.50, -36.70)
[WARN] [1780511897.042989729] [planner_server]: Planner loop missed its desired rate of 999999999.0000 Hz. Current loop rate is 2.2222 Hz
[INFO] [1780511897.062112897] [controller_server]: Received a goal, begin computing control effort.
[WARN] [1780511897.465660788] [controller_server]: Control loop missed its desired rate of 30.0000 Hz. Current loop rate is 25.0000 Hz.
[WARN] [1780511898.100700386] [planner_server]: Planner loop missed its desired rate of 999999999.0000 Hz. Current loop rate is 50.0000 Hz
[INFO] [1780511898.132450024] [controller_server]: Passing new path to controller.
[WARN] [1780511899.146650878] [planner_server]: Planner loop missed its desired rate of 999999999.0000 Hz. Current loop rate is 50.0000 Hz
[INFO] [1780511899.166781812] [controller_server]: Passing new path to controller.
[WARN] [1780511900.194122637] [planner_server]: Planner loop missed its desired rate of 999999999.0000 Hz. Current loop rate is 33.3333 Hz
[INFO] [1780511900.232484116] [controller_server]: Passing new path to controller.
[WARN] [1780511901.235796695] [planner_server]: Planner loop missed its desired rate of 999999999.0000 Hz. Current loop rate is 33.3333 Hz
[WARN] [1780511901.265978457] [controller_server]: Control loop missed its desired rate of 30.0000 Hz. Current loop rate is 33.3333 Hz.
[INFO] [1780511901.266030867] [controller_server]: Passing new path to controller.
[WARN] [1780511901.466504982] [controller_server]: Control loop missed its desired rate of 30.0000 Hz. Current loop rate is 33.3333 Hz.
[WARN] [1780511901.569329701] [controller_server]: Control loop missed its desired rate of 30.0000 Hz. Current loop rate is 33.3333 Hz.
[WARN] [1780511901.676042308] [controller_server]: Control loop missed its desired rate of 30.0000 Hz. Current loop rate is 25.0000 Hz.
[WARN] [1780511902.271894519] [planner_server]: Planner loop missed its desired rate of 999999999.0000 Hz. Current loop rate is 33.3333 Hz
[INFO] [1780511902.309512304] [controller_server]: Passing new path to controller.
[WARN] [1780511903.361608595] [planner_server]: Planner loop missed its desired rate of 999999999.0000 Hz. Current loop rate is 12.5000 Hz
[INFO] [1780511903.409487997] [controller_server]: Passing new path to controller.
[WARN] [1780511904.408400664] [planner_server]: Planner loop missed its desired rate of 999999999.0000 Hz. Current loop rate is 100.0000 Hz
[INFO] [1780511904.442830091] [controller_server]: Passing new path to controller.
[WARN] [1780511905.450116617] [planner_server]: Planner loop missed its desired rate of 999999999.0000 Hz. Current loop rate is 50.0000 Hz
[INFO] [1780511905.476154304] [controller_server]: Passing new path to controller.
[WARN] [1780511906.488801940] [planner_server]: Planner loop missed its desired rate of 999999999.0000 Hz. Current loop rate is 50.0000 Hz
[INFO] [1780511906.509492679] [controller_server]: Passing new path to controller.
[WARN] [1780511907.524264872] [planner_server]: Planner loop missed its desired rate of 999999999.0000 Hz. Current loop rate is 33.3333 Hz
[INFO] [1780511907.542833790] [controller_server]: Passing new path to controller.
[WARN] [1780511908.574095011] [planner_server]: Planner loop missed its desired rate of 999999999.0000 Hz. Current loop rate is 33.3333 Hz
[INFO] [1780511908.609488224] [controller_server]: Passing new path to controller.
[WARN] [1780511909.624975772] [planner_server]: Planner loop missed its desired rate of 999999999.0000 Hz. Current loop rate is 25.0000 Hz
[INFO] [1780511909.642825384] [controller_server]: Passing new path to controller.
[WARN] [1780511910.657599565] [planner_server]: Planner loop missed its desired rate of 999999999.0000 Hz. Current loop rate is 50.0000 Hz
[INFO] [1780511910.676161621] [controller_server]: Passing new path to controller.
[WARN] [1780511911.700198255] [planner_server]: Planner loop missed its desired rate of 999999999.0000 Hz. Current loop rate is 50.0000 Hz
[INFO] [1780511911.742821261] [controller_server]: Passing new path to controller.
[WARN] [1780511912.751868223] [planner_server]: Planner loop missed its desired rate of 999999999.0000 Hz. Current loop rate is 25.0000 Hz
[INFO] [1780511912.776167208] [controller_server]: Passing new path to controller.
[WARN] [1780511913.786898540] [planner_server]: Planner loop missed its desired rate of 999999999.0000 Hz. Current loop rate is 50.0000 Hz
[INFO] [1780511913.809502163] [controller_server]: Passing new path to controller.
[WARN] [1780511914.853724864] [planner_server]: Planner loop missed its desired rate of 999999999.0000 Hz. Current loop rate is 20.0000 Hz
[INFO] [1780511914.876161708] [controller_server]: Passing new path to controller.
[WARN] [1780511915.881550656] [planner_server]: Planner loop missed its desired rate of 999999999.0000 Hz. Current loop rate is 100.0000 Hz
[INFO] [1780511915.909484917] [controller_server]: Passing new path to controller.
[WARN] [1780511916.918218589] [planner_server]: Planner loop missed its desired rate of 999999999.0000 Hz. Current loop rate is 100.0000 Hz
[INFO] [1780511916.942823791] [controller_server]: Passing new path to controller.
[INFO] [1780511917.942832919] [controller_server]: Passing new path to controller.
[WARN] [1780511918.966255395] [planner_server]: Planner loop missed its desired rate of 999999999.0000 Hz. Current loop rate is 50.0000 Hz
[INFO] [1780511919.009488739] [controller_server]: Passing new path to controller.
[WARN] [1780511919.680883285] [controller_server]: Control loop missed its desired rate of 30.0000 Hz. Current loop rate is 25.0000 Hz.
[WARN] [1780511920.001640565] [planner_server]: Planner loop missed its desired rate of 999999999.0000 Hz. Current loop rate is 100.0000 Hz
[INFO] [1780511920.047677936] [controller_server]: Passing new path to controller.
[WARN] [1780511921.042935160] [planner_server]: Planner loop missed its desired rate of 999999999.0000 Hz. Current loop rate is 50.0000 Hz
[INFO] [1780511921.081013396] [controller_server]: Passing new path to controller.
[WARN] [1780511921.196056681] [controller_server]: Control loop missed its desired rate of 30.0000 Hz. Current loop rate is 20.0000 Hz.
[WARN] [1780511921.274218788] [controller_server]: Control loop missed its desired rate of 30.0000 Hz. Current loop rate is 16.6667 Hz.
[WARN] [1780511921.576047556] [controller_server]: Control loop missed its desired rate of 30.0000 Hz. Current loop rate is 25.0000 Hz.
[WARN] [1780511922.076519441] [controller_server]: Control loop missed its desired rate of 30.0000 Hz. Current loop rate is 33.3333 Hz.
[WARN] [1780511922.078178196] [planner_server]: Planner loop missed its desired rate of 999999999.0000 Hz. Current loop rate is 100.0000 Hz
[INFO] [1780511922.109978164] [controller_server]: Passing new path to controller.
[WARN] [1780511922.180426356] [controller_server]: Control loop missed its desired rate of 30.0000 Hz. Current loop rate is 33.3333 Hz.
[WARN] [1780511922.483903416] [controller_server]: Control loop missed its desired rate of 30.0000 Hz. Current loop rate is 25.0000 Hz.
[WARN] [1780511923.096684174] [planner_server]: Planner loop missed its desired rate of 999999999.0000 Hz. Current loop rate is 100.0000 Hz
[INFO] [1780511923.117471593] [controller_server]: Passing new path to controller.
[WARN] [1780511923.698777407] [controller_server]: Control loop missed its desired rate of 30.0000 Hz. Current loop rate is 20.0000 Hz.
[WARN] [1780511923.781222402] [controller_server]: Control loop missed its desired rate of 30.0000 Hz. Current loop rate is 20.0000 Hz.
[WARN] [1780511923.886525944] [controller_server]: Control loop missed its desired rate of 30.0000 Hz. Current loop rate is 25.0000 Hz.
[WARN] [1780511924.119518334] [planner_server]: Planner loop missed its desired rate of 999999999.0000 Hz. Current loop rate is 100.0000 Hz
[INFO] [1780511924.153418346] [controller_server]: Passing new path to controller.
[WARN] [1780511925.090202109] [controller_server]: Control loop missed its desired rate of 30.0000 Hz. Current loop rate is 33.3333 Hz.
[WARN] [1780511925.148629599] [planner_server]: Planner loop missed its desired rate of 999999999.0000 Hz. Current loop rate is 100.0000 Hz
[INFO] [1780511925.190323878] [controller_server]: Passing new path to controller.
[WARN] [1780511925.294782729] [controller_server]: Control loop missed its desired rate of 30.0000 Hz. Current loop rate is 25.0000 Hz.
[WARN] [1780511925.477735015] [controller_server]: Control loop missed its desired rate of 30.0000 Hz. Current loop rate is 20.0000 Hz.
[WARN] [1780511925.584907187] [controller_server]: Control loop missed its desired rate of 30.0000 Hz. Current loop rate is 25.0000 Hz.
[WARN] [1780511925.694731440] [controller_server]: Control loop missed its desired rate of 30.0000 Hz. Current loop rate is 20.0000 Hz.
[WARN] [1780511925.783666306] [controller_server]: Control loop missed its desired rate of 30.0000 Hz. Current loop rate is 14.2857 Hz.
[WARN] [1780511926.173099900] [planner_server]: Planner loop missed its desired rate of 999999999.0000 Hz. Current loop rate is 100.0000 Hz
[WARN] [1780511926.185210711] [controller_server]: Control loop missed its desired rate of 30.0000 Hz. Current loop rate is 25.0000 Hz.
[INFO] [1780511926.218661133] [controller_server]: Passing new path to controller.
[WARN] [1780511926.296633272] [controller_server]: Control loop missed its desired rate of 30.0000 Hz. Current loop rate is 20.0000 Hz.
[WARN] [1780511926.466326673] [controller_server]: Control loop missed its desired rate of 30.0000 Hz. Current loop rate is 25.0000 Hz.
[WARN] [1780511926.576783421] [controller_server]: Control loop missed its desired rate of 30.0000 Hz. Current loop rate is 20.0000 Hz.
[INFO] [1780511926.673654832] [controller_server]: Reached the goal!
[INFO] [1780511926.674025979] [controller_server]: Optimizer reset
[ERROR] [1780511926.712804975] [bt_navigator_navigate_to_pose_rclcpp_node]: Failed to get result for vlm_node/query_bool in node halt!
[INFO] [1780511926.713469759] [bt_navigator]: Goal succeeded
[INFO] [1780511936.717605214] [local_costmap.local_costmap]: Received request to clear entirely the local_costmap
[INFO] [1780511936.722005157] [global_costmap.global_costmap]: Received request to clear entirely the global_costmap
[INFO] [1780511936.746197819] [bt_navigator]: Begin navigating from current location (-35.51, -36.67) to (39.00, 26.65)
[WARN] [1780511937.282789217] [planner_server]: Planner loop missed its desired rate of 999999999.0000 Hz. Current loop rate is 1.8519 Hz
[INFO] [1780511937.298534786] [controller_server]: Received a goal, begin computing control effort.
[WARN] [1780511937.769519911] [controller_server]: Control loop missed its desired rate of 30.0000 Hz. Current loop rate is 25.0000 Hz.
[WARN] [1780511937.981515015] [controller_server]: Control loop missed its desired rate of 30.0000 Hz. Current loop rate is 20.0000 Hz.
[WARN] [1780511938.557040886] [planner_server]: Planner loop missed its desired rate of 999999999.0000 Hz. Current loop rate is 4.0000 Hz
[INFO] [1780511938.581656493] [controller_server]: Passing new path to controller.
[WARN] [1780511938.983108323] [controller_server]: Control loop missed its desired rate of 30.0000 Hz. Current loop rate is 25.0000 Hz.
[WARN] [1780511939.589160102] [controller_server]: Control loop missed its desired rate of 30.0000 Hz. Current loop rate is 20.0000 Hz.
[WARN] [1780511939.812881021] [planner_server]: Planner loop missed its desired rate of 999999999.0000 Hz. Current loop rate is 4.5455 Hz
[INFO] [1780511939.856008311] [controller_server]: Passing new path to controller.
[WARN] [1780511941.061340217] [planner_server]: Planner loop missed its desired rate of 999999999.0000 Hz. Current loop rate is 4.3478 Hz
[INFO] [1780511941.089290202] [controller_server]: Passing new path to controller.
[WARN] [1780511942.266306385] [planner_server]: Planner loop missed its desired rate of 999999999.0000 Hz. Current loop rate is 5.5556 Hz
[INFO] [1780511942.289285460] [controller_server]: Passing new path to controller.
[WARN] [1780511943.191773183] [controller_server]: Control loop missed its desired rate of 30.0000 Hz. Current loop rate is 25.0000 Hz.
[WARN] [1780511943.278033834] [controller_server]: Control loop missed its desired rate of 30.0000 Hz. Current loop rate is 20.0000 Hz.
[WARN] [1780511943.378311921] [controller_server]: Control loop missed its desired rate of 30.0000 Hz. Current loop rate is 25.0000 Hz.
[INFO] [1780511943.446459469] [collision_monitor]: Robot to approach for 1.700000 seconds away from collision
[WARN] [1780511943.447850522] [planner_server]: Planner loop missed its desired rate of 999999999.0000 Hz. Current loop rate is 6.2500 Hz
[INFO] [1780511943.478424508] [controller_server]: Passing new path to controller.
[INFO] [1780511943.496237774] [collision_monitor]: Robot to continue normal operation
[WARN] [1780511944.079790838] [controller_server]: Control loop missed its desired rate of 30.0000 Hz. Current loop rate is 25.0000 Hz.
[WARN] [1780511944.181322922] [controller_server]: Control loop missed its desired rate of 30.0000 Hz. Current loop rate is 33.3333 Hz.
[WARN] [1780511944.500400597] [controller_server]: Control loop missed its desired rate of 30.0000 Hz. Current loop rate is 20.0000 Hz.
[WARN] [1780511944.572032119] [controller_server]: Control loop missed its desired rate of 30.0000 Hz. Current loop rate is 25.0000 Hz.
[WARN] [1780511944.636858848] [planner_server]: Planner loop missed its desired rate of 999999999.0000 Hz. Current loop rate is 6.6667 Hz
[WARN] [1780511944.673986300] [controller_server]: Control loop missed its desired rate of 30.0000 Hz. Current loop rate is 25.0000 Hz.
[INFO] [1780511944.674042106] [controller_server]: Passing new path to controller.
[WARN] [1780511944.777958919] [controller_server]: Control loop missed its desired rate of 30.0000 Hz. Current loop rate is 25.0000 Hz.
[WARN] [1780511944.983983618] [controller_server]: Control loop missed its desired rate of 30.0000 Hz. Current loop rate is 20.0000 Hz.
[WARN] [1780511945.186278904] [controller_server]: Control loop missed its desired rate of 30.0000 Hz. Current loop rate is 25.0000 Hz.
[WARN] [1780511945.287750746] [controller_server]: Control loop missed its desired rate of 30.0000 Hz. Current loop rate is 33.3333 Hz.
[WARN] [1780511945.393493865] [controller_server]: Control loop missed its desired rate of 30.0000 Hz. Current loop rate is 25.0000 Hz.
[WARN] [1780511945.482494736] [controller_server]: Control loop missed its desired rate of 30.0000 Hz. Current loop rate is 20.0000 Hz.
[WARN] [1780511945.590286272] [controller_server]: Control loop missed its desired rate of 30.0000 Hz. Current loop rate is 25.0000 Hz.
[WARN] [1780511945.826095498] [planner_server]: Planner loop missed its desired rate of 999999999.0000 Hz. Current loop rate is 6.2500 Hz
[INFO] [1780511945.857080043] [controller_server]: Passing new path to controller.
[WARN] [1780511947.001402492] [planner_server]: Planner loop missed its desired rate of 999999999.0000 Hz. Current loop rate is 6.6667 Hz
[INFO] [1780511947.023747951] [controller_server]: Passing new path to controller.
[WARN] [1780511947.958694654] [controller_server]: Control loop missed its desired rate of 30.0000 Hz. Current loop rate is 33.3333 Hz.
[WARN] [1780511948.080312430] [controller_server]: Control loop missed its desired rate of 30.0000 Hz. Current loop rate is 20.0000 Hz.
[WARN] [1780511948.201538458] [planner_server]: Planner loop missed its desired rate of 999999999.0000 Hz. Current loop rate is 5.8824 Hz
[INFO] [1780511948.247126496] [controller_server]: Passing new path to controller.
[WARN] [1780511948.784342004] [controller_server]: Control loop missed its desired rate of 30.0000 Hz. Current loop rate is 20.0000 Hz.
[WARN] [1780511949.374847562] [planner_server]: Planner loop missed its desired rate of 999999999.0000 Hz. Current loop rate is 6.2500 Hz
[INFO] [1780511949.384472402] [controller_server]: Passing new path to controller.
[WARN] [1780511950.506844701] [planner_server]: Planner loop missed its desired rate of 999999999.0000 Hz. Current loop rate is 8.3333 Hz
[INFO] [1780511950.551143014] [controller_server]: Passing new path to controller.
[WARN] [1780511951.662424894] [planner_server]: Planner loop missed its desired rate of 999999999.0000 Hz. Current loop rate is 7.6923 Hz
[INFO] [1780511951.684470026] [controller_server]: Passing new path to controller.
[WARN] [1780511952.768592239] [planner_server]: Planner loop missed its desired rate of 999999999.0000 Hz. Current loop rate is 11.1111 Hz
[INFO] [1780511952.817812634] [controller_server]: Passing new path to controller.
[WARN] [1780511953.938716246] [planner_server]: Planner loop missed its desired rate of 999999999.0000 Hz. Current loop rate is 6.6667 Hz
[INFO] [1780511953.984482779] [controller_server]: Passing new path to controller.
[WARN] [1780511955.054155756] [planner_server]: Planner loop missed its desired rate of 999999999.0000 Hz. Current loop rate is 11.1111 Hz
[INFO] [1780511955.084482944] [controller_server]: Passing new path to controller.
[WARN] [1780511956.147251408] [planner_server]: Planner loop missed its desired rate of 999999999.0000 Hz. Current loop rate is 12.5000 Hz
[INFO] [1780511956.184485793] [controller_server]: Passing new path to controller.
[WARN] [1780511957.248954063] [planner_server]: Planner loop missed its desired rate of 999999999.0000 Hz. Current loop rate is 12.5000 Hz
[INFO] [1780511957.284469127] [controller_server]: Passing new path to controller.
[WARN] [1780511958.343103573] [planner_server]: Planner loop missed its desired rate of 999999999.0000 Hz. Current loop rate is 12.5000 Hz
[INFO] [1780511958.384476234] [controller_server]: Passing new path to controller.
[WARN] [1780511959.441080582] [planner_server]: Planner loop missed its desired rate of 999999999.0000 Hz. Current loop rate is 12.5000 Hz
[INFO] [1780511959.484482930] [controller_server]: Passing new path to controller.
[WARN] [1780511960.527696233] [planner_server]: Planner loop missed its desired rate of 999999999.0000 Hz. Current loop rate is 14.2857 Hz
[INFO] [1780511960.551133968] [controller_server]: Passing new path to controller.
[WARN] [1780511961.624813289] [planner_server]: Planner loop missed its desired rate of 999999999.0000 Hz. Current loop rate is 14.2857 Hz
[INFO] [1780511961.651136492] [controller_server]: Passing new path to controller.
[WARN] [1780511962.714251936] [planner_server]: Planner loop missed its desired rate of 999999999.0000 Hz. Current loop rate is 14.2857 Hz
[INFO] [1780511962.751138244] [controller_server]: Passing new path to controller.
[WARN] [1780511963.794913034] [planner_server]: Planner loop missed its desired rate of 999999999.0000 Hz. Current loop rate is 14.2857 Hz
[INFO] [1780511963.817805969] [controller_server]: Passing new path to controller.
[WARN] [1780511964.911172694] [planner_server]: Planner loop missed its desired rate of 999999999.0000 Hz. Current loop rate is 10.0000 Hz
[INFO] [1780511964.951136753] [controller_server]: Passing new path to controller.
[WARN] [1780511965.986622320] [planner_server]: Planner loop missed its desired rate of 999999999.0000 Hz. Current loop rate is 20.0000 Hz
[INFO] [1780511966.017808346] [controller_server]: Passing new path to controller.
[WARN] [1780511967.068198475] [planner_server]: Planner loop missed its desired rate of 999999999.0000 Hz. Current loop rate is 16.6667 Hz
[INFO] [1780511967.117806597] [controller_server]: Passing new path to controller.
[WARN] [1780511968.154822670] [planner_server]: Planner loop missed its desired rate of 999999999.0000 Hz. Current loop rate is 16.6667 Hz
[INFO] [1780511968.184474853] [controller_server]: Passing new path to controller.
[WARN] [1780511969.223224268] [planner_server]: Planner loop missed its desired rate of 999999999.0000 Hz. Current loop rate is 20.0000 Hz
[INFO] [1780511969.251369651] [controller_server]: Passing new path to controller.
[WARN] [1780511970.285100094] [planner_server]: Planner loop missed its desired rate of 999999999.0000 Hz. Current loop rate is 20.0000 Hz
[INFO] [1780511970.317810074] [controller_server]: Passing new path to controller.
[WARN] [1780511971.406883164] [planner_server]: Planner loop missed its desired rate of 999999999.0000 Hz. Current loop rate is 9.0909 Hz
[INFO] [1780511971.451151073] [controller_server]: Passing new path to controller.
[WARN] [1780511972.475540314] [planner_server]: Planner loop missed its desired rate of 999999999.0000 Hz. Current loop rate is 20.0000 Hz
[INFO] [1780511972.517812903] [controller_server]: Passing new path to controller.
[WARN] [1780511973.543567101] [planner_server]: Planner loop missed its desired rate of 999999999.0000 Hz. Current loop rate is 16.6667 Hz
[INFO] [1780511973.584478212] [controller_server]: Passing new path to controller.
[WARN] [1780511974.618565797] [planner_server]: Planner loop missed its desired rate of 999999999.0000 Hz. Current loop rate is 16.6667 Hz
[INFO] [1780511974.651146961] [controller_server]: Passing new path to controller.
[WARN] [1780511975.671923443] [planner_server]: Planner loop missed its desired rate of 999999999.0000 Hz. Current loop rate is 25.0000 Hz
[INFO] [1780511975.718015756] [controller_server]: Passing new path to controller.
[WARN] [1780511976.727037173] [planner_server]: Planner loop missed its desired rate of 999999999.0000 Hz. Current loop rate is 25.0000 Hz
[INFO] [1780511976.751141025] [controller_server]: Passing new path to controller.
[WARN] [1780511977.766267036] [planner_server]: Planner loop missed its desired rate of 999999999.0000 Hz. Current loop rate is 33.3333 Hz
[INFO] [1780511977.817803426] [controller_server]: Passing new path to controller.
[WARN] [1780511978.869546166] [planner_server]: Planner loop missed its desired rate of 999999999.0000 Hz. Current loop rate is 12.5000 Hz
[INFO] [1780511978.917807179] [controller_server]: Passing new path to controller.
[WARN] [1780511979.925342589] [planner_server]: Planner loop missed its desired rate of 999999999.0000 Hz. Current loop rate is 33.3333 Hz
[INFO] [1780511979.951137667] [controller_server]: Passing new path to controller.
[WARN] [1780511980.963112215] [planner_server]: Planner loop missed its desired rate of 999999999.0000 Hz. Current loop rate is 33.3333 Hz
[INFO] [1780511980.984471016] [controller_server]: Passing new path to controller.
[WARN] [1780511982.011159300] [planner_server]: Planner loop missed its desired rate of 999999999.0000 Hz. Current loop rate is 25.0000 Hz
[INFO] [1780511982.051141854] [controller_server]: Passing new path to controller.
[WARN] [1780511983.051602269] [planner_server]: Planner loop missed its desired rate of 999999999.0000 Hz. Current loop rate is 50.0000 Hz
[INFO] [1780511983.084487623] [controller_server]: Passing new path to controller.
[WARN] [1780511984.115600491] [planner_server]: Planner loop missed its desired rate of 999999999.0000 Hz. Current loop rate is 25.0000 Hz
[INFO] [1780511984.151138939] [controller_server]: Passing new path to controller.
[WARN] [1780511984.588919953] [controller_server]: Control loop missed its desired rate of 30.0000 Hz. Current loop rate is 33.3333 Hz.
[WARN] [1780511984.770136671] [controller_server]: Control loop missed its desired rate of 30.0000 Hz. Current loop rate is 25.0000 Hz.
[WARN] [1780511985.164281335] [planner_server]: Planner loop missed its desired rate of 999999999.0000 Hz. Current loop rate is 50.0000 Hz
[INFO] [1780511985.170249804] [controller_server]: Passing new path to controller.
[WARN] [1780511985.275068305] [controller_server]: Control loop missed its desired rate of 30.0000 Hz. Current loop rate is 33.3333 Hz.
[WARN] [1780511986.211348775] [planner_server]: Planner loop missed its desired rate of 999999999.0000 Hz. Current loop rate is 25.0000 Hz
[INFO] [1780511986.242262682] [controller_server]: Passing new path to controller.
[WARN] [1780511987.262845669] [planner_server]: Planner loop missed its desired rate of 999999999.0000 Hz. Current loop rate is 33.3333 Hz
[INFO] [1780511987.308955130] [controller_server]: Passing new path to controller.
[WARN] [1780511988.312179910] [planner_server]: Planner loop missed its desired rate of 999999999.0000 Hz. Current loop rate is 50.0000 Hz
[INFO] [1780511988.342266568] [controller_server]: Passing new path to controller.
[WARN] [1780511989.357923380] [planner_server]: Planner loop missed its desired rate of 999999999.0000 Hz. Current loop rate is 33.3333 Hz
[INFO] [1780511989.408951867] [controller_server]: Passing new path to controller.
[WARN] [1780511990.429731614] [planner_server]: Planner loop missed its desired rate of 999999999.0000 Hz. Current loop rate is 25.0000 Hz
[INFO] [1780511990.475603335] [controller_server]: Passing new path to controller.
[WARN] [1780511991.472051546] [planner_server]: Planner loop missed its desired rate of 999999999.0000 Hz. Current loop rate is 33.3333 Hz
[INFO] [1780511991.508932109] [controller_server]: Passing new path to controller.
[WARN] [1780511992.528598332] [planner_server]: Planner loop missed its desired rate of 999999999.0000 Hz. Current loop rate is 20.0000 Hz
[INFO] [1780511992.576483493] [controller_server]: Passing new path to controller.
[WARN] [1780511993.586169450] [planner_server]: Planner loop missed its desired rate of 999999999.0000 Hz. Current loop rate is 33.3333 Hz
[INFO] [1780511993.608932260] [controller_server]: Passing new path to controller.
[WARN] [1780511994.636425726] [planner_server]: Planner loop missed its desired rate of 999999999.0000 Hz. Current loop rate is 25.0000 Hz
[INFO] [1780511994.675598917] [controller_server]: Passing new path to controller.
[WARN] [1780511995.689324234] [planner_server]: Planner loop missed its desired rate of 999999999.0000 Hz. Current loop rate is 33.3333 Hz
[INFO] [1780511995.709069482] [controller_server]: Passing new path to controller.
[WARN] [1780511996.734587185] [planner_server]: Planner loop missed its desired rate of 999999999.0000 Hz. Current loop rate is 33.3333 Hz
[INFO] [1780511996.775594022] [controller_server]: Passing new path to controller.
[WARN] [1780511997.781254397] [planner_server]: Planner loop missed its desired rate of 999999999.0000 Hz. Current loop rate is 33.3333 Hz
[INFO] [1780511997.808931942] [controller_server]: Passing new path to controller.
[WARN] [1780511998.864889491] [planner_server]: Planner loop missed its desired rate of 999999999.0000 Hz. Current loop rate is 14.2857 Hz
[INFO] [1780511998.908937735] [controller_server]: Passing new path to controller.
[WARN] [1780511999.907486105] [planner_server]: Planner loop missed its desired rate of 999999999.0000 Hz. Current loop rate is 50.0000 Hz
[INFO] [1780511999.942272469] [controller_server]: Passing new path to controller.
[WARN] [1780512000.957058916] [planner_server]: Planner loop missed its desired rate of 999999999.0000 Hz. Current loop rate is 100.0000 Hz
[INFO] [1780512001.008937039] [controller_server]: Passing new path to controller.
[WARN] [1780512002.021574612] [planner_server]: Planner loop missed its desired rate of 999999999.0000 Hz. Current loop rate is 25.0000 Hz
[INFO] [1780512002.042268126] [controller_server]: Passing new path to controller.
[WARN] [1780512003.068802950] [planner_server]: Planner loop missed its desired rate of 999999999.0000 Hz. Current loop rate is 33.3333 Hz
[INFO] [1780512003.108930769] [controller_server]: Passing new path to controller.
[WARN] [1780512004.105404242] [planner_server]: Planner loop missed its desired rate of 999999999.0000 Hz. Current loop rate is 50.0000 Hz
[INFO] [1780512004.142267621] [controller_server]: Passing new path to controller.
[WARN] [1780512005.151154498] [planner_server]: Planner loop missed its desired rate of 999999999.0000 Hz. Current loop rate is 33.3333 Hz
[INFO] [1780512005.175606200] [controller_server]: Passing new path to controller.
[WARN] [1780512006.185018972] [planner_server]: Planner loop missed its desired rate of 999999999.0000 Hz. Current loop rate is 50.0000 Hz
[INFO] [1780512006.208933566] [controller_server]: Passing new path to controller.
[WARN] [1780512006.676452646] [controller_server]: Control loop missed its desired rate of 30.0000 Hz. Current loop rate is 33.3333 Hz.
[WARN] [1780512006.878535423] [controller_server]: Control loop missed its desired rate of 30.0000 Hz. Current loop rate is 33.3333 Hz.
[WARN] [1780512006.984057079] [controller_server]: Control loop missed its desired rate of 30.0000 Hz. Current loop rate is 25.0000 Hz.
[WARN] [1780512007.215633325] [planner_server]: Planner loop missed its desired rate of 999999999.0000 Hz. Current loop rate is 50.0000 Hz
[INFO] [1780512007.250909557] [controller_server]: Passing new path to controller.
[WARN] [1780512007.888217683] [controller_server]: Control loop missed its desired rate of 30.0000 Hz. Current loop rate is 33.3333 Hz.
[WARN] [1780512007.993725250] [controller_server]: Control loop missed its desired rate of 30.0000 Hz. Current loop rate is 25.0000 Hz.
[WARN] [1780512008.072448841] [controller_server]: Control loop missed its desired rate of 30.0000 Hz. Current loop rate is 20.0000 Hz.
[WARN] [1780512008.259146393] [planner_server]: Planner loop missed its desired rate of 999999999.0000 Hz. Current loop rate is 50.0000 Hz
[WARN] [1780512008.277348870] [controller_server]: Control loop missed its desired rate of 30.0000 Hz. Current loop rate is 25.0000 Hz.
[INFO] [1780512008.278005123] [controller_server]: Passing new path to controller.
[WARN] [1780512008.478118471] [controller_server]: Control loop missed its desired rate of 30.0000 Hz. Current loop rate is 33.3333 Hz.
[WARN] [1780512009.182268208] [controller_server]: Control loop missed its desired rate of 30.0000 Hz. Current loop rate is 25.0000 Hz.
[WARN] [1780512009.288565957] [controller_server]: Control loop missed its desired rate of 30.0000 Hz. Current loop rate is 25.0000 Hz.
[WARN] [1780512009.304465886] [planner_server]: Planner loop missed its desired rate of 999999999.0000 Hz. Current loop rate is 50.0000 Hz
[INFO] [1780512009.322023346] [controller_server]: Passing new path to controller.
[WARN] [1780512010.373213522] [planner_server]: Planner loop missed its desired rate of 999999999.0000 Hz. Current loop rate is 16.6667 Hz
[INFO] [1780512010.388686779] [controller_server]: Passing new path to controller.
[WARN] [1780512011.414607259] [planner_server]: Planner loop missed its desired rate of 999999999.0000 Hz. Current loop rate is 50.0000 Hz
[INFO] [1780512011.455362934] [controller_server]: Passing new path to controller.
[WARN] [1780512012.463223627] [planner_server]: Planner loop missed its desired rate of 999999999.0000 Hz. Current loop rate is 33.3333 Hz
[INFO] [1780512012.488697650] [controller_server]: Passing new path to controller.
[WARN] [1780512013.510023378] [planner_server]: Planner loop missed its desired rate of 999999999.0000 Hz. Current loop rate is 50.0000 Hz
[INFO] [1780512013.555370624] [controller_server]: Passing new path to controller.
[WARN] [1780512014.561193768] [planner_server]: Planner loop missed its desired rate of 999999999.0000 Hz. Current loop rate is 33.3333 Hz
[INFO] [1780512014.588689344] [controller_server]: Passing new path to controller.
[WARN] [1780512014.690985807] [controller_server]: Control loop missed its desired rate of 30.0000 Hz. Current loop rate is 33.3333 Hz.
[WARN] [1780512014.875568799] [controller_server]: Control loop missed its desired rate of 30.0000 Hz. Current loop rate is 16.6667 Hz.
[WARN] [1780512015.596241128] [planner_server]: Planner loop missed its desired rate of 999999999.0000 Hz. Current loop rate is 50.0000 Hz
[INFO] [1780512015.643028552] [controller_server]: Passing new path to controller.
[WARN] [1780512016.650666910] [planner_server]: Planner loop missed its desired rate of 999999999.0000 Hz. Current loop rate is 25.0000 Hz
[INFO] [1780512016.676365288] [controller_server]: Passing new path to controller.
[WARN] [1780512017.691398288] [planner_server]: Planner loop missed its desired rate of 999999999.0000 Hz. Current loop rate is 50.0000 Hz
[INFO] [1780512017.709690049] [controller_server]: Passing new path to controller.
[WARN] [1780512018.745214436] [planner_server]: Planner loop missed its desired rate of 999999999.0000 Hz. Current loop rate is 33.3333 Hz
[INFO] [1780512018.776353783] [controller_server]: Passing new path to controller.
[WARN] [1780512019.783718049] [planner_server]: Planner loop missed its desired rate of 999999999.0000 Hz. Current loop rate is 50.0000 Hz
[INFO] [1780512019.809691889] [controller_server]: Passing new path to controller.
[WARN] [1780512020.866045821] [planner_server]: Planner loop missed its desired rate of 999999999.0000 Hz. Current loop rate is 14.2857 Hz
[INFO] [1780512020.876354405] [controller_server]: Passing new path to controller.
[WARN] [1780512021.882451504] [planner_server]: Planner loop missed its desired rate of 999999999.0000 Hz. Current loop rate is 50.0000 Hz
[INFO] [1780512021.909687242] [controller_server]: Passing new path to controller.
[WARN] [1780512022.904489973] [planner_server]: Planner loop missed its desired rate of 999999999.0000 Hz. Current loop rate is 50.0000 Hz
[INFO] [1780512022.943295297] [controller_server]: Passing new path to controller.
[WARN] [1780512023.927675967] [planner_server]: Planner loop missed its desired rate of 999999999.0000 Hz. Current loop rate is 100.0000 Hz
[INFO] [1780512023.976358891] [controller_server]: Passing new path to controller.
[WARN] [1780512024.966791010] [planner_server]: Planner loop missed its desired rate of 999999999.0000 Hz. Current loop rate is 100.0000 Hz
[INFO] [1780512025.009688052] [controller_server]: Passing new path to controller.
[WARN] [1780512025.996451070] [planner_server]: Planner loop missed its desired rate of 999999999.0000 Hz. Current loop rate is 100.0000 Hz
[INFO] [1780512026.043717930] [controller_server]: Passing new path to controller.
[WARN] [1780512027.030818357] [planner_server]: Planner loop missed its desired rate of 999999999.0000 Hz. Current loop rate is 100.0000 Hz
[INFO] [1780512027.077171381] [controller_server]: Passing new path to controller.
[WARN] [1780512028.067028366] [planner_server]: Planner loop missed its desired rate of 999999999.0000 Hz. Current loop rate is 100.0000 Hz
[INFO] [1780512028.109688602] [controller_server]: Passing new path to controller.
[WARN] [1780512029.095677181] [planner_server]: Planner loop missed its desired rate of 999999999.0000 Hz. Current loop rate is 100.0000 Hz
[INFO] [1780512029.109690448] [controller_server]: Passing new path to controller.
[WARN] [1780512030.126751277] [planner_server]: Planner loop missed its desired rate of 999999999.0000 Hz. Current loop rate is 100.0000 Hz
[INFO] [1780512030.176353401] [controller_server]: Passing new path to controller.
[WARN] [1780512031.167035931] [planner_server]: Planner loop missed its desired rate of 999999999.0000 Hz. Current loop rate is 100.0000 Hz
[INFO] [1780512031.209694303] [controller_server]: Passing new path to controller.
[WARN] [1780512032.186357887] [planner_server]: Planner loop missed its desired rate of 999999999.0000 Hz. Current loop rate is 100.0000 Hz
[INFO] [1780512032.209687870] [controller_server]: Passing new path to controller.
[WARN] [1780512033.195236677] [planner_server]: Planner loop missed its desired rate of 999999999.0000 Hz. Current loop rate is 100.0000 Hz
[INFO] [1780512033.243087703] [controller_server]: Passing new path to controller.
[WARN] [1780512034.225650115] [planner_server]: Planner loop missed its desired rate of 999999999.0000 Hz. Current loop rate is 100.0000 Hz
[INFO] [1780512034.243027427] [controller_server]: Passing new path to controller.
[WARN] [1780512034.576378435] [controller_server]: Control loop missed its desired rate of 30.0000 Hz. Current loop rate is 25.0000 Hz.
[WARN] [1780512035.258346920] [planner_server]: Planner loop missed its desired rate of 999999999.0000 Hz. Current loop rate is 50.0000 Hz
[INFO] [1780512035.309818410] [controller_server]: Passing new path to controller.
[INFO] [1780512036.309826480] [controller_server]: Passing new path to controller.
[WARN] [1780512037.368830294] [planner_server]: Planner loop missed its desired rate of 999999999.0000 Hz. Current loop rate is 12.5000 Hz
[INFO] [1780512037.409829083] [controller_server]: Passing new path to controller.
[WARN] [1780512037.480074466] [controller_server]: Control loop missed its desired rate of 30.0000 Hz. Current loop rate is 25.0000 Hz.
[WARN] [1780512038.281418930] [controller_server]: Control loop missed its desired rate of 30.0000 Hz. Current loop rate is 25.0000 Hz.
[WARN] [1780512038.385632950] [controller_server]: Control loop missed its desired rate of 30.0000 Hz. Current loop rate is 25.0000 Hz.
[WARN] [1780512038.394150293] [planner_server]: Planner loop missed its desired rate of 999999999.0000 Hz. Current loop rate is 100.0000 Hz
[INFO] [1780512038.419087545] [controller_server]: Passing new path to controller.
[WARN] [1780512038.489624972] [controller_server]: Control loop missed its desired rate of 30.0000 Hz. Current loop rate is 25.0000 Hz.
[WARN] [1780512038.591570858] [controller_server]: Control loop missed its desired rate of 30.0000 Hz. Current loop rate is 33.3333 Hz.
[WARN] [1780512038.684719806] [controller_server]: Control loop missed its desired rate of 30.0000 Hz. Current loop rate is 16.6667 Hz.
[WARN] [1780512038.792760537] [controller_server]: Control loop missed its desired rate of 30.0000 Hz. Current loop rate is 20.0000 Hz.
[WARN] [1780512038.898568376] [controller_server]: Control loop missed its desired rate of 30.0000 Hz. Current loop rate is 14.2857 Hz.
[WARN] [1780512038.986315720] [controller_server]: Control loop missed its desired rate of 30.0000 Hz. Current loop rate is 16.6667 Hz.
[INFO] [1780512039.453201675] [controller_server]: Passing new path to controller.
[INFO] [1780512040.486426147] [controller_server]: Passing new path to controller.
[INFO] [1780512041.519756778] [controller_server]: Passing new path to controller.
[WARN] [1780512042.503879850] [planner_server]: Planner loop missed its desired rate of 999999999.0000 Hz. Current loop rate is 100.0000 Hz
[INFO] [1780512042.519755424] [controller_server]: Passing new path to controller.
[INFO] [1780512043.553271414] [controller_server]: Passing new path to controller.
[WARN] [1780512044.555390767] [planner_server]: Planner loop missed its desired rate of 999999999.0000 Hz. Current loop rate is 100.0000 Hz
[INFO] [1780512044.586432646] [controller_server]: Passing new path to controller.
[WARN] [1780512045.199033401] [controller_server]: Control loop missed its desired rate of 30.0000 Hz. Current loop rate is 20.0000 Hz.
[WARN] [1780512045.377038318] [controller_server]: Control loop missed its desired rate of 30.0000 Hz. Current loop rate is 20.0000 Hz.
[WARN] [1780512045.577288266] [controller_server]: Control loop missed its desired rate of 30.0000 Hz. Current loop rate is 33.3333 Hz.
[INFO] [1780512045.610739694] [controller_server]: Passing new path to controller.
[WARN] [1780512045.780750861] [controller_server]: Control loop missed its desired rate of 30.0000 Hz. Current loop rate is 25.0000 Hz.
[INFO] [1780512046.647965349] [controller_server]: Passing new path to controller.
[INFO] [1780512047.647965617] [controller_server]: Passing new path to controller.
[INFO] [1780512048.681311089] [controller_server]: Passing new path to controller.
[WARN] [1780512048.886063573] [controller_server]: Control loop missed its desired rate of 30.0000 Hz. Current loop rate is 33.3333 Hz.
[INFO] [1780512049.719539822] [controller_server]: Passing new path to controller.
[WARN] [1780512050.490159508] [controller_server]: Control loop missed its desired rate of 30.0000 Hz. Current loop rate is 25.0000 Hz.
[WARN] [1780512050.594264527] [controller_server]: Control loop missed its desired rate of 30.0000 Hz. Current loop rate is 25.0000 Hz.
[WARN] [1780512050.688577834] [controller_server]: Control loop missed its desired rate of 30.0000 Hz. Current loop rate is 16.6667 Hz.
[INFO] [1780512050.722024966] [controller_server]: Passing new path to controller.
[INFO] [1780512051.755363991] [controller_server]: Passing new path to controller.
[WARN] [1780512052.693502048] [controller_server]: Control loop missed its desired rate of 30.0000 Hz. Current loop rate is 25.0000 Hz.
[WARN] [1780512052.788367262] [controller_server]: Control loop missed its desired rate of 30.0000 Hz. Current loop rate is 14.2857 Hz.
[INFO] [1780512052.788442936] [controller_server]: Passing new path to controller.
[WARN] [1780512052.904332741] [controller_server]: Control loop missed its desired rate of 30.0000 Hz. Current loop rate is 20.0000 Hz.
[WARN] [1780512052.992350252] [controller_server]: Control loop missed its desired rate of 30.0000 Hz. Current loop rate is 25.0000 Hz.
[WARN] [1780512053.063142559] [controller_server]: Control loop missed its desired rate of 30.0000 Hz. Current loop rate is 25.0000 Hz.
[WARN] [1780512053.166192177] [controller_server]: Control loop missed its desired rate of 30.0000 Hz. Current loop rate is 33.3333 Hz.
[WARN] [1780512053.371896630] [controller_server]: Control loop missed its desired rate of 30.0000 Hz. Current loop rate is 33.3333 Hz.
[WARN] [1780512053.761832638] [planner_server]: Planner loop missed its desired rate of 999999999.0000 Hz. Current loop rate is 100.0000 Hz
[INFO] [1780512053.772006530] [controller_server]: Passing new path to controller.
[WARN] [1780512054.077756125] [controller_server]: Control loop missed its desired rate of 30.0000 Hz. Current loop rate is 25.0000 Hz.
[WARN] [1780512054.189905082] [controller_server]: Control loop missed its desired rate of 30.0000 Hz. Current loop rate is 20.0000 Hz.
[WARN] [1780512054.300696983] [controller_server]: Control loop missed its desired rate of 30.0000 Hz. Current loop rate is 20.0000 Hz.
[WARN] [1780512054.474169191] [controller_server]: Control loop missed its desired rate of 30.0000 Hz. Current loop rate is 25.0000 Hz.
[WARN] [1780512054.575221581] [controller_server]: Control loop missed its desired rate of 30.0000 Hz. Current loop rate is 33.3333 Hz.
[WARN] [1780512054.676488049] [controller_server]: Control loop missed its desired rate of 30.0000 Hz. Current loop rate is 33.3333 Hz.
[INFO] [1780512054.809944296] [controller_server]: Passing new path to controller.
[WARN] [1780512055.283004358] [controller_server]: Control loop missed its desired rate of 30.0000 Hz. Current loop rate is 33.3333 Hz.
[WARN] [1780512055.486799712] [controller_server]: Control loop missed its desired rate of 30.0000 Hz. Current loop rate is 33.3333 Hz.
[INFO] [1780512055.833405256] [controller_server]: Reached the goal!
[INFO] [1780512055.833649105] [controller_server]: Optimizer reset
[INFO] [1780512055.850242998] [planner_server]: Goal was canceled. Canceling planning action.
[INFO] [1780512055.850303189] [planner_server]: [compute_path_to_pose] [ActionServer] Client requested to cancel the goal. Cancelling.
[ERROR] [1780512055.871921245] [bt_navigator_navigate_to_pose_rclcpp_node]: Failed to get result for vlm_node/query_bool in node halt!
[INFO] [1780512055.872310247] [bt_navigator]: Goal succeeded
[INFO] [1780512065.877090922] [local_costmap.local_costmap]: Received request to clear entirely the local_costmap
[INFO] [1780512065.882664037] [global_costmap.global_costmap]: Received request to clear entirely the global_costmap
[INFO] [1780512065.905879993] [bt_navigator]: Begin navigating from current location (38.92, 26.45) to (-17.50, 0.18)
[WARN] [1780512066.564553779] [planner_server]: Planner loop missed its desired rate of 999999999.0000 Hz. Current loop rate is 1.5152 Hz
[INFO] [1780512066.577329194] [controller_server]: Received a goal, begin computing control effort.
[WARN] [1780512067.630549329] [planner_server]: Planner loop missed its desired rate of 999999999.0000 Hz. Current loop rate is 16.6667 Hz
[INFO] [1780512067.677499338] [controller_server]: Passing new path to controller.
[WARN] [1780512068.703258886] [planner_server]: Planner loop missed its desired rate of 999999999.0000 Hz. Current loop rate is 25.0000 Hz
[INFO] [1780512068.744169664] [controller_server]: Passing new path to controller.
[WARN] [1780512069.761680091] [planner_server]: Planner loop missed its desired rate of 999999999.0000 Hz. Current loop rate is 33.3333 Hz
[INFO] [1780512069.777502092] [controller_server]: Passing new path to controller.
[WARN] [1780512070.825870568] [planner_server]: Planner loop missed its desired rate of 999999999.0000 Hz. Current loop rate is 20.0000 Hz
[INFO] [1780512070.845989903] [controller_server]: Passing new path to controller.
[WARN] [1780512070.878091142] [controller_server]: Control loop missed its desired rate of 30.0000 Hz. Current loop rate is 33.3333 Hz.
[WARN] [1780512071.891096705] [planner_server]: Planner loop missed its desired rate of 999999999.0000 Hz. Current loop rate is 25.0000 Hz
[INFO] [1780512071.911541286] [controller_server]: Passing new path to controller.
[WARN] [1780512072.950125312] [planner_server]: Planner loop missed its desired rate of 999999999.0000 Hz. Current loop rate is 33.3333 Hz
[INFO] [1780512072.978205866] [controller_server]: Passing new path to controller.
[WARN] [1780512074.020534072] [planner_server]: Planner loop missed its desired rate of 999999999.0000 Hz. Current loop rate is 20.0000 Hz
[INFO] [1780512074.047382244] [controller_server]: Passing new path to controller.
[WARN] [1780512075.072790636] [planner_server]: Planner loop missed its desired rate of 999999999.0000 Hz. Current loop rate is 25.0000 Hz
[INFO] [1780512075.078207905] [controller_server]: Passing new path to controller.
[WARN] [1780512075.979685587] [controller_server]: Control loop missed its desired rate of 30.0000 Hz. Current loop rate is 33.3333 Hz.
[WARN] [1780512076.136596254] [planner_server]: Planner loop missed its desired rate of 999999999.0000 Hz. Current loop rate is 20.0000 Hz
[INFO] [1780512076.179811031] [controller_server]: Passing new path to controller.
[WARN] [1780512077.195521219] [planner_server]: Planner loop missed its desired rate of 999999999.0000 Hz. Current loop rate is 33.3333 Hz
[INFO] [1780512077.213142020] [controller_server]: Passing new path to controller.
[WARN] [1780512078.247112246] [planner_server]: Planner loop missed its desired rate of 999999999.0000 Hz. Current loop rate is 25.0000 Hz
[INFO] [1780512078.280674758] [controller_server]: Passing new path to controller.
[WARN] [1780512078.782182482] [controller_server]: Control loop missed its desired rate of 30.0000 Hz. Current loop rate is 25.0000 Hz.
[WARN] [1780512079.297117090] [planner_server]: Planner loop missed its desired rate of 999999999.0000 Hz. Current loop rate is 33.3333 Hz
[INFO] [1780512079.348984753] [controller_server]: Passing new path to controller.
[WARN] [1780512080.397731572] [planner_server]: Planner loop missed its desired rate of 999999999.0000 Hz. Current loop rate is 14.2857 Hz
[INFO] [1780512080.448979090] [controller_server]: Passing new path to controller.
[WARN] [1780512081.455724886] [planner_server]: Planner loop missed its desired rate of 999999999.0000 Hz. Current loop rate is 25.0000 Hz
[WARN] [1780512081.496535211] [controller_server]: Control loop missed its desired rate of 30.0000 Hz. Current loop rate is 25.0000 Hz.
[INFO] [1780512081.496602942] [controller_server]: Passing new path to controller.
[WARN] [1780512081.587012456] [controller_server]: Control loop missed its desired rate of 30.0000 Hz. Current loop rate is 16.6667 Hz.
[WARN] [1780512082.504679002] [planner_server]: Planner loop missed its desired rate of 999999999.0000 Hz. Current loop rate is 33.3333 Hz
[INFO] [1780512082.521154799] [controller_server]: Passing new path to controller.
[WARN] [1780512083.559557725] [planner_server]: Planner loop missed its desired rate of 999999999.0000 Hz. Current loop rate is 20.0000 Hz
[INFO] [1780512083.587120430] [controller_server]: Passing new path to controller.
[WARN] [1780512084.610173770] [planner_server]: Planner loop missed its desired rate of 999999999.0000 Hz. Current loop rate is 25.0000 Hz
[INFO] [1780512084.653788363] [controller_server]: Passing new path to controller.
[WARN] [1780512085.662777258] [planner_server]: Planner loop missed its desired rate of 999999999.0000 Hz. Current loop rate is 25.0000 Hz
[INFO] [1780512085.687120798] [controller_server]: Passing new path to controller.
[WARN] [1780512086.708286025] [planner_server]: Planner loop missed its desired rate of 999999999.0000 Hz. Current loop rate is 33.3333 Hz
[INFO] [1780512086.753849878] [controller_server]: Passing new path to controller.
[WARN] [1780512087.687240211] [controller_server]: Control loop missed its desired rate of 30.0000 Hz. Current loop rate is 33.3333 Hz.
[WARN] [1780512087.775805166] [planner_server]: Planner loop missed its desired rate of 999999999.0000 Hz. Current loop rate is 25.0000 Hz
[INFO] [1780512087.787361563] [controller_server]: Passing new path to controller.
[WARN] [1780512088.814815360] [planner_server]: Planner loop missed its desired rate of 999999999.0000 Hz. Current loop rate is 33.3333 Hz
[INFO] [1780512088.854047216] [controller_server]: Passing new path to controller.
[WARN] [1780512089.903357177] [planner_server]: Planner loop missed its desired rate of 999999999.0000 Hz. Current loop rate is 14.2857 Hz
[INFO] [1780512089.920697999] [controller_server]: Passing new path to controller.
[WARN] [1780512090.949647128] [planner_server]: Planner loop missed its desired rate of 999999999.0000 Hz. Current loop rate is 33.3333 Hz
[INFO] [1780512090.987363661] [controller_server]: Passing new path to controller.
[WARN] [1780512091.990863693] [planner_server]: Planner loop missed its desired rate of 999999999.0000 Hz. Current loop rate is 33.3333 Hz
[INFO] [1780512092.020696621] [controller_server]: Passing new path to controller.
[WARN] [1780512093.030252323] [planner_server]: Planner loop missed its desired rate of 999999999.0000 Hz. Current loop rate is 33.3333 Hz
[INFO] [1780512093.054035230] [controller_server]: Passing new path to controller.
[WARN] [1780512094.068136223] [planner_server]: Planner loop missed its desired rate of 999999999.0000 Hz. Current loop rate is 50.0000 Hz
[INFO] [1780512094.120695735] [controller_server]: Passing new path to controller.
[WARN] [1780512095.126228277] [planner_server]: Planner loop missed its desired rate of 999999999.0000 Hz. Current loop rate is 33.3333 Hz
[INFO] [1780512095.154026215] [controller_server]: Passing new path to controller.
[WARN] [1780512096.170074003] [planner_server]: Planner loop missed its desired rate of 999999999.0000 Hz. Current loop rate is 33.3333 Hz
[INFO] [1780512096.187363154] [controller_server]: Passing new path to controller.
[WARN] [1780512096.611149967] [controller_server]: Control loop missed its desired rate of 30.0000 Hz. Current loop rate is 16.6667 Hz.
[WARN] [1780512096.661345582] [controller_server]: Control loop missed its desired rate of 30.0000 Hz. Current loop rate is 20.0000 Hz.
[WARN] [1780512096.701643470] [controller_server]: Control loop missed its desired rate of 30.0000 Hz. Current loop rate is 25.0000 Hz.
[WARN] [1780512097.170182800] [controller_server]: Control loop missed its desired rate of 30.0000 Hz. Current loop rate is 20.0000 Hz.
[WARN] [1780512097.210356126] [planner_server]: Planner loop missed its desired rate of 999999999.0000 Hz. Current loop rate is 33.3333 Hz
[INFO] [1780512097.237014569] [controller_server]: Passing new path to controller.
[WARN] [1780512097.770537241] [controller_server]: Control loop missed its desired rate of 30.0000 Hz. Current loop rate is 33.3333 Hz.
[WARN] [1780512098.176204029] [controller_server]: Control loop missed its desired rate of 30.0000 Hz. Current loop rate is 20.0000 Hz.
[WARN] [1780512098.256946733] [planner_server]: Planner loop missed its desired rate of 999999999.0000 Hz. Current loop rate is 25.0000 Hz
[INFO] [1780512098.309655448] [controller_server]: Passing new path to controller.
[WARN] [1780512099.303535144] [planner_server]: Planner loop missed its desired rate of 999999999.0000 Hz. Current loop rate is 50.0000 Hz
[INFO] [1780512099.343010480] [controller_server]: Passing new path to controller.
[WARN] [1780512100.388213910] [planner_server]: Planner loop missed its desired rate of 999999999.0000 Hz. Current loop rate is 16.6667 Hz
[INFO] [1780512100.409664862] [controller_server]: Passing new path to controller.
[WARN] [1780512101.447901202] [planner_server]: Planner loop missed its desired rate of 999999999.0000 Hz. Current loop rate is 33.3333 Hz
[INFO] [1780512101.476334197] [controller_server]: Passing new path to controller.
[WARN] [1780512102.493331014] [planner_server]: Planner loop missed its desired rate of 999999999.0000 Hz. Current loop rate is 50.0000 Hz
[INFO] [1780512102.509657927] [controller_server]: Passing new path to controller.
[WARN] [1780512103.528830975] [planner_server]: Planner loop missed its desired rate of 999999999.0000 Hz. Current loop rate is 50.0000 Hz
[INFO] [1780512103.576330147] [controller_server]: Passing new path to controller.
[WARN] [1780512104.566189224] [planner_server]: Planner loop missed its desired rate of 999999999.0000 Hz. Current loop rate is 33.3333 Hz
[INFO] [1780512104.609658959] [controller_server]: Passing new path to controller.
[WARN] [1780512105.599425439] [planner_server]: Planner loop missed its desired rate of 999999999.0000 Hz. Current loop rate is 100.0000 Hz
[INFO] [1780512105.643002664] [controller_server]: Passing new path to controller.
[WARN] [1780512106.277467311] [controller_server]: Control loop missed its desired rate of 30.0000 Hz. Current loop rate is 25.0000 Hz.
[WARN] [1780512106.654885736] [planner_server]: Planner loop missed its desired rate of 999999999.0000 Hz. Current loop rate is 33.3333 Hz
[INFO] [1780512106.677577712] [controller_server]: Passing new path to controller.
[WARN] [1780512107.689146477] [planner_server]: Planner loop missed its desired rate of 999999999.0000 Hz. Current loop rate is 100.0000 Hz
[INFO] [1780512107.711027769] [controller_server]: Passing new path to controller.
[WARN] [1780512107.780756528] [controller_server]: Control loop missed its desired rate of 30.0000 Hz. Current loop rate is 25.0000 Hz.
[WARN] [1780512108.188789216] [controller_server]: Control loop missed its desired rate of 30.0000 Hz. Current loop rate is 20.0000 Hz.
[WARN] [1780512108.300047178] [controller_server]: Control loop missed its desired rate of 30.0000 Hz. Current loop rate is 20.0000 Hz.
[WARN] [1780512108.371923799] [controller_server]: Control loop missed its desired rate of 30.0000 Hz. Current loop rate is 33.3333 Hz.
[WARN] [1780512108.481226350] [controller_server]: Control loop missed its desired rate of 30.0000 Hz. Current loop rate is 25.0000 Hz.
[WARN] [1780512108.592165168] [controller_server]: Control loop missed its desired rate of 30.0000 Hz. Current loop rate is 20.0000 Hz.
[WARN] [1780512108.686382291] [controller_server]: Control loop missed its desired rate of 30.0000 Hz. Current loop rate is 16.6667 Hz.
[WARN] [1780512108.722299953] [planner_server]: Planner loop missed its desired rate of 999999999.0000 Hz. Current loop rate is 100.0000 Hz
[INFO] [1780512108.753193886] [controller_server]: Passing new path to controller.
[WARN] [1780512108.793172094] [controller_server]: Control loop missed its desired rate of 30.0000 Hz. Current loop rate is 20.0000 Hz.
[WARN] [1780512108.884313047] [controller_server]: Control loop missed its desired rate of 30.0000 Hz. Current loop rate is 16.6667 Hz.
[WARN] [1780512108.989133720] [controller_server]: Control loop missed its desired rate of 30.0000 Hz. Current loop rate is 25.0000 Hz.
[INFO] [1780512109.789250127] [controller_server]: Passing new path to controller.
[WARN] [1780512110.792157891] [planner_server]: Planner loop missed its desired rate of 999999999.0000 Hz. Current loop rate is 100.0000 Hz
[INFO] [1780512110.822583278] [controller_server]: Passing new path to controller.
[WARN] [1780512111.591114147] [controller_server]: Control loop missed its desired rate of 30.0000 Hz. Current loop rate is 25.0000 Hz.
[WARN] [1780512111.791658302] [controller_server]: Control loop missed its desired rate of 30.0000 Hz. Current loop rate is 25.0000 Hz.
[WARN] [1780512111.875698746] [planner_server]: Planner loop missed its desired rate of 999999999.0000 Hz. Current loop rate is 14.2857 Hz
[WARN] [1780512111.895770765] [controller_server]: Control loop missed its desired rate of 30.0000 Hz. Current loop rate is 14.2857 Hz.
[INFO] [1780512111.895828598] [controller_server]: Passing new path to controller.
[WARN] [1780512111.972508071] [controller_server]: Control loop missed its desired rate of 30.0000 Hz. Current loop rate is 25.0000 Hz.
[WARN] [1780512112.378939349] [controller_server]: Control loop missed its desired rate of 30.0000 Hz. Current loop rate is 25.0000 Hz.
[WARN] [1780512112.479660458] [controller_server]: Control loop missed its desired rate of 30.0000 Hz. Current loop rate is 25.0000 Hz.
[WARN] [1780512112.782218931] [controller_server]: Control loop missed its desired rate of 30.0000 Hz. Current loop rate is 25.0000 Hz.
[WARN] [1780512112.906148051] [planner_server]: Planner loop missed its desired rate of 999999999.0000 Hz. Current loop rate is 100.0000 Hz
[INFO] [1780512112.916112069] [controller_server]: Passing new path to controller.
[WARN] [1780512113.924873420] [planner_server]: Planner loop missed its desired rate of 999999999.0000 Hz. Current loop rate is 100.0000 Hz
[INFO] [1780512113.948997482] [controller_server]: Passing new path to controller.
[WARN] [1780512114.185048741] [controller_server]: Control loop missed its desired rate of 30.0000 Hz. Current loop rate is 25.0000 Hz.
[WARN] [1780512114.385273425] [controller_server]: Control loop missed its desired rate of 30.0000 Hz. Current loop rate is 25.0000 Hz.
[WARN] [1780512114.789149946] [controller_server]: Control loop missed its desired rate of 30.0000 Hz. Current loop rate is 25.0000 Hz.
[WARN] [1780512114.962191231] [planner_server]: Planner loop missed its desired rate of 999999999.0000 Hz. Current loop rate is 100.0000 Hz
[WARN] [1780512114.989459870] [controller_server]: Control loop missed its desired rate of 30.0000 Hz. Current loop rate is 25.0000 Hz.
[INFO] [1780512114.989509397] [controller_server]: Passing new path to controller.
[WARN] [1780512115.190641346] [controller_server]: Control loop missed its desired rate of 30.0000 Hz. Current loop rate is 25.0000 Hz.
[WARN] [1780512115.391182277] [controller_server]: Control loop missed its desired rate of 30.0000 Hz. Current loop rate is 25.0000 Hz.
[WARN] [1780512115.495364166] [controller_server]: Control loop missed its desired rate of 30.0000 Hz. Current loop rate is 20.0000 Hz.
[WARN] [1780512115.582273717] [controller_server]: Control loop missed its desired rate of 30.0000 Hz. Current loop rate is 20.0000 Hz.
[WARN] [1780512115.996747972] [planner_server]: Planner loop missed its desired rate of 999999999.0000 Hz. Current loop rate is 100.0000 Hz
[INFO] [1780512116.049064330] [controller_server]: Passing new path to controller.
[WARN] [1780512117.041743341] [planner_server]: Planner loop missed its desired rate of 999999999.0000 Hz. Current loop rate is 100.0000 Hz
[INFO] [1780512117.082391501] [controller_server]: Passing new path to controller.
[INFO] [1780512118.082402294] [controller_server]: Passing new path to controller.
[INFO] [1780512119.115739593] [controller_server]: Passing new path to controller.
[WARN] [1780512120.109506898] [planner_server]: Planner loop missed its desired rate of 999999999.0000 Hz. Current loop rate is 100.0000 Hz
[INFO] [1780512120.149076420] [controller_server]: Passing new path to controller.
[INFO] [1780512121.182394095] [controller_server]: Passing new path to controller.
[WARN] [1780512122.085184312] [controller_server]: Control loop missed its desired rate of 30.0000 Hz. Current loop rate is 33.3333 Hz.
[WARN] [1780512122.176022669] [planner_server]: Planner loop missed its desired rate of 999999999.0000 Hz. Current loop rate is 100.0000 Hz
[INFO] [1780512122.219276757] [controller_server]: Passing new path to controller.
[WARN] [1780512122.600089227] [controller_server]: Control loop missed its desired rate of 30.0000 Hz. Current loop rate is 20.0000 Hz.
[WARN] [1780512122.679504773] [controller_server]: Control loop missed its desired rate of 30.0000 Hz. Current loop rate is 25.0000 Hz.
[INFO] [1780512123.246302733] [controller_server]: Passing new path to controller.
[WARN] [1780512124.236387639] [planner_server]: Planner loop missed its desired rate of 999999999.0000 Hz. Current loop rate is 100.0000 Hz
[INFO] [1780512124.279634700] [controller_server]: Passing new path to controller.
[WARN] [1780512125.274999219] [planner_server]: Planner loop missed its desired rate of 999999999.0000 Hz. Current loop rate is 100.0000 Hz
[INFO] [1780512125.312964225] [controller_server]: Passing new path to controller.
[WARN] [1780512126.362736082] [planner_server]: Planner loop missed its desired rate of 999999999.0000 Hz. Current loop rate is 16.6667 Hz
[WARN] [1780512126.380993304] [controller_server]: Control loop missed its desired rate of 30.0000 Hz. Current loop rate is 33.3333 Hz.
[INFO] [1780512126.381062204] [controller_server]: Passing new path to controller.
[INFO] [1780512127.112001552] [controller_server]: Reached the goal!
[INFO] [1780512127.112343997] [controller_server]: Optimizer reset
[ERROR] [1780512127.152806462] [bt_navigator_navigate_to_pose_rclcpp_node]: Failed to get result for vlm_node/query_bool in node halt!
[INFO] [1780512127.153097760] [bt_navigator]: Goal succeeded
[INFO] [1780512137.164192030] [local_costmap.local_costmap]: Received request to clear entirely the local_costmap
[INFO] [1780512137.175578698] [global_costmap.global_costmap]: Received request to clear entirely the global_costmap
[INFO] [1780512137.220954422] [bt_navigator]: Begin navigating from current location (-17.47, 0.16) to (50.00, -50.70)
[WARN] [1780512137.699571652] [planner_server]: Planner loop missed its desired rate of 999999999.0000 Hz. Current loop rate is 2.1277 Hz
[INFO] [1780512137.716101272] [controller_server]: Received a goal, begin computing control effort.
[WARN] [1780512138.890690909] [planner_server]: Planner loop missed its desired rate of 999999999.0000 Hz. Current loop rate is 5.8824 Hz
[INFO] [1780512138.916811158] [controller_server]: Passing new path to controller.
[WARN] [1780512140.095759051] [planner_server]: Planner loop missed its desired rate of 999999999.0000 Hz. Current loop rate is 5.8824 Hz
[INFO] [1780512140.116340807] [controller_server]: Passing new path to controller.
[WARN] [1780512141.294472598] [planner_server]: Planner loop missed its desired rate of 999999999.0000 Hz. Current loop rate is 5.5556 Hz
[INFO] [1780512141.316570210] [controller_server]: Passing new path to controller.
[WARN] [1780512142.495017971] [planner_server]: Planner loop missed its desired rate of 999999999.0000 Hz. Current loop rate is 5.5556 Hz
[INFO] [1780512142.516334911] [controller_server]: Passing new path to controller.
[WARN] [1780512143.670295057] [planner_server]: Planner loop missed its desired rate of 999999999.0000 Hz. Current loop rate is 6.6667 Hz
[INFO] [1780512143.683009049] [controller_server]: Passing new path to controller.
[WARN] [1780512144.870923719] [planner_server]: Planner loop missed its desired rate of 999999999.0000 Hz. Current loop rate is 5.2632 Hz
[INFO] [1780512144.883023686] [controller_server]: Passing new path to controller.
[WARN] [1780512146.074277024] [planner_server]: Planner loop missed its desired rate of 999999999.0000 Hz. Current loop rate is 5.2632 Hz
[INFO] [1780512146.116343850] [controller_server]: Passing new path to controller.
[WARN] [1780512147.236672468] [planner_server]: Planner loop missed its desired rate of 999999999.0000 Hz. Current loop rate is 6.6667 Hz
[INFO] [1780512147.283009137] [controller_server]: Passing new path to controller.
[WARN] [1780512148.439574036] [planner_server]: Planner loop missed its desired rate of 999999999.0000 Hz. Current loop rate is 5.5556 Hz
[INFO] [1780512148.482997268] [controller_server]: Passing new path to controller.
[WARN] [1780512149.686685731] [controller_server]: Control loop missed its desired rate of 30.0000 Hz. Current loop rate is 33.3333 Hz.
[WARN] [1780512149.693011712] [planner_server]: Planner loop missed its desired rate of 999999999.0000 Hz. Current loop rate is 4.5455 Hz
[INFO] [1780512149.720148783] [controller_server]: Passing new path to controller.
[WARN] [1780512150.877152270] [planner_server]: Planner loop missed its desired rate of 999999999.0000 Hz. Current loop rate is 6.2500 Hz
[INFO] [1780512150.886808093] [controller_server]: Passing new path to controller.
[WARN] [1780512152.025326721] [planner_server]: Planner loop missed its desired rate of 999999999.0000 Hz. Current loop rate is 7.1429 Hz
[INFO] [1780512152.053502179] [controller_server]: Passing new path to controller.
[WARN] [1780512152.199953147] [controller_server]: Control loop missed its desired rate of 30.0000 Hz. Current loop rate is 25.0000 Hz.
[WARN] [1780512152.287784513] [controller_server]: Control loop missed its desired rate of 30.0000 Hz. Current loop rate is 20.0000 Hz.
[WARN] [1780512152.607957704] [controller_server]: Control loop missed its desired rate of 30.0000 Hz. Current loop rate is 20.0000 Hz.
[WARN] [1780512152.682254894] [controller_server]: Control loop missed its desired rate of 30.0000 Hz. Current loop rate is 25.0000 Hz.
[WARN] [1780512152.811989459] [controller_server]: Control loop missed its desired rate of 30.0000 Hz. Current loop rate is 16.6667 Hz.
[WARN] [1780512153.081686703] [controller_server]: Control loop missed its desired rate of 30.0000 Hz. Current loop rate is 25.0000 Hz.
[WARN] [1780512153.211237889] [planner_server]: Planner loop missed its desired rate of 999999999.0000 Hz. Current loop rate is 5.8824 Hz
[INFO] [1780512153.248483301] [controller_server]: Passing new path to controller.
[WARN] [1780512153.284975740] [controller_server]: Control loop missed its desired rate of 30.0000 Hz. Current loop rate is 33.3333 Hz.
[WARN] [1780512153.388128047] [controller_server]: Control loop missed its desired rate of 30.0000 Hz. Current loop rate is 33.3333 Hz.
[WARN] [1780512154.362082131] [planner_server]: Planner loop missed its desired rate of 999999999.0000 Hz. Current loop rate is 7.6923 Hz
[INFO] [1780512154.388238797] [controller_server]: Passing new path to controller.
[WARN] [1780512155.526245044] [planner_server]: Planner loop missed its desired rate of 999999999.0000 Hz. Current loop rate is 7.1429 Hz
[INFO] [1780512155.554912512] [controller_server]: Passing new path to controller.
[WARN] [1780512156.653434463] [planner_server]: Planner loop missed its desired rate of 999999999.0000 Hz. Current loop rate is 9.0909 Hz
[INFO] [1780512156.688232038] [controller_server]: Passing new path to controller.
[WARN] [1780512157.808787266] [planner_server]: Planner loop missed its desired rate of 999999999.0000 Hz. Current loop rate is 9.0909 Hz
[INFO] [1780512157.855480824] [controller_server]: Passing new path to controller.
[WARN] [1780512158.089299242] [controller_server]: Control loop missed its desired rate of 30.0000 Hz. Current loop rate is 33.3333 Hz.
[WARN] [1780512158.985559421] [planner_server]: Planner loop missed its desired rate of 999999999.0000 Hz. Current loop rate is 6.2500 Hz
[INFO] [1780512159.022766670] [controller_server]: Passing new path to controller.
[WARN] [1780512160.092267731] [planner_server]: Planner loop missed its desired rate of 999999999.0000 Hz. Current loop rate is 10.0000 Hz
[INFO] [1780512160.122771883] [controller_server]: Passing new path to controller.
[WARN] [1780512161.237024754] [planner_server]: Planner loop missed its desired rate of 999999999.0000 Hz. Current loop rate is 7.6923 Hz
[INFO] [1780512161.256094353] [controller_server]: Passing new path to controller.
[WARN] [1780512162.348178730] [planner_server]: Planner loop missed its desired rate of 999999999.0000 Hz. Current loop rate is 11.1111 Hz
[INFO] [1780512162.389428657] [controller_server]: Passing new path to controller.
[WARN] [1780512163.476006384] [planner_server]: Planner loop missed its desired rate of 999999999.0000 Hz. Current loop rate is 9.0909 Hz
[INFO] [1780512163.489425865] [controller_server]: Passing new path to controller.
[WARN] [1780512164.583824791] [planner_server]: Planner loop missed its desired rate of 999999999.0000 Hz. Current loop rate is 12.5000 Hz
[INFO] [1780512164.589434062] [controller_server]: Passing new path to controller.
[WARN] [1780512165.685298556] [planner_server]: Planner loop missed its desired rate of 999999999.0000 Hz. Current loop rate is 11.1111 Hz
[INFO] [1780512165.722765656] [controller_server]: Passing new path to controller.
[WARN] [1780512166.773883055] [planner_server]: Planner loop missed its desired rate of 999999999.0000 Hz. Current loop rate is 16.6667 Hz
[INFO] [1780512166.822766616] [controller_server]: Passing new path to controller.
[WARN] [1780512167.897666933] [planner_server]: Planner loop missed its desired rate of 999999999.0000 Hz. Current loop rate is 10.0000 Hz
[INFO] [1780512167.922777580] [controller_server]: Passing new path to controller.
[WARN] [1780512168.963261019] [planner_server]: Planner loop missed its desired rate of 999999999.0000 Hz. Current loop rate is 20.0000 Hz
[INFO] [1780512168.989428134] [controller_server]: Passing new path to controller.
[WARN] [1780512170.041566278] [planner_server]: Planner loop missed its desired rate of 999999999.0000 Hz. Current loop rate is 16.6667 Hz
[INFO] [1780512170.089439931] [controller_server]: Passing new path to controller.
[WARN] [1780512171.108444348] [planner_server]: Planner loop missed its desired rate of 999999999.0000 Hz. Current loop rate is 25.0000 Hz
[INFO] [1780512171.156097176] [controller_server]: Passing new path to controller.
[WARN] [1780512172.170005566] [planner_server]: Planner loop missed its desired rate of 999999999.0000 Hz. Current loop rate is 25.0000 Hz
[INFO] [1780512172.189430926] [controller_server]: Passing new path to controller.
[WARN] [1780512173.205940854] [planner_server]: Planner loop missed its desired rate of 999999999.0000 Hz. Current loop rate is 33.3333 Hz
[INFO] [1780512173.222806543] [controller_server]: Passing new path to controller.
[WARN] [1780512174.267426717] [planner_server]: Planner loop missed its desired rate of 999999999.0000 Hz. Current loop rate is 25.0000 Hz
[INFO] [1780512174.289453308] [controller_server]: Passing new path to controller.
[WARN] [1780512174.390316872] [controller_server]: Control loop missed its desired rate of 30.0000 Hz. Current loop rate is 33.3333 Hz.
[WARN] [1780512175.306810360] [planner_server]: Planner loop missed its desired rate of 999999999.0000 Hz. Current loop rate is 25.0000 Hz
[INFO] [1780512175.324251038] [controller_server]: Passing new path to controller.
[WARN] [1780512176.385721984] [planner_server]: Planner loop missed its desired rate of 999999999.0000 Hz. Current loop rate is 20.0000 Hz
[INFO] [1780512176.424249607] [controller_server]: Passing new path to controller.
[WARN] [1780512177.422295972] [planner_server]: Planner loop missed its desired rate of 999999999.0000 Hz. Current loop rate is 50.0000 Hz
[INFO] [1780512177.457564671] [controller_server]: Passing new path to controller.
[WARN] [1780512178.465923083] [planner_server]: Planner loop missed its desired rate of 999999999.0000 Hz. Current loop rate is 100.0000 Hz
[INFO] [1780512178.490919389] [controller_server]: Passing new path to controller.
[WARN] [1780512179.501886769] [planner_server]: Planner loop missed its desired rate of 999999999.0000 Hz. Current loop rate is 50.0000 Hz
[INFO] [1780512179.524251592] [controller_server]: Passing new path to controller.
[WARN] [1780512179.568315322] [controller_server]: Control loop missed its desired rate of 30.0000 Hz. Current loop rate is 33.3333 Hz.
[WARN] [1780512180.551122037] [planner_server]: Planner loop missed its desired rate of 999999999.0000 Hz. Current loop rate is 50.0000 Hz
[INFO] [1780512180.602485664] [controller_server]: Passing new path to controller.
[WARN] [1780512181.605149649] [planner_server]: Planner loop missed its desired rate of 999999999.0000 Hz. Current loop rate is 50.0000 Hz
[INFO] [1780512181.635824015] [controller_server]: Passing new path to controller.
[WARN] [1780512182.657666877] [planner_server]: Planner loop missed its desired rate of 999999999.0000 Hz. Current loop rate is 50.0000 Hz
[INFO] [1780512182.702501093] [controller_server]: Passing new path to controller.
[WARN] [1780512183.707656241] [planner_server]: Planner loop missed its desired rate of 999999999.0000 Hz. Current loop rate is 50.0000 Hz
[INFO] [1780512183.735817955] [controller_server]: Passing new path to controller.
[WARN] [1780512184.735389058] [planner_server]: Planner loop missed its desired rate of 999999999.0000 Hz. Current loop rate is 100.0000 Hz
[INFO] [1780512184.769196580] [controller_server]: Passing new path to controller.
[WARN] [1780512185.788359087] [planner_server]: Planner loop missed its desired rate of 999999999.0000 Hz. Current loop rate is 33.3333 Hz
[INFO] [1780512185.802494232] [controller_server]: Passing new path to controller.
[WARN] [1780512186.862441118] [planner_server]: Planner loop missed its desired rate of 999999999.0000 Hz. Current loop rate is 25.0000 Hz
[INFO] [1780512186.902484015] [controller_server]: Passing new path to controller.
[WARN] [1780512187.906176020] [planner_server]: Planner loop missed its desired rate of 999999999.0000 Hz. Current loop rate is 50.0000 Hz
[INFO] [1780512187.935827661] [controller_server]: Passing new path to controller.
[WARN] [1780512188.925368312] [planner_server]: Planner loop missed its desired rate of 999999999.0000 Hz. Current loop rate is 100.0000 Hz
[INFO] [1780512188.969148878] [controller_server]: Passing new path to controller.
[INFO] [1780512190.002482141] [controller_server]: Passing new path to controller.
[WARN] [1780512191.014787719] [planner_server]: Planner loop missed its desired rate of 999999999.0000 Hz. Current loop rate is 25.0000 Hz
[INFO] [1780512191.035824443] [controller_server]: Passing new path to controller.
[WARN] [1780512192.048874672] [planner_server]: Planner loop missed its desired rate of 999999999.0000 Hz. Current loop rate is 100.0000 Hz
[INFO] [1780512192.069148214] [controller_server]: Passing new path to controller.
[WARN] [1780512193.089585898] [planner_server]: Planner loop missed its desired rate of 999999999.0000 Hz. Current loop rate is 33.3333 Hz
[INFO] [1780512193.102490690] [controller_server]: Passing new path to controller.
[WARN] [1780512194.114243510] [planner_server]: Planner loop missed its desired rate of 999999999.0000 Hz. Current loop rate is 100.0000 Hz
[INFO] [1780512194.135826707] [controller_server]: Passing new path to controller.
[WARN] [1780512195.155076241] [planner_server]: Planner loop missed its desired rate of 999999999.0000 Hz. Current loop rate is 50.0000 Hz
[INFO] [1780512195.169157053] [controller_server]: Passing new path to controller.
[WARN] [1780512196.185563901] [planner_server]: Planner loop missed its desired rate of 999999999.0000 Hz. Current loop rate is 100.0000 Hz
[INFO] [1780512196.202489924] [controller_server]: Passing new path to controller.
[WARN] [1780512197.222559990] [planner_server]: Planner loop missed its desired rate of 999999999.0000 Hz. Current loop rate is 100.0000 Hz
[INFO] [1780512197.269657232] [controller_server]: Passing new path to controller.
[WARN] [1780512198.082377468] [controller_server]: Control loop missed its desired rate of 30.0000 Hz. Current loop rate is 20.0000 Hz.
[WARN] [1780512198.184886095] [controller_server]: Control loop missed its desired rate of 30.0000 Hz. Current loop rate is 33.3333 Hz.
[WARN] [1780512198.266680185] [planner_server]: Planner loop missed its desired rate of 999999999.0000 Hz. Current loop rate is 50.0000 Hz
[WARN] [1780512198.288412750] [controller_server]: Control loop missed its desired rate of 30.0000 Hz. Current loop rate is 25.0000 Hz.
[INFO] [1780512198.288463100] [controller_server]: Passing new path to controller.
[WARN] [1780512199.297970024] [planner_server]: Planner loop missed its desired rate of 999999999.0000 Hz. Current loop rate is 50.0000 Hz
[INFO] [1780512199.321870846] [controller_server]: Passing new path to controller.
[WARN] [1780512200.378435248] [planner_server]: Planner loop missed its desired rate of 999999999.0000 Hz. Current loop rate is 14.2857 Hz
[INFO] [1780512200.421858206] [controller_server]: Passing new path to controller.
[WARN] [1780512201.410210590] [planner_server]: Planner loop missed its desired rate of 999999999.0000 Hz. Current loop rate is 100.0000 Hz
[INFO] [1780512201.455187990] [controller_server]: Passing new path to controller.
[WARN] [1780512202.442475994] [planner_server]: Planner loop missed its desired rate of 999999999.0000 Hz. Current loop rate is 100.0000 Hz
[INFO] [1780512202.488528810] [controller_server]: Passing new path to controller.
[WARN] [1780512203.477788548] [planner_server]: Planner loop missed its desired rate of 999999999.0000 Hz. Current loop rate is 33.3333 Hz
[INFO] [1780512203.521876688] [controller_server]: Passing new path to controller.
[WARN] [1780512204.509347106] [planner_server]: Planner loop missed its desired rate of 999999999.0000 Hz. Current loop rate is 100.0000 Hz
[INFO] [1780512204.522088043] [controller_server]: Passing new path to controller.
[WARN] [1780512205.539096005] [planner_server]: Planner loop missed its desired rate of 999999999.0000 Hz. Current loop rate is 100.0000 Hz
[INFO] [1780512205.555191915] [controller_server]: Passing new path to controller.
[WARN] [1780512206.561757047] [planner_server]: Planner loop missed its desired rate of 999999999.0000 Hz. Current loop rate is 100.0000 Hz
[INFO] [1780512206.588533422] [controller_server]: Passing new path to controller.
[INFO] [1780512207.621851813] [controller_server]: Passing new path to controller.
[INFO] [1780512208.621856147] [controller_server]: Passing new path to controller.
[INFO] [1780512209.655192656] [controller_server]: Passing new path to controller.
[INFO] [1780512210.688524367] [controller_server]: Passing new path to controller.
[INFO] [1780512211.721856510] [controller_server]: Passing new path to controller.
[INFO] [1780512212.755194635] [controller_server]: Passing new path to controller.
[INFO] [1780512213.755251957] [controller_server]: Passing new path to controller.
[WARN] [1780512214.767903275] [planner_server]: Planner loop missed its desired rate of 999999999.0000 Hz. Current loop rate is 100.0000 Hz
[INFO] [1780512214.788602106] [controller_server]: Passing new path to controller.
[WARN] [1780512215.291675223] [controller_server]: Control loop missed its desired rate of 30.0000 Hz. Current loop rate is 25.0000 Hz.
[WARN] [1780512215.375704433] [controller_server]: Control loop missed its desired rate of 30.0000 Hz. Current loop rate is 20.0000 Hz.
[INFO] [1780512215.809166144] [controller_server]: Passing new path to controller.
[WARN] [1780512216.776734042] [controller_server]: Control loop missed its desired rate of 30.0000 Hz. Current loop rate is 25.0000 Hz.
[WARN] [1780512216.846722112] [planner_server]: Planner loop missed its desired rate of 999999999.0000 Hz. Current loop rate is 25.0000 Hz
[INFO] [1780512216.876845711] [controller_server]: Passing new path to controller.
[INFO] [1780512217.910183476] [controller_server]: Passing new path to controller.
[WARN] [1780512218.895323929] [planner_server]: Planner loop missed its desired rate of 999999999.0000 Hz. Current loop rate is 100.0000 Hz
[INFO] [1780512218.943571613] [controller_server]: Passing new path to controller.
[WARN] [1780512219.918558081] [planner_server]: Planner loop missed its desired rate of 999999999.0000 Hz. Current loop rate is 100.0000 Hz
[INFO] [1780512219.943920324] [controller_server]: Passing new path to controller.
[WARN] [1780512220.577989343] [controller_server]: Control loop missed its desired rate of 30.0000 Hz. Current loop rate is 25.0000 Hz.
[WARN] [1780512220.678919669] [controller_server]: Control loop missed its desired rate of 30.0000 Hz. Current loop rate is 25.0000 Hz.
[WARN] [1780512220.879009132] [controller_server]: Control loop missed its desired rate of 30.0000 Hz. Current loop rate is 25.0000 Hz.
[WARN] [1780512220.937205768] [planner_server]: Planner loop missed its desired rate of 999999999.0000 Hz. Current loop rate is 100.0000 Hz
[INFO] [1780512220.979121971] [controller_server]: Passing new path to controller.
[INFO] [1780512221.873720225] [controller_server]: Reached the goal!
[INFO] [1780512221.873948338] [controller_server]: Optimizer reset
[ERROR] [1780512221.913147957] [bt_navigator_navigate_to_pose_rclcpp_node]: Failed to get result for vlm_node/query_bool in node halt!
[INFO] [1780512221.913460490] [bt_navigator]: Goal succeeded
[INFO] [1780512231.989358153] [local_costmap.local_costmap]: Received request to clear entirely the local_costmap
[INFO] [1780512231.994630129] [global_costmap.global_costmap]: Received request to clear entirely the global_costmap
[INFO] [1780512232.010568548] [bt_navigator]: Begin navigating from current location (49.98, -50.47) to (-11.50, -27.17)
[WARN] [1780512232.540917820] [planner_server]: Planner loop missed its desired rate of 999999999.0000 Hz. Current loop rate is 1.9231 Hz
[INFO] [1780512232.562432170] [controller_server]: Received a goal, begin computing control effort.
[WARN] [1780512232.669900835] [controller_server]: Control loop missed its desired rate of 30.0000 Hz. Current loop rate is 25.0000 Hz.
[WARN] [1780512232.780442342] [controller_server]: Control loop missed its desired rate of 30.0000 Hz. Current loop rate is 25.0000 Hz.
[WARN] [1780512233.606959327] [planner_server]: Planner loop missed its desired rate of 999999999.0000 Hz. Current loop rate is 25.0000 Hz
[INFO] [1780512233.647535581] [controller_server]: Passing new path to controller.
[WARN] [1780512233.687208857] [controller_server]: Control loop missed its desired rate of 30.0000 Hz. Current loop rate is 25.0000 Hz.
[WARN] [1780512233.797421810] [controller_server]: Control loop missed its desired rate of 30.0000 Hz. Current loop rate is 25.0000 Hz.
[WARN] [1780512233.892047597] [controller_server]: Control loop missed its desired rate of 30.0000 Hz. Current loop rate is 16.6667 Hz.
[WARN] [1780512233.988789828] [controller_server]: Control loop missed its desired rate of 30.0000 Hz. Current loop rate is 16.6667 Hz.
[WARN] [1780512234.089780727] [controller_server]: Control loop missed its desired rate of 30.0000 Hz. Current loop rate is 33.3333 Hz.
[WARN] [1780512234.660593797] [planner_server]: Planner loop missed its desired rate of 999999999.0000 Hz. Current loop rate is 33.3333 Hz
[INFO] [1780512234.689914234] [controller_server]: Passing new path to controller.
[WARN] [1780512234.793115506] [controller_server]: Control loop missed its desired rate of 30.0000 Hz. Current loop rate is 25.0000 Hz.
[WARN] [1780512234.873486899] [controller_server]: Control loop missed its desired rate of 30.0000 Hz. Current loop rate is 25.0000 Hz.
[WARN] [1780512235.724265430] [planner_server]: Planner loop missed its desired rate of 999999999.0000 Hz. Current loop rate is 33.3333 Hz
[INFO] [1780512235.773648447] [controller_server]: Passing new path to controller.
[WARN] [1780512236.777821105] [controller_server]: Control loop missed its desired rate of 30.0000 Hz. Current loop rate is 33.3333 Hz.
[WARN] [1780512236.807327629] [planner_server]: Planner loop missed its desired rate of 999999999.0000 Hz. Current loop rate is 20.0000 Hz
[INFO] [1780512236.845434964] [controller_server]: Passing new path to controller.
[WARN] [1780512237.881249239] [planner_server]: Planner loop missed its desired rate of 999999999.0000 Hz. Current loop rate is 20.0000 Hz
[INFO] [1780512237.911680892] [controller_server]: Passing new path to controller.
[WARN] [1780512238.479216634] [controller_server]: Control loop missed its desired rate of 30.0000 Hz. Current loop rate is 33.3333 Hz.
[WARN] [1780512238.929294274] [planner_server]: Planner loop missed its desired rate of 999999999.0000 Hz. Current loop rate is 33.3333 Hz
[INFO] [1780512238.946024218] [controller_server]: Passing new path to controller.
[WARN] [1780512239.978536380] [planner_server]: Planner loop missed its desired rate of 999999999.0000 Hz. Current loop rate is 50.0000 Hz
[INFO] [1780512240.012689072] [controller_server]: Passing new path to controller.
[WARN] [1780512241.015448904] [planner_server]: Planner loop missed its desired rate of 999999999.0000 Hz. Current loop rate is 50.0000 Hz
[INFO] [1780512241.046021660] [controller_server]: Passing new path to controller.
[WARN] [1780512242.065028601] [planner_server]: Planner loop missed its desired rate of 999999999.0000 Hz. Current loop rate is 33.3333 Hz
[INFO] [1780512242.112685114] [controller_server]: Passing new path to controller.
[WARN] [1780512243.111221768] [planner_server]: Planner loop missed its desired rate of 999999999.0000 Hz. Current loop rate is 25.0000 Hz
[INFO] [1780512243.146016219] [controller_server]: Passing new path to controller.
[WARN] [1780512244.160796630] [planner_server]: Planner loop missed its desired rate of 999999999.0000 Hz. Current loop rate is 33.3333 Hz
[INFO] [1780512244.179355088] [controller_server]: Passing new path to controller.
[WARN] [1780512245.210909930] [planner_server]: Planner loop missed its desired rate of 999999999.0000 Hz. Current loop rate is 33.3333 Hz
[INFO] [1780512245.246149945] [controller_server]: Passing new path to controller.
[WARN] [1780512246.257427929] [planner_server]: Planner loop missed its desired rate of 999999999.0000 Hz. Current loop rate is 33.3333 Hz
[INFO] [1780512246.279349759] [controller_server]: Passing new path to controller.
[WARN] [1780512247.297036070] [planner_server]: Planner loop missed its desired rate of 999999999.0000 Hz. Current loop rate is 33.3333 Hz
[INFO] [1780512247.312685221] [controller_server]: Passing new path to controller.
[WARN] [1780512248.370237678] [planner_server]: Planner loop missed its desired rate of 999999999.0000 Hz. Current loop rate is 20.0000 Hz
[INFO] [1780512248.412685002] [controller_server]: Passing new path to controller.
[WARN] [1780512249.403894317] [planner_server]: Planner loop missed its desired rate of 999999999.0000 Hz. Current loop rate is 50.0000 Hz
[INFO] [1780512249.446143014] [controller_server]: Passing new path to controller.
[WARN] [1780512250.452402003] [planner_server]: Planner loop missed its desired rate of 999999999.0000 Hz. Current loop rate is 50.0000 Hz
[INFO] [1780512250.479348413] [controller_server]: Passing new path to controller.
[WARN] [1780512251.510141897] [planner_server]: Planner loop missed its desired rate of 999999999.0000 Hz. Current loop rate is 25.0000 Hz
[INFO] [1780512251.546472141] [controller_server]: Passing new path to controller.
[WARN] [1780512252.545548618] [planner_server]: Planner loop missed its desired rate of 999999999.0000 Hz. Current loop rate is 33.3333 Hz
[INFO] [1780512252.579351651] [controller_server]: Passing new path to controller.
[WARN] [1780512253.598089695] [planner_server]: Planner loop missed its desired rate of 999999999.0000 Hz. Current loop rate is 25.0000 Hz
[INFO] [1780512253.614547859] [controller_server]: Passing new path to controller.
[WARN] [1780512254.633920496] [planner_server]: Planner loop missed its desired rate of 999999999.0000 Hz. Current loop rate is 50.0000 Hz
[INFO] [1780512254.679356615] [controller_server]: Passing new path to controller.
[WARN] [1780512255.700605334] [planner_server]: Planner loop missed its desired rate of 999999999.0000 Hz. Current loop rate is 25.0000 Hz
[INFO] [1780512255.712679828] [controller_server]: Passing new path to controller.
[WARN] [1780512256.741726741] [planner_server]: Planner loop missed its desired rate of 999999999.0000 Hz. Current loop rate is 50.0000 Hz
[INFO] [1780512256.779347374] [controller_server]: Passing new path to controller.
[WARN] [1780512257.782624272] [planner_server]: Planner loop missed its desired rate of 999999999.0000 Hz. Current loop rate is 50.0000 Hz
[INFO] [1780512257.812679588] [controller_server]: Passing new path to controller.
[WARN] [1780512258.875522978] [planner_server]: Planner loop missed its desired rate of 999999999.0000 Hz. Current loop rate is 12.5000 Hz
[INFO] [1780512258.912688633] [controller_server]: Passing new path to controller.
[WARN] [1780512259.925962657] [planner_server]: Planner loop missed its desired rate of 999999999.0000 Hz. Current loop rate is 25.0000 Hz
[INFO] [1780512259.946017159] [controller_server]: Passing new path to controller.
[WARN] [1780512260.981954446] [planner_server]: Planner loop missed its desired rate of 999999999.0000 Hz. Current loop rate is 33.3333 Hz
[INFO] [1780512261.012686396] [controller_server]: Passing new path to controller.
[WARN] [1780512262.024696621] [planner_server]: Planner loop missed its desired rate of 999999999.0000 Hz. Current loop rate is 33.3333 Hz
[INFO] [1780512262.046034439] [controller_server]: Passing new path to controller.
[WARN] [1780512263.077599086] [planner_server]: Planner loop missed its desired rate of 999999999.0000 Hz. Current loop rate is 50.0000 Hz
[INFO] [1780512263.112857638] [controller_server]: Passing new path to controller.
[WARN] [1780512264.111960949] [planner_server]: Planner loop missed its desired rate of 999999999.0000 Hz. Current loop rate is 50.0000 Hz
[INFO] [1780512264.146022291] [controller_server]: Passing new path to controller.
[WARN] [1780512265.157234153] [planner_server]: Planner loop missed its desired rate of 999999999.0000 Hz. Current loop rate is 33.3333 Hz
[INFO] [1780512265.179355696] [controller_server]: Passing new path to controller.
[WARN] [1780512266.192085633] [planner_server]: Planner loop missed its desired rate of 999999999.0000 Hz. Current loop rate is 33.3333 Hz
[INFO] [1780512266.212686033] [controller_server]: Passing new path to controller.
[WARN] [1780512267.254245357] [planner_server]: Planner loop missed its desired rate of 999999999.0000 Hz. Current loop rate is 25.0000 Hz
[INFO] [1780512267.279354244] [controller_server]: Passing new path to controller.
[WARN] [1780512268.315851750] [planner_server]: Planner loop missed its desired rate of 999999999.0000 Hz. Current loop rate is 20.0000 Hz
[INFO] [1780512268.346016698] [controller_server]: Passing new path to controller.
[WARN] [1780512269.381348007] [planner_server]: Planner loop missed its desired rate of 999999999.0000 Hz. Current loop rate is 25.0000 Hz
[INFO] [1780512269.413307159] [controller_server]: Passing new path to controller.
[WARN] [1780512270.427271697] [planner_server]: Planner loop missed its desired rate of 999999999.0000 Hz. Current loop rate is 50.0000 Hz
[INFO] [1780512270.446022569] [controller_server]: Passing new path to controller.
[WARN] [1780512271.471442765] [planner_server]: Planner loop missed its desired rate of 999999999.0000 Hz. Current loop rate is 50.0000 Hz
[INFO] [1780512271.512705175] [controller_server]: Passing new path to controller.
[WARN] [1780512272.509838121] [planner_server]: Planner loop missed its desired rate of 999999999.0000 Hz. Current loop rate is 50.0000 Hz
[INFO] [1780512272.546017572] [controller_server]: Passing new path to controller.
[WARN] [1780512273.536074908] [planner_server]: Planner loop missed its desired rate of 999999999.0000 Hz. Current loop rate is 50.0000 Hz
[INFO] [1780512273.579498753] [controller_server]: Passing new path to controller.
[INFO] [1780512274.612693717] [controller_server]: Passing new path to controller.
[INFO] [1780512275.646019729] [controller_server]: Passing new path to controller.
[WARN] [1780512276.630886660] [planner_server]: Planner loop missed its desired rate of 999999999.0000 Hz. Current loop rate is 100.0000 Hz
[INFO] [1780512276.679361741] [controller_server]: Passing new path to controller.
[INFO] [1780512277.712682946] [controller_server]: Passing new path to controller.
[WARN] [1780512278.697380555] [planner_server]: Planner loop missed its desired rate of 999999999.0000 Hz. Current loop rate is 50.0000 Hz
[INFO] [1780512278.712689631] [controller_server]: Passing new path to controller.
[INFO] [1780512279.746017545] [controller_server]: Passing new path to controller.
[INFO] [1780512280.779355278] [controller_server]: Passing new path to controller.
[WARN] [1780512281.683548295] [controller_server]: Control loop missed its desired rate of 30.0000 Hz. Current loop rate is 33.3333 Hz.
[WARN] [1780512281.782516743] [planner_server]: Planner loop missed its desired rate of 999999999.0000 Hz. Current loop rate is 50.0000 Hz
[INFO] [1780512281.817013619] [controller_server]: Passing new path to controller.
[WARN] [1780512282.587178464] [controller_server]: Control loop missed its desired rate of 30.0000 Hz. Current loop rate is 33.3333 Hz.
[WARN] [1780512282.689153812] [controller_server]: Control loop missed its desired rate of 30.0000 Hz. Current loop rate is 33.3333 Hz.
[WARN] [1780512282.795855795] [controller_server]: Control loop missed its desired rate of 30.0000 Hz. Current loop rate is 25.0000 Hz.
[WARN] [1780512282.874169722] [planner_server]: Planner loop missed its desired rate of 999999999.0000 Hz. Current loop rate is 12.5000 Hz
[INFO] [1780512282.895965410] [controller_server]: Passing new path to controller.
[WARN] [1780512282.968945454] [controller_server]: Control loop missed its desired rate of 30.0000 Hz. Current loop rate is 33.3333 Hz.
[WARN] [1780512283.072327368] [controller_server]: Control loop missed its desired rate of 30.0000 Hz. Current loop rate is 33.3333 Hz.
[WARN] [1780512283.577941786] [controller_server]: Control loop missed its desired rate of 30.0000 Hz. Current loop rate is 50.0000 Hz.
[WARN] [1780512283.678287156] [controller_server]: Control loop missed its desired rate of 30.0000 Hz. Current loop rate is 33.3333 Hz.
[WARN] [1780512283.788899965] [controller_server]: Control loop missed its desired rate of 30.0000 Hz. Current loop rate is 25.0000 Hz.
[INFO] [1780512283.922360771] [controller_server]: Passing new path to controller.
[WARN] [1780512284.940663349] [planner_server]: Planner loop missed its desired rate of 999999999.0000 Hz. Current loop rate is 100.0000 Hz
[INFO] [1780512284.989032042] [controller_server]: Passing new path to controller.
[INFO] [1780512286.022369301] [controller_server]: Passing new path to controller.
[INFO] [1780512287.022355343] [controller_server]: Passing new path to controller.
[WARN] [1780512288.040233591] [planner_server]: Planner loop missed its desired rate of 999999999.0000 Hz. Current loop rate is 100.0000 Hz
[INFO] [1780512288.055692741] [controller_server]: Passing new path to controller.
[WARN] [1780512288.666067023] [controller_server]: Control loop missed its desired rate of 30.0000 Hz. Current loop rate is 25.0000 Hz.
[WARN] [1780512288.767685969] [controller_server]: Control loop missed its desired rate of 30.0000 Hz. Current loop rate is 33.3333 Hz.
[WARN] [1780512288.869478454] [controller_server]: Control loop missed its desired rate of 30.0000 Hz. Current loop rate is 33.3333 Hz.
[INFO] [1780512289.102956477] [controller_server]: Passing new path to controller.
[WARN] [1780512289.170308683] [controller_server]: Control loop missed its desired rate of 30.0000 Hz. Current loop rate is 33.3333 Hz.
[WARN] [1780512290.090554115] [planner_server]: Planner loop missed its desired rate of 999999999.0000 Hz. Current loop rate is 50.0000 Hz
[INFO] [1780512290.103762707] [controller_server]: Passing new path to controller.
[WARN] [1780512290.671966622] [controller_server]: Control loop missed its desired rate of 30.0000 Hz. Current loop rate is 33.3333 Hz.
[INFO] [1780512291.138763790] [controller_server]: Passing new path to controller.
[INFO] [1780512291.859842154] [controller_server]: Reached the goal!
[INFO] [1780512291.860067145] [controller_server]: Optimizer reset
[ERROR] [1780512291.892219166] [bt_navigator_navigate_to_pose_rclcpp_node]: Failed to get result for vlm_node/query_bool in node halt!
[INFO] [1780512291.892601611] [bt_navigator]: Goal succeeded
[INFO] [1780512301.900991689] [local_costmap.local_costmap]: Received request to clear entirely the local_costmap
[INFO] [1780512301.905907951] [global_costmap.global_costmap]: Received request to clear entirely the global_costmap
[INFO] [1780512301.924704507] [bt_navigator]: Begin navigating from current location (-11.53, -27.14) to (38.10, -60.00)
[WARN] [1780512307.568243527] [planner_server]: Planner loop missed its desired rate of 999999999.0000 Hz. Current loop rate is 0.1776 Hz
[INFO] [1780512307.586254288] [controller_server]: Received a goal, begin computing control effort.
[WARN] [1780512312.789067933] [controller_server]: Control loop missed its desired rate of 30.0000 Hz. Current loop rate is 33.3333 Hz.
[WARN] [1780512312.991796737] [controller_server]: Control loop missed its desired rate of 30.0000 Hz. Current loop rate is 25.0000 Hz.
[WARN] [1780512313.072896540] [controller_server]: Control loop missed its desired rate of 30.0000 Hz. Current loop rate is 20.0000 Hz.
[WARN] [1780512313.174571710] [controller_server]: Control loop missed its desired rate of 30.0000 Hz. Current loop rate is 25.0000 Hz.
[WARN] [1780512313.682451902] [planner_server]: Planner loop missed its desired rate of 999999999.0000 Hz. Current loop rate is 0.1965 Hz
[INFO] [1780512313.708695654] [controller_server]: Passing new path to controller.
[WARN] [1780512313.775867202] [controller_server]: Control loop missed its desired rate of 30.0000 Hz. Current loop rate is 33.3333 Hz.
[WARN] [1780512313.877090846] [controller_server]: Control loop missed its desired rate of 30.0000 Hz. Current loop rate is 33.3333 Hz.
[WARN] [1780512313.982177340] [controller_server]: Control loop missed its desired rate of 30.0000 Hz. Current loop rate is 25.0000 Hz.
[WARN] [1780512314.091839185] [controller_server]: Control loop missed its desired rate of 30.0000 Hz. Current loop rate is 20.0000 Hz.
[WARN] [1780512314.179341877] [controller_server]: Control loop missed its desired rate of 30.0000 Hz. Current loop rate is 20.0000 Hz.
[WARN] [1780512314.285020523] [controller_server]: Control loop missed its desired rate of 30.0000 Hz. Current loop rate is 25.0000 Hz.
[WARN] [1780512317.287673315] [planner_server]: Planner loop missed its desired rate of 999999999.0000 Hz. Current loop rate is 0.3861 Hz
[INFO] [1780512317.319145582] [controller_server]: Passing new path to controller.
[WARN] [1780512319.719756235] [planner_server]: Planner loop missed its desired rate of 999999999.0000 Hz. Current loop rate is 0.7042 Hz
[INFO] [1780512319.752478101] [controller_server]: Passing new path to controller.
[WARN] [1780512327.259902718] [planner_server]: Planner loop missed its desired rate of 999999999.0000 Hz. Current loop rate is 0.1534 Hz
[INFO] [1780512327.285807751] [controller_server]: Passing new path to controller.
[WARN] [1780512330.238168811] [planner_server]: Planner loop missed its desired rate of 999999999.0000 Hz. Current loop rate is 0.5102 Hz
[INFO] [1780512330.285807759] [controller_server]: Passing new path to controller.
[WARN] [1780512331.854021786] [planner_server]: Planner loop missed its desired rate of 999999999.0000 Hz. Current loop rate is 1.6949 Hz
[INFO] [1780512331.885808392] [controller_server]: Passing new path to controller.
[WARN] [1780512336.663390358] [planner_server]: Planner loop missed its desired rate of 999999999.0000 Hz. Current loop rate is 0.2632 Hz
[INFO] [1780512336.685813482] [controller_server]: Passing new path to controller.
[WARN] [1780512338.025271404] [planner_server]: Planner loop missed its desired rate of 999999999.0000 Hz. Current loop rate is 2.8571 Hz
[INFO] [1780512338.052473475] [controller_server]: Passing new path to controller.
[WARN] [1780512339.630703861] [planner_server]: Planner loop missed its desired rate of 999999999.0000 Hz. Current loop rate is 1.6949 Hz
[INFO] [1780512339.652480162] [controller_server]: Passing new path to controller.
[WARN] [1780512343.715427902] [planner_server]: Planner loop missed its desired rate of 999999999.0000 Hz. Current loop rate is 0.3247 Hz
[INFO] [1780512343.752481724] [controller_server]: Passing new path to controller.
[WARN] [1780512346.835788251] [planner_server]: Planner loop missed its desired rate of 999999999.0000 Hz. Current loop rate is 0.4785 Hz
[INFO] [1780512346.885812090] [controller_server]: Passing new path to controller.
[WARN] [1780512349.025314866] [planner_server]: Planner loop missed its desired rate of 999999999.0000 Hz. Current loop rate is 0.8696 Hz
[INFO] [1780512349.052478316] [controller_server]: Passing new path to controller.
[WARN] [1780512351.142362735] [planner_server]: Planner loop missed its desired rate of 999999999.0000 Hz. Current loop rate is 0.9091 Hz
[INFO] [1780512351.185810464] [controller_server]: Passing new path to controller.
[WARN] [1780512354.208282868] [planner_server]: Planner loop missed its desired rate of 999999999.0000 Hz. Current loop rate is 0.4878 Hz
[INFO] [1780512354.252474299] [controller_server]: Passing new path to controller.
[WARN] [1780512355.853948961] [planner_server]: Planner loop missed its desired rate of 999999999.0000 Hz. Current loop rate is 1.5873 Hz
[INFO] [1780512355.885808599] [controller_server]: Passing new path to controller.
[WARN] [1780512357.190438580] [planner_server]: Planner loop missed its desired rate of 999999999.0000 Hz. Current loop rate is 3.2258 Hz
[INFO] [1780512357.219147988] [controller_server]: Passing new path to controller.
[WARN] [1780512358.351033626] [planner_server]: Planner loop missed its desired rate of 999999999.0000 Hz. Current loop rate is 7.1429 Hz
[INFO] [1780512358.385805660] [controller_server]: Passing new path to controller.
[WARN] [1780512359.474051113] [planner_server]: Planner loop missed its desired rate of 999999999.0000 Hz. Current loop rate is 9.0909 Hz
[INFO] [1780512359.485820488] [controller_server]: Passing new path to controller.
[WARN] [1780512360.533802741] [planner_server]: Planner loop missed its desired rate of 999999999.0000 Hz. Current loop rate is 33.3333 Hz
[INFO] [1780512360.552477771] [controller_server]: Passing new path to controller.
[WARN] [1780512361.562705595] [planner_server]: Planner loop missed its desired rate of 999999999.0000 Hz. Current loop rate is 100.0000 Hz
[INFO] [1780512361.585813812] [controller_server]: Passing new path to controller.
[INFO] [1780512362.619140788] [controller_server]: Passing new path to controller.
[INFO] [1780512363.619148190] [controller_server]: Passing new path to controller.
[INFO] [1780512364.652651549] [controller_server]: Passing new path to controller.
[WARN] [1780512365.651677655] [planner_server]: Planner loop missed its desired rate of 999999999.0000 Hz. Current loop rate is 100.0000 Hz
[INFO] [1780512365.685811056] [controller_server]: Passing new path to controller.
[INFO] [1780512366.719148181] [controller_server]: Passing new path to controller.
[WARN] [1780512367.698080599] [planner_server]: Planner loop missed its desired rate of 999999999.0000 Hz. Current loop rate is 100.0000 Hz
[INFO] [1780512367.719145299] [controller_server]: Passing new path to controller.
[INFO] [1780512368.752481062] [controller_server]: Passing new path to controller.
[WARN] [1780512369.740352997] [planner_server]: Planner loop missed its desired rate of 999999999.0000 Hz. Current loop rate is 100.0000 Hz
[INFO] [1780512369.785809990] [controller_server]: Passing new path to controller.
[INFO] [1780512370.785813512] [controller_server]: Passing new path to controller.
[INFO] [1780512371.819143385] [controller_server]: Passing new path to controller.
[INFO] [1780512372.852475332] [controller_server]: Passing new path to controller.
[WARN] [1780512373.880291693] [planner_server]: Planner loop missed its desired rate of 999999999.0000 Hz. Current loop rate is 20.0000 Hz
[INFO] [1780512373.919144495] [controller_server]: Passing new path to controller.
[INFO] [1780512374.919141277] [controller_server]: Passing new path to controller.
[INFO] [1780512375.952476711] [controller_server]: Passing new path to controller.
[INFO] [1780512376.985805584] [controller_server]: Passing new path to controller.
[INFO] [1780512378.019138911] [controller_server]: Passing new path to controller.
[INFO] [1780512379.019145656] [controller_server]: Passing new path to controller.
[INFO] [1780512380.052472130] [controller_server]: Passing new path to controller.
[INFO] [1780512381.052486523] [controller_server]: Passing new path to controller.
[INFO] [1780512382.085805479] [controller_server]: Passing new path to controller.
[INFO] [1780512383.119142541] [controller_server]: Passing new path to controller.
[INFO] [1780512384.152470337] [controller_server]: Passing new path to controller.
[INFO] [1780512385.185805717] [controller_server]: Passing new path to controller.
[WARN] [1780512386.168297756] [planner_server]: Planner loop missed its desired rate of 999999999.0000 Hz. Current loop rate is 100.0000 Hz
[INFO] [1780512386.185809192] [controller_server]: Passing new path to controller.
[INFO] [1780512387.219137748] [controller_server]: Passing new path to controller.
[INFO] [1780512387.624983010] [controller_server]: Reached the goal!
[INFO] [1780512387.625209980] [controller_server]: Optimizer reset
[ERROR] [1780512387.647595275] [bt_navigator_navigate_to_pose_rclcpp_node]: Failed to get result for vlm_node/query_bool in node halt!
[INFO] [1780512387.647953074] [bt_navigator]: Goal succeeded
[INFO] [1780512397.651739727] [local_costmap.local_costmap]: Received request to clear entirely the local_costmap
[INFO] [1780512397.656535424] [global_costmap.global_costmap]: Received request to clear entirely the global_costmap
[INFO] [1780512397.673293231] [bt_navigator]: Begin navigating from current location (38.30, -59.96) to (-33.50, -22.40)
[WARN] [1780512398.088612007] [planner_server]: Planner loop missed its desired rate of 999999999.0000 Hz. Current loop rate is 2.4390 Hz
[INFO] [1780512398.104996170] [controller_server]: Received a goal, begin computing control effort.
[WARN] [1780512398.375059997] [controller_server]: Control loop missed its desired rate of 30.0000 Hz. Current loop rate is 25.0000 Hz.
[WARN] [1780512399.149070636] [planner_server]: Planner loop missed its desired rate of 999999999.0000 Hz. Current loop rate is 25.0000 Hz
[INFO] [1780512399.175471574] [controller_server]: Passing new path to controller.
[WARN] [1780512400.203930253] [planner_server]: Planner loop missed its desired rate of 999999999.0000 Hz. Current loop rate is 25.0000 Hz
[INFO] [1780512400.241858671] [controller_server]: Passing new path to controller.
[WARN] [1780512400.676164201] [controller_server]: Control loop missed its desired rate of 30.0000 Hz. Current loop rate is 25.0000 Hz.
[WARN] [1780512401.264029530] [planner_server]: Planner loop missed its desired rate of 999999999.0000 Hz. Current loop rate is 33.3333 Hz
[INFO] [1780512401.276725678] [controller_server]: Passing new path to controller.
[WARN] [1780512402.335272534] [planner_server]: Planner loop missed its desired rate of 999999999.0000 Hz. Current loop rate is 16.6667 Hz
[INFO] [1780512402.376441202] [controller_server]: Passing new path to controller.
[WARN] [1780512403.406342505] [planner_server]: Planner loop missed its desired rate of 999999999.0000 Hz. Current loop rate is 16.6667 Hz
[INFO] [1780512403.442960170] [controller_server]: Passing new path to controller.
[WARN] [1780512404.493161775] [planner_server]: Planner loop missed its desired rate of 999999999.0000 Hz. Current loop rate is 16.6667 Hz
[INFO] [1780512404.509633070] [controller_server]: Passing new path to controller.
[WARN] [1780512405.549932594] [planner_server]: Planner loop missed its desired rate of 999999999.0000 Hz. Current loop rate is 25.0000 Hz
[INFO] [1780512405.576304338] [controller_server]: Passing new path to controller.
[WARN] [1780512406.608487788] [planner_server]: Planner loop missed its desired rate of 999999999.0000 Hz. Current loop rate is 20.0000 Hz
[INFO] [1780512406.642972842] [controller_server]: Passing new path to controller.
[WARN] [1780512407.654247826] [planner_server]: Planner loop missed its desired rate of 999999999.0000 Hz. Current loop rate is 50.0000 Hz
[INFO] [1780512407.676302857] [controller_server]: Passing new path to controller.
[WARN] [1780512408.694711483] [planner_server]: Planner loop missed its desired rate of 999999999.0000 Hz. Current loop rate is 25.0000 Hz
[INFO] [1780512408.742966395] [controller_server]: Passing new path to controller.
[WARN] [1780512409.756526841] [planner_server]: Planner loop missed its desired rate of 999999999.0000 Hz. Current loop rate is 33.3333 Hz
[INFO] [1780512409.776302162] [controller_server]: Passing new path to controller.
[WARN] [1780512410.807556098] [planner_server]: Planner loop missed its desired rate of 999999999.0000 Hz. Current loop rate is 25.0000 Hz
[INFO] [1780512410.842967288] [controller_server]: Passing new path to controller.
[WARN] [1780512411.909908157] [planner_server]: Planner loop missed its desired rate of 999999999.0000 Hz. Current loop rate is 12.5000 Hz
[INFO] [1780512411.942981988] [controller_server]: Passing new path to controller.
[WARN] [1780512412.970477816] [planner_server]: Planner loop missed its desired rate of 999999999.0000 Hz. Current loop rate is 50.0000 Hz
[INFO] [1780512413.009635274] [controller_server]: Passing new path to controller.
[WARN] [1780512414.036850213] [planner_server]: Planner loop missed its desired rate of 999999999.0000 Hz. Current loop rate is 20.0000 Hz
[INFO] [1780512414.076305349] [controller_server]: Passing new path to controller.
[WARN] [1780512415.083904244] [planner_server]: Planner loop missed its desired rate of 999999999.0000 Hz. Current loop rate is 33.3333 Hz
[INFO] [1780512415.109637853] [controller_server]: Passing new path to controller.
[WARN] [1780512416.124603272] [planner_server]: Planner loop missed its desired rate of 999999999.0000 Hz. Current loop rate is 33.3333 Hz
[INFO] [1780512416.176597964] [controller_server]: Passing new path to controller.
[WARN] [1780512417.185169731] [planner_server]: Planner loop missed its desired rate of 999999999.0000 Hz. Current loop rate is 33.3333 Hz
[INFO] [1780512417.209647819] [controller_server]: Passing new path to controller.
[WARN] [1780512418.223181012] [planner_server]: Planner loop missed its desired rate of 999999999.0000 Hz. Current loop rate is 50.0000 Hz
[INFO] [1780512418.242971942] [controller_server]: Passing new path to controller.
[WARN] [1780512419.278700891] [planner_server]: Planner loop missed its desired rate of 999999999.0000 Hz. Current loop rate is 20.0000 Hz
[INFO] [1780512419.309638379] [controller_server]: Passing new path to controller.
[WARN] [1780512420.312679920] [planner_server]: Planner loop missed its desired rate of 999999999.0000 Hz. Current loop rate is 50.0000 Hz
[INFO] [1780512420.342974110] [controller_server]: Passing new path to controller.
[WARN] [1780512421.402662822] [planner_server]: Planner loop missed its desired rate of 999999999.0000 Hz. Current loop rate is 12.5000 Hz
[INFO] [1780512421.442999851] [controller_server]: Passing new path to controller.
[WARN] [1780512422.447042842] [planner_server]: Planner loop missed its desired rate of 999999999.0000 Hz. Current loop rate is 33.3333 Hz
[INFO] [1780512422.476305816] [controller_server]: Passing new path to controller.
[WARN] [1780512423.486804434] [planner_server]: Planner loop missed its desired rate of 999999999.0000 Hz. Current loop rate is 33.3333 Hz
[INFO] [1780512423.509636811] [controller_server]: Passing new path to controller.
[WARN] [1780512424.528080735] [planner_server]: Planner loop missed its desired rate of 999999999.0000 Hz. Current loop rate is 33.3333 Hz
[INFO] [1780512424.576300907] [controller_server]: Passing new path to controller.
[WARN] [1780512425.600115779] [planner_server]: Planner loop missed its desired rate of 999999999.0000 Hz. Current loop rate is 20.0000 Hz
[INFO] [1780512425.642970291] [controller_server]: Passing new path to controller.
[WARN] [1780512426.659392172] [planner_server]: Planner loop missed its desired rate of 999999999.0000 Hz. Current loop rate is 33.3333 Hz
[INFO] [1780512426.676312742] [controller_server]: Passing new path to controller.
[WARN] [1780512427.712095185] [planner_server]: Planner loop missed its desired rate of 999999999.0000 Hz. Current loop rate is 33.3333 Hz
[INFO] [1780512427.742962701] [controller_server]: Passing new path to controller.
[WARN] [1780512428.753050144] [planner_server]: Planner loop missed its desired rate of 999999999.0000 Hz. Current loop rate is 33.3333 Hz
[INFO] [1780512428.776295492] [controller_server]: Passing new path to controller.
[WARN] [1780512429.803164538] [planner_server]: Planner loop missed its desired rate of 999999999.0000 Hz. Current loop rate is 20.0000 Hz
[INFO] [1780512429.843528228] [controller_server]: Passing new path to controller.
[WARN] [1780512430.908687835] [planner_server]: Planner loop missed its desired rate of 999999999.0000 Hz. Current loop rate is 11.1111 Hz
[INFO] [1780512430.942988672] [controller_server]: Passing new path to controller.
[WARN] [1780512431.953466265] [planner_server]: Planner loop missed its desired rate of 999999999.0000 Hz. Current loop rate is 33.3333 Hz
[INFO] [1780512431.976299246] [controller_server]: Passing new path to controller.
[WARN] [1780512432.987673362] [planner_server]: Planner loop missed its desired rate of 999999999.0000 Hz. Current loop rate is 50.0000 Hz
[INFO] [1780512433.010318730] [controller_server]: Passing new path to controller.
[WARN] [1780512434.057043817] [planner_server]: Planner loop missed its desired rate of 999999999.0000 Hz. Current loop rate is 16.6667 Hz
[INFO] [1780512434.076312316] [controller_server]: Passing new path to controller.
[WARN] [1780512435.125818857] [planner_server]: Planner loop missed its desired rate of 999999999.0000 Hz. Current loop rate is 20.0000 Hz
[INFO] [1780512435.176307640] [controller_server]: Passing new path to controller.
[WARN] [1780512436.170876318] [planner_server]: Planner loop missed its desired rate of 999999999.0000 Hz. Current loop rate is 33.3333 Hz
[INFO] [1780512436.209647373] [controller_server]: Passing new path to controller.
[WARN] [1780512437.332546796] [planner_server]: Planner loop missed its desired rate of 999999999.0000 Hz. Current loop rate is 6.6667 Hz
[INFO] [1780512437.378996123] [controller_server]: Passing new path to controller.
[WARN] [1780512438.430339179] [planner_server]: Planner loop missed its desired rate of 999999999.0000 Hz. Current loop rate is 12.5000 Hz
[INFO] [1780512438.476299713] [controller_server]: Passing new path to controller.
[WARN] [1780512439.486698543] [planner_server]: Planner loop missed its desired rate of 999999999.0000 Hz. Current loop rate is 33.3333 Hz
[INFO] [1780512439.509639717] [controller_server]: Passing new path to controller.
[WARN] [1780512440.519852832] [planner_server]: Planner loop missed its desired rate of 999999999.0000 Hz. Current loop rate is 50.0000 Hz
[INFO] [1780512440.542979756] [controller_server]: Passing new path to controller.
[WARN] [1780512441.539458825] [planner_server]: Planner loop missed its desired rate of 999999999.0000 Hz. Current loop rate is 100.0000 Hz
[INFO] [1780512441.576303596] [controller_server]: Passing new path to controller.
[WARN] [1780512442.642106759] [planner_server]: Planner loop missed its desired rate of 999999999.0000 Hz. Current loop rate is 11.1111 Hz
[INFO] [1780512442.679471497] [controller_server]: Passing new path to controller.
[WARN] [1780512443.726824550] [planner_server]: Planner loop missed its desired rate of 999999999.0000 Hz. Current loop rate is 14.2857 Hz
[INFO] [1780512443.776297969] [controller_server]: Passing new path to controller.
[WARN] [1780512444.767665676] [planner_server]: Planner loop missed its desired rate of 999999999.0000 Hz. Current loop rate is 50.0000 Hz
[INFO] [1780512444.809639407] [controller_server]: Passing new path to controller.
[WARN] [1780512445.843413980] [planner_server]: Planner loop missed its desired rate of 999999999.0000 Hz. Current loop rate is 16.6667 Hz
[INFO] [1780512445.876296853] [controller_server]: Passing new path to controller.
[WARN] [1780512446.930951570] [planner_server]: Planner loop missed its desired rate of 999999999.0000 Hz. Current loop rate is 14.2857 Hz
[INFO] [1780512446.976305804] [controller_server]: Passing new path to controller.
[WARN] [1780512447.966545816] [planner_server]: Planner loop missed its desired rate of 999999999.0000 Hz. Current loop rate is 100.0000 Hz
[INFO] [1780512448.009637972] [controller_server]: Passing new path to controller.
[WARN] [1780512448.994400364] [planner_server]: Planner loop missed its desired rate of 999999999.0000 Hz. Current loop rate is 100.0000 Hz
[INFO] [1780512449.042963661] [controller_server]: Passing new path to controller.
[WARN] [1780512450.027375828] [planner_server]: Planner loop missed its desired rate of 999999999.0000 Hz. Current loop rate is 100.0000 Hz
[INFO] [1780512450.076294773] [controller_server]: Passing new path to controller.
[WARN] [1780512451.063006951] [planner_server]: Planner loop missed its desired rate of 999999999.0000 Hz. Current loop rate is 100.0000 Hz
[INFO] [1780512451.076302666] [controller_server]: Passing new path to controller.
[WARN] [1780512452.092567983] [planner_server]: Planner loop missed its desired rate of 999999999.0000 Hz. Current loop rate is 100.0000 Hz
[INFO] [1780512452.109639561] [controller_server]: Passing new path to controller.
[WARN] [1780512453.111895353] [planner_server]: Planner loop missed its desired rate of 999999999.0000 Hz. Current loop rate is 50.0000 Hz
[INFO] [1780512453.143134564] [controller_server]: Passing new path to controller.
[WARN] [1780512454.131852761] [planner_server]: Planner loop missed its desired rate of 999999999.0000 Hz. Current loop rate is 100.0000 Hz
[INFO] [1780512454.176296834] [controller_server]: Passing new path to controller.
[WARN] [1780512455.162946007] [planner_server]: Planner loop missed its desired rate of 999999999.0000 Hz. Current loop rate is 100.0000 Hz
[INFO] [1780512455.177306818] [controller_server]: Passing new path to controller.
[INFO] [1780512456.209636925] [controller_server]: Passing new path to controller.
[INFO] [1780512457.242973292] [controller_server]: Passing new path to controller.
[WARN] [1780512457.777315465] [controller_server]: Control loop missed its desired rate of 30.0000 Hz. Current loop rate is 33.3333 Hz.
[WARN] [1780512458.231045324] [planner_server]: Planner loop missed its desired rate of 999999999.0000 Hz. Current loop rate is 100.0000 Hz
[INFO] [1780512458.277438738] [controller_server]: Passing new path to controller.
[WARN] [1780512459.249607135] [planner_server]: Planner loop missed its desired rate of 999999999.0000 Hz. Current loop rate is 100.0000 Hz
[INFO] [1780512459.279371939] [controller_server]: Passing new path to controller.
[INFO] [1780512460.311119926] [controller_server]: Passing new path to controller.
[INFO] [1780512461.344100470] [controller_server]: Passing new path to controller.
[WARN] [1780512461.781754244] [controller_server]: Control loop missed its desired rate of 30.0000 Hz. Current loop rate is 25.0000 Hz.
[WARN] [1780512462.394022261] [planner_server]: Planner loop missed its desired rate of 999999999.0000 Hz. Current loop rate is 16.6667 Hz
[INFO] [1780512462.415216569] [controller_server]: Passing new path to controller.
[INFO] [1780512463.448700902] [controller_server]: Passing new path to controller.
[WARN] [1780512464.430842394] [planner_server]: Planner loop missed its desired rate of 999999999.0000 Hz. Current loop rate is 100.0000 Hz
[INFO] [1780512464.448530575] [controller_server]: Passing new path to controller.
[WARN] [1780512464.683181303] [controller_server]: Control loop missed its desired rate of 30.0000 Hz. Current loop rate is 25.0000 Hz.
[WARN] [1780512464.786259859] [controller_server]: Control loop missed its desired rate of 30.0000 Hz. Current loop rate is 33.3333 Hz.
[WARN] [1780512464.986327226] [controller_server]: Control loop missed its desired rate of 30.0000 Hz. Current loop rate is 33.3333 Hz.
[WARN] [1780512465.087902658] [controller_server]: Control loop missed its desired rate of 30.0000 Hz. Current loop rate is 33.3333 Hz.
[WARN] [1780512465.290721878] [controller_server]: Control loop missed its desired rate of 30.0000 Hz. Current loop rate is 25.0000 Hz.
[WARN] [1780512465.398000512] [controller_server]: Control loop missed its desired rate of 30.0000 Hz. Current loop rate is 25.0000 Hz.
[WARN] [1780512465.477495562] [controller_server]: Control loop missed its desired rate of 30.0000 Hz. Current loop rate is 25.0000 Hz.
[INFO] [1780512465.477546446] [controller_server]: Passing new path to controller.
[WARN] [1780512465.578069476] [controller_server]: Control loop missed its desired rate of 30.0000 Hz. Current loop rate is 33.3333 Hz.
[WARN] [1780512466.183319605] [controller_server]: Control loop missed its desired rate of 30.0000 Hz. Current loop rate is 25.0000 Hz.
[WARN] [1780512466.288458623] [controller_server]: Control loop missed its desired rate of 30.0000 Hz. Current loop rate is 33.3333 Hz.
[WARN] [1780512466.389343934] [controller_server]: Control loop missed its desired rate of 30.0000 Hz. Current loop rate is 25.0000 Hz.
[INFO] [1780512466.522806020] [controller_server]: Passing new path to controller.
[WARN] [1780512466.690853473] [controller_server]: Control loop missed its desired rate of 30.0000 Hz. Current loop rate is 25.0000 Hz.
[WARN] [1780512467.510833945] [planner_server]: Planner loop missed its desired rate of 999999999.0000 Hz. Current loop rate is 100.0000 Hz
[INFO] [1780512467.557630644] [controller_server]: Passing new path to controller.
[WARN] [1780512468.277268067] [controller_server]: Control loop missed its desired rate of 30.0000 Hz. Current loop rate is 20.0000 Hz.
[WARN] [1780512468.382091394] [controller_server]: Control loop missed its desired rate of 30.0000 Hz. Current loop rate is 25.0000 Hz.
[WARN] [1780512468.530007261] [planner_server]: Planner loop missed its desired rate of 999999999.0000 Hz. Current loop rate is 100.0000 Hz
[INFO] [1780512468.549442498] [controller_server]: Passing new path to controller.
[WARN] [1780512468.582809980] [controller_server]: Control loop missed its desired rate of 30.0000 Hz. Current loop rate is 33.3333 Hz.
[WARN] [1780512468.791518342] [controller_server]: Control loop missed its desired rate of 30.0000 Hz. Current loop rate is 25.0000 Hz.
[WARN] [1780512468.887262536] [controller_server]: Control loop missed its desired rate of 30.0000 Hz. Current loop rate is 16.6667 Hz.
[WARN] [1780512468.997351272] [controller_server]: Control loop missed its desired rate of 30.0000 Hz. Current loop rate is 25.0000 Hz.
[WARN] [1780512469.080938169] [controller_server]: Control loop missed its desired rate of 30.0000 Hz. Current loop rate is 20.0000 Hz.
[WARN] [1780512469.187403400] [controller_server]: Control loop missed its desired rate of 30.0000 Hz. Current loop rate is 33.3333 Hz.
[WARN] [1780512469.295138244] [controller_server]: Control loop missed its desired rate of 30.0000 Hz. Current loop rate is 25.0000 Hz.
[WARN] [1780512469.383853024] [controller_server]: Control loop missed its desired rate of 30.0000 Hz. Current loop rate is 20.0000 Hz.
[WARN] [1780512469.492810286] [controller_server]: Control loop missed its desired rate of 30.0000 Hz. Current loop rate is 25.0000 Hz.
[WARN] [1780512469.582455791] [controller_server]: Control loop missed its desired rate of 30.0000 Hz. Current loop rate is 16.6667 Hz.
[INFO] [1780512469.583257839] [controller_server]: Passing new path to controller.
[WARN] [1780512469.685646289] [controller_server]: Control loop missed its desired rate of 30.0000 Hz. Current loop rate is 33.3333 Hz.
[WARN] [1780512469.793108126] [controller_server]: Control loop missed its desired rate of 30.0000 Hz. Current loop rate is 25.0000 Hz.
[WARN] [1780512469.886074039] [controller_server]: Control loop missed its desired rate of 30.0000 Hz. Current loop rate is 20.0000 Hz.
[WARN] [1780512469.988881330] [controller_server]: Control loop missed its desired rate of 30.0000 Hz. Current loop rate is 25.0000 Hz.
[WARN] [1780512470.103778699] [controller_server]: Control loop missed its desired rate of 30.0000 Hz. Current loop rate is 20.0000 Hz.
[WARN] [1780512470.185932730] [controller_server]: Control loop missed its desired rate of 30.0000 Hz. Current loop rate is 20.0000 Hz.
[WARN] [1780512470.296894841] [controller_server]: Control loop missed its desired rate of 30.0000 Hz. Current loop rate is 25.0000 Hz.
[WARN] [1780512470.384418452] [controller_server]: Control loop missed its desired rate of 30.0000 Hz. Current loop rate is 20.0000 Hz.
[WARN] [1780512470.492322810] [controller_server]: Control loop missed its desired rate of 30.0000 Hz. Current loop rate is 25.0000 Hz.
[WARN] [1780512470.582603597] [controller_server]: Control loop missed its desired rate of 30.0000 Hz. Current loop rate is 16.6667 Hz.
[INFO] [1780512470.616584931] [controller_server]: Passing new path to controller.
[WARN] [1780512470.692375072] [controller_server]: Control loop missed its desired rate of 30.0000 Hz. Current loop rate is 25.0000 Hz.
[WARN] [1780512470.785865598] [controller_server]: Control loop missed its desired rate of 30.0000 Hz. Current loop rate is 16.6667 Hz.
[WARN] [1780512470.890905712] [controller_server]: Control loop missed its desired rate of 30.0000 Hz. Current loop rate is 25.0000 Hz.
[WARN] [1780512470.981681177] [controller_server]: Control loop missed its desired rate of 30.0000 Hz. Current loop rate is 16.6667 Hz.
[WARN] [1780512471.089174830] [controller_server]: Control loop missed its desired rate of 30.0000 Hz. Current loop rate is 25.0000 Hz.
[WARN] [1780512471.198555599] [controller_server]: Control loop missed its desired rate of 30.0000 Hz. Current loop rate is 25.0000 Hz.
[WARN] [1780512471.284206311] [controller_server]: Control loop missed its desired rate of 30.0000 Hz. Current loop rate is 20.0000 Hz.
[WARN] [1780512471.391269599] [controller_server]: Control loop missed its desired rate of 30.0000 Hz. Current loop rate is 25.0000 Hz.
[WARN] [1780512471.597057291] [controller_server]: Control loop missed its desired rate of 30.0000 Hz. Current loop rate is 33.3333 Hz.
[WARN] [1780512471.620863201] [planner_server]: Planner loop missed its desired rate of 999999999.0000 Hz. Current loop rate is 33.3333 Hz
[WARN] [1780512471.680931809] [controller_server]: Control loop missed its desired rate of 30.0000 Hz. Current loop rate is 20.0000 Hz.
[INFO] [1780512471.681008023] [controller_server]: Passing new path to controller.
[WARN] [1780512472.282099394] [controller_server]: Control loop missed its desired rate of 30.0000 Hz. Current loop rate is 25.0000 Hz.
[WARN] [1780512472.649885735] [planner_server]: Planner loop missed its desired rate of 999999999.0000 Hz. Current loop rate is 100.0000 Hz
[INFO] [1780512472.682217254] [controller_server]: Passing new path to controller.
[WARN] [1780512473.183630361] [controller_server]: Control loop missed its desired rate of 30.0000 Hz. Current loop rate is 33.3333 Hz.
[WARN] [1780512473.290834270] [controller_server]: Control loop missed its desired rate of 30.0000 Hz. Current loop rate is 25.0000 Hz.
[WARN] [1780512473.680168791] [planner_server]: Planner loop missed its desired rate of 999999999.0000 Hz. Current loop rate is 100.0000 Hz
[INFO] [1780512473.690956492] [controller_server]: Passing new path to controller.
[WARN] [1780512474.706065278] [planner_server]: Planner loop missed its desired rate of 999999999.0000 Hz. Current loop rate is 100.0000 Hz
[INFO] [1780512474.757623982] [controller_server]: Passing new path to controller.
[WARN] [1780512475.738079772] [planner_server]: Planner loop missed its desired rate of 999999999.0000 Hz. Current loop rate is 100.0000 Hz
[INFO] [1780512475.757619127] [controller_server]: Passing new path to controller.
[WARN] [1780512476.758606429] [planner_server]: Planner loop missed its desired rate of 999999999.0000 Hz. Current loop rate is 100.0000 Hz
[INFO] [1780512476.794524054] [controller_server]: Passing new path to controller.
[INFO] [1780512477.332265187] [controller_server]: Reached the goal!
[INFO] [1780512477.332472946] [controller_server]: Optimizer reset
[ERROR] [1780512477.367754236] [bt_navigator_navigate_to_pose_rclcpp_node]: Failed to get result for vlm_node/query_bool in node halt!
[INFO] [1780512477.368054116] [bt_navigator]: Goal succeeded
[INFO] [1780512487.375953341] [local_costmap.local_costmap]: Received request to clear entirely the local_costmap
[INFO] [1780512487.384444921] [global_costmap.global_costmap]: Received request to clear entirely the global_costmap
[INFO] [1780512487.396176888] [bt_navigator]: Begin navigating from current location (-33.54, -22.61) to (9.00, -52.55)
[WARN] [1780512488.118354080] [planner_server]: Planner loop missed its desired rate of 999999999.0000 Hz. Current loop rate is 1.3889 Hz
[INFO] [1780512488.137457256] [controller_server]: Received a goal, begin computing control effort.
[WARN] [1780512488.172690767] [controller_server]: Control loop missed its desired rate of 30.0000 Hz. Current loop rate is 33.3333 Hz.
[WARN] [1780512488.275552638] [controller_server]: Control loop missed its desired rate of 30.0000 Hz. Current loop rate is 25.0000 Hz.
[WARN] [1780512489.221099984] [planner_server]: Planner loop missed its desired rate of 999999999.0000 Hz. Current loop rate is 11.1111 Hz
[INFO] [1780512489.242673719] [controller_server]: Passing new path to controller.
[WARN] [1780512489.777052051] [controller_server]: Control loop missed its desired rate of 30.0000 Hz. Current loop rate is 25.0000 Hz.
[WARN] [1780512490.311704932] [planner_server]: Planner loop missed its desired rate of 999999999.0000 Hz. Current loop rate is 16.6667 Hz
[INFO] [1780512490.343839044] [controller_server]: Passing new path to controller.
[WARN] [1780512490.477582274] [controller_server]: Control loop missed its desired rate of 30.0000 Hz. Current loop rate is 33.3333 Hz.
[WARN] [1780512491.447824095] [planner_server]: Planner loop missed its desired rate of 999999999.0000 Hz. Current loop rate is 9.0909 Hz
[INFO] [1780512491.477699179] [controller_server]: Passing new path to controller.
[WARN] [1780512492.563268552] [planner_server]: Planner loop missed its desired rate of 999999999.0000 Hz. Current loop rate is 11.1111 Hz
[INFO] [1780512492.577678168] [controller_server]: Passing new path to controller.
[WARN] [1780512493.627213161] [planner_server]: Planner loop missed its desired rate of 999999999.0000 Hz. Current loop rate is 16.6667 Hz
[INFO] [1780512493.677685995] [controller_server]: Passing new path to controller.
[WARN] [1780512494.716268289] [planner_server]: Planner loop missed its desired rate of 999999999.0000 Hz. Current loop rate is 16.6667 Hz
[INFO] [1780512494.745502251] [controller_server]: Passing new path to controller.
[WARN] [1780512495.792183202] [planner_server]: Planner loop missed its desired rate of 999999999.0000 Hz. Current loop rate is 16.6667 Hz
[INFO] [1780512495.811033921] [controller_server]: Passing new path to controller.
[WARN] [1780512496.871954868] [planner_server]: Planner loop missed its desired rate of 999999999.0000 Hz. Current loop rate is 16.6667 Hz
[INFO] [1780512496.911030236] [controller_server]: Passing new path to controller.
[WARN] [1780512497.945308267] [planner_server]: Planner loop missed its desired rate of 999999999.0000 Hz. Current loop rate is 16.6667 Hz
[INFO] [1780512497.977693529] [controller_server]: Passing new path to controller.
[WARN] [1780512499.017149510] [planner_server]: Planner loop missed its desired rate of 999999999.0000 Hz. Current loop rate is 20.0000 Hz
[INFO] [1780512499.045216675] [controller_server]: Passing new path to controller.
[WARN] [1780512500.077400065] [planner_server]: Planner loop missed its desired rate of 999999999.0000 Hz. Current loop rate is 25.0000 Hz
[INFO] [1780512500.111028865] [controller_server]: Passing new path to controller.
[WARN] [1780512501.142156240] [planner_server]: Planner loop missed its desired rate of 999999999.0000 Hz. Current loop rate is 25.0000 Hz
[INFO] [1780512501.177691796] [controller_server]: Passing new path to controller.
[WARN] [1780512502.231770138] [planner_server]: Planner loop missed its desired rate of 999999999.0000 Hz. Current loop rate is 16.6667 Hz
[INFO] [1780512502.277690312] [controller_server]: Passing new path to controller.
[WARN] [1780512503.315825521] [planner_server]: Planner loop missed its desired rate of 999999999.0000 Hz. Current loop rate is 16.6667 Hz
[INFO] [1780512503.344362252] [controller_server]: Passing new path to controller.
[WARN] [1780512504.476707600] [planner_server]: Planner loop missed its desired rate of 999999999.0000 Hz. Current loop rate is 6.6667 Hz
[INFO] [1780512504.511022519] [controller_server]: Passing new path to controller.
[WARN] [1780512505.563305185] [planner_server]: Planner loop missed its desired rate of 999999999.0000 Hz. Current loop rate is 14.2857 Hz
[INFO] [1780512505.577690343] [controller_server]: Passing new path to controller.
[WARN] [1780512506.649104147] [planner_server]: Planner loop missed its desired rate of 999999999.0000 Hz. Current loop rate is 14.2857 Hz
[INFO] [1780512506.677691943] [controller_server]: Passing new path to controller.
[WARN] [1780512507.289908468] [controller_server]: Control loop missed its desired rate of 30.0000 Hz. Current loop rate is 25.0000 Hz.
[WARN] [1780512507.495144980] [controller_server]: Control loop missed its desired rate of 30.0000 Hz. Current loop rate is 25.0000 Hz.
[WARN] [1780512507.580067191] [controller_server]: Control loop missed its desired rate of 30.0000 Hz. Current loop rate is 20.0000 Hz.
[WARN] [1780512507.682277589] [controller_server]: Control loop missed its desired rate of 30.0000 Hz. Current loop rate is 25.0000 Hz.
[WARN] [1780512507.711127110] [planner_server]: Planner loop missed its desired rate of 999999999.0000 Hz. Current loop rate is 25.0000 Hz
[INFO] [1780512507.749662682] [controller_server]: Passing new path to controller.
[WARN] [1780512507.983664418] [controller_server]: Control loop missed its desired rate of 30.0000 Hz. Current loop rate is 25.0000 Hz.
[WARN] [1780512508.770239665] [planner_server]: Planner loop missed its desired rate of 999999999.0000 Hz. Current loop rate is 25.0000 Hz
[INFO] [1780512508.817116987] [controller_server]: Passing new path to controller.
[WARN] [1780512509.814963388] [planner_server]: Planner loop missed its desired rate of 999999999.0000 Hz. Current loop rate is 50.0000 Hz
[INFO] [1780512509.850656398] [controller_server]: Passing new path to controller.
[WARN] [1780512510.945953262] [planner_server]: Planner loop missed its desired rate of 999999999.0000 Hz. Current loop rate is 10.0000 Hz
[INFO] [1780512510.983787858] [controller_server]: Passing new path to controller.
[WARN] [1780512511.988765308] [planner_server]: Planner loop missed its desired rate of 999999999.0000 Hz. Current loop rate is 50.0000 Hz
[INFO] [1780512512.017126320] [controller_server]: Passing new path to controller.
[WARN] [1780512513.025471230] [planner_server]: Planner loop missed its desired rate of 999999999.0000 Hz. Current loop rate is 50.0000 Hz
[INFO] [1780512513.051744423] [controller_server]: Passing new path to controller.
[WARN] [1780512514.065003231] [planner_server]: Planner loop missed its desired rate of 999999999.0000 Hz. Current loop rate is 25.0000 Hz
[INFO] [1780512514.084009778] [controller_server]: Passing new path to controller.
[WARN] [1780512515.114447765] [planner_server]: Planner loop missed its desired rate of 999999999.0000 Hz. Current loop rate is 25.0000 Hz
[INFO] [1780512515.150456759] [controller_server]: Passing new path to controller.
[WARN] [1780512516.203314509] [planner_server]: Planner loop missed its desired rate of 999999999.0000 Hz. Current loop rate is 14.2857 Hz
[INFO] [1780512516.217682390] [controller_server]: Passing new path to controller.
[WARN] [1780512517.282096728] [planner_server]: Planner loop missed its desired rate of 999999999.0000 Hz. Current loop rate is 16.6667 Hz
[INFO] [1780512517.317119202] [controller_server]: Passing new path to controller.
[WARN] [1780512518.325279079] [planner_server]: Planner loop missed its desired rate of 999999999.0000 Hz. Current loop rate is 50.0000 Hz
[INFO] [1780512518.350459633] [controller_server]: Passing new path to controller.
[WARN] [1780512519.384303389] [planner_server]: Planner loop missed its desired rate of 999999999.0000 Hz. Current loop rate is 16.6667 Hz
[INFO] [1780512519.417357772] [controller_server]: Passing new path to controller.
[WARN] [1780512520.406894104] [planner_server]: Planner loop missed its desired rate of 999999999.0000 Hz. Current loop rate is 100.0000 Hz
[INFO] [1780512520.450454131] [controller_server]: Passing new path to controller.
[INFO] [1780512521.487469824] [controller_server]: Passing new path to controller.
[WARN] [1780512522.471795329] [planner_server]: Planner loop missed its desired rate of 999999999.0000 Hz. Current loop rate is 100.0000 Hz
[INFO] [1780512522.517119842] [controller_server]: Passing new path to controller.
[WARN] [1780512523.498638536] [planner_server]: Planner loop missed its desired rate of 999999999.0000 Hz. Current loop rate is 100.0000 Hz
[INFO] [1780512523.517130758] [controller_server]: Passing new path to controller.
[WARN] [1780512524.516416120] [planner_server]: Planner loop missed its desired rate of 999999999.0000 Hz. Current loop rate is 100.0000 Hz
[INFO] [1780512524.551193776] [controller_server]: Passing new path to controller.
[WARN] [1780512525.548071172] [planner_server]: Planner loop missed its desired rate of 999999999.0000 Hz. Current loop rate is 100.0000 Hz
[INFO] [1780512525.583784297] [controller_server]: Passing new path to controller.
[WARN] [1780512526.586550055] [planner_server]: Planner loop missed its desired rate of 999999999.0000 Hz. Current loop rate is 100.0000 Hz
[INFO] [1780512526.617116788] [controller_server]: Passing new path to controller.
[WARN] [1780512527.613633324] [planner_server]: Planner loop missed its desired rate of 999999999.0000 Hz. Current loop rate is 100.0000 Hz
[INFO] [1780512527.650467075] [controller_server]: Passing new path to controller.
[WARN] [1780512528.636742075] [planner_server]: Planner loop missed its desired rate of 999999999.0000 Hz. Current loop rate is 100.0000 Hz
[INFO] [1780512528.683785493] [controller_server]: Passing new path to controller.
[INFO] [1780512529.717123013] [controller_server]: Passing new path to controller.
[WARN] [1780512530.690486060] [planner_server]: Planner loop missed its desired rate of 999999999.0000 Hz. Current loop rate is 100.0000 Hz
[INFO] [1780512530.717158966] [controller_server]: Passing new path to controller.
[WARN] [1780512531.700899435] [planner_server]: Planner loop missed its desired rate of 999999999.0000 Hz. Current loop rate is 100.0000 Hz
[INFO] [1780512531.717116697] [controller_server]: Passing new path to controller.
[INFO] [1780512532.750457087] [controller_server]: Passing new path to controller.
[INFO] [1780512533.783784822] [controller_server]: Passing new path to controller.
[INFO] [1780512534.817115188] [controller_server]: Passing new path to controller.
[INFO] [1780512535.850468085] [controller_server]: Passing new path to controller.
[WARN] [1780512536.450517012] [controller_server]: Control loop missed its desired rate of 30.0000 Hz. Current loop rate is 100.0000 Hz.
[WARN] [1780512536.879569381] [planner_server]: Planner loop missed its desired rate of 999999999.0000 Hz. Current loop rate is 20.0000 Hz
[INFO] [1780512536.917293193] [controller_server]: Passing new path to controller.
[WARN] [1780512537.902454055] [planner_server]: Planner loop missed its desired rate of 999999999.0000 Hz. Current loop rate is 100.0000 Hz
[INFO] [1780512537.917313817] [controller_server]: Passing new path to controller.
[WARN] [1780512538.930852903] [planner_server]: Planner loop missed its desired rate of 999999999.0000 Hz. Current loop rate is 100.0000 Hz
[INFO] [1780512538.950744245] [controller_server]: Passing new path to controller.
[WARN] [1780512539.288179896] [controller_server]: Control loop missed its desired rate of 30.0000 Hz. Current loop rate is 25.0000 Hz.
[WARN] [1780512539.389786004] [controller_server]: Control loop missed its desired rate of 30.0000 Hz. Current loop rate is 33.3333 Hz.
[INFO] [1780512539.989904976] [controller_server]: Passing new path to controller.
[WARN] [1780512540.297412007] [controller_server]: Control loop missed its desired rate of 30.0000 Hz. Current loop rate is 25.0000 Hz.
[INFO] [1780512540.312602251] [controller_server]: Reached the goal!
[INFO] [1780512540.313032922] [controller_server]: Optimizer reset
[ERROR] [1780512540.348290103] [bt_navigator_navigate_to_pose_rclcpp_node]: Failed to get result for vlm_node/query_bool in node halt!
[INFO] [1780512540.348574964] [bt_navigator]: Goal succeeded
[INFO] [1780512550.404858349] [local_costmap.local_costmap]: Received request to clear entirely the local_costmap
[INFO] [1780512550.410822859] [global_costmap.global_costmap]: Received request to clear entirely the global_costmap
[INFO] [1780512550.434212653] [bt_navigator]: Begin navigating from current location (8.93, -52.32) to (-41.50, -8.10)
[WARN] [1780512551.060091388] [planner_server]: Planner loop missed its desired rate of 999999999.0000 Hz. Current loop rate is 1.6129 Hz
[INFO] [1780512551.079820508] [controller_server]: Received a goal, begin computing control effort.
[WARN] [1780512551.685416022] [controller_server]: Control loop missed its desired rate of 30.0000 Hz. Current loop rate is 25.0000 Hz.
[WARN] [1780512551.791750497] [controller_server]: Control loop missed its desired rate of 30.0000 Hz. Current loop rate is 20.0000 Hz.
[WARN] [1780512551.870088511] [controller_server]: Control loop missed its desired rate of 30.0000 Hz. Current loop rate is 25.0000 Hz.
[WARN] [1780512551.978639003] [controller_server]: Control loop missed its desired rate of 30.0000 Hz. Current loop rate is 25.0000 Hz.
[WARN] [1780512552.115761605] [planner_server]: Planner loop missed its desired rate of 999999999.0000 Hz. Current loop rate is 25.0000 Hz
[INFO] [1780512552.145585396] [controller_server]: Passing new path to controller.
[WARN] [1780512553.079344064] [controller_server]: Control loop missed its desired rate of 30.0000 Hz. Current loop rate is 33.3333 Hz.
[WARN] [1780512553.177638649] [planner_server]: Planner loop missed its desired rate of 999999999.0000 Hz. Current loop rate is 25.0000 Hz
[INFO] [1780512553.212807152] [controller_server]: Passing new path to controller.
[WARN] [1780512554.225453934] [planner_server]: Planner loop missed its desired rate of 999999999.0000 Hz. Current loop rate is 33.3333 Hz
[INFO] [1780512554.246141095] [controller_server]: Passing new path to controller.
[WARN] [1780512555.296242366] [planner_server]: Planner loop missed its desired rate of 999999999.0000 Hz. Current loop rate is 20.0000 Hz
[INFO] [1780512555.346141409] [controller_server]: Passing new path to controller.
[WARN] [1780512556.396942813] [planner_server]: Planner loop missed its desired rate of 999999999.0000 Hz. Current loop rate is 14.2857 Hz
[INFO] [1780512556.446140110] [controller_server]: Passing new path to controller.
[WARN] [1780512557.448606983] [planner_server]: Planner loop missed its desired rate of 999999999.0000 Hz. Current loop rate is 50.0000 Hz
[INFO] [1780512557.479485249] [controller_server]: Passing new path to controller.
[WARN] [1780512558.503260235] [planner_server]: Planner loop missed its desired rate of 999999999.0000 Hz. Current loop rate is 25.0000 Hz
[INFO] [1780512558.546137864] [controller_server]: Passing new path to controller.
[WARN] [1780512559.567105631] [planner_server]: Planner loop missed its desired rate of 999999999.0000 Hz. Current loop rate is 25.0000 Hz
[INFO] [1780512559.612811325] [controller_server]: Passing new path to controller.
[WARN] [1780512560.608886592] [planner_server]: Planner loop missed its desired rate of 999999999.0000 Hz. Current loop rate is 50.0000 Hz
[INFO] [1780512560.646137405] [controller_server]: Passing new path to controller.
[WARN] [1780512561.691153163] [planner_server]: Planner loop missed its desired rate of 999999999.0000 Hz. Current loop rate is 14.2857 Hz
[INFO] [1780512561.712802271] [controller_server]: Passing new path to controller.
[WARN] [1780512562.736554227] [planner_server]: Planner loop missed its desired rate of 999999999.0000 Hz. Current loop rate is 50.0000 Hz
[INFO] [1780512562.779471634] [controller_server]: Passing new path to controller.
[WARN] [1780512563.802494213] [planner_server]: Planner loop missed its desired rate of 999999999.0000 Hz. Current loop rate is 20.0000 Hz
[INFO] [1780512563.846143389] [controller_server]: Passing new path to controller.
[WARN] [1780512564.893090397] [planner_server]: Planner loop missed its desired rate of 999999999.0000 Hz. Current loop rate is 14.2857 Hz
[INFO] [1780512564.912805811] [controller_server]: Passing new path to controller.
[WARN] [1780512565.932422897] [planner_server]: Planner loop missed its desired rate of 999999999.0000 Hz. Current loop rate is 33.3333 Hz
[INFO] [1780512565.979468709] [controller_server]: Passing new path to controller.
[WARN] [1780512566.970023884] [planner_server]: Planner loop missed its desired rate of 999999999.0000 Hz. Current loop rate is 100.0000 Hz
[INFO] [1780512567.012822571] [controller_server]: Passing new path to controller.
[WARN] [1780512568.009887568] [planner_server]: Planner loop missed its desired rate of 999999999.0000 Hz. Current loop rate is 50.0000 Hz
[INFO] [1780512568.046138366] [controller_server]: Passing new path to controller.
[WARN] [1780512569.077693345] [planner_server]: Planner loop missed its desired rate of 999999999.0000 Hz. Current loop rate is 25.0000 Hz
[INFO] [1780512569.112808319] [controller_server]: Passing new path to controller.
[WARN] [1780512570.134372796] [planner_server]: Planner loop missed its desired rate of 999999999.0000 Hz. Current loop rate is 33.3333 Hz
[INFO] [1780512570.179486205] [controller_server]: Passing new path to controller.
[WARN] [1780512571.203503715] [planner_server]: Planner loop missed its desired rate of 999999999.0000 Hz. Current loop rate is 20.0000 Hz
[INFO] [1780512571.246138926] [controller_server]: Passing new path to controller.
[WARN] [1780512572.258032209] [planner_server]: Planner loop missed its desired rate of 999999999.0000 Hz. Current loop rate is 33.3333 Hz
[INFO] [1780512572.279464019] [controller_server]: Passing new path to controller.
[WARN] [1780512573.299392677] [planner_server]: Planner loop missed its desired rate of 999999999.0000 Hz. Current loop rate is 33.3333 Hz
[INFO] [1780512573.346146432] [controller_server]: Passing new path to controller.
[WARN] [1780512574.414264884] [planner_server]: Planner loop missed its desired rate of 999999999.0000 Hz. Current loop rate is 11.1111 Hz
[INFO] [1780512574.447147141] [controller_server]: Passing new path to controller.
[WARN] [1780512575.461919244] [planner_server]: Planner loop missed its desired rate of 999999999.0000 Hz. Current loop rate is 50.0000 Hz
[INFO] [1780512575.479470195] [controller_server]: Passing new path to controller.
[WARN] [1780512576.495467648] [planner_server]: Planner loop missed its desired rate of 999999999.0000 Hz. Current loop rate is 33.3333 Hz
[INFO] [1780512576.546147371] [controller_server]: Passing new path to controller.
[WARN] [1780512577.543613973] [planner_server]: Planner loop missed its desired rate of 999999999.0000 Hz. Current loop rate is 50.0000 Hz
[INFO] [1780512577.579524124] [controller_server]: Passing new path to controller.
[WARN] [1780512578.929924307] [planner_server]: Planner loop missed its desired rate of 999999999.0000 Hz. Current loop rate is 2.7027 Hz
[INFO] [1780512578.946144505] [controller_server]: Passing new path to controller.
[WARN] [1780512579.986744120] [planner_server]: Planner loop missed its desired rate of 999999999.0000 Hz. Current loop rate is 33.3333 Hz
[INFO] [1780512580.012808657] [controller_server]: Passing new path to controller.
[WARN] [1780512581.027699082] [planner_server]: Planner loop missed its desired rate of 999999999.0000 Hz. Current loop rate is 50.0000 Hz
[INFO] [1780512581.046146347] [controller_server]: Passing new path to controller.
[WARN] [1780512582.085033931] [planner_server]: Planner loop missed its desired rate of 999999999.0000 Hz. Current loop rate is 33.3333 Hz
[INFO] [1780512582.112815893] [controller_server]: Passing new path to controller.
[WARN] [1780512583.423043081] [planner_server]: Planner loop missed its desired rate of 999999999.0000 Hz. Current loop rate is 3.0303 Hz
[INFO] [1780512583.446145702] [controller_server]: Passing new path to controller.
[WARN] [1780512584.454704079] [planner_server]: Planner loop missed its desired rate of 999999999.0000 Hz. Current loop rate is 50.0000 Hz
[INFO] [1780512584.479481464] [controller_server]: Passing new path to controller.
[WARN] [1780512585.489507736] [planner_server]: Planner loop missed its desired rate of 999999999.0000 Hz. Current loop rate is 100.0000 Hz
[INFO] [1780512585.512810683] [controller_server]: Passing new path to controller.
[WARN] [1780512586.515448753] [planner_server]: Planner loop missed its desired rate of 999999999.0000 Hz. Current loop rate is 100.0000 Hz
[INFO] [1780512586.546139838] [controller_server]: Passing new path to controller.
[WARN] [1780512586.688496242] [controller_server]: Control loop missed its desired rate of 30.0000 Hz. Current loop rate is 25.0000 Hz.
[WARN] [1780512586.798044931] [controller_server]: Control loop missed its desired rate of 30.0000 Hz. Current loop rate is 25.0000 Hz.
[WARN] [1780512586.876662777] [controller_server]: Control loop missed its desired rate of 30.0000 Hz. Current loop rate is 33.3333 Hz.
[WARN] [1780512586.977436459] [controller_server]: Control loop missed its desired rate of 30.0000 Hz. Current loop rate is 33.3333 Hz.
[WARN] [1780512587.178756140] [controller_server]: Control loop missed its desired rate of 30.0000 Hz. Current loop rate is 33.3333 Hz.
[WARN] [1780512587.539241201] [planner_server]: Planner loop missed its desired rate of 999999999.0000 Hz. Current loop rate is 100.0000 Hz
[INFO] [1780512587.578868626] [controller_server]: Passing new path to controller.
[WARN] [1780512587.885010815] [controller_server]: Control loop missed its desired rate of 30.0000 Hz. Current loop rate is 25.0000 Hz.
[WARN] [1780512588.575147543] [planner_server]: Planner loop missed its desired rate of 999999999.0000 Hz. Current loop rate is 100.0000 Hz
[INFO] [1780512588.618468663] [controller_server]: Passing new path to controller.
[WARN] [1780512589.619021886] [planner_server]: Planner loop missed its desired rate of 999999999.0000 Hz. Current loop rate is 100.0000 Hz
[INFO] [1780512589.651805245] [controller_server]: Passing new path to controller.
[WARN] [1780512590.652365397] [planner_server]: Planner loop missed its desired rate of 999999999.0000 Hz. Current loop rate is 100.0000 Hz
[INFO] [1780512590.685148196] [controller_server]: Passing new path to controller.
[WARN] [1780512591.684154122] [planner_server]: Planner loop missed its desired rate of 999999999.0000 Hz. Current loop rate is 50.0000 Hz
[INFO] [1780512591.718474567] [controller_server]: Passing new path to controller.
[WARN] [1780512592.702420887] [planner_server]: Planner loop missed its desired rate of 999999999.0000 Hz. Current loop rate is 100.0000 Hz
[INFO] [1780512592.718476272] [controller_server]: Passing new path to controller.
[WARN] [1780512593.731984290] [planner_server]: Planner loop missed its desired rate of 999999999.0000 Hz. Current loop rate is 100.0000 Hz
[INFO] [1780512593.751804840] [controller_server]: Passing new path to controller.
[WARN] [1780512594.753251988] [planner_server]: Planner loop missed its desired rate of 999999999.0000 Hz. Current loop rate is 100.0000 Hz
[INFO] [1780512594.785142249] [controller_server]: Passing new path to controller.
[WARN] [1780512595.792060826] [planner_server]: Planner loop missed its desired rate of 999999999.0000 Hz. Current loop rate is 50.0000 Hz
[INFO] [1780512595.818470583] [controller_server]: Passing new path to controller.
[WARN] [1780512596.824214746] [planner_server]: Planner loop missed its desired rate of 999999999.0000 Hz. Current loop rate is 100.0000 Hz
[INFO] [1780512596.851806957] [controller_server]: Passing new path to controller.
[WARN] [1780512597.587763114] [controller_server]: Control loop missed its desired rate of 30.0000 Hz. Current loop rate is 25.0000 Hz.
[WARN] [1780512597.693110373] [controller_server]: Control loop missed its desired rate of 30.0000 Hz. Current loop rate is 25.0000 Hz.
[WARN] [1780512597.779408828] [controller_server]: Control loop missed its desired rate of 30.0000 Hz. Current loop rate is 20.0000 Hz.
[WARN] [1780512597.899700300] [planner_server]: Planner loop missed its desired rate of 999999999.0000 Hz. Current loop rate is 20.0000 Hz
[INFO] [1780512597.946224202] [controller_server]: Passing new path to controller.
[INFO] [1780512598.979555874] [controller_server]: Passing new path to controller.
[INFO] [1780512599.979557546] [controller_server]: Passing new path to controller.
[INFO] [1780512601.012926361] [controller_server]: Passing new path to controller.
[INFO] [1780512602.046220732] [controller_server]: Passing new path to controller.
[INFO] [1780512603.046220891] [controller_server]: Passing new path to controller.
[WARN] [1780512604.053632587] [planner_server]: Planner loop missed its desired rate of 999999999.0000 Hz. Current loop rate is 100.0000 Hz
[INFO] [1780512604.079546086] [controller_server]: Passing new path to controller.
[WARN] [1780512605.086178206] [planner_server]: Planner loop missed its desired rate of 999999999.0000 Hz. Current loop rate is 100.0000 Hz
[INFO] [1780512605.113038867] [controller_server]: Passing new path to controller.
[INFO] [1780512606.146227759] [controller_server]: Passing new path to controller.
[INFO] [1780512607.146281134] [controller_server]: Passing new path to controller.
[INFO] [1780512608.179564896] [controller_server]: Passing new path to controller.
[WARN] [1780512609.180473102] [planner_server]: Planner loop missed its desired rate of 999999999.0000 Hz. Current loop rate is 100.0000 Hz
[INFO] [1780512609.212900134] [controller_server]: Passing new path to controller.
[INFO] [1780512610.246227667] [controller_server]: Passing new path to controller.
[INFO] [1780512611.246224696] [controller_server]: Passing new path to controller.
[INFO] [1780512612.279553145] [controller_server]: Passing new path to controller.
[WARN] [1780512613.279753180] [planner_server]: Planner loop missed its desired rate of 999999999.0000 Hz. Current loop rate is 100.0000 Hz
[INFO] [1780512613.312893711] [controller_server]: Passing new path to controller.
[WARN] [1780512614.298065156] [planner_server]: Planner loop missed its desired rate of 999999999.0000 Hz. Current loop rate is 100.0000 Hz
[INFO] [1780512614.346226839] [controller_server]: Passing new path to controller.
[WARN] [1780512615.283580520] [controller_server]: Control loop missed its desired rate of 30.0000 Hz. Current loop rate is 33.3333 Hz.
[WARN] [1780512615.392251828] [planner_server]: Planner loop missed its desired rate of 999999999.0000 Hz. Current loop rate is 16.6667 Hz
[INFO] [1780512615.417048012] [controller_server]: Passing new path to controller.
[INFO] [1780512616.417041142] [controller_server]: Passing new path to controller.
[INFO] [1780512617.450371026] [controller_server]: Passing new path to controller.
[INFO] [1780512618.483704819] [controller_server]: Passing new path to controller.
[INFO] [1780512619.517047956] [controller_server]: Passing new path to controller.
[INFO] [1780512620.550385390] [controller_server]: Passing new path to controller.
[INFO] [1780512621.550379644] [controller_server]: Passing new path to controller.
[WARN] [1780512621.684423916] [controller_server]: Control loop missed its desired rate of 30.0000 Hz. Current loop rate is 33.3333 Hz.
[INFO] [1780512622.585025108] [controller_server]: Passing new path to controller.
[INFO] [1780512623.618362992] [controller_server]: Passing new path to controller.
[WARN] [1780512624.603663665] [planner_server]: Planner loop missed its desired rate of 999999999.0000 Hz. Current loop rate is 50.0000 Hz
[INFO] [1780512624.618361590] [controller_server]: Passing new path to controller.
[INFO] [1780512625.651691936] [controller_server]: Passing new path to controller.
[INFO] [1780512626.568784967] [controller_server]: Reached the goal!
[INFO] [1780512626.569006414] [controller_server]: Optimizer reset
[ERROR] [1780512626.605834851] [bt_navigator_navigate_to_pose_rclcpp_node]: Failed to get result for vlm_node/query_bool in node halt!
[INFO] [1780512626.606211039] [bt_navigator]: Goal succeeded
[INFO] [1780512636.614593809] [local_costmap.local_costmap]: Received request to clear entirely the local_costmap
[INFO] [1780512636.619463358] [global_costmap.global_costmap]: Received request to clear entirely the global_costmap
[INFO] [1780512636.637940899] [bt_navigator]: Begin navigating from current location (-41.53, -8.28) to (5.05, -59.60)
[WARN] [1780512637.222620366] [planner_server]: Planner loop missed its desired rate of 999999999.0000 Hz. Current loop rate is 1.7241 Hz
[INFO] [1780512637.239599644] [controller_server]: Received a goal, begin computing control effort.
[WARN] [1780512637.874227692] [controller_server]: Control loop missed its desired rate of 30.0000 Hz. Current loop rate is 33.3333 Hz.
[WARN] [1780512638.176470266] [controller_server]: Control loop missed its desired rate of 30.0000 Hz. Current loop rate is 25.0000 Hz.
[WARN] [1780512638.550517733] [planner_server]: Planner loop missed its desired rate of 999999999.0000 Hz. Current loop rate is 3.3333 Hz
[INFO] [1780512638.576582745] [controller_server]: Passing new path to controller.
[WARN] [1780512639.876642100] [controller_server]: Control loop missed its desired rate of 30.0000 Hz. Current loop rate is 25.0000 Hz.
[WARN] [1780512639.994426432] [planner_server]: Planner loop missed its desired rate of 999999999.0000 Hz. Current loop rate is 2.3810 Hz
[INFO] [1780512640.043422925] [controller_server]: Passing new path to controller.
[WARN] [1780512641.139772928] [planner_server]: Planner loop missed its desired rate of 999999999.0000 Hz. Current loop rate is 8.3333 Hz
[INFO] [1780512641.176757577] [controller_server]: Passing new path to controller.
[WARN] [1780512641.881588502] [controller_server]: Control loop missed its desired rate of 30.0000 Hz. Current loop rate is 25.0000 Hz.
[WARN] [1780512642.339711947] [planner_server]: Planner loop missed its desired rate of 999999999.0000 Hz. Current loop rate is 5.8824 Hz
[INFO] [1780512642.381695744] [controller_server]: Passing new path to controller.
[WARN] [1780512643.637457182] [planner_server]: Planner loop missed its desired rate of 999999999.0000 Hz. Current loop rate is 3.7037 Hz
[INFO] [1780512643.648373460] [controller_server]: Passing new path to controller.
[WARN] [1780512644.286785834] [controller_server]: Control loop missed its desired rate of 30.0000 Hz. Current loop rate is 25.0000 Hz.
[WARN] [1780512644.387279467] [controller_server]: Control loop missed its desired rate of 30.0000 Hz. Current loop rate is 25.0000 Hz.
[WARN] [1780512645.079642788] [planner_server]: Planner loop missed its desired rate of 999999999.0000 Hz. Current loop rate is 2.3256 Hz
[INFO] [1780512645.120754964] [controller_server]: Passing new path to controller.
[WARN] [1780512645.492295166] [controller_server]: Control loop missed its desired rate of 30.0000 Hz. Current loop rate is 25.0000 Hz.
[WARN] [1780512645.591398317] [controller_server]: Control loop missed its desired rate of 30.0000 Hz. Current loop rate is 16.6667 Hz.
[WARN] [1780512645.684031398] [controller_server]: Control loop missed its desired rate of 30.0000 Hz. Current loop rate is 20.0000 Hz.
[WARN] [1780512646.195002760] [controller_server]: Control loop missed its desired rate of 30.0000 Hz. Current loop rate is 25.0000 Hz.
[WARN] [1780512646.245614186] [planner_server]: Planner loop missed its desired rate of 999999999.0000 Hz. Current loop rate is 7.6923 Hz
[WARN] [1780512646.282920112] [controller_server]: Control loop missed its desired rate of 30.0000 Hz. Current loop rate is 20.0000 Hz.
[INFO] [1780512646.283048225] [controller_server]: Passing new path to controller.
[WARN] [1780512646.987164995] [controller_server]: Control loop missed its desired rate of 30.0000 Hz. Current loop rate is 25.0000 Hz.
[WARN] [1780512647.192454802] [controller_server]: Control loop missed its desired rate of 30.0000 Hz. Current loop rate is 25.0000 Hz.
[WARN] [1780512647.272887090] [controller_server]: Control loop missed its desired rate of 30.0000 Hz. Current loop rate is 25.0000 Hz.
[WARN] [1780512647.380945158] [controller_server]: Control loop missed its desired rate of 30.0000 Hz. Current loop rate is 25.0000 Hz.
[WARN] [1780512647.465944729] [planner_server]: Planner loop missed its desired rate of 999999999.0000 Hz. Current loop rate is 5.0000 Hz
[INFO] [1780512647.481074308] [controller_server]: Passing new path to controller.
[WARN] [1780512648.184788070] [controller_server]: Control loop missed its desired rate of 30.0000 Hz. Current loop rate is 25.0000 Hz.
[WARN] [1780512648.292941723] [controller_server]: Control loop missed its desired rate of 30.0000 Hz. Current loop rate is 25.0000 Hz.
[WARN] [1780512648.377888552] [controller_server]: Control loop missed its desired rate of 30.0000 Hz. Current loop rate is 20.0000 Hz.
[WARN] [1780512648.720276870] [planner_server]: Planner loop missed its desired rate of 999999999.0000 Hz. Current loop rate is 4.1667 Hz
[INFO] [1780512648.744676592] [controller_server]: Passing new path to controller.
[WARN] [1780512649.483833301] [controller_server]: Control loop missed its desired rate of 30.0000 Hz. Current loop rate is 33.3333 Hz.
[WARN] [1780512649.889072251] [planner_server]: Planner loop missed its desired rate of 999999999.0000 Hz. Current loop rate is 6.6667 Hz
[INFO] [1780512649.917304414] [controller_server]: Passing new path to controller.
[WARN] [1780512650.385896289] [controller_server]: Control loop missed its desired rate of 30.0000 Hz. Current loop rate is 25.0000 Hz.
[WARN] [1780512650.495140663] [controller_server]: Control loop missed its desired rate of 30.0000 Hz. Current loop rate is 25.0000 Hz.
[WARN] [1780512650.561945362] [controller_server]: Control loop missed its desired rate of 30.0000 Hz. Current loop rate is 33.3333 Hz.
[WARN] [1780512650.669052488] [controller_server]: Control loop missed its desired rate of 30.0000 Hz. Current loop rate is 25.0000 Hz.
[WARN] [1780512650.771808533] [controller_server]: Control loop missed its desired rate of 30.0000 Hz. Current loop rate is 33.3333 Hz.
[WARN] [1780512650.879465830] [controller_server]: Control loop missed its desired rate of 30.0000 Hz. Current loop rate is 25.0000 Hz.
[WARN] [1780512650.980635955] [controller_server]: Control loop missed its desired rate of 30.0000 Hz. Current loop rate is 33.3333 Hz.
[WARN] [1780512651.025948194] [planner_server]: Planner loop missed its desired rate of 999999999.0000 Hz. Current loop rate is 7.6923 Hz
[INFO] [1780512651.047491224] [controller_server]: Passing new path to controller.
[WARN] [1780512651.582826998] [controller_server]: Control loop missed its desired rate of 30.0000 Hz. Current loop rate is 33.3333 Hz.
[WARN] [1780512652.126285063] [planner_server]: Planner loop missed its desired rate of 999999999.0000 Hz. Current loop rate is 11.1111 Hz
[INFO] [1780512652.149624110] [controller_server]: Passing new path to controller.
[WARN] [1780512653.294133455] [planner_server]: Planner loop missed its desired rate of 999999999.0000 Hz. Current loop rate is 6.6667 Hz
[INFO] [1780512653.316298267] [controller_server]: Passing new path to controller.
[WARN] [1780512653.786261496] [controller_server]: Control loop missed its desired rate of 30.0000 Hz. Current loop rate is 33.3333 Hz.
[WARN] [1780512654.744033864] [planner_server]: Planner loop missed its desired rate of 999999999.0000 Hz. Current loop rate is 2.2727 Hz
[INFO] [1780512654.786545090] [controller_server]: Passing new path to controller.
[WARN] [1780512654.986566666] [controller_server]: Control loop missed its desired rate of 30.0000 Hz. Current loop rate is 33.3333 Hz.
[WARN] [1780512655.087887397] [controller_server]: Control loop missed its desired rate of 30.0000 Hz. Current loop rate is 25.0000 Hz.
[WARN] [1780512655.491246564] [controller_server]: Control loop missed its desired rate of 30.0000 Hz. Current loop rate is 25.0000 Hz.
[WARN] [1780512655.573777120] [controller_server]: Control loop missed its desired rate of 30.0000 Hz. Current loop rate is 20.0000 Hz.
[WARN] [1780512655.689056116] [controller_server]: Control loop missed its desired rate of 30.0000 Hz. Current loop rate is 20.0000 Hz.
[WARN] [1780512655.794159792] [controller_server]: Control loop missed its desired rate of 30.0000 Hz. Current loop rate is 25.0000 Hz.
[WARN] [1780512655.862236758] [controller_server]: Control loop missed its desired rate of 30.0000 Hz. Current loop rate is 25.0000 Hz.
[WARN] [1780512656.034870689] [planner_server]: Planner loop missed its desired rate of 999999999.0000 Hz. Current loop rate is 3.8462 Hz
[WARN] [1780512656.064260041] [controller_server]: Control loop missed its desired rate of 30.0000 Hz. Current loop rate is 33.3333 Hz.
[INFO] [1780512656.064305718] [controller_server]: Passing new path to controller.
[WARN] [1780512656.271327612] [controller_server]: Control loop missed its desired rate of 30.0000 Hz. Current loop rate is 25.0000 Hz.
[WARN] [1780512656.475097190] [controller_server]: Control loop missed its desired rate of 30.0000 Hz. Current loop rate is 33.3333 Hz.
[WARN] [1780512657.076628557] [controller_server]: Control loop missed its desired rate of 30.0000 Hz. Current loop rate is 33.3333 Hz.
[WARN] [1780512657.192402926] [planner_server]: Planner loop missed its desired rate of 999999999.0000 Hz. Current loop rate is 7.6923 Hz
[INFO] [1780512657.210076577] [controller_server]: Passing new path to controller.
[WARN] [1780512658.438375843] [planner_server]: Planner loop missed its desired rate of 999999999.0000 Hz. Current loop rate is 4.3478 Hz
[WARN] [1780512658.479781908] [controller_server]: Control loop missed its desired rate of 30.0000 Hz. Current loop rate is 25.0000 Hz.
[INFO] [1780512658.479848354] [controller_server]: Passing new path to controller.
[WARN] [1780512658.680477984] [controller_server]: Control loop missed its desired rate of 30.0000 Hz. Current loop rate is 25.0000 Hz.
[WARN] [1780512658.785667567] [controller_server]: Control loop missed its desired rate of 30.0000 Hz. Current loop rate is 25.0000 Hz.
[WARN] [1780512658.888237545] [controller_server]: Control loop missed its desired rate of 30.0000 Hz. Current loop rate is 25.0000 Hz.
[WARN] [1780512658.989248141] [controller_server]: Control loop missed its desired rate of 30.0000 Hz. Current loop rate is 25.0000 Hz.
[WARN] [1780512659.289898604] [controller_server]: Control loop missed its desired rate of 30.0000 Hz. Current loop rate is 25.0000 Hz.
[WARN] [1780512659.578094749] [planner_server]: Planner loop missed its desired rate of 999999999.0000 Hz. Current loop rate is 9.0909 Hz
[INFO] [1780512659.623370697] [controller_server]: Passing new path to controller.
[WARN] [1780512660.831591161] [planner_server]: Planner loop missed its desired rate of 999999999.0000 Hz. Current loop rate is 4.3478 Hz
[INFO] [1780512660.856764187] [controller_server]: Passing new path to controller.
[WARN] [1780512661.794703355] [controller_server]: Control loop missed its desired rate of 30.0000 Hz. Current loop rate is 25.0000 Hz.
[WARN] [1780512661.874536423] [controller_server]: Control loop missed its desired rate of 30.0000 Hz. Current loop rate is 25.0000 Hz.
[WARN] [1780512662.129216418] [planner_server]: Planner loop missed its desired rate of 999999999.0000 Hz. Current loop rate is 3.4483 Hz
[INFO] [1780512662.175019393] [controller_server]: Passing new path to controller.
[WARN] [1780512663.581792909] [planner_server]: Planner loop missed its desired rate of 999999999.0000 Hz. Current loop rate is 2.3810 Hz
[INFO] [1780512663.608360287] [controller_server]: Passing new path to controller.
[WARN] [1780512664.664658737] [planner_server]: Planner loop missed its desired rate of 999999999.0000 Hz. Current loop rate is 16.6667 Hz
[INFO] [1780512664.708349557] [controller_server]: Passing new path to controller.
[WARN] [1780512665.964758285] [planner_server]: Planner loop missed its desired rate of 999999999.0000 Hz. Current loop rate is 3.7037 Hz
[INFO] [1780512666.008347105] [controller_server]: Passing new path to controller.
[WARN] [1780512667.235089239] [planner_server]: Planner loop missed its desired rate of 999999999.0000 Hz. Current loop rate is 4.0000 Hz
[INFO] [1780512667.275031596] [controller_server]: Passing new path to controller.
[WARN] [1780512668.296475166] [planner_server]: Planner loop missed its desired rate of 999999999.0000 Hz. Current loop rate is 33.3333 Hz
[INFO] [1780512668.341685839] [controller_server]: Passing new path to controller.
[WARN] [1780512669.374168883] [planner_server]: Planner loop missed its desired rate of 999999999.0000 Hz. Current loop rate is 16.6667 Hz
[INFO] [1780512669.408352460] [controller_server]: Passing new path to controller.
[WARN] [1780512670.521267054] [planner_server]: Planner loop missed its desired rate of 999999999.0000 Hz. Current loop rate is 7.6923 Hz
[INFO] [1780512670.541992806] [controller_server]: Passing new path to controller.
[WARN] [1780512671.714227722] [planner_server]: Planner loop missed its desired rate of 999999999.0000 Hz. Current loop rate is 5.8824 Hz
[INFO] [1780512671.741679378] [controller_server]: Passing new path to controller.
[WARN] [1780512673.048960815] [planner_server]: Planner loop missed its desired rate of 999999999.0000 Hz. Current loop rate is 3.0303 Hz
[INFO] [1780512673.075018156] [controller_server]: Passing new path to controller.
[WARN] [1780512673.579119880] [controller_server]: Control loop missed its desired rate of 30.0000 Hz. Current loop rate is 25.0000 Hz.
[WARN] [1780512674.145127290] [planner_server]: Planner loop missed its desired rate of 999999999.0000 Hz. Current loop rate is 14.2857 Hz
[INFO] [1780512674.179244119] [controller_server]: Passing new path to controller.
[WARN] [1780512675.277002653] [planner_server]: Planner loop missed its desired rate of 999999999.0000 Hz. Current loop rate is 10.0000 Hz
[INFO] [1780512675.312575727] [controller_server]: Passing new path to controller.
[WARN] [1780512676.514772805] [planner_server]: Planner loop missed its desired rate of 999999999.0000 Hz. Current loop rate is 4.5455 Hz
[INFO] [1780512676.547480061] [controller_server]: Passing new path to controller.
[WARN] [1780512677.839928002] [planner_server]: Planner loop missed its desired rate of 999999999.0000 Hz. Current loop rate is 3.3333 Hz
[INFO] [1780512677.879247099] [controller_server]: Passing new path to controller.
[WARN] [1780512679.116635086] [planner_server]: Planner loop missed its desired rate of 999999999.0000 Hz. Current loop rate is 4.1667 Hz
[INFO] [1780512679.145913330] [controller_server]: Passing new path to controller.
[WARN] [1780512680.358100870] [planner_server]: Planner loop missed its desired rate of 999999999.0000 Hz. Current loop rate is 4.5455 Hz
[INFO] [1780512680.379250228] [controller_server]: Passing new path to controller.
[WARN] [1780512681.589309452] [planner_server]: Planner loop missed its desired rate of 999999999.0000 Hz. Current loop rate is 4.5455 Hz
[INFO] [1780512681.612577016] [controller_server]: Passing new path to controller.
[WARN] [1780512682.792829510] [planner_server]: Planner loop missed its desired rate of 999999999.0000 Hz. Current loop rate is 5.5556 Hz
[INFO] [1780512682.812581779] [controller_server]: Passing new path to controller.
[WARN] [1780512683.818403906] [planner_server]: Planner loop missed its desired rate of 999999999.0000 Hz. Current loop rate is 100.0000 Hz
[INFO] [1780512683.845965206] [controller_server]: Passing new path to controller.
[WARN] [1780512684.888273414] [planner_server]: Planner loop missed its desired rate of 999999999.0000 Hz. Current loop rate is 25.0000 Hz
[INFO] [1780512684.912575418] [controller_server]: Passing new path to controller.
[WARN] [1780512685.906133925] [planner_server]: Planner loop missed its desired rate of 999999999.0000 Hz. Current loop rate is 100.0000 Hz
[INFO] [1780512685.945916346] [controller_server]: Passing new path to controller.
[WARN] [1780512686.939425677] [planner_server]: Planner loop missed its desired rate of 999999999.0000 Hz. Current loop rate is 100.0000 Hz
[INFO] [1780512686.979241673] [controller_server]: Passing new path to controller.
[WARN] [1780512687.976051258] [planner_server]: Planner loop missed its desired rate of 999999999.0000 Hz. Current loop rate is 100.0000 Hz
[INFO] [1780512688.012577670] [controller_server]: Passing new path to controller.
[WARN] [1780512689.017935916] [planner_server]: Planner loop missed its desired rate of 999999999.0000 Hz. Current loop rate is 33.3333 Hz
[INFO] [1780512689.046153077] [controller_server]: Passing new path to controller.
[INFO] [1780512690.079245217] [controller_server]: Passing new path to controller.
[WARN] [1780512691.068769339] [planner_server]: Planner loop missed its desired rate of 999999999.0000 Hz. Current loop rate is 100.0000 Hz
[INFO] [1780512691.112582829] [controller_server]: Passing new path to controller.
[WARN] [1780512692.096864664] [planner_server]: Planner loop missed its desired rate of 999999999.0000 Hz. Current loop rate is 100.0000 Hz
[INFO] [1780512692.112590431] [controller_server]: Passing new path to controller.
[WARN] [1780512693.126667312] [planner_server]: Planner loop missed its desired rate of 999999999.0000 Hz. Current loop rate is 100.0000 Hz
[INFO] [1780512693.145915725] [controller_server]: Passing new path to controller.
[WARN] [1780512694.155929842] [planner_server]: Planner loop missed its desired rate of 999999999.0000 Hz. Current loop rate is 50.0000 Hz
[INFO] [1780512694.179241313] [controller_server]: Passing new path to controller.
[WARN] [1780512694.585124737] [controller_server]: Control loop missed its desired rate of 30.0000 Hz. Current loop rate is 20.0000 Hz.
[WARN] [1780512695.186279809] [planner_server]: Planner loop missed its desired rate of 999999999.0000 Hz. Current loop rate is 100.0000 Hz
[INFO] [1780512695.218615193] [controller_server]: Passing new path to controller.
[WARN] [1780512695.291265555] [controller_server]: Control loop missed its desired rate of 30.0000 Hz. Current loop rate is 25.0000 Hz.
[WARN] [1780512695.469261434] [controller_server]: Control loop missed its desired rate of 30.0000 Hz. Current loop rate is 25.0000 Hz.
[WARN] [1780512695.575922333] [controller_server]: Control loop missed its desired rate of 30.0000 Hz. Current loop rate is 20.0000 Hz.
[WARN] [1780512695.681908596] [controller_server]: Control loop missed its desired rate of 30.0000 Hz. Current loop rate is 20.0000 Hz.
[WARN] [1780512695.786415569] [controller_server]: Control loop missed its desired rate of 30.0000 Hz. Current loop rate is 20.0000 Hz.
[WARN] [1780512695.892046888] [controller_server]: Control loop missed its desired rate of 30.0000 Hz. Current loop rate is 25.0000 Hz.
[WARN] [1780512695.982861668] [controller_server]: Control loop missed its desired rate of 30.0000 Hz. Current loop rate is 16.6667 Hz.
[WARN] [1780512696.094960600] [controller_server]: Control loop missed its desired rate of 30.0000 Hz. Current loop rate is 20.0000 Hz.
[WARN] [1780512696.173427793] [controller_server]: Control loop missed its desired rate of 30.0000 Hz. Current loop rate is 20.0000 Hz.
[WARN] [1780512696.201089035] [planner_server]: Planner loop missed its desired rate of 999999999.0000 Hz. Current loop rate is 100.0000 Hz
[INFO] [1780512696.240226049] [controller_server]: Passing new path to controller.
[WARN] [1780512696.283362193] [controller_server]: Control loop missed its desired rate of 30.0000 Hz. Current loop rate is 20.0000 Hz.
[WARN] [1780512696.404865973] [controller_server]: Control loop missed its desired rate of 30.0000 Hz. Current loop rate is 14.2857 Hz.
[WARN] [1780512696.482352075] [controller_server]: Control loop missed its desired rate of 30.0000 Hz. Current loop rate is 20.0000 Hz.
[WARN] [1780512696.594259675] [controller_server]: Control loop missed its desired rate of 30.0000 Hz. Current loop rate is 20.0000 Hz.
[WARN] [1780512696.672208216] [controller_server]: Control loop missed its desired rate of 30.0000 Hz. Current loop rate is 20.0000 Hz.
[WARN] [1780512696.790048293] [controller_server]: Control loop missed its desired rate of 30.0000 Hz. Current loop rate is 20.0000 Hz.
[WARN] [1780512696.917360991] [controller_server]: Control loop missed its desired rate of 30.0000 Hz. Current loop rate is 16.6667 Hz.
[WARN] [1780512696.995566677] [controller_server]: Control loop missed its desired rate of 30.0000 Hz. Current loop rate is 20.0000 Hz.
[WARN] [1780512697.070793627] [controller_server]: Control loop missed its desired rate of 30.0000 Hz. Current loop rate is 20.0000 Hz.
[WARN] [1780512697.181567597] [controller_server]: Control loop missed its desired rate of 30.0000 Hz. Current loop rate is 20.0000 Hz.
[INFO] [1780512697.248374619] [controller_server]: Passing new path to controller.
[WARN] [1780512697.493283538] [controller_server]: Control loop missed its desired rate of 30.0000 Hz. Current loop rate is 20.0000 Hz.
[WARN] [1780512697.583151686] [controller_server]: Control loop missed its desired rate of 30.0000 Hz. Current loop rate is 16.6667 Hz.
[WARN] [1780512698.185607894] [controller_server]: Control loop missed its desired rate of 30.0000 Hz. Current loop rate is 25.0000 Hz.
[WARN] [1780512698.251979499] [planner_server]: Planner loop missed its desired rate of 999999999.0000 Hz. Current loop rate is 100.0000 Hz
[INFO] [1780512698.285725422] [controller_server]: Passing new path to controller.
[WARN] [1780512698.592786495] [controller_server]: Control loop missed its desired rate of 30.0000 Hz. Current loop rate is 25.0000 Hz.
[WARN] [1780512698.670043040] [controller_server]: Control loop missed its desired rate of 30.0000 Hz. Current loop rate is 25.0000 Hz.
[WARN] [1780512698.770118359] [controller_server]: Control loop missed its desired rate of 30.0000 Hz. Current loop rate is 25.0000 Hz.
[WARN] [1780512699.081952595] [controller_server]: Control loop missed its desired rate of 30.0000 Hz. Current loop rate is 16.6667 Hz.
[WARN] [1780512699.196259392] [controller_server]: Control loop missed its desired rate of 30.0000 Hz. Current loop rate is 20.0000 Hz.
[WARN] [1780512699.272083689] [controller_server]: Control loop missed its desired rate of 30.0000 Hz. Current loop rate is 20.0000 Hz.
[WARN] [1780512699.282583646] [planner_server]: Planner loop missed its desired rate of 999999999.0000 Hz. Current loop rate is 100.0000 Hz
[INFO] [1780512699.305528242] [controller_server]: Passing new path to controller.
[WARN] [1780512699.381940316] [controller_server]: Control loop missed its desired rate of 30.0000 Hz. Current loop rate is 20.0000 Hz.
[WARN] [1780512699.487781309] [controller_server]: Control loop missed its desired rate of 30.0000 Hz. Current loop rate is 25.0000 Hz.
[WARN] [1780512699.595029265] [controller_server]: Control loop missed its desired rate of 30.0000 Hz. Current loop rate is 25.0000 Hz.
[WARN] [1780512699.669548299] [controller_server]: Control loop missed its desired rate of 30.0000 Hz. Current loop rate is 25.0000 Hz.
[WARN] [1780512699.782125788] [controller_server]: Control loop missed its desired rate of 30.0000 Hz. Current loop rate is 20.0000 Hz.
[INFO] [1780512699.832988661] [rclcpp]: signal_handler(SIGINT/SIGTERM)
[INFO] [1780512699.833063376] [amcl]: Running Nav2 LifecycleNode rcl preshutdown (amcl)
[INFO] [1780512699.833159777] [amcl]: Deactivating
[INFO] [1780512699.833189824] [amcl]: Destroying bond (amcl) to lifecycle manager.
[INFO] [1780512699.843468959] [amcl]: Cleaning up
[INFO] [1780512699.848961588] [amcl]: Destroying bond (amcl) to lifecycle manager.
[INFO] [1780512699.849037673] [lifecycle_manager_localization]: Running Nav2 LifecycleManager rcl preshutdown (lifecycle_manager_localization)
[INFO] [1780512699.849347312] [lifecycle_manager_localization]: [34m[1mTerminating bond timer...[0m[0m
[WARN] [1780512699.884211174] [controller_server]: Control loop missed its desired rate of 30.0000 Hz. Current loop rate is 25.0000 Hz.
[INFO] [1780512699.884231842] [controller_server]: Running Nav2 LifecycleNode rcl preshutdown (controller_server)
[INFO] [1780512699.884879776] [controller_server]: Deactivating
[WARN] [1780512699.884899805] [controller_server]: [follow_path] [ActionServer] Requested to deactivate server but goal is still executing. Should check if action server is running before deactivating.
[WARN] [1780512699.917695035] [controller_server]: [follow_path] [ActionServer] Stopping the thread per request.
[WARN] [1780512699.917741573] [controller_server]: [follow_path] [ActionServer] Aborting handle.
[INFO] [1780512699.918105277] [MPPIController]: Deactivated MPPI Controller: FollowPath
[INFO] [1780512699.918178864] [local_costmap.local_costmap]: Deactivating
[INFO] [1780512699.918233698] [local_costmap.local_costmap]: stvl_layer was deactivated.
[INFO] [1780512699.925290890] [controller_server]: Destroying bond (controller_server) to lifecycle manager.
[INFO] [1780512699.935513902] [controller_server]: Cleaning up
[INFO] [1780512699.942569326] [MPPIController]: Cleaned up MPPI Controller: FollowPath
[INFO] [1780512699.943328875] [local_costmap.local_costmap]: Cleaning up
[ERROR] [1780512699.948854245] [bt_navigator_navigate_to_pose_rclcpp_node]: Failed to cancel action server for vlm_node/query_bool
[ERROR] [1780512699.969017366] [bt_navigator_navigate_to_pose_rclcpp_node]: Failed to get result for vlm_node/query_bool in node halt!
[WARN] [1780512699.969269012] [bt_navigator]: [navigate_to_pose] [ActionServer] Aborting handle.
[ERROR] [1780512699.969389320] [bt_navigator]: Goal failed
[INFO] [1780512700.023092621] [controller_server]: Destroying bond (controller_server) to lifecycle manager.
[INFO] [1780512700.023143891] [map_server]: Running Nav2 LifecycleNode rcl preshutdown (map_server)
[INFO] [1780512700.023184290] [map_server]: Deactivating
[INFO] [1780512700.023211346] [map_server]: Destroying bond (map_server) to lifecycle manager.
[INFO] [1780512700.033343072] [map_server]: Cleaning up
[INFO] [1780512700.033409408] [map_server]: Destroying bond (map_server) to lifecycle manager.
[INFO] [1780512700.033428158] [smoother_server]: Running Nav2 LifecycleNode rcl preshutdown (smoother_server)
[INFO] [1780512700.033475854] [smoother_server]: Deactivating
[INFO] [1780512700.033501937] [smoother_server]: Deactivating smoother: path_smoother of type nav2_constrained_smoother::ConstrainedSmoother
[INFO] [1780512700.033529688] [smoother_server]: Destroying bond (smoother_server) to lifecycle manager.
[INFO] [1780512700.036044177] [lifecycle_manager_navigation]: [34m[1mHave not received a heartbeat from controller_server.[0m[0m
[ERROR] [1780512700.036132402] [lifecycle_manager_navigation]: CRITICAL FAILURE: SERVER controller_server IS DOWN after not receiving a heartbeat for 4000 ms. Shutting down related nodes.
