ggml_cuda_init: found 1 CUDA devices (Total VRAM: 125771 MiB):
  Device 0: NVIDIA Thor, compute capability 11.0, VMM: yes, VRAM: 125771 MiB
common_download_file_single_online: HEAD failed, status: 404
no remote preset found, skipping
main: n_parallel is set to auto, using n_parallel = 4 and kv_unified = true
build_info: b9066-05ff59cb5
system_info: n_threads = 12 (n_threads_batch = 12) / 12 | CUDA : ARCHS = 1100,1210 | USE_GRAPHS = 1 | PEER_MAX_BATCH_SIZE = 128 | FA_ALL_QUANTS = 1 | CPU : NEON = 1 | ARM_FMA = 1 | FP16_VA = 1 | MATMUL_INT8 = 1 | SVE = 1 | DOTPROD = 1 | SVE_CNT = 16 | OPENMP = 1 | REPACK = 1 | 
Running without SSL
init: using 11 threads for HTTP server
start: binding port with default address family
main: loading model
srv    load_model: loading model '/root/.cache/huggingface/models--ggml-org--gemma-4-31B-it-GGUF/snapshots/fb5801c702a472691c6eba168f28af79a076fbe9/gemma-4-31B-it-Q4_K_M.gguf'
common_init_result: fitting params to device memory, for bugs during this step try to reproduce them with -fit off, or provide --verbose logs if the bug only occurs with -fit on
common_params_fit_impl: getting device memory data for initial parameters:
common_memory_breakdown_print: | memory breakdown [MiB] |  total    free     self   model   context   compute    unaccounted |
common_memory_breakdown_print: |   - CUDA0 (Thor)       | 125771 = 77976 + (42752 = 17806 +   24080 +     866) +        5041 |
common_memory_breakdown_print: |   - Host               |                    1644 =  1102 +       0 +     542                |
common_params_fit_impl: projected to use 42752 MiB of device memory vs. 77976 MiB of free device memory
common_params_fit_impl: will leave 35224 >= 1024 MiB of free device memory, no changes needed
common_fit_params: successfully fit params to free device memory
common_fit_params: fitting params to free memory took 1.26 seconds
llama_model_loader: loaded meta data with 44 key-value pairs and 833 tensors from /root/.cache/huggingface/models--ggml-org--gemma-4-31B-it-GGUF/snapshots/fb5801c702a472691c6eba168f28af79a076fbe9/gemma-4-31B-it-Q4_K_M.gguf (version GGUF V3 (latest))
llama_model_loader: Dumping metadata keys/values. Note: KV overrides do not apply in this output.
llama_model_loader: - kv   0:                       general.architecture str              = gemma4
llama_model_loader: - kv   1:                               general.type str              = model
llama_model_loader: - kv   2:                     general.sampling.top_k i32              = 64
llama_model_loader: - kv   3:                     general.sampling.top_p f32              = 0.950000
llama_model_loader: - kv   4:                      general.sampling.temp f32              = 1.000000
llama_model_loader: - kv   5:                         general.size_label str              = 31B
llama_model_loader: - kv   6:                            general.license str              = apache-2.0
llama_model_loader: - kv   7:                       general.license.link str              = https://ai.google.dev/gemma/docs/gemm...
llama_model_loader: - kv   8:                               general.tags arr[str,1]       = ["image-text-to-text"]
llama_model_loader: - kv   9:                         gemma4.block_count u32              = 60
llama_model_loader: - kv  10:                      gemma4.context_length u32              = 262144
llama_model_loader: - kv  11:                    gemma4.embedding_length u32              = 5376
llama_model_loader: - kv  12:                 gemma4.feed_forward_length u32              = 21504
llama_model_loader: - kv  13:                gemma4.attention.head_count u32              = 32
llama_model_loader: - kv  14:             gemma4.attention.head_count_kv arr[i32,60]      = [16, 16, 16, 16, 16, 4, 16, 16, 16, 1...
llama_model_loader: - kv  15:                      gemma4.rope.freq_base f32              = 1000000.000000
llama_model_loader: - kv  16:                  gemma4.rope.freq_base_swa f32              = 10000.000000
llama_model_loader: - kv  17:    gemma4.attention.layer_norm_rms_epsilon f32              = 0.000001
llama_model_loader: - kv  18:                gemma4.attention.key_length u32              = 512
llama_model_loader: - kv  19:              gemma4.attention.value_length u32              = 512
llama_model_loader: - kv  20:             gemma4.final_logit_softcapping f32              = 30.000000
llama_model_loader: - kv  21:            gemma4.attention.sliding_window u32              = 1024
llama_model_loader: - kv  22:          gemma4.attention.shared_kv_layers u32              = 0
llama_model_loader: - kv  23:    gemma4.embedding_length_per_layer_input u32              = 0
llama_model_loader: - kv  24:    gemma4.attention.sliding_window_pattern arr[bool,60]     = [true, true, true, true, true, false,...
llama_model_loader: - kv  25:            gemma4.attention.key_length_swa u32              = 256
llama_model_loader: - kv  26:          gemma4.attention.value_length_swa u32              = 256
llama_model_loader: - kv  27:                gemma4.rope.dimension_count u32              = 512
llama_model_loader: - kv  28:            gemma4.rope.dimension_count_swa u32              = 256
llama_model_loader: - kv  29:                       tokenizer.ggml.model str              = gemma4
llama_model_loader: - kv  30:                      tokenizer.ggml.tokens arr[str,262144]  = ["<pad>", "<eos>", "<bos>", "<unk>", ...
llama_model_loader: - kv  31:                      tokenizer.ggml.scores arr[f32,262144]  = [-1000.000000, -1000.000000, -1000.00...
llama_model_loader: - kv  32:                  tokenizer.ggml.token_type arr[i32,262144]  = [3, 3, 3, 3, 3, 1, 1, 1, 1, 1, 1, 1, ...
llama_model_loader: - kv  33:                      tokenizer.ggml.merges arr[str,514906]  = ["\n\n\n\n\n\n\n\n\n\n\n\n\n\n\n\n\n\n\n\n\n\n\n\n\n\n\n\n\n\n \n", ...
llama_model_loader: - kv  34:                tokenizer.ggml.bos_token_id u32              = 2
llama_model_loader: - kv  35:                tokenizer.ggml.eos_token_id u32              = 1
llama_model_loader: - kv  36:            tokenizer.ggml.unknown_token_id u32              = 3
llama_model_loader: - kv  37:            tokenizer.ggml.padding_token_id u32              = 0
llama_model_loader: - kv  38:               tokenizer.ggml.mask_token_id u32              = 4
llama_model_loader: - kv  39:                    tokenizer.chat_template str              = {%- macro format_parameters(propertie...
llama_model_loader: - kv  40:            tokenizer.ggml.add_space_prefix bool             = false
llama_model_loader: - kv  41:               tokenizer.ggml.add_bos_token bool             = true
llama_model_loader: - kv  42:               general.quantization_version u32              = 2
llama_model_loader: - kv  43:                          general.file_type u32              = 15
llama_model_loader: - type  f32:  422 tensors
llama_model_loader: - type q4_K:  355 tensors
llama_model_loader: - type q6_K:   56 tensors
print_info: file format = GGUF V3 (latest)
print_info: file type   = Q4_K - Medium
print_info: file size   = 17.39 GiB (4.87 BPW) 
llama_prepare_model_devices: using device CUDA0 (NVIDIA Thor) (0000:01:00.0) - 77965 MiB free
load: 0 unused tokens
load: control-looking token:    212 '</s>' was not control-type; this is probably a bug in the model. its type will be overridden
load: control-looking token:     50 '<|tool_response>' was not control-type; this is probably a bug in the model. its type will be overridden
load: printing all EOG tokens:
load:   - 1 ('<eos>')
load:   - 50 ('<|tool_response>')
load:   - 106 ('<turn|>')
load:   - 212 ('</s>')
load: special_eog_ids contains '<|tool_response>', removing '</s>' token from EOG list
load: special tokens cache size = 24
load: token to piece cache size = 1.9445 MB
print_info: arch                  = gemma4
print_info: vocab_only            = 0
print_info: no_alloc              = 0
print_info: n_ctx_train           = 262144
print_info: n_embd                = 5376
print_info: n_embd_inp            = 5376
print_info: n_layer               = 60
print_info: n_head                = 32
print_info: n_head_kv             = [16, 16, 16, 16, 16, 4, 16, 16, 16, 16, 16, 4, 16, 16, 16, 16, 16, 4, 16, 16, 16, 16, 16, 4, 16, 16, 16, 16, 16, 4, 16, 16, 16, 16, 16, 4, 16, 16, 16, 16, 16, 4, 16, 16, 16, 16, 16, 4, 16, 16, 16, 16, 16, 4, 16, 16, 16, 16, 16, 4]
print_info: n_rot                 = 512
print_info: n_swa                 = 1024
print_info: is_swa_any            = 1
print_info: n_embd_head_k         = 512
print_info: n_embd_head_v         = 512
print_info: n_gqa                 = [2, 2, 2, 2, 2, 8, 2, 2, 2, 2, 2, 8, 2, 2, 2, 2, 2, 8, 2, 2, 2, 2, 2, 8, 2, 2, 2, 2, 2, 8, 2, 2, 2, 2, 2, 8, 2, 2, 2, 2, 2, 8, 2, 2, 2, 2, 2, 8, 2, 2, 2, 2, 2, 8, 2, 2, 2, 2, 2, 8]
print_info: n_embd_k_gqa          = [4096, 4096, 4096, 4096, 4096, 2048, 4096, 4096, 4096, 4096, 4096, 2048, 4096, 4096, 4096, 4096, 4096, 2048, 4096, 4096, 4096, 4096, 4096, 2048, 4096, 4096, 4096, 4096, 4096, 2048, 4096, 4096, 4096, 4096, 4096, 2048, 4096, 4096, 4096, 4096, 4096, 2048, 4096, 4096, 4096, 4096, 4096, 2048, 4096, 4096, 4096, 4096, 4096, 2048, 4096, 4096, 4096, 4096, 4096, 2048]
print_info: n_embd_v_gqa          = [4096, 4096, 4096, 4096, 4096, 2048, 4096, 4096, 4096, 4096, 4096, 2048, 4096, 4096, 4096, 4096, 4096, 2048, 4096, 4096, 4096, 4096, 4096, 2048, 4096, 4096, 4096, 4096, 4096, 2048, 4096, 4096, 4096, 4096, 4096, 2048, 4096, 4096, 4096, 4096, 4096, 2048, 4096, 4096, 4096, 4096, 4096, 2048, 4096, 4096, 4096, 4096, 4096, 2048, 4096, 4096, 4096, 4096, 4096, 2048]
print_info: f_norm_eps            = 0.0e+00
print_info: f_norm_rms_eps        = 1.0e-06
print_info: f_clamp_kqv           = 0.0e+00
print_info: f_max_alibi_bias      = 0.0e+00
print_info: f_logit_scale         = 0.0e+00
print_info: f_attn_scale          = 1.0e+00
print_info: f_attn_value_scale    = 0.0000
print_info: n_ff                  = 21504
print_info: n_expert              = 0
print_info: n_expert_used         = 0
print_info: n_expert_groups       = 0
print_info: n_group_used          = 0
print_info: causal attn           = 1
print_info: pooling type          = -1
print_info: rope type             = 2
print_info: rope scaling          = linear
print_info: freq_base_train       = 1000000.0
print_info: freq_scale_train      = 1
print_info: freq_base_swa         = 10000.0
print_info: freq_scale_swa        = 1
print_info: n_embd_head_k_swa     = 256
print_info: n_embd_head_v_swa     = 256
print_info: n_rot_swa             = 256
print_info: n_ctx_orig_yarn       = 262144
print_info: rope_yarn_log_mul     = 0.0000
print_info: rope_finetuned        = unknown
print_info: model type            = 31B
print_info: model params          = 30.70 B
print_info: general.name          = n/a
print_info: vocab type            = BPE
print_info: n_vocab               = 262144
print_info: n_merges              = 514906
print_info: BOS token             = 2 '<bos>'
print_info: EOS token             = 1 '<eos>'
print_info: UNK token             = 3 '<unk>'
print_info: PAD token             = 0 '<pad>'
print_info: MASK token            = 4 '<mask>'
print_info: LF token              = 107 '
'
print_info: EOG token             = 1 '<eos>'
print_info: EOG token             = 50 '<|tool_response>'
print_info: EOG token             = 106 '<turn|>'
print_info: max token length      = 93
load_tensors: loading model tensors, this can take a while... (mmap = true, direct_io = false)
load_tensors: offloading output layer to GPU
load_tensors: offloading 59 repeating layers to GPU
load_tensors: offloaded 61/61 layers to GPU
load_tensors:   CPU_Mapped model buffer size =  1102.50 MiB
load_tensors:        CUDA0 model buffer size = 17806.35 MiB
...........................................................................................
common_init_result: added <eos> logit bias = -inf
common_init_result: added <|tool_response> logit bias = -inf
common_init_result: added <turn|> logit bias = -inf
llama_context: constructing llama_context
llama_context: n_seq_max     = 4
llama_context: n_ctx         = 262144
llama_context: n_ctx_seq     = 262144
llama_context: n_batch       = 2048
llama_context: n_ubatch      = 512
llama_context: causal_attn   = 1
llama_context: flash_attn    = auto
llama_context: kv_unified    = true
llama_context: freq_base     = 1000000.0
llama_context: freq_scale    = 1
llama_context:  CUDA_Host  output buffer size =     4.00 MiB
llama_kv_cache_iswa: creating non-SWA KV cache, size = 262144 cells
llama_kv_cache:      CUDA0 KV buffer size = 20480.00 MiB
llama_kv_cache: size = 20480.00 MiB (262144 cells,  10 layers,  4/1 seqs), K (f16): 10240.00 MiB, V (f16): 10240.00 MiB
llama_kv_cache: attn_rot_k = 0, n_embd_head_k_all = 512
llama_kv_cache: attn_rot_v = 0, n_embd_head_k_all = 512
llama_kv_cache_iswa: creating     SWA KV cache, size = 4608 cells
llama_kv_cache:      CUDA0 KV buffer size =  3600.00 MiB
llama_kv_cache: size = 3600.00 MiB (  4608 cells,  50 layers,  4/1 seqs), K (f16): 1800.00 MiB, V (f16): 1800.00 MiB
llama_kv_cache: attn_rot_k = 0, n_embd_head_k_all = 256
llama_kv_cache: attn_rot_v = 0, n_embd_head_k_all = 256
sched_reserve: reserving ...
sched_reserve: Flash Attention was auto, set to enabled
sched_reserve: resolving fused Gated Delta Net support:
sched_reserve: fused Gated Delta Net (autoregressive) enabled
sched_reserve: fused Gated Delta Net (chunked) enabled
sched_reserve:      CUDA0 compute buffer size =   866.52 MiB
sched_reserve:  CUDA_Host compute buffer size =   542.02 MiB
sched_reserve: graph nodes  = 2462
sched_reserve: graph splits = 2
sched_reserve: reserve took 243.68 ms, sched copies = 1
common_init_from_params: warming up the model with an empty run - please wait ... (--no-warmup to disable)
clip_model_loader: model name:   
clip_model_loader: description:  
clip_model_loader: GGUF version: 3
clip_model_loader: alignment:    32
clip_model_loader: n_tensors:    356
clip_model_loader: n_kv:         23

clip_model_loader: has vision encoder
clip_ctx: CLIP using CUDA0 backend
load_hparams: projector:          gemma4v
load_hparams: n_embd:             1152
load_hparams: n_head:             16
load_hparams: n_ff:               4304
load_hparams: n_layer:            27
load_hparams: ffn_op:             gelu_quick
load_hparams: projection_dim:     5376

--- vision hparams ---
load_hparams: image_size:         224
load_hparams: patch_size:         16
load_hparams: has_llava_proj:     0
load_hparams: minicpmv_version:   0
load_hparams: n_merge:            3
load_hparams: n_wa_pattern: 0
load_hparams: image_min_pixels:   580608
load_hparams: image_max_pixels:   645120

load_hparams: model size:         772.02 MiB
load_hparams: metadata size:      0.12 MiB
warmup: warmup with image size = 768 x 768
alloc_compute_meta:      CUDA0 compute buffer size =   140.50 MiB
alloc_compute_meta:        CPU compute buffer size =     6.77 MiB
alloc_compute_meta: graph splits = 1, nodes = 1569
warmup: flash attention is enabled
srv    load_model: loaded multimodal model, '/root/.cache/huggingface/models--ggml-org--gemma-4-31B-it-GGUF/snapshots/fb5801c702a472691c6eba168f28af79a076fbe9/mmproj-gemma-4-31B-it-Q8_0.gguf'
srv    load_model: initializing slots, n_slots = 4
no implementations specified for speculative decoding
slot   load_model: id  0 | task -1 | new slot, n_ctx = 262144
no implementations specified for speculative decoding
slot   load_model: id  1 | task -1 | new slot, n_ctx = 262144
no implementations specified for speculative decoding
slot   load_model: id  2 | task -1 | new slot, n_ctx = 262144
no implementations specified for speculative decoding
slot   load_model: id  3 | task -1 | new slot, n_ctx = 262144
srv    load_model: prompt cache is enabled, size limit: 8192 MiB
srv    load_model: use `--cache-ram 0` to disable the prompt cache
srv    load_model: for more info see https://github.com/ggml-org/llama.cpp/pull/16391
srv          init: init: idle slots will be saved to prompt cache and cleared upon starting a new task
init: chat template, example_format: '<|turn>system
<|think|>
You are a helpful assistant<turn|>
<|turn>user
Hello<turn|>
<|turn>model
Hi there<turn|>
<|turn>user
How are you?<turn|>
<|turn>model
'
srv          init: init: chat template, thinking = 1
main: model loaded
main: server is listening on http://0.0.0.0:8080
main: starting the main loop...
srv  update_slots: all slots are idle
srv  params_from_: Chat format: peg-gemma4
slot get_availabl: id  3 | task -1 | selected slot by LRU, t_last = -1
srv  get_availabl: updating prompt cache
srv          load:  - looking for better prompt, base f_keep = -1.000, sim = 0.000
srv        update:  - cache state: 0 prompts, 0.000 MiB (limits: 8192.000 MiB, 262144 tokens, 8589934592 est)
srv  get_availabl: prompt cache update took 0.01 ms
slot launch_slot_: id  3 | task -1 | sampler chain: logits -> ?penalties -> ?dry -> ?top-n-sigma -> top-k -> ?typical -> top-p -> min-p -> ?xtc -> ?temp-ext -> dist 
slot launch_slot_: id  3 | task 0 | processing task, is_child = 0
slot update_slots: id  3 | task 0 | new prompt, n_ctx_slot = 262144, n_keep = 0, task.n_tokens = 638
slot update_slots: id  3 | task 0 | n_tokens = 0, memory_seq_rm [0, end)
slot update_slots: id  3 | task 0 | prompt processing progress, n_tokens = 122, batch.n_tokens = 122, progress = 0.191223
slot update_slots: id  3 | task 0 | n_tokens = 122, memory_seq_rm [122, end)
slot update_slots: id  3 | task 0 | prompt processing progress, n_tokens = 319, batch.n_tokens = 197, progress = 0.500000
slot create_check: id  3 | task 0 | created context checkpoint 1 of 32 (pos_min = 0, pos_max = 121, n_tokens = 122, size = 95.315 MiB)
slot update_slots: id  3 | task 0 | n_tokens = 319, memory_seq_rm [319, end)
srv  process_chun: processing image...
encoding image slice...
image slice encoded in 1718 ms
decoding image batch 1/1, n_tokens_batch = 266
sched_reserve: reserving ...
sched_reserve:      CUDA0 compute buffer size =   866.52 MiB
sched_reserve:  CUDA_Host compute buffer size =   542.02 MiB
sched_reserve: graph nodes  = 2462
sched_reserve: graph splits = 2
sched_reserve: reserve took 379.78 ms, sched copies = 1
image decoded (batch 1/1) in 944 ms
srv  process_chun: image processed in 2663 ms
slot update_slots: id  3 | task 0 | prompt processing progress, n_tokens = 634, batch.n_tokens = 49, progress = 0.993730
sched_reserve: reserving ...
sched_reserve:      CUDA0 compute buffer size =   866.52 MiB
sched_reserve:  CUDA_Host compute buffer size =   542.02 MiB
sched_reserve: graph nodes  = 2462
sched_reserve: graph splits = 2
sched_reserve: reserve took 377.73 ms, sched copies = 1
slot update_slots: id  3 | task 0 | n_tokens = 634, memory_seq_rm [634, end)
slot init_sampler: id  3 | task 0 | init sampler, took 0.14 ms, tokens: text = 372, total = 638
slot update_slots: id  3 | task 0 | prompt processing done, n_tokens = 638, batch.n_tokens = 4
slot create_check: id  3 | task 0 | created context checkpoint 2 of 32 (pos_min = 0, pos_max = 633, n_tokens = 634, size = 495.321 MiB)
slot print_timing: id  3 | task 0 | 
prompt eval time =    5740.46 ms /   638 tokens (    9.00 ms per token,   111.14 tokens per second)
       eval time =   20602.73 ms /   149 tokens (  138.27 ms per token,     7.23 tokens per second)
      total time =   26343.20 ms /   787 tokens
slot      release: id  3 | task 0 | stop processing: n_tokens = 786, truncated = 0
srv  update_slots: all slots are idle
srv  log_server_r: done request: POST /v1/chat/completions 127.0.0.1 200
srv  params_from_: Chat format: peg-gemma4
slot get_availabl: id  3 | task -1 | selected slot by LCP similarity, sim_best = 0.517 (> 0.100 thold), f_keep = 0.406
srv  get_availabl: updating prompt cache
srv   prompt_save:  - saving prompt with length 786, total state size = 675.488 MiB
srv          load:  - looking for better prompt, base f_keep = 0.406, sim = 0.517
srv        update:  - cache state: 1 prompts, 1266.124 MiB (limits: 8192.000 MiB, 262144 tokens, 262144 est)
srv        update:    - prompt 0xaaab2dcefa50:     786 tokens, checkpoints:  2,  1266.124 MiB
srv  get_availabl: prompt cache update took 90.03 ms
slot launch_slot_: id  3 | task -1 | sampler chain: logits -> ?penalties -> ?dry -> ?top-n-sigma -> top-k -> ?typical -> top-p -> min-p -> ?xtc -> ?temp-ext -> dist 
slot launch_slot_: id  3 | task 153 | processing task, is_child = 0
slot update_slots: id  3 | task 153 | new prompt, n_ctx_slot = 262144, n_keep = 0, task.n_tokens = 617
slot update_slots: id  3 | task 153 | n_past = 319, slot.prompt.tokens.size() = 786, seq_id = 3, pos_min = 0, n_swa = 1024
slot update_slots: id  3 | task 153 | Checking checkpoint with [0, 633] against 0...
slot update_slots: id  3 | task 153 | restored context checkpoint (pos_min = 0, pos_max = 633, n_tokens = 634, n_past = 319, size = 495.321 MiB)
slot update_slots: id  3 | task 153 | erased invalidated context checkpoint (pos_min = 0, pos_max = 633, n_tokens = 634, n_swa = 1024, pos_next = 319, size = 495.321 MiB)
slot update_slots: id  3 | task 153 | n_tokens = 319, memory_seq_rm [319, end)
srv  process_chun: processing image...
encoding image slice...
image slice encoded in 985 ms
decoding image batch 1/1, n_tokens_batch = 266
sched_reserve: reserving ...
sched_reserve:      CUDA0 compute buffer size =   866.52 MiB
sched_reserve:  CUDA_Host compute buffer size =   542.02 MiB
sched_reserve: graph nodes  = 2462
sched_reserve: graph splits = 2
sched_reserve: reserve took 352.37 ms, sched copies = 1
image decoded (batch 1/1) in 920 ms
srv  process_chun: image processed in 1905 ms
slot update_slots: id  3 | task 153 | prompt processing progress, n_tokens = 613, batch.n_tokens = 28, progress = 0.993517
sched_reserve: reserving ...
sched_reserve:      CUDA0 compute buffer size =   866.52 MiB
sched_reserve:  CUDA_Host compute buffer size =   542.02 MiB
sched_reserve: graph nodes  = 2462
sched_reserve: graph splits = 2
sched_reserve: reserve took 366.20 ms, sched copies = 1
slot update_slots: id  3 | task 153 | n_tokens = 613, memory_seq_rm [613, end)
slot init_sampler: id  3 | task 153 | init sampler, took 0.12 ms, tokens: text = 351, total = 617
slot update_slots: id  3 | task 153 | prompt processing done, n_tokens = 617, batch.n_tokens = 4
slot create_check: id  3 | task 153 | created context checkpoint 2 of 32 (pos_min = 0, pos_max = 612, n_tokens = 613, size = 478.914 MiB)
slot print_timing: id  3 | task 153 | 
prompt eval time =    3777.62 ms /   298 tokens (   12.68 ms per token,    78.89 tokens per second)
       eval time =   14483.34 ms /   105 tokens (  137.94 ms per token,     7.25 tokens per second)
      total time =   18260.96 ms /   403 tokens
slot      release: id  3 | task 153 | stop processing: n_tokens = 721, truncated = 0
srv  update_slots: all slots are idle
srv  log_server_r: done request: POST /v1/chat/completions 127.0.0.1 200
srv  params_from_: Chat format: peg-gemma4
slot get_availabl: id  3 | task -1 | selected slot by LCP similarity, sim_best = 0.522 (> 0.100 thold), f_keep = 0.442
srv  get_availabl: updating prompt cache
srv   prompt_save:  - saving prompt with length 721, total state size = 619.627 MiB
srv          load:  - looking for better prompt, base f_keep = 0.442, sim = 0.522
srv        update:  - cache state: 2 prompts, 2459.981 MiB (limits: 8192.000 MiB, 262144 tokens, 262144 est)
srv        update:    - prompt 0xaaab2dcefa50:     786 tokens, checkpoints:  2,  1266.124 MiB
srv        update:    - prompt 0xaaab26cd01a0:     721 tokens, checkpoints:  2,  1193.857 MiB
srv  get_availabl: prompt cache update took 86.03 ms
slot launch_slot_: id  3 | task -1 | sampler chain: logits -> ?penalties -> ?dry -> ?top-n-sigma -> top-k -> ?typical -> top-p -> min-p -> ?xtc -> ?temp-ext -> dist 
slot launch_slot_: id  3 | task 260 | processing task, is_child = 0
slot update_slots: id  3 | task 260 | new prompt, n_ctx_slot = 262144, n_keep = 0, task.n_tokens = 611
slot update_slots: id  3 | task 260 | n_past = 319, slot.prompt.tokens.size() = 721, seq_id = 3, pos_min = 0, n_swa = 1024
slot update_slots: id  3 | task 260 | Checking checkpoint with [0, 612] against 0...
slot update_slots: id  3 | task 260 | restored context checkpoint (pos_min = 0, pos_max = 612, n_tokens = 613, n_past = 319, size = 478.914 MiB)
slot update_slots: id  3 | task 260 | erased invalidated context checkpoint (pos_min = 0, pos_max = 612, n_tokens = 613, n_swa = 1024, pos_next = 319, size = 478.914 MiB)
slot update_slots: id  3 | task 260 | n_tokens = 319, memory_seq_rm [319, end)
srv  process_chun: processing image...
encoding image slice...
image slice encoded in 985 ms
decoding image batch 1/1, n_tokens_batch = 266
sched_reserve: reserving ...
sched_reserve:      CUDA0 compute buffer size =   866.52 MiB
sched_reserve:  CUDA_Host compute buffer size =   542.02 MiB
sched_reserve: graph nodes  = 2462
sched_reserve: graph splits = 2
sched_reserve: reserve took 356.53 ms, sched copies = 1
image decoded (batch 1/1) in 919 ms
srv  process_chun: image processed in 1905 ms
slot update_slots: id  3 | task 260 | prompt processing progress, n_tokens = 607, batch.n_tokens = 22, progress = 0.993453
sched_reserve: reserving ...
sched_reserve:      CUDA0 compute buffer size =   866.52 MiB
sched_reserve:  CUDA_Host compute buffer size =   542.02 MiB
sched_reserve: graph nodes  = 2462
sched_reserve: graph splits = 2
sched_reserve: reserve took 373.89 ms, sched copies = 1
slot update_slots: id  3 | task 260 | n_tokens = 607, memory_seq_rm [607, end)
slot init_sampler: id  3 | task 260 | init sampler, took 0.12 ms, tokens: text = 345, total = 611
slot update_slots: id  3 | task 260 | prompt processing done, n_tokens = 611, batch.n_tokens = 4
slot create_check: id  3 | task 260 | created context checkpoint 2 of 32 (pos_min = 0, pos_max = 606, n_tokens = 607, size = 474.227 MiB)
slot print_timing: id  3 | task 260 | 
prompt eval time =    3752.10 ms /   292 tokens (   12.85 ms per token,    77.82 tokens per second)
       eval time =    9861.31 ms /    72 tokens (  136.96 ms per token,     7.30 tokens per second)
      total time =   13613.41 ms /   364 tokens
slot      release: id  3 | task 260 | stop processing: n_tokens = 682, truncated = 0
srv  update_slots: all slots are idle
srv  log_server_r: done request: POST /v1/chat/completions 127.0.0.1 200
srv  params_from_: Chat format: peg-gemma4
slot get_availabl: id  3 | task -1 | selected slot by LCP similarity, sim_best = 0.500 (> 0.100 thold), f_keep = 0.468
srv  get_availabl: updating prompt cache
srv   prompt_save:  - saving prompt with length 682, total state size = 586.111 MiB
srv          load:  - looking for better prompt, base f_keep = 0.468, sim = 0.500
srv        update:  - cache state: 3 prompts, 3615.634 MiB (limits: 8192.000 MiB, 262144 tokens, 262144 est)
srv        update:    - prompt 0xaaab2dcefa50:     786 tokens, checkpoints:  2,  1266.124 MiB
srv        update:    - prompt 0xaaab26cd01a0:     721 tokens, checkpoints:  2,  1193.857 MiB
srv        update:    - prompt 0xaaab34530a60:     682 tokens, checkpoints:  2,  1155.653 MiB
srv  get_availabl: prompt cache update took 81.18 ms
slot launch_slot_: id  3 | task -1 | sampler chain: logits -> ?penalties -> ?dry -> ?top-n-sigma -> top-k -> ?typical -> top-p -> min-p -> ?xtc -> ?temp-ext -> dist 
slot launch_slot_: id  3 | task 334 | processing task, is_child = 0
slot update_slots: id  3 | task 334 | new prompt, n_ctx_slot = 262144, n_keep = 0, task.n_tokens = 638
slot update_slots: id  3 | task 334 | n_past = 319, slot.prompt.tokens.size() = 682, seq_id = 3, pos_min = 0, n_swa = 1024
slot update_slots: id  3 | task 334 | Checking checkpoint with [0, 606] against 0...
slot update_slots: id  3 | task 334 | restored context checkpoint (pos_min = 0, pos_max = 606, n_tokens = 607, n_past = 319, size = 474.227 MiB)
slot update_slots: id  3 | task 334 | erased invalidated context checkpoint (pos_min = 0, pos_max = 606, n_tokens = 607, n_swa = 1024, pos_next = 319, size = 474.227 MiB)
slot update_slots: id  3 | task 334 | n_tokens = 319, memory_seq_rm [319, end)
srv  process_chun: processing image...
encoding image slice...
image slice encoded in 988 ms
decoding image batch 1/1, n_tokens_batch = 266
sched_reserve: reserving ...
sched_reserve:      CUDA0 compute buffer size =   866.52 MiB
sched_reserve:  CUDA_Host compute buffer size =   542.02 MiB
sched_reserve: graph nodes  = 2462
sched_reserve: graph splits = 2
sched_reserve: reserve took 371.98 ms, sched copies = 1
image decoded (batch 1/1) in 935 ms
srv  process_chun: image processed in 1923 ms
slot update_slots: id  3 | task 334 | prompt processing progress, n_tokens = 634, batch.n_tokens = 49, progress = 0.993730
sched_reserve: reserving ...
sched_reserve:      CUDA0 compute buffer size =   866.52 MiB
sched_reserve:  CUDA_Host compute buffer size =   542.02 MiB
sched_reserve: graph nodes  = 2462
sched_reserve: graph splits = 2
sched_reserve: reserve took 385.93 ms, sched copies = 1
slot update_slots: id  3 | task 334 | n_tokens = 634, memory_seq_rm [634, end)
slot init_sampler: id  3 | task 334 | init sampler, took 0.13 ms, tokens: text = 372, total = 638
slot update_slots: id  3 | task 334 | prompt processing done, n_tokens = 638, batch.n_tokens = 4
slot create_check: id  3 | task 334 | created context checkpoint 2 of 32 (pos_min = 0, pos_max = 633, n_tokens = 634, size = 495.321 MiB)
srv  params_from_: Chat format: peg-gemma4
slot get_availabl: id  2 | task -1 | selected slot by LRU, t_last = -1
srv  get_availabl: updating prompt cache
srv          load:  - looking for better prompt, base f_keep = -1.000, sim = 0.000
srv          load:  - found better prompt with f_keep = 0.406, sim = 0.500
srv        update:  - cache state: 2 prompts, 2349.509 MiB (limits: 8192.000 MiB, 262144 tokens, 262144 est)
srv        update:    - prompt 0xaaab26cd01a0:     721 tokens, checkpoints:  2,  1193.857 MiB
srv        update:    - prompt 0xaaab34530a60:     682 tokens, checkpoints:  2,  1155.653 MiB
srv  get_availabl: prompt cache update took 14.59 ms
slot launch_slot_: id  2 | task -1 | sampler chain: logits -> ?penalties -> ?dry -> ?top-n-sigma -> top-k -> ?typical -> top-p -> min-p -> ?xtc -> ?temp-ext -> dist 
slot launch_slot_: id  2 | task 528 | processing task, is_child = 0
slot update_slots: id  2 | task 528 | new prompt, n_ctx_slot = 262144, n_keep = 0, task.n_tokens = 638
slot update_slots: id  2 | task 528 | n_past = 319, slot.prompt.tokens.size() = 786, seq_id = 2, pos_min = 0, n_swa = 1024
slot update_slots: id  2 | task 528 | Checking checkpoint with [0, 633] against 0...
slot update_slots: id  2 | task 528 | restored context checkpoint (pos_min = 0, pos_max = 633, n_tokens = 634, n_past = 319, size = 495.321 MiB)
slot update_slots: id  2 | task 528 | erased invalidated context checkpoint (pos_min = 0, pos_max = 633, n_tokens = 634, n_swa = 1024, pos_next = 319, size = 495.321 MiB)
slot update_slots: id  2 | task 528 | n_tokens = 319, memory_seq_rm [319, end)
srv  process_chun: processing image...
encoding image slice...
srv          stop: cancel task, id_task = 334
srv  log_server_r: done request: POST /v1/chat/completions 127.0.0.1 200
image slice encoded in 985 ms
decoding image batch 1/1, n_tokens_batch = 266
sched_reserve: reserving ...
sched_reserve:      CUDA0 compute buffer size =   866.52 MiB
sched_reserve:  CUDA_Host compute buffer size =   542.02 MiB
sched_reserve: graph nodes  = 2462
sched_reserve: graph splits = 2
sched_reserve: reserve took 369.26 ms, sched copies = 1
image decoded (batch 1/1) in 945 ms
srv  process_chun: image processed in 1931 ms
slot update_slots: id  2 | task 528 | prompt processing progress, n_tokens = 634, batch.n_tokens = 50, progress = 0.993730
sched_reserve: reserving ...
sched_reserve:      CUDA0 compute buffer size =   866.52 MiB
sched_reserve:  CUDA_Host compute buffer size =   542.02 MiB
sched_reserve: graph nodes  = 2462
sched_reserve: graph splits = 2
sched_reserve: reserve took 380.66 ms, sched copies = 1
slot      release: id  3 | task 334 | stop processing: n_tokens = 830, truncated = 0
slot update_slots: id  2 | task 528 | n_tokens = 634, memory_seq_rm [634, end)
slot init_sampler: id  2 | task 528 | init sampler, took 0.13 ms, tokens: text = 372, total = 638
slot update_slots: id  2 | task 528 | prompt processing done, n_tokens = 638, batch.n_tokens = 4
slot create_check: id  2 | task 528 | created context checkpoint 2 of 32 (pos_min = 0, pos_max = 633, n_tokens = 634, size = 495.321 MiB)
srv  params_from_: Chat format: peg-gemma4
slot get_availabl: id  3 | task -1 | selected slot by LCP similarity, sim_best = 0.500 (> 0.100 thold), f_keep = 0.384
srv  get_availabl: updating prompt cache
srv   prompt_save:  - saving prompt with length 830, total state size = 713.302 MiB
srv          load:  - looking for better prompt, base f_keep = 0.384, sim = 0.500
srv        update:  - cache state: 3 prompts, 3653.447 MiB (limits: 8192.000 MiB, 262144 tokens, 262144 est)
srv        update:    - prompt 0xaaab26cd01a0:     721 tokens, checkpoints:  2,  1193.857 MiB
srv        update:    - prompt 0xaaab34530a60:     682 tokens, checkpoints:  2,  1155.653 MiB
srv        update:    - prompt 0xaaab4674eb30:     830 tokens, checkpoints:  2,  1303.938 MiB
srv  get_availabl: prompt cache update took 105.53 ms
slot launch_slot_: id  3 | task -1 | sampler chain: logits -> ?penalties -> ?dry -> ?top-n-sigma -> top-k -> ?typical -> top-p -> min-p -> ?xtc -> ?temp-ext -> dist 
slot launch_slot_: id  3 | task 708 | processing task, is_child = 0
slot update_slots: id  3 | task 708 | new prompt, n_ctx_slot = 262144, n_keep = 0, task.n_tokens = 638
slot update_slots: id  3 | task 708 | n_past = 319, slot.prompt.tokens.size() = 830, seq_id = 3, pos_min = 0, n_swa = 1024
slot update_slots: id  3 | task 708 | Checking checkpoint with [0, 633] against 0...
slot update_slots: id  3 | task 708 | restored context checkpoint (pos_min = 0, pos_max = 633, n_tokens = 634, n_past = 319, size = 495.321 MiB)
slot update_slots: id  3 | task 708 | erased invalidated context checkpoint (pos_min = 0, pos_max = 633, n_tokens = 634, n_swa = 1024, pos_next = 319, size = 495.321 MiB)
slot update_slots: id  3 | task 708 | n_tokens = 319, memory_seq_rm [319, end)
srv  process_chun: processing image...
encoding image slice...
srv          stop: cancel task, id_task = 528
srv  log_server_r: done request: POST /v1/chat/completions 127.0.0.1 200
image slice encoded in 985 ms
decoding image batch 1/1, n_tokens_batch = 266
sched_reserve: reserving ...
sched_reserve:      CUDA0 compute buffer size =   866.52 MiB
sched_reserve:  CUDA_Host compute buffer size =   542.02 MiB
sched_reserve: graph nodes  = 2462
sched_reserve: graph splits = 2
sched_reserve: reserve took 356.58 ms, sched copies = 1
srv  params_from_: Chat format: peg-gemma4
image decoded (batch 1/1) in 938 ms
srv  process_chun: image processed in 1924 ms
slot update_slots: id  3 | task 708 | prompt processing progress, n_tokens = 634, batch.n_tokens = 50, progress = 0.993730
sched_reserve: reserving ...
sched_reserve:      CUDA0 compute buffer size =   866.52 MiB
sched_reserve:  CUDA_Host compute buffer size =   542.02 MiB
sched_reserve: graph nodes  = 2462
sched_reserve: graph splits = 2
sched_reserve: reserve took 384.42 ms, sched copies = 1
slot      release: id  2 | task 528 | stop processing: n_tokens = 815, truncated = 0
slot get_availabl: id  2 | task -1 | selected slot by LCP similarity, sim_best = 1.000 (> 0.100 thold), f_keep = 0.783
slot launch_slot_: id  2 | task -1 | sampler chain: logits -> ?penalties -> ?dry -> ?top-n-sigma -> top-k -> ?typical -> top-p -> min-p -> ?xtc -> ?temp-ext -> dist 
slot launch_slot_: id  2 | task 711 | processing task, is_child = 0
slot update_slots: id  2 | task 711 | new prompt, n_ctx_slot = 262144, n_keep = 0, task.n_tokens = 638
slot update_slots: id  2 | task 711 | n_past = 638, slot.prompt.tokens.size() = 815, seq_id = 2, pos_min = 0, n_swa = 1024
slot update_slots: id  2 | task 711 | Checking checkpoint with [0, 633] against 0...
slot update_slots: id  2 | task 711 | restored context checkpoint (pos_min = 0, pos_max = 633, n_tokens = 634, n_past = 633, size = 495.321 MiB)
slot update_slots: id  2 | task 711 | n_tokens = 633, memory_seq_rm [633, end)
slot update_slots: id  2 | task 711 | prompt processing progress, n_tokens = 634, batch.n_tokens = 1, progress = 0.993730
slot update_slots: id  3 | task 708 | n_tokens = 634, memory_seq_rm [634, end)
slot init_sampler: id  3 | task 708 | init sampler, took 0.13 ms, tokens: text = 372, total = 638
slot update_slots: id  3 | task 708 | prompt processing done, n_tokens = 638, batch.n_tokens = 5
slot create_check: id  3 | task 708 | created context checkpoint 2 of 32 (pos_min = 0, pos_max = 633, n_tokens = 634, size = 495.321 MiB)
slot update_slots: id  2 | task 711 | n_tokens = 634, memory_seq_rm [634, end)
slot init_sampler: id  2 | task 711 | init sampler, took 0.12 ms, tokens: text = 372, total = 638
slot update_slots: id  2 | task 711 | prompt processing done, n_tokens = 638, batch.n_tokens = 5
slot print_timing: id  3 | task 708 | 
prompt eval time =    5627.60 ms /   319 tokens (   17.64 ms per token,    56.68 tokens per second)
       eval time =   15578.69 ms /    93 tokens (  167.51 ms per token,     5.97 tokens per second)
      total time =   21206.29 ms /   412 tokens
slot      release: id  3 | task 708 | stop processing: n_tokens = 730, truncated = 0
srv  log_server_r: done request: POST /v1/chat/completions 127.0.0.1 200
srv  params_from_: Chat format: peg-gemma4
slot get_availabl: id  3 | task -1 | selected slot by LCP similarity, sim_best = 0.517 (> 0.100 thold), f_keep = 0.437
srv  get_availabl: updating prompt cache
srv   prompt_save:  - saving prompt with length 730, total state size = 627.362 MiB
srv          load:  - looking for better prompt, base f_keep = 0.437, sim = 0.517
srv        update:  - cache state: 4 prompts, 4871.445 MiB (limits: 8192.000 MiB, 262144 tokens, 262144 est)
srv        update:    - prompt 0xaaab26cd01a0:     721 tokens, checkpoints:  2,  1193.857 MiB
srv        update:    - prompt 0xaaab34530a60:     682 tokens, checkpoints:  2,  1155.653 MiB
srv        update:    - prompt 0xaaab4674eb30:     830 tokens, checkpoints:  2,  1303.938 MiB
srv        update:    - prompt 0xaaab46700830:     730 tokens, checkpoints:  2,  1217.998 MiB
srv  get_availabl: prompt cache update took 376.64 ms
slot launch_slot_: id  3 | task -1 | sampler chain: logits -> ?penalties -> ?dry -> ?top-n-sigma -> top-k -> ?typical -> top-p -> min-p -> ?xtc -> ?temp-ext -> dist 
slot launch_slot_: id  3 | task 806 | processing task, is_child = 0
slot update_slots: id  3 | task 806 | new prompt, n_ctx_slot = 262144, n_keep = 0, task.n_tokens = 617
slot update_slots: id  3 | task 806 | n_past = 319, slot.prompt.tokens.size() = 730, seq_id = 3, pos_min = 0, n_swa = 1024
slot update_slots: id  3 | task 806 | Checking checkpoint with [0, 633] against 0...
slot update_slots: id  3 | task 806 | restored context checkpoint (pos_min = 0, pos_max = 633, n_tokens = 634, n_past = 319, size = 495.321 MiB)
slot update_slots: id  3 | task 806 | erased invalidated context checkpoint (pos_min = 0, pos_max = 633, n_tokens = 634, n_swa = 1024, pos_next = 319, size = 495.321 MiB)
slot update_slots: id  3 | task 806 | n_tokens = 319, memory_seq_rm [319, end)
srv  process_chun: processing image...
encoding image slice...
image slice encoded in 1020 ms
decoding image batch 1/1, n_tokens_batch = 266
sched_reserve: reserving ...
sched_reserve:      CUDA0 compute buffer size =   866.52 MiB
sched_reserve:  CUDA_Host compute buffer size =   542.02 MiB
sched_reserve: graph nodes  = 2462
sched_reserve: graph splits = 2
sched_reserve: reserve took 378.17 ms, sched copies = 1
image decoded (batch 1/1) in 955 ms
srv  process_chun: image processed in 1976 ms
slot update_slots: id  3 | task 806 | prompt processing progress, n_tokens = 613, batch.n_tokens = 29, progress = 0.993517
sched_reserve: reserving ...
sched_reserve:      CUDA0 compute buffer size =   866.52 MiB
sched_reserve:  CUDA_Host compute buffer size =   542.02 MiB
sched_reserve: graph nodes  = 2462
sched_reserve: graph splits = 2
sched_reserve: reserve took 386.10 ms, sched copies = 1
slot update_slots: id  3 | task 806 | n_tokens = 613, memory_seq_rm [613, end)
slot init_sampler: id  3 | task 806 | init sampler, took 0.13 ms, tokens: text = 351, total = 617
slot update_slots: id  3 | task 806 | prompt processing done, n_tokens = 617, batch.n_tokens = 5
slot create_check: id  3 | task 806 | created context checkpoint 2 of 32 (pos_min = 0, pos_max = 612, n_tokens = 613, size = 478.914 MiB)
srv          stop: cancel task, id_task = 711
srv  log_server_r: done request: POST /v1/chat/completions 127.0.0.1 200
slot      release: id  2 | task 711 | stop processing: n_tokens = 763, truncated = 0
slot print_timing: id  3 | task 806 | 
prompt eval time =    5387.67 ms /   298 tokens (   18.08 ms per token,    55.31 tokens per second)
       eval time =   10174.92 ms /    67 tokens (  151.86 ms per token,     6.58 tokens per second)
      total time =   15562.60 ms /   365 tokens
slot      release: id  3 | task 806 | stop processing: n_tokens = 683, truncated = 0
srv  update_slots: all slots are idle
srv  log_server_r: done request: POST /v1/chat/completions 127.0.0.1 200
srv  params_from_: Chat format: peg-gemma4
slot get_availabl: id  2 | task -1 | selected slot by LCP similarity, sim_best = 0.500 (> 0.100 thold), f_keep = 0.418
srv  get_availabl: updating prompt cache
srv   prompt_save:  - saving prompt with length 763, total state size = 655.722 MiB
srv          load:  - looking for better prompt, base f_keep = 0.418, sim = 0.500
srv        update:  - cache state: 5 prompts, 6117.803 MiB (limits: 8192.000 MiB, 262144 tokens, 262144 est)
srv        update:    - prompt 0xaaab26cd01a0:     721 tokens, checkpoints:  2,  1193.857 MiB
srv        update:    - prompt 0xaaab34530a60:     682 tokens, checkpoints:  2,  1155.653 MiB
srv        update:    - prompt 0xaaab4674eb30:     830 tokens, checkpoints:  2,  1303.938 MiB
srv        update:    - prompt 0xaaab46700830:     730 tokens, checkpoints:  2,  1217.998 MiB
srv        update:    - prompt 0xaaab446bc950:     763 tokens, checkpoints:  2,  1246.358 MiB
srv  get_availabl: prompt cache update took 694.51 ms
slot launch_slot_: id  2 | task -1 | sampler chain: logits -> ?penalties -> ?dry -> ?top-n-sigma -> top-k -> ?typical -> top-p -> min-p -> ?xtc -> ?temp-ext -> dist 
slot launch_slot_: id  2 | task 876 | processing task, is_child = 0
slot slot_save_an: id  3 | task -1 | saving idle slot to prompt cache
srv   prompt_save:  - saving prompt with length 683, total state size = 586.970 MiB
slot prompt_clear: id  3 | task -1 | clearing prompt with 683 tokens
srv        update:  - cache state: 6 prompts, 7279.003 MiB (limits: 8192.000 MiB, 262144 tokens, 262144 est)
srv        update:    - prompt 0xaaab26cd01a0:     721 tokens, checkpoints:  2,  1193.857 MiB
srv        update:    - prompt 0xaaab34530a60:     682 tokens, checkpoints:  2,  1155.653 MiB
srv        update:    - prompt 0xaaab4674eb30:     830 tokens, checkpoints:  2,  1303.938 MiB
srv        update:    - prompt 0xaaab46700830:     730 tokens, checkpoints:  2,  1217.998 MiB
srv        update:    - prompt 0xaaab446bc950:     763 tokens, checkpoints:  2,  1246.358 MiB
srv        update:    - prompt 0xaaab33d113d0:     683 tokens, checkpoints:  2,  1161.200 MiB
slot update_slots: id  2 | task 876 | new prompt, n_ctx_slot = 262144, n_keep = 0, task.n_tokens = 638
slot update_slots: id  2 | task 876 | n_past = 319, slot.prompt.tokens.size() = 763, seq_id = 2, pos_min = 0, n_swa = 1024
slot update_slots: id  2 | task 876 | Checking checkpoint with [0, 633] against 0...
slot update_slots: id  2 | task 876 | restored context checkpoint (pos_min = 0, pos_max = 633, n_tokens = 634, n_past = 319, size = 495.321 MiB)
slot update_slots: id  2 | task 876 | erased invalidated context checkpoint (pos_min = 0, pos_max = 633, n_tokens = 634, n_swa = 1024, pos_next = 319, size = 495.321 MiB)
slot update_slots: id  2 | task 876 | n_tokens = 319, memory_seq_rm [319, end)
srv  process_chun: processing image...
encoding image slice...
image slice encoded in 1019 ms
decoding image batch 1/1, n_tokens_batch = 266
sched_reserve: reserving ...
sched_reserve:      CUDA0 compute buffer size =   866.52 MiB
sched_reserve:  CUDA_Host compute buffer size =   542.02 MiB
sched_reserve: graph nodes  = 2462
sched_reserve: graph splits = 2
sched_reserve: reserve took 372.19 ms, sched copies = 1
image decoded (batch 1/1) in 937 ms
srv  process_chun: image processed in 1956 ms
slot update_slots: id  2 | task 876 | prompt processing progress, n_tokens = 634, batch.n_tokens = 49, progress = 0.993730
sched_reserve: reserving ...
sched_reserve:      CUDA0 compute buffer size =   866.52 MiB
sched_reserve:  CUDA_Host compute buffer size =   542.02 MiB
sched_reserve: graph nodes  = 2462
sched_reserve: graph splits = 2
sched_reserve: reserve took 366.44 ms, sched copies = 1
slot update_slots: id  2 | task 876 | n_tokens = 634, memory_seq_rm [634, end)
slot init_sampler: id  2 | task 876 | init sampler, took 0.13 ms, tokens: text = 372, total = 638
slot update_slots: id  2 | task 876 | prompt processing done, n_tokens = 638, batch.n_tokens = 4
slot create_check: id  2 | task 876 | created context checkpoint 2 of 32 (pos_min = 0, pos_max = 633, n_tokens = 634, size = 495.321 MiB)
srv          stop: cancel task, id_task = 876
srv  log_server_r: done request: POST /v1/chat/completions 127.0.0.1 200
slot      release: id  2 | task 876 | stop processing: n_tokens = 817, truncated = 0
srv  update_slots: all slots are idle
srv  params_from_: Chat format: peg-gemma4
slot get_availabl: id  2 | task -1 | selected slot by LCP similarity, sim_best = 1.000 (> 0.100 thold), f_keep = 0.781
slot launch_slot_: id  2 | task -1 | sampler chain: logits -> ?penalties -> ?dry -> ?top-n-sigma -> top-k -> ?typical -> top-p -> min-p -> ?xtc -> ?temp-ext -> dist 
slot launch_slot_: id  2 | task 1059 | processing task, is_child = 0
slot update_slots: id  2 | task 1059 | new prompt, n_ctx_slot = 262144, n_keep = 0, task.n_tokens = 638
slot update_slots: id  2 | task 1059 | n_past = 638, slot.prompt.tokens.size() = 817, seq_id = 2, pos_min = 0, n_swa = 1024
slot update_slots: id  2 | task 1059 | Checking checkpoint with [0, 633] against 0...
slot update_slots: id  2 | task 1059 | restored context checkpoint (pos_min = 0, pos_max = 633, n_tokens = 634, n_past = 633, size = 495.321 MiB)
slot update_slots: id  2 | task 1059 | n_tokens = 633, memory_seq_rm [633, end)
slot update_slots: id  2 | task 1059 | prompt processing progress, n_tokens = 634, batch.n_tokens = 1, progress = 0.993730
slot update_slots: id  2 | task 1059 | n_tokens = 634, memory_seq_rm [634, end)
slot init_sampler: id  2 | task 1059 | init sampler, took 0.13 ms, tokens: text = 372, total = 638
slot update_slots: id  2 | task 1059 | prompt processing done, n_tokens = 638, batch.n_tokens = 4
slot print_timing: id  2 | task 1059 | 
prompt eval time =     417.20 ms /     5 tokens (   83.44 ms per token,    11.98 tokens per second)
       eval time =   15574.81 ms /   113 tokens (  137.83 ms per token,     7.26 tokens per second)
      total time =   15992.01 ms /   118 tokens
slot      release: id  2 | task 1059 | stop processing: n_tokens = 750, truncated = 0
srv  update_slots: all slots are idle
srv  log_server_r: done request: POST /v1/chat/completions 127.0.0.1 200
srv  params_from_: Chat format: peg-gemma4
slot get_availabl: id  2 | task -1 | selected slot by LCP similarity, sim_best = 0.517 (> 0.100 thold), f_keep = 0.425
srv  get_availabl: updating prompt cache
srv   prompt_save:  - saving prompt with length 750, total state size = 644.550 MiB
srv          load:  - looking for better prompt, base f_keep = 0.425, sim = 0.517
srv        update:  - cache size limit reached, removing oldest entry (size = 1193.857 MiB)
srv        update:  - cache state: 6 prompts, 7320.332 MiB (limits: 8192.000 MiB, 262144 tokens, 262144 est)
srv        update:    - prompt 0xaaab34530a60:     682 tokens, checkpoints:  2,  1155.653 MiB
srv        update:    - prompt 0xaaab4674eb30:     830 tokens, checkpoints:  2,  1303.938 MiB
srv        update:    - prompt 0xaaab46700830:     730 tokens, checkpoints:  2,  1217.998 MiB
srv        update:    - prompt 0xaaab446bc950:     763 tokens, checkpoints:  2,  1246.358 MiB
srv        update:    - prompt 0xaaab33d113d0:     683 tokens, checkpoints:  2,  1161.200 MiB
srv        update:    - prompt 0xaaab33d241e0:     750 tokens, checkpoints:  2,  1235.186 MiB
srv  get_availabl: prompt cache update took 80.51 ms
slot launch_slot_: id  2 | task -1 | sampler chain: logits -> ?penalties -> ?dry -> ?top-n-sigma -> top-k -> ?typical -> top-p -> min-p -> ?xtc -> ?temp-ext -> dist 
slot launch_slot_: id  2 | task 1174 | processing task, is_child = 0
slot update_slots: id  2 | task 1174 | new prompt, n_ctx_slot = 262144, n_keep = 0, task.n_tokens = 617
slot update_slots: id  2 | task 1174 | n_past = 319, slot.prompt.tokens.size() = 750, seq_id = 2, pos_min = 0, n_swa = 1024
slot update_slots: id  2 | task 1174 | Checking checkpoint with [0, 633] against 0...
slot update_slots: id  2 | task 1174 | restored context checkpoint (pos_min = 0, pos_max = 633, n_tokens = 634, n_past = 319, size = 495.321 MiB)
slot update_slots: id  2 | task 1174 | erased invalidated context checkpoint (pos_min = 0, pos_max = 633, n_tokens = 634, n_swa = 1024, pos_next = 319, size = 495.321 MiB)
slot update_slots: id  2 | task 1174 | n_tokens = 319, memory_seq_rm [319, end)
srv  process_chun: processing image...
encoding image slice...
image slice encoded in 984 ms
decoding image batch 1/1, n_tokens_batch = 266
sched_reserve: reserving ...
sched_reserve:      CUDA0 compute buffer size =   866.52 MiB
sched_reserve:  CUDA_Host compute buffer size =   542.02 MiB
sched_reserve: graph nodes  = 2462
sched_reserve: graph splits = 2
sched_reserve: reserve took 354.82 ms, sched copies = 1
image decoded (batch 1/1) in 919 ms
srv  process_chun: image processed in 1903 ms
slot update_slots: id  2 | task 1174 | prompt processing progress, n_tokens = 613, batch.n_tokens = 28, progress = 0.993517
sched_reserve: reserving ...
sched_reserve:      CUDA0 compute buffer size =   866.52 MiB
sched_reserve:  CUDA_Host compute buffer size =   542.02 MiB
sched_reserve: graph nodes  = 2462
sched_reserve: graph splits = 2
sched_reserve: reserve took 366.93 ms, sched copies = 1
slot update_slots: id  2 | task 1174 | n_tokens = 613, memory_seq_rm [613, end)
slot init_sampler: id  2 | task 1174 | init sampler, took 0.12 ms, tokens: text = 351, total = 617
slot update_slots: id  2 | task 1174 | prompt processing done, n_tokens = 617, batch.n_tokens = 4
slot create_check: id  2 | task 1174 | created context checkpoint 2 of 32 (pos_min = 0, pos_max = 612, n_tokens = 613, size = 478.914 MiB)
slot print_timing: id  2 | task 1174 | 
prompt eval time =    3785.32 ms /   298 tokens (   12.70 ms per token,    78.73 tokens per second)
       eval time =   13281.17 ms /   100 tokens (  132.81 ms per token,     7.53 tokens per second)
      total time =   17066.49 ms /   398 tokens
slot      release: id  2 | task 1174 | stop processing: n_tokens = 716, truncated = 0
srv  update_slots: all slots are idle
srv  log_server_r: done request: POST /v1/chat/completions 127.0.0.1 200
srv  params_from_: Chat format: peg-gemma4
slot get_availabl: id  2 | task -1 | selected slot by LCP similarity, sim_best = 0.522 (> 0.100 thold), f_keep = 0.446
srv  get_availabl: updating prompt cache
srv   prompt_save:  - saving prompt with length 716, total state size = 615.330 MiB
srv          load:  - looking for better prompt, base f_keep = 0.446, sim = 0.522
srv        update:  - cache size limit reached, removing oldest entry (size = 1155.653 MiB)
srv        update:  - cache state: 6 prompts, 7354.239 MiB (limits: 8192.000 MiB, 262144 tokens, 262144 est)
srv        update:    - prompt 0xaaab4674eb30:     830 tokens, checkpoints:  2,  1303.938 MiB
srv        update:    - prompt 0xaaab46700830:     730 tokens, checkpoints:  2,  1217.998 MiB
srv        update:    - prompt 0xaaab446bc950:     763 tokens, checkpoints:  2,  1246.358 MiB
srv        update:    - prompt 0xaaab33d113d0:     683 tokens, checkpoints:  2,  1161.200 MiB
srv        update:    - prompt 0xaaab33d241e0:     750 tokens, checkpoints:  2,  1235.186 MiB
srv        update:    - prompt 0xaaab4674f000:     716 tokens, checkpoints:  2,  1189.560 MiB
srv  get_availabl: prompt cache update took 90.65 ms
slot launch_slot_: id  2 | task -1 | sampler chain: logits -> ?penalties -> ?dry -> ?top-n-sigma -> top-k -> ?typical -> top-p -> min-p -> ?xtc -> ?temp-ext -> dist 
slot launch_slot_: id  2 | task 1276 | processing task, is_child = 0
slot update_slots: id  2 | task 1276 | new prompt, n_ctx_slot = 262144, n_keep = 0, task.n_tokens = 611
slot update_slots: id  2 | task 1276 | n_past = 319, slot.prompt.tokens.size() = 716, seq_id = 2, pos_min = 0, n_swa = 1024
slot update_slots: id  2 | task 1276 | Checking checkpoint with [0, 612] against 0...
slot update_slots: id  2 | task 1276 | restored context checkpoint (pos_min = 0, pos_max = 612, n_tokens = 613, n_past = 319, size = 478.914 MiB)
slot update_slots: id  2 | task 1276 | erased invalidated context checkpoint (pos_min = 0, pos_max = 612, n_tokens = 613, n_swa = 1024, pos_next = 319, size = 478.914 MiB)
slot update_slots: id  2 | task 1276 | n_tokens = 319, memory_seq_rm [319, end)
srv  process_chun: processing image...
encoding image slice...
image slice encoded in 975 ms
decoding image batch 1/1, n_tokens_batch = 266
sched_reserve: reserving ...
sched_reserve:      CUDA0 compute buffer size =   866.52 MiB
sched_reserve:  CUDA_Host compute buffer size =   542.02 MiB
sched_reserve: graph nodes  = 2462
sched_reserve: graph splits = 2
sched_reserve: reserve took 376.01 ms, sched copies = 1
image decoded (batch 1/1) in 942 ms
srv  process_chun: image processed in 1917 ms
slot update_slots: id  2 | task 1276 | prompt processing progress, n_tokens = 607, batch.n_tokens = 22, progress = 0.993453
sched_reserve: reserving ...
sched_reserve:      CUDA0 compute buffer size =   866.52 MiB
sched_reserve:  CUDA_Host compute buffer size =   542.02 MiB
sched_reserve: graph nodes  = 2462
sched_reserve: graph splits = 2
sched_reserve: reserve took 373.28 ms, sched copies = 1
slot update_slots: id  2 | task 1276 | n_tokens = 607, memory_seq_rm [607, end)
slot init_sampler: id  2 | task 1276 | init sampler, took 0.12 ms, tokens: text = 345, total = 611
slot update_slots: id  2 | task 1276 | prompt processing done, n_tokens = 611, batch.n_tokens = 4
slot create_check: id  2 | task 1276 | created context checkpoint 2 of 32 (pos_min = 0, pos_max = 606, n_tokens = 607, size = 474.227 MiB)
slot print_timing: id  2 | task 1276 | 
prompt eval time =    3773.16 ms /   292 tokens (   12.92 ms per token,    77.39 tokens per second)
       eval time =   18417.14 ms /   143 tokens (  128.79 ms per token,     7.76 tokens per second)
      total time =   22190.30 ms /   435 tokens
slot      release: id  2 | task 1276 | stop processing: n_tokens = 753, truncated = 0
srv  update_slots: all slots are idle
srv  log_server_r: done request: POST /v1/chat/completions 127.0.0.1 200
srv  params_from_: Chat format: peg-gemma4
slot get_availabl: id  2 | task -1 | selected slot by LCP similarity, sim_best = 0.500 (> 0.100 thold), f_keep = 0.424
srv  get_availabl: updating prompt cache
srv   prompt_save:  - saving prompt with length 753, total state size = 647.128 MiB
srv          load:  - looking for better prompt, base f_keep = 0.424, sim = 0.500
srv        update:  - cache size limit reached, removing oldest entry (size = 1303.938 MiB)
srv        update:  - cache state: 6 prompts, 7266.971 MiB (limits: 8192.000 MiB, 262144 tokens, 262144 est)
srv        update:    - prompt 0xaaab46700830:     730 tokens, checkpoints:  2,  1217.998 MiB
srv        update:    - prompt 0xaaab446bc950:     763 tokens, checkpoints:  2,  1246.358 MiB
srv        update:    - prompt 0xaaab33d113d0:     683 tokens, checkpoints:  2,  1161.200 MiB
srv        update:    - prompt 0xaaab33d241e0:     750 tokens, checkpoints:  2,  1235.186 MiB
srv        update:    - prompt 0xaaab4674f000:     716 tokens, checkpoints:  2,  1189.560 MiB
srv        update:    - prompt 0xaaab26cce2f0:     753 tokens, checkpoints:  2,  1216.670 MiB
srv  get_availabl: prompt cache update took 77.44 ms
slot launch_slot_: id  2 | task -1 | sampler chain: logits -> ?penalties -> ?dry -> ?top-n-sigma -> top-k -> ?typical -> top-p -> min-p -> ?xtc -> ?temp-ext -> dist 
slot launch_slot_: id  2 | task 1421 | processing task, is_child = 0
slot update_slots: id  2 | task 1421 | new prompt, n_ctx_slot = 262144, n_keep = 0, task.n_tokens = 638
slot update_slots: id  2 | task 1421 | n_past = 319, slot.prompt.tokens.size() = 753, seq_id = 2, pos_min = 0, n_swa = 1024
slot update_slots: id  2 | task 1421 | Checking checkpoint with [0, 606] against 0...
slot update_slots: id  2 | task 1421 | restored context checkpoint (pos_min = 0, pos_max = 606, n_tokens = 607, n_past = 319, size = 474.227 MiB)
slot update_slots: id  2 | task 1421 | erased invalidated context checkpoint (pos_min = 0, pos_max = 606, n_tokens = 607, n_swa = 1024, pos_next = 319, size = 474.227 MiB)
slot update_slots: id  2 | task 1421 | n_tokens = 319, memory_seq_rm [319, end)
srv  process_chun: processing image...
encoding image slice...
image slice encoded in 979 ms
decoding image batch 1/1, n_tokens_batch = 266
sched_reserve: reserving ...
sched_reserve:      CUDA0 compute buffer size =   866.52 MiB
sched_reserve:  CUDA_Host compute buffer size =   542.02 MiB
sched_reserve: graph nodes  = 2462
sched_reserve: graph splits = 2
sched_reserve: reserve took 370.38 ms, sched copies = 1
image decoded (batch 1/1) in 935 ms
srv  process_chun: image processed in 1914 ms
slot update_slots: id  2 | task 1421 | prompt processing progress, n_tokens = 634, batch.n_tokens = 49, progress = 0.993730
sched_reserve: reserving ...
sched_reserve:      CUDA0 compute buffer size =   866.52 MiB
sched_reserve:  CUDA_Host compute buffer size =   542.02 MiB
sched_reserve: graph nodes  = 2462
sched_reserve: graph splits = 2
sched_reserve: reserve took 360.63 ms, sched copies = 1
slot update_slots: id  2 | task 1421 | n_tokens = 634, memory_seq_rm [634, end)
slot init_sampler: id  2 | task 1421 | init sampler, took 0.13 ms, tokens: text = 372, total = 638
slot update_slots: id  2 | task 1421 | prompt processing done, n_tokens = 638, batch.n_tokens = 4
slot create_check: id  2 | task 1421 | created context checkpoint 2 of 32 (pos_min = 0, pos_max = 633, n_tokens = 634, size = 495.321 MiB)
slot print_timing: id  2 | task 1421 | 
prompt eval time =    3871.50 ms /   319 tokens (   12.14 ms per token,    82.40 tokens per second)
       eval time =   16595.90 ms /   129 tokens (  128.65 ms per token,     7.77 tokens per second)
      total time =   20467.40 ms /   448 tokens
slot      release: id  2 | task 1421 | stop processing: n_tokens = 766, truncated = 0
srv  update_slots: all slots are idle
srv  log_server_r: done request: POST /v1/chat/completions 127.0.0.1 200
srv  params_from_: Chat format: peg-gemma4
slot get_availabl: id  2 | task -1 | selected slot by LCP similarity, sim_best = 0.517 (> 0.100 thold), f_keep = 0.416
srv  get_availabl: updating prompt cache
srv   prompt_save:  - saving prompt with length 766, total state size = 658.300 MiB
srv          load:  - looking for better prompt, base f_keep = 0.416, sim = 0.517
srv        update:  - cache size limit reached, removing oldest entry (size = 1217.998 MiB)
srv        update:  - cache state: 6 prompts, 7297.909 MiB (limits: 8192.000 MiB, 262144 tokens, 262144 est)
srv        update:    - prompt 0xaaab446bc950:     763 tokens, checkpoints:  2,  1246.358 MiB
srv        update:    - prompt 0xaaab33d113d0:     683 tokens, checkpoints:  2,  1161.200 MiB
srv        update:    - prompt 0xaaab33d241e0:     750 tokens, checkpoints:  2,  1235.186 MiB
srv        update:    - prompt 0xaaab4674f000:     716 tokens, checkpoints:  2,  1189.560 MiB
srv        update:    - prompt 0xaaab26cce2f0:     753 tokens, checkpoints:  2,  1216.670 MiB
srv        update:    - prompt 0xaaab35dee330:     766 tokens, checkpoints:  2,  1248.936 MiB
srv  get_availabl: prompt cache update took 91.48 ms
slot launch_slot_: id  2 | task -1 | sampler chain: logits -> ?penalties -> ?dry -> ?top-n-sigma -> top-k -> ?typical -> top-p -> min-p -> ?xtc -> ?temp-ext -> dist 
slot launch_slot_: id  2 | task 1552 | processing task, is_child = 0
slot update_slots: id  2 | task 1552 | new prompt, n_ctx_slot = 262144, n_keep = 0, task.n_tokens = 617
slot update_slots: id  2 | task 1552 | n_past = 319, slot.prompt.tokens.size() = 766, seq_id = 2, pos_min = 0, n_swa = 1024
slot update_slots: id  2 | task 1552 | Checking checkpoint with [0, 633] against 0...
slot update_slots: id  2 | task 1552 | restored context checkpoint (pos_min = 0, pos_max = 633, n_tokens = 634, n_past = 319, size = 495.321 MiB)
slot update_slots: id  2 | task 1552 | erased invalidated context checkpoint (pos_min = 0, pos_max = 633, n_tokens = 634, n_swa = 1024, pos_next = 319, size = 495.321 MiB)
slot update_slots: id  2 | task 1552 | n_tokens = 319, memory_seq_rm [319, end)
srv  process_chun: processing image...
encoding image slice...
image slice encoded in 974 ms
decoding image batch 1/1, n_tokens_batch = 266
sched_reserve: reserving ...
sched_reserve:      CUDA0 compute buffer size =   866.52 MiB
sched_reserve:  CUDA_Host compute buffer size =   542.02 MiB
sched_reserve: graph nodes  = 2462
sched_reserve: graph splits = 2
sched_reserve: reserve took 368.48 ms, sched copies = 1
image decoded (batch 1/1) in 932 ms
srv  process_chun: image processed in 1908 ms
slot update_slots: id  2 | task 1552 | prompt processing progress, n_tokens = 613, batch.n_tokens = 28, progress = 0.993517
sched_reserve: reserving ...
sched_reserve:      CUDA0 compute buffer size =   866.52 MiB
sched_reserve:  CUDA_Host compute buffer size =   542.02 MiB
sched_reserve: graph nodes  = 2462
sched_reserve: graph splits = 2
sched_reserve: reserve took 359.48 ms, sched copies = 1
slot update_slots: id  2 | task 1552 | n_tokens = 613, memory_seq_rm [613, end)
slot init_sampler: id  2 | task 1552 | init sampler, took 0.12 ms, tokens: text = 351, total = 617
slot update_slots: id  2 | task 1552 | prompt processing done, n_tokens = 617, batch.n_tokens = 4
slot create_check: id  2 | task 1552 | created context checkpoint 2 of 32 (pos_min = 0, pos_max = 612, n_tokens = 613, size = 478.914 MiB)
slot print_timing: id  2 | task 1552 | 
prompt eval time =    3778.54 ms /   298 tokens (   12.68 ms per token,    78.87 tokens per second)
       eval time =   15647.34 ms /   122 tokens (  128.26 ms per token,     7.80 tokens per second)
      total time =   19425.88 ms /   420 tokens
slot      release: id  2 | task 1552 | stop processing: n_tokens = 738, truncated = 0
srv  update_slots: all slots are idle
srv  log_server_r: done request: POST /v1/chat/completions 127.0.0.1 200
srv  params_from_: Chat format: peg-gemma4
slot get_availabl: id  2 | task -1 | selected slot by LCP similarity, sim_best = 0.500 (> 0.100 thold), f_keep = 0.432
srv  get_availabl: updating prompt cache
srv   prompt_save:  - saving prompt with length 738, total state size = 634.237 MiB
srv          load:  - looking for better prompt, base f_keep = 0.432, sim = 0.500
srv        update:  - cache size limit reached, removing oldest entry (size = 1246.358 MiB)
srv        update:  - cache state: 6 prompts, 7260.018 MiB (limits: 8192.000 MiB, 262144 tokens, 262144 est)
srv        update:    - prompt 0xaaab33d113d0:     683 tokens, checkpoints:  2,  1161.200 MiB
srv        update:    - prompt 0xaaab33d241e0:     750 tokens, checkpoints:  2,  1235.186 MiB
srv        update:    - prompt 0xaaab4674f000:     716 tokens, checkpoints:  2,  1189.560 MiB
srv        update:    - prompt 0xaaab26cce2f0:     753 tokens, checkpoints:  2,  1216.670 MiB
srv        update:    - prompt 0xaaab35dee330:     766 tokens, checkpoints:  2,  1248.936 MiB
srv        update:    - prompt 0xaaab378e1c70:     738 tokens, checkpoints:  2,  1208.467 MiB
srv  get_availabl: prompt cache update took 98.69 ms
slot launch_slot_: id  2 | task -1 | sampler chain: logits -> ?penalties -> ?dry -> ?top-n-sigma -> top-k -> ?typical -> top-p -> min-p -> ?xtc -> ?temp-ext -> dist 
slot launch_slot_: id  2 | task 1676 | processing task, is_child = 0
slot update_slots: id  2 | task 1676 | new prompt, n_ctx_slot = 262144, n_keep = 0, task.n_tokens = 638
slot update_slots: id  2 | task 1676 | n_past = 319, slot.prompt.tokens.size() = 738, seq_id = 2, pos_min = 0, n_swa = 1024
slot update_slots: id  2 | task 1676 | Checking checkpoint with [0, 612] against 0...
slot update_slots: id  2 | task 1676 | restored context checkpoint (pos_min = 0, pos_max = 612, n_tokens = 613, n_past = 319, size = 478.914 MiB)
slot update_slots: id  2 | task 1676 | erased invalidated context checkpoint (pos_min = 0, pos_max = 612, n_tokens = 613, n_swa = 1024, pos_next = 319, size = 478.914 MiB)
slot update_slots: id  2 | task 1676 | n_tokens = 319, memory_seq_rm [319, end)
srv  process_chun: processing image...
encoding image slice...
image slice encoded in 1015 ms
decoding image batch 1/1, n_tokens_batch = 266
sched_reserve: reserving ...
sched_reserve:      CUDA0 compute buffer size =   866.52 MiB
sched_reserve:  CUDA_Host compute buffer size =   542.02 MiB
sched_reserve: graph nodes  = 2462
sched_reserve: graph splits = 2
sched_reserve: reserve took 366.43 ms, sched copies = 1
image decoded (batch 1/1) in 932 ms
srv  process_chun: image processed in 1948 ms
slot update_slots: id  2 | task 1676 | prompt processing progress, n_tokens = 634, batch.n_tokens = 49, progress = 0.993730
sched_reserve: reserving ...
sched_reserve:      CUDA0 compute buffer size =   866.52 MiB
sched_reserve:  CUDA_Host compute buffer size =   542.02 MiB
sched_reserve: graph nodes  = 2462
sched_reserve: graph splits = 2
sched_reserve: reserve took 379.85 ms, sched copies = 1
slot update_slots: id  2 | task 1676 | n_tokens = 634, memory_seq_rm [634, end)
slot init_sampler: id  2 | task 1676 | init sampler, took 0.13 ms, tokens: text = 372, total = 638
slot update_slots: id  2 | task 1676 | prompt processing done, n_tokens = 638, batch.n_tokens = 4
slot create_check: id  2 | task 1676 | created context checkpoint 2 of 32 (pos_min = 0, pos_max = 633, n_tokens = 634, size = 495.321 MiB)
slot print_timing: id  2 | task 1676 | 
prompt eval time =    3927.72 ms /   319 tokens (   12.31 ms per token,    81.22 tokens per second)
       eval time =   23610.55 ms /   183 tokens (  129.02 ms per token,     7.75 tokens per second)
      total time =   27538.27 ms /   502 tokens
slot      release: id  2 | task 1676 | stop processing: n_tokens = 820, truncated = 0
srv  update_slots: all slots are idle
srv  log_server_r: done request: POST /v1/chat/completions 127.0.0.1 200
srv  params_from_: Chat format: peg-gemma4
slot get_availabl: id  2 | task -1 | selected slot by LCP similarity, sim_best = 0.517 (> 0.100 thold), f_keep = 0.389
srv  get_availabl: updating prompt cache
srv   prompt_save:  - saving prompt with length 820, total state size = 704.708 MiB
srv          load:  - looking for better prompt, base f_keep = 0.389, sim = 0.517
srv        update:  - cache size limit reached, removing oldest entry (size = 1161.200 MiB)
srv        update:  - cache state: 6 prompts, 7394.162 MiB (limits: 8192.000 MiB, 262144 tokens, 262144 est)
srv        update:    - prompt 0xaaab33d241e0:     750 tokens, checkpoints:  2,  1235.186 MiB
srv        update:    - prompt 0xaaab4674f000:     716 tokens, checkpoints:  2,  1189.560 MiB
srv        update:    - prompt 0xaaab26cce2f0:     753 tokens, checkpoints:  2,  1216.670 MiB
srv        update:    - prompt 0xaaab35dee330:     766 tokens, checkpoints:  2,  1248.936 MiB
srv        update:    - prompt 0xaaab378e1c70:     738 tokens, checkpoints:  2,  1208.467 MiB
srv        update:    - prompt 0xaaab451e25c0:     820 tokens, checkpoints:  2,  1295.344 MiB
srv  get_availabl: prompt cache update took 89.54 ms
slot launch_slot_: id  2 | task -1 | sampler chain: logits -> ?penalties -> ?dry -> ?top-n-sigma -> top-k -> ?typical -> top-p -> min-p -> ?xtc -> ?temp-ext -> dist 
slot launch_slot_: id  2 | task 1861 | processing task, is_child = 0
slot update_slots: id  2 | task 1861 | new prompt, n_ctx_slot = 262144, n_keep = 0, task.n_tokens = 617
slot update_slots: id  2 | task 1861 | n_past = 319, slot.prompt.tokens.size() = 820, seq_id = 2, pos_min = 0, n_swa = 1024
slot update_slots: id  2 | task 1861 | Checking checkpoint with [0, 633] against 0...
slot update_slots: id  2 | task 1861 | restored context checkpoint (pos_min = 0, pos_max = 633, n_tokens = 634, n_past = 319, size = 495.321 MiB)
slot update_slots: id  2 | task 1861 | erased invalidated context checkpoint (pos_min = 0, pos_max = 633, n_tokens = 634, n_swa = 1024, pos_next = 319, size = 495.321 MiB)
slot update_slots: id  2 | task 1861 | n_tokens = 319, memory_seq_rm [319, end)
srv  process_chun: processing image...
encoding image slice...
image slice encoded in 973 ms
decoding image batch 1/1, n_tokens_batch = 266
sched_reserve: reserving ...
sched_reserve:      CUDA0 compute buffer size =   866.52 MiB
sched_reserve:  CUDA_Host compute buffer size =   542.02 MiB
sched_reserve: graph nodes  = 2462
sched_reserve: graph splits = 2
sched_reserve: reserve took 361.59 ms, sched copies = 1
image decoded (batch 1/1) in 922 ms
srv  process_chun: image processed in 1896 ms
slot update_slots: id  2 | task 1861 | prompt processing progress, n_tokens = 613, batch.n_tokens = 28, progress = 0.993517
sched_reserve: reserving ...
sched_reserve:      CUDA0 compute buffer size =   866.52 MiB
sched_reserve:  CUDA_Host compute buffer size =   542.02 MiB
sched_reserve: graph nodes  = 2462
sched_reserve: graph splits = 2
sched_reserve: reserve took 379.54 ms, sched copies = 1
slot update_slots: id  2 | task 1861 | n_tokens = 613, memory_seq_rm [613, end)
slot init_sampler: id  2 | task 1861 | init sampler, took 0.13 ms, tokens: text = 351, total = 617
slot update_slots: id  2 | task 1861 | prompt processing done, n_tokens = 617, batch.n_tokens = 4
slot create_check: id  2 | task 1861 | created context checkpoint 2 of 32 (pos_min = 0, pos_max = 612, n_tokens = 613, size = 478.914 MiB)
slot print_timing: id  2 | task 1861 | 
prompt eval time =    3787.61 ms /   298 tokens (   12.71 ms per token,    78.68 tokens per second)
       eval time =   10736.53 ms /    84 tokens (  127.82 ms per token,     7.82 tokens per second)
      total time =   14524.15 ms /   382 tokens
slot      release: id  2 | task 1861 | stop processing: n_tokens = 700, truncated = 0
srv  update_slots: all slots are idle
srv  log_server_r: done request: POST /v1/chat/completions 127.0.0.1 200
srv  params_from_: Chat format: peg-gemma4
slot get_availabl: id  2 | task -1 | selected slot by LCP similarity, sim_best = 0.522 (> 0.100 thold), f_keep = 0.456
srv  get_availabl: updating prompt cache
srv   prompt_save:  - saving prompt with length 700, total state size = 601.580 MiB
srv          load:  - looking for better prompt, base f_keep = 0.456, sim = 0.522
srv        update:  - cache size limit reached, removing oldest entry (size = 1235.186 MiB)
srv        update:  - cache state: 6 prompts, 7334.786 MiB (limits: 8192.000 MiB, 262144 tokens, 262144 est)
srv        update:    - prompt 0xaaab4674f000:     716 tokens, checkpoints:  2,  1189.560 MiB
srv        update:    - prompt 0xaaab26cce2f0:     753 tokens, checkpoints:  2,  1216.670 MiB
srv        update:    - prompt 0xaaab35dee330:     766 tokens, checkpoints:  2,  1248.936 MiB
srv        update:    - prompt 0xaaab378e1c70:     738 tokens, checkpoints:  2,  1208.467 MiB
srv        update:    - prompt 0xaaab451e25c0:     820 tokens, checkpoints:  2,  1295.344 MiB
srv        update:    - prompt 0xaaab355150c0:     700 tokens, checkpoints:  2,  1175.809 MiB
srv  get_availabl: prompt cache update took 78.99 ms
slot launch_slot_: id  2 | task -1 | sampler chain: logits -> ?penalties -> ?dry -> ?top-n-sigma -> top-k -> ?typical -> top-p -> min-p -> ?xtc -> ?temp-ext -> dist 
slot launch_slot_: id  2 | task 1947 | processing task, is_child = 0
slot update_slots: id  2 | task 1947 | new prompt, n_ctx_slot = 262144, n_keep = 0, task.n_tokens = 611
slot update_slots: id  2 | task 1947 | n_past = 319, slot.prompt.tokens.size() = 700, seq_id = 2, pos_min = 0, n_swa = 1024
slot update_slots: id  2 | task 1947 | Checking checkpoint with [0, 612] against 0...
slot update_slots: id  2 | task 1947 | restored context checkpoint (pos_min = 0, pos_max = 612, n_tokens = 613, n_past = 319, size = 478.914 MiB)
slot update_slots: id  2 | task 1947 | erased invalidated context checkpoint (pos_min = 0, pos_max = 612, n_tokens = 613, n_swa = 1024, pos_next = 319, size = 478.914 MiB)
slot update_slots: id  2 | task 1947 | n_tokens = 319, memory_seq_rm [319, end)
srv  process_chun: processing image...
encoding image slice...
image slice encoded in 973 ms
decoding image batch 1/1, n_tokens_batch = 266
sched_reserve: reserving ...
sched_reserve:      CUDA0 compute buffer size =   866.52 MiB
sched_reserve:  CUDA_Host compute buffer size =   542.02 MiB
sched_reserve: graph nodes  = 2462
sched_reserve: graph splits = 2
sched_reserve: reserve took 374.40 ms, sched copies = 1
image decoded (batch 1/1) in 932 ms
srv  process_chun: image processed in 1905 ms
slot update_slots: id  2 | task 1947 | prompt processing progress, n_tokens = 607, batch.n_tokens = 22, progress = 0.993453
sched_reserve: reserving ...
sched_reserve:      CUDA0 compute buffer size =   866.52 MiB
sched_reserve:  CUDA_Host compute buffer size =   542.02 MiB
sched_reserve: graph nodes  = 2462
sched_reserve: graph splits = 2
sched_reserve: reserve took 394.99 ms, sched copies = 1
slot update_slots: id  2 | task 1947 | n_tokens = 607, memory_seq_rm [607, end)
slot init_sampler: id  2 | task 1947 | init sampler, took 0.42 ms, tokens: text = 345, total = 611
slot update_slots: id  2 | task 1947 | prompt processing done, n_tokens = 611, batch.n_tokens = 4
slot create_check: id  2 | task 1947 | created context checkpoint 2 of 32 (pos_min = 0, pos_max = 606, n_tokens = 607, size = 474.227 MiB)
slot print_timing: id  2 | task 1947 | 
prompt eval time =    3769.43 ms /   292 tokens (   12.91 ms per token,    77.47 tokens per second)
       eval time =   13205.05 ms /   103 tokens (  128.20 ms per token,     7.80 tokens per second)
      total time =   16974.48 ms /   395 tokens
slot      release: id  2 | task 1947 | stop processing: n_tokens = 713, truncated = 0
srv  update_slots: all slots are idle
srv  log_server_r: done request: POST /v1/chat/completions 127.0.0.1 200
srv  params_from_: Chat format: peg-gemma4
slot get_availabl: id  2 | task -1 | selected slot by LCP similarity, sim_best = 0.500 (> 0.100 thold), f_keep = 0.447
srv  get_availabl: updating prompt cache
srv   prompt_save:  - saving prompt with length 713, total state size = 612.752 MiB
srv          load:  - looking for better prompt, base f_keep = 0.447, sim = 0.500
srv        update:  - cache size limit reached, removing oldest entry (size = 1189.560 MiB)
srv        update:  - cache state: 6 prompts, 7327.520 MiB (limits: 8192.000 MiB, 262144 tokens, 262144 est)
srv        update:    - prompt 0xaaab26cce2f0:     753 tokens, checkpoints:  2,  1216.670 MiB
srv        update:    - prompt 0xaaab35dee330:     766 tokens, checkpoints:  2,  1248.936 MiB
srv        update:    - prompt 0xaaab378e1c70:     738 tokens, checkpoints:  2,  1208.467 MiB
srv        update:    - prompt 0xaaab451e25c0:     820 tokens, checkpoints:  2,  1295.344 MiB
srv        update:    - prompt 0xaaab355150c0:     700 tokens, checkpoints:  2,  1175.809 MiB
srv        update:    - prompt 0xaaab46baf340:     713 tokens, checkpoints:  2,  1182.294 MiB
srv  get_availabl: prompt cache update took 90.56 ms
slot launch_slot_: id  2 | task -1 | sampler chain: logits -> ?penalties -> ?dry -> ?top-n-sigma -> top-k -> ?typical -> top-p -> min-p -> ?xtc -> ?temp-ext -> dist 
slot launch_slot_: id  2 | task 2052 | processing task, is_child = 0
slot update_slots: id  2 | task 2052 | new prompt, n_ctx_slot = 262144, n_keep = 0, task.n_tokens = 638
slot update_slots: id  2 | task 2052 | n_past = 319, slot.prompt.tokens.size() = 713, seq_id = 2, pos_min = 0, n_swa = 1024
slot update_slots: id  2 | task 2052 | Checking checkpoint with [0, 606] against 0...
slot update_slots: id  2 | task 2052 | restored context checkpoint (pos_min = 0, pos_max = 606, n_tokens = 607, n_past = 319, size = 474.227 MiB)
slot update_slots: id  2 | task 2052 | erased invalidated context checkpoint (pos_min = 0, pos_max = 606, n_tokens = 607, n_swa = 1024, pos_next = 319, size = 474.227 MiB)
slot update_slots: id  2 | task 2052 | n_tokens = 319, memory_seq_rm [319, end)
srv  process_chun: processing image...
encoding image slice...
image slice encoded in 973 ms
decoding image batch 1/1, n_tokens_batch = 266
sched_reserve: reserving ...
sched_reserve:      CUDA0 compute buffer size =   866.52 MiB
sched_reserve:  CUDA_Host compute buffer size =   542.02 MiB
sched_reserve: graph nodes  = 2462
sched_reserve: graph splits = 2
sched_reserve: reserve took 375.95 ms, sched copies = 1
image decoded (batch 1/1) in 934 ms
srv  process_chun: image processed in 1907 ms
slot update_slots: id  2 | task 2052 | prompt processing progress, n_tokens = 634, batch.n_tokens = 49, progress = 0.993730
sched_reserve: reserving ...
sched_reserve:      CUDA0 compute buffer size =   866.52 MiB
sched_reserve:  CUDA_Host compute buffer size =   542.02 MiB
sched_reserve: graph nodes  = 2462
sched_reserve: graph splits = 2
sched_reserve: reserve took 366.43 ms, sched copies = 1
slot update_slots: id  2 | task 2052 | n_tokens = 634, memory_seq_rm [634, end)
slot init_sampler: id  2 | task 2052 | init sampler, took 0.13 ms, tokens: text = 372, total = 638
slot update_slots: id  2 | task 2052 | prompt processing done, n_tokens = 638, batch.n_tokens = 4
slot create_check: id  2 | task 2052 | created context checkpoint 2 of 32 (pos_min = 0, pos_max = 633, n_tokens = 634, size = 495.321 MiB)
srv  params_from_: Chat format: peg-gemma4
slot get_availabl: id  1 | task -1 | selected slot by LRU, t_last = -1
srv  get_availabl: updating prompt cache
srv          load:  - looking for better prompt, base f_keep = -1.000, sim = 0.000
srv          load:  - found better prompt with f_keep = 0.424, sim = 0.500
srv        update:  - cache state: 5 prompts, 6110.850 MiB (limits: 8192.000 MiB, 262144 tokens, 262144 est)
srv        update:    - prompt 0xaaab35dee330:     766 tokens, checkpoints:  2,  1248.936 MiB
srv        update:    - prompt 0xaaab378e1c70:     738 tokens, checkpoints:  2,  1208.467 MiB
srv        update:    - prompt 0xaaab451e25c0:     820 tokens, checkpoints:  2,  1295.344 MiB
srv        update:    - prompt 0xaaab355150c0:     700 tokens, checkpoints:  2,  1175.809 MiB
srv        update:    - prompt 0xaaab46baf340:     713 tokens, checkpoints:  2,  1182.294 MiB
srv  get_availabl: prompt cache update took 374.20 ms
slot launch_slot_: id  1 | task -1 | sampler chain: logits -> ?penalties -> ?dry -> ?top-n-sigma -> top-k -> ?typical -> top-p -> min-p -> ?xtc -> ?temp-ext -> dist 
slot launch_slot_: id  1 | task 2124 | processing task, is_child = 0
slot update_slots: id  1 | task 2124 | new prompt, n_ctx_slot = 262144, n_keep = 0, task.n_tokens = 638
slot update_slots: id  1 | task 2124 | n_past = 319, slot.prompt.tokens.size() = 753, seq_id = 1, pos_min = 0, n_swa = 1024
slot update_slots: id  1 | task 2124 | Checking checkpoint with [0, 606] against 0...
slot update_slots: id  1 | task 2124 | restored context checkpoint (pos_min = 0, pos_max = 606, n_tokens = 607, n_past = 319, size = 474.227 MiB)
slot update_slots: id  1 | task 2124 | erased invalidated context checkpoint (pos_min = 0, pos_max = 606, n_tokens = 607, n_swa = 1024, pos_next = 319, size = 474.227 MiB)
slot update_slots: id  1 | task 2124 | n_tokens = 319, memory_seq_rm [319, end)
srv  process_chun: processing image...
encoding image slice...
image slice encoded in 975 ms
decoding image batch 1/1, n_tokens_batch = 266
sched_reserve: reserving ...
sched_reserve:      CUDA0 compute buffer size =   866.52 MiB
sched_reserve:  CUDA_Host compute buffer size =   542.02 MiB
sched_reserve: graph nodes  = 2462
sched_reserve: graph splits = 2
sched_reserve: reserve took 362.52 ms, sched copies = 1
image decoded (batch 1/1) in 933 ms
srv  process_chun: image processed in 1908 ms
slot update_slots: id  1 | task 2124 | prompt processing progress, n_tokens = 634, batch.n_tokens = 50, progress = 0.993730
sched_reserve: reserving ...
sched_reserve:      CUDA0 compute buffer size =   866.52 MiB
sched_reserve:  CUDA_Host compute buffer size =   542.02 MiB
sched_reserve: graph nodes  = 2462
sched_reserve: graph splits = 2
sched_reserve: reserve took 382.31 ms, sched copies = 1
slot update_slots: id  1 | task 2124 | n_tokens = 634, memory_seq_rm [634, end)
slot init_sampler: id  1 | task 2124 | init sampler, took 0.12 ms, tokens: text = 372, total = 638
slot update_slots: id  1 | task 2124 | prompt processing done, n_tokens = 638, batch.n_tokens = 5
slot create_check: id  1 | task 2124 | created context checkpoint 2 of 32 (pos_min = 0, pos_max = 633, n_tokens = 634, size = 495.321 MiB)
srv  params_from_: Chat format: peg-gemma4
slot get_availabl: id  0 | task -1 | selected slot by LRU, t_last = -1
srv  get_availabl: updating prompt cache
srv          load:  - looking for better prompt, base f_keep = -1.000, sim = 0.000
srv          load:  - found better prompt with f_keep = 0.416, sim = 0.500
srv        update:  - cache state: 4 prompts, 4861.914 MiB (limits: 8192.000 MiB, 262144 tokens, 262144 est)
srv        update:    - prompt 0xaaab378e1c70:     738 tokens, checkpoints:  2,  1208.467 MiB
srv        update:    - prompt 0xaaab451e25c0:     820 tokens, checkpoints:  2,  1295.344 MiB
srv        update:    - prompt 0xaaab355150c0:     700 tokens, checkpoints:  2,  1175.809 MiB
srv        update:    - prompt 0xaaab46baf340:     713 tokens, checkpoints:  2,  1182.294 MiB
srv  get_availabl: prompt cache update took 12.88 ms
slot launch_slot_: id  0 | task -1 | sampler chain: logits -> ?penalties -> ?dry -> ?top-n-sigma -> top-k -> ?typical -> top-p -> min-p -> ?xtc -> ?temp-ext -> dist 
slot launch_slot_: id  0 | task 2209 | processing task, is_child = 0
slot update_slots: id  0 | task 2209 | new prompt, n_ctx_slot = 262144, n_keep = 0, task.n_tokens = 638
slot update_slots: id  0 | task 2209 | n_past = 319, slot.prompt.tokens.size() = 766, seq_id = 0, pos_min = 0, n_swa = 1024
slot update_slots: id  0 | task 2209 | Checking checkpoint with [0, 633] against 0...
slot update_slots: id  0 | task 2209 | restored context checkpoint (pos_min = 0, pos_max = 633, n_tokens = 634, n_past = 319, size = 495.321 MiB)
slot update_slots: id  0 | task 2209 | erased invalidated context checkpoint (pos_min = 0, pos_max = 633, n_tokens = 634, n_swa = 1024, pos_next = 319, size = 495.321 MiB)
slot update_slots: id  0 | task 2209 | n_tokens = 319, memory_seq_rm [319, end)
srv  process_chun: processing image...
encoding image slice...
srv          stop: cancel task, id_task = 2052
srv  log_server_r: done request: POST /v1/chat/completions 127.0.0.1 200
image slice encoded in 972 ms
decoding image batch 1/1, n_tokens_batch = 266
sched_reserve: reserving ...
sched_reserve:      CUDA0 compute buffer size =   866.52 MiB
sched_reserve:  CUDA_Host compute buffer size =   542.02 MiB
sched_reserve: graph nodes  = 2462
sched_reserve: graph splits = 2
sched_reserve: reserve took 370.00 ms, sched copies = 1
image decoded (batch 1/1) in 956 ms
srv  process_chun: image processed in 1928 ms
slot update_slots: id  0 | task 2209 | prompt processing progress, n_tokens = 634, batch.n_tokens = 51, progress = 0.993730
sched_reserve: reserving ...
sched_reserve:      CUDA0 compute buffer size =   866.52 MiB
sched_reserve:  CUDA_Host compute buffer size =   542.02 MiB
sched_reserve: graph nodes  = 2462
sched_reserve: graph splits = 2
sched_reserve: reserve took 371.56 ms, sched copies = 1
slot      release: id  2 | task 2052 | stop processing: n_tokens = 792, truncated = 0
slot update_slots: id  0 | task 2209 | n_tokens = 634, memory_seq_rm [634, end)
slot init_sampler: id  0 | task 2209 | init sampler, took 0.12 ms, tokens: text = 372, total = 638
slot update_slots: id  0 | task 2209 | prompt processing done, n_tokens = 638, batch.n_tokens = 5
slot create_check: id  0 | task 2209 | created context checkpoint 2 of 32 (pos_min = 0, pos_max = 633, n_tokens = 634, size = 495.321 MiB)
srv          stop: cancel task, id_task = 2124
srv  log_server_r: done request: POST /v1/chat/completions 127.0.0.1 200
slot      release: id  1 | task 2124 | stop processing: n_tokens = 772, truncated = 0
srv  params_from_: Chat format: peg-gemma4
slot get_availabl: id  1 | task -1 | selected slot by LCP similarity, sim_best = 1.000 (> 0.100 thold), f_keep = 0.826
slot launch_slot_: id  1 | task -1 | sampler chain: logits -> ?penalties -> ?dry -> ?top-n-sigma -> top-k -> ?typical -> top-p -> min-p -> ?xtc -> ?temp-ext -> dist 
slot launch_slot_: id  1 | task 2268 | processing task, is_child = 0
slot slot_save_an: id  2 | task -1 | saving idle slot to prompt cache
srv   prompt_save:  - saving prompt with length 792, total state size = 680.645 MiB
slot prompt_clear: id  2 | task -1 | clearing prompt with 792 tokens
srv        update:  - cache state: 5 prompts, 6133.194 MiB (limits: 8192.000 MiB, 262144 tokens, 262144 est)
srv        update:    - prompt 0xaaab378e1c70:     738 tokens, checkpoints:  2,  1208.467 MiB
srv        update:    - prompt 0xaaab451e25c0:     820 tokens, checkpoints:  2,  1295.344 MiB
srv        update:    - prompt 0xaaab355150c0:     700 tokens, checkpoints:  2,  1175.809 MiB
srv        update:    - prompt 0xaaab46baf340:     713 tokens, checkpoints:  2,  1182.294 MiB
srv        update:    - prompt 0xaaab354cd0f0:     792 tokens, checkpoints:  2,  1271.281 MiB
slot update_slots: id  1 | task 2268 | new prompt, n_ctx_slot = 262144, n_keep = 0, task.n_tokens = 638
slot update_slots: id  1 | task 2268 | n_past = 638, slot.prompt.tokens.size() = 772, seq_id = 1, pos_min = 0, n_swa = 1024
slot update_slots: id  1 | task 2268 | Checking checkpoint with [0, 633] against 0...
slot update_slots: id  1 | task 2268 | restored context checkpoint (pos_min = 0, pos_max = 633, n_tokens = 634, n_past = 633, size = 495.321 MiB)
slot update_slots: id  1 | task 2268 | n_tokens = 633, memory_seq_rm [633, end)
slot update_slots: id  1 | task 2268 | prompt processing progress, n_tokens = 634, batch.n_tokens = 2, progress = 0.993730
slot update_slots: id  1 | task 2268 | n_tokens = 634, memory_seq_rm [634, end)
slot init_sampler: id  1 | task 2268 | init sampler, took 0.13 ms, tokens: text = 372, total = 638
slot update_slots: id  1 | task 2268 | prompt processing done, n_tokens = 638, batch.n_tokens = 5
srv          stop: cancel task, id_task = 2209
srv  log_server_r: done request: POST /v1/chat/completions 127.0.0.1 200
slot      release: id  0 | task 2209 | stop processing: n_tokens = 792, truncated = 0
srv  params_from_: Chat format: peg-gemma4
slot get_availabl: id  0 | task -1 | selected slot by LCP similarity, sim_best = 1.000 (> 0.100 thold), f_keep = 0.806
slot launch_slot_: id  0 | task -1 | sampler chain: logits -> ?penalties -> ?dry -> ?top-n-sigma -> top-k -> ?typical -> top-p -> min-p -> ?xtc -> ?temp-ext -> dist 
slot launch_slot_: id  0 | task 2378 | processing task, is_child = 0
slot update_slots: id  0 | task 2378 | new prompt, n_ctx_slot = 262144, n_keep = 0, task.n_tokens = 638
slot update_slots: id  0 | task 2378 | n_past = 638, slot.prompt.tokens.size() = 792, seq_id = 0, pos_min = 0, n_swa = 1024
slot update_slots: id  0 | task 2378 | Checking checkpoint with [0, 633] against 0...
slot update_slots: id  0 | task 2378 | restored context checkpoint (pos_min = 0, pos_max = 633, n_tokens = 634, n_past = 633, size = 495.321 MiB)
slot update_slots: id  0 | task 2378 | n_tokens = 633, memory_seq_rm [633, end)
slot update_slots: id  0 | task 2378 | prompt processing progress, n_tokens = 634, batch.n_tokens = 2, progress = 0.993730
slot update_slots: id  0 | task 2378 | n_tokens = 634, memory_seq_rm [634, end)
slot init_sampler: id  0 | task 2378 | init sampler, took 0.13 ms, tokens: text = 372, total = 638
slot update_slots: id  0 | task 2378 | prompt processing done, n_tokens = 638, batch.n_tokens = 5
srv          stop: cancel task, id_task = 2268
srv  log_server_r: done request: POST /v1/chat/completions 127.0.0.1 200
slot      release: id  1 | task 2268 | stop processing: n_tokens = 805, truncated = 0
srv  params_from_: Chat format: peg-gemma4
slot get_availabl: id  1 | task -1 | selected slot by LCP similarity, sim_best = 1.000 (> 0.100 thold), f_keep = 0.793
slot launch_slot_: id  1 | task -1 | sampler chain: logits -> ?penalties -> ?dry -> ?top-n-sigma -> top-k -> ?typical -> top-p -> min-p -> ?xtc -> ?temp-ext -> dist 
slot launch_slot_: id  1 | task 2448 | processing task, is_child = 0
slot update_slots: id  1 | task 2448 | new prompt, n_ctx_slot = 262144, n_keep = 0, task.n_tokens = 638
slot update_slots: id  1 | task 2448 | n_past = 638, slot.prompt.tokens.size() = 805, seq_id = 1, pos_min = 0, n_swa = 1024
slot update_slots: id  1 | task 2448 | Checking checkpoint with [0, 633] against 0...
slot update_slots: id  1 | task 2448 | restored context checkpoint (pos_min = 0, pos_max = 633, n_tokens = 634, n_past = 633, size = 495.321 MiB)
slot update_slots: id  1 | task 2448 | n_tokens = 633, memory_seq_rm [633, end)
slot update_slots: id  1 | task 2448 | prompt processing progress, n_tokens = 634, batch.n_tokens = 2, progress = 0.993730
slot update_slots: id  1 | task 2448 | n_tokens = 634, memory_seq_rm [634, end)
slot init_sampler: id  1 | task 2448 | init sampler, took 0.16 ms, tokens: text = 372, total = 638
slot update_slots: id  1 | task 2448 | prompt processing done, n_tokens = 638, batch.n_tokens = 5
slot print_timing: id  0 | task 2378 | 
prompt eval time =    2105.69 ms /     5 tokens (  421.14 ms per token,     2.37 tokens per second)
       eval time =   18323.94 ms /   104 tokens (  176.19 ms per token,     5.68 tokens per second)
      total time =   20429.62 ms /   109 tokens
slot      release: id  0 | task 2378 | stop processing: n_tokens = 741, truncated = 0
srv  log_server_r: done request: POST /v1/chat/completions 127.0.0.1 200
srv          stop: cancel task, id_task = 2448
srv  log_server_r: done request: POST /v1/chat/completions 127.0.0.1 200
slot      release: id  1 | task 2448 | stop processing: n_tokens = 847, truncated = 0
srv  update_slots: all slots are idle
srv  params_from_: Chat format: peg-gemma4
slot get_availabl: id  0 | task -1 | selected slot by LCP similarity, sim_best = 0.500 (> 0.100 thold), f_keep = 0.430
srv  get_availabl: updating prompt cache
srv   prompt_save:  - saving prompt with length 741, total state size = 636.815 MiB
srv          load:  - looking for better prompt, base f_keep = 0.430, sim = 0.500
srv        update:  - cache state: 6 prompts, 7360.645 MiB (limits: 8192.000 MiB, 262144 tokens, 262144 est)
srv        update:    - prompt 0xaaab378e1c70:     738 tokens, checkpoints:  2,  1208.467 MiB
srv        update:    - prompt 0xaaab451e25c0:     820 tokens, checkpoints:  2,  1295.344 MiB
srv        update:    - prompt 0xaaab355150c0:     700 tokens, checkpoints:  2,  1175.809 MiB
srv        update:    - prompt 0xaaab46baf340:     713 tokens, checkpoints:  2,  1182.294 MiB
srv        update:    - prompt 0xaaab354cd0f0:     792 tokens, checkpoints:  2,  1271.281 MiB
srv        update:    - prompt 0xaaab47d073f0:     741 tokens, checkpoints:  2,  1227.451 MiB
srv  get_availabl: prompt cache update took 930.29 ms
slot launch_slot_: id  0 | task -1 | sampler chain: logits -> ?penalties -> ?dry -> ?top-n-sigma -> top-k -> ?typical -> top-p -> min-p -> ?xtc -> ?temp-ext -> dist 
slot launch_slot_: id  0 | task 2661 | processing task, is_child = 0
slot slot_save_an: id  1 | task -1 | saving idle slot to prompt cache
srv   prompt_save:  - saving prompt with length 847, total state size = 727.911 MiB
slot prompt_clear: id  1 | task -1 | clearing prompt with 847 tokens
srv        update:  - cache size limit reached, removing oldest entry (size = 1208.467 MiB)
srv        update:  - cache state: 6 prompts, 7470.726 MiB (limits: 8192.000 MiB, 262144 tokens, 262144 est)
srv        update:    - prompt 0xaaab451e25c0:     820 tokens, checkpoints:  2,  1295.344 MiB
srv        update:    - prompt 0xaaab355150c0:     700 tokens, checkpoints:  2,  1175.809 MiB
srv        update:    - prompt 0xaaab46baf340:     713 tokens, checkpoints:  2,  1182.294 MiB
srv        update:    - prompt 0xaaab354cd0f0:     792 tokens, checkpoints:  2,  1271.281 MiB
srv        update:    - prompt 0xaaab47d073f0:     741 tokens, checkpoints:  2,  1227.451 MiB
srv        update:    - prompt 0xaaab33d158a0:     847 tokens, checkpoints:  2,  1318.547 MiB
slot update_slots: id  0 | task 2661 | new prompt, n_ctx_slot = 262144, n_keep = 0, task.n_tokens = 638
slot update_slots: id  0 | task 2661 | n_past = 319, slot.prompt.tokens.size() = 741, seq_id = 0, pos_min = 0, n_swa = 1024
slot update_slots: id  0 | task 2661 | Checking checkpoint with [0, 633] against 0...
slot update_slots: id  0 | task 2661 | restored context checkpoint (pos_min = 0, pos_max = 633, n_tokens = 634, n_past = 319, size = 495.321 MiB)
slot update_slots: id  0 | task 2661 | erased invalidated context checkpoint (pos_min = 0, pos_max = 633, n_tokens = 634, n_swa = 1024, pos_next = 319, size = 495.321 MiB)
slot update_slots: id  0 | task 2661 | n_tokens = 319, memory_seq_rm [319, end)
srv  process_chun: processing image...
encoding image slice...
image slice encoded in 1016 ms
decoding image batch 1/1, n_tokens_batch = 266
sched_reserve: reserving ...
sched_reserve:      CUDA0 compute buffer size =   866.52 MiB
sched_reserve:  CUDA_Host compute buffer size =   542.02 MiB
sched_reserve: graph nodes  = 2462
sched_reserve: graph splits = 2
sched_reserve: reserve took 386.12 ms, sched copies = 1
image decoded (batch 1/1) in 954 ms
srv  process_chun: image processed in 1970 ms
slot update_slots: id  0 | task 2661 | prompt processing progress, n_tokens = 634, batch.n_tokens = 49, progress = 0.993730
sched_reserve: reserving ...
sched_reserve:      CUDA0 compute buffer size =   866.52 MiB
sched_reserve:  CUDA_Host compute buffer size =   542.02 MiB
sched_reserve: graph nodes  = 2462
sched_reserve: graph splits = 2
sched_reserve: reserve took 445.89 ms, sched copies = 1
slot update_slots: id  0 | task 2661 | n_tokens = 634, memory_seq_rm [634, end)
slot init_sampler: id  0 | task 2661 | init sampler, took 0.13 ms, tokens: text = 372, total = 638
slot update_slots: id  0 | task 2661 | prompt processing done, n_tokens = 638, batch.n_tokens = 4
slot create_check: id  0 | task 2661 | created context checkpoint 2 of 32 (pos_min = 0, pos_max = 633, n_tokens = 634, size = 495.321 MiB)
slot print_timing: id  0 | task 2661 | 
prompt eval time =    4001.56 ms /   319 tokens (   12.54 ms per token,    79.72 tokens per second)
       eval time =   22073.77 ms /   171 tokens (  129.09 ms per token,     7.75 tokens per second)
      total time =   26075.33 ms /   490 tokens
slot      release: id  0 | task 2661 | stop processing: n_tokens = 808, truncated = 0
srv  update_slots: all slots are idle
srv  log_server_r: done request: POST /v1/chat/completions 127.0.0.1 200
srv  params_from_: Chat format: peg-gemma4
slot get_availabl: id  0 | task -1 | selected slot by LCP similarity, sim_best = 0.517 (> 0.100 thold), f_keep = 0.395
srv  get_availabl: updating prompt cache
srv   prompt_save:  - saving prompt with length 808, total state size = 694.395 MiB
srv          load:  - looking for better prompt, base f_keep = 0.395, sim = 0.517
srv        update:  - cache size limit reached, removing oldest entry (size = 1295.344 MiB)
srv        update:  - cache state: 6 prompts, 7460.414 MiB (limits: 8192.000 MiB, 262144 tokens, 262144 est)
srv        update:    - prompt 0xaaab355150c0:     700 tokens, checkpoints:  2,  1175.809 MiB
srv        update:    - prompt 0xaaab46baf340:     713 tokens, checkpoints:  2,  1182.294 MiB
srv        update:    - prompt 0xaaab354cd0f0:     792 tokens, checkpoints:  2,  1271.281 MiB
srv        update:    - prompt 0xaaab47d073f0:     741 tokens, checkpoints:  2,  1227.451 MiB
srv        update:    - prompt 0xaaab33d158a0:     847 tokens, checkpoints:  2,  1318.547 MiB
srv        update:    - prompt 0xaaab2a5bb270:     808 tokens, checkpoints:  2,  1285.031 MiB
srv  get_availabl: prompt cache update took 81.69 ms
slot launch_slot_: id  0 | task -1 | sampler chain: logits -> ?penalties -> ?dry -> ?top-n-sigma -> top-k -> ?typical -> top-p -> min-p -> ?xtc -> ?temp-ext -> dist 
slot launch_slot_: id  0 | task 2834 | processing task, is_child = 0
slot update_slots: id  0 | task 2834 | new prompt, n_ctx_slot = 262144, n_keep = 0, task.n_tokens = 617
slot update_slots: id  0 | task 2834 | n_past = 319, slot.prompt.tokens.size() = 808, seq_id = 0, pos_min = 0, n_swa = 1024
slot update_slots: id  0 | task 2834 | Checking checkpoint with [0, 633] against 0...
slot update_slots: id  0 | task 2834 | restored context checkpoint (pos_min = 0, pos_max = 633, n_tokens = 634, n_past = 319, size = 495.321 MiB)
slot update_slots: id  0 | task 2834 | erased invalidated context checkpoint (pos_min = 0, pos_max = 633, n_tokens = 634, n_swa = 1024, pos_next = 319, size = 495.321 MiB)
slot update_slots: id  0 | task 2834 | n_tokens = 319, memory_seq_rm [319, end)
srv  process_chun: processing image...
encoding image slice...
image slice encoded in 972 ms
decoding image batch 1/1, n_tokens_batch = 266
sched_reserve: reserving ...
sched_reserve:      CUDA0 compute buffer size =   866.52 MiB
sched_reserve:  CUDA_Host compute buffer size =   542.02 MiB
sched_reserve: graph nodes  = 2462
sched_reserve: graph splits = 2
sched_reserve: reserve took 358.13 ms, sched copies = 1
image decoded (batch 1/1) in 920 ms
srv  process_chun: image processed in 1892 ms
slot update_slots: id  0 | task 2834 | prompt processing progress, n_tokens = 613, batch.n_tokens = 28, progress = 0.993517
sched_reserve: reserving ...
sched_reserve:      CUDA0 compute buffer size =   866.52 MiB
sched_reserve:  CUDA_Host compute buffer size =   542.02 MiB
sched_reserve: graph nodes  = 2462
sched_reserve: graph splits = 2
sched_reserve: reserve took 367.31 ms, sched copies = 1
slot update_slots: id  0 | task 2834 | n_tokens = 613, memory_seq_rm [613, end)
slot init_sampler: id  0 | task 2834 | init sampler, took 0.12 ms, tokens: text = 351, total = 617
slot update_slots: id  0 | task 2834 | prompt processing done, n_tokens = 617, batch.n_tokens = 4
slot create_check: id  0 | task 2834 | created context checkpoint 2 of 32 (pos_min = 0, pos_max = 612, n_tokens = 613, size = 478.914 MiB)
srv          stop: cancel task, id_task = 2834
srv  log_server_r: done request: POST /v1/chat/completions 127.0.0.1 200
slot      release: id  0 | task 2834 | stop processing: n_tokens = 819, truncated = 0
srv  update_slots: all slots are idle
srv  params_from_: Chat format: peg-gemma4
slot get_availabl: id  0 | task -1 | selected slot by LCP similarity, sim_best = 1.000 (> 0.100 thold), f_keep = 0.753
slot launch_slot_: id  0 | task -1 | sampler chain: logits -> ?penalties -> ?dry -> ?top-n-sigma -> top-k -> ?typical -> top-p -> min-p -> ?xtc -> ?temp-ext -> dist 
slot launch_slot_: id  0 | task 3040 | processing task, is_child = 0
slot update_slots: id  0 | task 3040 | new prompt, n_ctx_slot = 262144, n_keep = 0, task.n_tokens = 617
slot update_slots: id  0 | task 3040 | n_past = 617, slot.prompt.tokens.size() = 819, seq_id = 0, pos_min = 0, n_swa = 1024
slot update_slots: id  0 | task 3040 | Checking checkpoint with [0, 612] against 0...
slot update_slots: id  0 | task 3040 | restored context checkpoint (pos_min = 0, pos_max = 612, n_tokens = 613, n_past = 612, size = 478.914 MiB)
slot update_slots: id  0 | task 3040 | n_tokens = 612, memory_seq_rm [612, end)
slot update_slots: id  0 | task 3040 | prompt processing progress, n_tokens = 613, batch.n_tokens = 1, progress = 0.993517
slot update_slots: id  0 | task 3040 | n_tokens = 613, memory_seq_rm [613, end)
slot init_sampler: id  0 | task 3040 | init sampler, took 0.12 ms, tokens: text = 351, total = 617
slot update_slots: id  0 | task 3040 | prompt processing done, n_tokens = 617, batch.n_tokens = 4
srv  params_from_: Chat format: peg-gemma4
slot get_availabl: id  3 | task -1 | selected slot by LRU, t_last = 91298795284
srv  get_availabl: updating prompt cache
srv          load:  - looking for better prompt, base f_keep = -1.000, sim = 0.000
srv          load:  - found better prompt with f_keep = 0.456, sim = 0.500
srv        update:  - cache state: 5 prompts, 6284.604 MiB (limits: 8192.000 MiB, 262144 tokens, 262144 est)
srv        update:    - prompt 0xaaab46baf340:     713 tokens, checkpoints:  2,  1182.294 MiB
srv        update:    - prompt 0xaaab354cd0f0:     792 tokens, checkpoints:  2,  1271.281 MiB
srv        update:    - prompt 0xaaab47d073f0:     741 tokens, checkpoints:  2,  1227.451 MiB
srv        update:    - prompt 0xaaab33d158a0:     847 tokens, checkpoints:  2,  1318.547 MiB
srv        update:    - prompt 0xaaab2a5bb270:     808 tokens, checkpoints:  2,  1285.031 MiB
srv  get_availabl: prompt cache update took 12.46 ms
slot launch_slot_: id  3 | task -1 | sampler chain: logits -> ?penalties -> ?dry -> ?top-n-sigma -> top-k -> ?typical -> top-p -> min-p -> ?xtc -> ?temp-ext -> dist 
slot launch_slot_: id  3 | task 3127 | processing task, is_child = 0
slot update_slots: id  3 | task 3127 | new prompt, n_ctx_slot = 262144, n_keep = 0, task.n_tokens = 638
slot update_slots: id  3 | task 3127 | n_past = 319, slot.prompt.tokens.size() = 700, seq_id = 3, pos_min = 0, n_swa = 1024
slot update_slots: id  3 | task 3127 | Checking checkpoint with [0, 612] against 0...
slot update_slots: id  3 | task 3127 | restored context checkpoint (pos_min = 0, pos_max = 612, n_tokens = 613, n_past = 319, size = 478.914 MiB)
slot update_slots: id  3 | task 3127 | erased invalidated context checkpoint (pos_min = 0, pos_max = 612, n_tokens = 613, n_swa = 1024, pos_next = 319, size = 478.914 MiB)
slot update_slots: id  3 | task 3127 | n_tokens = 319, memory_seq_rm [319, end)
srv  process_chun: processing image...
encoding image slice...
image slice encoded in 973 ms
decoding image batch 1/1, n_tokens_batch = 266
sched_reserve: reserving ...
sched_reserve:      CUDA0 compute buffer size =   866.52 MiB
sched_reserve:  CUDA_Host compute buffer size =   542.02 MiB
sched_reserve: graph nodes  = 2462
sched_reserve: graph splits = 2
sched_reserve: reserve took 370.93 ms, sched copies = 1
image decoded (batch 1/1) in 941 ms
srv  process_chun: image processed in 1914 ms
slot update_slots: id  3 | task 3127 | prompt processing progress, n_tokens = 634, batch.n_tokens = 50, progress = 0.993730
sched_reserve: reserving ...
sched_reserve:      CUDA0 compute buffer size =   866.52 MiB
sched_reserve:  CUDA_Host compute buffer size =   542.02 MiB
sched_reserve: graph nodes  = 2462
sched_reserve: graph splits = 2
sched_reserve: reserve took 364.95 ms, sched copies = 1
slot update_slots: id  3 | task 3127 | n_tokens = 634, memory_seq_rm [634, end)
slot init_sampler: id  3 | task 3127 | init sampler, took 0.12 ms, tokens: text = 372, total = 638
slot update_slots: id  3 | task 3127 | prompt processing done, n_tokens = 638, batch.n_tokens = 5
slot create_check: id  3 | task 3127 | created context checkpoint 2 of 32 (pos_min = 0, pos_max = 633, n_tokens = 634, size = 495.321 MiB)
slot print_timing: id  0 | task 3040 | 
prompt eval time =     404.41 ms /     5 tokens (   80.88 ms per token,    12.36 tokens per second)
       eval time =   23815.99 ms /   142 tokens (  167.72 ms per token,     5.96 tokens per second)
      total time =   24220.40 ms /   147 tokens
slot      release: id  0 | task 3040 | stop processing: n_tokens = 758, truncated = 0
srv  log_server_r: done request: POST /v1/chat/completions 127.0.0.1 200
srv  params_from_: Chat format: peg-gemma4
slot get_availabl: id  0 | task -1 | selected slot by LCP similarity, sim_best = 0.500 (> 0.100 thold), f_keep = 0.421
srv  get_availabl: updating prompt cache
srv   prompt_save:  - saving prompt with length 758, total state size = 651.425 MiB
srv          load:  - looking for better prompt, base f_keep = 0.421, sim = 0.500
srv        update:  - cache state: 6 prompts, 7510.259 MiB (limits: 8192.000 MiB, 262144 tokens, 262144 est)
srv        update:    - prompt 0xaaab46baf340:     713 tokens, checkpoints:  2,  1182.294 MiB
srv        update:    - prompt 0xaaab354cd0f0:     792 tokens, checkpoints:  2,  1271.281 MiB
srv        update:    - prompt 0xaaab47d073f0:     741 tokens, checkpoints:  2,  1227.451 MiB
srv        update:    - prompt 0xaaab33d158a0:     847 tokens, checkpoints:  2,  1318.547 MiB
srv        update:    - prompt 0xaaab2a5bb270:     808 tokens, checkpoints:  2,  1285.031 MiB
srv        update:    - prompt 0xaaab351d7ce0:     758 tokens, checkpoints:  2,  1225.655 MiB
srv  get_availabl: prompt cache update took 247.95 ms
slot launch_slot_: id  0 | task -1 | sampler chain: logits -> ?penalties -> ?dry -> ?top-n-sigma -> top-k -> ?typical -> top-p -> min-p -> ?xtc -> ?temp-ext -> dist 
slot launch_slot_: id  0 | task 3318 | processing task, is_child = 0
slot update_slots: id  0 | task 3318 | new prompt, n_ctx_slot = 262144, n_keep = 0, task.n_tokens = 638
slot update_slots: id  0 | task 3318 | n_past = 319, slot.prompt.tokens.size() = 758, seq_id = 0, pos_min = 0, n_swa = 1024
slot update_slots: id  0 | task 3318 | Checking checkpoint with [0, 612] against 0...
slot update_slots: id  0 | task 3318 | restored context checkpoint (pos_min = 0, pos_max = 612, n_tokens = 613, n_past = 319, size = 478.914 MiB)
slot update_slots: id  0 | task 3318 | erased invalidated context checkpoint (pos_min = 0, pos_max = 612, n_tokens = 613, n_swa = 1024, pos_next = 319, size = 478.914 MiB)
slot update_slots: id  0 | task 3318 | n_tokens = 319, memory_seq_rm [319, end)
srv  process_chun: processing image...
encoding image slice...
srv          stop: cancel task, id_task = 3127
srv  log_server_r: done request: POST /v1/chat/completions 127.0.0.1 200
image slice encoded in 975 ms
decoding image batch 1/1, n_tokens_batch = 266
sched_reserve: reserving ...
sched_reserve:      CUDA0 compute buffer size =   866.52 MiB
sched_reserve:  CUDA_Host compute buffer size =   542.02 MiB
sched_reserve: graph nodes  = 2462
sched_reserve: graph splits = 2
sched_reserve: reserve took 397.25 ms, sched copies = 1
image decoded (batch 1/1) in 978 ms
srv  process_chun: image processed in 1953 ms
slot update_slots: id  0 | task 3318 | prompt processing progress, n_tokens = 634, batch.n_tokens = 50, progress = 0.993730
sched_reserve: reserving ...
sched_reserve:      CUDA0 compute buffer size =   866.52 MiB
sched_reserve:  CUDA_Host compute buffer size =   542.02 MiB
sched_reserve: graph nodes  = 2462
sched_reserve: graph splits = 2
sched_reserve: reserve took 377.01 ms, sched copies = 1
slot      release: id  3 | task 3127 | stop processing: n_tokens = 827, truncated = 0
slot update_slots: id  0 | task 3318 | n_tokens = 634, memory_seq_rm [634, end)
slot init_sampler: id  0 | task 3318 | init sampler, took 0.13 ms, tokens: text = 372, total = 638
slot update_slots: id  0 | task 3318 | prompt processing done, n_tokens = 638, batch.n_tokens = 4
slot create_check: id  0 | task 3318 | created context checkpoint 2 of 32 (pos_min = 0, pos_max = 633, n_tokens = 634, size = 495.321 MiB)
srv          stop: cancel task, id_task = 3318
srv  log_server_r: done request: POST /v1/chat/completions 127.0.0.1 200
slot      release: id  0 | task 3318 | stop processing: n_tokens = 832, truncated = 0
srv  update_slots: all slots are idle
srv  params_from_: Chat format: peg-gemma4
slot get_availabl: id  0 | task -1 | selected slot by LCP similarity, sim_best = 1.000 (> 0.100 thold), f_keep = 0.767
slot launch_slot_: id  0 | task -1 | sampler chain: logits -> ?penalties -> ?dry -> ?top-n-sigma -> top-k -> ?typical -> top-p -> min-p -> ?xtc -> ?temp-ext -> dist 
slot launch_slot_: id  0 | task 3517 | processing task, is_child = 0
slot slot_save_an: id  3 | task -1 | saving idle slot to prompt cache
srv   prompt_save:  - saving prompt with length 827, total state size = 710.723 MiB
slot prompt_clear: id  3 | task -1 | clearing prompt with 827 tokens
srv        update:  - cache size limit reached, removing oldest entry (size = 1182.294 MiB)
srv        update:  - cache state: 6 prompts, 7629.324 MiB (limits: 8192.000 MiB, 262144 tokens, 262144 est)
srv        update:    - prompt 0xaaab354cd0f0:     792 tokens, checkpoints:  2,  1271.281 MiB
srv        update:    - prompt 0xaaab47d073f0:     741 tokens, checkpoints:  2,  1227.451 MiB
srv        update:    - prompt 0xaaab33d158a0:     847 tokens, checkpoints:  2,  1318.547 MiB
srv        update:    - prompt 0xaaab2a5bb270:     808 tokens, checkpoints:  2,  1285.031 MiB
srv        update:    - prompt 0xaaab351d7ce0:     758 tokens, checkpoints:  2,  1225.655 MiB
srv        update:    - prompt 0xaaab35631cd0:     827 tokens, checkpoints:  2,  1301.359 MiB
slot update_slots: id  0 | task 3517 | new prompt, n_ctx_slot = 262144, n_keep = 0, task.n_tokens = 638
slot update_slots: id  0 | task 3517 | n_past = 638, slot.prompt.tokens.size() = 832, seq_id = 0, pos_min = 0, n_swa = 1024
slot update_slots: id  0 | task 3517 | Checking checkpoint with [0, 633] against 0...
slot update_slots: id  0 | task 3517 | restored context checkpoint (pos_min = 0, pos_max = 633, n_tokens = 634, n_past = 633, size = 495.321 MiB)
slot update_slots: id  0 | task 3517 | n_tokens = 633, memory_seq_rm [633, end)
slot update_slots: id  0 | task 3517 | prompt processing progress, n_tokens = 634, batch.n_tokens = 1, progress = 0.993730
slot update_slots: id  0 | task 3517 | n_tokens = 634, memory_seq_rm [634, end)
slot init_sampler: id  0 | task 3517 | init sampler, took 0.12 ms, tokens: text = 372, total = 638
slot update_slots: id  0 | task 3517 | prompt processing done, n_tokens = 638, batch.n_tokens = 4
srv  params_from_: Chat format: peg-gemma4
slot get_availabl: id  2 | task -1 | selected slot by LRU, t_last = 91523695098
srv  get_availabl: updating prompt cache
srv          load:  - looking for better prompt, base f_keep = -1.000, sim = 0.000
srv          load:  - found better prompt with f_keep = 0.403, sim = 0.500
srv        update:  - cache state: 5 prompts, 6358.043 MiB (limits: 8192.000 MiB, 262144 tokens, 262144 est)
srv        update:    - prompt 0xaaab47d073f0:     741 tokens, checkpoints:  2,  1227.451 MiB
srv        update:    - prompt 0xaaab33d158a0:     847 tokens, checkpoints:  2,  1318.547 MiB
srv        update:    - prompt 0xaaab2a5bb270:     808 tokens, checkpoints:  2,  1285.031 MiB
srv        update:    - prompt 0xaaab351d7ce0:     758 tokens, checkpoints:  2,  1225.655 MiB
srv        update:    - prompt 0xaaab35631cd0:     827 tokens, checkpoints:  2,  1301.359 MiB
srv  get_availabl: prompt cache update took 13.05 ms
slot launch_slot_: id  2 | task -1 | sampler chain: logits -> ?penalties -> ?dry -> ?top-n-sigma -> top-k -> ?typical -> top-p -> min-p -> ?xtc -> ?temp-ext -> dist 
slot launch_slot_: id  2 | task 3621 | processing task, is_child = 0
slot update_slots: id  2 | task 3621 | new prompt, n_ctx_slot = 262144, n_keep = 0, task.n_tokens = 638
slot update_slots: id  2 | task 3621 | n_past = 319, slot.prompt.tokens.size() = 792, seq_id = 2, pos_min = 0, n_swa = 1024
slot update_slots: id  2 | task 3621 | Checking checkpoint with [0, 633] against 0...
slot update_slots: id  2 | task 3621 | restored context checkpoint (pos_min = 0, pos_max = 633, n_tokens = 634, n_past = 319, size = 495.321 MiB)
slot update_slots: id  2 | task 3621 | erased invalidated context checkpoint (pos_min = 0, pos_max = 633, n_tokens = 634, n_swa = 1024, pos_next = 319, size = 495.321 MiB)
slot update_slots: id  2 | task 3621 | n_tokens = 319, memory_seq_rm [319, end)
srv  process_chun: processing image...
encoding image slice...
image slice encoded in 973 ms
decoding image batch 1/1, n_tokens_batch = 266
sched_reserve: reserving ...
sched_reserve:      CUDA0 compute buffer size =   866.52 MiB
sched_reserve:  CUDA_Host compute buffer size =   542.02 MiB
sched_reserve: graph nodes  = 2462
sched_reserve: graph splits = 2
sched_reserve: reserve took 379.75 ms, sched copies = 1
image decoded (batch 1/1) in 951 ms
srv  process_chun: image processed in 1925 ms
slot update_slots: id  2 | task 3621 | prompt processing progress, n_tokens = 634, batch.n_tokens = 50, progress = 0.993730
sched_reserve: reserving ...
sched_reserve:      CUDA0 compute buffer size =   866.52 MiB
sched_reserve:  CUDA_Host compute buffer size =   542.02 MiB
sched_reserve: graph nodes  = 2462
sched_reserve: graph splits = 2
sched_reserve: reserve took 375.10 ms, sched copies = 1
slot update_slots: id  2 | task 3621 | n_tokens = 634, memory_seq_rm [634, end)
slot init_sampler: id  2 | task 3621 | init sampler, took 0.12 ms, tokens: text = 372, total = 638
slot update_slots: id  2 | task 3621 | prompt processing done, n_tokens = 638, batch.n_tokens = 5
slot create_check: id  2 | task 3621 | created context checkpoint 2 of 32 (pos_min = 0, pos_max = 633, n_tokens = 634, size = 495.321 MiB)
srv  params_from_: Chat format: peg-gemma4
slot get_availabl: id  1 | task -1 | selected slot by LRU, t_last = 91594732604
srv  get_availabl: updating prompt cache
srv          load:  - looking for better prompt, base f_keep = -1.000, sim = 0.000
srv          load:  - found better prompt with f_keep = 0.430, sim = 0.500
srv        update:  - cache state: 4 prompts, 5130.592 MiB (limits: 8192.000 MiB, 262144 tokens, 262144 est)
srv        update:    - prompt 0xaaab33d158a0:     847 tokens, checkpoints:  2,  1318.547 MiB
srv        update:    - prompt 0xaaab2a5bb270:     808 tokens, checkpoints:  2,  1285.031 MiB
srv        update:    - prompt 0xaaab351d7ce0:     758 tokens, checkpoints:  2,  1225.655 MiB
srv        update:    - prompt 0xaaab35631cd0:     827 tokens, checkpoints:  2,  1301.359 MiB
srv  get_availabl: prompt cache update took 12.98 ms
slot launch_slot_: id  1 | task -1 | sampler chain: logits -> ?penalties -> ?dry -> ?top-n-sigma -> top-k -> ?typical -> top-p -> min-p -> ?xtc -> ?temp-ext -> dist 
slot launch_slot_: id  1 | task 3688 | processing task, is_child = 0
slot update_slots: id  1 | task 3688 | new prompt, n_ctx_slot = 262144, n_keep = 0, task.n_tokens = 638
slot update_slots: id  1 | task 3688 | n_past = 319, slot.prompt.tokens.size() = 741, seq_id = 1, pos_min = 0, n_swa = 1024
slot update_slots: id  1 | task 3688 | Checking checkpoint with [0, 633] against 0...
slot update_slots: id  1 | task 3688 | restored context checkpoint (pos_min = 0, pos_max = 633, n_tokens = 634, n_past = 319, size = 495.321 MiB)
slot update_slots: id  1 | task 3688 | erased invalidated context checkpoint (pos_min = 0, pos_max = 633, n_tokens = 634, n_swa = 1024, pos_next = 319, size = 495.321 MiB)
slot update_slots: id  1 | task 3688 | n_tokens = 319, memory_seq_rm [319, end)
srv  process_chun: processing image...
encoding image slice...
image slice encoded in 972 ms
decoding image batch 1/1, n_tokens_batch = 266
sched_reserve: reserving ...
sched_reserve:      CUDA0 compute buffer size =   866.52 MiB
sched_reserve:  CUDA_Host compute buffer size =   542.02 MiB
sched_reserve: graph nodes  = 2462
sched_reserve: graph splits = 2
sched_reserve: reserve took 373.90 ms, sched copies = 1
srv          stop: cancel task, id_task = 3517
srv  log_server_r: done request: POST /v1/chat/completions 127.0.0.1 200
image decoded (batch 1/1) in 960 ms
srv  process_chun: image processed in 1933 ms
slot update_slots: id  1 | task 3688 | prompt processing progress, n_tokens = 634, batch.n_tokens = 51, progress = 0.993730
sched_reserve: reserving ...
sched_reserve:      CUDA0 compute buffer size =   866.52 MiB
sched_reserve:  CUDA_Host compute buffer size =   542.02 MiB
sched_reserve: graph nodes  = 2462
sched_reserve: graph splits = 2
sched_reserve: reserve took 370.65 ms, sched copies = 1
slot      release: id  0 | task 3517 | stop processing: n_tokens = 806, truncated = 0
slot update_slots: id  1 | task 3688 | n_tokens = 634, memory_seq_rm [634, end)
slot init_sampler: id  1 | task 3688 | init sampler, took 0.12 ms, tokens: text = 372, total = 638
slot update_slots: id  1 | task 3688 | prompt processing done, n_tokens = 638, batch.n_tokens = 5
slot create_check: id  1 | task 3688 | created context checkpoint 2 of 32 (pos_min = 0, pos_max = 633, n_tokens = 634, size = 495.321 MiB)
srv  params_from_: Chat format: peg-gemma4
slot get_availabl: id  0 | task -1 | selected slot by LCP similarity, sim_best = 0.500 (> 0.100 thold), f_keep = 0.396
srv  get_availabl: updating prompt cache
srv   prompt_save:  - saving prompt with length 806, total state size = 692.676 MiB
srv          load:  - looking for better prompt, base f_keep = 0.396, sim = 0.500
srv        update:  - cache state: 5 prompts, 6413.904 MiB (limits: 8192.000 MiB, 262144 tokens, 262144 est)
srv        update:    - prompt 0xaaab33d158a0:     847 tokens, checkpoints:  2,  1318.547 MiB
srv        update:    - prompt 0xaaab2a5bb270:     808 tokens, checkpoints:  2,  1285.031 MiB
srv        update:    - prompt 0xaaab351d7ce0:     758 tokens, checkpoints:  2,  1225.655 MiB
srv        update:    - prompt 0xaaab35631cd0:     827 tokens, checkpoints:  2,  1301.359 MiB
srv        update:    - prompt 0xaaab270b9380:     806 tokens, checkpoints:  2,  1283.312 MiB
srv  get_availabl: prompt cache update took 265.62 ms
slot launch_slot_: id  0 | task -1 | sampler chain: logits -> ?penalties -> ?dry -> ?top-n-sigma -> top-k -> ?typical -> top-p -> min-p -> ?xtc -> ?temp-ext -> dist 
slot launch_slot_: id  0 | task 3765 | processing task, is_child = 0
slot update_slots: id  0 | task 3765 | new prompt, n_ctx_slot = 262144, n_keep = 0, task.n_tokens = 638
slot update_slots: id  0 | task 3765 | n_past = 319, slot.prompt.tokens.size() = 806, seq_id = 0, pos_min = 0, n_swa = 1024
slot update_slots: id  0 | task 3765 | Checking checkpoint with [0, 633] against 0...
slot update_slots: id  0 | task 3765 | restored context checkpoint (pos_min = 0, pos_max = 633, n_tokens = 634, n_past = 319, size = 495.321 MiB)
slot update_slots: id  0 | task 3765 | erased invalidated context checkpoint (pos_min = 0, pos_max = 633, n_tokens = 634, n_swa = 1024, pos_next = 319, size = 495.321 MiB)
slot update_slots: id  0 | task 3765 | n_tokens = 319, memory_seq_rm [319, end)
srv  process_chun: processing image...
encoding image slice...
srv          stop: cancel task, id_task = 3621
srv  log_server_r: done request: POST /v1/chat/completions 127.0.0.1 200
image slice encoded in 974 ms
decoding image batch 1/1, n_tokens_batch = 266
sched_reserve: reserving ...
sched_reserve:      CUDA0 compute buffer size =   866.52 MiB
sched_reserve:  CUDA_Host compute buffer size =   542.02 MiB
sched_reserve: graph nodes  = 2462
sched_reserve: graph splits = 2
sched_reserve: reserve took 405.50 ms, sched copies = 1
image decoded (batch 1/1) in 991 ms
srv  process_chun: image processed in 1965 ms
slot update_slots: id  0 | task 3765 | prompt processing progress, n_tokens = 634, batch.n_tokens = 51, progress = 0.993730
sched_reserve: reserving ...
sched_reserve:      CUDA0 compute buffer size =   866.52 MiB
sched_reserve:  CUDA_Host compute buffer size =   542.02 MiB
sched_reserve: graph nodes  = 2462
sched_reserve: graph splits = 2
sched_reserve: reserve took 407.55 ms, sched copies = 1
slot      release: id  2 | task 3621 | stop processing: n_tokens = 778, truncated = 0
slot update_slots: id  0 | task 3765 | n_tokens = 634, memory_seq_rm [634, end)
slot init_sampler: id  0 | task 3765 | init sampler, took 0.12 ms, tokens: text = 372, total = 638
slot update_slots: id  0 | task 3765 | prompt processing done, n_tokens = 638, batch.n_tokens = 5
slot create_check: id  0 | task 3765 | created context checkpoint 2 of 32 (pos_min = 0, pos_max = 633, n_tokens = 634, size = 495.321 MiB)
srv          stop: cancel task, id_task = 3688
srv  log_server_r: done request: POST /v1/chat/completions 127.0.0.1 200
slot      release: id  1 | task 3688 | stop processing: n_tokens = 771, truncated = 0
srv  params_from_: Chat format: peg-gemma4
slot get_availabl: id  1 | task -1 | selected slot by LCP similarity, sim_best = 1.000 (> 0.100 thold), f_keep = 0.827
slot launch_slot_: id  1 | task -1 | sampler chain: logits -> ?penalties -> ?dry -> ?top-n-sigma -> top-k -> ?typical -> top-p -> min-p -> ?xtc -> ?temp-ext -> dist 
slot launch_slot_: id  1 | task 3831 | processing task, is_child = 0
slot slot_save_an: id  2 | task -1 | saving idle slot to prompt cache
srv   prompt_save:  - saving prompt with length 778, total state size = 668.613 MiB
slot prompt_clear: id  2 | task -1 | clearing prompt with 778 tokens
srv        update:  - cache state: 6 prompts, 7673.153 MiB (limits: 8192.000 MiB, 262144 tokens, 262144 est)
srv        update:    - prompt 0xaaab33d158a0:     847 tokens, checkpoints:  2,  1318.547 MiB
srv        update:    - prompt 0xaaab2a5bb270:     808 tokens, checkpoints:  2,  1285.031 MiB
srv        update:    - prompt 0xaaab351d7ce0:     758 tokens, checkpoints:  2,  1225.655 MiB
srv        update:    - prompt 0xaaab35631cd0:     827 tokens, checkpoints:  2,  1301.359 MiB
srv        update:    - prompt 0xaaab270b9380:     806 tokens, checkpoints:  2,  1283.312 MiB
srv        update:    - prompt 0xaaab35487820:     778 tokens, checkpoints:  2,  1259.249 MiB
slot update_slots: id  1 | task 3831 | new prompt, n_ctx_slot = 262144, n_keep = 0, task.n_tokens = 638
slot update_slots: id  1 | task 3831 | n_past = 638, slot.prompt.tokens.size() = 771, seq_id = 1, pos_min = 0, n_swa = 1024
slot update_slots: id  1 | task 3831 | Checking checkpoint with [0, 633] against 0...
slot update_slots: id  1 | task 3831 | restored context checkpoint (pos_min = 0, pos_max = 633, n_tokens = 634, n_past = 633, size = 495.321 MiB)
slot update_slots: id  1 | task 3831 | n_tokens = 633, memory_seq_rm [633, end)
slot update_slots: id  1 | task 3831 | prompt processing progress, n_tokens = 634, batch.n_tokens = 2, progress = 0.993730
slot update_slots: id  1 | task 3831 | n_tokens = 634, memory_seq_rm [634, end)
slot init_sampler: id  1 | task 3831 | init sampler, took 0.12 ms, tokens: text = 372, total = 638
slot update_slots: id  1 | task 3831 | prompt processing done, n_tokens = 638, batch.n_tokens = 5
slot print_timing: id  0 | task 3765 | 
prompt eval time =    4083.27 ms /   319 tokens (   12.80 ms per token,    78.12 tokens per second)
       eval time =   18844.29 ms /   102 tokens (  184.75 ms per token,     5.41 tokens per second)
      total time =   22927.56 ms /   421 tokens
slot      release: id  0 | task 3765 | stop processing: n_tokens = 739, truncated = 0
srv  log_server_r: done request: POST /v1/chat/completions 127.0.0.1 200
slot print_timing: id  1 | task 3831 | 
prompt eval time =    2090.80 ms /     5 tokens (  418.16 ms per token,     2.39 tokens per second)
       eval time =   26953.62 ms /   195 tokens (  138.22 ms per token,     7.23 tokens per second)
      total time =   29044.42 ms /   200 tokens
slot      release: id  1 | task 3831 | stop processing: n_tokens = 832, truncated = 0
srv  update_slots: all slots are idle
srv  log_server_r: done request: POST /v1/chat/completions 127.0.0.1 200
srv  params_from_: Chat format: peg-gemma4
slot get_availabl: id  0 | task -1 | selected slot by LCP similarity, sim_best = 0.517 (> 0.100 thold), f_keep = 0.432
srv  get_availabl: updating prompt cache
srv   prompt_save:  - saving prompt with length 739, total state size = 635.096 MiB
srv          load:  - looking for better prompt, base f_keep = 0.432, sim = 0.517
srv        update:  - cache size limit reached, removing oldest entry (size = 1318.547 MiB)
srv        update:  - cache state: 6 prompts, 7580.338 MiB (limits: 8192.000 MiB, 262144 tokens, 262144 est)
srv        update:    - prompt 0xaaab2a5bb270:     808 tokens, checkpoints:  2,  1285.031 MiB
srv        update:    - prompt 0xaaab351d7ce0:     758 tokens, checkpoints:  2,  1225.655 MiB
srv        update:    - prompt 0xaaab35631cd0:     827 tokens, checkpoints:  2,  1301.359 MiB
srv        update:    - prompt 0xaaab270b9380:     806 tokens, checkpoints:  2,  1283.312 MiB
srv        update:    - prompt 0xaaab35487820:     778 tokens, checkpoints:  2,  1259.249 MiB
srv        update:    - prompt 0xaaab35b5ecd0:     739 tokens, checkpoints:  2,  1225.732 MiB
srv  get_availabl: prompt cache update took 364.78 ms
slot launch_slot_: id  0 | task -1 | sampler chain: logits -> ?penalties -> ?dry -> ?top-n-sigma -> top-k -> ?typical -> top-p -> min-p -> ?xtc -> ?temp-ext -> dist 
slot launch_slot_: id  0 | task 4028 | processing task, is_child = 0
slot slot_save_an: id  1 | task -1 | saving idle slot to prompt cache
srv   prompt_save:  - saving prompt with length 832, total state size = 715.020 MiB
slot prompt_clear: id  1 | task -1 | clearing prompt with 832 tokens
srv        update:  - cache size limit reached, removing oldest entry (size = 1285.031 MiB)
srv        update:  - cache state: 6 prompts, 7600.964 MiB (limits: 8192.000 MiB, 262144 tokens, 262144 est)
srv        update:    - prompt 0xaaab351d7ce0:     758 tokens, checkpoints:  2,  1225.655 MiB
srv        update:    - prompt 0xaaab35631cd0:     827 tokens, checkpoints:  2,  1301.359 MiB
srv        update:    - prompt 0xaaab270b9380:     806 tokens, checkpoints:  2,  1283.312 MiB
srv        update:    - prompt 0xaaab35487820:     778 tokens, checkpoints:  2,  1259.249 MiB
srv        update:    - prompt 0xaaab35b5ecd0:     739 tokens, checkpoints:  2,  1225.732 MiB
srv        update:    - prompt 0xaaab33d158a0:     832 tokens, checkpoints:  2,  1305.656 MiB
slot update_slots: id  0 | task 4028 | new prompt, n_ctx_slot = 262144, n_keep = 0, task.n_tokens = 617
slot update_slots: id  0 | task 4028 | n_past = 319, slot.prompt.tokens.size() = 739, seq_id = 0, pos_min = 0, n_swa = 1024
slot update_slots: id  0 | task 4028 | Checking checkpoint with [0, 633] against 0...
slot update_slots: id  0 | task 4028 | restored context checkpoint (pos_min = 0, pos_max = 633, n_tokens = 634, n_past = 319, size = 495.321 MiB)
slot update_slots: id  0 | task 4028 | erased invalidated context checkpoint (pos_min = 0, pos_max = 633, n_tokens = 634, n_swa = 1024, pos_next = 319, size = 495.321 MiB)
slot update_slots: id  0 | task 4028 | n_tokens = 319, memory_seq_rm [319, end)
srv  process_chun: processing image...
encoding image slice...
image slice encoded in 980 ms
decoding image batch 1/1, n_tokens_batch = 266
sched_reserve: reserving ...
sched_reserve:      CUDA0 compute buffer size =   866.52 MiB
sched_reserve:  CUDA_Host compute buffer size =   542.02 MiB
sched_reserve: graph nodes  = 2462
sched_reserve: graph splits = 2
sched_reserve: reserve took 364.73 ms, sched copies = 1
image decoded (batch 1/1) in 929 ms
srv  process_chun: image processed in 1910 ms
slot update_slots: id  0 | task 4028 | prompt processing progress, n_tokens = 613, batch.n_tokens = 28, progress = 0.993517
sched_reserve: reserving ...
sched_reserve:      CUDA0 compute buffer size =   866.52 MiB
sched_reserve:  CUDA_Host compute buffer size =   542.02 MiB
sched_reserve: graph nodes  = 2462
sched_reserve: graph splits = 2
sched_reserve: reserve took 377.13 ms, sched copies = 1
slot update_slots: id  0 | task 4028 | n_tokens = 613, memory_seq_rm [613, end)
slot init_sampler: id  0 | task 4028 | init sampler, took 0.12 ms, tokens: text = 351, total = 617
slot update_slots: id  0 | task 4028 | prompt processing done, n_tokens = 617, batch.n_tokens = 4
slot create_check: id  0 | task 4028 | created context checkpoint 2 of 32 (pos_min = 0, pos_max = 612, n_tokens = 613, size = 478.914 MiB)
slot print_timing: id  0 | task 4028 | 
prompt eval time =    3771.47 ms /   298 tokens (   12.66 ms per token,    79.01 tokens per second)
       eval time =   13224.57 ms /   103 tokens (  128.39 ms per token,     7.79 tokens per second)
      total time =   16996.04 ms /   401 tokens
slot      release: id  0 | task 4028 | stop processing: n_tokens = 719, truncated = 0
srv  update_slots: all slots are idle
srv  log_server_r: done request: POST /v1/chat/completions 127.0.0.1 200
srv  params_from_: Chat format: peg-gemma4
slot get_availabl: id  0 | task -1 | selected slot by LCP similarity, sim_best = 0.522 (> 0.100 thold), f_keep = 0.444
srv  get_availabl: updating prompt cache
srv   prompt_save:  - saving prompt with length 719, total state size = 617.908 MiB
srv          load:  - looking for better prompt, base f_keep = 0.444, sim = 0.522
srv        update:  - cache size limit reached, removing oldest entry (size = 1225.655 MiB)
srv        update:  - cache state: 6 prompts, 7567.447 MiB (limits: 8192.000 MiB, 262144 tokens, 262144 est)
srv        update:    - prompt 0xaaab35631cd0:     827 tokens, checkpoints:  2,  1301.359 MiB
srv        update:    - prompt 0xaaab270b9380:     806 tokens, checkpoints:  2,  1283.312 MiB
srv        update:    - prompt 0xaaab35487820:     778 tokens, checkpoints:  2,  1259.249 MiB
srv        update:    - prompt 0xaaab35b5ecd0:     739 tokens, checkpoints:  2,  1225.732 MiB
srv        update:    - prompt 0xaaab33d158a0:     832 tokens, checkpoints:  2,  1305.656 MiB
srv        update:    - prompt 0xaaab351daf10:     719 tokens, checkpoints:  2,  1192.138 MiB
srv  get_availabl: prompt cache update took 74.21 ms
slot launch_slot_: id  0 | task -1 | sampler chain: logits -> ?penalties -> ?dry -> ?top-n-sigma -> top-k -> ?typical -> top-p -> min-p -> ?xtc -> ?temp-ext -> dist 
slot launch_slot_: id  0 | task 4133 | processing task, is_child = 0
slot update_slots: id  0 | task 4133 | new prompt, n_ctx_slot = 262144, n_keep = 0, task.n_tokens = 611
slot update_slots: id  0 | task 4133 | n_past = 319, slot.prompt.tokens.size() = 719, seq_id = 0, pos_min = 0, n_swa = 1024
slot update_slots: id  0 | task 4133 | Checking checkpoint with [0, 612] against 0...
slot update_slots: id  0 | task 4133 | restored context checkpoint (pos_min = 0, pos_max = 612, n_tokens = 613, n_past = 319, size = 478.914 MiB)
slot update_slots: id  0 | task 4133 | erased invalidated context checkpoint (pos_min = 0, pos_max = 612, n_tokens = 613, n_swa = 1024, pos_next = 319, size = 478.914 MiB)
slot update_slots: id  0 | task 4133 | n_tokens = 319, memory_seq_rm [319, end)
srv  process_chun: processing image...
encoding image slice...
image slice encoded in 973 ms
decoding image batch 1/1, n_tokens_batch = 266
sched_reserve: reserving ...
sched_reserve:      CUDA0 compute buffer size =   866.52 MiB
sched_reserve:  CUDA_Host compute buffer size =   542.02 MiB
sched_reserve: graph nodes  = 2462
sched_reserve: graph splits = 2
sched_reserve: reserve took 377.80 ms, sched copies = 1
image decoded (batch 1/1) in 944 ms
srv  process_chun: image processed in 1918 ms
slot update_slots: id  0 | task 4133 | prompt processing progress, n_tokens = 607, batch.n_tokens = 22, progress = 0.993453
sched_reserve: reserving ...
sched_reserve:      CUDA0 compute buffer size =   866.52 MiB
sched_reserve:  CUDA_Host compute buffer size =   542.02 MiB
sched_reserve: graph nodes  = 2462
sched_reserve: graph splits = 2
sched_reserve: reserve took 372.02 ms, sched copies = 1
slot update_slots: id  0 | task 4133 | n_tokens = 607, memory_seq_rm [607, end)
slot init_sampler: id  0 | task 4133 | init sampler, took 0.12 ms, tokens: text = 345, total = 611
slot update_slots: id  0 | task 4133 | prompt processing done, n_tokens = 611, batch.n_tokens = 4
slot create_check: id  0 | task 4133 | created context checkpoint 2 of 32 (pos_min = 0, pos_max = 606, n_tokens = 607, size = 474.227 MiB)
srv  params_from_: Chat format: peg-gemma4
slot get_availabl: id  3 | task -1 | selected slot by LRU, t_last = 91701918007
srv  get_availabl: updating prompt cache
srv          load:  - looking for better prompt, base f_keep = -1.000, sim = 0.000
srv          load:  - found better prompt with f_keep = 0.386, sim = 0.500
srv        update:  - cache state: 5 prompts, 6266.088 MiB (limits: 8192.000 MiB, 262144 tokens, 262144 est)
srv        update:    - prompt 0xaaab270b9380:     806 tokens, checkpoints:  2,  1283.312 MiB
srv        update:    - prompt 0xaaab35487820:     778 tokens, checkpoints:  2,  1259.249 MiB
srv        update:    - prompt 0xaaab35b5ecd0:     739 tokens, checkpoints:  2,  1225.732 MiB
srv        update:    - prompt 0xaaab33d158a0:     832 tokens, checkpoints:  2,  1305.656 MiB
srv        update:    - prompt 0xaaab351daf10:     719 tokens, checkpoints:  2,  1192.138 MiB
srv  get_availabl: prompt cache update took 12.69 ms
slot launch_slot_: id  3 | task -1 | sampler chain: logits -> ?penalties -> ?dry -> ?top-n-sigma -> top-k -> ?typical -> top-p -> min-p -> ?xtc -> ?temp-ext -> dist 
slot launch_slot_: id  3 | task 4188 | processing task, is_child = 0
slot update_slots: id  3 | task 4188 | new prompt, n_ctx_slot = 262144, n_keep = 0, task.n_tokens = 638
slot update_slots: id  3 | task 4188 | n_past = 319, slot.prompt.tokens.size() = 827, seq_id = 3, pos_min = 0, n_swa = 1024
slot update_slots: id  3 | task 4188 | Checking checkpoint with [0, 633] against 0...
slot update_slots: id  3 | task 4188 | restored context checkpoint (pos_min = 0, pos_max = 633, n_tokens = 634, n_past = 319, size = 495.321 MiB)
slot update_slots: id  3 | task 4188 | erased invalidated context checkpoint (pos_min = 0, pos_max = 633, n_tokens = 634, n_swa = 1024, pos_next = 319, size = 495.321 MiB)
slot update_slots: id  3 | task 4188 | n_tokens = 319, memory_seq_rm [319, end)
srv  process_chun: processing image...
encoding image slice...
image slice encoded in 973 ms
decoding image batch 1/1, n_tokens_batch = 266
sched_reserve: reserving ...
sched_reserve:      CUDA0 compute buffer size =   866.52 MiB
sched_reserve:  CUDA_Host compute buffer size =   542.02 MiB
sched_reserve: graph nodes  = 2462
sched_reserve: graph splits = 2
sched_reserve: reserve took 363.04 ms, sched copies = 1
image decoded (batch 1/1) in 931 ms
srv  process_chun: image processed in 1904 ms
slot update_slots: id  3 | task 4188 | prompt processing progress, n_tokens = 634, batch.n_tokens = 50, progress = 0.993730
sched_reserve: reserving ...
sched_reserve:      CUDA0 compute buffer size =   866.52 MiB
sched_reserve:  CUDA_Host compute buffer size =   542.02 MiB
sched_reserve: graph nodes  = 2462
sched_reserve: graph splits = 2
sched_reserve: reserve took 377.63 ms, sched copies = 1
slot update_slots: id  3 | task 4188 | n_tokens = 634, memory_seq_rm [634, end)
slot init_sampler: id  3 | task 4188 | init sampler, took 0.12 ms, tokens: text = 372, total = 638
slot update_slots: id  3 | task 4188 | prompt processing done, n_tokens = 638, batch.n_tokens = 5
slot create_check: id  3 | task 4188 | created context checkpoint 2 of 32 (pos_min = 0, pos_max = 633, n_tokens = 634, size = 495.321 MiB)
slot print_timing: id  0 | task 4133 | 
prompt eval time =    3734.53 ms /   292 tokens (   12.79 ms per token,    78.19 tokens per second)
       eval time =   14809.52 ms /    80 tokens (  185.12 ms per token,     5.40 tokens per second)
      total time =   18544.05 ms /   372 tokens
slot      release: id  0 | task 4133 | stop processing: n_tokens = 690, truncated = 0
srv  log_server_r: done request: POST /v1/chat/completions 127.0.0.1 200
srv          stop: cancel task, id_task = 4188
srv  log_server_r: done request: POST /v1/chat/completions 127.0.0.1 200
slot      release: id  3 | task 4188 | stop processing: n_tokens = 830, truncated = 0
srv  update_slots: all slots are idle
srv  params_from_: Chat format: peg-gemma4
slot get_availabl: id  3 | task -1 | selected slot by LCP similarity, sim_best = 1.000 (> 0.100 thold), f_keep = 0.769
slot launch_slot_: id  3 | task -1 | sampler chain: logits -> ?penalties -> ?dry -> ?top-n-sigma -> top-k -> ?typical -> top-p -> min-p -> ?xtc -> ?temp-ext -> dist 
slot launch_slot_: id  3 | task 4384 | processing task, is_child = 0
slot slot_save_an: id  0 | task -1 | saving idle slot to prompt cache
srv   prompt_save:  - saving prompt with length 690, total state size = 592.986 MiB
slot prompt_clear: id  0 | task -1 | clearing prompt with 690 tokens
srv        update:  - cache state: 6 prompts, 7428.616 MiB (limits: 8192.000 MiB, 262144 tokens, 262144 est)
srv        update:    - prompt 0xaaab270b9380:     806 tokens, checkpoints:  2,  1283.312 MiB
srv        update:    - prompt 0xaaab35487820:     778 tokens, checkpoints:  2,  1259.249 MiB
srv        update:    - prompt 0xaaab35b5ecd0:     739 tokens, checkpoints:  2,  1225.732 MiB
srv        update:    - prompt 0xaaab33d158a0:     832 tokens, checkpoints:  2,  1305.656 MiB
srv        update:    - prompt 0xaaab351daf10:     719 tokens, checkpoints:  2,  1192.138 MiB
srv        update:    - prompt 0xaaab471bc630:     690 tokens, checkpoints:  2,  1162.528 MiB
slot update_slots: id  3 | task 4384 | new prompt, n_ctx_slot = 262144, n_keep = 0, task.n_tokens = 638
slot update_slots: id  3 | task 4384 | n_past = 638, slot.prompt.tokens.size() = 830, seq_id = 3, pos_min = 0, n_swa = 1024
slot update_slots: id  3 | task 4384 | Checking checkpoint with [0, 633] against 0...
slot update_slots: id  3 | task 4384 | restored context checkpoint (pos_min = 0, pos_max = 633, n_tokens = 634, n_past = 633, size = 495.321 MiB)
slot update_slots: id  3 | task 4384 | n_tokens = 633, memory_seq_rm [633, end)
slot update_slots: id  3 | task 4384 | prompt processing progress, n_tokens = 634, batch.n_tokens = 1, progress = 0.993730
slot update_slots: id  3 | task 4384 | n_tokens = 634, memory_seq_rm [634, end)
slot init_sampler: id  3 | task 4384 | init sampler, took 0.13 ms, tokens: text = 372, total = 638
slot update_slots: id  3 | task 4384 | prompt processing done, n_tokens = 638, batch.n_tokens = 4
srv          stop: cancel task, id_task = 4384
srv  log_server_r: done request: POST /v1/chat/completions 127.0.0.1 200
slot      release: id  3 | task 4384 | stop processing: n_tokens = 866, truncated = 0
srv  update_slots: all slots are idle
srv  params_from_: Chat format: peg-gemma4
slot get_availabl: id  3 | task -1 | selected slot by LCP similarity, sim_best = 1.000 (> 0.100 thold), f_keep = 0.737
slot launch_slot_: id  3 | task -1 | sampler chain: logits -> ?penalties -> ?dry -> ?top-n-sigma -> top-k -> ?typical -> top-p -> min-p -> ?xtc -> ?temp-ext -> dist 
slot launch_slot_: id  3 | task 4616 | processing task, is_child = 0
slot update_slots: id  3 | task 4616 | new prompt, n_ctx_slot = 262144, n_keep = 0, task.n_tokens = 638
slot update_slots: id  3 | task 4616 | n_past = 638, slot.prompt.tokens.size() = 866, seq_id = 3, pos_min = 0, n_swa = 1024
slot update_slots: id  3 | task 4616 | Checking checkpoint with [0, 633] against 0...
slot update_slots: id  3 | task 4616 | restored context checkpoint (pos_min = 0, pos_max = 633, n_tokens = 634, n_past = 633, size = 495.321 MiB)
slot update_slots: id  3 | task 4616 | n_tokens = 633, memory_seq_rm [633, end)
slot update_slots: id  3 | task 4616 | prompt processing progress, n_tokens = 634, batch.n_tokens = 1, progress = 0.993730
slot update_slots: id  3 | task 4616 | n_tokens = 634, memory_seq_rm [634, end)
slot init_sampler: id  3 | task 4616 | init sampler, took 0.13 ms, tokens: text = 372, total = 638
slot update_slots: id  3 | task 4616 | prompt processing done, n_tokens = 638, batch.n_tokens = 4
srv  params_from_: Chat format: peg-gemma4
slot get_availabl: id  2 | task -1 | selected slot by LRU, t_last = 91777386318
srv  get_availabl: updating prompt cache
srv          load:  - looking for better prompt, base f_keep = -1.000, sim = 0.000
srv          load:  - found better prompt with f_keep = 0.396, sim = 0.500
srv        update:  - cache state: 5 prompts, 6145.304 MiB (limits: 8192.000 MiB, 262144 tokens, 262144 est)
srv        update:    - prompt 0xaaab35487820:     778 tokens, checkpoints:  2,  1259.249 MiB
srv        update:    - prompt 0xaaab35b5ecd0:     739 tokens, checkpoints:  2,  1225.732 MiB
srv        update:    - prompt 0xaaab33d158a0:     832 tokens, checkpoints:  2,  1305.656 MiB
srv        update:    - prompt 0xaaab351daf10:     719 tokens, checkpoints:  2,  1192.138 MiB
srv        update:    - prompt 0xaaab471bc630:     690 tokens, checkpoints:  2,  1162.528 MiB
srv  get_availabl: prompt cache update took 480.56 ms
slot launch_slot_: id  2 | task -1 | sampler chain: logits -> ?penalties -> ?dry -> ?top-n-sigma -> top-k -> ?typical -> top-p -> min-p -> ?xtc -> ?temp-ext -> dist 
slot launch_slot_: id  2 | task 4638 | processing task, is_child = 0
slot update_slots: id  2 | task 4638 | new prompt, n_ctx_slot = 262144, n_keep = 0, task.n_tokens = 638
slot update_slots: id  2 | task 4638 | n_past = 319, slot.prompt.tokens.size() = 806, seq_id = 2, pos_min = 0, n_swa = 1024
slot update_slots: id  2 | task 4638 | Checking checkpoint with [0, 633] against 0...
slot update_slots: id  2 | task 4638 | restored context checkpoint (pos_min = 0, pos_max = 633, n_tokens = 634, n_past = 319, size = 495.321 MiB)
slot update_slots: id  2 | task 4638 | erased invalidated context checkpoint (pos_min = 0, pos_max = 633, n_tokens = 634, n_swa = 1024, pos_next = 319, size = 495.321 MiB)
slot update_slots: id  2 | task 4638 | n_tokens = 319, memory_seq_rm [319, end)
srv  process_chun: processing image...
encoding image slice...
image slice encoded in 976 ms
decoding image batch 1/1, n_tokens_batch = 266
sched_reserve: reserving ...
sched_reserve:      CUDA0 compute buffer size =   866.52 MiB
sched_reserve:  CUDA_Host compute buffer size =   542.02 MiB
sched_reserve: graph nodes  = 2462
sched_reserve: graph splits = 2
sched_reserve: reserve took 434.04 ms, sched copies = 1
image decoded (batch 1/1) in 1000 ms
srv  process_chun: image processed in 1977 ms
slot update_slots: id  2 | task 4638 | prompt processing progress, n_tokens = 634, batch.n_tokens = 50, progress = 0.993730
sched_reserve: reserving ...
sched_reserve:      CUDA0 compute buffer size =   866.52 MiB
sched_reserve:  CUDA_Host compute buffer size =   542.02 MiB
sched_reserve: graph nodes  = 2462
sched_reserve: graph splits = 2
sched_reserve: reserve took 394.53 ms, sched copies = 1
slot update_slots: id  2 | task 4638 | n_tokens = 634, memory_seq_rm [634, end)
slot init_sampler: id  2 | task 4638 | init sampler, took 0.13 ms, tokens: text = 372, total = 638
slot update_slots: id  2 | task 4638 | prompt processing done, n_tokens = 638, batch.n_tokens = 5
slot create_check: id  2 | task 4638 | created context checkpoint 2 of 32 (pos_min = 0, pos_max = 633, n_tokens = 634, size = 495.321 MiB)
srv          stop: cancel task, id_task = 4616
srv  log_server_r: done request: POST /v1/chat/completions 127.0.0.1 200
slot      release: id  3 | task 4616 | stop processing: n_tokens = 799, truncated = 0
srv  params_from_: Chat format: peg-gemma4
slot get_availabl: id  3 | task -1 | selected slot by LCP similarity, sim_best = 0.500 (> 0.100 thold), f_keep = 0.399
srv  get_availabl: updating prompt cache
srv   prompt_save:  - saving prompt with length 799, total state size = 686.660 MiB
srv          stop: cancel task, id_task = 4638
srv  log_server_r: done request: POST /v1/chat/completions 127.0.0.1 200
srv          load:  - looking for better prompt, base f_keep = 0.399, sim = 0.500
srv        update:  - cache state: 6 prompts, 7422.600 MiB (limits: 8192.000 MiB, 262144 tokens, 262144 est)
srv        update:    - prompt 0xaaab35487820:     778 tokens, checkpoints:  2,  1259.249 MiB
srv        update:    - prompt 0xaaab35b5ecd0:     739 tokens, checkpoints:  2,  1225.732 MiB
srv        update:    - prompt 0xaaab33d158a0:     832 tokens, checkpoints:  2,  1305.656 MiB
srv        update:    - prompt 0xaaab351daf10:     719 tokens, checkpoints:  2,  1192.138 MiB
srv        update:    - prompt 0xaaab471bc630:     690 tokens, checkpoints:  2,  1162.528 MiB
srv        update:    - prompt 0xaaab35df0c40:     799 tokens, checkpoints:  2,  1277.296 MiB
srv  get_availabl: prompt cache update took 669.20 ms
slot launch_slot_: id  3 | task -1 | sampler chain: logits -> ?penalties -> ?dry -> ?top-n-sigma -> top-k -> ?typical -> top-p -> min-p -> ?xtc -> ?temp-ext -> dist 
slot launch_slot_: id  3 | task 4806 | processing task, is_child = 0
slot      release: id  2 | task 4638 | stop processing: n_tokens = 802, truncated = 0
slot update_slots: id  3 | task 4806 | new prompt, n_ctx_slot = 262144, n_keep = 0, task.n_tokens = 638
slot update_slots: id  3 | task 4806 | n_past = 319, slot.prompt.tokens.size() = 799, seq_id = 3, pos_min = 0, n_swa = 1024
slot update_slots: id  3 | task 4806 | Checking checkpoint with [0, 633] against 0...
slot update_slots: id  3 | task 4806 | restored context checkpoint (pos_min = 0, pos_max = 633, n_tokens = 634, n_past = 319, size = 495.321 MiB)
slot update_slots: id  3 | task 4806 | erased invalidated context checkpoint (pos_min = 0, pos_max = 633, n_tokens = 634, n_swa = 1024, pos_next = 319, size = 495.321 MiB)
slot update_slots: id  3 | task 4806 | n_tokens = 319, memory_seq_rm [319, end)
srv  process_chun: processing image...
encoding image slice...
image slice encoded in 976 ms
decoding image batch 1/1, n_tokens_batch = 266
sched_reserve: reserving ...
sched_reserve:      CUDA0 compute buffer size =   866.52 MiB
sched_reserve:  CUDA_Host compute buffer size =   542.02 MiB
sched_reserve: graph nodes  = 2462
sched_reserve: graph splits = 2
sched_reserve: reserve took 383.76 ms, sched copies = 1
image decoded (batch 1/1) in 959 ms
srv  process_chun: image processed in 1936 ms
slot update_slots: id  3 | task 4806 | prompt processing progress, n_tokens = 634, batch.n_tokens = 49, progress = 0.993730
sched_reserve: reserving ...
sched_reserve:      CUDA0 compute buffer size =   866.52 MiB
sched_reserve:  CUDA_Host compute buffer size =   542.02 MiB
sched_reserve: graph nodes  = 2462
sched_reserve: graph splits = 2
sched_reserve: reserve took 387.31 ms, sched copies = 1
slot update_slots: id  3 | task 4806 | n_tokens = 634, memory_seq_rm [634, end)
slot init_sampler: id  3 | task 4806 | init sampler, took 0.13 ms, tokens: text = 372, total = 638
slot update_slots: id  3 | task 4806 | prompt processing done, n_tokens = 638, batch.n_tokens = 4
slot create_check: id  3 | task 4806 | created context checkpoint 2 of 32 (pos_min = 0, pos_max = 633, n_tokens = 634, size = 495.321 MiB)
slot print_timing: id  3 | task 4806 | 
prompt eval time =    3918.49 ms /   319 tokens (   12.28 ms per token,    81.41 tokens per second)
       eval time =   20533.21 ms /   155 tokens (  132.47 ms per token,     7.55 tokens per second)
      total time =   24451.69 ms /   474 tokens
slot      release: id  3 | task 4806 | stop processing: n_tokens = 792, truncated = 0
srv  update_slots: all slots are idle
srv  log_server_r: done request: POST /v1/chat/completions 127.0.0.1 200
srv  params_from_: Chat format: peg-gemma4
slot get_availabl: id  2 | task -1 | selected slot by LCP similarity, sim_best = 0.517 (> 0.100 thold), f_keep = 0.398
srv  get_availabl: updating prompt cache
srv   prompt_save:  - saving prompt with length 802, total state size = 689.239 MiB
srv          load:  - looking for better prompt, base f_keep = 0.398, sim = 0.517
srv        update:  - cache size limit reached, removing oldest entry (size = 1259.249 MiB)
srv        update:  - cache state: 6 prompts, 7443.226 MiB (limits: 8192.000 MiB, 262144 tokens, 262144 est)
srv        update:    - prompt 0xaaab35b5ecd0:     739 tokens, checkpoints:  2,  1225.732 MiB
srv        update:    - prompt 0xaaab33d158a0:     832 tokens, checkpoints:  2,  1305.656 MiB
srv        update:    - prompt 0xaaab351daf10:     719 tokens, checkpoints:  2,  1192.138 MiB
srv        update:    - prompt 0xaaab471bc630:     690 tokens, checkpoints:  2,  1162.528 MiB
srv        update:    - prompt 0xaaab35df0c40:     799 tokens, checkpoints:  2,  1277.296 MiB
srv        update:    - prompt 0xaaab356862e0:     802 tokens, checkpoints:  2,  1279.875 MiB
srv  get_availabl: prompt cache update took 545.18 ms
slot launch_slot_: id  2 | task -1 | sampler chain: logits -> ?penalties -> ?dry -> ?top-n-sigma -> top-k -> ?typical -> top-p -> min-p -> ?xtc -> ?temp-ext -> dist 
slot launch_slot_: id  2 | task 4964 | processing task, is_child = 0
slot slot_save_an: id  3 | task -1 | saving idle slot to prompt cache
srv   prompt_save:  - saving prompt with length 792, total state size = 680.645 MiB
slot prompt_clear: id  3 | task -1 | clearing prompt with 792 tokens
srv        update:  - cache size limit reached, removing oldest entry (size = 1225.732 MiB)
srv        update:  - cache state: 6 prompts, 7488.774 MiB (limits: 8192.000 MiB, 262144 tokens, 262144 est)
srv        update:    - prompt 0xaaab33d158a0:     832 tokens, checkpoints:  2,  1305.656 MiB
srv        update:    - prompt 0xaaab351daf10:     719 tokens, checkpoints:  2,  1192.138 MiB
srv        update:    - prompt 0xaaab471bc630:     690 tokens, checkpoints:  2,  1162.528 MiB
srv        update:    - prompt 0xaaab35df0c40:     799 tokens, checkpoints:  2,  1277.296 MiB
srv        update:    - prompt 0xaaab356862e0:     802 tokens, checkpoints:  2,  1279.875 MiB
srv        update:    - prompt 0xaaab35487820:     792 tokens, checkpoints:  2,  1271.281 MiB
slot update_slots: id  2 | task 4964 | new prompt, n_ctx_slot = 262144, n_keep = 0, task.n_tokens = 617
slot update_slots: id  2 | task 4964 | n_past = 319, slot.prompt.tokens.size() = 802, seq_id = 2, pos_min = 0, n_swa = 1024
slot update_slots: id  2 | task 4964 | Checking checkpoint with [0, 633] against 0...
slot update_slots: id  2 | task 4964 | restored context checkpoint (pos_min = 0, pos_max = 633, n_tokens = 634, n_past = 319, size = 495.321 MiB)
slot update_slots: id  2 | task 4964 | erased invalidated context checkpoint (pos_min = 0, pos_max = 633, n_tokens = 634, n_swa = 1024, pos_next = 319, size = 495.321 MiB)
slot update_slots: id  2 | task 4964 | n_tokens = 319, memory_seq_rm [319, end)
srv  process_chun: processing image...
encoding image slice...
image slice encoded in 986 ms
decoding image batch 1/1, n_tokens_batch = 266
sched_reserve: reserving ...
sched_reserve:      CUDA0 compute buffer size =   866.52 MiB
sched_reserve:  CUDA_Host compute buffer size =   542.02 MiB
sched_reserve: graph nodes  = 2462
sched_reserve: graph splits = 2
sched_reserve: reserve took 390.94 ms, sched copies = 1
image decoded (batch 1/1) in 953 ms
srv  process_chun: image processed in 1940 ms
slot update_slots: id  2 | task 4964 | prompt processing progress, n_tokens = 613, batch.n_tokens = 28, progress = 0.993517
sched_reserve: reserving ...
sched_reserve:      CUDA0 compute buffer size =   866.52 MiB
sched_reserve:  CUDA_Host compute buffer size =   542.02 MiB
sched_reserve: graph nodes  = 2462
sched_reserve: graph splits = 2
sched_reserve: reserve took 374.60 ms, sched copies = 1
slot update_slots: id  2 | task 4964 | n_tokens = 613, memory_seq_rm [613, end)
slot init_sampler: id  2 | task 4964 | init sampler, took 0.12 ms, tokens: text = 351, total = 617
slot update_slots: id  2 | task 4964 | prompt processing done, n_tokens = 617, batch.n_tokens = 4
slot create_check: id  2 | task 4964 | created context checkpoint 2 of 32 (pos_min = 0, pos_max = 612, n_tokens = 613, size = 478.914 MiB)
slot print_timing: id  2 | task 4964 | 
prompt eval time =    3786.97 ms /   298 tokens (   12.71 ms per token,    78.69 tokens per second)
       eval time =   20708.38 ms /   161 tokens (  128.62 ms per token,     7.77 tokens per second)
      total time =   24495.35 ms /   459 tokens
slot      release: id  2 | task 4964 | stop processing: n_tokens = 777, truncated = 0
srv  update_slots: all slots are idle
srv  log_server_r: done request: POST /v1/chat/completions 127.0.0.1 200
srv  params_from_: Chat format: peg-gemma4
slot get_availabl: id  2 | task -1 | selected slot by LCP similarity, sim_best = 0.522 (> 0.100 thold), f_keep = 0.411
srv  get_availabl: updating prompt cache
srv   prompt_save:  - saving prompt with length 777, total state size = 667.754 MiB
srv          load:  - looking for better prompt, base f_keep = 0.411, sim = 0.522
srv        update:  - cache size limit reached, removing oldest entry (size = 1305.656 MiB)
srv        update:  - cache state: 6 prompts, 7425.100 MiB (limits: 8192.000 MiB, 262144 tokens, 262144 est)
srv        update:    - prompt 0xaaab351daf10:     719 tokens, checkpoints:  2,  1192.138 MiB
srv        update:    - prompt 0xaaab471bc630:     690 tokens, checkpoints:  2,  1162.528 MiB
srv        update:    - prompt 0xaaab35df0c40:     799 tokens, checkpoints:  2,  1277.296 MiB
srv        update:    - prompt 0xaaab356862e0:     802 tokens, checkpoints:  2,  1279.875 MiB
srv        update:    - prompt 0xaaab35487820:     792 tokens, checkpoints:  2,  1271.281 MiB
srv        update:    - prompt 0xaaab3514d9b0:     777 tokens, checkpoints:  2,  1241.983 MiB
srv  get_availabl: prompt cache update took 78.16 ms
slot launch_slot_: id  2 | task -1 | sampler chain: logits -> ?penalties -> ?dry -> ?top-n-sigma -> top-k -> ?typical -> top-p -> min-p -> ?xtc -> ?temp-ext -> dist 
slot launch_slot_: id  2 | task 5127 | processing task, is_child = 0
slot update_slots: id  2 | task 5127 | new prompt, n_ctx_slot = 262144, n_keep = 0, task.n_tokens = 611
slot update_slots: id  2 | task 5127 | n_past = 319, slot.prompt.tokens.size() = 777, seq_id = 2, pos_min = 0, n_swa = 1024
slot update_slots: id  2 | task 5127 | Checking checkpoint with [0, 612] against 0...
slot update_slots: id  2 | task 5127 | restored context checkpoint (pos_min = 0, pos_max = 612, n_tokens = 613, n_past = 319, size = 478.914 MiB)
slot update_slots: id  2 | task 5127 | erased invalidated context checkpoint (pos_min = 0, pos_max = 612, n_tokens = 613, n_swa = 1024, pos_next = 319, size = 478.914 MiB)
slot update_slots: id  2 | task 5127 | n_tokens = 319, memory_seq_rm [319, end)
srv  process_chun: processing image...
encoding image slice...
image slice encoded in 973 ms
decoding image batch 1/1, n_tokens_batch = 266
sched_reserve: reserving ...
sched_reserve:      CUDA0 compute buffer size =   866.52 MiB
sched_reserve:  CUDA_Host compute buffer size =   542.02 MiB
sched_reserve: graph nodes  = 2462
sched_reserve: graph splits = 2
sched_reserve: reserve took 369.68 ms, sched copies = 1
image decoded (batch 1/1) in 928 ms
srv  process_chun: image processed in 1901 ms
slot update_slots: id  2 | task 5127 | prompt processing progress, n_tokens = 607, batch.n_tokens = 22, progress = 0.993453
sched_reserve: reserving ...
sched_reserve:      CUDA0 compute buffer size =   866.52 MiB
sched_reserve:  CUDA_Host compute buffer size =   542.02 MiB
sched_reserve: graph nodes  = 2462
sched_reserve: graph splits = 2
sched_reserve: reserve took 370.65 ms, sched copies = 1
slot update_slots: id  2 | task 5127 | n_tokens = 607, memory_seq_rm [607, end)
slot init_sampler: id  2 | task 5127 | init sampler, took 0.12 ms, tokens: text = 345, total = 611
slot update_slots: id  2 | task 5127 | prompt processing done, n_tokens = 611, batch.n_tokens = 4
slot create_check: id  2 | task 5127 | created context checkpoint 2 of 32 (pos_min = 0, pos_max = 606, n_tokens = 607, size = 474.227 MiB)
srv  params_from_: Chat format: peg-gemma4
slot get_availabl: id  1 | task -1 | selected slot by LRU, t_last = 91817327408
srv  get_availabl: updating prompt cache
srv          load:  - looking for better prompt, base f_keep = -1.000, sim = 0.000
srv          load:  - found better prompt with f_keep = 0.444, sim = 0.500
srv        update:  - cache state: 5 prompts, 6232.962 MiB (limits: 8192.000 MiB, 262144 tokens, 262144 est)
srv        update:    - prompt 0xaaab471bc630:     690 tokens, checkpoints:  2,  1162.528 MiB
srv        update:    - prompt 0xaaab35df0c40:     799 tokens, checkpoints:  2,  1277.296 MiB
srv        update:    - prompt 0xaaab356862e0:     802 tokens, checkpoints:  2,  1279.875 MiB
srv        update:    - prompt 0xaaab35487820:     792 tokens, checkpoints:  2,  1271.281 MiB
srv        update:    - prompt 0xaaab3514d9b0:     777 tokens, checkpoints:  2,  1241.983 MiB
srv  get_availabl: prompt cache update took 14.27 ms
slot launch_slot_: id  1 | task -1 | sampler chain: logits -> ?penalties -> ?dry -> ?top-n-sigma -> top-k -> ?typical -> top-p -> min-p -> ?xtc -> ?temp-ext -> dist 
slot launch_slot_: id  1 | task 5149 | processing task, is_child = 0
slot update_slots: id  1 | task 5149 | new prompt, n_ctx_slot = 262144, n_keep = 0, task.n_tokens = 638
slot update_slots: id  1 | task 5149 | n_past = 319, slot.prompt.tokens.size() = 719, seq_id = 1, pos_min = 0, n_swa = 1024
slot update_slots: id  1 | task 5149 | Checking checkpoint with [0, 612] against 0...
slot update_slots: id  1 | task 5149 | restored context checkpoint (pos_min = 0, pos_max = 612, n_tokens = 613, n_past = 319, size = 478.914 MiB)
slot update_slots: id  1 | task 5149 | erased invalidated context checkpoint (pos_min = 0, pos_max = 612, n_tokens = 613, n_swa = 1024, pos_next = 319, size = 478.914 MiB)
slot update_slots: id  1 | task 5149 | n_tokens = 319, memory_seq_rm [319, end)
srv  process_chun: processing image...
encoding image slice...
image slice encoded in 975 ms
decoding image batch 1/1, n_tokens_batch = 266
sched_reserve: reserving ...
sched_reserve:      CUDA0 compute buffer size =   866.52 MiB
sched_reserve:  CUDA_Host compute buffer size =   542.02 MiB
sched_reserve: graph nodes  = 2462
sched_reserve: graph splits = 2
sched_reserve: reserve took 362.56 ms, sched copies = 1
image decoded (batch 1/1) in 927 ms
srv  process_chun: image processed in 1903 ms
slot update_slots: id  1 | task 5149 | prompt processing progress, n_tokens = 634, batch.n_tokens = 50, progress = 0.993730
sched_reserve: reserving ...
sched_reserve:      CUDA0 compute buffer size =   866.52 MiB
sched_reserve:  CUDA_Host compute buffer size =   542.02 MiB
sched_reserve: graph nodes  = 2462
sched_reserve: graph splits = 2
sched_reserve: reserve took 378.87 ms, sched copies = 1
slot update_slots: id  1 | task 5149 | n_tokens = 634, memory_seq_rm [634, end)
slot init_sampler: id  1 | task 5149 | init sampler, took 0.12 ms, tokens: text = 372, total = 638
slot update_slots: id  1 | task 5149 | prompt processing done, n_tokens = 638, batch.n_tokens = 5
slot create_check: id  1 | task 5149 | created context checkpoint 2 of 32 (pos_min = 0, pos_max = 633, n_tokens = 634, size = 495.321 MiB)
slot print_timing: id  2 | task 5127 | 
prompt eval time =    3702.06 ms /   292 tokens (   12.68 ms per token,    78.88 tokens per second)
       eval time =   12293.62 ms /    58 tokens (  211.96 ms per token,     4.72 tokens per second)
      total time =   15995.67 ms /   350 tokens
slot      release: id  2 | task 5127 | stop processing: n_tokens = 668, truncated = 0
srv  log_server_r: done request: POST /v1/chat/completions 127.0.0.1 200
srv  params_from_: Chat format: peg-gemma4
slot get_availabl: id  2 | task -1 | selected slot by LCP similarity, sim_best = 0.500 (> 0.100 thold), f_keep = 0.478
srv  get_availabl: updating prompt cache
srv   prompt_save:  - saving prompt with length 668, total state size = 574.079 MiB
srv          load:  - looking for better prompt, base f_keep = 0.478, sim = 0.500
srv        update:  - cache state: 6 prompts, 7376.583 MiB (limits: 8192.000 MiB, 262144 tokens, 262144 est)
srv        update:    - prompt 0xaaab471bc630:     690 tokens, checkpoints:  2,  1162.528 MiB
srv        update:    - prompt 0xaaab35df0c40:     799 tokens, checkpoints:  2,  1277.296 MiB
srv        update:    - prompt 0xaaab356862e0:     802 tokens, checkpoints:  2,  1279.875 MiB
srv        update:    - prompt 0xaaab35487820:     792 tokens, checkpoints:  2,  1271.281 MiB
srv        update:    - prompt 0xaaab3514d9b0:     777 tokens, checkpoints:  2,  1241.983 MiB
srv        update:    - prompt 0xaaab2a5dd4f0:     668 tokens, checkpoints:  2,  1143.621 MiB
srv  get_availabl: prompt cache update took 199.80 ms
slot launch_slot_: id  2 | task -1 | sampler chain: logits -> ?penalties -> ?dry -> ?top-n-sigma -> top-k -> ?typical -> top-p -> min-p -> ?xtc -> ?temp-ext -> dist 
slot launch_slot_: id  2 | task 5219 | processing task, is_child = 0
slot update_slots: id  2 | task 5219 | new prompt, n_ctx_slot = 262144, n_keep = 0, task.n_tokens = 638
slot update_slots: id  2 | task 5219 | n_past = 319, slot.prompt.tokens.size() = 668, seq_id = 2, pos_min = 0, n_swa = 1024
slot update_slots: id  2 | task 5219 | Checking checkpoint with [0, 606] against 0...
slot update_slots: id  2 | task 5219 | restored context checkpoint (pos_min = 0, pos_max = 606, n_tokens = 607, n_past = 319, size = 474.227 MiB)
slot update_slots: id  2 | task 5219 | erased invalidated context checkpoint (pos_min = 0, pos_max = 606, n_tokens = 607, n_swa = 1024, pos_next = 319, size = 474.227 MiB)
slot update_slots: id  2 | task 5219 | n_tokens = 319, memory_seq_rm [319, end)
srv  process_chun: processing image...
encoding image slice...
image slice encoded in 976 ms
decoding image batch 1/1, n_tokens_batch = 266
sched_reserve: reserving ...
sched_reserve:      CUDA0 compute buffer size =   866.52 MiB
sched_reserve:  CUDA_Host compute buffer size =   542.02 MiB
sched_reserve: graph nodes  = 2462
sched_reserve: graph splits = 2
sched_reserve: reserve took 364.23 ms, sched copies = 1
image decoded (batch 1/1) in 933 ms
srv  process_chun: image processed in 1909 ms
slot update_slots: id  2 | task 5219 | prompt processing progress, n_tokens = 634, batch.n_tokens = 50, progress = 0.993730
sched_reserve: reserving ...
sched_reserve:      CUDA0 compute buffer size =   866.52 MiB
sched_reserve:  CUDA_Host compute buffer size =   542.02 MiB
sched_reserve: graph nodes  = 2462
sched_reserve: graph splits = 2
sched_reserve: reserve took 400.98 ms, sched copies = 1
slot update_slots: id  2 | task 5219 | n_tokens = 634, memory_seq_rm [634, end)
slot init_sampler: id  2 | task 5219 | init sampler, took 0.13 ms, tokens: text = 372, total = 638
slot update_slots: id  2 | task 5219 | prompt processing done, n_tokens = 638, batch.n_tokens = 5
slot create_check: id  2 | task 5219 | created context checkpoint 2 of 32 (pos_min = 0, pos_max = 633, n_tokens = 634, size = 495.321 MiB)
srv  params_from_: Chat format: peg-gemma4
slot get_availabl: id  0 | task -1 | selected slot by LRU, t_last = 91853744960
srv  get_availabl: updating prompt cache
srv          load:  - looking for better prompt, base f_keep = -1.000, sim = 0.000
srv          load:  - found better prompt with f_keep = 0.462, sim = 0.500
srv        update:  - cache state: 5 prompts, 6214.056 MiB (limits: 8192.000 MiB, 262144 tokens, 262144 est)
srv        update:    - prompt 0xaaab35df0c40:     799 tokens, checkpoints:  2,  1277.296 MiB
srv        update:    - prompt 0xaaab356862e0:     802 tokens, checkpoints:  2,  1279.875 MiB
srv        update:    - prompt 0xaaab35487820:     792 tokens, checkpoints:  2,  1271.281 MiB
srv        update:    - prompt 0xaaab3514d9b0:     777 tokens, checkpoints:  2,  1241.983 MiB
srv        update:    - prompt 0xaaab2a5dd4f0:     668 tokens, checkpoints:  2,  1143.621 MiB
srv  get_availabl: prompt cache update took 11.20 ms
slot launch_slot_: id  0 | task -1 | sampler chain: logits -> ?penalties -> ?dry -> ?top-n-sigma -> top-k -> ?typical -> top-p -> min-p -> ?xtc -> ?temp-ext -> dist 
slot launch_slot_: id  0 | task 5298 | processing task, is_child = 0
slot update_slots: id  0 | task 5298 | new prompt, n_ctx_slot = 262144, n_keep = 0, task.n_tokens = 638
slot update_slots: id  0 | task 5298 | n_past = 319, slot.prompt.tokens.size() = 690, seq_id = 0, pos_min = 0, n_swa = 1024
slot update_slots: id  0 | task 5298 | Checking checkpoint with [0, 606] against 0...
slot update_slots: id  0 | task 5298 | restored context checkpoint (pos_min = 0, pos_max = 606, n_tokens = 607, n_past = 319, size = 474.227 MiB)
slot update_slots: id  0 | task 5298 | erased invalidated context checkpoint (pos_min = 0, pos_max = 606, n_tokens = 607, n_swa = 1024, pos_next = 319, size = 474.227 MiB)
slot update_slots: id  0 | task 5298 | n_tokens = 319, memory_seq_rm [319, end)
srv  process_chun: processing image...
encoding image slice...
srv          stop: cancel task, id_task = 5149
srv  log_server_r: done request: POST /v1/chat/completions 127.0.0.1 200
image slice encoded in 973 ms
decoding image batch 1/1, n_tokens_batch = 266
sched_reserve: reserving ...
sched_reserve:      CUDA0 compute buffer size =   866.52 MiB
sched_reserve:  CUDA_Host compute buffer size =   542.02 MiB
sched_reserve: graph nodes  = 2462
sched_reserve: graph splits = 2
sched_reserve: reserve took 362.46 ms, sched copies = 1
image decoded (batch 1/1) in 949 ms
srv  process_chun: image processed in 1922 ms
slot update_slots: id  0 | task 5298 | prompt processing progress, n_tokens = 634, batch.n_tokens = 51, progress = 0.993730
sched_reserve: reserving ...
sched_reserve:      CUDA0 compute buffer size =   866.52 MiB
sched_reserve:  CUDA_Host compute buffer size =   542.02 MiB
sched_reserve: graph nodes  = 2462
sched_reserve: graph splits = 2
sched_reserve: reserve took 390.01 ms, sched copies = 1
slot      release: id  1 | task 5149 | stop processing: n_tokens = 784, truncated = 0
slot update_slots: id  0 | task 5298 | n_tokens = 634, memory_seq_rm [634, end)
slot init_sampler: id  0 | task 5298 | init sampler, took 0.12 ms, tokens: text = 372, total = 638
slot update_slots: id  0 | task 5298 | prompt processing done, n_tokens = 638, batch.n_tokens = 5
slot create_check: id  0 | task 5298 | created context checkpoint 2 of 32 (pos_min = 0, pos_max = 633, n_tokens = 634, size = 495.321 MiB)
srv          stop: cancel task, id_task = 5219
srv  log_server_r: done request: POST /v1/chat/completions 127.0.0.1 200
slot      release: id  2 | task 5219 | stop processing: n_tokens = 773, truncated = 0
srv  params_from_: Chat format: peg-gemma4
slot get_availabl: id  2 | task -1 | selected slot by LCP similarity, sim_best = 1.000 (> 0.100 thold), f_keep = 0.825
slot launch_slot_: id  2 | task -1 | sampler chain: logits -> ?penalties -> ?dry -> ?top-n-sigma -> top-k -> ?typical -> top-p -> min-p -> ?xtc -> ?temp-ext -> dist 
slot launch_slot_: id  2 | task 5364 | processing task, is_child = 0
slot slot_save_an: id  1 | task -1 | saving idle slot to prompt cache
srv   prompt_save:  - saving prompt with length 784, total state size = 673.769 MiB
slot prompt_clear: id  1 | task -1 | clearing prompt with 784 tokens
srv        update:  - cache state: 6 prompts, 7478.461 MiB (limits: 8192.000 MiB, 262144 tokens, 262144 est)
srv        update:    - prompt 0xaaab35df0c40:     799 tokens, checkpoints:  2,  1277.296 MiB
srv        update:    - prompt 0xaaab356862e0:     802 tokens, checkpoints:  2,  1279.875 MiB
srv        update:    - prompt 0xaaab35487820:     792 tokens, checkpoints:  2,  1271.281 MiB
srv        update:    - prompt 0xaaab3514d9b0:     777 tokens, checkpoints:  2,  1241.983 MiB
srv        update:    - prompt 0xaaab2a5dd4f0:     668 tokens, checkpoints:  2,  1143.621 MiB
srv        update:    - prompt 0xaaab4777ee70:     784 tokens, checkpoints:  2,  1264.405 MiB
slot update_slots: id  2 | task 5364 | new prompt, n_ctx_slot = 262144, n_keep = 0, task.n_tokens = 638
slot update_slots: id  2 | task 5364 | n_past = 638, slot.prompt.tokens.size() = 773, seq_id = 2, pos_min = 0, n_swa = 1024
slot update_slots: id  2 | task 5364 | Checking checkpoint with [0, 633] against 0...
slot update_slots: id  2 | task 5364 | restored context checkpoint (pos_min = 0, pos_max = 633, n_tokens = 634, n_past = 633, size = 495.321 MiB)
slot update_slots: id  2 | task 5364 | n_tokens = 633, memory_seq_rm [633, end)
slot update_slots: id  2 | task 5364 | prompt processing progress, n_tokens = 634, batch.n_tokens = 2, progress = 0.993730
slot update_slots: id  2 | task 5364 | n_tokens = 634, memory_seq_rm [634, end)
slot init_sampler: id  2 | task 5364 | init sampler, took 0.12 ms, tokens: text = 372, total = 638
slot update_slots: id  2 | task 5364 | prompt processing done, n_tokens = 638, batch.n_tokens = 5
srv    operator(): operator(): cleaning up before exit...
srv          stop: cancel task, id_task = 5298
srv  log_server_r: done request: POST /v1/chat/completions 127.0.0.1 200
