ggml_cuda_init: found 1 CUDA devices (Total VRAM: 62828 MiB):
  Device 0: Orin, compute capability 8.7, VMM: yes, VRAM: 62828 MiB
common_download_file_single_online: HEAD failed, status: 404
no remote preset found, skipping
main: n_parallel is set to auto, using n_parallel = 4 and kv_unified = true
build_info: b8966-7b8443ac7
system_info: n_threads = 12 (n_threads_batch = 12) / 12 | CUDA : ARCHS = 870 | USE_GRAPHS = 1 | PEER_MAX_BATCH_SIZE = 128 | FA_ALL_QUANTS = 1 | CPU : NEON = 1 | ARM_FMA = 1 | FP16_VA = 1 | DOTPROD = 1 | LLAMAFILE = 1 | OPENMP = 1 | REPACK = 1 | 
Running without SSL
init: using 11 threads for HTTP server
start: binding port with default address family
main: loading model
srv    load_model: loading model '/root/.cache/huggingface/models--ggml-org--gemma-4-31B-it-GGUF/snapshots/fb5801c702a472691c6eba168f28af79a076fbe9/gemma-4-31B-it-Q4_K_M.gguf'
common_init_result: fitting params to device memory, for bugs during this step try to reproduce them with -fit off, or provide --verbose logs if the bug only occurs with -fit on
common_params_fit_impl: getting device memory data for initial parameters:
common_memory_breakdown_print: | memory breakdown [MiB] | total    free     self   model   context   compute    unaccounted |
common_memory_breakdown_print: |   - CUDA0 (Orin)       | 62828 = 52591 + (42752 = 17806 +   24080 +     866) +      -32516 |
common_memory_breakdown_print: |   - Host               |                   1644 =  1102 +       0 +     542                |
common_params_fit_impl: projected to use 42752 MiB of device memory vs. 52591 MiB of free device memory
common_params_fit_impl: will leave 9838 >= 1024 MiB of free device memory, no changes needed
common_fit_params: successfully fit params to free device memory
common_fit_params: fitting params to free memory took 1.72 seconds
llama_model_load_from_file_impl: using device CUDA0 (Orin) (0000:00:00.0) - 52591 MiB free
llama_model_loader: loaded meta data with 44 key-value pairs and 833 tensors from /root/.cache/huggingface/models--ggml-org--gemma-4-31B-it-GGUF/snapshots/fb5801c702a472691c6eba168f28af79a076fbe9/gemma-4-31B-it-Q4_K_M.gguf (version GGUF V3 (latest))
llama_model_loader: Dumping metadata keys/values. Note: KV overrides do not apply in this output.
llama_model_loader: - kv   0:                       general.architecture str              = gemma4
llama_model_loader: - kv   1:                               general.type str              = model
llama_model_loader: - kv   2:                     general.sampling.top_k i32              = 64
llama_model_loader: - kv   3:                     general.sampling.top_p f32              = 0.950000
llama_model_loader: - kv   4:                      general.sampling.temp f32              = 1.000000
llama_model_loader: - kv   5:                         general.size_label str              = 31B
llama_model_loader: - kv   6:                            general.license str              = apache-2.0
llama_model_loader: - kv   7:                       general.license.link str              = https://ai.google.dev/gemma/docs/gemm...
llama_model_loader: - kv   8:                               general.tags arr[str,1]       = ["image-text-to-text"]
llama_model_loader: - kv   9:                         gemma4.block_count u32              = 60
llama_model_loader: - kv  10:                      gemma4.context_length u32              = 262144
llama_model_loader: - kv  11:                    gemma4.embedding_length u32              = 5376
llama_model_loader: - kv  12:                 gemma4.feed_forward_length u32              = 21504
llama_model_loader: - kv  13:                gemma4.attention.head_count u32              = 32
llama_model_loader: - kv  14:             gemma4.attention.head_count_kv arr[i32,60]      = [16, 16, 16, 16, 16, 4, 16, 16, 16, 1...
llama_model_loader: - kv  15:                      gemma4.rope.freq_base f32              = 1000000.000000
llama_model_loader: - kv  16:                  gemma4.rope.freq_base_swa f32              = 10000.000000
llama_model_loader: - kv  17:    gemma4.attention.layer_norm_rms_epsilon f32              = 0.000001
llama_model_loader: - kv  18:                gemma4.attention.key_length u32              = 512
llama_model_loader: - kv  19:              gemma4.attention.value_length u32              = 512
llama_model_loader: - kv  20:             gemma4.final_logit_softcapping f32              = 30.000000
llama_model_loader: - kv  21:            gemma4.attention.sliding_window u32              = 1024
llama_model_loader: - kv  22:          gemma4.attention.shared_kv_layers u32              = 0
llama_model_loader: - kv  23:    gemma4.embedding_length_per_layer_input u32              = 0
llama_model_loader: - kv  24:    gemma4.attention.sliding_window_pattern arr[bool,60]     = [true, true, true, true, true, false,...
llama_model_loader: - kv  25:            gemma4.attention.key_length_swa u32              = 256
llama_model_loader: - kv  26:          gemma4.attention.value_length_swa u32              = 256
llama_model_loader: - kv  27:                gemma4.rope.dimension_count u32              = 512
llama_model_loader: - kv  28:            gemma4.rope.dimension_count_swa u32              = 256
llama_model_loader: - kv  29:                       tokenizer.ggml.model str              = gemma4
llama_model_loader: - kv  30:                      tokenizer.ggml.tokens arr[str,262144]  = ["<pad>", "<eos>", "<bos>", "<unk>", ...
llama_model_loader: - kv  31:                      tokenizer.ggml.scores arr[f32,262144]  = [-1000.000000, -1000.000000, -1000.00...
llama_model_loader: - kv  32:                  tokenizer.ggml.token_type arr[i32,262144]  = [3, 3, 3, 3, 3, 1, 1, 1, 1, 1, 1, 1, ...
llama_model_loader: - kv  33:                      tokenizer.ggml.merges arr[str,514906]  = ["\n\n\n\n\n\n\n\n\n\n\n\n\n\n\n\n\n\n\n\n\n\n\n\n\n\n\n\n\n\n \n", ...
llama_model_loader: - kv  34:                tokenizer.ggml.bos_token_id u32              = 2
llama_model_loader: - kv  35:                tokenizer.ggml.eos_token_id u32              = 1
llama_model_loader: - kv  36:            tokenizer.ggml.unknown_token_id u32              = 3
llama_model_loader: - kv  37:            tokenizer.ggml.padding_token_id u32              = 0
llama_model_loader: - kv  38:               tokenizer.ggml.mask_token_id u32              = 4
llama_model_loader: - kv  39:                    tokenizer.chat_template str              = {%- macro format_parameters(propertie...
llama_model_loader: - kv  40:            tokenizer.ggml.add_space_prefix bool             = false
llama_model_loader: - kv  41:               tokenizer.ggml.add_bos_token bool             = true
llama_model_loader: - kv  42:               general.quantization_version u32              = 2
llama_model_loader: - kv  43:                          general.file_type u32              = 15
llama_model_loader: - type  f32:  422 tensors
llama_model_loader: - type q4_K:  355 tensors
llama_model_loader: - type q6_K:   56 tensors
print_info: file format = GGUF V3 (latest)
print_info: file type   = Q4_K - Medium
print_info: file size   = 17.39 GiB (4.87 BPW) 
load: 0 unused tokens
load: control-looking token:    212 '</s>' was not control-type; this is probably a bug in the model. its type will be overridden
load: control-looking token:     50 '<|tool_response>' was not control-type; this is probably a bug in the model. its type will be overridden
load: printing all EOG tokens:
load:   - 1 ('<eos>')
load:   - 50 ('<|tool_response>')
load:   - 106 ('<turn|>')
load:   - 212 ('</s>')
load: special_eog_ids contains '<|tool_response>', removing '</s>' token from EOG list
load: special tokens cache size = 24
load: token to piece cache size = 1.9445 MB
print_info: arch                  = gemma4
print_info: vocab_only            = 0
print_info: no_alloc              = 0
print_info: n_ctx_train           = 262144
print_info: n_embd                = 5376
print_info: n_embd_inp            = 5376
print_info: n_layer               = 60
print_info: n_head                = 32
print_info: n_head_kv             = [16, 16, 16, 16, 16, 4, 16, 16, 16, 16, 16, 4, 16, 16, 16, 16, 16, 4, 16, 16, 16, 16, 16, 4, 16, 16, 16, 16, 16, 4, 16, 16, 16, 16, 16, 4, 16, 16, 16, 16, 16, 4, 16, 16, 16, 16, 16, 4, 16, 16, 16, 16, 16, 4, 16, 16, 16, 16, 16, 4]
print_info: n_rot                 = 512
print_info: n_swa                 = 1024
print_info: is_swa_any            = 1
print_info: n_embd_head_k         = 512
print_info: n_embd_head_v         = 512
print_info: n_gqa                 = [2, 2, 2, 2, 2, 8, 2, 2, 2, 2, 2, 8, 2, 2, 2, 2, 2, 8, 2, 2, 2, 2, 2, 8, 2, 2, 2, 2, 2, 8, 2, 2, 2, 2, 2, 8, 2, 2, 2, 2, 2, 8, 2, 2, 2, 2, 2, 8, 2, 2, 2, 2, 2, 8, 2, 2, 2, 2, 2, 8]
print_info: n_embd_k_gqa          = [4096, 4096, 4096, 4096, 4096, 2048, 4096, 4096, 4096, 4096, 4096, 2048, 4096, 4096, 4096, 4096, 4096, 2048, 4096, 4096, 4096, 4096, 4096, 2048, 4096, 4096, 4096, 4096, 4096, 2048, 4096, 4096, 4096, 4096, 4096, 2048, 4096, 4096, 4096, 4096, 4096, 2048, 4096, 4096, 4096, 4096, 4096, 2048, 4096, 4096, 4096, 4096, 4096, 2048, 4096, 4096, 4096, 4096, 4096, 2048]
print_info: n_embd_v_gqa          = [4096, 4096, 4096, 4096, 4096, 2048, 4096, 4096, 4096, 4096, 4096, 2048, 4096, 4096, 4096, 4096, 4096, 2048, 4096, 4096, 4096, 4096, 4096, 2048, 4096, 4096, 4096, 4096, 4096, 2048, 4096, 4096, 4096, 4096, 4096, 2048, 4096, 4096, 4096, 4096, 4096, 2048, 4096, 4096, 4096, 4096, 4096, 2048, 4096, 4096, 4096, 4096, 4096, 2048, 4096, 4096, 4096, 4096, 4096, 2048]
print_info: f_norm_eps            = 0.0e+00
print_info: f_norm_rms_eps        = 1.0e-06
print_info: f_clamp_kqv           = 0.0e+00
print_info: f_max_alibi_bias      = 0.0e+00
print_info: f_logit_scale         = 0.0e+00
print_info: f_attn_scale          = 1.0e+00
print_info: n_ff                  = 21504
print_info: n_expert              = 0
print_info: n_expert_used         = 0
print_info: n_expert_groups       = 0
print_info: n_group_used          = 0
print_info: causal attn           = 1
print_info: pooling type          = -1
print_info: rope type             = 2
print_info: rope scaling          = linear
print_info: freq_base_train       = 1000000.0
print_info: freq_scale_train      = 1
print_info: freq_base_swa         = 10000.0
print_info: freq_scale_swa        = 1
print_info: n_embd_head_k_swa     = 256
print_info: n_embd_head_v_swa     = 256
print_info: n_rot_swa             = 256
print_info: n_ctx_orig_yarn       = 262144
print_info: rope_yarn_log_mul     = 0.0000
print_info: rope_finetuned        = unknown
print_info: model type            = 31B
print_info: model params          = 30.70 B
print_info: general.name          = n/a
print_info: vocab type            = BPE
print_info: n_vocab               = 262144
print_info: n_merges              = 514906
print_info: BOS token             = 2 '<bos>'
print_info: EOS token             = 1 '<eos>'
print_info: UNK token             = 3 '<unk>'
print_info: PAD token             = 0 '<pad>'
print_info: MASK token            = 4 '<mask>'
print_info: LF token              = 107 '
'
print_info: EOG token             = 1 '<eos>'
print_info: EOG token             = 50 '<|tool_response>'
print_info: EOG token             = 106 '<turn|>'
print_info: max token length      = 93
load_tensors: loading model tensors, this can take a while... (mmap = true, direct_io = false)
load_tensors: offloading output layer to GPU
load_tensors: offloading 59 repeating layers to GPU
load_tensors: offloaded 61/61 layers to GPU
load_tensors:   CPU_Mapped model buffer size =  1102.50 MiB
load_tensors:        CUDA0 model buffer size = 17806.35 MiB
...............................................srv  log_server_r: done request: POST /v1/chat/completions 127.0.0.1 503
...........srv  log_server_r: done request: POST /v1/chat/completions 127.0.0.1 503
...........................srv  log_server_r: done request: POST /v1/chat/completions 127.0.0.1 503
.srv  log_server_r: done request: POST /v1/chat/completions 127.0.0.1 503
.....
srv  log_server_r: done request: POST /v1/chat/completions 127.0.0.1 503
common_init_result: added <eos> logit bias = -inf
common_init_result: added <|tool_response> logit bias = -inf
common_init_result: added <turn|> logit bias = -inf
llama_context: constructing llama_context
llama_context: n_seq_max     = 4
llama_context: n_ctx         = 262144
llama_context: n_ctx_seq     = 262144
llama_context: n_batch       = 2048
llama_context: n_ubatch      = 512
llama_context: causal_attn   = 1
llama_context: flash_attn    = auto
llama_context: kv_unified    = true
llama_context: freq_base     = 1000000.0
llama_context: freq_scale    = 1
llama_context:  CUDA_Host  output buffer size =     4.00 MiB
llama_kv_cache_iswa: creating non-SWA KV cache, size = 262144 cells
srv  log_server_r: done request: POST /v1/chat/completions 127.0.0.1 503
srv  log_server_r: done request: POST /v1/chat/completions 127.0.0.1 503
srv  log_server_r: done request: POST /v1/chat/completions 127.0.0.1 503
srv  log_server_r: done request: POST /v1/chat/completions 127.0.0.1 503
srv  log_server_r: done request: POST /v1/chat/completions 127.0.0.1 503
srv  log_server_r: done request: POST /v1/chat/completions 127.0.0.1 503
srv  log_server_r: done request: POST /v1/chat/completions 127.0.0.1 503
srv  log_server_r: done request: POST /v1/chat/completions 127.0.0.1 503
srv  log_server_r: done request: POST /v1/chat/completions 127.0.0.1 503
llama_kv_cache:      CUDA0 KV buffer size = 20480.00 MiB
llama_kv_cache: size = 20480.00 MiB (262144 cells,  10 layers,  4/1 seqs), K (f16): 10240.00 MiB, V (f16): 10240.00 MiB
llama_kv_cache: attn_rot_k = 0, n_embd_head_k_all = 512
llama_kv_cache: attn_rot_v = 0, n_embd_head_k_all = 512
llama_kv_cache_iswa: creating     SWA KV cache, size = 4608 cells
srv  log_server_r: done request: POST /v1/chat/completions 127.0.0.1 503
srv  log_server_r: done request: POST /v1/chat/completions 127.0.0.1 503
srv  log_server_r: done request: POST /v1/chat/completions 127.0.0.1 503
llama_kv_cache:      CUDA0 KV buffer size =  3600.00 MiB
llama_kv_cache: size = 3600.00 MiB (  4608 cells,  50 layers,  4/1 seqs), K (f16): 1800.00 MiB, V (f16): 1800.00 MiB
llama_kv_cache: attn_rot_k = 0, n_embd_head_k_all = 256
llama_kv_cache: attn_rot_v = 0, n_embd_head_k_all = 256
sched_reserve: reserving ...
sched_reserve: Flash Attention was auto, set to enabled
sched_reserve: resolving fused Gated Delta Net support:
sched_reserve: fused Gated Delta Net (autoregressive) enabled
sched_reserve: fused Gated Delta Net (chunked) enabled
sched_reserve:      CUDA0 compute buffer size =   866.52 MiB
sched_reserve:  CUDA_Host compute buffer size =   542.02 MiB
sched_reserve: graph nodes  = 2462
sched_reserve: graph splits = 2
sched_reserve: reserve took 457.71 ms, sched copies = 1
common_init_from_params: warming up the model with an empty run - please wait ... (--no-warmup to disable)
srv  log_server_r: done request: POST /v1/chat/completions 127.0.0.1 503
srv  log_server_r: done request: POST /v1/chat/completions 127.0.0.1 503
clip_model_loader: model name:   
clip_model_loader: description:  
clip_model_loader: GGUF version: 3
clip_model_loader: alignment:    32
clip_model_loader: n_tensors:    356
clip_model_loader: n_kv:         23

clip_model_loader: has vision encoder
clip_ctx: CLIP using CPU backend
load_hparams: projector:          gemma4v
load_hparams: n_embd:             1152
load_hparams: n_head:             16
load_hparams: n_ff:               4304
load_hparams: n_layer:            27
load_hparams: ffn_op:             gelu_quick
load_hparams: projection_dim:     5376

--- vision hparams ---
load_hparams: image_size:         224
load_hparams: patch_size:         16
load_hparams: has_llava_proj:     0
load_hparams: minicpmv_version:   0
load_hparams: n_merge:            3
load_hparams: n_wa_pattern: 0
load_hparams: image_min_pixels:   580608
load_hparams: image_max_pixels:   645120

load_hparams: model size:         772.02 MiB
load_hparams: metadata size:      0.12 MiB
srv  log_server_r: done request: POST /v1/chat/completions 127.0.0.1 503
warmup: warmup with image size = 768 x 768
alloc_compute_meta:        CPU compute buffer size =   140.50 MiB
alloc_compute_meta: graph splits = 1, nodes = 1569
warmup: flash attention is enabled
srv    load_model: loaded multimodal model, '/root/.cache/huggingface/models--ggml-org--gemma-4-31B-it-GGUF/snapshots/fb5801c702a472691c6eba168f28af79a076fbe9/mmproj-gemma-4-31B-it-Q8_0.gguf'
srv    load_model: initializing slots, n_slots = 4
no implementations specified for speculative decoding
slot   load_model: id  0 | task -1 | new slot, n_ctx = 262144
no implementations specified for speculative decoding
slot   load_model: id  1 | task -1 | new slot, n_ctx = 262144
no implementations specified for speculative decoding
slot   load_model: id  2 | task -1 | new slot, n_ctx = 262144
no implementations specified for speculative decoding
slot   load_model: id  3 | task -1 | new slot, n_ctx = 262144
srv    load_model: prompt cache is enabled, size limit: 8192 MiB
srv    load_model: use `--cache-ram 0` to disable the prompt cache
srv    load_model: for more info see https://github.com/ggml-org/llama.cpp/pull/16391
srv          init: init: idle slots will be saved to prompt cache and cleared upon starting a new task
init: chat template, example_format: '<|turn>system
<|think|>
You are a helpful assistant<turn|>
<|turn>user
Hello<turn|>
<|turn>model
Hi there<turn|>
<|turn>user
How are you?<turn|>
<|turn>model
'
srv          init: init: chat template, thinking = 1
main: model loaded
main: server is listening on http://0.0.0.0:8080
main: starting the main loop...
srv  update_slots: all slots are idle
srv  params_from_: Chat format: peg-gemma4
slot get_availabl: id  3 | task -1 | selected slot by LRU, t_last = -1
srv  get_availabl: updating prompt cache
srv          load:  - looking for better prompt, base f_keep = -1.000, sim = 0.000
srv        update:  - cache state: 0 prompts, 0.000 MiB (limits: 8192.000 MiB, 262144 tokens, 8589934592 est)
srv  get_availabl: prompt cache update took 0.01 ms
slot launch_slot_: id  3 | task -1 | sampler chain: logits -> ?penalties -> ?dry -> ?top-n-sigma -> top-k -> ?typical -> top-p -> min-p -> ?xtc -> ?temp-ext -> dist 
slot launch_slot_: id  3 | task 0 | processing task, is_child = 0
slot update_slots: id  3 | task 0 | new prompt, n_ctx_slot = 262144, n_keep = 0, task.n_tokens = 638
slot update_slots: id  3 | task 0 | n_tokens = 0, memory_seq_rm [0, end)
slot update_slots: id  3 | task 0 | prompt processing progress, n_tokens = 122, batch.n_tokens = 122, progress = 0.191223
slot update_slots: id  3 | task 0 | n_tokens = 122, memory_seq_rm [122, end)
slot update_slots: id  3 | task 0 | prompt processing progress, n_tokens = 319, batch.n_tokens = 197, progress = 0.500000
slot create_check: id  3 | task 0 | created context checkpoint 1 of 32 (pos_min = 0, pos_max = 121, n_tokens = 122, size = 95.315 MiB)
slot update_slots: id  3 | task 0 | n_tokens = 319, memory_seq_rm [319, end)
srv  process_chun: processing image...
encoding image slice...
srv  params_from_: Chat format: peg-gemma4
srv  params_from_: Chat format: peg-gemma4
srv  params_from_: Chat format: peg-gemma4
srv          stop: cancel task, id_task = 0
srv  log_server_r: done request: POST /v1/chat/completions 127.0.0.1 200
srv  params_from_: Chat format: peg-gemma4
image slice encoded in 36332 ms
decoding image batch 1/1, n_tokens_batch = 266
sched_reserve: reserving ...
sched_reserve:      CUDA0 compute buffer size =   866.52 MiB
sched_reserve:  CUDA_Host compute buffer size =   542.02 MiB
sched_reserve: graph nodes  = 2462
sched_reserve: graph splits = 2
sched_reserve: reserve took 287.34 ms, sched copies = 1
image decoded (batch 1/1) in 987 ms
srv  process_chun: image processed in 37321 ms
slot update_slots: id  3 | task 0 | prompt processing progress, n_tokens = 634, batch.n_tokens = 49, progress = 0.993730
sched_reserve: reserving ...
sched_reserve:      CUDA0 compute buffer size =   866.52 MiB
sched_reserve:  CUDA_Host compute buffer size =   542.02 MiB
sched_reserve: graph nodes  = 2462
sched_reserve: graph splits = 2
sched_reserve: reserve took 215.94 ms, sched copies = 1
slot      release: id  3 | task 0 | stop processing: n_tokens = 634, truncated = 0
slot get_availabl: id  3 | task -1 | selected slot by LCP similarity, sim_best = 0.517 (> 0.100 thold), f_keep = 0.503
slot launch_slot_: id  3 | task -1 | sampler chain: logits -> ?penalties -> ?dry -> ?top-n-sigma -> top-k -> ?typical -> top-p -> min-p -> ?xtc -> ?temp-ext -> dist 
slot launch_slot_: id  3 | task 4 | processing task, is_child = 0
slot get_availabl: id  2 | task -1 | selected slot by LRU, t_last = -1
srv  get_availabl: updating prompt cache
srv          load:  - looking for better prompt, base f_keep = -1.000, sim = 0.000
srv        update:  - cache state: 0 prompts, 0.000 MiB (limits: 8192.000 MiB, 262144 tokens, 8589934592 est)
srv  get_availabl: prompt cache update took 0.01 ms
slot launch_slot_: id  2 | task -1 | sampler chain: logits -> ?penalties -> ?dry -> ?top-n-sigma -> top-k -> ?typical -> top-p -> min-p -> ?xtc -> ?temp-ext -> dist 
slot launch_slot_: id  2 | task 5 | processing task, is_child = 0
slot get_availabl: id  1 | task -1 | selected slot by LRU, t_last = -1
srv  get_availabl: updating prompt cache
srv          load:  - looking for better prompt, base f_keep = -1.000, sim = 0.000
srv        update:  - cache state: 0 prompts, 0.000 MiB (limits: 8192.000 MiB, 262144 tokens, 8589934592 est)
srv  get_availabl: prompt cache update took 0.00 ms
slot launch_slot_: id  1 | task -1 | sampler chain: logits -> ?penalties -> ?dry -> ?top-n-sigma -> top-k -> ?typical -> top-p -> min-p -> ?xtc -> ?temp-ext -> dist 
slot launch_slot_: id  1 | task 6 | processing task, is_child = 0
slot get_availabl: id  0 | task -1 | selected slot by LRU, t_last = -1
srv  get_availabl: updating prompt cache
srv          load:  - looking for better prompt, base f_keep = -1.000, sim = 0.000
srv        update:  - cache state: 0 prompts, 0.000 MiB (limits: 8192.000 MiB, 262144 tokens, 8589934592 est)
srv  get_availabl: prompt cache update took 0.04 ms
slot launch_slot_: id  0 | task -1 | sampler chain: logits -> ?penalties -> ?dry -> ?top-n-sigma -> top-k -> ?typical -> top-p -> min-p -> ?xtc -> ?temp-ext -> dist 
slot launch_slot_: id  0 | task 8 | processing task, is_child = 0
slot update_slots: id  0 | task 8 | new prompt, n_ctx_slot = 262144, n_keep = 0, task.n_tokens = 611
slot update_slots: id  0 | task 8 | n_tokens = 0, memory_seq_rm [0, end)
slot update_slots: id  0 | task 8 | prompt processing progress, n_tokens = 95, batch.n_tokens = 95, progress = 0.155483
slot update_slots: id  1 | task 6 | new prompt, n_ctx_slot = 262144, n_keep = 0, task.n_tokens = 611
slot update_slots: id  1 | task 6 | n_tokens = 0, memory_seq_rm [0, end)
slot update_slots: id  1 | task 6 | prompt processing progress, n_tokens = 95, batch.n_tokens = 190, progress = 0.155483
slot update_slots: id  2 | task 5 | new prompt, n_ctx_slot = 262144, n_keep = 0, task.n_tokens = 638
slot update_slots: id  2 | task 5 | n_tokens = 0, memory_seq_rm [0, end)
slot update_slots: id  2 | task 5 | prompt processing progress, n_tokens = 122, batch.n_tokens = 312, progress = 0.191223
slot update_slots: id  3 | task 4 | new prompt, n_ctx_slot = 262144, n_keep = 0, task.n_tokens = 617
slot update_slots: id  3 | task 4 | n_past = 319, slot.prompt.tokens.size() = 634, seq_id = 3, pos_min = 0, n_swa = 1024
slot update_slots: id  3 | task 4 | Checking checkpoint with [0, 121] against 0...
slot update_slots: id  3 | task 4 | restored context checkpoint (pos_min = 0, pos_max = 121, n_tokens = 122, n_past = 121, size = 95.315 MiB)
slot update_slots: id  3 | task 4 | n_tokens = 121, memory_seq_rm [121, end)
slot update_slots: id  3 | task 4 | prompt processing progress, n_tokens = 319, batch.n_tokens = 510, progress = 0.517018
slot update_slots: id  0 | task 8 | n_tokens = 95, memory_seq_rm [95, end)
slot update_slots: id  0 | task 8 | prompt processing progress, n_tokens = 319, batch.n_tokens = 224, progress = 0.522095
slot create_check: id  0 | task 8 | created context checkpoint 1 of 32 (pos_min = 0, pos_max = 94, n_tokens = 95, size = 74.221 MiB)
slot update_slots: id  1 | task 6 | n_tokens = 95, memory_seq_rm [95, end)
slot update_slots: id  1 | task 6 | prompt processing progress, n_tokens = 319, batch.n_tokens = 448, progress = 0.522095
slot create_check: id  1 | task 6 | created context checkpoint 1 of 32 (pos_min = 0, pos_max = 94, n_tokens = 95, size = 74.221 MiB)
slot update_slots: id  2 | task 5 | n_tokens = 122, memory_seq_rm [122, end)
slot update_slots: id  2 | task 5 | prompt processing progress, n_tokens = 319, batch.n_tokens = 645, progress = 0.500000
slot create_check: id  2 | task 5 | created context checkpoint 1 of 32 (pos_min = 0, pos_max = 121, n_tokens = 122, size = 95.315 MiB)
slot update_slots: id  3 | task 4 | n_tokens = 319, memory_seq_rm [319, end)
srv  process_chun: processing image...
encoding image slice...
srv          stop: cancel task, id_task = 4
srv  log_server_r: done request: POST /v1/chat/completions 127.0.0.1 200
srv          stop: cancel task, id_task = 5
srv  log_server_r: done request: POST /v1/chat/completions 127.0.0.1 200
srv          stop: cancel task, id_task = 6
srv  log_server_r: done request: POST /v1/chat/completions 127.0.0.1 200
srv  params_from_: Chat format: peg-gemma4
srv  params_from_: Chat format: peg-gemma4
srv  params_from_: Chat format: peg-gemma4
srv          stop: cancel task, id_task = 8
srv  log_server_r: done request: POST /v1/chat/completions 127.0.0.1 200
srv  params_from_: Chat format: peg-gemma4
image slice encoded in 34235 ms
decoding image batch 1/1, n_tokens_batch = 266
sched_reserve: reserving ...
sched_reserve:      CUDA0 compute buffer size =   866.52 MiB
sched_reserve:  CUDA_Host compute buffer size =   542.02 MiB
sched_reserve: graph nodes  = 2462
sched_reserve: graph splits = 2
sched_reserve: reserve took 326.12 ms, sched copies = 1
image decoded (batch 1/1) in 1009 ms
srv  process_chun: image processed in 35244 ms
slot update_slots: id  3 | task 4 | prompt processing progress, n_tokens = 613, batch.n_tokens = 673, progress = 0.993517
sched_reserve: reserving ...
srv          stop: cancel task, id_task = 14
srv  log_server_r: done request: POST /v1/chat/completions 127.0.0.1 200
srv          stop: cancel task, id_task = 16
srv  log_server_r: done request: POST /v1/chat/completions 127.0.0.1 200
srv          stop: cancel task, id_task = 15
srv  log_server_r: done request: POST /v1/chat/completions 127.0.0.1 200
sched_reserve:      CUDA0 compute buffer size =   866.52 MiB
sched_reserve:  CUDA_Host compute buffer size =   542.02 MiB
sched_reserve: graph nodes  = 2462
sched_reserve: graph splits = 2
sched_reserve: reserve took 232.58 ms, sched copies = 1
srv  params_from_: Chat format: peg-gemma4
srv  params_from_: Chat format: peg-gemma4
srv  params_from_: Chat format: peg-gemma4
slot      release: id  0 | task 8 | stop processing: n_tokens = 319, truncated = 0
slot      release: id  1 | task 6 | stop processing: n_tokens = 319, truncated = 0
slot      release: id  2 | task 5 | stop processing: n_tokens = 319, truncated = 0
slot      release: id  3 | task 4 | stop processing: n_tokens = 613, truncated = 0
slot get_availabl: id  0 | task -1 | selected slot by LCP similarity, sim_best = 0.522 (> 0.100 thold), f_keep = 1.000
slot launch_slot_: id  0 | task -1 | sampler chain: logits -> ?penalties -> ?dry -> ?top-n-sigma -> top-k -> ?typical -> top-p -> min-p -> ?xtc -> ?temp-ext -> dist 
slot launch_slot_: id  0 | task 18 | processing task, is_child = 0
slot slot_save_an: id  1 | task -1 | saving idle slot to prompt cache
srv   prompt_save:  - saving prompt with length 319, total state size = 274.149 MiB
slot prompt_clear: id  1 | task -1 | clearing prompt with 319 tokens
srv        update:  - cache state: 1 prompts, 348.370 MiB (limits: 8192.000 MiB, 262144 tokens, 262144 est)
srv        update:    - prompt 0xaaab0f908090:     319 tokens, checkpoints:  1,   348.370 MiB
slot slot_save_an: id  2 | task -1 | saving idle slot to prompt cache
srv   prompt_save:  - saving prompt with length 319, total state size = 274.149 MiB
srv         alloc:  - prompt is already in the cache, skipping
slot prompt_clear: id  2 | task -1 | clearing prompt with 319 tokens
srv        update:  - cache state: 1 prompts, 348.370 MiB (limits: 8192.000 MiB, 262144 tokens, 262144 est)
srv        update:    - prompt 0xaaab0f908090:     319 tokens, checkpoints:  1,   348.370 MiB
slot slot_save_an: id  3 | task -1 | saving idle slot to prompt cache
srv   prompt_save:  - saving prompt with length 613, total state size = 526.812 MiB
srv         alloc:  - removing obsolete cached prompt with length 319
slot prompt_clear: id  3 | task -1 | clearing prompt with 613 tokens
srv        update:  - cache state: 1 prompts, 622.127 MiB (limits: 8192.000 MiB, 262144 tokens, 262144 est)
srv        update:    - prompt 0xaaab0f908090:     613 tokens, checkpoints:  1,   622.127 MiB
slot get_availabl: id  1 | task -1 | selected slot by LRU, t_last = 312672957689
srv  get_availabl: updating prompt cache
srv          load:  - looking for better prompt, base f_keep = -1.000, sim = 0.000
srv          load:  - found better prompt with f_keep = 0.956, sim = 0.918
srv        update:  - cache state: 0 prompts, 0.000 MiB (limits: 8192.000 MiB, 262144 tokens, 8589934592 est)
srv  get_availabl: prompt cache update took 1235.72 ms
slot launch_slot_: id  1 | task -1 | sampler chain: logits -> ?penalties -> ?dry -> ?top-n-sigma -> top-k -> ?typical -> top-p -> min-p -> ?xtc -> ?temp-ext -> dist 
slot launch_slot_: id  1 | task 22 | processing task, is_child = 0
slot get_availabl: id  2 | task -1 | selected slot by LRU, t_last = 312672957692
srv  get_availabl: updating prompt cache
srv          load:  - looking for better prompt, base f_keep = -1.000, sim = 0.000
srv        update:  - cache state: 0 prompts, 0.000 MiB (limits: 8192.000 MiB, 262144 tokens, 8589934592 est)
srv  get_availabl: prompt cache update took 0.01 ms
slot launch_slot_: id  2 | task -1 | sampler chain: logits -> ?penalties -> ?dry -> ?top-n-sigma -> top-k -> ?typical -> top-p -> min-p -> ?xtc -> ?temp-ext -> dist 
slot launch_slot_: id  2 | task 23 | processing task, is_child = 0
slot get_availabl: id  3 | task -1 | selected slot by LRU, t_last = 312672957696
srv  get_availabl: updating prompt cache
srv          load:  - looking for better prompt, base f_keep = -1.000, sim = 0.000
srv        update:  - cache state: 0 prompts, 0.000 MiB (limits: 8192.000 MiB, 262144 tokens, 8589934592 est)
srv  get_availabl: prompt cache update took 0.00 ms
slot launch_slot_: id  3 | task -1 | sampler chain: logits -> ?penalties -> ?dry -> ?top-n-sigma -> top-k -> ?typical -> top-p -> min-p -> ?xtc -> ?temp-ext -> dist 
slot launch_slot_: id  3 | task 24 | processing task, is_child = 0
slot update_slots: id  0 | task 18 | new prompt, n_ctx_slot = 262144, n_keep = 0, task.n_tokens = 611
slot update_slots: id  0 | task 18 | n_tokens = 319, memory_seq_rm [319, end)
srv  process_chun: processing image...
encoding image slice...
srv          stop: cancel task, id_task = 18
srv  log_server_r: done request: POST /v1/chat/completions 127.0.0.1 200
srv  params_from_: Chat format: peg-gemma4
srv          stop: cancel task, id_task = 22
srv  log_server_r: done request: POST /v1/chat/completions 127.0.0.1 200
srv  params_from_: Chat format: peg-gemma4
srv          stop: cancel task, id_task = 23
srv  log_server_r: done request: POST /v1/chat/completions 127.0.0.1 200
srv  params_from_: Chat format: peg-gemma4
srv          stop: cancel task, id_task = 24
srv  log_server_r: done request: POST /v1/chat/completions 127.0.0.1 200
srv  params_from_: Chat format: peg-gemma4
image slice encoded in 35994 ms
decoding image batch 1/1, n_tokens_batch = 266
sched_reserve: reserving ...
sched_reserve:      CUDA0 compute buffer size =   866.52 MiB
sched_reserve:  CUDA_Host compute buffer size =   542.02 MiB
sched_reserve: graph nodes  = 2462
sched_reserve: graph splits = 2
sched_reserve: reserve took 313.46 ms, sched copies = 1
image decoded (batch 1/1) in 1010 ms
srv  process_chun: image processed in 37004 ms
slot update_slots: id  0 | task 18 | prompt processing progress, n_tokens = 607, batch.n_tokens = 22, progress = 0.993453
slot update_slots: id  1 | task 22 | new prompt, n_ctx_slot = 262144, n_keep = 0, task.n_tokens = 638
slot update_slots: id  1 | task 22 | n_past = 586, slot.prompt.tokens.size() = 613, seq_id = 1, pos_min = 0, n_swa = 1024
slot update_slots: id  1 | task 22 | Checking checkpoint with [0, 121] against 0...
slot update_slots: id  1 | task 22 | restored context checkpoint (pos_min = 0, pos_max = 121, n_tokens = 122, n_past = 121, size = 95.315 MiB)
slot update_slots: id  1 | task 22 | n_tokens = 121, memory_seq_rm [121, end)
slot update_slots: id  1 | task 22 | prompt processing progress, n_tokens = 122, batch.n_tokens = 23, progress = 0.191223
slot update_slots: id  2 | task 23 | new prompt, n_ctx_slot = 262144, n_keep = 0, task.n_tokens = 617
slot update_slots: id  2 | task 23 | erased invalidated context checkpoint (pos_min = 0, pos_max = 121, n_tokens = 122, n_swa = 1024, pos_next = 0, size = 95.315 MiB)
slot update_slots: id  2 | task 23 | n_tokens = 0, memory_seq_rm [0, end)
slot update_slots: id  2 | task 23 | prompt processing progress, n_tokens = 101, batch.n_tokens = 124, progress = 0.163695
slot update_slots: id  3 | task 24 | new prompt, n_ctx_slot = 262144, n_keep = 0, task.n_tokens = 611
slot update_slots: id  3 | task 24 | erased invalidated context checkpoint (pos_min = 0, pos_max = 121, n_tokens = 122, n_swa = 1024, pos_next = 0, size = 95.315 MiB)
slot update_slots: id  3 | task 24 | n_tokens = 0, memory_seq_rm [0, end)
slot update_slots: id  3 | task 24 | prompt processing progress, n_tokens = 95, batch.n_tokens = 219, progress = 0.155483
sched_reserve: reserving ...
sched_reserve:      CUDA0 compute buffer size =   866.52 MiB
sched_reserve:  CUDA_Host compute buffer size =   542.02 MiB
sched_reserve: graph nodes  = 2462
sched_reserve: graph splits = 2
sched_reserve: reserve took 151.89 ms, sched copies = 1
slot      release: id  3 | task 24 | stop processing: n_tokens = 95, truncated = 0
slot      release: id  2 | task 23 | stop processing: n_tokens = 101, truncated = 0
slot      release: id  1 | task 22 | stop processing: n_tokens = 122, truncated = 0
slot      release: id  0 | task 18 | stop processing: n_tokens = 607, truncated = 0
slot get_availabl: id  0 | task -1 | selected slot by LCP similarity, sim_best = 0.993 (> 0.100 thold), f_keep = 1.000
slot launch_slot_: id  0 | task -1 | sampler chain: logits -> ?penalties -> ?dry -> ?top-n-sigma -> top-k -> ?typical -> top-p -> min-p -> ?xtc -> ?temp-ext -> dist 
slot launch_slot_: id  0 | task 27 | processing task, is_child = 0
slot slot_save_an: id  1 | task -1 | saving idle slot to prompt cache
srv   prompt_save:  - saving prompt with length 122, total state size = 104.848 MiB
srv  params_from_: Chat format: peg-gemma4
srv          stop: cancel task, id_task = 27
srv  log_server_r: done request: POST /v1/chat/completions 127.0.0.1 200
slot prompt_clear: id  1 | task -1 | clearing prompt with 122 tokens
srv        update:  - cache state: 1 prompts, 200.163 MiB (limits: 8192.000 MiB, 262144 tokens, 262144 est)
srv        update:    - prompt 0xaaab14d1bdf0:     122 tokens, checkpoints:  1,   200.163 MiB
slot slot_save_an: id  2 | task -1 | saving idle slot to prompt cache
srv   prompt_save:  - saving prompt with length 101, total state size = 86.801 MiB
srv         alloc:  - prompt is already in the cache, skipping
slot prompt_clear: id  2 | task -1 | clearing prompt with 101 tokens
srv        update:  - cache state: 1 prompts, 200.163 MiB (limits: 8192.000 MiB, 262144 tokens, 262144 est)
srv        update:    - prompt 0xaaab14d1bdf0:     122 tokens, checkpoints:  1,   200.163 MiB
slot slot_save_an: id  3 | task -1 | saving idle slot to prompt cache
srv   prompt_save:  - saving prompt with length 95, total state size = 81.644 MiB
srv         alloc:  - prompt is already in the cache, skipping
slot prompt_clear: id  3 | task -1 | clearing prompt with 95 tokens
srv        update:  - cache state: 1 prompts, 200.163 MiB (limits: 8192.000 MiB, 262144 tokens, 262144 est)
srv        update:    - prompt 0xaaab14d1bdf0:     122 tokens, checkpoints:  1,   200.163 MiB
slot      release: id  0 | task 27 | stop processing: n_tokens = 607, truncated = 0
slot get_availabl: id  0 | task -1 | selected slot by LCP similarity, sim_best = 0.522 (> 0.100 thold), f_keep = 0.526
slot launch_slot_: id  0 | task -1 | sampler chain: logits -> ?penalties -> ?dry -> ?top-n-sigma -> top-k -> ?typical -> top-p -> min-p -> ?xtc -> ?temp-ext -> dist 
slot launch_slot_: id  0 | task 29 | processing task, is_child = 0
slot get_availabl: id  3 | task -1 | selected slot by LRU, t_last = 312713542064
srv  get_availabl: updating prompt cache
srv          load:  - looking for better prompt, base f_keep = -1.000, sim = 0.000
srv          load:  - found better prompt with f_keep = 1.000, sim = 0.191
srv        update:  - cache state: 0 prompts, 0.000 MiB (limits: 8192.000 MiB, 262144 tokens, 8589934592 est)
srv  get_availabl: prompt cache update took 233.34 ms
slot launch_slot_: id  3 | task -1 | sampler chain: logits -> ?penalties -> ?dry -> ?top-n-sigma -> top-k -> ?typical -> top-p -> min-p -> ?xtc -> ?temp-ext -> dist 
slot launch_slot_: id  3 | task 31 | processing task, is_child = 0
slot get_availabl: id  2 | task -1 | selected slot by LRU, t_last = 312713542091
srv  get_availabl: updating prompt cache
srv          load:  - looking for better prompt, base f_keep = -1.000, sim = 0.000
srv        update:  - cache state: 0 prompts, 0.000 MiB (limits: 8192.000 MiB, 262144 tokens, 8589934592 est)
srv  get_availabl: prompt cache update took 0.00 ms
slot launch_slot_: id  2 | task -1 | sampler chain: logits -> ?penalties -> ?dry -> ?top-n-sigma -> top-k -> ?typical -> top-p -> min-p -> ?xtc -> ?temp-ext -> dist 
slot launch_slot_: id  2 | task 33 | processing task, is_child = 0
slot get_availabl: id  1 | task -1 | selected slot by LRU, t_last = 312713542105
srv  get_availabl: updating prompt cache
srv          load:  - looking for better prompt, base f_keep = -1.000, sim = 0.000
srv        update:  - cache state: 0 prompts, 0.000 MiB (limits: 8192.000 MiB, 262144 tokens, 8589934592 est)
srv  get_availabl: prompt cache update took 0.00 ms
slot launch_slot_: id  1 | task -1 | sampler chain: logits -> ?penalties -> ?dry -> ?top-n-sigma -> top-k -> ?typical -> top-p -> min-p -> ?xtc -> ?temp-ext -> dist 
slot launch_slot_: id  1 | task 34 | processing task, is_child = 0
slot update_slots: id  0 | task 29 | new prompt, n_ctx_slot = 262144, n_keep = 0, task.n_tokens = 611
slot update_slots: id  0 | task 29 | n_past = 319, slot.prompt.tokens.size() = 607, seq_id = 0, pos_min = 0, n_swa = 1024
slot update_slots: id  0 | task 29 | Checking checkpoint with [0, 94] against 0...
slot update_slots: id  0 | task 29 | restored context checkpoint (pos_min = 0, pos_max = 94, n_tokens = 95, n_past = 94, size = 74.221 MiB)
slot update_slots: id  0 | task 29 | n_tokens = 94, memory_seq_rm [94, end)
slot update_slots: id  0 | task 29 | prompt processing progress, n_tokens = 95, batch.n_tokens = 1, progress = 0.155483
slot update_slots: id  1 | task 34 | new prompt, n_ctx_slot = 262144, n_keep = 0, task.n_tokens = 617
slot update_slots: id  1 | task 34 | erased invalidated context checkpoint (pos_min = 0, pos_max = 121, n_tokens = 122, n_swa = 1024, pos_next = 0, size = 95.315 MiB)
slot update_slots: id  1 | task 34 | n_tokens = 0, memory_seq_rm [0, end)
slot update_slots: id  1 | task 34 | prompt processing progress, n_tokens = 101, batch.n_tokens = 102, progress = 0.163695
slot update_slots: id  2 | task 33 | new prompt, n_ctx_slot = 262144, n_keep = 0, task.n_tokens = 611
slot update_slots: id  2 | task 33 | n_tokens = 0, memory_seq_rm [0, end)
slot update_slots: id  2 | task 33 | prompt processing progress, n_tokens = 95, batch.n_tokens = 197, progress = 0.155483
slot update_slots: id  3 | task 31 | new prompt, n_ctx_slot = 262144, n_keep = 0, task.n_tokens = 638
slot update_slots: id  3 | task 31 | n_tokens = 122, memory_seq_rm [122, end)
slot update_slots: id  3 | task 31 | prompt processing progress, n_tokens = 319, batch.n_tokens = 394, progress = 0.500000
slot update_slots: id  0 | task 29 | n_tokens = 95, memory_seq_rm [95, end)
slot update_slots: id  0 | task 29 | prompt processing progress, n_tokens = 319, batch.n_tokens = 224, progress = 0.522095
slot update_slots: id  1 | task 34 | n_tokens = 101, memory_seq_rm [101, end)
slot update_slots: id  1 | task 34 | prompt processing progress, n_tokens = 319, batch.n_tokens = 442, progress = 0.517018
slot create_check: id  1 | task 34 | created context checkpoint 1 of 32 (pos_min = 0, pos_max = 100, n_tokens = 101, size = 78.909 MiB)
slot update_slots: id  2 | task 33 | n_tokens = 95, memory_seq_rm [95, end)
slot update_slots: id  2 | task 33 | prompt processing progress, n_tokens = 319, batch.n_tokens = 666, progress = 0.522095
slot create_check: id  2 | task 33 | created context checkpoint 1 of 32 (pos_min = 0, pos_max = 94, n_tokens = 95, size = 74.221 MiB)
slot update_slots: id  3 | task 31 | n_tokens = 319, memory_seq_rm [319, end)
srv  process_chun: processing image...
encoding image slice...
srv          stop: cancel task, id_task = 29
srv  log_server_r: done request: POST /v1/chat/completions 127.0.0.1 200
srv          stop: cancel task, id_task = 31
srv  log_server_r: done request: POST /v1/chat/completions 127.0.0.1 200
srv          stop: cancel task, id_task = 33
srv  log_server_r: done request: POST /v1/chat/completions 127.0.0.1 200
srv  params_from_: Chat format: peg-gemma4
srv  params_from_: Chat format: peg-gemma4
srv  params_from_: Chat format: peg-gemma4
srv          stop: cancel task, id_task = 34
srv  log_server_r: done request: POST /v1/chat/completions 127.0.0.1 200
srv  params_from_: Chat format: peg-gemma4
image slice encoded in 33134 ms
decoding image batch 1/1, n_tokens_batch = 266
sched_reserve: reserving ...
sched_reserve:      CUDA0 compute buffer size =   866.52 MiB
sched_reserve:  CUDA_Host compute buffer size =   542.02 MiB
sched_reserve: graph nodes  = 2462
sched_reserve: graph splits = 2
sched_reserve: reserve took 237.96 ms, sched copies = 1
image decoded (batch 1/1) in 937 ms
srv  process_chun: image processed in 34071 ms
slot update_slots: id  3 | task 31 | prompt processing progress, n_tokens = 634, batch.n_tokens = 715, progress = 0.993730
sched_reserve: reserving ...
sched_reserve:      CUDA0 compute buffer size =   866.52 MiB
sched_reserve:  CUDA_Host compute buffer size =   542.02 MiB
sched_reserve: graph nodes  = 2462
sched_reserve: graph splits = 2
sched_reserve: reserve took 112.56 ms, sched copies = 1
slot      release: id  1 | task 34 | stop processing: n_tokens = 319, truncated = 0
slot      release: id  2 | task 33 | stop processing: n_tokens = 319, truncated = 0
slot      release: id  3 | task 31 | stop processing: n_tokens = 634, truncated = 0
slot      release: id  0 | task 29 | stop processing: n_tokens = 319, truncated = 0
slot get_availabl: id  3 | task -1 | selected slot by LCP similarity, sim_best = 0.959 (> 0.100 thold), f_keep = 0.924
slot launch_slot_: id  3 | task -1 | sampler chain: logits -> ?penalties -> ?dry -> ?top-n-sigma -> top-k -> ?typical -> top-p -> min-p -> ?xtc -> ?temp-ext -> dist 
slot launch_slot_: id  3 | task 41 | processing task, is_child = 0
slot slot_save_an: id  0 | task -1 | saving idle slot to prompt cache
srv   prompt_save:  - saving prompt with length 319, total state size = 274.149 MiB
slot prompt_clear: id  0 | task -1 | clearing prompt with 319 tokens
srv        update:  - cache state: 1 prompts, 348.370 MiB (limits: 8192.000 MiB, 262144 tokens, 262144 est)
srv        update:    - prompt 0xaaab1341d3e0:     319 tokens, checkpoints:  1,   348.370 MiB
slot slot_save_an: id  1 | task -1 | saving idle slot to prompt cache
srv   prompt_save:  - saving prompt with length 319, total state size = 274.149 MiB
srv         alloc:  - prompt is already in the cache, skipping
slot prompt_clear: id  1 | task -1 | clearing prompt with 319 tokens
srv        update:  - cache state: 1 prompts, 348.370 MiB (limits: 8192.000 MiB, 262144 tokens, 262144 est)
srv        update:    - prompt 0xaaab1341d3e0:     319 tokens, checkpoints:  1,   348.370 MiB
slot slot_save_an: id  2 | task -1 | saving idle slot to prompt cache
srv   prompt_save:  - saving prompt with length 319, total state size = 274.149 MiB
srv         alloc:  - prompt is already in the cache, skipping
slot prompt_clear: id  2 | task -1 | clearing prompt with 319 tokens
srv        update:  - cache state: 1 prompts, 348.370 MiB (limits: 8192.000 MiB, 262144 tokens, 262144 est)
srv        update:    - prompt 0xaaab1341d3e0:     319 tokens, checkpoints:  1,   348.370 MiB
slot get_availabl: id  1 | task -1 | selected slot by LRU, t_last = 312753964423
srv  get_availabl: updating prompt cache
srv          load:  - looking for better prompt, base f_keep = -1.000, sim = 0.000
srv          load:  - found better prompt with f_keep = 1.000, sim = 0.522
srv        update:  - cache state: 0 prompts, 0.000 MiB (limits: 8192.000 MiB, 262144 tokens, 8589934592 est)
srv  get_availabl: prompt cache update took 654.31 ms
slot launch_slot_: id  1 | task -1 | sampler chain: logits -> ?penalties -> ?dry -> ?top-n-sigma -> top-k -> ?typical -> top-p -> min-p -> ?xtc -> ?temp-ext -> dist 
slot launch_slot_: id  1 | task 42 | processing task, is_child = 0
slot get_availabl: id  2 | task -1 | selected slot by LRU, t_last = 312753964449
srv  get_availabl: updating prompt cache
srv          load:  - looking for better prompt, base f_keep = -1.000, sim = 0.000
srv        update:  - cache state: 0 prompts, 0.000 MiB (limits: 8192.000 MiB, 262144 tokens, 8589934592 est)
srv  get_availabl: prompt cache update took 0.00 ms
slot launch_slot_: id  2 | task -1 | sampler chain: logits -> ?penalties -> ?dry -> ?top-n-sigma -> top-k -> ?typical -> top-p -> min-p -> ?xtc -> ?temp-ext -> dist 
slot launch_slot_: id  2 | task 43 | processing task, is_child = 0
slot get_availabl: id  0 | task -1 | selected slot by LRU, t_last = 312753964479
srv  get_availabl: updating prompt cache
srv          load:  - looking for better prompt, base f_keep = -1.000, sim = 0.000
srv        update:  - cache state: 0 prompts, 0.000 MiB (limits: 8192.000 MiB, 262144 tokens, 8589934592 est)
srv  get_availabl: prompt cache update took 0.00 ms
slot launch_slot_: id  0 | task -1 | sampler chain: logits -> ?penalties -> ?dry -> ?top-n-sigma -> top-k -> ?typical -> top-p -> min-p -> ?xtc -> ?temp-ext -> dist 
slot launch_slot_: id  0 | task 45 | processing task, is_child = 0
slot update_slots: id  0 | task 45 | new prompt, n_ctx_slot = 262144, n_keep = 0, task.n_tokens = 617
slot update_slots: id  0 | task 45 | erased invalidated context checkpoint (pos_min = 0, pos_max = 94, n_tokens = 95, n_swa = 1024, pos_next = 0, size = 74.221 MiB)
slot update_slots: id  0 | task 45 | n_tokens = 0, memory_seq_rm [0, end)
slot update_slots: id  0 | task 45 | prompt processing progress, n_tokens = 101, batch.n_tokens = 101, progress = 0.163695
slot update_slots: id  1 | task 42 | new prompt, n_ctx_slot = 262144, n_keep = 0, task.n_tokens = 611
slot update_slots: id  1 | task 42 | n_tokens = 319, memory_seq_rm [319, end)
srv  process_chun: processing image...
encoding image slice...
srv          stop: cancel task, id_task = 41
srv  log_server_r: done request: POST /v1/chat/completions 127.0.0.1 200
srv          stop: cancel task, id_task = 42
srv  log_server_r: done request: POST /v1/chat/completions 127.0.0.1 200
srv          stop: cancel task, id_task = 43
srv  log_server_r: done request: POST /v1/chat/completions 127.0.0.1 200
srv  params_from_: Chat format: peg-gemma4
srv  params_from_: Chat format: peg-gemma4
srv  params_from_: Chat format: peg-gemma4
srv          stop: cancel task, id_task = 45
srv  log_server_r: done request: POST /v1/chat/completions 127.0.0.1 200
srv  params_from_: Chat format: peg-gemma4
image slice encoded in 34783 ms
decoding image batch 1/1, n_tokens_batch = 266
sched_reserve: reserving ...
sched_reserve:      CUDA0 compute buffer size =   866.52 MiB
sched_reserve:  CUDA_Host compute buffer size =   542.02 MiB
sched_reserve: graph nodes  = 2462
sched_reserve: graph splits = 2
sched_reserve: reserve took 226.96 ms, sched copies = 1
image decoded (batch 1/1) in 927 ms
srv  process_chun: image processed in 35711 ms
slot update_slots: id  1 | task 42 | prompt processing progress, n_tokens = 607, batch.n_tokens = 123, progress = 0.993453
slot update_slots: id  2 | task 43 | new prompt, n_ctx_slot = 262144, n_keep = 0, task.n_tokens = 638
slot update_slots: id  2 | task 43 | erased invalidated context checkpoint (pos_min = 0, pos_max = 94, n_tokens = 95, n_swa = 1024, pos_next = 0, size = 74.221 MiB)
slot update_slots: id  2 | task 43 | n_tokens = 0, memory_seq_rm [0, end)
slot update_slots: id  2 | task 43 | prompt processing progress, n_tokens = 122, batch.n_tokens = 245, progress = 0.191223
slot update_slots: id  3 | task 41 | new prompt, n_ctx_slot = 262144, n_keep = 0, task.n_tokens = 611
slot update_slots: id  3 | task 41 | n_past = 586, slot.prompt.tokens.size() = 634, seq_id = 3, pos_min = 0, n_swa = 1024
slot update_slots: id  3 | task 41 | Checking checkpoint with [0, 121] against 0...
slot update_slots: id  3 | task 41 | restored context checkpoint (pos_min = 0, pos_max = 121, n_tokens = 122, n_past = 121, size = 95.315 MiB)
slot update_slots: id  3 | task 41 | n_tokens = 121, memory_seq_rm [121, end)
slot update_slots: id  3 | task 41 | prompt processing progress, n_tokens = 319, batch.n_tokens = 443, progress = 0.522095
sched_reserve: reserving ...
sched_reserve:      CUDA0 compute buffer size =   866.52 MiB
sched_reserve:  CUDA_Host compute buffer size =   542.02 MiB
sched_reserve: graph nodes  = 2462
sched_reserve: graph splits = 2
sched_reserve: reserve took 96.03 ms, sched copies = 1
srv  params_from_: Chat format: peg-gemma4
srv          stop: cancel task, id_task = 50
srv  log_server_r: done request: POST /v1/chat/completions 127.0.0.1 200
srv  params_from_: Chat format: peg-gemma4
srv  params_from_: Chat format: peg-gemma4
srv          stop: cancel task, id_task = 51
srv  log_server_r: done request: POST /v1/chat/completions 127.0.0.1 200
srv          stop: cancel task, id_task = 52
srv  log_server_r: done request: POST /v1/chat/completions 127.0.0.1 200
slot      release: id  0 | task 45 | stop processing: n_tokens = 101, truncated = 0
slot      release: id  2 | task 43 | stop processing: n_tokens = 122, truncated = 0
slot      release: id  1 | task 42 | stop processing: n_tokens = 607, truncated = 0
slot      release: id  3 | task 41 | stop processing: n_tokens = 319, truncated = 0
slot get_availabl: id  1 | task -1 | selected slot by LCP similarity, sim_best = 0.517 (> 0.100 thold), f_keep = 0.526
slot launch_slot_: id  1 | task -1 | sampler chain: logits -> ?penalties -> ?dry -> ?top-n-sigma -> top-k -> ?typical -> top-p -> min-p -> ?xtc -> ?temp-ext -> dist 
slot launch_slot_: id  1 | task 54 | processing task, is_child = 0
slot slot_save_an: id  0 | task -1 | saving idle slot to prompt cache
srv   prompt_save:  - saving prompt with length 101, total state size = 86.801 MiB
slot prompt_clear: id  0 | task -1 | clearing prompt with 101 tokens
srv        update:  - cache state: 1 prompts, 86.801 MiB (limits: 8192.000 MiB, 262144 tokens, 262144 est)
srv        update:    - prompt 0xaaab1341d3e0:     101 tokens, checkpoints:  0,    86.801 MiB
slot slot_save_an: id  2 | task -1 | saving idle slot to prompt cache
srv   prompt_save:  - saving prompt with length 122, total state size = 104.848 MiB
srv         alloc:  - removing obsolete cached prompt with length 101
slot prompt_clear: id  2 | task -1 | clearing prompt with 122 tokens
srv        update:  - cache state: 1 prompts, 104.848 MiB (limits: 8192.000 MiB, 262144 tokens, 262144 est)
srv        update:    - prompt 0xaaab1341d3e0:     122 tokens, checkpoints:  0,   104.848 MiB
slot slot_save_an: id  3 | task -1 | saving idle slot to prompt cache
srv   prompt_save:  - saving prompt with length 319, total state size = 274.149 MiB
srv         alloc:  - removing obsolete cached prompt with length 122
slot prompt_clear: id  3 | task -1 | clearing prompt with 319 tokens
srv        update:  - cache state: 1 prompts, 369.464 MiB (limits: 8192.000 MiB, 262144 tokens, 262144 est)
srv        update:    - prompt 0xaaab1341d3e0:     319 tokens, checkpoints:  1,   369.464 MiB
slot get_availabl: id  0 | task -1 | selected slot by LRU, t_last = 312792869420
srv  get_availabl: updating prompt cache
srv          load:  - looking for better prompt, base f_keep = -1.000, sim = 0.000
srv          load:  - found better prompt with f_keep = 1.000, sim = 0.522
srv        update:  - cache state: 0 prompts, 0.000 MiB (limits: 8192.000 MiB, 262144 tokens, 8589934592 est)
srv  get_availabl: prompt cache update took 640.65 ms
slot launch_slot_: id  0 | task -1 | sampler chain: logits -> ?penalties -> ?dry -> ?top-n-sigma -> top-k -> ?typical -> top-p -> min-p -> ?xtc -> ?temp-ext -> dist 
slot launch_slot_: id  0 | task 55 | processing task, is_child = 0
slot get_availabl: id  2 | task -1 | selected slot by LRU, t_last = 312792869444
srv  get_availabl: updating prompt cache
srv          load:  - looking for better prompt, base f_keep = -1.000, sim = 0.000
srv        update:  - cache state: 0 prompts, 0.000 MiB (limits: 8192.000 MiB, 262144 tokens, 8589934592 est)
srv  get_availabl: prompt cache update took 0.11 ms
slot launch_slot_: id  2 | task -1 | sampler chain: logits -> ?penalties -> ?dry -> ?top-n-sigma -> top-k -> ?typical -> top-p -> min-p -> ?xtc -> ?temp-ext -> dist 
slot launch_slot_: id  2 | task 57 | processing task, is_child = 0
slot get_availabl: id  3 | task -1 | selected slot by LRU, t_last = 312792869473
srv  get_availabl: updating prompt cache
srv          load:  - looking for better prompt, base f_keep = -1.000, sim = 0.000
srv        update:  - cache state: 0 prompts, 0.000 MiB (limits: 8192.000 MiB, 262144 tokens, 8589934592 est)
srv  get_availabl: prompt cache update took 0.10 ms
slot launch_slot_: id  3 | task -1 | sampler chain: logits -> ?penalties -> ?dry -> ?top-n-sigma -> top-k -> ?typical -> top-p -> min-p -> ?xtc -> ?temp-ext -> dist 
slot launch_slot_: id  3 | task 58 | processing task, is_child = 0
slot update_slots: id  0 | task 55 | new prompt, n_ctx_slot = 262144, n_keep = 0, task.n_tokens = 611
slot update_slots: id  0 | task 55 | n_tokens = 319, memory_seq_rm [319, end)
srv  process_chun: processing image...
encoding image slice...
srv  params_from_: Chat format: peg-gemma4
srv          stop: cancel task, id_task = 54
srv  log_server_r: done request: POST /v1/chat/completions 127.0.0.1 200
srv          stop: cancel task, id_task = 55
srv  log_server_r: done request: POST /v1/chat/completions 127.0.0.1 200
srv          stop: cancel task, id_task = 57
srv  log_server_r: done request: POST /v1/chat/completions 127.0.0.1 200
srv          stop: cancel task, id_task = 58
srv  log_server_r: done request: POST /v1/chat/completions 127.0.0.1 200
srv  params_from_: Chat format: peg-gemma4
srv  params_from_: Chat format: peg-gemma4
srv  params_from_: Chat format: peg-gemma4
image slice encoded in 32990 ms
decoding image batch 1/1, n_tokens_batch = 266
sched_reserve: reserving ...
sched_reserve:      CUDA0 compute buffer size =   866.52 MiB
sched_reserve:  CUDA_Host compute buffer size =   542.02 MiB
sched_reserve: graph nodes  = 2462
sched_reserve: graph splits = 2
sched_reserve: reserve took 209.25 ms, sched copies = 1
image decoded (batch 1/1) in 915 ms
srv  process_chun: image processed in 33906 ms
slot update_slots: id  0 | task 55 | prompt processing progress, n_tokens = 607, batch.n_tokens = 22, progress = 0.993453
slot update_slots: id  1 | task 54 | new prompt, n_ctx_slot = 262144, n_keep = 0, task.n_tokens = 617
slot update_slots: id  1 | task 54 | n_past = 319, slot.prompt.tokens.size() = 607, seq_id = 1, pos_min = 0, n_swa = 1024
slot update_slots: id  1 | task 54 | Checking checkpoint with [0, 94] against 0...
slot update_slots: id  1 | task 54 | restored context checkpoint (pos_min = 0, pos_max = 94, n_tokens = 95, n_past = 94, size = 74.221 MiB)
slot update_slots: id  1 | task 54 | n_tokens = 94, memory_seq_rm [94, end)
slot update_slots: id  1 | task 54 | prompt processing progress, n_tokens = 101, batch.n_tokens = 29, progress = 0.163695
slot update_slots: id  2 | task 57 | new prompt, n_ctx_slot = 262144, n_keep = 0, task.n_tokens = 638
slot update_slots: id  2 | task 57 | n_tokens = 0, memory_seq_rm [0, end)
slot update_slots: id  2 | task 57 | prompt processing progress, n_tokens = 122, batch.n_tokens = 151, progress = 0.191223
slot update_slots: id  3 | task 58 | new prompt, n_ctx_slot = 262144, n_keep = 0, task.n_tokens = 617
slot update_slots: id  3 | task 58 | erased invalidated context checkpoint (pos_min = 0, pos_max = 121, n_tokens = 122, n_swa = 1024, pos_next = 0, size = 95.315 MiB)
slot update_slots: id  3 | task 58 | n_tokens = 0, memory_seq_rm [0, end)
slot update_slots: id  3 | task 58 | prompt processing progress, n_tokens = 101, batch.n_tokens = 252, progress = 0.163695
sched_reserve: reserving ...
sched_reserve:      CUDA0 compute buffer size =   866.52 MiB
sched_reserve:  CUDA_Host compute buffer size =   542.02 MiB
sched_reserve: graph nodes  = 2462
sched_reserve: graph splits = 2
sched_reserve: reserve took 106.09 ms, sched copies = 1
slot      release: id  3 | task 58 | stop processing: n_tokens = 101, truncated = 0
slot      release: id  2 | task 57 | stop processing: n_tokens = 122, truncated = 0
slot      release: id  0 | task 55 | stop processing: n_tokens = 607, truncated = 0
slot      release: id  1 | task 54 | stop processing: n_tokens = 101, truncated = 0
slot get_availabl: id  0 | task -1 | selected slot by LCP similarity, sim_best = 0.500 (> 0.100 thold), f_keep = 0.526
slot launch_slot_: id  0 | task -1 | sampler chain: logits -> ?penalties -> ?dry -> ?top-n-sigma -> top-k -> ?typical -> top-p -> min-p -> ?xtc -> ?temp-ext -> dist 
slot launch_slot_: id  0 | task 62 | processing task, is_child = 0
slot slot_save_an: id  1 | task -1 | saving idle slot to prompt cache
srv   prompt_save:  - saving prompt with length 101, total state size = 86.801 MiB
slot prompt_clear: id  1 | task -1 | clearing prompt with 101 tokens
srv        update:  - cache state: 1 prompts, 161.022 MiB (limits: 8192.000 MiB, 262144 tokens, 262144 est)
srv        update:    - prompt 0xaaab0f907580:     101 tokens, checkpoints:  1,   161.022 MiB
slot slot_save_an: id  2 | task -1 | saving idle slot to prompt cache
srv   prompt_save:  - saving prompt with length 122, total state size = 104.848 MiB
srv         alloc:  - removing obsolete cached prompt with length 101
slot prompt_clear: id  2 | task -1 | clearing prompt with 122 tokens
srv        update:  - cache state: 1 prompts, 104.848 MiB (limits: 8192.000 MiB, 262144 tokens, 262144 est)
srv        update:    - prompt 0xaaab0f907580:     122 tokens, checkpoints:  0,   104.848 MiB
slot slot_save_an: id  3 | task -1 | saving idle slot to prompt cache
srv   prompt_save:  - saving prompt with length 101, total state size = 86.801 MiB
srv         alloc:  - prompt is already in the cache, skipping
slot prompt_clear: id  3 | task -1 | clearing prompt with 101 tokens
srv        update:  - cache state: 1 prompts, 104.848 MiB (limits: 8192.000 MiB, 262144 tokens, 262144 est)
srv        update:    - prompt 0xaaab0f907580:     122 tokens, checkpoints:  0,   104.848 MiB
slot get_availabl: id  3 | task -1 | selected slot by LRU, t_last = 312830065672
srv  get_availabl: updating prompt cache
srv          load:  - looking for better prompt, base f_keep = -1.000, sim = 0.000
srv          load:  - found better prompt with f_keep = 1.000, sim = 0.200
srv        update:  - cache state: 0 prompts, 0.000 MiB (limits: 8192.000 MiB, 262144 tokens, 8589934592 est)
srv  get_availabl: prompt cache update took 248.65 ms
slot launch_slot_: id  3 | task -1 | sampler chain: logits -> ?penalties -> ?dry -> ?top-n-sigma -> top-k -> ?typical -> top-p -> min-p -> ?xtc -> ?temp-ext -> dist 
slot launch_slot_: id  3 | task 67 | processing task, is_child = 0
slot get_availabl: id  2 | task -1 | selected slot by LRU, t_last = 312830065697
srv  get_availabl: updating prompt cache
srv          load:  - looking for better prompt, base f_keep = -1.000, sim = 0.000
srv        update:  - cache state: 0 prompts, 0.000 MiB (limits: 8192.000 MiB, 262144 tokens, 8589934592 est)
srv  get_availabl: prompt cache update took 0.01 ms
slot launch_slot_: id  2 | task -1 | sampler chain: logits -> ?penalties -> ?dry -> ?top-n-sigma -> top-k -> ?typical -> top-p -> min-p -> ?xtc -> ?temp-ext -> dist 
slot launch_slot_: id  2 | task 68 | processing task, is_child = 0
slot get_availabl: id  1 | task -1 | selected slot by LRU, t_last = 312830065728
srv  get_availabl: updating prompt cache
srv          load:  - looking for better prompt, base f_keep = -1.000, sim = 0.000
srv        update:  - cache state: 0 prompts, 0.000 MiB (limits: 8192.000 MiB, 262144 tokens, 8589934592 est)
srv  get_availabl: prompt cache update took 0.00 ms
slot launch_slot_: id  1 | task -1 | sampler chain: logits -> ?penalties -> ?dry -> ?top-n-sigma -> top-k -> ?typical -> top-p -> min-p -> ?xtc -> ?temp-ext -> dist 
slot launch_slot_: id  1 | task 69 | processing task, is_child = 0
slot update_slots: id  0 | task 62 | new prompt, n_ctx_slot = 262144, n_keep = 0, task.n_tokens = 638
slot update_slots: id  0 | task 62 | n_past = 319, slot.prompt.tokens.size() = 607, seq_id = 0, pos_min = 0, n_swa = 1024
slot update_slots: id  0 | task 62 | Checking checkpoint with [0, 121] against 0...
slot update_slots: id  0 | task 62 | restored context checkpoint (pos_min = 0, pos_max = 121, n_tokens = 122, n_past = 121, size = 95.315 MiB)
slot update_slots: id  0 | task 62 | n_tokens = 121, memory_seq_rm [121, end)
slot update_slots: id  0 | task 62 | prompt processing progress, n_tokens = 122, batch.n_tokens = 1, progress = 0.191223
slot update_slots: id  1 | task 69 | new prompt, n_ctx_slot = 262144, n_keep = 0, task.n_tokens = 617
slot update_slots: id  1 | task 69 | erased invalidated context checkpoint (pos_min = 0, pos_max = 94, n_tokens = 95, n_swa = 1024, pos_next = 0, size = 74.221 MiB)
slot update_slots: id  1 | task 69 | n_tokens = 0, memory_seq_rm [0, end)
slot update_slots: id  1 | task 69 | prompt processing progress, n_tokens = 101, batch.n_tokens = 102, progress = 0.163695
slot update_slots: id  2 | task 68 | new prompt, n_ctx_slot = 262144, n_keep = 0, task.n_tokens = 638
slot update_slots: id  2 | task 68 | n_tokens = 0, memory_seq_rm [0, end)
slot update_slots: id  2 | task 68 | prompt processing progress, n_tokens = 122, batch.n_tokens = 224, progress = 0.191223
slot update_slots: id  3 | task 67 | new prompt, n_ctx_slot = 262144, n_keep = 0, task.n_tokens = 611
slot update_slots: id  3 | task 67 | n_tokens = 122, memory_seq_rm [122, end)
slot update_slots: id  3 | task 67 | prompt processing progress, n_tokens = 319, batch.n_tokens = 421, progress = 0.522095
slot create_check: id  3 | task 67 | created context checkpoint 1 of 32 (pos_min = 0, pos_max = 121, n_tokens = 122, size = 95.315 MiB)
slot update_slots: id  0 | task 62 | n_tokens = 122, memory_seq_rm [122, end)
slot update_slots: id  0 | task 62 | prompt processing progress, n_tokens = 319, batch.n_tokens = 197, progress = 0.500000
slot update_slots: id  1 | task 69 | n_tokens = 101, memory_seq_rm [101, end)
slot update_slots: id  1 | task 69 | prompt processing progress, n_tokens = 319, batch.n_tokens = 415, progress = 0.517018
slot create_check: id  1 | task 69 | created context checkpoint 1 of 32 (pos_min = 0, pos_max = 100, n_tokens = 101, size = 78.909 MiB)
slot update_slots: id  2 | task 68 | n_tokens = 122, memory_seq_rm [122, end)
slot update_slots: id  2 | task 68 | prompt processing progress, n_tokens = 319, batch.n_tokens = 612, progress = 0.500000
slot create_check: id  2 | task 68 | created context checkpoint 1 of 32 (pos_min = 0, pos_max = 121, n_tokens = 122, size = 95.315 MiB)
slot update_slots: id  3 | task 67 | n_tokens = 319, memory_seq_rm [319, end)
srv  process_chun: processing image...
encoding image slice...
srv          stop: cancel task, id_task = 62
srv  log_server_r: done request: POST /v1/chat/completions 127.0.0.1 200
srv  params_from_: Chat format: peg-gemma4
srv          stop: cancel task, id_task = 67
srv  log_server_r: done request: POST /v1/chat/completions 127.0.0.1 200
srv          stop: cancel task, id_task = 68
srv  log_server_r: done request: POST /v1/chat/completions 127.0.0.1 200
srv          stop: cancel task, id_task = 69
srv  log_server_r: done request: POST /v1/chat/completions 127.0.0.1 200
srv  params_from_: Chat format: peg-gemma4
srv  params_from_: Chat format: peg-gemma4
srv  params_from_: Chat format: peg-gemma4
srv          stop: cancel task, id_task = 73
srv  log_server_r: done request: POST /v1/chat/completions 127.0.0.1 200
srv  params_from_: Chat format: peg-gemma4
image slice encoded in 34176 ms
decoding image batch 1/1, n_tokens_batch = 266
sched_reserve: reserving ...
sched_reserve:      CUDA0 compute buffer size =   866.52 MiB
sched_reserve:  CUDA_Host compute buffer size =   542.02 MiB
sched_reserve: graph nodes  = 2462
sched_reserve: graph splits = 2
sched_reserve: reserve took 210.16 ms, sched copies = 1
image decoded (batch 1/1) in 911 ms
srv  process_chun: image processed in 35088 ms
slot update_slots: id  3 | task 67 | prompt processing progress, n_tokens = 607, batch.n_tokens = 634, progress = 0.993453
sched_reserve: reserving ...
sched_reserve:      CUDA0 compute buffer size =   866.52 MiB
sched_reserve:  CUDA_Host compute buffer size =   542.02 MiB
sched_reserve: graph nodes  = 2462
sched_reserve: graph splits = 2
sched_reserve: reserve took 99.38 ms, sched copies = 1
slot      release: id  1 | task 69 | stop processing: n_tokens = 319, truncated = 0
slot      release: id  2 | task 68 | stop processing: n_tokens = 319, truncated = 0
slot      release: id  3 | task 67 | stop processing: n_tokens = 607, truncated = 0
slot      release: id  0 | task 62 | stop processing: n_tokens = 319, truncated = 0
slot get_availabl: id  3 | task -1 | selected slot by LCP similarity, sim_best = 0.993 (> 0.100 thold), f_keep = 1.000
slot launch_slot_: id  3 | task -1 | sampler chain: logits -> ?penalties -> ?dry -> ?top-n-sigma -> top-k -> ?typical -> top-p -> min-p -> ?xtc -> ?temp-ext -> dist 
slot launch_slot_: id  3 | task 77 | processing task, is_child = 0
slot slot_save_an: id  0 | task -1 | saving idle slot to prompt cache
srv   prompt_save:  - saving prompt with length 319, total state size = 274.149 MiB
slot prompt_clear: id  0 | task -1 | clearing prompt with 319 tokens
srv        update:  - cache state: 1 prompts, 369.464 MiB (limits: 8192.000 MiB, 262144 tokens, 262144 est)
srv        update:    - prompt 0xaaab0e0ead70:     319 tokens, checkpoints:  1,   369.464 MiB
slot slot_save_an: id  1 | task -1 | saving idle slot to prompt cache
srv   prompt_save:  - saving prompt with length 319, total state size = 274.149 MiB
srv         alloc:  - prompt is already in the cache, skipping
slot prompt_clear: id  1 | task -1 | clearing prompt with 319 tokens
srv        update:  - cache state: 1 prompts, 369.464 MiB (limits: 8192.000 MiB, 262144 tokens, 262144 est)
srv        update:    - prompt 0xaaab0e0ead70:     319 tokens, checkpoints:  1,   369.464 MiB
slot slot_save_an: id  2 | task -1 | saving idle slot to prompt cache
srv   prompt_save:  - saving prompt with length 319, total state size = 274.149 MiB
srv         alloc:  - prompt is already in the cache, skipping
slot prompt_clear: id  2 | task -1 | clearing prompt with 319 tokens
srv        update:  - cache state: 1 prompts, 369.464 MiB (limits: 8192.000 MiB, 262144 tokens, 262144 est)
srv        update:    - prompt 0xaaab0e0ead70:     319 tokens, checkpoints:  1,   369.464 MiB
slot get_availabl: id  1 | task -1 | selected slot by LRU, t_last = 312871638690
srv  get_availabl: updating prompt cache
srv          load:  - looking for better prompt, base f_keep = -1.000, sim = 0.000
srv          load:  - found better prompt with f_keep = 1.000, sim = 0.500
srv        update:  - cache state: 0 prompts, 0.000 MiB (limits: 8192.000 MiB, 262144 tokens, 8589934592 est)
srv  get_availabl: prompt cache update took 652.01 ms
slot launch_slot_: id  1 | task -1 | sampler chain: logits -> ?penalties -> ?dry -> ?top-n-sigma -> top-k -> ?typical -> top-p -> min-p -> ?xtc -> ?temp-ext -> dist 
slot launch_slot_: id  1 | task 78 | processing task, is_child = 0
slot get_availabl: id  2 | task -1 | selected slot by LRU, t_last = 312871638713
srv  get_availabl: updating prompt cache
srv          load:  - looking for better prompt, base f_keep = -1.000, sim = 0.000
srv        update:  - cache state: 0 prompts, 0.000 MiB (limits: 8192.000 MiB, 262144 tokens, 8589934592 est)
srv  get_availabl: prompt cache update took 0.00 ms
slot launch_slot_: id  2 | task -1 | sampler chain: logits -> ?penalties -> ?dry -> ?top-n-sigma -> top-k -> ?typical -> top-p -> min-p -> ?xtc -> ?temp-ext -> dist 
slot launch_slot_: id  2 | task 79 | processing task, is_child = 0
slot get_availabl: id  0 | task -1 | selected slot by LRU, t_last = 312871638742
srv  get_availabl: updating prompt cache
srv          load:  - looking for better prompt, base f_keep = -1.000, sim = 0.000
srv        update:  - cache state: 0 prompts, 0.000 MiB (limits: 8192.000 MiB, 262144 tokens, 8589934592 est)
srv  get_availabl: prompt cache update took 0.00 ms
slot launch_slot_: id  0 | task -1 | sampler chain: logits -> ?penalties -> ?dry -> ?top-n-sigma -> top-k -> ?typical -> top-p -> min-p -> ?xtc -> ?temp-ext -> dist 
slot launch_slot_: id  0 | task 81 | processing task, is_child = 0
slot update_slots: id  0 | task 81 | new prompt, n_ctx_slot = 262144, n_keep = 0, task.n_tokens = 638
slot update_slots: id  0 | task 81 | erased invalidated context checkpoint (pos_min = 0, pos_max = 121, n_tokens = 122, n_swa = 1024, pos_next = 0, size = 95.315 MiB)
slot update_slots: id  0 | task 81 | n_tokens = 0, memory_seq_rm [0, end)
slot update_slots: id  0 | task 81 | prompt processing progress, n_tokens = 122, batch.n_tokens = 122, progress = 0.191223
slot update_slots: id  1 | task 78 | new prompt, n_ctx_slot = 262144, n_keep = 0, task.n_tokens = 638
slot update_slots: id  1 | task 78 | n_tokens = 319, memory_seq_rm [319, end)
srv  process_chun: processing image...
encoding image slice...
srv  params_from_: Chat format: peg-gemma4
srv          stop: cancel task, id_task = 77
srv  log_server_r: done request: POST /v1/chat/completions 127.0.0.1 200
srv          stop: cancel task, id_task = 78
srv  log_server_r: done request: POST /v1/chat/completions 127.0.0.1 200
srv  params_from_: Chat format: peg-gemma4
srv          stop: cancel task, id_task = 79
srv  log_server_r: done request: POST /v1/chat/completions 127.0.0.1 200
srv  params_from_: Chat format: peg-gemma4
srv          stop: cancel task, id_task = 81
srv  log_server_r: done request: POST /v1/chat/completions 127.0.0.1 200
srv  params_from_: Chat format: peg-gemma4
image slice encoded in 34118 ms
decoding image batch 1/1, n_tokens_batch = 266
sched_reserve: reserving ...
sched_reserve:      CUDA0 compute buffer size =   866.52 MiB
sched_reserve:  CUDA_Host compute buffer size =   542.02 MiB
sched_reserve: graph nodes  = 2462
sched_reserve: graph splits = 2
sched_reserve: reserve took 126.84 ms, sched copies = 1
image decoded (batch 1/1) in 824 ms
srv  process_chun: image processed in 34942 ms
slot update_slots: id  1 | task 78 | prompt processing progress, n_tokens = 634, batch.n_tokens = 171, progress = 0.993730
slot update_slots: id  2 | task 79 | new prompt, n_ctx_slot = 262144, n_keep = 0, task.n_tokens = 617
slot update_slots: id  2 | task 79 | erased invalidated context checkpoint (pos_min = 0, pos_max = 121, n_tokens = 122, n_swa = 1024, pos_next = 0, size = 95.315 MiB)
slot update_slots: id  2 | task 79 | n_tokens = 0, memory_seq_rm [0, end)
slot update_slots: id  2 | task 79 | prompt processing progress, n_tokens = 101, batch.n_tokens = 272, progress = 0.163695
slot update_slots: id  3 | task 77 | new prompt, n_ctx_slot = 262144, n_keep = 0, task.n_tokens = 611
slot update_slots: id  3 | task 77 | n_tokens = 607, memory_seq_rm [607, end)
slot init_sampler: id  3 | task 77 | init sampler, took 0.09 ms, tokens: text = 345, total = 611
slot update_slots: id  3 | task 77 | prompt processing done, n_tokens = 611, batch.n_tokens = 276
slot create_check: id  3 | task 77 | created context checkpoint 2 of 32 (pos_min = 0, pos_max = 606, n_tokens = 607, size = 474.227 MiB)
sched_reserve: reserving ...
sched_reserve:      CUDA0 compute buffer size =   866.52 MiB
sched_reserve:  CUDA_Host compute buffer size =   542.02 MiB
sched_reserve: graph nodes  = 2462
sched_reserve: graph splits = 2
sched_reserve: reserve took 99.69 ms, sched copies = 1
slot      release: id  0 | task 81 | stop processing: n_tokens = 122, truncated = 0
slot      release: id  2 | task 79 | stop processing: n_tokens = 101, truncated = 0
slot      release: id  1 | task 78 | stop processing: n_tokens = 634, truncated = 0
slot      release: id  3 | task 77 | stop processing: n_tokens = 611, truncated = 0
slot get_availabl: id  1 | task -1 | selected slot by LCP similarity, sim_best = 0.522 (> 0.100 thold), f_keep = 0.503
slot launch_slot_: id  1 | task -1 | sampler chain: logits -> ?penalties -> ?dry -> ?top-n-sigma -> top-k -> ?typical -> top-p -> min-p -> ?xtc -> ?temp-ext -> dist 
slot launch_slot_: id  1 | task 83 | processing task, is_child = 0
slot slot_save_an: id  0 | task -1 | saving idle slot to prompt cache
srv   prompt_save:  - saving prompt with length 122, total state size = 104.848 MiB
slot prompt_clear: id  0 | task -1 | clearing prompt with 122 tokens
srv        update:  - cache state: 1 prompts, 104.848 MiB (limits: 8192.000 MiB, 262144 tokens, 262144 est)
srv        update:    - prompt 0xaaab13416cd0:     122 tokens, checkpoints:  0,   104.848 MiB
slot slot_save_an: id  2 | task -1 | saving idle slot to prompt cache
srv   prompt_save:  - saving prompt with length 101, total state size = 86.801 MiB
srv         alloc:  - prompt is already in the cache, skipping
slot prompt_clear: id  2 | task -1 | clearing prompt with 101 tokens
srv        update:  - cache state: 1 prompts, 104.848 MiB (limits: 8192.000 MiB, 262144 tokens, 262144 est)
srv        update:    - prompt 0xaaab13416cd0:     122 tokens, checkpoints:  0,   104.848 MiB
slot slot_save_an: id  3 | task -1 | saving idle slot to prompt cache
srv   prompt_save:  - saving prompt with length 611, total state size = 525.094 MiB
srv         alloc:  - removing obsolete cached prompt with length 122
slot prompt_clear: id  3 | task -1 | clearing prompt with 611 tokens
srv        update:  - cache state: 1 prompts, 1094.635 MiB (limits: 8192.000 MiB, 262144 tokens, 262144 est)
srv        update:    - prompt 0xaaab13416cd0:     611 tokens, checkpoints:  2,  1094.635 MiB
slot get_availabl: id  0 | task -1 | selected slot by LRU, t_last = 312909856533
srv  get_availabl: updating prompt cache
srv          load:  - looking for better prompt, base f_keep = -1.000, sim = 0.000
srv          load:  - found better prompt with f_keep = 0.522, sim = 0.517
srv        update:  - cache state: 0 prompts, 0.000 MiB (limits: 8192.000 MiB, 262144 tokens, 8589934592 est)
srv  get_availabl: prompt cache update took 1265.54 ms
slot launch_slot_: id  0 | task -1 | sampler chain: logits -> ?penalties -> ?dry -> ?top-n-sigma -> top-k -> ?typical -> top-p -> min-p -> ?xtc -> ?temp-ext -> dist 
slot launch_slot_: id  0 | task 86 | processing task, is_child = 0
slot get_availabl: id  2 | task -1 | selected slot by LRU, t_last = 312909856563
srv  get_availabl: updating prompt cache
srv          load:  - looking for better prompt, base f_keep = -1.000, sim = 0.000
srv        update:  - cache state: 0 prompts, 0.000 MiB (limits: 8192.000 MiB, 262144 tokens, 8589934592 est)
srv  get_availabl: prompt cache update took 0.00 ms
slot launch_slot_: id  2 | task -1 | sampler chain: logits -> ?penalties -> ?dry -> ?top-n-sigma -> top-k -> ?typical -> top-p -> min-p -> ?xtc -> ?temp-ext -> dist 
slot launch_slot_: id  2 | task 88 | processing task, is_child = 0
slot get_availabl: id  3 | task -1 | selected slot by LRU, t_last = 312909858976
srv  get_availabl: updating prompt cache
srv          load:  - looking for better prompt, base f_keep = -1.000, sim = 0.000
srv        update:  - cache state: 0 prompts, 0.000 MiB (limits: 8192.000 MiB, 262144 tokens, 8589934592 est)
srv  get_availabl: prompt cache update took 0.00 ms
slot launch_slot_: id  3 | task -1 | sampler chain: logits -> ?penalties -> ?dry -> ?top-n-sigma -> top-k -> ?typical -> top-p -> min-p -> ?xtc -> ?temp-ext -> dist 
slot launch_slot_: id  3 | task 90 | processing task, is_child = 0
slot update_slots: id  0 | task 86 | new prompt, n_ctx_slot = 262144, n_keep = 0, task.n_tokens = 617
slot update_slots: id  0 | task 86 | n_past = 319, slot.prompt.tokens.size() = 611, seq_id = 0, pos_min = 0, n_swa = 1024
slot update_slots: id  0 | task 86 | Checking checkpoint with [0, 606] against 0...
slot update_slots: id  0 | task 86 | restored context checkpoint (pos_min = 0, pos_max = 606, n_tokens = 607, n_past = 319, size = 474.227 MiB)
slot update_slots: id  0 | task 86 | erased invalidated context checkpoint (pos_min = 0, pos_max = 606, n_tokens = 607, n_swa = 1024, pos_next = 319, size = 474.227 MiB)
slot update_slots: id  0 | task 86 | n_tokens = 319, memory_seq_rm [319, end)
srv  process_chun: processing image...
encoding image slice...
srv          stop: cancel task, id_task = 83
srv  log_server_r: done request: POST /v1/chat/completions 127.0.0.1 200
srv          stop: cancel task, id_task = 86
srv  log_server_r: done request: POST /v1/chat/completions 127.0.0.1 200
srv          stop: cancel task, id_task = 88
srv  log_server_r: done request: POST /v1/chat/completions 127.0.0.1 200
srv  params_from_: Chat format: peg-gemma4
srv  params_from_: Chat format: peg-gemma4
srv  params_from_: Chat format: peg-gemma4
srv          stop: cancel task, id_task = 90
srv  log_server_r: done request: POST /v1/chat/completions 127.0.0.1 200
srv  params_from_: Chat format: peg-gemma4
srv          stop: cancel task, id_task = 95
srv  log_server_r: done request: POST /v1/chat/completions 127.0.0.1 200
srv          stop: cancel task, id_task = 96
srv  log_server_r: done request: POST /v1/chat/completions 127.0.0.1 200
srv          stop: cancel task, id_task = 97
srv  log_server_r: done request: POST /v1/chat/completions 127.0.0.1 200
srv  params_from_: Chat format: peg-gemma4
srv  params_from_: Chat format: peg-gemma4
srv  params_from_: Chat format: peg-gemma4
image slice encoded in 33447 ms
decoding image batch 1/1, n_tokens_batch = 266
sched_reserve: reserving ...
sched_reserve:      CUDA0 compute buffer size =   866.52 MiB
sched_reserve:  CUDA_Host compute buffer size =   542.02 MiB
sched_reserve: graph nodes  = 2462
sched_reserve: graph splits = 2
sched_reserve: reserve took 282.27 ms, sched copies = 1
image decoded (batch 1/1) in 982 ms
srv  process_chun: image processed in 34429 ms
slot update_slots: id  0 | task 86 | prompt processing progress, n_tokens = 613, batch.n_tokens = 28, progress = 0.993517
slot update_slots: id  1 | task 83 | new prompt, n_ctx_slot = 262144, n_keep = 0, task.n_tokens = 611
slot update_slots: id  1 | task 83 | n_past = 319, slot.prompt.tokens.size() = 634, seq_id = 1, pos_min = 0, n_swa = 1024
slot update_slots: id  1 | task 83 | Checking checkpoint with [0, 121] against 0...
slot update_slots: id  1 | task 83 | restored context checkpoint (pos_min = 0, pos_max = 121, n_tokens = 122, n_past = 121, size = 95.315 MiB)
slot update_slots: id  1 | task 83 | n_tokens = 121, memory_seq_rm [121, end)
slot update_slots: id  1 | task 83 | prompt processing progress, n_tokens = 319, batch.n_tokens = 226, progress = 0.522095
slot update_slots: id  2 | task 88 | new prompt, n_ctx_slot = 262144, n_keep = 0, task.n_tokens = 611
slot update_slots: id  2 | task 88 | n_tokens = 0, memory_seq_rm [0, end)
slot update_slots: id  2 | task 88 | prompt processing progress, n_tokens = 95, batch.n_tokens = 321, progress = 0.155483
slot update_slots: id  3 | task 90 | new prompt, n_ctx_slot = 262144, n_keep = 0, task.n_tokens = 611
slot update_slots: id  3 | task 90 | erased invalidated context checkpoint (pos_min = 0, pos_max = 121, n_tokens = 122, n_swa = 1024, pos_next = 0, size = 95.315 MiB)
slot update_slots: id  3 | task 90 | erased invalidated context checkpoint (pos_min = 0, pos_max = 606, n_tokens = 607, n_swa = 1024, pos_next = 0, size = 474.227 MiB)
slot update_slots: id  3 | task 90 | n_tokens = 0, memory_seq_rm [0, end)
slot update_slots: id  3 | task 90 | prompt processing progress, n_tokens = 95, batch.n_tokens = 416, progress = 0.155483
sched_reserve: reserving ...
sched_reserve:      CUDA0 compute buffer size =   866.52 MiB
sched_reserve:  CUDA_Host compute buffer size =   542.02 MiB
sched_reserve: graph nodes  = 2462
sched_reserve: graph splits = 2
sched_reserve: reserve took 111.24 ms, sched copies = 1
slot      release: id  3 | task 90 | stop processing: n_tokens = 95, truncated = 0
slot      release: id  2 | task 88 | stop processing: n_tokens = 95, truncated = 0
slot      release: id  0 | task 86 | stop processing: n_tokens = 613, truncated = 0
slot      release: id  1 | task 83 | stop processing: n_tokens = 319, truncated = 0
slot get_availabl: id  0 | task -1 | selected slot by LCP similarity, sim_best = 0.522 (> 0.100 thold), f_keep = 0.520
slot launch_slot_: id  0 | task -1 | sampler chain: logits -> ?penalties -> ?dry -> ?top-n-sigma -> top-k -> ?typical -> top-p -> min-p -> ?xtc -> ?temp-ext -> dist 
slot launch_slot_: id  0 | task 99 | processing task, is_child = 0
slot slot_save_an: id  1 | task -1 | saving idle slot to prompt cache
srv   prompt_save:  - saving prompt with length 319, total state size = 274.149 MiB
slot prompt_clear: id  1 | task -1 | clearing prompt with 319 tokens
srv        update:  - cache state: 1 prompts, 369.464 MiB (limits: 8192.000 MiB, 262144 tokens, 262144 est)
srv        update:    - prompt 0xaaab14d17630:     319 tokens, checkpoints:  1,   369.464 MiB
slot slot_save_an: id  2 | task -1 | saving idle slot to prompt cache
srv   prompt_save:  - saving prompt with length 95, total state size = 81.644 MiB
srv         alloc:  - prompt is already in the cache, skipping
slot prompt_clear: id  2 | task -1 | clearing prompt with 95 tokens
srv        update:  - cache state: 1 prompts, 369.464 MiB (limits: 8192.000 MiB, 262144 tokens, 262144 est)
srv        update:    - prompt 0xaaab14d17630:     319 tokens, checkpoints:  1,   369.464 MiB
slot slot_save_an: id  3 | task -1 | saving idle slot to prompt cache
srv   prompt_save:  - saving prompt with length 95, total state size = 81.644 MiB
srv         alloc:  - prompt is already in the cache, skipping
slot prompt_clear: id  3 | task -1 | clearing prompt with 95 tokens
srv        update:  - cache state: 1 prompts, 369.464 MiB (limits: 8192.000 MiB, 262144 tokens, 262144 est)
srv        update:    - prompt 0xaaab14d17630:     319 tokens, checkpoints:  1,   369.464 MiB
slot get_availabl: id  3 | task -1 | selected slot by LRU, t_last = 312949169755
srv  get_availabl: updating prompt cache
srv          load:  - looking for better prompt, base f_keep = -1.000, sim = 0.000
srv          load:  - found better prompt with f_keep = 1.000, sim = 0.522
srv        update:  - cache state: 0 prompts, 0.000 MiB (limits: 8192.000 MiB, 262144 tokens, 8589934592 est)
srv  get_availabl: prompt cache update took 634.38 ms
slot launch_slot_: id  3 | task -1 | sampler chain: logits -> ?penalties -> ?dry -> ?top-n-sigma -> top-k -> ?typical -> top-p -> min-p -> ?xtc -> ?temp-ext -> dist 
slot launch_slot_: id  3 | task 103 | processing task, is_child = 0
slot get_availabl: id  2 | task -1 | selected slot by LRU, t_last = 312949169782
srv  get_availabl: updating prompt cache
srv          load:  - looking for better prompt, base f_keep = -1.000, sim = 0.000
srv        update:  - cache state: 0 prompts, 0.000 MiB (limits: 8192.000 MiB, 262144 tokens, 8589934592 est)
srv  get_availabl: prompt cache update took 0.00 ms
slot launch_slot_: id  2 | task -1 | sampler chain: logits -> ?penalties -> ?dry -> ?top-n-sigma -> top-k -> ?typical -> top-p -> min-p -> ?xtc -> ?temp-ext -> dist 
slot launch_slot_: id  2 | task 104 | processing task, is_child = 0
slot get_availabl: id  1 | task -1 | selected slot by LRU, t_last = 312949169818
srv  get_availabl: updating prompt cache
srv          load:  - looking for better prompt, base f_keep = -1.000, sim = 0.000
srv        update:  - cache state: 0 prompts, 0.000 MiB (limits: 8192.000 MiB, 262144 tokens, 8589934592 est)
srv  get_availabl: prompt cache update took 0.00 ms
slot launch_slot_: id  1 | task -1 | sampler chain: logits -> ?penalties -> ?dry -> ?top-n-sigma -> top-k -> ?typical -> top-p -> min-p -> ?xtc -> ?temp-ext -> dist 
slot launch_slot_: id  1 | task 105 | processing task, is_child = 0
slot update_slots: id  0 | task 99 | new prompt, n_ctx_slot = 262144, n_keep = 0, task.n_tokens = 611
slot update_slots: id  0 | task 99 | n_past = 319, slot.prompt.tokens.size() = 613, seq_id = 0, pos_min = 0, n_swa = 1024
slot update_slots: id  0 | task 99 | Checking checkpoint with [0, 121] against 0...
slot update_slots: id  0 | task 99 | restored context checkpoint (pos_min = 0, pos_max = 121, n_tokens = 122, n_past = 121, size = 95.315 MiB)
slot update_slots: id  0 | task 99 | n_tokens = 121, memory_seq_rm [121, end)
slot update_slots: id  0 | task 99 | prompt processing progress, n_tokens = 319, batch.n_tokens = 198, progress = 0.522095
slot update_slots: id  1 | task 105 | new prompt, n_ctx_slot = 262144, n_keep = 0, task.n_tokens = 611
slot update_slots: id  1 | task 105 | erased invalidated context checkpoint (pos_min = 0, pos_max = 121, n_tokens = 122, n_swa = 1024, pos_next = 0, size = 95.315 MiB)
slot update_slots: id  1 | task 105 | n_tokens = 0, memory_seq_rm [0, end)
slot update_slots: id  1 | task 105 | prompt processing progress, n_tokens = 95, batch.n_tokens = 293, progress = 0.155483
slot update_slots: id  2 | task 104 | new prompt, n_ctx_slot = 262144, n_keep = 0, task.n_tokens = 617
slot update_slots: id  2 | task 104 | n_tokens = 0, memory_seq_rm [0, end)
slot update_slots: id  2 | task 104 | prompt processing progress, n_tokens = 101, batch.n_tokens = 394, progress = 0.163695
slot update_slots: id  3 | task 103 | new prompt, n_ctx_slot = 262144, n_keep = 0, task.n_tokens = 611
slot update_slots: id  3 | task 103 | n_tokens = 319, memory_seq_rm [319, end)
srv  process_chun: processing image...
encoding image slice...
srv          stop: cancel task, id_task = 99
srv  log_server_r: done request: POST /v1/chat/completions 127.0.0.1 200
srv  params_from_: Chat format: peg-gemma4
srv          stop: cancel task, id_task = 103
srv  log_server_r: done request: POST /v1/chat/completions 127.0.0.1 200
srv  params_from_: Chat format: peg-gemma4
srv          stop: cancel task, id_task = 105
srv  log_server_r: done request: POST /v1/chat/completions 127.0.0.1 200
srv          stop: cancel task, id_task = 104
srv  log_server_r: done request: POST /v1/chat/completions 127.0.0.1 200
srv  params_from_: Chat format: peg-gemma4
srv  params_from_: Chat format: peg-gemma4
image slice encoded in 33892 ms
decoding image batch 1/1, n_tokens_batch = 266
sched_reserve: reserving ...
sched_reserve:      CUDA0 compute buffer size =   866.52 MiB
sched_reserve:  CUDA_Host compute buffer size =   542.02 MiB
sched_reserve: graph nodes  = 2462
sched_reserve: graph splits = 2
sched_reserve: reserve took 214.43 ms, sched copies = 1
image decoded (batch 1/1) in 913 ms
srv  process_chun: image processed in 34806 ms
slot update_slots: id  3 | task 103 | prompt processing progress, n_tokens = 607, batch.n_tokens = 416, progress = 0.993453
sched_reserve: reserving ...
sched_reserve:      CUDA0 compute buffer size =   866.52 MiB
sched_reserve:  CUDA_Host compute buffer size =   542.02 MiB
sched_reserve: graph nodes  = 2462
sched_reserve: graph splits = 2
sched_reserve: reserve took 96.00 ms, sched copies = 1
slot      release: id  2 | task 104 | stop processing: n_tokens = 101, truncated = 0
slot      release: id  1 | task 105 | stop processing: n_tokens = 95, truncated = 0
slot      release: id  3 | task 103 | stop processing: n_tokens = 607, truncated = 0
slot      release: id  0 | task 99 | stop processing: n_tokens = 319, truncated = 0
slot get_availabl: id  0 | task -1 | selected slot by LCP similarity, sim_best = 0.522 (> 0.100 thold), f_keep = 1.000
slot launch_slot_: id  0 | task -1 | sampler chain: logits -> ?penalties -> ?dry -> ?top-n-sigma -> top-k -> ?typical -> top-p -> min-p -> ?xtc -> ?temp-ext -> dist 
slot launch_slot_: id  0 | task 108 | processing task, is_child = 0
slot slot_save_an: id  1 | task -1 | saving idle slot to prompt cache
srv   prompt_save:  - saving prompt with length 95, total state size = 81.644 MiB
srv  params_from_: Chat format: peg-gemma4
srv          stop: cancel task, id_task = 108
srv  log_server_r: done request: POST /v1/chat/completions 127.0.0.1 200
slot prompt_clear: id  1 | task -1 | clearing prompt with 95 tokens
srv        update:  - cache state: 1 prompts, 81.644 MiB (limits: 8192.000 MiB, 262144 tokens, 262144 est)
srv        update:    - prompt 0xaaab14526980:      95 tokens, checkpoints:  0,    81.644 MiB
slot slot_save_an: id  2 | task -1 | saving idle slot to prompt cache
srv   prompt_save:  - saving prompt with length 101, total state size = 86.801 MiB
srv         alloc:  - removing obsolete cached prompt with length 95
slot prompt_clear: id  2 | task -1 | clearing prompt with 101 tokens
srv        update:  - cache state: 1 prompts, 86.801 MiB (limits: 8192.000 MiB, 262144 tokens, 262144 est)
srv        update:    - prompt 0xaaab14526980:     101 tokens, checkpoints:  0,    86.801 MiB
slot slot_save_an: id  3 | task -1 | saving idle slot to prompt cache
srv   prompt_save:  - saving prompt with length 607, total state size = 521.656 MiB
srv         alloc:  - removing obsolete cached prompt with length 101
slot prompt_clear: id  3 | task -1 | clearing prompt with 607 tokens
srv        update:  - cache state: 1 prompts, 616.971 MiB (limits: 8192.000 MiB, 262144 tokens, 262144 est)
srv        update:    - prompt 0xaaab14526980:     607 tokens, checkpoints:  1,   616.971 MiB
slot      release: id  0 | task 108 | stop processing: n_tokens = 319, truncated = 0
slot get_availabl: id  0 | task -1 | selected slot by LCP similarity, sim_best = 0.522 (> 0.100 thold), f_keep = 1.000
slot launch_slot_: id  0 | task -1 | sampler chain: logits -> ?penalties -> ?dry -> ?top-n-sigma -> top-k -> ?typical -> top-p -> min-p -> ?xtc -> ?temp-ext -> dist 
slot launch_slot_: id  0 | task 110 | processing task, is_child = 0
slot get_availabl: id  2 | task -1 | selected slot by LRU, t_last = 312987468033
srv  get_availabl: updating prompt cache
srv          load:  - looking for better prompt, base f_keep = -1.000, sim = 0.000
srv          load:  - found better prompt with f_keep = 0.526, sim = 0.517
srv        update:  - cache state: 0 prompts, 0.000 MiB (limits: 8192.000 MiB, 262144 tokens, 8589934592 est)
srv  get_availabl: prompt cache update took 1223.06 ms
slot launch_slot_: id  2 | task -1 | sampler chain: logits -> ?penalties -> ?dry -> ?top-n-sigma -> top-k -> ?typical -> top-p -> min-p -> ?xtc -> ?temp-ext -> dist 
slot launch_slot_: id  2 | task 113 | processing task, is_child = 0
slot get_availabl: id  1 | task -1 | selected slot by LRU, t_last = 312987468128
srv  get_availabl: updating prompt cache
srv          load:  - looking for better prompt, base f_keep = -1.000, sim = 0.000
srv        update:  - cache state: 0 prompts, 0.000 MiB (limits: 8192.000 MiB, 262144 tokens, 8589934592 est)
srv  get_availabl: prompt cache update took 0.00 ms
slot launch_slot_: id  1 | task -1 | sampler chain: logits -> ?penalties -> ?dry -> ?top-n-sigma -> top-k -> ?typical -> top-p -> min-p -> ?xtc -> ?temp-ext -> dist 
slot launch_slot_: id  1 | task 114 | processing task, is_child = 0
slot get_availabl: id  3 | task -1 | selected slot by LRU, t_last = 312987468194
srv  get_availabl: updating prompt cache
srv          load:  - looking for better prompt, base f_keep = -1.000, sim = 0.000
srv        update:  - cache state: 0 prompts, 0.000 MiB (limits: 8192.000 MiB, 262144 tokens, 8589934592 est)
srv  get_availabl: prompt cache update took 0.00 ms
slot launch_slot_: id  3 | task -1 | sampler chain: logits -> ?penalties -> ?dry -> ?top-n-sigma -> top-k -> ?typical -> top-p -> min-p -> ?xtc -> ?temp-ext -> dist 
slot launch_slot_: id  3 | task 115 | processing task, is_child = 0
slot update_slots: id  0 | task 110 | new prompt, n_ctx_slot = 262144, n_keep = 0, task.n_tokens = 611
slot update_slots: id  0 | task 110 | n_tokens = 319, memory_seq_rm [319, end)
srv  process_chun: processing image...
encoding image slice...
srv          stop: cancel task, id_task = 110
srv  log_server_r: done request: POST /v1/chat/completions 127.0.0.1 200
srv          stop: cancel task, id_task = 113
srv  log_server_r: done request: POST /v1/chat/completions 127.0.0.1 200
srv          stop: cancel task, id_task = 114
srv  log_server_r: done request: POST /v1/chat/completions 127.0.0.1 200
srv  params_from_: Chat format: peg-gemma4
srv  params_from_: Chat format: peg-gemma4
srv  params_from_: Chat format: peg-gemma4
srv          stop: cancel task, id_task = 115
srv  log_server_r: done request: POST /v1/chat/completions 127.0.0.1 200
srv  params_from_: Chat format: peg-gemma4
image slice encoded in 33761 ms
decoding image batch 1/1, n_tokens_batch = 266
sched_reserve: reserving ...
sched_reserve:      CUDA0 compute buffer size =   866.52 MiB
sched_reserve:  CUDA_Host compute buffer size =   542.02 MiB
sched_reserve: graph nodes  = 2462
sched_reserve: graph splits = 2
sched_reserve: reserve took 212.44 ms, sched copies = 1
image decoded (batch 1/1) in 903 ms
srv  process_chun: image processed in 34664 ms
slot update_slots: id  0 | task 110 | prompt processing progress, n_tokens = 607, batch.n_tokens = 22, progress = 0.993453
slot update_slots: id  1 | task 114 | new prompt, n_ctx_slot = 262144, n_keep = 0, task.n_tokens = 611
slot update_slots: id  1 | task 114 | n_tokens = 0, memory_seq_rm [0, end)
slot update_slots: id  1 | task 114 | prompt processing progress, n_tokens = 95, batch.n_tokens = 117, progress = 0.155483
slot update_slots: id  2 | task 113 | new prompt, n_ctx_slot = 262144, n_keep = 0, task.n_tokens = 617
slot update_slots: id  2 | task 113 | n_past = 319, slot.prompt.tokens.size() = 607, seq_id = 2, pos_min = 0, n_swa = 1024
slot update_slots: id  2 | task 113 | Checking checkpoint with [0, 121] against 0...
slot update_slots: id  2 | task 113 | restored context checkpoint (pos_min = 0, pos_max = 121, n_tokens = 122, n_past = 121, size = 95.315 MiB)
slot update_slots: id  2 | task 113 | n_tokens = 121, memory_seq_rm [121, end)
slot update_slots: id  2 | task 113 | prompt processing progress, n_tokens = 319, batch.n_tokens = 315, progress = 0.517018
slot update_slots: id  3 | task 115 | new prompt, n_ctx_slot = 262144, n_keep = 0, task.n_tokens = 611
slot update_slots: id  3 | task 115 | erased invalidated context checkpoint (pos_min = 0, pos_max = 121, n_tokens = 122, n_swa = 1024, pos_next = 0, size = 95.315 MiB)
slot update_slots: id  3 | task 115 | n_tokens = 0, memory_seq_rm [0, end)
slot update_slots: id  3 | task 115 | prompt processing progress, n_tokens = 95, batch.n_tokens = 410, progress = 0.155483
sched_reserve: reserving ...
sched_reserve:      CUDA0 compute buffer size =   866.52 MiB
sched_reserve:  CUDA_Host compute buffer size =   542.02 MiB
sched_reserve: graph nodes  = 2462
sched_reserve: graph splits = 2
sched_reserve: reserve took 115.70 ms, sched copies = 1
slot      release: id  3 | task 115 | stop processing: n_tokens = 95, truncated = 0
slot      release: id  1 | task 114 | stop processing: n_tokens = 95, truncated = 0
slot      release: id  2 | task 113 | stop processing: n_tokens = 319, truncated = 0
slot      release: id  0 | task 110 | stop processing: n_tokens = 607, truncated = 0
slot get_availabl: id  0 | task -1 | selected slot by LCP similarity, sim_best = 0.993 (> 0.100 thold), f_keep = 1.000
slot launch_slot_: id  0 | task -1 | sampler chain: logits -> ?penalties -> ?dry -> ?top-n-sigma -> top-k -> ?typical -> top-p -> min-p -> ?xtc -> ?temp-ext -> dist 
slot launch_slot_: id  0 | task 121 | processing task, is_child = 0
slot slot_save_an: id  1 | task -1 | saving idle slot to prompt cache
srv   prompt_save:  - saving prompt with length 95, total state size = 81.644 MiB
slot prompt_clear: id  1 | task -1 | clearing prompt with 95 tokens
srv        update:  - cache state: 1 prompts, 81.644 MiB (limits: 8192.000 MiB, 262144 tokens, 262144 est)
srv        update:    - prompt 0xaaab14527620:      95 tokens, checkpoints:  0,    81.644 MiB
slot slot_save_an: id  2 | task -1 | saving idle slot to prompt cache
srv   prompt_save:  - saving prompt with length 319, total state size = 274.149 MiB
srv         alloc:  - removing obsolete cached prompt with length 95
slot prompt_clear: id  2 | task -1 | clearing prompt with 319 tokens
srv        update:  - cache state: 1 prompts, 369.464 MiB (limits: 8192.000 MiB, 262144 tokens, 262144 est)
srv        update:    - prompt 0xaaab14527620:     319 tokens, checkpoints:  1,   369.464 MiB
slot slot_save_an: id  3 | task -1 | saving idle slot to prompt cache
srv   prompt_save:  - saving prompt with length 95, total state size = 81.644 MiB
srv         alloc:  - prompt is already in the cache, skipping
slot prompt_clear: id  3 | task -1 | clearing prompt with 95 tokens
srv        update:  - cache state: 1 prompts, 369.464 MiB (limits: 8192.000 MiB, 262144 tokens, 262144 est)
srv        update:    - prompt 0xaaab14527620:     319 tokens, checkpoints:  1,   369.464 MiB
slot get_availabl: id  3 | task -1 | selected slot by LRU, t_last = 313026640904
srv  get_availabl: updating prompt cache
srv          load:  - looking for better prompt, base f_keep = -1.000, sim = 0.000
srv          load:  - found better prompt with f_keep = 1.000, sim = 0.522
srv        update:  - cache state: 0 prompts, 0.000 MiB (limits: 8192.000 MiB, 262144 tokens, 8589934592 est)
srv  get_availabl: prompt cache update took 633.10 ms
slot launch_slot_: id  3 | task -1 | sampler chain: logits -> ?penalties -> ?dry -> ?top-n-sigma -> top-k -> ?typical -> top-p -> min-p -> ?xtc -> ?temp-ext -> dist 
slot launch_slot_: id  3 | task 122 | processing task, is_child = 0
slot get_availabl: id  1 | task -1 | selected slot by LRU, t_last = 313026640930
srv  get_availabl: updating prompt cache
srv          load:  - looking for better prompt, base f_keep = -1.000, sim = 0.000
srv        update:  - cache state: 0 prompts, 0.000 MiB (limits: 8192.000 MiB, 262144 tokens, 8589934592 est)
srv  get_availabl: prompt cache update took 0.00 ms
slot launch_slot_: id  1 | task -1 | sampler chain: logits -> ?penalties -> ?dry -> ?top-n-sigma -> top-k -> ?typical -> top-p -> min-p -> ?xtc -> ?temp-ext -> dist 
slot launch_slot_: id  1 | task 123 | processing task, is_child = 0
slot get_availabl: id  2 | task -1 | selected slot by LRU, t_last = 313026640944
srv  get_availabl: updating prompt cache
srv          load:  - looking for better prompt, base f_keep = -1.000, sim = 0.000
srv        update:  - cache state: 0 prompts, 0.000 MiB (limits: 8192.000 MiB, 262144 tokens, 8589934592 est)
srv  get_availabl: prompt cache update took 0.00 ms
slot launch_slot_: id  2 | task -1 | sampler chain: logits -> ?penalties -> ?dry -> ?top-n-sigma -> top-k -> ?typical -> top-p -> min-p -> ?xtc -> ?temp-ext -> dist 
slot launch_slot_: id  2 | task 125 | processing task, is_child = 0
slot update_slots: id  0 | task 121 | new prompt, n_ctx_slot = 262144, n_keep = 0, task.n_tokens = 611
slot update_slots: id  0 | task 121 | n_tokens = 607, memory_seq_rm [607, end)
slot init_sampler: id  0 | task 121 | init sampler, took 0.07 ms, tokens: text = 345, total = 611
slot update_slots: id  0 | task 121 | prompt processing done, n_tokens = 611, batch.n_tokens = 4
slot create_check: id  0 | task 121 | created context checkpoint 2 of 32 (pos_min = 0, pos_max = 606, n_tokens = 607, size = 474.227 MiB)
slot update_slots: id  1 | task 123 | new prompt, n_ctx_slot = 262144, n_keep = 0, task.n_tokens = 617
slot update_slots: id  1 | task 123 | n_tokens = 0, memory_seq_rm [0, end)
slot update_slots: id  1 | task 123 | prompt processing progress, n_tokens = 101, batch.n_tokens = 105, progress = 0.163695
slot update_slots: id  2 | task 125 | new prompt, n_ctx_slot = 262144, n_keep = 0, task.n_tokens = 611
slot update_slots: id  2 | task 125 | erased invalidated context checkpoint (pos_min = 0, pos_max = 121, n_tokens = 122, n_swa = 1024, pos_next = 0, size = 95.315 MiB)
slot update_slots: id  2 | task 125 | n_tokens = 0, memory_seq_rm [0, end)
slot update_slots: id  2 | task 125 | prompt processing progress, n_tokens = 95, batch.n_tokens = 200, progress = 0.155483
slot update_slots: id  3 | task 122 | new prompt, n_ctx_slot = 262144, n_keep = 0, task.n_tokens = 611
slot update_slots: id  3 | task 122 | n_tokens = 319, memory_seq_rm [319, end)
srv  process_chun: processing image...
encoding image slice...
srv          stop: cancel task, id_task = 121
srv  log_server_r: done request: POST /v1/chat/completions 127.0.0.1 200
srv          stop: cancel task, id_task = 122
srv  log_server_r: done request: POST /v1/chat/completions 127.0.0.1 200
srv          stop: cancel task, id_task = 123
srv  log_server_r: done request: POST /v1/chat/completions 127.0.0.1 200
srv  params_from_: Chat format: peg-gemma4
srv  params_from_: Chat format: peg-gemma4
srv  params_from_: Chat format: peg-gemma4
srv          stop: cancel task, id_task = 125
srv  log_server_r: done request: POST /v1/chat/completions 127.0.0.1 200
srv  params_from_: Chat format: peg-gemma4
image slice encoded in 33510 ms
decoding image batch 1/1, n_tokens_batch = 266
sched_reserve: reserving ...
sched_reserve:      CUDA0 compute buffer size =   866.52 MiB
sched_reserve:  CUDA_Host compute buffer size =   542.02 MiB
sched_reserve: graph nodes  = 2462
sched_reserve: graph splits = 2
sched_reserve: reserve took 201.69 ms, sched copies = 1
image decoded (batch 1/1) in 892 ms
srv  process_chun: image processed in 34402 ms
slot update_slots: id  3 | task 122 | prompt processing progress, n_tokens = 607, batch.n_tokens = 222, progress = 0.993453
sched_reserve: reserving ...
sched_reserve:      CUDA0 compute buffer size =   866.52 MiB
sched_reserve:  CUDA_Host compute buffer size =   542.02 MiB
sched_reserve: graph nodes  = 2462
sched_reserve: graph splits = 2
sched_reserve: reserve took 95.34 ms, sched copies = 1
slot      release: id  2 | task 125 | stop processing: n_tokens = 95, truncated = 0
slot      release: id  1 | task 123 | stop processing: n_tokens = 101, truncated = 0
slot      release: id  3 | task 122 | stop processing: n_tokens = 607, truncated = 0
slot      release: id  0 | task 121 | stop processing: n_tokens = 611, truncated = 0
slot get_availabl: id  0 | task -1 | selected slot by LCP similarity, sim_best = 1.000 (> 0.100 thold), f_keep = 1.000
slot launch_slot_: id  0 | task -1 | sampler chain: logits -> ?penalties -> ?dry -> ?top-n-sigma -> top-k -> ?typical -> top-p -> min-p -> ?xtc -> ?temp-ext -> dist 
slot launch_slot_: id  0 | task 130 | processing task, is_child = 0
slot slot_save_an: id  1 | task -1 | saving idle slot to prompt cache
srv   prompt_save:  - saving prompt with length 101, total state size = 86.801 MiB
slot prompt_clear: id  1 | task -1 | clearing prompt with 101 tokens
srv        update:  - cache state: 1 prompts, 86.801 MiB (limits: 8192.000 MiB, 262144 tokens, 262144 est)
srv        update:    - prompt 0xaaab14528e10:     101 tokens, checkpoints:  0,    86.801 MiB
slot slot_save_an: id  2 | task -1 | saving idle slot to prompt cache
srv   prompt_save:  - saving prompt with length 95, total state size = 81.644 MiB
srv         alloc:  - prompt is already in the cache, skipping
slot prompt_clear: id  2 | task -1 | clearing prompt with 95 tokens
srv        update:  - cache state: 1 prompts, 86.801 MiB (limits: 8192.000 MiB, 262144 tokens, 262144 est)
srv        update:    - prompt 0xaaab14528e10:     101 tokens, checkpoints:  0,    86.801 MiB
slot slot_save_an: id  3 | task -1 | saving idle slot to prompt cache
srv   prompt_save:  - saving prompt with length 607, total state size = 521.656 MiB
srv         alloc:  - removing obsolete cached prompt with length 101
slot prompt_clear: id  3 | task -1 | clearing prompt with 607 tokens
srv        update:  - cache state: 1 prompts, 616.971 MiB (limits: 8192.000 MiB, 262144 tokens, 262144 est)
srv        update:    - prompt 0xaaab14528e10:     607 tokens, checkpoints:  1,   616.971 MiB
slot get_availabl: id  2 | task -1 | selected slot by LRU, t_last = 313064858955
srv  get_availabl: updating prompt cache
srv          load:  - looking for better prompt, base f_keep = -1.000, sim = 0.000
srv          load:  - found better prompt with f_keep = 1.000, sim = 0.993
srv        update:  - cache state: 0 prompts, 0.000 MiB (limits: 8192.000 MiB, 262144 tokens, 8589934592 est)
srv  get_availabl: prompt cache update took 1247.29 ms
slot launch_slot_: id  2 | task -1 | sampler chain: logits -> ?penalties -> ?dry -> ?top-n-sigma -> top-k -> ?typical -> top-p -> min-p -> ?xtc -> ?temp-ext -> dist 
slot launch_slot_: id  2 | task 131 | processing task, is_child = 0
slot get_availabl: id  1 | task -1 | selected slot by LRU, t_last = 313064860380
srv  get_availabl: updating prompt cache
srv          load:  - looking for better prompt, base f_keep = -1.000, sim = 0.000
srv        update:  - cache state: 0 prompts, 0.000 MiB (limits: 8192.000 MiB, 262144 tokens, 8589934592 est)
srv  get_availabl: prompt cache update took 0.00 ms
slot launch_slot_: id  1 | task -1 | sampler chain: logits -> ?penalties -> ?dry -> ?top-n-sigma -> top-k -> ?typical -> top-p -> min-p -> ?xtc -> ?temp-ext -> dist 
slot launch_slot_: id  1 | task 132 | processing task, is_child = 0
slot get_availabl: id  3 | task -1 | selected slot by LRU, t_last = 313064860413
srv  get_availabl: updating prompt cache
srv          load:  - looking for better prompt, base f_keep = -1.000, sim = 0.000
srv        update:  - cache state: 0 prompts, 0.000 MiB (limits: 8192.000 MiB, 262144 tokens, 8589934592 est)
srv  get_availabl: prompt cache update took 0.00 ms
slot launch_slot_: id  3 | task -1 | sampler chain: logits -> ?penalties -> ?dry -> ?top-n-sigma -> top-k -> ?typical -> top-p -> min-p -> ?xtc -> ?temp-ext -> dist 
slot launch_slot_: id  3 | task 134 | processing task, is_child = 0
slot update_slots: id  0 | task 130 | new prompt, n_ctx_slot = 262144, n_keep = 0, task.n_tokens = 611
slot update_slots: id  0 | task 130 | need to evaluate at least 1 token for each active slot (n_past = 611, task.n_tokens() = 611)
slot update_slots: id  0 | task 130 | n_past was set to 610
slot update_slots: id  0 | task 130 | n_tokens = 610, memory_seq_rm [610, end)
slot init_sampler: id  0 | task 130 | init sampler, took 0.07 ms, tokens: text = 345, total = 611
slot update_slots: id  0 | task 130 | prompt processing done, n_tokens = 611, batch.n_tokens = 1
slot update_slots: id  1 | task 132 | new prompt, n_ctx_slot = 262144, n_keep = 0, task.n_tokens = 617
slot update_slots: id  1 | task 132 | n_tokens = 0, memory_seq_rm [0, end)
slot update_slots: id  1 | task 132 | prompt processing progress, n_tokens = 101, batch.n_tokens = 102, progress = 0.163695
slot update_slots: id  2 | task 131 | new prompt, n_ctx_slot = 262144, n_keep = 0, task.n_tokens = 611
slot update_slots: id  2 | task 131 | n_tokens = 607, memory_seq_rm [607, end)
slot init_sampler: id  2 | task 131 | init sampler, took 0.07 ms, tokens: text = 345, total = 611
slot update_slots: id  2 | task 131 | prompt processing done, n_tokens = 611, batch.n_tokens = 106
srv  params_from_: Chat format: peg-gemma4
srv          stop: cancel task, id_task = 130
srv  log_server_r: done request: POST /v1/chat/completions 127.0.0.1 200
slot create_check: id  2 | task 131 | created context checkpoint 2 of 32 (pos_min = 0, pos_max = 606, n_tokens = 607, size = 474.227 MiB)
slot update_slots: id  3 | task 134 | new prompt, n_ctx_slot = 262144, n_keep = 0, task.n_tokens = 611
slot update_slots: id  3 | task 134 | erased invalidated context checkpoint (pos_min = 0, pos_max = 121, n_tokens = 122, n_swa = 1024, pos_next = 0, size = 95.315 MiB)
slot update_slots: id  3 | task 134 | n_tokens = 0, memory_seq_rm [0, end)
slot update_slots: id  3 | task 134 | prompt processing progress, n_tokens = 95, batch.n_tokens = 201, progress = 0.155483
srv          stop: cancel task, id_task = 131
srv  log_server_r: done request: POST /v1/chat/completions 127.0.0.1 200
srv  params_from_: Chat format: peg-gemma4
srv  params_from_: Chat format: peg-gemma4
srv          stop: cancel task, id_task = 132
srv  log_server_r: done request: POST /v1/chat/completions 127.0.0.1 200
slot      release: id  1 | task 132 | stop processing: n_tokens = 101, truncated = 0
slot      release: id  2 | task 131 | stop processing: n_tokens = 611, truncated = 0
slot      release: id  0 | task 130 | stop processing: n_tokens = 611, truncated = 0
slot get_availabl: id  0 | task -1 | selected slot by LCP similarity, sim_best = 0.517 (> 0.100 thold), f_keep = 0.522
slot launch_slot_: id  0 | task -1 | sampler chain: logits -> ?penalties -> ?dry -> ?top-n-sigma -> top-k -> ?typical -> top-p -> min-p -> ?xtc -> ?temp-ext -> dist 
slot launch_slot_: id  0 | task 136 | processing task, is_child = 0
slot slot_save_an: id  1 | task -1 | saving idle slot to prompt cache
srv   prompt_save:  - saving prompt with length 101, total state size = 86.801 MiB
slot prompt_clear: id  1 | task -1 | clearing prompt with 101 tokens
srv        update:  - cache state: 1 prompts, 86.801 MiB (limits: 8192.000 MiB, 262144 tokens, 262144 est)
srv        update:    - prompt 0xaaab14528e10:     101 tokens, checkpoints:  0,    86.801 MiB
slot slot_save_an: id  2 | task -1 | saving idle slot to prompt cache
srv   prompt_save:  - saving prompt with length 611, total state size = 525.094 MiB
srv         alloc:  - removing obsolete cached prompt with length 101
slot prompt_clear: id  2 | task -1 | clearing prompt with 611 tokens
srv        update:  - cache state: 1 prompts, 1094.635 MiB (limits: 8192.000 MiB, 262144 tokens, 262144 est)
srv        update:    - prompt 0xaaab14528e10:     611 tokens, checkpoints:  2,  1094.635 MiB
slot get_availabl: id  1 | task -1 | selected slot by LRU, t_last = 313067766770
srv  get_availabl: updating prompt cache
srv          load:  - looking for better prompt, base f_keep = -1.000, sim = 0.000
srv          load:  - found better prompt with f_keep = 0.522, sim = 0.522
srv        update:  - cache state: 0 prompts, 0.000 MiB (limits: 8192.000 MiB, 262144 tokens, 8589934592 est)
srv  get_availabl: prompt cache update took 1229.69 ms
slot launch_slot_: id  1 | task -1 | sampler chain: logits -> ?penalties -> ?dry -> ?top-n-sigma -> top-k -> ?typical -> top-p -> min-p -> ?xtc -> ?temp-ext -> dist 
slot launch_slot_: id  1 | task 139 | processing task, is_child = 0
slot get_availabl: id  2 | task -1 | selected slot by LRU, t_last = 313067766799
srv  get_availabl: updating prompt cache
srv          load:  - looking for better prompt, base f_keep = -1.000, sim = 0.000
srv        update:  - cache state: 0 prompts, 0.000 MiB (limits: 8192.000 MiB, 262144 tokens, 8589934592 est)
srv  get_availabl: prompt cache update took 0.00 ms
slot launch_slot_: id  2 | task -1 | sampler chain: logits -> ?penalties -> ?dry -> ?top-n-sigma -> top-k -> ?typical -> top-p -> min-p -> ?xtc -> ?temp-ext -> dist 
slot launch_slot_: id  2 | task 140 | processing task, is_child = 0
slot update_slots: id  0 | task 136 | new prompt, n_ctx_slot = 262144, n_keep = 0, task.n_tokens = 617
slot update_slots: id  0 | task 136 | n_past = 319, slot.prompt.tokens.size() = 611, seq_id = 0, pos_min = 0, n_swa = 1024
slot update_slots: id  0 | task 136 | Checking checkpoint with [0, 606] against 0...
slot update_slots: id  0 | task 136 | restored context checkpoint (pos_min = 0, pos_max = 606, n_tokens = 607, n_past = 319, size = 474.227 MiB)
slot update_slots: id  0 | task 136 | erased invalidated context checkpoint (pos_min = 0, pos_max = 606, n_tokens = 607, n_swa = 1024, pos_next = 319, size = 474.227 MiB)
slot update_slots: id  0 | task 136 | n_tokens = 319, memory_seq_rm [319, end)
srv  process_chun: processing image...
encoding image slice...
srv          stop: cancel task, id_task = 134
srv  log_server_r: done request: POST /v1/chat/completions 127.0.0.1 200
srv  params_from_: Chat format: peg-gemma4
srv          stop: cancel task, id_task = 136
srv  log_server_r: done request: POST /v1/chat/completions 127.0.0.1 200
srv          stop: cancel task, id_task = 139
srv  log_server_r: done request: POST /v1/chat/completions 127.0.0.1 200
srv          stop: cancel task, id_task = 140
srv  log_server_r: done request: POST /v1/chat/completions 127.0.0.1 200
srv  params_from_: Chat format: peg-gemma4
srv  params_from_: Chat format: peg-gemma4
srv  params_from_: Chat format: peg-gemma4
image slice encoded in 36324 ms
decoding image batch 1/1, n_tokens_batch = 266
sched_reserve: reserving ...
sched_reserve:      CUDA0 compute buffer size =   866.52 MiB
sched_reserve:  CUDA_Host compute buffer size =   542.02 MiB
sched_reserve: graph nodes  = 2462
sched_reserve: graph splits = 2
sched_reserve: reserve took 283.46 ms, sched copies = 1
image decoded (batch 1/1) in 986 ms
srv  process_chun: image processed in 37310 ms
slot update_slots: id  0 | task 136 | prompt processing progress, n_tokens = 613, batch.n_tokens = 28, progress = 0.993517
slot update_slots: id  1 | task 139 | new prompt, n_ctx_slot = 262144, n_keep = 0, task.n_tokens = 611
slot update_slots: id  1 | task 139 | n_past = 319, slot.prompt.tokens.size() = 611, seq_id = 1, pos_min = 0, n_swa = 1024
slot update_slots: id  1 | task 139 | Checking checkpoint with [0, 606] against 0...
srv          stop: cancel task, id_task = 144
srv  log_server_r: done request: POST /v1/chat/completions 127.0.0.1 200
slot update_slots: id  1 | task 139 | restored context checkpoint (pos_min = 0, pos_max = 606, n_tokens = 607, n_past = 319, size = 474.227 MiB)
slot update_slots: id  1 | task 139 | erased invalidated context checkpoint (pos_min = 0, pos_max = 606, n_tokens = 607, n_swa = 1024, pos_next = 319, size = 474.227 MiB)
slot update_slots: id  1 | task 139 | n_tokens = 319, memory_seq_rm [319, end)
srv  process_chun: processing image...
encoding image slice...
srv  params_from_: Chat format: peg-gemma4
srv          stop: cancel task, id_task = 148
srv  log_server_r: done request: POST /v1/chat/completions 127.0.0.1 200
srv          stop: cancel task, id_task = 149
srv  log_server_r: done request: POST /v1/chat/completions 127.0.0.1 200
srv          stop: cancel task, id_task = 150
srv  log_server_r: done request: POST /v1/chat/completions 127.0.0.1 200
srv  params_from_: Chat format: peg-gemma4
srv  params_from_: Chat format: peg-gemma4
srv  params_from_: Chat format: peg-gemma4
srv          stop: cancel task, id_task = 152
srv  log_server_r: done request: POST /v1/chat/completions 127.0.0.1 200
srv  params_from_: Chat format: peg-gemma4
image slice encoded in 33941 ms
decoding image batch 1/1, n_tokens_batch = 266
sched_reserve: reserving ...
sched_reserve:      CUDA0 compute buffer size =   866.52 MiB
sched_reserve:  CUDA_Host compute buffer size =   542.02 MiB
sched_reserve: graph nodes  = 2462
sched_reserve: graph splits = 2
sched_reserve: reserve took 203.22 ms, sched copies = 1
image decoded (batch 1/1) in 912 ms
srv  process_chun: image processed in 34853 ms
slot update_slots: id  1 | task 139 | prompt processing progress, n_tokens = 607, batch.n_tokens = 50, progress = 0.993453
slot update_slots: id  2 | task 140 | new prompt, n_ctx_slot = 262144, n_keep = 0, task.n_tokens = 638
slot update_slots: id  2 | task 140 | erased invalidated context checkpoint (pos_min = 0, pos_max = 121, n_tokens = 122, n_swa = 1024, pos_next = 0, size = 95.315 MiB)
slot update_slots: id  2 | task 140 | erased invalidated context checkpoint (pos_min = 0, pos_max = 606, n_tokens = 607, n_swa = 1024, pos_next = 0, size = 474.227 MiB)
slot update_slots: id  2 | task 140 | n_tokens = 0, memory_seq_rm [0, end)
slot update_slots: id  2 | task 140 | prompt processing progress, n_tokens = 122, batch.n_tokens = 172, progress = 0.191223
slot update_slots: id  3 | task 134 | n_tokens = 95, memory_seq_rm [95, end)
slot update_slots: id  3 | task 134 | prompt processing progress, n_tokens = 319, batch.n_tokens = 396, progress = 0.522095
slot create_check: id  3 | task 134 | created context checkpoint 1 of 32 (pos_min = 0, pos_max = 94, n_tokens = 95, size = 74.221 MiB)
sched_reserve: reserving ...
sched_reserve:      CUDA0 compute buffer size =   866.52 MiB
sched_reserve:  CUDA_Host compute buffer size =   542.02 MiB
sched_reserve: graph nodes  = 2462
sched_reserve: graph splits = 2
sched_reserve: reserve took 113.47 ms, sched copies = 1
slot      release: id  2 | task 140 | stop processing: n_tokens = 122, truncated = 0
slot      release: id  1 | task 139 | stop processing: n_tokens = 607, truncated = 0
slot      release: id  0 | task 136 | stop processing: n_tokens = 613, truncated = 0
slot      release: id  3 | task 134 | stop processing: n_tokens = 319, truncated = 0
slot get_availabl: id  0 | task -1 | selected slot by LCP similarity, sim_best = 0.994 (> 0.100 thold), f_keep = 1.000
slot launch_slot_: id  0 | task -1 | sampler chain: logits -> ?penalties -> ?dry -> ?top-n-sigma -> top-k -> ?typical -> top-p -> min-p -> ?xtc -> ?temp-ext -> dist 
slot launch_slot_: id  0 | task 156 | processing task, is_child = 0
slot slot_save_an: id  1 | task -1 | saving idle slot to prompt cache
srv   prompt_save:  - saving prompt with length 607, total state size = 521.656 MiB
slot prompt_clear: id  1 | task -1 | clearing prompt with 607 tokens
srv        update:  - cache state: 1 prompts, 616.971 MiB (limits: 8192.000 MiB, 262144 tokens, 262144 est)
srv        update:    - prompt 0xaaab1627ce70:     607 tokens, checkpoints:  1,   616.971 MiB
slot slot_save_an: id  2 | task -1 | saving idle slot to prompt cache
srv   prompt_save:  - saving prompt with length 122, total state size = 104.848 MiB
srv         alloc:  - prompt is already in the cache, skipping
slot prompt_clear: id  2 | task -1 | clearing prompt with 122 tokens
srv        update:  - cache state: 1 prompts, 616.971 MiB (limits: 8192.000 MiB, 262144 tokens, 262144 est)
srv        update:    - prompt 0xaaab1627ce70:     607 tokens, checkpoints:  1,   616.971 MiB
slot slot_save_an: id  3 | task -1 | saving idle slot to prompt cache
srv   prompt_save:  - saving prompt with length 319, total state size = 274.149 MiB
srv         alloc:  - prompt is already in the cache, skipping
slot prompt_clear: id  3 | task -1 | clearing prompt with 319 tokens
srv        update:  - cache state: 1 prompts, 616.971 MiB (limits: 8192.000 MiB, 262144 tokens, 262144 est)
srv        update:    - prompt 0xaaab1627ce70:     607 tokens, checkpoints:  1,   616.971 MiB
slot get_availabl: id  2 | task -1 | selected slot by LRU, t_last = 313146278483
srv  get_availabl: updating prompt cache
srv          load:  - looking for better prompt, base f_keep = -1.000, sim = 0.000
srv          load:  - found better prompt with f_keep = 0.965, sim = 0.918
srv        update:  - cache state: 0 prompts, 0.000 MiB (limits: 8192.000 MiB, 262144 tokens, 8589934592 est)
srv  get_availabl: prompt cache update took 1200.86 ms
slot launch_slot_: id  2 | task -1 | sampler chain: logits -> ?penalties -> ?dry -> ?top-n-sigma -> top-k -> ?typical -> top-p -> min-p -> ?xtc -> ?temp-ext -> dist 
slot launch_slot_: id  2 | task 157 | processing task, is_child = 0
slot get_availabl: id  1 | task -1 | selected slot by LRU, t_last = 313146278507
srv  get_availabl: updating prompt cache
srv          load:  - looking for better prompt, base f_keep = -1.000, sim = 0.000
srv        update:  - cache state: 0 prompts, 0.000 MiB (limits: 8192.000 MiB, 262144 tokens, 8589934592 est)
srv  get_availabl: prompt cache update took 0.00 ms
slot launch_slot_: id  1 | task -1 | sampler chain: logits -> ?penalties -> ?dry -> ?top-n-sigma -> top-k -> ?typical -> top-p -> min-p -> ?xtc -> ?temp-ext -> dist 
slot launch_slot_: id  1 | task 158 | processing task, is_child = 0
slot get_availabl: id  3 | task -1 | selected slot by LRU, t_last = 313146278540
srv  get_availabl: updating prompt cache
srv          load:  - looking for better prompt, base f_keep = -1.000, sim = 0.000
srv        update:  - cache state: 0 prompts, 0.000 MiB (limits: 8192.000 MiB, 262144 tokens, 8589934592 est)
srv  get_availabl: prompt cache update took 0.00 ms
slot launch_slot_: id  3 | task -1 | sampler chain: logits -> ?penalties -> ?dry -> ?top-n-sigma -> top-k -> ?typical -> top-p -> min-p -> ?xtc -> ?temp-ext -> dist 
slot launch_slot_: id  3 | task 160 | processing task, is_child = 0
slot update_slots: id  0 | task 156 | new prompt, n_ctx_slot = 262144, n_keep = 0, task.n_tokens = 617
slot update_slots: id  0 | task 156 | n_tokens = 613, memory_seq_rm [613, end)
slot init_sampler: id  0 | task 156 | init sampler, took 0.07 ms, tokens: text = 351, total = 617
slot update_slots: id  0 | task 156 | prompt processing done, n_tokens = 617, batch.n_tokens = 4
slot create_check: id  0 | task 156 | created context checkpoint 2 of 32 (pos_min = 0, pos_max = 612, n_tokens = 613, size = 478.914 MiB)
slot update_slots: id  1 | task 158 | new prompt, n_ctx_slot = 262144, n_keep = 0, task.n_tokens = 611
slot update_slots: id  1 | task 158 | erased invalidated context checkpoint (pos_min = 0, pos_max = 121, n_tokens = 122, n_swa = 1024, pos_next = 0, size = 95.315 MiB)
slot update_slots: id  1 | task 158 | n_tokens = 0, memory_seq_rm [0, end)
slot update_slots: id  1 | task 158 | prompt processing progress, n_tokens = 95, batch.n_tokens = 99, progress = 0.155483
slot update_slots: id  2 | task 157 | new prompt, n_ctx_slot = 262144, n_keep = 0, task.n_tokens = 638
slot update_slots: id  2 | task 157 | n_past = 586, slot.prompt.tokens.size() = 607, seq_id = 2, pos_min = 0, n_swa = 1024
slot update_slots: id  2 | task 157 | Checking checkpoint with [0, 121] against 0...
slot update_slots: id  2 | task 157 | restored context checkpoint (pos_min = 0, pos_max = 121, n_tokens = 122, n_past = 121, size = 95.315 MiB)
slot update_slots: id  2 | task 157 | n_tokens = 121, memory_seq_rm [121, end)
slot update_slots: id  2 | task 157 | prompt processing progress, n_tokens = 122, batch.n_tokens = 100, progress = 0.191223
slot update_slots: id  3 | task 160 | new prompt, n_ctx_slot = 262144, n_keep = 0, task.n_tokens = 611
slot update_slots: id  3 | task 160 | erased invalidated context checkpoint (pos_min = 0, pos_max = 94, n_tokens = 95, n_swa = 1024, pos_next = 0, size = 74.221 MiB)
slot update_slots: id  3 | task 160 | n_tokens = 0, memory_seq_rm [0, end)
slot update_slots: id  3 | task 160 | prompt processing progress, n_tokens = 95, batch.n_tokens = 195, progress = 0.155483
slot update_slots: id  1 | task 158 | n_tokens = 95, memory_seq_rm [95, end)
slot update_slots: id  1 | task 158 | prompt processing progress, n_tokens = 319, batch.n_tokens = 225, progress = 0.522095
slot create_check: id  1 | task 158 | created context checkpoint 1 of 32 (pos_min = 0, pos_max = 94, n_tokens = 95, size = 74.221 MiB)
slot update_slots: id  2 | task 157 | n_tokens = 122, memory_seq_rm [122, end)
slot update_slots: id  2 | task 157 | prompt processing progress, n_tokens = 319, batch.n_tokens = 422, progress = 0.500000
slot update_slots: id  3 | task 160 | n_tokens = 95, memory_seq_rm [95, end)
slot update_slots: id  3 | task 160 | prompt processing progress, n_tokens = 319, batch.n_tokens = 646, progress = 0.522095
slot create_check: id  3 | task 160 | created context checkpoint 1 of 32 (pos_min = 0, pos_max = 94, n_tokens = 95, size = 74.221 MiB)
slot update_slots: id  1 | task 158 | n_tokens = 319, memory_seq_rm [319, end)
srv  process_chun: processing image...
encoding image slice...
srv          stop: cancel task, id_task = 156
srv  log_server_r: done request: POST /v1/chat/completions 127.0.0.1 200
srv  params_from_: Chat format: peg-gemma4
srv          stop: cancel task, id_task = 158
srv  log_server_r: done request: POST /v1/chat/completions 127.0.0.1 200
srv          stop: cancel task, id_task = 157
srv  log_server_r: done request: POST /v1/chat/completions 127.0.0.1 200
srv  params_from_: Chat format: peg-gemma4
srv  params_from_: Chat format: peg-gemma4
srv          stop: cancel task, id_task = 160
srv  log_server_r: done request: POST /v1/chat/completions 127.0.0.1 200
srv  params_from_: Chat format: peg-gemma4
srv          stop: cancel task, id_task = 165
srv  log_server_r: done request: POST /v1/chat/completions 127.0.0.1 200
image slice encoded in 35157 ms
decoding image batch 1/1, n_tokens_batch = 266
sched_reserve: reserving ...
srv  params_from_: Chat format: peg-gemma4
srv          stop: cancel task, id_task = 168
srv  log_server_r: done request: POST /v1/chat/completions 127.0.0.1 200
srv          stop: cancel task, id_task = 169
srv  log_server_r: done request: POST /v1/chat/completions 127.0.0.1 200
sched_reserve:      CUDA0 compute buffer size =   866.52 MiB
sched_reserve:  CUDA_Host compute buffer size =   542.02 MiB
sched_reserve: graph nodes  = 2462
sched_reserve: graph splits = 2
sched_reserve: reserve took 205.29 ms, sched copies = 1
srv  params_from_: Chat format: peg-gemma4
srv  params_from_: Chat format: peg-gemma4
image decoded (batch 1/1) in 933 ms
srv  process_chun: image processed in 36090 ms
slot update_slots: id  1 | task 158 | prompt processing progress, n_tokens = 607, batch.n_tokens = 23, progress = 0.993453
slot update_slots: id  2 | task 157 | n_tokens = 319, memory_seq_rm [319, end)
srv  process_chun: processing image...
encoding image slice...
srv          stop: cancel task, id_task = 171
srv  log_server_r: done request: POST /v1/chat/completions 127.0.0.1 200
srv  params_from_: Chat format: peg-gemma4
srv          stop: cancel task, id_task = 173
srv  log_server_r: done request: POST /v1/chat/completions 127.0.0.1 200
srv          stop: cancel task, id_task = 176
srv  log_server_r: done request: POST /v1/chat/completions 127.0.0.1 200
srv          stop: cancel task, id_task = 177
srv  log_server_r: done request: POST /v1/chat/completions 127.0.0.1 200
srv  params_from_: Chat format: peg-gemma4
srv  params_from_: Chat format: peg-gemma4
srv  params_from_: Chat format: peg-gemma4
image slice encoded in 34246 ms
decoding image batch 1/1, n_tokens_batch = 266
sched_reserve: reserving ...
sched_reserve:      CUDA0 compute buffer size =   866.52 MiB
sched_reserve:  CUDA_Host compute buffer size =   542.02 MiB
sched_reserve: graph nodes  = 2462
sched_reserve: graph splits = 2
sched_reserve: reserve took 209.26 ms, sched copies = 1
image decoded (batch 1/1) in 920 ms
srv  process_chun: image processed in 35166 ms
slot update_slots: id  2 | task 157 | prompt processing progress, n_tokens = 634, batch.n_tokens = 72, progress = 0.993730
slot update_slots: id  3 | task 160 | n_tokens = 319, memory_seq_rm [319, end)
srv  process_chun: processing image...
encoding image slice...
srv          stop: cancel task, id_task = 179
srv  log_server_r: done request: POST /v1/chat/completions 127.0.0.1 200
srv  params_from_: Chat format: peg-gemma4
srv  params_from_: Chat format: peg-gemma4
srv          stop: cancel task, id_task = 183
srv  log_server_r: done request: POST /v1/chat/completions 127.0.0.1 200
srv  params_from_: Chat format: peg-gemma4
srv          stop: cancel task, id_task = 185
srv  log_server_r: done request: POST /v1/chat/completions 127.0.0.1 200
srv  params_from_: Chat format: peg-gemma4
srv          stop: cancel task, id_task = 184
srv  log_server_r: done request: POST /v1/chat/completions 127.0.0.1 200
image slice encoded in 32841 ms
decoding image batch 1/1, n_tokens_batch = 266
sched_reserve: reserving ...
sched_reserve:      CUDA0 compute buffer size =   866.52 MiB
sched_reserve:  CUDA_Host compute buffer size =   542.02 MiB
sched_reserve: graph nodes  = 2462
sched_reserve: graph splits = 2
sched_reserve: reserve took 206.23 ms, sched copies = 1
image decoded (batch 1/1) in 941 ms
srv  process_chun: image processed in 33782 ms
slot update_slots: id  3 | task 160 | prompt processing progress, n_tokens = 607, batch.n_tokens = 94, progress = 0.993453
sched_reserve: reserving ...
sched_reserve:      CUDA0 compute buffer size =   866.52 MiB
sched_reserve:  CUDA_Host compute buffer size =   542.02 MiB
sched_reserve: graph nodes  = 2462
sched_reserve: graph splits = 2
sched_reserve: reserve took 104.94 ms, sched copies = 1
slot      release: id  3 | task 160 | stop processing: n_tokens = 607, truncated = 0
slot      release: id  2 | task 157 | stop processing: n_tokens = 634, truncated = 0
slot      release: id  1 | task 158 | stop processing: n_tokens = 607, truncated = 0
slot      release: id  0 | task 156 | stop processing: n_tokens = 619, truncated = 0
slot get_availabl: id  0 | task -1 | selected slot by LCP similarity, sim_best = 0.500 (> 0.100 thold), f_keep = 0.515
slot launch_slot_: id  0 | task -1 | sampler chain: logits -> ?penalties -> ?dry -> ?top-n-sigma -> top-k -> ?typical -> top-p -> min-p -> ?xtc -> ?temp-ext -> dist 
slot launch_slot_: id  0 | task 187 | processing task, is_child = 0
slot slot_save_an: id  1 | task -1 | saving idle slot to prompt cache
srv   prompt_save:  - saving prompt with length 607, total state size = 521.656 MiB
slot prompt_clear: id  1 | task -1 | clearing prompt with 607 tokens
srv        update:  - cache state: 1 prompts, 595.877 MiB (limits: 8192.000 MiB, 262144 tokens, 262144 est)
srv        update:    - prompt 0xaaab142abba0:     607 tokens, checkpoints:  1,   595.877 MiB
slot slot_save_an: id  2 | task -1 | saving idle slot to prompt cache
srv   prompt_save:  - saving prompt with length 634, total state size = 544.860 MiB
slot prompt_clear: id  2 | task -1 | clearing prompt with 634 tokens
srv        update:  - cache state: 2 prompts, 1236.052 MiB (limits: 8192.000 MiB, 262144 tokens, 262144 est)
srv        update:    - prompt 0xaaab142abba0:     607 tokens, checkpoints:  1,   595.877 MiB
srv        update:    - prompt 0xaaab14d16110:     634 tokens, checkpoints:  1,   640.175 MiB
slot slot_save_an: id  3 | task -1 | saving idle slot to prompt cache
srv   prompt_save:  - saving prompt with length 607, total state size = 521.656 MiB
slot prompt_clear: id  3 | task -1 | clearing prompt with 607 tokens
srv        update:  - cache state: 3 prompts, 1831.929 MiB (limits: 8192.000 MiB, 262144 tokens, 262144 est)
srv        update:    - prompt 0xaaab142abba0:     607 tokens, checkpoints:  1,   595.877 MiB
srv        update:    - prompt 0xaaab14d16110:     634 tokens, checkpoints:  1,   640.175 MiB
srv        update:    - prompt 0xaaab08417310:     607 tokens, checkpoints:  1,   595.877 MiB
slot get_availabl: id  3 | task -1 | selected slot by LRU, t_last = 313259645526
srv  get_availabl: updating prompt cache
srv          load:  - looking for better prompt, base f_keep = -1.000, sim = 0.000
srv          load:  - found better prompt with f_keep = 0.526, sim = 0.522
srv        update:  - cache state: 2 prompts, 1236.052 MiB (limits: 8192.000 MiB, 262144 tokens, 262144 est)
srv        update:    - prompt 0xaaab14d16110:     634 tokens, checkpoints:  1,   640.175 MiB
srv        update:    - prompt 0xaaab08417310:     607 tokens, checkpoints:  1,   595.877 MiB
srv  get_availabl: prompt cache update took 1239.92 ms
slot launch_slot_: id  3 | task -1 | sampler chain: logits -> ?penalties -> ?dry -> ?top-n-sigma -> top-k -> ?typical -> top-p -> min-p -> ?xtc -> ?temp-ext -> dist 
slot launch_slot_: id  3 | task 188 | processing task, is_child = 0
slot get_availabl: id  2 | task -1 | selected slot by LRU, t_last = 313259645547
srv  get_availabl: updating prompt cache
srv          load:  - looking for better prompt, base f_keep = -1.000, sim = 0.000
srv          load:  - found better prompt with f_keep = 0.503, sim = 0.500
srv        update:  - cache state: 1 prompts, 595.877 MiB (limits: 8192.000 MiB, 262144 tokens, 262144 est)
srv        update:    - prompt 0xaaab08417310:     607 tokens, checkpoints:  1,   595.877 MiB
srv  get_availabl: prompt cache update took 150.23 ms
slot launch_slot_: id  2 | task -1 | sampler chain: logits -> ?penalties -> ?dry -> ?top-n-sigma -> top-k -> ?typical -> top-p -> min-p -> ?xtc -> ?temp-ext -> dist 
slot launch_slot_: id  2 | task 190 | processing task, is_child = 0
slot get_availabl: id  1 | task -1 | selected slot by LRU, t_last = 313259645562
srv  get_availabl: updating prompt cache
srv          load:  - looking for better prompt, base f_keep = -1.000, sim = 0.000
srv          load:  - found better prompt with f_keep = 0.526, sim = 0.517
srv  params_from_: Chat format: peg-gemma4
srv          stop: cancel task, id_task = 187
srv  log_server_r: done request: POST /v1/chat/completions 127.0.0.1 200
srv        update:  - cache state: 0 prompts, 0.000 MiB (limits: 8192.000 MiB, 262144 tokens, 8589934592 est)
srv  get_availabl: prompt cache update took 1236.73 ms
slot launch_slot_: id  1 | task -1 | sampler chain: logits -> ?penalties -> ?dry -> ?top-n-sigma -> top-k -> ?typical -> top-p -> min-p -> ?xtc -> ?temp-ext -> dist 
slot launch_slot_: id  1 | task 192 | processing task, is_child = 0
slot      release: id  0 | task 187 | stop processing: n_tokens = 619, truncated = 0
slot get_availabl: id  0 | task -1 | selected slot by LCP similarity, sim_best = 0.500 (> 0.100 thold), f_keep = 0.515
slot launch_slot_: id  0 | task -1 | sampler chain: logits -> ?penalties -> ?dry -> ?top-n-sigma -> top-k -> ?typical -> top-p -> min-p -> ?xtc -> ?temp-ext -> dist 
slot launch_slot_: id  0 | task 194 | processing task, is_child = 0
slot update_slots: id  0 | task 194 | new prompt, n_ctx_slot = 262144, n_keep = 0, task.n_tokens = 638
slot update_slots: id  0 | task 194 | n_past = 319, slot.prompt.tokens.size() = 619, seq_id = 0, pos_min = 0, n_swa = 1024
slot update_slots: id  0 | task 194 | Checking checkpoint with [0, 612] against 0...
slot update_slots: id  0 | task 194 | restored context checkpoint (pos_min = 0, pos_max = 612, n_tokens = 613, n_past = 319, size = 478.914 MiB)
slot update_slots: id  0 | task 194 | erased invalidated context checkpoint (pos_min = 0, pos_max = 612, n_tokens = 613, n_swa = 1024, pos_next = 319, size = 478.914 MiB)
slot update_slots: id  0 | task 194 | n_tokens = 319, memory_seq_rm [319, end)
srv  process_chun: processing image...
encoding image slice...
srv          stop: cancel task, id_task = 188
srv  log_server_r: done request: POST /v1/chat/completions 127.0.0.1 200
srv          stop: cancel task, id_task = 190
srv  log_server_r: done request: POST /v1/chat/completions 127.0.0.1 200
srv          stop: cancel task, id_task = 192
srv  log_server_r: done request: POST /v1/chat/completions 127.0.0.1 200
srv  params_from_: Chat format: peg-gemma4
srv  params_from_: Chat format: peg-gemma4
srv  params_from_: Chat format: peg-gemma4
srv          stop: cancel task, id_task = 194
srv  log_server_r: done request: POST /v1/chat/completions 127.0.0.1 200
srv  params_from_: Chat format: peg-gemma4
image slice encoded in 34411 ms
decoding image batch 1/1, n_tokens_batch = 266
sched_reserve: reserving ...
sched_reserve:      CUDA0 compute buffer size =   866.52 MiB
sched_reserve:  CUDA_Host compute buffer size =   542.02 MiB
sched_reserve: graph nodes  = 2462
sched_reserve: graph splits = 2
sched_reserve: reserve took 263.53 ms, sched copies = 1
image decoded (batch 1/1) in 988 ms
srv  process_chun: image processed in 35399 ms
slot update_slots: id  0 | task 194 | prompt processing progress, n_tokens = 634, batch.n_tokens = 49, progress = 0.993730
slot update_slots: id  1 | task 192 | new prompt, n_ctx_slot = 262144, n_keep = 0, task.n_tokens = 617
slot update_slots: id  1 | task 192 | n_past = 319, slot.prompt.tokens.size() = 607, seq_id = 1, pos_min = 0, n_swa = 1024
slot update_slots: id  1 | task 192 | Checking checkpoint with [0, 94] against 0...
slot update_slots: id  1 | task 192 | restored context checkpoint (pos_min = 0, pos_max = 94, n_tokens = 95, n_past = 94, size = 74.221 MiB)
slot update_slots: id  1 | task 192 | n_tokens = 94, memory_seq_rm [94, end)
slot update_slots: id  1 | task 192 | prompt processing progress, n_tokens = 101, batch.n_tokens = 56, progress = 0.163695
slot update_slots: id  2 | task 190 | new prompt, n_ctx_slot = 262144, n_keep = 0, task.n_tokens = 638
slot update_slots: id  2 | task 190 | n_past = 319, slot.prompt.tokens.size() = 634, seq_id = 2, pos_min = 0, n_swa = 1024
slot update_slots: id  2 | task 190 | Checking checkpoint with [0, 121] against 0...
slot update_slots: id  2 | task 190 | restored context checkpoint (pos_min = 0, pos_max = 121, n_tokens = 122, n_past = 121, size = 95.315 MiB)
slot update_slots: id  2 | task 190 | n_tokens = 121, memory_seq_rm [121, end)
slot update_slots: id  2 | task 190 | prompt processing progress, n_tokens = 122, batch.n_tokens = 57, progress = 0.191223
slot update_slots: id  3 | task 188 | new prompt, n_ctx_slot = 262144, n_keep = 0, task.n_tokens = 611
slot update_slots: id  3 | task 188 | n_past = 319, slot.prompt.tokens.size() = 607, seq_id = 3, pos_min = 0, n_swa = 1024
slot update_slots: id  3 | task 188 | Checking checkpoint with [0, 94] against 0...
slot update_slots: id  3 | task 188 | restored context checkpoint (pos_min = 0, pos_max = 94, n_tokens = 95, n_past = 94, size = 74.221 MiB)
slot update_slots: id  3 | task 188 | n_tokens = 94, memory_seq_rm [94, end)
slot update_slots: id  3 | task 188 | prompt processing progress, n_tokens = 95, batch.n_tokens = 58, progress = 0.155483
sched_reserve: reserving ...
sched_reserve:      CUDA0 compute buffer size =   866.52 MiB
sched_reserve:  CUDA_Host compute buffer size =   542.02 MiB
sched_reserve: graph nodes  = 2462
sched_reserve: graph splits = 2
sched_reserve: reserve took 105.88 ms, sched copies = 1
slot      release: id  0 | task 194 | stop processing: n_tokens = 634, truncated = 0
slot      release: id  1 | task 192 | stop processing: n_tokens = 101, truncated = 0
slot      release: id  2 | task 190 | stop processing: n_tokens = 122, truncated = 0
slot      release: id  3 | task 188 | stop processing: n_tokens = 95, truncated = 0
slot get_availabl: id  0 | task -1 | selected slot by LCP similarity, sim_best = 0.522 (> 0.100 thold), f_keep = 0.503
slot launch_slot_: id  0 | task -1 | sampler chain: logits -> ?penalties -> ?dry -> ?top-n-sigma -> top-k -> ?typical -> top-p -> min-p -> ?xtc -> ?temp-ext -> dist 
slot launch_slot_: id  0 | task 200 | processing task, is_child = 0
slot slot_save_an: id  1 | task -1 | saving idle slot to prompt cache
srv   prompt_save:  - saving prompt with length 101, total state size = 86.801 MiB
slot prompt_clear: id  1 | task -1 | clearing prompt with 101 tokens
srv        update:  - cache state: 1 prompts, 161.022 MiB (limits: 8192.000 MiB, 262144 tokens, 262144 est)
srv        update:    - prompt 0xaaab0d7fc510:     101 tokens, checkpoints:  1,   161.022 MiB
slot slot_save_an: id  2 | task -1 | saving idle slot to prompt cache
srv   prompt_save:  - saving prompt with length 122, total state size = 104.848 MiB
srv         alloc:  - removing obsolete cached prompt with length 101
slot prompt_clear: id  2 | task -1 | clearing prompt with 122 tokens
srv        update:  - cache state: 1 prompts, 200.163 MiB (limits: 8192.000 MiB, 262144 tokens, 262144 est)
srv        update:    - prompt 0xaaab0d7fc510:     122 tokens, checkpoints:  1,   200.163 MiB
slot slot_save_an: id  3 | task -1 | saving idle slot to prompt cache
srv   prompt_save:  - saving prompt with length 95, total state size = 81.644 MiB
srv         alloc:  - prompt is already in the cache, skipping
slot prompt_clear: id  3 | task -1 | clearing prompt with 95 tokens
srv        update:  - cache state: 1 prompts, 200.163 MiB (limits: 8192.000 MiB, 262144 tokens, 262144 est)
srv        update:    - prompt 0xaaab0d7fc510:     122 tokens, checkpoints:  1,   200.163 MiB
slot get_availabl: id  1 | task -1 | selected slot by LRU, t_last = 313300853427
srv  get_availabl: updating prompt cache
srv          load:  - looking for better prompt, base f_keep = -1.000, sim = 0.000
srv          load:  - found better prompt with f_keep = 1.000, sim = 0.198
srv        update:  - cache state: 0 prompts, 0.000 MiB (limits: 8192.000 MiB, 262144 tokens, 8589934592 est)
srv  get_availabl: prompt cache update took 239.42 ms
slot launch_slot_: id  1 | task -1 | sampler chain: logits -> ?penalties -> ?dry -> ?top-n-sigma -> top-k -> ?typical -> top-p -> min-p -> ?xtc -> ?temp-ext -> dist 
slot launch_slot_: id  1 | task 201 | processing task, is_child = 0
slot get_availabl: id  2 | task -1 | selected slot by LRU, t_last = 313300853463
srv  get_availabl: updating prompt cache
srv          load:  - looking for better prompt, base f_keep = -1.000, sim = 0.000
srv        update:  - cache state: 0 prompts, 0.000 MiB (limits: 8192.000 MiB, 262144 tokens, 8589934592 est)
srv  get_availabl: prompt cache update took 0.01 ms
slot launch_slot_: id  2 | task -1 | sampler chain: logits -> ?penalties -> ?dry -> ?top-n-sigma -> top-k -> ?typical -> top-p -> min-p -> ?xtc -> ?temp-ext -> dist 
slot launch_slot_: id  2 | task 202 | processing task, is_child = 0
slot get_availabl: id  3 | task -1 | selected slot by LRU, t_last = 313300854260
srv  get_availabl: updating prompt cache
srv          load:  - looking for better prompt, base f_keep = -1.000, sim = 0.000
srv        update:  - cache state: 0 prompts, 0.000 MiB (limits: 8192.000 MiB, 262144 tokens, 8589934592 est)
srv  get_availabl: prompt cache update took 0.00 ms
slot launch_slot_: id  3 | task -1 | sampler chain: logits -> ?penalties -> ?dry -> ?top-n-sigma -> top-k -> ?typical -> top-p -> min-p -> ?xtc -> ?temp-ext -> dist 
slot launch_slot_: id  3 | task 204 | processing task, is_child = 0
slot update_slots: id  0 | task 200 | new prompt, n_ctx_slot = 262144, n_keep = 0, task.n_tokens = 611
slot update_slots: id  0 | task 200 | n_past = 319, slot.prompt.tokens.size() = 634, seq_id = 0, pos_min = 0, n_swa = 1024
slot update_slots: id  0 | task 200 | Checking checkpoint with [0, 121] against 0...
slot update_slots: id  0 | task 200 | restored context checkpoint (pos_min = 0, pos_max = 121, n_tokens = 122, n_past = 121, size = 95.315 MiB)
slot update_slots: id  0 | task 200 | n_tokens = 121, memory_seq_rm [121, end)
slot update_slots: id  0 | task 200 | prompt processing progress, n_tokens = 319, batch.n_tokens = 198, progress = 0.522095
slot update_slots: id  1 | task 201 | new prompt, n_ctx_slot = 262144, n_keep = 0, task.n_tokens = 617
slot update_slots: id  1 | task 201 | n_tokens = 122, memory_seq_rm [122, end)
slot update_slots: id  1 | task 201 | prompt processing progress, n_tokens = 319, batch.n_tokens = 395, progress = 0.517018
slot update_slots: id  2 | task 202 | new prompt, n_ctx_slot = 262144, n_keep = 0, task.n_tokens = 638
slot update_slots: id  2 | task 202 | erased invalidated context checkpoint (pos_min = 0, pos_max = 121, n_tokens = 122, n_swa = 1024, pos_next = 0, size = 95.315 MiB)
slot update_slots: id  2 | task 202 | n_tokens = 0, memory_seq_rm [0, end)
slot update_slots: id  2 | task 202 | prompt processing progress, n_tokens = 122, batch.n_tokens = 517, progress = 0.191223
slot update_slots: id  3 | task 204 | new prompt, n_ctx_slot = 262144, n_keep = 0, task.n_tokens = 638
slot update_slots: id  3 | task 204 | erased invalidated context checkpoint (pos_min = 0, pos_max = 94, n_tokens = 95, n_swa = 1024, pos_next = 0, size = 74.221 MiB)
slot update_slots: id  3 | task 204 | n_tokens = 0, memory_seq_rm [0, end)
slot update_slots: id  3 | task 204 | prompt processing progress, n_tokens = 122, batch.n_tokens = 639, progress = 0.191223
slot update_slots: id  0 | task 200 | n_tokens = 319, memory_seq_rm [319, end)
srv  process_chun: processing image...
encoding image slice...
srv          stop: cancel task, id_task = 200
srv  log_server_r: done request: POST /v1/chat/completions 127.0.0.1 200
srv          stop: cancel task, id_task = 201
srv  log_server_r: done request: POST /v1/chat/completions 127.0.0.1 200
srv          stop: cancel task, id_task = 202
srv  log_server_r: done request: POST /v1/chat/completions 127.0.0.1 200
srv  params_from_: Chat format: peg-gemma4
srv  params_from_: Chat format: peg-gemma4
srv  params_from_: Chat format: peg-gemma4
srv          stop: cancel task, id_task = 204
srv  log_server_r: done request: POST /v1/chat/completions 127.0.0.1 200
srv  params_from_: Chat format: peg-gemma4
image slice encoded in 33928 ms
decoding image batch 1/1, n_tokens_batch = 266
sched_reserve: reserving ...
sched_reserve:      CUDA0 compute buffer size =   866.52 MiB
sched_reserve:  CUDA_Host compute buffer size =   542.02 MiB
sched_reserve: graph nodes  = 2462
sched_reserve: graph splits = 2
sched_reserve: reserve took 223.07 ms, sched copies = 1
image decoded (batch 1/1) in 937 ms
srv  process_chun: image processed in 34865 ms
slot update_slots: id  0 | task 200 | prompt processing progress, n_tokens = 607, batch.n_tokens = 22, progress = 0.993453
slot update_slots: id  1 | task 201 | n_tokens = 319, memory_seq_rm [319, end)
srv  process_chun: processing image...
encoding image slice...
srv  params_from_: Chat format: peg-gemma4
srv          stop: cancel task, id_task = 210
srv  log_server_r: done request: POST /v1/chat/completions 127.0.0.1 200
srv          stop: cancel task, id_task = 211
srv  log_server_r: done request: POST /v1/chat/completions 127.0.0.1 200
srv  params_from_: Chat format: peg-gemma4
srv          stop: cancel task, id_task = 212
srv  log_server_r: done request: POST /v1/chat/completions 127.0.0.1 200
srv  params_from_: Chat format: peg-gemma4
srv          stop: cancel task, id_task = 214
srv  log_server_r: done request: POST /v1/chat/completions 127.0.0.1 200
srv  params_from_: Chat format: peg-gemma4
srv          stop: cancel task, id_task = 215
srv  log_server_r: done request: POST /v1/chat/completions 127.0.0.1 200
srv          stop: cancel task, id_task = 218
srv  log_server_r: done request: POST /v1/chat/completions 127.0.0.1 200
srv  params_from_: Chat format: peg-gemma4
srv          stop: cancel task, id_task = 220
srv  log_server_r: done request: POST /v1/chat/completions 127.0.0.1 200
srv  params_from_: Chat format: peg-gemma4
srv  params_from_: Chat format: peg-gemma4
image slice encoded in 35020 ms
decoding image batch 1/1, n_tokens_batch = 266
sched_reserve: reserving ...
sched_reserve:      CUDA0 compute buffer size =   866.52 MiB
sched_reserve:  CUDA_Host compute buffer size =   542.02 MiB
sched_reserve: graph nodes  = 2462
sched_reserve: graph splits = 2
sched_reserve: reserve took 224.77 ms, sched copies = 1
image decoded (batch 1/1) in 919 ms
srv  process_chun: image processed in 35939 ms
slot update_slots: id  1 | task 201 | prompt processing progress, n_tokens = 613, batch.n_tokens = 50, progress = 0.993517
slot update_slots: id  2 | task 202 | n_tokens = 122, memory_seq_rm [122, end)
slot update_slots: id  2 | task 202 | prompt processing progress, n_tokens = 319, batch.n_tokens = 247, progress = 0.500000
slot create_check: id  2 | task 202 | created context checkpoint 1 of 32 (pos_min = 0, pos_max = 121, n_tokens = 122, size = 95.315 MiB)
slot update_slots: id  3 | task 204 | n_tokens = 122, memory_seq_rm [122, end)
slot update_slots: id  3 | task 204 | prompt processing progress, n_tokens = 319, batch.n_tokens = 444, progress = 0.500000
slot create_check: id  3 | task 204 | created context checkpoint 1 of 32 (pos_min = 0, pos_max = 121, n_tokens = 122, size = 95.315 MiB)
sched_reserve: reserving ...
sched_reserve:      CUDA0 compute buffer size =   866.52 MiB
sched_reserve:  CUDA_Host compute buffer size =   542.02 MiB
sched_reserve: graph nodes  = 2462
sched_reserve: graph splits = 2
sched_reserve: reserve took 115.50 ms, sched copies = 1
slot      release: id  3 | task 204 | stop processing: n_tokens = 319, truncated = 0
slot      release: id  2 | task 202 | stop processing: n_tokens = 319, truncated = 0
slot      release: id  1 | task 201 | stop processing: n_tokens = 613, truncated = 0
slot      release: id  0 | task 200 | stop processing: n_tokens = 607, truncated = 0
slot get_availabl: id  0 | task -1 | selected slot by LCP similarity, sim_best = 0.500 (> 0.100 thold), f_keep = 0.526
slot launch_slot_: id  0 | task -1 | sampler chain: logits -> ?penalties -> ?dry -> ?top-n-sigma -> top-k -> ?typical -> top-p -> min-p -> ?xtc -> ?temp-ext -> dist 
slot launch_slot_: id  0 | task 222 | processing task, is_child = 0
slot slot_save_an: id  1 | task -1 | saving idle slot to prompt cache
srv   prompt_save:  - saving prompt with length 613, total state size = 526.812 MiB
slot prompt_clear: id  1 | task -1 | clearing prompt with 613 tokens
srv        update:  - cache state: 1 prompts, 622.127 MiB (limits: 8192.000 MiB, 262144 tokens, 262144 est)
srv        update:    - prompt 0xaaab134220b0:     613 tokens, checkpoints:  1,   622.127 MiB
slot slot_save_an: id  2 | task -1 | saving idle slot to prompt cache
srv   prompt_save:  - saving prompt with length 319, total state size = 274.149 MiB
srv         alloc:  - prompt is already in the cache, skipping
slot prompt_clear: id  2 | task -1 | clearing prompt with 319 tokens
srv        update:  - cache state: 1 prompts, 622.127 MiB (limits: 8192.000 MiB, 262144 tokens, 262144 est)
srv        update:    - prompt 0xaaab134220b0:     613 tokens, checkpoints:  1,   622.127 MiB
slot slot_save_an: id  3 | task -1 | saving idle slot to prompt cache
srv   prompt_save:  - saving prompt with length 319, total state size = 274.149 MiB
srv         alloc:  - prompt is already in the cache, skipping
slot prompt_clear: id  3 | task -1 | clearing prompt with 319 tokens
srv        update:  - cache state: 1 prompts, 622.127 MiB (limits: 8192.000 MiB, 262144 tokens, 262144 est)
srv        update:    - prompt 0xaaab134220b0:     613 tokens, checkpoints:  1,   622.127 MiB
slot get_availabl: id  3 | task -1 | selected slot by LRU, t_last = 313376552836
srv  get_availabl: updating prompt cache
srv          load:  - looking for better prompt, base f_keep = -1.000, sim = 0.000
srv          load:  - found better prompt with f_keep = 0.520, sim = 0.517
srv        update:  - cache state: 0 prompts, 0.000 MiB (limits: 8192.000 MiB, 262144 tokens, 8589934592 est)
srv  get_availabl: prompt cache update took 1187.33 ms
slot launch_slot_: id  3 | task -1 | sampler chain: logits -> ?penalties -> ?dry -> ?top-n-sigma -> top-k -> ?typical -> top-p -> min-p -> ?xtc -> ?temp-ext -> dist 
slot launch_slot_: id  3 | task 225 | processing task, is_child = 0
slot get_availabl: id  2 | task -1 | selected slot by LRU, t_last = 313376552857
srv  get_availabl: updating prompt cache
srv          load:  - looking for better prompt, base f_keep = -1.000, sim = 0.000
srv        update:  - cache state: 0 prompts, 0.000 MiB (limits: 8192.000 MiB, 262144 tokens, 8589934592 est)
srv  get_availabl: prompt cache update took 0.09 ms
slot launch_slot_: id  2 | task -1 | sampler chain: logits -> ?penalties -> ?dry -> ?top-n-sigma -> top-k -> ?typical -> top-p -> min-p -> ?xtc -> ?temp-ext -> dist 
slot launch_slot_: id  2 | task 227 | processing task, is_child = 0
slot get_availabl: id  1 | task -1 | selected slot by LRU, t_last = 313376552873
srv  get_availabl: updating prompt cache
srv          load:  - looking for better prompt, base f_keep = -1.000, sim = 0.000
srv        update:  - cache state: 0 prompts, 0.000 MiB (limits: 8192.000 MiB, 262144 tokens, 8589934592 est)
srv  get_availabl: prompt cache update took 0.10 ms
slot launch_slot_: id  1 | task -1 | sampler chain: logits -> ?penalties -> ?dry -> ?top-n-sigma -> top-k -> ?typical -> top-p -> min-p -> ?xtc -> ?temp-ext -> dist 
slot launch_slot_: id  1 | task 228 | processing task, is_child = 0
slot update_slots: id  0 | task 222 | new prompt, n_ctx_slot = 262144, n_keep = 0, task.n_tokens = 638
slot update_slots: id  0 | task 222 | n_past = 319, slot.prompt.tokens.size() = 607, seq_id = 0, pos_min = 0, n_swa = 1024
slot update_slots: id  0 | task 222 | Checking checkpoint with [0, 121] against 0...
slot update_slots: id  0 | task 222 | restored context checkpoint (pos_min = 0, pos_max = 121, n_tokens = 122, n_past = 121, size = 95.315 MiB)
slot update_slots: id  0 | task 222 | n_tokens = 121, memory_seq_rm [121, end)
slot update_slots: id  0 | task 222 | prompt processing progress, n_tokens = 122, batch.n_tokens = 1, progress = 0.191223
slot update_slots: id  1 | task 228 | new prompt, n_ctx_slot = 262144, n_keep = 0, task.n_tokens = 617
slot update_slots: id  1 | task 228 | erased invalidated context checkpoint (pos_min = 0, pos_max = 121, n_tokens = 122, n_swa = 1024, pos_next = 0, size = 95.315 MiB)
slot update_slots: id  1 | task 228 | n_tokens = 0, memory_seq_rm [0, end)
slot update_slots: id  1 | task 228 | prompt processing progress, n_tokens = 101, batch.n_tokens = 102, progress = 0.163695
slot update_slots: id  2 | task 227 | new prompt, n_ctx_slot = 262144, n_keep = 0, task.n_tokens = 611
slot update_slots: id  2 | task 227 | erased invalidated context checkpoint (pos_min = 0, pos_max = 121, n_tokens = 122, n_swa = 1024, pos_next = 0, size = 95.315 MiB)
slot update_slots: id  2 | task 227 | n_tokens = 0, memory_seq_rm [0, end)
slot update_slots: id  2 | task 227 | prompt processing progress, n_tokens = 95, batch.n_tokens = 197, progress = 0.155483
slot update_slots: id  3 | task 225 | new prompt, n_ctx_slot = 262144, n_keep = 0, task.n_tokens = 617
slot update_slots: id  3 | task 225 | n_past = 319, slot.prompt.tokens.size() = 613, seq_id = 3, pos_min = 0, n_swa = 1024
slot update_slots: id  3 | task 225 | Checking checkpoint with [0, 121] against 0...
slot update_slots: id  3 | task 225 | restored context checkpoint (pos_min = 0, pos_max = 121, n_tokens = 122, n_past = 121, size = 95.315 MiB)
slot update_slots: id  3 | task 225 | n_tokens = 121, memory_seq_rm [121, end)
slot update_slots: id  3 | task 225 | prompt processing progress, n_tokens = 319, batch.n_tokens = 395, progress = 0.517018
slot update_slots: id  0 | task 222 | n_tokens = 122, memory_seq_rm [122, end)
slot update_slots: id  0 | task 222 | prompt processing progress, n_tokens = 319, batch.n_tokens = 197, progress = 0.500000
slot update_slots: id  1 | task 228 | n_tokens = 101, memory_seq_rm [101, end)
slot update_slots: id  1 | task 228 | prompt processing progress, n_tokens = 319, batch.n_tokens = 415, progress = 0.517018
slot create_check: id  1 | task 228 | created context checkpoint 1 of 32 (pos_min = 0, pos_max = 100, n_tokens = 101, size = 78.909 MiB)
slot update_slots: id  2 | task 227 | n_tokens = 95, memory_seq_rm [95, end)
slot update_slots: id  2 | task 227 | prompt processing progress, n_tokens = 319, batch.n_tokens = 639, progress = 0.522095
slot create_check: id  2 | task 227 | created context checkpoint 1 of 32 (pos_min = 0, pos_max = 94, n_tokens = 95, size = 74.221 MiB)
slot update_slots: id  3 | task 225 | n_tokens = 319, memory_seq_rm [319, end)
srv  process_chun: processing image...
encoding image slice...
srv          stop: cancel task, id_task = 222
srv  log_server_r: done request: POST /v1/chat/completions 127.0.0.1 200
srv  params_from_: Chat format: peg-gemma4
srv          stop: cancel task, id_task = 225
srv  log_server_r: done request: POST /v1/chat/completions 127.0.0.1 200
srv          stop: cancel task, id_task = 227
srv  log_server_r: done request: POST /v1/chat/completions 127.0.0.1 200
srv          stop: cancel task, id_task = 228
srv  log_server_r: done request: POST /v1/chat/completions 127.0.0.1 200
srv  params_from_: Chat format: peg-gemma4
srv  params_from_: Chat format: peg-gemma4
srv  params_from_: Chat format: peg-gemma4
srv          stop: cancel task, id_task = 232
srv  log_server_r: done request: POST /v1/chat/completions 127.0.0.1 200
srv  params_from_: Chat format: peg-gemma4
image slice encoded in 34938 ms
decoding image batch 1/1, n_tokens_batch = 266
sched_reserve: reserving ...
sched_reserve:      CUDA0 compute buffer size =   866.52 MiB
sched_reserve:  CUDA_Host compute buffer size =   542.02 MiB
sched_reserve: graph nodes  = 2462
sched_reserve: graph splits = 2
sched_reserve: reserve took 206.26 ms, sched copies = 1
image decoded (batch 1/1) in 909 ms
srv  process_chun: image processed in 35847 ms
slot update_slots: id  3 | task 225 | prompt processing progress, n_tokens = 613, batch.n_tokens = 667, progress = 0.993517
sched_reserve: reserving ...
sched_reserve:      CUDA0 compute buffer size =   866.52 MiB
sched_reserve:  CUDA_Host compute buffer size =   542.02 MiB
sched_reserve: graph nodes  = 2462
sched_reserve: graph splits = 2
sched_reserve: reserve took 114.61 ms, sched copies = 1
slot      release: id  1 | task 228 | stop processing: n_tokens = 319, truncated = 0
slot      release: id  2 | task 227 | stop processing: n_tokens = 319, truncated = 0
slot      release: id  3 | task 225 | stop processing: n_tokens = 613, truncated = 0
slot      release: id  0 | task 222 | stop processing: n_tokens = 319, truncated = 0
slot get_availabl: id  3 | task -1 | selected slot by LCP similarity, sim_best = 0.994 (> 0.100 thold), f_keep = 1.000
slot launch_slot_: id  3 | task -1 | sampler chain: logits -> ?penalties -> ?dry -> ?top-n-sigma -> top-k -> ?typical -> top-p -> min-p -> ?xtc -> ?temp-ext -> dist 
slot launch_slot_: id  3 | task 236 | processing task, is_child = 0
slot slot_save_an: id  0 | task -1 | saving idle slot to prompt cache
srv   prompt_save:  - saving prompt with length 319, total state size = 274.149 MiB
slot prompt_clear: id  0 | task -1 | clearing prompt with 319 tokens
srv        update:  - cache state: 1 prompts, 369.464 MiB (limits: 8192.000 MiB, 262144 tokens, 262144 est)
srv        update:    - prompt 0xaaab134225e0:     319 tokens, checkpoints:  1,   369.464 MiB
slot slot_save_an: id  1 | task -1 | saving idle slot to prompt cache
srv   prompt_save:  - saving prompt with length 319, total state size = 274.149 MiB
srv         alloc:  - prompt is already in the cache, skipping
slot prompt_clear: id  1 | task -1 | clearing prompt with 319 tokens
srv        update:  - cache state: 1 prompts, 369.464 MiB (limits: 8192.000 MiB, 262144 tokens, 262144 est)
srv        update:    - prompt 0xaaab134225e0:     319 tokens, checkpoints:  1,   369.464 MiB
slot slot_save_an: id  2 | task -1 | saving idle slot to prompt cache
srv   prompt_save:  - saving prompt with length 319, total state size = 274.149 MiB
srv         alloc:  - prompt is already in the cache, skipping
slot prompt_clear: id  2 | task -1 | clearing prompt with 319 tokens
srv        update:  - cache state: 1 prompts, 369.464 MiB (limits: 8192.000 MiB, 262144 tokens, 262144 est)
srv        update:    - prompt 0xaaab134225e0:     319 tokens, checkpoints:  1,   369.464 MiB
slot get_availabl: id  1 | task -1 | selected slot by LRU, t_last = 313420552565
srv  get_availabl: updating prompt cache
srv          load:  - looking for better prompt, base f_keep = -1.000, sim = 0.000
srv          load:  - found better prompt with f_keep = 1.000, sim = 0.517
srv        update:  - cache state: 0 prompts, 0.000 MiB (limits: 8192.000 MiB, 262144 tokens, 8589934592 est)
srv  get_availabl: prompt cache update took 640.34 ms
slot launch_slot_: id  1 | task -1 | sampler chain: logits -> ?penalties -> ?dry -> ?top-n-sigma -> top-k -> ?typical -> top-p -> min-p -> ?xtc -> ?temp-ext -> dist 
slot launch_slot_: id  1 | task 237 | processing task, is_child = 0
slot get_availabl: id  2 | task -1 | selected slot by LRU, t_last = 313420552665
srv  get_availabl: updating prompt cache
srv          load:  - looking for better prompt, base f_keep = -1.000, sim = 0.000
srv        update:  - cache state: 0 prompts, 0.000 MiB (limits: 8192.000 MiB, 262144 tokens, 8589934592 est)
srv  get_availabl: prompt cache update took 0.00 ms
slot launch_slot_: id  2 | task -1 | sampler chain: logits -> ?penalties -> ?dry -> ?top-n-sigma -> top-k -> ?typical -> top-p -> min-p -> ?xtc -> ?temp-ext -> dist 
slot launch_slot_: id  2 | task 238 | processing task, is_child = 0
slot get_availabl: id  0 | task -1 | selected slot by LRU, t_last = 313420552792
srv  get_availabl: updating prompt cache
srv          load:  - looking for better prompt, base f_keep = -1.000, sim = 0.000
srv        update:  - cache state: 0 prompts, 0.000 MiB (limits: 8192.000 MiB, 262144 tokens, 8589934592 est)
srv  get_availabl: prompt cache update took 0.00 ms
slot launch_slot_: id  0 | task -1 | sampler chain: logits -> ?penalties -> ?dry -> ?top-n-sigma -> top-k -> ?typical -> top-p -> min-p -> ?xtc -> ?temp-ext -> dist 
slot launch_slot_: id  0 | task 240 | processing task, is_child = 0
slot update_slots: id  0 | task 240 | new prompt, n_ctx_slot = 262144, n_keep = 0, task.n_tokens = 638
slot update_slots: id  0 | task 240 | erased invalidated context checkpoint (pos_min = 0, pos_max = 121, n_tokens = 122, n_swa = 1024, pos_next = 0, size = 95.315 MiB)
slot update_slots: id  0 | task 240 | n_tokens = 0, memory_seq_rm [0, end)
slot update_slots: id  0 | task 240 | prompt processing progress, n_tokens = 122, batch.n_tokens = 122, progress = 0.191223
slot update_slots: id  1 | task 237 | new prompt, n_ctx_slot = 262144, n_keep = 0, task.n_tokens = 617
slot update_slots: id  1 | task 237 | n_tokens = 319, memory_seq_rm [319, end)
srv  process_chun: processing image...
encoding image slice...
srv  params_from_: Chat format: peg-gemma4
srv          stop: cancel task, id_task = 236
srv  log_server_r: done request: POST /v1/chat/completions 127.0.0.1 200
srv          stop: cancel task, id_task = 238
srv  log_server_r: done request: POST /v1/chat/completions 127.0.0.1 200
srv          stop: cancel task, id_task = 237
srv  log_server_r: done request: POST /v1/chat/completions 127.0.0.1 200
srv  params_from_: Chat format: peg-gemma4
srv  params_from_: Chat format: peg-gemma4
srv          stop: cancel task, id_task = 240
srv  log_server_r: done request: POST /v1/chat/completions 127.0.0.1 200
srv  params_from_: Chat format: peg-gemma4
image slice encoded in 32853 ms
decoding image batch 1/1, n_tokens_batch = 266
sched_reserve: reserving ...
sched_reserve:      CUDA0 compute buffer size =   866.52 MiB
sched_reserve:  CUDA_Host compute buffer size =   542.02 MiB
sched_reserve: graph nodes  = 2462
sched_reserve: graph splits = 2
sched_reserve: reserve took 214.39 ms, sched copies = 1
image decoded (batch 1/1) in 930 ms
srv  process_chun: image processed in 33783 ms
slot update_slots: id  1 | task 237 | prompt processing progress, n_tokens = 613, batch.n_tokens = 150, progress = 0.993517
slot update_slots: id  2 | task 238 | new prompt, n_ctx_slot = 262144, n_keep = 0, task.n_tokens = 611
slot update_slots: id  2 | task 238 | erased invalidated context checkpoint (pos_min = 0, pos_max = 94, n_tokens = 95, n_swa = 1024, pos_next = 0, size = 74.221 MiB)
slot update_slots: id  2 | task 238 | n_tokens = 0, memory_seq_rm [0, end)
slot update_slots: id  2 | task 238 | prompt processing progress, n_tokens = 95, batch.n_tokens = 245, progress = 0.155483
slot update_slots: id  3 | task 236 | new prompt, n_ctx_slot = 262144, n_keep = 0, task.n_tokens = 617
slot update_slots: id  3 | task 236 | n_tokens = 613, memory_seq_rm [613, end)
slot init_sampler: id  3 | task 236 | init sampler, took 0.07 ms, tokens: text = 351, total = 617
slot update_slots: id  3 | task 236 | prompt processing done, n_tokens = 617, batch.n_tokens = 249
slot create_check: id  3 | task 236 | created context checkpoint 2 of 32 (pos_min = 0, pos_max = 612, n_tokens = 613, size = 478.914 MiB)
sched_reserve: reserving ...
sched_reserve:      CUDA0 compute buffer size =   866.52 MiB
sched_reserve:  CUDA_Host compute buffer size =   542.02 MiB
sched_reserve: graph nodes  = 2462
sched_reserve: graph splits = 2
sched_reserve: reserve took 97.01 ms, sched copies = 1
slot      release: id  0 | task 240 | stop processing: n_tokens = 122, truncated = 0
slot      release: id  1 | task 237 | stop processing: n_tokens = 613, truncated = 0
slot      release: id  2 | task 238 | stop processing: n_tokens = 95, truncated = 0
slot      release: id  3 | task 236 | stop processing: n_tokens = 617, truncated = 0
slot get_availabl: id  1 | task -1 | selected slot by LCP similarity, sim_best = 0.522 (> 0.100 thold), f_keep = 0.520
slot launch_slot_: id  1 | task -1 | sampler chain: logits -> ?penalties -> ?dry -> ?top-n-sigma -> top-k -> ?typical -> top-p -> min-p -> ?xtc -> ?temp-ext -> dist 
slot launch_slot_: id  1 | task 242 | processing task, is_child = 0
slot slot_save_an: id  0 | task -1 | saving idle slot to prompt cache
srv   prompt_save:  - saving prompt with length 122, total state size = 104.848 MiB
slot prompt_clear: id  0 | task -1 | clearing prompt with 122 tokens
srv        update:  - cache state: 1 prompts, 104.848 MiB (limits: 8192.000 MiB, 262144 tokens, 262144 est)
srv        update:    - prompt 0xaaab14cdbed0:     122 tokens, checkpoints:  0,   104.848 MiB
slot slot_save_an: id  2 | task -1 | saving idle slot to prompt cache
srv   prompt_save:  - saving prompt with length 95, total state size = 81.644 MiB
srv         alloc:  - prompt is already in the cache, skipping
slot prompt_clear: id  2 | task -1 | clearing prompt with 95 tokens
srv        update:  - cache state: 1 prompts, 104.848 MiB (limits: 8192.000 MiB, 262144 tokens, 262144 est)
srv        update:    - prompt 0xaaab14cdbed0:     122 tokens, checkpoints:  0,   104.848 MiB
slot slot_save_an: id  3 | task -1 | saving idle slot to prompt cache
srv   prompt_save:  - saving prompt with length 617, total state size = 530.250 MiB
srv         alloc:  - removing obsolete cached prompt with length 122
slot prompt_clear: id  3 | task -1 | clearing prompt with 617 tokens
srv        update:  - cache state: 1 prompts, 1104.479 MiB (limits: 8192.000 MiB, 262144 tokens, 262144 est)
srv        update:    - prompt 0xaaab14cdbed0:     617 tokens, checkpoints:  2,  1104.479 MiB
slot get_availabl: id  0 | task -1 | selected slot by LRU, t_last = 313457486588
srv  get_availabl: updating prompt cache
srv          load:  - looking for better prompt, base f_keep = -1.000, sim = 0.000
srv          load:  - found better prompt with f_keep = 0.517, sim = 0.522
srv        update:  - cache state: 0 prompts, 0.000 MiB (limits: 8192.000 MiB, 262144 tokens, 8589934592 est)
srv  get_availabl: prompt cache update took 1223.34 ms
slot launch_slot_: id  0 | task -1 | sampler chain: logits -> ?penalties -> ?dry -> ?top-n-sigma -> top-k -> ?typical -> top-p -> min-p -> ?xtc -> ?temp-ext -> dist 
slot launch_slot_: id  0 | task 246 | processing task, is_child = 0
slot get_availabl: id  2 | task -1 | selected slot by LRU, t_last = 313457486636
srv  get_availabl: updating prompt cache
srv          load:  - looking for better prompt, base f_keep = -1.000, sim = 0.000
srv        update:  - cache state: 0 prompts, 0.000 MiB (limits: 8192.000 MiB, 262144 tokens, 8589934592 est)
srv  get_availabl: prompt cache update took 0.03 ms
slot launch_slot_: id  2 | task -1 | sampler chain: logits -> ?penalties -> ?dry -> ?top-n-sigma -> top-k -> ?typical -> top-p -> min-p -> ?xtc -> ?temp-ext -> dist 
slot launch_slot_: id  2 | task 247 | processing task, is_child = 0
slot get_availabl: id  3 | task -1 | selected slot by LRU, t_last = 313457486654
srv  get_availabl: updating prompt cache
srv          load:  - looking for better prompt, base f_keep = -1.000, sim = 0.000
srv        update:  - cache state: 0 prompts, 0.000 MiB (limits: 8192.000 MiB, 262144 tokens, 8589934592 est)
srv  get_availabl: prompt cache update took 0.03 ms
slot launch_slot_: id  3 | task -1 | sampler chain: logits -> ?penalties -> ?dry -> ?top-n-sigma -> top-k -> ?typical -> top-p -> min-p -> ?xtc -> ?temp-ext -> dist 
slot launch_slot_: id  3 | task 249 | processing task, is_child = 0
slot update_slots: id  0 | task 246 | new prompt, n_ctx_slot = 262144, n_keep = 0, task.n_tokens = 611
slot update_slots: id  0 | task 246 | n_past = 319, slot.prompt.tokens.size() = 617, seq_id = 0, pos_min = 0, n_swa = 1024
slot update_slots: id  0 | task 246 | Checking checkpoint with [0, 612] against 0...
slot update_slots: id  0 | task 246 | restored context checkpoint (pos_min = 0, pos_max = 612, n_tokens = 613, n_past = 319, size = 478.914 MiB)
slot update_slots: id  0 | task 246 | erased invalidated context checkpoint (pos_min = 0, pos_max = 612, n_tokens = 613, n_swa = 1024, pos_next = 319, size = 478.914 MiB)
slot update_slots: id  0 | task 246 | n_tokens = 319, memory_seq_rm [319, end)
srv  process_chun: processing image...
encoding image slice...
srv          stop: cancel task, id_task = 242
srv  log_server_r: done request: POST /v1/chat/completions 127.0.0.1 200
srv          stop: cancel task, id_task = 246
srv  log_server_r: done request: POST /v1/chat/completions 127.0.0.1 200
srv          stop: cancel task, id_task = 247
srv  log_server_r: done request: POST /v1/chat/completions 127.0.0.1 200
srv  params_from_: Chat format: peg-gemma4
srv  params_from_: Chat format: peg-gemma4
srv  params_from_: Chat format: peg-gemma4
srv          stop: cancel task, id_task = 249
srv  log_server_r: done request: POST /v1/chat/completions 127.0.0.1 200
srv  params_from_: Chat format: peg-gemma4
srv          stop: cancel task, id_task = 254
srv  log_server_r: done request: POST /v1/chat/completions 127.0.0.1 200
srv          stop: cancel task, id_task = 256
srv  log_server_r: done request: POST /v1/chat/completions 127.0.0.1 200
srv          stop: cancel task, id_task = 255
srv  log_server_r: done request: POST /v1/chat/completions 127.0.0.1 200
srv  params_from_: Chat format: peg-gemma4
srv  params_from_: Chat format: peg-gemma4
srv  params_from_: Chat format: peg-gemma4
image slice encoded in 34119 ms
decoding image batch 1/1, n_tokens_batch = 266
sched_reserve: reserving ...
sched_reserve:      CUDA0 compute buffer size =   866.52 MiB
sched_reserve:  CUDA_Host compute buffer size =   542.02 MiB
sched_reserve: graph nodes  = 2462
sched_reserve: graph splits = 2
sched_reserve: reserve took 227.93 ms, sched copies = 1
image decoded (batch 1/1) in 934 ms
srv  process_chun: image processed in 35055 ms
slot update_slots: id  0 | task 246 | prompt processing progress, n_tokens = 607, batch.n_tokens = 22, progress = 0.993453
slot update_slots: id  1 | task 242 | new prompt, n_ctx_slot = 262144, n_keep = 0, task.n_tokens = 611
slot update_slots: id  1 | task 242 | n_past = 319, slot.prompt.tokens.size() = 613, seq_id = 1, pos_min = 0, n_swa = 1024
slot update_slots: id  1 | task 242 | Checking checkpoint with [0, 121] against 0...
slot update_slots: id  1 | task 242 | restored context checkpoint (pos_min = 0, pos_max = 121, n_tokens = 122, n_past = 121, size = 95.315 MiB)
slot update_slots: id  1 | task 242 | n_tokens = 121, memory_seq_rm [121, end)
slot update_slots: id  1 | task 242 | prompt processing progress, n_tokens = 319, batch.n_tokens = 220, progress = 0.522095
slot update_slots: id  2 | task 247 | new prompt, n_ctx_slot = 262144, n_keep = 0, task.n_tokens = 617
slot update_slots: id  2 | task 247 | n_tokens = 0, memory_seq_rm [0, end)
slot update_slots: id  2 | task 247 | prompt processing progress, n_tokens = 101, batch.n_tokens = 321, progress = 0.163695
slot update_slots: id  3 | task 249 | new prompt, n_ctx_slot = 262144, n_keep = 0, task.n_tokens = 617
slot update_slots: id  3 | task 249 | erased invalidated context checkpoint (pos_min = 0, pos_max = 121, n_tokens = 122, n_swa = 1024, pos_next = 0, size = 95.315 MiB)
slot update_slots: id  3 | task 249 | erased invalidated context checkpoint (pos_min = 0, pos_max = 612, n_tokens = 613, n_swa = 1024, pos_next = 0, size = 478.914 MiB)
slot update_slots: id  3 | task 249 | n_tokens = 0, memory_seq_rm [0, end)
slot update_slots: id  3 | task 249 | prompt processing progress, n_tokens = 101, batch.n_tokens = 422, progress = 0.163695
sched_reserve: reserving ...
sched_reserve:      CUDA0 compute buffer size =   866.52 MiB
sched_reserve:  CUDA_Host compute buffer size =   542.02 MiB
sched_reserve: graph nodes  = 2462
sched_reserve: graph splits = 2
sched_reserve: reserve took 97.44 ms, sched copies = 1
srv    operator(): operator(): cleaning up before exit...
srv          stop: cancel task, id_task = 258
srv  log_server_r: done request: POST /v1/chat/completions 127.0.0.1 200
