[INFO] [launch]: All log files can be found below /root/.ros/log/2026-05-30-05-45-08-853995-opennav-thor-7
[INFO] [launch]: Default logging verbosity is set to INFO
[INFO] [laserscan_merger.py-1]: process started with pid [39]
[INFO] [component_container_isolated-2]: process started with pid [40]
[INFO] [vlm_node-3]: process started with pid [41]
[INFO] [robot_mission_runner-4]: process started with pid [42]
[component_container_isolated-2] [INFO] [1780119909.956341330] [nav2_container]: Load Library: /opt/ros/jazzy/lib/libamcl_core.so
[component_container_isolated-2] [INFO] [1780119909.965763910] [nav2_container]: Found class: rclcpp_components::NodeFactoryTemplate<nav2_amcl::AmclNode>
[component_container_isolated-2] [INFO] [1780119909.965813209] [nav2_container]: Instantiate class: rclcpp_components::NodeFactoryTemplate<nav2_amcl::AmclNode>
[component_container_isolated-2] [INFO] [1780119909.970820187] [amcl]: 
[component_container_isolated-2] 	amcl lifecycle node launched. 
[component_container_isolated-2] 	Waiting on external lifecycle transitions to activate
[component_container_isolated-2] 	See https://design.ros2.org/articles/node_lifecycle.html for more information.
[component_container_isolated-2] [INFO] [1780119909.971249113] [amcl]: Creating
[INFO] [launch_ros.actions.load_composable_nodes]: Loaded node '/amcl' in container '/nav2_container'
[component_container_isolated-2] [INFO] [1780119909.974208266] [nav2_container]: Load Library: /opt/ros/jazzy/lib/libnav2_lifecycle_manager_core.so
[component_container_isolated-2] [INFO] [1780119909.975131804] [nav2_container]: Found class: rclcpp_components::NodeFactoryTemplate<nav2_lifecycle_manager::LifecycleManager>
[component_container_isolated-2] [INFO] [1780119909.975150008] [nav2_container]: Instantiate class: rclcpp_components::NodeFactoryTemplate<nav2_lifecycle_manager::LifecycleManager>
[component_container_isolated-2] [INFO] [1780119909.978481741] [lifecycle_manager_localization]: Creating
[component_container_isolated-2] [INFO] [1780119909.982105662] [lifecycle_manager_localization]: [34m[1mCreating and initializing lifecycle service clients[0m[0m
[INFO] [launch_ros.actions.load_composable_nodes]: Loaded node '/lifecycle_manager_localization' in container '/nav2_container'
[component_container_isolated-2] [INFO] [1780119910.157918886] [nav2_container]: Load Library: /opt/ros/jazzy/lib/libcontroller_server_core.so
[component_container_isolated-2] [INFO] [1780119910.160523745] [nav2_container]: Found class: rclcpp_components::NodeFactoryTemplate<nav2_controller::ControllerServer>
[component_container_isolated-2] [INFO] [1780119910.160547598] [nav2_container]: Instantiate class: rclcpp_components::NodeFactoryTemplate<nav2_controller::ControllerServer>
[component_container_isolated-2] [INFO] [1780119910.164126646] [controller_server]: 
[component_container_isolated-2] 	controller_server lifecycle node launched. 
[component_container_isolated-2] 	Waiting on external lifecycle transitions to activate
[component_container_isolated-2] 	See https://design.ros2.org/articles/node_lifecycle.html for more information.
[component_container_isolated-2] [INFO] [1780119910.166908069] [controller_server]: Creating controller server
[component_container_isolated-2] [INFO] [1780119910.170938349] [local_costmap.local_costmap]: 
[component_container_isolated-2] 	local_costmap lifecycle node launched. 
[component_container_isolated-2] 	Waiting on external lifecycle transitions to activate
[component_container_isolated-2] 	See https://design.ros2.org/articles/node_lifecycle.html for more information.
[component_container_isolated-2] [INFO] [1780119910.171381126] [local_costmap.local_costmap]: Creating Costmap
[INFO] [launch_ros.actions.load_composable_nodes]: Loaded node '/controller_server' in container '/nav2_container'
[component_container_isolated-2] [INFO] [1780119910.173955475] [nav2_container]: Load Library: /opt/ros/jazzy/lib/libsmoother_server_core.so
[component_container_isolated-2] [INFO] [1780119910.175796033] [nav2_container]: Found class: rclcpp_components::NodeFactoryTemplate<nav2_smoother::SmootherServer>
[component_container_isolated-2] [INFO] [1780119910.175813655] [nav2_container]: Instantiate class: rclcpp_components::NodeFactoryTemplate<nav2_smoother::SmootherServer>
[component_container_isolated-2] [INFO] [1780119910.182747501] [smoother_server]: 
[component_container_isolated-2] 	smoother_server lifecycle node launched. 
[component_container_isolated-2] 	Waiting on external lifecycle transitions to activate
[component_container_isolated-2] 	See https://design.ros2.org/articles/node_lifecycle.html for more information.
[component_container_isolated-2] [INFO] [1780119910.183841066] [smoother_server]: Creating smoother server
[component_container_isolated-2] [INFO] [1780119910.184294835] [nav2_container]: Load Library: /opt/ros/jazzy/lib/libmap_server_core.so
[INFO] [launch_ros.actions.load_composable_nodes]: Loaded node '/smoother_server' in container '/nav2_container'
[component_container_isolated-2] [INFO] [1780119910.197916128] [nav2_container]: Found class: rclcpp_components::NodeFactoryTemplate<nav2_map_server::CostmapFilterInfoServer>
[component_container_isolated-2] [INFO] [1780119910.197947240] [nav2_container]: Found class: rclcpp_components::NodeFactoryTemplate<nav2_map_server::MapSaver>
[component_container_isolated-2] [INFO] [1780119910.197952925] [nav2_container]: Found class: rclcpp_components::NodeFactoryTemplate<nav2_map_server::MapServer>
[component_container_isolated-2] [INFO] [1780119910.197957545] [nav2_container]: Instantiate class: rclcpp_components::NodeFactoryTemplate<nav2_map_server::MapServer>
[component_container_isolated-2] [INFO] [1780119910.201730297] [map_server]: 
[component_container_isolated-2] 	map_server lifecycle node launched. 
[component_container_isolated-2] 	Waiting on external lifecycle transitions to activate
[component_container_isolated-2] 	See https://design.ros2.org/articles/node_lifecycle.html for more information.
[component_container_isolated-2] [INFO] [1780119910.201765696] [map_server]: Creating
[INFO] [launch_ros.actions.load_composable_nodes]: Loaded node '/map_server' in container '/nav2_container'
[component_container_isolated-2] [INFO] [1780119910.202764007] [nav2_container]: Load Library: /opt/ros/jazzy/lib/libplanner_server_core.so
[component_container_isolated-2] [INFO] [1780119910.202874706] [lifecycle_manager_localization]: [34m[1mStarting managed nodes bringup...[0m[0m
[component_container_isolated-2] [INFO] [1780119910.202920624] [lifecycle_manager_localization]: [34m[1mConfiguring map_server[0m[0m
[component_container_isolated-2] [INFO] [1780119910.203108308] [map_server]: Configuring
[component_container_isolated-2] [INFO] [1780119910.203171755] [map_io]: Loading yaml file: /root/ws/install/opennav_benchmark_mission_dispatcher/share/opennav_benchmark_mission_dispatcher/maps/benchmark_warehouse.yaml
[component_container_isolated-2] [INFO] [1780119910.203387949] [map_io]: resolution: 0.05
[component_container_isolated-2] [INFO] [1780119910.203397727] [map_io]: origin[0]: -65.2
[component_container_isolated-2] [INFO] [1780119910.203400534] [map_io]: origin[1]: -71.2
[component_container_isolated-2] [INFO] [1780119910.203403034] [map_io]: origin[2]: 0
[component_container_isolated-2] [INFO] [1780119910.203405608] [map_io]: free_thresh: 0.25
[component_container_isolated-2] [INFO] [1780119910.203408172] [map_io]: occupied_thresh: 0.65
[component_container_isolated-2] [INFO] [1780119910.203412543] [map_io]: mode: trinary
[component_container_isolated-2] [INFO] [1780119910.203415413] [map_io]: negate: 0
[component_container_isolated-2] [INFO] [1780119910.203499862] [nav2_container]: Found class: rclcpp_components::NodeFactoryTemplate<nav2_planner::PlannerServer>
[component_container_isolated-2] [INFO] [1780119910.203513251] [nav2_container]: Instantiate class: rclcpp_components::NodeFactoryTemplate<nav2_planner::PlannerServer>
[component_container_isolated-2] [INFO] [1780119910.203626765] [map_io]: Loading image_file: /root/ws/install/opennav_benchmark_mission_dispatcher/share/opennav_benchmark_mission_dispatcher/maps/benchmark_warehouse.pgm
[component_container_isolated-2] [INFO] [1780119910.207040889] [planner_server]: 
[component_container_isolated-2] 	planner_server lifecycle node launched. 
[component_container_isolated-2] 	Waiting on external lifecycle transitions to activate
[component_container_isolated-2] 	See https://design.ros2.org/articles/node_lifecycle.html for more information.
[component_container_isolated-2] [INFO] [1780119910.208137019] [planner_server]: Creating
[component_container_isolated-2] [INFO] [1780119910.212231042] [global_costmap.global_costmap]: 
[component_container_isolated-2] 	global_costmap lifecycle node launched. 
[component_container_isolated-2] 	Waiting on external lifecycle transitions to activate
[component_container_isolated-2] 	See https://design.ros2.org/articles/node_lifecycle.html for more information.
[component_container_isolated-2] [INFO] [1780119910.212613568] [global_costmap.global_costmap]: Creating Costmap
[INFO] [launch_ros.actions.load_composable_nodes]: Loaded node '/planner_server' in container '/nav2_container'
[component_container_isolated-2] [INFO] [1780119910.215208426] [nav2_container]: Load Library: /opt/ros/jazzy/lib/libroute_server_core.so
[component_container_isolated-2] [INFO] [1780119910.216778797] [nav2_container]: Found class: rclcpp_components::NodeFactoryTemplate<nav2_route::RouteServer>
[component_container_isolated-2] [INFO] [1780119910.216796576] [nav2_container]: Instantiate class: rclcpp_components::NodeFactoryTemplate<nav2_route::RouteServer>
[component_container_isolated-2] [INFO] [1780119910.220600347] [route_server]: 
[component_container_isolated-2] 	route_server lifecycle node launched. 
[component_container_isolated-2] 	Waiting on external lifecycle transitions to activate
[component_container_isolated-2] 	See https://design.ros2.org/articles/node_lifecycle.html for more information.
[INFO] [launch_ros.actions.load_composable_nodes]: Loaded node '/route_server' in container '/nav2_container'
[component_container_isolated-2] [INFO] [1780119910.222378347] [nav2_container]: Load Library: /opt/ros/jazzy/lib/libbehavior_server_core.so
[component_container_isolated-2] [INFO] [1780119910.223216687] [nav2_container]: Found class: rclcpp_components::NodeFactoryTemplate<behavior_server::BehaviorServer>
[component_container_isolated-2] [INFO] [1780119910.223231966] [nav2_container]: Instantiate class: rclcpp_components::NodeFactoryTemplate<behavior_server::BehaviorServer>
[component_container_isolated-2] [INFO] [1780119910.227142075] [behavior_server]: 
[component_container_isolated-2] 	behavior_server lifecycle node launched. 
[component_container_isolated-2] 	Waiting on external lifecycle transitions to activate
[component_container_isolated-2] 	See https://design.ros2.org/articles/node_lifecycle.html for more information.
[laserscan_merger.py-1] [INFO] [1780119910.227938006] [laserscan_merger]: Subscribed to /scan_front_left
[laserscan_merger.py-1] [INFO] [1780119910.228815080] [laserscan_merger]: Subscribed to /scan_front_right
[INFO] [launch_ros.actions.load_composable_nodes]: Loaded node '/behavior_server' in container '/nav2_container'
[laserscan_merger.py-1] [INFO] [1780119910.229536415] [laserscan_merger]: Publishing merged scan on /scan_merged in frame base_link
[component_container_isolated-2] [INFO] [1780119910.230602932] [nav2_container]: Load Library: /opt/ros/jazzy/lib/libbt_navigator_core.so
[component_container_isolated-2] [INFO] [1780119910.233646588] [nav2_container]: Found class: rclcpp_components::NodeFactoryTemplate<nav2_bt_navigator::BtNavigator>
[component_container_isolated-2] [INFO] [1780119910.233666616] [nav2_container]: Instantiate class: rclcpp_components::NodeFactoryTemplate<nav2_bt_navigator::BtNavigator>
[component_container_isolated-2] [INFO] [1780119910.238136869] [bt_navigator]: 
[component_container_isolated-2] 	bt_navigator lifecycle node launched. 
[component_container_isolated-2] 	Waiting on external lifecycle transitions to activate
[component_container_isolated-2] 	See https://design.ros2.org/articles/node_lifecycle.html for more information.
[component_container_isolated-2] [INFO] [1780119910.239201450] [bt_navigator]: Creating
[INFO] [launch_ros.actions.load_composable_nodes]: Loaded node '/bt_navigator' in container '/nav2_container'
[component_container_isolated-2] [INFO] [1780119910.242459642] [nav2_container]: Load Library: /opt/ros/jazzy/lib/libwaypoint_follower_core.so
[component_container_isolated-2] [INFO] [1780119910.243591911] [nav2_container]: Found class: rclcpp_components::NodeFactoryTemplate<nav2_waypoint_follower::WaypointFollower>
[component_container_isolated-2] [INFO] [1780119910.243608838] [nav2_container]: Instantiate class: rclcpp_components::NodeFactoryTemplate<nav2_waypoint_follower::WaypointFollower>
[component_container_isolated-2] [INFO] [1780119910.247532911] [waypoint_follower]: 
[component_container_isolated-2] 	waypoint_follower lifecycle node launched. 
[component_container_isolated-2] 	Waiting on external lifecycle transitions to activate
[component_container_isolated-2] 	See https://design.ros2.org/articles/node_lifecycle.html for more information.
[component_container_isolated-2] [INFO] [1780119910.247929371] [waypoint_follower]: Creating
[INFO] [launch_ros.actions.load_composable_nodes]: Loaded node '/waypoint_follower' in container '/nav2_container'
[component_container_isolated-2] [INFO] [1780119910.249752559] [nav2_container]: Load Library: /opt/ros/jazzy/lib/libvelocity_smoother_core.so
[component_container_isolated-2] [INFO] [1780119910.250714025] [nav2_container]: Found class: rclcpp_components::NodeFactoryTemplate<nav2_velocity_smoother::VelocitySmoother>
[component_container_isolated-2] [INFO] [1780119910.250729739] [nav2_container]: Instantiate class: rclcpp_components::NodeFactoryTemplate<nav2_velocity_smoother::VelocitySmoother>
[component_container_isolated-2] [INFO] [1780119910.251752716] [map_io]: Read map /root/ws/install/opennav_benchmark_mission_dispatcher/share/opennav_benchmark_mission_dispatcher/maps/benchmark_warehouse.pgm: 2608 X 2848 map @ 0.05 m/cell
[component_container_isolated-2] [INFO] [1780119910.255703382] [lifecycle_manager_localization]: [34m[1mConfiguring amcl[0m[0m
[component_container_isolated-2] [INFO] [1780119910.255976533] [velocity_smoother]: 
[component_container_isolated-2] 	velocity_smoother lifecycle node launched. 
[component_container_isolated-2] 	Waiting on external lifecycle transitions to activate
[component_container_isolated-2] 	See https://design.ros2.org/articles/node_lifecycle.html for more information.
[component_container_isolated-2] [INFO] [1780119910.256026350] [amcl]: Configuring
[component_container_isolated-2] [INFO] [1780119910.256138743] [amcl]: initTransforms
[INFO] [launch_ros.actions.load_composable_nodes]: Loaded node '/velocity_smoother' in container '/nav2_container'
[component_container_isolated-2] [INFO] [1780119910.259612018] [amcl]: initPubSub
[component_container_isolated-2] [INFO] [1780119910.260662812] [amcl]: Subscribed to map topic.
[component_container_isolated-2] [INFO] [1780119910.260963611] [nav2_container]: Load Library: /opt/ros/jazzy/lib/libcollision_monitor_core.so
[component_container_isolated-2] [INFO] [1780119910.264000063] [nav2_container]: Found class: rclcpp_components::NodeFactoryTemplate<nav2_collision_monitor::CollisionMonitor>
[component_container_isolated-2] [INFO] [1780119910.264025666] [nav2_container]: Instantiate class: rclcpp_components::NodeFactoryTemplate<nav2_collision_monitor::CollisionMonitor>
[component_container_isolated-2] [INFO] [1780119910.265663476] [lifecycle_manager_localization]: [34m[1mActivating map_server[0m[0m
[component_container_isolated-2] [INFO] [1780119910.265973748] [map_server]: Activating
[component_container_isolated-2] [INFO] [1780119910.268017805] [map_server]: Creating bond (map_server) to lifecycle manager.
[component_container_isolated-2] [INFO] [1780119910.268962438] [amcl]: Received a 2608 X 2848 map @ 0.050 m/pix
[INFO] [launch_ros.actions.load_composable_nodes]: Loaded node '/collision_monitor' in container '/nav2_container'
[component_container_isolated-2] [INFO] [1780119910.269553806] [collision_monitor]: 
[component_container_isolated-2] 	collision_monitor lifecycle node launched. 
[component_container_isolated-2] 	Waiting on external lifecycle transitions to activate
[component_container_isolated-2] 	See https://design.ros2.org/articles/node_lifecycle.html for more information.
[component_container_isolated-2] [INFO] [1780119910.272107764] [nav2_container]: Load Library: /opt/ros/jazzy/lib/libopennav_docking_core.so
[component_container_isolated-2] [INFO] [1780119910.273707618] [nav2_container]: Found class: rclcpp_components::NodeFactoryTemplate<opennav_docking::DockingServer>
[component_container_isolated-2] [INFO] [1780119910.273729109] [nav2_container]: Instantiate class: rclcpp_components::NodeFactoryTemplate<opennav_docking::DockingServer>
[component_container_isolated-2] [INFO] [1780119910.278365832] [docking_server]: 
[component_container_isolated-2] 	docking_server lifecycle node launched. 
[component_container_isolated-2] 	Waiting on external lifecycle transitions to activate
[component_container_isolated-2] 	See https://design.ros2.org/articles/node_lifecycle.html for more information.
[component_container_isolated-2] [INFO] [1780119910.278417260] [docking_server]: Creating docking_server
[INFO] [launch_ros.actions.load_composable_nodes]: Loaded node '/docking_server' in container '/nav2_container'
[component_container_isolated-2] [INFO] [1780119910.280509533] [nav2_container]: Found class: rclcpp_components::NodeFactoryTemplate<nav2_lifecycle_manager::LifecycleManager>
[component_container_isolated-2] [INFO] [1780119910.280527543] [nav2_container]: Instantiate class: rclcpp_components::NodeFactoryTemplate<nav2_lifecycle_manager::LifecycleManager>
[component_container_isolated-2] [INFO] [1780119910.284341397] [lifecycle_manager_navigation]: Creating
[component_container_isolated-2] [INFO] [1780119910.285273334] [lifecycle_manager_navigation]: [34m[1mCreating and initializing lifecycle service clients[0m[0m
[INFO] [launch_ros.actions.load_composable_nodes]: Loaded node '/lifecycle_manager_navigation' in container '/nav2_container'
[component_container_isolated-2] [INFO] [1780119910.291371099] [lifecycle_manager_navigation]: [34m[1mStarting managed nodes bringup...[0m[0m
[component_container_isolated-2] [INFO] [1780119910.291435194] [lifecycle_manager_navigation]: [34m[1mConfiguring controller_server[0m[0m
[component_container_isolated-2] [INFO] [1780119910.291589052] [controller_server]: Configuring controller interface
[component_container_isolated-2] [INFO] [1780119910.291619360] [controller_server]: getting progress checker plugins..
[component_container_isolated-2] [INFO] [1780119910.291902492] [controller_server]: getting goal checker plugins..
[component_container_isolated-2] [INFO] [1780119910.291999265] [controller_server]: Controller frequency set to 30.0000Hz
[component_container_isolated-2] [INFO] [1780119910.292046137] [local_costmap.local_costmap]: Configuring
[component_container_isolated-2] [INFO] [1780119910.294878468] [local_costmap.local_costmap]: Using plugin "obstacle_layer"
[component_container_isolated-2] [INFO] [1780119910.298632551] [local_costmap.local_costmap]: Subscribed to Topics: scan_front_left scan_front_right
[component_container_isolated-2] [INFO] [1780119910.303168140] [local_costmap.local_costmap]: Initialized plugin "obstacle_layer"
[component_container_isolated-2] [INFO] [1780119910.303198947] [local_costmap.local_costmap]: Using plugin "voxel_layer"
[component_container_isolated-2] [INFO] [1780119910.304117975] [local_costmap.local_costmap]: Subscribed to Topics: camera_front_left camera_front_right camera_rear vlm_obstacles
[component_container_isolated-2] [INFO] [1780119910.314035039] [local_costmap.local_costmap]: Initialized plugin "voxel_layer"
[component_container_isolated-2] [INFO] [1780119910.314065920] [local_costmap.local_costmap]: Using plugin "stvl_layer"
[component_container_isolated-2] [INFO] [1780119910.338207293] [local_costmap.local_costmap]: stvl_layer being initialized as SpatioTemporalVoxelLayer!
[component_container_isolated-2] [INFO] [1780119910.338252693] [local_costmap.local_costmap]: stvl_layer's global frame is odom.
[component_container_isolated-2] [INFO] [1780119910.339988432] [local_costmap.local_costmap]: stvl_layer loaded parameters from parameter server.
[component_container_isolated-2] [INFO] [1780119910.341174816] [local_costmap.local_costmap]: stvl_layer created underlying voxel grid.
[component_container_isolated-2] [INFO] [1780119910.343843835] [local_costmap.local_costmap]: Voxel filter activated.
[component_container_isolated-2] [INFO] [1780119910.347547370] [local_costmap.local_costmap]: Voxel filter activated.
[component_container_isolated-2] [INFO] [1780119910.350481141] [local_costmap.local_costmap]: Voxel filter activated.
[component_container_isolated-2] [INFO] [1780119910.351237663] [local_costmap.local_costmap]: stvl_layer initialization complete!
[component_container_isolated-2] [INFO] [1780119910.351295703] [local_costmap.local_costmap]: Initialized plugin "stvl_layer"
[component_container_isolated-2] [INFO] [1780119910.351302601] [local_costmap.local_costmap]: Using plugin "inflation_layer"
[component_container_isolated-2] [INFO] [1780119910.353027359] [local_costmap.local_costmap]: Initialized plugin "inflation_layer"
[component_container_isolated-2] [INFO] [1780119910.362510793] [controller_server]: Created progress_checker : progress_checker of type nav2_controller::SimpleProgressChecker
[component_container_isolated-2] [INFO] [1780119910.362891003] [controller_server]: Controller Server has progress_checker  progress checkers available.
[component_container_isolated-2] [INFO] [1780119910.363385126] [controller_server]: Created goal checker : general_goal_checker of type nav2_controller::SimpleGoalChecker
[component_container_isolated-2] [INFO] [1780119910.363902008] [controller_server]: Controller Server has general_goal_checker  goal checkers available.
[component_container_isolated-2] [INFO] [1780119910.365016490] [controller_server]: Created controller : FollowPath of type nav2_mppi_controller::MPPIController
[component_container_isolated-2] [WARN] [1780119910.367587459] [controller_server]: Controller period is less then model dt, consider setting it equal
[component_container_isolated-2] [INFO] [1780119910.368937350] [controller_server]: ConstraintCritic instantiated with 1 power and 4.000000 weight.
[component_container_isolated-2] [INFO] [1780119910.368974490] [controller_server]: Critic loaded : mppi::critics::ConstraintCritic
[component_container_isolated-2] [INFO] [1780119910.369824942] [controller_server]: InflationCostCritic instantiated with 1 power and 300.000000 / 0.015000 weights. Critic will collision check based on footprint cost.
[component_container_isolated-2] [INFO] [1780119910.369875157] [controller_server]: Critic loaded : mppi::critics::CostCritic
[component_container_isolated-2] [INFO] [1780119910.370180253] [controller_server]: GoalCritic instantiated with 1 power and 5.000000 weight.
[component_container_isolated-2] [INFO] [1780119910.370203903] [controller_server]: Critic loaded : mppi::critics::GoalCritic
[component_container_isolated-2] [INFO] [1780119910.370466738] [lifecycle_manager_localization]: Server map_server connected with bond.
[component_container_isolated-2] [INFO] [1780119910.370497220] [controller_server]: GoalAngleCritic instantiated with 1 power, 3.000000 weight, 0.500000 angular threshold and symmetric_yaw_tolerance disabled
[component_container_isolated-2] [INFO] [1780119910.370560353] [controller_server]: Critic loaded : mppi::critics::GoalAngleCritic
[component_container_isolated-2] [INFO] [1780119910.370517971] [lifecycle_manager_localization]: [34m[1mActivating amcl[0m[0m
[component_container_isolated-2] [INFO] [1780119910.371281661] [controller_server]: ReferenceTrajectoryCritic instantiated with 1 power and 14.000000 weight
[component_container_isolated-2] [INFO] [1780119910.371292948] [controller_server]: Critic loaded : mppi::critics::PathAlignCritic
[component_container_isolated-2] [INFO] [1780119910.371552820] [controller_server]: Critic loaded : mppi::critics::PathFollowCritic
[component_container_isolated-2] [INFO] [1780119910.372214681] [controller_server]: PathAngleCritic instantiated with 1 power and 2.000000 weight. Mode set to: Consider Feasible Path Orientations
[component_container_isolated-2] [INFO] [1780119910.372257239] [controller_server]: Critic loaded : mppi::critics::PathAngleCritic
[component_container_isolated-2] [INFO] [1780119910.372325148] [amcl]: Activating
[component_container_isolated-2] [INFO] [1780119910.372367243] [amcl]: Creating bond (amcl) to lifecycle manager.
[component_container_isolated-2] [INFO] [1780119910.372679108] [controller_server]: PreferForwardCritic instantiated with 1 power and 5.000000 weight.
[component_container_isolated-2] [INFO] [1780119910.372699479] [controller_server]: Critic loaded : mppi::critics::PreferForwardCritic
[component_container_isolated-2] [INFO] [1780119910.374634606] [controller_server]: Optimizer reset
[component_container_isolated-2] [INFO] [1780119910.376683340] [MPPIController]: Configured MPPI Controller: FollowPath
[component_container_isolated-2] [INFO] [1780119910.376698276] [controller_server]: Controller Server has FollowPath  controllers available.
[component_container_isolated-2] [INFO] [1780119910.378995437] [amcl]: createLaserObject
[component_container_isolated-2] [INFO] [1780119910.381350860] [lifecycle_manager_navigation]: [34m[1mConfiguring smoother_server[0m[0m
[component_container_isolated-2] [INFO] [1780119910.384639980] [smoother_server]: Configuring smoother server
[component_container_isolated-2] [INFO] [1780119910.391141215] [smoother_server]: Created smoother : path_smoother of type nav2_constrained_smoother/ConstrainedSmoother
[component_container_isolated-2] [INFO] [1780119910.392016057] [smoother_server]: Smoother Server has path_smoother  smoothers available.
[component_container_isolated-2] [INFO] [1780119910.394654075] [lifecycle_manager_navigation]: [34m[1mConfiguring planner_server[0m[0m
[component_container_isolated-2] [INFO] [1780119910.394790016] [planner_server]: Configuring
[component_container_isolated-2] [INFO] [1780119910.394841351] [global_costmap.global_costmap]: Configuring
[component_container_isolated-2] [INFO] [1780119910.397561085] [global_costmap.global_costmap]: Using plugin "static_layer"
[component_container_isolated-2] [INFO] [1780119910.398592915] [global_costmap.global_costmap]: Subscribing to the map topic (/map) with transient local durability
[component_container_isolated-2] [INFO] [1780119910.398893317] [global_costmap.global_costmap]: Initialized plugin "static_layer"
[component_container_isolated-2] [INFO] [1780119910.398907661] [global_costmap.global_costmap]: Using plugin "obstacle_layer"
[component_container_isolated-2] [INFO] [1780119910.399436896] [global_costmap.global_costmap]: Subscribed to Topics: scan_front_left scan_front_right
[component_container_isolated-2] [INFO] [1780119910.403862276] [global_costmap.global_costmap]: Initialized plugin "obstacle_layer"
[component_container_isolated-2] [INFO] [1780119910.403885351] [global_costmap.global_costmap]: Using plugin "voxel_layer"
[component_container_isolated-2] [INFO] [1780119910.404245422] [global_costmap.global_costmap]: Subscribed to Topics: camera_front_left camera_front_right camera_rear vlm_obstacles
[component_container_isolated-2] [INFO] [1780119910.413249539] [global_costmap.global_costmap]: Initialized plugin "voxel_layer"
[component_container_isolated-2] [INFO] [1780119910.413284031] [global_costmap.global_costmap]: Using plugin "stvl_layer"
[component_container_isolated-2] [INFO] [1780119910.413492827] [global_costmap.global_costmap]: stvl_layer being initialized as SpatioTemporalVoxelLayer!
[component_container_isolated-2] [INFO] [1780119910.413507874] [global_costmap.global_costmap]: stvl_layer's global frame is map.
[component_container_isolated-2] [INFO] [1780119910.414045637] [global_costmap.global_costmap]: stvl_layer loaded parameters from parameter server.
[component_container_isolated-2] [INFO] [1780119910.414706989] [global_costmap.global_costmap]: stvl_layer created underlying voxel grid.
[component_container_isolated-2] [INFO] [1780119910.416547353] [global_costmap.global_costmap]: Voxel filter activated.
[robot_mission_runner-4] [WARN] [1780119910.418698739] [rcl.logging_rosout]: Publisher already registered for node name: 'robot_mission_runner'. If this is due to multiple nodes with the same name then all logs for the logger named 'robot_mission_runner' will go out over the existing publisher. As soon as any node with that name is destructed it will unregister the publisher, preventing any further logs for that name from being published on the rosout topic.
[component_container_isolated-2] [INFO] [1780119910.419005882] [global_costmap.global_costmap]: Voxel filter activated.
[component_container_isolated-2] [INFO] [1780119910.421951450] [global_costmap.global_costmap]: Voxel filter activated.
[component_container_isolated-2] [INFO] [1780119910.423224791] [global_costmap.global_costmap]: stvl_layer initialization complete!
[component_container_isolated-2] [INFO] [1780119910.423248301] [global_costmap.global_costmap]: Initialized plugin "stvl_layer"
[component_container_isolated-2] [INFO] [1780119910.423256412] [global_costmap.global_costmap]: Using plugin "inflation_layer"
[component_container_isolated-2] [INFO] [1780119910.424802032] [global_costmap.global_costmap]: Initialized plugin "inflation_layer"
[component_container_isolated-2] [INFO] [1780119910.435130512] [global_costmap.global_costmap]: StaticLayer: Resizing costmap to 2608 X 2848 at 0.050000 m/pix
[component_container_isolated-2] [INFO] [1780119910.438385195] [planner_server]: Created global planner plugin GridBased of type nav2_smac_planner::SmacPlannerHybrid
[component_container_isolated-2] [INFO] [1780119910.438445956] [planner_server]: Configuring GridBased of type SmacPlannerHybrid
[component_container_isolated-2] [INFO] [1780119910.439903008] [planner_server]: Even sized heuristic lookup table size set 100.000000, increasing size by 1 to make odd
[component_container_isolated-2] [INFO] [1780119910.475125363] [lifecycle_manager_localization]: Server amcl connected with bond.
[component_container_isolated-2] [INFO] [1780119910.475177431] [lifecycle_manager_localization]: [34m[1mManaged nodes are active[0m[0m
[component_container_isolated-2] [INFO] [1780119910.475194255] [lifecycle_manager_localization]: [34m[1mCreating bond timer...[0m[0m
[robot_mission_runner-4] [INFO] [1780119910.721855494] [robot_mission_runner]: Sending initial pose...
[robot_mission_runner-4] [INFO] [1780119910.722410933] [robot_mission_runner]: Publishing Initial Pose
[vlm_node-3] [INFO] [1780119910.756375275] [vlm_node]: Subscribed to image topic: /camera_front/image
[component_container_isolated-2] [INFO] [1780119911.299351191] [planner_server]: Configured plugin GridBased of type SmacPlannerHybrid with maximum iterations 100000000, max on approach iterations 1000, and allowing unknown traversal. Tolerance 0.30.Using motion model: Reeds-Shepp.
[component_container_isolated-2] [INFO] [1780119911.299417647] [planner_server]: Planner Server has GridBased  planners available.
[component_container_isolated-2] [INFO] [1780119911.303822684] [lifecycle_manager_navigation]: [34m[1mConfiguring route_server[0m[0m
[component_container_isolated-2] [INFO] [1780119911.304148587] [route_server]: Configuring
[component_container_isolated-2] [INFO] [1780119911.318720558] [route_server]: Created GraphFileLoader GeoJsonGraphFileLoader of type nav2_route::GeoJsonGraphFileLoader
[component_container_isolated-2] [INFO] [1780119911.318775357] [route_server]: Configuring geojson graph file loader
[component_container_isolated-2] [INFO] [1780119911.318794302] [route_server]: No graph file provided to load yet.
[component_container_isolated-2] [INFO] [1780119911.321946545] [route_server]: Created edge cost function plugin DistanceScorer of type nav2_route::DistanceScorer
[component_container_isolated-2] [INFO] [1780119911.321979880] [route_server]: Configuring distance scorer.
[component_container_isolated-2] [INFO] [1780119911.322599702] [route_server]: Created edge cost function plugin CostmapScorer of type nav2_route::CostmapScorer
[component_container_isolated-2] [INFO] [1780119911.322616740] [route_server]: Configuring costmap scorer.
[component_container_isolated-2] [INFO] [1780119911.326872094] [route_server]: Created route operation AdjustSpeedLimit of type nav2_route::AdjustSpeedLimit
[component_container_isolated-2] [INFO] [1780119911.326906809] [route_server]: Configuring Adjust speed limit operation.
[component_container_isolated-2] [INFO] [1780119911.327956251] [route_server]: Created route operation ReroutingService of type nav2_route::ReroutingService
[component_container_isolated-2] [INFO] [1780119911.327978076] [route_server]: Configuring Rerouting service operation.
[component_container_isolated-2] [INFO] [1780119911.328615667] [route_server]: Created route operation CollisionMonitor of type nav2_route::CollisionMonitor
[component_container_isolated-2] [INFO] [1780119911.328812536] [route_server]: Using costmap topic: local_costmap/costmap_raw instead of server costmap topic: global_costmap/costmap_raw for CollisionMonitor.
[component_container_isolated-2] [INFO] [1780119911.332457152] [lifecycle_manager_navigation]: [34m[1mConfiguring behavior_server[0m[0m
[component_container_isolated-2] [INFO] [1780119911.332632697] [behavior_server]: Configuring
[component_container_isolated-2] [INFO] [1780119911.335547180] [behavior_server]: Creating behavior plugin spin of type nav2_behaviors::Spin
[component_container_isolated-2] [INFO] [1780119911.336632225] [behavior_server]: Creating behavior plugin backup of type nav2_behaviors::BackUp
[component_container_isolated-2] [INFO] [1780119911.337452796] [behavior_server]: Creating behavior plugin drive_on_heading of type nav2_behaviors::DriveOnHeading
[component_container_isolated-2] [INFO] [1780119911.338215653] [behavior_server]: Creating behavior plugin assisted_teleop of type nav2_behaviors::AssistedTeleop
[component_container_isolated-2] [INFO] [1780119911.340175772] [behavior_server]: Creating behavior plugin wait of type nav2_behaviors::Wait
[component_container_isolated-2] [INFO] [1780119911.342150762] [behavior_server]: Configuring spin
[component_container_isolated-2] [INFO] [1780119911.345848232] [behavior_server]: Configuring backup
[component_container_isolated-2] [INFO] [1780119911.348431664] [behavior_server]: Configuring drive_on_heading
[component_container_isolated-2] [INFO] [1780119911.350740122] [behavior_server]: Configuring assisted_teleop
[component_container_isolated-2] [INFO] [1780119911.354076281] [behavior_server]: Configuring wait
[component_container_isolated-2] [INFO] [1780119911.356852851] [lifecycle_manager_navigation]: [34m[1mConfiguring velocity_smoother[0m[0m
[component_container_isolated-2] [INFO] [1780119911.357310120] [velocity_smoother]: Configuring velocity smoother
[component_container_isolated-2] [INFO] [1780119911.361022674] [lifecycle_manager_navigation]: [34m[1mConfiguring collision_monitor[0m[0m
[component_container_isolated-2] [INFO] [1780119911.361204468] [collision_monitor]: Configuring
[component_container_isolated-2] [INFO] [1780119911.366013762] [collision_monitor]: [scan_front_left]: Creating Scan
[component_container_isolated-2] [INFO] [1780119911.367259278] [collision_monitor]: [scan_front_right]: Creating Scan
[component_container_isolated-2] [INFO] [1780119911.368308961] [collision_monitor]: [FootprintApproach]: Creating Polygon
[component_container_isolated-2] [INFO] [1780119911.368502996] [collision_monitor]: [FootprintApproach]: Polygon points are not defined. Using dynamic subscription instead.
[component_container_isolated-2] [INFO] [1780119911.368960006] [collision_monitor]: [FootprintApproach]: Making footprint subscriber on /local_costmap/published_footprint topic
[component_container_isolated-2] [INFO] [1780119911.372879633] [lifecycle_manager_navigation]: [34m[1mConfiguring bt_navigator[0m[0m
[component_container_isolated-2] [INFO] [1780119911.373003166] [bt_navigator]: Configuring
[component_container_isolated-2] [INFO] [1780119911.375700890] [bt_navigator]: Creating navigator id navigate_to_pose of type nav2_bt_navigator::NavigateToPoseNavigator
[component_container_isolated-2] [INFO] [1780119911.438695494] [bt_navigator]: Creating navigator id navigate_through_poses of type nav2_bt_navigator::NavigateThroughPosesNavigator
[component_container_isolated-2] [INFO] [1780119911.454964360] [lifecycle_manager_navigation]: [34m[1mConfiguring waypoint_follower[0m[0m
[component_container_isolated-2] [INFO] [1780119911.455126080] [waypoint_follower]: Configuring
[component_container_isolated-2] [INFO] [1780119911.464954548] [waypoint_follower]: Created waypoint_task_executor : wait_at_waypoint of type nav2_waypoint_follower::WaitAtWaypoint
[component_container_isolated-2] [INFO] [1780119911.466447953] [lifecycle_manager_navigation]: [34m[1mConfiguring docking_server[0m[0m
[component_container_isolated-2] [INFO] [1780119911.466663453] [docking_server]: Configuring docking_server
[component_container_isolated-2] [INFO] [1780119911.466808560] [docking_server]: Controller frequency set to 50.0000Hz
[component_container_isolated-2] [INFO] [1780119911.484427883] [docking_server]: Created charging dock plugin simple_charging_dock of type opennav_docking::SimpleChargingDock
[component_container_isolated-2] [INFO] [1780119911.489247575] [docking_server]: Loading docks from parameter file.
[component_container_isolated-2] [INFO] [1780119911.490436255] [docking_server]: Docking Server has 1 dock types and 1 dock instances available.
[component_container_isolated-2] [INFO] [1780119911.491450436] [lifecycle_manager_navigation]: [34m[1mActivating controller_server[0m[0m
[component_container_isolated-2] [INFO] [1780119911.491642083] [controller_server]: Activating
[component_container_isolated-2] [INFO] [1780119911.491712900] [local_costmap.local_costmap]: Activating
[component_container_isolated-2] [INFO] [1780119911.491733226] [local_costmap.local_costmap]: Checking transform
[component_container_isolated-2] [INFO] [1780119911.491875259] [local_costmap.local_costmap]: start
[component_container_isolated-2] [INFO] [1780119911.495801461] [local_costmap.local_costmap]: stvl_layer was activated.
[component_container_isolated-2] [WARN] [1780119911.648107801] [controller_server]: Parameter controller_server.verbose not found
[component_container_isolated-2] [INFO] [1780119911.650931910] [controller_server]: Optimizer reset
[component_container_isolated-2] [INFO] [1780119911.652278791] [MPPIController]: Activated MPPI Controller: FollowPath
[component_container_isolated-2] [INFO] [1780119911.652385248] [controller_server]: Creating bond (controller_server) to lifecycle manager.
[component_container_isolated-2] [INFO] [1780119911.762512276] [lifecycle_manager_navigation]: Server controller_server connected with bond.
[component_container_isolated-2] [INFO] [1780119911.762578918] [lifecycle_manager_navigation]: [34m[1mActivating smoother_server[0m[0m
[component_container_isolated-2] [INFO] [1780119911.763069938] [smoother_server]: Activating
[component_container_isolated-2] [INFO] [1780119911.763295180] [smoother_server]: Activating smoother: path_smoother of type nav2_constrained_smoother::ConstrainedSmoother
[component_container_isolated-2] [INFO] [1780119911.763374581] [smoother_server]: Creating bond (smoother_server) to lifecycle manager.
[component_container_isolated-2] [INFO] [1780119911.873167928] [lifecycle_manager_navigation]: Server smoother_server connected with bond.
[component_container_isolated-2] [INFO] [1780119911.873300406] [lifecycle_manager_navigation]: [34m[1mActivating planner_server[0m[0m
[component_container_isolated-2] [INFO] [1780119911.873832966] [planner_server]: Activating
[component_container_isolated-2] [INFO] [1780119911.873934210] [global_costmap.global_costmap]: Activating
[component_container_isolated-2] [INFO] [1780119911.873953378] [global_costmap.global_costmap]: Checking transform
[component_container_isolated-2] [INFO] [1780119911.874117598] [global_costmap.global_costmap]: start
[component_container_isolated-2] [INFO] [1780119911.877523934] [global_costmap.global_costmap]: stvl_layer was activated.
[component_container_isolated-2] [WARN] [1780119912.402705385] [amcl]: AMCL cannot publish a pose or update the transform. Please set the initial pose...
[component_container_isolated-2] [INFO] [1780119912.402897180] [amcl]: Message Filter dropping message: frame 'base_link' at time 2.710 for reason 'the timestamp on the message is earlier than all the data in the transform cache'
[component_container_isolated-2] [INFO] [1780119912.402916255] [amcl]: initialPoseReceived
[component_container_isolated-2] [INFO] [1780119912.403005092] [amcl]: Setting pose (4.860000): 63.001 36.551 -3.139
[component_container_isolated-2] [INFO] [1780119912.579294134] [planner_server]: Activating plugin GridBased of type SmacPlannerHybrid
[component_container_isolated-2] [INFO] [1780119912.581356637] [planner_server]: Creating bond (planner_server) to lifecycle manager.
[component_container_isolated-2] [INFO] [1780119912.684250306] [lifecycle_manager_navigation]: Server planner_server connected with bond.
[component_container_isolated-2] [INFO] [1780119912.684326550] [lifecycle_manager_navigation]: [34m[1mActivating route_server[0m[0m
[component_container_isolated-2] [INFO] [1780119912.684774392] [route_server]: Activating
[component_container_isolated-2] [INFO] [1780119912.684938640] [route_server]: Creating bond (route_server) to lifecycle manager.
[component_container_isolated-2] [INFO] [1780119912.788354305] [lifecycle_manager_navigation]: Server route_server connected with bond.
[component_container_isolated-2] [INFO] [1780119912.788424224] [lifecycle_manager_navigation]: [34m[1mActivating behavior_server[0m[0m
[component_container_isolated-2] [INFO] [1780119912.789131346] [behavior_server]: Activating
[component_container_isolated-2] [INFO] [1780119912.789188321] [behavior_server]: Activating spin
[component_container_isolated-2] [INFO] [1780119912.789226017] [behavior_server]: Activating backup
[component_container_isolated-2] [INFO] [1780119912.789246453] [behavior_server]: Activating drive_on_heading
[component_container_isolated-2] [INFO] [1780119912.789275537] [behavior_server]: Activating assisted_teleop
[component_container_isolated-2] [INFO] [1780119912.789296714] [behavior_server]: Activating wait
[component_container_isolated-2] [INFO] [1780119912.789323706] [behavior_server]: Creating bond (behavior_server) to lifecycle manager.
[component_container_isolated-2] [INFO] [1780119912.893471233] [lifecycle_manager_navigation]: Server behavior_server connected with bond.
[component_container_isolated-2] [INFO] [1780119912.893572645] [lifecycle_manager_navigation]: [34m[1mActivating velocity_smoother[0m[0m
[component_container_isolated-2] [INFO] [1780119912.893997144] [velocity_smoother]: Activating
[component_container_isolated-2] [INFO] [1780119912.894125603] [velocity_smoother]: Creating bond (velocity_smoother) to lifecycle manager.
[component_container_isolated-2] [INFO] [1780119912.999362219] [lifecycle_manager_navigation]: Server velocity_smoother connected with bond.
[component_container_isolated-2] [INFO] [1780119912.999435028] [lifecycle_manager_navigation]: [34m[1mActivating collision_monitor[0m[0m
[component_container_isolated-2] [INFO] [1780119912.999889732] [collision_monitor]: Activating
[component_container_isolated-2] [INFO] [1780119912.999982995] [collision_monitor]: Creating bond (collision_monitor) to lifecycle manager.
[component_container_isolated-2] [INFO] [1780119913.110901641] [lifecycle_manager_navigation]: Server collision_monitor connected with bond.
[component_container_isolated-2] [INFO] [1780119913.110966255] [lifecycle_manager_navigation]: [34m[1mActivating bt_navigator[0m[0m
[component_container_isolated-2] [INFO] [1780119913.111355623] [bt_navigator]: Activating
[component_container_isolated-2] [INFO] [1780119913.155174899] [bt_navigator]: Creating bond (bt_navigator) to lifecycle manager.
[component_container_isolated-2] [INFO] [1780119913.258444171] [lifecycle_manager_navigation]: Server bt_navigator connected with bond.
[component_container_isolated-2] [INFO] [1780119913.258670124] [lifecycle_manager_navigation]: [34m[1mActivating waypoint_follower[0m[0m
[component_container_isolated-2] [INFO] [1780119913.260289933] [waypoint_follower]: Activating
[component_container_isolated-2] [INFO] [1780119913.260397094] [waypoint_follower]: Creating bond (waypoint_follower) to lifecycle manager.
[component_container_isolated-2] [INFO] [1780119913.364026465] [lifecycle_manager_navigation]: Server waypoint_follower connected with bond.
[component_container_isolated-2] [INFO] [1780119913.364082133] [lifecycle_manager_navigation]: [34m[1mActivating docking_server[0m[0m
[component_container_isolated-2] [INFO] [1780119913.364629129] [docking_server]: Activating docking_server
[component_container_isolated-2] [INFO] [1780119913.373854060] [docking_server]: Creating bond (docking_server) to lifecycle manager.
[component_container_isolated-2] [INFO] [1780119913.476852093] [lifecycle_manager_navigation]: Server docking_server connected with bond.
[component_container_isolated-2] [INFO] [1780119913.476947671] [lifecycle_manager_navigation]: [34m[1mManaged nodes are active[0m[0m
[component_container_isolated-2] [INFO] [1780119913.476998127] [lifecycle_manager_navigation]: [34m[1mCreating bond timer...[0m[0m
[robot_mission_runner-4] [INFO] [1780119913.723123931] [robot_mission_runner]: Waiting for Nav2 to become active...
[robot_mission_runner-4] [INFO] [1780119915.728271990] [robot_mission_runner]: Nav2 is ready for use!
[robot_mission_runner-4] [INFO] [1780119915.728591012] [robot_mission_runner]: Nav2 up, picking benchmark node started!
[component_container_isolated-2] [INFO] [1780119915.729118951] [local_costmap.local_costmap]: Received request to clear entirely the local_costmap
[component_container_isolated-2] [INFO] [1780119915.733620361] [global_costmap.global_costmap]: Received request to clear entirely the global_costmap
[robot_mission_runner-4] [INFO] [1780119915.743647493] [robot_mission_runner]: Waiting for 'UndockRobot' action server
[robot_mission_runner-4] [INFO] [1780119915.744497703] [robot_mission_runner]: Undocking from dock of type: simple_charging_dock...
[component_container_isolated-2] [INFO] [1780119915.745689800] [docking_server]: Attempting to undock robot of dock type simple_charging_dock.
[component_container_isolated-2] [INFO] [1780119915.745744422] [docking_server]: Robot is not in the dock, no need to undock
[component_container_isolated-2] [WARN] [1780119915.745758386] [docking_server]: [undock_robot] [ActionServer] Current goal was not completed successfully.
[component_container_isolated-2] [WARN] [1780119915.745765969] [docking_server]: [undock_robot] [ActionServer] Aborting handle.
[robot_mission_runner-4] [INFO] [1780119915.748048879] [robot_mission_runner]: Backing up 0.5 m at 0.4 m/s....
[component_container_isolated-2] [INFO] [1780119915.748565707] [behavior_server]: Running backup
[component_container_isolated-2] [INFO] [1780119917.248854232] [behavior_server]: backup completed successfully
[robot_mission_runner-4] [INFO] [1780119917.251136179] [robot_mission_runner]: Picking from {'x': -8.0, 'y': -52.55, 'yaw': 1.5708}, dropping at {'x': -35.5, 'y': -36.7, 'yaw': 1.5708}...
[robot_mission_runner-4] [INFO] [1780119917.251745278] [robot_mission_runner]: Navigating to pick, attempt 1/3...
[component_container_isolated-2] [INFO] [1780119917.252292264] [local_costmap.local_costmap]: Received request to clear entirely the local_costmap
[component_container_isolated-2] [INFO] [1780119917.256859603] [global_costmap.global_costmap]: Received request to clear entirely the global_costmap
[robot_mission_runner-4] [INFO] [1780119917.279124178] [robot_mission_runner]: Navigating to goal: -8.0 -52.55...
[component_container_isolated-2] [INFO] [1780119917.280185306] [bt_navigator]: Begin navigating from current location (62.10, 35.92) to (-8.00, -52.55)
[vlm_node-3] [INFO] [1780119917.284553145] [vlm_node]: Goal received with prompt: Check if there are any small hazards on the ground that would cause harm to the robot if it navigated over it OR the area is blocked by large objects that make it impassable. If so respond only yes. Otherwise, respond no.
[component_container_isolated-2] [WARN] [1780119918.027369633] [planner_server]: Planner loop missed its desired rate of 999999999.0000 Hz. Current loop rate is 1.3333 Hz
[component_container_isolated-2] [INFO] [1780119918.043142771] [controller_server]: Received a goal, begin computing control effort.
[component_container_isolated-2] [WARN] [1780119918.043237145] [controller_server]: No goal checker was specified in parameter 'current_goal_checker'. Server will use only plugin loaded general_goal_checker . This warning will appear once.
[component_container_isolated-2] [WARN] [1780119918.043255887] [controller_server]: No progress checker was specified in parameter 'current_progress_checker'. Server will use only plugin loaded progress_checker . This warning will appear once.
[component_container_isolated-2] [WARN] [1780119918.161185754] [controller_server]: Control loop missed its desired rate of 30.0000 Hz. Current loop rate is 20.0000 Hz.
[component_container_isolated-2] [WARN] [1780119918.250131629] [controller_server]: Control loop missed its desired rate of 30.0000 Hz. Current loop rate is 20.0000 Hz.
[component_container_isolated-2] [WARN] [1780119918.371167351] [controller_server]: Control loop missed its desired rate of 30.0000 Hz. Current loop rate is 20.0000 Hz.
[component_container_isolated-2] [WARN] [1780119918.460516405] [controller_server]: Control loop missed its desired rate of 30.0000 Hz. Current loop rate is 16.6667 Hz.
[component_container_isolated-2] [WARN] [1780119918.563953028] [controller_server]: Control loop missed its desired rate of 30.0000 Hz. Current loop rate is 14.2857 Hz.
[component_container_isolated-2] [WARN] [1780119918.657293628] [controller_server]: Control loop missed its desired rate of 30.0000 Hz. Current loop rate is 16.6667 Hz.
[component_container_isolated-2] [WARN] [1780119918.782954103] [controller_server]: Control loop missed its desired rate of 30.0000 Hz. Current loop rate is 16.6667 Hz.
[component_container_isolated-2] [WARN] [1780119918.879902465] [controller_server]: Control loop missed its desired rate of 30.0000 Hz. Current loop rate is 16.6667 Hz.
[component_container_isolated-2] [WARN] [1780119918.969396158] [controller_server]: Control loop missed its desired rate of 30.0000 Hz. Current loop rate is 16.6667 Hz.
[component_container_isolated-2] [WARN] [1780119919.070542854] [controller_server]: Control loop missed its desired rate of 30.0000 Hz. Current loop rate is 14.2857 Hz.
[component_container_isolated-2] [WARN] [1780119919.167989754] [controller_server]: Control loop missed its desired rate of 30.0000 Hz. Current loop rate is 14.2857 Hz.
[component_container_isolated-2] [WARN] [1780119919.259598456] [controller_server]: Control loop missed its desired rate of 30.0000 Hz. Current loop rate is 16.6667 Hz.
[component_container_isolated-2] [WARN] [1780119919.361120930] [controller_server]: Control loop missed its desired rate of 30.0000 Hz. Current loop rate is 14.2857 Hz.
[component_container_isolated-2] [WARN] [1780119919.460194618] [controller_server]: Control loop missed its desired rate of 30.0000 Hz. Current loop rate is 14.2857 Hz.
[component_container_isolated-2] [WARN] [1780119919.495319247] [controller_server]: Control loop missed its desired rate of 30.0000 Hz. Current loop rate is 25.0000 Hz.
[component_container_isolated-2] [WARN] [1780119919.531188333] [planner_server]: Planner loop missed its desired rate of 999999999.0000 Hz. Current loop rate is 2.0833 Hz
[component_container_isolated-2] [WARN] [1780119919.569633879] [controller_server]: Control loop missed its desired rate of 30.0000 Hz. Current loop rate is 14.2857 Hz.
[component_container_isolated-2] [INFO] [1780119919.569768200] [controller_server]: Passing new path to controller.
[component_container_isolated-2] [WARN] [1780119919.668406651] [controller_server]: Control loop missed its desired rate of 30.0000 Hz. Current loop rate is 14.2857 Hz.
[component_container_isolated-2] [WARN] [1780119919.774105424] [controller_server]: Control loop missed its desired rate of 30.0000 Hz. Current loop rate is 14.2857 Hz.
[component_container_isolated-2] [WARN] [1780119919.872131725] [controller_server]: Control loop missed its desired rate of 30.0000 Hz. Current loop rate is 16.6667 Hz.
[component_container_isolated-2] [WARN] [1780119919.965414764] [controller_server]: Control loop missed its desired rate of 30.0000 Hz. Current loop rate is 20.0000 Hz.
[component_container_isolated-2] [WARN] [1780119920.060702885] [controller_server]: Control loop missed its desired rate of 30.0000 Hz. Current loop rate is 16.6667 Hz.
[component_container_isolated-2] [WARN] [1780119920.158941757] [controller_server]: Control loop missed its desired rate of 30.0000 Hz. Current loop rate is 16.6667 Hz.
[component_container_isolated-2] [WARN] [1780119920.252261213] [controller_server]: Control loop missed its desired rate of 30.0000 Hz. Current loop rate is 16.6667 Hz.
[component_container_isolated-2] [WARN] [1780119920.367286120] [controller_server]: Control loop missed its desired rate of 30.0000 Hz. Current loop rate is 20.0000 Hz.
[component_container_isolated-2] [WARN] [1780119920.452315521] [controller_server]: Control loop missed its desired rate of 30.0000 Hz. Current loop rate is 20.0000 Hz.
[component_container_isolated-2] [WARN] [1780119920.583154695] [controller_server]: Control loop missed its desired rate of 30.0000 Hz. Current loop rate is 16.6667 Hz.
[component_container_isolated-2] [WARN] [1780119920.678606359] [controller_server]: Control loop missed its desired rate of 30.0000 Hz. Current loop rate is 16.6667 Hz.
[component_container_isolated-2] [WARN] [1780119920.766373657] [controller_server]: Control loop missed its desired rate of 30.0000 Hz. Current loop rate is 16.6667 Hz.
[component_container_isolated-2] [WARN] [1780119920.848147937] [controller_server]: Control loop missed its desired rate of 30.0000 Hz. Current loop rate is 25.0000 Hz.
[component_container_isolated-2] [WARN] [1780119920.964927816] [controller_server]: Control loop missed its desired rate of 30.0000 Hz. Current loop rate is 20.0000 Hz.
[component_container_isolated-2] [WARN] [1780119921.039976837] [planner_server]: Planner loop missed its desired rate of 999999999.0000 Hz. Current loop rate is 2.0833 Hz
[component_container_isolated-2] [WARN] [1780119921.050703523] [controller_server]: Control loop missed its desired rate of 30.0000 Hz. Current loop rate is 25.0000 Hz.
[component_container_isolated-2] [INFO] [1780119921.084144915] [controller_server]: Passing new path to controller.
[component_container_isolated-2] [WARN] [1780119921.164964894] [controller_server]: Control loop missed its desired rate of 30.0000 Hz. Current loop rate is 25.0000 Hz.
[component_container_isolated-2] [WARN] [1780119921.250105340] [controller_server]: Control loop missed its desired rate of 30.0000 Hz. Current loop rate is 25.0000 Hz.
[component_container_isolated-2] [WARN] [1780119921.363583055] [controller_server]: Control loop missed its desired rate of 30.0000 Hz. Current loop rate is 25.0000 Hz.
[component_container_isolated-2] [WARN] [1780119921.449810906] [controller_server]: Control loop missed its desired rate of 30.0000 Hz. Current loop rate is 20.0000 Hz.
[component_container_isolated-2] [WARN] [1780119921.560118102] [controller_server]: Control loop missed its desired rate of 30.0000 Hz. Current loop rate is 25.0000 Hz.
[component_container_isolated-2] [WARN] [1780119921.649747012] [controller_server]: Control loop missed its desired rate of 30.0000 Hz. Current loop rate is 20.0000 Hz.
[component_container_isolated-2] [WARN] [1780119921.764446496] [controller_server]: Control loop missed its desired rate of 30.0000 Hz. Current loop rate is 25.0000 Hz.
[component_container_isolated-2] [WARN] [1780119921.848434933] [controller_server]: Control loop missed its desired rate of 30.0000 Hz. Current loop rate is 25.0000 Hz.
[component_container_isolated-2] [WARN] [1780119921.965232676] [controller_server]: Control loop missed its desired rate of 30.0000 Hz. Current loop rate is 20.0000 Hz.
[component_container_isolated-2] [WARN] [1780119922.047347531] [controller_server]: Control loop missed its desired rate of 30.0000 Hz. Current loop rate is 25.0000 Hz.
[component_container_isolated-2] [WARN] [1780119922.163320347] [controller_server]: Control loop missed its desired rate of 30.0000 Hz. Current loop rate is 20.0000 Hz.
[component_container_isolated-2] [WARN] [1780119922.249742102] [controller_server]: Control loop missed its desired rate of 30.0000 Hz. Current loop rate is 25.0000 Hz.
[component_container_isolated-2] [WARN] [1780119922.367038977] [controller_server]: Control loop missed its desired rate of 30.0000 Hz. Current loop rate is 25.0000 Hz.
[robot_mission_runner-4] [INFO] [1780119922.402155206] [robot_mission_runner]: Pose: (61.88, 35.90), Elapsed: 5s, ETA: 578s, Dist remaining: 146.33m
[component_container_isolated-2] [WARN] [1780119922.449609493] [controller_server]: Control loop missed its desired rate of 30.0000 Hz. Current loop rate is 25.0000 Hz.
[component_container_isolated-2] [WARN] [1780119922.552138668] [planner_server]: Planner loop missed its desired rate of 999999999.0000 Hz. Current loop rate is 2.0408 Hz
[component_container_isolated-2] [WARN] [1780119922.566075349] [controller_server]: Control loop missed its desired rate of 30.0000 Hz. Current loop rate is 20.0000 Hz.
[component_container_isolated-2] [INFO] [1780119922.599873382] [controller_server]: Passing new path to controller.
[component_container_isolated-2] [WARN] [1780119922.651104500] [controller_server]: Control loop missed its desired rate of 30.0000 Hz. Current loop rate is 20.0000 Hz.
[component_container_isolated-2] [WARN] [1780119922.765661191] [controller_server]: Control loop missed its desired rate of 30.0000 Hz. Current loop rate is 25.0000 Hz.
[component_container_isolated-2] [WARN] [1780119922.849999731] [controller_server]: Control loop missed its desired rate of 30.0000 Hz. Current loop rate is 25.0000 Hz.
[component_container_isolated-2] [WARN] [1780119922.970540124] [controller_server]: Control loop missed its desired rate of 30.0000 Hz. Current loop rate is 20.0000 Hz.
[component_container_isolated-2] [WARN] [1780119923.049908087] [controller_server]: Control loop missed its desired rate of 30.0000 Hz. Current loop rate is 25.0000 Hz.
[component_container_isolated-2] [WARN] [1780119923.163745741] [controller_server]: Control loop missed its desired rate of 30.0000 Hz. Current loop rate is 25.0000 Hz.
[component_container_isolated-2] [WARN] [1780119923.250598403] [controller_server]: Control loop missed its desired rate of 30.0000 Hz. Current loop rate is 25.0000 Hz.
[component_container_isolated-2] [WARN] [1780119923.371033799] [controller_server]: Control loop missed its desired rate of 30.0000 Hz. Current loop rate is 20.0000 Hz.
[component_container_isolated-2] [WARN] [1780119923.449430689] [controller_server]: Control loop missed its desired rate of 30.0000 Hz. Current loop rate is 25.0000 Hz.
[component_container_isolated-2] [WARN] [1780119923.565154750] [controller_server]: Control loop missed its desired rate of 30.0000 Hz. Current loop rate is 25.0000 Hz.
[component_container_isolated-2] [WARN] [1780119923.650283636] [controller_server]: Control loop missed its desired rate of 30.0000 Hz. Current loop rate is 20.0000 Hz.
[component_container_isolated-2] [WARN] [1780119923.765818600] [controller_server]: Control loop missed its desired rate of 30.0000 Hz. Current loop rate is 20.0000 Hz.
[component_container_isolated-2] [WARN] [1780119923.856147083] [controller_server]: Control loop missed its desired rate of 30.0000 Hz. Current loop rate is 20.0000 Hz.
[component_container_isolated-2] [WARN] [1780119923.976733818] [controller_server]: Control loop missed its desired rate of 30.0000 Hz. Current loop rate is 16.6667 Hz.
[component_container_isolated-2] [WARN] [1780119924.046453728] [controller_server]: Control loop missed its desired rate of 30.0000 Hz. Current loop rate is 33.3333 Hz.
[component_container_isolated-2] [WARN] [1780119924.157628652] [controller_server]: Control loop missed its desired rate of 30.0000 Hz. Current loop rate is 25.0000 Hz.
[component_container_isolated-2] [WARN] [1780119924.238558285] [planner_server]: Planner loop missed its desired rate of 999999999.0000 Hz. Current loop rate is 1.4925 Hz
[component_container_isolated-2] [WARN] [1780119924.272854624] [controller_server]: Control loop missed its desired rate of 30.0000 Hz. Current loop rate is 20.0000 Hz.
[component_container_isolated-2] [INFO] [1780119924.273672871] [controller_server]: Passing new path to controller.
[component_container_isolated-2] [WARN] [1780119924.349417946] [controller_server]: Control loop missed its desired rate of 30.0000 Hz. Current loop rate is 25.0000 Hz.
[component_container_isolated-2] [WARN] [1780119924.465384341] [controller_server]: Control loop missed its desired rate of 30.0000 Hz. Current loop rate is 25.0000 Hz.
[component_container_isolated-2] [WARN] [1780119924.558860803] [controller_server]: Control loop missed its desired rate of 30.0000 Hz. Current loop rate is 16.6667 Hz.
[component_container_isolated-2] [WARN] [1780119924.649349992] [controller_server]: Control loop missed its desired rate of 30.0000 Hz. Current loop rate is 20.0000 Hz.
[component_container_isolated-2] [WARN] [1780119924.761444038] [controller_server]: Control loop missed its desired rate of 30.0000 Hz. Current loop rate is 25.0000 Hz.
[component_container_isolated-2] [WARN] [1780119924.849877936] [controller_server]: Control loop missed its desired rate of 30.0000 Hz. Current loop rate is 20.0000 Hz.
[component_container_isolated-2] [WARN] [1780119924.970556624] [controller_server]: Control loop missed its desired rate of 30.0000 Hz. Current loop rate is 20.0000 Hz.
[component_container_isolated-2] [WARN] [1780119925.049551048] [controller_server]: Control loop missed its desired rate of 30.0000 Hz. Current loop rate is 25.0000 Hz.
[component_container_isolated-2] [WARN] [1780119925.163575304] [controller_server]: Control loop missed its desired rate of 30.0000 Hz. Current loop rate is 25.0000 Hz.
[component_container_isolated-2] [WARN] [1780119925.253168908] [controller_server]: Control loop missed its desired rate of 30.0000 Hz. Current loop rate is 20.0000 Hz.
[component_container_isolated-2] [WARN] [1780119925.374633338] [controller_server]: Control loop missed its desired rate of 30.0000 Hz. Current loop rate is 20.0000 Hz.
[component_container_isolated-2] [WARN] [1780119925.451939587] [controller_server]: Control loop missed its desired rate of 30.0000 Hz. Current loop rate is 25.0000 Hz.
[component_container_isolated-2] [WARN] [1780119925.565483467] [controller_server]: Control loop missed its desired rate of 30.0000 Hz. Current loop rate is 25.0000 Hz.
[component_container_isolated-2] [WARN] [1780119925.650426476] [controller_server]: Control loop missed its desired rate of 30.0000 Hz. Current loop rate is 25.0000 Hz.
[component_container_isolated-2] [WARN] [1780119925.769539967] [controller_server]: Control loop missed its desired rate of 30.0000 Hz. Current loop rate is 20.0000 Hz.
[component_container_isolated-2] [WARN] [1780119925.851640567] [controller_server]: Control loop missed its desired rate of 30.0000 Hz. Current loop rate is 20.0000 Hz.
[component_container_isolated-2] [WARN] [1780119925.866444227] [planner_server]: Planner loop missed its desired rate of 999999999.0000 Hz. Current loop rate is 1.6393 Hz
[component_container_isolated-2] [INFO] [1780119925.885160012] [controller_server]: Passing new path to controller.
[component_container_isolated-2] [WARN] [1780119925.968419168] [controller_server]: Control loop missed its desired rate of 30.0000 Hz. Current loop rate is 20.0000 Hz.
[component_container_isolated-2] [WARN] [1780119926.049785020] [controller_server]: Control loop missed its desired rate of 30.0000 Hz. Current loop rate is 25.0000 Hz.
[component_container_isolated-2] [WARN] [1780119926.167775951] [controller_server]: Control loop missed its desired rate of 30.0000 Hz. Current loop rate is 20.0000 Hz.
[component_container_isolated-2] [WARN] [1780119926.248408363] [controller_server]: Control loop missed its desired rate of 30.0000 Hz. Current loop rate is 25.0000 Hz.
[component_container_isolated-2] [WARN] [1780119926.361762083] [controller_server]: Control loop missed its desired rate of 30.0000 Hz. Current loop rate is 20.0000 Hz.
[component_container_isolated-2] [WARN] [1780119926.441209310] [controller_server]: Control loop missed its desired rate of 30.0000 Hz. Current loop rate is 20.0000 Hz.
[component_container_isolated-2] [WARN] [1780119926.551839987] [controller_server]: Control loop missed its desired rate of 30.0000 Hz. Current loop rate is 25.0000 Hz.
[component_container_isolated-2] [WARN] [1780119926.763883045] [controller_server]: Control loop missed its desired rate of 30.0000 Hz. Current loop rate is 25.0000 Hz.
[component_container_isolated-2] [WARN] [1780119926.847251969] [controller_server]: Control loop missed its desired rate of 30.0000 Hz. Current loop rate is 25.0000 Hz.
[component_container_isolated-2] [WARN] [1780119927.052836968] [controller_server]: Control loop missed its desired rate of 30.0000 Hz. Current loop rate is 33.3333 Hz.
[component_container_isolated-2] [WARN] [1780119927.162632873] [controller_server]: Control loop missed its desired rate of 30.0000 Hz. Current loop rate is 33.3333 Hz.
[component_container_isolated-2] [WARN] [1780119927.247127687] [controller_server]: Control loop missed its desired rate of 30.0000 Hz. Current loop rate is 25.0000 Hz.
[component_container_isolated-2] [WARN] [1780119927.362883359] [controller_server]: Control loop missed its desired rate of 30.0000 Hz. Current loop rate is 20.0000 Hz.
[robot_mission_runner-4] [INFO] [1780119927.424042222] [robot_mission_runner]: Pose: (59.88, 31.34), Elapsed: 10s, ETA: 94s, Dist remaining: 141.10m
[component_container_isolated-2] [WARN] [1780119927.450595635] [controller_server]: Control loop missed its desired rate of 30.0000 Hz. Current loop rate is 25.0000 Hz.
[component_container_isolated-2] [WARN] [1780119927.471547391] [planner_server]: Planner loop missed its desired rate of 999999999.0000 Hz. Current loop rate is 1.6949 Hz
[component_container_isolated-2] [INFO] [1780119927.517404223] [controller_server]: Passing new path to controller.
[component_container_isolated-2] [WARN] [1780119927.556828863] [controller_server]: Control loop missed its desired rate of 30.0000 Hz. Current loop rate is 33.3333 Hz.
[component_container_isolated-2] [WARN] [1780119927.667355019] [controller_server]: Control loop missed its desired rate of 30.0000 Hz. Current loop rate is 20.0000 Hz.
[component_container_isolated-2] [WARN] [1780119927.751813467] [controller_server]: Control loop missed its desired rate of 30.0000 Hz. Current loop rate is 20.0000 Hz.
[component_container_isolated-2] [WARN] [1780119927.862032604] [controller_server]: Control loop missed its desired rate of 30.0000 Hz. Current loop rate is 25.0000 Hz.
[component_container_isolated-2] [WARN] [1780119927.946932730] [controller_server]: Control loop missed its desired rate of 30.0000 Hz. Current loop rate is 20.0000 Hz.
[component_container_isolated-2] [WARN] [1780119928.056828091] [controller_server]: Control loop missed its desired rate of 30.0000 Hz. Current loop rate is 20.0000 Hz.
[component_container_isolated-2] [WARN] [1780119928.171189317] [controller_server]: Control loop missed its desired rate of 30.0000 Hz. Current loop rate is 20.0000 Hz.
[component_container_isolated-2] [WARN] [1780119928.247803697] [controller_server]: Control loop missed its desired rate of 30.0000 Hz. Current loop rate is 25.0000 Hz.
[component_container_isolated-2] [WARN] [1780119928.357174246] [controller_server]: Control loop missed its desired rate of 30.0000 Hz. Current loop rate is 25.0000 Hz.
[component_container_isolated-2] [WARN] [1780119928.468915170] [controller_server]: Control loop missed its desired rate of 30.0000 Hz. Current loop rate is 20.0000 Hz.
[component_container_isolated-2] [WARN] [1780119928.551806868] [controller_server]: Control loop missed its desired rate of 30.0000 Hz. Current loop rate is 20.0000 Hz.
[component_container_isolated-2] [WARN] [1780119928.656982229] [controller_server]: Control loop missed its desired rate of 30.0000 Hz. Current loop rate is 25.0000 Hz.
[component_container_isolated-2] [WARN] [1780119929.127735687] [planner_server]: Planner loop missed its desired rate of 999999999.0000 Hz. Current loop rate is 1.5873 Hz
[component_container_isolated-2] [INFO] [1780119929.157195062] [controller_server]: Passing new path to controller.
[component_container_isolated-2] [WARN] [1780119929.957464137] [controller_server]: Control loop missed its desired rate of 30.0000 Hz. Current loop rate is 33.3333 Hz.
[component_container_isolated-2] [WARN] [1780119930.159238925] [controller_server]: Control loop missed its desired rate of 30.0000 Hz. Current loop rate is 33.3333 Hz.
[component_container_isolated-2] [WARN] [1780119930.329203411] [controller_server]: Control loop missed its desired rate of 30.0000 Hz. Current loop rate is 25.0000 Hz.
[component_container_isolated-2] [WARN] [1780119930.432160952] [controller_server]: Control loop missed its desired rate of 30.0000 Hz. Current loop rate is 25.0000 Hz.
[component_container_isolated-2] [WARN] [1780119930.739990316] [planner_server]: Planner loop missed its desired rate of 999999999.0000 Hz. Current loop rate is 1.6949 Hz
[component_container_isolated-2] [INFO] [1780119930.765634440] [controller_server]: Passing new path to controller.
[component_container_isolated-2] [WARN] [1780119931.243954119] [controller_server]: Control loop missed its desired rate of 30.0000 Hz. Current loop rate is 25.0000 Hz.
[component_container_isolated-2] [WARN] [1780119931.745791482] [controller_server]: Control loop missed its desired rate of 30.0000 Hz. Current loop rate is 33.3333 Hz.
[component_container_isolated-2] [WARN] [1780119932.290693731] [planner_server]: Planner loop missed its desired rate of 999999999.0000 Hz. Current loop rate is 1.8519 Hz
[component_container_isolated-2] [INFO] [1780119932.312607153] [controller_server]: Passing new path to controller.
[robot_mission_runner-4] [INFO] [1780119932.449067927] [robot_mission_runner]: Pose: (60.05, 23.83), Elapsed: 15s, ETA: 89s, Dist remaining: 133.74m
[component_container_isolated-2] [WARN] [1780119932.548339943] [controller_server]: Control loop missed its desired rate of 30.0000 Hz. Current loop rate is 33.3333 Hz.
[component_container_isolated-2] [WARN] [1780119933.934298209] [planner_server]: Planner loop missed its desired rate of 999999999.0000 Hz. Current loop rate is 1.6393 Hz
[component_container_isolated-2] [INFO] [1780119933.948493442] [controller_server]: Passing new path to controller.
[component_container_isolated-2] [WARN] [1780119934.248913148] [controller_server]: Control loop missed its desired rate of 30.0000 Hz. Current loop rate is 33.3333 Hz.
[component_container_isolated-2] [WARN] [1780119934.849126939] [controller_server]: Control loop missed its desired rate of 30.0000 Hz. Current loop rate is 33.3333 Hz.
[component_container_isolated-2] [WARN] [1780119935.049472634] [controller_server]: Control loop missed its desired rate of 30.0000 Hz. Current loop rate is 33.3333 Hz.
[component_container_isolated-2] [WARN] [1780119935.625299675] [planner_server]: Planner loop missed its desired rate of 999999999.0000 Hz. Current loop rate is 1.4925 Hz
[component_container_isolated-2] [INFO] [1780119935.649626982] [controller_server]: Passing new path to controller.
[component_container_isolated-2] [WARN] [1780119937.192251925] [planner_server]: Planner loop missed its desired rate of 999999999.0000 Hz. Current loop rate is 1.8182 Hz
[component_container_isolated-2] [INFO] [1780119937.216283504] [controller_server]: Passing new path to controller.
[robot_mission_runner-4] [INFO] [1780119937.479807187] [robot_mission_runner]: Pose: (60.02, 16.30), Elapsed: 20s, ETA: 84s, Dist remaining: 126.23m
[component_container_isolated-2] [WARN] [1780119938.831953253] [planner_server]: Planner loop missed its desired rate of 999999999.0000 Hz. Current loop rate is 1.6129 Hz
[component_container_isolated-2] [INFO] [1780119938.849617727] [controller_server]: Passing new path to controller.
[component_container_isolated-2] [WARN] [1780119939.850401368] [controller_server]: Control loop missed its desired rate of 30.0000 Hz. Current loop rate is 33.3333 Hz.
[component_container_isolated-2] [WARN] [1780119939.952647694] [controller_server]: Control loop missed its desired rate of 30.0000 Hz. Current loop rate is 33.3333 Hz.
[component_container_isolated-2] [WARN] [1780119940.056980730] [controller_server]: Control loop missed its desired rate of 30.0000 Hz. Current loop rate is 33.3333 Hz.
[component_container_isolated-2] [WARN] [1780119940.338806988] [controller_server]: Control loop missed its desired rate of 30.0000 Hz. Current loop rate is 25.0000 Hz.
[component_container_isolated-2] [WARN] [1780119940.449847402] [planner_server]: Planner loop missed its desired rate of 999999999.0000 Hz. Current loop rate is 1.6667 Hz
[component_container_isolated-2] [INFO] [1780119940.472284395] [controller_server]: Passing new path to controller.
[component_container_isolated-2] [WARN] [1780119940.939577785] [controller_server]: Control loop missed its desired rate of 30.0000 Hz. Current loop rate is 25.0000 Hz.
[component_container_isolated-2] [WARN] [1780119941.141027812] [controller_server]: Control loop missed its desired rate of 30.0000 Hz. Current loop rate is 33.3333 Hz.
[component_container_isolated-2] [WARN] [1780119942.055314462] [planner_server]: Planner loop missed its desired rate of 999999999.0000 Hz. Current loop rate is 1.6949 Hz
[component_container_isolated-2] [INFO] [1780119942.075481462] [controller_server]: Passing new path to controller.
[robot_mission_runner-4] [INFO] [1780119942.499162913] [robot_mission_runner]: Pose: (59.92, 8.78), Elapsed: 25s, ETA: 79s, Dist remaining: 118.67m
[component_container_isolated-2] [WARN] [1780119942.647937811] [controller_server]: Control loop missed its desired rate of 30.0000 Hz. Current loop rate is 33.3333 Hz.
[component_container_isolated-2] [WARN] [1780119943.665980866] [planner_server]: Planner loop missed its desired rate of 999999999.0000 Hz. Current loop rate is 1.7241 Hz
[component_container_isolated-2] [INFO] [1780119943.714771573] [controller_server]: Passing new path to controller.
[component_container_isolated-2] [WARN] [1780119945.364374983] [planner_server]: Planner loop missed its desired rate of 999999999.0000 Hz. Current loop rate is 1.5152 Hz
[component_container_isolated-2] [INFO] [1780119945.414771459] [controller_server]: Passing new path to controller.
[component_container_isolated-2] [WARN] [1780119945.951515836] [controller_server]: Control loop missed its desired rate of 30.0000 Hz. Current loop rate is 33.3333 Hz.
[component_container_isolated-2] [WARN] [1780119947.109509627] [planner_server]: Planner loop missed its desired rate of 999999999.0000 Hz. Current loop rate is 1.3889 Hz
[component_container_isolated-2] [INFO] [1780119947.151668215] [controller_server]: Passing new path to controller.
[robot_mission_runner-4] [INFO] [1780119947.525161652] [robot_mission_runner]: Pose: (54.51, 4.37), Elapsed: 30s, ETA: 74s, Dist remaining: 111.21m
[component_container_isolated-2] [WARN] [1780119947.651677234] [controller_server]: Control loop missed its desired rate of 30.0000 Hz. Current loop rate is 25.0000 Hz.
[component_container_isolated-2] [WARN] [1780119948.532173029] [planner_server]: Planner loop missed its desired rate of 999999999.0000 Hz. Current loop rate is 2.5000 Hz
[component_container_isolated-2] [INFO] [1780119948.551827690] [controller_server]: Passing new path to controller.
[component_container_isolated-2] [WARN] [1780119948.857398450] [controller_server]: Control loop missed its desired rate of 30.0000 Hz. Current loop rate is 33.3333 Hz.
[component_container_isolated-2] [WARN] [1780119949.067882373] [controller_server]: Control loop missed its desired rate of 30.0000 Hz. Current loop rate is 25.0000 Hz.
[component_container_isolated-2] [WARN] [1780119949.141179161] [controller_server]: Control loop missed its desired rate of 30.0000 Hz. Current loop rate is 25.0000 Hz.
[component_container_isolated-2] [WARN] [1780119949.743659301] [controller_server]: Control loop missed its desired rate of 30.0000 Hz. Current loop rate is 33.3333 Hz.
[component_container_isolated-2] [WARN] [1780119950.038765626] [planner_server]: Planner loop missed its desired rate of 999999999.0000 Hz. Current loop rate is 2.0408 Hz
[component_container_isolated-2] [INFO] [1780119950.077839624] [controller_server]: Passing new path to controller.
[component_container_isolated-2] [WARN] [1780119950.647672443] [controller_server]: Control loop missed its desired rate of 30.0000 Hz. Current loop rate is 33.3333 Hz.
[component_container_isolated-2] [WARN] [1780119950.750369128] [controller_server]: Control loop missed its desired rate of 30.0000 Hz. Current loop rate is 25.0000 Hz.
[component_container_isolated-2] [WARN] [1780119950.855826561] [controller_server]: Control loop missed its desired rate of 30.0000 Hz. Current loop rate is 25.0000 Hz.
[component_container_isolated-2] [WARN] [1780119951.643189807] [planner_server]: Planner loop missed its desired rate of 999999999.0000 Hz. Current loop rate is 1.6949 Hz
[component_container_isolated-2] [INFO] [1780119951.689299663] [controller_server]: Passing new path to controller.
[robot_mission_runner-4] [INFO] [1780119952.551566723] [robot_mission_runner]: Pose: (46.96, 4.42), Elapsed: 35s, ETA: 69s, Dist remaining: 103.70m
[component_container_isolated-2] [WARN] [1780119952.555999672] [controller_server]: Control loop missed its desired rate of 30.0000 Hz. Current loop rate is 33.3333 Hz.
[component_container_isolated-2] [WARN] [1780119953.144398747] [planner_server]: Planner loop missed its desired rate of 999999999.0000 Hz. Current loop rate is 2.0408 Hz
[component_container_isolated-2] [INFO] [1780119953.189776588] [controller_server]: Passing new path to controller.
[component_container_isolated-2] [WARN] [1780119953.778347527] [controller_server]: Control loop missed its desired rate of 30.0000 Hz. Current loop rate is 20.0000 Hz.
[component_container_isolated-2] [WARN] [1780119953.856107970] [controller_server]: Control loop missed its desired rate of 30.0000 Hz. Current loop rate is 25.0000 Hz.
[component_container_isolated-2] [WARN] [1780119953.961505256] [controller_server]: Control loop missed its desired rate of 30.0000 Hz. Current loop rate is 33.3333 Hz.
[component_container_isolated-2] [WARN] [1780119954.042341034] [controller_server]: Control loop missed its desired rate of 30.0000 Hz. Current loop rate is 20.0000 Hz.
[component_container_isolated-2] [WARN] [1780119954.144272345] [controller_server]: Control loop missed its desired rate of 30.0000 Hz. Current loop rate is 33.3333 Hz.
[component_container_isolated-2] [WARN] [1780119954.249360100] [controller_server]: Control loop missed its desired rate of 30.0000 Hz. Current loop rate is 25.0000 Hz.
[component_container_isolated-2] [WARN] [1780119954.367437357] [controller_server]: Control loop missed its desired rate of 30.0000 Hz. Current loop rate is 20.0000 Hz.
[component_container_isolated-2] [WARN] [1780119954.450404776] [controller_server]: Control loop missed its desired rate of 30.0000 Hz. Current loop rate is 20.0000 Hz.
[component_container_isolated-2] [WARN] [1780119954.557154419] [controller_server]: Control loop missed its desired rate of 30.0000 Hz. Current loop rate is 25.0000 Hz.
[component_container_isolated-2] [WARN] [1780119954.658217768] [controller_server]: Control loop missed its desired rate of 30.0000 Hz. Current loop rate is 33.3333 Hz.
[component_container_isolated-2] [WARN] [1780119954.730490133] [planner_server]: Planner loop missed its desired rate of 999999999.0000 Hz. Current loop rate is 1.7241 Hz
[component_container_isolated-2] [INFO] [1780119954.758347188] [controller_server]: Passing new path to controller.
[component_container_isolated-2] [WARN] [1780119955.064742915] [controller_server]: Control loop missed its desired rate of 30.0000 Hz. Current loop rate is 33.3333 Hz.
[component_container_isolated-2] [WARN] [1780119955.143810982] [controller_server]: Control loop missed its desired rate of 30.0000 Hz. Current loop rate is 25.0000 Hz.
[component_container_isolated-2] [WARN] [1780119955.346085205] [controller_server]: Control loop missed its desired rate of 30.0000 Hz. Current loop rate is 33.3333 Hz.
[component_container_isolated-2] [WARN] [1780119956.145059075] [planner_server]: Planner loop missed its desired rate of 999999999.0000 Hz. Current loop rate is 2.5641 Hz
[component_container_isolated-2] [INFO] [1780119956.179577602] [controller_server]: Passing new path to controller.
[component_container_isolated-2] [WARN] [1780119956.449004231] [controller_server]: Control loop missed its desired rate of 30.0000 Hz. Current loop rate is 25.0000 Hz.
[component_container_isolated-2] [WARN] [1780119956.558391200] [controller_server]: Control loop missed its desired rate of 30.0000 Hz. Current loop rate is 25.0000 Hz.
[component_container_isolated-2] [WARN] [1780119956.651908458] [controller_server]: Control loop missed its desired rate of 30.0000 Hz. Current loop rate is 16.6667 Hz.
[component_container_isolated-2] [WARN] [1780119956.858973416] [controller_server]: Control loop missed its desired rate of 30.0000 Hz. Current loop rate is 33.3333 Hz.
[component_container_isolated-2] [WARN] [1780119956.950161954] [controller_server]: Control loop missed its desired rate of 30.0000 Hz. Current loop rate is 16.6667 Hz.
[component_container_isolated-2] [WARN] [1780119957.357285740] [controller_server]: Control loop missed its desired rate of 30.0000 Hz. Current loop rate is 25.0000 Hz.
[component_container_isolated-2] [WARN] [1780119957.460123327] [controller_server]: Control loop missed its desired rate of 30.0000 Hz. Current loop rate is 33.3333 Hz.
[component_container_isolated-2] [WARN] [1780119957.554832205] [controller_server]: Control loop missed its desired rate of 30.0000 Hz. Current loop rate is 16.6667 Hz.
[robot_mission_runner-4] [INFO] [1780119957.580303161] [robot_mission_runner]: Pose: (39.44, 4.34), Elapsed: 40s, ETA: 64s, Dist remaining: 96.12m
[component_container_isolated-2] [WARN] [1780119957.660561577] [controller_server]: Control loop missed its desired rate of 30.0000 Hz. Current loop rate is 33.3333 Hz.
[component_container_isolated-2] [WARN] [1780119957.739231865] [controller_server]: Control loop missed its desired rate of 30.0000 Hz. Current loop rate is 20.0000 Hz.
[component_container_isolated-2] [WARN] [1780119957.810586848] [planner_server]: Planner loop missed its desired rate of 999999999.0000 Hz. Current loop rate is 1.5152 Hz
[component_container_isolated-2] [WARN] [1780119957.846676578] [controller_server]: Control loop missed its desired rate of 30.0000 Hz. Current loop rate is 25.0000 Hz.
[component_container_isolated-2] [INFO] [1780119957.846755322] [controller_server]: Passing new path to controller.
[component_container_isolated-2] [WARN] [1780119957.956818045] [controller_server]: Control loop missed its desired rate of 30.0000 Hz. Current loop rate is 25.0000 Hz.
[component_container_isolated-2] [WARN] [1780119959.139206214] [controller_server]: Control loop missed its desired rate of 30.0000 Hz. Current loop rate is 20.0000 Hz.
[component_container_isolated-2] [WARN] [1780119959.190401877] [planner_server]: Planner loop missed its desired rate of 999999999.0000 Hz. Current loop rate is 2.8571 Hz
[component_container_isolated-2] [INFO] [1780119959.239346347] [controller_server]: Passing new path to controller.
[component_container_isolated-2] [WARN] [1780119960.590457750] [planner_server]: Planner loop missed its desired rate of 999999999.0000 Hz. Current loop rate is 2.7027 Hz
[component_container_isolated-2] [INFO] [1780119960.639340956] [controller_server]: Passing new path to controller.
[component_container_isolated-2] [WARN] [1780119962.397957638] [planner_server]: Planner loop missed its desired rate of 999999999.0000 Hz. Current loop rate is 1.2987 Hz
[component_container_isolated-2] [INFO] [1780119962.439346308] [controller_server]: Passing new path to controller.
[robot_mission_runner-4] [INFO] [1780119962.602182888] [robot_mission_runner]: Pose: (31.90, 4.31), Elapsed: 45s, ETA: 58s, Dist remaining: 88.14m
[component_container_isolated-2] [WARN] [1780119963.640371391] [controller_server]: Control loop missed its desired rate of 30.0000 Hz. Current loop rate is 33.3333 Hz.
[component_container_isolated-2] [WARN] [1780119963.873970057] [planner_server]: Planner loop missed its desired rate of 999999999.0000 Hz. Current loop rate is 2.2222 Hz
[component_container_isolated-2] [INFO] [1780119963.907187054] [controller_server]: Passing new path to controller.
[component_container_isolated-2] [WARN] [1780119965.541342979] [planner_server]: Planner loop missed its desired rate of 999999999.0000 Hz. Current loop rate is 1.5625 Hz
[component_container_isolated-2] [INFO] [1780119965.574354482] [controller_server]: Passing new path to controller.
[component_container_isolated-2] [WARN] [1780119967.135004709] [planner_server]: Planner loop missed its desired rate of 999999999.0000 Hz. Current loop rate is 1.7241 Hz
[component_container_isolated-2] [INFO] [1780119967.173866715] [controller_server]: Passing new path to controller.
[robot_mission_runner-4] [INFO] [1780119967.623689081] [robot_mission_runner]: Pose: (24.38, 4.31), Elapsed: 50s, ETA: 54s, Dist remaining: 81.13m
[component_container_isolated-2] [WARN] [1780119968.659628038] [planner_server]: Planner loop missed its desired rate of 999999999.0000 Hz. Current loop rate is 2.0000 Hz
[component_container_isolated-2] [INFO] [1780119968.673915149] [controller_server]: Passing new path to controller.
[component_container_isolated-2] [WARN] [1780119970.152765582] [planner_server]: Planner loop missed its desired rate of 999999999.0000 Hz. Current loop rate is 2.0408 Hz
[component_container_isolated-2] [INFO] [1780119970.173845743] [controller_server]: Passing new path to controller.
[component_container_isolated-2] [WARN] [1780119971.641756849] [planner_server]: Planner loop missed its desired rate of 999999999.0000 Hz. Current loop rate is 2.1277 Hz
[component_container_isolated-2] [INFO] [1780119971.673888166] [controller_server]: Passing new path to controller.
[component_container_isolated-2] [WARN] [1780119972.141523355] [controller_server]: Control loop missed its desired rate of 30.0000 Hz. Current loop rate is 25.0000 Hz.
[component_container_isolated-2] [WARN] [1780119972.346169892] [controller_server]: Control loop missed its desired rate of 30.0000 Hz. Current loop rate is 25.0000 Hz.
[robot_mission_runner-4] [INFO] [1780119972.650801572] [robot_mission_runner]: Pose: (16.85, 4.39), Elapsed: 55s, ETA: 48s, Dist remaining: 73.49m
[component_container_isolated-2] [WARN] [1780119973.096858836] [planner_server]: Planner loop missed its desired rate of 999999999.0000 Hz. Current loop rate is 2.3256 Hz
[component_container_isolated-2] [INFO] [1780119973.146320817] [controller_server]: Passing new path to controller.
[component_container_isolated-2] [WARN] [1780119973.352367265] [controller_server]: Control loop missed its desired rate of 30.0000 Hz. Current loop rate is 25.0000 Hz.
[component_container_isolated-2] [WARN] [1780119973.452497688] [controller_server]: Control loop missed its desired rate of 30.0000 Hz. Current loop rate is 25.0000 Hz.
[component_container_isolated-2] [WARN] [1780119973.762130041] [controller_server]: Control loop missed its desired rate of 30.0000 Hz. Current loop rate is 20.0000 Hz.
[component_container_isolated-2] [WARN] [1780119973.837375553] [controller_server]: Control loop missed its desired rate of 30.0000 Hz. Current loop rate is 25.0000 Hz.
[component_container_isolated-2] [WARN] [1780119973.941605798] [controller_server]: Control loop missed its desired rate of 30.0000 Hz. Current loop rate is 25.0000 Hz.
[component_container_isolated-2] [WARN] [1780119974.046123616] [controller_server]: Control loop missed its desired rate of 30.0000 Hz. Current loop rate is 25.0000 Hz.
[component_container_isolated-2] [WARN] [1780119974.155195272] [controller_server]: Control loop missed its desired rate of 30.0000 Hz. Current loop rate is 25.0000 Hz.
[component_container_isolated-2] [WARN] [1780119974.464082890] [planner_server]: Planner loop missed its desired rate of 999999999.0000 Hz. Current loop rate is 2.9412 Hz
[component_container_isolated-2] [INFO] [1780119974.488671717] [controller_server]: Passing new path to controller.
[component_container_isolated-2] [WARN] [1780119975.816979516] [planner_server]: Planner loop missed its desired rate of 999999999.0000 Hz. Current loop rate is 3.0303 Hz
[component_container_isolated-2] [INFO] [1780119975.855335587] [controller_server]: Passing new path to controller.
[component_container_isolated-2] [WARN] [1780119975.955564418] [controller_server]: Control loop missed its desired rate of 30.0000 Hz. Current loop rate is 25.0000 Hz.
[component_container_isolated-2] [WARN] [1780119976.456733437] [controller_server]: Control loop missed its desired rate of 30.0000 Hz. Current loop rate is 33.3333 Hz.
[component_container_isolated-2] [WARN] [1780119976.544545751] [controller_server]: Control loop missed its desired rate of 30.0000 Hz. Current loop rate is 20.0000 Hz.
[component_container_isolated-2] [WARN] [1780119977.461570038] [planner_server]: Planner loop missed its desired rate of 999999999.0000 Hz. Current loop rate is 1.6129 Hz
[component_container_isolated-2] [INFO] [1780119977.478636431] [controller_server]: Passing new path to controller.
[robot_mission_runner-4] [INFO] [1780119977.669887448] [robot_mission_runner]: Pose: (9.35, 4.37), Elapsed: 60s, ETA: 43s, Dist remaining: 65.42m
[component_container_isolated-2] [WARN] [1780119978.731303652] [planner_server]: Planner loop missed its desired rate of 999999999.0000 Hz. Current loop rate is 4.0000 Hz
[component_container_isolated-2] [INFO] [1780119978.778635354] [controller_server]: Passing new path to controller.
[component_container_isolated-2] [WARN] [1780119980.342624523] [planner_server]: Planner loop missed its desired rate of 999999999.0000 Hz. Current loop rate is 1.7241 Hz
[component_container_isolated-2] [INFO] [1780119980.378643790] [controller_server]: Passing new path to controller.
[component_container_isolated-2] [WARN] [1780119981.654269044] [planner_server]: Planner loop missed its desired rate of 999999999.0000 Hz. Current loop rate is 3.4483 Hz
[component_container_isolated-2] [INFO] [1780119981.678646291] [controller_server]: Passing new path to controller.
[robot_mission_runner-4] [INFO] [1780119982.698938077] [robot_mission_runner]: Pose: (3.59, -0.10), Elapsed: 65s, ETA: 38s, Dist remaining: 58.19m
[component_container_isolated-2] [WARN] [1780119983.019065585] [planner_server]: Planner loop missed its desired rate of 999999999.0000 Hz. Current loop rate is 2.8571 Hz
[component_container_isolated-2] [INFO] [1780119983.045947597] [controller_server]: Passing new path to controller.
[component_container_isolated-2] [WARN] [1780119983.645997513] [controller_server]: Control loop missed its desired rate of 30.0000 Hz. Current loop rate is 33.3333 Hz.
[component_container_isolated-2] [WARN] [1780119983.749725365] [controller_server]: Control loop missed its desired rate of 30.0000 Hz. Current loop rate is 33.3333 Hz.
[component_container_isolated-2] [WARN] [1780119984.375027134] [planner_server]: Planner loop missed its desired rate of 999999999.0000 Hz. Current loop rate is 3.0303 Hz
[component_container_isolated-2] [INFO] [1780119984.416530725] [controller_server]: Passing new path to controller.
[component_container_isolated-2] [WARN] [1780119985.157762613] [controller_server]: Control loop missed its desired rate of 30.0000 Hz. Current loop rate is 25.0000 Hz.
[component_container_isolated-2] [WARN] [1780119985.265987136] [controller_server]: Control loop missed its desired rate of 30.0000 Hz. Current loop rate is 25.0000 Hz.
[component_container_isolated-2] [WARN] [1780119985.435927583] [controller_server]: Control loop missed its desired rate of 30.0000 Hz. Current loop rate is 25.0000 Hz.
[component_container_isolated-2] [WARN] [1780119985.736859248] [controller_server]: Control loop missed its desired rate of 30.0000 Hz. Current loop rate is 33.3333 Hz.
[component_container_isolated-2] [WARN] [1780119985.838282326] [controller_server]: Control loop missed its desired rate of 30.0000 Hz. Current loop rate is 33.3333 Hz.
[component_container_isolated-2] [WARN] [1780119985.892634871] [planner_server]: Planner loop missed its desired rate of 999999999.0000 Hz. Current loop rate is 2.0833 Hz
[component_container_isolated-2] [INFO] [1780119985.938422251] [controller_server]: Passing new path to controller.
[component_container_isolated-2] [WARN] [1780119987.300644384] [planner_server]: Planner loop missed its desired rate of 999999999.0000 Hz. Current loop rate is 2.7027 Hz
[component_container_isolated-2] [INFO] [1780119987.338418445] [controller_server]: Passing new path to controller.
[robot_mission_runner-4] [INFO] [1780119987.725798122] [robot_mission_runner]: Pose: (-1.04, -5.96), Elapsed: 70s, ETA: 33s, Dist remaining: 50.72m
[component_container_isolated-2] [WARN] [1780119988.746097224] [planner_server]: Planner loop missed its desired rate of 999999999.0000 Hz. Current loop rate is 2.3810 Hz
[component_container_isolated-2] [INFO] [1780119988.771747527] [controller_server]: Passing new path to controller.
[component_container_isolated-2] [WARN] [1780119989.741077205] [controller_server]: Control loop missed its desired rate of 30.0000 Hz. Current loop rate is 20.0000 Hz.
[component_container_isolated-2] [WARN] [1780119989.847512970] [controller_server]: Control loop missed its desired rate of 30.0000 Hz. Current loop rate is 25.0000 Hz.
[component_container_isolated-2] [WARN] [1780119990.217716721] [planner_server]: Planner loop missed its desired rate of 999999999.0000 Hz. Current loop rate is 2.2222 Hz
[component_container_isolated-2] [INFO] [1780119990.247641303] [controller_server]: Passing new path to controller.
[component_container_isolated-2] [WARN] [1780119990.950530813] [controller_server]: Control loop missed its desired rate of 30.0000 Hz. Current loop rate is 33.3333 Hz.
[component_container_isolated-2] [WARN] [1780119991.058944796] [controller_server]: Control loop missed its desired rate of 30.0000 Hz. Current loop rate is 25.0000 Hz.
[component_container_isolated-2] [WARN] [1780119991.142513034] [controller_server]: Control loop missed its desired rate of 30.0000 Hz. Current loop rate is 20.0000 Hz.
[component_container_isolated-2] [WARN] [1780119991.697293972] [planner_server]: Planner loop missed its desired rate of 999999999.0000 Hz. Current loop rate is 2.2222 Hz
[component_container_isolated-2] [INFO] [1780119991.742642200] [controller_server]: Passing new path to controller.
[robot_mission_runner-4] [INFO] [1780119992.744739648] [robot_mission_runner]: Pose: (-1.23, -13.47), Elapsed: 75s, ETA: 28s, Dist remaining: 43.24m
[component_container_isolated-2] [WARN] [1780119993.297946363] [planner_server]: Planner loop missed its desired rate of 999999999.0000 Hz. Current loop rate is 1.7857 Hz
[component_container_isolated-2] [INFO] [1780119993.342646941] [controller_server]: Passing new path to controller.
[component_container_isolated-2] [WARN] [1780119994.733300725] [planner_server]: Planner loop missed its desired rate of 999999999.0000 Hz. Current loop rate is 2.3810 Hz
[component_container_isolated-2] [INFO] [1780119994.775973425] [controller_server]: Passing new path to controller.
[component_container_isolated-2] [WARN] [1780119996.203783007] [planner_server]: Planner loop missed its desired rate of 999999999.0000 Hz. Current loop rate is 2.2727 Hz
[component_container_isolated-2] [INFO] [1780119996.242644416] [controller_server]: Passing new path to controller.
[component_container_isolated-2] [WARN] [1780119997.601961865] [planner_server]: Planner loop missed its desired rate of 999999999.0000 Hz. Current loop rate is 2.7027 Hz
[component_container_isolated-2] [INFO] [1780119997.642644511] [controller_server]: Passing new path to controller.
[robot_mission_runner-4] [INFO] [1780119997.767183652] [robot_mission_runner]: Pose: (-1.22, -20.97), Elapsed: 80s, ETA: 23s, Dist remaining: 35.63m
[component_container_isolated-2] [WARN] [1780119999.141936134] [planner_server]: Planner loop missed its desired rate of 999999999.0000 Hz. Current loop rate is 1.9608 Hz
[component_container_isolated-2] [INFO] [1780119999.175974926] [controller_server]: Passing new path to controller.
[component_container_isolated-2] [WARN] [1780119999.455767721] [controller_server]: Control loop missed its desired rate of 30.0000 Hz. Current loop rate is 20.0000 Hz.
[component_container_isolated-2] [WARN] [1780119999.564920915] [controller_server]: Control loop missed its desired rate of 30.0000 Hz. Current loop rate is 20.0000 Hz.
[component_container_isolated-2] [WARN] [1780119999.657490847] [controller_server]: Control loop missed its desired rate of 30.0000 Hz. Current loop rate is 16.6667 Hz.
[component_container_isolated-2] [WARN] [1780119999.766991324] [controller_server]: Control loop missed its desired rate of 30.0000 Hz. Current loop rate is 20.0000 Hz.
[component_container_isolated-2] [WARN] [1780119999.956979396] [controller_server]: Control loop missed its desired rate of 30.0000 Hz. Current loop rate is 16.6667 Hz.
[component_container_isolated-2] [WARN] [1780120000.701903711] [planner_server]: Planner loop missed its desired rate of 999999999.0000 Hz. Current loop rate is 1.8519 Hz
[component_container_isolated-2] [INFO] [1780120000.723787581] [controller_server]: Passing new path to controller.
[component_container_isolated-2] [WARN] [1780120002.176192268] [planner_server]: Planner loop missed its desired rate of 999999999.0000 Hz. Current loop rate is 2.2222 Hz
[component_container_isolated-2] [INFO] [1780120002.223784485] [controller_server]: Passing new path to controller.
[component_container_isolated-2] [WARN] [1780120002.363078723] [controller_server]: Control loop missed its desired rate of 30.0000 Hz. Current loop rate is 25.0000 Hz.
[component_container_isolated-2] [WARN] [1780120002.534879227] [controller_server]: Control loop missed its desired rate of 30.0000 Hz. Current loop rate is 33.3333 Hz.
[robot_mission_runner-4] [INFO] [1780120002.786866066] [robot_mission_runner]: Pose: (-1.11, -28.50), Elapsed: 85s, ETA: 18s, Dist remaining: 28.37m
[component_container_isolated-2] [WARN] [1780120002.949495913] [controller_server]: Control loop missed its desired rate of 30.0000 Hz. Current loop rate is 20.0000 Hz.
[component_container_isolated-2] [WARN] [1780120003.061614760] [controller_server]: Control loop missed its desired rate of 30.0000 Hz. Current loop rate is 20.0000 Hz.
[component_container_isolated-2] [WARN] [1780120003.727880594] [planner_server]: Planner loop missed its desired rate of 999999999.0000 Hz. Current loop rate is 1.8868 Hz
[component_container_isolated-2] [WARN] [1780120003.730086079] [controller_server]: Control loop missed its desired rate of 30.0000 Hz. Current loop rate is 33.3333 Hz.
[component_container_isolated-2] [INFO] [1780120003.763566771] [controller_server]: Passing new path to controller.
[component_container_isolated-2] [WARN] [1780120003.930174204] [controller_server]: Control loop missed its desired rate of 30.0000 Hz. Current loop rate is 33.3333 Hz.
[component_container_isolated-2] [WARN] [1780120004.154138259] [controller_server]: Control loop missed its desired rate of 30.0000 Hz. Current loop rate is 20.0000 Hz.
[component_container_isolated-2] [WARN] [1780120005.234627216] [planner_server]: Planner loop missed its desired rate of 999999999.0000 Hz. Current loop rate is 2.0000 Hz
[component_container_isolated-2] [INFO] [1780120005.254545588] [controller_server]: Passing new path to controller.
[vlm_node-3] [INFO] [1780120005.712944679] [vlm_node]: Completed prompt: "Check if there are any small hazards on the ground that would cause harm to the robot if it navigated over it OR the area is blocked by large objects that make it impassable. If so respond only yes. Otherwise, respond no." with response: True
[vlm_node-3] [INFO] [1780120005.713291480] [vlm_node]: VLM_QUERY|QueryBool|success|88.43|1|
[vlm_node-3] [INFO] [1780120005.734408881] [vlm_node]: Goal received with prompt: Is this space too crowded by people or working machinery to move though safely? If so, respond only yes. Otherwise respond no.
[component_container_isolated-2] [WARN] [1780120006.550970685] [planner_server]: Planner loop missed its desired rate of 999999999.0000 Hz. Current loop rate is 3.4483 Hz
[component_container_isolated-2] [INFO] [1780120006.587615793] [controller_server]: Passing new path to controller.
[component_container_isolated-2] [WARN] [1780120007.801096465] [planner_server]: Planner loop missed its desired rate of 999999999.0000 Hz. Current loop rate is 4.3478 Hz
[robot_mission_runner-4] [INFO] [1780120007.806357208] [robot_mission_runner]: Pose: (-1.11, -36.00), Elapsed: 90s, ETA: 13s, Dist remaining: 20.78m
[component_container_isolated-2] [INFO] [1780120007.820947315] [controller_server]: Passing new path to controller.
[component_container_isolated-2] [WARN] [1780120008.362008999] [controller_server]: Control loop missed its desired rate of 30.0000 Hz. Current loop rate is 25.0000 Hz.
[component_container_isolated-2] [WARN] [1780120008.544271945] [controller_server]: Control loop missed its desired rate of 30.0000 Hz. Current loop rate is 20.0000 Hz.
[component_container_isolated-2] [WARN] [1780120008.652618400] [controller_server]: Control loop missed its desired rate of 30.0000 Hz. Current loop rate is 25.0000 Hz.
[component_container_isolated-2] [WARN] [1780120008.763212680] [controller_server]: Control loop missed its desired rate of 30.0000 Hz. Current loop rate is 25.0000 Hz.
[component_container_isolated-2] [WARN] [1780120008.847032628] [controller_server]: Control loop missed its desired rate of 30.0000 Hz. Current loop rate is 20.0000 Hz.
[component_container_isolated-2] [WARN] [1780120009.161013100] [planner_server]: Planner loop missed its desired rate of 999999999.0000 Hz. Current loop rate is 2.8571 Hz
[component_container_isolated-2] [INFO] [1780120009.213834274] [controller_server]: Passing new path to controller.
[component_container_isolated-2] [WARN] [1780120010.590967566] [planner_server]: Planner loop missed its desired rate of 999999999.0000 Hz. Current loop rate is 2.5000 Hz
[component_container_isolated-2] [INFO] [1780120010.613835866] [controller_server]: Passing new path to controller.
[component_container_isolated-2] [WARN] [1780120011.939377395] [planner_server]: Planner loop missed its desired rate of 999999999.0000 Hz. Current loop rate is 3.1250 Hz
[component_container_isolated-2] [INFO] [1780120011.980512981] [controller_server]: Passing new path to controller.
[robot_mission_runner-4] [INFO] [1780120012.829083101] [robot_mission_runner]: Pose: (-1.11, -43.54), Elapsed: 95s, ETA: 8s, Dist remaining: 13.31m
[component_container_isolated-2] [WARN] [1780120013.267267038] [planner_server]: Planner loop missed its desired rate of 999999999.0000 Hz. Current loop rate is 3.2258 Hz
[component_container_isolated-2] [INFO] [1780120013.313840917] [controller_server]: Passing new path to controller.
[component_container_isolated-2] [WARN] [1780120014.562853483] [planner_server]: Planner loop missed its desired rate of 999999999.0000 Hz. Current loop rate is 3.5714 Hz
[component_container_isolated-2] [INFO] [1780120014.613838994] [controller_server]: Passing new path to controller.
[component_container_isolated-2] [WARN] [1780120015.724035710] [planner_server]: Planner loop missed its desired rate of 999999999.0000 Hz. Current loop rate is 7.6923 Hz
[component_container_isolated-2] [INFO] [1780120015.747166201] [controller_server]: Passing new path to controller.
[vlm_node-3] [INFO] [1780120016.569221082] [vlm_node]: Completed prompt: "Is this space too crowded by people or working machinery to move though safely? If so, respond only yes. Otherwise respond no." with response: False
[vlm_node-3] [INFO] [1780120016.569530659] [vlm_node]: VLM_QUERY|QueryBool|success|10.84|1|
[vlm_node-3] [INFO] [1780120016.573244044] [vlm_node]: Goal received with prompt: Are there any people visible in this scene? If so, respond only yes. Otherwise respond no.
[component_container_isolated-2] [WARN] [1780120016.782378486] [planner_server]: Planner loop missed its desired rate of 999999999.0000 Hz. Current loop rate is 25.0000 Hz
[component_container_isolated-2] [INFO] [1780120016.813832087] [controller_server]: Passing new path to controller.
[component_container_isolated-2] [WARN] [1780120017.818022120] [planner_server]: Planner loop missed its desired rate of 999999999.0000 Hz. Current loop rate is 100.0000 Hz
[component_container_isolated-2] [INFO] [1780120017.847382046] [controller_server]: Passing new path to controller.
[robot_mission_runner-4] [INFO] [1780120017.855209646] [robot_mission_runner]: Pose: (-4.43, -49.85), Elapsed: 100s, ETA: 3s, Dist remaining: 5.35m
[component_container_isolated-2] [WARN] [1780120018.269330097] [controller_server]: Control loop missed its desired rate of 30.0000 Hz. Current loop rate is 16.6667 Hz.
[component_container_isolated-2] [INFO] [1780120018.869496553] [controller_server]: Passing new path to controller.
[component_container_isolated-2] [WARN] [1780120019.536500931] [controller_server]: Control loop missed its desired rate of 30.0000 Hz. Current loop rate is 33.3333 Hz.
[component_container_isolated-2] [WARN] [1780120019.838290745] [controller_server]: Control loop missed its desired rate of 30.0000 Hz. Current loop rate is 33.3333 Hz.
[component_container_isolated-2] [INFO] [1780120019.905106917] [controller_server]: Passing new path to controller.
[component_container_isolated-2] [WARN] [1780120020.339353068] [controller_server]: Control loop missed its desired rate of 30.0000 Hz. Current loop rate is 25.0000 Hz.
[component_container_isolated-2] [WARN] [1780120020.962252967] [planner_server]: Planner loop missed its desired rate of 999999999.0000 Hz. Current loop rate is 14.2857 Hz
[component_container_isolated-2] [INFO] [1780120021.006160909] [controller_server]: Passing new path to controller.
[component_container_isolated-2] [WARN] [1780120021.241740941] [controller_server]: Control loop missed its desired rate of 30.0000 Hz. Current loop rate is 25.0000 Hz.
[component_container_isolated-2] [WARN] [1780120021.344175321] [controller_server]: Control loop missed its desired rate of 30.0000 Hz. Current loop rate is 33.3333 Hz.
[component_container_isolated-2] [WARN] [1780120021.986724418] [planner_server]: Planner loop missed its desired rate of 999999999.0000 Hz. Current loop rate is 100.0000 Hz
[component_container_isolated-2] [INFO] [1780120022.010974941] [controller_server]: Passing new path to controller.
[robot_mission_runner-4] [INFO] [1780120022.873401907] [robot_mission_runner]: Pose: (-7.89, -52.28), Elapsed: 105s, ETA: 3s, Dist remaining: 1.08m
[component_container_isolated-2] [INFO] [1780120023.044318669] [controller_server]: Passing new path to controller.
[component_container_isolated-2] [WARN] [1780120023.360855096] [controller_server]: Control loop missed its desired rate of 30.0000 Hz. Current loop rate is 20.0000 Hz.
[component_container_isolated-2] [WARN] [1780120023.434639597] [controller_server]: Control loop missed its desired rate of 30.0000 Hz. Current loop rate is 25.0000 Hz.
[component_container_isolated-2] [WARN] [1780120023.737178010] [controller_server]: Control loop missed its desired rate of 30.0000 Hz. Current loop rate is 33.3333 Hz.
[component_container_isolated-2] [WARN] [1780120024.035380950] [planner_server]: Planner loop missed its desired rate of 999999999.0000 Hz. Current loop rate is 100.0000 Hz
[component_container_isolated-2] [WARN] [1780120024.039698569] [controller_server]: Control loop missed its desired rate of 30.0000 Hz. Current loop rate is 25.0000 Hz.
[component_container_isolated-2] [INFO] [1780120024.073185891] [controller_server]: Passing new path to controller.
[component_container_isolated-2] [WARN] [1780120024.247266240] [controller_server]: Control loop missed its desired rate of 30.0000 Hz. Current loop rate is 20.0000 Hz.
[component_container_isolated-2] [WARN] [1780120024.647604103] [controller_server]: Control loop missed its desired rate of 30.0000 Hz. Current loop rate is 33.3333 Hz.
[component_container_isolated-2] [INFO] [1780120024.735865576] [controller_server]: Reached the goal!
[component_container_isolated-2] [INFO] [1780120024.736251721] [controller_server]: Optimizer reset
[component_container_isolated-2] [ERROR] [1780120024.772477315] [bt_navigator_navigate_to_pose_rclcpp_node]: Failed to get result for vlm_node/query_bool in node halt!
[component_container_isolated-2] [INFO] [1780120024.773031781] [bt_navigator]: Goal succeeded
[robot_mission_runner-4] [INFO] [1780120024.788069455] [robot_mission_runner]: Navigation result: SUCCEEDED
[robot_mission_runner-4] [INFO] [1780120034.789182223] [robot_mission_runner]: Navigating to drop, attempt 1/3...
[component_container_isolated-2] [INFO] [1780120034.789922593] [local_costmap.local_costmap]: Received request to clear entirely the local_costmap
[component_container_isolated-2] [INFO] [1780120034.798273942] [global_costmap.global_costmap]: Received request to clear entirely the global_costmap
[robot_mission_runner-4] [INFO] [1780120034.809738373] [robot_mission_runner]: Navigating to goal: -35.5 -36.7...
[component_container_isolated-2] [INFO] [1780120034.810570128] [bt_navigator]: Begin navigating from current location (-7.96, -52.32) to (-35.50, -36.70)
[vlm_node-3] [INFO] [1780120034.817302858] [vlm_node]: Goal received with prompt: Check if there are any small hazards on the ground that would cause harm to the robot if it navigated over it OR the area is blocked by large objects that make it impassable. If so respond only yes. Otherwise, respond no.
[component_container_isolated-2] [WARN] [1780120035.115996868] [planner_server]: Planner loop missed its desired rate of 999999999.0000 Hz. Current loop rate is 3.3333 Hz
[component_container_isolated-2] [INFO] [1780120035.132520243] [controller_server]: Received a goal, begin computing control effort.
[component_container_isolated-2] [WARN] [1780120035.233542672] [controller_server]: Control loop missed its desired rate of 30.0000 Hz. Current loop rate is 50.0000 Hz.
[component_container_isolated-2] [WARN] [1780120035.535926188] [controller_server]: Control loop missed its desired rate of 30.0000 Hz. Current loop rate is 33.3333 Hz.
[component_container_isolated-2] [WARN] [1780120036.037256411] [controller_server]: Control loop missed its desired rate of 30.0000 Hz. Current loop rate is 33.3333 Hz.
[component_container_isolated-2] [WARN] [1780120036.157928350] [planner_server]: Planner loop missed its desired rate of 999999999.0000 Hz. Current loop rate is 33.3333 Hz
[component_container_isolated-2] [INFO] [1780120036.204055138] [controller_server]: Passing new path to controller.
[component_container_isolated-2] [WARN] [1780120036.540648707] [controller_server]: Control loop missed its desired rate of 30.0000 Hz. Current loop rate is 25.0000 Hz.
[component_container_isolated-2] [WARN] [1780120037.205481703] [planner_server]: Planner loop missed its desired rate of 999999999.0000 Hz. Current loop rate is 50.0000 Hz
[component_container_isolated-2] [INFO] [1780120037.241539214] [controller_server]: Passing new path to controller.
[component_container_isolated-2] [WARN] [1780120037.842244252] [controller_server]: Control loop missed its desired rate of 30.0000 Hz. Current loop rate is 33.3333 Hz.
[component_container_isolated-2] [WARN] [1780120038.253308639] [planner_server]: Planner loop missed its desired rate of 999999999.0000 Hz. Current loop rate is 33.3333 Hz
[component_container_isolated-2] [INFO] [1780120038.275700765] [controller_server]: Passing new path to controller.
[component_container_isolated-2] [WARN] [1780120039.300579959] [planner_server]: Planner loop missed its desired rate of 999999999.0000 Hz. Current loop rate is 25.0000 Hz
[component_container_isolated-2] [INFO] [1780120039.309043384] [controller_server]: Passing new path to controller.
[component_container_isolated-2] [WARN] [1780120039.460087724] [controller_server]: Control loop missed its desired rate of 30.0000 Hz. Current loop rate is 20.0000 Hz.
[component_container_isolated-2] [WARN] [1780120039.529196767] [controller_server]: Control loop missed its desired rate of 30.0000 Hz. Current loop rate is 33.3333 Hz.
[component_container_isolated-2] [WARN] [1780120039.638062185] [controller_server]: Control loop missed its desired rate of 30.0000 Hz. Current loop rate is 20.0000 Hz.
[robot_mission_runner-4] [INFO] [1780120039.932360090] [robot_mission_runner]: Pose: (-11.40, -50.66), Elapsed: 5s, ETA: 23s, Dist remaining: 34.77m
[component_container_isolated-2] [WARN] [1780120040.246184232] [controller_server]: Control loop missed its desired rate of 30.0000 Hz. Current loop rate is 25.0000 Hz.
[component_container_isolated-2] [WARN] [1780120040.325641532] [planner_server]: Planner loop missed its desired rate of 999999999.0000 Hz. Current loop rate is 50.0000 Hz
[component_container_isolated-2] [WARN] [1780120040.346886909] [controller_server]: Control loop missed its desired rate of 30.0000 Hz. Current loop rate is 33.3333 Hz.
[component_container_isolated-2] [INFO] [1780120040.346961921] [controller_server]: Passing new path to controller.
[component_container_isolated-2] [WARN] [1780120040.651700433] [controller_server]: Control loop missed its desired rate of 30.0000 Hz. Current loop rate is 25.0000 Hz.
[component_container_isolated-2] [WARN] [1780120040.763964723] [controller_server]: Control loop missed its desired rate of 30.0000 Hz. Current loop rate is 25.0000 Hz.
[component_container_isolated-2] [WARN] [1780120040.834041873] [controller_server]: Control loop missed its desired rate of 30.0000 Hz. Current loop rate is 25.0000 Hz.
[component_container_isolated-2] [WARN] [1780120041.372307731] [planner_server]: Planner loop missed its desired rate of 999999999.0000 Hz. Current loop rate is 50.0000 Hz
[component_container_isolated-2] [INFO] [1780120041.400843061] [controller_server]: Passing new path to controller.
[component_container_isolated-2] [WARN] [1780120041.634281977] [controller_server]: Control loop missed its desired rate of 30.0000 Hz. Current loop rate is 33.3333 Hz.
[component_container_isolated-2] [WARN] [1780120041.736209900] [controller_server]: Control loop missed its desired rate of 30.0000 Hz. Current loop rate is 33.3333 Hz.
[component_container_isolated-2] [WARN] [1780120042.472174232] [planner_server]: Planner loop missed its desired rate of 999999999.0000 Hz. Current loop rate is 12.5000 Hz
[component_container_isolated-2] [INFO] [1780120042.505048766] [controller_server]: Passing new path to controller.
[component_container_isolated-2] [WARN] [1780120042.841088580] [controller_server]: Control loop missed its desired rate of 30.0000 Hz. Current loop rate is 33.3333 Hz.
[component_container_isolated-2] [WARN] [1780120043.508177315] [planner_server]: Planner loop missed its desired rate of 999999999.0000 Hz. Current loop rate is 50.0000 Hz
[component_container_isolated-2] [INFO] [1780120043.541244252] [controller_server]: Passing new path to controller.
[vlm_node-3] [INFO] [1780120044.206220229] [vlm_node]: Completed prompt: "Are there any people visible in this scene? If so, respond only yes. Otherwise respond no." with response: False
[vlm_node-3] [INFO] [1780120044.206745064] [vlm_node]: VLM_QUERY|QueryBool|success|27.63|1|
[component_container_isolated-2] [WARN] [1780120044.556090201] [planner_server]: Planner loop missed its desired rate of 999999999.0000 Hz. Current loop rate is 33.3333 Hz
[component_container_isolated-2] [INFO] [1780120044.574575592] [controller_server]: Passing new path to controller.
[robot_mission_runner-4] [INFO] [1780120044.956771495] [robot_mission_runner]: Pose: (-18.93, -50.59), Elapsed: 10s, ETA: 18s, Dist remaining: 27.37m
[component_container_isolated-2] [WARN] [1780120045.599073007] [planner_server]: Planner loop missed its desired rate of 999999999.0000 Hz. Current loop rate is 33.3333 Hz
[component_container_isolated-2] [INFO] [1780120045.641237206] [controller_server]: Passing new path to controller.
[component_container_isolated-2] [WARN] [1780120046.649307117] [planner_server]: Planner loop missed its desired rate of 999999999.0000 Hz. Current loop rate is 33.3333 Hz
[component_container_isolated-2] [INFO] [1780120046.674579172] [controller_server]: Passing new path to controller.
[component_container_isolated-2] [WARN] [1780120047.679514687] [planner_server]: Planner loop missed its desired rate of 999999999.0000 Hz. Current loop rate is 50.0000 Hz
[component_container_isolated-2] [INFO] [1780120047.707907220] [controller_server]: Passing new path to controller.
[component_container_isolated-2] [WARN] [1780120048.708626576] [planner_server]: Planner loop missed its desired rate of 999999999.0000 Hz. Current loop rate is 50.0000 Hz
[component_container_isolated-2] [INFO] [1780120048.741245263] [controller_server]: Passing new path to controller.
[component_container_isolated-2] [WARN] [1780120048.947133331] [controller_server]: Control loop missed its desired rate of 30.0000 Hz. Current loop rate is 33.3333 Hz.
[component_container_isolated-2] [WARN] [1780120049.768617903] [planner_server]: Planner loop missed its desired rate of 999999999.0000 Hz. Current loop rate is 20.0000 Hz
[component_container_isolated-2] [INFO] [1780120049.813951015] [controller_server]: Passing new path to controller.
[robot_mission_runner-4] [INFO] [1780120049.977336188] [robot_mission_runner]: Pose: (-26.46, -50.55), Elapsed: 15s, ETA: 13s, Dist remaining: 19.75m
[component_container_isolated-2] [WARN] [1780120050.810147389] [planner_server]: Planner loop missed its desired rate of 999999999.0000 Hz. Current loop rate is 50.0000 Hz
[component_container_isolated-2] [INFO] [1780120050.847283929] [controller_server]: Passing new path to controller.
[component_container_isolated-2] [WARN] [1780120051.845230881] [planner_server]: Planner loop missed its desired rate of 999999999.0000 Hz. Current loop rate is 100.0000 Hz
[component_container_isolated-2] [INFO] [1780120051.880860576] [controller_server]: Passing new path to controller.
[component_container_isolated-2] [WARN] [1780120052.877178545] [planner_server]: Planner loop missed its desired rate of 999999999.0000 Hz. Current loop rate is 50.0000 Hz
[component_container_isolated-2] [INFO] [1780120052.913915678] [controller_server]: Passing new path to controller.
[component_container_isolated-2] [WARN] [1780120053.547536828] [controller_server]: Control loop missed its desired rate of 30.0000 Hz. Current loop rate is 33.3333 Hz.
[component_container_isolated-2] [WARN] [1780120053.756326773] [controller_server]: Control loop missed its desired rate of 30.0000 Hz. Current loop rate is 25.0000 Hz.
[component_container_isolated-2] [WARN] [1780120053.939424201] [planner_server]: Planner loop missed its desired rate of 999999999.0000 Hz. Current loop rate is 25.0000 Hz
[component_container_isolated-2] [INFO] [1780120053.956496820] [controller_server]: Passing new path to controller.
[component_container_isolated-2] [WARN] [1780120054.960448672] [planner_server]: Planner loop missed its desired rate of 999999999.0000 Hz. Current loop rate is 100.0000 Hz
[component_container_isolated-2] [INFO] [1780120054.989825016] [controller_server]: Passing new path to controller.
[robot_mission_runner-4] [INFO] [1780120054.998590496] [robot_mission_runner]: Pose: (-33.24, -48.24), Elapsed: 20s, ETA: 8s, Dist remaining: 12.01m
[component_container_isolated-2] [WARN] [1780120055.981350848] [planner_server]: Planner loop missed its desired rate of 999999999.0000 Hz. Current loop rate is 100.0000 Hz
[component_container_isolated-2] [INFO] [1780120056.023163969] [controller_server]: Passing new path to controller.
[component_container_isolated-2] [WARN] [1780120057.011992923] [planner_server]: Planner loop missed its desired rate of 999999999.0000 Hz. Current loop rate is 100.0000 Hz
[component_container_isolated-2] [INFO] [1780120057.056487058] [controller_server]: Passing new path to controller.
[component_container_isolated-2] [WARN] [1780120058.067714264] [planner_server]: Planner loop missed its desired rate of 999999999.0000 Hz. Current loop rate is 33.3333 Hz
[component_container_isolated-2] [INFO] [1780120058.089828414] [controller_server]: Passing new path to controller.
[component_container_isolated-2] [WARN] [1780120059.091881537] [planner_server]: Planner loop missed its desired rate of 999999999.0000 Hz. Current loop rate is 100.0000 Hz
[component_container_isolated-2] [INFO] [1780120059.123160933] [controller_server]: Passing new path to controller.
[robot_mission_runner-4] [INFO] [1780120060.023751694] [robot_mission_runner]: Pose: (-34.46, -41.00), Elapsed: 25s, ETA: 3s, Dist remaining: 4.50m
[component_container_isolated-2] [WARN] [1780120060.121622775] [planner_server]: Planner loop missed its desired rate of 999999999.0000 Hz. Current loop rate is 100.0000 Hz
[component_container_isolated-2] [INFO] [1780120060.156485108] [controller_server]: Passing new path to controller.
[component_container_isolated-2] [WARN] [1780120061.170694108] [planner_server]: Planner loop missed its desired rate of 999999999.0000 Hz. Current loop rate is 33.3333 Hz
[component_container_isolated-2] [INFO] [1780120061.189827701] [controller_server]: Passing new path to controller.
[component_container_isolated-2] [WARN] [1780120062.190127298] [planner_server]: Planner loop missed its desired rate of 999999999.0000 Hz. Current loop rate is 100.0000 Hz
[component_container_isolated-2] [INFO] [1780120062.223155681] [controller_server]: Passing new path to controller.
[component_container_isolated-2] [WARN] [1780120063.207566159] [planner_server]: Planner loop missed its desired rate of 999999999.0000 Hz. Current loop rate is 100.0000 Hz
[component_container_isolated-2] [INFO] [1780120063.223156135] [controller_server]: Passing new path to controller.
[component_container_isolated-2] [INFO] [1780120064.095619749] [controller_server]: Reached the goal!
[component_container_isolated-2] [INFO] [1780120064.095869073] [controller_server]: Optimizer reset
[component_container_isolated-2] [ERROR] [1780120064.135701861] [bt_navigator_navigate_to_pose_rclcpp_node]: Failed to get result for vlm_node/query_bool in node halt!
[component_container_isolated-2] [INFO] [1780120064.136051401] [bt_navigator]: Goal succeeded
[robot_mission_runner-4] [INFO] [1780120064.143009302] [robot_mission_runner]: Navigation result: SUCCEEDED
[robot_mission_runner-4] [INFO] [1780120074.144228577] [robot_mission_runner]: Mission 1 completed.
[robot_mission_runner-4] [INFO] [1780120074.144960485] [robot_mission_runner]: Picking from {'x': 39.0, 'y': 26.65, 'yaw': -1.5708}, dropping at {'x': -17.5, 'y': 0.18, 'yaw': -1.5708}...
[robot_mission_runner-4] [INFO] [1780120074.145176734] [robot_mission_runner]: Navigating to pick, attempt 1/3...
[component_container_isolated-2] [INFO] [1780120074.145619398] [local_costmap.local_costmap]: Received request to clear entirely the local_costmap
[component_container_isolated-2] [INFO] [1780120074.150385058] [global_costmap.global_costmap]: Received request to clear entirely the global_costmap
[robot_mission_runner-4] [INFO] [1780120074.177545844] [robot_mission_runner]: Navigating to goal: 39.0 26.65...
[component_container_isolated-2] [INFO] [1780120074.178591086] [bt_navigator]: Begin navigating from current location (-35.50, -36.72) to (39.00, 26.65)
[vlm_node-3] [INFO] [1780120074.182037373] [vlm_node]: Goal received with prompt: Check if there are any small hazards on the ground that would cause harm to the robot if it navigated over it OR the area is blocked by large objects that make it impassable. If so respond only yes. Otherwise, respond no.
[component_container_isolated-2] [WARN] [1780120074.823500663] [planner_server]: Planner loop missed its desired rate of 999999999.0000 Hz. Current loop rate is 1.5625 Hz
[component_container_isolated-2] [INFO] [1780120074.840505994] [controller_server]: Received a goal, begin computing control effort.
[component_container_isolated-2] [WARN] [1780120075.366853132] [controller_server]: Control loop missed its desired rate of 30.0000 Hz. Current loop rate is 16.6667 Hz.
[component_container_isolated-2] [WARN] [1780120076.133856358] [controller_server]: Control loop missed its desired rate of 30.0000 Hz. Current loop rate is 33.3333 Hz.
[component_container_isolated-2] [WARN] [1780120076.167787468] [planner_server]: Planner loop missed its desired rate of 999999999.0000 Hz. Current loop rate is 3.1250 Hz
[component_container_isolated-2] [INFO] [1780120076.200664918] [controller_server]: Passing new path to controller.
[component_container_isolated-2] [WARN] [1780120076.235441207] [controller_server]: Control loop missed its desired rate of 30.0000 Hz. Current loop rate is 25.0000 Hz.
[component_container_isolated-2] [WARN] [1780120076.342746385] [controller_server]: Control loop missed its desired rate of 30.0000 Hz. Current loop rate is 25.0000 Hz.
[component_container_isolated-2] [WARN] [1780120076.546061115] [controller_server]: Control loop missed its desired rate of 30.0000 Hz. Current loop rate is 33.3333 Hz.
[component_container_isolated-2] [WARN] [1780120076.647993996] [controller_server]: Control loop missed its desired rate of 30.0000 Hz. Current loop rate is 33.3333 Hz.
[component_container_isolated-2] [WARN] [1780120077.472469899] [planner_server]: Planner loop missed its desired rate of 999999999.0000 Hz. Current loop rate is 3.5714 Hz
[component_container_isolated-2] [INFO] [1780120077.514795450] [controller_server]: Passing new path to controller.
[component_container_isolated-2] [WARN] [1780120078.157808392] [controller_server]: Control loop missed its desired rate of 30.0000 Hz. Current loop rate is 20.0000 Hz.
[component_container_isolated-2] [WARN] [1780120078.263262215] [controller_server]: Control loop missed its desired rate of 30.0000 Hz. Current loop rate is 25.0000 Hz.
[component_container_isolated-2] [WARN] [1780120078.348078827] [controller_server]: Control loop missed its desired rate of 30.0000 Hz. Current loop rate is 25.0000 Hz.
[component_container_isolated-2] [WARN] [1780120078.748681776] [planner_server]: Planner loop missed its desired rate of 999999999.0000 Hz. Current loop rate is 4.1667 Hz
[component_container_isolated-2] [INFO] [1780120078.781549214] [controller_server]: Passing new path to controller.
[robot_mission_runner-4] [INFO] [1780120079.296464545] [robot_mission_runner]: Pose: (-35.38, -37.51), Elapsed: 5s, ETA: 717s, Dist remaining: 157.24m
[component_container_isolated-2] [WARN] [1780120080.012969857] [planner_server]: Planner loop missed its desired rate of 999999999.0000 Hz. Current loop rate is 4.1667 Hz
[component_container_isolated-2] [INFO] [1780120080.048259440] [controller_server]: Passing new path to controller.
[component_container_isolated-2] [WARN] [1780120081.338511586] [planner_server]: Planner loop missed its desired rate of 999999999.0000 Hz. Current loop rate is 3.3333 Hz
[component_container_isolated-2] [INFO] [1780120081.381550874] [controller_server]: Passing new path to controller.
[component_container_isolated-2] [WARN] [1780120082.613211764] [planner_server]: Planner loop missed its desired rate of 999999999.0000 Hz. Current loop rate is 4.1667 Hz
[component_container_isolated-2] [INFO] [1780120082.648216114] [controller_server]: Passing new path to controller.
[component_container_isolated-2] [WARN] [1780120083.151029561] [controller_server]: Control loop missed its desired rate of 30.0000 Hz. Current loop rate is 33.3333 Hz.
[component_container_isolated-2] [WARN] [1780120083.260128743] [controller_server]: Control loop missed its desired rate of 30.0000 Hz. Current loop rate is 25.0000 Hz.
[component_container_isolated-2] [WARN] [1780120083.346243774] [controller_server]: Control loop missed its desired rate of 30.0000 Hz. Current loop rate is 20.0000 Hz.
[component_container_isolated-2] [WARN] [1780120083.864572591] [planner_server]: Planner loop missed its desired rate of 999999999.0000 Hz. Current loop rate is 4.5455 Hz
[component_container_isolated-2] [INFO] [1780120083.913053478] [controller_server]: Passing new path to controller.
[robot_mission_runner-4] [INFO] [1780120084.317473994] [robot_mission_runner]: Pose: (-35.40, -38.61), Elapsed: 10s, ETA: 888s, Dist remaining: 156.00m
[component_container_isolated-2] [WARN] [1780120085.139412390] [planner_server]: Planner loop missed its desired rate of 999999999.0000 Hz. Current loop rate is 4.0000 Hz
[component_container_isolated-2] [INFO] [1780120085.179744752] [controller_server]: Passing new path to controller.
[component_container_isolated-2] [WARN] [1780120085.247470510] [controller_server]: Control loop missed its desired rate of 30.0000 Hz. Current loop rate is 33.3333 Hz.
[component_container_isolated-2] [WARN] [1780120085.355574243] [controller_server]: Control loop missed its desired rate of 30.0000 Hz. Current loop rate is 25.0000 Hz.
[component_container_isolated-2] [WARN] [1780120085.470166880] [controller_server]: Control loop missed its desired rate of 30.0000 Hz. Current loop rate is 20.0000 Hz.
[component_container_isolated-2] [WARN] [1780120085.541443554] [controller_server]: Control loop missed its desired rate of 30.0000 Hz. Current loop rate is 25.0000 Hz.
[component_container_isolated-2] [WARN] [1780120085.646764188] [controller_server]: Control loop missed its desired rate of 30.0000 Hz. Current loop rate is 33.3333 Hz.
[component_container_isolated-2] [WARN] [1780120085.758202354] [controller_server]: Control loop missed its desired rate of 30.0000 Hz. Current loop rate is 25.0000 Hz.
[component_container_isolated-2] [WARN] [1780120085.853256644] [controller_server]: Control loop missed its desired rate of 30.0000 Hz. Current loop rate is 16.6667 Hz.
[component_container_isolated-2] [WARN] [1780120086.258399391] [controller_server]: Control loop missed its desired rate of 30.0000 Hz. Current loop rate is 25.0000 Hz.
[component_container_isolated-2] [WARN] [1780120086.332501511] [planner_server]: Planner loop missed its desired rate of 999999999.0000 Hz. Current loop rate is 5.8824 Hz
[component_container_isolated-2] [WARN] [1780120086.344937130] [controller_server]: Control loop missed its desired rate of 30.0000 Hz. Current loop rate is 20.0000 Hz.
[component_container_isolated-2] [INFO] [1780120086.378796220] [controller_server]: Passing new path to controller.
[component_container_isolated-2] [WARN] [1780120086.651236134] [controller_server]: Control loop missed its desired rate of 30.0000 Hz. Current loop rate is 25.0000 Hz.
[component_container_isolated-2] [WARN] [1780120086.956822797] [controller_server]: Control loop missed its desired rate of 30.0000 Hz. Current loop rate is 33.3333 Hz.
[component_container_isolated-2] [WARN] [1780120087.072576461] [controller_server]: Control loop missed its desired rate of 30.0000 Hz. Current loop rate is 20.0000 Hz.
[component_container_isolated-2] [WARN] [1780120087.143536715] [controller_server]: Control loop missed its desired rate of 30.0000 Hz. Current loop rate is 25.0000 Hz.
[component_container_isolated-2] [WARN] [1780120087.446718755] [controller_server]: Control loop missed its desired rate of 30.0000 Hz. Current loop rate is 33.3333 Hz.
[component_container_isolated-2] [WARN] [1780120087.513365416] [planner_server]: Planner loop missed its desired rate of 999999999.0000 Hz. Current loop rate is 6.2500 Hz
[component_container_isolated-2] [WARN] [1780120087.551978097] [controller_server]: Control loop missed its desired rate of 30.0000 Hz. Current loop rate is 25.0000 Hz.
[component_container_isolated-2] [INFO] [1780120087.552067953] [controller_server]: Passing new path to controller.
[component_container_isolated-2] [WARN] [1780120087.655640813] [controller_server]: Control loop missed its desired rate of 30.0000 Hz. Current loop rate is 33.3333 Hz.
[component_container_isolated-2] [WARN] [1780120087.763184089] [controller_server]: Control loop missed its desired rate of 30.0000 Hz. Current loop rate is 25.0000 Hz.
[component_container_isolated-2] [WARN] [1780120087.855117463] [controller_server]: Control loop missed its desired rate of 30.0000 Hz. Current loop rate is 20.0000 Hz.
[component_container_isolated-2] [WARN] [1780120087.967768525] [controller_server]: Control loop missed its desired rate of 30.0000 Hz. Current loop rate is 20.0000 Hz.
[component_container_isolated-2] [WARN] [1780120088.055573090] [controller_server]: Control loop missed its desired rate of 30.0000 Hz. Current loop rate is 20.0000 Hz.
[component_container_isolated-2] [WARN] [1780120088.174296476] [controller_server]: Control loop missed its desired rate of 30.0000 Hz. Current loop rate is 20.0000 Hz.
[component_container_isolated-2] [WARN] [1780120088.263286284] [controller_server]: Control loop missed its desired rate of 30.0000 Hz. Current loop rate is 20.0000 Hz.
[component_container_isolated-2] [WARN] [1780120088.352932135] [controller_server]: Control loop missed its desired rate of 30.0000 Hz. Current loop rate is 20.0000 Hz.
[component_container_isolated-2] [WARN] [1780120088.458168379] [controller_server]: Control loop missed its desired rate of 30.0000 Hz. Current loop rate is 33.3333 Hz.
[component_container_isolated-2] [WARN] [1780120088.568122686] [controller_server]: Control loop missed its desired rate of 30.0000 Hz. Current loop rate is 25.0000 Hz.
[component_container_isolated-2] [WARN] [1780120088.648513705] [controller_server]: Control loop missed its desired rate of 30.0000 Hz. Current loop rate is 20.0000 Hz.
[component_container_isolated-2] [WARN] [1780120088.692432251] [planner_server]: Planner loop missed its desired rate of 999999999.0000 Hz. Current loop rate is 6.6667 Hz
[component_container_isolated-2] [INFO] [1780120088.715395140] [controller_server]: Passing new path to controller.
[component_container_isolated-2] [WARN] [1780120088.862120383] [controller_server]: Control loop missed its desired rate of 30.0000 Hz. Current loop rate is 20.0000 Hz.
[component_container_isolated-2] [WARN] [1780120088.947776076] [controller_server]: Control loop missed its desired rate of 30.0000 Hz. Current loop rate is 16.6667 Hz.
[component_container_isolated-2] [WARN] [1780120089.049048904] [controller_server]: Control loop missed its desired rate of 30.0000 Hz. Current loop rate is 25.0000 Hz.
[component_container_isolated-2] [WARN] [1780120089.162521673] [controller_server]: Control loop missed its desired rate of 30.0000 Hz. Current loop rate is 25.0000 Hz.
[component_container_isolated-2] [WARN] [1780120089.247830916] [controller_server]: Control loop missed its desired rate of 30.0000 Hz. Current loop rate is 20.0000 Hz.
[robot_mission_runner-4] [INFO] [1780120089.337149609] [robot_mission_runner]: Pose: (-34.87, -39.09), Elapsed: 15s, ETA: 249s, Dist remaining: 153.82m
[component_container_isolated-2] [WARN] [1780120089.449698728] [controller_server]: Control loop missed its desired rate of 30.0000 Hz. Current loop rate is 25.0000 Hz.
[component_container_isolated-2] [WARN] [1780120089.870052230] [planner_server]: Planner loop missed its desired rate of 999999999.0000 Hz. Current loop rate is 6.6667 Hz
[component_container_isolated-2] [INFO] [1780120089.916490950] [controller_server]: Passing new path to controller.
[component_container_isolated-2] [WARN] [1780120091.092077396] [planner_server]: Planner loop missed its desired rate of 999999999.0000 Hz. Current loop rate is 5.2632 Hz
[component_container_isolated-2] [INFO] [1780120091.116521607] [controller_server]: Passing new path to controller.
[component_container_isolated-2] [WARN] [1780120092.275463581] [planner_server]: Planner loop missed its desired rate of 999999999.0000 Hz. Current loop rate is 6.2500 Hz
[component_container_isolated-2] [INFO] [1780120092.316505052] [controller_server]: Passing new path to controller.
[component_container_isolated-2] [WARN] [1780120093.252019802] [controller_server]: Control loop missed its desired rate of 30.0000 Hz. Current loop rate is 33.3333 Hz.
[component_container_isolated-2] [WARN] [1780120093.355245608] [controller_server]: Control loop missed its desired rate of 30.0000 Hz. Current loop rate is 33.3333 Hz.
[component_container_isolated-2] [WARN] [1780120093.410543089] [planner_server]: Planner loop missed its desired rate of 999999999.0000 Hz. Current loop rate is 9.0909 Hz
[component_container_isolated-2] [INFO] [1780120093.455385034] [controller_server]: Passing new path to controller.
[robot_mission_runner-4] [INFO] [1780120094.353338318] [robot_mission_runner]: Pose: (-34.37, -45.82), Elapsed: 20s, ETA: 98s, Dist remaining: 147.41m
[component_container_isolated-2] [WARN] [1780120094.544110765] [planner_server]: Planner loop missed its desired rate of 999999999.0000 Hz. Current loop rate is 10.0000 Hz
[component_container_isolated-2] [INFO] [1780120094.588727504] [controller_server]: Passing new path to controller.
[component_container_isolated-2] [WARN] [1780120095.686204192] [planner_server]: Planner loop missed its desired rate of 999999999.0000 Hz. Current loop rate is 9.0909 Hz
[component_container_isolated-2] [INFO] [1780120095.722056108] [controller_server]: Passing new path to controller.
[component_container_isolated-2] [WARN] [1780120096.801307247] [planner_server]: Planner loop missed its desired rate of 999999999.0000 Hz. Current loop rate is 11.1111 Hz
[component_container_isolated-2] [INFO] [1780120096.822056698] [controller_server]: Passing new path to controller.
[component_container_isolated-2] [WARN] [1780120097.918849084] [planner_server]: Planner loop missed its desired rate of 999999999.0000 Hz. Current loop rate is 11.1111 Hz
[component_container_isolated-2] [INFO] [1780120097.955401525] [controller_server]: Passing new path to controller.
[component_container_isolated-2] [WARN] [1780120099.025816720] [planner_server]: Planner loop missed its desired rate of 999999999.0000 Hz. Current loop rate is 12.5000 Hz
[component_container_isolated-2] [INFO] [1780120099.055386365] [controller_server]: Passing new path to controller.
[robot_mission_runner-4] [INFO] [1780120099.391409111] [robot_mission_runner]: Pose: (-29.10, -50.45), Elapsed: 25s, ETA: 93s, Dist remaining: 139.67m
[vlm_node-3] [INFO] [1780120099.543013424] [vlm_node]: Completed prompt: "Check if there are any small hazards on the ground that would cause harm to the robot if it navigated over it OR the area is blocked by large objects that make it impassable. If so respond only yes. Otherwise, respond no." with response: True
[vlm_node-3] [INFO] [1780120099.543643929] [vlm_node]: VLM_QUERY|QueryBool|success|25.36|1|
[vlm_node-3] [INFO] [1780120099.564105627] [vlm_node]: Goal received with prompt: Is this space too crowded by people or working machinery to move though safely? If so, respond only yes. Otherwise respond no.
[component_container_isolated-2] [WARN] [1780120100.130337596] [planner_server]: Planner loop missed its desired rate of 999999999.0000 Hz. Current loop rate is 12.5000 Hz
[component_container_isolated-2] [INFO] [1780120100.155399371] [controller_server]: Passing new path to controller.
[component_container_isolated-2] [WARN] [1780120101.226257565] [planner_server]: Planner loop missed its desired rate of 999999999.0000 Hz. Current loop rate is 14.2857 Hz
[component_container_isolated-2] [INFO] [1780120101.255611219] [controller_server]: Passing new path to controller.
[component_container_isolated-2] [WARN] [1780120102.295105040] [planner_server]: Planner loop missed its desired rate of 999999999.0000 Hz. Current loop rate is 16.6667 Hz
[component_container_isolated-2] [INFO] [1780120102.322047725] [controller_server]: Passing new path to controller.
[component_container_isolated-2] [WARN] [1780120103.363058914] [planner_server]: Planner loop missed its desired rate of 999999999.0000 Hz. Current loop rate is 20.0000 Hz
[component_container_isolated-2] [INFO] [1780120103.388734923] [controller_server]: Passing new path to controller.
[robot_mission_runner-4] [INFO] [1780120104.412280660] [robot_mission_runner]: Pose: (-21.59, -50.46), Elapsed: 30s, ETA: 88s, Dist remaining: 132.07m
[component_container_isolated-2] [WARN] [1780120104.495908730] [planner_server]: Planner loop missed its desired rate of 999999999.0000 Hz. Current loop rate is 9.0909 Hz
[component_container_isolated-2] [INFO] [1780120104.522053458] [controller_server]: Passing new path to controller.
[component_container_isolated-2] [WARN] [1780120105.567145825] [planner_server]: Planner loop missed its desired rate of 999999999.0000 Hz. Current loop rate is 20.0000 Hz
[component_container_isolated-2] [INFO] [1780120105.588727080] [controller_server]: Passing new path to controller.
[component_container_isolated-2] [WARN] [1780120106.633969644] [planner_server]: Planner loop missed its desired rate of 999999999.0000 Hz. Current loop rate is 20.0000 Hz
[component_container_isolated-2] [INFO] [1780120106.655394032] [controller_server]: Passing new path to controller.
[component_container_isolated-2] [WARN] [1780120107.709974940] [planner_server]: Planner loop missed its desired rate of 999999999.0000 Hz. Current loop rate is 16.6667 Hz
[component_container_isolated-2] [INFO] [1780120107.755389039] [controller_server]: Passing new path to controller.
[component_container_isolated-2] [WARN] [1780120108.813013351] [planner_server]: Planner loop missed its desired rate of 999999999.0000 Hz. Current loop rate is 14.2857 Hz
[component_container_isolated-2] [INFO] [1780120108.855384914] [controller_server]: Passing new path to controller.
[robot_mission_runner-4] [INFO] [1780120109.435294364] [robot_mission_runner]: Pose: (-14.04, -50.48), Elapsed: 35s, ETA: 83s, Dist remaining: 124.52m
[component_container_isolated-2] [WARN] [1780120109.898219143] [planner_server]: Planner loop missed its desired rate of 999999999.0000 Hz. Current loop rate is 16.6667 Hz
[component_container_isolated-2] [INFO] [1780120109.922052405] [controller_server]: Passing new path to controller.
[component_container_isolated-2] [WARN] [1780120111.007342782] [planner_server]: Planner loop missed its desired rate of 999999999.0000 Hz. Current loop rate is 11.1111 Hz
[component_container_isolated-2] [INFO] [1780120111.022055728] [controller_server]: Passing new path to controller.
[component_container_isolated-2] [WARN] [1780120112.083537338] [planner_server]: Planner loop missed its desired rate of 999999999.0000 Hz. Current loop rate is 20.0000 Hz
[component_container_isolated-2] [INFO] [1780120112.122054801] [controller_server]: Passing new path to controller.
[component_container_isolated-2] [WARN] [1780120113.151376475] [planner_server]: Planner loop missed its desired rate of 999999999.0000 Hz. Current loop rate is 20.0000 Hz
[component_container_isolated-2] [INFO] [1780120113.188760591] [controller_server]: Passing new path to controller.
[component_container_isolated-2] [WARN] [1780120114.222101823] [planner_server]: Planner loop missed its desired rate of 999999999.0000 Hz. Current loop rate is 16.6667 Hz
[component_container_isolated-2] [INFO] [1780120114.255392594] [controller_server]: Passing new path to controller.
[robot_mission_runner-4] [INFO] [1780120114.454850299] [robot_mission_runner]: Pose: (-6.52, -50.44), Elapsed: 40s, ETA: 78s, Dist remaining: 117.22m
[component_container_isolated-2] [WARN] [1780120115.297183194] [planner_server]: Planner loop missed its desired rate of 999999999.0000 Hz. Current loop rate is 20.0000 Hz
[component_container_isolated-2] [INFO] [1780120115.322059954] [controller_server]: Passing new path to controller.
[component_container_isolated-2] [WARN] [1780120116.349228514] [planner_server]: Planner loop missed its desired rate of 999999999.0000 Hz. Current loop rate is 20.0000 Hz
[component_container_isolated-2] [INFO] [1780120116.388719668] [controller_server]: Passing new path to controller.
[component_container_isolated-2] [WARN] [1780120117.421150824] [planner_server]: Planner loop missed its desired rate of 999999999.0000 Hz. Current loop rate is 16.6667 Hz
[component_container_isolated-2] [INFO] [1780120117.456870866] [controller_server]: Passing new path to controller.
[component_container_isolated-2] [WARN] [1780120118.509409902] [planner_server]: Planner loop missed its desired rate of 999999999.0000 Hz. Current loop rate is 16.6667 Hz
[component_container_isolated-2] [INFO] [1780120118.555380069] [controller_server]: Passing new path to controller.
[vlm_node-3] [INFO] [1780120119.149237303] [vlm_node]: Completed prompt: "Is this space too crowded by people or working machinery to move though safely? If so, respond only yes. Otherwise respond no." with response: False
[vlm_node-3] [INFO] [1780120119.149516674] [vlm_node]: VLM_QUERY|QueryBool|success|19.59|1|
[vlm_node-3] [INFO] [1780120119.165231887] [vlm_node]: Goal received with prompt: Are there any people visible in this scene? If so, respond only yes. Otherwise respond no.
[robot_mission_runner-4] [INFO] [1780120119.482346962] [robot_mission_runner]: Pose: (-0.64, -46.06), Elapsed: 45s, ETA: 72s, Dist remaining: 109.45m
[component_container_isolated-2] [WARN] [1780120119.560276456] [planner_server]: Planner loop missed its desired rate of 999999999.0000 Hz. Current loop rate is 33.3333 Hz
[component_container_isolated-2] [INFO] [1780120119.588715546] [controller_server]: Passing new path to controller.
[component_container_isolated-2] [WARN] [1780120120.606075532] [planner_server]: Planner loop missed its desired rate of 999999999.0000 Hz. Current loop rate is 50.0000 Hz
[component_container_isolated-2] [INFO] [1780120120.622056540] [controller_server]: Passing new path to controller.
[component_container_isolated-2] [WARN] [1780120121.661211871] [planner_server]: Planner loop missed its desired rate of 999999999.0000 Hz. Current loop rate is 33.3333 Hz
[component_container_isolated-2] [INFO] [1780120121.690584409] [controller_server]: Passing new path to controller.
[component_container_isolated-2] [WARN] [1780120122.716267934] [planner_server]: Planner loop missed its desired rate of 999999999.0000 Hz. Current loop rate is 25.0000 Hz
[component_container_isolated-2] [INFO] [1780120122.755379449] [controller_server]: Passing new path to controller.
[component_container_isolated-2] [WARN] [1780120123.770029328] [planner_server]: Planner loop missed its desired rate of 999999999.0000 Hz. Current loop rate is 33.3333 Hz
[component_container_isolated-2] [INFO] [1780120123.822752863] [controller_server]: Passing new path to controller.
[robot_mission_runner-4] [INFO] [1780120124.516118553] [robot_mission_runner]: Pose: (0.66, -38.87), Elapsed: 50s, ETA: 68s, Dist remaining: 102.09m
[component_container_isolated-2] [WARN] [1780120124.824685551] [planner_server]: Planner loop missed its desired rate of 999999999.0000 Hz. Current loop rate is 33.3333 Hz
[component_container_isolated-2] [INFO] [1780120124.855391331] [controller_server]: Passing new path to controller.
[component_container_isolated-2] [WARN] [1780120125.878852227] [planner_server]: Planner loop missed its desired rate of 999999999.0000 Hz. Current loop rate is 33.3333 Hz
[component_container_isolated-2] [INFO] [1780120125.922055284] [controller_server]: Passing new path to controller.
[vlm_node-3] [WARN] [1780120126.092659200] [vlm_node]: VLM request failed on attempt 1: Request timed out.
[vlm_node-3] [INFO] [1780120126.093560844] [vlm_node]: VLM_QUERY|QueryBool|error|91.28|1|Request timed out.
[component_container_isolated-2] [WARN] [1780120126.994198489] [planner_server]: Planner loop missed its desired rate of 999999999.0000 Hz. Current loop rate is 10.0000 Hz
[component_container_isolated-2] [INFO] [1780120127.022059306] [controller_server]: Passing new path to controller.
[component_container_isolated-2] [WARN] [1780120128.029949913] [planner_server]: Planner loop missed its desired rate of 999999999.0000 Hz. Current loop rate is 33.3333 Hz
[component_container_isolated-2] [INFO] [1780120128.055384353] [controller_server]: Passing new path to controller.
[component_container_isolated-2] [WARN] [1780120129.075456081] [planner_server]: Planner loop missed its desired rate of 999999999.0000 Hz. Current loop rate is 33.3333 Hz
[component_container_isolated-2] [INFO] [1780120129.088721654] [controller_server]: Passing new path to controller.
[robot_mission_runner-4] [INFO] [1780120129.536678904] [robot_mission_runner]: Pose: (0.66, -31.34), Elapsed: 55s, ETA: 63s, Dist remaining: 94.50m
[component_container_isolated-2] [WARN] [1780120130.115844077] [planner_server]: Planner loop missed its desired rate of 999999999.0000 Hz. Current loop rate is 33.3333 Hz
[component_container_isolated-2] [INFO] [1780120130.155385961] [controller_server]: Passing new path to controller.
[component_container_isolated-2] [WARN] [1780120131.163870300] [planner_server]: Planner loop missed its desired rate of 999999999.0000 Hz. Current loop rate is 33.3333 Hz
[component_container_isolated-2] [INFO] [1780120131.188722809] [controller_server]: Passing new path to controller.
[component_container_isolated-2] [WARN] [1780120132.220172230] [planner_server]: Planner loop missed its desired rate of 999999999.0000 Hz. Current loop rate is 25.0000 Hz
[component_container_isolated-2] [INFO] [1780120132.255388455] [controller_server]: Passing new path to controller.
[component_container_isolated-2] [WARN] [1780120133.270319887] [planner_server]: Planner loop missed its desired rate of 999999999.0000 Hz. Current loop rate is 33.3333 Hz
[component_container_isolated-2] [INFO] [1780120133.322055414] [controller_server]: Passing new path to controller.
[component_container_isolated-2] [WARN] [1780120134.320197060] [planner_server]: Planner loop missed its desired rate of 999999999.0000 Hz. Current loop rate is 50.0000 Hz
[component_container_isolated-2] [INFO] [1780120134.355379922] [controller_server]: Passing new path to controller.
[robot_mission_runner-4] [INFO] [1780120134.554403853] [robot_mission_runner]: Pose: (0.61, -23.81), Elapsed: 60s, ETA: 58s, Dist remaining: 87.08m
[component_container_isolated-2] [WARN] [1780120135.354288129] [planner_server]: Planner loop missed its desired rate of 999999999.0000 Hz. Current loop rate is 50.0000 Hz
[component_container_isolated-2] [INFO] [1780120135.388718545] [controller_server]: Passing new path to controller.
[vlm_node-3] [INFO] [1780120135.510931118] [vlm_node]: Completed prompt: "Are there any people visible in this scene? If so, respond only yes. Otherwise respond no." with response: False
[vlm_node-3] [INFO] [1780120135.511569077] [vlm_node]: VLM_QUERY|QueryBool|success|16.35|1|
[vlm_node-3] [INFO] [1780120135.534869232] [vlm_node]: Goal received with prompt: Check if there are any small hazards on the ground that would cause harm to the robot if it navigated over it OR the area is blocked by large objects that make it impassable. If so respond only yes. Otherwise, respond no.
[component_container_isolated-2] [WARN] [1780120136.390275866] [planner_server]: Planner loop missed its desired rate of 999999999.0000 Hz. Current loop rate is 50.0000 Hz
[component_container_isolated-2] [INFO] [1780120136.422160146] [controller_server]: Passing new path to controller.
[component_container_isolated-2] [WARN] [1780120137.443535743] [planner_server]: Planner loop missed its desired rate of 999999999.0000 Hz. Current loop rate is 25.0000 Hz
[component_container_isolated-2] [INFO] [1780120137.488947168] [controller_server]: Passing new path to controller.
[component_container_isolated-2] [WARN] [1780120138.481926604] [planner_server]: Planner loop missed its desired rate of 999999999.0000 Hz. Current loop rate is 50.0000 Hz
[component_container_isolated-2] [INFO] [1780120138.522051066] [controller_server]: Passing new path to controller.
[component_container_isolated-2] [WARN] [1780120139.536030533] [planner_server]: Planner loop missed its desired rate of 999999999.0000 Hz. Current loop rate is 25.0000 Hz
[component_container_isolated-2] [INFO] [1780120139.555390043] [controller_server]: Passing new path to controller.
[robot_mission_runner-4] [INFO] [1780120139.572075024] [robot_mission_runner]: Pose: (0.60, -16.30), Elapsed: 65s, ETA: 53s, Dist remaining: 79.58m
[component_container_isolated-2] [WARN] [1780120140.588140116] [planner_server]: Planner loop missed its desired rate of 999999999.0000 Hz. Current loop rate is 33.3333 Hz
[component_container_isolated-2] [INFO] [1780120140.622059410] [controller_server]: Passing new path to controller.
[component_container_isolated-2] [WARN] [1780120141.635125152] [planner_server]: Planner loop missed its desired rate of 999999999.0000 Hz. Current loop rate is 33.3333 Hz
[component_container_isolated-2] [INFO] [1780120141.655387018] [controller_server]: Passing new path to controller.
[component_container_isolated-2] [WARN] [1780120142.358728542] [controller_server]: Control loop missed its desired rate of 30.0000 Hz. Current loop rate is 25.0000 Hz.
[component_container_isolated-2] [WARN] [1780120142.439415005] [controller_server]: Control loop missed its desired rate of 30.0000 Hz. Current loop rate is 20.0000 Hz.
[component_container_isolated-2] [WARN] [1780120142.642218315] [controller_server]: Control loop missed its desired rate of 30.0000 Hz. Current loop rate is 25.0000 Hz.
[component_container_isolated-2] [WARN] [1780120142.682646480] [planner_server]: Planner loop missed its desired rate of 999999999.0000 Hz. Current loop rate is 50.0000 Hz
[component_container_isolated-2] [INFO] [1780120142.709231267] [controller_server]: Passing new path to controller.
[component_container_isolated-2] [WARN] [1780120143.726755802] [planner_server]: Planner loop missed its desired rate of 999999999.0000 Hz. Current loop rate is 33.3333 Hz
[component_container_isolated-2] [INFO] [1780120143.742410438] [controller_server]: Passing new path to controller.
[component_container_isolated-2] [WARN] [1780120143.846158865] [controller_server]: Control loop missed its desired rate of 30.0000 Hz. Current loop rate is 25.0000 Hz.
[robot_mission_runner-4] [INFO] [1780120144.595672235] [robot_mission_runner]: Pose: (0.52, -8.78), Elapsed: 70s, ETA: 47s, Dist remaining: 71.79m
[component_container_isolated-2] [WARN] [1780120144.774849246] [planner_server]: Planner loop missed its desired rate of 999999999.0000 Hz. Current loop rate is 50.0000 Hz
[component_container_isolated-2] [INFO] [1780120144.812973309] [controller_server]: Passing new path to controller.
[component_container_isolated-2] [WARN] [1780120145.549646166] [controller_server]: Control loop missed its desired rate of 30.0000 Hz. Current loop rate is 20.0000 Hz.
[component_container_isolated-2] [WARN] [1780120145.830914637] [planner_server]: Planner loop missed its desired rate of 999999999.0000 Hz. Current loop rate is 25.0000 Hz
[component_container_isolated-2] [INFO] [1780120145.883132656] [controller_server]: Passing new path to controller.
[component_container_isolated-2] [WARN] [1780120146.873736948] [planner_server]: Planner loop missed its desired rate of 999999999.0000 Hz. Current loop rate is 50.0000 Hz
[component_container_isolated-2] [INFO] [1780120146.916450313] [controller_server]: Passing new path to controller.
[component_container_isolated-2] [WARN] [1780120147.980897161] [planner_server]: Planner loop missed its desired rate of 999999999.0000 Hz. Current loop rate is 12.5000 Hz
[component_container_isolated-2] [INFO] [1780120148.016451009] [controller_server]: Passing new path to controller.
[component_container_isolated-2] [WARN] [1780120149.045114828] [planner_server]: Planner loop missed its desired rate of 999999999.0000 Hz. Current loop rate is 25.0000 Hz
[component_container_isolated-2] [INFO] [1780120149.083119161] [controller_server]: Passing new path to controller.
[robot_mission_runner-4] [INFO] [1780120149.617719266] [robot_mission_runner]: Pose: (0.56, -1.27), Elapsed: 75s, ETA: 43s, Dist remaining: 64.52m
[component_container_isolated-2] [WARN] [1780120150.094193362] [planner_server]: Planner loop missed its desired rate of 999999999.0000 Hz. Current loop rate is 50.0000 Hz
[component_container_isolated-2] [INFO] [1780120150.116442139] [controller_server]: Passing new path to controller.
[component_container_isolated-2] [WARN] [1780120151.138165852] [planner_server]: Planner loop missed its desired rate of 999999999.0000 Hz. Current loop rate is 25.0000 Hz
[component_container_isolated-2] [INFO] [1780120151.149778489] [controller_server]: Passing new path to controller.
[component_container_isolated-2] [WARN] [1780120151.850610106] [controller_server]: Control loop missed its desired rate of 30.0000 Hz. Current loop rate is 25.0000 Hz.
[component_container_isolated-2] [WARN] [1780120152.172610127] [planner_server]: Planner loop missed its desired rate of 999999999.0000 Hz. Current loop rate is 50.0000 Hz
[component_container_isolated-2] [INFO] [1780120152.217419661] [controller_server]: Passing new path to controller.
[component_container_isolated-2] [WARN] [1780120152.557321389] [controller_server]: Control loop missed its desired rate of 30.0000 Hz. Current loop rate is 25.0000 Hz.
[component_container_isolated-2] [WARN] [1780120153.222991665] [planner_server]: Planner loop missed its desired rate of 999999999.0000 Hz. Current loop rate is 50.0000 Hz
[component_container_isolated-2] [INFO] [1780120153.257477379] [controller_server]: Passing new path to controller.
[component_container_isolated-2] [WARN] [1780120154.255679256] [planner_server]: Planner loop missed its desired rate of 999999999.0000 Hz. Current loop rate is 100.0000 Hz
[component_container_isolated-2] [INFO] [1780120154.290807788] [controller_server]: Passing new path to controller.
[robot_mission_runner-4] [INFO] [1780120154.640553003] [robot_mission_runner]: Pose: (0.45, 6.29), Elapsed: 80s, ETA: 38s, Dist remaining: 57.22m
[component_container_isolated-2] [WARN] [1780120155.259513108] [controller_server]: Control loop missed its desired rate of 30.0000 Hz. Current loop rate is 25.0000 Hz.
[component_container_isolated-2] [WARN] [1780120155.288290598] [planner_server]: Planner loop missed its desired rate of 999999999.0000 Hz. Current loop rate is 50.0000 Hz
[component_container_isolated-2] [WARN] [1780120155.340751618] [controller_server]: Control loop missed its desired rate of 30.0000 Hz. Current loop rate is 20.0000 Hz.
[component_container_isolated-2] [INFO] [1780120155.340801982] [controller_server]: Passing new path to controller.
[component_container_isolated-2] [WARN] [1780120155.743851581] [controller_server]: Control loop missed its desired rate of 30.0000 Hz. Current loop rate is 25.0000 Hz.
[component_container_isolated-2] [WARN] [1780120155.849512566] [controller_server]: Control loop missed its desired rate of 30.0000 Hz. Current loop rate is 20.0000 Hz.
[component_container_isolated-2] [WARN] [1780120155.954184190] [controller_server]: Control loop missed its desired rate of 30.0000 Hz. Current loop rate is 25.0000 Hz.
[component_container_isolated-2] [WARN] [1780120156.058077699] [controller_server]: Control loop missed its desired rate of 30.0000 Hz. Current loop rate is 25.0000 Hz.
[component_container_isolated-2] [WARN] [1780120156.160410947] [controller_server]: Control loop missed its desired rate of 30.0000 Hz. Current loop rate is 25.0000 Hz.
[component_container_isolated-2] [WARN] [1780120156.236314910] [controller_server]: Control loop missed its desired rate of 30.0000 Hz. Current loop rate is 25.0000 Hz.
[component_container_isolated-2] [WARN] [1780120156.328134894] [planner_server]: Planner loop missed its desired rate of 999999999.0000 Hz. Current loop rate is 50.0000 Hz
[component_container_isolated-2] [WARN] [1780120156.339133860] [controller_server]: Control loop missed its desired rate of 30.0000 Hz. Current loop rate is 25.0000 Hz.
[component_container_isolated-2] [INFO] [1780120156.372595349] [controller_server]: Passing new path to controller.
[component_container_isolated-2] [WARN] [1780120156.440848902] [controller_server]: Control loop missed its desired rate of 30.0000 Hz. Current loop rate is 25.0000 Hz.
[component_container_isolated-2] [WARN] [1780120156.941260332] [controller_server]: Control loop missed its desired rate of 30.0000 Hz. Current loop rate is 25.0000 Hz.
[component_container_isolated-2] [WARN] [1780120157.042369989] [controller_server]: Control loop missed its desired rate of 30.0000 Hz. Current loop rate is 25.0000 Hz.
[component_container_isolated-2] [WARN] [1780120157.142756009] [controller_server]: Control loop missed its desired rate of 30.0000 Hz. Current loop rate is 25.0000 Hz.
[component_container_isolated-2] [WARN] [1780120157.354573467] [planner_server]: Planner loop missed its desired rate of 999999999.0000 Hz. Current loop rate is 100.0000 Hz
[component_container_isolated-2] [INFO] [1780120157.376207831] [controller_server]: Passing new path to controller.
[component_container_isolated-2] [WARN] [1780120158.377915095] [planner_server]: Planner loop missed its desired rate of 999999999.0000 Hz. Current loop rate is 100.0000 Hz
[component_container_isolated-2] [INFO] [1780120158.409550331] [controller_server]: Passing new path to controller.
[component_container_isolated-2] [WARN] [1780120159.483002247] [planner_server]: Planner loop missed its desired rate of 999999999.0000 Hz. Current loop rate is 11.1111 Hz
[component_container_isolated-2] [INFO] [1780120159.509565136] [controller_server]: Passing new path to controller.
[robot_mission_runner-4] [INFO] [1780120159.659002386] [robot_mission_runner]: Pose: (0.46, 13.80), Elapsed: 85s, ETA: 33s, Dist remaining: 49.76m
[component_container_isolated-2] [WARN] [1780120160.242946255] [controller_server]: Control loop missed its desired rate of 30.0000 Hz. Current loop rate is 25.0000 Hz.
[component_container_isolated-2] [WARN] [1780120160.343835304] [controller_server]: Control loop missed its desired rate of 30.0000 Hz. Current loop rate is 25.0000 Hz.
[component_container_isolated-2] [WARN] [1780120160.537879638] [planner_server]: Planner loop missed its desired rate of 999999999.0000 Hz. Current loop rate is 33.3333 Hz
[component_container_isolated-2] [INFO] [1780120160.543990606] [controller_server]: Passing new path to controller.
[component_container_isolated-2] [WARN] [1780120160.645351175] [controller_server]: Control loop missed its desired rate of 30.0000 Hz. Current loop rate is 25.0000 Hz.
[component_container_isolated-2] [WARN] [1780120160.853828438] [controller_server]: Control loop missed its desired rate of 30.0000 Hz. Current loop rate is 20.0000 Hz.
[component_container_isolated-2] [WARN] [1780120161.561144276] [planner_server]: Planner loop missed its desired rate of 999999999.0000 Hz. Current loop rate is 100.0000 Hz
[component_container_isolated-2] [INFO] [1780120161.587899847] [controller_server]: Passing new path to controller.
[component_container_isolated-2] [WARN] [1780120162.359252157] [controller_server]: Control loop missed its desired rate of 30.0000 Hz. Current loop rate is 25.0000 Hz.
[component_container_isolated-2] [WARN] [1780120162.443119407] [controller_server]: Control loop missed its desired rate of 30.0000 Hz. Current loop rate is 20.0000 Hz.
[component_container_isolated-2] [WARN] [1780120162.596203290] [planner_server]: Planner loop missed its desired rate of 999999999.0000 Hz. Current loop rate is 100.0000 Hz
[component_container_isolated-2] [INFO] [1780120162.609933629] [controller_server]: Passing new path to controller.
[component_container_isolated-2] [WARN] [1780120162.745072159] [controller_server]: Control loop missed its desired rate of 30.0000 Hz. Current loop rate is 25.0000 Hz.
[component_container_isolated-2] [WARN] [1780120162.847567827] [controller_server]: Control loop missed its desired rate of 30.0000 Hz. Current loop rate is 25.0000 Hz.
[component_container_isolated-2] [WARN] [1780120163.638975118] [planner_server]: Planner loop missed its desired rate of 999999999.0000 Hz. Current loop rate is 25.0000 Hz
[component_container_isolated-2] [INFO] [1780120163.681021590] [controller_server]: Passing new path to controller.
[robot_mission_runner-4] [INFO] [1780120164.678770719] [robot_mission_runner]: Pose: (0.47, 21.33), Elapsed: 90s, ETA: 28s, Dist remaining: 42.37m
[component_container_isolated-2] [WARN] [1780120164.684436929] [planner_server]: Planner loop missed its desired rate of 999999999.0000 Hz. Current loop rate is 100.0000 Hz
[component_container_isolated-2] [INFO] [1780120164.714360750] [controller_server]: Passing new path to controller.
[vlm_node-3] [INFO] [1780120165.302095600] [vlm_node]: Completed prompt: "Check if there are any small hazards on the ground that would cause harm to the robot if it navigated over it OR the area is blocked by large objects that make it impassable. If so respond only yes. Otherwise, respond no." with response: False
[vlm_node-3] [INFO] [1780120165.302592571] [vlm_node]: VLM_QUERY|QueryBool|success|29.77|1|
[vlm_node-3] [INFO] [1780120165.323311602] [vlm_node]: Goal received with prompt: Is this space too crowded by people or working machinery to move though safely? If so, respond only yes. Otherwise respond no.
[component_container_isolated-2] [WARN] [1780120165.721023571] [planner_server]: Planner loop missed its desired rate of 999999999.0000 Hz. Current loop rate is 50.0000 Hz
[component_container_isolated-2] [INFO] [1780120165.747691906] [controller_server]: Passing new path to controller.
[component_container_isolated-2] [WARN] [1780120166.550570395] [controller_server]: Control loop missed its desired rate of 30.0000 Hz. Current loop rate is 25.0000 Hz.
[component_container_isolated-2] [WARN] [1780120166.655302717] [controller_server]: Control loop missed its desired rate of 30.0000 Hz. Current loop rate is 25.0000 Hz.
[component_container_isolated-2] [WARN] [1780120166.755997780] [planner_server]: Planner loop missed its desired rate of 999999999.0000 Hz. Current loop rate is 100.0000 Hz
[component_container_isolated-2] [INFO] [1780120166.788763045] [controller_server]: Passing new path to controller.
[component_container_isolated-2] [WARN] [1780120166.857041929] [controller_server]: Control loop missed its desired rate of 30.0000 Hz. Current loop rate is 33.3333 Hz.
[component_container_isolated-2] [WARN] [1780120167.782115872] [planner_server]: Planner loop missed its desired rate of 999999999.0000 Hz. Current loop rate is 100.0000 Hz
[component_container_isolated-2] [INFO] [1780120167.823848434] [controller_server]: Passing new path to controller.
[component_container_isolated-2] [INFO] [1780120168.857161462] [controller_server]: Passing new path to controller.
[component_container_isolated-2] [WARN] [1780120169.257521798] [controller_server]: Control loop missed its desired rate of 30.0000 Hz. Current loop rate is 33.3333 Hz.
[component_container_isolated-2] [WARN] [1780120169.669365479] [controller_server]: Control loop missed its desired rate of 30.0000 Hz. Current loop rate is 20.0000 Hz.
[robot_mission_runner-4] [INFO] [1780120169.712028896] [robot_mission_runner]: Pose: (5.18, 26.47), Elapsed: 95s, ETA: 23s, Dist remaining: 34.51m
[component_container_isolated-2] [WARN] [1780120169.849222175] [controller_server]: Control loop missed its desired rate of 30.0000 Hz. Current loop rate is 20.0000 Hz.
[component_container_isolated-2] [WARN] [1780120169.858168750] [planner_server]: Planner loop missed its desired rate of 999999999.0000 Hz. Current loop rate is 100.0000 Hz
[component_container_isolated-2] [INFO] [1780120169.882683831] [controller_server]: Passing new path to controller.
[component_container_isolated-2] [WARN] [1780120170.956926790] [planner_server]: Planner loop missed its desired rate of 999999999.0000 Hz. Current loop rate is 14.2857 Hz
[component_container_isolated-2] [INFO] [1780120170.982676119] [controller_server]: Passing new path to controller.
[component_container_isolated-2] [WARN] [1780120171.250476746] [controller_server]: Control loop missed its desired rate of 30.0000 Hz. Current loop rate is 25.0000 Hz.
[component_container_isolated-2] [INFO] [1780120172.017286080] [controller_server]: Passing new path to controller.
[component_container_isolated-2] [WARN] [1780120173.000293721] [planner_server]: Planner loop missed its desired rate of 999999999.0000 Hz. Current loop rate is 100.0000 Hz
[component_container_isolated-2] [INFO] [1780120173.050637954] [controller_server]: Passing new path to controller.
[component_container_isolated-2] [WARN] [1780120173.955182669] [controller_server]: Control loop missed its desired rate of 30.0000 Hz. Current loop rate is 25.0000 Hz.
[component_container_isolated-2] [WARN] [1780120174.040926486] [planner_server]: Planner loop missed its desired rate of 999999999.0000 Hz. Current loop rate is 100.0000 Hz
[component_container_isolated-2] [WARN] [1780120174.062550565] [controller_server]: Control loop missed its desired rate of 30.0000 Hz. Current loop rate is 25.0000 Hz.
[component_container_isolated-2] [INFO] [1780120174.062617752] [controller_server]: Passing new path to controller.
[component_container_isolated-2] [WARN] [1780120174.129742530] [controller_server]: Control loop missed its desired rate of 30.0000 Hz. Current loop rate is 25.0000 Hz.
[component_container_isolated-2] [WARN] [1780120174.240483733] [controller_server]: Control loop missed its desired rate of 30.0000 Hz. Current loop rate is 20.0000 Hz.
[component_container_isolated-2] [WARN] [1780120174.642830862] [controller_server]: Control loop missed its desired rate of 30.0000 Hz. Current loop rate is 25.0000 Hz.
[robot_mission_runner-4] [INFO] [1780120174.734640110] [robot_mission_runner]: Pose: (12.68, 26.51), Elapsed: 100s, ETA: 18s, Dist remaining: 27.14m
[component_container_isolated-2] [WARN] [1780120175.071579901] [planner_server]: Planner loop missed its desired rate of 999999999.0000 Hz. Current loop rate is 100.0000 Hz
[component_container_isolated-2] [INFO] [1780120175.109649512] [controller_server]: Passing new path to controller.
[component_container_isolated-2] [WARN] [1780120176.098089096] [planner_server]: Planner loop missed its desired rate of 999999999.0000 Hz. Current loop rate is 100.0000 Hz
[component_container_isolated-2] [INFO] [1780120176.142974809] [controller_server]: Passing new path to controller.
[component_container_isolated-2] [WARN] [1780120177.127752525] [planner_server]: Planner loop missed its desired rate of 999999999.0000 Hz. Current loop rate is 100.0000 Hz
[component_container_isolated-2] [INFO] [1780120177.142968209] [controller_server]: Passing new path to controller.
[component_container_isolated-2] [WARN] [1780120177.844095827] [controller_server]: Control loop missed its desired rate of 30.0000 Hz. Current loop rate is 25.0000 Hz.
[component_container_isolated-2] [WARN] [1780120178.145767143] [controller_server]: Control loop missed its desired rate of 30.0000 Hz. Current loop rate is 25.0000 Hz.
[component_container_isolated-2] [WARN] [1780120178.155838044] [planner_server]: Planner loop missed its desired rate of 999999999.0000 Hz. Current loop rate is 100.0000 Hz
[component_container_isolated-2] [INFO] [1780120178.179257238] [controller_server]: Passing new path to controller.
[component_container_isolated-2] [WARN] [1780120178.351589286] [controller_server]: Control loop missed its desired rate of 30.0000 Hz. Current loop rate is 25.0000 Hz.
[component_container_isolated-2] [WARN] [1780120179.165859279] [planner_server]: Planner loop missed its desired rate of 999999999.0000 Hz. Current loop rate is 100.0000 Hz
[component_container_isolated-2] [INFO] [1780120179.185077195] [controller_server]: Passing new path to controller.
[robot_mission_runner-4] [INFO] [1780120179.755951771] [robot_mission_runner]: Pose: (20.23, 26.54), Elapsed: 105s, ETA: 13s, Dist remaining: 19.63m
[vlm_node-3] [INFO] [1780120180.128835433] [vlm_node]: Completed prompt: "Is this space too crowded by people or working machinery to move though safely? If so, respond only yes. Otherwise respond no." with response: False
[vlm_node-3] [INFO] [1780120180.129448816] [vlm_node]: VLM_QUERY|QueryBool|success|14.81|1|
[vlm_node-3] [INFO] [1780120180.141161331] [vlm_node]: Goal received with prompt: Are there any people visible in this scene? If so, respond only yes. Otherwise respond no.
[component_container_isolated-2] [WARN] [1780120180.198392373] [planner_server]: Planner loop missed its desired rate of 999999999.0000 Hz. Current loop rate is 100.0000 Hz
[component_container_isolated-2] [INFO] [1780120180.218420040] [controller_server]: Passing new path to controller.
[component_container_isolated-2] [WARN] [1780120181.203627861] [planner_server]: Planner loop missed its desired rate of 999999999.0000 Hz. Current loop rate is 100.0000 Hz
[component_container_isolated-2] [INFO] [1780120181.251743126] [controller_server]: Passing new path to controller.
[component_container_isolated-2] [WARN] [1780120182.236067181] [planner_server]: Planner loop missed its desired rate of 999999999.0000 Hz. Current loop rate is 100.0000 Hz
[component_container_isolated-2] [INFO] [1780120182.251741835] [controller_server]: Passing new path to controller.
[component_container_isolated-2] [WARN] [1780120182.958093865] [controller_server]: Control loop missed its desired rate of 30.0000 Hz. Current loop rate is 25.0000 Hz.
[component_container_isolated-2] [WARN] [1780120183.031561032] [controller_server]: Control loop missed its desired rate of 30.0000 Hz. Current loop rate is 25.0000 Hz.
[component_container_isolated-2] [WARN] [1780120183.132385075] [controller_server]: Control loop missed its desired rate of 30.0000 Hz. Current loop rate is 33.3333 Hz.
[component_container_isolated-2] [WARN] [1780120183.243408648] [controller_server]: Control loop missed its desired rate of 30.0000 Hz. Current loop rate is 20.0000 Hz.
[component_container_isolated-2] [WARN] [1780120183.257343490] [planner_server]: Planner loop missed its desired rate of 999999999.0000 Hz. Current loop rate is 100.0000 Hz
[component_container_isolated-2] [INFO] [1780120183.276920195] [controller_server]: Passing new path to controller.
[component_container_isolated-2] [WARN] [1780120183.746369676] [controller_server]: Control loop missed its desired rate of 30.0000 Hz. Current loop rate is 25.0000 Hz.
[component_container_isolated-2] [WARN] [1780120184.278378330] [planner_server]: Planner loop missed its desired rate of 999999999.0000 Hz. Current loop rate is 100.0000 Hz
[component_container_isolated-2] [INFO] [1780120184.313166848] [controller_server]: Passing new path to controller.
[robot_mission_runner-4] [INFO] [1780120184.773236822] [robot_mission_runner]: Pose: (27.76, 26.52), Elapsed: 110s, ETA: 8s, Dist remaining: 12.08m
[component_container_isolated-2] [WARN] [1780120185.248321913] [controller_server]: Control loop missed its desired rate of 30.0000 Hz. Current loop rate is 33.3333 Hz.
[component_container_isolated-2] [WARN] [1780120185.305575014] [planner_server]: Planner loop missed its desired rate of 999999999.0000 Hz. Current loop rate is 100.0000 Hz
[component_container_isolated-2] [INFO] [1780120185.348477953] [controller_server]: Passing new path to controller.
[component_container_isolated-2] [WARN] [1780120185.657883026] [controller_server]: Control loop missed its desired rate of 30.0000 Hz. Current loop rate is 25.0000 Hz.
[component_container_isolated-2] [WARN] [1780120186.060086528] [controller_server]: Control loop missed its desired rate of 30.0000 Hz. Current loop rate is 25.0000 Hz.
[component_container_isolated-2] [WARN] [1780120186.149408074] [controller_server]: Control loop missed its desired rate of 30.0000 Hz. Current loop rate is 20.0000 Hz.
[component_container_isolated-2] [WARN] [1780120186.260674123] [controller_server]: Control loop missed its desired rate of 30.0000 Hz. Current loop rate is 25.0000 Hz.
[component_container_isolated-2] [WARN] [1780120186.346136890] [controller_server]: Control loop missed its desired rate of 30.0000 Hz. Current loop rate is 20.0000 Hz.
[component_container_isolated-2] [INFO] [1780120186.379615111] [controller_server]: Passing new path to controller.
[component_container_isolated-2] [WARN] [1780120186.649107015] [controller_server]: Control loop missed its desired rate of 30.0000 Hz. Current loop rate is 33.3333 Hz.
[component_container_isolated-2] [WARN] [1780120186.756870783] [controller_server]: Control loop missed its desired rate of 30.0000 Hz. Current loop rate is 25.0000 Hz.
[component_container_isolated-2] [WARN] [1780120187.057935039] [controller_server]: Control loop missed its desired rate of 30.0000 Hz. Current loop rate is 25.0000 Hz.
[component_container_isolated-2] [INFO] [1780120187.391430535] [controller_server]: Passing new path to controller.
[component_container_isolated-2] [WARN] [1780120187.450437676] [controller_server]: Control loop missed its desired rate of 30.0000 Hz. Current loop rate is 16.6667 Hz.
[component_container_isolated-2] [WARN] [1780120187.557533585] [controller_server]: Control loop missed its desired rate of 30.0000 Hz. Current loop rate is 25.0000 Hz.
[component_container_isolated-2] [WARN] [1780120187.658452835] [controller_server]: Control loop missed its desired rate of 30.0000 Hz. Current loop rate is 25.0000 Hz.
[component_container_isolated-2] [WARN] [1780120187.754235101] [controller_server]: Control loop missed its desired rate of 30.0000 Hz. Current loop rate is 14.2857 Hz.
[component_container_isolated-2] [WARN] [1780120187.858497702] [controller_server]: Control loop missed its desired rate of 30.0000 Hz. Current loop rate is 25.0000 Hz.
[component_container_isolated-2] [WARN] [1780120187.956319536] [controller_server]: Control loop missed its desired rate of 30.0000 Hz. Current loop rate is 14.2857 Hz.
[component_container_isolated-2] [WARN] [1780120188.063594618] [controller_server]: Control loop missed its desired rate of 30.0000 Hz. Current loop rate is 20.0000 Hz.
[component_container_isolated-2] [WARN] [1780120188.163825080] [controller_server]: Control loop missed its desired rate of 30.0000 Hz. Current loop rate is 14.2857 Hz.
[component_container_isolated-2] [WARN] [1780120188.259855582] [controller_server]: Control loop missed its desired rate of 30.0000 Hz. Current loop rate is 16.6667 Hz.
[component_container_isolated-2] [WARN] [1780120188.362811450] [controller_server]: Control loop missed its desired rate of 30.0000 Hz. Current loop rate is 14.2857 Hz.
[component_container_isolated-2] [WARN] [1780120188.374387651] [planner_server]: Planner loop missed its desired rate of 999999999.0000 Hz. Current loop rate is 100.0000 Hz
[component_container_isolated-2] [INFO] [1780120188.396309253] [controller_server]: Passing new path to controller.
[component_container_isolated-2] [WARN] [1780120188.449703575] [controller_server]: Control loop missed its desired rate of 30.0000 Hz. Current loop rate is 20.0000 Hz.
[component_container_isolated-2] [WARN] [1780120189.150483387] [controller_server]: Control loop missed its desired rate of 30.0000 Hz. Current loop rate is 33.3333 Hz.
[component_container_isolated-2] [WARN] [1780120189.469614641] [planner_server]: Planner loop missed its desired rate of 999999999.0000 Hz. Current loop rate is 12.5000 Hz
[component_container_isolated-2] [INFO] [1780120189.483954440] [controller_server]: Passing new path to controller.
[vlm_node-3] [INFO] [1780120189.638170463] [vlm_node]: Completed prompt: "Are there any people visible in this scene? If so, respond only yes. Otherwise respond no." with response: False
[vlm_node-3] [INFO] [1780120189.638608265] [vlm_node]: VLM_QUERY|QueryBool|success|9.50|1|
[vlm_node-3] [INFO] [1780120189.652347884] [vlm_node]: Goal received with prompt: Check if there are any small hazards on the ground that would cause harm to the robot if it navigated over it OR the area is blocked by large objects that make it impassable. If so respond only yes. Otherwise, respond no.
[robot_mission_runner-4] [INFO] [1780120189.793756258] [robot_mission_runner]: Pose: (35.26, 26.06), Elapsed: 115s, ETA: 3s, Dist remaining: 4.54m
[component_container_isolated-2] [INFO] [1780120190.517280679] [controller_server]: Passing new path to controller.
[component_container_isolated-2] [WARN] [1780120191.161678677] [controller_server]: Control loop missed its desired rate of 30.0000 Hz. Current loop rate is 25.0000 Hz.
[component_container_isolated-2] [WARN] [1780120191.249881769] [controller_server]: Control loop missed its desired rate of 30.0000 Hz. Current loop rate is 16.6667 Hz.
[component_container_isolated-2] [WARN] [1780120191.364278833] [controller_server]: Control loop missed its desired rate of 30.0000 Hz. Current loop rate is 20.0000 Hz.
[component_container_isolated-2] [WARN] [1780120191.453007586] [controller_server]: Control loop missed its desired rate of 30.0000 Hz. Current loop rate is 16.6667 Hz.
[component_container_isolated-2] [WARN] [1780120191.506516671] [planner_server]: Planner loop missed its desired rate of 999999999.0000 Hz. Current loop rate is 100.0000 Hz
[component_container_isolated-2] [INFO] [1780120191.519807137] [controller_server]: Passing new path to controller.
[component_container_isolated-2] [WARN] [1780120191.563178488] [controller_server]: Control loop missed its desired rate of 30.0000 Hz. Current loop rate is 20.0000 Hz.
[component_container_isolated-2] [WARN] [1780120191.741084728] [controller_server]: Control loop missed its desired rate of 30.0000 Hz. Current loop rate is 33.3333 Hz.
[component_container_isolated-2] [WARN] [1780120191.842540459] [controller_server]: Control loop missed its desired rate of 30.0000 Hz. Current loop rate is 33.3333 Hz.
[component_container_isolated-2] [WARN] [1780120192.047619747] [controller_server]: Control loop missed its desired rate of 30.0000 Hz. Current loop rate is 25.0000 Hz.
[component_container_isolated-2] [WARN] [1780120192.250981708] [controller_server]: Control loop missed its desired rate of 30.0000 Hz. Current loop rate is 33.3333 Hz.
[component_container_isolated-2] [WARN] [1780120192.357569687] [controller_server]: Control loop missed its desired rate of 30.0000 Hz. Current loop rate is 25.0000 Hz.
[component_container_isolated-2] [WARN] [1780120192.515306949] [planner_server]: Planner loop missed its desired rate of 999999999.0000 Hz. Current loop rate is 100.0000 Hz
[component_container_isolated-2] [INFO] [1780120192.557717587] [controller_server]: Passing new path to controller.
[component_container_isolated-2] [WARN] [1780120192.958837425] [controller_server]: Control loop missed its desired rate of 30.0000 Hz. Current loop rate is 25.0000 Hz.
[component_container_isolated-2] [WARN] [1780120193.136820966] [controller_server]: Control loop missed its desired rate of 30.0000 Hz. Current loop rate is 25.0000 Hz.
[component_container_isolated-2] [WARN] [1780120193.245150379] [controller_server]: Control loop missed its desired rate of 30.0000 Hz. Current loop rate is 25.0000 Hz.
[component_container_isolated-2] [WARN] [1780120193.345502253] [controller_server]: Control loop missed its desired rate of 30.0000 Hz. Current loop rate is 25.0000 Hz.
[component_container_isolated-2] [WARN] [1780120193.548494380] [planner_server]: Planner loop missed its desired rate of 999999999.0000 Hz. Current loop rate is 100.0000 Hz
[component_container_isolated-2] [INFO] [1780120193.578965103] [controller_server]: Passing new path to controller.
[component_container_isolated-2] [WARN] [1780120194.562992451] [planner_server]: Planner loop missed its desired rate of 999999999.0000 Hz. Current loop rate is 100.0000 Hz
[component_container_isolated-2] [INFO] [1780120194.612298847] [controller_server]: Passing new path to controller.
[robot_mission_runner-4] [INFO] [1780120194.808864773] [robot_mission_runner]: Pose: (38.65, 26.67), Elapsed: 120s, ETA: 2s, Dist remaining: 1.08m
[component_container_isolated-2] [WARN] [1780120195.595165171] [planner_server]: Planner loop missed its desired rate of 999999999.0000 Hz. Current loop rate is 100.0000 Hz
[component_container_isolated-2] [INFO] [1780120195.612296881] [controller_server]: Passing new path to controller.
[component_container_isolated-2] [WARN] [1780120196.255410240] [controller_server]: Control loop missed its desired rate of 30.0000 Hz. Current loop rate is 20.0000 Hz.
[component_container_isolated-2] [WARN] [1780120196.625390501] [planner_server]: Planner loop missed its desired rate of 999999999.0000 Hz. Current loop rate is 100.0000 Hz
[component_container_isolated-2] [INFO] [1780120196.655567090] [controller_server]: Passing new path to controller.
[component_container_isolated-2] [INFO] [1780120196.996296566] [controller_server]: Reached the goal!
[component_container_isolated-2] [INFO] [1780120196.996560381] [controller_server]: Optimizer reset
[component_container_isolated-2] [ERROR] [1780120197.031367522] [bt_navigator_navigate_to_pose_rclcpp_node]: Failed to get result for vlm_node/query_bool in node halt!
[component_container_isolated-2] [INFO] [1780120197.031747498] [bt_navigator]: Goal succeeded
[robot_mission_runner-4] [INFO] [1780120197.121976247] [robot_mission_runner]: Navigation result: SUCCEEDED
[robot_mission_runner-4] [INFO] [1780120207.122696717] [robot_mission_runner]: Navigating to drop, attempt 1/3...
[component_container_isolated-2] [INFO] [1780120207.123720123] [local_costmap.local_costmap]: Received request to clear entirely the local_costmap
[component_container_isolated-2] [INFO] [1780120207.129872947] [global_costmap.global_costmap]: Received request to clear entirely the global_costmap
[robot_mission_runner-4] [INFO] [1780120207.145038927] [robot_mission_runner]: Navigating to goal: -17.5 0.18...
[component_container_isolated-2] [INFO] [1780120207.145759665] [bt_navigator]: Begin navigating from current location (39.01, 26.51) to (-17.50, 0.18)
[vlm_node-3] [INFO] [1780120207.151716676] [vlm_node]: Goal received with prompt: Check if there are any small hazards on the ground that would cause harm to the robot if it navigated over it OR the area is blocked by large objects that make it impassable. If so respond only yes. Otherwise, respond no.
[component_container_isolated-2] [WARN] [1780120207.655943383] [planner_server]: Planner loop missed its desired rate of 999999999.0000 Hz. Current loop rate is 1.9608 Hz
[component_container_isolated-2] [INFO] [1780120207.677523808] [controller_server]: Received a goal, begin computing control effort.
[component_container_isolated-2] [WARN] [1780120207.746362067] [controller_server]: Control loop missed its desired rate of 30.0000 Hz. Current loop rate is 33.3333 Hz.
[component_container_isolated-2] [WARN] [1780120207.853102119] [controller_server]: Control loop missed its desired rate of 30.0000 Hz. Current loop rate is 33.3333 Hz.
[component_container_isolated-2] [WARN] [1780120208.657643598] [controller_server]: Control loop missed its desired rate of 30.0000 Hz. Current loop rate is 25.0000 Hz.
[component_container_isolated-2] [WARN] [1780120208.731385699] [planner_server]: Planner loop missed its desired rate of 999999999.0000 Hz. Current loop rate is 25.0000 Hz
[component_container_isolated-2] [WARN] [1780120208.768315757] [controller_server]: Control loop missed its desired rate of 30.0000 Hz. Current loop rate is 25.0000 Hz.
[component_container_isolated-2] [INFO] [1780120208.768378583] [controller_server]: Passing new path to controller.
[component_container_isolated-2] [WARN] [1780120208.856413308] [controller_server]: Control loop missed its desired rate of 30.0000 Hz. Current loop rate is 16.6667 Hz.
[component_container_isolated-2] [WARN] [1780120208.964125006] [controller_server]: Control loop missed its desired rate of 30.0000 Hz. Current loop rate is 20.0000 Hz.
[component_container_isolated-2] [WARN] [1780120209.044912253] [controller_server]: Control loop missed its desired rate of 30.0000 Hz. Current loop rate is 20.0000 Hz.
[component_container_isolated-2] [WARN] [1780120209.446598128] [controller_server]: Control loop missed its desired rate of 30.0000 Hz. Current loop rate is 25.0000 Hz.
[component_container_isolated-2] [WARN] [1780120209.798127819] [planner_server]: Planner loop missed its desired rate of 999999999.0000 Hz. Current loop rate is 25.0000 Hz
[component_container_isolated-2] [INFO] [1780120209.846700955] [controller_server]: Passing new path to controller.
[component_container_isolated-2] [WARN] [1780120210.651888447] [controller_server]: Control loop missed its desired rate of 30.0000 Hz. Current loop rate is 25.0000 Hz.
[component_container_isolated-2] [WARN] [1780120210.761967599] [controller_server]: Control loop missed its desired rate of 30.0000 Hz. Current loop rate is 25.0000 Hz.
[component_container_isolated-2] [WARN] [1780120210.847515504] [controller_server]: Control loop missed its desired rate of 30.0000 Hz. Current loop rate is 20.0000 Hz.
[component_container_isolated-2] [WARN] [1780120210.884221913] [planner_server]: Planner loop missed its desired rate of 999999999.0000 Hz. Current loop rate is 16.6667 Hz
[component_container_isolated-2] [INFO] [1780120210.914314789] [controller_server]: Passing new path to controller.
[component_container_isolated-2] [WARN] [1780120211.254340784] [controller_server]: Control loop missed its desired rate of 30.0000 Hz. Current loop rate is 33.3333 Hz.
[component_container_isolated-2] [WARN] [1780120211.367582822] [controller_server]: Control loop missed its desired rate of 30.0000 Hz. Current loop rate is 20.0000 Hz.
[component_container_isolated-2] [WARN] [1780120211.455024486] [controller_server]: Control loop missed its desired rate of 30.0000 Hz. Current loop rate is 20.0000 Hz.
[component_container_isolated-2] [WARN] [1780120211.559818971] [controller_server]: Control loop missed its desired rate of 30.0000 Hz. Current loop rate is 25.0000 Hz.
[component_container_isolated-2] [WARN] [1780120211.642665754] [controller_server]: Control loop missed its desired rate of 30.0000 Hz. Current loop rate is 25.0000 Hz.
[component_container_isolated-2] [WARN] [1780120211.848798357] [controller_server]: Control loop missed its desired rate of 30.0000 Hz. Current loop rate is 33.3333 Hz.
[component_container_isolated-2] [WARN] [1780120211.982572152] [planner_server]: Planner loop missed its desired rate of 999999999.0000 Hz. Current loop rate is 12.5000 Hz
[component_container_isolated-2] [INFO] [1780120212.015594424] [controller_server]: Passing new path to controller.
[component_container_isolated-2] [WARN] [1780120212.061573346] [controller_server]: Control loop missed its desired rate of 30.0000 Hz. Current loop rate is 25.0000 Hz.
[component_container_isolated-2] [WARN] [1780120212.141018028] [controller_server]: Control loop missed its desired rate of 30.0000 Hz. Current loop rate is 25.0000 Hz.
[component_container_isolated-2] [WARN] [1780120212.248450169] [controller_server]: Control loop missed its desired rate of 30.0000 Hz. Current loop rate is 33.3333 Hz.
[robot_mission_runner-4] [INFO] [1780120212.274094537] [robot_mission_runner]: Pose: (36.61, 25.87), Elapsed: 5s, ETA: 64s, Dist remaining: 82.39m
[component_container_isolated-2] [WARN] [1780120212.659996305] [controller_server]: Control loop missed its desired rate of 30.0000 Hz. Current loop rate is 25.0000 Hz.
[component_container_isolated-2] [WARN] [1780120212.748819312] [controller_server]: Control loop missed its desired rate of 30.0000 Hz. Current loop rate is 20.0000 Hz.
[component_container_isolated-2] [WARN] [1780120212.850986131] [controller_server]: Control loop missed its desired rate of 30.0000 Hz. Current loop rate is 33.3333 Hz.
[component_container_isolated-2] [WARN] [1780120212.957693533] [controller_server]: Control loop missed its desired rate of 30.0000 Hz. Current loop rate is 33.3333 Hz.
[component_container_isolated-2] [WARN] [1780120213.044857891] [planner_server]: Planner loop missed its desired rate of 999999999.0000 Hz. Current loop rate is 33.3333 Hz
[component_container_isolated-2] [WARN] [1780120213.067205969] [controller_server]: Control loop missed its desired rate of 30.0000 Hz. Current loop rate is 25.0000 Hz.
[component_container_isolated-2] [INFO] [1780120213.067279472] [controller_server]: Passing new path to controller.
[component_container_isolated-2] [WARN] [1780120213.144553395] [controller_server]: Control loop missed its desired rate of 30.0000 Hz. Current loop rate is 25.0000 Hz.
[component_container_isolated-2] [WARN] [1780120213.745393610] [controller_server]: Control loop missed its desired rate of 30.0000 Hz. Current loop rate is 33.3333 Hz.
[vlm_node-3] [INFO] [1780120213.792282984] [vlm_node]: Completed prompt: "Check if there are any small hazards on the ground that would cause harm to the robot if it navigated over it OR the area is blocked by large objects that make it impassable. If so respond only yes. Otherwise, respond no." with response: False
[vlm_node-3] [INFO] [1780120213.792571947] [vlm_node]: VLM_QUERY|QueryBool|success|24.14|1|
[component_container_isolated-2] [WARN] [1780120213.846758887] [controller_server]: Control loop missed its desired rate of 30.0000 Hz. Current loop rate is 33.3333 Hz.
[component_container_isolated-2] [WARN] [1780120214.089877249] [planner_server]: Planner loop missed its desired rate of 999999999.0000 Hz. Current loop rate is 25.0000 Hz
[component_container_isolated-2] [INFO] [1780120214.113550641] [controller_server]: Passing new path to controller.
[component_container_isolated-2] [WARN] [1780120215.158201466] [planner_server]: Planner loop missed its desired rate of 999999999.0000 Hz. Current loop rate is 33.3333 Hz
[component_container_isolated-2] [INFO] [1780120215.180214440] [controller_server]: Passing new path to controller.
[component_container_isolated-2] [WARN] [1780120216.221804239] [planner_server]: Planner loop missed its desired rate of 999999999.0000 Hz. Current loop rate is 33.3333 Hz
[component_container_isolated-2] [INFO] [1780120216.247103686] [controller_server]: Passing new path to controller.
[component_container_isolated-2] [WARN] [1780120216.649911038] [controller_server]: Control loop missed its desired rate of 30.0000 Hz. Current loop rate is 25.0000 Hz.
[component_container_isolated-2] [WARN] [1780120216.954320690] [controller_server]: Control loop missed its desired rate of 30.0000 Hz. Current loop rate is 33.3333 Hz.
[component_container_isolated-2] [WARN] [1780120217.058295341] [controller_server]: Control loop missed its desired rate of 30.0000 Hz. Current loop rate is 33.3333 Hz.
[robot_mission_runner-4] [INFO] [1780120217.290915897] [robot_mission_runner]: Pose: (29.20, 26.49), Elapsed: 10s, ETA: 49s, Dist remaining: 74.88m
[component_container_isolated-2] [WARN] [1780120217.298506085] [planner_server]: Planner loop missed its desired rate of 999999999.0000 Hz. Current loop rate is 20.0000 Hz
[component_container_isolated-2] [INFO] [1780120217.325090985] [controller_server]: Passing new path to controller.
[component_container_isolated-2] [WARN] [1780120218.339402516] [planner_server]: Planner loop missed its desired rate of 999999999.0000 Hz. Current loop rate is 33.3333 Hz
[component_container_isolated-2] [INFO] [1780120218.358436246] [controller_server]: Passing new path to controller.
[component_container_isolated-2] [WARN] [1780120218.833884718] [controller_server]: Control loop missed its desired rate of 30.0000 Hz. Current loop rate is 25.0000 Hz.
[component_container_isolated-2] [WARN] [1780120219.394348335] [planner_server]: Planner loop missed its desired rate of 999999999.0000 Hz. Current loop rate is 20.0000 Hz
[component_container_isolated-2] [INFO] [1780120219.434014961] [controller_server]: Passing new path to controller.
[component_container_isolated-2] [WARN] [1780120220.234133716] [controller_server]: Control loop missed its desired rate of 30.0000 Hz. Current loop rate is 25.0000 Hz.
[component_container_isolated-2] [WARN] [1780120220.535102812] [planner_server]: Planner loop missed its desired rate of 999999999.0000 Hz. Current loop rate is 8.3333 Hz
[component_container_isolated-2] [WARN] [1780120220.540261054] [controller_server]: Control loop missed its desired rate of 30.0000 Hz. Current loop rate is 25.0000 Hz.
[component_container_isolated-2] [INFO] [1780120220.573756116] [controller_server]: Passing new path to controller.
[component_container_isolated-2] [WARN] [1780120220.647641746] [controller_server]: Control loop missed its desired rate of 30.0000 Hz. Current loop rate is 25.0000 Hz.
[component_container_isolated-2] [WARN] [1780120221.259616327] [controller_server]: Control loop missed its desired rate of 30.0000 Hz. Current loop rate is 25.0000 Hz.
[component_container_isolated-2] [WARN] [1780120221.344260068] [controller_server]: Control loop missed its desired rate of 30.0000 Hz. Current loop rate is 20.0000 Hz.
[component_container_isolated-2] [WARN] [1780120221.448725056] [controller_server]: Control loop missed its desired rate of 30.0000 Hz. Current loop rate is 25.0000 Hz.
[component_container_isolated-2] [WARN] [1780120221.600654000] [planner_server]: Planner loop missed its desired rate of 999999999.0000 Hz. Current loop rate is 20.0000 Hz
[component_container_isolated-2] [INFO] [1780120221.617190070] [controller_server]: Passing new path to controller.
[component_container_isolated-2] [WARN] [1780120222.049002334] [controller_server]: Control loop missed its desired rate of 30.0000 Hz. Current loop rate is 33.3333 Hz.
[component_container_isolated-2] [WARN] [1780120222.252304238] [controller_server]: Control loop missed its desired rate of 30.0000 Hz. Current loop rate is 33.3333 Hz.
[robot_mission_runner-4] [INFO] [1780120222.312275505] [robot_mission_runner]: Pose: (21.69, 26.46), Elapsed: 15s, ETA: 45s, Dist remaining: 67.56m
[component_container_isolated-2] [WARN] [1780120222.365199844] [controller_server]: Control loop missed its desired rate of 30.0000 Hz. Current loop rate is 25.0000 Hz.
[component_container_isolated-2] [WARN] [1780120222.451475802] [controller_server]: Control loop missed its desired rate of 30.0000 Hz. Current loop rate is 20.0000 Hz.
[component_container_isolated-2] [WARN] [1780120222.555515056] [controller_server]: Control loop missed its desired rate of 30.0000 Hz. Current loop rate is 25.0000 Hz.
[component_container_isolated-2] [WARN] [1780120222.649457891] [planner_server]: Planner loop missed its desired rate of 999999999.0000 Hz. Current loop rate is 33.3333 Hz
[component_container_isolated-2] [WARN] [1780120222.659710531] [controller_server]: Control loop missed its desired rate of 30.0000 Hz. Current loop rate is 25.0000 Hz.
[component_container_isolated-2] [INFO] [1780120222.693173220] [controller_server]: Passing new path to controller.
[component_container_isolated-2] [WARN] [1780120222.741212087] [controller_server]: Control loop missed its desired rate of 30.0000 Hz. Current loop rate is 20.0000 Hz.
[component_container_isolated-2] [WARN] [1780120223.241668998] [controller_server]: Control loop missed its desired rate of 30.0000 Hz. Current loop rate is 33.3333 Hz.
[component_container_isolated-2] [WARN] [1780120223.546284768] [controller_server]: Control loop missed its desired rate of 30.0000 Hz. Current loop rate is 25.0000 Hz.
[component_container_isolated-2] [WARN] [1780120223.657665838] [controller_server]: Control loop missed its desired rate of 30.0000 Hz. Current loop rate is 20.0000 Hz.
[component_container_isolated-2] [WARN] [1780120223.714369389] [planner_server]: Planner loop missed its desired rate of 999999999.0000 Hz. Current loop rate is 33.3333 Hz
[component_container_isolated-2] [INFO] [1780120223.757793854] [controller_server]: Passing new path to controller.
[component_container_isolated-2] [WARN] [1780120223.843667722] [controller_server]: Control loop missed its desired rate of 30.0000 Hz. Current loop rate is 20.0000 Hz.
[component_container_isolated-2] [WARN] [1780120224.044358327] [controller_server]: Control loop missed its desired rate of 30.0000 Hz. Current loop rate is 33.3333 Hz.
[component_container_isolated-2] [WARN] [1780120224.147389149] [controller_server]: Control loop missed its desired rate of 30.0000 Hz. Current loop rate is 25.0000 Hz.
[component_container_isolated-2] [WARN] [1780120224.249798645] [controller_server]: Control loop missed its desired rate of 30.0000 Hz. Current loop rate is 25.0000 Hz.
[component_container_isolated-2] [WARN] [1780120224.350210429] [controller_server]: Control loop missed its desired rate of 30.0000 Hz. Current loop rate is 33.3333 Hz.
[component_container_isolated-2] [WARN] [1780120224.653262186] [controller_server]: Control loop missed its desired rate of 30.0000 Hz. Current loop rate is 33.3333 Hz.
[component_container_isolated-2] [WARN] [1780120224.767095945] [planner_server]: Planner loop missed its desired rate of 999999999.0000 Hz. Current loop rate is 33.3333 Hz
[component_container_isolated-2] [INFO] [1780120224.820086333] [controller_server]: Passing new path to controller.
[vlm_node-3] [INFO] [1780120224.862030571] [vlm_node]: Completed prompt: "Check if there are any small hazards on the ground that would cause harm to the robot if it navigated over it OR the area is blocked by large objects that make it impassable. If so respond only yes. Otherwise, respond no." with response: True
[vlm_node-3] [INFO] [1780120224.862295341] [vlm_node]: VLM_QUERY|QueryBool|success|17.71|1|
[vlm_node-3] [INFO] [1780120224.869152872] [vlm_node]: Goal received with prompt: Is this space too crowded by people or working machinery to move though safely? If so, respond only yes. Otherwise respond no.
[component_container_isolated-2] [WARN] [1780120225.831150768] [planner_server]: Planner loop missed its desired rate of 999999999.0000 Hz. Current loop rate is 33.3333 Hz
[component_container_isolated-2] [INFO] [1780120225.853410792] [controller_server]: Passing new path to controller.
[component_container_isolated-2] [WARN] [1780120226.888564613] [planner_server]: Planner loop missed its desired rate of 999999999.0000 Hz. Current loop rate is 25.0000 Hz
[component_container_isolated-2] [INFO] [1780120226.920084899] [controller_server]: Passing new path to controller.
[robot_mission_runner-4] [INFO] [1780120227.335783491] [robot_mission_runner]: Pose: (14.16, 26.47), Elapsed: 20s, ETA: 39s, Dist remaining: 59.66m
[component_container_isolated-2] [WARN] [1780120227.973745269] [planner_server]: Planner loop missed its desired rate of 999999999.0000 Hz. Current loop rate is 20.0000 Hz
[component_container_isolated-2] [INFO] [1780120228.020074711] [controller_server]: Passing new path to controller.
[component_container_isolated-2] [WARN] [1780120229.031398561] [planner_server]: Planner loop missed its desired rate of 999999999.0000 Hz. Current loop rate is 33.3333 Hz
[component_container_isolated-2] [INFO] [1780120229.053407324] [controller_server]: Passing new path to controller.
[component_container_isolated-2] [WARN] [1780120230.094182655] [planner_server]: Planner loop missed its desired rate of 999999999.0000 Hz. Current loop rate is 25.0000 Hz
[component_container_isolated-2] [INFO] [1780120230.120080995] [controller_server]: Passing new path to controller.
[component_container_isolated-2] [WARN] [1780120231.135251311] [planner_server]: Planner loop missed its desired rate of 999999999.0000 Hz. Current loop rate is 33.3333 Hz
[component_container_isolated-2] [INFO] [1780120231.187342788] [controller_server]: Passing new path to controller.
[component_container_isolated-2] [WARN] [1780120232.218509075] [planner_server]: Planner loop missed its desired rate of 999999999.0000 Hz. Current loop rate is 16.6667 Hz
[component_container_isolated-2] [INFO] [1780120232.253422549] [controller_server]: Passing new path to controller.
[robot_mission_runner-4] [INFO] [1780120232.362256953] [robot_mission_runner]: Pose: (6.61, 26.46), Elapsed: 25s, ETA: 34s, Dist remaining: 52.31m
[component_container_isolated-2] [WARN] [1780120233.308297147] [planner_server]: Planner loop missed its desired rate of 999999999.0000 Hz. Current loop rate is 16.6667 Hz
[component_container_isolated-2] [INFO] [1780120233.353407126] [controller_server]: Passing new path to controller.
[component_container_isolated-2] [WARN] [1780120234.352346535] [planner_server]: Planner loop missed its desired rate of 999999999.0000 Hz. Current loop rate is 50.0000 Hz
[component_container_isolated-2] [INFO] [1780120234.386736473] [controller_server]: Passing new path to controller.
[component_container_isolated-2] [WARN] [1780120235.255886135] [controller_server]: Control loop missed its desired rate of 30.0000 Hz. Current loop rate is 25.0000 Hz.
[component_container_isolated-2] [WARN] [1780120235.398895874] [planner_server]: Planner loop missed its desired rate of 999999999.0000 Hz. Current loop rate is 33.3333 Hz
[component_container_isolated-2] [INFO] [1780120235.422744096] [controller_server]: Passing new path to controller.
[component_container_isolated-2] [WARN] [1780120235.757685426] [controller_server]: Control loop missed its desired rate of 30.0000 Hz. Current loop rate is 25.0000 Hz.
[component_container_isolated-2] [WARN] [1780120235.862441723] [controller_server]: Control loop missed its desired rate of 30.0000 Hz. Current loop rate is 33.3333 Hz.
[component_container_isolated-2] [WARN] [1780120235.932630160] [controller_server]: Control loop missed its desired rate of 30.0000 Hz. Current loop rate is 33.3333 Hz.
[component_container_isolated-2] [WARN] [1780120236.133711446] [controller_server]: Control loop missed its desired rate of 30.0000 Hz. Current loop rate is 33.3333 Hz.
[component_container_isolated-2] [WARN] [1780120236.239373583] [controller_server]: Control loop missed its desired rate of 30.0000 Hz. Current loop rate is 25.0000 Hz.
[component_container_isolated-2] [WARN] [1780120236.341369001] [controller_server]: Control loop missed its desired rate of 30.0000 Hz. Current loop rate is 33.3333 Hz.
[component_container_isolated-2] [WARN] [1780120236.447968470] [controller_server]: Control loop missed its desired rate of 30.0000 Hz. Current loop rate is 25.0000 Hz.
[component_container_isolated-2] [WARN] [1780120236.507479717] [planner_server]: Planner loop missed its desired rate of 999999999.0000 Hz. Current loop rate is 11.1111 Hz
[component_container_isolated-2] [INFO] [1780120236.548093996] [controller_server]: Passing new path to controller.
[component_container_isolated-2] [WARN] [1780120236.863161307] [controller_server]: Control loop missed its desired rate of 30.0000 Hz. Current loop rate is 20.0000 Hz.
[component_container_isolated-2] [WARN] [1780120236.943609628] [controller_server]: Control loop missed its desired rate of 30.0000 Hz. Current loop rate is 25.0000 Hz.
[component_container_isolated-2] [WARN] [1780120237.144625655] [controller_server]: Control loop missed its desired rate of 30.0000 Hz. Current loop rate is 33.3333 Hz.
[robot_mission_runner-4] [INFO] [1780120237.398687268] [robot_mission_runner]: Pose: (-0.90, 26.90), Elapsed: 30s, ETA: 29s, Dist remaining: 44.89m
[component_container_isolated-2] [WARN] [1780120237.575469053] [planner_server]: Planner loop missed its desired rate of 999999999.0000 Hz. Current loop rate is 33.3333 Hz
[component_container_isolated-2] [INFO] [1780120237.611435549] [controller_server]: Passing new path to controller.
[component_container_isolated-2] [WARN] [1780120237.746030505] [controller_server]: Control loop missed its desired rate of 30.0000 Hz. Current loop rate is 25.0000 Hz.
[component_container_isolated-2] [WARN] [1780120238.147338158] [controller_server]: Control loop missed its desired rate of 30.0000 Hz. Current loop rate is 25.0000 Hz.
[component_container_isolated-2] [WARN] [1780120238.640851388] [planner_server]: Planner loop missed its desired rate of 999999999.0000 Hz. Current loop rate is 25.0000 Hz
[component_container_isolated-2] [INFO] [1780120238.680819132] [controller_server]: Passing new path to controller.
[component_container_isolated-2] [WARN] [1780120238.856780098] [controller_server]: Control loop missed its desired rate of 30.0000 Hz. Current loop rate is 20.0000 Hz.
[component_container_isolated-2] [WARN] [1780120238.962135693] [controller_server]: Control loop missed its desired rate of 30.0000 Hz. Current loop rate is 25.0000 Hz.
[component_container_isolated-2] [WARN] [1780120239.037936983] [controller_server]: Control loop missed its desired rate of 30.0000 Hz. Current loop rate is 25.0000 Hz.
[component_container_isolated-2] [WARN] [1780120239.138318481] [controller_server]: Control loop missed its desired rate of 30.0000 Hz. Current loop rate is 25.0000 Hz.
[component_container_isolated-2] [WARN] [1780120239.341065284] [controller_server]: Control loop missed its desired rate of 30.0000 Hz. Current loop rate is 33.3333 Hz.
[component_container_isolated-2] [WARN] [1780120239.646343938] [controller_server]: Control loop missed its desired rate of 30.0000 Hz. Current loop rate is 25.0000 Hz.
[component_container_isolated-2] [WARN] [1780120239.674507537] [planner_server]: Planner loop missed its desired rate of 999999999.0000 Hz. Current loop rate is 50.0000 Hz
[component_container_isolated-2] [INFO] [1780120239.713138151] [controller_server]: Passing new path to controller.
[component_container_isolated-2] [WARN] [1780120239.850362650] [controller_server]: Control loop missed its desired rate of 30.0000 Hz. Current loop rate is 25.0000 Hz.
[component_container_isolated-2] [WARN] [1780120240.155939696] [controller_server]: Control loop missed its desired rate of 30.0000 Hz. Current loop rate is 25.0000 Hz.
[component_container_isolated-2] [WARN] [1780120240.360871358] [controller_server]: Control loop missed its desired rate of 30.0000 Hz. Current loop rate is 25.0000 Hz.
[component_container_isolated-2] [WARN] [1780120240.446252036] [controller_server]: Control loop missed its desired rate of 30.0000 Hz. Current loop rate is 16.6667 Hz.
[component_container_isolated-2] [WARN] [1780120240.561686362] [controller_server]: Control loop missed its desired rate of 30.0000 Hz. Current loop rate is 20.0000 Hz.
[component_container_isolated-2] [WARN] [1780120240.649835621] [controller_server]: Control loop missed its desired rate of 30.0000 Hz. Current loop rate is 16.6667 Hz.
[component_container_isolated-2] [WARN] [1780120240.709367764] [planner_server]: Planner loop missed its desired rate of 999999999.0000 Hz. Current loop rate is 50.0000 Hz
[component_container_isolated-2] [INFO] [1780120240.749974863] [controller_server]: Passing new path to controller.
[component_container_isolated-2] [WARN] [1780120241.779095903] [planner_server]: Planner loop missed its desired rate of 999999999.0000 Hz. Current loop rate is 25.0000 Hz
[component_container_isolated-2] [INFO] [1780120241.816645192] [controller_server]: Passing new path to controller.
[component_container_isolated-2] [WARN] [1780120242.153597736] [controller_server]: Control loop missed its desired rate of 30.0000 Hz. Current loop rate is 33.3333 Hz.
[component_container_isolated-2] [WARN] [1780120242.259928367] [controller_server]: Control loop missed its desired rate of 30.0000 Hz. Current loop rate is 33.3333 Hz.
[component_container_isolated-2] [WARN] [1780120242.345079294] [controller_server]: Control loop missed its desired rate of 30.0000 Hz. Current loop rate is 20.0000 Hz.
[robot_mission_runner-4] [INFO] [1780120242.417430517] [robot_mission_runner]: Pose: (-8.31, 27.70), Elapsed: 35s, ETA: 24s, Dist remaining: 36.96m
[component_container_isolated-2] [WARN] [1780120242.828193719] [planner_server]: Planner loop missed its desired rate of 999999999.0000 Hz. Current loop rate is 50.0000 Hz
[component_container_isolated-2] [WARN] [1780120242.846417219] [controller_server]: Control loop missed its desired rate of 30.0000 Hz. Current loop rate is 25.0000 Hz.
[component_container_isolated-2] [INFO] [1780120242.879874322] [controller_server]: Passing new path to controller.
[component_container_isolated-2] [WARN] [1780120243.147185117] [controller_server]: Control loop missed its desired rate of 30.0000 Hz. Current loop rate is 25.0000 Hz.
[component_container_isolated-2] [WARN] [1780120243.353123704] [controller_server]: Control loop missed its desired rate of 30.0000 Hz. Current loop rate is 25.0000 Hz.
[component_container_isolated-2] [WARN] [1780120243.657050019] [controller_server]: Control loop missed its desired rate of 30.0000 Hz. Current loop rate is 25.0000 Hz.
[component_container_isolated-2] [WARN] [1780120243.767401562] [controller_server]: Control loop missed its desired rate of 30.0000 Hz. Current loop rate is 25.0000 Hz.
[component_container_isolated-2] [WARN] [1780120243.837791856] [controller_server]: Control loop missed its desired rate of 30.0000 Hz. Current loop rate is 25.0000 Hz.
[component_container_isolated-2] [WARN] [1780120243.874081092] [planner_server]: Planner loop missed its desired rate of 999999999.0000 Hz. Current loop rate is 100.0000 Hz
[component_container_isolated-2] [INFO] [1780120243.904583214] [controller_server]: Passing new path to controller.
[component_container_isolated-2] [WARN] [1780120243.944638357] [controller_server]: Control loop missed its desired rate of 30.0000 Hz. Current loop rate is 25.0000 Hz.
[component_container_isolated-2] [WARN] [1780120244.147436691] [controller_server]: Control loop missed its desired rate of 30.0000 Hz. Current loop rate is 25.0000 Hz.
[component_container_isolated-2] [WARN] [1780120244.249509247] [controller_server]: Control loop missed its desired rate of 30.0000 Hz. Current loop rate is 25.0000 Hz.
[component_container_isolated-2] [WARN] [1780120244.361454648] [controller_server]: Control loop missed its desired rate of 30.0000 Hz. Current loop rate is 25.0000 Hz.
[component_container_isolated-2] [WARN] [1780120244.439119771] [controller_server]: Control loop missed its desired rate of 30.0000 Hz. Current loop rate is 25.0000 Hz.
[component_container_isolated-2] [WARN] [1780120244.543433922] [controller_server]: Control loop missed its desired rate of 30.0000 Hz. Current loop rate is 33.3333 Hz.
[component_container_isolated-2] [WARN] [1780120244.647640311] [controller_server]: Control loop missed its desired rate of 30.0000 Hz. Current loop rate is 25.0000 Hz.
[component_container_isolated-2] [WARN] [1780120244.751895760] [controller_server]: Control loop missed its desired rate of 30.0000 Hz. Current loop rate is 25.0000 Hz.
[component_container_isolated-2] [WARN] [1780120244.860367844] [controller_server]: Control loop missed its desired rate of 30.0000 Hz. Current loop rate is 25.0000 Hz.
[component_container_isolated-2] [WARN] [1780120244.946423587] [controller_server]: Control loop missed its desired rate of 30.0000 Hz. Current loop rate is 16.6667 Hz.
[component_container_isolated-2] [WARN] [1780120244.999767865] [planner_server]: Planner loop missed its desired rate of 999999999.0000 Hz. Current loop rate is 9.0909 Hz
[component_container_isolated-2] [INFO] [1780120245.047186478] [controller_server]: Passing new path to controller.
[component_container_isolated-2] [WARN] [1780120245.159558095] [controller_server]: Control loop missed its desired rate of 30.0000 Hz. Current loop rate is 20.0000 Hz.
[component_container_isolated-2] [WARN] [1780120245.259429787] [controller_server]: Control loop missed its desired rate of 30.0000 Hz. Current loop rate is 14.2857 Hz.
[component_container_isolated-2] [WARN] [1780120245.352256327] [controller_server]: Control loop missed its desired rate of 30.0000 Hz. Current loop rate is 16.6667 Hz.
[component_container_isolated-2] [WARN] [1780120245.456942687] [controller_server]: Control loop missed its desired rate of 30.0000 Hz. Current loop rate is 25.0000 Hz.
[component_container_isolated-2] [WARN] [1780120245.557666133] [controller_server]: Control loop missed its desired rate of 30.0000 Hz. Current loop rate is 25.0000 Hz.
[component_container_isolated-2] [WARN] [1780120245.670594435] [controller_server]: Control loop missed its desired rate of 30.0000 Hz. Current loop rate is 25.0000 Hz.
[component_container_isolated-2] [WARN] [1780120245.754293638] [controller_server]: Control loop missed its desired rate of 30.0000 Hz. Current loop rate is 20.0000 Hz.
[component_container_isolated-2] [WARN] [1780120245.871979802] [controller_server]: Control loop missed its desired rate of 30.0000 Hz. Current loop rate is 20.0000 Hz.
[component_container_isolated-2] [WARN] [1780120245.950866611] [controller_server]: Control loop missed its desired rate of 30.0000 Hz. Current loop rate is 20.0000 Hz.
[component_container_isolated-2] [WARN] [1780120246.047623287] [planner_server]: Planner loop missed its desired rate of 999999999.0000 Hz. Current loop rate is 50.0000 Hz
[component_container_isolated-2] [WARN] [1780120246.052930319] [controller_server]: Control loop missed its desired rate of 30.0000 Hz. Current loop rate is 33.3333 Hz.
[component_container_isolated-2] [INFO] [1780120246.086431736] [controller_server]: Passing new path to controller.
[component_container_isolated-2] [WARN] [1780120246.155408007] [controller_server]: Control loop missed its desired rate of 30.0000 Hz. Current loop rate is 25.0000 Hz.
[component_container_isolated-2] [WARN] [1780120246.556131680] [controller_server]: Control loop missed its desired rate of 30.0000 Hz. Current loop rate is 25.0000 Hz.
[component_container_isolated-2] [WARN] [1780120246.663785416] [controller_server]: Control loop missed its desired rate of 30.0000 Hz. Current loop rate is 25.0000 Hz.
[component_container_isolated-2] [WARN] [1780120246.742315697] [controller_server]: Control loop missed its desired rate of 30.0000 Hz. Current loop rate is 25.0000 Hz.
[component_container_isolated-2] [WARN] [1780120247.096825373] [planner_server]: Planner loop missed its desired rate of 999999999.0000 Hz. Current loop rate is 25.0000 Hz
[component_container_isolated-2] [INFO] [1780120247.142445165] [controller_server]: Passing new path to controller.
[component_container_isolated-2] [WARN] [1780120247.242762860] [controller_server]: Control loop missed its desired rate of 30.0000 Hz. Current loop rate is 33.3333 Hz.
[component_container_isolated-2] [WARN] [1780120247.342978079] [controller_server]: Control loop missed its desired rate of 30.0000 Hz. Current loop rate is 33.3333 Hz.
[robot_mission_runner-4] [INFO] [1780120247.434769725] [robot_mission_runner]: Pose: (-15.81, 27.73), Elapsed: 40s, ETA: 19s, Dist remaining: 29.44m
[component_container_isolated-2] [WARN] [1780120247.646947147] [controller_server]: Control loop missed its desired rate of 30.0000 Hz. Current loop rate is 25.0000 Hz.
[component_container_isolated-2] [WARN] [1780120247.751020770] [controller_server]: Control loop missed its desired rate of 30.0000 Hz. Current loop rate is 25.0000 Hz.
[component_container_isolated-2] [WARN] [1780120247.954228280] [controller_server]: Control loop missed its desired rate of 30.0000 Hz. Current loop rate is 33.3333 Hz.
[component_container_isolated-2] [WARN] [1780120248.059319396] [controller_server]: Control loop missed its desired rate of 30.0000 Hz. Current loop rate is 25.0000 Hz.
[component_container_isolated-2] [WARN] [1780120248.148991014] [planner_server]: Planner loop missed its desired rate of 999999999.0000 Hz. Current loop rate is 50.0000 Hz
[component_container_isolated-2] [WARN] [1780120248.153051022] [controller_server]: Control loop missed its desired rate of 30.0000 Hz. Current loop rate is 16.6667 Hz.
[component_container_isolated-2] [INFO] [1780120248.186540641] [controller_server]: Passing new path to controller.
[component_container_isolated-2] [WARN] [1780120248.254439419] [controller_server]: Control loop missed its desired rate of 30.0000 Hz. Current loop rate is 33.3333 Hz.
[component_container_isolated-2] [WARN] [1780120248.560591463] [controller_server]: Control loop missed its desired rate of 30.0000 Hz. Current loop rate is 25.0000 Hz.
[component_container_isolated-2] [WARN] [1780120248.663166464] [controller_server]: Control loop missed its desired rate of 30.0000 Hz. Current loop rate is 14.2857 Hz.
[component_container_isolated-2] [WARN] [1780120248.747729215] [controller_server]: Control loop missed its desired rate of 30.0000 Hz. Current loop rate is 20.0000 Hz.
[component_container_isolated-2] [WARN] [1780120248.852443641] [controller_server]: Control loop missed its desired rate of 30.0000 Hz. Current loop rate is 33.3333 Hz.
[component_container_isolated-2] [WARN] [1780120248.956773452] [controller_server]: Control loop missed its desired rate of 30.0000 Hz. Current loop rate is 25.0000 Hz.
[component_container_isolated-2] [WARN] [1780120249.059523729] [controller_server]: Control loop missed its desired rate of 30.0000 Hz. Current loop rate is 25.0000 Hz.
[component_container_isolated-2] [WARN] [1780120249.142401953] [controller_server]: Control loop missed its desired rate of 30.0000 Hz. Current loop rate is 20.0000 Hz.
[component_container_isolated-2] [WARN] [1780120249.202108259] [planner_server]: Planner loop missed its desired rate of 999999999.0000 Hz. Current loop rate is 25.0000 Hz
[component_container_isolated-2] [WARN] [1780120249.243776083] [controller_server]: Control loop missed its desired rate of 30.0000 Hz. Current loop rate is 33.3333 Hz.
[component_container_isolated-2] [INFO] [1780120249.243828704] [controller_server]: Passing new path to controller.
[component_container_isolated-2] [WARN] [1780120249.346069120] [controller_server]: Control loop missed its desired rate of 30.0000 Hz. Current loop rate is 25.0000 Hz.
[component_container_isolated-2] [WARN] [1780120249.550020032] [controller_server]: Control loop missed its desired rate of 30.0000 Hz. Current loop rate is 25.0000 Hz.
[component_container_isolated-2] [WARN] [1780120249.655052690] [controller_server]: Control loop missed its desired rate of 30.0000 Hz. Current loop rate is 33.3333 Hz.
[component_container_isolated-2] [WARN] [1780120249.763581507] [controller_server]: Control loop missed its desired rate of 30.0000 Hz. Current loop rate is 25.0000 Hz.
[component_container_isolated-2] [WARN] [1780120249.842380583] [controller_server]: Control loop missed its desired rate of 30.0000 Hz. Current loop rate is 25.0000 Hz.
[component_container_isolated-2] [WARN] [1780120249.942772344] [controller_server]: Control loop missed its desired rate of 30.0000 Hz. Current loop rate is 33.3333 Hz.
[component_container_isolated-2] [WARN] [1780120250.242812374] [planner_server]: Planner loop missed its desired rate of 999999999.0000 Hz. Current loop rate is 100.0000 Hz
[component_container_isolated-2] [INFO] [1780120250.276221276] [controller_server]: Passing new path to controller.
[component_container_isolated-2] [WARN] [1780120250.343333728] [controller_server]: Control loop missed its desired rate of 30.0000 Hz. Current loop rate is 33.3333 Hz.
[component_container_isolated-2] [WARN] [1780120250.843843901] [controller_server]: Control loop missed its desired rate of 30.0000 Hz. Current loop rate is 33.3333 Hz.
[component_container_isolated-2] [WARN] [1780120251.051465113] [controller_server]: Control loop missed its desired rate of 30.0000 Hz. Current loop rate is 25.0000 Hz.
[component_container_isolated-2] [WARN] [1780120251.162006911] [controller_server]: Control loop missed its desired rate of 30.0000 Hz. Current loop rate is 25.0000 Hz.
[component_container_isolated-2] [WARN] [1780120251.254752967] [controller_server]: Control loop missed its desired rate of 30.0000 Hz. Current loop rate is 20.0000 Hz.
[component_container_isolated-2] [WARN] [1780120251.271916974] [planner_server]: Planner loop missed its desired rate of 999999999.0000 Hz. Current loop rate is 100.0000 Hz
[component_container_isolated-2] [INFO] [1780120251.288248963] [controller_server]: Passing new path to controller.
[component_container_isolated-2] [WARN] [1780120251.955294625] [controller_server]: Control loop missed its desired rate of 30.0000 Hz. Current loop rate is 33.3333 Hz.
[vlm_node-3] [INFO] [1780120252.062617709] [vlm_node]: Completed prompt: "Is this space too crowded by people or working machinery to move though safely? If so, respond only yes. Otherwise respond no." with response: False
[vlm_node-3] [INFO] [1780120252.063005491] [vlm_node]: VLM_QUERY|QueryBool|success|27.19|1|
[vlm_node-3] [INFO] [1780120252.070328794] [vlm_node]: Goal received with prompt: Are there any people visible in this scene? If so, respond only yes. Otherwise respond no.
[component_container_isolated-2] [WARN] [1780120252.309805002] [planner_server]: Planner loop missed its desired rate of 999999999.0000 Hz. Current loop rate is 100.0000 Hz
[component_container_isolated-2] [INFO] [1780120252.355464994] [controller_server]: Passing new path to controller.
[robot_mission_runner-4] [INFO] [1780120252.460168129] [robot_mission_runner]: Pose: (-18.56, 21.50), Elapsed: 45s, ETA: 14s, Dist remaining: 22.15m
[component_container_isolated-2] [WARN] [1780120253.156211760] [controller_server]: Control loop missed its desired rate of 30.0000 Hz. Current loop rate is 25.0000 Hz.
[component_container_isolated-2] [WARN] [1780120253.257167998] [controller_server]: Control loop missed its desired rate of 30.0000 Hz. Current loop rate is 25.0000 Hz.
[component_container_isolated-2] [WARN] [1780120253.348336210] [planner_server]: Planner loop missed its desired rate of 999999999.0000 Hz. Current loop rate is 100.0000 Hz
[component_container_isolated-2] [WARN] [1780120253.361481971] [controller_server]: Control loop missed its desired rate of 30.0000 Hz. Current loop rate is 25.0000 Hz.
[component_container_isolated-2] [INFO] [1780120253.394927253] [controller_server]: Passing new path to controller.
[component_container_isolated-2] [WARN] [1780120253.429644744] [controller_server]: Control loop missed its desired rate of 30.0000 Hz. Current loop rate is 25.0000 Hz.
[component_container_isolated-2] [WARN] [1780120253.543825083] [controller_server]: Control loop missed its desired rate of 30.0000 Hz. Current loop rate is 25.0000 Hz.
[component_container_isolated-2] [WARN] [1780120253.644129823] [controller_server]: Control loop missed its desired rate of 30.0000 Hz. Current loop rate is 33.3333 Hz.
[component_container_isolated-2] [WARN] [1780120253.744832966] [controller_server]: Control loop missed its desired rate of 30.0000 Hz. Current loop rate is 33.3333 Hz.
[component_container_isolated-2] [WARN] [1780120253.859791568] [controller_server]: Control loop missed its desired rate of 30.0000 Hz. Current loop rate is 20.0000 Hz.
[component_container_isolated-2] [WARN] [1780120253.934176784] [controller_server]: Control loop missed its desired rate of 30.0000 Hz. Current loop rate is 25.0000 Hz.
[component_container_isolated-2] [WARN] [1780120254.047647825] [controller_server]: Control loop missed its desired rate of 30.0000 Hz. Current loop rate is 25.0000 Hz.
[component_container_isolated-2] [WARN] [1780120254.475941297] [planner_server]: Planner loop missed its desired rate of 999999999.0000 Hz. Current loop rate is 10.0000 Hz
[component_container_isolated-2] [INFO] [1780120254.514478102] [controller_server]: Passing new path to controller.
[component_container_isolated-2] [WARN] [1780120254.551326637] [controller_server]: Control loop missed its desired rate of 30.0000 Hz. Current loop rate is 33.3333 Hz.
[component_container_isolated-2] [WARN] [1780120254.665431543] [controller_server]: Control loop missed its desired rate of 30.0000 Hz. Current loop rate is 20.0000 Hz.
[component_container_isolated-2] [WARN] [1780120254.744847707] [controller_server]: Control loop missed its desired rate of 30.0000 Hz. Current loop rate is 20.0000 Hz.
[component_container_isolated-2] [WARN] [1780120254.973857766] [controller_server]: Control loop missed its desired rate of 30.0000 Hz. Current loop rate is 14.2857 Hz.
[component_container_isolated-2] [WARN] [1780120255.058980517] [controller_server]: Control loop missed its desired rate of 30.0000 Hz. Current loop rate is 20.0000 Hz.
[component_container_isolated-2] [WARN] [1780120255.155930077] [controller_server]: Control loop missed its desired rate of 30.0000 Hz. Current loop rate is 14.2857 Hz.
[component_container_isolated-2] [WARN] [1780120255.267010210] [controller_server]: Control loop missed its desired rate of 30.0000 Hz. Current loop rate is 25.0000 Hz.
[component_container_isolated-2] [WARN] [1780120255.346691049] [controller_server]: Control loop missed its desired rate of 30.0000 Hz. Current loop rate is 20.0000 Hz.
[component_container_isolated-2] [WARN] [1780120255.449653145] [controller_server]: Control loop missed its desired rate of 30.0000 Hz. Current loop rate is 33.3333 Hz.
[component_container_isolated-2] [WARN] [1780120255.516902791] [planner_server]: Planner loop missed its desired rate of 999999999.0000 Hz. Current loop rate is 50.0000 Hz
[component_container_isolated-2] [INFO] [1780120255.549755458] [controller_server]: Passing new path to controller.
[component_container_isolated-2] [WARN] [1780120255.750293735] [controller_server]: Control loop missed its desired rate of 30.0000 Hz. Current loop rate is 33.3333 Hz.
[component_container_isolated-2] [WARN] [1780120256.053534151] [controller_server]: Control loop missed its desired rate of 30.0000 Hz. Current loop rate is 25.0000 Hz.
[component_container_isolated-2] [WARN] [1780120256.173991256] [controller_server]: Control loop missed its desired rate of 30.0000 Hz. Current loop rate is 16.6667 Hz.
[component_container_isolated-2] [WARN] [1780120256.240905094] [controller_server]: Control loop missed its desired rate of 30.0000 Hz. Current loop rate is 25.0000 Hz.
[component_container_isolated-2] [WARN] [1780120256.359844968] [controller_server]: Control loop missed its desired rate of 30.0000 Hz. Current loop rate is 20.0000 Hz.
[component_container_isolated-2] [WARN] [1780120256.436688531] [controller_server]: Control loop missed its desired rate of 30.0000 Hz. Current loop rate is 20.0000 Hz.
[component_container_isolated-2] [WARN] [1780120256.546251460] [planner_server]: Planner loop missed its desired rate of 999999999.0000 Hz. Current loop rate is 100.0000 Hz
[component_container_isolated-2] [WARN] [1780120256.551226684] [controller_server]: Control loop missed its desired rate of 30.0000 Hz. Current loop rate is 20.0000 Hz.
[component_container_isolated-2] [INFO] [1780120256.584676289] [controller_server]: Passing new path to controller.
[component_container_isolated-2] [WARN] [1780120256.752130126] [controller_server]: Control loop missed its desired rate of 30.0000 Hz. Current loop rate is 25.0000 Hz.
[component_container_isolated-2] [WARN] [1780120257.053760874] [controller_server]: Control loop missed its desired rate of 30.0000 Hz. Current loop rate is 25.0000 Hz.
[component_container_isolated-2] [WARN] [1780120257.158550824] [controller_server]: Control loop missed its desired rate of 30.0000 Hz. Current loop rate is 25.0000 Hz.
[component_container_isolated-2] [WARN] [1780120257.231291014] [controller_server]: Control loop missed its desired rate of 30.0000 Hz. Current loop rate is 25.0000 Hz.
[component_container_isolated-2] [WARN] [1780120257.355491875] [controller_server]: Control loop missed its desired rate of 30.0000 Hz. Current loop rate is 14.2857 Hz.
[component_container_isolated-2] [WARN] [1780120257.580036027] [planner_server]: Planner loop missed its desired rate of 999999999.0000 Hz. Current loop rate is 100.0000 Hz
[component_container_isolated-2] [INFO] [1780120257.622355976] [controller_server]: Passing new path to controller.
[component_container_isolated-2] [WARN] [1780120257.666999986] [controller_server]: Control loop missed its desired rate of 30.0000 Hz. Current loop rate is 25.0000 Hz.
[robot_mission_runner-4] [INFO] [1780120257.678999808] [robot_mission_runner]: Pose: (-19.68, 13.87), Elapsed: 50s, ETA: 9s, Dist remaining: 14.14m
[component_container_isolated-2] [WARN] [1780120257.743601122] [controller_server]: Control loop missed its desired rate of 30.0000 Hz. Current loop rate is 20.0000 Hz.
[component_container_isolated-2] [WARN] [1780120258.246123922] [controller_server]: Control loop missed its desired rate of 30.0000 Hz. Current loop rate is 25.0000 Hz.
[component_container_isolated-2] [WARN] [1780120258.346957394] [controller_server]: Control loop missed its desired rate of 30.0000 Hz. Current loop rate is 33.3333 Hz.
[component_container_isolated-2] [WARN] [1780120258.547388501] [controller_server]: Control loop missed its desired rate of 30.0000 Hz. Current loop rate is 33.3333 Hz.
[component_container_isolated-2] [WARN] [1780120258.618379437] [planner_server]: Planner loop missed its desired rate of 999999999.0000 Hz. Current loop rate is 50.0000 Hz
[component_container_isolated-2] [WARN] [1780120258.650466641] [controller_server]: Control loop missed its desired rate of 30.0000 Hz. Current loop rate is 33.3333 Hz.
[component_container_isolated-2] [INFO] [1780120258.650523375] [controller_server]: Passing new path to controller.
[component_container_isolated-2] [WARN] [1780120258.754228643] [controller_server]: Control loop missed its desired rate of 30.0000 Hz. Current loop rate is 25.0000 Hz.
[component_container_isolated-2] [WARN] [1780120258.855070999] [controller_server]: Control loop missed its desired rate of 30.0000 Hz. Current loop rate is 33.3333 Hz.
[component_container_isolated-2] [WARN] [1780120259.057508617] [controller_server]: Control loop missed its desired rate of 30.0000 Hz. Current loop rate is 33.3333 Hz.
[component_container_isolated-2] [WARN] [1780120259.643523215] [planner_server]: Planner loop missed its desired rate of 999999999.0000 Hz. Current loop rate is 100.0000 Hz
[component_container_isolated-2] [WARN] [1780120259.658757906] [controller_server]: Control loop missed its desired rate of 30.0000 Hz. Current loop rate is 33.3333 Hz.
[component_container_isolated-2] [INFO] [1780120259.658823501] [controller_server]: Passing new path to controller.
[component_container_isolated-2] [WARN] [1780120259.750650945] [controller_server]: Control loop missed its desired rate of 30.0000 Hz. Current loop rate is 16.6667 Hz.
[component_container_isolated-2] [WARN] [1780120259.852017665] [controller_server]: Control loop missed its desired rate of 30.0000 Hz. Current loop rate is 25.0000 Hz.
[component_container_isolated-2] [WARN] [1780120260.666405772] [planner_server]: Planner loop missed its desired rate of 999999999.0000 Hz. Current loop rate is 100.0000 Hz
[component_container_isolated-2] [INFO] [1780120260.685479972] [controller_server]: Passing new path to controller.
[component_container_isolated-2] [WARN] [1780120260.867882369] [controller_server]: Control loop missed its desired rate of 30.0000 Hz. Current loop rate is 20.0000 Hz.
[component_container_isolated-2] [WARN] [1780120261.058565065] [controller_server]: Control loop missed its desired rate of 30.0000 Hz. Current loop rate is 16.6667 Hz.
[component_container_isolated-2] [WARN] [1780120261.147255641] [controller_server]: Control loop missed its desired rate of 30.0000 Hz. Current loop rate is 16.6667 Hz.
[component_container_isolated-2] [WARN] [1780120261.248578949] [controller_server]: Control loop missed its desired rate of 30.0000 Hz. Current loop rate is 25.0000 Hz.
[component_container_isolated-2] [WARN] [1780120261.363755872] [controller_server]: Control loop missed its desired rate of 30.0000 Hz. Current loop rate is 20.0000 Hz.
[component_container_isolated-2] [WARN] [1780120261.439758874] [controller_server]: Control loop missed its desired rate of 30.0000 Hz. Current loop rate is 25.0000 Hz.
[component_container_isolated-2] [WARN] [1780120261.552580676] [controller_server]: Control loop missed its desired rate of 30.0000 Hz. Current loop rate is 16.6667 Hz.
[component_container_isolated-2] [INFO] [1780120261.719368566] [controller_server]: Passing new path to controller.
[component_container_isolated-2] [WARN] [1780120261.859953866] [controller_server]: Control loop missed its desired rate of 30.0000 Hz. Current loop rate is 25.0000 Hz.
[component_container_isolated-2] [WARN] [1780120261.947320767] [controller_server]: Control loop missed its desired rate of 30.0000 Hz. Current loop rate is 20.0000 Hz.
[component_container_isolated-2] [WARN] [1780120262.147827592] [controller_server]: Control loop missed its desired rate of 30.0000 Hz. Current loop rate is 25.0000 Hz.
[component_container_isolated-2] [WARN] [1780120262.263141652] [controller_server]: Control loop missed its desired rate of 30.0000 Hz. Current loop rate is 16.6667 Hz.
[component_container_isolated-2] [WARN] [1780120262.350765968] [controller_server]: Control loop missed its desired rate of 30.0000 Hz. Current loop rate is 20.0000 Hz.
[component_container_isolated-2] [WARN] [1780120262.459717707] [controller_server]: Control loop missed its desired rate of 30.0000 Hz. Current loop rate is 25.0000 Hz.
[component_container_isolated-2] [WARN] [1780120262.537277767] [controller_server]: Control loop missed its desired rate of 30.0000 Hz. Current loop rate is 25.0000 Hz.
[component_container_isolated-2] [WARN] [1780120262.638170651] [controller_server]: Control loop missed its desired rate of 30.0000 Hz. Current loop rate is 25.0000 Hz.
[robot_mission_runner-4] [INFO] [1780120262.698102830] [robot_mission_runner]: Pose: (-18.59, 6.60), Elapsed: 55s, ETA: 4s, Dist remaining: 7.02m
[component_container_isolated-2] [WARN] [1780120262.720296300] [planner_server]: Planner loop missed its desired rate of 999999999.0000 Hz. Current loop rate is 100.0000 Hz
[component_container_isolated-2] [WARN] [1780120262.764746754] [controller_server]: Control loop missed its desired rate of 30.0000 Hz. Current loop rate is 14.2857 Hz.
[component_container_isolated-2] [INFO] [1780120262.764825524] [controller_server]: Passing new path to controller.
[component_container_isolated-2] [WARN] [1780120262.867515011] [controller_server]: Control loop missed its desired rate of 30.0000 Hz. Current loop rate is 14.2857 Hz.
[vlm_node-3] [INFO] [1780120262.937220466] [vlm_node]: Completed prompt: "Are there any people visible in this scene? If so, respond only yes. Otherwise respond no." with response: False
[vlm_node-3] [INFO] [1780120262.937655287] [vlm_node]: VLM_QUERY|QueryBool|success|10.87|1|
[vlm_node-3] [INFO] [1780120262.949735778] [vlm_node]: Goal received with prompt: Check if there are any small hazards on the ground that would cause harm to the robot if it navigated over it OR the area is blocked by large objects that make it impassable. If so respond only yes. Otherwise, respond no.
[component_container_isolated-2] [WARN] [1780120263.050344126] [controller_server]: Control loop missed its desired rate of 30.0000 Hz. Current loop rate is 20.0000 Hz.
[component_container_isolated-2] [WARN] [1780120263.159596438] [controller_server]: Control loop missed its desired rate of 30.0000 Hz. Current loop rate is 25.0000 Hz.
[component_container_isolated-2] [WARN] [1780120263.237539492] [controller_server]: Control loop missed its desired rate of 30.0000 Hz. Current loop rate is 25.0000 Hz.
[component_container_isolated-2] [WARN] [1780120263.348209778] [controller_server]: Control loop missed its desired rate of 30.0000 Hz. Current loop rate is 20.0000 Hz.
[component_container_isolated-2] [WARN] [1780120263.469025502] [controller_server]: Control loop missed its desired rate of 30.0000 Hz. Current loop rate is 16.6667 Hz.
[component_container_isolated-2] [WARN] [1780120263.545027669] [controller_server]: Control loop missed its desired rate of 30.0000 Hz. Current loop rate is 20.0000 Hz.
[component_container_isolated-2] [WARN] [1780120263.651671517] [controller_server]: Control loop missed its desired rate of 30.0000 Hz. Current loop rate is 25.0000 Hz.
[component_container_isolated-2] [WARN] [1780120263.745882230] [planner_server]: Planner loop missed its desired rate of 999999999.0000 Hz. Current loop rate is 100.0000 Hz
[component_container_isolated-2] [INFO] [1780120263.785126035] [controller_server]: Passing new path to controller.
[component_container_isolated-2] [WARN] [1780120263.858589715] [controller_server]: Control loop missed its desired rate of 30.0000 Hz. Current loop rate is 25.0000 Hz.
[component_container_isolated-2] [WARN] [1780120264.040286839] [controller_server]: Control loop missed its desired rate of 30.0000 Hz. Current loop rate is 20.0000 Hz.
[component_container_isolated-2] [WARN] [1780120264.245097356] [controller_server]: Control loop missed its desired rate of 30.0000 Hz. Current loop rate is 25.0000 Hz.
[component_container_isolated-2] [WARN] [1780120264.352009472] [controller_server]: Control loop missed its desired rate of 30.0000 Hz. Current loop rate is 25.0000 Hz.
[component_container_isolated-2] [WARN] [1780120264.566631917] [controller_server]: Control loop missed its desired rate of 30.0000 Hz. Current loop rate is 16.6667 Hz.
[component_container_isolated-2] [WARN] [1780120264.648058290] [controller_server]: Control loop missed its desired rate of 30.0000 Hz. Current loop rate is 20.0000 Hz.
[component_container_isolated-2] [WARN] [1780120264.761363626] [controller_server]: Control loop missed its desired rate of 30.0000 Hz. Current loop rate is 20.0000 Hz.
[component_container_isolated-2] [WARN] [1780120264.779235312] [planner_server]: Planner loop missed its desired rate of 999999999.0000 Hz. Current loop rate is 100.0000 Hz
[component_container_isolated-2] [WARN] [1780120264.851895597] [controller_server]: Control loop missed its desired rate of 30.0000 Hz. Current loop rate is 20.0000 Hz.
[component_container_isolated-2] [INFO] [1780120264.851937561] [controller_server]: Passing new path to controller.
[component_container_isolated-2] [WARN] [1780120265.804276060] [planner_server]: Planner loop missed its desired rate of 999999999.0000 Hz. Current loop rate is 100.0000 Hz
[component_container_isolated-2] [WARN] [1780120265.858078039] [controller_server]: Control loop missed its desired rate of 30.0000 Hz. Current loop rate is 25.0000 Hz.
[component_container_isolated-2] [INFO] [1780120265.858174718] [controller_server]: Passing new path to controller.
[component_container_isolated-2] [WARN] [1780120266.074209251] [controller_server]: Control loop missed its desired rate of 30.0000 Hz. Current loop rate is 20.0000 Hz.
[component_container_isolated-2] [WARN] [1780120266.147572138] [controller_server]: Control loop missed its desired rate of 30.0000 Hz. Current loop rate is 25.0000 Hz.
[component_container_isolated-2] [WARN] [1780120266.261319915] [controller_server]: Control loop missed its desired rate of 30.0000 Hz. Current loop rate is 20.0000 Hz.
[component_container_isolated-2] [WARN] [1780120266.349912318] [controller_server]: Control loop missed its desired rate of 30.0000 Hz. Current loop rate is 20.0000 Hz.
[component_container_isolated-2] [WARN] [1780120266.460702326] [controller_server]: Control loop missed its desired rate of 30.0000 Hz. Current loop rate is 20.0000 Hz.
[component_container_isolated-2] [WARN] [1780120266.541100931] [controller_server]: Control loop missed its desired rate of 30.0000 Hz. Current loop rate is 25.0000 Hz.
[component_container_isolated-2] [WARN] [1780120266.643067669] [controller_server]: Control loop missed its desired rate of 30.0000 Hz. Current loop rate is 33.3333 Hz.
[component_container_isolated-2] [WARN] [1780120266.830029619] [planner_server]: Planner loop missed its desired rate of 999999999.0000 Hz. Current loop rate is 100.0000 Hz
[component_container_isolated-2] [WARN] [1780120266.844970529] [controller_server]: Control loop missed its desired rate of 30.0000 Hz. Current loop rate is 25.0000 Hz.
[component_container_isolated-2] [INFO] [1780120266.878434415] [controller_server]: Passing new path to controller.
[component_container_isolated-2] [WARN] [1780120267.648516547] [controller_server]: Control loop missed its desired rate of 30.0000 Hz. Current loop rate is 25.0000 Hz.
[robot_mission_runner-4] [INFO] [1780120267.719868080] [robot_mission_runner]: Pose: (-17.65, 0.71), Elapsed: 60s, ETA: 0s, Dist remaining: 0.57m
[component_container_isolated-2] [WARN] [1780120267.855036360] [planner_server]: Planner loop missed its desired rate of 999999999.0000 Hz. Current loop rate is 100.0000 Hz
[component_container_isolated-2] [WARN] [1780120267.855439087] [controller_server]: Control loop missed its desired rate of 30.0000 Hz. Current loop rate is 25.0000 Hz.
[component_container_isolated-2] [INFO] [1780120267.888889092] [controller_server]: Passing new path to controller.
[component_container_isolated-2] [WARN] [1780120267.955864947] [controller_server]: Control loop missed its desired rate of 30.0000 Hz. Current loop rate is 25.0000 Hz.
[component_container_isolated-2] [INFO] [1780120268.397283437] [controller_server]: Reached the goal!
[component_container_isolated-2] [INFO] [1780120268.397525769] [controller_server]: Optimizer reset
[component_container_isolated-2] [ERROR] [1780120268.437918499] [bt_navigator_navigate_to_pose_rclcpp_node]: Failed to get result for vlm_node/query_bool in node halt!
[component_container_isolated-2] [INFO] [1780120268.438283160] [bt_navigator]: Goal succeeded
[robot_mission_runner-4] [INFO] [1780120268.441002520] [robot_mission_runner]: Navigation result: SUCCEEDED
[robot_mission_runner-4] [INFO] [1780120278.442312012] [robot_mission_runner]: Mission 2 completed.
[robot_mission_runner-4] [INFO] [1780120278.443072399] [robot_mission_runner]: Picking from {'x': 50.0, 'y': -50.7, 'yaw': 1.5708}, dropping at {'x': -11.5, 'y': -27.17, 'yaw': 1.5708}...
[robot_mission_runner-4] [INFO] [1780120278.443592972] [robot_mission_runner]: Navigating to pick, attempt 1/3...
[component_container_isolated-2] [INFO] [1780120278.444359480] [local_costmap.local_costmap]: Received request to clear entirely the local_costmap
[component_container_isolated-2] [INFO] [1780120278.450936848] [global_costmap.global_costmap]: Received request to clear entirely the global_costmap
[robot_mission_runner-4] [INFO] [1780120278.463685515] [robot_mission_runner]: Navigating to goal: 50.0 -50.7...
[component_container_isolated-2] [INFO] [1780120278.464446698] [bt_navigator]: Begin navigating from current location (-17.50, 0.22) to (50.00, -50.70)
[vlm_node-3] [INFO] [1780120278.469415539] [vlm_node]: Goal received with prompt: Check if there are any small hazards on the ground that would cause harm to the robot if it navigated over it OR the area is blocked by large objects that make it impassable. If so respond only yes. Otherwise, respond no.
[component_container_isolated-2] [WARN] [1780120279.267871938] [planner_server]: Planner loop missed its desired rate of 999999999.0000 Hz. Current loop rate is 1.2500 Hz
[component_container_isolated-2] [INFO] [1780120279.287249754] [controller_server]: Received a goal, begin computing control effort.
[component_container_isolated-2] [WARN] [1780120280.477287949] [planner_server]: Planner loop missed its desired rate of 999999999.0000 Hz. Current loop rate is 5.5556 Hz
[component_container_isolated-2] [INFO] [1780120280.520864971] [controller_server]: Passing new path to controller.
[component_container_isolated-2] [WARN] [1780120280.859709006] [controller_server]: Control loop missed its desired rate of 30.0000 Hz. Current loop rate is 25.0000 Hz.
[component_container_isolated-2] [WARN] [1780120280.940478819] [controller_server]: Control loop missed its desired rate of 30.0000 Hz. Current loop rate is 20.0000 Hz.
[component_container_isolated-2] [WARN] [1780120281.042165543] [controller_server]: Control loop missed its desired rate of 30.0000 Hz. Current loop rate is 33.3333 Hz.
[component_container_isolated-2] [WARN] [1780120281.146336571] [controller_server]: Control loop missed its desired rate of 30.0000 Hz. Current loop rate is 25.0000 Hz.
[component_container_isolated-2] [WARN] [1780120281.251312116] [controller_server]: Control loop missed its desired rate of 30.0000 Hz. Current loop rate is 25.0000 Hz.
[component_container_isolated-2] [WARN] [1780120281.356549416] [controller_server]: Control loop missed its desired rate of 30.0000 Hz. Current loop rate is 25.0000 Hz.
[component_container_isolated-2] [WARN] [1780120281.696345234] [planner_server]: Planner loop missed its desired rate of 999999999.0000 Hz. Current loop rate is 5.0000 Hz
[component_container_isolated-2] [INFO] [1780120281.723350349] [controller_server]: Passing new path to controller.
[component_container_isolated-2] [WARN] [1780120282.158851937] [controller_server]: Control loop missed its desired rate of 30.0000 Hz. Current loop rate is 25.0000 Hz.
[component_container_isolated-2] [WARN] [1780120282.256511490] [controller_server]: Control loop missed its desired rate of 30.0000 Hz. Current loop rate is 14.2857 Hz.
[component_container_isolated-2] [WARN] [1780120282.361990348] [controller_server]: Control loop missed its desired rate of 30.0000 Hz. Current loop rate is 25.0000 Hz.
[component_container_isolated-2] [WARN] [1780120282.446614610] [controller_server]: Control loop missed its desired rate of 30.0000 Hz. Current loop rate is 33.3333 Hz.
[component_container_isolated-2] [WARN] [1780120282.648236856] [controller_server]: Control loop missed its desired rate of 30.0000 Hz. Current loop rate is 25.0000 Hz.
[component_container_isolated-2] [WARN] [1780120282.759509393] [controller_server]: Control loop missed its desired rate of 30.0000 Hz. Current loop rate is 25.0000 Hz.
[component_container_isolated-2] [WARN] [1780120282.854364890] [controller_server]: Control loop missed its desired rate of 30.0000 Hz. Current loop rate is 16.6667 Hz.
[component_container_isolated-2] [WARN] [1780120282.941498348] [planner_server]: Planner loop missed its desired rate of 999999999.0000 Hz. Current loop rate is 4.3478 Hz
[component_container_isolated-2] [WARN] [1780120282.967816274] [controller_server]: Control loop missed its desired rate of 30.0000 Hz. Current loop rate is 20.0000 Hz.
[component_container_isolated-2] [INFO] [1780120282.967894545] [controller_server]: Passing new path to controller.
[component_container_isolated-2] [WARN] [1780120283.044227178] [controller_server]: Control loop missed its desired rate of 30.0000 Hz. Current loop rate is 25.0000 Hz.
[component_container_isolated-2] [WARN] [1780120283.146970933] [controller_server]: Control loop missed its desired rate of 30.0000 Hz. Current loop rate is 25.0000 Hz.
[component_container_isolated-2] [WARN] [1780120283.257631212] [controller_server]: Control loop missed its desired rate of 30.0000 Hz. Current loop rate is 20.0000 Hz.
[component_container_isolated-2] [WARN] [1780120283.371345241] [controller_server]: Control loop missed its desired rate of 30.0000 Hz. Current loop rate is 20.0000 Hz.
[component_container_isolated-2] [WARN] [1780120283.455958948] [controller_server]: Control loop missed its desired rate of 30.0000 Hz. Current loop rate is 16.6667 Hz.
[robot_mission_runner-4] [INFO] [1780120283.587478781] [robot_mission_runner]: Pose: (-18.44, -2.97), Elapsed: 5s, ETA: 82s, Dist remaining: 114.51m
[component_container_isolated-2] [WARN] [1780120283.764898281] [controller_server]: Control loop missed its desired rate of 30.0000 Hz. Current loop rate is 25.0000 Hz.
[component_container_isolated-2] [WARN] [1780120283.849105195] [controller_server]: Control loop missed its desired rate of 30.0000 Hz. Current loop rate is 20.0000 Hz.
[component_container_isolated-2] [WARN] [1780120284.133042792] [planner_server]: Planner loop missed its desired rate of 999999999.0000 Hz. Current loop rate is 6.2500 Hz
[component_container_isolated-2] [INFO] [1780120284.149259454] [controller_server]: Passing new path to controller.
[component_container_isolated-2] [WARN] [1780120285.053135793] [controller_server]: Control loop missed its desired rate of 30.0000 Hz. Current loop rate is 33.3333 Hz.
[component_container_isolated-2] [WARN] [1780120285.295044744] [planner_server]: Planner loop missed its desired rate of 999999999.0000 Hz. Current loop rate is 7.1429 Hz
[component_container_isolated-2] [INFO] [1780120285.321287286] [controller_server]: Passing new path to controller.
[component_container_isolated-2] [WARN] [1780120285.656944615] [controller_server]: Control loop missed its desired rate of 30.0000 Hz. Current loop rate is 25.0000 Hz.
[vlm_node-3] [INFO] [1780120286.429064831] [vlm_node]: Completed prompt: "Check if there are any small hazards on the ground that would cause harm to the robot if it navigated over it OR the area is blocked by large objects that make it impassable. If so respond only yes. Otherwise, respond no." with response: True
[vlm_node-3] [INFO] [1780120286.429696297] [vlm_node]: VLM_QUERY|QueryBool|success|23.48|1|
[component_container_isolated-2] [WARN] [1780120286.521550286] [planner_server]: Planner loop missed its desired rate of 999999999.0000 Hz. Current loop rate is 5.0000 Hz
[component_container_isolated-2] [INFO] [1780120286.557147315] [controller_server]: Passing new path to controller.
[component_container_isolated-2] [WARN] [1780120286.966214832] [controller_server]: Control loop missed its desired rate of 30.0000 Hz. Current loop rate is 20.0000 Hz.
[component_container_isolated-2] [WARN] [1780120287.053194899] [controller_server]: Control loop missed its desired rate of 30.0000 Hz. Current loop rate is 20.0000 Hz.
[component_container_isolated-2] [WARN] [1780120287.169300463] [controller_server]: Control loop missed its desired rate of 30.0000 Hz. Current loop rate is 20.0000 Hz.
[component_container_isolated-2] [WARN] [1780120287.252454790] [controller_server]: Control loop missed its desired rate of 30.0000 Hz. Current loop rate is 20.0000 Hz.
[component_container_isolated-2] [WARN] [1780120287.688418386] [planner_server]: Planner loop missed its desired rate of 999999999.0000 Hz. Current loop rate is 6.6667 Hz
[component_container_isolated-2] [INFO] [1780120287.719280211] [controller_server]: Passing new path to controller.
[component_container_isolated-2] [WARN] [1780120287.853579942] [controller_server]: Control loop missed its desired rate of 30.0000 Hz. Current loop rate is 33.3333 Hz.
[component_container_isolated-2] [WARN] [1780120288.258595555] [controller_server]: Control loop missed its desired rate of 30.0000 Hz. Current loop rate is 25.0000 Hz.
[component_container_isolated-2] [WARN] [1780120288.351062959] [controller_server]: Control loop missed its desired rate of 30.0000 Hz. Current loop rate is 16.6667 Hz.
[component_container_isolated-2] [WARN] [1780120288.553113300] [controller_server]: Control loop missed its desired rate of 30.0000 Hz. Current loop rate is 33.3333 Hz.
[robot_mission_runner-4] [INFO] [1780120288.607378583] [robot_mission_runner]: Pose: (-18.46, -10.49), Elapsed: 10s, ETA: 71s, Dist remaining: 107.28m
[component_container_isolated-2] [WARN] [1780120288.860106522] [planner_server]: Planner loop missed its desired rate of 999999999.0000 Hz. Current loop rate is 6.2500 Hz
[component_container_isolated-2] [INFO] [1780120288.886574154] [controller_server]: Passing new path to controller.
[component_container_isolated-2] [WARN] [1780120288.958111269] [controller_server]: Control loop missed its desired rate of 30.0000 Hz. Current loop rate is 25.0000 Hz.
[component_container_isolated-2] [WARN] [1780120289.361088244] [controller_server]: Control loop missed its desired rate of 30.0000 Hz. Current loop rate is 25.0000 Hz.
[component_container_isolated-2] [WARN] [1780120289.437166835] [controller_server]: Control loop missed its desired rate of 30.0000 Hz. Current loop rate is 20.0000 Hz.
[component_container_isolated-2] [WARN] [1780120289.847270531] [controller_server]: Control loop missed its desired rate of 30.0000 Hz. Current loop rate is 20.0000 Hz.
[component_container_isolated-2] [WARN] [1780120290.112565426] [planner_server]: Planner loop missed its desired rate of 999999999.0000 Hz. Current loop rate is 4.1667 Hz
[component_container_isolated-2] [INFO] [1780120290.147419679] [controller_server]: Passing new path to controller.
[component_container_isolated-2] [WARN] [1780120290.250120394] [controller_server]: Control loop missed its desired rate of 30.0000 Hz. Current loop rate is 25.0000 Hz.
[component_container_isolated-2] [WARN] [1780120290.356062884] [controller_server]: Control loop missed its desired rate of 30.0000 Hz. Current loop rate is 25.0000 Hz.
[component_container_isolated-2] [WARN] [1780120290.556921423] [controller_server]: Control loop missed its desired rate of 30.0000 Hz. Current loop rate is 25.0000 Hz.
[component_container_isolated-2] [WARN] [1780120290.672675151] [controller_server]: Control loop missed its desired rate of 30.0000 Hz. Current loop rate is 20.0000 Hz.
[component_container_isolated-2] [WARN] [1780120290.744379402] [controller_server]: Control loop missed its desired rate of 30.0000 Hz. Current loop rate is 50.0000 Hz.
[component_container_isolated-2] [WARN] [1780120290.945938537] [controller_server]: Control loop missed its desired rate of 30.0000 Hz. Current loop rate is 25.0000 Hz.
[component_container_isolated-2] [WARN] [1780120291.050465701] [controller_server]: Control loop missed its desired rate of 30.0000 Hz. Current loop rate is 25.0000 Hz.
[component_container_isolated-2] [WARN] [1780120291.151406338] [controller_server]: Control loop missed its desired rate of 30.0000 Hz. Current loop rate is 33.3333 Hz.
[component_container_isolated-2] [WARN] [1780120291.254065082] [controller_server]: Control loop missed its desired rate of 30.0000 Hz. Current loop rate is 33.3333 Hz.
[component_container_isolated-2] [WARN] [1780120291.290927652] [planner_server]: Planner loop missed its desired rate of 999999999.0000 Hz. Current loop rate is 6.2500 Hz
[component_container_isolated-2] [INFO] [1780120291.320858019] [controller_server]: Passing new path to controller.
[component_container_isolated-2] [WARN] [1780120291.562574424] [controller_server]: Control loop missed its desired rate of 30.0000 Hz. Current loop rate is 25.0000 Hz.
[component_container_isolated-2] [WARN] [1780120291.640175822] [controller_server]: Control loop missed its desired rate of 30.0000 Hz. Current loop rate is 25.0000 Hz.
[component_container_isolated-2] [WARN] [1780120291.742179029] [controller_server]: Control loop missed its desired rate of 30.0000 Hz. Current loop rate is 33.3333 Hz.
[component_container_isolated-2] [WARN] [1780120291.842259054] [controller_server]: Control loop missed its desired rate of 30.0000 Hz. Current loop rate is 33.3333 Hz.
[component_container_isolated-2] [WARN] [1780120291.943165294] [controller_server]: Control loop missed its desired rate of 30.0000 Hz. Current loop rate is 33.3333 Hz.
[component_container_isolated-2] [WARN] [1780120292.048111335] [controller_server]: Control loop missed its desired rate of 30.0000 Hz. Current loop rate is 25.0000 Hz.
[component_container_isolated-2] [WARN] [1780120292.149163477] [controller_server]: Control loop missed its desired rate of 30.0000 Hz. Current loop rate is 33.3333 Hz.
[component_container_isolated-2] [WARN] [1780120292.482629343] [planner_server]: Planner loop missed its desired rate of 999999999.0000 Hz. Current loop rate is 5.5556 Hz
[component_container_isolated-2] [INFO] [1780120292.515959156] [controller_server]: Passing new path to controller.
[component_container_isolated-2] [WARN] [1780120293.622231761] [planner_server]: Planner loop missed its desired rate of 999999999.0000 Hz. Current loop rate is 7.6923 Hz
[robot_mission_runner-4] [INFO] [1780120293.628849361] [robot_mission_runner]: Pose: (-18.48, -18.01), Elapsed: 15s, ETA: 66s, Dist remaining: 99.78m
[component_container_isolated-2] [INFO] [1780120293.649291317] [controller_server]: Passing new path to controller.
[component_container_isolated-2] [WARN] [1780120294.251886049] [controller_server]: Control loop missed its desired rate of 30.0000 Hz. Current loop rate is 33.3333 Hz.
[component_container_isolated-2] [WARN] [1780120294.457627468] [controller_server]: Control loop missed its desired rate of 30.0000 Hz. Current loop rate is 25.0000 Hz.
[component_container_isolated-2] [WARN] [1780120294.563187808] [controller_server]: Control loop missed its desired rate of 30.0000 Hz. Current loop rate is 25.0000 Hz.
[component_container_isolated-2] [WARN] [1780120294.647924532] [controller_server]: Control loop missed its desired rate of 30.0000 Hz. Current loop rate is 20.0000 Hz.
[component_container_isolated-2] [WARN] [1780120294.794270696] [planner_server]: Planner loop missed its desired rate of 999999999.0000 Hz. Current loop rate is 6.6667 Hz
[component_container_isolated-2] [INFO] [1780120294.814732451] [controller_server]: Passing new path to controller.
[component_container_isolated-2] [WARN] [1780120294.956664160] [controller_server]: Control loop missed its desired rate of 30.0000 Hz. Current loop rate is 20.0000 Hz.
[component_container_isolated-2] [WARN] [1780120295.069542733] [controller_server]: Control loop missed its desired rate of 30.0000 Hz. Current loop rate is 20.0000 Hz.
[component_container_isolated-2] [WARN] [1780120295.147212804] [controller_server]: Control loop missed its desired rate of 30.0000 Hz. Current loop rate is 20.0000 Hz.
[component_container_isolated-2] [WARN] [1780120295.261755330] [controller_server]: Control loop missed its desired rate of 30.0000 Hz. Current loop rate is 20.0000 Hz.
[component_container_isolated-2] [WARN] [1780120295.347663020] [controller_server]: Control loop missed its desired rate of 30.0000 Hz. Current loop rate is 16.6667 Hz.
[component_container_isolated-2] [WARN] [1780120295.559877509] [controller_server]: Control loop missed its desired rate of 30.0000 Hz. Current loop rate is 20.0000 Hz.
[component_container_isolated-2] [WARN] [1780120295.652792641] [controller_server]: Control loop missed its desired rate of 30.0000 Hz. Current loop rate is 16.6667 Hz.
[component_container_isolated-2] [WARN] [1780120295.773833540] [controller_server]: Control loop missed its desired rate of 30.0000 Hz. Current loop rate is 20.0000 Hz.
[component_container_isolated-2] [WARN] [1780120295.853380116] [controller_server]: Control loop missed its desired rate of 30.0000 Hz. Current loop rate is 25.0000 Hz.
[component_container_isolated-2] [WARN] [1780120295.955226036] [controller_server]: Control loop missed its desired rate of 30.0000 Hz. Current loop rate is 33.3333 Hz.
[component_container_isolated-2] [WARN] [1780120295.993396424] [planner_server]: Planner loop missed its desired rate of 999999999.0000 Hz. Current loop rate is 5.5556 Hz
[component_container_isolated-2] [INFO] [1780120296.022030857] [controller_server]: Passing new path to controller.
[component_container_isolated-2] [WARN] [1780120296.062322706] [controller_server]: Control loop missed its desired rate of 30.0000 Hz. Current loop rate is 25.0000 Hz.
[component_container_isolated-2] [WARN] [1780120296.145945698] [controller_server]: Control loop missed its desired rate of 30.0000 Hz. Current loop rate is 25.0000 Hz.
[component_container_isolated-2] [WARN] [1780120296.257205404] [controller_server]: Control loop missed its desired rate of 30.0000 Hz. Current loop rate is 20.0000 Hz.
[component_container_isolated-2] [WARN] [1780120296.370511471] [controller_server]: Control loop missed its desired rate of 30.0000 Hz. Current loop rate is 20.0000 Hz.
[component_container_isolated-2] [WARN] [1780120296.438090187] [controller_server]: Control loop missed its desired rate of 30.0000 Hz. Current loop rate is 33.3333 Hz.
[component_container_isolated-2] [WARN] [1780120296.645747229] [controller_server]: Control loop missed its desired rate of 30.0000 Hz. Current loop rate is 25.0000 Hz.
[component_container_isolated-2] [WARN] [1780120296.755449041] [controller_server]: Control loop missed its desired rate of 30.0000 Hz. Current loop rate is 25.0000 Hz.
[component_container_isolated-2] [WARN] [1780120296.864168506] [controller_server]: Control loop missed its desired rate of 30.0000 Hz. Current loop rate is 25.0000 Hz.
[component_container_isolated-2] [WARN] [1780120296.944213839] [controller_server]: Control loop missed its desired rate of 30.0000 Hz. Current loop rate is 25.0000 Hz.
[component_container_isolated-2] [WARN] [1780120297.054234324] [controller_server]: Control loop missed its desired rate of 30.0000 Hz. Current loop rate is 25.0000 Hz.
[component_container_isolated-2] [WARN] [1780120297.140575643] [planner_server]: Planner loop missed its desired rate of 999999999.0000 Hz. Current loop rate is 7.6923 Hz
[component_container_isolated-2] [WARN] [1780120297.165287676] [controller_server]: Control loop missed its desired rate of 30.0000 Hz. Current loop rate is 25.0000 Hz.
[component_container_isolated-2] [INFO] [1780120297.165353493] [controller_server]: Passing new path to controller.
[component_container_isolated-2] [WARN] [1780120297.245012849] [controller_server]: Control loop missed its desired rate of 30.0000 Hz. Current loop rate is 25.0000 Hz.
[component_container_isolated-2] [WARN] [1780120297.448231650] [controller_server]: Control loop missed its desired rate of 30.0000 Hz. Current loop rate is 25.0000 Hz.
[component_container_isolated-2] [WARN] [1780120297.656677194] [controller_server]: Control loop missed its desired rate of 30.0000 Hz. Current loop rate is 20.0000 Hz.
[component_container_isolated-2] [WARN] [1780120297.763413837] [controller_server]: Control loop missed its desired rate of 30.0000 Hz. Current loop rate is 25.0000 Hz.
[component_container_isolated-2] [WARN] [1780120297.852125345] [controller_server]: Control loop missed its desired rate of 30.0000 Hz. Current loop rate is 16.6667 Hz.
[component_container_isolated-2] [WARN] [1780120297.955822286] [controller_server]: Control loop missed its desired rate of 30.0000 Hz. Current loop rate is 25.0000 Hz.
[component_container_isolated-2] [WARN] [1780120298.296173825] [planner_server]: Planner loop missed its desired rate of 999999999.0000 Hz. Current loop rate is 7.6923 Hz
[component_container_isolated-2] [INFO] [1780120298.325289392] [controller_server]: Passing new path to controller.
[robot_mission_runner-4] [INFO] [1780120298.656081760] [robot_mission_runner]: Pose: (-19.17, -25.33), Elapsed: 20s, ETA: 61s, Dist remaining: 91.85m
[component_container_isolated-2] [WARN] [1780120298.961796853] [controller_server]: Control loop missed its desired rate of 30.0000 Hz. Current loop rate is 25.0000 Hz.
[component_container_isolated-2] [WARN] [1780120299.043370596] [controller_server]: Control loop missed its desired rate of 30.0000 Hz. Current loop rate is 20.0000 Hz.
[component_container_isolated-2] [WARN] [1780120299.147155694] [controller_server]: Control loop missed its desired rate of 30.0000 Hz. Current loop rate is 33.3333 Hz.
[component_container_isolated-2] [WARN] [1780120299.247355090] [controller_server]: Control loop missed its desired rate of 30.0000 Hz. Current loop rate is 25.0000 Hz.
[component_container_isolated-2] [WARN] [1780120299.347945822] [controller_server]: Control loop missed its desired rate of 30.0000 Hz. Current loop rate is 25.0000 Hz.
[component_container_isolated-2] [WARN] [1780120299.464839663] [planner_server]: Planner loop missed its desired rate of 999999999.0000 Hz. Current loop rate is 6.6667 Hz
[component_container_isolated-2] [INFO] [1780120299.514742301] [controller_server]: Passing new path to controller.
[component_container_isolated-2] [WARN] [1780120300.611665827] [planner_server]: Planner loop missed its desired rate of 999999999.0000 Hz. Current loop rate is 8.3333 Hz
[component_container_isolated-2] [INFO] [1780120300.648806936] [controller_server]: Passing new path to controller.
[component_container_isolated-2] [WARN] [1780120301.556251971] [controller_server]: Control loop missed its desired rate of 30.0000 Hz. Current loop rate is 20.0000 Hz.
[component_container_isolated-2] [WARN] [1780120301.756060827] [planner_server]: Planner loop missed its desired rate of 999999999.0000 Hz. Current loop rate is 7.6923 Hz
[component_container_isolated-2] [WARN] [1780120301.757719947] [controller_server]: Control loop missed its desired rate of 30.0000 Hz. Current loop rate is 25.0000 Hz.
[component_container_isolated-2] [INFO] [1780120301.791292401] [controller_server]: Passing new path to controller.
[component_container_isolated-2] [WARN] [1780120301.841163572] [controller_server]: Control loop missed its desired rate of 30.0000 Hz. Current loop rate is 20.0000 Hz.
[component_container_isolated-2] [WARN] [1780120302.441239561] [controller_server]: Control loop missed its desired rate of 30.0000 Hz. Current loop rate is 33.3333 Hz.
[component_container_isolated-2] [WARN] [1780120302.642338903] [controller_server]: Control loop missed its desired rate of 30.0000 Hz. Current loop rate is 33.3333 Hz.
[component_container_isolated-2] [WARN] [1780120302.896867478] [planner_server]: Planner loop missed its desired rate of 999999999.0000 Hz. Current loop rate is 7.6923 Hz
[component_container_isolated-2] [INFO] [1780120302.942484268] [controller_server]: Passing new path to controller.
[component_container_isolated-2] [WARN] [1780120303.643354224] [controller_server]: Control loop missed its desired rate of 30.0000 Hz. Current loop rate is 50.0000 Hz.
[robot_mission_runner-4] [INFO] [1780120303.672831042] [robot_mission_runner]: Pose: (-18.49, -32.73), Elapsed: 25s, ETA: 56s, Dist remaining: 84.33m
[component_container_isolated-2] [WARN] [1780120303.743596276] [controller_server]: Control loop missed its desired rate of 30.0000 Hz. Current loop rate is 33.3333 Hz.
[component_container_isolated-2] [WARN] [1780120303.951004065] [controller_server]: Control loop missed its desired rate of 30.0000 Hz. Current loop rate is 25.0000 Hz.
[component_container_isolated-2] [WARN] [1780120304.052444161] [controller_server]: Control loop missed its desired rate of 30.0000 Hz. Current loop rate is 33.3333 Hz.
[component_container_isolated-2] [WARN] [1780120304.055018617] [planner_server]: Planner loop missed its desired rate of 999999999.0000 Hz. Current loop rate is 7.6923 Hz
[component_container_isolated-2] [INFO] [1780120304.085928769] [controller_server]: Passing new path to controller.
[component_container_isolated-2] [WARN] [1780120304.259955960] [controller_server]: Control loop missed its desired rate of 30.0000 Hz. Current loop rate is 25.0000 Hz.
[component_container_isolated-2] [WARN] [1780120304.341314423] [controller_server]: Control loop missed its desired rate of 30.0000 Hz. Current loop rate is 20.0000 Hz.
[component_container_isolated-2] [WARN] [1780120304.642369647] [controller_server]: Control loop missed its desired rate of 30.0000 Hz. Current loop rate is 33.3333 Hz.
[component_container_isolated-2] [WARN] [1780120305.198545363] [planner_server]: Planner loop missed its desired rate of 999999999.0000 Hz. Current loop rate is 7.6923 Hz
[component_container_isolated-2] [INFO] [1780120305.242516965] [controller_server]: Passing new path to controller.
[component_container_isolated-2] [WARN] [1780120305.848860288] [controller_server]: Control loop missed its desired rate of 30.0000 Hz. Current loop rate is 25.0000 Hz.
[component_container_isolated-2] [WARN] [1780120305.955338800] [controller_server]: Control loop missed its desired rate of 30.0000 Hz. Current loop rate is 33.3333 Hz.
[component_container_isolated-2] [WARN] [1780120306.068203641] [controller_server]: Control loop missed its desired rate of 30.0000 Hz. Current loop rate is 20.0000 Hz.
[component_container_isolated-2] [WARN] [1780120306.141242574] [controller_server]: Control loop missed its desired rate of 30.0000 Hz. Current loop rate is 25.0000 Hz.
[component_container_isolated-2] [WARN] [1780120306.307284016] [planner_server]: Planner loop missed its desired rate of 999999999.0000 Hz. Current loop rate is 11.1111 Hz
[component_container_isolated-2] [INFO] [1780120306.341957803] [controller_server]: Passing new path to controller.
[component_container_isolated-2] [WARN] [1780120306.445654696] [controller_server]: Control loop missed its desired rate of 30.0000 Hz. Current loop rate is 33.3333 Hz.
[component_container_isolated-2] [WARN] [1780120306.657538664] [controller_server]: Control loop missed its desired rate of 30.0000 Hz. Current loop rate is 20.0000 Hz.
[component_container_isolated-2] [WARN] [1780120306.766477291] [controller_server]: Control loop missed its desired rate of 30.0000 Hz. Current loop rate is 20.0000 Hz.
[component_container_isolated-2] [WARN] [1780120306.848731814] [controller_server]: Control loop missed its desired rate of 30.0000 Hz. Current loop rate is 20.0000 Hz.
[component_container_isolated-2] [WARN] [1780120306.956015026] [controller_server]: Control loop missed its desired rate of 30.0000 Hz. Current loop rate is 33.3333 Hz.
[component_container_isolated-2] [WARN] [1780120307.063714180] [controller_server]: Control loop missed its desired rate of 30.0000 Hz. Current loop rate is 25.0000 Hz.
[component_container_isolated-2] [WARN] [1780120307.149717995] [controller_server]: Control loop missed its desired rate of 30.0000 Hz. Current loop rate is 20.0000 Hz.
[component_container_isolated-2] [WARN] [1780120307.258377959] [controller_server]: Control loop missed its desired rate of 30.0000 Hz. Current loop rate is 25.0000 Hz.
[component_container_isolated-2] [WARN] [1780120307.346119654] [controller_server]: Control loop missed its desired rate of 30.0000 Hz. Current loop rate is 20.0000 Hz.
[component_container_isolated-2] [WARN] [1780120307.421035823] [planner_server]: Planner loop missed its desired rate of 999999999.0000 Hz. Current loop rate is 11.1111 Hz
[component_container_isolated-2] [WARN] [1780120307.457911717] [controller_server]: Control loop missed its desired rate of 30.0000 Hz. Current loop rate is 20.0000 Hz.
[component_container_isolated-2] [INFO] [1780120307.457971700] [controller_server]: Passing new path to controller.
[component_container_isolated-2] [WARN] [1780120307.559480516] [controller_server]: Control loop missed its desired rate of 30.0000 Hz. Current loop rate is 25.0000 Hz.
[component_container_isolated-2] [WARN] [1780120307.640258999] [controller_server]: Control loop missed its desired rate of 30.0000 Hz. Current loop rate is 20.0000 Hz.
[component_container_isolated-2] [WARN] [1780120308.240916299] [controller_server]: Control loop missed its desired rate of 30.0000 Hz. Current loop rate is 33.3333 Hz.
[component_container_isolated-2] [WARN] [1780120308.509373361] [planner_server]: Planner loop missed its desired rate of 999999999.0000 Hz. Current loop rate is 12.5000 Hz
[component_container_isolated-2] [INFO] [1780120308.541108439] [controller_server]: Passing new path to controller.
[robot_mission_runner-4] [INFO] [1780120308.699987493] [robot_mission_runner]: Pose: (-19.67, -40.12), Elapsed: 30s, ETA: 51s, Dist remaining: 76.85m
[component_container_isolated-2] [WARN] [1780120308.944015994] [controller_server]: Control loop missed its desired rate of 30.0000 Hz. Current loop rate is 33.3333 Hz.
[component_container_isolated-2] [WARN] [1780120309.047825441] [controller_server]: Control loop missed its desired rate of 30.0000 Hz. Current loop rate is 25.0000 Hz.
[component_container_isolated-2] [WARN] [1780120309.587017835] [planner_server]: Planner loop missed its desired rate of 999999999.0000 Hz. Current loop rate is 16.6667 Hz
[component_container_isolated-2] [INFO] [1780120309.614618838] [controller_server]: Passing new path to controller.
[component_container_isolated-2] [WARN] [1780120309.650876748] [controller_server]: Control loop missed its desired rate of 30.0000 Hz. Current loop rate is 25.0000 Hz.
[component_container_isolated-2] [WARN] [1780120309.857966317] [controller_server]: Control loop missed its desired rate of 30.0000 Hz. Current loop rate is 25.0000 Hz.
[component_container_isolated-2] [WARN] [1780120310.685579682] [planner_server]: Planner loop missed its desired rate of 999999999.0000 Hz. Current loop rate is 12.5000 Hz
[component_container_isolated-2] [INFO] [1780120310.724759511] [controller_server]: Passing new path to controller.
[component_container_isolated-2] [WARN] [1780120311.166478849] [controller_server]: Control loop missed its desired rate of 30.0000 Hz. Current loop rate is 25.0000 Hz.
[component_container_isolated-2] [WARN] [1780120311.778906718] [planner_server]: Planner loop missed its desired rate of 999999999.0000 Hz. Current loop rate is 14.2857 Hz
[component_container_isolated-2] [INFO] [1780120311.799932894] [controller_server]: Passing new path to controller.
[component_container_isolated-2] [WARN] [1780120312.843344626] [planner_server]: Planner loop missed its desired rate of 999999999.0000 Hz. Current loop rate is 33.3333 Hz
[component_container_isolated-2] [INFO] [1780120312.866601504] [controller_server]: Passing new path to controller.
[component_container_isolated-2] [WARN] [1780120313.535833886] [controller_server]: Control loop missed its desired rate of 30.0000 Hz. Current loop rate is 33.3333 Hz.
[robot_mission_runner-4] [INFO] [1780120313.715140913] [robot_mission_runner]: Pose: (-17.73, -47.31), Elapsed: 35s, ETA: 46s, Dist remaining: 69.46m
[component_container_isolated-2] [WARN] [1780120313.736798228] [controller_server]: Control loop missed its desired rate of 30.0000 Hz. Current loop rate is 33.3333 Hz.
[component_container_isolated-2] [WARN] [1780120313.840751300] [controller_server]: Control loop missed its desired rate of 30.0000 Hz. Current loop rate is 25.0000 Hz.
[component_container_isolated-2] [WARN] [1780120313.881199633] [planner_server]: Planner loop missed its desired rate of 999999999.0000 Hz. Current loop rate is 25.0000 Hz
[component_container_isolated-2] [INFO] [1780120313.907559743] [controller_server]: Passing new path to controller.
[component_container_isolated-2] [WARN] [1780120314.975288042] [planner_server]: Planner loop missed its desired rate of 999999999.0000 Hz. Current loop rate is 11.1111 Hz
[component_container_isolated-2] [INFO] [1780120315.007553437] [controller_server]: Passing new path to controller.
[component_container_isolated-2] [WARN] [1780120316.036248124] [planner_server]: Planner loop missed its desired rate of 999999999.0000 Hz. Current loop rate is 33.3333 Hz
[component_container_isolated-2] [INFO] [1780120316.074222829] [controller_server]: Passing new path to controller.
[component_container_isolated-2] [WARN] [1780120317.073054654] [planner_server]: Planner loop missed its desired rate of 999999999.0000 Hz. Current loop rate is 100.0000 Hz
[component_container_isolated-2] [INFO] [1780120317.107550640] [controller_server]: Passing new path to controller.
[component_container_isolated-2] [WARN] [1780120318.111725025] [planner_server]: Planner loop missed its desired rate of 999999999.0000 Hz. Current loop rate is 33.3333 Hz
[component_container_isolated-2] [INFO] [1780120318.140885374] [controller_server]: Passing new path to controller.
[component_container_isolated-2] [WARN] [1780120318.643552475] [controller_server]: Control loop missed its desired rate of 30.0000 Hz. Current loop rate is 33.3333 Hz.
[robot_mission_runner-4] [INFO] [1780120318.738334418] [robot_mission_runner]: Pose: (-11.31, -50.35), Elapsed: 40s, ETA: 41s, Dist remaining: 62.02m
[component_container_isolated-2] [WARN] [1780120319.156251501] [planner_server]: Planner loop missed its desired rate of 999999999.0000 Hz. Current loop rate is 33.3333 Hz
[component_container_isolated-2] [INFO] [1780120319.177031684] [controller_server]: Passing new path to controller.
[component_container_isolated-2] [WARN] [1780120320.190967342] [planner_server]: Planner loop missed its desired rate of 999999999.0000 Hz. Current loop rate is 50.0000 Hz
[component_container_isolated-2] [INFO] [1780120320.210362498] [controller_server]: Passing new path to controller.
[component_container_isolated-2] [WARN] [1780120321.235961500] [planner_server]: Planner loop missed its desired rate of 999999999.0000 Hz. Current loop rate is 50.0000 Hz
[component_container_isolated-2] [INFO] [1780120321.277023072] [controller_server]: Passing new path to controller.
[component_container_isolated-2] [WARN] [1780120322.266577828] [planner_server]: Planner loop missed its desired rate of 999999999.0000 Hz. Current loop rate is 100.0000 Hz
[component_container_isolated-2] [INFO] [1780120322.310355181] [controller_server]: Passing new path to controller.
[component_container_isolated-2] [WARN] [1780120323.325168900] [planner_server]: Planner loop missed its desired rate of 999999999.0000 Hz. Current loop rate is 33.3333 Hz
[component_container_isolated-2] [INFO] [1780120323.377023936] [controller_server]: Passing new path to controller.
[robot_mission_runner-4] [INFO] [1780120323.766766442] [robot_mission_runner]: Pose: (-3.76, -50.27), Elapsed: 45s, ETA: 36s, Dist remaining: 54.41m
[component_container_isolated-2] [WARN] [1780120324.367014586] [planner_server]: Planner loop missed its desired rate of 999999999.0000 Hz. Current loop rate is 33.3333 Hz
[component_container_isolated-2] [INFO] [1780120324.410374508] [controller_server]: Passing new path to controller.
[component_container_isolated-2] [WARN] [1780120325.465668653] [planner_server]: Planner loop missed its desired rate of 999999999.0000 Hz. Current loop rate is 14.2857 Hz
[component_container_isolated-2] [INFO] [1780120325.510356025] [controller_server]: Passing new path to controller.
[component_container_isolated-2] [WARN] [1780120326.517812309] [planner_server]: Planner loop missed its desired rate of 999999999.0000 Hz. Current loop rate is 33.3333 Hz
[component_container_isolated-2] [INFO] [1780120326.543697788] [controller_server]: Passing new path to controller.
[component_container_isolated-2] [WARN] [1780120327.563843036] [planner_server]: Planner loop missed its desired rate of 999999999.0000 Hz. Current loop rate is 50.0000 Hz
[component_container_isolated-2] [INFO] [1780120327.577122406] [controller_server]: Passing new path to controller.
[component_container_isolated-2] [WARN] [1780120328.594287155] [planner_server]: Planner loop missed its desired rate of 999999999.0000 Hz. Current loop rate is 100.0000 Hz
[component_container_isolated-2] [INFO] [1780120328.610363060] [controller_server]: Passing new path to controller.
[robot_mission_runner-4] [INFO] [1780120328.789553702] [robot_mission_runner]: Pose: (3.77, -50.22), Elapsed: 50s, ETA: 31s, Dist remaining: 46.81m
[component_container_isolated-2] [WARN] [1780120329.665829861] [planner_server]: Planner loop missed its desired rate of 999999999.0000 Hz. Current loop rate is 16.6667 Hz
[component_container_isolated-2] [INFO] [1780120329.710364179] [controller_server]: Passing new path to controller.
[component_container_isolated-2] [WARN] [1780120330.700876944] [planner_server]: Planner loop missed its desired rate of 999999999.0000 Hz. Current loop rate is 50.0000 Hz
[component_container_isolated-2] [INFO] [1780120330.743701846] [controller_server]: Passing new path to controller.
[component_container_isolated-2] [WARN] [1780120331.737576821] [planner_server]: Planner loop missed its desired rate of 999999999.0000 Hz. Current loop rate is 50.0000 Hz
[component_container_isolated-2] [INFO] [1780120331.777913464] [controller_server]: Passing new path to controller.
[component_container_isolated-2] [WARN] [1780120332.761314710] [planner_server]: Planner loop missed its desired rate of 999999999.0000 Hz. Current loop rate is 100.0000 Hz
[component_container_isolated-2] [INFO] [1780120332.810379056] [controller_server]: Passing new path to controller.
[component_container_isolated-2] [WARN] [1780120333.804969264] [planner_server]: Planner loop missed its desired rate of 999999999.0000 Hz. Current loop rate is 50.0000 Hz
[robot_mission_runner-4] [INFO] [1780120333.812165175] [robot_mission_runner]: Pose: (11.29, -50.31), Elapsed: 55s, ETA: 26s, Dist remaining: 39.51m
[component_container_isolated-2] [INFO] [1780120333.843723492] [controller_server]: Passing new path to controller.
[component_container_isolated-2] [WARN] [1780120334.858855801] [planner_server]: Planner loop missed its desired rate of 999999999.0000 Hz. Current loop rate is 25.0000 Hz
[component_container_isolated-2] [INFO] [1780120334.877025635] [controller_server]: Passing new path to controller.
[component_container_isolated-2] [WARN] [1780120335.976695087] [planner_server]: Planner loop missed its desired rate of 999999999.0000 Hz. Current loop rate is 10.0000 Hz
[component_container_isolated-2] [INFO] [1780120336.010360713] [controller_server]: Passing new path to controller.
[component_container_isolated-2] [WARN] [1780120337.019453170] [planner_server]: Planner loop missed its desired rate of 999999999.0000 Hz. Current loop rate is 33.3333 Hz
[vlm_node-3] [INFO] [1780120337.036446344] [vlm_node]: Completed prompt: "Check if there are any small hazards on the ground that would cause harm to the robot if it navigated over it OR the area is blocked by large objects that make it impassable. If so respond only yes. Otherwise, respond no." with response: True
[vlm_node-3] [INFO] [1780120337.037166341] [vlm_node]: VLM_QUERY|QueryBool|success|58.57|1|
[component_container_isolated-2] [INFO] [1780120337.043708424] [controller_server]: Passing new path to controller.
[vlm_node-3] [INFO] [1780120337.055295931] [vlm_node]: Goal received with prompt: Is this space too crowded by people or working machinery to move though safely? If so, respond only yes. Otherwise respond no.
[component_container_isolated-2] [WARN] [1780120338.055687960] [planner_server]: Planner loop missed its desired rate of 999999999.0000 Hz. Current loop rate is 50.0000 Hz
[component_container_isolated-2] [INFO] [1780120338.077025997] [controller_server]: Passing new path to controller.
[robot_mission_runner-4] [INFO] [1780120338.841148648] [robot_mission_runner]: Pose: (18.83, -50.34), Elapsed: 60s, ETA: 21s, Dist remaining: 31.89m
[component_container_isolated-2] [WARN] [1780120339.101476036] [planner_server]: Planner loop missed its desired rate of 999999999.0000 Hz. Current loop rate is 50.0000 Hz
[component_container_isolated-2] [INFO] [1780120339.143692357] [controller_server]: Passing new path to controller.
[component_container_isolated-2] [WARN] [1780120340.136148357] [planner_server]: Planner loop missed its desired rate of 999999999.0000 Hz. Current loop rate is 100.0000 Hz
[component_container_isolated-2] [INFO] [1780120340.177021780] [controller_server]: Passing new path to controller.
[component_container_isolated-2] [WARN] [1780120341.167248594] [planner_server]: Planner loop missed its desired rate of 999999999.0000 Hz. Current loop rate is 100.0000 Hz
[component_container_isolated-2] [INFO] [1780120341.210357062] [controller_server]: Passing new path to controller.
[component_container_isolated-2] [WARN] [1780120342.210568980] [planner_server]: Planner loop missed its desired rate of 999999999.0000 Hz. Current loop rate is 50.0000 Hz
[component_container_isolated-2] [INFO] [1780120342.243693984] [controller_server]: Passing new path to controller.
[component_container_isolated-2] [WARN] [1780120343.234615549] [planner_server]: Planner loop missed its desired rate of 999999999.0000 Hz. Current loop rate is 100.0000 Hz
[component_container_isolated-2] [INFO] [1780120343.277029679] [controller_server]: Passing new path to controller.
[robot_mission_runner-4] [INFO] [1780120343.870682177] [robot_mission_runner]: Pose: (26.37, -50.27), Elapsed: 65s, ETA: 16s, Dist remaining: 24.52m
[component_container_isolated-2] [INFO] [1780120344.277028673] [controller_server]: Passing new path to controller.
[component_container_isolated-2] [WARN] [1780120345.281923073] [planner_server]: Planner loop missed its desired rate of 999999999.0000 Hz. Current loop rate is 100.0000 Hz
[component_container_isolated-2] [INFO] [1780120345.310362247] [controller_server]: Passing new path to controller.
[component_container_isolated-2] [WARN] [1780120346.302502500] [planner_server]: Planner loop missed its desired rate of 999999999.0000 Hz. Current loop rate is 100.0000 Hz
[component_container_isolated-2] [INFO] [1780120346.343697042] [controller_server]: Passing new path to controller.
[component_container_isolated-2] [WARN] [1780120347.333216895] [planner_server]: Planner loop missed its desired rate of 999999999.0000 Hz. Current loop rate is 100.0000 Hz
[component_container_isolated-2] [INFO] [1780120347.377025475] [controller_server]: Passing new path to controller.
[component_container_isolated-2] [WARN] [1780120348.353146017] [planner_server]: Planner loop missed its desired rate of 999999999.0000 Hz. Current loop rate is 100.0000 Hz
[component_container_isolated-2] [INFO] [1780120348.377262717] [controller_server]: Passing new path to controller.
[robot_mission_runner-4] [INFO] [1780120348.887487463] [robot_mission_runner]: Pose: (33.90, -50.35), Elapsed: 70s, ETA: 11s, Dist remaining: 16.95m
[component_container_isolated-2] [WARN] [1780120349.371234946] [planner_server]: Planner loop missed its desired rate of 999999999.0000 Hz. Current loop rate is 100.0000 Hz
[component_container_isolated-2] [INFO] [1780120349.410355577] [controller_server]: Passing new path to controller.
[component_container_isolated-2] [WARN] [1780120350.450718778] [planner_server]: Planner loop missed its desired rate of 999999999.0000 Hz. Current loop rate is 14.2857 Hz
[component_container_isolated-2] [INFO] [1780120350.477023918] [controller_server]: Passing new path to controller.
[component_container_isolated-2] [WARN] [1780120350.646190671] [controller_server]: Control loop missed its desired rate of 30.0000 Hz. Current loop rate is 33.3333 Hz.
[component_container_isolated-2] [WARN] [1780120351.470782093] [planner_server]: Planner loop missed its desired rate of 999999999.0000 Hz. Current loop rate is 100.0000 Hz
[component_container_isolated-2] [INFO] [1780120351.513004878] [controller_server]: Passing new path to controller.
[vlm_node-3] [INFO] [1780120352.049992132] [vlm_node]: Completed prompt: "Is this space too crowded by people or working machinery to move though safely? If so, respond only yes. Otherwise respond no." with response: False
[vlm_node-3] [INFO] [1780120352.050956644] [vlm_node]: VLM_QUERY|QueryBool|success|15.00|1|
[vlm_node-3] [INFO] [1780120352.057680899] [vlm_node]: Goal received with prompt: Are there any people visible in this scene? If so, respond only yes. Otherwise respond no.
[component_container_isolated-2] [INFO] [1780120352.546339025] [controller_server]: Passing new path to controller.
[component_container_isolated-2] [INFO] [1780120353.546348162] [controller_server]: Passing new path to controller.
[robot_mission_runner-4] [INFO] [1780120353.919402604] [robot_mission_runner]: Pose: (41.39, -49.57), Elapsed: 75s, ETA: 6s, Dist remaining: 9.51m
[component_container_isolated-2] [INFO] [1780120354.579675263] [controller_server]: Passing new path to controller.
[component_container_isolated-2] [WARN] [1780120355.560932024] [planner_server]: Planner loop missed its desired rate of 999999999.0000 Hz. Current loop rate is 100.0000 Hz
[component_container_isolated-2] [INFO] [1780120355.579680548] [controller_server]: Passing new path to controller.
[component_container_isolated-2] [WARN] [1780120356.590386295] [planner_server]: Planner loop missed its desired rate of 999999999.0000 Hz. Current loop rate is 100.0000 Hz
[component_container_isolated-2] [INFO] [1780120356.613008768] [controller_server]: Passing new path to controller.
[component_container_isolated-2] [WARN] [1780120357.049012953] [controller_server]: Control loop missed its desired rate of 30.0000 Hz. Current loop rate is 25.0000 Hz.
[component_container_isolated-2] [WARN] [1780120357.252933081] [controller_server]: Control loop missed its desired rate of 30.0000 Hz. Current loop rate is 25.0000 Hz.
[component_container_isolated-2] [WARN] [1780120357.359885445] [controller_server]: Control loop missed its desired rate of 30.0000 Hz. Current loop rate is 25.0000 Hz.
[component_container_isolated-2] [WARN] [1780120357.452895896] [controller_server]: Control loop missed its desired rate of 30.0000 Hz. Current loop rate is 16.6667 Hz.
[component_container_isolated-2] [WARN] [1780120357.558814654] [controller_server]: Control loop missed its desired rate of 30.0000 Hz. Current loop rate is 25.0000 Hz.
[component_container_isolated-2] [WARN] [1780120357.618681052] [planner_server]: Planner loop missed its desired rate of 999999999.0000 Hz. Current loop rate is 100.0000 Hz
[component_container_isolated-2] [WARN] [1780120357.644698569] [controller_server]: Control loop missed its desired rate of 30.0000 Hz. Current loop rate is 20.0000 Hz.
[component_container_isolated-2] [INFO] [1780120357.644753210] [controller_server]: Passing new path to controller.
[component_container_isolated-2] [INFO] [1780120358.678146229] [controller_server]: Passing new path to controller.
[robot_mission_runner-4] [INFO] [1780120358.936226974] [robot_mission_runner]: Pose: (48.16, -50.12), Elapsed: 80s, ETA: 2s, Dist remaining: 2.53m
[vlm_node-3] [INFO] [1780120359.260809289] [vlm_node]: Completed prompt: "Are there any people visible in this scene? If so, respond only yes. Otherwise respond no." with response: False
[vlm_node-3] [INFO] [1780120359.261338704] [vlm_node]: VLM_QUERY|QueryBool|success|7.20|1|
[vlm_node-3] [INFO] [1780120359.278021447] [vlm_node]: Goal received with prompt: Check if there are any small hazards on the ground that would cause harm to the robot if it navigated over it OR the area is blocked by large objects that make it impassable. If so respond only yes. Otherwise, respond no.
[component_container_isolated-2] [WARN] [1780120359.660230610] [planner_server]: Planner loop missed its desired rate of 999999999.0000 Hz. Current loop rate is 100.0000 Hz
[component_container_isolated-2] [INFO] [1780120359.678146319] [controller_server]: Passing new path to controller.
[component_container_isolated-2] [WARN] [1780120359.845299804] [controller_server]: Control loop missed its desired rate of 30.0000 Hz. Current loop rate is 33.3333 Hz.
[component_container_isolated-2] [WARN] [1780120360.688287240] [planner_server]: Planner loop missed its desired rate of 999999999.0000 Hz. Current loop rate is 100.0000 Hz
[component_container_isolated-2] [INFO] [1780120360.712118187] [controller_server]: Passing new path to controller.
[component_container_isolated-2] [WARN] [1780120361.709855513] [planner_server]: Planner loop missed its desired rate of 999999999.0000 Hz. Current loop rate is 100.0000 Hz
[component_container_isolated-2] [INFO] [1780120361.745468949] [controller_server]: Passing new path to controller.
[component_container_isolated-2] [WARN] [1780120362.750818228] [planner_server]: Planner loop missed its desired rate of 999999999.0000 Hz. Current loop rate is 50.0000 Hz
[component_container_isolated-2] [INFO] [1780120362.778782343] [controller_server]: Passing new path to controller.
[component_container_isolated-2] [WARN] [1780120363.047892153] [controller_server]: Control loop missed its desired rate of 30.0000 Hz. Current loop rate is 33.3333 Hz.
[component_container_isolated-2] [WARN] [1780120363.450096251] [controller_server]: Control loop missed its desired rate of 30.0000 Hz. Current loop rate is 33.3333 Hz.
[component_container_isolated-2] [INFO] [1780120363.816899395] [controller_server]: Passing new path to controller.
[component_container_isolated-2] [INFO] [1780120363.839081259] [controller_server]: Reached the goal!
[component_container_isolated-2] [INFO] [1780120363.839946935] [controller_server]: Optimizer reset
[component_container_isolated-2] [ERROR] [1780120363.878142315] [bt_navigator_navigate_to_pose_rclcpp_node]: Failed to get result for vlm_node/query_bool in node halt!
[component_container_isolated-2] [INFO] [1780120363.879463358] [bt_navigator]: Goal succeeded
[robot_mission_runner-4] [INFO] [1780120363.885188497] [robot_mission_runner]: Navigation result: SUCCEEDED
[robot_mission_runner-4] [INFO] [1780120373.886261076] [robot_mission_runner]: Navigating to drop, attempt 1/3...
[component_container_isolated-2] [INFO] [1780120373.886929680] [local_costmap.local_costmap]: Received request to clear entirely the local_costmap
[component_container_isolated-2] [INFO] [1780120373.894877936] [global_costmap.global_costmap]: Received request to clear entirely the global_costmap
[robot_mission_runner-4] [INFO] [1780120373.949102446] [robot_mission_runner]: Navigating to goal: -11.5 -27.17...
[component_container_isolated-2] [INFO] [1780120373.959642776] [bt_navigator]: Begin navigating from current location (50.03, -50.64) to (-11.50, -27.17)
[vlm_node-3] [INFO] [1780120373.962686623] [vlm_node]: Goal received with prompt: Check if there are any small hazards on the ground that would cause harm to the robot if it navigated over it OR the area is blocked by large objects that make it impassable. If so respond only yes. Otherwise, respond no.
[component_container_isolated-2] [WARN] [1780120374.654862326] [planner_server]: Planner loop missed its desired rate of 999999999.0000 Hz. Current loop rate is 1.4493 Hz
[component_container_isolated-2] [INFO] [1780120374.671040929] [controller_server]: Received a goal, begin computing control effort.
[component_container_isolated-2] [WARN] [1780120374.847048476] [controller_server]: Control loop missed its desired rate of 30.0000 Hz. Current loop rate is 25.0000 Hz.
[component_container_isolated-2] [WARN] [1780120374.961491126] [controller_server]: Control loop missed its desired rate of 30.0000 Hz. Current loop rate is 25.0000 Hz.
[component_container_isolated-2] [WARN] [1780120375.054272246] [controller_server]: Control loop missed its desired rate of 30.0000 Hz. Current loop rate is 16.6667 Hz.
[component_container_isolated-2] [WARN] [1780120375.705865259] [planner_server]: Planner loop missed its desired rate of 999999999.0000 Hz. Current loop rate is 25.0000 Hz
[component_container_isolated-2] [INFO] [1780120375.721061349] [controller_server]: Passing new path to controller.
[component_container_isolated-2] [WARN] [1780120375.869727518] [controller_server]: Control loop missed its desired rate of 30.0000 Hz. Current loop rate is 20.0000 Hz.
[component_container_isolated-2] [WARN] [1780120375.952612910] [controller_server]: Control loop missed its desired rate of 30.0000 Hz. Current loop rate is 25.0000 Hz.
[component_container_isolated-2] [WARN] [1780120376.053696949] [controller_server]: Control loop missed its desired rate of 30.0000 Hz. Current loop rate is 33.3333 Hz.
[component_container_isolated-2] [WARN] [1780120376.155575356] [controller_server]: Control loop missed its desired rate of 30.0000 Hz. Current loop rate is 33.3333 Hz.
[component_container_isolated-2] [WARN] [1780120376.457256420] [controller_server]: Control loop missed its desired rate of 30.0000 Hz. Current loop rate is 33.3333 Hz.
[component_container_isolated-2] [WARN] [1780120376.764105940] [planner_server]: Planner loop missed its desired rate of 999999999.0000 Hz. Current loop rate is 20.0000 Hz
[component_container_isolated-2] [INFO] [1780120376.791347721] [controller_server]: Passing new path to controller.
[component_container_isolated-2] [WARN] [1780120377.058764028] [controller_server]: Control loop missed its desired rate of 30.0000 Hz. Current loop rate is 33.3333 Hz.
[component_container_isolated-2] [WARN] [1780120377.136610055] [controller_server]: Control loop missed its desired rate of 30.0000 Hz. Current loop rate is 33.3333 Hz.
[component_container_isolated-2] [WARN] [1780120377.737709481] [controller_server]: Control loop missed its desired rate of 30.0000 Hz. Current loop rate is 33.3333 Hz.
[component_container_isolated-2] [WARN] [1780120377.823496991] [planner_server]: Planner loop missed its desired rate of 999999999.0000 Hz. Current loop rate is 20.0000 Hz
[component_container_isolated-2] [WARN] [1780120377.840363068] [controller_server]: Control loop missed its desired rate of 30.0000 Hz. Current loop rate is 33.3333 Hz.
[component_container_isolated-2] [INFO] [1780120377.873814215] [controller_server]: Passing new path to controller.
[component_container_isolated-2] [WARN] [1780120378.040981876] [controller_server]: Control loop missed its desired rate of 30.0000 Hz. Current loop rate is 33.3333 Hz.
[component_container_isolated-2] [WARN] [1780120378.141509954] [controller_server]: Control loop missed its desired rate of 30.0000 Hz. Current loop rate is 33.3333 Hz.
[component_container_isolated-2] [WARN] [1780120378.243242260] [controller_server]: Control loop missed its desired rate of 30.0000 Hz. Current loop rate is 33.3333 Hz.
[component_container_isolated-2] [WARN] [1780120378.886599547] [planner_server]: Planner loop missed its desired rate of 999999999.0000 Hz. Current loop rate is 20.0000 Hz
[component_container_isolated-2] [INFO] [1780120378.910061151] [controller_server]: Passing new path to controller.
[component_container_isolated-2] [WARN] [1780120378.945628680] [controller_server]: Control loop missed its desired rate of 30.0000 Hz. Current loop rate is 33.3333 Hz.
[component_container_isolated-2] [WARN] [1780120379.059022082] [controller_server]: Control loop missed its desired rate of 30.0000 Hz. Current loop rate is 33.3333 Hz.
[robot_mission_runner-4] [INFO] [1780120379.083217635] [robot_mission_runner]: Pose: (47.77, -49.67), Elapsed: 5s, ETA: 59s, Dist remaining: 79.50m
[component_container_isolated-2] [WARN] [1780120379.147738618] [controller_server]: Control loop missed its desired rate of 30.0000 Hz. Current loop rate is 25.0000 Hz.
[component_container_isolated-2] [WARN] [1780120379.259557062] [controller_server]: Control loop missed its desired rate of 30.0000 Hz. Current loop rate is 33.3333 Hz.
[component_container_isolated-2] [WARN] [1780120379.347809411] [controller_server]: Control loop missed its desired rate of 30.0000 Hz. Current loop rate is 25.0000 Hz.
[component_container_isolated-2] [WARN] [1780120379.456369228] [controller_server]: Control loop missed its desired rate of 30.0000 Hz. Current loop rate is 33.3333 Hz.
[component_container_isolated-2] [WARN] [1780120379.968822350] [planner_server]: Planner loop missed its desired rate of 999999999.0000 Hz. Current loop rate is 16.6667 Hz
[component_container_isolated-2] [INFO] [1780120379.989841977] [controller_server]: Passing new path to controller.
[component_container_isolated-2] [WARN] [1780120381.019325716] [planner_server]: Planner loop missed its desired rate of 999999999.0000 Hz. Current loop rate is 25.0000 Hz
[component_container_isolated-2] [INFO] [1780120381.023167764] [controller_server]: Passing new path to controller.
[component_container_isolated-2] [WARN] [1780120381.260765760] [controller_server]: Control loop missed its desired rate of 30.0000 Hz. Current loop rate is 33.3333 Hz.
[component_container_isolated-2] [WARN] [1780120381.347985598] [controller_server]: Control loop missed its desired rate of 30.0000 Hz. Current loop rate is 20.0000 Hz.
[component_container_isolated-2] [WARN] [1780120381.450035719] [controller_server]: Control loop missed its desired rate of 30.0000 Hz. Current loop rate is 33.3333 Hz.
[component_container_isolated-2] [WARN] [1780120381.755487218] [controller_server]: Control loop missed its desired rate of 30.0000 Hz. Current loop rate is 25.0000 Hz.
[component_container_isolated-2] [WARN] [1780120382.066170211] [planner_server]: Planner loop missed its desired rate of 999999999.0000 Hz. Current loop rate is 33.3333 Hz
[component_container_isolated-2] [INFO] [1780120382.088969469] [controller_server]: Passing new path to controller.
[component_container_isolated-2] [WARN] [1780120383.105737380] [planner_server]: Planner loop missed its desired rate of 999999999.0000 Hz. Current loop rate is 33.3333 Hz
[component_container_isolated-2] [INFO] [1780120383.122300401] [controller_server]: Passing new path to controller.
[robot_mission_runner-4] [INFO] [1780120384.100728492] [robot_mission_runner]: Pose: (40.29, -49.77), Elapsed: 10s, ETA: 47s, Dist remaining: 71.86m
[component_container_isolated-2] [WARN] [1780120384.178587558] [planner_server]: Planner loop missed its desired rate of 999999999.0000 Hz. Current loop rate is 20.0000 Hz
[component_container_isolated-2] [INFO] [1780120384.222295874] [controller_server]: Passing new path to controller.
[component_container_isolated-2] [WARN] [1780120384.322708783] [controller_server]: Control loop missed its desired rate of 30.0000 Hz. Current loop rate is 33.3333 Hz.
[component_container_isolated-2] [WARN] [1780120385.233311602] [planner_server]: Planner loop missed its desired rate of 999999999.0000 Hz. Current loop rate is 25.0000 Hz
[component_container_isolated-2] [INFO] [1780120385.256160970] [controller_server]: Passing new path to controller.
[component_container_isolated-2] [WARN] [1780120386.289317244] [planner_server]: Planner loop missed its desired rate of 999999999.0000 Hz. Current loop rate is 25.0000 Hz
[component_container_isolated-2] [INFO] [1780120386.322830149] [controller_server]: Passing new path to controller.
[component_container_isolated-2] [WARN] [1780120387.331791410] [planner_server]: Planner loop missed its desired rate of 999999999.0000 Hz. Current loop rate is 33.3333 Hz
[component_container_isolated-2] [INFO] [1780120387.356164577] [controller_server]: Passing new path to controller.
[component_container_isolated-2] [WARN] [1780120388.393699313] [planner_server]: Planner loop missed its desired rate of 999999999.0000 Hz. Current loop rate is 25.0000 Hz
[component_container_isolated-2] [INFO] [1780120388.422831624] [controller_server]: Passing new path to controller.
[component_container_isolated-2] [WARN] [1780120388.864588063] [controller_server]: Control loop missed its desired rate of 30.0000 Hz. Current loop rate is 25.0000 Hz.
[robot_mission_runner-4] [INFO] [1780120389.123757965] [robot_mission_runner]: Pose: (32.79, -50.38), Elapsed: 15s, ETA: 42s, Dist remaining: 64.20m
[component_container_isolated-2] [WARN] [1780120389.464066519] [planner_server]: Planner loop missed its desired rate of 999999999.0000 Hz. Current loop rate is 20.0000 Hz
[component_container_isolated-2] [INFO] [1780120389.498066437] [controller_server]: Passing new path to controller.
[component_container_isolated-2] [WARN] [1780120390.137464209] [controller_server]: Control loop missed its desired rate of 30.0000 Hz. Current loop rate is 25.0000 Hz.
[component_container_isolated-2] [WARN] [1780120390.514431679] [planner_server]: Planner loop missed its desired rate of 999999999.0000 Hz. Current loop rate is 25.0000 Hz
[component_container_isolated-2] [INFO] [1780120390.537589955] [controller_server]: Passing new path to controller.
[component_container_isolated-2] [WARN] [1780120391.559848333] [planner_server]: Planner loop missed its desired rate of 999999999.0000 Hz. Current loop rate is 33.3333 Hz
[component_container_isolated-2] [INFO] [1780120391.604250878] [controller_server]: Passing new path to controller.
[component_container_isolated-2] [WARN] [1780120391.641656313] [controller_server]: Control loop missed its desired rate of 30.0000 Hz. Current loop rate is 33.3333 Hz.
[component_container_isolated-2] [WARN] [1780120391.842296254] [controller_server]: Control loop missed its desired rate of 30.0000 Hz. Current loop rate is 33.3333 Hz.
[component_container_isolated-2] [WARN] [1780120392.618365179] [planner_server]: Planner loop missed its desired rate of 999999999.0000 Hz. Current loop rate is 33.3333 Hz
[component_container_isolated-2] [INFO] [1780120392.642450725] [controller_server]: Passing new path to controller.
[component_container_isolated-2] [WARN] [1780120393.676596187] [planner_server]: Planner loop missed its desired rate of 999999999.0000 Hz. Current loop rate is 25.0000 Hz
[component_container_isolated-2] [INFO] [1780120393.709118759] [controller_server]: Passing new path to controller.
[robot_mission_runner-4] [INFO] [1780120394.142044339] [robot_mission_runner]: Pose: (25.27, -50.38), Elapsed: 20s, ETA: 37s, Dist remaining: 56.85m
[component_container_isolated-2] [WARN] [1780120394.721143477] [planner_server]: Planner loop missed its desired rate of 999999999.0000 Hz. Current loop rate is 33.3333 Hz
[component_container_isolated-2] [INFO] [1780120394.742446507] [controller_server]: Passing new path to controller.
[component_container_isolated-2] [WARN] [1780120395.776292960] [planner_server]: Planner loop missed its desired rate of 999999999.0000 Hz. Current loop rate is 25.0000 Hz
[component_container_isolated-2] [INFO] [1780120395.809108923] [controller_server]: Passing new path to controller.
[component_container_isolated-2] [WARN] [1780120396.816511344] [planner_server]: Planner loop missed its desired rate of 999999999.0000 Hz. Current loop rate is 33.3333 Hz
[component_container_isolated-2] [INFO] [1780120396.842445299] [controller_server]: Passing new path to controller.
[component_container_isolated-2] [WARN] [1780120397.866605213] [planner_server]: Planner loop missed its desired rate of 999999999.0000 Hz. Current loop rate is 33.3333 Hz
[component_container_isolated-2] [INFO] [1780120397.909119899] [controller_server]: Passing new path to controller.
[component_container_isolated-2] [WARN] [1780120398.971099771] [planner_server]: Planner loop missed its desired rate of 999999999.0000 Hz. Current loop rate is 12.5000 Hz
[component_container_isolated-2] [INFO] [1780120399.009113888] [controller_server]: Passing new path to controller.
[robot_mission_runner-4] [INFO] [1780120399.166342006] [robot_mission_runner]: Pose: (17.73, -50.40), Elapsed: 25s, ETA: 33s, Dist remaining: 49.65m
[component_container_isolated-2] [WARN] [1780120400.028768859] [planner_server]: Planner loop missed its desired rate of 999999999.0000 Hz. Current loop rate is 33.3333 Hz
[component_container_isolated-2] [INFO] [1780120400.042444591] [controller_server]: Passing new path to controller.
[component_container_isolated-2] [WARN] [1780120400.742657040] [controller_server]: Control loop missed its desired rate of 30.0000 Hz. Current loop rate is 33.3333 Hz.
[component_container_isolated-2] [WARN] [1780120401.045079691] [controller_server]: Control loop missed its desired rate of 30.0000 Hz. Current loop rate is 33.3333 Hz.
[component_container_isolated-2] [WARN] [1780120401.080165037] [planner_server]: Planner loop missed its desired rate of 999999999.0000 Hz. Current loop rate is 25.0000 Hz
[component_container_isolated-2] [INFO] [1780120401.111881008] [controller_server]: Passing new path to controller.
[component_container_isolated-2] [WARN] [1780120401.149623049] [controller_server]: Control loop missed its desired rate of 30.0000 Hz. Current loop rate is 33.3333 Hz.
[component_container_isolated-2] [WARN] [1780120401.251071864] [controller_server]: Control loop missed its desired rate of 30.0000 Hz. Current loop rate is 33.3333 Hz.
[component_container_isolated-2] [WARN] [1780120401.757335832] [controller_server]: Control loop missed its desired rate of 30.0000 Hz. Current loop rate is 25.0000 Hz.
[component_container_isolated-2] [WARN] [1780120401.862852702] [controller_server]: Control loop missed its desired rate of 30.0000 Hz. Current loop rate is 33.3333 Hz.
[component_container_isolated-2] [WARN] [1780120401.940412322] [controller_server]: Control loop missed its desired rate of 30.0000 Hz. Current loop rate is 25.0000 Hz.
[component_container_isolated-2] [WARN] [1780120402.045079434] [controller_server]: Control loop missed its desired rate of 30.0000 Hz. Current loop rate is 33.3333 Hz.
[component_container_isolated-2] [WARN] [1780120402.138415948] [planner_server]: Planner loop missed its desired rate of 999999999.0000 Hz. Current loop rate is 33.3333 Hz
[component_container_isolated-2] [WARN] [1780120402.150313085] [controller_server]: Control loop missed its desired rate of 30.0000 Hz. Current loop rate is 33.3333 Hz.
[component_container_isolated-2] [INFO] [1780120402.183774835] [controller_server]: Passing new path to controller.
[component_container_isolated-2] [WARN] [1780120402.255414065] [controller_server]: Control loop missed its desired rate of 30.0000 Hz. Current loop rate is 33.3333 Hz.
[component_container_isolated-2] [WARN] [1780120402.360841209] [controller_server]: Control loop missed its desired rate of 30.0000 Hz. Current loop rate is 25.0000 Hz.
[component_container_isolated-2] [WARN] [1780120402.440131550] [controller_server]: Control loop missed its desired rate of 30.0000 Hz. Current loop rate is 25.0000 Hz.
[component_container_isolated-2] [WARN] [1780120403.199714386] [planner_server]: Planner loop missed its desired rate of 999999999.0000 Hz. Current loop rate is 25.0000 Hz
[component_container_isolated-2] [INFO] [1780120403.240262284] [controller_server]: Passing new path to controller.
[robot_mission_runner-4] [INFO] [1780120404.195608294] [robot_mission_runner]: Pose: (10.18, -50.40), Elapsed: 30s, ETA: 27s, Dist remaining: 41.77m
[component_container_isolated-2] [WARN] [1780120404.272982797] [planner_server]: Planner loop missed its desired rate of 999999999.0000 Hz. Current loop rate is 20.0000 Hz
[component_container_isolated-2] [INFO] [1780120404.307232773] [controller_server]: Passing new path to controller.
[component_container_isolated-2] [WARN] [1780120405.317493958] [planner_server]: Planner loop missed its desired rate of 999999999.0000 Hz. Current loop rate is 33.3333 Hz
[component_container_isolated-2] [INFO] [1780120405.340262318] [controller_server]: Passing new path to controller.
[component_container_isolated-2] [WARN] [1780120406.350322586] [planner_server]: Planner loop missed its desired rate of 999999999.0000 Hz. Current loop rate is 50.0000 Hz
[component_container_isolated-2] [INFO] [1780120406.373610408] [controller_server]: Passing new path to controller.
[component_container_isolated-2] [WARN] [1780120407.425982410] [planner_server]: Planner loop missed its desired rate of 999999999.0000 Hz. Current loop rate is 16.6667 Hz
[component_container_isolated-2] [INFO] [1780120407.473592446] [controller_server]: Passing new path to controller.
[component_container_isolated-2] [WARN] [1780120407.773663095] [controller_server]: Control loop missed its desired rate of 30.0000 Hz. Current loop rate is 33.3333 Hz.
[component_container_isolated-2] [WARN] [1780120407.876373442] [controller_server]: Control loop missed its desired rate of 30.0000 Hz. Current loop rate is 25.0000 Hz.
[component_container_isolated-2] [WARN] [1780120408.477216680] [planner_server]: Planner loop missed its desired rate of 999999999.0000 Hz. Current loop rate is 33.3333 Hz
[component_container_isolated-2] [INFO] [1780120408.510672175] [controller_server]: Passing new path to controller.
[robot_mission_runner-4] [INFO] [1780120409.212191820] [robot_mission_runner]: Pose: (2.67, -50.23), Elapsed: 35s, ETA: 22s, Dist remaining: 34.16m
[component_container_isolated-2] [WARN] [1780120409.523223038] [planner_server]: Planner loop missed its desired rate of 999999999.0000 Hz. Current loop rate is 33.3333 Hz
[component_container_isolated-2] [INFO] [1780120409.543555674] [controller_server]: Passing new path to controller.
[component_container_isolated-2] [WARN] [1780120410.578214298] [planner_server]: Planner loop missed its desired rate of 999999999.0000 Hz. Current loop rate is 25.0000 Hz
[component_container_isolated-2] [INFO] [1780120410.610218385] [controller_server]: Passing new path to controller.
[component_container_isolated-2] [WARN] [1780120411.600936145] [planner_server]: Planner loop missed its desired rate of 999999999.0000 Hz. Current loop rate is 50.0000 Hz
[component_container_isolated-2] [INFO] [1780120411.643553467] [controller_server]: Passing new path to controller.
[component_container_isolated-2] [WARN] [1780120412.654351075] [planner_server]: Planner loop missed its desired rate of 999999999.0000 Hz. Current loop rate is 33.3333 Hz
[component_container_isolated-2] [INFO] [1780120412.676890539] [controller_server]: Passing new path to controller.
[component_container_isolated-2] [WARN] [1780120413.691799939] [planner_server]: Planner loop missed its desired rate of 999999999.0000 Hz. Current loop rate is 50.0000 Hz
[component_container_isolated-2] [INFO] [1780120413.743564223] [controller_server]: Passing new path to controller.
[robot_mission_runner-4] [INFO] [1780120414.229325514] [robot_mission_runner]: Pose: (-4.83, -50.21), Elapsed: 40s, ETA: 17s, Dist remaining: 26.38m
[component_container_isolated-2] [WARN] [1780120414.726077984] [planner_server]: Planner loop missed its desired rate of 999999999.0000 Hz. Current loop rate is 50.0000 Hz
[component_container_isolated-2] [INFO] [1780120414.743558111] [controller_server]: Passing new path to controller.
[component_container_isolated-2] [WARN] [1780120415.768918235] [planner_server]: Planner loop missed its desired rate of 999999999.0000 Hz. Current loop rate is 100.0000 Hz
[component_container_isolated-2] [INFO] [1780120415.810231087] [controller_server]: Passing new path to controller.
[component_container_isolated-2] [WARN] [1780120416.800904463] [planner_server]: Planner loop missed its desired rate of 999999999.0000 Hz. Current loop rate is 100.0000 Hz
[component_container_isolated-2] [INFO] [1780120416.843551941] [controller_server]: Passing new path to controller.
[component_container_isolated-2] [WARN] [1780120417.745757906] [controller_server]: Control loop missed its desired rate of 30.0000 Hz. Current loop rate is 25.0000 Hz.
[component_container_isolated-2] [WARN] [1780120417.840602798] [planner_server]: Planner loop missed its desired rate of 999999999.0000 Hz. Current loop rate is 100.0000 Hz
[component_container_isolated-2] [WARN] [1780120417.851998204] [controller_server]: Control loop missed its desired rate of 30.0000 Hz. Current loop rate is 25.0000 Hz.
[component_container_isolated-2] [INFO] [1780120417.885449139] [controller_server]: Passing new path to controller.
[component_container_isolated-2] [WARN] [1780120417.961053628] [controller_server]: Control loop missed its desired rate of 30.0000 Hz. Current loop rate is 25.0000 Hz.
[component_container_isolated-2] [WARN] [1780120418.044058370] [controller_server]: Control loop missed its desired rate of 30.0000 Hz. Current loop rate is 20.0000 Hz.
[component_container_isolated-2] [WARN] [1780120418.246641205] [controller_server]: Control loop missed its desired rate of 30.0000 Hz. Current loop rate is 25.0000 Hz.
[component_container_isolated-2] [WARN] [1780120418.455663005] [controller_server]: Control loop missed its desired rate of 30.0000 Hz. Current loop rate is 20.0000 Hz.
[component_container_isolated-2] [WARN] [1780120418.663712746] [controller_server]: Control loop missed its desired rate of 30.0000 Hz. Current loop rate is 25.0000 Hz.
[component_container_isolated-2] [WARN] [1780120418.733288182] [controller_server]: Control loop missed its desired rate of 30.0000 Hz. Current loop rate is 33.3333 Hz.
[component_container_isolated-2] [WARN] [1780120418.837913977] [controller_server]: Control loop missed its desired rate of 30.0000 Hz. Current loop rate is 25.0000 Hz.
[component_container_isolated-2] [WARN] [1780120418.885490943] [planner_server]: Planner loop missed its desired rate of 999999999.0000 Hz. Current loop rate is 50.0000 Hz
[component_container_isolated-2] [INFO] [1780120418.904720708] [controller_server]: Passing new path to controller.
[component_container_isolated-2] [WARN] [1780120418.939298903] [controller_server]: Control loop missed its desired rate of 30.0000 Hz. Current loop rate is 25.0000 Hz.
[component_container_isolated-2] [WARN] [1780120419.047896638] [controller_server]: Control loop missed its desired rate of 30.0000 Hz. Current loop rate is 25.0000 Hz.
[component_container_isolated-2] [WARN] [1780120419.248269819] [controller_server]: Control loop missed its desired rate of 30.0000 Hz. Current loop rate is 25.0000 Hz.
[robot_mission_runner-4] [INFO] [1780120419.248733103] [robot_mission_runner]: Pose: (-10.34, -45.80), Elapsed: 45s, ETA: 12s, Dist remaining: 18.88m
[component_container_isolated-2] [WARN] [1780120419.351291744] [controller_server]: Control loop missed its desired rate of 30.0000 Hz. Current loop rate is 25.0000 Hz.
[component_container_isolated-2] [WARN] [1780120419.458248000] [controller_server]: Control loop missed its desired rate of 30.0000 Hz. Current loop rate is 25.0000 Hz.
[component_container_isolated-2] [WARN] [1780120419.562487867] [controller_server]: Control loop missed its desired rate of 30.0000 Hz. Current loop rate is 25.0000 Hz.
[component_container_isolated-2] [WARN] [1780120419.649258672] [controller_server]: Control loop missed its desired rate of 30.0000 Hz. Current loop rate is 20.0000 Hz.
[component_container_isolated-2] [WARN] [1780120419.957877814] [planner_server]: Planner loop missed its desired rate of 999999999.0000 Hz. Current loop rate is 20.0000 Hz
[component_container_isolated-2] [INFO] [1780120419.982748033] [controller_server]: Passing new path to controller.
[component_container_isolated-2] [WARN] [1780120420.149530182] [controller_server]: Control loop missed its desired rate of 30.0000 Hz. Current loop rate is 33.3333 Hz.
[component_container_isolated-2] [WARN] [1780120420.982561041] [planner_server]: Planner loop missed its desired rate of 999999999.0000 Hz. Current loop rate is 100.0000 Hz
[component_container_isolated-2] [INFO] [1780120421.016339561] [controller_server]: Passing new path to controller.
[component_container_isolated-2] [WARN] [1780120422.019362888] [planner_server]: Planner loop missed its desired rate of 999999999.0000 Hz. Current loop rate is 100.0000 Hz
[component_container_isolated-2] [INFO] [1780120422.049653870] [controller_server]: Passing new path to controller.
[component_container_isolated-2] [WARN] [1780120423.031219980] [planner_server]: Planner loop missed its desired rate of 999999999.0000 Hz. Current loop rate is 100.0000 Hz
[component_container_isolated-2] [INFO] [1780120423.049657625] [controller_server]: Passing new path to controller.
[component_container_isolated-2] [WARN] [1780120423.250443665] [controller_server]: Control loop missed its desired rate of 30.0000 Hz. Current loop rate is 33.3333 Hz.
[component_container_isolated-2] [WARN] [1780120423.856267757] [controller_server]: Control loop missed its desired rate of 30.0000 Hz. Current loop rate is 25.0000 Hz.
[component_container_isolated-2] [WARN] [1780120424.059453858] [planner_server]: Planner loop missed its desired rate of 999999999.0000 Hz. Current loop rate is 100.0000 Hz
[component_container_isolated-2] [INFO] [1780120424.090339275] [controller_server]: Passing new path to controller.
[robot_mission_runner-4] [INFO] [1780120424.266414819] [robot_mission_runner]: Pose: (-10.48, -38.28), Elapsed: 50s, ETA: 7s, Dist remaining: 11.37m
[component_container_isolated-2] [WARN] [1780120425.079862604] [planner_server]: Planner loop missed its desired rate of 999999999.0000 Hz. Current loop rate is 100.0000 Hz
[component_container_isolated-2] [INFO] [1780120425.090304295] [controller_server]: Passing new path to controller.
[component_container_isolated-2] [WARN] [1780120426.068595640] [controller_server]: Control loop missed its desired rate of 30.0000 Hz. Current loop rate is 25.0000 Hz.
[component_container_isolated-2] [WARN] [1780120426.102113112] [planner_server]: Planner loop missed its desired rate of 999999999.0000 Hz. Current loop rate is 100.0000 Hz
[component_container_isolated-2] [INFO] [1780120426.135447771] [controller_server]: Passing new path to controller.
[component_container_isolated-2] [WARN] [1780120426.243003655] [controller_server]: Control loop missed its desired rate of 30.0000 Hz. Current loop rate is 25.0000 Hz.
[component_container_isolated-2] [WARN] [1780120426.348077334] [controller_server]: Control loop missed its desired rate of 30.0000 Hz. Current loop rate is 25.0000 Hz.
[component_container_isolated-2] [WARN] [1780120426.758987287] [controller_server]: Control loop missed its desired rate of 30.0000 Hz. Current loop rate is 25.0000 Hz.
[component_container_isolated-2] [WARN] [1780120426.848853382] [controller_server]: Control loop missed its desired rate of 30.0000 Hz. Current loop rate is 16.6667 Hz.
[component_container_isolated-2] [WARN] [1780120427.049715322] [controller_server]: Control loop missed its desired rate of 30.0000 Hz. Current loop rate is 33.3333 Hz.
[component_container_isolated-2] [WARN] [1780120427.137315071] [planner_server]: Planner loop missed its desired rate of 999999999.0000 Hz. Current loop rate is 100.0000 Hz
[component_container_isolated-2] [WARN] [1780120427.155627426] [controller_server]: Control loop missed its desired rate of 30.0000 Hz. Current loop rate is 33.3333 Hz.
[component_container_isolated-2] [INFO] [1780120427.155733420] [controller_server]: Passing new path to controller.
[component_container_isolated-2] [WARN] [1780120427.269706675] [controller_server]: Control loop missed its desired rate of 30.0000 Hz. Current loop rate is 25.0000 Hz.
[component_container_isolated-2] [WARN] [1780120427.353472541] [controller_server]: Control loop missed its desired rate of 30.0000 Hz. Current loop rate is 20.0000 Hz.
[component_container_isolated-2] [WARN] [1780120427.453717656] [controller_server]: Control loop missed its desired rate of 30.0000 Hz. Current loop rate is 33.3333 Hz.
[component_container_isolated-2] [WARN] [1780120427.760893201] [controller_server]: Control loop missed its desired rate of 30.0000 Hz. Current loop rate is 25.0000 Hz.
[component_container_isolated-2] [WARN] [1780120427.844638524] [controller_server]: Control loop missed its desired rate of 30.0000 Hz. Current loop rate is 20.0000 Hz.
[component_container_isolated-2] [WARN] [1780120428.175783900] [planner_server]: Planner loop missed its desired rate of 999999999.0000 Hz. Current loop rate is 100.0000 Hz
[component_container_isolated-2] [INFO] [1780120428.211493643] [controller_server]: Passing new path to controller.
[component_container_isolated-2] [WARN] [1780120428.457257510] [controller_server]: Control loop missed its desired rate of 30.0000 Hz. Current loop rate is 20.0000 Hz.
[component_container_isolated-2] [WARN] [1780120428.563498003] [controller_server]: Control loop missed its desired rate of 30.0000 Hz. Current loop rate is 25.0000 Hz.
[component_container_isolated-2] [WARN] [1780120428.635098544] [controller_server]: Control loop missed its desired rate of 30.0000 Hz. Current loop rate is 33.3333 Hz.
[component_container_isolated-2] [WARN] [1780120428.743978087] [controller_server]: Control loop missed its desired rate of 30.0000 Hz. Current loop rate is 25.0000 Hz.
[component_container_isolated-2] [WARN] [1780120428.855537863] [controller_server]: Control loop missed its desired rate of 30.0000 Hz. Current loop rate is 20.0000 Hz.
[component_container_isolated-2] [WARN] [1780120428.969609986] [controller_server]: Control loop missed its desired rate of 30.0000 Hz. Current loop rate is 20.0000 Hz.
[component_container_isolated-2] [WARN] [1780120429.054639817] [controller_server]: Control loop missed its desired rate of 30.0000 Hz. Current loop rate is 20.0000 Hz.
[component_container_isolated-2] [WARN] [1780120429.206835902] [planner_server]: Planner loop missed its desired rate of 999999999.0000 Hz. Current loop rate is 100.0000 Hz
[component_container_isolated-2] [INFO] [1780120429.221446843] [controller_server]: Passing new path to controller.
[robot_mission_runner-4] [INFO] [1780120429.292332230] [robot_mission_runner]: Pose: (-10.48, -30.74), Elapsed: 55s, ETA: 2s, Dist remaining: 3.76m
[component_container_isolated-2] [WARN] [1780120429.664972098] [controller_server]: Control loop missed its desired rate of 30.0000 Hz. Current loop rate is 25.0000 Hz.
[component_container_isolated-2] [WARN] [1780120429.754719640] [controller_server]: Control loop missed its desired rate of 30.0000 Hz. Current loop rate is 20.0000 Hz.
[component_container_isolated-2] [WARN] [1780120430.240947465] [planner_server]: Planner loop missed its desired rate of 999999999.0000 Hz. Current loop rate is 100.0000 Hz
[component_container_isolated-2] [WARN] [1780120430.260126844] [controller_server]: Control loop missed its desired rate of 30.0000 Hz. Current loop rate is 25.0000 Hz.
[component_container_isolated-2] [INFO] [1780120430.293606434] [controller_server]: Passing new path to controller.
[component_container_isolated-2] [WARN] [1780120430.346709667] [controller_server]: Control loop missed its desired rate of 30.0000 Hz. Current loop rate is 16.6667 Hz.
[component_container_isolated-2] [INFO] [1780120431.313496532] [controller_server]: Passing new path to controller.
[component_container_isolated-2] [WARN] [1780120431.852813576] [controller_server]: Control loop missed its desired rate of 30.0000 Hz. Current loop rate is 25.0000 Hz.
[component_container_isolated-2] [INFO] [1780120432.319634423] [controller_server]: Passing new path to controller.
[component_container_isolated-2] [INFO] [1780120432.942050563] [controller_server]: Reached the goal!
[component_container_isolated-2] [INFO] [1780120432.942552356] [controller_server]: Optimizer reset
[component_container_isolated-2] [ERROR] [1780120432.983112046] [bt_navigator_navigate_to_pose_rclcpp_node]: Failed to get result for vlm_node/query_bool in node halt!
[component_container_isolated-2] [INFO] [1780120432.983542403] [bt_navigator]: Goal succeeded
[robot_mission_runner-4] [INFO] [1780120433.016132536] [robot_mission_runner]: Navigation result: SUCCEEDED
[robot_mission_runner-4] [INFO] [1780120443.016887488] [robot_mission_runner]: Mission 3 completed.
[robot_mission_runner-4] [INFO] [1780120443.017316668] [robot_mission_runner]: Picking from {'x': 38.1, 'y': -60.0, 'yaw': 3.1416}, dropping at {'x': -33.5, 'y': -22.4, 'yaw': -1.5708}...
[robot_mission_runner-4] [INFO] [1780120443.017529027] [robot_mission_runner]: Navigating to pick, attempt 1/3...
[component_container_isolated-2] [INFO] [1780120443.018971896] [local_costmap.local_costmap]: Received request to clear entirely the local_costmap
[component_container_isolated-2] [INFO] [1780120443.041087412] [global_costmap.global_costmap]: Received request to clear entirely the global_costmap
[robot_mission_runner-4] [INFO] [1780120443.070806581] [robot_mission_runner]: Navigating to goal: 38.1 -60.0...
[component_container_isolated-2] [INFO] [1780120443.073137330] [bt_navigator]: Begin navigating from current location (-11.47, -27.20) to (38.10, -60.00)
[vlm_node-3] [INFO] [1780120443.081245324] [vlm_node]: Goal received with prompt: Check if there are any small hazards on the ground that would cause harm to the robot if it navigated over it OR the area is blocked by large objects that make it impassable. If so respond only yes. Otherwise, respond no.
[robot_mission_runner-4] [INFO] [1780120448.201788684] [robot_mission_runner]: Pose: (-11.47, -27.20), Elapsed: 5s, ETA: 0s, Dist remaining: 0.00m
[component_container_isolated-2] [WARN] [1780120448.757295993] [planner_server]: Planner loop missed its desired rate of 999999999.0000 Hz. Current loop rate is 0.1761 Hz
[component_container_isolated-2] [INFO] [1780120448.778791978] [controller_server]: Received a goal, begin computing control effort.
[vlm_node-3] [WARN] [1780120450.634734768] [vlm_node]: VLM request failed on attempt 1: Request timed out.
[vlm_node-3] [INFO] [1780120450.635501680] [vlm_node]: VLM_QUERY|QueryBool|error|91.36|1|Request timed out.
[robot_mission_runner-4] [INFO] [1780120453.219948036] [robot_mission_runner]: Pose: (-11.38, -27.96), Elapsed: 10s, ETA: 632s, Dist remaining: 74.64m
[component_container_isolated-2] [WARN] [1780120455.248190113] [controller_server]: Control loop missed its desired rate of 30.0000 Hz. Current loop rate is 25.0000 Hz.
[component_container_isolated-2] [WARN] [1780120455.471187503] [planner_server]: Planner loop missed its desired rate of 999999999.0000 Hz. Current loop rate is 0.1761 Hz
[component_container_isolated-2] [INFO] [1780120455.515104426] [controller_server]: Passing new path to controller.
[component_container_isolated-2] [WARN] [1780120455.853764928] [controller_server]: Control loop missed its desired rate of 30.0000 Hz. Current loop rate is 25.0000 Hz.
[component_container_isolated-2] [WARN] [1780120455.966473909] [controller_server]: Control loop missed its desired rate of 30.0000 Hz. Current loop rate is 25.0000 Hz.
[component_container_isolated-2] [WARN] [1780120456.057521205] [controller_server]: Control loop missed its desired rate of 30.0000 Hz. Current loop rate is 20.0000 Hz.
[component_container_isolated-2] [WARN] [1780120456.160641156] [controller_server]: Control loop missed its desired rate of 30.0000 Hz. Current loop rate is 25.0000 Hz.
[component_container_isolated-2] [WARN] [1780120456.245140233] [controller_server]: Control loop missed its desired rate of 30.0000 Hz. Current loop rate is 20.0000 Hz.
[component_container_isolated-2] [WARN] [1780120456.353440830] [controller_server]: Control loop missed its desired rate of 30.0000 Hz. Current loop rate is 25.0000 Hz.
[component_container_isolated-2] [WARN] [1780120456.457628768] [controller_server]: Control loop missed its desired rate of 30.0000 Hz. Current loop rate is 33.3333 Hz.
[component_container_isolated-2] [WARN] [1780120456.564958006] [controller_server]: Control loop missed its desired rate of 30.0000 Hz. Current loop rate is 25.0000 Hz.
[component_container_isolated-2] [WARN] [1780120456.646603861] [controller_server]: Control loop missed its desired rate of 30.0000 Hz. Current loop rate is 20.0000 Hz.
[component_container_isolated-2] [WARN] [1780120456.954036445] [controller_server]: Control loop missed its desired rate of 30.0000 Hz. Current loop rate is 25.0000 Hz.
[component_container_isolated-2] [WARN] [1780120457.162455229] [controller_server]: Control loop missed its desired rate of 30.0000 Hz. Current loop rate is 25.0000 Hz.
[component_container_isolated-2] [WARN] [1780120457.239659565] [controller_server]: Control loop missed its desired rate of 30.0000 Hz. Current loop rate is 20.0000 Hz.
[component_container_isolated-2] [WARN] [1780120457.348031853] [controller_server]: Control loop missed its desired rate of 30.0000 Hz. Current loop rate is 25.0000 Hz.
[component_container_isolated-2] [WARN] [1780120457.448221765] [controller_server]: Control loop missed its desired rate of 30.0000 Hz. Current loop rate is 33.3333 Hz.
[component_container_isolated-2] [WARN] [1780120457.552596023] [controller_server]: Control loop missed its desired rate of 30.0000 Hz. Current loop rate is 25.0000 Hz.
[component_container_isolated-2] [WARN] [1780120457.841585689] [planner_server]: Planner loop missed its desired rate of 999999999.0000 Hz. Current loop rate is 0.7407 Hz
[component_container_isolated-2] [INFO] [1780120457.852736238] [controller_server]: Passing new path to controller.
[robot_mission_runner-4] [INFO] [1780120458.240046270] [robot_mission_runner]: Pose: (-10.38, -28.96), Elapsed: 15s, ETA: 76s, Dist remaining: 71.31m
[component_container_isolated-2] [WARN] [1780120459.052931088] [controller_server]: Control loop missed its desired rate of 30.0000 Hz. Current loop rate is 50.0000 Hz.
[component_container_isolated-2] [WARN] [1780120459.156178004] [controller_server]: Control loop missed its desired rate of 30.0000 Hz. Current loop rate is 33.3333 Hz.
[component_container_isolated-2] [WARN] [1780120459.275674377] [controller_server]: Control loop missed its desired rate of 30.0000 Hz. Current loop rate is 20.0000 Hz.
[component_container_isolated-2] [WARN] [1780120459.355456236] [controller_server]: Control loop missed its desired rate of 30.0000 Hz. Current loop rate is 20.0000 Hz.
[component_container_isolated-2] [WARN] [1780120459.461881387] [controller_server]: Control loop missed its desired rate of 30.0000 Hz. Current loop rate is 25.0000 Hz.
[component_container_isolated-2] [WARN] [1780120459.531850257] [controller_server]: Control loop missed its desired rate of 30.0000 Hz. Current loop rate is 25.0000 Hz.
[component_container_isolated-2] [WARN] [1780120459.635005885] [controller_server]: Control loop missed its desired rate of 30.0000 Hz. Current loop rate is 33.3333 Hz.
[component_container_isolated-2] [WARN] [1780120459.737223039] [controller_server]: Control loop missed its desired rate of 30.0000 Hz. Current loop rate is 33.3333 Hz.
[component_container_isolated-2] [WARN] [1780120459.823928133] [planner_server]: Planner loop missed its desired rate of 999999999.0000 Hz. Current loop rate is 1.0309 Hz
[component_container_isolated-2] [INFO] [1780120459.870682938] [controller_server]: Passing new path to controller.
[component_container_isolated-2] [WARN] [1780120460.238162932] [controller_server]: Control loop missed its desired rate of 30.0000 Hz. Current loop rate is 33.3333 Hz.
[component_container_isolated-2] [WARN] [1780120460.358188305] [controller_server]: Control loop missed its desired rate of 30.0000 Hz. Current loop rate is 20.0000 Hz.
[component_container_isolated-2] [WARN] [1780120460.740235572] [controller_server]: Control loop missed its desired rate of 30.0000 Hz. Current loop rate is 20.0000 Hz.
[component_container_isolated-2] [WARN] [1780120460.950793053] [controller_server]: Control loop missed its desired rate of 30.0000 Hz. Current loop rate is 20.0000 Hz.
[component_container_isolated-2] [WARN] [1780120461.252301326] [controller_server]: Control loop missed its desired rate of 30.0000 Hz. Current loop rate is 25.0000 Hz.
[component_container_isolated-2] [WARN] [1780120462.947794614] [planner_server]: Planner loop missed its desired rate of 999999999.0000 Hz. Current loop rate is 0.4762 Hz
[component_container_isolated-2] [INFO] [1780120462.985848333] [controller_server]: Passing new path to controller.
[robot_mission_runner-4] [INFO] [1780120463.263100061] [robot_mission_runner]: Pose: (-10.47, -36.14), Elapsed: 20s, ETA: 42s, Dist remaining: 64.24m
[component_container_isolated-2] [WARN] [1780120463.961433351] [controller_server]: Control loop missed its desired rate of 30.0000 Hz. Current loop rate is 25.0000 Hz.
[component_container_isolated-2] [WARN] [1780120464.045677151] [controller_server]: Control loop missed its desired rate of 30.0000 Hz. Current loop rate is 20.0000 Hz.
[vlm_node-3] [WARN] [1780120465.382212909] [vlm_node]: VLM request failed on attempt 1: Request timed out.
[vlm_node-3] [INFO] [1780120465.382774417] [vlm_node]: VLM_QUERY|QueryBool|error|91.42|1|Request timed out.
[component_container_isolated-2] [WARN] [1780120466.097812338] [planner_server]: Planner loop missed its desired rate of 999999999.0000 Hz. Current loop rate is 0.4695 Hz
[component_container_isolated-2] [INFO] [1780120466.145818993] [controller_server]: Passing new path to controller.
[robot_mission_runner-4] [INFO] [1780120468.282434048] [robot_mission_runner]: Pose: (-10.37, -43.67), Elapsed: 25s, ETA: 37s, Dist remaining: 56.85m
[component_container_isolated-2] [WARN] [1780120470.575133900] [planner_server]: Planner loop missed its desired rate of 999999999.0000 Hz. Current loop rate is 0.2899 Hz
[component_container_isolated-2] [INFO] [1780120470.613299157] [controller_server]: Passing new path to controller.
[component_container_isolated-2] [WARN] [1780120471.648354051] [controller_server]: Control loop missed its desired rate of 30.0000 Hz. Current loop rate is 33.3333 Hz.
[component_container_isolated-2] [WARN] [1780120472.624341340] [planner_server]: Planner loop missed its desired rate of 999999999.0000 Hz. Current loop rate is 0.9709 Hz
[component_container_isolated-2] [INFO] [1780120472.648483810] [controller_server]: Passing new path to controller.
[robot_mission_runner-4] [INFO] [1780120473.307756469] [robot_mission_runner]: Pose: (-7.25, -50.02), Elapsed: 30s, ETA: 32s, Dist remaining: 48.92m
[robot_mission_runner-4] [INFO] [1780120478.324523533] [robot_mission_runner]: Pose: (0.11, -50.90), Elapsed: 35s, ETA: 27s, Dist remaining: 41.48m
[component_container_isolated-2] [WARN] [1780120478.762478207] [planner_server]: Planner loop missed its desired rate of 999999999.0000 Hz. Current loop rate is 0.1953 Hz
[component_container_isolated-2] [INFO] [1780120478.781829240] [controller_server]: Passing new path to controller.
[component_container_isolated-2] [WARN] [1780120482.170217764] [planner_server]: Planner loop missed its desired rate of 999999999.0000 Hz. Current loop rate is 0.4167 Hz
[component_container_isolated-2] [INFO] [1780120482.215153973] [controller_server]: Passing new path to controller.
[robot_mission_runner-4] [INFO] [1780120483.344725373] [robot_mission_runner]: Pose: (7.64, -50.85), Elapsed: 40s, ETA: 22s, Dist remaining: 34.20m
[component_container_isolated-2] [WARN] [1780120486.084086670] [planner_server]: Planner loop missed its desired rate of 999999999.0000 Hz. Current loop rate is 0.3472 Hz
[component_container_isolated-2] [INFO] [1780120486.115149137] [controller_server]: Passing new path to controller.
[robot_mission_runner-4] [INFO] [1780120488.362245008] [robot_mission_runner]: Pose: (15.15, -50.81), Elapsed: 45s, ETA: 18s, Dist remaining: 27.10m
[component_container_isolated-2] [WARN] [1780120489.800365629] [planner_server]: Planner loop missed its desired rate of 999999999.0000 Hz. Current loop rate is 0.3690 Hz
[component_container_isolated-2] [INFO] [1780120489.848485806] [controller_server]: Passing new path to controller.
[component_container_isolated-2] [WARN] [1780120491.897384545] [planner_server]: Planner loop missed its desired rate of 999999999.0000 Hz. Current loop rate is 0.9346 Hz
[component_container_isolated-2] [INFO] [1780120491.948485452] [controller_server]: Passing new path to controller.
[robot_mission_runner-4] [INFO] [1780120493.389651142] [robot_mission_runner]: Pose: (20.38, -54.14), Elapsed: 50s, ETA: 13s, Dist remaining: 19.92m
[component_container_isolated-2] [WARN] [1780120493.834923078] [planner_server]: Planner loop missed its desired rate of 999999999.0000 Hz. Current loop rate is 1.0989 Hz
[component_container_isolated-2] [INFO] [1780120493.881820992] [controller_server]: Passing new path to controller.
[vlm_node-3] [INFO] [1780120494.322843416] [vlm_node]: Completed prompt: "Check if there are any small hazards on the ground that would cause harm to the robot if it navigated over it OR the area is blocked by large objects that make it impassable. If so respond only yes. Otherwise, respond no." with response: True
[vlm_node-3] [INFO] [1780120494.323124184] [vlm_node]: VLM_QUERY|QueryBool|success|51.24|1|
[vlm_node-3] [INFO] [1780120494.328277528] [vlm_node]: Goal received with prompt: Is this space too crowded by people or working machinery to move though safely? If so, respond only yes. Otherwise respond no.
[component_container_isolated-2] [WARN] [1780120495.799674031] [planner_server]: Planner loop missed its desired rate of 999999999.0000 Hz. Current loop rate is 1.0753 Hz
[component_container_isolated-2] [INFO] [1780120495.815163608] [controller_server]: Passing new path to controller.
[component_container_isolated-2] [WARN] [1780120497.594252101] [planner_server]: Planner loop missed its desired rate of 999999999.0000 Hz. Current loop rate is 1.3158 Hz
[component_container_isolated-2] [INFO] [1780120497.615169965] [controller_server]: Passing new path to controller.
[robot_mission_runner-4] [INFO] [1780120498.425647586] [robot_mission_runner]: Pose: (26.38, -58.21), Elapsed: 55s, ETA: 8s, Dist remaining: 12.92m
[component_container_isolated-2] [WARN] [1780120498.961220749] [planner_server]: Planner loop missed its desired rate of 999999999.0000 Hz. Current loop rate is 2.7778 Hz
[component_container_isolated-2] [INFO] [1780120498.981820834] [controller_server]: Passing new path to controller.
[component_container_isolated-2] [WARN] [1780120500.316966300] [planner_server]: Planner loop missed its desired rate of 999999999.0000 Hz. Current loop rate is 3.0303 Hz
[component_container_isolated-2] [INFO] [1780120500.348484303] [controller_server]: Passing new path to controller.
[component_container_isolated-2] [WARN] [1780120501.473908964] [planner_server]: Planner loop missed its desired rate of 999999999.0000 Hz. Current loop rate is 7.1429 Hz
[component_container_isolated-2] [INFO] [1780120501.515184090] [controller_server]: Passing new path to controller.
[component_container_isolated-2] [WARN] [1780120502.559803806] [planner_server]: Planner loop missed its desired rate of 999999999.0000 Hz. Current loop rate is 14.2857 Hz
[component_container_isolated-2] [INFO] [1780120502.581816508] [controller_server]: Passing new path to controller.
[component_container_isolated-2] [WARN] [1780120503.148854092] [controller_server]: Control loop missed its desired rate of 30.0000 Hz. Current loop rate is 33.3333 Hz.
[component_container_isolated-2] [WARN] [1780120503.254057244] [controller_server]: Control loop missed its desired rate of 30.0000 Hz. Current loop rate is 25.0000 Hz.
[robot_mission_runner-4] [INFO] [1780120503.448294133] [robot_mission_runner]: Pose: (33.75, -59.45), Elapsed: 60s, ETA: 3s, Dist remaining: 5.19m
[component_container_isolated-2] [WARN] [1780120503.555197119] [controller_server]: Control loop missed its desired rate of 30.0000 Hz. Current loop rate is 33.3333 Hz.
[component_container_isolated-2] [WARN] [1780120503.584620725] [planner_server]: Planner loop missed its desired rate of 999999999.0000 Hz. Current loop rate is 50.0000 Hz
[component_container_isolated-2] [INFO] [1780120503.622024463] [controller_server]: Passing new path to controller.
[component_container_isolated-2] [WARN] [1780120503.661853978] [controller_server]: Control loop missed its desired rate of 30.0000 Hz. Current loop rate is 25.0000 Hz.
[component_container_isolated-2] [WARN] [1780120503.746893119] [controller_server]: Control loop missed its desired rate of 30.0000 Hz. Current loop rate is 20.0000 Hz.
[component_container_isolated-2] [WARN] [1780120503.849974418] [controller_server]: Control loop missed its desired rate of 30.0000 Hz. Current loop rate is 33.3333 Hz.
[component_container_isolated-2] [WARN] [1780120504.057478834] [controller_server]: Control loop missed its desired rate of 30.0000 Hz. Current loop rate is 25.0000 Hz.
[component_container_isolated-2] [WARN] [1780120504.611889523] [planner_server]: Planner loop missed its desired rate of 999999999.0000 Hz. Current loop rate is 100.0000 Hz
[component_container_isolated-2] [INFO] [1780120504.657627007] [controller_server]: Passing new path to controller.
[component_container_isolated-2] [WARN] [1780120505.633991914] [controller_server]: Control loop missed its desired rate of 30.0000 Hz. Current loop rate is 20.0000 Hz.
[component_container_isolated-2] [INFO] [1780120505.667739687] [controller_server]: Passing new path to controller.
[component_container_isolated-2] [WARN] [1780120505.740207914] [controller_server]: Control loop missed its desired rate of 30.0000 Hz. Current loop rate is 25.0000 Hz.
[component_container_isolated-2] [WARN] [1780120506.545870002] [controller_server]: Control loop missed its desired rate of 30.0000 Hz. Current loop rate is 25.0000 Hz.
[component_container_isolated-2] [INFO] [1780120506.679356451] [controller_server]: Passing new path to controller.
[component_container_isolated-2] [WARN] [1780120506.847908232] [controller_server]: Control loop missed its desired rate of 30.0000 Hz. Current loop rate is 33.3333 Hz.
[component_container_isolated-2] [WARN] [1780120507.048557240] [controller_server]: Control loop missed its desired rate of 30.0000 Hz. Current loop rate is 33.3333 Hz.
[component_container_isolated-2] [WARN] [1780120507.250466864] [controller_server]: Control loop missed its desired rate of 30.0000 Hz. Current loop rate is 33.3333 Hz.
[component_container_isolated-2] [INFO] [1780120507.717308631] [controller_server]: Passing new path to controller.
[vlm_node-3] [INFO] [1780120508.403579446] [vlm_node]: Completed prompt: "Is this space too crowded by people or working machinery to move though safely? If so, respond only yes. Otherwise respond no." with response: False
[vlm_node-3] [INFO] [1780120508.403858371] [vlm_node]: VLM_QUERY|QueryBool|success|14.08|1|
[vlm_node-3] [INFO] [1780120508.419425292] [vlm_node]: Goal received with prompt: Are there any people visible in this scene? If so, respond only yes. Otherwise respond no.
[robot_mission_runner-4] [INFO] [1780120508.466628969] [robot_mission_runner]: Pose: (37.32, -60.37), Elapsed: 65s, ETA: 2s, Dist remaining: 0.86m
[component_container_isolated-2] [INFO] [1780120508.750607430] [controller_server]: Passing new path to controller.
[component_container_isolated-2] [WARN] [1780120509.350930430] [controller_server]: Control loop missed its desired rate of 30.0000 Hz. Current loop rate is 25.0000 Hz.
[component_container_isolated-2] [INFO] [1780120509.751046986] [controller_server]: Passing new path to controller.
[component_container_isolated-2] [INFO] [1780120510.784395900] [controller_server]: Passing new path to controller.
[component_container_isolated-2] [INFO] [1780120511.817724424] [controller_server]: Passing new path to controller.
[component_container_isolated-2] [WARN] [1780120512.251756848] [controller_server]: Control loop missed its desired rate of 30.0000 Hz. Current loop rate is 25.0000 Hz.
[component_container_isolated-2] [WARN] [1780120512.798382196] [planner_server]: Planner loop missed its desired rate of 999999999.0000 Hz. Current loop rate is 100.0000 Hz
[component_container_isolated-2] [INFO] [1780120512.818557728] [controller_server]: Passing new path to controller.
[robot_mission_runner-4] [INFO] [1780120513.483966300] [robot_mission_runner]: Pose: (37.55, -60.77), Elapsed: 70s, ETA: 24s, Dist remaining: 1.79m
[component_container_isolated-2] [INFO] [1780120513.852026741] [controller_server]: Passing new path to controller.
[component_container_isolated-2] [INFO] [1780120514.885227692] [controller_server]: Passing new path to controller.
[component_container_isolated-2] [WARN] [1780120515.932515498] [planner_server]: Planner loop missed its desired rate of 999999999.0000 Hz. Current loop rate is 20.0000 Hz
[component_container_isolated-2] [INFO] [1780120515.951892849] [controller_server]: Passing new path to controller.
[component_container_isolated-2] [INFO] [1780120516.985235029] [controller_server]: Passing new path to controller.
[component_container_isolated-2] [INFO] [1780120518.018566655] [controller_server]: Passing new path to controller.
[robot_mission_runner-4] [INFO] [1780120518.503388267] [robot_mission_runner]: Pose: (37.80, -60.94), Elapsed: 75s, ETA: 27s, Dist remaining: 1.89m
[component_container_isolated-2] [INFO] [1780120519.051897806] [controller_server]: Passing new path to controller.
[component_container_isolated-2] [INFO] [1780120520.085227109] [controller_server]: Passing new path to controller.
[component_container_isolated-2] [INFO] [1780120521.085231973] [controller_server]: Passing new path to controller.
[component_container_isolated-2] [WARN] [1780120522.076828037] [planner_server]: Planner loop missed its desired rate of 999999999.0000 Hz. Current loop rate is 100.0000 Hz
[component_container_isolated-2] [INFO] [1780120522.118560936] [controller_server]: Passing new path to controller.
[vlm_node-3] [INFO] [1780120522.841444138] [vlm_node]: Completed prompt: "Are there any people visible in this scene? If so, respond only yes. Otherwise respond no." with response: False
[vlm_node-3] [INFO] [1780120522.841709581] [vlm_node]: VLM_QUERY|QueryBool|success|14.42|1|
[vlm_node-3] [INFO] [1780120522.860761689] [vlm_node]: Goal received with prompt: Check if there are any small hazards on the ground that would cause harm to the robot if it navigated over it OR the area is blocked by large objects that make it impassable. If so respond only yes. Otherwise, respond no.
[component_container_isolated-2] [INFO] [1780120523.118678710] [controller_server]: Passing new path to controller.
[robot_mission_runner-4] [INFO] [1780120523.528672469] [robot_mission_runner]: Pose: (38.12, -61.02), Elapsed: 80s, ETA: 43s, Dist remaining: 2.20m
[component_container_isolated-2] [INFO] [1780120524.151896772] [controller_server]: Passing new path to controller.
[component_container_isolated-2] [INFO] [1780120525.151898090] [controller_server]: Passing new path to controller.
[component_container_isolated-2] [INFO] [1780120526.185227964] [controller_server]: Passing new path to controller.
[component_container_isolated-2] [WARN] [1780120526.653360540] [controller_server]: Control loop missed its desired rate of 30.0000 Hz. Current loop rate is 33.3333 Hz.
[component_container_isolated-2] [INFO] [1780120527.220223385] [controller_server]: Passing new path to controller.
[component_container_isolated-2] [WARN] [1780120528.221657928] [planner_server]: Planner loop missed its desired rate of 999999999.0000 Hz. Current loop rate is 50.0000 Hz
[component_container_isolated-2] [INFO] [1780120528.253512332] [controller_server]: Passing new path to controller.
[robot_mission_runner-4] [INFO] [1780120528.548069534] [robot_mission_runner]: Pose: (38.67, -60.69), Elapsed: 85s, ETA: 7s, Dist remaining: 1.52m
[component_container_isolated-2] [INFO] [1780120529.286837952] [controller_server]: Passing new path to controller.
[component_container_isolated-2] [INFO] [1780120530.320176075] [controller_server]: Passing new path to controller.
[component_container_isolated-2] [WARN] [1780120531.309308302] [planner_server]: Planner loop missed its desired rate of 999999999.0000 Hz. Current loop rate is 100.0000 Hz
[component_container_isolated-2] [INFO] [1780120531.353505505] [controller_server]: Passing new path to controller.
[component_container_isolated-2] [INFO] [1780120532.001409006] [controller_server]: Reached the goal!
[component_container_isolated-2] [INFO] [1780120532.001885688] [controller_server]: Optimizer reset
[component_container_isolated-2] [ERROR] [1780120532.038469585] [bt_navigator_navigate_to_pose_rclcpp_node]: Failed to get result for vlm_node/query_bool in node halt!
[component_container_isolated-2] [INFO] [1780120532.038853514] [bt_navigator]: Goal succeeded
[robot_mission_runner-4] [INFO] [1780120532.067340009] [robot_mission_runner]: Navigation result: SUCCEEDED
[vlm_node-3] [INFO] [1780120536.598388699] [vlm_node]: Completed prompt: "Check if there are any small hazards on the ground that would cause harm to the robot if it navigated over it OR the area is blocked by large objects that make it impassable. If so respond only yes. Otherwise, respond no." with response: False
[vlm_node-3] [INFO] [1780120536.599665219] [vlm_node]: VLM_QUERY|QueryBool|success|13.74|1|
[robot_mission_runner-4] [INFO] [1780120542.068101619] [robot_mission_runner]: Navigating to drop, attempt 1/3...
[component_container_isolated-2] [INFO] [1780120542.069012618] [local_costmap.local_costmap]: Received request to clear entirely the local_costmap
[component_container_isolated-2] [INFO] [1780120542.077985279] [global_costmap.global_costmap]: Received request to clear entirely the global_costmap
[robot_mission_runner-4] [INFO] [1780120542.088077611] [robot_mission_runner]: Navigating to goal: -33.5 -22.4...
[component_container_isolated-2] [INFO] [1780120542.089098207] [bt_navigator]: Begin navigating from current location (38.28, -59.98) to (-33.50, -22.40)
[vlm_node-3] [INFO] [1780120542.094173370] [vlm_node]: Goal received with prompt: Check if there are any small hazards on the ground that would cause harm to the robot if it navigated over it OR the area is blocked by large objects that make it impassable. If so respond only yes. Otherwise, respond no.
[component_container_isolated-2] [WARN] [1780120542.676535465] [planner_server]: Planner loop missed its desired rate of 999999999.0000 Hz. Current loop rate is 1.6949 Hz
[component_container_isolated-2] [INFO] [1780120542.692672888] [controller_server]: Received a goal, begin computing control effort.
[component_container_isolated-2] [WARN] [1780120542.731787914] [controller_server]: Control loop missed its desired rate of 30.0000 Hz. Current loop rate is 25.0000 Hz.
[component_container_isolated-2] [WARN] [1780120542.837877669] [controller_server]: Control loop missed its desired rate of 30.0000 Hz. Current loop rate is 25.0000 Hz.
[component_container_isolated-2] [WARN] [1780120543.138560355] [controller_server]: Control loop missed its desired rate of 30.0000 Hz. Current loop rate is 25.0000 Hz.
[component_container_isolated-2] [WARN] [1780120543.747839804] [controller_server]: Control loop missed its desired rate of 30.0000 Hz. Current loop rate is 20.0000 Hz.
[component_container_isolated-2] [WARN] [1780120543.765012222] [planner_server]: Planner loop missed its desired rate of 999999999.0000 Hz. Current loop rate is 14.2857 Hz
[component_container_isolated-2] [INFO] [1780120543.781284020] [controller_server]: Passing new path to controller.
[component_container_isolated-2] [WARN] [1780120543.852995373] [controller_server]: Control loop missed its desired rate of 30.0000 Hz. Current loop rate is 25.0000 Hz.
[component_container_isolated-2] [WARN] [1780120543.961150652] [controller_server]: Control loop missed its desired rate of 30.0000 Hz. Current loop rate is 25.0000 Hz.
[component_container_isolated-2] [WARN] [1780120544.035594791] [controller_server]: Control loop missed its desired rate of 30.0000 Hz. Current loop rate is 25.0000 Hz.
[component_container_isolated-2] [WARN] [1780120544.143661122] [controller_server]: Control loop missed its desired rate of 30.0000 Hz. Current loop rate is 25.0000 Hz.
[component_container_isolated-2] [WARN] [1780120544.248095094] [controller_server]: Control loop missed its desired rate of 30.0000 Hz. Current loop rate is 20.0000 Hz.
[component_container_isolated-2] [WARN] [1780120544.839945715] [planner_server]: Planner loop missed its desired rate of 999999999.0000 Hz. Current loop rate is 16.6667 Hz
[component_container_isolated-2] [INFO] [1780120544.881553361] [controller_server]: Passing new path to controller.
[component_container_isolated-2] [WARN] [1780120545.751109986] [controller_server]: Control loop missed its desired rate of 30.0000 Hz. Current loop rate is 25.0000 Hz.
[component_container_isolated-2] [WARN] [1780120545.859330778] [controller_server]: Control loop missed its desired rate of 30.0000 Hz. Current loop rate is 25.0000 Hz.
[component_container_isolated-2] [WARN] [1780120545.902568243] [planner_server]: Planner loop missed its desired rate of 999999999.0000 Hz. Current loop rate is 25.0000 Hz
[component_container_isolated-2] [WARN] [1780120545.935193367] [controller_server]: Control loop missed its desired rate of 30.0000 Hz. Current loop rate is 20.0000 Hz.
[component_container_isolated-2] [INFO] [1780120545.935273907] [controller_server]: Passing new path to controller.
[component_container_isolated-2] [WARN] [1780120546.047108452] [controller_server]: Control loop missed its desired rate of 30.0000 Hz. Current loop rate is 20.0000 Hz.
[component_container_isolated-2] [WARN] [1780120546.149033725] [controller_server]: Control loop missed its desired rate of 30.0000 Hz. Current loop rate is 25.0000 Hz.
[component_container_isolated-2] [WARN] [1780120546.975145172] [planner_server]: Planner loop missed its desired rate of 999999999.0000 Hz. Current loop rate is 20.0000 Hz
[component_container_isolated-2] [INFO] [1780120547.015824891] [controller_server]: Passing new path to controller.
[robot_mission_runner-4] [INFO] [1780120547.211706129] [robot_mission_runner]: Pose: (33.80, -58.44), Elapsed: 5s, ETA: 65s, Dist remaining: 97.87m
[component_container_isolated-2] [WARN] [1780120548.058565334] [planner_server]: Planner loop missed its desired rate of 999999999.0000 Hz. Current loop rate is 16.6667 Hz
[component_container_isolated-2] [INFO] [1780120548.082495983] [controller_server]: Passing new path to controller.
[component_container_isolated-2] [WARN] [1780120549.137401861] [planner_server]: Planner loop missed its desired rate of 999999999.0000 Hz. Current loop rate is 16.6667 Hz
[component_container_isolated-2] [INFO] [1780120549.182484936] [controller_server]: Passing new path to controller.
[component_container_isolated-2] [WARN] [1780120550.201722735] [planner_server]: Planner loop missed its desired rate of 999999999.0000 Hz. Current loop rate is 20.0000 Hz
[component_container_isolated-2] [INFO] [1780120550.249164259] [controller_server]: Passing new path to controller.
[component_container_isolated-2] [WARN] [1780120551.269516555] [planner_server]: Planner loop missed its desired rate of 999999999.0000 Hz. Current loop rate is 20.0000 Hz
[component_container_isolated-2] [INFO] [1780120551.315817787] [controller_server]: Passing new path to controller.
[robot_mission_runner-4] [INFO] [1780120552.240418221] [robot_mission_runner]: Pose: (27.91, -53.79), Elapsed: 10s, ETA: 59s, Dist remaining: 89.94m
[component_container_isolated-2] [WARN] [1780120552.354881006] [planner_server]: Planner loop missed its desired rate of 999999999.0000 Hz. Current loop rate is 20.0000 Hz
[component_container_isolated-2] [INFO] [1780120552.382564331] [controller_server]: Passing new path to controller.
[component_container_isolated-2] [WARN] [1780120553.457732941] [planner_server]: Planner loop missed its desired rate of 999999999.0000 Hz. Current loop rate is 12.5000 Hz
[component_container_isolated-2] [INFO] [1780120553.482496548] [controller_server]: Passing new path to controller.
[component_container_isolated-2] [WARN] [1780120554.508116700] [planner_server]: Planner loop missed its desired rate of 999999999.0000 Hz. Current loop rate is 25.0000 Hz
[component_container_isolated-2] [INFO] [1780120554.549180050] [controller_server]: Passing new path to controller.
[component_container_isolated-2] [WARN] [1780120555.558321175] [planner_server]: Planner loop missed its desired rate of 999999999.0000 Hz. Current loop rate is 33.3333 Hz
[component_container_isolated-2] [INFO] [1780120555.582500460] [controller_server]: Passing new path to controller.
[component_container_isolated-2] [WARN] [1780120556.597198281] [planner_server]: Planner loop missed its desired rate of 999999999.0000 Hz. Current loop rate is 33.3333 Hz
[component_container_isolated-2] [INFO] [1780120556.615829287] [controller_server]: Passing new path to controller.
[robot_mission_runner-4] [INFO] [1780120557.269441829] [robot_mission_runner]: Pose: (21.41, -50.38), Elapsed: 15s, ETA: 54s, Dist remaining: 82.47m
[component_container_isolated-2] [WARN] [1780120557.656259281] [planner_server]: Planner loop missed its desired rate of 999999999.0000 Hz. Current loop rate is 25.0000 Hz
[component_container_isolated-2] [INFO] [1780120557.682474719] [controller_server]: Passing new path to controller.
[component_container_isolated-2] [WARN] [1780120558.716288174] [planner_server]: Planner loop missed its desired rate of 999999999.0000 Hz. Current loop rate is 25.0000 Hz
[component_container_isolated-2] [INFO] [1780120558.749158793] [controller_server]: Passing new path to controller.
[component_container_isolated-2] [WARN] [1780120559.764660672] [planner_server]: Planner loop missed its desired rate of 999999999.0000 Hz. Current loop rate is 33.3333 Hz
[component_container_isolated-2] [INFO] [1780120559.782487309] [controller_server]: Passing new path to controller.
[component_container_isolated-2] [WARN] [1780120560.848800602] [planner_server]: Planner loop missed its desired rate of 999999999.0000 Hz. Current loop rate is 16.6667 Hz
[component_container_isolated-2] [INFO] [1780120560.882492774] [controller_server]: Passing new path to controller.
[component_container_isolated-2] [WARN] [1780120561.888697866] [planner_server]: Planner loop missed its desired rate of 999999999.0000 Hz. Current loop rate is 33.3333 Hz
[component_container_isolated-2] [INFO] [1780120561.915827940] [controller_server]: Passing new path to controller.
[robot_mission_runner-4] [INFO] [1780120562.291379157] [robot_mission_runner]: Pose: (13.87, -50.28), Elapsed: 20s, ETA: 50s, Dist remaining: 75.01m
[component_container_isolated-2] [WARN] [1780120562.991921327] [planner_server]: Planner loop missed its desired rate of 999999999.0000 Hz. Current loop rate is 12.5000 Hz
[component_container_isolated-2] [INFO] [1780120563.015824213] [controller_server]: Passing new path to controller.
[component_container_isolated-2] [WARN] [1780120564.036114848] [planner_server]: Planner loop missed its desired rate of 999999999.0000 Hz. Current loop rate is 50.0000 Hz
[component_container_isolated-2] [INFO] [1780120564.082493695] [controller_server]: Passing new path to controller.
[component_container_isolated-2] [WARN] [1780120565.082686151] [planner_server]: Planner loop missed its desired rate of 999999999.0000 Hz. Current loop rate is 50.0000 Hz
[component_container_isolated-2] [INFO] [1780120565.115836850] [controller_server]: Passing new path to controller.
[component_container_isolated-2] [WARN] [1780120566.168557903] [planner_server]: Planner loop missed its desired rate of 999999999.0000 Hz. Current loop rate is 16.6667 Hz
[component_container_isolated-2] [INFO] [1780120566.182498423] [controller_server]: Passing new path to controller.
[component_container_isolated-2] [WARN] [1780120567.216295187] [planner_server]: Planner loop missed its desired rate of 999999999.0000 Hz. Current loop rate is 50.0000 Hz
[component_container_isolated-2] [INFO] [1780120567.249156147] [controller_server]: Passing new path to controller.
[robot_mission_runner-4] [INFO] [1780120567.309149070] [robot_mission_runner]: Pose: (6.36, -50.28), Elapsed: 25s, ETA: 44s, Dist remaining: 67.37m
[component_container_isolated-2] [WARN] [1780120568.275034000] [planner_server]: Planner loop missed its desired rate of 999999999.0000 Hz. Current loop rate is 33.3333 Hz
[component_container_isolated-2] [INFO] [1780120568.315840807] [controller_server]: Passing new path to controller.
[component_container_isolated-2] [WARN] [1780120569.351712567] [planner_server]: Planner loop missed its desired rate of 999999999.0000 Hz. Current loop rate is 16.6667 Hz
[component_container_isolated-2] [INFO] [1780120569.382493251] [controller_server]: Passing new path to controller.
[vlm_node-3] [INFO] [1780120570.113739655] [vlm_node]: Completed prompt: "Check if there are any small hazards on the ground that would cause harm to the robot if it navigated over it OR the area is blocked by large objects that make it impassable. If so respond only yes. Otherwise, respond no." with response: True
[vlm_node-3] [INFO] [1780120570.114033053] [vlm_node]: VLM_QUERY|QueryBool|success|28.02|1|
[vlm_node-3] [INFO] [1780120570.134194658] [vlm_node]: Goal received with prompt: Is this space too crowded by people or working machinery to move though safely? If so, respond only yes. Otherwise respond no.
[component_container_isolated-2] [WARN] [1780120570.392910055] [planner_server]: Planner loop missed its desired rate of 999999999.0000 Hz. Current loop rate is 50.0000 Hz
[component_container_isolated-2] [INFO] [1780120570.415837439] [controller_server]: Passing new path to controller.
[component_container_isolated-2] [WARN] [1780120571.438880659] [planner_server]: Planner loop missed its desired rate of 999999999.0000 Hz. Current loop rate is 33.3333 Hz
[component_container_isolated-2] [INFO] [1780120571.482491969] [controller_server]: Passing new path to controller.
[robot_mission_runner-4] [INFO] [1780120572.327753319] [robot_mission_runner]: Pose: (-1.15, -50.27), Elapsed: 30s, ETA: 40s, Dist remaining: 60.10m
[component_container_isolated-2] [WARN] [1780120572.483487134] [planner_server]: Planner loop missed its desired rate of 999999999.0000 Hz. Current loop rate is 50.0000 Hz
[component_container_isolated-2] [INFO] [1780120572.515829261] [controller_server]: Passing new path to controller.
[component_container_isolated-2] [WARN] [1780120573.553048851] [planner_server]: Planner loop missed its desired rate of 999999999.0000 Hz. Current loop rate is 20.0000 Hz
[component_container_isolated-2] [INFO] [1780120573.582502234] [controller_server]: Passing new path to controller.
[component_container_isolated-2] [WARN] [1780120574.596177633] [planner_server]: Planner loop missed its desired rate of 999999999.0000 Hz. Current loop rate is 50.0000 Hz
[component_container_isolated-2] [INFO] [1780120574.615827898] [controller_server]: Passing new path to controller.
[component_container_isolated-2] [WARN] [1780120575.658377993] [planner_server]: Planner loop missed its desired rate of 999999999.0000 Hz. Current loop rate is 20.0000 Hz
[component_container_isolated-2] [INFO] [1780120575.682480770] [controller_server]: Passing new path to controller.
[component_container_isolated-2] [WARN] [1780120576.688092017] [planner_server]: Planner loop missed its desired rate of 999999999.0000 Hz. Current loop rate is 50.0000 Hz
[component_container_isolated-2] [INFO] [1780120576.715840486] [controller_server]: Passing new path to controller.
[component_container_isolated-2] [WARN] [1780120577.254795676] [controller_server]: Control loop missed its desired rate of 30.0000 Hz. Current loop rate is 25.0000 Hz.
[robot_mission_runner-4] [INFO] [1780120577.346000933] [robot_mission_runner]: Pose: (-8.70, -50.28), Elapsed: 35s, ETA: 34s, Dist remaining: 52.42m
[component_container_isolated-2] [WARN] [1780120577.735047095] [planner_server]: Planner loop missed its desired rate of 999999999.0000 Hz. Current loop rate is 33.3333 Hz
[component_container_isolated-2] [INFO] [1780120577.754949219] [controller_server]: Passing new path to controller.
[component_container_isolated-2] [WARN] [1780120578.762524905] [planner_server]: Planner loop missed its desired rate of 999999999.0000 Hz. Current loop rate is 50.0000 Hz
[component_container_isolated-2] [INFO] [1780120578.788285333] [controller_server]: Passing new path to controller.
[component_container_isolated-2] [WARN] [1780120579.812667893] [planner_server]: Planner loop missed its desired rate of 999999999.0000 Hz. Current loop rate is 33.3333 Hz
[component_container_isolated-2] [INFO] [1780120579.854948695] [controller_server]: Passing new path to controller.
[component_container_isolated-2] [WARN] [1780120580.862993848] [planner_server]: Planner loop missed its desired rate of 999999999.0000 Hz. Current loop rate is 50.0000 Hz
[component_container_isolated-2] [INFO] [1780120580.888301975] [controller_server]: Passing new path to controller.
[component_container_isolated-2] [WARN] [1780120581.981657181] [planner_server]: Planner loop missed its desired rate of 999999999.0000 Hz. Current loop rate is 10.0000 Hz
[component_container_isolated-2] [INFO] [1780120582.021606800] [controller_server]: Passing new path to controller.
[robot_mission_runner-4] [INFO] [1780120582.365134987] [robot_mission_runner]: Pose: (-16.23, -50.27), Elapsed: 40s, ETA: 29s, Dist remaining: 44.93m
[component_container_isolated-2] [WARN] [1780120583.058626136] [planner_server]: Planner loop missed its desired rate of 999999999.0000 Hz. Current loop rate is 20.0000 Hz
[component_container_isolated-2] [INFO] [1780120583.088278337] [controller_server]: Passing new path to controller.
[component_container_isolated-2] [WARN] [1780120584.057991085] [controller_server]: Control loop missed its desired rate of 30.0000 Hz. Current loop rate is 25.0000 Hz.
[component_container_isolated-2] [WARN] [1780120584.087018803] [planner_server]: Planner loop missed its desired rate of 999999999.0000 Hz. Current loop rate is 100.0000 Hz
[component_container_isolated-2] [INFO] [1780120584.124815284] [controller_server]: Passing new path to controller.
[component_container_isolated-2] [WARN] [1780120584.159767476] [controller_server]: Control loop missed its desired rate of 30.0000 Hz. Current loop rate is 25.0000 Hz.
[component_container_isolated-2] [WARN] [1780120584.245903604] [controller_server]: Control loop missed its desired rate of 30.0000 Hz. Current loop rate is 20.0000 Hz.
[component_container_isolated-2] [WARN] [1780120584.449135649] [controller_server]: Control loop missed its desired rate of 30.0000 Hz. Current loop rate is 33.3333 Hz.
[component_container_isolated-2] [WARN] [1780120585.166039333] [planner_server]: Planner loop missed its desired rate of 999999999.0000 Hz. Current loop rate is 20.0000 Hz
[component_container_isolated-2] [INFO] [1780120585.182633523] [controller_server]: Passing new path to controller.
[component_container_isolated-2] [WARN] [1780120585.858360966] [controller_server]: Control loop missed its desired rate of 30.0000 Hz. Current loop rate is 25.0000 Hz.
[component_container_isolated-2] [WARN] [1780120585.936103059] [controller_server]: Control loop missed its desired rate of 30.0000 Hz. Current loop rate is 25.0000 Hz.
[component_container_isolated-2] [WARN] [1780120586.037358104] [controller_server]: Control loop missed its desired rate of 30.0000 Hz. Current loop rate is 50.0000 Hz.
[component_container_isolated-2] [WARN] [1780120586.208993171] [planner_server]: Planner loop missed its desired rate of 999999999.0000 Hz. Current loop rate is 33.3333 Hz
[component_container_isolated-2] [INFO] [1780120586.237483337] [controller_server]: Passing new path to controller.
[component_container_isolated-2] [WARN] [1780120586.537753963] [controller_server]: Control loop missed its desired rate of 30.0000 Hz. Current loop rate is 33.3333 Hz.
[component_container_isolated-2] [WARN] [1780120586.640849461] [controller_server]: Control loop missed its desired rate of 30.0000 Hz. Current loop rate is 25.0000 Hz.
[component_container_isolated-2] [WARN] [1780120587.259035520] [planner_server]: Planner loop missed its desired rate of 999999999.0000 Hz. Current loop rate is 25.0000 Hz
[component_container_isolated-2] [INFO] [1780120587.274327300] [controller_server]: Passing new path to controller.
[robot_mission_runner-4] [INFO] [1780120587.387916194] [robot_mission_runner]: Pose: (-23.73, -50.29), Elapsed: 45s, ETA: 24s, Dist remaining: 37.41m
[component_container_isolated-2] [WARN] [1780120588.242542909] [controller_server]: Control loop missed its desired rate of 30.0000 Hz. Current loop rate is 25.0000 Hz.
[component_container_isolated-2] [WARN] [1780120588.297113880] [planner_server]: Planner loop missed its desired rate of 999999999.0000 Hz. Current loop rate is 50.0000 Hz
[component_container_isolated-2] [INFO] [1780120588.309371403] [controller_server]: Passing new path to controller.
[component_container_isolated-2] [WARN] [1780120588.342868014] [controller_server]: Control loop missed its desired rate of 30.0000 Hz. Current loop rate is 33.3333 Hz.
[component_container_isolated-2] [WARN] [1780120588.543727424] [controller_server]: Control loop missed its desired rate of 30.0000 Hz. Current loop rate is 50.0000 Hz.
[component_container_isolated-2] [WARN] [1780120589.397028137] [planner_server]: Planner loop missed its desired rate of 999999999.0000 Hz. Current loop rate is 11.1111 Hz
[component_container_isolated-2] [INFO] [1780120589.413298853] [controller_server]: Passing new path to controller.
[component_container_isolated-2] [WARN] [1780120590.457796030] [planner_server]: Planner loop missed its desired rate of 999999999.0000 Hz. Current loop rate is 25.0000 Hz
[component_container_isolated-2] [INFO] [1780120590.478024448] [controller_server]: Passing new path to controller.
[component_container_isolated-2] [WARN] [1780120591.481020840] [planner_server]: Planner loop missed its desired rate of 999999999.0000 Hz. Current loop rate is 50.0000 Hz
[component_container_isolated-2] [INFO] [1780120591.512371174] [controller_server]: Passing new path to controller.
[component_container_isolated-2] [WARN] [1780120592.346002594] [controller_server]: Control loop missed its desired rate of 30.0000 Hz. Current loop rate is 33.3333 Hz.
[robot_mission_runner-4] [INFO] [1780120592.411636032] [robot_mission_runner]: Pose: (-31.15, -49.61), Elapsed: 50s, ETA: 19s, Dist remaining: 29.54m
[component_container_isolated-2] [WARN] [1780120592.516929160] [planner_server]: Planner loop missed its desired rate of 999999999.0000 Hz. Current loop rate is 100.0000 Hz
[component_container_isolated-2] [INFO] [1780120592.546155308] [controller_server]: Passing new path to controller.
[component_container_isolated-2] [WARN] [1780120592.857495762] [controller_server]: Control loop missed its desired rate of 30.0000 Hz. Current loop rate is 25.0000 Hz.
[component_container_isolated-2] [WARN] [1780120593.560584665] [controller_server]: Control loop missed its desired rate of 30.0000 Hz. Current loop rate is 50.0000 Hz.
[component_container_isolated-2] [INFO] [1780120593.594069440] [controller_server]: Passing new path to controller.
[component_container_isolated-2] [WARN] [1780120593.627930726] [controller_server]: Control loop missed its desired rate of 30.0000 Hz. Current loop rate is 25.0000 Hz.
[component_container_isolated-2] [WARN] [1780120594.430012339] [controller_server]: Control loop missed its desired rate of 30.0000 Hz. Current loop rate is 25.0000 Hz.
[component_container_isolated-2] [WARN] [1780120594.535113359] [controller_server]: Control loop missed its desired rate of 30.0000 Hz. Current loop rate is 33.3333 Hz.
[component_container_isolated-2] [WARN] [1780120594.578833419] [planner_server]: Planner loop missed its desired rate of 999999999.0000 Hz. Current loop rate is 100.0000 Hz
[component_container_isolated-2] [INFO] [1780120594.601907033] [controller_server]: Passing new path to controller.
[component_container_isolated-2] [WARN] [1780120594.635404891] [controller_server]: Control loop missed its desired rate of 30.0000 Hz. Current loop rate is 33.3333 Hz.
[component_container_isolated-2] [WARN] [1780120594.746899782] [controller_server]: Control loop missed its desired rate of 30.0000 Hz. Current loop rate is 20.0000 Hz.
[component_container_isolated-2] [WARN] [1780120594.950984671] [controller_server]: Control loop missed its desired rate of 30.0000 Hz. Current loop rate is 25.0000 Hz.
[vlm_node-3] [INFO] [1780120595.464467500] [vlm_node]: Completed prompt: "Is this space too crowded by people or working machinery to move though safely? If so, respond only yes. Otherwise respond no." with response: False
[vlm_node-3] [INFO] [1780120595.465039850] [vlm_node]: VLM_QUERY|QueryBool|success|25.33|1|
[vlm_node-3] [INFO] [1780120595.472473571] [vlm_node]: Goal received with prompt: Are there any people visible in this scene? If so, respond only yes. Otherwise respond no.
[component_container_isolated-2] [WARN] [1780120595.596302967] [planner_server]: Planner loop missed its desired rate of 999999999.0000 Hz. Current loop rate is 100.0000 Hz
[component_container_isolated-2] [INFO] [1780120595.617770014] [controller_server]: Passing new path to controller.
[component_container_isolated-2] [WARN] [1780120596.620014453] [planner_server]: Planner loop missed its desired rate of 999999999.0000 Hz. Current loop rate is 100.0000 Hz
[component_container_isolated-2] [INFO] [1780120596.651106332] [controller_server]: Passing new path to controller.
[robot_mission_runner-4] [INFO] [1780120597.439179631] [robot_mission_runner]: Pose: (-34.33, -43.44), Elapsed: 55s, ETA: 14s, Dist remaining: 22.11m
[component_container_isolated-2] [WARN] [1780120597.647243544] [planner_server]: Planner loop missed its desired rate of 999999999.0000 Hz. Current loop rate is 100.0000 Hz
[component_container_isolated-2] [INFO] [1780120597.684438317] [controller_server]: Passing new path to controller.
[component_container_isolated-2] [WARN] [1780120598.353998784] [controller_server]: Control loop missed its desired rate of 30.0000 Hz. Current loop rate is 33.3333 Hz.
[component_container_isolated-2] [WARN] [1780120598.459911742] [controller_server]: Control loop missed its desired rate of 30.0000 Hz. Current loop rate is 33.3333 Hz.
[component_container_isolated-2] [WARN] [1780120598.549008031] [controller_server]: Control loop missed its desired rate of 30.0000 Hz. Current loop rate is 16.6667 Hz.
[component_container_isolated-2] [WARN] [1780120598.656387661] [controller_server]: Control loop missed its desired rate of 30.0000 Hz. Current loop rate is 25.0000 Hz.
[component_container_isolated-2] [WARN] [1780120598.667034681] [planner_server]: Planner loop missed its desired rate of 999999999.0000 Hz. Current loop rate is 50.0000 Hz
[component_container_isolated-2] [INFO] [1780120598.689878907] [controller_server]: Passing new path to controller.
[component_container_isolated-2] [WARN] [1780120598.769123895] [controller_server]: Control loop missed its desired rate of 30.0000 Hz. Current loop rate is 20.0000 Hz.
[component_container_isolated-2] [WARN] [1780120598.843711857] [controller_server]: Control loop missed its desired rate of 30.0000 Hz. Current loop rate is 25.0000 Hz.
[component_container_isolated-2] [WARN] [1780120599.046112496] [controller_server]: Control loop missed its desired rate of 30.0000 Hz. Current loop rate is 25.0000 Hz.
[component_container_isolated-2] [WARN] [1780120599.148058399] [controller_server]: Control loop missed its desired rate of 30.0000 Hz. Current loop rate is 33.3333 Hz.
[component_container_isolated-2] [WARN] [1780120599.697319259] [planner_server]: Planner loop missed its desired rate of 999999999.0000 Hz. Current loop rate is 100.0000 Hz
[component_container_isolated-2] [INFO] [1780120599.714866180] [controller_server]: Passing new path to controller.
[component_container_isolated-2] [WARN] [1780120599.749023808] [controller_server]: Control loop missed its desired rate of 30.0000 Hz. Current loop rate is 25.0000 Hz.
[component_container_isolated-2] [WARN] [1780120600.253123071] [controller_server]: Control loop missed its desired rate of 30.0000 Hz. Current loop rate is 25.0000 Hz.
[component_container_isolated-2] [WARN] [1780120600.361432028] [controller_server]: Control loop missed its desired rate of 30.0000 Hz. Current loop rate is 25.0000 Hz.
[component_container_isolated-2] [WARN] [1780120600.447499005] [controller_server]: Control loop missed its desired rate of 30.0000 Hz. Current loop rate is 16.6667 Hz.
[component_container_isolated-2] [WARN] [1780120600.555429325] [controller_server]: Control loop missed its desired rate of 30.0000 Hz. Current loop rate is 25.0000 Hz.
[component_container_isolated-2] [WARN] [1780120600.656296463] [controller_server]: Control loop missed its desired rate of 30.0000 Hz. Current loop rate is 33.3333 Hz.
[component_container_isolated-2] [WARN] [1780120600.717648278] [planner_server]: Planner loop missed its desired rate of 999999999.0000 Hz. Current loop rate is 100.0000 Hz
[component_container_isolated-2] [INFO] [1780120600.756435819] [controller_server]: Passing new path to controller.
[component_container_isolated-2] [WARN] [1780120601.459549027] [controller_server]: Control loop missed its desired rate of 30.0000 Hz. Current loop rate is 33.3333 Hz.
[component_container_isolated-2] [WARN] [1780120601.546367590] [controller_server]: Control loop missed its desired rate of 30.0000 Hz. Current loop rate is 16.6667 Hz.
[component_container_isolated-2] [INFO] [1780120601.781302156] [controller_server]: Passing new path to controller.
[component_container_isolated-2] [WARN] [1780120601.952039203] [controller_server]: Control loop missed its desired rate of 30.0000 Hz. Current loop rate is 25.0000 Hz.
[component_container_isolated-2] [WARN] [1780120602.157449021] [controller_server]: Control loop missed its desired rate of 30.0000 Hz. Current loop rate is 33.3333 Hz.
[component_container_isolated-2] [WARN] [1780120602.274040346] [controller_server]: Control loop missed its desired rate of 30.0000 Hz. Current loop rate is 20.0000 Hz.
[component_container_isolated-2] [WARN] [1780120602.346350137] [controller_server]: Control loop missed its desired rate of 30.0000 Hz. Current loop rate is 25.0000 Hz.
[robot_mission_runner-4] [INFO] [1780120602.457887752] [robot_mission_runner]: Pose: (-34.35, -35.91), Elapsed: 60s, ETA: 9s, Dist remaining: 14.57m
[component_container_isolated-2] [WARN] [1780120602.766393995] [planner_server]: Planner loop missed its desired rate of 999999999.0000 Hz. Current loop rate is 100.0000 Hz
[component_container_isolated-2] [INFO] [1780120602.813158358] [controller_server]: Passing new path to controller.
[component_container_isolated-2] [WARN] [1780120602.847226156] [controller_server]: Control loop missed its desired rate of 30.0000 Hz. Current loop rate is 25.0000 Hz.
[component_container_isolated-2] [INFO] [1780120603.814037801] [controller_server]: Passing new path to controller.
[component_container_isolated-2] [INFO] [1780120604.847356326] [controller_server]: Passing new path to controller.
[component_container_isolated-2] [WARN] [1780120605.846574448] [planner_server]: Planner loop missed its desired rate of 999999999.0000 Hz. Current loop rate is 100.0000 Hz
[component_container_isolated-2] [WARN] [1780120605.852371778] [controller_server]: Control loop missed its desired rate of 30.0000 Hz. Current loop rate is 25.0000 Hz.
[component_container_isolated-2] [INFO] [1780120605.885840086] [controller_server]: Passing new path to controller.
[component_container_isolated-2] [WARN] [1780120605.958609314] [controller_server]: Control loop missed its desired rate of 30.0000 Hz. Current loop rate is 33.3333 Hz.
[component_container_isolated-2] [WARN] [1780120606.040772683] [controller_server]: Control loop missed its desired rate of 30.0000 Hz. Current loop rate is 20.0000 Hz.
[component_container_isolated-2] [WARN] [1780120606.342823134] [controller_server]: Control loop missed its desired rate of 30.0000 Hz. Current loop rate is 33.3333 Hz.
[component_container_isolated-2] [WARN] [1780120606.864408281] [planner_server]: Planner loop missed its desired rate of 999999999.0000 Hz. Current loop rate is 100.0000 Hz
[component_container_isolated-2] [INFO] [1780120606.909628134] [controller_server]: Passing new path to controller.
[component_container_isolated-2] [WARN] [1780120607.048869489] [controller_server]: Control loop missed its desired rate of 30.0000 Hz. Current loop rate is 25.0000 Hz.
[component_container_isolated-2] [WARN] [1780120607.164807578] [controller_server]: Control loop missed its desired rate of 30.0000 Hz. Current loop rate is 20.0000 Hz.
[component_container_isolated-2] [WARN] [1780120607.244938742] [controller_server]: Control loop missed its desired rate of 30.0000 Hz. Current loop rate is 25.0000 Hz.
[component_container_isolated-2] [WARN] [1780120607.356335894] [controller_server]: Control loop missed its desired rate of 30.0000 Hz. Current loop rate is 25.0000 Hz.
[component_container_isolated-2] [WARN] [1780120607.467844708] [controller_server]: Control loop missed its desired rate of 30.0000 Hz. Current loop rate is 20.0000 Hz.
[robot_mission_runner-4] [INFO] [1780120607.482572581] [robot_mission_runner]: Pose: (-34.28, -28.39), Elapsed: 65s, ETA: 4s, Dist remaining: 6.99m
[component_container_isolated-2] [WARN] [1780120607.553196715] [controller_server]: Control loop missed its desired rate of 30.0000 Hz. Current loop rate is 20.0000 Hz.
[component_container_isolated-2] [WARN] [1780120607.660330967] [controller_server]: Control loop missed its desired rate of 30.0000 Hz. Current loop rate is 33.3333 Hz.
[component_container_isolated-2] [WARN] [1780120607.752412839] [controller_server]: Control loop missed its desired rate of 30.0000 Hz. Current loop rate is 16.6667 Hz.
[vlm_node-3] [INFO] [1780120607.813947758] [vlm_node]: Completed prompt: "Are there any people visible in this scene? If so, respond only yes. Otherwise respond no." with response: False
[vlm_node-3] [INFO] [1780120607.814326639] [vlm_node]: VLM_QUERY|QueryBool|success|12.34|1|
[vlm_node-3] [INFO] [1780120607.822787964] [vlm_node]: Goal received with prompt: Check if there are any small hazards on the ground that would cause harm to the robot if it navigated over it OR the area is blocked by large objects that make it impassable. If so respond only yes. Otherwise, respond no.
[component_container_isolated-2] [WARN] [1780120607.860487491] [controller_server]: Control loop missed its desired rate of 30.0000 Hz. Current loop rate is 33.3333 Hz.
[component_container_isolated-2] [WARN] [1780120607.931182143] [controller_server]: Control loop missed its desired rate of 30.0000 Hz. Current loop rate is 25.0000 Hz.
[component_container_isolated-2] [WARN] [1780120607.944812492] [planner_server]: Planner loop missed its desired rate of 999999999.0000 Hz. Current loop rate is 16.6667 Hz
[component_container_isolated-2] [INFO] [1780120607.964734444] [controller_server]: Passing new path to controller.
[component_container_isolated-2] [WARN] [1780120608.033553876] [controller_server]: Control loop missed its desired rate of 30.0000 Hz. Current loop rate is 33.3333 Hz.
[component_container_isolated-2] [WARN] [1780120608.139985917] [controller_server]: Control loop missed its desired rate of 30.0000 Hz. Current loop rate is 25.0000 Hz.
[component_container_isolated-2] [WARN] [1780120608.243609014] [controller_server]: Control loop missed its desired rate of 30.0000 Hz. Current loop rate is 33.3333 Hz.
[component_container_isolated-2] [WARN] [1780120608.344845324] [controller_server]: Control loop missed its desired rate of 30.0000 Hz. Current loop rate is 33.3333 Hz.
[component_container_isolated-2] [WARN] [1780120608.550760192] [controller_server]: Control loop missed its desired rate of 30.0000 Hz. Current loop rate is 25.0000 Hz.
[component_container_isolated-2] [WARN] [1780120608.752779523] [controller_server]: Control loop missed its desired rate of 30.0000 Hz. Current loop rate is 33.3333 Hz.
[component_container_isolated-2] [INFO] [1780120609.019563396] [controller_server]: Passing new path to controller.
[component_container_isolated-2] [WARN] [1780120609.559375736] [controller_server]: Control loop missed its desired rate of 30.0000 Hz. Current loop rate is 33.3333 Hz.
[component_container_isolated-2] [WARN] [1780120609.644602591] [controller_server]: Control loop missed its desired rate of 30.0000 Hz. Current loop rate is 20.0000 Hz.
[component_container_isolated-2] [INFO] [1780120610.011380191] [controller_server]: Passing new path to controller.
[component_container_isolated-2] [WARN] [1780120610.666938739] [controller_server]: Control loop missed its desired rate of 30.0000 Hz. Current loop rate is 20.0000 Hz.
[component_container_isolated-2] [WARN] [1780120610.736958658] [controller_server]: Control loop missed its desired rate of 30.0000 Hz. Current loop rate is 33.3333 Hz.
[component_container_isolated-2] [WARN] [1780120610.843550210] [controller_server]: Control loop missed its desired rate of 30.0000 Hz. Current loop rate is 25.0000 Hz.
[component_container_isolated-2] [WARN] [1780120610.944684768] [controller_server]: Control loop missed its desired rate of 30.0000 Hz. Current loop rate is 33.3333 Hz.
[component_container_isolated-2] [WARN] [1780120611.049312689] [controller_server]: Control loop missed its desired rate of 30.0000 Hz. Current loop rate is 25.0000 Hz.
[component_container_isolated-2] [INFO] [1780120611.049422090] [controller_server]: Passing new path to controller.
[component_container_isolated-2] [WARN] [1780120611.163360689] [controller_server]: Control loop missed its desired rate of 30.0000 Hz. Current loop rate is 20.0000 Hz.
[component_container_isolated-2] [WARN] [1780120611.254463742] [controller_server]: Control loop missed its desired rate of 30.0000 Hz. Current loop rate is 16.6667 Hz.
[component_container_isolated-2] [WARN] [1780120611.370257304] [controller_server]: Control loop missed its desired rate of 30.0000 Hz. Current loop rate is 25.0000 Hz.
[component_container_isolated-2] [WARN] [1780120611.449479006] [controller_server]: Control loop missed its desired rate of 30.0000 Hz. Current loop rate is 20.0000 Hz.
[component_container_isolated-2] [WARN] [1780120611.660120784] [controller_server]: Control loop missed its desired rate of 30.0000 Hz. Current loop rate is 20.0000 Hz.
[component_container_isolated-2] [WARN] [1780120611.752951185] [controller_server]: Control loop missed its desired rate of 30.0000 Hz. Current loop rate is 16.6667 Hz.
[component_container_isolated-2] [WARN] [1780120611.873255880] [controller_server]: Control loop missed its desired rate of 30.0000 Hz. Current loop rate is 25.0000 Hz.
[component_container_isolated-2] [WARN] [1780120611.952904870] [controller_server]: Control loop missed its desired rate of 30.0000 Hz. Current loop rate is 20.0000 Hz.
[component_container_isolated-2] [WARN] [1780120612.067787387] [controller_server]: Control loop missed its desired rate of 30.0000 Hz. Current loop rate is 25.0000 Hz.
[component_container_isolated-2] [INFO] [1780120612.101249535] [controller_server]: Passing new path to controller.
[component_container_isolated-2] [WARN] [1780120612.146027760] [controller_server]: Control loop missed its desired rate of 30.0000 Hz. Current loop rate is 25.0000 Hz.
[component_container_isolated-2] [WARN] [1780120612.250344448] [controller_server]: Control loop missed its desired rate of 30.0000 Hz. Current loop rate is 25.0000 Hz.
[component_container_isolated-2] [WARN] [1780120612.451346763] [controller_server]: Control loop missed its desired rate of 30.0000 Hz. Current loop rate is 25.0000 Hz.
[robot_mission_runner-4] [INFO] [1780120612.507753666] [robot_mission_runner]: Pose: (-34.37, -23.44), Elapsed: 70s, ETA: 6s, Dist remaining: 2.04m
[component_container_isolated-2] [WARN] [1780120613.089666594] [planner_server]: Planner loop missed its desired rate of 999999999.0000 Hz. Current loop rate is 100.0000 Hz
[component_container_isolated-2] [INFO] [1780120613.118151975] [controller_server]: Passing new path to controller.
[component_container_isolated-2] [WARN] [1780120613.257541364] [controller_server]: Control loop missed its desired rate of 30.0000 Hz. Current loop rate is 33.3333 Hz.
[component_container_isolated-2] [WARN] [1780120613.657687011] [controller_server]: Control loop missed its desired rate of 30.0000 Hz. Current loop rate is 33.3333 Hz.
[component_container_isolated-2] [WARN] [1780120613.861434644] [controller_server]: Control loop missed its desired rate of 30.0000 Hz. Current loop rate is 25.0000 Hz.
[component_container_isolated-2] [WARN] [1780120613.938966228] [controller_server]: Control loop missed its desired rate of 30.0000 Hz. Current loop rate is 20.0000 Hz.
[component_container_isolated-2] [INFO] [1780120614.139098952] [controller_server]: Passing new path to controller.
[component_container_isolated-2] [WARN] [1780120614.241077040] [controller_server]: Control loop missed its desired rate of 30.0000 Hz. Current loop rate is 25.0000 Hz.
[component_container_isolated-2] [WARN] [1780120614.546005865] [controller_server]: Control loop missed its desired rate of 30.0000 Hz. Current loop rate is 25.0000 Hz.
[component_container_isolated-2] [WARN] [1780120614.750773865] [controller_server]: Control loop missed its desired rate of 30.0000 Hz. Current loop rate is 25.0000 Hz.
[component_container_isolated-2] [INFO] [1780120615.150919993] [controller_server]: Passing new path to controller.
[component_container_isolated-2] [WARN] [1780120615.351047114] [controller_server]: Control loop missed its desired rate of 30.0000 Hz. Current loop rate is 25.0000 Hz.
[component_container_isolated-2] [WARN] [1780120615.461112298] [controller_server]: Control loop missed its desired rate of 30.0000 Hz. Current loop rate is 20.0000 Hz.
[component_container_isolated-2] [WARN] [1780120615.547671177] [controller_server]: Control loop missed its desired rate of 30.0000 Hz. Current loop rate is 20.0000 Hz.
[component_container_isolated-2] [WARN] [1780120615.655229143] [controller_server]: Control loop missed its desired rate of 30.0000 Hz. Current loop rate is 25.0000 Hz.
[component_container_isolated-2] [INFO] [1780120616.188693210] [controller_server]: Passing new path to controller.
[component_container_isolated-2] [WARN] [1780120616.960482707] [controller_server]: Control loop missed its desired rate of 30.0000 Hz. Current loop rate is 25.0000 Hz.
[component_container_isolated-2] [WARN] [1780120617.041814951] [controller_server]: Control loop missed its desired rate of 30.0000 Hz. Current loop rate is 20.0000 Hz.
[component_container_isolated-2] [INFO] [1780120617.208649271] [controller_server]: Passing new path to controller.
[robot_mission_runner-4] [INFO] [1780120617.526819705] [robot_mission_runner]: Pose: (-34.65, -22.52), Elapsed: 75s, ETA: 18s, Dist remaining: 2.19m
[component_container_isolated-2] [WARN] [1780120617.657512074] [controller_server]: Control loop missed its desired rate of 30.0000 Hz. Current loop rate is 25.0000 Hz.
[component_container_isolated-2] [WARN] [1780120617.745686871] [controller_server]: Control loop missed its desired rate of 30.0000 Hz. Current loop rate is 20.0000 Hz.
[component_container_isolated-2] [WARN] [1780120617.901008289] [controller_server]: Control loop missed its desired rate of 30.0000 Hz. Current loop rate is 11.1111 Hz.
[component_container_isolated-2] [WARN] [1780120617.950403371] [controller_server]: Control loop missed its desired rate of 30.0000 Hz. Current loop rate is 20.0000 Hz.
[component_container_isolated-2] [WARN] [1780120618.054293334] [controller_server]: Control loop missed its desired rate of 30.0000 Hz. Current loop rate is 25.0000 Hz.
[component_container_isolated-2] [INFO] [1780120618.221097787] [controller_server]: Passing new path to controller.
[component_container_isolated-2] [WARN] [1780120618.357308395] [controller_server]: Control loop missed its desired rate of 30.0000 Hz. Current loop rate is 33.3333 Hz.
[component_container_isolated-2] [WARN] [1780120618.661937571] [controller_server]: Control loop missed its desired rate of 30.0000 Hz. Current loop rate is 25.0000 Hz.
[component_container_isolated-2] [WARN] [1780120618.749359444] [controller_server]: Control loop missed its desired rate of 30.0000 Hz. Current loop rate is 16.6667 Hz.
[component_container_isolated-2] [INFO] [1780120619.249497766] [controller_server]: Passing new path to controller.
[component_container_isolated-2] [WARN] [1780120620.257699658] [controller_server]: Control loop missed its desired rate of 30.0000 Hz. Current loop rate is 25.0000 Hz.
[component_container_isolated-2] [INFO] [1780120620.291175186] [controller_server]: Passing new path to controller.
[component_container_isolated-2] [INFO] [1780120621.324504960] [controller_server]: Passing new path to controller.
[component_container_isolated-2] [WARN] [1780120621.557838783] [controller_server]: Control loop missed its desired rate of 30.0000 Hz. Current loop rate is 33.3333 Hz.
[component_container_isolated-2] [WARN] [1780120621.644941007] [controller_server]: Control loop missed its desired rate of 30.0000 Hz. Current loop rate is 20.0000 Hz.
[component_container_isolated-2] [WARN] [1780120621.751178925] [controller_server]: Control loop missed its desired rate of 30.0000 Hz. Current loop rate is 25.0000 Hz.
[component_container_isolated-2] [WARN] [1780120621.956638432] [controller_server]: Control loop missed its desired rate of 30.0000 Hz. Current loop rate is 25.0000 Hz.
[component_container_isolated-2] [WARN] [1780120622.056927954] [controller_server]: Control loop missed its desired rate of 30.0000 Hz. Current loop rate is 33.3333 Hz.
[component_container_isolated-2] [WARN] [1780120622.164561514] [controller_server]: Control loop missed its desired rate of 30.0000 Hz. Current loop rate is 25.0000 Hz.
[component_container_isolated-2] [WARN] [1780120622.254030909] [controller_server]: Control loop missed its desired rate of 30.0000 Hz. Current loop rate is 20.0000 Hz.
[component_container_isolated-2] [INFO] [1780120622.320824280] [controller_server]: Passing new path to controller.
[component_container_isolated-2] [WARN] [1780120622.360313855] [controller_server]: Control loop missed its desired rate of 30.0000 Hz. Current loop rate is 25.0000 Hz.
[component_container_isolated-2] [WARN] [1780120622.447747765] [controller_server]: Control loop missed its desired rate of 30.0000 Hz. Current loop rate is 20.0000 Hz.
[robot_mission_runner-4] [INFO] [1780120622.551701767] [robot_mission_runner]: Pose: (-33.85, -22.51), Elapsed: 80s, ETA: 4s, Dist remaining: 1.53m
[component_container_isolated-2] [WARN] [1780120622.649002415] [controller_server]: Control loop missed its desired rate of 30.0000 Hz. Current loop rate is 25.0000 Hz.
[component_container_isolated-2] [WARN] [1780120622.766557888] [controller_server]: Control loop missed its desired rate of 30.0000 Hz. Current loop rate is 20.0000 Hz.
[component_container_isolated-2] [WARN] [1780120622.850030226] [controller_server]: Control loop missed its desired rate of 30.0000 Hz. Current loop rate is 20.0000 Hz.
[component_container_isolated-2] [WARN] [1780120623.155895356] [controller_server]: Control loop missed its desired rate of 30.0000 Hz. Current loop rate is 25.0000 Hz.
[component_container_isolated-2] [INFO] [1780120623.356031796] [controller_server]: Passing new path to controller.
[component_container_isolated-2] [WARN] [1780120623.461865803] [controller_server]: Control loop missed its desired rate of 30.0000 Hz. Current loop rate is 25.0000 Hz.
[component_container_isolated-2] [WARN] [1780120623.537803307] [controller_server]: Control loop missed its desired rate of 30.0000 Hz. Current loop rate is 25.0000 Hz.
[component_container_isolated-2] [WARN] [1780120623.749302231] [controller_server]: Control loop missed its desired rate of 30.0000 Hz. Current loop rate is 20.0000 Hz.
[component_container_isolated-2] [WARN] [1780120623.865108166] [controller_server]: Control loop missed its desired rate of 30.0000 Hz. Current loop rate is 20.0000 Hz.
[component_container_isolated-2] [WARN] [1780120623.942735721] [controller_server]: Control loop missed its desired rate of 30.0000 Hz. Current loop rate is 25.0000 Hz.
[component_container_isolated-2] [WARN] [1780120624.044248677] [controller_server]: Control loop missed its desired rate of 30.0000 Hz. Current loop rate is 33.3333 Hz.
[component_container_isolated-2] [INFO] [1780120624.377719276] [controller_server]: Passing new path to controller.
[component_container_isolated-2] [INFO] [1780120625.411055546] [controller_server]: Passing new path to controller.
[component_container_isolated-2] [INFO] [1780120625.458868902] [controller_server]: Reached the goal!
[component_container_isolated-2] [INFO] [1780120625.459339277] [controller_server]: Optimizer reset
[component_container_isolated-2] [ERROR] [1780120625.491569302] [bt_navigator_navigate_to_pose_rclcpp_node]: Failed to get result for vlm_node/query_bool in node halt!
[component_container_isolated-2] [INFO] [1780120625.498672151] [bt_navigator]: Goal succeeded
[robot_mission_runner-4] [INFO] [1780120625.503555193] [robot_mission_runner]: Navigation result: SUCCEEDED
[robot_mission_runner-4] [INFO] [1780120635.504842424] [robot_mission_runner]: Mission 4 completed.
[robot_mission_runner-4] [INFO] [1780120635.505656243] [robot_mission_runner]: Picking from {'x': 9.0, 'y': -52.55, 'yaw': 1.5708}, dropping at {'x': -41.5, 'y': -8.1, 'yaw': -1.5708}...
[robot_mission_runner-4] [INFO] [1780120635.506188824] [robot_mission_runner]: Navigating to pick, attempt 1/3...
[component_container_isolated-2] [INFO] [1780120635.506829769] [local_costmap.local_costmap]: Received request to clear entirely the local_costmap
[component_container_isolated-2] [INFO] [1780120635.529634922] [global_costmap.global_costmap]: Received request to clear entirely the global_costmap
[robot_mission_runner-4] [INFO] [1780120635.549853527] [robot_mission_runner]: Navigating to goal: 9.0 -52.55...
[component_container_isolated-2] [INFO] [1780120635.550738488] [bt_navigator]: Begin navigating from current location (-33.62, -22.59) to (9.00, -52.55)
[vlm_node-3] [INFO] [1780120635.554678549] [vlm_node]: Goal received with prompt: Check if there are any small hazards on the ground that would cause harm to the robot if it navigated over it OR the area is blocked by large objects that make it impassable. If so respond only yes. Otherwise, respond no.
[component_container_isolated-2] [WARN] [1780120636.184780530] [planner_server]: Planner loop missed its desired rate of 999999999.0000 Hz. Current loop rate is 1.6129 Hz
[component_container_isolated-2] [INFO] [1780120636.202671594] [controller_server]: Received a goal, begin computing control effort.
[component_container_isolated-2] [WARN] [1780120636.245175855] [controller_server]: Control loop missed its desired rate of 30.0000 Hz. Current loop rate is 25.0000 Hz.
[component_container_isolated-2] [WARN] [1780120636.346957962] [controller_server]: Control loop missed its desired rate of 30.0000 Hz. Current loop rate is 33.3333 Hz.
[component_container_isolated-2] [WARN] [1780120637.248522713] [controller_server]: Control loop missed its desired rate of 30.0000 Hz. Current loop rate is 33.3333 Hz.
[component_container_isolated-2] [WARN] [1780120637.307843656] [planner_server]: Planner loop missed its desired rate of 999999999.0000 Hz. Current loop rate is 10.0000 Hz
[component_container_isolated-2] [WARN] [1780120637.352584836] [controller_server]: Control loop missed its desired rate of 30.0000 Hz. Current loop rate is 25.0000 Hz.
[component_container_isolated-2] [INFO] [1780120637.352640894] [controller_server]: Passing new path to controller.
[component_container_isolated-2] [WARN] [1780120637.553427184] [controller_server]: Control loop missed its desired rate of 30.0000 Hz. Current loop rate is 33.3333 Hz.
[component_container_isolated-2] [WARN] [1780120638.153940405] [controller_server]: Control loop missed its desired rate of 30.0000 Hz. Current loop rate is 33.3333 Hz.
[component_container_isolated-2] [WARN] [1780120638.420915521] [planner_server]: Planner loop missed its desired rate of 999999999.0000 Hz. Current loop rate is 10.0000 Hz
[component_container_isolated-2] [INFO] [1780120638.454065107] [controller_server]: Passing new path to controller.
[component_container_isolated-2] [WARN] [1780120639.546945682] [planner_server]: Planner loop missed its desired rate of 999999999.0000 Hz. Current loop rate is 11.1111 Hz
[component_container_isolated-2] [INFO] [1780120639.587387056] [controller_server]: Passing new path to controller.
[robot_mission_runner-4] [INFO] [1780120640.670389885] [robot_mission_runner]: Pose: (-34.26, -26.99), Elapsed: 5s, ETA: 43s, Dist remaining: 65.59m
[component_container_isolated-2] [WARN] [1780120640.673592118] [planner_server]: Planner loop missed its desired rate of 999999999.0000 Hz. Current loop rate is 10.0000 Hz
[component_container_isolated-2] [INFO] [1780120640.720740256] [controller_server]: Passing new path to controller.
[component_container_isolated-2] [WARN] [1780120641.272543149] [controller_server]: Control loop missed its desired rate of 30.0000 Hz. Current loop rate is 20.0000 Hz.
[component_container_isolated-2] [WARN] [1780120641.344572020] [controller_server]: Control loop missed its desired rate of 30.0000 Hz. Current loop rate is 25.0000 Hz.
[component_container_isolated-2] [WARN] [1780120641.753825004] [planner_server]: Planner loop missed its desired rate of 999999999.0000 Hz. Current loop rate is 16.6667 Hz
[component_container_isolated-2] [INFO] [1780120641.778049688] [controller_server]: Passing new path to controller.
[component_container_isolated-2] [WARN] [1780120642.270119137] [controller_server]: Control loop missed its desired rate of 30.0000 Hz. Current loop rate is 16.6667 Hz.
[component_container_isolated-2] [WARN] [1780120642.439739661] [controller_server]: Control loop missed its desired rate of 30.0000 Hz. Current loop rate is 25.0000 Hz.
[component_container_isolated-2] [WARN] [1780120642.547926683] [controller_server]: Control loop missed its desired rate of 30.0000 Hz. Current loop rate is 25.0000 Hz.
[component_container_isolated-2] [WARN] [1780120642.661329183] [controller_server]: Control loop missed its desired rate of 30.0000 Hz. Current loop rate is 20.0000 Hz.
[component_container_isolated-2] [WARN] [1780120642.751743133] [controller_server]: Control loop missed its desired rate of 30.0000 Hz. Current loop rate is 16.6667 Hz.
[component_container_isolated-2] [WARN] [1780120642.856581996] [planner_server]: Planner loop missed its desired rate of 999999999.0000 Hz. Current loop rate is 12.5000 Hz
[component_container_isolated-2] [INFO] [1780120642.885197145] [controller_server]: Passing new path to controller.
[component_container_isolated-2] [WARN] [1780120643.160480245] [controller_server]: Control loop missed its desired rate of 30.0000 Hz. Current loop rate is 20.0000 Hz.
[component_container_isolated-2] [WARN] [1780120643.240307850] [controller_server]: Control loop missed its desired rate of 30.0000 Hz. Current loop rate is 20.0000 Hz.
[component_container_isolated-2] [WARN] [1780120643.343122640] [controller_server]: Control loop missed its desired rate of 30.0000 Hz. Current loop rate is 25.0000 Hz.
[component_container_isolated-2] [WARN] [1780120643.943904620] [planner_server]: Planner loop missed its desired rate of 999999999.0000 Hz. Current loop rate is 14.2857 Hz
[component_container_isolated-2] [INFO] [1780120643.976577757] [controller_server]: Passing new path to controller.
[component_container_isolated-2] [WARN] [1780120644.149647662] [controller_server]: Control loop missed its desired rate of 30.0000 Hz. Current loop rate is 25.0000 Hz.
[component_container_isolated-2] [WARN] [1780120644.262136332] [controller_server]: Control loop missed its desired rate of 30.0000 Hz. Current loop rate is 20.0000 Hz.
[component_container_isolated-2] [WARN] [1780120644.340867729] [controller_server]: Control loop missed its desired rate of 30.0000 Hz. Current loop rate is 20.0000 Hz.
[component_container_isolated-2] [WARN] [1780120644.645439094] [controller_server]: Control loop missed its desired rate of 30.0000 Hz. Current loop rate is 25.0000 Hz.
[component_container_isolated-2] [WARN] [1780120645.017183599] [planner_server]: Planner loop missed its desired rate of 999999999.0000 Hz. Current loop rate is 16.6667 Hz
[component_container_isolated-2] [INFO] [1780120645.045561173] [controller_server]: Passing new path to controller.
[component_container_isolated-2] [WARN] [1780120645.347524015] [controller_server]: Control loop missed its desired rate of 30.0000 Hz. Current loop rate is 33.3333 Hz.
[component_container_isolated-2] [WARN] [1780120645.456592943] [controller_server]: Control loop missed its desired rate of 30.0000 Hz. Current loop rate is 25.0000 Hz.
[component_container_isolated-2] [WARN] [1780120645.660296675] [controller_server]: Control loop missed its desired rate of 30.0000 Hz. Current loop rate is 25.0000 Hz.
[robot_mission_runner-4] [INFO] [1780120645.690727013] [robot_mission_runner]: Pose: (-34.37, -34.50), Elapsed: 10s, ETA: 38s, Dist remaining: 58.04m
[component_container_isolated-2] [WARN] [1780120645.750239437] [controller_server]: Control loop missed its desired rate of 30.0000 Hz. Current loop rate is 16.6667 Hz.
[component_container_isolated-2] [WARN] [1780120645.956844830] [controller_server]: Control loop missed its desired rate of 30.0000 Hz. Current loop rate is 25.0000 Hz.
[component_container_isolated-2] [WARN] [1780120646.115756760] [planner_server]: Planner loop missed its desired rate of 999999999.0000 Hz. Current loop rate is 12.5000 Hz
[component_container_isolated-2] [INFO] [1780120646.157895526] [controller_server]: Passing new path to controller.
[component_container_isolated-2] [WARN] [1780120646.228971617] [controller_server]: Control loop missed its desired rate of 30.0000 Hz. Current loop rate is 25.0000 Hz.
[component_container_isolated-2] [WARN] [1780120646.329657751] [controller_server]: Control loop missed its desired rate of 30.0000 Hz. Current loop rate is 25.0000 Hz.
[component_container_isolated-2] [WARN] [1780120646.433860514] [controller_server]: Control loop missed its desired rate of 30.0000 Hz. Current loop rate is 25.0000 Hz.
[component_container_isolated-2] [WARN] [1780120646.534138737] [controller_server]: Control loop missed its desired rate of 30.0000 Hz. Current loop rate is 33.3333 Hz.
[component_container_isolated-2] [WARN] [1780120646.642151140] [controller_server]: Control loop missed its desired rate of 30.0000 Hz. Current loop rate is 25.0000 Hz.
[component_container_isolated-2] [WARN] [1780120646.752465074] [controller_server]: Control loop missed its desired rate of 30.0000 Hz. Current loop rate is 20.0000 Hz.
[component_container_isolated-2] [WARN] [1780120646.865382347] [controller_server]: Control loop missed its desired rate of 30.0000 Hz. Current loop rate is 25.0000 Hz.
[component_container_isolated-2] [WARN] [1780120646.955610232] [controller_server]: Control loop missed its desired rate of 30.0000 Hz. Current loop rate is 16.6667 Hz.
[component_container_isolated-2] [WARN] [1780120647.063172059] [controller_server]: Control loop missed its desired rate of 30.0000 Hz. Current loop rate is 25.0000 Hz.
[component_container_isolated-2] [WARN] [1780120647.146776059] [controller_server]: Control loop missed its desired rate of 30.0000 Hz. Current loop rate is 20.0000 Hz.
[component_container_isolated-2] [WARN] [1780120647.212304604] [planner_server]: Planner loop missed its desired rate of 999999999.0000 Hz. Current loop rate is 14.2857 Hz
[component_container_isolated-2] [INFO] [1780120647.246903860] [controller_server]: Passing new path to controller.
[component_container_isolated-2] [WARN] [1780120647.551192652] [controller_server]: Control loop missed its desired rate of 30.0000 Hz. Current loop rate is 25.0000 Hz.
[component_container_isolated-2] [WARN] [1780120647.653929098] [controller_server]: Control loop missed its desired rate of 30.0000 Hz. Current loop rate is 25.0000 Hz.
[component_container_isolated-2] [WARN] [1780120647.759150390] [controller_server]: Control loop missed its desired rate of 30.0000 Hz. Current loop rate is 33.3333 Hz.
[component_container_isolated-2] [WARN] [1780120647.843717030] [controller_server]: Control loop missed its desired rate of 30.0000 Hz. Current loop rate is 20.0000 Hz.
[component_container_isolated-2] [WARN] [1780120648.052882003] [controller_server]: Control loop missed its desired rate of 30.0000 Hz. Current loop rate is 25.0000 Hz.
[component_container_isolated-2] [WARN] [1780120648.311880176] [planner_server]: Planner loop missed its desired rate of 999999999.0000 Hz. Current loop rate is 12.5000 Hz
[component_container_isolated-2] [INFO] [1780120648.353021802] [controller_server]: Passing new path to controller.
[component_container_isolated-2] [WARN] [1780120648.954011839] [controller_server]: Control loop missed its desired rate of 30.0000 Hz. Current loop rate is 33.3333 Hz.
[component_container_isolated-2] [WARN] [1780120649.058197575] [controller_server]: Control loop missed its desired rate of 30.0000 Hz. Current loop rate is 33.3333 Hz.
[component_container_isolated-2] [WARN] [1780120649.166174327] [controller_server]: Control loop missed its desired rate of 30.0000 Hz. Current loop rate is 25.0000 Hz.
[component_container_isolated-2] [WARN] [1780120649.234735172] [controller_server]: Control loop missed its desired rate of 30.0000 Hz. Current loop rate is 25.0000 Hz.
[component_container_isolated-2] [WARN] [1780120649.387685475] [planner_server]: Planner loop missed its desired rate of 999999999.0000 Hz. Current loop rate is 25.0000 Hz
[component_container_isolated-2] [INFO] [1780120649.401620273] [controller_server]: Passing new path to controller.
[component_container_isolated-2] [WARN] [1780120649.445232811] [controller_server]: Control loop missed its desired rate of 30.0000 Hz. Current loop rate is 25.0000 Hz.
[component_container_isolated-2] [WARN] [1780120649.549650357] [controller_server]: Control loop missed its desired rate of 30.0000 Hz. Current loop rate is 25.0000 Hz.
[component_container_isolated-2] [WARN] [1780120649.650965002] [controller_server]: Control loop missed its desired rate of 30.0000 Hz. Current loop rate is 25.0000 Hz.
[component_container_isolated-2] [WARN] [1780120649.761693941] [controller_server]: Control loop missed its desired rate of 30.0000 Hz. Current loop rate is 20.0000 Hz.
[component_container_isolated-2] [WARN] [1780120649.852377129] [controller_server]: Control loop missed its desired rate of 30.0000 Hz. Current loop rate is 14.2857 Hz.
[component_container_isolated-2] [WARN] [1780120649.952668266] [controller_server]: Control loop missed its desired rate of 30.0000 Hz. Current loop rate is 25.0000 Hz.
[component_container_isolated-2] [WARN] [1780120650.268369987] [controller_server]: Control loop missed its desired rate of 30.0000 Hz. Current loop rate is 25.0000 Hz.
[component_container_isolated-2] [WARN] [1780120650.494358704] [planner_server]: Planner loop missed its desired rate of 999999999.0000 Hz. Current loop rate is 11.1111 Hz
[component_container_isolated-2] [INFO] [1780120650.535189374] [controller_server]: Passing new path to controller.
[robot_mission_runner-4] [INFO] [1780120650.716815091] [robot_mission_runner]: Pose: (-34.35, -42.06), Elapsed: 15s, ETA: 33s, Dist remaining: 50.12m
[component_container_isolated-2] [WARN] [1780120651.338960368] [controller_server]: Control loop missed its desired rate of 30.0000 Hz. Current loop rate is 33.3333 Hz.
[component_container_isolated-2] [WARN] [1780120651.594669184] [planner_server]: Planner loop missed its desired rate of 999999999.0000 Hz. Current loop rate is 12.5000 Hz
[component_container_isolated-2] [INFO] [1780120651.639100137] [controller_server]: Passing new path to controller.
[component_container_isolated-2] [WARN] [1780120651.745051814] [controller_server]: Control loop missed its desired rate of 30.0000 Hz. Current loop rate is 25.0000 Hz.
[component_container_isolated-2] [WARN] [1780120652.650465076] [planner_server]: Planner loop missed its desired rate of 999999999.0000 Hz. Current loop rate is 50.0000 Hz
[component_container_isolated-2] [INFO] [1780120652.678526325] [controller_server]: Passing new path to controller.
[component_container_isolated-2] [WARN] [1780120652.848220735] [controller_server]: Control loop missed its desired rate of 30.0000 Hz. Current loop rate is 33.3333 Hz.
[component_container_isolated-2] [WARN] [1780120653.050731429] [controller_server]: Control loop missed its desired rate of 30.0000 Hz. Current loop rate is 25.0000 Hz.
[component_container_isolated-2] [WARN] [1780120653.716265018] [planner_server]: Planner loop missed its desired rate of 999999999.0000 Hz. Current loop rate is 25.0000 Hz
[component_container_isolated-2] [INFO] [1780120653.750870052] [controller_server]: Passing new path to controller.
[component_container_isolated-2] [WARN] [1780120654.251745543] [controller_server]: Control loop missed its desired rate of 30.0000 Hz. Current loop rate is 25.0000 Hz.
[component_container_isolated-2] [WARN] [1780120654.656742690] [controller_server]: Control loop missed its desired rate of 30.0000 Hz. Current loop rate is 25.0000 Hz.
[component_container_isolated-2] [WARN] [1780120654.757954544] [controller_server]: Control loop missed its desired rate of 30.0000 Hz. Current loop rate is 33.3333 Hz.
[component_container_isolated-2] [WARN] [1780120654.789540646] [planner_server]: Planner loop missed its desired rate of 999999999.0000 Hz. Current loop rate is 25.0000 Hz
[component_container_isolated-2] [INFO] [1780120654.824746021] [controller_server]: Passing new path to controller.
[robot_mission_runner-4] [INFO] [1780120655.734968239] [robot_mission_runner]: Pose: (-32.29, -48.88), Elapsed: 20s, ETA: 28s, Dist remaining: 42.53m
[component_container_isolated-2] [WARN] [1780120655.873040447] [planner_server]: Planner loop missed its desired rate of 999999999.0000 Hz. Current loop rate is 14.2857 Hz
[component_container_isolated-2] [INFO] [1780120655.924761695] [controller_server]: Passing new path to controller.
[component_container_isolated-2] [WARN] [1780120657.020411138] [planner_server]: Planner loop missed its desired rate of 999999999.0000 Hz. Current loop rate is 8.3333 Hz
[component_container_isolated-2] [INFO] [1780120657.058084632] [controller_server]: Passing new path to controller.
[component_container_isolated-2] [WARN] [1780120658.029131984] [controller_server]: Control loop missed its desired rate of 30.0000 Hz. Current loop rate is 25.0000 Hz.
[component_container_isolated-2] [WARN] [1780120658.101827620] [planner_server]: Planner loop missed its desired rate of 999999999.0000 Hz. Current loop rate is 16.6667 Hz
[component_container_isolated-2] [WARN] [1780120658.137519101] [controller_server]: Control loop missed its desired rate of 30.0000 Hz. Current loop rate is 20.0000 Hz.
[component_container_isolated-2] [INFO] [1780120658.137600493] [controller_server]: Passing new path to controller.
[component_container_isolated-2] [WARN] [1780120658.341222926] [controller_server]: Control loop missed its desired rate of 30.0000 Hz. Current loop rate is 33.3333 Hz.
[component_container_isolated-2] [WARN] [1780120658.641391935] [controller_server]: Control loop missed its desired rate of 30.0000 Hz. Current loop rate is 33.3333 Hz.
[component_container_isolated-2] [WARN] [1780120658.841843766] [controller_server]: Control loop missed its desired rate of 30.0000 Hz. Current loop rate is 33.3333 Hz.
[component_container_isolated-2] [WARN] [1780120659.163412096] [planner_server]: Planner loop missed its desired rate of 999999999.0000 Hz. Current loop rate is 25.0000 Hz
[component_container_isolated-2] [INFO] [1780120659.208676044] [controller_server]: Passing new path to controller.
[vlm_node-3] [INFO] [1780120659.394753654] [vlm_node]: Completed prompt: "Check if there are any small hazards on the ground that would cause harm to the robot if it navigated over it OR the area is blocked by large objects that make it impassable. If so respond only yes. Otherwise, respond no." with response: False
[vlm_node-3] [INFO] [1780120659.395119341] [vlm_node]: VLM_QUERY|QueryBool|success|51.57|1|
[component_container_isolated-2] [WARN] [1780120660.247146480] [planner_server]: Planner loop missed its desired rate of 999999999.0000 Hz. Current loop rate is 16.6667 Hz
[component_container_isolated-2] [INFO] [1780120660.275318230] [controller_server]: Passing new path to controller.
[robot_mission_runner-4] [INFO] [1780120660.754667237] [robot_mission_runner]: Pose: (-25.13, -50.33), Elapsed: 25s, ETA: 23s, Dist remaining: 35.04m
[component_container_isolated-2] [WARN] [1780120661.330937318] [planner_server]: Planner loop missed its desired rate of 999999999.0000 Hz. Current loop rate is 14.2857 Hz
[component_container_isolated-2] [INFO] [1780120661.341986669] [controller_server]: Passing new path to controller.
[component_container_isolated-2] [WARN] [1780120662.447559880] [planner_server]: Planner loop missed its desired rate of 999999999.0000 Hz. Current loop rate is 10.0000 Hz
[component_container_isolated-2] [INFO] [1780120662.475315182] [controller_server]: Passing new path to controller.
[component_container_isolated-2] [WARN] [1780120663.562697211] [planner_server]: Planner loop missed its desired rate of 999999999.0000 Hz. Current loop rate is 10.0000 Hz
[component_container_isolated-2] [INFO] [1780120663.608642712] [controller_server]: Passing new path to controller.
[component_container_isolated-2] [WARN] [1780120664.653386434] [planner_server]: Planner loop missed its desired rate of 999999999.0000 Hz. Current loop rate is 14.2857 Hz
[component_container_isolated-2] [INFO] [1780120664.675312529] [controller_server]: Passing new path to controller.
[component_container_isolated-2] [WARN] [1780120665.755006237] [planner_server]: Planner loop missed its desired rate of 999999999.0000 Hz. Current loop rate is 12.5000 Hz
[component_container_isolated-2] [INFO] [1780120665.775312553] [controller_server]: Passing new path to controller.
[robot_mission_runner-4] [INFO] [1780120665.779105803] [robot_mission_runner]: Pose: (-17.60, -50.32), Elapsed: 30s, ETA: 18s, Dist remaining: 27.40m
[component_container_isolated-2] [WARN] [1780120665.845118355] [controller_server]: Control loop missed its desired rate of 30.0000 Hz. Current loop rate is 25.0000 Hz.
[component_container_isolated-2] [WARN] [1780120666.786900013] [planner_server]: Planner loop missed its desired rate of 999999999.0000 Hz. Current loop rate is 100.0000 Hz
[component_container_isolated-2] [INFO] [1780120666.811936105] [controller_server]: Passing new path to controller.
[component_container_isolated-2] [WARN] [1780120667.808867677] [planner_server]: Planner loop missed its desired rate of 999999999.0000 Hz. Current loop rate is 100.0000 Hz
[component_container_isolated-2] [INFO] [1780120667.845264168] [controller_server]: Passing new path to controller.
[component_container_isolated-2] [WARN] [1780120668.838532667] [planner_server]: Planner loop missed its desired rate of 999999999.0000 Hz. Current loop rate is 100.0000 Hz
[component_container_isolated-2] [INFO] [1780120668.878592790] [controller_server]: Passing new path to controller.
[component_container_isolated-2] [WARN] [1780120669.865614796] [planner_server]: Planner loop missed its desired rate of 999999999.0000 Hz. Current loop rate is 100.0000 Hz
[component_container_isolated-2] [INFO] [1780120669.911925066] [controller_server]: Passing new path to controller.
[robot_mission_runner-4] [INFO] [1780120670.802786359] [robot_mission_runner]: Pose: (-10.09, -50.63), Elapsed: 35s, ETA: 13s, Dist remaining: 20.09m
[component_container_isolated-2] [WARN] [1780120670.944560618] [planner_server]: Planner loop missed its desired rate of 999999999.0000 Hz. Current loop rate is 16.6667 Hz
[component_container_isolated-2] [INFO] [1780120670.978596352] [controller_server]: Passing new path to controller.
[component_container_isolated-2] [WARN] [1780120671.968760716] [planner_server]: Planner loop missed its desired rate of 999999999.0000 Hz. Current loop rate is 100.0000 Hz
[component_container_isolated-2] [INFO] [1780120672.012980731] [controller_server]: Passing new path to controller.
[component_container_isolated-2] [INFO] [1780120673.011942132] [controller_server]: Passing new path to controller.
[component_container_isolated-2] [WARN] [1780120674.008396726] [planner_server]: Planner loop missed its desired rate of 999999999.0000 Hz. Current loop rate is 100.0000 Hz
[component_container_isolated-2] [INFO] [1780120674.045290229] [controller_server]: Passing new path to controller.
[component_container_isolated-2] [WARN] [1780120675.029722724] [planner_server]: Planner loop missed its desired rate of 999999999.0000 Hz. Current loop rate is 100.0000 Hz
[component_container_isolated-2] [INFO] [1780120675.045258844] [controller_server]: Passing new path to controller.
[robot_mission_runner-4] [INFO] [1780120675.830861495] [robot_mission_runner]: Pose: (-2.54, -50.62), Elapsed: 40s, ETA: 8s, Dist remaining: 12.64m
[component_container_isolated-2] [WARN] [1780120676.055862180] [planner_server]: Planner loop missed its desired rate of 999999999.0000 Hz. Current loop rate is 100.0000 Hz
[component_container_isolated-2] [INFO] [1780120676.078593575] [controller_server]: Passing new path to controller.
[component_container_isolated-2] [INFO] [1780120677.111927108] [controller_server]: Passing new path to controller.
[component_container_isolated-2] [WARN] [1780120678.113216146] [planner_server]: Planner loop missed its desired rate of 999999999.0000 Hz. Current loop rate is 33.3333 Hz
[component_container_isolated-2] [INFO] [1780120678.145261739] [controller_server]: Passing new path to controller.
[component_container_isolated-2] [WARN] [1780120679.146956987] [planner_server]: Planner loop missed its desired rate of 999999999.0000 Hz. Current loop rate is 100.0000 Hz
[component_container_isolated-2] [INFO] [1780120679.178593992] [controller_server]: Passing new path to controller.
[component_container_isolated-2] [INFO] [1780120680.178598888] [controller_server]: Passing new path to controller.
[robot_mission_runner-4] [INFO] [1780120680.849928051] [robot_mission_runner]: Pose: (4.97, -50.99), Elapsed: 45s, ETA: 3s, Dist remaining: 5.05m
[component_container_isolated-2] [WARN] [1780120681.184924911] [planner_server]: Planner loop missed its desired rate of 999999999.0000 Hz. Current loop rate is 100.0000 Hz
[component_container_isolated-2] [INFO] [1780120681.211927419] [controller_server]: Passing new path to controller.
[component_container_isolated-2] [WARN] [1780120682.204143755] [planner_server]: Planner loop missed its desired rate of 999999999.0000 Hz. Current loop rate is 100.0000 Hz
[component_container_isolated-2] [INFO] [1780120682.245259259] [controller_server]: Passing new path to controller.
[component_container_isolated-2] [INFO] [1780120683.245261096] [controller_server]: Passing new path to controller.
[component_container_isolated-2] [WARN] [1780120684.254617900] [planner_server]: Planner loop missed its desired rate of 999999999.0000 Hz. Current loop rate is 100.0000 Hz
[component_container_isolated-2] [INFO] [1780120684.278602033] [controller_server]: Passing new path to controller.
[component_container_isolated-2] [WARN] [1780120685.266429222] [planner_server]: Planner loop missed its desired rate of 999999999.0000 Hz. Current loop rate is 100.0000 Hz
[component_container_isolated-2] [INFO] [1780120685.311934018] [controller_server]: Passing new path to controller.
[robot_mission_runner-4] [INFO] [1780120685.867231057] [robot_mission_runner]: Pose: (8.71, -52.52), Elapsed: 50s, ETA: 2s, Dist remaining: 1.03m
[component_container_isolated-2] [WARN] [1780120686.312414715] [planner_server]: Planner loop missed its desired rate of 999999999.0000 Hz. Current loop rate is 50.0000 Hz
[component_container_isolated-2] [INFO] [1780120686.345271855] [controller_server]: Passing new path to controller.
[component_container_isolated-2] [WARN] [1780120686.547500208] [controller_server]: Control loop missed its desired rate of 30.0000 Hz. Current loop rate is 25.0000 Hz.
[component_container_isolated-2] [WARN] [1780120686.651518337] [controller_server]: Control loop missed its desired rate of 30.0000 Hz. Current loop rate is 33.3333 Hz.
[component_container_isolated-2] [WARN] [1780120686.957468533] [controller_server]: Control loop missed its desired rate of 30.0000 Hz. Current loop rate is 25.0000 Hz.
[component_container_isolated-2] [WARN] [1780120687.238477158] [controller_server]: Control loop missed its desired rate of 30.0000 Hz. Current loop rate is 20.0000 Hz.
[component_container_isolated-2] [WARN] [1780120687.348713672] [planner_server]: Planner loop missed its desired rate of 999999999.0000 Hz. Current loop rate is 100.0000 Hz
[component_container_isolated-2] [INFO] [1780120687.372840087] [controller_server]: Passing new path to controller.
[component_container_isolated-2] [WARN] [1780120687.646324139] [controller_server]: Control loop missed its desired rate of 30.0000 Hz. Current loop rate is 25.0000 Hz.
[component_container_isolated-2] [INFO] [1780120687.739712130] [controller_server]: Reached the goal!
[component_container_isolated-2] [INFO] [1780120687.740107494] [controller_server]: Optimizer reset
[component_container_isolated-2] [ERROR] [1780120687.774482511] [bt_navigator_navigate_to_pose_rclcpp_node]: Failed to get result for vlm_node/query_bool in node halt!
[component_container_isolated-2] [INFO] [1780120687.774811475] [bt_navigator]: Goal succeeded
[robot_mission_runner-4] [INFO] [1780120687.779178407] [robot_mission_runner]: Navigation result: SUCCEEDED
[robot_mission_runner-4] [INFO] [1780120697.779832105] [robot_mission_runner]: Navigating to drop, attempt 1/3...
[component_container_isolated-2] [INFO] [1780120697.780298628] [local_costmap.local_costmap]: Received request to clear entirely the local_costmap
[component_container_isolated-2] [INFO] [1780120697.784952152] [global_costmap.global_costmap]: Received request to clear entirely the global_costmap
[robot_mission_runner-4] [INFO] [1780120697.796996566] [robot_mission_runner]: Navigating to goal: -41.5 -8.1...
[component_container_isolated-2] [INFO] [1780120697.797647418] [bt_navigator]: Begin navigating from current location (9.00, -52.33) to (-41.50, -8.10)
[vlm_node-3] [INFO] [1780120697.802705185] [vlm_node]: Goal received with prompt: Check if there are any small hazards on the ground that would cause harm to the robot if it navigated over it OR the area is blocked by large objects that make it impassable. If so respond only yes. Otherwise, respond no.
[component_container_isolated-2] [WARN] [1780120698.137067925] [planner_server]: Planner loop missed its desired rate of 999999999.0000 Hz. Current loop rate is 2.9412 Hz
[component_container_isolated-2] [INFO] [1780120698.149402588] [controller_server]: Received a goal, begin computing control effort.
[component_container_isolated-2] [WARN] [1780120699.204544490] [planner_server]: Planner loop missed its desired rate of 999999999.0000 Hz. Current loop rate is 25.0000 Hz
[component_container_isolated-2] [INFO] [1780120699.249615583] [controller_server]: Passing new path to controller.
[component_container_isolated-2] [WARN] [1780120699.652902018] [controller_server]: Control loop missed its desired rate of 30.0000 Hz. Current loop rate is 25.0000 Hz.
[component_container_isolated-2] [WARN] [1780120699.857692457] [controller_server]: Control loop missed its desired rate of 30.0000 Hz. Current loop rate is 20.0000 Hz.
[component_container_isolated-2] [WARN] [1780120700.268222483] [planner_server]: Planner loop missed its desired rate of 999999999.0000 Hz. Current loop rate is 16.6667 Hz
[component_container_isolated-2] [INFO] [1780120700.291155434] [controller_server]: Passing new path to controller.
[component_container_isolated-2] [WARN] [1780120701.337390211] [planner_server]: Planner loop missed its desired rate of 999999999.0000 Hz. Current loop rate is 25.0000 Hz
[component_container_isolated-2] [INFO] [1780120701.357829775] [controller_server]: Passing new path to controller.
[component_container_isolated-2] [WARN] [1780120702.365084121] [planner_server]: Planner loop missed its desired rate of 999999999.0000 Hz. Current loop rate is 33.3333 Hz
[component_container_isolated-2] [INFO] [1780120702.391178174] [controller_server]: Passing new path to controller.
[robot_mission_runner-4] [INFO] [1780120702.925980029] [robot_mission_runner]: Pose: (5.72, -50.22), Elapsed: 5s, ETA: 59s, Dist remaining: 89.12m
[component_container_isolated-2] [WARN] [1780120703.458955119] [planner_server]: Planner loop missed its desired rate of 999999999.0000 Hz. Current loop rate is 12.5000 Hz
[component_container_isolated-2] [INFO] [1780120703.491168977] [controller_server]: Passing new path to controller.
[component_container_isolated-2] [WARN] [1780120704.511132141] [planner_server]: Planner loop missed its desired rate of 999999999.0000 Hz. Current loop rate is 50.0000 Hz
[component_container_isolated-2] [INFO] [1780120704.557830429] [controller_server]: Passing new path to controller.
[component_container_isolated-2] [WARN] [1780120705.572306565] [planner_server]: Planner loop missed its desired rate of 999999999.0000 Hz. Current loop rate is 33.3333 Hz
[component_container_isolated-2] [INFO] [1780120705.591163953] [controller_server]: Passing new path to controller.
[component_container_isolated-2] [WARN] [1780120706.645155675] [planner_server]: Planner loop missed its desired rate of 999999999.0000 Hz. Current loop rate is 20.0000 Hz
[component_container_isolated-2] [INFO] [1780120706.691155460] [controller_server]: Passing new path to controller.
[component_container_isolated-2] [WARN] [1780120707.747139342] [planner_server]: Planner loop missed its desired rate of 999999999.0000 Hz. Current loop rate is 12.5000 Hz
[component_container_isolated-2] [INFO] [1780120707.791155487] [controller_server]: Passing new path to controller.
[robot_mission_runner-4] [INFO] [1780120707.947091624] [robot_mission_runner]: Pose: (-1.83, -50.24), Elapsed: 10s, ETA: 54s, Dist remaining: 81.56m
[component_container_isolated-2] [WARN] [1780120708.161797142] [controller_server]: Control loop missed its desired rate of 30.0000 Hz. Current loop rate is 25.0000 Hz.
[component_container_isolated-2] [WARN] [1780120708.235916415] [controller_server]: Control loop missed its desired rate of 30.0000 Hz. Current loop rate is 25.0000 Hz.
[component_container_isolated-2] [WARN] [1780120708.344266725] [controller_server]: Control loop missed its desired rate of 30.0000 Hz. Current loop rate is 25.0000 Hz.
[component_container_isolated-2] [WARN] [1780120708.545724515] [controller_server]: Control loop missed its desired rate of 30.0000 Hz. Current loop rate is 25.0000 Hz.
[component_container_isolated-2] [WARN] [1780120708.816257422] [planner_server]: Planner loop missed its desired rate of 999999999.0000 Hz. Current loop rate is 20.0000 Hz
[component_container_isolated-2] [INFO] [1780120708.845872639] [controller_server]: Passing new path to controller.
[component_container_isolated-2] [WARN] [1780120709.944390877] [planner_server]: Planner loop missed its desired rate of 999999999.0000 Hz. Current loop rate is 10.0000 Hz
[component_container_isolated-2] [INFO] [1780120709.979208848] [controller_server]: Passing new path to controller.
[component_container_isolated-2] [WARN] [1780120710.985529889] [planner_server]: Planner loop missed its desired rate of 999999999.0000 Hz. Current loop rate is 50.0000 Hz
[component_container_isolated-2] [INFO] [1780120711.012553958] [controller_server]: Passing new path to controller.
[component_container_isolated-2] [WARN] [1780120712.045208113] [planner_server]: Planner loop missed its desired rate of 999999999.0000 Hz. Current loop rate is 25.0000 Hz
[component_container_isolated-2] [INFO] [1780120712.079203079] [controller_server]: Passing new path to controller.
[robot_mission_runner-4] [INFO] [1780120712.964128595] [robot_mission_runner]: Pose: (-9.35, -50.26), Elapsed: 15s, ETA: 49s, Dist remaining: 74.04m
[component_container_isolated-2] [WARN] [1780120713.103705738] [planner_server]: Planner loop missed its desired rate of 999999999.0000 Hz. Current loop rate is 25.0000 Hz
[component_container_isolated-2] [INFO] [1780120713.145890252] [controller_server]: Passing new path to controller.
[component_container_isolated-2] [WARN] [1780120714.150675300] [planner_server]: Planner loop missed its desired rate of 999999999.0000 Hz. Current loop rate is 33.3333 Hz
[component_container_isolated-2] [INFO] [1780120714.179222330] [controller_server]: Passing new path to controller.
[component_container_isolated-2] [WARN] [1780120715.186389429] [planner_server]: Planner loop missed its desired rate of 999999999.0000 Hz. Current loop rate is 50.0000 Hz
[component_container_isolated-2] [INFO] [1780120715.212543758] [controller_server]: Passing new path to controller.
[component_container_isolated-2] [WARN] [1780120716.240225632] [planner_server]: Planner loop missed its desired rate of 999999999.0000 Hz. Current loop rate is 25.0000 Hz
[component_container_isolated-2] [INFO] [1780120716.279205620] [controller_server]: Passing new path to controller.
[component_container_isolated-2] [WARN] [1780120717.290387327] [planner_server]: Planner loop missed its desired rate of 999999999.0000 Hz. Current loop rate is 50.0000 Hz
[component_container_isolated-2] [INFO] [1780120717.312553523] [controller_server]: Passing new path to controller.
[robot_mission_runner-4] [INFO] [1780120717.984110913] [robot_mission_runner]: Pose: (-16.88, -50.29), Elapsed: 20s, ETA: 44s, Dist remaining: 66.65m
[component_container_isolated-2] [WARN] [1780120718.341651914] [planner_server]: Planner loop missed its desired rate of 999999999.0000 Hz. Current loop rate is 25.0000 Hz
[component_container_isolated-2] [INFO] [1780120718.379205212] [controller_server]: Passing new path to controller.
[component_container_isolated-2] [WARN] [1780120718.851699645] [controller_server]: Control loop missed its desired rate of 30.0000 Hz. Current loop rate is 25.0000 Hz.
[component_container_isolated-2] [WARN] [1780120719.252371785] [controller_server]: Control loop missed its desired rate of 30.0000 Hz. Current loop rate is 25.0000 Hz.
[component_container_isolated-2] [WARN] [1780120719.400228290] [planner_server]: Planner loop missed its desired rate of 999999999.0000 Hz. Current loop rate is 33.3333 Hz
[component_container_isolated-2] [INFO] [1780120719.419854671] [controller_server]: Passing new path to controller.
[component_container_isolated-2] [WARN] [1780120720.459242060] [planner_server]: Planner loop missed its desired rate of 999999999.0000 Hz. Current loop rate is 25.0000 Hz
[component_container_isolated-2] [INFO] [1780120720.486515652] [controller_server]: Passing new path to controller.
[component_container_isolated-2] [WARN] [1780120721.494108625] [planner_server]: Planner loop missed its desired rate of 999999999.0000 Hz. Current loop rate is 50.0000 Hz
[component_container_isolated-2] [INFO] [1780120721.520014317] [controller_server]: Passing new path to controller.
[component_container_isolated-2] [WARN] [1780120722.584014743] [planner_server]: Planner loop missed its desired rate of 999999999.0000 Hz. Current loop rate is 14.2857 Hz
[component_container_isolated-2] [INFO] [1780120722.619849720] [controller_server]: Passing new path to controller.
[robot_mission_runner-4] [INFO] [1780120723.002289137] [robot_mission_runner]: Pose: (-24.40, -50.28), Elapsed: 25s, ETA: 39s, Dist remaining: 58.80m
[component_container_isolated-2] [WARN] [1780120723.654040900] [controller_server]: Control loop missed its desired rate of 30.0000 Hz. Current loop rate is 33.3333 Hz.
[component_container_isolated-2] [WARN] [1780120723.958953076] [planner_server]: Planner loop missed its desired rate of 999999999.0000 Hz. Current loop rate is 2.8571 Hz
[component_container_isolated-2] [INFO] [1780120723.987532566] [controller_server]: Passing new path to controller.
[component_container_isolated-2] [WARN] [1780120724.356623427] [controller_server]: Control loop missed its desired rate of 30.0000 Hz. Current loop rate is 25.0000 Hz.
[component_container_isolated-2] [WARN] [1780120724.756887439] [controller_server]: Control loop missed its desired rate of 30.0000 Hz. Current loop rate is 25.0000 Hz.
[component_container_isolated-2] [WARN] [1780120724.857388159] [controller_server]: Control loop missed its desired rate of 30.0000 Hz. Current loop rate is 25.0000 Hz.
[component_container_isolated-2] [WARN] [1780120724.995563871] [planner_server]: Planner loop missed its desired rate of 999999999.0000 Hz. Current loop rate is 50.0000 Hz
[component_container_isolated-2] [INFO] [1780120725.024952580] [controller_server]: Passing new path to controller.
[component_container_isolated-2] [WARN] [1780120725.737714173] [controller_server]: Control loop missed its desired rate of 30.0000 Hz. Current loop rate is 20.0000 Hz.
[component_container_isolated-2] [WARN] [1780120725.843110213] [controller_server]: Control loop missed its desired rate of 30.0000 Hz. Current loop rate is 25.0000 Hz.
[component_container_isolated-2] [WARN] [1780120726.043233211] [planner_server]: Planner loop missed its desired rate of 999999999.0000 Hz. Current loop rate is 33.3333 Hz
[component_container_isolated-2] [INFO] [1780120726.076588255] [controller_server]: Passing new path to controller.
[vlm_node-3] [WARN] [1780120726.944854392] [vlm_node]: VLM request failed on attempt 1: Request timed out.
[vlm_node-3] [INFO] [1780120726.945693203] [vlm_node]: VLM_QUERY|QueryBool|error|91.39|1|Request timed out.
[component_container_isolated-2] [WARN] [1780120727.088594550] [planner_server]: Planner loop missed its desired rate of 999999999.0000 Hz. Current loop rate is 33.3333 Hz
[component_container_isolated-2] [INFO] [1780120727.109911460] [controller_server]: Passing new path to controller.
[robot_mission_runner-4] [INFO] [1780120728.020820754] [robot_mission_runner]: Pose: (-31.91, -50.28), Elapsed: 30s, ETA: 34s, Dist remaining: 51.21m
[component_container_isolated-2] [WARN] [1780120728.151395262] [planner_server]: Planner loop missed its desired rate of 999999999.0000 Hz. Current loop rate is 25.0000 Hz
[component_container_isolated-2] [INFO] [1780120728.176576636] [controller_server]: Passing new path to controller.
[component_container_isolated-2] [WARN] [1780120729.187846289] [planner_server]: Planner loop missed its desired rate of 999999999.0000 Hz. Current loop rate is 33.3333 Hz
[component_container_isolated-2] [INFO] [1780120729.209913054] [controller_server]: Passing new path to controller.
[component_container_isolated-2] [WARN] [1780120730.222834650] [planner_server]: Planner loop missed its desired rate of 999999999.0000 Hz. Current loop rate is 33.3333 Hz
[component_container_isolated-2] [WARN] [1780120730.250937450] [controller_server]: Control loop missed its desired rate of 30.0000 Hz. Current loop rate is 25.0000 Hz.
[component_container_isolated-2] [INFO] [1780120730.251021202] [controller_server]: Passing new path to controller.
[component_container_isolated-2] [WARN] [1780120730.353673870] [controller_server]: Control loop missed its desired rate of 30.0000 Hz. Current loop rate is 50.0000 Hz.
[component_container_isolated-2] [WARN] [1780120730.455444030] [controller_server]: Control loop missed its desired rate of 30.0000 Hz. Current loop rate is 25.0000 Hz.
[component_container_isolated-2] [WARN] [1780120730.758471102] [controller_server]: Control loop missed its desired rate of 30.0000 Hz. Current loop rate is 33.3333 Hz.
[component_container_isolated-2] [WARN] [1780120730.840599458] [controller_server]: Control loop missed its desired rate of 30.0000 Hz. Current loop rate is 25.0000 Hz.
[component_container_isolated-2] [WARN] [1780120731.146106227] [controller_server]: Control loop missed its desired rate of 30.0000 Hz. Current loop rate is 33.3333 Hz.
[component_container_isolated-2] [WARN] [1780120731.250865213] [controller_server]: Control loop missed its desired rate of 30.0000 Hz. Current loop rate is 33.3333 Hz.
[component_container_isolated-2] [WARN] [1780120731.273803040] [planner_server]: Planner loop missed its desired rate of 999999999.0000 Hz. Current loop rate is 33.3333 Hz
[component_container_isolated-2] [INFO] [1780120731.318658932] [controller_server]: Passing new path to controller.
[component_container_isolated-2] [WARN] [1780120731.355375303] [controller_server]: Control loop missed its desired rate of 30.0000 Hz. Current loop rate is 25.0000 Hz.
[component_container_isolated-2] [WARN] [1780120731.656603164] [controller_server]: Control loop missed its desired rate of 30.0000 Hz. Current loop rate is 33.3333 Hz.
[component_container_isolated-2] [WARN] [1780120732.318659437] [planner_server]: Planner loop missed its desired rate of 999999999.0000 Hz. Current loop rate is 50.0000 Hz
[component_container_isolated-2] [INFO] [1780120732.357550215] [controller_server]: Passing new path to controller.
[robot_mission_runner-4] [INFO] [1780120733.246449476] [robot_mission_runner]: Pose: (-39.57, -49.55), Elapsed: 35s, ETA: 29s, Dist remaining: 43.63m
[component_container_isolated-2] [WARN] [1780120733.379143727] [planner_server]: Planner loop missed its desired rate of 999999999.0000 Hz. Current loop rate is 25.0000 Hz
[component_container_isolated-2] [INFO] [1780120733.424218190] [controller_server]: Passing new path to controller.
[component_container_isolated-2] [WARN] [1780120734.453899529] [planner_server]: Planner loop missed its desired rate of 999999999.0000 Hz. Current loop rate is 20.0000 Hz
[component_container_isolated-2] [INFO] [1780120734.490878296] [controller_server]: Passing new path to controller.
[component_container_isolated-2] [WARN] [1780120735.367149959] [controller_server]: Control loop missed its desired rate of 30.0000 Hz. Current loop rate is 25.0000 Hz.
[component_container_isolated-2] [WARN] [1780120735.440276134] [controller_server]: Control loop missed its desired rate of 30.0000 Hz. Current loop rate is 25.0000 Hz.
[component_container_isolated-2] [WARN] [1780120735.499310868] [planner_server]: Planner loop missed its desired rate of 999999999.0000 Hz. Current loop rate is 50.0000 Hz
[component_container_isolated-2] [WARN] [1780120735.543676681] [controller_server]: Control loop missed its desired rate of 30.0000 Hz. Current loop rate is 33.3333 Hz.
[component_container_isolated-2] [INFO] [1780120735.543729469] [controller_server]: Passing new path to controller.
[component_container_isolated-2] [WARN] [1780120735.846610425] [controller_server]: Control loop missed its desired rate of 30.0000 Hz. Current loop rate is 25.0000 Hz.
[component_container_isolated-2] [WARN] [1780120736.542353401] [planner_server]: Planner loop missed its desired rate of 999999999.0000 Hz. Current loop rate is 100.0000 Hz
[component_container_isolated-2] [INFO] [1780120736.581319984] [controller_server]: Passing new path to controller.
[component_container_isolated-2] [WARN] [1780120737.577237877] [planner_server]: Planner loop missed its desired rate of 999999999.0000 Hz. Current loop rate is 100.0000 Hz
[component_container_isolated-2] [INFO] [1780120737.614133484] [controller_server]: Passing new path to controller.
[robot_mission_runner-4] [INFO] [1780120738.268192015] [robot_mission_runner]: Pose: (-42.38, -43.00), Elapsed: 40s, ETA: 23s, Dist remaining: 35.89m
[component_container_isolated-2] [WARN] [1780120738.597907791] [planner_server]: Planner loop missed its desired rate of 999999999.0000 Hz. Current loop rate is 100.0000 Hz
[component_container_isolated-2] [INFO] [1780120738.647880967] [controller_server]: Passing new path to controller.
[component_container_isolated-2] [WARN] [1780120739.641706602] [planner_server]: Planner loop missed its desired rate of 999999999.0000 Hz. Current loop rate is 100.0000 Hz
[component_container_isolated-2] [INFO] [1780120739.682475016] [controller_server]: Passing new path to controller.
[component_container_isolated-2] [WARN] [1780120740.677848067] [planner_server]: Planner loop missed its desired rate of 999999999.0000 Hz. Current loop rate is 100.0000 Hz
[component_container_isolated-2] [INFO] [1780120740.714127915] [controller_server]: Passing new path to controller.
[component_container_isolated-2] [WARN] [1780120741.710215407] [planner_server]: Planner loop missed its desired rate of 999999999.0000 Hz. Current loop rate is 100.0000 Hz
[component_container_isolated-2] [INFO] [1780120741.747458753] [controller_server]: Passing new path to controller.
[component_container_isolated-2] [WARN] [1780120742.249257897] [controller_server]: Control loop missed its desired rate of 30.0000 Hz. Current loop rate is 50.0000 Hz.
[component_container_isolated-2] [WARN] [1780120742.741028483] [planner_server]: Planner loop missed its desired rate of 999999999.0000 Hz. Current loop rate is 100.0000 Hz
[component_container_isolated-2] [INFO] [1780120742.783424126] [controller_server]: Passing new path to controller.
[robot_mission_runner-4] [INFO] [1780120743.292632206] [robot_mission_runner]: Pose: (-42.38, -35.45), Elapsed: 45s, ETA: 18s, Dist remaining: 28.41m
[component_container_isolated-2] [WARN] [1780120743.766358237] [planner_server]: Planner loop missed its desired rate of 999999999.0000 Hz. Current loop rate is 100.0000 Hz
[component_container_isolated-2] [INFO] [1780120743.783423061] [controller_server]: Passing new path to controller.
[component_container_isolated-2] [WARN] [1780120744.267538986] [controller_server]: Control loop missed its desired rate of 30.0000 Hz. Current loop rate is 20.0000 Hz.
[component_container_isolated-2] [WARN] [1780120744.348585802] [controller_server]: Control loop missed its desired rate of 30.0000 Hz. Current loop rate is 25.0000 Hz.
[component_container_isolated-2] [WARN] [1780120744.659915979] [controller_server]: Control loop missed its desired rate of 30.0000 Hz. Current loop rate is 25.0000 Hz.
[component_container_isolated-2] [WARN] [1780120744.752267021] [controller_server]: Control loop missed its desired rate of 30.0000 Hz. Current loop rate is 20.0000 Hz.
[component_container_isolated-2] [WARN] [1780120744.796456085] [planner_server]: Planner loop missed its desired rate of 999999999.0000 Hz. Current loop rate is 100.0000 Hz
[component_container_isolated-2] [INFO] [1780120744.819078252] [controller_server]: Passing new path to controller.
[component_container_isolated-2] [WARN] [1780120744.863317485] [controller_server]: Control loop missed its desired rate of 30.0000 Hz. Current loop rate is 25.0000 Hz.
[component_container_isolated-2] [WARN] [1780120744.952610324] [controller_server]: Control loop missed its desired rate of 30.0000 Hz. Current loop rate is 20.0000 Hz.
[component_container_isolated-2] [WARN] [1780120745.054137847] [controller_server]: Control loop missed its desired rate of 30.0000 Hz. Current loop rate is 33.3333 Hz.
[component_container_isolated-2] [WARN] [1780120745.156143217] [controller_server]: Control loop missed its desired rate of 30.0000 Hz. Current loop rate is 25.0000 Hz.
[component_container_isolated-2] [WARN] [1780120745.259576077] [controller_server]: Control loop missed its desired rate of 30.0000 Hz. Current loop rate is 33.3333 Hz.
[component_container_isolated-2] [WARN] [1780120745.335274964] [controller_server]: Control loop missed its desired rate of 30.0000 Hz. Current loop rate is 20.0000 Hz.
[component_container_isolated-2] [WARN] [1780120745.541198056] [controller_server]: Control loop missed its desired rate of 30.0000 Hz. Current loop rate is 25.0000 Hz.
[component_container_isolated-2] [WARN] [1780120745.643324041] [controller_server]: Control loop missed its desired rate of 30.0000 Hz. Current loop rate is 33.3333 Hz.
[component_container_isolated-2] [WARN] [1780120745.818455601] [planner_server]: Planner loop missed its desired rate of 999999999.0000 Hz. Current loop rate is 100.0000 Hz
[component_container_isolated-2] [WARN] [1780120745.849316403] [controller_server]: Control loop missed its desired rate of 30.0000 Hz. Current loop rate is 25.0000 Hz.
[component_container_isolated-2] [INFO] [1780120745.849372635] [controller_server]: Passing new path to controller.
[component_container_isolated-2] [WARN] [1780120745.963821800] [controller_server]: Control loop missed its desired rate of 30.0000 Hz. Current loop rate is 25.0000 Hz.
[component_container_isolated-2] [WARN] [1780120746.044151302] [controller_server]: Control loop missed its desired rate of 30.0000 Hz. Current loop rate is 25.0000 Hz.
[component_container_isolated-2] [WARN] [1780120746.147477342] [controller_server]: Control loop missed its desired rate of 30.0000 Hz. Current loop rate is 33.3333 Hz.
[component_container_isolated-2] [WARN] [1780120746.248864944] [controller_server]: Control loop missed its desired rate of 30.0000 Hz. Current loop rate is 33.3333 Hz.
[component_container_isolated-2] [INFO] [1780120746.882302125] [controller_server]: Passing new path to controller.
[component_container_isolated-2] [WARN] [1780120747.869395488] [planner_server]: Planner loop missed its desired rate of 999999999.0000 Hz. Current loop rate is 100.0000 Hz
[component_container_isolated-2] [INFO] [1780120747.915634685] [controller_server]: Passing new path to controller.
[component_container_isolated-2] [WARN] [1780120748.255106739] [controller_server]: Control loop missed its desired rate of 30.0000 Hz. Current loop rate is 25.0000 Hz.
[robot_mission_runner-4] [INFO] [1780120748.319904939] [robot_mission_runner]: Pose: (-42.21, -27.93), Elapsed: 50s, ETA: 13s, Dist remaining: 20.77m
[component_container_isolated-2] [WARN] [1780120748.359046106] [controller_server]: Control loop missed its desired rate of 30.0000 Hz. Current loop rate is 25.0000 Hz.
[component_container_isolated-2] [WARN] [1780120748.441804127] [controller_server]: Control loop missed its desired rate of 30.0000 Hz. Current loop rate is 20.0000 Hz.
[component_container_isolated-2] [WARN] [1780120748.643573548] [controller_server]: Control loop missed its desired rate of 30.0000 Hz. Current loop rate is 33.3333 Hz.
[component_container_isolated-2] [WARN] [1780120748.747980684] [controller_server]: Control loop missed its desired rate of 30.0000 Hz. Current loop rate is 33.3333 Hz.
[component_container_isolated-2] [WARN] [1780120748.965223675] [planner_server]: Planner loop missed its desired rate of 999999999.0000 Hz. Current loop rate is 14.2857 Hz
[component_container_isolated-2] [INFO] [1780120748.981449844] [controller_server]: Passing new path to controller.
[component_container_isolated-2] [INFO] [1780120750.014776074] [controller_server]: Passing new path to controller.
[component_container_isolated-2] [WARN] [1780120750.450051859] [controller_server]: Control loop missed its desired rate of 30.0000 Hz. Current loop rate is 50.0000 Hz.
[component_container_isolated-2] [WARN] [1780120750.668724393] [controller_server]: Control loop missed its desired rate of 30.0000 Hz. Current loop rate is 20.0000 Hz.
[component_container_isolated-2] [WARN] [1780120750.743046683] [controller_server]: Control loop missed its desired rate of 30.0000 Hz. Current loop rate is 25.0000 Hz.
[component_container_isolated-2] [WARN] [1780120750.852130238] [controller_server]: Control loop missed its desired rate of 30.0000 Hz. Current loop rate is 25.0000 Hz.
[component_container_isolated-2] [WARN] [1780120751.013896911] [planner_server]: Planner loop missed its desired rate of 999999999.0000 Hz. Current loop rate is 100.0000 Hz
[component_container_isolated-2] [WARN] [1780120751.056700377] [controller_server]: Control loop missed its desired rate of 30.0000 Hz. Current loop rate is 25.0000 Hz.
[component_container_isolated-2] [INFO] [1780120751.057441686] [controller_server]: Passing new path to controller.
[component_container_isolated-2] [INFO] [1780120752.090783489] [controller_server]: Passing new path to controller.
[component_container_isolated-2] [WARN] [1780120753.074723478] [planner_server]: Planner loop missed its desired rate of 999999999.0000 Hz. Current loop rate is 100.0000 Hz
[component_container_isolated-2] [WARN] [1780120753.079661767] [controller_server]: Control loop missed its desired rate of 30.0000 Hz. Current loop rate is 16.6667 Hz.
[component_container_isolated-2] [INFO] [1780120753.113771170] [controller_server]: Passing new path to controller.
[component_container_isolated-2] [WARN] [1780120753.149427043] [controller_server]: Control loop missed its desired rate of 30.0000 Hz. Current loop rate is 25.0000 Hz.
[robot_mission_runner-4] [INFO] [1780120753.340932090] [robot_mission_runner]: Pose: (-42.24, -20.40), Elapsed: 55s, ETA: 8s, Dist remaining: 13.20m
[component_container_isolated-2] [INFO] [1780120754.116181654] [controller_server]: Passing new path to controller.
[component_container_isolated-2] [WARN] [1780120754.153995099] [controller_server]: Control loop missed its desired rate of 30.0000 Hz. Current loop rate is 25.0000 Hz.
[component_container_isolated-2] [WARN] [1780120754.274444329] [controller_server]: Control loop missed its desired rate of 30.0000 Hz. Current loop rate is 20.0000 Hz.
[component_container_isolated-2] [WARN] [1780120754.345677343] [controller_server]: Control loop missed its desired rate of 30.0000 Hz. Current loop rate is 33.3333 Hz.
[component_container_isolated-2] [WARN] [1780120754.652202989] [controller_server]: Control loop missed its desired rate of 30.0000 Hz. Current loop rate is 25.0000 Hz.
[component_container_isolated-2] [WARN] [1780120754.855355789] [controller_server]: Control loop missed its desired rate of 30.0000 Hz. Current loop rate is 33.3333 Hz.
[component_container_isolated-2] [INFO] [1780120755.122171376] [controller_server]: Passing new path to controller.
[component_container_isolated-2] [INFO] [1780120756.155493650] [controller_server]: Passing new path to controller.
[component_container_isolated-2] [INFO] [1780120757.188833548] [controller_server]: Passing new path to controller.
[component_container_isolated-2] [INFO] [1780120758.222169921] [controller_server]: Passing new path to controller.
[robot_mission_runner-4] [INFO] [1780120758.362048924] [robot_mission_runner]: Pose: (-42.15, -12.89), Elapsed: 60s, ETA: 3s, Dist remaining: 5.74m
[component_container_isolated-2] [INFO] [1780120759.222167676] [controller_server]: Passing new path to controller.
[component_container_isolated-2] [WARN] [1780120759.956908667] [controller_server]: Control loop missed its desired rate of 30.0000 Hz. Current loop rate is 33.3333 Hz.
[component_container_isolated-2] [WARN] [1780120760.064779352] [controller_server]: Control loop missed its desired rate of 30.0000 Hz. Current loop rate is 25.0000 Hz.
[component_container_isolated-2] [WARN] [1780120760.240260192] [controller_server]: Control loop missed its desired rate of 30.0000 Hz. Current loop rate is 25.0000 Hz.
[component_container_isolated-2] [INFO] [1780120760.240324704] [controller_server]: Passing new path to controller.
[component_container_isolated-2] [WARN] [1780120761.041882145] [controller_server]: Control loop missed its desired rate of 30.0000 Hz. Current loop rate is 25.0000 Hz.
[component_container_isolated-2] [INFO] [1780120761.275999328] [controller_server]: Passing new path to controller.
[component_container_isolated-2] [WARN] [1780120761.643887074] [controller_server]: Control loop missed its desired rate of 30.0000 Hz. Current loop rate is 33.3333 Hz.
[component_container_isolated-2] [WARN] [1780120761.850966630] [controller_server]: Control loop missed its desired rate of 30.0000 Hz. Current loop rate is 25.0000 Hz.
[component_container_isolated-2] [WARN] [1780120761.958437860] [controller_server]: Control loop missed its desired rate of 30.0000 Hz. Current loop rate is 33.3333 Hz.
[component_container_isolated-2] [WARN] [1780120762.036334114] [controller_server]: Control loop missed its desired rate of 30.0000 Hz. Current loop rate is 25.0000 Hz.
[component_container_isolated-2] [WARN] [1780120762.281937197] [planner_server]: Planner loop missed its desired rate of 999999999.0000 Hz. Current loop rate is 100.0000 Hz
[component_container_isolated-2] [INFO] [1780120762.303118894] [controller_server]: Passing new path to controller.
[component_container_isolated-2] [WARN] [1780120762.536762327] [controller_server]: Control loop missed its desired rate of 30.0000 Hz. Current loop rate is 33.3333 Hz.
[component_container_isolated-2] [WARN] [1780120762.640178285] [controller_server]: Control loop missed its desired rate of 30.0000 Hz. Current loop rate is 25.0000 Hz.
[component_container_isolated-2] [WARN] [1780120762.840297671] [controller_server]: Control loop missed its desired rate of 30.0000 Hz. Current loop rate is 25.0000 Hz.
[component_container_isolated-2] [WARN] [1780120762.945761952] [controller_server]: Control loop missed its desired rate of 30.0000 Hz. Current loop rate is 25.0000 Hz.
[component_container_isolated-2] [INFO] [1780120763.345895219] [controller_server]: Passing new path to controller.
[robot_mission_runner-4] [INFO] [1780120763.384074050] [robot_mission_runner]: Pose: (-41.48, -8.92), Elapsed: 65s, ETA: 4s, Dist remaining: 1.89m
[component_container_isolated-2] [INFO] [1780120764.379230844] [controller_server]: Passing new path to controller.
[component_container_isolated-2] [INFO] [1780120765.379236126] [controller_server]: Passing new path to controller.
[component_container_isolated-2] [WARN] [1780120766.381001944] [planner_server]: Planner loop missed its desired rate of 999999999.0000 Hz. Current loop rate is 50.0000 Hz
[component_container_isolated-2] [INFO] [1780120766.412566689] [controller_server]: Passing new path to controller.
[component_container_isolated-2] [WARN] [1780120767.047598282] [controller_server]: Control loop missed its desired rate of 30.0000 Hz. Current loop rate is 33.3333 Hz.
[component_container_isolated-2] [WARN] [1780120767.350398509] [controller_server]: Control loop missed its desired rate of 30.0000 Hz. Current loop rate is 25.0000 Hz.
[component_container_isolated-2] [WARN] [1780120767.439842497] [planner_server]: Planner loop missed its desired rate of 999999999.0000 Hz. Current loop rate is 25.0000 Hz
[component_container_isolated-2] [INFO] [1780120767.483861790] [controller_server]: Passing new path to controller.
[component_container_isolated-2] [WARN] [1780120767.755164479] [controller_server]: Control loop missed its desired rate of 30.0000 Hz. Current loop rate is 25.0000 Hz.
[component_container_isolated-2] [WARN] [1780120768.257549321] [controller_server]: Control loop missed its desired rate of 30.0000 Hz. Current loop rate is 33.3333 Hz.
[robot_mission_runner-4] [INFO] [1780120768.403720538] [robot_mission_runner]: Pose: (-41.04, -8.87), Elapsed: 70s, ETA: 63s, Dist remaining: 0.94m
[component_container_isolated-2] [INFO] [1780120768.491024997] [controller_server]: Passing new path to controller.
[component_container_isolated-2] [WARN] [1780120768.770184503] [controller_server]: Control loop missed its desired rate of 30.0000 Hz. Current loop rate is 25.0000 Hz.
[component_container_isolated-2] [WARN] [1780120768.850691497] [controller_server]: Control loop missed its desired rate of 30.0000 Hz. Current loop rate is 20.0000 Hz.
[component_container_isolated-2] [INFO] [1780120769.550810047] [controller_server]: Passing new path to controller.
[component_container_isolated-2] [WARN] [1780120770.350778812] [controller_server]: Control loop missed its desired rate of 30.0000 Hz. Current loop rate is 25.0000 Hz.
[component_container_isolated-2] [INFO] [1780120770.550908218] [controller_server]: Passing new path to controller.
[component_container_isolated-2] [WARN] [1780120771.542213420] [planner_server]: Planner loop missed its desired rate of 999999999.0000 Hz. Current loop rate is 100.0000 Hz
[component_container_isolated-2] [INFO] [1780120771.550904816] [controller_server]: Passing new path to controller.
[component_container_isolated-2] [WARN] [1780120771.657238899] [controller_server]: Control loop missed its desired rate of 30.0000 Hz. Current loop rate is 25.0000 Hz.
[component_container_isolated-2] [WARN] [1780120771.759005611] [controller_server]: Control loop missed its desired rate of 30.0000 Hz. Current loop rate is 25.0000 Hz.
[component_container_isolated-2] [WARN] [1780120771.839861779] [controller_server]: Control loop missed its desired rate of 30.0000 Hz. Current loop rate is 20.0000 Hz.
[component_container_isolated-2] [WARN] [1780120772.147388474] [controller_server]: Control loop missed its desired rate of 30.0000 Hz. Current loop rate is 25.0000 Hz.
[component_container_isolated-2] [WARN] [1780120772.249834627] [controller_server]: Control loop missed its desired rate of 30.0000 Hz. Current loop rate is 25.0000 Hz.
[component_container_isolated-2] [WARN] [1780120772.456018615] [controller_server]: Control loop missed its desired rate of 30.0000 Hz. Current loop rate is 25.0000 Hz.
[component_container_isolated-2] [WARN] [1780120772.559932006] [controller_server]: Control loop missed its desired rate of 30.0000 Hz. Current loop rate is 25.0000 Hz.
[component_container_isolated-2] [WARN] [1780120772.561156282] [planner_server]: Planner loop missed its desired rate of 999999999.0000 Hz. Current loop rate is 100.0000 Hz
[component_container_isolated-2] [INFO] [1780120772.593427925] [controller_server]: Passing new path to controller.
[component_container_isolated-2] [WARN] [1780120772.639934316] [controller_server]: Control loop missed its desired rate of 30.0000 Hz. Current loop rate is 20.0000 Hz.
[component_container_isolated-2] [WARN] [1780120772.740661049] [controller_server]: Control loop missed its desired rate of 30.0000 Hz. Current loop rate is 25.0000 Hz.
[component_container_isolated-2] [WARN] [1780120772.843986838] [controller_server]: Control loop missed its desired rate of 30.0000 Hz. Current loop rate is 25.0000 Hz.
[component_container_isolated-2] [WARN] [1780120773.050451786] [controller_server]: Control loop missed its desired rate of 30.0000 Hz. Current loop rate is 25.0000 Hz.
[component_container_isolated-2] [WARN] [1780120773.160897948] [controller_server]: Control loop missed its desired rate of 30.0000 Hz. Current loop rate is 20.0000 Hz.
[component_container_isolated-2] [WARN] [1780120773.244786821] [controller_server]: Control loop missed its desired rate of 30.0000 Hz. Current loop rate is 20.0000 Hz.
[robot_mission_runner-4] [INFO] [1780120773.421405088] [robot_mission_runner]: Pose: (-40.74, -8.62), Elapsed: 75s, ETA: 39s, Dist remaining: 1.87m
[component_container_isolated-2] [WARN] [1780120773.583183450] [planner_server]: Planner loop missed its desired rate of 999999999.0000 Hz. Current loop rate is 100.0000 Hz
[component_container_isolated-2] [INFO] [1780120773.611588055] [controller_server]: Passing new path to controller.
[component_container_isolated-2] [WARN] [1780120774.145963771] [controller_server]: Control loop missed its desired rate of 30.0000 Hz. Current loop rate is 33.3333 Hz.
[component_container_isolated-2] [WARN] [1780120774.602158867] [planner_server]: Planner loop missed its desired rate of 999999999.0000 Hz. Current loop rate is 100.0000 Hz
[component_container_isolated-2] [INFO] [1780120774.646103193] [controller_server]: Passing new path to controller.
[component_container_isolated-2] [WARN] [1780120774.953702164] [controller_server]: Control loop missed its desired rate of 30.0000 Hz. Current loop rate is 25.0000 Hz.
[component_container_isolated-2] [WARN] [1780120775.057603645] [controller_server]: Control loop missed its desired rate of 30.0000 Hz. Current loop rate is 33.3333 Hz.
[component_container_isolated-2] [WARN] [1780120775.165474835] [controller_server]: Control loop missed its desired rate of 30.0000 Hz. Current loop rate is 25.0000 Hz.
[component_container_isolated-2] [WARN] [1780120775.251727101] [controller_server]: Control loop missed its desired rate of 30.0000 Hz. Current loop rate is 20.0000 Hz.
[component_container_isolated-2] [WARN] [1780120775.357112143] [controller_server]: Control loop missed its desired rate of 30.0000 Hz. Current loop rate is 25.0000 Hz.
[component_container_isolated-2] [WARN] [1780120775.461772180] [controller_server]: Control loop missed its desired rate of 30.0000 Hz. Current loop rate is 25.0000 Hz.
[component_container_isolated-2] [WARN] [1780120775.543829768] [controller_server]: Control loop missed its desired rate of 30.0000 Hz. Current loop rate is 20.0000 Hz.
[component_container_isolated-2] [WARN] [1780120775.631120431] [planner_server]: Planner loop missed its desired rate of 999999999.0000 Hz. Current loop rate is 100.0000 Hz
[component_container_isolated-2] [INFO] [1780120775.677281915] [controller_server]: Passing new path to controller.
[component_container_isolated-2] [WARN] [1780120775.753406124] [controller_server]: Control loop missed its desired rate of 30.0000 Hz. Current loop rate is 25.0000 Hz.
[component_container_isolated-2] [WARN] [1780120775.867034488] [controller_server]: Control loop missed its desired rate of 30.0000 Hz. Current loop rate is 25.0000 Hz.
[component_container_isolated-2] [WARN] [1780120775.941398737] [controller_server]: Control loop missed its desired rate of 30.0000 Hz. Current loop rate is 25.0000 Hz.
[component_container_isolated-2] [WARN] [1780120776.047728545] [controller_server]: Control loop missed its desired rate of 30.0000 Hz. Current loop rate is 33.3333 Hz.
[component_container_isolated-2] [WARN] [1780120776.156965583] [controller_server]: Control loop missed its desired rate of 30.0000 Hz. Current loop rate is 25.0000 Hz.
[component_container_isolated-2] [WARN] [1780120776.272567756] [controller_server]: Control loop missed its desired rate of 30.0000 Hz. Current loop rate is 20.0000 Hz.
[component_container_isolated-2] [WARN] [1780120776.342919047] [controller_server]: Control loop missed its desired rate of 30.0000 Hz. Current loop rate is 25.0000 Hz.
[component_container_isolated-2] [INFO] [1780120776.676386956] [controller_server]: Passing new path to controller.
[component_container_isolated-2] [WARN] [1780120777.145616578] [controller_server]: Control loop missed its desired rate of 30.0000 Hz. Current loop rate is 33.3333 Hz.
[component_container_isolated-2] [WARN] [1780120777.357626845] [controller_server]: Control loop missed its desired rate of 30.0000 Hz. Current loop rate is 25.0000 Hz.
[component_container_isolated-2] [WARN] [1780120777.662697099] [controller_server]: Control loop missed its desired rate of 30.0000 Hz. Current loop rate is 25.0000 Hz.
[component_container_isolated-2] [INFO] [1780120777.696190127] [controller_server]: Passing new path to controller.
[component_container_isolated-2] [WARN] [1780120777.746363871] [controller_server]: Control loop missed its desired rate of 30.0000 Hz. Current loop rate is 20.0000 Hz.
[component_container_isolated-2] [WARN] [1780120777.861261268] [controller_server]: Control loop missed its desired rate of 30.0000 Hz. Current loop rate is 20.0000 Hz.
[component_container_isolated-2] [WARN] [1780120777.949209202] [controller_server]: Control loop missed its desired rate of 30.0000 Hz. Current loop rate is 16.6667 Hz.
[component_container_isolated-2] [WARN] [1780120778.050541740] [controller_server]: Control loop missed its desired rate of 30.0000 Hz. Current loop rate is 25.0000 Hz.
[component_container_isolated-2] [WARN] [1780120778.250728191] [controller_server]: Control loop missed its desired rate of 30.0000 Hz. Current loop rate is 25.0000 Hz.
[component_container_isolated-2] [WARN] [1780120778.355838730] [controller_server]: Control loop missed its desired rate of 30.0000 Hz. Current loop rate is 25.0000 Hz.
[robot_mission_runner-4] [INFO] [1780120778.440989240] [robot_mission_runner]: Pose: (-40.59, -8.37), Elapsed: 80s, ETA: 25s, Dist remaining: 1.96m
[component_container_isolated-2] [WARN] [1780120778.456014493] [controller_server]: Control loop missed its desired rate of 30.0000 Hz. Current loop rate is 33.3333 Hz.
[component_container_isolated-2] [INFO] [1780120778.722795792] [controller_server]: Passing new path to controller.
[component_container_isolated-2] [WARN] [1780120778.758052509] [controller_server]: Control loop missed its desired rate of 30.0000 Hz. Current loop rate is 25.0000 Hz.
[component_container_isolated-2] [WARN] [1780120778.867012641] [controller_server]: Control loop missed its desired rate of 30.0000 Hz. Current loop rate is 25.0000 Hz.
[component_container_isolated-2] [WARN] [1780120778.945125384] [controller_server]: Control loop missed its desired rate of 30.0000 Hz. Current loop rate is 16.6667 Hz.
[component_container_isolated-2] [WARN] [1780120779.052536256] [controller_server]: Control loop missed its desired rate of 30.0000 Hz. Current loop rate is 25.0000 Hz.
[component_container_isolated-2] [WARN] [1780120779.162195638] [controller_server]: Control loop missed its desired rate of 30.0000 Hz. Current loop rate is 25.0000 Hz.
[component_container_isolated-2] [WARN] [1780120779.229994692] [controller_server]: Control loop missed its desired rate of 30.0000 Hz. Current loop rate is 25.0000 Hz.
[component_container_isolated-2] [WARN] [1780120779.335585721] [controller_server]: Control loop missed its desired rate of 30.0000 Hz. Current loop rate is 20.0000 Hz.
[component_container_isolated-2] [WARN] [1780120779.441197407] [controller_server]: Control loop missed its desired rate of 30.0000 Hz. Current loop rate is 25.0000 Hz.
[component_container_isolated-2] [WARN] [1780120779.544810282] [controller_server]: Control loop missed its desired rate of 30.0000 Hz. Current loop rate is 33.3333 Hz.
[component_container_isolated-2] [WARN] [1780120779.650649999] [controller_server]: Control loop missed its desired rate of 30.0000 Hz. Current loop rate is 25.0000 Hz.
[component_container_isolated-2] [WARN] [1780120779.754865791] [controller_server]: Control loop missed its desired rate of 30.0000 Hz. Current loop rate is 33.3333 Hz.
[component_container_isolated-2] [INFO] [1780120779.754943053] [controller_server]: Passing new path to controller.
[component_container_isolated-2] [WARN] [1780120779.964391172] [controller_server]: Control loop missed its desired rate of 30.0000 Hz. Current loop rate is 25.0000 Hz.
[component_container_isolated-2] [WARN] [1780120780.144223275] [controller_server]: Control loop missed its desired rate of 30.0000 Hz. Current loop rate is 25.0000 Hz.
[component_container_isolated-2] [WARN] [1780120780.254248315] [controller_server]: Control loop missed its desired rate of 30.0000 Hz. Current loop rate is 25.0000 Hz.
[component_container_isolated-2] [WARN] [1780120780.368626311] [controller_server]: Control loop missed its desired rate of 30.0000 Hz. Current loop rate is 20.0000 Hz.
[component_container_isolated-2] [WARN] [1780120780.552792555] [controller_server]: Control loop missed its desired rate of 30.0000 Hz. Current loop rate is 20.0000 Hz.
[component_container_isolated-2] [WARN] [1780120780.666087192] [controller_server]: Control loop missed its desired rate of 30.0000 Hz. Current loop rate is 20.0000 Hz.
[component_container_isolated-2] [INFO] [1780120780.766234824] [controller_server]: Passing new path to controller.
[component_container_isolated-2] [WARN] [1780120780.844508988] [controller_server]: Control loop missed its desired rate of 30.0000 Hz. Current loop rate is 20.0000 Hz.
[component_container_isolated-2] [WARN] [1780120780.945896884] [controller_server]: Control loop missed its desired rate of 30.0000 Hz. Current loop rate is 25.0000 Hz.
[component_container_isolated-2] [INFO] [1780120781.780380357] [controller_server]: Passing new path to controller.
[component_container_isolated-2] [WARN] [1780120781.851565623] [controller_server]: Control loop missed its desired rate of 30.0000 Hz. Current loop rate is 25.0000 Hz.
[component_container_isolated-2] [WARN] [1780120781.959337869] [controller_server]: Control loop missed its desired rate of 30.0000 Hz. Current loop rate is 25.0000 Hz.
[component_container_isolated-2] [WARN] [1780120782.026689234] [controller_server]: Control loop missed its desired rate of 30.0000 Hz. Current loop rate is 25.0000 Hz.
[component_container_isolated-2] [WARN] [1780120782.126955572] [controller_server]: Control loop missed its desired rate of 30.0000 Hz. Current loop rate is 25.0000 Hz.
[component_container_isolated-2] [WARN] [1780120782.232152834] [controller_server]: Control loop missed its desired rate of 30.0000 Hz. Current loop rate is 25.0000 Hz.
[component_container_isolated-2] [WARN] [1780120782.334256925] [controller_server]: Control loop missed its desired rate of 30.0000 Hz. Current loop rate is 25.0000 Hz.
[component_container_isolated-2] [WARN] [1780120782.435174389] [controller_server]: Control loop missed its desired rate of 30.0000 Hz. Current loop rate is 25.0000 Hz.
[component_container_isolated-2] [WARN] [1780120782.535936914] [controller_server]: Control loop missed its desired rate of 30.0000 Hz. Current loop rate is 25.0000 Hz.
[component_container_isolated-2] [WARN] [1780120782.742677259] [controller_server]: Control loop missed its desired rate of 30.0000 Hz. Current loop rate is 25.0000 Hz.
[component_container_isolated-2] [INFO] [1780120782.842823424] [controller_server]: Passing new path to controller.
[component_container_isolated-2] [WARN] [1780120783.043342593] [controller_server]: Control loop missed its desired rate of 30.0000 Hz. Current loop rate is 33.3333 Hz.
[component_container_isolated-2] [WARN] [1780120783.244792815] [controller_server]: Control loop missed its desired rate of 30.0000 Hz. Current loop rate is 33.3333 Hz.
[robot_mission_runner-4] [INFO] [1780120783.659416805] [robot_mission_runner]: Pose: (-40.54, -8.15), Elapsed: 85s, ETA: 35s, Dist remaining: 2.13m
[component_container_isolated-2] [INFO] [1780120783.844938213] [controller_server]: Passing new path to controller.
[component_container_isolated-2] [WARN] [1780120784.145798884] [controller_server]: Control loop missed its desired rate of 30.0000 Hz. Current loop rate is 25.0000 Hz.
[component_container_isolated-2] [INFO] [1780120784.879281394] [controller_server]: Passing new path to controller.
[component_container_isolated-2] [WARN] [1780120785.359599836] [controller_server]: Control loop missed its desired rate of 30.0000 Hz. Current loop rate is 20.0000 Hz.
[component_container_isolated-2] [WARN] [1780120785.529263352] [controller_server]: Control loop missed its desired rate of 30.0000 Hz. Current loop rate is 25.0000 Hz.
[component_container_isolated-2] [WARN] [1780120785.642978226] [controller_server]: Control loop missed its desired rate of 30.0000 Hz. Current loop rate is 20.0000 Hz.
[component_container_isolated-2] [WARN] [1780120785.848931313] [controller_server]: Control loop missed its desired rate of 30.0000 Hz. Current loop rate is 25.0000 Hz.
[component_container_isolated-2] [INFO] [1780120785.882404542] [controller_server]: Passing new path to controller.
[component_container_isolated-2] [WARN] [1780120786.652625471] [controller_server]: Control loop missed its desired rate of 30.0000 Hz. Current loop rate is 33.3333 Hz.
[component_container_isolated-2] [WARN] [1780120786.762690818] [controller_server]: Control loop missed its desired rate of 30.0000 Hz. Current loop rate is 25.0000 Hz.
[component_container_isolated-2] [WARN] [1780120786.845551825] [controller_server]: Control loop missed its desired rate of 30.0000 Hz. Current loop rate is 20.0000 Hz.
[component_container_isolated-2] [WARN] [1780120786.927791443] [planner_server]: Planner loop missed its desired rate of 999999999.0000 Hz. Current loop rate is 33.3333 Hz
[component_container_isolated-2] [INFO] [1780120786.945682572] [controller_server]: Passing new path to controller.
[component_container_isolated-2] [WARN] [1780120787.053643863] [controller_server]: Control loop missed its desired rate of 30.0000 Hz. Current loop rate is 25.0000 Hz.
[component_container_isolated-2] [WARN] [1780120787.161948508] [controller_server]: Control loop missed its desired rate of 30.0000 Hz. Current loop rate is 25.0000 Hz.
[component_container_isolated-2] [WARN] [1780120787.246481216] [controller_server]: Control loop missed its desired rate of 30.0000 Hz. Current loop rate is 16.6667 Hz.
[component_container_isolated-2] [WARN] [1780120787.456519716] [controller_server]: Control loop missed its desired rate of 30.0000 Hz. Current loop rate is 20.0000 Hz.
[component_container_isolated-2] [WARN] [1780120787.569388920] [controller_server]: Control loop missed its desired rate of 30.0000 Hz. Current loop rate is 20.0000 Hz.
[component_container_isolated-2] [WARN] [1780120787.643181604] [controller_server]: Control loop missed its desired rate of 30.0000 Hz. Current loop rate is 25.0000 Hz.
[component_container_isolated-2] [WARN] [1780120787.844951024] [controller_server]: Control loop missed its desired rate of 30.0000 Hz. Current loop rate is 33.3333 Hz.
[component_container_isolated-2] [WARN] [1780120787.951839627] [controller_server]: Control loop missed its desired rate of 30.0000 Hz. Current loop rate is 25.0000 Hz.
[component_container_isolated-2] [INFO] [1780120787.985284976] [controller_server]: Passing new path to controller.
[component_container_isolated-2] [WARN] [1780120788.055344831] [controller_server]: Control loop missed its desired rate of 30.0000 Hz. Current loop rate is 25.0000 Hz.
[component_container_isolated-2] [WARN] [1780120788.261319349] [controller_server]: Control loop missed its desired rate of 30.0000 Hz. Current loop rate is 25.0000 Hz.
[component_container_isolated-2] [WARN] [1780120788.336739410] [controller_server]: Control loop missed its desired rate of 30.0000 Hz. Current loop rate is 20.0000 Hz.
[component_container_isolated-2] [WARN] [1780120788.454877897] [controller_server]: Control loop missed its desired rate of 30.0000 Hz. Current loop rate is 20.0000 Hz.
[component_container_isolated-2] [WARN] [1780120788.573697071] [controller_server]: Control loop missed its desired rate of 30.0000 Hz. Current loop rate is 20.0000 Hz.
[component_container_isolated-2] [WARN] [1780120788.659035764] [controller_server]: Control loop missed its desired rate of 30.0000 Hz. Current loop rate is 16.6667 Hz.
[robot_mission_runner-4] [INFO] [1780120788.676874170] [robot_mission_runner]: Pose: (-40.58, -7.77), Elapsed: 90s, ETA: 18s, Dist remaining: 1.94m
[component_container_isolated-2] [WARN] [1780120788.738360056] [controller_server]: Control loop missed its desired rate of 30.0000 Hz. Current loop rate is 20.0000 Hz.
[component_container_isolated-2] [WARN] [1780120788.852974039] [controller_server]: Control loop missed its desired rate of 30.0000 Hz. Current loop rate is 16.6667 Hz.
[component_container_isolated-2] [INFO] [1780120789.019791879] [controller_server]: Passing new path to controller.
[component_container_isolated-2] [WARN] [1780120789.270432037] [controller_server]: Control loop missed its desired rate of 30.0000 Hz. Current loop rate is 20.0000 Hz.
[component_container_isolated-2] [WARN] [1780120789.351004817] [controller_server]: Control loop missed its desired rate of 30.0000 Hz. Current loop rate is 20.0000 Hz.
[component_container_isolated-2] [WARN] [1780120789.473818274] [controller_server]: Control loop missed its desired rate of 30.0000 Hz. Current loop rate is 20.0000 Hz.
[component_container_isolated-2] [WARN] [1780120789.640737736] [controller_server]: Control loop missed its desired rate of 30.0000 Hz. Current loop rate is 33.3333 Hz.
[component_container_isolated-2] [INFO] [1780120790.040977442] [controller_server]: Passing new path to controller.
[component_container_isolated-2] [WARN] [1780120790.341038733] [controller_server]: Control loop missed its desired rate of 30.0000 Hz. Current loop rate is 33.3333 Hz.
[component_container_isolated-2] [WARN] [1780120790.442621455] [controller_server]: Control loop missed its desired rate of 30.0000 Hz. Current loop rate is 33.3333 Hz.
[component_container_isolated-2] [INFO] [1780120791.042820830] [controller_server]: Passing new path to controller.
[component_container_isolated-2] [WARN] [1780120791.647333838] [controller_server]: Control loop missed its desired rate of 30.0000 Hz. Current loop rate is 25.0000 Hz.
[component_container_isolated-2] [WARN] [1780120791.950758016] [controller_server]: Control loop missed its desired rate of 30.0000 Hz. Current loop rate is 25.0000 Hz.
[component_container_isolated-2] [WARN] [1780120792.063553155] [controller_server]: Control loop missed its desired rate of 30.0000 Hz. Current loop rate is 25.0000 Hz.
[component_container_isolated-2] [INFO] [1780120792.063645417] [controller_server]: Passing new path to controller.
[component_container_isolated-2] [WARN] [1780120792.154799793] [controller_server]: Control loop missed its desired rate of 30.0000 Hz. Current loop rate is 16.6667 Hz.
[component_container_isolated-2] [WARN] [1780120792.266286028] [controller_server]: Control loop missed its desired rate of 30.0000 Hz. Current loop rate is 20.0000 Hz.
[component_container_isolated-2] [WARN] [1780120792.334262267] [controller_server]: Control loop missed its desired rate of 30.0000 Hz. Current loop rate is 25.0000 Hz.
[component_container_isolated-2] [WARN] [1780120792.442175547] [controller_server]: Control loop missed its desired rate of 30.0000 Hz. Current loop rate is 20.0000 Hz.
[component_container_isolated-2] [WARN] [1780120792.543630039] [controller_server]: Control loop missed its desired rate of 30.0000 Hz. Current loop rate is 25.0000 Hz.
[component_container_isolated-2] [WARN] [1780120792.643737214] [controller_server]: Control loop missed its desired rate of 30.0000 Hz. Current loop rate is 33.3333 Hz.
[component_container_isolated-2] [WARN] [1780120793.048684127] [controller_server]: Control loop missed its desired rate of 30.0000 Hz. Current loop rate is 25.0000 Hz.
[component_container_isolated-2] [INFO] [1780120793.082139994] [controller_server]: Passing new path to controller.
[component_container_isolated-2] [WARN] [1780120793.258074020] [controller_server]: Control loop missed its desired rate of 30.0000 Hz. Current loop rate is 20.0000 Hz.
[component_container_isolated-2] [WARN] [1780120793.380610537] [controller_server]: Control loop missed its desired rate of 30.0000 Hz. Current loop rate is 16.6667 Hz.
[component_container_isolated-2] [WARN] [1780120793.472753911] [controller_server]: Control loop missed its desired rate of 30.0000 Hz. Current loop rate is 16.6667 Hz.
[component_container_isolated-2] [WARN] [1780120793.544642722] [controller_server]: Control loop missed its desired rate of 30.0000 Hz. Current loop rate is 25.0000 Hz.
[component_container_isolated-2] [WARN] [1780120793.657277925] [controller_server]: Control loop missed its desired rate of 30.0000 Hz. Current loop rate is 20.0000 Hz.
[robot_mission_runner-4] [INFO] [1780120793.700307750] [robot_mission_runner]: Pose: (-40.96, -7.26), Elapsed: 95s, ETA: 12s, Dist remaining: 2.03m
[component_container_isolated-2] [WARN] [1780120793.765974589] [controller_server]: Control loop missed its desired rate of 30.0000 Hz. Current loop rate is 20.0000 Hz.
[component_container_isolated-2] [WARN] [1780120793.855921337] [controller_server]: Control loop missed its desired rate of 30.0000 Hz. Current loop rate is 14.2857 Hz.
[component_container_isolated-2] [WARN] [1780120793.956866518] [controller_server]: Control loop missed its desired rate of 30.0000 Hz. Current loop rate is 25.0000 Hz.
[component_container_isolated-2] [WARN] [1780120794.070126372] [controller_server]: Control loop missed its desired rate of 30.0000 Hz. Current loop rate is 20.0000 Hz.
[component_container_isolated-2] [INFO] [1780120794.103582090] [controller_server]: Passing new path to controller.
[component_container_isolated-2] [WARN] [1780120794.148402278] [controller_server]: Control loop missed its desired rate of 30.0000 Hz. Current loop rate is 20.0000 Hz.
[component_container_isolated-2] [WARN] [1780120794.263626837] [controller_server]: Control loop missed its desired rate of 30.0000 Hz. Current loop rate is 20.0000 Hz.
[component_container_isolated-2] [WARN] [1780120794.435561557] [controller_server]: Control loop missed its desired rate of 30.0000 Hz. Current loop rate is 20.0000 Hz.
[component_container_isolated-2] [WARN] [1780120794.543353130] [controller_server]: Control loop missed its desired rate of 30.0000 Hz. Current loop rate is 25.0000 Hz.
[component_container_isolated-2] [WARN] [1780120794.649419261] [controller_server]: Control loop missed its desired rate of 30.0000 Hz. Current loop rate is 25.0000 Hz.
[component_container_isolated-2] [WARN] [1780120795.067370733] [controller_server]: Control loop missed its desired rate of 30.0000 Hz. Current loop rate is 16.6667 Hz.
[component_container_isolated-2] [WARN] [1780120795.137702945] [controller_server]: Control loop missed its desired rate of 30.0000 Hz. Current loop rate is 20.0000 Hz.
[component_container_isolated-2] [INFO] [1780120795.137784262] [controller_server]: Passing new path to controller.
[component_container_isolated-2] [WARN] [1780120795.246541691] [controller_server]: Control loop missed its desired rate of 30.0000 Hz. Current loop rate is 20.0000 Hz.
[component_container_isolated-2] [WARN] [1780120795.347322570] [controller_server]: Control loop missed its desired rate of 30.0000 Hz. Current loop rate is 20.0000 Hz.
[component_container_isolated-2] [WARN] [1780120795.456531716] [controller_server]: Control loop missed its desired rate of 30.0000 Hz. Current loop rate is 20.0000 Hz.
[component_container_isolated-2] [WARN] [1780120795.564793095] [controller_server]: Control loop missed its desired rate of 30.0000 Hz. Current loop rate is 25.0000 Hz.
[component_container_isolated-2] [WARN] [1780120795.645519528] [controller_server]: Control loop missed its desired rate of 30.0000 Hz. Current loop rate is 16.6667 Hz.
[component_container_isolated-2] [WARN] [1780120795.756523290] [controller_server]: Control loop missed its desired rate of 30.0000 Hz. Current loop rate is 20.0000 Hz.
[component_container_isolated-2] [WARN] [1780120795.873575279] [controller_server]: Control loop missed its desired rate of 30.0000 Hz. Current loop rate is 20.0000 Hz.
[component_container_isolated-2] [WARN] [1780120795.954817669] [controller_server]: Control loop missed its desired rate of 30.0000 Hz. Current loop rate is 20.0000 Hz.
[component_container_isolated-2] [WARN] [1780120796.056888858] [controller_server]: Control loop missed its desired rate of 30.0000 Hz. Current loop rate is 25.0000 Hz.
[component_container_isolated-2] [INFO] [1780120796.157091213] [controller_server]: Passing new path to controller.
[component_container_isolated-2] [WARN] [1780120796.263675006] [controller_server]: Control loop missed its desired rate of 30.0000 Hz. Current loop rate is 25.0000 Hz.
[component_container_isolated-2] [WARN] [1780120796.345775882] [controller_server]: Control loop missed its desired rate of 30.0000 Hz. Current loop rate is 16.6667 Hz.
[component_container_isolated-2] [WARN] [1780120796.668329877] [controller_server]: Control loop missed its desired rate of 30.0000 Hz. Current loop rate is 16.6667 Hz.
[component_container_isolated-2] [WARN] [1780120796.751401164] [controller_server]: Control loop missed its desired rate of 30.0000 Hz. Current loop rate is 20.0000 Hz.
[component_container_isolated-2] [WARN] [1780120796.868378062] [controller_server]: Control loop missed its desired rate of 30.0000 Hz. Current loop rate is 20.0000 Hz.
[component_container_isolated-2] [WARN] [1780120797.052217816] [controller_server]: Control loop missed its desired rate of 30.0000 Hz. Current loop rate is 20.0000 Hz.
[component_container_isolated-2] [INFO] [1780120797.185698519] [controller_server]: Passing new path to controller.
[component_container_isolated-2] [WARN] [1780120797.252512590] [controller_server]: Control loop missed its desired rate of 30.0000 Hz. Current loop rate is 33.3333 Hz.
[component_container_isolated-2] [INFO] [1780120797.868999330] [controller_server]: Reached the goal!
[component_container_isolated-2] [INFO] [1780120797.869517715] [controller_server]: Optimizer reset
[component_container_isolated-2] [ERROR] [1780120797.910753514] [bt_navigator_navigate_to_pose_rclcpp_node]: Failed to get result for vlm_node/query_bool in node halt!
[component_container_isolated-2] [INFO] [1780120797.912324476] [bt_navigator]: Goal succeeded
[robot_mission_runner-4] [INFO] [1780120797.919009147] [robot_mission_runner]: Navigation result: SUCCEEDED
[robot_mission_runner-4] [INFO] [1780120807.920343600] [robot_mission_runner]: Mission 5 completed.
[robot_mission_runner-4] [INFO] [1780120807.921065712] [robot_mission_runner]: Picking from {'x': 5.05, 'y': -59.6, 'yaw': 3.1416}, dropping at {'x': -17.5, 'y': 0.18, 'yaw': -1.5708}...
[robot_mission_runner-4] [INFO] [1780120807.921593375] [robot_mission_runner]: Navigating to pick, attempt 1/3...
[component_container_isolated-2] [INFO] [1780120807.922247117] [local_costmap.local_costmap]: Received request to clear entirely the local_costmap
[component_container_isolated-2] [INFO] [1780120807.932017986] [global_costmap.global_costmap]: Received request to clear entirely the global_costmap
[robot_mission_runner-4] [INFO] [1780120807.950257105] [robot_mission_runner]: Navigating to goal: 5.05 -59.6...
[component_container_isolated-2] [INFO] [1780120807.951056702] [bt_navigator]: Begin navigating from current location (-41.57, -7.92) to (5.05, -59.60)
[vlm_node-3] [INFO] [1780120807.959546127] [vlm_node]: Goal received with prompt: Check if there are any small hazards on the ground that would cause harm to the robot if it navigated over it OR the area is blocked by large objects that make it impassable. If so respond only yes. Otherwise, respond no.
[component_container_isolated-2] [WARN] [1780120808.850381314] [planner_server]: Planner loop missed its desired rate of 999999999.0000 Hz. Current loop rate is 1.1111 Hz
[component_container_isolated-2] [INFO] [1780120808.863701876] [controller_server]: Received a goal, begin computing control effort.
[component_container_isolated-2] [WARN] [1780120809.032319373] [controller_server]: Control loop missed its desired rate of 30.0000 Hz. Current loop rate is 25.0000 Hz.
[component_container_isolated-2] [WARN] [1780120809.934067481] [controller_server]: Control loop missed its desired rate of 30.0000 Hz. Current loop rate is 25.0000 Hz.
[component_container_isolated-2] [WARN] [1780120810.037425286] [controller_server]: Control loop missed its desired rate of 30.0000 Hz. Current loop rate is 20.0000 Hz.
[component_container_isolated-2] [WARN] [1780120810.193887463] [planner_server]: Planner loop missed its desired rate of 999999999.0000 Hz. Current loop rate is 3.1250 Hz
[component_container_isolated-2] [INFO] [1780120810.237554385] [controller_server]: Passing new path to controller.
[component_container_isolated-2] [WARN] [1780120811.239889181] [controller_server]: Control loop missed its desired rate of 30.0000 Hz. Current loop rate is 25.0000 Hz.
[component_container_isolated-2] [WARN] [1780120811.426800052] [planner_server]: Planner loop missed its desired rate of 999999999.0000 Hz. Current loop rate is 4.7619 Hz
[component_container_isolated-2] [INFO] [1780120811.473375805] [controller_server]: Passing new path to controller.
[component_container_isolated-2] [WARN] [1780120811.642496737] [controller_server]: Control loop missed its desired rate of 30.0000 Hz. Current loop rate is 25.0000 Hz.
[component_container_isolated-2] [WARN] [1780120812.143633656] [controller_server]: Control loop missed its desired rate of 30.0000 Hz. Current loop rate is 25.0000 Hz.
[component_container_isolated-2] [WARN] [1780120812.807445061] [planner_server]: Planner loop missed its desired rate of 999999999.0000 Hz. Current loop rate is 2.7778 Hz
[component_container_isolated-2] [INFO] [1780120812.843780496] [controller_server]: Passing new path to controller.
[robot_mission_runner-4] [INFO] [1780120813.069449687] [robot_mission_runner]: Pose: (-42.17, -11.14), Elapsed: 5s, ETA: 61s, Dist remaining: 88.69m
[component_container_isolated-2] [WARN] [1780120813.343763980] [controller_server]: Control loop missed its desired rate of 30.0000 Hz. Current loop rate is 33.3333 Hz.
[component_container_isolated-2] [WARN] [1780120814.228477470] [planner_server]: Planner loop missed its desired rate of 999999999.0000 Hz. Current loop rate is 2.5641 Hz
[component_container_isolated-2] [INFO] [1780120814.243901768] [controller_server]: Passing new path to controller.
[component_container_isolated-2] [WARN] [1780120815.044179951] [controller_server]: Control loop missed its desired rate of 30.0000 Hz. Current loop rate is 25.0000 Hz.
[component_container_isolated-2] [WARN] [1780120815.372976264] [planner_server]: Planner loop missed its desired rate of 999999999.0000 Hz. Current loop rate is 7.6923 Hz
[component_container_isolated-2] [INFO] [1780120815.410976904] [controller_server]: Passing new path to controller.
[component_container_isolated-2] [WARN] [1780120816.706382851] [planner_server]: Planner loop missed its desired rate of 999999999.0000 Hz. Current loop rate is 3.2258 Hz
[component_container_isolated-2] [INFO] [1780120816.744310165] [controller_server]: Passing new path to controller.
[component_container_isolated-2] [WARN] [1780120818.041527330] [planner_server]: Planner loop missed its desired rate of 999999999.0000 Hz. Current loop rate is 3.1250 Hz
[component_container_isolated-2] [INFO] [1780120818.077654240] [controller_server]: Passing new path to controller.
[robot_mission_runner-4] [INFO] [1780120818.091019239] [robot_mission_runner]: Pose: (-42.22, -18.67), Elapsed: 10s, ETA: 54s, Dist remaining: 81.06m
[component_container_isolated-2] [WARN] [1780120818.946035768] [controller_server]: Control loop missed its desired rate of 30.0000 Hz. Current loop rate is 33.3333 Hz.
[component_container_isolated-2] [WARN] [1780120819.062471076] [controller_server]: Control loop missed its desired rate of 30.0000 Hz. Current loop rate is 20.0000 Hz.
[component_container_isolated-2] [WARN] [1780120819.130882184] [controller_server]: Control loop missed its desired rate of 30.0000 Hz. Current loop rate is 25.0000 Hz.
[component_container_isolated-2] [WARN] [1780120819.241209846] [controller_server]: Control loop missed its desired rate of 30.0000 Hz. Current loop rate is 25.0000 Hz.
[component_container_isolated-2] [WARN] [1780120819.346004912] [controller_server]: Control loop missed its desired rate of 30.0000 Hz. Current loop rate is 25.0000 Hz.
[component_container_isolated-2] [WARN] [1780120819.405156686] [planner_server]: Planner loop missed its desired rate of 999999999.0000 Hz. Current loop rate is 2.8571 Hz
[component_container_isolated-2] [WARN] [1780120819.453122201] [controller_server]: Control loop missed its desired rate of 30.0000 Hz. Current loop rate is 25.0000 Hz.
[component_container_isolated-2] [INFO] [1780120819.453199036] [controller_server]: Passing new path to controller.
[component_container_isolated-2] [WARN] [1780120819.953902453] [controller_server]: Control loop missed its desired rate of 30.0000 Hz. Current loop rate is 33.3333 Hz.
[component_container_isolated-2] [WARN] [1780120820.467063221] [controller_server]: Control loop missed its desired rate of 30.0000 Hz. Current loop rate is 20.0000 Hz.
[component_container_isolated-2] [WARN] [1780120820.573231784] [planner_server]: Planner loop missed its desired rate of 999999999.0000 Hz. Current loop rate is 7.1429 Hz
[component_container_isolated-2] [INFO] [1780120820.600540667] [controller_server]: Passing new path to controller.
[component_container_isolated-2] [WARN] [1780120820.639808387] [controller_server]: Control loop missed its desired rate of 30.0000 Hz. Current loop rate is 25.0000 Hz.
[component_container_isolated-2] [WARN] [1780120820.949467985] [controller_server]: Control loop missed its desired rate of 30.0000 Hz. Current loop rate is 20.0000 Hz.
[component_container_isolated-2] [WARN] [1780120821.054416050] [controller_server]: Control loop missed its desired rate of 30.0000 Hz. Current loop rate is 25.0000 Hz.
[component_container_isolated-2] [WARN] [1780120821.735979119] [planner_server]: Planner loop missed its desired rate of 999999999.0000 Hz. Current loop rate is 7.1429 Hz
[component_container_isolated-2] [WARN] [1780120821.760983602] [controller_server]: Control loop missed its desired rate of 30.0000 Hz. Current loop rate is 25.0000 Hz.
[component_container_isolated-2] [INFO] [1780120821.761057855] [controller_server]: Passing new path to controller.
[component_container_isolated-2] [WARN] [1780120821.835873069] [controller_server]: Control loop missed its desired rate of 30.0000 Hz. Current loop rate is 25.0000 Hz.
[component_container_isolated-2] [WARN] [1780120821.937373564] [controller_server]: Control loop missed its desired rate of 30.0000 Hz. Current loop rate is 33.3333 Hz.
[component_container_isolated-2] [WARN] [1780120822.242566708] [controller_server]: Control loop missed its desired rate of 30.0000 Hz. Current loop rate is 25.0000 Hz.
[component_container_isolated-2] [WARN] [1780120822.443684812] [controller_server]: Control loop missed its desired rate of 30.0000 Hz. Current loop rate is 25.0000 Hz.
[component_container_isolated-2] [WARN] [1780120823.064248618] [planner_server]: Planner loop missed its desired rate of 999999999.0000 Hz. Current loop rate is 3.2258 Hz
[robot_mission_runner-4] [INFO] [1780120823.110183693] [robot_mission_runner]: Pose: (-42.26, -26.20), Elapsed: 15s, ETA: 49s, Dist remaining: 73.77m
[component_container_isolated-2] [INFO] [1780120823.110481516] [controller_server]: Passing new path to controller.
[component_container_isolated-2] [WARN] [1780120823.453597862] [controller_server]: Control loop missed its desired rate of 30.0000 Hz. Current loop rate is 20.0000 Hz.
[component_container_isolated-2] [WARN] [1780120823.556427654] [controller_server]: Control loop missed its desired rate of 30.0000 Hz. Current loop rate is 33.3333 Hz.
[component_container_isolated-2] [WARN] [1780120823.658065810] [controller_server]: Control loop missed its desired rate of 30.0000 Hz. Current loop rate is 25.0000 Hz.
[component_container_isolated-2] [WARN] [1780120823.763901181] [controller_server]: Control loop missed its desired rate of 30.0000 Hz. Current loop rate is 25.0000 Hz.
[component_container_isolated-2] [WARN] [1780120823.949689968] [controller_server]: Control loop missed its desired rate of 30.0000 Hz. Current loop rate is 20.0000 Hz.
[component_container_isolated-2] [WARN] [1780120824.159879889] [controller_server]: Control loop missed its desired rate of 30.0000 Hz. Current loop rate is 20.0000 Hz.
[component_container_isolated-2] [WARN] [1780120824.242422034] [controller_server]: Control loop missed its desired rate of 30.0000 Hz. Current loop rate is 20.0000 Hz.
[component_container_isolated-2] [WARN] [1780120824.344796524] [controller_server]: Control loop missed its desired rate of 30.0000 Hz. Current loop rate is 25.0000 Hz.
[component_container_isolated-2] [WARN] [1780120824.449918160] [controller_server]: Control loop missed its desired rate of 30.0000 Hz. Current loop rate is 25.0000 Hz.
[component_container_isolated-2] [WARN] [1780120824.461338140] [planner_server]: Planner loop missed its desired rate of 999999999.0000 Hz. Current loop rate is 2.7027 Hz
[component_container_isolated-2] [INFO] [1780120824.483379022] [controller_server]: Passing new path to controller.
[component_container_isolated-2] [WARN] [1780120824.559594658] [controller_server]: Control loop missed its desired rate of 30.0000 Hz. Current loop rate is 20.0000 Hz.
[component_container_isolated-2] [WARN] [1780120824.651493181] [controller_server]: Control loop missed its desired rate of 30.0000 Hz. Current loop rate is 16.6667 Hz.
[component_container_isolated-2] [WARN] [1780120824.763631243] [controller_server]: Control loop missed its desired rate of 30.0000 Hz. Current loop rate is 20.0000 Hz.
[component_container_isolated-2] [WARN] [1780120824.851500796] [controller_server]: Control loop missed its desired rate of 30.0000 Hz. Current loop rate is 20.0000 Hz.
[component_container_isolated-2] [WARN] [1780120825.252709173] [controller_server]: Control loop missed its desired rate of 30.0000 Hz. Current loop rate is 25.0000 Hz.
[component_container_isolated-2] [WARN] [1780120825.354342874] [controller_server]: Control loop missed its desired rate of 30.0000 Hz. Current loop rate is 33.3333 Hz.
[component_container_isolated-2] [WARN] [1780120825.556082158] [controller_server]: Control loop missed its desired rate of 30.0000 Hz. Current loop rate is 33.3333 Hz.
[component_container_isolated-2] [WARN] [1780120825.796594797] [planner_server]: Planner loop missed its desired rate of 999999999.0000 Hz. Current loop rate is 3.1250 Hz
[component_container_isolated-2] [INFO] [1780120825.823751564] [controller_server]: Passing new path to controller.
[component_container_isolated-2] [WARN] [1780120825.857708079] [controller_server]: Control loop missed its desired rate of 30.0000 Hz. Current loop rate is 25.0000 Hz.
[component_container_isolated-2] [WARN] [1780120826.070853729] [controller_server]: Control loop missed its desired rate of 30.0000 Hz. Current loop rate is 20.0000 Hz.
[component_container_isolated-2] [WARN] [1780120826.238141439] [controller_server]: Control loop missed its desired rate of 30.0000 Hz. Current loop rate is 25.0000 Hz.
[component_container_isolated-2] [WARN] [1780120826.338382739] [controller_server]: Control loop missed its desired rate of 30.0000 Hz. Current loop rate is 25.0000 Hz.
[component_container_isolated-2] [WARN] [1780120826.643431964] [controller_server]: Control loop missed its desired rate of 30.0000 Hz. Current loop rate is 25.0000 Hz.
[component_container_isolated-2] [WARN] [1780120826.743523260] [controller_server]: Control loop missed its desired rate of 30.0000 Hz. Current loop rate is 25.0000 Hz.
[component_container_isolated-2] [WARN] [1780120826.947968249] [controller_server]: Control loop missed its desired rate of 30.0000 Hz. Current loop rate is 20.0000 Hz.
[component_container_isolated-2] [WARN] [1780120826.992740420] [planner_server]: Planner loop missed its desired rate of 999999999.0000 Hz. Current loop rate is 5.5556 Hz
[component_container_isolated-2] [INFO] [1780120827.014776662] [controller_server]: Passing new path to controller.
[robot_mission_runner-4] [INFO] [1780120828.137518457] [robot_mission_runner]: Pose: (-42.37, -33.74), Elapsed: 20s, ETA: 43s, Dist remaining: 65.87m
[component_container_isolated-2] [WARN] [1780120828.172220815] [planner_server]: Planner loop missed its desired rate of 999999999.0000 Hz. Current loop rate is 6.6667 Hz
[component_container_isolated-2] [INFO] [1780120828.214774775] [controller_server]: Passing new path to controller.
[component_container_isolated-2] [WARN] [1780120829.056630439] [controller_server]: Control loop missed its desired rate of 30.0000 Hz. Current loop rate is 25.0000 Hz.
[component_container_isolated-2] [WARN] [1780120829.167365562] [controller_server]: Control loop missed its desired rate of 30.0000 Hz. Current loop rate is 20.0000 Hz.
[component_container_isolated-2] [WARN] [1780120829.242960159] [controller_server]: Control loop missed its desired rate of 30.0000 Hz. Current loop rate is 25.0000 Hz.
[component_container_isolated-2] [WARN] [1780120829.475154268] [planner_server]: Planner loop missed its desired rate of 999999999.0000 Hz. Current loop rate is 3.7037 Hz
[component_container_isolated-2] [INFO] [1780120829.509755669] [controller_server]: Passing new path to controller.
[component_container_isolated-2] [WARN] [1780120829.648334122] [controller_server]: Control loop missed its desired rate of 30.0000 Hz. Current loop rate is 20.0000 Hz.
[component_container_isolated-2] [WARN] [1780120829.862833965] [controller_server]: Control loop missed its desired rate of 30.0000 Hz. Current loop rate is 20.0000 Hz.
[component_container_isolated-2] [WARN] [1780120829.946483715] [controller_server]: Control loop missed its desired rate of 30.0000 Hz. Current loop rate is 20.0000 Hz.
[component_container_isolated-2] [WARN] [1780120830.048867799] [controller_server]: Control loop missed its desired rate of 30.0000 Hz. Current loop rate is 20.0000 Hz.
[component_container_isolated-2] [WARN] [1780120830.163257888] [controller_server]: Control loop missed its desired rate of 30.0000 Hz. Current loop rate is 20.0000 Hz.
[component_container_isolated-2] [WARN] [1780120830.257544657] [controller_server]: Control loop missed its desired rate of 30.0000 Hz. Current loop rate is 14.2857 Hz.
[component_container_isolated-2] [WARN] [1780120830.375279023] [controller_server]: Control loop missed its desired rate of 30.0000 Hz. Current loop rate is 20.0000 Hz.
[component_container_isolated-2] [WARN] [1780120830.544679465] [controller_server]: Control loop missed its desired rate of 30.0000 Hz. Current loop rate is 33.3333 Hz.
[component_container_isolated-2] [WARN] [1780120830.687593361] [planner_server]: Planner loop missed its desired rate of 999999999.0000 Hz. Current loop rate is 5.0000 Hz
[component_container_isolated-2] [INFO] [1780120830.711496469] [controller_server]: Passing new path to controller.
[component_container_isolated-2] [WARN] [1780120830.749133597] [controller_server]: Control loop missed its desired rate of 30.0000 Hz. Current loop rate is 20.0000 Hz.
[component_container_isolated-2] [WARN] [1780120830.962836353] [controller_server]: Control loop missed its desired rate of 30.0000 Hz. Current loop rate is 20.0000 Hz.
[component_container_isolated-2] [WARN] [1780120831.050206639] [controller_server]: Control loop missed its desired rate of 30.0000 Hz. Current loop rate is 16.6667 Hz.
[component_container_isolated-2] [WARN] [1780120831.163752589] [controller_server]: Control loop missed its desired rate of 30.0000 Hz. Current loop rate is 20.0000 Hz.
[component_container_isolated-2] [WARN] [1780120831.250804978] [controller_server]: Control loop missed its desired rate of 30.0000 Hz. Current loop rate is 20.0000 Hz.
[component_container_isolated-2] [WARN] [1780120831.366165798] [controller_server]: Control loop missed its desired rate of 30.0000 Hz. Current loop rate is 20.0000 Hz.
[component_container_isolated-2] [WARN] [1780120831.458006056] [controller_server]: Control loop missed its desired rate of 30.0000 Hz. Current loop rate is 16.6667 Hz.
[component_container_isolated-2] [WARN] [1780120831.577535159] [controller_server]: Control loop missed its desired rate of 30.0000 Hz. Current loop rate is 16.6667 Hz.
[component_container_isolated-2] [WARN] [1780120831.648949848] [controller_server]: Control loop missed its desired rate of 30.0000 Hz. Current loop rate is 20.0000 Hz.
[component_container_isolated-2] [WARN] [1780120831.769584498] [controller_server]: Control loop missed its desired rate of 30.0000 Hz. Current loop rate is 16.6667 Hz.
[component_container_isolated-2] [WARN] [1780120831.790082186] [planner_server]: Planner loop missed its desired rate of 999999999.0000 Hz. Current loop rate is 11.1111 Hz
[component_container_isolated-2] [INFO] [1780120831.803068274] [controller_server]: Passing new path to controller.
[component_container_isolated-2] [WARN] [1780120831.857555717] [controller_server]: Control loop missed its desired rate of 30.0000 Hz. Current loop rate is 16.6667 Hz.
[component_container_isolated-2] [WARN] [1780120831.969803004] [controller_server]: Control loop missed its desired rate of 30.0000 Hz. Current loop rate is 20.0000 Hz.
[component_container_isolated-2] [WARN] [1780120832.152537261] [controller_server]: Control loop missed its desired rate of 30.0000 Hz. Current loop rate is 20.0000 Hz.
[component_container_isolated-2] [WARN] [1780120832.271320284] [controller_server]: Control loop missed its desired rate of 30.0000 Hz. Current loop rate is 20.0000 Hz.
[component_container_isolated-2] [WARN] [1780120832.452018913] [controller_server]: Control loop missed its desired rate of 30.0000 Hz. Current loop rate is 20.0000 Hz.
[component_container_isolated-2] [WARN] [1780120832.568225261] [controller_server]: Control loop missed its desired rate of 30.0000 Hz. Current loop rate is 16.6667 Hz.
[component_container_isolated-2] [WARN] [1780120832.654287529] [controller_server]: Control loop missed its desired rate of 30.0000 Hz. Current loop rate is 20.0000 Hz.
[component_container_isolated-2] [WARN] [1780120832.766778704] [controller_server]: Control loop missed its desired rate of 30.0000 Hz. Current loop rate is 25.0000 Hz.
[component_container_isolated-2] [WARN] [1780120832.850172492] [controller_server]: Control loop missed its desired rate of 30.0000 Hz. Current loop rate is 20.0000 Hz.
[component_container_isolated-2] [WARN] [1780120832.903780310] [planner_server]: Planner loop missed its desired rate of 999999999.0000 Hz. Current loop rate is 10.0000 Hz
[component_container_isolated-2] [WARN] [1780120832.961612485] [controller_server]: Control loop missed its desired rate of 30.0000 Hz. Current loop rate is 16.6667 Hz.
[component_container_isolated-2] [INFO] [1780120832.961693533] [controller_server]: Passing new path to controller.
[component_container_isolated-2] [WARN] [1780120833.048766839] [controller_server]: Control loop missed its desired rate of 30.0000 Hz. Current loop rate is 16.6667 Hz.
[component_container_isolated-2] [WARN] [1780120833.159242275] [controller_server]: Control loop missed its desired rate of 30.0000 Hz. Current loop rate is 20.0000 Hz.
[robot_mission_runner-4] [INFO] [1780120833.159634749] [robot_mission_runner]: Pose: (-42.42, -41.27), Elapsed: 25s, ETA: 38s, Dist remaining: 57.96m
[component_container_isolated-2] [WARN] [1780120833.248934793] [controller_server]: Control loop missed its desired rate of 30.0000 Hz. Current loop rate is 16.6667 Hz.
[component_container_isolated-2] [WARN] [1780120833.363077382] [controller_server]: Control loop missed its desired rate of 30.0000 Hz. Current loop rate is 20.0000 Hz.
[component_container_isolated-2] [WARN] [1780120833.449287055] [controller_server]: Control loop missed its desired rate of 30.0000 Hz. Current loop rate is 16.6667 Hz.
[component_container_isolated-2] [WARN] [1780120833.561029494] [controller_server]: Control loop missed its desired rate of 30.0000 Hz. Current loop rate is 20.0000 Hz.
[component_container_isolated-2] [WARN] [1780120833.647552578] [controller_server]: Control loop missed its desired rate of 30.0000 Hz. Current loop rate is 16.6667 Hz.
[component_container_isolated-2] [WARN] [1780120833.759275642] [controller_server]: Control loop missed its desired rate of 30.0000 Hz. Current loop rate is 20.0000 Hz.
[component_container_isolated-2] [WARN] [1780120833.847997836] [controller_server]: Control loop missed its desired rate of 30.0000 Hz. Current loop rate is 16.6667 Hz.
[component_container_isolated-2] [WARN] [1780120834.064869855] [controller_server]: Control loop missed its desired rate of 30.0000 Hz. Current loop rate is 20.0000 Hz.
[component_container_isolated-2] [WARN] [1780120834.158834857] [controller_server]: Control loop missed its desired rate of 30.0000 Hz. Current loop rate is 16.6667 Hz.
[component_container_isolated-2] [WARN] [1780120834.229628215] [planner_server]: Planner loop missed its desired rate of 999999999.0000 Hz. Current loop rate is 3.3333 Hz
[component_container_isolated-2] [WARN] [1780120834.261620886] [controller_server]: Control loop missed its desired rate of 30.0000 Hz. Current loop rate is 14.2857 Hz.
[component_container_isolated-2] [INFO] [1780120834.261699870] [controller_server]: Passing new path to controller.
[component_container_isolated-2] [WARN] [1780120834.355123798] [controller_server]: Control loop missed its desired rate of 30.0000 Hz. Current loop rate is 16.6667 Hz.
[component_container_isolated-2] [WARN] [1780120834.456522413] [controller_server]: Control loop missed its desired rate of 30.0000 Hz. Current loop rate is 33.3333 Hz.
[component_container_isolated-2] [WARN] [1780120834.663959664] [controller_server]: Control loop missed its desired rate of 30.0000 Hz. Current loop rate is 25.0000 Hz.
[component_container_isolated-2] [WARN] [1780120834.746202141] [controller_server]: Control loop missed its desired rate of 30.0000 Hz. Current loop rate is 25.0000 Hz.
[component_container_isolated-2] [WARN] [1780120834.853347246] [controller_server]: Control loop missed its desired rate of 30.0000 Hz. Current loop rate is 25.0000 Hz.
[component_container_isolated-2] [WARN] [1780120834.960043605] [controller_server]: Control loop missed its desired rate of 30.0000 Hz. Current loop rate is 25.0000 Hz.
[component_container_isolated-2] [WARN] [1780120835.050617156] [controller_server]: Control loop missed its desired rate of 30.0000 Hz. Current loop rate is 16.6667 Hz.
[component_container_isolated-2] [WARN] [1780120835.155033680] [controller_server]: Control loop missed its desired rate of 30.0000 Hz. Current loop rate is 25.0000 Hz.
[component_container_isolated-2] [WARN] [1780120835.258364497] [controller_server]: Control loop missed its desired rate of 30.0000 Hz. Current loop rate is 25.0000 Hz.
[component_container_isolated-2] [WARN] [1780120835.339265803] [planner_server]: Planner loop missed its desired rate of 999999999.0000 Hz. Current loop rate is 11.1111 Hz
[component_container_isolated-2] [WARN] [1780120835.346952927] [controller_server]: Control loop missed its desired rate of 30.0000 Hz. Current loop rate is 20.0000 Hz.
[component_container_isolated-2] [INFO] [1780120835.380388701] [controller_server]: Passing new path to controller.
[component_container_isolated-2] [WARN] [1780120835.448411138] [controller_server]: Control loop missed its desired rate of 30.0000 Hz. Current loop rate is 25.0000 Hz.
[component_container_isolated-2] [WARN] [1780120835.750059863] [controller_server]: Control loop missed its desired rate of 30.0000 Hz. Current loop rate is 20.0000 Hz.
[component_container_isolated-2] [WARN] [1780120835.851354299] [controller_server]: Control loop missed its desired rate of 30.0000 Hz. Current loop rate is 25.0000 Hz.
[component_container_isolated-2] [WARN] [1780120835.953195388] [controller_server]: Control loop missed its desired rate of 30.0000 Hz. Current loop rate is 33.3333 Hz.
[component_container_isolated-2] [WARN] [1780120836.055405509] [controller_server]: Control loop missed its desired rate of 30.0000 Hz. Current loop rate is 33.3333 Hz.
[component_container_isolated-2] [WARN] [1780120836.158019430] [controller_server]: Control loop missed its desired rate of 30.0000 Hz. Current loop rate is 25.0000 Hz.
[component_container_isolated-2] [WARN] [1780120836.258215523] [controller_server]: Control loop missed its desired rate of 30.0000 Hz. Current loop rate is 25.0000 Hz.
[component_container_isolated-2] [WARN] [1780120836.362305445] [controller_server]: Control loop missed its desired rate of 30.0000 Hz. Current loop rate is 25.0000 Hz.
[component_container_isolated-2] [WARN] [1780120836.445494547] [controller_server]: Control loop missed its desired rate of 30.0000 Hz. Current loop rate is 20.0000 Hz.
[component_container_isolated-2] [WARN] [1780120836.479131336] [planner_server]: Planner loop missed its desired rate of 999999999.0000 Hz. Current loop rate is 8.3333 Hz
[component_container_isolated-2] [INFO] [1780120836.512286825] [controller_server]: Passing new path to controller.
[component_container_isolated-2] [WARN] [1780120836.550138947] [controller_server]: Control loop missed its desired rate of 30.0000 Hz. Current loop rate is 25.0000 Hz.
[component_container_isolated-2] [WARN] [1780120836.655039827] [controller_server]: Control loop missed its desired rate of 30.0000 Hz. Current loop rate is 25.0000 Hz.
[component_container_isolated-2] [WARN] [1780120836.759626169] [controller_server]: Control loop missed its desired rate of 30.0000 Hz. Current loop rate is 25.0000 Hz.
[component_container_isolated-2] [WARN] [1780120836.846921565] [controller_server]: Control loop missed its desired rate of 30.0000 Hz. Current loop rate is 20.0000 Hz.
[component_container_isolated-2] [WARN] [1780120836.958603390] [controller_server]: Control loop missed its desired rate of 30.0000 Hz. Current loop rate is 20.0000 Hz.
[component_container_isolated-2] [WARN] [1780120837.057815001] [controller_server]: Control loop missed its desired rate of 30.0000 Hz. Current loop rate is 14.2857 Hz.
[component_container_isolated-2] [WARN] [1780120837.170866850] [controller_server]: Control loop missed its desired rate of 30.0000 Hz. Current loop rate is 20.0000 Hz.
[component_container_isolated-2] [WARN] [1780120837.239809327] [controller_server]: Control loop missed its desired rate of 30.0000 Hz. Current loop rate is 25.0000 Hz.
[component_container_isolated-2] [WARN] [1780120837.355899855] [controller_server]: Control loop missed its desired rate of 30.0000 Hz. Current loop rate is 20.0000 Hz.
[component_container_isolated-2] [WARN] [1780120837.459501959] [controller_server]: Control loop missed its desired rate of 30.0000 Hz. Current loop rate is 25.0000 Hz.
[component_container_isolated-2] [WARN] [1780120837.538801916] [controller_server]: Control loop missed its desired rate of 30.0000 Hz. Current loop rate is 20.0000 Hz.
[component_container_isolated-2] [WARN] [1780120837.629264578] [planner_server]: Planner loop missed its desired rate of 999999999.0000 Hz. Current loop rate is 7.6923 Hz
[component_container_isolated-2] [WARN] [1780120837.649365755] [controller_server]: Control loop missed its desired rate of 30.0000 Hz. Current loop rate is 20.0000 Hz.
[component_container_isolated-2] [INFO] [1780120837.649420590] [controller_server]: Passing new path to controller.
[component_container_isolated-2] [WARN] [1780120837.762353899] [controller_server]: Control loop missed its desired rate of 30.0000 Hz. Current loop rate is 20.0000 Hz.
[component_container_isolated-2] [WARN] [1780120837.859358815] [controller_server]: Control loop missed its desired rate of 30.0000 Hz. Current loop rate is 14.2857 Hz.
[component_container_isolated-2] [WARN] [1780120837.943354947] [controller_server]: Control loop missed its desired rate of 30.0000 Hz. Current loop rate is 20.0000 Hz.
[component_container_isolated-2] [WARN] [1780120838.051256781] [controller_server]: Control loop missed its desired rate of 30.0000 Hz. Current loop rate is 20.0000 Hz.
[component_container_isolated-2] [WARN] [1780120838.158546329] [controller_server]: Control loop missed its desired rate of 30.0000 Hz. Current loop rate is 20.0000 Hz.
[robot_mission_runner-4] [INFO] [1780120838.179623294] [robot_mission_runner]: Pose: (-40.91, -48.39), Elapsed: 30s, ETA: 33s, Dist remaining: 50.79m
[component_container_isolated-2] [WARN] [1780120838.254435903] [controller_server]: Control loop missed its desired rate of 30.0000 Hz. Current loop rate is 16.6667 Hz.
[component_container_isolated-2] [WARN] [1780120838.359411898] [controller_server]: Control loop missed its desired rate of 30.0000 Hz. Current loop rate is 20.0000 Hz.
[component_container_isolated-2] [WARN] [1780120838.444349300] [controller_server]: Control loop missed its desired rate of 30.0000 Hz. Current loop rate is 20.0000 Hz.
[component_container_isolated-2] [WARN] [1780120838.647982327] [controller_server]: Control loop missed its desired rate of 30.0000 Hz. Current loop rate is 20.0000 Hz.
[component_container_isolated-2] [WARN] [1780120838.751868889] [controller_server]: Control loop missed its desired rate of 30.0000 Hz. Current loop rate is 25.0000 Hz.
[component_container_isolated-2] [WARN] [1780120838.842187046] [planner_server]: Planner loop missed its desired rate of 999999999.0000 Hz. Current loop rate is 5.2632 Hz
[component_container_isolated-2] [WARN] [1780120838.853548773] [controller_server]: Control loop missed its desired rate of 30.0000 Hz. Current loop rate is 33.3333 Hz.
[component_container_isolated-2] [INFO] [1780120838.887112089] [controller_server]: Passing new path to controller.
[vlm_node-3] [WARN] [1780120839.353244352] [vlm_node]: VLM request failed on attempt 1: Connection error.
[vlm_node-3] [INFO] [1780120839.354121960] [vlm_node]: VLM_QUERY|QueryBool|error|31.40|1|Connection error.
[vlm_node-3] [INFO] [1780120839.375797653] [vlm_node]: Goal received with prompt: Is this space too crowded by people or working machinery to move though safely? If so, respond only yes. Otherwise respond no.
[component_container_isolated-2] [WARN] [1780120840.020187888] [planner_server]: Planner loop missed its desired rate of 999999999.0000 Hz. Current loop rate is 6.6667 Hz
[component_container_isolated-2] [INFO] [1780120840.053666015] [controller_server]: Passing new path to controller.
[vlm_node-3] [WARN] [1780120840.558719707] [vlm_node]: VLM request failed on attempt 1: Connection error.
[vlm_node-3] [INFO] [1780120840.560292113] [vlm_node]: VLM_QUERY|QueryBool|error|1.18|1|Connection error.
[vlm_node-3] [INFO] [1780120840.575901431] [vlm_node]: Goal received with prompt: Are there any people visible in this scene? If so, respond only yes. Otherwise respond no.
[component_container_isolated-2] [WARN] [1780120841.276110594] [planner_server]: Planner loop missed its desired rate of 999999999.0000 Hz. Current loop rate is 4.3478 Hz
[component_container_isolated-2] [INFO] [1780120841.320328680] [controller_server]: Passing new path to controller.
[vlm_node-3] [WARN] [1780120841.871089201] [vlm_node]: VLM request failed on attempt 1: Connection error.
[vlm_node-3] [INFO] [1780120841.871902908] [vlm_node]: VLM_QUERY|QueryBool|error|1.30|1|Connection error.
[vlm_node-3] [INFO] [1780120841.895878555] [vlm_node]: Goal received with prompt: Check if there are any small hazards on the ground that would cause harm to the robot if it navigated over it OR the area is blocked by large objects that make it impassable. If so respond only yes. Otherwise, respond no.
[component_container_isolated-2] [WARN] [1780120842.347597615] [planner_server]: Planner loop missed its desired rate of 999999999.0000 Hz. Current loop rate is 20.0000 Hz
[component_container_isolated-2] [WARN] [1780120842.362756070] [controller_server]: Control loop missed its desired rate of 30.0000 Hz. Current loop rate is 25.0000 Hz.
[component_container_isolated-2] [INFO] [1780120842.362823479] [controller_server]: Passing new path to controller.
[component_container_isolated-2] [WARN] [1780120842.442300987] [controller_server]: Control loop missed its desired rate of 30.0000 Hz. Current loop rate is 20.0000 Hz.
[component_container_isolated-2] [WARN] [1780120842.556227628] [controller_server]: Control loop missed its desired rate of 30.0000 Hz. Current loop rate is 20.0000 Hz.
[component_container_isolated-2] [WARN] [1780120842.665881805] [controller_server]: Control loop missed its desired rate of 30.0000 Hz. Current loop rate is 25.0000 Hz.
[component_container_isolated-2] [WARN] [1780120842.842829967] [controller_server]: Control loop missed its desired rate of 30.0000 Hz. Current loop rate is 25.0000 Hz.
[robot_mission_runner-4] [INFO] [1780120843.199088190] [robot_mission_runner]: Pose: (-33.97, -50.34), Elapsed: 35s, ETA: 28s, Dist remaining: 42.83m
[vlm_node-3] [WARN] [1780120843.277499173] [vlm_node]: VLM request failed on attempt 1: Connection error.
[vlm_node-3] [INFO] [1780120843.279884823] [vlm_node]: VLM_QUERY|QueryBool|error|1.38|1|Connection error.
[vlm_node-3] [INFO] [1780120843.296331359] [vlm_node]: Goal received with prompt: Is this space too crowded by people or working machinery to move though safely? If so, respond only yes. Otherwise respond no.
[component_container_isolated-2] [WARN] [1780120843.577812977] [planner_server]: Planner loop missed its desired rate of 999999999.0000 Hz. Current loop rate is 4.7619 Hz
[component_container_isolated-2] [INFO] [1780120843.609621724] [controller_server]: Passing new path to controller.
[component_container_isolated-2] [WARN] [1780120844.145176500] [controller_server]: Control loop missed its desired rate of 30.0000 Hz. Current loop rate is 25.0000 Hz.
[component_container_isolated-2] [WARN] [1780120844.345375428] [controller_server]: Control loop missed its desired rate of 30.0000 Hz. Current loop rate is 33.3333 Hz.
[component_container_isolated-2] [WARN] [1780120844.545870442] [controller_server]: Control loop missed its desired rate of 30.0000 Hz. Current loop rate is 33.3333 Hz.
[component_container_isolated-2] [WARN] [1780120844.646371364] [controller_server]: Control loop missed its desired rate of 30.0000 Hz. Current loop rate is 25.0000 Hz.
[component_container_isolated-2] [WARN] [1780120844.712899681] [planner_server]: Planner loop missed its desired rate of 999999999.0000 Hz. Current loop rate is 9.0909 Hz
[component_container_isolated-2] [INFO] [1780120844.746534804] [controller_server]: Passing new path to controller.
[vlm_node-3] [WARN] [1780120844.751413978] [vlm_node]: VLM request failed on attempt 3: Connection error.
[vlm_node-3] [INFO] [1780120844.752360977] [vlm_node]: VLM_QUERY|QueryBool|error|146.95|3|Connection error.
[vlm_node-3] [WARN] [1780120844.792772217] [vlm_node]: VLM request failed on attempt 1: Connection error.
[vlm_node-3] [INFO] [1780120844.794160330] [vlm_node]: VLM_QUERY|QueryBool|error|1.50|1|Connection error.
[vlm_node-3] [INFO] [1780120844.816491690] [vlm_node]: Goal received with prompt: Are there any people visible in this scene? If so, respond only yes. Otherwise respond no.
[WARNING] [launch]: user interrupted with ctrl-c (SIGINT)
[INFO] [robot_mission_runner-4]: sending signal 'SIGINT' to process[robot_mission_runner-4]
[INFO] [vlm_node-3]: sending signal 'SIGINT' to process[vlm_node-3]
[INFO] [component_container_isolated-2]: sending signal 'SIGINT' to process[component_container_isolated-2]
[INFO] [laserscan_merger.py-1]: sending signal 'SIGINT' to process[laserscan_merger.py-1]
[component_container_isolated-2] [WARN] [1780120846.000468212] [planner_server]: Planner loop missed its desired rate of 999999999.0000 Hz. Current loop rate is 3.7037 Hz
[component_container_isolated-2] [INFO] [1780120846.013201866] [controller_server]: Passing new path to controller.
[robot_mission_runner-4] Traceback (most recent call last):
[robot_mission_runner-4]   File "/root/ws/install/opennav_benchmark_mission_dispatcher/lib/opennav_benchmark_mission_dispatcher/robot_mission_runner", line 33, in <module>
[robot_mission_runner-4]     sys.exit(load_entry_point('opennav-benchmark-mission-dispatcher', 'console_scripts', 'robot_mission_runner')())
[robot_mission_runner-4]              ^^^^^^^^^^^^^^^^^^^^^^^^^^^^^^^^^^^^^^^^^^^^^^^^^^^^^^^^^^^^^^^^^^^^^^^^^^^^^^^^^^^^^^^^^^^^^^^^^^^^^
[robot_mission_runner-4]   File "/root/ws/build/opennav_benchmark_mission_dispatcher/opennav_benchmark_mission_dispatcher/robot_mission_runner.py", line 209, in main
[robot_mission_runner-4]     node.run()
[robot_mission_runner-4]   File "/root/ws/build/opennav_benchmark_mission_dispatcher/opennav_benchmark_mission_dispatcher/robot_mission_runner.py", line 194, in run
[robot_mission_runner-4]     if not self.runMission():
[robot_mission_runner-4]            ^^^^^^^^^^^^^^^^^
[robot_mission_runner-4]   File "/root/ws/build/opennav_benchmark_mission_dispatcher/opennav_benchmark_mission_dispatcher/robot_mission_runner.py", line 155, in runMission
[robot_mission_runner-4]     if not self.navigateWithRetries(pick_wp, 'Navigating to pick'):
[robot_mission_runner-4]            ^^^^^^^^^^^^^^^^^^^^^^^^^^^^^^^^^^^^^^^^^^^^^^^^^^^^^^^
[robot_mission_runner-4]   File "/root/ws/build/opennav_benchmark_mission_dispatcher/opennav_benchmark_mission_dispatcher/robot_mission_runner.py", line 137, in navigateWithRetries
[robot_mission_runner-4]     if self.navigateToWaypoint(wp):
[robot_mission_runner-4]        ^^^^^^^^^^^^^^^^^^^^^^^^^^^
[robot_mission_runner-4]   File "/root/ws/build/opennav_benchmark_mission_dispatcher/opennav_benchmark_mission_dispatcher/robot_mission_runner.py", line 121, in navigateToWaypoint
[robot_mission_runner-4]     time.sleep(0.1)
[robot_mission_runner-4] KeyboardInterrupt
[component_container_isolated-2] [INFO] [1780120846.046577991] [rclcpp]: signal_handler(SIGINT/SIGTERM)
[component_container_isolated-2] [INFO] [1780120846.046675530] [amcl]: Running Nav2 LifecycleNode rcl preshutdown (amcl)
[component_container_isolated-2] [INFO] [1780120846.046787589] [amcl]: Deactivating
[component_container_isolated-2] [INFO] [1780120846.046823664] [amcl]: Destroying bond (amcl) to lifecycle manager.
[laserscan_merger.py-1] Traceback (most recent call last):
[laserscan_merger.py-1]   File "/root/ws/install/opennav_benchmark_nav2/lib/opennav_benchmark_nav2/laserscan_merger.py", line 161, in <module>
[laserscan_merger.py-1]     main()
[laserscan_merger.py-1]   File "/root/ws/install/opennav_benchmark_nav2/lib/opennav_benchmark_nav2/laserscan_merger.py", line 155, in main
[laserscan_merger.py-1]     rclpy.spin(node)
[laserscan_merger.py-1]   File "/opt/ros/jazzy/lib/python3.12/site-packages/rclpy/__init__.py", line 247, in spin
[laserscan_merger.py-1]     executor.spin_once()
[laserscan_merger.py-1]   File "/opt/ros/jazzy/lib/python3.12/site-packages/rclpy/executors.py", line 926, in spin_once
[laserscan_merger.py-1]     self._spin_once_impl(timeout_sec)
[laserscan_merger.py-1]   File "/opt/ros/jazzy/lib/python3.12/site-packages/rclpy/executors.py", line 907, in _spin_once_impl
[laserscan_merger.py-1]     handler, entity, node = self.wait_for_ready_callbacks(
[laserscan_merger.py-1]                             ^^^^^^^^^^^^^^^^^^^^^^^^^^^^^^
[laserscan_merger.py-1]   File "/opt/ros/jazzy/lib/python3.12/site-packages/rclpy/executors.py", line 877, in wait_for_ready_callbacks
[laserscan_merger.py-1]     return next(self._cb_iter)
[laserscan_merger.py-1]            ^^^^^^^^^^^^^^^^^^^
[laserscan_merger.py-1]   File "/opt/ros/jazzy/lib/python3.12/site-packages/rclpy/executors.py", line 781, in _wait_for_ready_callbacks
[laserscan_merger.py-1]     wait_set.wait(timeout_nsec)
[laserscan_merger.py-1] KeyboardInterrupt
[component_container_isolated-2] [INFO] [1780120846.057533427] [amcl]: Cleaning up
[component_container_isolated-2] [INFO] [1780120846.063795734] [amcl]: Destroying bond (amcl) to lifecycle manager.
[component_container_isolated-2] [INFO] [1780120846.063857319] [lifecycle_manager_localization]: Running Nav2 LifecycleManager rcl preshutdown (lifecycle_manager_localization)
[component_container_isolated-2] [INFO] [1780120846.063892607] [lifecycle_manager_localization]: [34m[1mTerminating bond timer...[0m[0m
[component_container_isolated-2] [INFO] [1780120846.094647926] [controller_server]: Running Nav2 LifecycleNode rcl preshutdown (controller_server)
[component_container_isolated-2] [INFO] [1780120846.094755012] [controller_server]: Deactivating
[component_container_isolated-2] [WARN] [1780120846.094777875] [controller_server]: [follow_path] [ActionServer] Requested to deactivate server but goal is still executing. Should check if action server is running before deactivating.
[component_container_isolated-2] [WARN] [1780120846.113205338] [controller_server]: [follow_path] [ActionServer] Stopping the thread per request.
[component_container_isolated-2] [WARN] [1780120846.113264506] [controller_server]: [follow_path] [ActionServer] Aborting handle.
[component_container_isolated-2] [INFO] [1780120846.113665351] [MPPIController]: Deactivated MPPI Controller: FollowPath
[component_container_isolated-2] [INFO] [1780120846.113719547] [local_costmap.local_costmap]: Deactivating
[component_container_isolated-2] [INFO] [1780120846.113771363] [local_costmap.local_costmap]: stvl_layer was deactivated.
[component_container_isolated-2] [ERROR] [1780120846.151812072] [bt_navigator_navigate_to_pose_rclcpp_node]: Failed to cancel action server for vlm_node/query_bool
[component_container_isolated-2] [ERROR] [1780120846.171984909] [bt_navigator_navigate_to_pose_rclcpp_node]: Failed to get result for vlm_node/query_bool in node halt!
[component_container_isolated-2] [WARN] [1780120846.172226157] [bt_navigator]: [navigate_to_pose] [ActionServer] Aborting handle.
[component_container_isolated-2] [ERROR] [1780120846.172352669] [bt_navigator]: Goal failed
[vlm_node-3] [WARN] [1780120846.185650265] [vlm_node]: VLM request failed on attempt 1: Connection error.
[vlm_node-3] Failed to publish log message to rosout: publisher's context is invalid, at ./src/rcl/publisher.c:423
[vlm_node-3] [ERROR] [1780120846.187081194] [vlm_node.action_server]: Error raised in execute callback: Failed to publish feedback with an action server: feedback publisher is invalid, at ./src/rcl_action/action_server.c:1002
[vlm_node-3] Failed to publish log message to rosout: publisher's context is invalid, at ./src/rcl/publisher.c:423
[component_container_isolated-2] [INFO] [1780120846.192300684] [controller_server]: Destroying bond (controller_server) to lifecycle manager.
[vlm_node-3] Traceback (most recent call last):
[vlm_node-3]   File "/usr/local/lib/python3.12/dist-packages/httpx/_transports/default.py", line 101, in map_httpcore_exceptions
[vlm_node-3]     yield
[vlm_node-3]   File "/usr/local/lib/python3.12/dist-packages/httpx/_transports/default.py", line 250, in handle_request
[vlm_node-3]     resp = self._pool.handle_request(req)
[vlm_node-3]            ^^^^^^^^^^^^^^^^^^^^^^^^^^^^^^
[vlm_node-3]   File "/usr/local/lib/python3.12/dist-packages/httpcore/_sync/connection_pool.py", line 256, in handle_request
[vlm_node-3]     raise exc from None
[vlm_node-3]   File "/usr/local/lib/python3.12/dist-packages/httpcore/_sync/connection_pool.py", line 236, in handle_request
[vlm_node-3]     response = connection.handle_request(
[vlm_node-3]                ^^^^^^^^^^^^^^^^^^^^^^^^^^
[vlm_node-3]   File "/usr/local/lib/python3.12/dist-packages/httpcore/_sync/connection.py", line 101, in handle_request
[vlm_node-3]     raise exc
[vlm_node-3]   File "/usr/local/lib/python3.12/dist-packages/httpcore/_sync/connection.py", line 78, in handle_request
[vlm_node-3]     stream = self._connect(request)
[vlm_node-3]              ^^^^^^^^^^^^^^^^^^^^^^
[vlm_node-3]   File "/usr/local/lib/python3.12/dist-packages/httpcore/_sync/connection.py", line 124, in _connect
[vlm_node-3]     stream = self._network_backend.connect_tcp(**kwargs)
[vlm_node-3]              ^^^^^^^^^^^^^^^^^^^^^^^^^^^^^^^^^^^^^^^^^^^
[vlm_node-3]   File "/usr/local/lib/python3.12/dist-packages/httpcore/_backends/sync.py", line 207, in connect_tcp
[vlm_node-3]     with map_exceptions(exc_map):
[vlm_node-3]   File "/usr/lib/python3.12/contextlib.py", line 158, in __exit__
[vlm_node-3]     self.gen.throw(value)
[vlm_node-3]   File "/usr/local/lib/python3.12/dist-packages/httpcore/_exceptions.py", line 14, in map_exceptions
[vlm_node-3]     raise to_exc(exc) from exc
[vlm_node-3] httpcore.ConnectError: [Errno 111] Connection refused
[vlm_node-3] 
[vlm_node-3] The above exception was the direct cause of the following exception:
[vlm_node-3] 
[vlm_node-3] Traceback (most recent call last):
[vlm_node-3]   File "/usr/local/lib/python3.12/dist-packages/openai/_base_client.py", line 1037, in request
[vlm_node-3]     response = self._send_request(
[vlm_node-3]                ^^^^^^^^^^^^^^^^^^^
[vlm_node-3]   File "/usr/local/lib/python3.12/dist-packages/openai/_client.py", line 440, in _send_request
[vlm_node-3]     return self._send_with_auth_retry(request, stream=stream, **kwargs)
[vlm_node-3]            ^^^^^^^^^^^^^^^^^^^^^^^^^^^^^^^^^^^^^^^^^^^^^^^^^^^^^^^^^^^^
[vlm_node-3]   File "/usr/local/lib/python3.12/dist-packages/openai/_client.py", line 418, in _send_with_auth_retry
[vlm_node-3]     response = super()._send_request(request, stream=stream, **kwargs)
[vlm_node-3]                ^^^^^^^^^^^^^^^^^^^^^^^^^^^^^^^^^^^^^^^^^^^^^^^^^^^^^^^
[vlm_node-3]   File "/usr/local/lib/python3.12/dist-packages/openai/_base_client.py", line 964, in _send_request
[vlm_node-3]     return self._client.send(request, stream=stream, **kwargs)
[vlm_node-3]            ^^^^^^^^^^^^^^^^^^^^^^^^^^^^^^^^^^^^^^^^^^^^^^^^^^^
[vlm_node-3]   File "/usr/local/lib/python3.12/dist-packages/httpx/_client.py", line 914, in send
[vlm_node-3]     response = self._send_handling_auth(
[vlm_node-3]                ^^^^^^^^^^^^^^^^^^^^^^^^^
[vlm_node-3]   File "/usr/local/lib/python3.12/dist-packages/httpx/_client.py", line 942, in _send_handling_auth
[vlm_node-3]     response = self._send_handling_redirects(
[vlm_node-3]                ^^^^^^^^^^^^^^^^^^^^^^^^^^^^^^
[vlm_node-3]   File "/usr/local/lib/python3.12/dist-packages/httpx/_client.py", line 979, in _send_handling_redirects
[vlm_node-3]     response = self._send_single_request(request)
[vlm_node-3]                ^^^^^^^^^^^^^^^^^^^^^^^^^^^^^^^^^^
[vlm_node-3]   File "/usr/local/lib/python3.12/dist-packages/httpx/_client.py", line 1014, in _send_single_request
[vlm_node-3]     response = transport.handle_request(request)
[vlm_node-3]                ^^^^^^^^^^^^^^^^^^^^^^^^^^^^^^^^^
[vlm_node-3]   File "/usr/local/lib/python3.12/dist-packages/httpx/_transports/default.py", line 249, in handle_request
[vlm_node-3]     with map_httpcore_exceptions():
[vlm_node-3]   File "/usr/lib/python3.12/contextlib.py", line 158, in __exit__
[vlm_node-3]     self.gen.throw(value)
[vlm_node-3]   File "/usr/local/lib/python3.12/dist-packages/httpx/_transports/default.py", line 118, in map_httpcore_exceptions
[vlm_node-3]     raise mapped_exc(message) from exc
[vlm_node-3] httpx.ConnectError: [Errno 111] Connection refused
[vlm_node-3] 
[vlm_node-3] The above exception was the direct cause of the following exception:
[vlm_node-3] 
[vlm_node-3] Traceback (most recent call last):
[vlm_node-3]   File "/root/ws/build/opennav_benchmark_vlm/opennav_benchmark_vlm/vlm_node.py", line 211, in _execute
[vlm_node-3]     raw = self._client.chat(messages, timeout=self._request_timeout)
[vlm_node-3]           ^^^^^^^^^^^^^^^^^^^^^^^^^^^^^^^^^^^^^^^^^^^^^^^^^^^^^^^^^^
[vlm_node-3]   File "/root/ws/build/opennav_benchmark_vlm/opennav_benchmark_vlm/vlm_client.py", line 26, in chat
[vlm_node-3]     resp = self._client.chat.completions.create(
[vlm_node-3]            ^^^^^^^^^^^^^^^^^^^^^^^^^^^^^^^^^^^^^
[vlm_node-3]   File "/usr/local/lib/python3.12/dist-packages/openai/_utils/_utils.py", line 298, in wrapper
[vlm_node-3]     return func(*args, **kwargs)
[vlm_node-3]            ^^^^^^^^^^^^^^^^^^^^^
[vlm_node-3]   File "/usr/local/lib/python3.12/dist-packages/openai/resources/chat/completions/completions.py", line 1215, in create
[vlm_node-3]     return self._post(
[vlm_node-3]            ^^^^^^^^^^^
[vlm_node-3]   File "/usr/local/lib/python3.12/dist-packages/openai/_base_client.py", line 1332, in post
[vlm_node-3]     return cast(ResponseT, self.request(cast_to, opts, stream=stream, stream_cls=stream_cls))
[vlm_node-3]                            ^^^^^^^^^^^^^^^^^^^^^^^^^^^^^^^^^^^^^^^^^^^^^^^^^^^^^^^^^^^^^^^^^
[vlm_node-3]   File "/usr/local/lib/python3.12/dist-packages/openai/_base_client.py", line 1072, in request
[vlm_node-3]     raise APIConnectionError(request=request) from err
[vlm_node-3] openai.APIConnectionError: Connection error.
[vlm_node-3] 
[vlm_node-3] During handling of the above exception, another exception occurred:
[vlm_node-3] 
[vlm_node-3] Traceback (most recent call last):
[vlm_node-3]   File "/opt/ros/jazzy/lib/python3.12/site-packages/rclpy/action/server.py", line 360, in _execute_goal
[vlm_node-3]     execute_result = await await_or_execute(execute_callback, goal_handle)
[vlm_node-3]                      ^^^^^^^^^^^^^^^^^^^^^^^^^^^^^^^^^^^^^^^^^^^^^^^^^^^^^
[vlm_node-3]   File "/opt/ros/jazzy/lib/python3.12/site-packages/rclpy/executors.py", line 115, in await_or_execute
[vlm_node-3]     return callback(*args)
[vlm_node-3]            ^^^^^^^^^^^^^^^
[vlm_node-3]   File "/root/ws/build/opennav_benchmark_vlm/opennav_benchmark_vlm/vlm_node.py", line 133, in _exec_bool
[vlm_node-3]     return self._execute(goal_handle, BoolParser(), QueryBool.Result, QueryBool.Feedback, 'QueryBool')
[vlm_node-3]            ^^^^^^^^^^^^^^^^^^^^^^^^^^^^^^^^^^^^^^^^^^^^^^^^^^^^^^^^^^^^^^^^^^^^^^^^^^^^^^^^^^^^^^^^^^^
[vlm_node-3]   File "/root/ws/build/opennav_benchmark_vlm/opennav_benchmark_vlm/vlm_node.py", line 214, in _execute
[vlm_node-3]     self._publish_feedback(
[vlm_node-3]   File "/root/ws/build/opennav_benchmark_vlm/opennav_benchmark_vlm/vlm_node.py", line 253, in _publish_feedback
[vlm_node-3]     goal_handle.publish_feedback(fb)
[vlm_node-3]   File "/opt/ros/jazzy/lib/python3.12/site-packages/rclpy/action/server.py", line 157, in publish_feedback
[vlm_node-3]     self._action_server._handle.publish_feedback(feedback_message)
[vlm_node-3] rclpy._rclpy_pybind11.RCLError: Failed to publish feedback with an action server: feedback publisher is invalid, at ./src/rcl_action/action_server.c:1002
[vlm_node-3] [WARN] [1780120846.195069558] [vlm_node.action_server]: Goal state not set, assuming aborted. Goal ID: [237  96 246 245  46 120 124 155 119 243 213 136 249 161  91 240]
[vlm_node-3] Failed to publish log message to rosout: publisher's context is invalid, at ./src/rcl/publisher.c:423
[component_container_isolated-2] [INFO] [1780120846.202609530] [controller_server]: Cleaning up
[component_container_isolated-2] [INFO] [1780120846.210520484] [MPPIController]: Cleaned up MPPI Controller: FollowPath
[component_container_isolated-2] [INFO] [1780120846.211275718] [local_costmap.local_costmap]: Cleaning up
[vlm_node-3] The following exception was never retrieved: Failed get goal status array: feedback publisher is invalid, at ./src/rcl_action/action_server.c:1002
[component_container_isolated-2] [INFO] [1780120846.267670416] [controller_server]: Destroying bond (controller_server) to lifecycle manager.
[component_container_isolated-2] [INFO] [1780120846.267732881] [smoother_server]: Running Nav2 LifecycleNode rcl preshutdown (smoother_server)
[component_container_isolated-2] [INFO] [1780120846.267775604] [smoother_server]: Deactivating
[component_container_isolated-2] [INFO] [1780120846.267794929] [smoother_server]: Deactivating smoother: path_smoother of type nav2_constrained_smoother::ConstrainedSmoother
[component_container_isolated-2] [INFO] [1780120846.267825569] [smoother_server]: Destroying bond (smoother_server) to lifecycle manager.
[component_container_isolated-2] [INFO] [1780120846.277123006] [lifecycle_manager_navigation]: [34m[1mHave not received a heartbeat from controller_server.[0m[0m
[component_container_isolated-2] [ERROR] [1780120846.277181119] [lifecycle_manager_navigation]: CRITICAL FAILURE: SERVER controller_server IS DOWN after not receiving a heartbeat for 4000 ms. Shutting down related nodes.
[component_container_isolated-2] [INFO] [1780120846.277248418] [lifecycle_manager_navigation]: [34m[1mTerminating bond timer...[0m[0m
[component_container_isolated-2] [INFO] [1780120846.277280187] [lifecycle_manager_navigation]: [34m[1mResetting managed nodes...[0m[0m
[component_container_isolated-2] [INFO] [1780120846.277296113] [lifecycle_manager_navigation]: [34m[1mDeactivating docking_server[0m[0m
[component_container_isolated-2] [INFO] [1780120846.278077987] [smoother_server]: Cleaning up
[component_container_isolated-2] [INFO] [1780120846.278105803] [smoother_server]: Cleaning up smoother: path_smoother of type nav2_constrained_smoother::ConstrainedSmoother
[component_container_isolated-2] [INFO] [1780120846.278258909] [docking_server]: Deactivating docking_server
[component_container_isolated-2] [INFO] [1780120846.289378323] [docking_server]: Destroying bond (docking_server) to lifecycle manager.
[component_container_isolated-2] [INFO] [1780120846.290958358] [smoother_server]: Destroying bond (smoother_server) to lifecycle manager.
[component_container_isolated-2] [INFO] [1780120846.290994868] [map_server]: Running Nav2 LifecycleNode rcl preshutdown (map_server)
[component_container_isolated-2] [INFO] [1780120846.291030545] [map_server]: Deactivating
[component_container_isolated-2] [INFO] [1780120846.291054167] [map_server]: Destroying bond (map_server) to lifecycle manager.
[component_container_isolated-2] [INFO] [1780120846.301175932] [map_server]: Cleaning up
[component_container_isolated-2] [INFO] [1780120846.301225962] [map_server]: Destroying bond (map_server) to lifecycle manager.
[component_container_isolated-2] [INFO] [1780120846.301240971] [planner_server]: Running Nav2 LifecycleNode rcl preshutdown (planner_server)
[component_container_isolated-2] [INFO] [1780120846.301279120] [planner_server]: Deactivating
[component_container_isolated-2] [INFO] [1780120846.301343585] [global_costmap.global_costmap]: Deactivating
[component_container_isolated-2] [INFO] [1780120846.301375308] [global_costmap.global_costmap]: stvl_layer was deactivated.
[ERROR] [laserscan_merger.py-1]: process has died [pid 39, exit code -2, cmd '/root/ws/install/opennav_benchmark_nav2/lib/opennav_benchmark_nav2/laserscan_merger.py --ros-args -r __node:=laserscan_merger --params-file /root/ws/install/opennav_benchmark_nav2/share/opennav_benchmark_nav2/config/nav2_params.yaml --params-file /tmp/launch_params_vif13mxk'].
[component_container_isolated-2] [INFO] [1780120846.372603440] [planner_server]: Deactivating plugin GridBased of type SmacPlannerHybrid
[component_container_isolated-2] [INFO] [1780120846.372674479] [planner_server]: Destroying bond (planner_server) to lifecycle manager.
[component_container_isolated-2] [INFO] [1780120846.382946100] [planner_server]: Cleaning up
[component_container_isolated-2] [INFO] [1780120846.398499204] [global_costmap.global_costmap]: Cleaning up
[component_container_isolated-2] [INFO] [1780120846.402955894] [lifecycle_manager_navigation]: [34m[1mDeactivating waypoint_follower[0m[0m
[component_container_isolated-2] [INFO] [1780120846.403200725] [waypoint_follower]: Deactivating
[component_container_isolated-2] [INFO] [1780120846.403274588] [waypoint_follower]: Destroying bond (waypoint_follower) to lifecycle manager.
[component_container_isolated-2] [INFO] [1780120846.412644573] [planner_server]: Cleaning up plugin GridBased of type SmacPlannerHybrid
[component_container_isolated-2] [INFO] [1780120846.414842571] [planner_server]: Destroying plugin GridBased of type SmacPlannerHybrid
[ERROR] [robot_mission_runner-4]: process has died [pid 42, exit code -2, cmd '/root/ws/install/opennav_benchmark_mission_dispatcher/lib/opennav_benchmark_mission_dispatcher/robot_mission_runner --ros-args -r __node:=robot_mission_runner --params-file /tmp/launch_params_t2dyrvwe'].
[component_container_isolated-2] [INFO] [1780120846.458082193] [planner_server]: Destroying bond (planner_server) to lifecycle manager.
[component_container_isolated-2] [INFO] [1780120846.458131353] [route_server]: Running Nav2 LifecycleNode rcl preshutdown (route_server)
[component_container_isolated-2] [INFO] [1780120846.458171548] [route_server]: Deactivating
[component_container_isolated-2] [INFO] [1780120846.458202077] [route_server]: Destroying bond (route_server) to lifecycle manager.
[component_container_isolated-2] [INFO] [1780120846.468418892] [route_server]: Cleaning up
[component_container_isolated-2] Magick: abort due to signal 11 (SIGSEGV) "Segmentation Fault"...
[ERROR] [component_container_isolated-2]: process has died [pid 40, exit code -6, cmd '/opt/ros/jazzy/lib/rclcpp_components/component_container_isolated --ros-args --log-level info --ros-args -r __node:=nav2_container --params-file /tmp/launch_params_toy16kwr --params-file /tmp/launch_params_ks9l5s6k -r /tf:=tf -r /tf_static:=tf_static'].
[INFO] [vlm_node-3]: process has finished cleanly [pid 41]
