elapsed_sec,board_power_w,cores_active_percent,cpu_freq_ghz,cpu_freq_mhz,cpu_temp,cpu_total,disk_percent,disk_read_rate_mbps,disk_write_rate_mbps,gpu_clock_mhz,gpu_effective_throughput,gpu_temp,gpu_util,load_15m,load_1m,load_5m,mean_core_util,net_errors,net_recv_rate_mbps,net_sent_rate_mbps,peak_core_util,process_count,ram_percent,ram_total_mb,ram_used_mb,swap_percent
0,16.61,0.0,2.202,2201.6,49.5,0.0,28.4,0.0,0.0,306.0,0.0,,0.0,7.26,2.97,2.07,0.0,0.0,0.0,0.0,0.0,396.0,61.5,62828.1,38026.6,0.6
1,23.13,100.0,2.202,2201.6,50.9,83.6,28.4,0.0,0.1,441.6,6.01,43.4,13.6,7.26,2.97,2.07,83.6,0.0,66.6,0.4,97.0,403.0,67.2,62828.1,41585.9,0.6
2,26.05,100.0,2.202,2201.6,51.1,81.7,28.4,0.0,10.8,424.3,11.16,43.5,26.3,7.35,4.57,2.42,81.8,0.0,66.4,0.4,91.0,403.0,71.0,62828.1,43752.2,0.7
3,27.55,100.0,2.202,2201.6,50.9,87.6,28.4,8.6,1.1,338.6,2.17,44.7,6.4,7.35,4.57,2.42,87.7,0.0,66.5,0.4,95.7,403.0,74.3,62828.1,46071.7,0.7
4,29.37,100.0,2.202,2201.6,51.6,82.7,28.4,769.9,9.5,843.3,84.33,44.1,100.0,7.35,4.57,2.42,82.6,0.0,66.5,0.3,88.4,403.0,75.5,62828.1,46803.4,0.7
5,31.29,100.0,2.202,2201.6,51.0,80.4,28.4,2.5,68.3,1039.6,103.96,44.7,100.0,7.35,4.57,2.42,80.6,0.0,66.5,0.5,91.8,403.0,75.6,62828.1,46842.1,0.9
6,57.08,100.0,2.202,2201.6,52.6,80.5,28.4,8.7,3.8,1204.4,120.44,50.2,100.0,7.35,4.57,2.42,80.4,0.0,66.4,0.2,88.3,403.0,75.8,62828.1,46983.1,0.9
7,43.55,100.0,2.202,2201.6,53.2,94.3,28.4,1.1,3.2,1282.9,128.29,45.7,100.0,7.6,8.53,3.28,94.7,0.0,66.5,0.4,98.0,403.0,75.9,62828.1,47057.7,0.9
8,29.56,100.0,2.202,2201.6,53.0,94.7,28.4,0.1,4.4,527.0,33.68,44.8,63.9,7.6,8.53,3.28,94.8,0.0,66.4,0.2,97.0,403.0,76.0,62828.1,47144.1,1.0
9,29.05,100.0,2.202,2201.6,53.2,97.4,28.4,2.6,4.3,306.0,0.0,,0.0,7.6,8.53,3.28,97.2,0.0,66.5,0.4,99.0,403.0,76.1,62828.1,47162.2,1.0
10,27.95,100.0,2.202,2201.6,53.5,96.3,28.4,5.6,0.0,306.0,0.0,,0.0,7.6,8.53,3.28,96.4,0.0,66.4,0.2,98.0,403.0,76.1,62828.1,47171.3,1.0
11,27.64,100.0,2.202,2201.6,53.0,95.4,28.4,0.0,0.0,306.0,0.0,,0.0,7.6,8.53,3.28,95.3,0.0,66.4,0.3,99.0,403.0,76.1,62828.1,47203.9,1.0
12,27.74,100.0,2.202,2201.6,52.8,94.8,28.4,0.4,0.0,306.0,0.0,,0.0,7.65,9.21,3.5,94.8,0.0,66.5,0.3,98.0,403.0,76.2,62828.1,47216.1,1.0
13,28.85,100.0,2.202,2201.6,53.0,97.4,28.4,0.0,0.0,306.0,0.0,,0.0,7.65,9.21,3.5,97.2,0.0,66.3,0.2,100.0,403.0,76.2,62828.1,47232.7,1.0
14,27.95,100.0,2.202,2201.6,53.2,96.6,28.4,1.0,0.5,306.0,0.0,,0.0,7.65,9.21,3.5,96.6,0.0,66.5,0.4,99.0,403.0,76.2,62828.1,47228.5,1.0
15,27.64,100.0,2.202,2201.6,53.1,96.3,28.4,0.0,0.0,306.0,0.0,,0.0,7.65,9.21,3.5,96.4,0.0,66.4,0.2,99.0,403.0,76.2,62828.1,47231.8,1.0
16,27.94,100.0,2.202,2201.6,53.0,96.5,28.4,0.0,0.0,306.0,0.0,,0.0,7.65,9.21,3.5,96.5,0.0,66.5,0.4,99.0,403.0,76.2,62828.1,47239.7,1.0
17,28.45,100.0,2.202,2201.6,53.3,96.8,28.4,0.0,0.0,306.0,0.0,,0.0,7.78,11.03,3.98,97.0,0.0,66.4,0.2,99.0,403.0,76.2,62828.1,47238.7,1.0
18,27.74,100.0,2.202,2201.6,53.0,96.7,28.4,0.0,0.0,306.0,0.0,,0.0,7.78,11.03,3.98,96.5,0.0,66.5,0.4,99.0,403.0,76.2,62828.1,47241.9,1.0
19,28.04,100.0,2.202,2201.6,53.5,96.2,28.4,0.0,0.1,306.0,0.0,,0.0,7.78,11.03,3.98,96.4,0.0,66.4,0.2,98.0,403.0,76.2,62828.1,47234.1,1.0
20,28.15,100.0,2.202,2201.6,53.5,95.9,28.4,0.0,0.0,306.0,0.0,,0.0,7.78,11.03,3.98,95.7,0.0,66.5,0.3,99.0,403.0,76.2,62828.1,47219.8,1.0
21,27.54,100.0,2.202,2201.6,53.9,97.2,28.4,0.0,0.0,306.0,0.0,,0.0,7.78,11.03,3.98,97.2,0.0,66.3,0.3,99.0,403.0,76.2,62828.1,47235.0,1.0
22,27.74,100.0,2.202,2201.6,53.7,95.9,28.4,0.2,0.0,306.0,0.0,,0.0,7.94,13.19,4.54,95.9,0.0,66.5,0.3,99.0,403.0,76.2,62828.1,47239.1,1.0
23,27.95,100.0,2.202,2201.6,53.3,96.9,28.4,0.0,0.0,306.0,0.0,,0.0,7.94,13.19,4.54,97.0,0.0,66.3,0.3,99.0,403.0,76.2,62828.1,47241.8,1.0
24,28.75,100.0,2.202,2201.6,55.1,97.1,28.4,0.0,0.0,306.0,0.0,,0.0,7.94,13.19,4.54,97.2,0.0,66.5,0.3,99.0,403.0,76.2,62828.1,47245.2,1.0
25,27.84,100.0,2.202,2201.6,53.5,96.2,28.4,0.0,0.0,306.0,0.0,,0.0,7.94,13.19,4.54,96.1,0.0,66.4,0.3,99.0,403.0,76.2,62828.1,47243.4,1.0
26,28.75,100.0,2.202,2201.6,53.9,96.9,28.4,0.0,6.0,306.0,0.0,,0.0,7.94,13.19,4.54,96.7,0.0,66.5,0.4,98.0,403.0,76.2,62828.1,47270.3,1.0
27,28.25,100.0,2.202,2201.6,53.8,96.3,28.4,0.0,0.0,306.0,0.0,,0.0,7.97,13.26,4.7,96.4,0.0,66.4,0.2,98.0,403.0,76.2,62828.1,47264.8,1.0
28,27.95,100.0,2.202,2201.6,53.9,97.1,28.4,0.0,0.1,306.0,0.0,,0.0,7.97,13.26,4.7,97.2,0.0,66.5,0.3,99.0,403.0,76.2,62828.1,47271.5,1.0
29,28.14,100.0,2.202,2201.6,54.0,97.1,28.4,0.0,0.0,306.0,0.0,,0.0,7.97,13.26,4.7,97.0,0.0,66.4,0.3,98.0,403.0,76.2,62828.1,47273.1,1.0
30,28.14,100.0,2.202,2201.6,54.0,97.1,28.4,6.5,0.0,306.0,0.0,,0.0,7.97,13.26,4.7,97.0,0.0,66.4,0.3,100.0,404.0,76.2,62828.1,47269.1,1.0
31,28.35,100.0,2.202,2201.6,53.8,95.8,28.4,7.1,0.0,306.0,0.0,,0.0,7.97,13.26,4.7,96.0,0.0,66.3,0.3,98.0,403.0,76.2,62828.1,47256.3,1.0
32,28.45,100.0,2.202,2201.6,54.0,95.8,28.4,0.2,0.0,306.0,0.0,,0.0,8.15,15.48,5.3,95.7,0.0,71.6,0.2,98.0,403.0,76.2,62828.1,47264.4,1.0
33,27.95,100.0,2.202,2201.6,53.7,96.0,28.4,0.7,0.1,306.0,0.0,,0.0,8.15,15.48,5.3,96.0,0.0,63.9,0.3,100.0,403.0,76.2,62828.1,47256.4,1.0
34,27.84,100.0,2.202,2201.6,54.2,96.1,28.4,0.0,0.0,306.0,0.0,,0.0,8.15,15.48,5.3,95.9,0.0,67.2,0.3,98.0,403.0,76.2,62828.1,47259.9,1.0
35,27.84,100.0,2.202,2201.6,54.0,95.2,28.4,0.0,0.0,306.0,0.0,,0.0,8.15,15.48,5.3,95.4,0.0,68.1,0.3,98.0,403.0,76.2,62828.1,47269.2,1.0
36,28.14,100.0,2.202,2201.6,54.3,95.1,28.4,0.0,0.0,306.0,0.0,,0.0,8.15,15.48,5.3,95.0,0.0,66.8,0.3,98.0,403.0,76.2,62828.1,47266.3,1.0
37,29.15,100.0,2.202,2201.6,55.2,97.1,28.4,0.0,0.0,306.0,0.0,,0.0,8.27,16.64,5.71,97.0,0.0,66.9,0.3,99.0,403.0,76.2,62828.1,47271.4,1.0
38,27.84,100.0,2.202,2201.6,54.3,95.6,28.4,0.0,0.1,306.0,0.0,,0.0,8.27,16.64,5.71,95.7,0.0,64.6,0.3,98.0,403.0,76.3,62828.1,47276.4,1.0
39,27.84,100.0,2.202,2201.6,54.2,96.2,28.4,0.2,0.0,306.0,0.0,,0.0,8.27,16.64,5.71,96.4,0.0,67.6,0.3,97.0,403.0,76.3,62828.1,47277.0,1.0
40,27.74,100.0,2.202,2201.6,54.2,95.6,28.4,0.0,0.0,306.0,0.0,,0.0,8.27,16.64,5.71,95.3,0.0,66.9,0.2,99.0,403.0,76.3,62828.1,47305.6,1.0
41,28.35,100.0,2.202,2201.6,54.4,95.9,28.4,0.0,0.0,306.0,0.0,,0.0,8.27,16.64,5.71,95.8,0.0,66.4,0.4,98.0,403.0,76.3,62828.1,47308.6,1.0
42,27.84,100.0,2.202,2201.6,54.2,96.0,28.4,0.1,0.0,306.0,0.0,,0.0,8.34,17.07,5.98,96.2,0.0,66.4,0.2,99.0,403.0,76.3,62828.1,47297.8,1.0
43,38.45,100.0,2.202,2201.6,53.9,86.7,28.4,0.1,3.3,716.4,34.46,51.5,48.1,8.34,17.07,5.98,86.6,0.0,66.4,0.3,98.0,403.0,76.4,62828.1,47343.7,1.0
44,57.47,100.0,2.202,2201.6,54.4,77.1,28.4,0.0,0.0,1300.5,130.05,52.4,100.0,8.34,17.07,5.98,77.4,0.0,66.4,0.3,87.5,403.0,76.4,62828.1,47348.3,1.0
45,56.26,100.0,2.202,2201.6,54.9,80.1,28.4,1.0,0.0,1294.7,129.47,52.9,100.0,8.34,17.07,5.98,80.1,0.0,66.4,0.3,91.2,403.0,76.5,62828.1,47417.4,1.0
46,60.29,100.0,2.202,2201.6,55.0,77.3,28.4,0.0,0.1,1300.5,130.05,53.9,100.0,8.34,17.07,5.98,77.2,0.0,66.4,0.3,85.9,403.0,76.6,62828.1,47524.0,1.0
47,58.97,100.0,2.202,2201.6,55.3,79.5,28.4,0.1,3.1,1300.5,130.05,53.7,100.0,8.34,16.35,6.02,79.6,0.0,66.4,0.3,91.4,403.0,76.9,62828.1,47676.8,1.0
48,59.77,100.0,2.202,2201.6,55.4,76.5,28.4,0.0,0.0,1300.5,130.05,54.4,100.0,8.34,16.35,6.02,76.4,0.0,66.4,0.3,83.3,403.0,76.9,62828.1,47677.4,1.0
49,60.38,100.0,2.202,2201.6,55.8,76.9,28.4,0.0,0.1,1300.5,130.05,54.0,100.0,8.34,16.35,6.02,76.9,0.0,66.4,0.3,83.5,403.0,76.9,62828.1,47673.2,1.0
50,64.5,100.0,2.202,2201.6,56.7,91.9,28.4,0.0,0.0,1300.5,130.05,54.1,100.0,8.34,16.35,6.02,92.0,0.0,66.4,0.3,98.0,403.0,76.9,62828.1,47672.3,1.0
51,31.57,100.0,2.202,2201.6,55.9,94.8,28.4,0.1,0.1,832.2,80.39,48.5,96.6,8.34,16.35,6.02,94.6,0.0,66.4,0.2,97.0,403.0,76.9,62828.1,47675.5,1.0
52,28.75,100.0,2.202,2201.6,55.8,95.0,28.4,0.2,0.0,306.0,0.0,,0.0,8.56,18.96,6.73,95.0,0.0,66.3,0.3,97.0,403.0,76.9,62828.1,47673.2,1.0
53,28.55,100.0,2.202,2201.6,57.5,95.2,28.4,0.0,0.0,306.0,0.0,,0.0,8.56,18.96,6.73,95.2,0.0,66.4,0.2,98.0,403.0,76.9,62828.1,47671.9,1.0
54,27.95,100.0,2.202,2201.6,55.2,95.6,28.4,0.0,0.1,306.0,0.0,,0.0,8.56,18.96,6.73,95.7,0.0,66.3,0.2,98.0,403.0,76.9,62828.1,47668.7,1.0
55,28.14,100.0,2.202,2201.6,55.8,95.4,28.4,0.0,0.0,306.0,0.0,,0.0,8.56,18.96,6.73,95.4,0.0,66.3,0.2,98.0,403.0,76.9,62828.1,47677.5,1.0
56,27.64,100.0,2.202,2201.6,55.7,93.9,28.4,0.0,0.0,306.0,0.0,,0.0,8.56,18.96,6.73,93.8,0.0,66.4,0.3,98.0,403.0,77.0,62828.1,47728.2,1.0
57,27.84,100.0,2.202,2201.6,55.7,95.2,28.4,0.0,0.0,306.0,0.0,,0.0,8.57,18.24,6.79,95.2,0.0,66.4,0.3,97.0,403.0,77.0,62828.1,47717.7,1.0
58,28.24,100.0,2.202,2201.6,55.9,93.6,28.4,0.0,0.0,306.0,0.0,,0.0,8.57,18.24,6.79,93.5,0.0,66.3,0.2,96.9,403.0,76.9,62828.1,47698.1,1.0
59,28.04,100.0,2.202,2201.6,55.5,94.5,28.4,0.0,0.0,306.0,0.0,,0.0,8.57,18.24,6.79,94.7,0.0,66.3,0.2,97.0,403.0,76.9,62828.1,47705.0,1.0
60,27.74,100.0,2.202,2201.6,55.8,95.0,28.4,0.0,0.0,306.0,0.0,,0.0,8.57,18.24,6.79,95.1,0.0,66.4,0.2,98.0,403.0,76.9,62828.1,47702.4,1.0
61,28.64,100.0,2.202,2201.6,56.5,95.4,28.4,0.5,4.1,306.0,0.0,,0.0,8.57,18.24,6.79,95.3,0.0,66.4,0.3,98.0,403.0,76.9,62828.1,47675.9,1.0
62,28.75,100.0,2.202,2201.6,55.4,97.2,28.4,0.1,0.0,306.0,0.0,,0.0,8.67,18.95,7.12,97.1,0.0,66.3,0.2,99.0,403.0,76.9,62828.1,47671.2,1.0
63,28.34,100.0,2.202,2201.6,55.4,96.4,28.4,0.0,0.0,306.0,0.0,,0.0,8.67,18.95,7.12,96.4,0.0,66.4,0.3,98.0,403.0,76.9,62828.1,47684.6,1.0
64,28.25,100.0,2.202,2201.6,55.2,95.6,28.4,0.0,0.0,306.0,0.0,,0.0,8.67,18.95,7.12,95.5,0.0,66.4,0.3,98.0,403.0,76.9,62828.1,47694.3,1.0
65,29.04,100.0,2.202,2201.6,55.9,97.1,28.4,0.0,0.0,306.0,0.0,,0.0,8.67,18.95,7.12,97.2,0.0,66.4,0.3,99.0,403.0,76.9,62828.1,47687.5,1.0
66,27.95,100.0,2.202,2201.6,55.8,96.0,28.4,0.0,0.1,306.0,0.0,,0.0,8.67,18.95,7.12,95.8,0.0,66.5,0.4,98.0,403.0,76.9,62828.1,47696.3,1.0
67,27.94,100.0,2.202,2201.6,55.9,95.3,28.4,0.0,0.0,306.0,0.0,,0.0,8.74,19.19,7.37,95.4,0.0,66.3,0.3,98.0,403.0,76.9,62828.1,47709.5,1.0
68,28.55,100.0,2.202,2201.6,55.6,96.1,28.4,0.0,0.1,306.0,0.0,,0.0,8.74,19.19,7.37,96.2,0.0,66.4,0.2,98.0,403.0,77.0,62828.1,47716.9,1.0
69,28.55,100.0,2.202,2201.6,55.6,95.0,28.4,0.0,0.0,306.0,0.0,,0.0,8.74,19.19,7.37,95.1,0.0,66.4,0.3,97.0,403.0,77.0,62828.1,47728.0,1.0
70,29.14,100.0,2.202,2201.6,56.0,96.7,28.4,0.0,0.0,306.0,0.0,,0.0,8.74,19.19,7.37,96.5,0.0,66.4,0.4,99.0,403.0,77.0,62828.1,47743.0,1.0
71,27.95,100.0,2.202,2201.6,55.8,96.1,28.4,0.0,0.1,306.0,0.0,,0.0,8.74,19.19,7.37,96.3,0.0,66.5,0.3,98.0,403.0,77.0,62828.1,47736.2,1.0
72,28.04,100.0,2.202,2201.6,55.8,96.5,28.4,0.2,0.0,306.0,0.0,,0.0,8.72,18.13,7.35,96.6,0.0,66.3,0.2,98.0,403.0,77.0,62828.1,47737.0,1.0
73,28.34,100.0,2.202,2201.6,55.7,95.7,28.4,0.0,0.0,306.0,0.0,,0.0,8.72,18.13,7.35,95.8,0.0,66.4,0.3,99.0,403.0,77.0,62828.1,47734.3,1.0
74,28.35,100.0,2.202,2201.6,55.5,95.4,28.4,0.0,0.1,306.0,0.0,,0.0,8.72,18.13,7.35,95.3,0.0,66.4,0.3,99.0,403.0,77.0,62828.1,47745.7,1.0
75,28.74,100.0,2.202,2201.6,56.4,97.5,28.4,0.0,0.0,306.0,0.0,,0.0,8.72,18.13,7.35,97.6,0.0,66.5,0.3,100.0,403.0,77.0,62828.1,47748.6,1.0
76,27.95,100.0,2.202,2201.6,55.6,95.7,28.4,0.0,0.1,306.0,0.0,,0.0,8.72,18.13,7.35,95.6,0.0,66.3,0.3,99.0,403.0,77.0,62828.1,47738.3,1.0
77,28.14,100.0,2.202,2201.6,55.9,95.8,28.4,0.0,0.0,306.0,0.0,,0.0,8.87,19.56,7.82,95.9,0.0,66.4,0.2,97.9,403.0,77.0,62828.1,47735.6,1.0
78,27.04,100.0,2.202,2201.6,55.5,94.3,28.4,0.0,0.0,306.0,0.0,,0.0,8.87,19.56,7.82,94.1,0.0,66.3,0.2,96.9,403.0,77.0,62828.1,47738.2,1.0
79,27.84,100.0,2.202,2201.6,55.8,94.7,28.4,0.0,0.0,306.0,0.0,,0.0,8.87,19.56,7.82,94.9,0.0,66.4,0.3,97.0,403.0,77.0,62828.1,47740.4,1.0
80,27.95,100.0,2.202,2201.6,55.6,93.8,28.4,0.0,0.0,306.0,0.0,,0.0,8.87,19.56,7.82,93.7,0.0,66.3,0.2,96.9,403.0,77.0,62828.1,47735.4,1.0
81,28.75,100.0,2.202,2201.6,56.2,96.2,28.4,1.5,0.0,306.0,0.0,,0.0,8.87,19.56,7.82,96.2,0.0,66.4,0.2,98.0,403.0,77.0,62828.1,47733.7,1.0
82,28.24,100.0,2.202,2201.6,57.0,95.2,28.4,0.0,0.0,306.0,0.0,,0.0,8.97,20.24,8.16,95.4,0.0,66.3,0.2,97.0,403.0,77.0,62828.1,47730.6,1.0
83,48.5,100.0,2.202,2201.6,55.4,79.5,28.4,0.0,1.9,929.2,61.98,53.6,66.7,8.97,20.24,8.16,79.7,0.0,66.4,0.3,93.9,403.0,77.1,62828.1,47828.9,1.0
84,50.89,100.0,2.202,2201.6,57.4,92.2,28.4,0.5,0.0,1300.5,130.05,50.1,100.0,8.97,20.24,8.16,92.0,0.0,66.3,0.2,95.9,403.0,77.2,62828.1,47843.0,1.0
85,30.86,100.0,2.202,2201.6,56.8,95.7,28.4,0.1,0.0,692.1,56.82,48.9,82.1,8.97,20.24,8.16,95.9,0.0,66.4,0.2,98.0,403.0,77.2,62828.1,47845.4,1.0
86,27.74,100.0,2.202,2201.6,56.4,94.4,28.4,0.0,0.0,306.0,0.0,,0.0,8.97,20.24,8.16,94.3,0.0,66.4,0.3,98.0,403.0,77.2,62828.1,47858.5,1.0
87,29.25,100.0,2.202,2201.6,56.8,96.6,28.4,0.0,0.8,306.0,0.0,,0.0,9.02,20.06,8.32,96.6,0.0,66.4,0.3,99.0,403.0,77.2,62828.1,47864.8,1.0
88,27.54,100.0,2.202,2201.6,55.8,95.8,28.4,0.0,0.1,306.0,0.0,,0.0,9.02,20.06,8.32,95.8,0.0,66.4,0.3,100.0,403.0,77.2,62828.1,47868.6,1.0
89,28.14,100.0,2.202,2201.6,56.4,96.4,28.4,0.0,0.0,306.0,0.0,,0.0,9.02,20.06,8.32,96.4,0.0,66.4,0.3,98.0,403.0,77.2,62828.1,47895.4,1.0
90,28.65,100.0,2.202,2201.6,56.7,95.8,28.4,0.0,0.0,306.0,0.0,,0.0,9.02,20.06,8.32,95.6,0.0,66.3,0.2,99.0,403.0,77.2,62828.1,47887.9,1.0
91,29.25,100.0,2.202,2201.6,56.5,97.3,28.4,1.3,0.1,306.0,0.0,,0.0,9.02,20.06,8.32,97.6,0.0,66.4,0.3,99.0,403.0,77.3,62828.1,47917.8,1.0
92,28.15,100.0,2.202,2201.6,56.6,96.6,28.4,0.1,0.0,306.0,0.0,,0.0,9.14,20.86,8.68,96.5,0.0,67.3,0.2,99.0,403.0,77.2,62828.1,47874.0,1.0
93,28.14,100.0,2.202,2201.6,56.3,97.0,28.4,0.3,0.1,306.0,0.0,,0.0,9.14,20.86,8.68,97.2,0.0,67.6,0.3,100.0,403.0,77.2,62828.1,47892.8,1.0
94,28.14,100.0,2.202,2201.6,56.3,96.1,28.4,0.0,0.0,306.0,0.0,,0.0,9.14,20.86,8.68,96.1,0.0,68.1,0.3,99.0,403.0,77.2,62828.1,47904.6,1.0
95,28.15,100.0,2.202,2201.6,57.4,97.4,28.4,0.0,0.0,306.0,0.0,,0.0,9.14,20.86,8.68,97.0,0.0,67.2,0.3,99.0,403.0,77.3,62828.1,47921.3,1.0
96,27.54,100.0,2.202,2201.6,56.2,96.3,28.4,0.0,0.0,306.0,0.0,,0.0,9.14,20.86,8.68,96.4,0.0,65.8,0.3,99.0,403.0,77.3,62828.1,47924.4,1.0
97,28.04,100.0,2.202,2201.6,56.2,96.9,28.4,0.0,0.0,306.0,0.0,,0.0,9.17,20.39,8.79,96.9,0.0,67.1,0.3,100.0,403.0,77.3,62828.1,47925.6,1.0
98,28.35,100.0,2.202,2201.6,56.5,96.5,28.4,0.0,0.1,306.0,0.0,,0.0,9.17,20.39,8.79,96.5,0.0,65.9,0.3,99.0,403.0,77.2,62828.1,47893.8,1.0
99,28.95,100.0,2.202,2201.6,57.0,97.4,28.4,0.8,0.1,306.0,0.0,,0.0,9.17,20.39,8.79,97.6,0.0,68.5,0.3,100.0,403.0,77.3,62828.1,47905.2,1.0
100,27.95,100.0,2.202,2201.6,56.2,96.4,28.4,3.3,0.0,306.0,0.0,,0.0,9.17,20.39,8.79,96.3,0.0,66.8,0.2,99.0,403.0,77.3,62828.1,47915.0,1.0
101,27.94,100.0,2.202,2201.6,56.4,97.4,28.4,0.0,0.0,306.0,0.0,,0.0,9.17,20.39,8.79,97.3,0.0,66.8,0.3,100.0,403.0,77.3,62828.1,47915.3,1.0
102,27.95,100.0,2.202,2201.6,56.5,96.0,28.4,0.0,0.0,306.0,0.0,,0.0,9.17,19.56,8.81,96.0,0.0,66.4,0.3,100.0,403.0,77.3,62828.1,47910.3,1.0
103,29.15,100.0,2.202,2201.6,56.5,96.1,28.4,0.0,0.7,306.0,0.0,,0.0,9.17,19.56,8.81,96.1,0.0,66.4,0.3,99.0,403.0,77.2,62828.1,47893.7,1.0
104,28.45,100.0,2.202,2201.6,56.7,96.0,28.4,0.0,0.0,306.0,0.0,,0.0,9.17,19.56,8.81,96.0,0.0,66.4,0.3,99.0,403.0,77.2,62828.1,47886.7,1.0
105,28.04,100.0,2.202,2201.6,56.4,96.2,28.4,0.0,0.0,306.0,0.0,,0.0,9.17,19.56,8.81,96.2,0.0,66.3,0.2,98.0,403.0,77.3,62828.1,47906.6,1.0
106,28.14,100.0,2.202,2201.6,56.4,95.0,28.4,0.0,0.0,306.0,0.0,,0.0,9.17,19.56,8.81,95.0,0.0,66.4,0.3,98.0,403.0,77.3,62828.1,47911.1,1.0
107,28.95,100.0,2.202,2201.6,56.7,97.5,28.4,0.0,0.0,306.0,0.0,,0.0,9.3,20.63,9.21,97.2,0.0,66.4,0.3,100.0,403.0,77.3,62828.1,47913.6,1.0
108,27.95,100.0,2.202,2201.6,56.7,96.8,28.4,0.0,0.0,306.0,0.0,,0.0,9.3,20.63,9.21,96.8,0.0,66.4,0.3,98.0,403.0,77.3,62828.1,47904.9,1.0
109,27.74,100.0,2.202,2201.6,56.6,95.8,28.4,0.0,0.1,306.0,0.0,,0.0,9.3,20.63,9.21,96.1,0.0,66.4,0.3,99.0,403.0,77.3,62828.1,47907.9,1.0
110,27.74,100.0,2.202,2201.6,56.4,95.9,28.4,0.0,0.0,306.0,0.0,,0.0,9.3,20.63,9.21,95.9,0.0,66.4,0.2,98.0,403.0,77.3,62828.1,47918.7,1.0
111,28.35,100.0,2.202,2201.6,56.9,96.2,28.4,0.0,0.0,306.0,0.0,,0.0,9.3,20.63,9.21,96.1,0.0,66.4,0.3,99.0,403.0,77.3,62828.1,47909.3,1.0
112,28.55,100.0,2.202,2201.6,56.5,97.4,28.4,0.0,0.0,306.0,0.0,,0.0,9.42,21.54,9.59,97.5,0.0,66.4,0.3,99.0,403.0,77.3,62828.1,47920.9,1.0
113,27.94,100.0,2.202,2201.6,56.8,96.8,28.4,0.0,0.0,306.0,0.0,,0.0,9.42,21.54,9.59,96.7,0.0,66.4,0.3,100.0,403.0,77.3,62828.1,47928.4,1.0
114,27.95,100.0,2.202,2201.6,56.6,95.0,28.4,0.0,0.1,306.0,0.0,,0.0,9.42,21.54,9.59,95.0,0.0,66.4,0.2,98.0,403.0,77.3,62828.1,47919.4,1.0
115,28.75,100.0,2.202,2201.6,56.7,96.5,28.4,0.0,0.0,306.0,0.0,,0.0,9.42,21.54,9.59,96.4,0.0,66.4,0.3,98.0,403.0,77.3,62828.1,47909.8,1.0
116,27.95,100.0,2.202,2201.6,57.2,96.1,28.4,0.0,0.0,306.0,0.0,,0.0,9.42,21.54,9.59,96.2,0.0,66.3,0.3,99.0,403.0,77.3,62828.1,47922.7,1.0
117,28.04,100.0,2.202,2201.6,56.8,95.6,28.4,0.0,0.0,306.0,0.0,,0.0,9.42,20.54,9.58,95.7,0.0,66.5,0.3,99.0,403.0,77.3,62828.1,47946.4,1.0
118,27.95,100.0,2.202,2201.6,56.6,96.0,28.4,0.0,0.0,306.0,0.0,,0.0,9.42,20.54,9.58,95.8,0.0,66.4,0.3,99.0,403.0,77.3,62828.1,47946.5,1.0
119,28.75,100.0,2.202,2201.6,57.8,96.6,28.4,0.0,0.0,306.0,0.0,,0.0,9.42,20.54,9.58,96.7,0.0,66.4,0.3,99.0,403.0,77.3,62828.1,47944.4,1.0
120,50.83,100.0,2.202,2201.6,56.5,84.9,28.4,0.0,0.1,974.1,69.36,54.5,71.2,9.42,20.54,9.58,84.9,0.0,66.4,0.3,97.0,403.0,77.4,62828.1,48000.5,1.0
121,51.5,100.0,2.202,2201.6,57.3,93.3,28.4,0.3,0.1,1300.5,130.05,51.2,100.0,9.42,20.54,9.58,93.3,0.0,66.4,0.3,97.0,403.0,77.5,62828.1,48032.3,1.0
122,31.06,100.0,2.202,2201.6,57.4,96.5,28.4,0.0,0.0,698.3,60.68,50.1,86.9,9.46,20.25,9.7,96.4,0.0,66.3,0.2,99.0,403.0,77.5,62828.1,48031.4,1.0
123,28.95,100.0,2.202,2201.6,57.0,96.5,28.4,0.0,0.4,306.0,0.0,,0.0,9.46,20.25,9.7,96.6,0.0,66.4,0.3,99.0,403.0,77.5,62828.1,48041.8,1.0
124,28.35,100.0,2.202,2201.6,57.3,97.1,28.4,0.0,0.0,306.0,0.0,,0.0,9.46,20.25,9.7,96.8,0.0,66.4,0.3,99.0,403.0,77.5,62828.1,48037.1,1.0
125,28.14,100.0,2.202,2201.6,57.4,96.3,28.4,0.0,0.0,306.0,0.0,,0.0,9.46,20.25,9.7,96.3,0.0,66.4,0.3,99.0,403.0,77.5,62828.1,48040.6,1.0
126,28.14,100.0,2.202,2201.6,57.1,95.8,28.4,0.0,0.0,306.0,0.0,,0.0,9.46,20.25,9.7,95.9,0.0,66.4,0.3,98.0,403.0,77.5,62828.1,48038.1,1.0
127,28.55,100.0,2.202,2201.6,57.2,96.4,28.4,0.0,0.0,306.0,0.0,,0.0,9.51,20.15,9.85,96.4,0.0,66.5,0.3,99.0,403.0,77.5,62828.1,48051.5,1.0
128,27.95,100.0,2.202,2201.6,56.9,96.6,28.4,0.0,0.0,306.0,0.0,,0.0,9.51,20.15,9.85,96.6,0.0,66.4,0.2,98.0,403.0,77.5,62828.1,48051.6,1.0
129,27.95,100.0,2.202,2201.6,57.0,95.9,28.4,0.0,0.0,306.0,0.0,,0.0,9.51,20.15,9.85,95.8,0.0,66.4,0.3,99.0,403.0,77.5,62828.1,48046.4,1.0
130,28.34,100.0,2.202,2201.6,57.0,97.1,28.4,0.0,0.1,306.0,0.0,,0.0,9.51,20.15,9.85,97.2,0.0,66.3,0.3,99.0,403.0,77.5,62828.1,48051.5,1.0
131,28.44,100.0,2.202,2201.6,57.4,96.1,28.4,0.0,0.0,306.0,0.0,,0.0,9.51,20.15,9.85,96.0,0.0,66.5,0.3,98.0,403.0,77.5,62828.1,48052.1,1.0
132,28.95,100.0,2.202,2201.6,57.4,96.4,28.4,0.0,0.0,306.0,0.0,,0.0,9.59,20.38,10.07,96.3,0.0,66.4,0.4,99.0,403.0,77.5,62828.1,48063.8,1.0
133,28.15,100.0,2.202,2201.6,57.1,96.0,28.4,0.0,0.0,306.0,0.0,,0.0,9.59,20.38,10.07,95.9,0.0,66.4,0.3,99.0,403.0,77.5,62828.1,48056.0,1.0
134,28.24,100.0,2.202,2201.6,57.2,96.8,28.4,0.0,0.0,306.0,0.0,,0.0,9.59,20.38,10.07,96.8,0.0,66.5,0.3,100.0,403.0,77.5,62828.1,48060.2,1.0
135,28.44,100.0,2.202,2201.6,57.4,96.1,28.4,0.0,0.0,306.0,0.0,,0.0,9.59,20.38,10.07,96.2,0.0,66.4,0.3,99.0,403.0,77.5,62828.1,48050.8,1.0
136,28.95,100.0,2.202,2201.6,57.2,96.2,28.4,0.0,0.0,306.0,0.0,,0.0,9.59,20.38,10.07,96.1,0.0,66.4,0.3,98.0,403.0,77.5,62828.1,48051.8,1.0
137,27.95,100.0,2.202,2201.6,57.6,97.3,28.4,0.0,0.0,306.0,0.0,,0.0,9.64,20.35,10.24,97.6,0.0,66.4,0.3,99.0,403.0,77.5,62828.1,48056.5,1.0
138,28.44,100.0,2.202,2201.6,57.1,96.3,28.4,0.0,0.0,306.0,0.0,,0.0,9.64,20.35,10.24,96.1,0.0,66.3,0.2,98.0,403.0,77.5,62828.1,48059.9,1.0
139,27.94,100.0,2.202,2201.6,57.1,94.6,28.4,0.0,0.0,306.0,0.0,,0.0,9.64,20.35,10.24,94.5,0.0,66.4,0.2,98.0,403.0,77.5,62828.1,48052.4,1.0
140,27.84,100.0,2.202,2201.6,57.1,95.4,28.4,0.0,0.0,306.0,0.0,,0.0,9.64,20.35,10.24,95.4,0.0,66.3,0.3,100.0,403.0,77.5,62828.1,48049.2,1.0
141,28.14,100.0,2.202,2201.6,57.3,94.9,28.4,0.0,0.1,306.0,0.0,,0.0,9.64,20.35,10.24,94.9,0.0,66.3,0.2,98.0,403.0,77.5,62828.1,48046.6,1.0
142,28.35,100.0,2.202,2201.6,57.5,95.2,28.4,0.0,0.0,306.0,0.0,,0.0,9.77,21.36,10.62,95.3,0.0,66.4,0.2,98.0,403.0,77.5,62828.1,48043.9,1.0
143,28.74,100.0,2.202,2201.6,57.9,94.8,28.4,0.0,0.0,306.0,0.0,,0.0,9.77,21.36,10.62,94.8,0.0,66.3,0.3,96.0,403.0,77.5,62828.1,48049.0,1.0
144,27.54,100.0,2.202,2201.6,56.8,94.2,28.4,0.0,0.0,306.0,0.0,,0.0,9.77,21.36,10.62,94.0,0.0,66.4,0.2,97.0,403.0,77.5,62828.1,48054.4,1.0
145,28.25,100.0,2.202,2201.6,57.5,94.7,28.4,0.0,0.1,306.0,0.0,,0.0,9.77,21.36,10.62,94.7,0.0,66.3,0.2,97.0,403.0,77.5,62828.1,48054.1,1.0
146,28.14,100.0,2.202,2201.6,57.7,94.3,28.4,0.0,0.0,306.0,0.0,,0.0,9.77,21.36,10.62,94.4,0.0,66.4,0.2,98.0,403.0,77.5,62828.1,48047.7,1.0
147,27.84,100.0,2.202,2201.6,57.4,95.8,28.4,0.0,0.0,306.0,0.0,,0.0,9.81,21.01,10.72,95.8,0.0,66.3,0.3,97.9,403.0,77.5,62828.1,48053.6,1.0
148,28.85,100.0,2.202,2201.6,57.4,96.0,28.4,0.0,0.1,306.0,0.0,,0.0,9.81,21.01,10.72,96.0,0.0,66.5,0.4,98.0,403.0,77.5,62828.1,48049.8,1.0
149,28.95,100.0,2.202,2201.6,58.2,96.7,28.4,0.0,0.0,306.0,0.0,,0.0,9.81,21.01,10.72,96.6,0.0,66.4,0.2,99.0,403.0,77.5,62828.1,48062.2,1.0
150,27.95,100.0,2.202,2201.6,57.5,95.7,28.4,0.0,0.0,306.0,0.0,,0.0,9.81,21.01,10.72,95.7,0.0,66.4,0.3,98.0,403.0,77.5,62828.1,48047.2,1.0
151,28.14,100.0,2.202,2201.6,57.4,96.0,28.4,0.0,0.1,306.0,0.0,,0.0,9.81,21.01,10.72,96.1,0.0,66.4,0.3,99.0,403.0,77.5,62828.1,48052.1,1.0
152,28.55,100.0,2.202,2201.6,57.6,95.3,28.4,0.0,0.1,306.0,0.0,,0.0,9.83,20.53,10.79,95.3,0.0,66.4,0.3,99.0,403.0,77.5,62828.1,48067.7,1.0
153,28.85,100.0,2.202,2201.6,57.7,96.3,28.4,0.0,0.0,306.0,0.0,,0.0,9.83,20.53,10.79,96.2,0.0,67.0,0.2,100.0,403.0,77.5,62828.1,48044.7,1.0
154,28.15,100.0,2.202,2201.6,57.8,96.4,28.4,0.0,0.3,306.0,0.0,,0.0,9.83,20.53,10.79,96.3,0.0,66.8,0.3,99.0,403.0,77.5,62828.1,48048.0,1.0
155,45.4,100.0,2.202,2201.6,56.9,85.0,28.4,0.0,2.7,877.4,54.75,55.6,62.4,9.83,20.53,10.79,85.1,0.0,66.6,0.3,95.9,403.0,77.7,62828.1,48189.5,1.0
156,62.69,100.0,2.202,2201.6,58.4,89.9,28.4,0.0,0.0,1300.5,130.05,56.4,100.0,9.83,20.53,10.79,89.9,0.0,66.6,0.2,98.0,403.0,77.7,62828.1,48202.8,1.0
157,32.68,100.0,2.197,2197.3,57.6,95.2,28.4,0.0,0.1,908.8,90.88,50.8,100.0,10.01,22.25,11.31,95.2,0.0,67.0,0.4,98.0,403.0,77.7,62828.1,48202.6,1.0
158,29.55,100.0,2.202,2201.6,58.2,96.8,28.4,0.0,0.0,335.8,9.81,,29.2,10.01,22.25,11.31,96.9,0.0,67.5,0.2,100.0,403.0,77.7,62828.1,48206.4,1.0
159,27.95,100.0,2.202,2201.6,57.6,96.8,28.4,0.0,0.0,306.0,0.0,,0.0,10.01,22.25,11.31,96.8,0.0,63.2,0.3,98.0,403.0,77.7,62828.1,48208.0,1.0
160,28.14,100.0,2.202,2201.6,57.9,95.5,28.4,0.0,0.0,306.0,0.0,,0.0,10.01,22.25,11.31,95.5,0.0,66.4,0.3,97.0,403.0,77.7,62828.1,48211.9,1.0
161,28.14,100.0,2.202,2201.6,57.7,97.0,28.4,0.0,0.0,306.0,0.0,,0.0,10.01,22.25,11.31,97.0,0.0,66.4,0.3,98.0,403.0,77.7,62828.1,48210.0,1.0
162,28.55,100.0,2.202,2201.6,57.6,96.1,28.4,0.0,0.0,306.0,0.0,,0.0,10.08,22.39,11.52,95.9,0.0,66.4,0.2,98.0,403.0,77.7,62828.1,48213.7,1.0
163,29.24,100.0,2.202,2201.6,59.2,96.0,28.4,0.0,0.0,306.0,0.0,,0.0,10.08,22.39,11.52,96.0,0.0,66.4,0.3,98.0,403.0,77.7,62828.1,48208.6,1.0
164,27.95,100.0,2.202,2201.6,57.7,96.1,28.4,0.2,0.1,306.0,0.0,,0.0,10.08,22.39,11.52,96.2,0.0,67.9,0.3,98.0,403.0,77.8,62828.1,48226.8,1.0
165,28.14,100.0,2.202,2201.6,57.4,95.8,28.4,0.0,0.0,306.0,0.0,,0.0,10.08,22.39,11.52,95.6,0.0,67.5,0.3,98.0,403.0,77.7,62828.1,48218.5,1.0
166,28.45,100.0,2.202,2201.6,57.9,97.1,28.4,0.0,0.0,306.0,0.0,,0.0,10.08,22.39,11.52,97.3,0.0,67.5,0.2,100.0,403.0,77.7,62828.1,48196.9,1.0
167,28.65,100.0,2.202,2201.6,57.5,96.2,28.4,0.0,0.0,306.0,0.0,,0.0,10.24,23.8,12.0,96.0,0.0,66.1,0.3,98.0,403.0,77.7,62828.1,48194.8,1.0
168,28.45,100.0,2.202,2201.6,58.0,96.8,28.4,0.0,0.0,306.0,0.0,,0.0,10.24,23.8,12.0,96.8,0.0,69.0,0.3,99.0,403.0,77.7,62828.1,48198.2,1.0
169,28.25,100.0,2.202,2201.6,58.0,96.5,28.4,0.0,0.0,306.0,0.0,,0.0,10.24,23.8,12.0,96.4,0.0,66.4,0.3,98.0,403.0,77.7,62828.1,48187.5,1.0
170,28.24,100.0,2.202,2201.6,57.8,95.4,28.4,0.0,0.0,306.0,0.0,,0.0,10.24,23.8,12.0,95.3,0.0,66.4,0.2,98.0,403.0,77.7,62828.1,48183.8,1.0
171,28.25,100.0,2.202,2201.6,58.0,95.1,28.4,0.0,0.0,306.0,0.0,,0.0,10.24,23.8,12.0,95.2,0.0,66.3,0.2,98.0,403.0,77.7,62828.1,48183.6,1.0
172,28.35,100.0,2.202,2201.6,57.8,95.8,28.4,0.0,0.0,306.0,0.0,,0.0,10.4,25.02,12.45,95.9,0.0,66.3,0.3,98.0,403.0,77.7,62828.1,48181.2,1.0
173,29.15,100.0,2.202,2201.6,58.1,95.9,28.4,0.0,0.0,306.0,0.0,,0.0,10.4,25.02,12.45,95.9,0.0,66.4,0.2,99.0,403.0,77.7,62828.1,48171.6,1.0
174,27.95,100.0,2.202,2201.6,57.8,95.8,28.4,0.0,0.0,306.0,0.0,,0.0,10.4,25.02,12.45,95.9,0.0,66.3,0.2,97.0,403.0,77.7,62828.1,48173.4,1.0
175,27.74,100.0,2.202,2201.6,57.9,95.5,28.4,0.0,0.0,306.0,0.0,,0.0,10.4,25.02,12.45,95.6,0.0,66.4,0.3,98.0,403.0,77.7,62828.1,48175.3,1.0
176,28.04,100.0,2.202,2201.6,57.5,94.4,28.4,0.0,0.0,306.0,0.0,,0.0,10.4,25.02,12.45,94.1,0.0,65.8,0.2,98.0,403.0,77.7,62828.1,48177.6,1.0
177,28.44,100.0,2.202,2201.6,57.8,95.9,28.4,0.0,0.0,306.0,0.0,,0.0,10.44,24.46,12.54,96.0,0.0,66.0,0.2,98.0,403.0,77.7,62828.1,48179.7,1.0
178,28.14,100.0,2.202,2201.6,57.6,94.0,28.4,0.0,0.0,306.0,0.0,,0.0,10.44,24.46,12.54,94.2,0.0,65.8,0.3,96.9,403.0,77.7,62828.1,48178.9,1.0
179,28.35,100.0,2.202,2201.6,58.0,94.9,28.4,0.0,0.0,306.0,0.0,,0.0,10.44,24.46,12.54,94.7,0.0,66.9,0.3,97.0,403.0,77.7,62828.1,48181.9,1.0
180,28.35,100.0,2.202,2201.6,58.3,96.7,28.4,0.0,0.0,306.0,0.0,,0.0,10.44,24.46,12.54,96.7,0.0,65.9,0.2,99.0,403.0,77.7,62828.1,48177.4,1.0
181,28.45,100.0,2.202,2201.6,57.9,96.5,28.4,0.6,0.4,306.0,0.0,,0.0,10.44,24.46,12.54,96.5,0.0,66.8,0.3,99.0,401.0,77.7,62828.1,48187.0,1.0
182,27.94,100.0,2.202,2201.6,57.8,95.9,28.4,0.0,0.0,306.0,0.0,,0.0,10.54,24.82,12.81,95.8,0.0,62.7,0.3,99.0,401.0,77.7,62828.1,48185.7,1.0
183,28.15,100.0,2.202,2201.6,57.5,94.8,28.4,0.0,0.0,306.0,0.0,,0.0,10.54,24.82,12.81,94.7,0.0,68.4,0.3,97.0,401.0,77.7,62828.1,48194.0,1.0
184,28.35,100.0,2.202,2201.6,58.4,95.5,28.4,0.0,0.0,306.0,0.0,,0.0,10.54,24.82,12.81,95.5,0.0,65.6,0.3,97.0,401.0,77.7,62828.1,48196.6,1.0
185,27.44,100.0,2.202,2201.6,57.9,95.8,28.4,0.0,0.3,306.0,0.0,,0.0,10.54,24.82,12.81,95.8,0.0,63.8,0.3,99.0,401.0,77.7,62828.1,48196.5,1.0
186,28.14,100.0,2.202,2201.6,58.0,96.2,28.4,0.0,0.0,306.0,0.0,,0.0,10.54,24.82,12.81,96.2,0.0,66.4,0.3,98.0,401.0,77.7,62828.1,48186.1,1.0
187,28.35,100.0,2.202,2201.6,57.8,95.6,28.4,0.0,0.0,306.0,0.0,,0.0,10.62,24.92,13.03,95.6,0.0,66.4,0.3,98.0,401.0,77.7,62828.1,48189.3,1.0
188,28.65,100.0,2.202,2201.6,57.9,96.6,28.4,0.0,0.1,306.0,0.0,,0.0,10.62,24.92,13.03,96.8,0.0,66.4,0.3,98.0,401.0,77.7,62828.1,48207.9,1.0
189,28.15,100.0,2.202,2201.6,57.8,96.5,28.4,0.0,0.0,306.0,0.0,,0.0,10.62,24.92,13.03,96.5,0.0,66.4,0.2,98.0,401.0,77.7,62828.1,48201.9,1.0
190,48.21,100.0,2.202,2201.6,57.9,85.8,28.4,0.0,1.4,933.1,63.26,55.5,67.8,10.62,24.92,13.03,85.7,0.0,66.4,0.4,93.1,401.0,77.8,62828.1,48235.2,1.0
191,55.8,100.0,2.202,2201.6,58.1,76.3,28.4,0.0,0.1,1300.5,130.05,53.2,100.0,10.62,24.92,13.03,76.6,0.0,66.5,0.3,89.8,401.0,77.8,62828.1,48244.6,1.0
192,59.79,100.0,2.202,2201.6,57.6,81.8,28.4,0.4,4.5,1295.3,129.53,57.0,100.0,10.64,23.96,13.03,81.9,0.0,66.8,0.3,90.3,401.0,78.7,62828.1,48845.6,1.0
194,29.86,100.0,2.202,2201.6,57.8,82.6,28.4,0.1,0.1,1021.4,102.14,51.4,100.0,10.64,23.96,13.03,82.6,0.0,67.3,0.2,98.0,401.0,79.5,62828.1,49299.8,1.0
195,24.73,100.0,2.202,2201.6,57.8,82.4,28.4,0.0,0.0,400.6,26.08,51.2,65.1,10.64,23.96,13.03,82.7,0.0,66.4,0.3,100.0,401.0,78.5,62828.1,48702.4,1.0
196,24.33,100.0,2.202,2201.6,57.9,81.5,28.4,0.0,0.0,306.0,0.0,51.0,0.0,10.64,23.96,13.03,81.6,0.0,66.9,0.3,100.0,401.0,77.5,62828.1,48073.5,1.0
197,57.64,100.0,2.202,2201.6,58.8,83.6,28.4,0.0,0.0,1124.2,96.01,57.3,85.4,10.64,23.96,13.03,83.5,0.0,66.4,0.3,98.0,401.0,77.3,62828.1,47963.5,1.0
198,44.03,100.0,2.202,2201.6,59.1,96.4,28.4,0.0,0.0,1275.8,127.58,52.1,100.0,10.72,24.12,13.25,96.5,0.0,66.5,0.3,99.0,401.0,77.3,62828.1,47961.6,1.0
199,30.15,100.0,2.202,2201.6,59.1,95.5,28.4,0.0,0.1,527.5,34.82,51.9,66.0,10.72,24.12,13.25,95.5,0.0,66.6,0.3,98.0,400.0,77.3,62828.1,47961.9,1.0
200,28.75,100.0,2.202,2201.6,58.6,95.8,28.4,0.0,0.0,306.0,0.0,,0.0,10.72,24.12,13.25,95.9,0.0,67.1,0.3,98.0,400.0,77.3,62828.1,47966.7,1.0
201,28.95,100.0,2.202,2201.6,58.4,96.0,28.4,0.0,0.0,306.0,0.0,,0.0,10.72,24.12,13.25,95.9,0.0,67.1,0.3,98.0,400.0,77.3,62828.1,47961.4,1.0
202,28.25,100.0,2.202,2201.6,59.2,97.1,28.4,0.0,0.0,306.0,0.0,,0.0,10.72,24.12,13.25,97.1,0.0,66.4,0.3,100.0,400.0,77.3,62828.1,47957.2,1.0
203,28.34,100.0,2.202,2201.6,58.7,95.6,28.4,0.6,0.0,306.0,0.0,,0.0,10.74,23.31,13.26,95.6,0.0,67.6,0.2,98.0,400.0,77.3,62828.1,47967.8,1.0
204,28.14,100.0,2.202,2201.6,58.7,96.2,28.4,0.0,0.0,306.0,0.0,,0.0,10.74,23.31,13.26,96.2,0.0,66.2,0.3,99.0,400.0,77.3,62828.1,47950.7,1.0
205,28.55,100.0,2.202,2201.6,58.2,96.4,28.4,0.0,0.1,306.0,0.0,,0.0,10.74,23.31,13.26,96.6,0.0,67.9,0.2,99.0,400.0,77.3,62828.1,47957.1,1.0
206,29.05,100.0,2.202,2201.6,58.3,96.1,28.4,0.0,0.0,306.0,0.0,,0.0,10.74,23.31,13.26,95.8,0.0,66.4,0.3,97.0,400.0,77.3,62828.1,47958.7,1.0
207,28.15,100.0,2.202,2201.6,58.5,96.1,28.4,0.0,0.0,306.0,0.0,,0.0,10.74,23.31,13.26,96.2,0.0,66.4,0.3,99.0,400.0,77.3,62828.1,47950.7,1.0
208,28.35,100.0,2.202,2201.6,58.7,95.7,28.4,0.0,0.0,306.0,0.0,,0.0,10.78,22.97,13.35,95.7,0.0,66.4,0.4,99.0,400.0,77.3,62828.1,47958.8,1.0
209,28.04,100.0,2.202,2201.6,57.7,95.8,28.4,0.0,0.0,306.0,0.0,,0.0,10.78,22.97,13.35,95.7,0.0,66.5,0.2,98.0,400.0,77.4,62828.1,47969.4,1.0
210,28.55,100.0,2.202,2201.6,58.6,94.2,28.4,0.0,0.0,306.0,0.0,,0.0,10.78,22.97,13.35,94.4,0.0,66.4,0.3,96.0,400.0,77.3,62828.1,47960.6,1.0
211,28.15,100.0,2.202,2201.6,58.0,95.4,28.4,0.0,0.0,306.0,0.0,,0.0,10.78,22.97,13.35,95.4,0.0,66.3,0.2,98.0,400.0,77.3,62828.1,47952.2,1.0
212,29.44,100.0,2.202,2201.6,59.3,96.5,28.4,3.5,0.4,306.0,0.0,,0.0,10.78,22.97,13.35,96.2,0.0,66.4,0.3,99.0,401.0,77.4,62828.1,47969.8,1.0
213,28.55,100.0,2.202,2201.6,58.6,95.9,28.4,0.0,0.0,306.0,0.0,,0.0,10.89,23.53,13.63,96.1,0.0,66.3,0.2,97.0,401.0,77.4,62828.1,47974.9,1.0
214,28.35,100.0,2.202,2201.6,58.2,95.3,28.4,0.0,0.0,306.0,0.0,,0.0,10.89,23.53,13.63,95.1,0.0,66.4,0.3,97.0,401.0,77.4,62828.1,47974.9,1.0
215,27.94,100.0,2.202,2201.6,58.8,95.4,28.4,0.0,0.0,306.0,0.0,,0.0,10.89,23.53,13.63,95.6,0.0,66.3,0.2,98.0,401.0,77.4,62828.1,47977.3,1.0
216,28.55,100.0,2.202,2201.6,58.5,95.3,28.4,0.0,0.3,306.0,0.0,,0.0,10.89,23.53,13.63,95.3,0.0,66.4,0.2,97.0,401.0,77.3,62828.1,47962.5,1.0
217,28.15,100.0,2.202,2201.6,58.5,94.3,28.4,0.0,0.1,306.0,0.0,,0.0,10.89,23.53,13.63,94.1,0.0,66.3,0.3,96.0,401.0,77.3,62828.1,47953.1,1.0
218,29.35,100.0,2.202,2201.6,60.1,96.4,28.4,0.0,0.0,306.0,0.0,,0.0,10.98,23.89,13.87,96.6,0.0,66.5,0.3,98.0,401.0,77.3,62828.1,47958.0,1.0
219,28.45,100.0,2.202,2201.6,58.5,95.4,28.4,0.0,0.0,306.0,0.0,,0.0,10.98,23.89,13.87,95.4,0.0,66.3,0.3,99.0,401.0,77.3,62828.1,47954.9,1.0
220,28.14,100.0,2.202,2201.6,58.8,95.4,28.4,0.4,0.0,306.0,0.0,,0.0,10.98,23.89,13.87,95.2,0.0,66.4,0.2,98.0,401.0,77.3,62828.1,47957.8,1.0
221,28.75,100.0,2.202,2201.6,58.8,95.4,28.4,0.0,0.0,306.0,0.0,,0.0,10.98,23.89,13.87,95.5,0.0,66.4,0.3,99.0,401.0,77.3,62828.1,47954.4,1.0
222,29.65,100.0,2.202,2201.6,59.3,97.6,28.4,0.0,0.0,306.0,0.0,,0.0,10.98,23.89,13.87,97.6,0.0,66.4,0.3,100.0,401.0,77.3,62828.1,47951.5,1.0
223,28.15,100.0,2.202,2201.6,58.6,95.9,28.4,0.0,0.0,306.0,0.0,,0.0,11.09,24.46,14.15,95.9,0.0,66.4,0.3,97.0,401.0,77.3,62828.1,47955.6,1.0
224,28.14,100.0,2.202,2201.6,58.7,94.6,28.4,0.0,0.1,306.0,0.0,,0.0,11.09,24.46,14.15,94.5,0.0,66.4,0.3,98.0,401.0,77.3,62828.1,47950.0,1.0
225,28.35,100.0,2.202,2201.6,58.4,95.8,28.4,0.0,0.0,306.0,0.0,,0.0,11.09,24.46,14.15,95.7,0.0,66.4,0.3,98.0,401.0,77.3,62828.1,47936.0,1.0
226,28.65,100.0,2.202,2201.6,58.6,94.6,28.4,0.0,0.0,306.0,0.0,,0.0,11.09,24.46,14.15,94.7,0.0,66.4,0.3,96.0,401.0,77.3,62828.1,47941.4,1.0
227,28.55,100.0,2.202,2201.6,59.8,95.3,28.4,0.0,0.0,306.0,0.0,,0.0,11.09,24.46,14.15,95.4,0.0,66.4,0.2,99.0,401.0,77.3,62828.1,47946.2,1.0
228,28.05,100.0,2.202,2201.6,58.9,94.5,28.4,0.0,0.0,306.0,0.0,,0.0,11.15,24.34,14.3,94.3,0.0,66.4,0.3,98.0,401.0,77.3,62828.1,47955.0,1.0
229,28.14,100.0,2.202,2201.6,58.6,94.9,28.4,0.0,0.0,306.0,0.0,,0.0,11.15,24.34,14.3,95.1,0.0,66.4,0.3,97.9,401.0,77.3,62828.1,47953.0,1.0
230,28.14,100.0,2.202,2201.6,58.4,95.3,28.4,0.0,0.0,306.0,0.0,,0.0,11.15,24.34,14.3,95.1,0.0,66.4,0.3,97.0,401.0,77.3,62828.1,47958.0,1.0
231,28.65,100.0,2.202,2201.6,58.5,94.6,28.4,0.0,0.1,1300.5,130.05,51.7,100.0,11.15,24.34,14.3,94.7,0.0,66.4,0.3,97.9,401.0,77.3,62828.1,47954.5,1.0
232,54.75,100.0,2.202,2201.6,58.3,82.4,28.4,0.0,0.0,1038.8,79.78,57.2,76.8,11.15,24.34,14.3,82.4,0.0,66.4,0.3,94.9,401.0,78.4,62828.1,48658.2,1.0
233,53.34,100.0,2.202,2201.6,58.8,75.5,28.4,0.0,0.0,1300.5,130.05,57.0,100.0,11.15,23.35,14.26,75.7,0.0,66.4,0.3,88.8,401.0,79.4,62828.1,49014.3,1.0
234,59.58,100.0,2.202,2201.6,58.8,76.8,28.4,0.0,0.0,1300.5,130.05,58.0,100.0,11.15,23.35,14.26,77.0,0.0,66.4,0.3,93.5,401.0,79.4,62828.1,49015.2,1.0
235,59.58,100.0,2.202,2201.6,58.9,71.6,28.4,0.3,0.0,1300.5,130.05,58.2,100.0,11.15,23.35,14.26,71.8,0.0,66.5,0.3,88.3,401.0,78.6,62828.1,48724.7,1.0
236,39.63,100.0,2.202,2201.6,58.9,77.3,28.4,0.0,0.0,1264.8,126.48,53.2,100.0,11.15,23.35,14.26,77.3,0.0,66.4,0.3,88.3,401.0,79.6,62828.1,49361.4,1.0
237,25.74,100.0,2.202,2201.6,58.4,79.4,28.4,0.0,0.0,604.7,60.47,52.5,100.0,11.15,23.35,14.26,79.4,0.0,66.3,0.3,100.0,401.0,79.6,62828.1,49367.1,1.0
238,27.95,100.0,2.202,2201.6,59.5,92.9,28.4,0.0,0.0,315.8,3.03,52.1,9.6,11.24,23.65,14.47,92.9,0.0,66.4,0.3,95.0,401.0,78.6,62828.1,48756.9,1.0
239,28.55,100.0,2.202,2201.6,59.5,96.2,28.4,0.0,0.0,306.0,0.0,,0.0,11.24,23.65,14.47,96.2,0.0,66.4,0.2,99.0,401.0,78.6,62828.1,48760.0,1.0
240,28.25,100.0,2.202,2201.6,59.2,94.9,28.4,0.2,0.0,306.0,0.0,,0.0,11.24,23.65,14.47,94.7,0.0,66.5,0.4,98.0,401.0,78.6,62828.1,48755.8,1.0
241,29.05,100.0,2.202,2201.6,59.7,96.5,28.4,0.0,0.0,306.0,0.0,,0.0,11.24,23.65,14.47,96.6,0.0,66.4,0.3,99.0,402.0,78.6,62828.1,48750.3,1.0
242,28.55,100.0,2.202,2201.6,59.3,96.3,28.4,0.0,0.3,306.0,0.0,,0.0,11.24,23.65,14.47,96.1,0.0,66.4,0.3,97.1,402.0,78.6,62828.1,48758.5,1.0
243,28.35,100.0,2.202,2201.6,59.2,96.1,28.4,0.0,0.0,306.0,0.0,,0.0,11.44,25.6,15.03,96.2,0.0,66.4,0.2,98.0,402.0,78.6,62828.1,48756.3,1.0
244,28.55,100.0,2.202,2201.6,59.0,95.8,28.4,0.0,0.0,306.0,0.0,,0.0,11.44,25.6,15.03,95.9,0.0,66.4,0.3,98.0,402.0,78.6,62828.1,48764.0,1.0
245,28.15,100.0,2.202,2201.6,59.0,95.5,28.4,0.0,0.0,306.0,0.0,,0.0,11.44,25.6,15.03,95.6,0.0,66.3,0.3,98.0,402.0,78.6,62828.1,48758.3,1.0
246,29.35,100.0,2.202,2201.6,59.8,97.6,28.4,0.0,0.0,306.0,0.0,,0.0,11.44,25.6,15.03,97.6,0.0,66.5,0.3,99.0,402.0,78.6,62828.1,48770.3,1.0
247,28.55,100.0,2.202,2201.6,59.6,96.7,28.4,0.0,0.4,306.0,0.0,,0.0,11.44,25.6,15.03,96.6,0.0,66.4,0.3,98.0,402.0,78.6,62828.1,48752.3,1.0
248,27.84,100.0,2.202,2201.6,58.8,95.5,28.4,0.0,0.2,306.0,0.0,,0.0,11.55,26.11,15.31,95.4,0.0,66.4,0.3,98.0,402.0,78.6,62828.1,48755.6,1.0
249,28.14,100.0,2.202,2201.6,58.8,96.1,28.4,0.0,0.0,306.0,0.0,,0.0,11.55,26.11,15.31,96.1,0.0,66.4,0.3,98.0,402.0,78.6,62828.1,48767.7,1.0
250,29.05,100.0,2.202,2201.6,59.3,96.2,28.4,0.0,0.0,306.0,0.0,,0.0,11.55,26.11,15.31,96.5,0.0,66.5,0.4,100.0,402.0,78.6,62828.1,48769.7,1.0
251,28.15,100.0,2.202,2201.6,58.6,96.3,28.4,0.0,0.0,306.0,0.0,,0.0,11.55,26.11,15.31,96.1,0.0,66.3,0.2,99.0,402.0,78.6,62828.1,48762.3,1.0
252,28.05,100.0,2.202,2201.6,59.0,95.7,28.4,0.0,0.1,306.0,0.0,,0.0,11.55,26.11,15.31,95.8,0.0,66.7,0.3,98.0,402.0,78.6,62828.1,48762.8,1.0
253,28.55,100.0,2.202,2201.6,58.8,96.5,28.4,0.0,0.0,306.0,0.0,,0.0,11.68,26.9,15.66,96.6,0.0,67.1,0.4,98.0,402.0,78.6,62828.1,48768.4,1.0
254,28.76,100.0,2.202,2201.6,58.8,95.2,28.4,0.0,0.0,306.0,0.0,,0.0,11.68,26.9,15.66,95.2,0.0,68.5,0.4,97.1,402.0,78.6,62828.1,48769.8,1.0
255,28.65,100.0,2.202,2201.6,59.2,95.7,28.4,0.0,0.1,306.0,0.0,,0.0,11.68,26.9,15.66,95.6,0.0,68.3,0.3,97.0,402.0,78.6,62828.1,48768.5,1.0
256,28.55,100.0,2.202,2201.6,59.2,96.7,28.4,0.1,0.0,306.0,0.0,,0.0,11.68,26.9,15.66,96.9,0.0,66.2,0.3,98.0,402.0,78.6,62828.1,48770.0,1.0
257,28.35,100.0,2.202,2201.6,59.7,96.1,28.4,0.0,0.0,306.0,0.0,,0.0,11.68,26.9,15.66,96.0,0.0,66.9,0.3,98.0,402.0,78.6,62828.1,48771.2,1.0
258,28.55,100.0,2.202,2201.6,59.1,96.6,28.4,0.0,0.0,306.0,0.0,,0.0,11.77,26.99,15.86,96.4,0.0,66.6,0.3,98.0,402.0,78.6,62828.1,48766.6,1.0
259,28.26,100.0,2.202,2201.6,58.9,94.9,28.4,0.0,0.0,306.0,0.0,,0.0,11.77,26.99,15.86,95.0,0.0,67.1,0.4,99.0,402.0,78.6,62828.1,48763.1,1.0
260,29.45,100.0,2.202,2201.6,59.6,96.4,28.4,0.0,0.0,306.0,0.0,,0.0,11.77,26.99,15.86,96.3,0.0,66.5,0.3,98.0,402.0,78.6,62828.1,48760.3,1.0
261,28.15,100.0,2.202,2201.6,59.3,96.9,28.4,0.0,0.1,306.0,0.0,,0.0,11.77,26.99,15.86,96.9,0.0,67.6,0.3,99.0,402.0,78.6,62828.1,48757.0,1.0
262,27.95,100.0,2.202,2201.6,59.7,95.8,28.4,0.0,0.0,306.0,0.0,,0.0,11.77,26.99,15.86,95.7,0.0,66.4,0.4,98.0,402.0,78.6,62828.1,48764.3,1.0
263,28.14,100.0,2.202,2201.6,58.9,95.5,28.4,0.0,0.0,306.0,0.0,,0.0,11.84,26.83,16.01,95.6,0.0,66.4,0.2,97.0,402.0,78.6,62828.1,48765.4,1.0
264,28.65,100.0,2.202,2201.6,58.9,95.9,28.4,0.0,0.1,306.0,0.0,,0.0,11.84,26.83,16.01,95.8,0.0,66.4,0.4,98.0,402.0,78.6,62828.1,48758.7,1.0
265,28.95,100.0,2.202,2201.6,59.8,96.6,28.4,0.0,0.0,306.0,0.0,,0.0,11.84,26.83,16.01,96.7,0.0,66.5,0.3,98.0,402.0,78.6,62828.1,48754.1,1.0
266,28.45,100.0,2.202,2201.6,59.4,96.3,28.4,0.0,0.0,306.0,0.0,,0.0,11.84,26.83,16.01,96.3,0.0,66.3,0.3,99.0,402.0,78.6,62828.1,48750.8,1.0
267,28.25,100.0,2.202,2201.6,59.1,94.8,28.4,0.0,0.0,306.0,0.0,,0.0,11.84,26.83,16.01,95.0,0.0,66.4,0.2,98.0,402.0,78.6,62828.1,48759.7,1.0
268,28.14,100.0,2.202,2201.6,59.3,95.0,28.4,0.0,0.0,306.0,0.0,,0.0,11.95,27.32,16.29,94.9,0.0,66.3,0.2,98.0,402.0,78.6,62828.1,48757.9,1.0
269,28.04,100.0,2.202,2201.6,59.0,95.2,28.4,0.0,0.0,306.0,0.0,,0.0,11.95,27.32,16.29,95.2,0.0,66.4,0.2,99.0,402.0,78.6,62828.1,48756.3,1.0
270,28.34,100.0,2.202,2201.6,58.8,94.8,28.4,0.0,0.0,306.0,0.0,,0.0,11.95,27.32,16.29,94.8,0.0,66.3,0.3,98.0,402.0,78.6,62828.1,48760.6,1.0
271,28.25,100.0,2.202,2201.6,57.9,87.6,28.4,0.0,0.0,515.6,14.08,53.1,27.3,11.95,27.32,16.29,87.6,0.0,66.4,0.3,92.0,402.0,79.1,62828.1,49041.7,1.0
272,56.27,100.0,2.202,2201.6,58.4,72.5,28.4,1.9,0.3,1281.1,128.11,57.9,100.0,11.95,27.32,16.29,72.8,0.0,66.4,0.2,87.8,402.0,78.8,62828.1,48870.6,1.0
273,53.85,100.0,2.202,2201.6,59.4,74.0,28.4,0.1,0.0,1283.5,128.35,58.2,100.0,11.97,26.34,16.27,74.0,0.0,66.4,0.2,84.2,402.0,78.8,62828.1,48905.1,1.0
274,38.93,100.0,2.202,2201.6,58.9,70.2,28.4,0.0,0.0,1282.0,128.2,53.3,100.0,11.97,26.34,16.27,70.4,0.0,66.3,0.3,82.7,402.0,79.0,62828.1,49001.6,1.0
275,55.86,100.0,2.202,2201.6,59.0,73.6,28.4,0.0,0.0,1238.5,123.85,58.5,100.0,11.97,26.34,16.27,73.4,0.0,66.3,0.2,99.0,402.0,78.8,62828.1,48902.2,1.0
276,64.1,100.0,2.202,2201.6,60.8,93.1,28.4,0.0,0.0,1300.5,130.05,59.2,100.0,11.97,26.34,16.27,93.3,0.0,66.4,0.2,98.0,402.0,78.8,62828.1,48909.5,1.0
277,33.48,100.0,2.202,2201.6,60.2,95.3,28.4,0.0,0.1,964.2,96.42,53.2,100.0,11.97,26.34,16.27,95.1,0.0,66.4,0.3,99.0,402.0,78.9,62828.1,48915.4,1.0
278,28.85,100.0,2.202,2201.6,59.8,95.5,28.4,0.0,0.2,323.2,5.46,,16.9,11.98,25.27,16.22,95.4,0.0,66.4,0.3,97.0,402.0,78.9,62828.1,48915.4,1.0
279,28.75,100.0,2.202,2201.6,60.0,96.7,28.4,0.0,0.0,306.0,0.0,,0.0,11.98,25.27,16.22,96.7,0.0,66.4,0.2,99.0,402.0,78.8,62828.1,48904.2,1.0
280,28.86,100.0,2.202,2201.6,59.8,96.8,28.4,0.0,0.0,306.0,0.0,,0.0,11.98,25.27,16.22,97.0,0.0,66.4,0.4,99.0,402.0,78.8,62828.1,48906.4,1.0
281,28.65,100.0,2.202,2201.6,60.3,96.9,28.4,0.0,0.0,306.0,0.0,,0.0,11.98,25.27,16.22,96.9,0.0,66.4,0.3,99.0,402.0,78.8,62828.1,48905.9,1.0
282,28.14,100.0,2.202,2201.6,59.5,96.0,28.4,0.0,0.1,306.0,0.0,,0.0,11.98,25.27,16.22,96.1,0.0,66.4,0.2,99.0,402.0,78.8,62828.1,48909.0,1.0
283,28.85,100.0,2.202,2201.6,59.8,96.0,28.4,0.0,0.0,306.0,0.0,,0.0,12.08,25.81,16.48,96.1,0.0,66.4,0.3,98.0,402.0,78.8,62828.1,48903.1,1.0
284,29.25,100.0,2.202,2201.6,60.1,97.0,28.4,0.0,0.0,306.0,0.0,,0.0,12.08,25.81,16.48,96.8,0.0,66.5,0.3,99.0,402.0,78.8,62828.1,48898.5,1.0
285,28.15,100.0,2.202,2201.6,59.7,95.6,28.4,0.0,0.0,306.0,0.0,,0.0,12.08,25.81,16.48,95.8,0.0,66.4,0.3,99.0,402.0,78.8,62828.1,48910.5,1.0
286,27.95,100.0,2.202,2201.6,60.0,94.7,28.4,0.0,0.1,306.0,0.0,,0.0,12.08,25.81,16.48,94.5,0.0,66.4,0.3,97.0,402.0,78.9,62828.1,48916.5,1.0
287,28.35,100.0,2.202,2201.6,59.5,95.7,28.4,0.0,0.0,306.0,0.0,,0.0,12.08,25.81,16.48,95.8,0.0,66.4,0.3,99.0,402.0,78.9,62828.1,48912.0,1.0
288,28.15,100.0,2.202,2201.6,59.2,94.9,28.4,0.0,0.0,306.0,0.0,,0.0,12.16,25.9,16.66,94.8,0.0,66.3,0.2,97.0,402.0,78.9,62828.1,48911.8,1.0
289,29.66,100.0,2.202,2201.6,60.1,97.4,28.4,0.0,0.0,306.0,0.0,,0.0,12.16,25.9,16.66,97.5,0.0,66.4,0.3,100.0,402.0,78.9,62828.1,48919.9,1.0
290,28.25,100.0,2.202,2201.6,59.8,96.2,28.4,0.0,0.0,306.0,0.0,,0.0,12.16,25.9,16.66,96.2,0.0,66.4,0.3,99.0,402.0,78.9,62828.1,48919.0,1.0
291,28.35,100.0,2.202,2201.6,59.8,96.3,28.4,0.0,0.1,306.0,0.0,,0.0,12.16,25.9,16.66,96.4,0.0,66.4,0.3,99.0,402.0,78.9,62828.1,48913.7,1.0
292,28.35,100.0,2.202,2201.6,59.7,97.2,28.4,0.0,0.0,306.0,0.0,,0.0,12.16,25.9,16.66,97.1,0.0,66.4,0.3,99.0,402.0,78.9,62828.1,48919.6,1.0
293,28.36,100.0,2.202,2201.6,59.2,96.3,28.4,0.0,0.0,306.0,0.0,,0.0,12.23,25.75,16.78,96.1,0.0,66.4,0.3,99.0,402.0,78.9,62828.1,48928.2,1.0
294,28.55,100.0,2.202,2201.6,60.1,95.9,28.4,0.0,0.0,306.0,0.0,,0.0,12.23,25.75,16.78,95.9,0.0,66.4,0.3,98.0,402.0,78.9,62828.1,48917.0,1.0
295,28.55,100.0,2.202,2201.6,59.6,96.6,28.4,0.0,0.0,306.0,0.0,,0.0,12.23,25.75,16.78,96.6,0.0,66.5,0.3,98.0,402.0,78.9,62828.1,48916.4,1.0
296,28.05,100.0,2.202,2201.6,59.8,96.2,28.4,0.0,0.0,306.0,0.0,,0.0,12.23,25.75,16.78,96.1,0.0,66.4,0.3,98.0,402.0,78.9,62828.1,48918.2,1.0
297,28.36,100.0,2.202,2201.6,59.6,95.7,28.4,0.0,0.1,306.0,0.0,,0.0,12.23,25.75,16.78,95.9,0.0,66.4,0.3,99.0,402.0,78.9,62828.1,48919.0,1.0
298,29.06,100.0,2.202,2201.6,59.5,96.5,28.4,0.0,0.1,306.0,0.0,,0.0,12.22,24.49,16.66,96.4,0.0,66.4,0.3,100.0,402.0,78.9,62828.1,48913.3,1.0
299,28.56,100.0,2.202,2201.6,59.8,96.7,28.4,0.0,0.0,306.0,0.0,,0.0,12.22,24.49,16.66,96.8,0.0,66.5,0.4,99.0,402.0,78.9,62828.1,48926.8,1.0
300,28.35,100.0,2.202,2201.6,59.6,95.7,28.4,0.0,0.0,306.0,0.0,,0.0,12.22,24.49,16.66,95.6,0.0,66.4,0.2,98.0,402.0,78.9,62828.1,48916.6,1.0
301,28.14,100.0,2.202,2201.6,59.6,95.9,28.4,0.0,0.0,306.0,0.0,,0.0,12.22,24.49,16.66,95.9,0.0,66.5,0.4,97.0,402.0,78.9,62828.1,48929.9,1.0
302,28.76,100.0,2.202,2201.6,59.3,95.6,28.4,0.0,0.3,306.0,0.0,,0.0,12.22,24.49,16.66,95.8,0.0,66.5,0.5,98.0,402.0,78.9,62828.1,48938.5,1.0
303,29.45,100.0,2.202,2201.6,60.4,96.4,28.4,0.0,0.1,306.0,0.0,,0.0,12.27,24.29,16.75,96.4,0.0,66.4,0.3,98.1,402.0,78.9,62828.1,48928.6,1.0
304,28.05,100.0,2.202,2201.6,59.4,96.0,28.4,0.0,0.0,306.0,0.0,,0.0,12.27,24.29,16.75,95.7,0.0,66.4,0.2,98.0,402.0,78.9,62828.1,48916.7,1.0
305,28.15,100.0,2.202,2201.6,59.2,95.3,28.4,0.0,0.0,306.0,0.0,,0.0,12.27,24.29,16.75,95.4,0.0,66.4,0.3,97.0,402.0,78.9,62828.1,48915.8,1.0
306,28.75,100.0,2.202,2201.6,59.7,95.0,28.4,0.0,0.0,306.0,0.0,,0.0,12.27,24.29,16.75,95.0,0.0,66.3,0.2,98.0,402.0,78.8,62828.1,48904.5,1.0
307,28.04,100.0,2.202,2201.6,59.9,95.1,28.4,0.0,0.0,306.0,0.0,,0.0,12.27,24.29,16.75,95.2,0.0,66.3,0.2,98.0,402.0,78.8,62828.1,48907.5,1.0
308,27.94,100.0,2.202,2201.6,59.6,95.1,28.4,0.0,0.0,306.0,0.0,,0.0,12.33,24.19,16.86,94.9,0.0,66.4,0.3,96.9,402.0,78.9,62828.1,48915.6,1.0
309,27.35,100.0,2.202,2201.6,58.7,88.4,28.4,0.0,0.3,495.4,9.41,53.4,19.0,12.33,24.19,16.86,88.6,0.0,66.3,0.2,92.9,402.0,78.9,62828.1,48953.1,1.0
310,55.87,100.0,2.202,2201.6,59.1,71.1,28.4,0.0,0.0,1269.5,126.95,58.8,100.0,12.33,24.19,16.86,71.0,0.0,66.4,0.2,90.0,402.0,79.0,62828.1,49034.1,1.0
311,56.57,100.0,2.202,2201.6,59.8,72.9,28.4,0.0,0.0,1300.5,130.05,58.9,100.0,12.33,24.19,16.86,73.1,0.0,66.4,0.3,89.7,402.0,79.2,62828.1,49118.9,1.0
312,58.98,100.0,2.197,2197.3,59.8,69.8,28.4,0.0,0.0,1300.5,130.05,59.1,100.0,12.33,24.19,16.86,70.0,0.0,66.3,0.2,85.1,402.0,79.2,62828.1,49119.8,1.0
313,59.99,100.0,2.202,2201.6,60.2,67.7,28.4,0.0,0.1,1300.5,130.05,59.3,100.0,12.28,22.49,16.63,67.9,0.0,66.3,0.3,89.5,402.0,79.2,62828.1,49126.5,1.0
314,31.98,100.0,2.202,2201.6,59.9,74.3,28.4,0.0,0.0,1170.0,117.0,53.8,100.0,12.28,22.49,16.63,74.3,0.0,66.5,0.3,90.3,402.0,80.0,62828.1,49626.8,1.0
315,28.86,100.0,2.202,2201.6,60.3,87.8,28.4,0.0,0.0,475.6,32.82,53.3,69.0,12.28,22.49,16.63,87.9,0.0,66.4,0.3,98.0,402.0,79.0,62828.1,48983.5,1.0
316,29.36,100.0,2.202,2201.6,59.9,95.4,28.4,0.0,0.0,306.0,0.0,53.1,0.0,12.28,22.49,16.63,95.5,0.0,66.4,0.3,98.0,402.0,79.0,62828.1,48991.3,1.0
317,29.05,100.0,2.202,2201.6,60.8,95.9,28.4,0.0,0.0,306.0,0.0,,0.0,12.28,22.49,16.63,95.9,0.0,66.4,0.2,98.0,402.0,79.0,62828.1,48988.7,1.0
318,28.66,100.0,2.202,2201.6,59.9,96.0,28.4,0.0,0.0,306.0,0.0,,0.0,12.33,22.53,16.73,96.1,0.0,66.4,0.3,99.0,402.0,79.0,62828.1,48984.5,1.0
319,28.35,100.0,2.202,2201.6,60.4,95.8,28.4,0.0,0.0,306.0,0.0,,0.0,12.33,22.53,16.73,95.7,0.0,66.4,0.3,97.0,402.0,79.0,62828.1,48988.0,1.0
320,28.85,100.0,2.202,2201.6,60.2,95.9,28.4,0.0,0.1,306.0,0.0,,0.0,12.33,22.53,16.73,95.8,0.0,66.4,0.3,99.0,402.0,79.0,62828.1,48986.9,1.0
321,28.76,100.0,2.202,2201.6,60.2,94.7,28.4,0.0,0.0,306.0,0.0,,0.0,12.33,22.53,16.73,94.7,0.0,66.4,0.3,99.0,402.0,79.0,62828.1,48982.7,1.0
322,29.45,100.0,2.202,2201.6,60.4,96.6,28.4,0.0,0.0,306.0,0.0,,0.0,12.33,22.53,16.73,96.8,0.0,66.4,0.3,100.0,402.0,79.0,62828.1,48993.5,1.0
323,28.55,100.0,2.202,2201.6,60.6,95.7,28.4,0.0,0.0,306.0,0.0,,0.0,12.37,22.25,16.77,95.6,0.0,66.4,0.3,98.0,402.0,79.0,62828.1,48990.3,1.0
324,28.55,100.0,2.202,2201.6,59.6,95.8,28.4,0.0,0.0,306.0,0.0,,0.0,12.37,22.25,16.77,95.9,0.0,66.4,0.3,99.0,402.0,79.0,62828.1,48994.7,1.0
325,28.96,100.0,2.202,2201.6,60.2,96.3,28.4,0.0,0.1,306.0,0.0,,0.0,12.37,22.25,16.77,96.4,0.0,66.4,0.3,99.0,402.0,79.0,62828.1,48998.9,1.0
326,28.76,100.0,2.202,2201.6,60.3,95.4,28.4,0.0,0.0,306.0,0.0,,0.0,12.37,22.25,16.77,95.2,0.0,66.5,0.3,99.0,402.0,79.0,62828.1,48993.1,1.0
327,29.05,100.0,2.202,2201.6,60.9,95.6,28.4,0.0,0.0,306.0,0.0,,0.0,12.37,22.25,16.77,95.8,0.0,66.4,0.3,98.0,402.0,79.0,62828.1,48996.0,1.0
328,28.15,100.0,2.202,2201.6,59.8,96.1,28.4,0.0,0.0,306.0,0.0,,0.0,12.4,21.83,16.77,96.1,0.0,66.4,0.3,99.0,402.0,79.0,62828.1,48990.9,1.0
329,27.84,100.0,2.202,2201.6,60.1,96.1,28.4,0.0,0.1,306.0,0.0,,0.0,12.4,21.83,16.77,96.0,0.0,66.5,0.4,99.0,402.0,79.0,62828.1,48983.7,1.0
330,28.35,100.0,2.202,2201.6,59.8,95.5,28.4,0.0,0.0,306.0,0.0,,0.0,12.4,21.83,16.77,95.4,0.0,66.4,0.3,97.0,402.0,79.0,62828.1,48989.9,1.0
331,29.16,100.0,2.202,2201.6,59.8,96.1,28.4,0.0,0.0,306.0,0.0,,0.0,12.4,21.83,16.77,96.1,0.0,66.5,0.4,98.0,402.0,79.0,62828.1,48990.1,1.0
332,29.55,100.0,2.202,2201.6,61.3,96.2,28.4,0.0,0.3,306.0,0.0,,0.0,12.4,21.83,16.77,96.4,0.0,66.4,0.3,100.0,403.0,79.0,62828.1,48998.8,1.0
333,28.15,100.0,2.202,2201.6,59.8,95.0,28.4,0.0,0.0,306.0,0.0,,0.0,12.5,22.56,17.01,94.7,0.0,66.4,0.3,98.1,402.0,79.0,62828.1,48985.3,1.0
334,27.74,100.0,2.202,2201.6,59.7,95.6,28.4,0.0,0.1,306.0,0.0,,0.0,12.5,22.56,17.01,95.9,0.0,66.4,0.3,99.0,402.0,79.0,62828.1,48999.9,1.0
335,28.75,100.0,2.202,2201.6,59.8,95.4,28.4,0.0,0.0,306.0,0.0,,0.0,12.5,22.56,17.01,95.1,0.0,66.5,0.3,98.0,402.0,79.0,62828.1,48995.2,1.0
336,28.65,100.0,2.202,2201.6,60.3,96.9,28.4,0.0,0.1,306.0,0.0,,0.0,12.5,22.56,17.01,96.8,0.0,66.4,0.4,99.0,402.0,79.0,62828.1,48991.4,1.0
337,28.15,100.0,2.202,2201.6,60.0,96.0,28.4,0.0,0.0,306.0,0.0,,0.0,12.5,22.56,17.01,96.3,0.0,66.5,0.3,99.0,402.0,79.0,62828.1,48994.0,1.0
338,28.14,100.0,2.202,2201.6,59.7,95.3,28.4,0.0,0.0,306.0,0.0,,0.0,12.56,22.68,17.13,95.0,0.0,66.4,0.3,97.0,402.0,79.0,62828.1,48999.7,1.0
339,28.85,100.0,2.202,2201.6,60.0,95.6,28.4,0.0,0.0,306.0,0.0,,0.0,12.56,22.68,17.13,95.7,0.0,66.6,0.3,98.0,402.0,79.0,62828.1,48991.9,1.0
340,28.95,100.0,2.202,2201.6,60.8,97.5,28.4,0.0,0.0,306.0,0.0,,0.0,12.56,22.68,17.13,97.5,0.0,66.5,0.3,100.0,402.0,79.0,62828.1,48988.2,1.0
341,28.15,100.0,2.202,2201.6,59.8,96.4,28.4,0.0,0.0,306.0,0.0,,0.0,12.56,22.68,17.13,96.4,0.0,67.6,0.3,98.0,402.0,79.0,62828.1,48988.7,1.0
342,28.14,100.0,2.202,2201.6,59.8,96.4,28.4,0.0,0.0,306.0,0.0,,0.0,12.56,22.68,17.13,96.2,0.0,66.9,0.3,99.0,402.0,79.0,62828.1,48988.9,1.0
343,28.75,100.0,2.202,2201.6,60.0,96.1,28.4,0.0,0.0,306.0,0.0,,0.0,12.63,22.94,17.27,96.1,0.0,67.0,0.4,98.0,402.0,79.0,62828.1,48983.3,1.0
344,29.05,100.0,2.202,2201.6,60.3,95.6,28.4,0.0,0.4,306.0,0.0,,0.0,12.63,22.94,17.27,95.6,0.0,66.5,0.2,98.0,402.0,79.0,62828.1,48986.4,1.0
345,28.55,100.0,2.202,2201.6,60.1,96.3,28.4,0.0,0.0,306.0,0.0,,0.0,12.63,22.94,17.27,96.5,0.0,67.1,0.4,98.0,402.0,79.0,62828.1,48993.1,1.0
346,28.35,100.0,2.202,2201.6,59.7,96.6,28.4,0.0,0.0,306.0,0.0,,0.0,12.63,22.94,17.27,96.6,0.0,66.3,0.3,99.0,402.0,78.9,62828.1,48969.7,1.0
347,28.75,100.0,2.202,2201.6,59.8,97.0,28.4,0.0,0.1,306.0,0.0,,0.0,12.63,22.94,17.27,97.2,0.0,67.8,0.4,99.0,402.0,78.9,62828.1,48974.2,1.0
348,28.75,100.0,2.202,2201.6,59.8,95.8,28.4,0.0,0.0,306.0,0.0,,0.0,12.6,21.75,17.12,95.7,0.0,67.3,0.3,99.0,402.0,79.0,62828.1,48976.7,1.0
349,28.15,100.0,2.202,2201.6,59.6,96.8,28.4,0.0,0.0,306.0,0.0,,0.0,12.6,21.75,17.12,97.0,0.0,67.1,0.3,100.0,402.0,79.0,62828.1,48982.7,1.0
350,51.43,100.0,2.202,2201.6,59.8,81.5,28.4,0.0,0.0,1080.6,88.83,58.2,82.2,12.6,21.75,17.12,81.5,0.0,66.4,0.2,92.8,402.0,79.1,62828.1,49072.7,1.0
351,44.87,100.0,2.202,2201.6,59.8,70.1,28.4,0.0,0.0,1300.5,130.05,54.1,100.0,12.6,21.75,17.12,70.1,0.0,66.3,0.2,79.2,402.0,78.8,62828.1,48902.9,1.0
352,57.68,100.0,2.202,2201.6,59.5,75.4,28.4,0.0,0.0,1284.2,128.42,59.0,100.0,12.6,21.75,17.12,75.2,0.0,66.3,0.3,91.2,402.0,79.0,62828.1,49022.4,1.0
353,40.19,100.0,2.202,2201.6,60.0,72.9,28.4,0.0,0.1,1238.9,123.89,57.8,100.0,12.56,20.41,16.92,73.0,0.0,66.4,0.2,85.0,402.0,79.6,62828.1,49393.5,1.0
354,58.28,100.0,2.12,2120.5,60.1,75.8,28.4,0.0,0.0,1300.5,130.05,59.4,100.0,12.56,20.41,16.92,76.1,0.0,66.3,0.2,94.1,402.0,79.6,62828.1,49400.9,1.0
355,53.91,100.0,2.202,2201.6,61.0,70.1,28.4,0.0,0.0,1300.5,130.05,55.8,100.0,12.56,20.41,16.92,70.3,0.0,66.4,0.2,87.1,402.0,79.6,62828.1,49405.5,1.0
356,31.17,100.0,2.202,2201.6,61.2,94.8,28.4,0.0,0.0,799.7,75.81,53.8,94.8,12.56,20.41,16.92,94.5,0.0,66.3,0.3,97.0,402.0,79.6,62828.1,49392.1,1.0
357,28.45,100.0,2.202,2201.6,60.3,94.6,28.4,0.0,0.0,306.0,0.0,53.5,0.0,12.56,20.41,16.92,94.8,0.0,66.3,0.2,96.9,402.0,79.6,62828.1,49383.6,1.0
358,28.45,100.0,2.202,2201.6,61.0,93.9,28.4,0.0,0.0,306.0,0.0,53.5,0.0,12.67,21.41,17.19,94.0,0.0,66.4,0.2,97.0,402.0,79.6,62828.1,49386.3,1.0
359,28.14,100.0,2.202,2201.6,60.5,96.0,28.4,0.0,0.0,306.0,0.0,53.2,0.0,12.67,21.41,17.19,95.9,0.0,66.3,0.2,98.0,402.0,79.6,62828.1,49387.8,1.0
360,28.85,100.0,2.202,2201.6,60.5,93.8,28.4,0.0,0.1,306.0,0.0,53.2,0.0,12.67,21.41,17.19,93.8,0.0,66.4,0.4,96.8,402.0,79.6,62828.1,49381.2,1.0
361,29.76,100.0,2.202,2201.6,60.6,96.8,28.4,0.0,0.0,306.0,0.0,53.4,0.0,12.67,21.41,17.19,96.9,0.0,66.5,0.3,99.0,402.0,79.6,62828.1,49387.6,1.0
362,28.75,100.0,2.202,2201.6,60.2,97.1,28.4,0.0,0.4,306.0,0.0,53.0,0.0,12.67,21.41,17.19,97.2,0.0,66.5,0.3,99.0,402.0,79.7,62828.1,49429.3,1.0
363,29.06,100.0,2.202,2201.6,60.6,96.0,28.4,0.6,0.0,306.0,0.0,53.3,0.0,12.8,22.66,17.52,95.7,0.0,66.4,0.3,98.0,402.0,79.6,62828.1,49408.7,1.0
364,28.65,100.0,2.202,2201.6,60.3,96.9,28.4,0.0,0.0,306.0,0.0,52.9,0.0,12.8,22.66,17.52,96.8,0.0,66.4,0.4,98.0,402.0,79.6,62828.1,49404.5,1.0
365,29.86,100.0,2.202,2201.6,60.1,97.0,28.4,0.0,0.1,306.0,0.0,52.9,0.0,12.8,22.66,17.52,97.2,0.0,66.4,0.3,100.0,402.0,79.6,62828.1,49406.2,1.0
366,28.65,100.0,2.202,2201.6,60.3,96.6,28.4,0.0,0.0,306.0,0.0,52.8,0.0,12.8,22.66,17.52,96.7,0.0,66.4,0.3,99.0,402.0,79.6,62828.1,49409.2,1.0
367,28.05,100.0,2.202,2201.6,60.2,95.9,28.4,0.0,0.0,306.0,0.0,52.8,0.0,12.8,22.66,17.52,95.9,0.0,66.4,0.2,98.0,402.0,79.6,62828.1,49404.1,1.0
368,27.84,100.0,2.202,2201.6,59.8,94.4,28.4,0.0,0.0,306.0,0.0,53.2,0.0,12.86,22.69,17.61,94.2,0.0,66.4,0.4,97.0,402.0,79.6,62828.1,49402.1,1.0
369,28.66,100.0,2.202,2201.6,60.1,95.6,28.4,0.0,0.0,306.0,0.0,52.8,0.0,12.86,22.69,17.61,95.9,0.0,66.4,0.3,98.0,402.0,79.6,62828.1,49410.6,1.0
370,28.75,100.0,2.202,2201.6,60.3,96.5,28.4,0.0,0.1,306.0,0.0,52.8,0.0,12.86,22.69,17.61,96.3,0.0,66.5,0.4,98.0,402.0,79.7,62828.1,49415.3,1.0
371,28.85,100.0,2.202,2201.6,60.2,96.3,28.4,0.0,0.0,306.0,0.0,52.8,0.0,12.86,22.69,17.61,96.3,0.0,66.5,0.3,99.0,402.0,79.7,62828.1,49414.5,1.0
372,28.55,100.0,2.202,2201.6,59.9,96.1,28.4,0.0,0.0,306.0,0.0,53.1,0.0,12.86,22.69,17.61,96.1,0.0,66.4,0.3,99.0,402.0,79.7,62828.1,49419.9,1.0
373,28.85,100.0,2.202,2201.6,60.3,95.0,28.4,0.0,0.0,306.0,0.0,52.8,0.0,12.9,22.55,17.66,95.0,0.0,66.3,0.3,98.0,402.0,79.6,62828.1,49407.8,1.0
374,29.45,100.0,2.202,2201.6,60.4,97.2,28.4,0.0,0.0,306.0,0.0,52.9,0.0,12.9,22.55,17.66,97.1,0.0,66.5,0.3,99.0,402.0,79.6,62828.1,49401.6,1.0
375,28.65,100.0,2.202,2201.6,60.0,96.1,28.4,0.0,0.3,306.0,0.0,53.1,0.0,12.9,22.55,17.66,96.4,0.0,66.4,0.3,98.0,402.0,79.6,62828.1,49410.4,1.0
376,28.35,100.0,2.202,2201.6,60.7,96.2,28.4,0.0,0.1,306.0,0.0,52.6,0.0,12.9,22.55,17.66,96.1,0.0,66.4,0.3,99.0,402.0,79.7,62828.1,49416.2,1.0
377,28.45,100.0,2.202,2201.6,60.2,95.9,28.4,0.0,0.0,306.0,0.0,52.8,0.0,12.9,22.55,17.66,95.8,0.0,66.4,0.3,98.0,402.0,79.6,62828.1,49407.9,1.0
378,29.05,100.0,2.202,2201.6,60.4,96.2,28.4,0.0,0.0,306.0,0.0,52.7,0.0,13.02,23.55,17.95,96.1,0.0,66.4,0.3,98.0,402.0,79.6,62828.1,49400.2,1.0
379,29.45,100.0,2.202,2201.6,61.5,95.4,28.4,0.0,0.0,306.0,0.0,52.7,0.0,13.02,23.55,17.95,95.5,0.0,66.4,0.2,98.0,402.0,79.6,62828.1,49406.2,1.0
380,29.05,100.0,2.202,2201.6,60.0,96.7,28.4,0.0,0.0,306.0,0.0,52.7,0.0,13.02,23.55,17.95,96.7,0.0,66.3,0.3,98.0,402.0,79.6,62828.1,49395.7,1.0
381,28.45,100.0,2.202,2201.6,60.4,95.9,28.4,0.0,0.0,306.0,0.0,52.7,0.0,13.02,23.55,17.95,95.9,0.0,66.4,0.2,99.0,402.0,79.6,62828.1,49399.3,1.0
382,28.65,100.0,2.202,2201.6,60.2,95.5,28.4,0.0,0.0,306.0,0.0,52.8,0.0,13.02,23.55,17.95,95.5,0.0,66.3,0.3,100.0,402.0,79.6,62828.1,49387.1,1.0
383,28.85,100.0,2.202,2201.6,59.8,95.6,28.4,0.0,0.0,306.0,0.0,52.7,0.0,13.14,24.47,18.23,95.6,0.0,66.4,0.2,98.0,402.0,79.6,62828.1,49388.7,1.0
384,30.25,100.0,2.202,2201.6,62.3,97.6,28.4,0.0,0.0,306.0,0.0,52.7,0.0,13.14,24.47,18.23,97.4,0.0,66.3,0.2,99.0,402.0,79.6,62828.1,49393.1,1.0
385,29.05,100.0,2.202,2201.6,59.8,96.5,28.4,0.0,0.0,306.0,0.0,52.8,0.0,13.14,24.47,18.23,96.7,0.0,66.4,0.3,98.0,402.0,79.6,62828.1,49390.1,1.0
386,28.45,100.0,2.202,2201.6,60.2,95.0,28.4,0.0,0.0,306.0,0.0,52.9,0.0,13.14,24.47,18.23,94.8,0.0,66.3,0.2,98.0,402.0,79.6,62828.1,49403.5,1.0
387,28.55,100.0,2.202,2201.6,60.0,96.1,28.4,0.0,0.0,306.0,0.0,53.1,0.0,13.14,24.47,18.23,96.1,0.0,66.3,0.3,98.0,402.0,79.6,62828.1,49394.1,1.0
388,28.95,100.0,2.202,2201.6,59.8,96.2,28.4,0.0,0.0,306.0,0.0,52.7,0.0,13.2,24.51,18.35,96.2,0.0,66.4,0.2,98.0,402.0,79.6,62828.1,49394.8,1.0
389,28.35,100.0,2.202,2201.6,59.6,96.1,28.4,0.0,0.0,306.0,0.0,52.6,0.0,13.2,24.51,18.35,96.4,0.0,66.7,0.3,99.0,402.0,79.6,62828.1,49400.0,1.0
390,54.03,100.0,2.202,2201.6,59.9,87.2,28.4,0.0,9.6,899.2,56.56,58.4,62.9,13.2,24.51,18.35,87.1,0.0,67.0,0.3,99.0,402.0,79.8,62828.1,49515.7,1.0
391,51.84,100.0,2.202,2201.6,60.1,78.7,28.4,0.0,0.0,1300.5,130.05,58.5,100.0,13.2,24.51,18.35,78.7,0.0,66.4,0.3,94.6,402.0,80.1,62828.1,49703.9,1.0
392,59.18,100.0,2.202,2201.6,60.1,81.3,28.4,0.0,0.5,1300.5,130.05,59.8,100.0,13.2,24.51,18.35,81.3,0.0,66.5,0.3,95.0,402.0,80.1,62828.1,49712.9,1.0
393,56.81,100.0,2.202,2201.6,60.2,73.6,28.4,0.0,0.0,1300.5,130.05,56.6,100.0,13.26,24.39,18.42,73.7,0.0,66.3,0.3,82.3,402.0,80.1,62828.1,49719.8,1.0
394,28.06,100.0,2.202,2201.6,59.9,81.8,28.4,0.0,0.0,907.6,90.76,54.3,100.0,13.26,24.39,18.42,81.7,0.0,66.5,0.3,99.0,402.0,80.5,62828.1,49966.8,1.0
395,24.53,100.0,2.202,2201.6,60.0,81.7,28.4,0.0,0.0,365.6,17.84,53.6,48.8,13.26,24.39,18.42,81.8,0.0,66.3,0.3,100.0,402.0,79.5,62828.1,49334.6,1.0
396,26.94,100.0,2.202,2201.6,60.2,87.9,28.4,0.0,0.0,306.0,0.0,53.3,0.0,13.26,24.39,18.42,87.9,0.0,68.2,0.3,96.0,402.0,78.8,62828.1,48852.9,1.0
397,29.25,100.0,2.202,2201.6,60.3,96.7,28.4,0.0,0.0,306.0,0.0,53.3,0.0,13.26,24.39,18.42,96.8,0.0,66.7,0.3,99.0,402.0,78.8,62828.1,48855.0,1.0
398,28.25,100.0,2.202,2201.6,60.8,97.2,28.4,0.0,0.0,306.0,0.0,,0.0,13.37,25.24,18.7,97.3,0.0,66.3,0.3,99.0,402.0,78.8,62828.1,48857.5,1.0
399,28.35,100.0,2.202,2201.6,60.2,95.8,28.4,0.0,0.0,306.0,0.0,,0.0,13.37,25.24,18.7,95.6,0.0,67.5,0.3,99.0,402.0,78.8,62828.1,48861.3,1.0
400,28.55,100.0,2.202,2201.6,60.3,95.9,28.4,0.0,0.0,306.0,0.0,,0.0,13.37,25.24,18.7,95.8,0.0,67.1,0.2,99.0,402.0,78.8,62828.1,48886.6,1.0
401,29.25,100.0,2.202,2201.6,60.2,97.1,28.4,0.0,0.1,306.0,0.0,,0.0,13.37,25.24,18.7,97.0,0.0,68.7,0.3,99.0,402.0,78.8,62828.1,48862.6,1.0
402,28.35,100.0,2.202,2201.6,60.8,96.5,28.4,0.0,0.0,306.0,0.0,,0.0,13.37,25.24,18.7,96.5,0.0,66.5,0.3,98.0,402.0,78.8,62828.1,48859.0,1.0
403,27.95,100.0,2.202,2201.6,60.7,94.7,28.4,0.0,0.0,306.0,0.0,,0.0,13.41,24.82,18.72,94.7,0.0,66.4,0.3,98.0,402.0,78.8,62828.1,48866.4,1.0
404,28.14,100.0,2.202,2201.6,60.2,96.1,28.4,0.0,0.0,306.0,0.0,,0.0,13.41,24.82,18.72,96.1,0.0,66.3,0.3,99.0,402.0,78.8,62828.1,48855.8,1.0
405,28.35,100.0,2.202,2201.6,60.5,95.1,28.4,0.0,0.0,306.0,0.0,,0.0,13.41,24.82,18.72,95.1,0.0,66.4,0.2,98.0,402.0,78.8,62828.1,48857.7,1.0
406,29.05,100.0,2.202,2201.6,60.2,96.3,28.4,0.0,0.4,306.0,0.0,,0.0,13.41,24.82,18.72,96.2,0.0,66.3,0.3,99.0,402.0,78.8,62828.1,48867.4,1.0
407,28.65,100.0,2.202,2201.6,60.7,94.9,28.4,0.0,0.1,306.0,0.0,,0.0,13.41,24.82,18.72,95.0,0.0,66.4,0.2,98.0,402.0,78.8,62828.1,48854.6,1.0
408,28.55,100.0,2.202,2201.6,60.7,95.2,28.4,0.0,0.0,306.0,0.0,,0.0,13.57,26.28,19.13,95.1,0.0,66.3,0.3,99.0,402.0,78.8,62828.1,48857.6,1.0
409,27.74,100.0,2.202,2201.6,60.4,94.9,28.4,0.0,0.0,306.0,0.0,,0.0,13.57,26.28,19.13,95.0,0.0,66.3,0.2,98.0,402.0,78.8,62828.1,48865.7,1.0
410,28.35,100.0,2.202,2201.6,60.3,94.9,28.4,0.0,0.0,306.0,0.0,,0.0,13.57,26.28,19.13,94.7,0.0,66.4,0.2,98.0,402.0,78.8,62828.1,48863.7,1.0
411,28.95,100.0,2.202,2201.6,60.4,96.0,28.4,0.0,0.0,306.0,0.0,,0.0,13.57,26.28,19.13,96.0,0.0,66.3,0.3,98.0,402.0,78.8,62828.1,48865.1,1.0
412,28.25,100.0,2.202,2201.6,60.2,96.4,28.4,0.0,0.0,306.0,0.0,,0.0,13.57,26.28,19.13,96.6,0.0,66.4,0.2,99.0,402.0,78.8,62828.1,48853.4,1.0
413,28.45,100.0,2.202,2201.6,60.2,96.2,28.4,0.0,0.0,306.0,0.0,,0.0,13.66,26.57,19.31,95.8,0.0,66.3,0.3,98.0,402.0,78.8,62828.1,48854.8,1.0
414,28.95,100.0,2.202,2201.6,60.0,97.0,28.4,0.0,0.0,306.0,0.0,,0.0,13.66,26.57,19.31,97.2,0.0,66.4,0.2,100.0,402.0,78.9,62828.1,48931.9,1.0
415,28.85,100.0,2.202,2201.6,60.4,96.0,28.4,0.0,0.0,306.0,0.0,,0.0,13.66,26.57,19.31,95.8,0.0,66.5,0.4,98.0,402.0,78.8,62828.1,48866.1,1.0
416,29.45,100.0,2.202,2201.6,61.3,96.5,28.4,0.0,0.0,306.0,0.0,,0.0,13.66,26.57,19.31,96.6,0.0,66.4,0.2,100.0,402.0,78.8,62828.1,48863.4,1.0
417,28.55,100.0,2.202,2201.6,60.7,96.5,28.4,0.0,0.0,306.0,0.0,,0.0,13.66,26.57,19.31,96.6,0.0,66.4,0.4,100.0,402.0,78.8,62828.1,48868.3,1.0
418,27.95,100.0,2.202,2201.6,60.3,95.4,28.4,0.0,0.0,306.0,0.0,,0.0,13.68,25.81,19.27,95.4,0.0,66.4,0.3,97.0,402.0,78.8,62828.1,48863.9,1.0
419,28.45,100.0,2.202,2201.6,60.1,96.1,28.4,0.0,0.0,306.0,0.0,,0.0,13.68,25.81,19.27,96.1,0.0,66.4,0.3,98.0,402.0,78.8,62828.1,48868.2,1.0
420,29.15,100.0,2.202,2201.6,60.2,96.8,28.4,0.0,0.0,306.0,0.0,,0.0,13.68,25.81,19.27,96.8,0.0,66.4,0.3,99.0,402.0,78.8,62828.1,48870.9,1.0
421,28.85,100.0,2.202,2201.6,60.5,96.6,28.4,0.0,0.0,306.0,0.0,,0.0,13.68,25.81,19.27,96.6,0.0,66.4,0.3,99.0,402.0,78.8,62828.1,48860.1,1.0
422,29.06,100.0,2.202,2201.6,60.6,96.5,28.4,0.1,0.5,306.0,0.0,,0.0,13.68,25.81,19.27,96.6,0.0,66.4,0.3,99.0,402.0,78.8,62828.1,48870.9,1.0
423,28.25,100.0,2.202,2201.6,60.2,96.1,28.4,0.0,0.0,306.0,0.0,,0.0,13.7,25.26,19.26,96.2,0.0,66.5,0.3,98.0,402.0,78.8,62828.1,48873.3,1.0
424,28.75,100.0,2.202,2201.6,60.1,96.1,28.4,0.0,0.0,306.0,0.0,,0.0,13.7,25.26,19.26,96.0,0.0,66.4,0.3,98.0,402.0,78.8,62828.1,48862.5,1.0
425,28.65,100.0,2.202,2201.6,61.0,96.3,28.4,0.0,0.0,306.0,0.0,,0.0,13.7,25.26,19.26,96.2,0.0,66.4,0.3,99.0,402.0,78.8,62828.1,48876.4,1.0
426,28.55,100.0,2.202,2201.6,60.6,96.9,28.4,0.0,0.1,306.0,0.0,,0.0,13.7,25.26,19.26,97.0,0.0,66.5,0.3,99.0,402.0,78.8,62828.1,48879.8,1.0
427,28.35,100.0,2.202,2201.6,60.2,96.9,28.4,0.0,0.0,306.0,0.0,,0.0,13.7,25.26,19.26,96.9,0.0,66.4,0.4,99.0,402.0,78.8,62828.1,48874.9,1.0
428,28.45,100.0,2.202,2201.6,60.1,95.6,28.4,0.0,0.0,306.0,0.0,,0.0,13.72,24.6,19.23,95.6,0.0,66.4,0.3,100.0,402.0,78.8,62828.1,48874.6,1.0
429,29.05,100.0,2.202,2201.6,60.2,97.1,28.4,0.0,0.0,306.0,0.0,,0.0,13.72,24.6,19.23,97.0,0.0,66.4,0.3,99.0,402.0,78.8,62828.1,48873.9,1.0
430,28.65,100.0,2.202,2201.6,60.2,96.5,28.4,0.0,0.0,306.0,0.0,,0.0,13.72,24.6,19.23,96.4,0.0,66.5,0.3,98.0,402.0,78.8,62828.1,48879.0,1.0
431,46.3,100.0,2.202,2201.6,59.6,89.4,28.4,0.0,0.0,951.4,67.07,58.4,70.5,13.72,24.6,19.23,89.6,0.0,66.4,0.3,96.9,402.0,79.2,62828.1,49115.2,1.0
432,57.0,100.0,2.202,2201.6,60.5,77.3,28.4,0.0,0.0,1300.5,130.05,56.5,100.0,13.72,24.6,19.23,77.5,0.0,66.5,0.4,93.5,402.0,78.9,62828.1,48923.0,1.0
433,57.67,100.0,2.202,2201.6,60.7,83.2,28.4,0.0,0.0,1283.9,128.39,59.9,100.0,13.75,24.15,19.22,83.4,0.0,66.3,0.2,100.0,402.0,78.9,62828.1,48936.2,1.0
434,59.98,100.0,2.202,2201.6,60.5,76.4,28.4,0.0,0.0,1300.5,130.05,59.8,100.0,13.75,24.15,19.22,76.5,0.0,66.4,0.3,86.8,402.0,79.1,62828.1,49048.9,1.0
435,35.51,100.0,2.202,2201.6,60.3,77.8,28.4,0.0,0.0,1232.6,123.26,54.7,100.0,13.75,24.15,19.22,77.8,0.0,66.4,0.3,94.9,402.0,79.5,62828.1,49312.7,1.0
436,28.65,100.0,2.202,2201.6,61.2,89.8,28.4,0.0,0.3,500.6,32.54,53.9,65.0,13.75,24.15,19.22,89.8,0.0,66.5,0.3,97.0,402.0,79.0,62828.1,49013.6,1.0
437,28.76,100.0,2.202,2201.6,60.2,95.9,28.4,0.0,0.2,306.0,0.0,53.9,0.0,13.75,24.15,19.22,95.9,0.0,66.4,0.3,98.0,402.0,79.0,62828.1,49010.1,1.0
438,29.45,100.0,2.202,2201.6,61.4,97.1,28.4,0.0,0.0,306.0,0.0,,0.0,13.81,24.14,19.3,96.9,0.0,66.3,0.3,99.0,402.0,79.0,62828.1,49000.8,1.0
439,28.65,100.0,2.202,2201.6,61.3,96.4,28.4,0.0,0.0,306.0,0.0,,0.0,13.81,24.14,19.3,96.5,0.0,66.4,0.2,99.0,402.0,79.0,62828.1,48998.0,1.0
440,28.35,100.0,2.202,2201.6,60.4,96.7,28.4,0.0,0.0,306.0,0.0,,0.0,13.81,24.14,19.3,96.8,0.0,66.4,0.3,99.0,402.0,79.0,62828.1,48992.3,1.0
441,28.25,100.0,2.202,2201.6,60.6,96.5,28.4,0.0,0.1,306.0,0.0,,0.0,13.81,24.14,19.3,96.5,0.0,66.4,0.3,98.0,402.0,79.0,62828.1,48984.5,1.0
442,28.65,100.0,2.202,2201.6,60.8,95.4,28.4,0.0,0.0,306.0,0.0,,0.0,13.81,24.14,19.3,95.4,0.0,66.4,0.3,99.0,402.0,79.0,62828.1,48997.5,1.0
443,28.15,100.0,2.202,2201.6,60.4,96.3,28.4,0.0,0.0,306.0,0.0,,0.0,13.87,24.21,19.4,96.2,0.0,66.4,0.3,98.0,402.0,79.0,62828.1,48999.7,1.0
444,28.45,100.0,2.202,2201.6,60.4,95.7,28.4,0.0,0.0,306.0,0.0,,0.0,13.87,24.21,19.4,95.7,0.0,66.4,0.2,98.0,402.0,79.0,62828.1,49005.6,1.0
445,28.75,100.0,2.202,2201.6,60.9,96.4,28.4,0.0,0.0,306.0,0.0,,0.0,13.87,24.21,19.4,96.3,0.0,66.4,0.3,99.0,402.0,79.0,62828.1,49008.3,1.0
446,28.45,100.0,2.202,2201.6,60.2,95.6,28.4,0.0,0.0,306.0,0.0,,0.0,13.87,24.21,19.4,95.7,0.0,66.3,0.3,97.9,402.0,79.0,62828.1,49005.6,1.0
447,29.05,100.0,2.202,2201.6,60.6,97.1,28.4,0.0,0.0,306.0,0.0,,0.0,13.87,24.21,19.4,97.2,0.0,66.4,0.3,99.0,402.0,79.0,62828.1,49006.7,1.0
448,28.15,100.0,2.202,2201.6,61.1,95.3,28.4,0.0,0.0,306.0,0.0,,0.0,13.83,22.83,19.19,95.1,0.0,66.6,0.2,96.9,402.0,79.0,62828.1,49004.0,1.0
449,27.95,100.0,2.202,2201.6,60.5,96.0,28.4,0.0,0.0,306.0,0.0,,0.0,13.83,22.83,19.19,96.2,0.0,66.7,0.3,98.0,402.0,79.0,62828.1,48992.8,1.0
450,28.35,100.0,2.202,2201.6,60.6,94.8,28.4,0.0,0.0,306.0,0.0,,0.0,13.83,22.83,19.19,94.6,0.0,67.6,0.3,97.0,402.0,79.0,62828.1,48997.7,1.0
451,28.65,100.0,2.202,2201.6,60.2,96.6,28.4,0.0,0.0,306.0,0.0,,0.0,13.83,22.83,19.19,96.6,0.0,68.1,0.3,100.0,402.0,79.0,62828.1,48997.9,1.0
452,27.75,100.0,2.202,2201.6,59.9,95.2,28.4,0.0,0.4,306.0,0.0,,0.0,13.83,22.83,19.19,95.2,0.0,65.3,0.2,99.0,402.0,79.0,62828.1,49005.6,1.0
453,28.35,100.0,2.202,2201.6,60.8,95.5,28.4,0.0,0.0,306.0,0.0,,0.0,13.86,22.6,19.2,95.6,0.0,66.8,0.3,97.0,402.0,79.0,62828.1,49020.7,1.0
454,28.55,100.0,2.202,2201.6,60.5,96.6,28.4,0.0,0.1,306.0,0.0,,0.0,13.86,22.6,19.2,96.6,0.0,69.8,0.3,98.0,402.0,79.0,62828.1,49024.9,1.0
455,29.35,100.0,2.202,2201.6,61.2,96.8,28.4,0.0,0.0,306.0,0.0,,0.0,13.86,22.6,19.2,96.8,0.0,66.4,0.3,100.0,402.0,79.0,62828.1,49020.9,1.0
456,28.15,100.0,2.202,2201.6,60.8,96.5,28.4,0.0,0.0,306.0,0.0,,0.0,13.86,22.6,19.2,96.5,0.0,66.3,0.3,98.0,402.0,79.0,62828.1,49006.8,1.0
457,28.55,100.0,2.202,2201.6,61.0,95.5,28.4,0.0,0.0,306.0,0.0,,0.0,13.86,22.6,19.2,95.6,0.0,66.4,0.2,99.0,402.0,79.0,62828.1,49013.5,1.0
458,27.74,100.0,2.202,2201.6,60.8,95.6,28.4,0.0,0.0,306.0,0.0,,0.0,14.03,24.32,19.62,95.5,0.0,66.4,0.3,99.0,402.0,79.0,62828.1,49005.2,1.0
459,28.44,100.0,2.202,2201.6,60.5,95.8,28.4,0.0,0.0,306.0,0.0,,0.0,14.03,24.32,19.62,95.9,0.0,66.3,0.2,98.0,402.0,79.0,62828.1,49012.3,1.0
460,28.35,100.0,2.202,2201.6,60.3,93.9,28.4,0.0,0.1,306.0,0.0,,0.0,14.03,24.32,19.62,93.8,0.0,66.4,0.3,97.1,402.0,79.0,62828.1,49002.6,1.0
461,28.95,100.0,2.202,2201.6,60.8,95.9,28.4,0.0,0.0,306.0,0.0,,0.0,14.03,24.32,19.62,95.9,0.0,66.4,0.2,98.0,402.0,79.0,62828.1,49008.3,1.0
462,28.15,100.0,2.202,2201.6,60.0,95.0,28.4,0.0,0.0,306.0,0.0,,0.0,14.03,24.32,19.62,95.0,0.0,66.3,0.3,98.0,402.0,79.0,62828.1,49007.6,1.0
463,28.75,100.0,2.202,2201.6,60.7,96.1,28.4,0.0,0.0,306.0,0.0,,0.0,14.04,23.65,19.56,96.1,0.0,66.4,0.2,98.0,402.0,79.0,62828.1,49017.3,1.0
464,28.75,100.0,2.202,2201.6,60.5,95.9,28.4,0.0,0.0,306.0,0.0,,0.0,14.04,23.65,19.56,95.7,0.0,66.4,0.3,99.0,402.0,79.0,62828.1,49010.1,1.0
465,27.74,100.0,2.202,2201.6,60.2,94.9,28.4,0.0,0.0,306.0,0.0,,0.0,14.04,23.65,19.56,94.8,0.0,66.3,0.2,97.1,402.0,79.0,62828.1,49002.1,1.0
466,28.44,100.0,2.202,2201.6,60.5,95.4,28.4,0.0,0.0,306.0,0.0,,0.0,14.04,23.65,19.56,95.7,0.0,66.4,0.3,98.0,402.0,79.0,62828.1,49016.6,1.0
467,28.34,100.0,2.202,2201.6,60.3,95.4,28.4,0.0,0.3,306.0,0.0,,0.0,14.04,23.65,19.56,95.2,0.0,66.3,0.2,98.0,402.0,79.0,62828.1,49012.0,1.0
468,28.35,100.0,2.202,2201.6,60.3,93.8,28.4,0.0,0.2,306.0,0.0,,0.0,14.1,23.76,19.65,93.9,0.0,66.4,0.2,96.0,402.0,79.0,62828.1,49013.1,1.0
469,28.35,100.0,2.202,2201.6,60.0,94.5,28.4,0.0,0.0,306.0,0.0,53.8,0.0,14.1,23.76,19.65,94.4,0.0,66.3,0.3,99.0,402.0,79.0,62828.1,49006.4,1.0
470,54.04,100.0,2.202,2201.6,59.7,75.1,28.4,0.0,0.0,1122.4,95.85,59.1,85.4,14.1,23.76,19.65,75.4,0.0,66.4,0.2,92.3,402.0,79.1,62828.1,49042.9,1.0
471,56.16,100.0,2.202,2201.6,60.8,72.8,28.4,0.0,0.0,1300.5,130.05,59.2,100.0,14.1,23.76,19.65,72.8,0.0,66.3,0.2,79.4,402.0,79.1,62828.1,49065.0,1.0
472,43.3,100.0,2.202,2201.6,60.5,71.1,28.4,0.0,0.0,1263.3,126.33,58.5,100.0,14.1,23.76,19.65,71.1,0.0,66.4,0.3,80.6,402.0,79.7,62828.1,49441.6,1.0
473,57.77,100.0,2.202,2201.6,60.4,72.7,28.4,0.0,0.0,1300.5,130.05,60.4,100.0,14.07,22.66,19.49,72.7,0.0,66.3,0.2,88.4,402.0,79.7,62828.1,49426.0,1.0
474,49.39,100.0,2.202,2201.6,61.5,68.0,28.4,0.0,0.0,1300.5,130.05,56.2,100.0,14.07,22.66,19.49,68.4,0.0,66.3,0.2,91.4,402.0,80.0,62828.1,49605.7,1.0
475,30.77,100.0,2.202,2201.6,61.5,95.7,28.4,0.0,0.0,714.8,59.47,54.5,83.2,14.07,22.66,19.49,95.6,0.0,66.4,0.3,97.0,402.0,80.0,62828.1,49609.8,1.0
476,28.95,100.0,2.202,2201.6,61.1,95.9,28.4,0.0,0.0,306.0,0.0,,0.0,14.07,22.66,19.49,96.1,0.0,66.4,0.2,98.0,402.0,79.9,62828.1,49600.7,1.0
477,29.05,100.0,2.202,2201.6,61.0,96.6,28.4,0.0,0.1,306.0,0.0,,0.0,14.07,22.66,19.49,96.4,0.0,66.4,0.4,98.0,402.0,80.0,62828.1,49611.8,1.0
478,29.46,100.0,2.202,2201.6,60.9,96.1,28.4,0.0,0.0,306.0,0.0,,0.0,14.12,22.69,19.54,96.2,0.0,66.4,0.2,99.0,402.0,80.0,62828.1,49618.6,1.0
479,28.15,100.0,2.202,2201.6,61.2,96.7,28.4,0.0,0.0,306.0,0.0,,0.0,14.12,22.69,19.54,96.8,0.0,66.5,0.4,99.0,402.0,80.0,62828.1,49623.6,1.0
480,28.55,100.0,2.202,2201.6,61.2,95.6,28.4,0.0,0.0,306.0,0.0,,0.0,14.12,22.69,19.54,95.4,0.0,66.4,0.3,98.0,402.0,80.0,62828.1,49619.2,1.0
481,28.14,100.0,2.202,2201.6,60.8,96.4,28.4,0.0,0.0,306.0,0.0,,0.0,14.12,22.69,19.54,96.5,0.0,66.4,0.3,99.0,402.0,80.0,62828.1,49624.7,1.0
482,29.06,100.0,2.202,2201.6,61.2,96.7,28.4,0.0,0.5,306.0,0.0,,0.0,14.12,22.69,19.54,96.7,0.0,66.5,0.3,99.0,402.0,80.0,62828.1,49631.4,1.0
483,29.54,100.0,2.202,2201.6,62.1,96.6,28.4,0.0,0.0,306.0,0.0,,0.0,14.24,23.75,19.82,96.5,0.0,66.5,0.5,98.0,402.0,80.0,62828.1,49640.1,1.0
484,28.55,100.0,2.202,2201.6,60.9,96.4,28.4,0.0,0.0,306.0,0.0,,0.0,14.24,23.75,19.82,96.3,0.0,66.4,0.2,98.0,402.0,80.0,62828.1,49646.9,1.0
485,28.45,100.0,2.202,2201.6,60.6,96.7,28.4,0.0,0.0,306.0,0.0,,0.0,14.24,23.75,19.82,96.9,0.0,66.5,0.4,98.0,402.0,80.0,62828.1,49633.6,1.0
486,28.85,100.0,2.202,2201.6,60.7,96.6,28.4,0.0,0.0,306.0,0.0,,0.0,14.24,23.75,19.82,96.6,0.0,67.3,0.3,98.0,402.0,80.0,62828.1,49630.1,1.0
487,29.05,100.0,2.202,2201.6,60.6,96.3,28.4,0.0,0.0,306.0,0.0,,0.0,14.24,23.75,19.82,96.3,0.0,66.4,0.3,98.0,402.0,80.0,62828.1,49624.3,1.0
488,28.25,100.0,2.202,2201.6,60.6,96.2,28.4,0.0,0.0,306.0,0.0,,0.0,14.31,24.09,19.95,96.4,0.0,66.4,0.3,98.0,402.0,80.0,62828.1,49624.3,1.0
489,27.95,100.0,2.202,2201.6,60.4,95.2,28.4,0.0,0.0,306.0,0.0,,0.0,14.31,24.09,19.95,95.2,0.0,67.4,0.2,99.0,402.0,80.0,62828.1,49632.5,1.0
490,28.14,100.0,2.202,2201.6,60.5,95.8,28.4,0.0,0.1,306.0,0.0,,0.0,14.31,24.09,19.95,95.7,0.0,66.9,0.3,97.1,402.0,80.0,62828.1,49640.2,1.0
491,28.55,100.0,2.202,2201.6,60.9,95.3,28.4,0.0,0.0,306.0,0.0,,0.0,14.31,24.09,19.95,95.3,0.0,68.2,0.3,98.0,402.0,80.0,62828.1,49639.5,1.0
492,28.95,100.0,2.202,2201.6,60.6,95.9,28.4,0.0,0.0,306.0,0.0,,0.0,14.34,23.76,19.96,95.9,0.0,66.7,0.2,99.0,402.0,80.0,62828.1,49629.5,1.0
493,29.25,100.0,2.202,2201.6,61.6,94.7,28.4,0.0,0.0,306.0,0.0,,0.0,14.34,23.76,19.96,94.9,0.0,68.3,0.2,97.0,402.0,80.0,62828.1,49621.5,1.0
494,28.15,100.0,2.202,2201.6,61.2,95.0,28.4,0.0,0.0,306.0,0.0,,0.0,14.34,23.76,19.96,94.8,0.0,66.7,0.3,97.9,402.0,80.0,62828.1,49619.3,1.0
495,28.35,100.0,2.202,2201.6,60.7,94.7,28.4,0.0,0.0,306.0,0.0,,0.0,14.34,23.76,19.96,94.6,0.0,66.2,0.2,98.0,402.0,80.0,62828.1,49626.4,1.0
496,27.84,100.0,2.202,2201.6,60.8,94.6,28.4,0.0,0.0,306.0,0.0,,0.0,14.34,23.76,19.96,94.8,0.0,66.7,0.3,97.0,402.0,80.0,62828.1,49627.0,1.0
497,28.04,100.0,2.202,2201.6,60.6,95.5,28.4,0.0,0.0,306.0,0.0,,0.0,14.46,24.74,20.22,95.5,0.0,66.3,0.2,99.0,402.0,80.0,62828.1,49630.6,1.0
498,28.55,100.0,2.202,2201.6,60.5,94.0,28.4,0.0,0.0,306.0,0.0,,0.0,14.46,24.74,20.22,93.9,0.0,66.3,0.2,98.0,402.0,80.0,62828.1,49622.7,1.0
499,28.75,100.0,2.202,2201.6,60.4,95.4,28.4,0.0,0.3,306.0,0.0,,0.0,14.46,24.74,20.22,95.4,0.0,66.4,0.3,99.0,402.0,80.0,62828.1,49617.6,1.0
500,28.95,100.0,2.202,2201.6,61.2,95.6,28.4,0.0,0.0,306.0,0.0,,0.0,14.46,24.74,20.22,95.6,0.0,66.3,0.2,98.0,402.0,80.0,62828.1,49628.1,1.0
501,29.25,100.0,2.202,2201.6,62.2,95.5,28.4,0.0,0.0,306.0,0.0,,0.0,14.46,24.74,20.22,95.3,0.0,66.4,0.2,97.1,402.0,80.0,62828.1,49629.5,1.0
502,28.65,100.0,2.202,2201.6,60.8,96.1,28.4,0.6,0.0,306.0,0.0,,0.0,14.55,25.25,20.4,96.1,0.0,66.4,0.3,98.0,402.0,80.0,62828.1,49636.9,1.0
503,28.95,100.0,2.202,2201.6,60.7,96.1,28.4,0.0,0.0,306.0,0.0,,0.0,14.55,25.25,20.4,96.1,0.0,66.4,0.2,99.0,402.0,80.0,62828.1,49633.4,1.0
504,28.75,100.0,2.202,2201.6,60.5,97.0,28.4,0.0,0.0,306.0,0.0,,0.0,14.55,25.25,20.4,97.0,0.0,66.4,0.4,100.0,402.0,80.0,62828.1,49652.9,1.0
505,28.65,100.0,2.202,2201.6,60.7,95.2,28.4,0.0,0.0,306.0,0.0,,0.0,14.55,25.25,20.4,95.2,0.0,66.4,0.3,97.0,402.0,80.0,62828.1,49633.2,1.0
506,28.74,100.0,2.202,2201.6,61.3,97.2,28.4,0.0,0.0,306.0,0.0,,0.0,14.55,25.25,20.4,97.3,0.0,66.4,0.2,99.0,402.0,80.0,62828.1,49630.1,1.0
507,28.55,100.0,2.202,2201.6,60.8,96.5,28.4,0.0,0.0,306.0,0.0,,0.0,14.67,26.19,20.68,96.4,0.0,66.4,0.4,98.0,402.0,80.0,62828.1,49656.2,1.0
508,38.96,100.0,2.202,2201.6,60.5,92.1,28.4,0.0,0.3,817.2,49.77,57.9,60.9,14.67,26.19,20.68,92.2,0.0,66.4,0.3,95.0,402.0,80.1,62828.1,49694.4,1.0
509,58.87,100.0,2.202,2201.6,61.0,81.8,28.4,0.0,0.0,1300.5,130.05,59.8,100.0,14.67,26.19,20.68,81.5,0.0,66.5,0.3,100.0,402.0,80.1,62828.1,49714.6,1.0
510,59.68,100.0,2.202,2201.6,61.0,83.7,28.4,0.0,0.0,1300.5,130.05,59.8,100.0,14.67,26.19,20.68,84.1,0.0,66.5,0.3,97.0,402.0,80.1,62828.1,49704.0,1.0
511,61.09,100.0,2.202,2201.6,61.3,82.6,28.4,0.0,0.0,1300.5,130.05,60.9,100.0,14.67,26.19,20.68,82.7,0.0,66.4,0.4,99.0,402.0,80.1,62828.1,49726.1,1.0
512,38.12,100.0,2.202,2201.6,60.7,78.5,28.4,0.0,23.3,1240.3,124.03,55.2,100.0,14.69,25.53,20.63,78.3,0.0,66.4,0.3,92.6,402.0,81.0,62828.1,50236.0,1.1
513,26.86,100.0,2.202,2201.6,60.7,86.6,28.4,0.0,0.1,509.6,45.05,54.5,88.4,14.69,25.53,20.63,86.7,0.0,66.4,0.3,99.0,402.0,80.5,62828.1,49969.9,1.1
514,26.64,100.0,2.202,2201.6,60.9,86.3,28.4,0.0,0.0,306.0,0.0,54.0,0.0,14.69,25.53,20.63,86.2,0.0,66.5,0.3,98.0,402.0,79.5,62828.1,49346.7,1.1
515,28.55,100.0,2.202,2201.6,60.4,96.3,28.4,0.0,0.0,306.0,0.0,53.9,0.0,14.69,25.53,20.63,96.2,0.0,66.4,0.3,99.0,402.0,79.5,62828.1,49341.5,1.1
516,28.25,100.0,2.202,2201.6,61.6,96.6,28.4,0.0,0.1,306.0,0.0,,0.0,14.69,25.53,20.63,96.7,0.0,66.4,0.4,98.0,402.0,79.6,62828.1,49368.5,1.1
517,28.75,100.0,2.202,2201.6,61.2,96.0,28.4,0.0,0.0,306.0,0.0,,0.0,14.83,26.85,20.99,95.9,0.0,66.4,0.2,97.1,402.0,79.5,62828.1,49346.0,1.1
518,28.85,100.0,2.202,2201.6,60.8,97.0,28.4,0.0,0.0,306.0,0.0,,0.0,14.83,26.85,20.99,97.0,0.0,66.4,0.3,100.0,402.0,79.6,62828.1,49376.2,1.1
519,28.25,100.0,2.202,2201.6,61.0,97.4,28.4,0.0,0.0,306.0,0.0,,0.0,14.83,26.85,20.99,97.5,0.0,66.5,0.3,99.0,402.0,79.6,62828.1,49378.9,1.1
520,28.55,100.0,2.202,2201.6,61.2,95.9,28.4,0.0,0.1,306.0,0.0,,0.0,14.83,26.85,20.99,95.7,0.0,66.3,0.3,97.1,402.0,79.5,62828.1,49342.6,1.1
521,28.55,100.0,2.202,2201.6,60.8,96.5,28.4,0.0,0.0,306.0,0.0,,0.0,14.83,26.85,20.99,96.6,0.0,66.5,0.3,99.0,402.0,79.6,62828.1,49376.9,1.1
522,29.05,100.0,2.202,2201.6,61.1,97.0,28.4,0.0,0.0,306.0,0.0,,0.0,14.89,26.7,21.05,97.1,0.0,66.3,0.3,99.0,402.0,79.6,62828.1,49358.6,1.1
523,28.85,100.0,2.202,2201.6,60.5,97.6,28.4,0.0,0.0,306.0,0.0,,0.0,14.89,26.7,21.05,97.4,0.0,66.5,0.3,99.0,402.0,79.6,62828.1,49387.9,1.1
524,28.55,100.0,2.202,2201.6,61.0,96.1,28.4,0.0,0.0,306.0,0.0,,0.0,14.89,26.7,21.05,96.2,0.0,66.4,0.3,99.0,402.0,79.6,62828.1,49357.9,1.1
525,28.55,100.0,2.202,2201.6,61.0,95.9,28.4,0.0,0.1,306.0,0.0,,0.0,14.89,26.7,21.05,95.9,0.0,66.5,0.4,100.0,402.0,79.6,62828.1,49381.2,1.1
526,28.85,100.0,2.202,2201.6,60.6,96.4,28.4,0.0,0.0,306.0,0.0,,0.0,14.89,26.7,21.05,96.2,0.0,66.4,0.2,98.0,401.0,79.6,62828.1,49353.1,1.1
527,29.04,100.0,2.202,2201.6,61.8,96.1,28.4,0.1,0.0,306.0,0.0,,0.0,14.85,25.2,20.84,96.1,0.0,66.3,0.3,98.0,401.0,79.6,62828.1,49364.1,1.1
528,28.55,100.0,2.202,2201.6,60.9,96.3,28.4,0.0,0.0,306.0,0.0,,0.0,14.85,25.2,20.84,96.4,0.0,66.5,0.3,99.0,401.0,79.6,62828.1,49369.3,1.1
529,28.14,100.0,2.202,2201.6,61.0,97.1,28.4,0.0,0.0,306.0,0.0,,0.0,14.85,25.2,20.84,96.9,0.0,66.3,0.3,99.0,401.0,79.6,62828.1,49363.8,1.1
530,28.45,100.0,2.202,2201.6,60.7,94.9,28.4,0.0,0.0,306.0,0.0,,0.0,14.85,25.2,20.84,94.9,0.0,66.4,0.3,99.0,401.0,79.6,62828.1,49371.0,1.1
531,29.15,100.0,2.202,2201.6,60.4,97.0,28.4,0.0,0.1,306.0,0.0,,0.0,14.85,25.2,20.84,96.8,0.0,66.4,0.3,98.0,401.0,79.6,62828.1,49353.8,1.1
532,29.35,100.0,2.202,2201.6,61.4,94.9,28.4,0.0,0.0,306.0,0.0,,0.0,14.83,24.07,20.67,95.3,0.0,66.4,0.2,97.0,401.0,79.6,62828.1,49356.5,1.1
533,28.35,100.0,2.202,2201.6,60.8,96.5,28.4,0.0,0.0,306.0,0.0,,0.0,14.83,24.07,20.67,96.3,0.0,66.3,0.2,98.0,401.0,79.6,62828.1,49357.1,1.1
534,28.45,100.0,2.202,2201.6,60.8,95.3,28.4,0.0,0.0,306.0,0.0,,0.0,14.83,24.07,20.67,95.4,0.0,67.8,0.3,97.0,401.0,79.6,62828.1,49358.0,1.1
535,28.35,100.0,2.202,2201.6,61.2,95.4,28.4,0.0,0.0,306.0,0.0,,0.0,14.83,24.07,20.67,95.3,0.0,64.9,0.2,97.0,401.0,79.6,62828.1,49354.0,1.1
536,28.25,100.0,2.202,2201.6,60.8,94.6,28.4,0.0,0.0,306.0,0.0,,0.0,14.83,24.07,20.67,94.5,0.0,66.7,0.2,98.0,401.0,79.5,62828.1,49344.0,1.1
537,28.04,100.0,2.202,2201.6,60.9,94.7,28.4,0.0,0.1,306.0,0.0,,0.0,14.87,23.9,20.7,94.8,0.0,66.8,0.2,97.0,401.0,79.5,62828.1,49342.2,1.1
538,28.44,100.0,2.202,2201.6,60.7,95.2,28.4,0.0,0.2,306.0,0.0,,0.0,14.87,23.9,20.7,95.1,0.0,67.4,0.3,98.0,401.0,79.6,62828.1,49355.3,1.1
539,28.35,100.0,2.202,2201.6,60.4,93.7,28.4,0.0,0.0,306.0,0.0,,0.0,14.87,23.9,20.7,93.7,0.0,66.1,0.2,96.9,401.0,79.6,62828.1,49359.1,1.1
540,28.55,100.0,2.202,2201.6,60.4,95.1,28.4,0.0,0.0,306.0,0.0,,0.0,14.87,23.9,20.7,95.3,0.0,66.5,0.2,97.9,401.0,79.6,62828.1,49352.7,1.1
541,29.35,100.0,2.202,2201.6,60.8,95.6,28.4,0.0,0.1,306.0,0.0,,0.0,14.87,23.9,20.7,95.5,0.0,67.4,0.3,98.0,401.0,79.5,62828.1,49346.5,1.1
542,28.75,100.0,2.202,2201.6,61.3,95.6,28.4,0.0,0.5,306.0,0.0,,0.0,14.95,24.31,20.83,95.4,0.0,67.7,0.2,98.0,400.0,79.6,62828.1,49360.7,1.1
543,28.35,100.0,2.202,2201.6,60.8,96.4,28.4,0.0,0.0,306.0,0.0,,0.0,14.95,24.31,20.83,96.5,0.0,66.5,0.3,100.0,400.0,79.5,62828.1,49348.3,1.1
544,28.85,100.0,2.202,2201.6,60.8,95.6,28.4,0.0,0.0,306.0,0.0,,0.0,14.95,24.31,20.83,95.6,0.0,67.1,0.3,98.0,400.0,79.6,62828.1,49363.6,1.1
545,28.75,100.0,2.202,2201.6,60.9,95.2,28.4,0.0,0.0,306.0,0.0,,0.0,14.95,24.31,20.83,95.4,0.0,67.5,0.4,99.0,400.0,79.6,62828.1,49364.4,1.1
546,28.85,100.0,2.202,2201.6,61.5,96.0,28.4,0.0,0.0,306.0,0.0,,0.0,14.95,24.31,20.83,95.8,0.0,65.9,0.3,98.0,400.0,79.6,62828.1,49392.0,1.1
547,28.55,100.0,2.202,2201.6,60.7,97.0,28.4,0.0,0.1,306.0,0.0,,0.0,15.0,24.36,20.9,97.1,0.0,67.1,0.2,99.0,400.0,79.6,62828.1,49359.4,1.1
548,36.76,100.0,2.202,2201.6,59.7,90.3,28.4,0.0,0.0,720.2,36.37,58.5,50.5,15.0,24.36,20.9,90.4,0.0,66.4,0.4,95.7,400.0,80.3,62828.1,49793.5,1.1
549,58.57,100.0,2.044,2043.7,60.5,79.3,28.4,0.0,0.1,1300.5,130.05,59.5,100.0,15.0,24.36,20.9,79.2,0.0,66.5,0.3,86.7,400.0,79.4,62828.1,49229.4,1.1
550,33.87,100.0,2.202,2201.6,61.5,89.9,28.4,0.0,0.0,1057.4,105.74,54.2,100.0,15.0,24.36,20.9,89.9,0.0,66.3,0.3,93.8,400.0,78.6,62828.1,48755.5,1.1
551,29.66,100.0,2.202,2201.6,60.9,96.2,28.4,0.0,0.0,343.7,9.55,,27.8,15.0,24.36,20.9,96.0,0.0,66.5,0.3,98.0,400.0,78.6,62828.1,48758.4,1.1
552,29.44,100.0,2.202,2201.6,62.5,96.6,28.4,0.0,0.0,306.0,0.0,,0.0,14.99,23.53,20.79,96.8,0.0,64.0,0.2,99.0,400.0,78.6,62828.1,48766.2,1.1
553,28.85,100.0,2.202,2201.6,61.3,96.6,28.4,0.0,0.1,306.0,0.0,,0.0,14.99,23.53,20.79,96.7,0.0,67.3,0.3,99.0,400.0,78.6,62828.1,48772.0,1.1
554,27.95,100.0,2.202,2201.6,60.9,96.4,28.4,0.0,0.0,306.0,0.0,,0.0,14.99,23.53,20.79,96.2,0.0,67.7,0.4,100.0,400.0,78.6,62828.1,48752.9,1.1
555,28.75,100.0,2.202,2201.6,61.0,95.1,28.4,0.0,0.0,306.0,0.0,,0.0,14.99,23.53,20.79,95.1,0.0,66.6,0.3,99.0,400.0,78.6,62828.1,48756.7,1.1
556,29.05,100.0,2.202,2201.6,60.9,96.3,28.4,0.0,0.0,306.0,0.0,,0.0,14.99,23.53,20.79,96.2,0.0,66.4,0.3,99.0,400.0,78.6,62828.1,48752.8,1.1
557,28.65,100.0,2.202,2201.6,60.7,96.5,28.4,0.0,0.0,306.0,0.0,,0.0,15.05,23.65,20.86,96.6,0.0,66.5,0.3,99.0,400.0,78.6,62828.1,48739.9,1.1
558,28.55,100.0,2.202,2201.6,61.0,96.0,28.4,0.0,0.0,306.0,0.0,,0.0,15.05,23.65,20.86,96.0,0.0,66.4,0.3,98.0,400.0,78.6,62828.1,48749.9,1.1
559,28.14,100.0,2.202,2201.6,60.7,95.6,28.4,0.0,0.1,306.0,0.0,,0.0,15.05,23.65,20.86,95.6,0.0,64.8,0.3,97.0,400.0,78.6,62828.1,48745.9,1.1
560,27.95,100.0,2.202,2201.6,60.5,94.9,28.4,0.0,0.0,306.0,0.0,,0.0,15.05,23.65,20.86,94.9,0.0,67.9,0.2,97.9,400.0,78.6,62828.1,48735.6,1.1
561,28.15,100.0,2.202,2201.6,60.5,94.2,28.4,0.0,0.0,306.0,0.0,,0.0,15.05,23.65,20.86,94.3,0.0,66.4,0.3,96.9,400.0,78.6,62828.1,48737.9,1.1
562,28.95,100.0,2.202,2201.6,61.3,94.8,28.4,0.0,0.0,306.0,0.0,,0.0,15.0,22.24,20.61,94.6,0.0,66.3,0.2,97.0,400.0,78.6,62828.1,48742.7,1.1
563,28.15,100.0,2.202,2201.6,61.7,94.5,28.4,0.0,0.0,306.0,0.0,,0.0,15.0,22.24,20.61,94.5,0.0,66.4,0.2,97.0,400.0,78.6,62828.1,48741.0,1.1
564,28.75,100.0,2.202,2201.6,60.8,95.9,28.4,0.0,0.0,306.0,0.0,,0.0,15.0,22.24,20.61,96.0,0.0,66.3,0.3,99.0,400.0,78.6,62828.1,48730.8,1.1
565,28.35,100.0,2.202,2201.6,60.7,94.8,28.4,0.0,0.0,306.0,0.0,,0.0,15.0,22.24,20.61,94.7,0.0,66.3,0.2,99.0,400.0,78.6,62828.1,48730.3,1.1
566,28.35,100.0,2.202,2201.6,60.8,95.1,28.4,0.0,0.0,306.0,0.0,,0.0,15.0,22.24,20.61,95.2,0.0,66.4,0.2,97.0,400.0,78.5,62828.1,48723.5,1.1
567,28.04,100.0,2.202,2201.6,60.8,95.4,28.4,0.0,0.0,306.0,0.0,,0.0,15.04,22.22,20.64,95.4,0.0,66.3,0.3,98.0,400.0,78.6,62828.1,48727.1,1.1
568,28.14,100.0,2.202,2201.6,60.9,93.8,28.4,0.0,0.0,306.0,0.0,,0.0,15.04,22.22,20.64,93.7,0.0,66.4,0.2,98.0,400.0,78.6,62828.1,48737.2,1.1
569,28.55,100.0,2.202,2201.6,60.3,94.5,28.4,0.0,0.1,306.0,0.0,,0.0,15.04,22.22,20.64,94.4,0.0,66.3,0.2,98.0,400.0,78.6,62828.1,48737.7,1.1
570,28.95,100.0,2.202,2201.6,60.8,95.2,28.4,0.0,0.0,306.0,0.0,,0.0,15.04,22.22,20.64,95.2,0.0,66.4,0.3,97.0,401.0,78.6,62828.1,48740.2,1.1
571,28.15,100.0,2.202,2201.6,60.9,95.5,28.4,0.0,0.0,306.0,0.0,,0.0,15.04,22.22,20.64,95.6,0.0,66.4,0.2,99.0,401.0,78.6,62828.1,48741.9,1.1
572,27.95,100.0,2.202,2201.6,60.2,95.9,28.4,0.0,0.5,306.0,0.0,,0.0,15.1,22.52,20.72,95.8,0.0,66.4,0.4,99.0,401.0,78.6,62828.1,48739.2,1.1
573,28.45,100.0,2.202,2201.6,60.4,95.8,28.4,0.9,0.0,306.0,0.0,,0.0,15.1,22.52,20.72,96.0,0.0,66.5,0.3,99.0,401.0,78.6,62828.1,48745.1,1.1
574,28.65,100.0,2.202,2201.6,60.3,96.5,28.4,0.0,0.3,306.0,0.0,,0.0,15.1,22.52,20.72,96.1,0.0,66.4,0.3,98.0,401.0,78.6,62828.1,48746.8,1.1
575,28.55,100.0,2.202,2201.6,60.8,96.2,28.4,0.0,0.0,306.0,0.0,,0.0,15.1,22.52,20.72,96.3,0.0,66.4,0.3,98.0,401.0,78.6,62828.1,48758.8,1.1
576,28.75,100.0,2.202,2201.6,60.7,95.5,28.4,0.0,0.1,306.0,0.0,,0.0,15.1,22.52,20.72,95.6,0.0,66.4,0.4,99.0,401.0,78.6,62828.1,48762.8,1.1
577,28.45,100.0,2.202,2201.6,60.5,95.5,28.4,0.0,0.0,306.0,0.0,,0.0,15.16,22.8,20.81,95.4,0.0,66.4,0.2,98.0,401.0,78.6,62828.1,48756.8,1.1
578,28.35,100.0,2.202,2201.6,60.5,94.4,28.4,0.0,0.0,306.0,0.0,,0.0,15.16,22.8,20.81,94.4,0.0,66.5,0.4,98.0,401.0,78.6,62828.1,48755.6,1.1
579,28.15,100.0,2.202,2201.6,60.8,96.5,28.4,0.0,0.0,306.0,0.0,,0.0,15.16,22.8,20.81,96.5,0.0,66.4,0.3,98.0,401.0,78.6,62828.1,48757.9,1.1
580,28.65,100.0,2.202,2201.6,60.7,95.3,28.4,0.0,0.0,306.0,0.0,,0.0,15.16,22.8,20.81,95.2,0.0,66.4,0.3,99.0,401.0,78.6,62828.1,48739.5,1.1
581,28.45,100.0,2.202,2201.6,60.8,96.4,28.4,0.0,0.1,306.0,0.0,,0.0,15.16,22.8,20.81,96.5,0.0,66.4,0.3,98.0,401.0,78.6,62828.1,48754.3,1.1
582,29.45,100.0,2.202,2201.6,61.5,96.8,28.4,0.0,0.0,306.0,0.0,,0.0,15.19,22.66,20.82,96.6,0.0,66.4,0.3,99.0,401.0,78.6,62828.1,48755.6,1.1
583,28.55,100.0,2.202,2201.6,60.8,96.3,28.4,0.0,0.1,306.0,0.0,,0.0,15.19,22.66,20.82,96.5,0.0,66.4,0.3,99.0,401.0,78.6,62828.1,48750.4,1.1
584,48.81,100.0,2.202,2201.6,60.7,86.2,28.4,0.0,0.0,992.3,73.63,59.1,74.2,15.19,22.66,20.82,86.2,0.0,66.4,0.2,96.0,401.0,79.0,62828.1,48986.6,1.1
585,54.0,100.0,2.202,2201.6,60.3,76.5,28.4,0.0,0.0,1300.5,130.05,55.9,100.0,15.19,22.66,20.82,76.6,0.0,66.4,0.4,83.9,401.0,79.0,62828.1,49004.4,1.1
586,59.58,100.0,2.202,2201.6,60.7,83.3,28.4,0.0,0.0,1300.5,130.05,59.9,100.0,15.19,22.66,20.82,83.3,0.0,66.4,0.3,100.0,401.0,79.2,62828.1,49118.2,1.1
587,59.38,100.0,2.202,2201.6,61.2,73.8,28.4,0.0,0.1,1300.5,130.05,60.4,100.0,15.15,21.48,20.6,73.8,0.0,66.4,0.3,85.3,401.0,79.3,62828.1,49188.4,1.1
588,50.52,100.0,2.202,2201.6,60.9,81.9,28.4,0.0,0.0,1222.0,122.2,60.1,100.0,15.15,21.48,20.6,82.1,0.0,66.5,0.3,94.1,401.0,79.0,62828.1,49020.4,1.1
589,61.87,100.0,2.202,2201.6,62.0,87.4,28.4,0.0,0.0,1300.5,130.05,60.4,100.0,15.15,21.48,20.6,87.4,0.0,66.3,0.3,97.9,401.0,79.0,62828.1,49016.7,1.1
590,42.23,100.0,2.202,2201.6,62.3,95.5,28.4,0.0,0.0,1257.9,125.79,55.7,100.0,15.15,21.48,20.6,95.7,0.0,66.4,0.2,99.0,401.0,79.0,62828.1,49023.2,1.1
591,29.85,100.0,2.202,2201.6,61.7,95.1,28.4,0.0,0.0,482.3,28.89,54.8,59.9,15.15,21.48,20.6,95.0,0.0,66.4,0.3,98.0,401.0,79.0,62828.1,49019.3,1.1
592,28.55,100.0,2.202,2201.6,62.2,95.8,28.4,0.0,0.0,306.0,0.0,,0.0,15.2,21.68,20.66,95.9,0.0,66.3,0.2,98.0,401.0,79.0,62828.1,49017.7,1.1
593,28.65,100.0,2.202,2201.6,61.5,95.3,28.4,0.0,0.1,306.0,0.0,,0.0,15.2,21.68,20.66,95.2,0.0,66.3,0.2,98.0,401.0,79.0,62828.1,49024.6,1.1
594,27.64,100.0,2.202,2201.6,61.1,94.6,28.4,0.0,0.0,306.0,0.0,,0.0,15.2,21.68,20.66,94.6,0.0,66.3,0.2,97.0,401.0,79.0,62828.1,49005.9,1.1
595,28.14,100.0,2.202,2201.6,61.5,93.1,28.4,0.0,0.0,306.0,0.0,,0.0,15.2,21.68,20.66,93.2,0.0,66.4,0.3,96.0,401.0,79.0,62828.1,49005.2,1.1
596,27.95,100.0,2.202,2201.6,61.1,94.1,28.4,0.0,0.0,306.0,0.0,,0.0,15.2,21.68,20.66,94.0,0.0,66.3,0.2,95.9,401.0,79.0,62828.1,48995.4,1.1
597,28.55,100.0,2.202,2201.6,61.2,94.7,28.4,0.0,0.0,306.0,0.0,,0.0,15.25,22.03,20.75,94.7,0.0,66.4,0.2,98.0,401.0,79.0,62828.1,48999.8,1.1
598,29.35,100.0,2.202,2201.6,62.0,95.9,28.4,0.0,0.0,306.0,0.0,,0.0,15.25,22.03,20.75,95.8,0.0,66.3,0.2,99.0,401.0,79.0,62828.1,48996.7,1.1
599,28.35,100.0,2.202,2201.6,61.4,95.8,28.4,0.0,0.0,306.0,0.0,,0.0,15.25,22.03,20.75,95.9,0.0,66.4,0.3,99.0,401.0,79.0,62828.1,49005.0,1.1
600,28.25,100.0,2.202,2201.6,61.4,94.6,28.4,0.0,0.0,306.0,0.0,,0.0,15.25,22.03,20.75,94.7,0.0,66.3,0.2,97.0,401.0,79.0,62828.1,49007.0,1.1
601,28.75,100.0,2.202,2201.6,61.2,95.0,28.4,0.0,0.0,306.0,0.0,,0.0,15.25,22.03,20.75,94.9,0.0,66.4,0.3,98.0,401.0,79.0,62828.1,49010.2,1.1
602,29.06,100.0,2.202,2201.6,61.3,96.1,28.4,0.0,0.6,306.0,0.0,,0.0,15.33,22.67,20.9,96.1,0.0,67.8,0.3,99.0,401.0,79.0,62828.1,49009.0,1.1
603,29.44,100.0,2.202,2201.6,61.7,96.6,28.4,0.0,0.0,306.0,0.0,,0.0,15.33,22.67,20.9,96.7,0.0,68.2,0.3,99.0,401.0,79.0,62828.1,49007.2,1.1
604,28.55,100.0,2.202,2201.6,61.4,96.5,28.4,0.0,0.0,306.0,0.0,,0.0,15.33,22.67,20.9,96.6,0.0,65.7,0.3,100.0,401.0,79.0,62828.1,49011.3,1.1
605,28.95,100.0,2.202,2201.6,61.1,96.5,28.4,0.0,0.3,306.0,0.0,,0.0,15.33,22.67,20.9,96.4,0.0,67.4,0.4,99.0,401.0,79.0,62828.1,49019.6,1.1
606,29.25,100.0,2.202,2201.6,61.1,95.9,28.4,0.0,0.1,306.0,0.0,,0.0,15.33,22.67,20.9,96.1,0.0,66.7,0.2,99.0,401.0,79.0,62828.1,49006.2,1.1
607,28.45,100.0,2.202,2201.6,61.1,97.4,28.4,0.0,0.0,306.0,0.0,,0.0,15.34,22.21,20.84,97.3,0.0,67.2,0.4,100.0,401.0,79.0,62828.1,49014.9,1.1
608,28.55,100.0,2.202,2201.6,61.4,95.3,28.4,0.0,0.0,306.0,0.0,,0.0,15.34,22.21,20.84,95.4,0.0,67.7,0.3,98.0,401.0,79.0,62828.1,49015.9,1.1
609,28.35,100.0,2.202,2201.6,61.2,96.9,28.4,0.0,0.0,306.0,0.0,,0.0,15.34,22.21,20.84,96.8,0.0,66.6,0.3,99.0,401.0,79.0,62828.1,49018.4,1.1
610,29.06,100.0,2.202,2201.6,61.3,96.6,28.4,0.0,0.1,306.0,0.0,,0.0,15.34,22.21,20.84,96.4,0.0,67.4,0.3,99.0,401.0,79.0,62828.1,49017.9,1.1
611,28.85,100.0,2.202,2201.6,61.1,97.4,28.4,0.0,0.1,306.0,0.0,,0.0,15.34,22.21,20.84,97.5,0.0,66.4,0.2,99.0,401.0,79.0,62828.1,49014.4,1.1
612,28.65,100.0,2.202,2201.6,61.3,97.1,28.4,0.0,0.0,306.0,0.0,,0.0,15.33,21.48,20.71,97.2,0.0,66.5,0.4,99.0,401.0,79.0,62828.1,49011.8,1.1
613,27.74,100.0,2.202,2201.6,61.0,96.6,28.4,0.0,0.0,306.0,0.0,,0.0,15.33,21.48,20.71,96.6,0.0,66.4,0.3,98.0,401.0,79.0,62828.1,49020.3,1.1
614,28.75,100.0,2.202,2201.6,60.8,95.9,28.4,0.0,0.0,306.0,0.0,,0.0,15.33,21.48,20.71,95.8,0.0,66.4,0.3,100.0,401.0,79.0,62828.1,49023.9,1.1
615,29.05,100.0,2.202,2201.6,60.8,96.8,28.4,0.0,0.0,306.0,0.0,,0.0,15.33,21.48,20.71,96.8,0.0,66.4,0.3,98.0,401.0,79.0,62828.1,49015.2,1.1
616,28.25,100.0,2.202,2201.6,61.4,95.7,28.4,0.0,0.1,306.0,0.0,,0.0,15.33,21.48,20.71,95.7,0.0,66.4,0.3,98.0,401.0,79.0,62828.1,49012.1,1.1
617,28.55,100.0,2.202,2201.6,60.8,95.1,28.4,0.0,0.1,306.0,0.0,,0.0,15.35,21.28,20.68,95.2,0.0,66.3,0.2,96.9,401.0,79.0,62828.1,49018.7,1.1
618,28.14,100.0,2.202,2201.6,61.0,96.4,28.4,0.0,0.0,306.0,0.0,,0.0,15.35,21.28,20.68,96.2,0.0,66.4,0.3,98.0,401.0,79.0,62828.1,49017.1,1.1
619,28.75,100.0,2.202,2201.6,61.0,96.2,28.4,0.0,0.0,306.0,0.0,,0.0,15.35,21.28,20.68,96.3,0.0,66.5,0.3,99.0,401.0,79.0,62828.1,49016.0,1.1
620,29.55,100.0,2.202,2201.6,61.2,97.4,28.4,0.0,0.1,306.0,0.0,,0.0,15.35,21.28,20.68,97.2,0.0,66.3,0.3,99.0,401.0,79.0,62828.1,49017.0,1.1
621,28.65,100.0,2.202,2201.6,61.2,96.2,28.4,0.0,0.0,306.0,0.0,,0.0,15.35,21.28,20.68,96.3,0.0,66.4,0.3,99.0,401.0,79.0,62828.1,49023.2,1.1
622,28.35,100.0,2.202,2201.6,61.0,95.8,28.4,0.0,0.0,306.0,0.0,,0.0,15.48,22.78,21.0,95.9,0.0,66.4,0.3,98.0,401.0,79.0,62828.1,49021.4,1.1
623,36.66,100.0,2.202,2201.6,60.2,90.7,28.4,0.0,0.0,793.4,47.21,58.3,59.5,15.48,22.78,21.0,90.7,0.0,66.4,0.3,94.0,401.0,79.0,62828.1,48994.7,1.1
624,58.16,100.0,2.202,2201.6,60.9,78.0,28.4,0.0,0.0,1300.5,130.05,60.0,100.0,15.48,22.78,21.0,78.1,0.0,66.4,0.2,92.4,401.0,79.2,62828.1,49102.2,1.1
625,58.48,100.0,2.202,2201.6,61.3,80.6,28.4,0.0,0.1,1300.5,130.05,60.2,100.0,15.48,22.78,21.0,80.6,0.0,66.4,0.3,94.0,401.0,79.4,62828.1,49258.5,1.1
626,59.78,100.0,2.202,2201.6,61.2,75.9,28.4,0.0,0.0,1300.5,130.05,60.8,100.0,15.48,22.78,21.0,75.8,0.0,66.4,0.3,90.5,401.0,79.4,62828.1,49264.9,1.1
627,61.8,100.0,2.202,2201.6,62.1,76.3,28.4,0.0,0.1,1300.5,130.05,60.9,100.0,15.48,22.15,20.9,76.5,0.0,66.4,0.3,86.6,401.0,79.4,62828.1,49263.0,1.1
628,35.9,100.0,2.202,2201.6,61.5,78.6,28.4,0.0,0.0,1242.7,124.27,55.9,100.0,15.48,22.15,20.9,78.8,0.0,66.4,0.3,93.3,401.0,80.4,62828.1,49893.0,1.1
629,27.65,100.0,2.202,2201.6,61.6,86.9,28.4,0.0,0.0,532.7,39.95,55.1,75.0,15.48,22.15,20.9,87.0,0.0,66.3,0.3,96.0,401.0,79.5,62828.1,49293.1,1.1
630,29.15,100.0,2.202,2201.6,61.9,97.8,28.4,0.0,0.1,306.0,0.0,54.6,0.0,15.48,22.15,20.9,97.6,0.0,66.4,0.2,99.0,401.0,79.5,62828.1,49306.5,1.1
631,28.65,100.0,2.202,2201.6,61.7,96.9,28.4,0.0,0.0,306.0,0.0,,0.0,15.48,22.15,20.9,97.2,0.0,66.4,0.3,99.0,401.0,79.5,62828.1,49305.7,1.1
632,28.35,100.0,2.202,2201.6,61.7,96.2,28.4,0.0,0.6,306.0,0.0,,0.0,15.63,23.9,21.28,96.1,0.0,66.4,0.3,99.0,401.0,79.5,62828.1,49305.8,1.1
633,28.14,100.0,2.202,2201.6,61.6,96.2,28.4,0.0,0.1,306.0,0.0,,0.0,15.63,23.9,21.28,96.1,0.0,66.4,0.2,98.0,401.0,79.5,62828.1,49305.0,1.1
634,28.35,100.0,2.202,2201.6,61.7,95.2,28.4,0.0,0.0,306.0,0.0,,0.0,15.63,23.9,21.28,95.1,0.0,66.3,0.3,98.0,401.0,79.5,62828.1,49315.7,1.1
635,28.65,100.0,2.202,2201.6,60.8,96.0,28.4,0.0,0.1,306.0,0.0,,0.0,15.63,23.9,21.28,96.1,0.0,66.4,0.3,98.0,401.0,79.5,62828.1,49306.4,1.1
636,28.95,100.0,2.202,2201.6,61.4,95.6,28.4,0.0,0.0,306.0,0.0,,0.0,15.63,23.9,21.28,95.6,0.0,66.4,0.2,99.0,401.0,79.5,62828.1,49300.8,1.1
638,29.34,100.0,2.202,2201.6,62.6,95.4,28.4,0.0,0.0,306.0,0.0,,0.0,15.65,23.51,21.25,95.2,0.0,66.3,0.3,97.0,401.0,79.5,62828.1,49307.9,1.1
639,28.55,100.0,2.202,2201.6,61.7,95.6,28.4,0.0,0.0,306.0,0.0,,0.0,15.65,23.51,21.25,95.6,0.0,66.4,0.2,99.0,401.0,79.5,62828.1,49303.9,1.1
640,28.34,100.0,2.202,2201.6,61.3,94.7,28.4,0.0,0.0,306.0,0.0,,0.0,15.65,23.51,21.25,94.7,0.0,66.4,0.3,99.0,401.0,79.5,62828.1,49311.5,1.1
641,27.84,100.0,2.202,2201.6,61.7,94.3,28.4,0.0,0.1,306.0,0.0,,0.0,15.65,23.51,21.25,94.4,0.0,66.3,0.2,97.0,401.0,79.5,62828.1,49305.3,1.1
642,28.04,100.0,2.202,2201.6,61.2,96.1,28.4,0.0,0.0,306.0,0.0,,0.0,15.65,23.51,21.25,95.9,0.0,66.3,0.3,98.0,401.0,79.5,62828.1,49298.3,1.1
643,28.14,100.0,2.202,2201.6,61.2,95.5,28.4,0.0,0.0,306.0,0.0,,0.0,15.73,24.11,21.41,95.5,0.0,66.4,0.2,97.0,401.0,79.5,62828.1,49291.4,1.1
644,28.75,100.0,2.202,2201.6,61.2,93.4,28.4,0.0,0.0,306.0,0.0,,0.0,15.73,24.11,21.41,93.6,0.0,66.3,0.2,98.0,401.0,79.4,62828.1,49287.6,1.1
645,28.55,100.0,2.202,2201.6,60.9,94.9,28.4,0.0,0.0,306.0,0.0,,0.0,15.73,24.11,21.41,94.8,0.0,66.4,0.2,97.0,401.0,79.4,62828.1,49282.7,1.1
646,29.45,100.0,2.202,2201.6,61.4,96.3,28.4,0.0,0.0,306.0,0.0,,0.0,15.73,24.11,21.41,96.3,0.0,66.3,0.3,100.0,401.0,79.5,62828.1,49292.4,1.1
647,28.54,100.0,2.202,2201.6,61.3,95.4,28.4,0.0,0.0,306.0,0.0,,0.0,15.73,24.11,21.41,95.3,0.0,66.4,0.2,96.9,401.0,79.5,62828.1,49298.5,1.1
648,28.35,100.0,2.202,2201.6,61.3,95.8,28.4,0.0,0.0,306.0,0.0,,0.0,15.85,25.14,21.67,95.9,0.0,66.3,0.2,98.0,401.0,79.5,62828.1,49300.4,1.1
649,28.35,100.0,2.202,2201.6,61.2,95.3,28.4,0.0,0.0,306.0,0.0,,0.0,15.85,25.14,21.67,95.3,0.0,66.4,0.3,98.0,401.0,79.5,62828.1,49296.5,1.1
650,27.74,100.0,2.202,2201.6,61.5,94.5,28.4,0.0,0.0,306.0,0.0,,0.0,15.85,25.14,21.67,94.5,0.0,66.4,0.2,97.0,401.0,79.5,62828.1,49295.5,1.1
651,27.74,100.0,2.202,2201.6,61.6,94.6,28.4,0.0,0.1,306.0,0.0,,0.0,15.85,25.14,21.67,94.6,0.0,66.3,0.2,96.0,401.0,79.4,62828.1,49285.5,1.1
652,28.14,100.0,2.202,2201.6,61.1,95.3,28.4,0.0,0.0,306.0,0.0,,0.0,15.85,25.14,21.67,95.3,0.0,67.0,0.3,98.0,401.0,79.4,62828.1,49288.0,1.1
653,29.16,100.0,2.202,2201.6,61.3,95.2,28.4,0.0,0.0,306.0,0.0,,0.0,15.99,26.57,22.02,95.2,0.0,68.1,0.2,99.0,401.0,79.4,62828.1,49286.7,1.1
654,28.75,100.0,2.202,2201.6,61.7,97.0,28.4,0.0,0.0,306.0,0.0,,0.0,15.99,26.57,22.02,96.9,0.0,68.4,0.4,99.0,401.0,79.5,62828.1,49296.3,1.1
655,28.55,100.0,2.202,2201.6,61.0,96.7,28.4,0.0,0.1,306.0,0.0,,0.0,15.99,26.57,22.02,96.8,0.0,62.0,0.3,99.0,401.0,79.4,62828.1,49287.8,1.1
656,28.14,100.0,2.202,2201.6,61.2,95.9,28.4,0.0,0.0,306.0,0.0,,0.0,15.99,26.57,22.02,96.0,0.0,67.1,0.3,99.0,401.0,79.5,62828.1,49290.0,1.1
657,28.35,100.0,2.202,2201.6,61.2,94.5,28.4,0.0,0.0,306.0,0.0,,0.0,15.99,26.57,22.02,94.4,0.0,67.3,0.3,96.0,401.0,79.5,62828.1,49295.2,1.1
658,29.36,100.0,2.202,2201.6,61.1,96.7,28.4,0.0,0.0,306.0,0.0,,0.0,16.13,27.81,22.35,96.7,0.0,68.2,0.3,99.0,401.0,79.5,62828.1,49295.2,1.1
659,28.25,100.0,2.202,2201.6,61.1,96.2,28.4,0.0,0.0,306.0,0.0,,0.0,16.13,27.81,22.35,96.3,0.0,69.1,0.3,99.0,401.0,79.4,62828.1,49287.6,1.1
660,28.55,100.0,2.202,2201.6,61.4,96.2,28.4,0.0,0.1,306.0,0.0,,0.0,16.13,27.81,22.35,96.2,0.0,66.6,0.3,99.0,401.0,79.5,62828.1,49291.9,1.1
661,28.35,100.0,2.202,2201.6,61.1,96.4,28.4,0.0,0.0,306.0,0.0,,0.0,16.13,27.81,22.35,96.2,0.0,66.5,0.4,99.0,401.0,79.5,62828.1,49301.8,1.1
662,28.45,100.0,2.202,2201.6,61.2,93.9,28.4,0.0,0.0,1101.6,88.13,54.0,80.0,16.13,27.81,22.35,93.9,0.0,66.3,0.3,97.0,401.0,79.5,62828.1,49307.2,1.1
663,56.97,100.0,2.202,2201.6,61.1,83.2,28.4,0.0,0.7,1148.9,100.99,60.0,87.9,16.12,26.7,22.21,83.4,0.0,66.5,0.4,96.0,401.0,79.9,62828.1,49587.6,1.1
664,58.37,100.0,2.202,2201.6,61.8,82.1,28.4,0.0,0.0,1300.5,130.05,59.9,100.0,16.12,26.7,22.21,82.1,0.0,66.5,0.3,92.6,401.0,79.9,62828.1,49601.5,1.1
665,43.26,100.0,2.202,2201.6,61.9,78.4,28.4,0.0,0.1,1287.0,128.7,55.8,100.0,16.12,26.7,22.21,78.6,0.0,66.4,0.3,89.2,401.0,81.3,62828.1,50460.7,1.1
666,26.96,100.0,2.202,2201.6,61.1,84.5,28.4,0.0,0.1,624.6,62.46,55.1,100.0,16.12,26.7,22.21,84.7,0.0,66.5,0.4,100.0,401.0,81.7,62828.1,50689.0,1.1
667,50.02,100.0,2.202,2201.6,61.4,84.3,28.4,0.0,0.0,720.5,41.21,60.3,57.2,16.12,26.7,22.21,84.2,0.0,66.5,0.4,100.0,401.0,79.9,62828.1,49589.1,1.1
668,39.02,100.0,2.202,2201.6,61.3,78.6,28.4,0.0,0.0,1272.0,127.2,55.4,100.0,16.09,25.36,22.01,78.7,0.0,66.4,0.3,92.6,401.0,79.9,62828.1,49582.0,1.1
669,28.85,100.0,2.202,2201.6,61.8,89.2,28.4,0.0,0.0,568.5,44.63,55.0,78.5,16.09,25.36,22.01,89.3,0.0,66.5,0.3,99.0,401.0,79.2,62828.1,49112.8,1.1
670,29.15,100.0,2.202,2201.6,61.9,95.8,28.4,0.0,0.1,306.0,0.0,54.6,0.0,16.09,25.36,22.01,95.6,0.0,66.4,0.3,98.0,401.0,79.2,62828.1,49117.5,1.1
671,28.45,100.0,2.202,2201.6,61.3,97.3,28.4,0.0,0.1,306.0,0.0,,0.0,16.09,25.36,22.01,97.2,0.0,66.4,0.4,100.0,401.0,79.2,62828.1,49105.8,1.1
672,28.55,100.0,2.202,2201.6,61.9,96.6,28.4,0.0,0.0,306.0,0.0,,0.0,16.09,25.36,22.01,96.7,0.0,66.5,0.3,98.0,401.0,79.2,62828.1,49116.8,1.1
673,28.35,100.0,2.202,2201.6,61.5,94.9,28.4,0.0,0.0,306.0,0.0,,0.0,16.18,25.9,22.18,94.9,0.0,66.4,0.3,98.0,401.0,79.2,62828.1,49103.1,1.1
674,28.85,100.0,2.202,2201.6,61.2,96.1,28.4,0.0,0.0,306.0,0.0,,0.0,16.18,25.9,22.18,96.3,0.0,66.4,0.3,98.0,401.0,79.1,62828.1,49096.4,1.1
675,29.05,100.0,2.202,2201.6,62.1,96.9,28.4,0.0,0.1,306.0,0.0,,0.0,16.18,25.9,22.18,96.5,0.0,66.4,0.3,99.0,401.0,79.1,62828.1,49100.3,1.1
676,28.65,100.0,2.202,2201.6,61.3,96.4,28.4,0.0,0.0,306.0,0.0,,0.0,16.18,25.9,22.18,96.5,0.0,66.4,0.4,98.0,401.0,79.1,62828.1,49093.8,1.1
677,28.75,100.0,2.202,2201.6,61.3,96.0,28.4,0.0,0.0,306.0,0.0,,0.0,16.18,25.9,22.18,96.0,0.0,66.5,0.3,99.0,401.0,79.1,62828.1,49096.1,1.1
678,29.05,100.0,2.202,2201.6,61.3,96.2,28.4,0.0,0.1,306.0,0.0,,0.0,16.21,25.58,22.17,96.1,0.0,66.5,0.4,99.0,401.0,79.2,62828.1,49126.9,1.1
679,29.66,100.0,2.202,2201.6,61.6,97.3,28.4,0.0,0.0,306.0,0.0,,0.0,16.21,25.58,22.17,97.5,0.0,66.4,0.2,100.0,401.0,79.1,62828.1,49090.4,1.1
680,28.65,100.0,2.202,2201.6,61.9,96.1,28.4,0.0,0.0,306.0,0.0,,0.0,16.21,25.58,22.17,96.0,0.0,66.4,0.3,98.0,401.0,79.2,62828.1,49104.6,1.1
681,28.55,100.0,2.202,2201.6,61.5,96.3,28.4,0.0,0.1,306.0,0.0,,0.0,16.21,25.58,22.17,96.2,0.0,66.3,0.3,99.0,401.0,79.1,62828.1,49098.4,1.1
682,28.35,100.0,2.202,2201.6,61.3,96.6,28.4,0.0,0.0,306.0,0.0,,0.0,16.21,25.58,22.17,96.6,0.0,66.4,0.3,99.0,401.0,79.2,62828.1,49108.6,1.1
683,28.95,100.0,2.202,2201.6,61.5,97.1,28.4,0.0,0.1,306.0,0.0,,0.0,16.35,26.98,22.52,97.1,0.0,66.5,0.3,99.0,401.0,79.2,62828.1,49106.2,1.1
684,29.15,100.0,2.202,2201.6,60.9,96.6,28.4,0.0,0.0,306.0,0.0,,0.0,16.35,26.98,22.52,96.7,0.0,66.3,0.2,100.0,401.0,79.2,62828.1,49106.5,1.1
685,28.65,100.0,2.202,2201.6,61.5,96.4,28.4,0.0,0.0,306.0,0.0,,0.0,16.35,26.98,22.52,96.3,0.0,66.4,0.3,98.0,401.0,79.1,62828.1,49093.7,1.1
686,28.55,100.0,2.202,2201.6,61.5,96.1,28.4,0.4,0.0,306.0,0.0,,0.0,16.35,26.98,22.52,96.1,0.0,66.3,0.2,98.0,401.0,79.2,62828.1,49103.8,1.1
687,28.25,100.0,2.202,2201.6,61.6,95.2,28.4,0.0,0.1,306.0,0.0,,0.0,16.35,26.98,22.52,95.3,0.0,66.4,0.3,98.0,401.0,79.1,62828.1,49099.1,1.1
688,28.14,100.0,2.202,2201.6,61.4,95.2,28.4,0.0,0.0,306.0,0.0,,0.0,16.37,26.34,22.46,95.1,0.0,66.3,0.2,98.0,401.0,79.2,62828.1,49103.3,1.1
689,29.05,100.0,2.202,2201.6,61.1,95.7,28.4,0.0,0.0,306.0,0.0,,0.0,16.37,26.34,22.46,95.7,0.0,66.4,0.2,99.0,401.0,79.1,62828.1,49100.1,1.1
690,29.34,100.0,2.202,2201.6,62.2,95.7,28.4,0.0,0.0,306.0,0.0,,0.0,16.37,26.34,22.46,95.8,0.0,66.3,0.3,99.0,401.0,79.1,62828.1,49100.7,1.1
691,28.15,100.0,2.202,2201.6,61.4,95.5,28.4,0.0,0.0,306.0,0.0,,0.0,16.37,26.34,22.46,95.5,0.0,66.4,0.2,98.0,401.0,79.1,62828.1,49100.0,1.1
692,28.35,100.0,2.202,2201.6,61.6,95.0,28.4,0.0,0.0,306.0,0.0,,0.0,16.37,26.34,22.46,94.6,0.0,66.3,0.2,97.0,401.0,79.1,62828.1,49098.2,1.1
693,28.14,100.0,2.202,2201.6,61.1,96.6,28.4,0.0,0.8,306.0,0.0,,0.0,16.47,27.03,22.67,96.9,0.0,66.4,0.3,100.0,401.0,79.2,62828.1,49103.1,1.1
694,28.75,100.0,2.202,2201.6,60.8,95.6,28.4,0.0,0.0,306.0,0.0,,0.0,16.47,27.03,22.67,95.5,0.0,66.3,0.2,98.0,402.0,79.2,62828.1,49124.1,1.1
695,29.86,100.0,2.202,2201.6,61.8,97.4,28.4,0.0,0.0,306.0,0.0,,0.0,16.47,27.03,22.67,97.5,0.0,66.4,0.3,99.0,401.0,79.2,62828.1,49157.6,1.1
696,28.45,100.0,2.202,2201.6,61.4,97.1,28.4,0.0,0.0,306.0,0.0,,0.0,16.47,27.03,22.67,97.0,0.0,66.4,0.3,99.0,401.0,79.2,62828.1,49102.2,1.1
697,28.25,100.0,2.202,2201.6,61.1,97.1,28.4,0.0,0.0,306.0,0.0,,0.0,16.47,27.03,22.67,97.2,0.0,68.4,0.4,98.0,401.0,79.2,62828.1,49114.1,1.1
698,28.55,100.0,2.202,2201.6,61.1,95.3,28.4,0.0,0.1,306.0,0.0,,0.0,16.57,27.75,22.89,95.2,0.0,67.7,0.2,98.0,401.0,79.2,62828.1,49116.0,1.1
699,29.46,100.0,2.202,2201.6,61.8,96.5,28.4,0.0,0.1,306.0,0.0,,0.0,16.57,27.75,22.89,96.7,0.0,67.7,0.3,99.0,401.0,79.2,62828.1,49114.8,1.1
700,28.35,100.0,2.202,2201.6,61.3,96.0,28.4,0.0,0.0,306.0,0.0,,0.0,16.57,27.75,22.89,95.9,0.0,67.7,0.3,98.0,401.0,79.2,62828.1,49126.5,1.1
701,28.05,100.0,2.202,2201.6,61.1,96.1,28.4,0.0,0.0,306.0,0.0,,0.0,16.57,27.75,22.89,96.1,0.0,66.3,0.2,98.0,401.0,79.3,62828.1,49172.5,1.1
702,28.85,100.0,2.202,2201.6,61.5,95.6,28.4,0.6,0.0,306.0,0.0,,0.0,16.57,27.75,22.89,95.6,0.0,66.2,0.3,98.0,401.0,79.3,62828.1,49173.3,1.1
703,28.65,100.0,2.202,2201.6,61.0,94.1,28.4,0.0,0.0,774.0,36.46,54.3,47.1,16.58,26.97,22.81,94.1,0.0,67.1,0.3,96.0,401.0,79.2,62828.1,49140.6,1.1
704,57.16,100.0,2.202,2201.6,61.0,84.4,28.4,0.0,0.1,1176.6,106.84,60.2,90.8,16.58,26.97,22.81,84.4,0.0,67.1,0.3,100.0,401.0,79.4,62828.1,49249.1,1.1
705,58.06,100.0,2.202,2201.6,61.6,84.1,28.4,0.0,0.0,1300.5,130.05,60.3,100.0,16.58,26.97,22.81,84.2,0.0,66.5,0.3,94.7,401.0,79.6,62828.1,49385.2,1.1
706,61.29,100.0,2.202,2201.6,62.2,82.0,28.4,0.0,0.0,1300.5,130.05,61.2,100.0,16.58,26.97,22.81,81.9,0.0,66.4,0.3,88.9,401.0,79.6,62828.1,49374.7,1.1
707,61.58,100.0,2.202,2201.6,62.4,74.9,28.4,0.0,0.0,1300.5,130.05,61.1,100.0,16.58,26.97,22.81,74.7,0.0,66.4,0.3,82.8,401.0,79.6,62828.1,49359.2,1.1
708,45.16,100.0,2.202,2201.6,62.9,78.3,28.4,0.0,0.1,1300.5,130.05,56.6,100.0,16.53,25.45,22.56,78.5,0.0,65.2,0.3,87.8,401.0,80.6,62828.1,49988.1,1.1
709,27.25,100.0,2.202,2201.6,62.3,80.8,28.4,0.0,0.1,724.6,72.46,55.3,100.0,16.53,25.45,22.56,80.9,0.0,67.6,0.3,99.0,401.0,79.6,62828.1,49357.3,1.1
710,28.35,100.0,2.202,2201.6,62.2,95.3,28.4,0.0,0.0,312.5,2.0,55.1,6.4,16.53,25.45,22.56,95.3,0.0,66.4,0.3,99.0,401.0,79.6,62828.1,49356.4,1.1
711,28.35,100.0,2.202,2201.6,62.0,94.9,28.4,0.0,0.0,306.0,0.0,,0.0,16.53,25.45,22.56,94.8,0.0,66.4,0.3,98.0,401.0,79.6,62828.1,49362.5,1.1
712,28.35,100.0,2.202,2201.6,61.8,95.5,28.4,0.0,0.0,306.0,0.0,,0.0,16.53,25.45,22.56,95.6,0.0,66.4,0.2,99.0,401.0,79.6,62828.1,49381.7,1.1
713,29.25,100.0,2.202,2201.6,61.6,96.3,28.4,0.0,0.1,306.0,0.0,,0.0,16.63,26.14,22.75,96.4,0.0,66.4,0.3,98.0,401.0,79.6,62828.1,49365.6,1.1
714,28.45,100.0,2.202,2201.6,61.8,97.2,28.4,0.0,0.0,306.0,0.0,,0.0,16.63,26.14,22.75,97.1,0.0,66.4,0.3,99.0,401.0,79.6,62828.1,49358.5,1.1
715,28.65,100.0,2.202,2201.6,61.6,96.2,28.4,0.0,0.1,306.0,0.0,,0.0,16.63,26.14,22.75,96.2,0.0,66.4,0.3,98.0,401.0,79.6,62828.1,49365.2,1.1
716,28.35,100.0,2.202,2201.6,62.2,95.9,28.4,0.0,0.0,306.0,0.0,,0.0,16.63,26.14,22.75,96.0,0.0,66.3,0.2,97.0,401.0,79.6,62828.1,49360.2,1.1
717,28.85,100.0,2.202,2201.6,61.4,96.0,28.4,0.1,0.1,306.0,0.0,,0.0,16.63,26.14,22.75,96.0,0.0,66.4,0.3,100.0,401.0,79.6,62828.1,49375.7,1.1
718,28.55,100.0,2.202,2201.6,61.2,94.8,28.4,0.0,0.0,306.0,0.0,,0.0,16.65,25.64,22.71,94.6,0.0,66.4,0.3,97.0,401.0,79.6,62828.1,49368.2,1.1
719,29.35,100.0,2.202,2201.6,62.1,94.8,28.4,0.0,0.0,306.0,0.0,,0.0,16.65,25.64,22.71,94.8,0.0,66.3,0.2,97.9,401.0,79.6,62828.1,49363.3,1.1
720,28.15,100.0,2.202,2201.6,61.4,93.1,28.4,0.0,0.1,306.0,0.0,,0.0,16.65,25.64,22.71,93.2,0.0,66.4,0.2,95.9,401.0,79.6,62828.1,49357.0,1.1
721,27.54,100.0,2.202,2201.6,61.2,92.7,28.4,0.0,0.0,306.0,0.0,,0.0,16.65,25.64,22.71,92.6,0.0,66.3,0.2,95.8,401.0,79.6,62828.1,49367.5,1.1
722,27.84,100.0,2.202,2201.6,61.8,94.4,28.4,0.0,0.0,306.0,0.0,,0.0,16.65,25.64,22.71,94.4,0.0,66.4,0.3,97.0,401.0,79.6,62828.1,49358.6,1.1
723,28.35,100.0,2.202,2201.6,61.4,94.3,28.4,0.0,0.7,306.0,0.0,,0.0,16.63,24.63,22.55,94.2,0.0,66.3,0.2,96.9,401.0,79.6,62828.1,49363.3,1.1
724,28.55,100.0,2.202,2201.6,61.3,94.7,28.4,0.0,0.0,306.0,0.0,,0.0,16.63,24.63,22.55,94.7,0.0,66.4,0.2,98.0,401.0,79.6,62828.1,49363.6,1.1
725,29.15,100.0,2.202,2201.6,61.2,95.5,28.4,0.0,0.0,306.0,0.0,,0.0,16.63,24.63,22.55,95.6,0.0,66.3,0.3,98.0,401.0,79.6,62828.1,49354.5,1.1
726,29.36,100.0,2.202,2201.6,61.5,94.8,28.4,0.0,0.0,306.0,0.0,,0.0,16.63,24.63,22.55,94.8,0.0,66.4,0.2,98.0,401.0,79.6,62828.1,49361.2,1.1
727,29.36,100.0,2.202,2201.6,61.4,94.3,28.4,0.0,0.0,306.0,0.0,,0.0,16.63,24.63,22.55,94.4,0.0,66.3,0.3,97.9,401.0,79.6,62828.1,49354.4,1.1
728,28.97,100.0,2.202,2201.6,61.5,96.8,28.4,0.0,0.0,306.0,0.0,,0.0,16.67,24.58,22.57,96.7,0.0,66.5,0.3,99.0,401.0,79.7,62828.1,49424.7,1.1
729,29.36,100.0,2.202,2201.6,61.9,96.2,28.4,0.0,0.0,306.0,0.0,,0.0,16.67,24.58,22.57,96.2,0.0,66.3,0.2,98.0,401.0,79.6,62828.1,49371.5,1.1
730,28.25,100.0,2.202,2201.6,61.7,96.6,28.4,0.0,0.0,306.0,0.0,,0.0,16.67,24.58,22.57,96.8,0.0,66.4,0.3,99.0,401.0,79.6,62828.1,49380.8,1.1
731,28.45,100.0,2.202,2201.6,61.1,95.6,28.4,0.0,0.0,306.0,0.0,,0.0,16.67,24.58,22.57,95.6,0.0,66.4,0.3,97.9,401.0,79.6,62828.1,49377.3,1.1
732,30.06,100.0,2.202,2201.6,61.9,97.5,28.4,0.0,0.1,306.0,0.0,,0.0,16.67,24.58,22.57,97.3,0.0,66.4,0.3,99.0,401.0,79.6,62828.1,49403.9,1.1
733,28.85,100.0,2.202,2201.6,61.3,96.2,28.4,0.0,0.1,306.0,0.0,,0.0,16.82,26.3,22.96,96.1,0.0,66.4,0.2,98.0,401.0,79.6,62828.1,49373.2,1.1
734,28.35,100.0,2.202,2201.6,61.2,96.4,28.4,0.0,0.0,306.0,0.0,,0.0,16.82,26.3,22.96,96.5,0.0,66.4,0.3,98.0,401.0,79.6,62828.1,49412.9,1.1
735,28.65,100.0,2.202,2201.6,61.3,95.9,28.4,0.0,0.0,306.0,0.0,,0.0,16.82,26.3,22.96,95.9,0.0,66.4,0.3,99.0,401.0,79.6,62828.1,49363.8,1.1
736,29.25,100.0,2.202,2201.6,61.4,96.4,28.4,0.0,0.0,306.0,0.0,,0.0,16.82,26.3,22.96,96.4,0.0,66.3,0.3,98.0,401.0,79.6,62828.1,49360.7,1.1
737,29.44,100.0,2.202,2201.6,63.0,96.0,28.4,0.0,0.1,306.0,0.0,,0.0,16.82,26.3,22.96,96.0,0.0,66.4,0.3,99.0,401.0,79.6,62828.1,49370.5,1.1
738,28.65,100.0,2.202,2201.6,61.2,96.7,28.4,0.0,0.0,306.0,0.0,,0.0,16.89,26.51,23.06,96.6,0.0,66.4,0.2,99.0,401.0,79.6,62828.1,49363.2,1.1
739,28.55,100.0,2.202,2201.6,61.3,95.3,28.4,0.0,0.0,306.0,0.0,,0.0,16.89,26.51,23.06,95.2,0.0,66.4,0.3,97.0,401.0,79.6,62828.1,49359.1,1.1
740,28.14,100.0,2.202,2201.6,61.4,95.5,28.4,0.0,0.0,306.0,0.0,,0.0,16.89,26.51,23.06,95.7,0.0,66.4,0.3,99.0,401.0,79.6,62828.1,49353.8,1.1
741,28.75,100.0,2.202,2201.6,61.2,95.0,28.4,0.0,0.0,306.0,0.0,,0.0,16.89,26.51,23.06,95.1,0.0,66.4,0.3,97.0,401.0,79.6,62828.1,49357.1,1.1
742,29.45,100.0,2.202,2201.6,62.2,96.2,28.4,0.0,0.1,306.0,0.0,,0.0,16.89,26.51,23.06,96.1,0.0,66.4,0.2,97.9,401.0,79.6,62828.1,49369.0,1.1
743,53.34,100.0,2.202,2201.6,60.4,81.5,28.4,0.0,0.0,1095.4,92.01,60.0,84.0,16.87,25.51,22.91,81.6,0.0,66.4,0.3,93.9,401.0,79.6,62828.1,49386.9,1.1
744,42.45,100.0,2.202,2201.6,61.1,74.6,28.4,0.0,0.1,1293.9,129.39,55.3,100.0,16.87,25.51,22.91,74.6,0.0,66.3,0.3,81.6,401.0,79.4,62828.1,49255.1,1.1
745,58.98,100.0,2.202,2201.6,61.5,80.8,28.4,0.0,0.0,1289.8,128.98,60.8,100.0,16.87,25.51,22.91,81.0,0.0,66.4,0.3,100.0,402.0,79.9,62828.1,49559.8,1.1
746,58.58,100.0,2.202,2201.6,61.4,69.5,28.4,0.0,0.0,1300.5,130.05,60.2,100.0,16.87,25.51,22.91,69.6,0.0,66.4,0.2,79.0,402.0,80.0,62828.1,49618.5,1.1
747,28.95,100.0,2.202,2201.6,61.8,79.8,28.4,0.0,0.1,944.6,94.46,55.2,100.0,16.87,25.51,22.91,80.1,0.0,66.3,0.3,97.0,402.0,79.4,62828.1,49259.9,1.1
748,29.85,100.0,2.202,2201.6,63.1,95.8,28.4,0.0,0.0,325.6,5.34,54.7,16.4,16.91,25.39,22.93,95.8,0.0,66.8,0.2,98.0,402.0,79.4,62828.1,49252.3,1.1
749,28.55,100.0,2.202,2201.6,62.1,95.5,28.4,0.0,0.1,306.0,0.0,,0.0,16.91,25.39,22.93,95.5,0.0,66.4,0.3,97.0,402.0,79.4,62828.1,49262.9,1.1
750,28.35,100.0,2.202,2201.6,62.0,94.9,28.4,0.0,0.0,306.0,0.0,,0.0,16.91,25.39,22.93,94.9,0.0,69.4,0.2,99.0,402.0,79.4,62828.1,49244.9,1.1
751,27.74,100.0,2.202,2201.6,61.8,94.4,28.4,0.0,0.0,306.0,0.0,,0.0,16.91,25.39,22.93,94.3,0.0,64.6,0.3,98.0,402.0,79.4,62828.1,49254.7,1.1
752,28.55,100.0,2.202,2201.6,61.6,95.5,28.4,0.0,0.1,306.0,0.0,,0.0,16.91,25.39,22.93,95.6,0.0,68.1,0.2,97.9,402.0,79.4,62828.1,49247.1,1.1
753,28.65,100.0,2.202,2201.6,61.3,93.7,28.4,0.0,0.8,306.0,0.0,,0.0,16.94,25.12,22.91,93.8,0.0,65.3,0.3,95.9,402.0,79.4,62828.1,49232.2,1.1
754,29.06,100.0,2.202,2201.6,61.7,95.8,28.4,0.0,0.0,306.0,0.0,,0.0,16.94,25.12,22.91,95.6,0.0,66.5,0.2,99.0,402.0,79.4,62828.1,49228.7,1.1
755,29.45,100.0,2.202,2201.6,61.8,95.8,28.4,0.0,0.0,306.0,0.0,,0.0,16.94,25.12,22.91,95.9,0.0,68.0,0.3,99.0,402.0,79.4,62828.1,49236.1,1.1
756,28.55,100.0,2.202,2201.6,61.4,95.6,28.4,0.0,0.0,306.0,0.0,,0.0,16.94,25.12,22.91,95.7,0.0,67.3,0.2,98.0,402.0,79.4,62828.1,49243.8,1.1
757,28.55,100.0,2.202,2201.6,61.4,94.9,28.4,0.0,0.0,306.0,0.0,,0.0,16.94,25.12,22.91,94.9,0.0,67.3,0.3,97.8,402.0,79.4,62828.1,49239.1,1.1
758,28.75,100.0,2.202,2201.6,61.8,96.5,28.4,0.0,0.0,306.0,0.0,,0.0,16.99,25.27,22.98,96.5,0.0,66.3,0.2,99.0,402.0,79.4,62828.1,49241.6,1.1
759,27.74,100.0,2.202,2201.6,61.7,93.9,28.4,0.0,0.0,306.0,0.0,,0.0,16.99,25.27,22.98,93.9,0.0,66.4,0.3,96.0,402.0,79.4,62828.1,49238.7,1.1
760,28.14,100.0,2.202,2201.6,61.5,95.1,28.4,0.0,0.0,306.0,0.0,,0.0,16.99,25.27,22.98,95.1,0.0,66.3,0.2,97.0,402.0,79.4,62828.1,49237.5,1.1
761,28.55,100.0,2.202,2201.6,61.6,93.8,28.4,0.0,0.0,306.0,0.0,,0.0,16.99,25.27,22.98,93.9,0.0,66.3,0.2,97.9,402.0,79.4,62828.1,49234.8,1.1
762,29.45,100.0,2.202,2201.6,61.8,95.9,28.4,0.0,0.0,306.0,0.0,,0.0,16.99,25.27,22.98,95.9,0.0,66.4,0.2,98.0,402.0,79.4,62828.1,49235.8,1.1
763,29.35,100.0,2.202,2201.6,62.2,95.1,28.4,0.0,0.0,306.0,0.0,,0.0,17.05,25.41,23.05,95.1,0.0,66.3,0.3,98.0,402.0,79.4,62828.1,49243.0,1.1
764,28.55,100.0,2.202,2201.6,60.9,95.2,28.4,0.0,0.0,306.0,0.0,,0.0,17.05,25.41,23.05,95.1,0.0,66.4,0.2,98.0,402.0,79.4,62828.1,49242.1,1.1
765,28.55,100.0,2.202,2201.6,61.7,95.1,28.4,0.0,0.1,306.0,0.0,,0.0,17.05,25.41,23.05,95.2,0.0,66.3,0.2,98.0,402.0,79.4,62828.1,49250.8,1.1
766,28.35,100.0,2.202,2201.6,61.4,95.2,28.4,0.0,0.0,306.0,0.0,,0.0,17.05,25.41,23.05,95.0,0.0,66.3,0.2,98.0,402.0,79.4,62828.1,49258.9,1.1
767,28.75,100.0,2.202,2201.6,61.4,94.9,28.4,0.0,0.0,306.0,0.0,,0.0,17.05,25.41,23.05,95.0,0.0,66.4,0.3,97.0,402.0,79.4,62828.1,49262.1,1.1
768,28.35,100.0,2.202,2201.6,61.5,96.1,28.4,0.0,0.0,306.0,0.0,,0.0,17.07,25.05,23.01,96.1,0.0,66.4,0.2,98.0,402.0,79.5,62828.1,49312.5,1.1
769,28.85,100.0,2.202,2201.6,61.5,96.1,28.4,0.0,0.0,306.0,0.0,,0.0,17.07,25.05,23.01,96.0,0.0,66.4,0.3,98.0,402.0,79.4,62828.1,49251.9,1.1
770,29.26,100.0,2.202,2201.6,61.3,97.0,28.4,0.0,0.0,306.0,0.0,,0.0,17.07,25.05,23.01,97.0,0.0,66.3,0.3,98.0,402.0,79.4,62828.1,49245.2,1.1
771,28.76,100.0,2.202,2201.6,61.3,97.6,28.4,0.0,0.0,306.0,0.0,,0.0,17.07,25.05,23.01,97.6,0.0,66.4,0.3,99.0,402.0,79.4,62828.1,49236.4,1.1
772,28.15,100.0,2.202,2201.6,61.3,94.7,28.4,0.0,0.0,306.0,0.0,,0.0,17.07,25.05,23.01,94.7,0.0,66.4,0.3,96.9,402.0,79.4,62828.1,49246.4,1.1
773,28.14,100.0,2.202,2201.6,61.1,96.2,28.4,0.0,0.1,306.0,0.0,,0.0,17.03,23.85,22.8,96.2,0.0,66.4,0.2,98.0,402.0,79.4,62828.1,49253.2,1.1
774,28.35,100.0,2.202,2201.6,60.8,95.2,28.4,0.0,0.0,306.0,0.0,,0.0,17.03,23.85,22.8,95.3,0.0,66.4,0.3,98.0,402.0,79.4,62828.1,49246.9,1.1
775,29.15,100.0,2.202,2201.6,60.9,96.9,28.4,0.0,0.0,306.0,0.0,,0.0,17.03,23.85,22.8,96.8,0.0,66.4,0.3,98.0,402.0,79.4,62828.1,49243.5,1.1
776,28.55,100.0,2.202,2201.6,60.8,95.8,28.4,0.0,0.0,306.0,0.0,,0.0,17.03,23.85,22.8,95.6,0.0,66.4,0.3,100.0,402.0,79.4,62828.1,49261.4,1.1
777,28.55,100.0,2.202,2201.6,61.2,96.7,28.4,0.0,0.1,306.0,0.0,,0.0,17.03,23.85,22.8,96.9,0.0,66.4,0.2,99.0,402.0,79.4,62828.1,49261.7,1.1
778,28.04,100.0,2.202,2201.6,60.9,96.6,28.4,0.0,0.0,306.0,0.0,,0.0,17.07,23.86,22.82,96.5,0.0,66.4,0.3,98.0,402.0,79.4,62828.1,49257.6,1.1
779,28.45,100.0,2.202,2201.6,60.7,92.0,28.4,0.1,0.1,554.6,13.86,54.1,25.0,17.07,23.86,22.82,92.0,0.0,66.4,0.3,97.9,402.0,79.5,62828.1,49303.4,1.1
780,57.37,100.0,2.202,2201.6,60.8,82.8,28.4,0.0,0.0,1233.4,118.9,59.9,96.4,17.07,23.86,22.82,82.9,0.0,66.3,0.3,91.8,402.0,79.4,62828.1,49281.7,1.1
781,60.8,100.0,2.202,2201.6,61.4,80.2,28.4,0.0,0.0,1300.5,130.05,60.3,100.0,17.07,23.86,22.82,80.2,0.0,66.4,0.3,93.6,402.0,79.5,62828.1,49293.8,1.1
782,39.43,100.0,2.202,2201.6,61.7,77.2,28.4,0.0,0.0,1267.2,126.72,55.6,100.0,17.07,23.86,22.82,77.2,0.0,66.5,0.3,90.0,402.0,79.5,62828.1,49315.4,1.1
783,58.78,100.0,2.202,2201.6,61.8,81.3,28.4,0.0,0.9,1268.2,126.82,60.9,100.0,17.01,22.51,22.55,81.4,0.0,66.3,0.2,100.0,402.0,79.5,62828.1,49312.8,1.1
784,60.18,100.0,2.202,2201.6,61.3,75.2,28.4,0.0,0.1,1300.5,130.05,61.4,100.0,17.01,22.51,22.55,75.1,0.0,66.4,0.3,83.2,402.0,79.5,62828.1,49326.5,1.1
785,46.88,100.0,2.202,2201.6,62.5,82.0,28.4,0.0,0.0,1298.4,129.84,56.5,100.0,17.01,22.51,22.55,82.1,0.0,66.4,0.3,91.7,402.0,79.6,62828.1,49407.5,1.1
786,30.16,100.0,2.202,2201.6,62.2,96.1,28.4,0.0,0.0,601.8,44.23,55.4,73.5,17.01,22.51,22.55,96.1,0.0,66.4,0.3,99.0,402.0,79.6,62828.1,49411.6,1.1
787,28.25,100.0,2.202,2201.6,62.2,97.3,28.4,0.0,0.0,306.0,0.0,,0.0,17.01,22.51,22.55,97.2,0.0,66.4,0.2,99.0,402.0,79.7,62828.1,49417.0,1.1
788,28.45,100.0,2.202,2201.6,61.7,96.1,28.4,0.0,0.2,306.0,0.0,,0.0,16.99,21.75,22.4,96.0,0.0,66.4,0.3,99.0,402.0,79.6,62828.1,49411.2,1.1
789,29.05,100.0,2.202,2201.6,62.2,97.1,28.4,0.0,0.0,306.0,0.0,,0.0,16.99,21.75,22.4,97.3,0.0,66.3,0.3,100.0,402.0,79.6,62828.1,49411.3,1.1
790,28.15,100.0,2.202,2201.6,62.0,96.6,28.4,0.0,0.0,306.0,0.0,,0.0,16.99,21.75,22.4,96.5,0.0,66.4,0.3,99.0,402.0,79.6,62828.1,49406.6,1.1
791,28.35,100.0,2.202,2201.6,61.8,97.1,28.4,0.0,0.0,306.0,0.0,,0.0,16.99,21.75,22.4,97.3,0.0,66.4,0.2,100.0,402.0,79.6,62828.1,49414.4,1.1
792,28.45,100.0,2.202,2201.6,62.0,95.9,28.4,0.0,0.0,306.0,0.0,,0.0,16.99,21.75,22.4,95.8,0.0,66.4,0.3,100.0,402.0,79.7,62828.1,49422.8,1.1
793,28.25,100.0,2.202,2201.6,61.6,97.5,28.4,0.0,0.1,306.0,0.0,,0.0,17.06,22.41,22.52,97.6,0.0,66.7,0.2,100.0,402.0,79.7,62828.1,49454.9,1.1
794,28.75,100.0,2.202,2201.6,61.8,96.5,28.4,0.4,0.0,306.0,0.0,,0.0,17.06,22.41,22.52,96.2,0.0,68.2,0.3,99.0,402.0,79.7,62828.1,49462.3,1.1
795,29.05,100.0,2.202,2201.6,61.8,96.4,28.4,0.0,0.1,306.0,0.0,,0.0,17.06,22.41,22.52,96.6,0.0,68.0,0.3,99.0,402.0,79.6,62828.1,49394.6,1.1
796,28.86,100.0,2.202,2201.6,61.5,95.8,28.4,0.0,0.0,306.0,0.0,,0.0,17.06,22.41,22.52,95.8,0.0,66.8,0.3,97.0,402.0,79.6,62828.1,49396.5,1.1
797,29.85,100.0,2.202,2201.6,62.6,97.7,28.4,0.0,0.0,306.0,0.0,,0.0,17.06,22.41,22.52,97.8,0.0,67.8,0.3,99.0,402.0,79.6,62828.1,49407.3,1.1
798,28.15,100.0,2.202,2201.6,61.2,95.5,28.4,0.0,0.1,306.0,0.0,,0.0,17.13,22.94,22.63,95.6,0.0,65.8,0.2,100.0,402.0,79.6,62828.1,49404.7,1.1
799,28.35,100.0,2.202,2201.6,61.2,95.8,28.4,0.0,0.1,306.0,0.0,,0.0,17.13,22.94,22.63,95.7,0.0,68.4,0.3,98.0,402.0,79.6,62828.1,49412.5,1.1
800,27.75,100.0,2.202,2201.6,61.3,93.7,28.4,0.0,0.0,306.0,0.0,,0.0,17.13,22.94,22.63,93.8,0.0,66.3,0.2,98.0,402.0,79.6,62828.1,49397.0,1.1
801,27.74,100.0,2.202,2201.6,61.3,93.8,28.4,0.0,0.0,306.0,0.0,,0.0,17.13,22.94,22.63,93.9,0.0,66.4,0.2,96.9,402.0,79.6,62828.1,49408.3,1.1
802,28.95,100.0,2.202,2201.6,61.3,95.4,28.4,0.0,0.0,306.0,0.0,,0.0,17.13,22.94,22.63,95.2,0.0,66.3,0.3,97.0,402.0,79.6,62828.1,49395.9,1.1
803,29.35,100.0,2.202,2201.6,62.1,95.8,28.4,0.0,0.0,306.0,0.0,,0.0,17.14,22.62,22.57,95.9,0.0,66.4,0.2,98.0,402.0,79.6,62828.1,49398.3,1.1
804,28.55,100.0,2.202,2201.6,61.6,95.3,28.4,0.0,0.0,306.0,0.0,,0.0,17.14,22.62,22.57,95.3,0.0,66.3,0.2,97.0,402.0,79.6,62828.1,49386.3,1.1
805,27.95,100.0,2.202,2201.6,61.3,95.2,28.4,0.0,0.1,306.0,0.0,,0.0,17.14,22.62,22.57,95.0,0.0,66.3,0.3,100.0,402.0,79.6,62828.1,49386.0,1.1
806,28.25,100.0,2.202,2201.6,61.7,93.1,28.4,0.0,0.0,306.0,0.0,,0.0,17.14,22.62,22.57,93.3,0.0,66.4,0.2,96.0,402.0,79.6,62828.1,49393.7,1.1
807,28.04,100.0,2.202,2201.6,61.3,94.7,28.4,0.0,0.0,306.0,0.0,,0.0,17.14,22.62,22.57,94.7,0.0,66.3,0.2,98.0,402.0,79.6,62828.1,49391.3,1.1
808,27.95,100.0,2.202,2201.6,61.5,94.3,28.4,0.0,0.0,306.0,0.0,,0.0,17.15,22.33,22.51,94.2,0.0,66.4,0.3,96.0,402.0,79.6,62828.1,49387.8,1.1
809,29.46,100.0,2.202,2201.6,62.1,96.6,28.4,0.0,0.0,306.0,0.0,,0.0,17.15,22.33,22.51,96.8,0.0,66.4,0.3,99.0,402.0,79.6,62828.1,49397.2,1.1
810,28.55,100.0,2.202,2201.6,61.6,96.6,28.4,0.0,0.0,306.0,0.0,,0.0,17.15,22.33,22.51,96.6,0.0,66.4,0.2,98.0,402.0,79.6,62828.1,49401.2,1.1
811,28.35,100.0,2.202,2201.6,61.4,96.6,28.4,0.0,0.0,306.0,0.0,,0.0,17.15,22.33,22.51,96.6,0.0,66.5,0.4,98.0,402.0,79.6,62828.1,49400.7,1.1
812,28.14,100.0,2.202,2201.6,61.2,95.4,28.4,0.0,0.0,306.0,0.0,,0.0,17.15,22.33,22.51,95.5,0.0,66.4,0.2,100.0,402.0,79.6,62828.1,49397.8,1.1
813,29.36,100.0,2.202,2201.6,61.6,96.6,28.4,0.0,0.9,306.0,0.0,,0.0,17.21,22.87,22.62,96.4,0.0,66.4,0.4,99.0,402.0,79.6,62828.1,49413.6,1.1
814,28.85,100.0,2.202,2201.6,61.8,96.8,28.4,0.0,0.0,306.0,0.0,,0.0,17.21,22.87,22.62,96.8,0.0,66.4,0.3,98.0,402.0,79.6,62828.1,49406.5,1.1
815,28.14,100.0,2.202,2201.6,61.2,97.2,28.4,0.0,0.0,306.0,0.0,,0.0,17.21,22.87,22.62,97.5,0.0,66.5,0.3,100.0,402.0,79.7,62828.1,49419.2,1.1
816,28.35,100.0,2.202,2201.6,61.1,94.3,28.4,0.0,0.0,306.0,0.0,,0.0,17.21,22.87,22.62,94.0,0.0,66.4,0.3,96.0,402.0,79.7,62828.1,49420.3,1.1
817,28.26,100.0,2.202,2201.6,61.0,97.3,28.4,0.0,0.0,306.0,0.0,,0.0,17.21,22.87,22.62,97.5,0.0,66.5,0.4,100.0,402.0,79.6,62828.1,49404.3,1.1
818,28.35,100.0,2.202,2201.6,61.4,95.8,28.4,0.0,0.2,306.0,0.0,,0.0,17.19,22.16,22.47,95.6,0.0,66.4,0.2,99.0,402.0,79.6,62828.1,49406.1,1.1
819,28.35,100.0,2.202,2201.6,61.4,96.7,28.4,0.0,0.0,306.0,0.0,,0.0,17.19,22.16,22.47,96.7,0.0,66.5,0.4,100.0,402.0,79.6,62828.1,49406.0,1.1
820,28.46,100.0,2.202,2201.6,60.7,96.0,28.4,0.0,0.1,306.0,0.0,54.3,0.0,17.19,22.16,22.47,96.1,0.0,66.3,0.3,98.0,402.0,79.6,62828.1,49408.4,1.1
821,56.86,100.0,2.202,2201.6,61.6,88.3,28.4,0.0,0.0,1115.9,95.19,59.9,85.3,17.19,22.16,22.47,88.4,0.0,66.6,0.4,94.9,402.0,79.7,62828.1,49450.3,1.1
822,41.04,100.0,2.202,2201.6,61.8,95.9,28.4,0.0,0.0,1256.7,125.67,55.6,100.0,17.19,22.16,22.47,95.8,0.0,66.3,0.2,98.0,402.0,79.7,62828.1,49456.9,1.1
823,29.66,100.0,2.202,2201.6,61.4,96.3,28.4,0.0,0.1,512.6,36.6,,71.4,17.32,23.58,22.77,96.4,0.0,66.5,0.4,99.0,402.0,79.7,62828.1,49457.2,1.1
824,28.55,100.0,2.202,2201.6,61.3,94.9,28.4,0.0,0.0,306.0,0.0,,0.0,17.32,23.58,22.77,94.9,0.0,66.3,0.2,98.0,402.0,79.7,62828.1,49461.9,1.1
825,29.15,100.0,2.202,2201.6,61.8,96.6,28.4,0.0,0.0,306.0,0.0,,0.0,17.32,23.58,22.77,96.6,0.0,66.5,0.4,99.0,402.0,79.7,62828.1,49457.3,1.1
826,28.85,100.0,2.202,2201.6,61.7,96.6,28.4,0.0,0.0,306.0,0.0,,0.0,17.32,23.58,22.77,96.7,0.0,66.4,0.2,99.0,402.0,79.7,62828.1,49459.6,1.1
827,27.74,100.0,2.202,2201.6,61.4,96.7,28.4,0.0,0.0,306.0,0.0,,0.0,17.32,23.58,22.77,96.7,0.0,66.4,0.4,99.0,402.0,79.7,62828.1,49458.8,1.1
828,28.55,100.0,2.202,2201.6,61.2,96.0,28.4,0.0,0.1,306.0,0.0,,0.0,17.35,23.54,22.77,96.1,0.0,66.4,0.3,99.0,402.0,79.7,62828.1,49457.2,1.1
829,29.04,100.0,2.202,2201.6,62.1,96.7,28.4,0.0,0.1,306.0,0.0,,0.0,17.35,23.54,22.77,96.5,0.0,66.5,0.3,99.0,402.0,79.7,62828.1,49461.5,1.1
830,28.15,100.0,2.202,2201.6,61.3,95.8,28.4,0.0,0.0,306.0,0.0,,0.0,17.35,23.54,22.77,95.8,0.0,66.4,0.3,97.0,402.0,79.7,62828.1,49453.3,1.1
831,27.34,100.0,2.202,2201.6,60.8,96.1,28.4,0.0,0.0,306.0,0.0,,0.0,17.35,23.54,22.77,96.0,0.0,66.4,0.3,99.0,402.0,79.7,62828.1,49461.9,1.1
832,28.55,100.0,2.202,2201.6,61.2,95.2,28.4,0.0,0.0,306.0,0.0,,0.0,17.35,23.54,22.77,95.5,0.0,66.4,0.3,97.1,402.0,79.7,62828.1,49460.2,1.1
833,29.45,100.0,2.202,2201.6,61.5,96.6,28.4,0.0,0.0,306.0,0.0,,0.0,17.3,22.29,22.52,96.8,0.0,66.4,0.3,99.0,402.0,79.7,62828.1,49452.4,1.1
834,28.25,100.0,2.202,2201.6,61.2,95.7,28.4,0.0,0.1,306.0,0.0,,0.0,17.3,22.29,22.52,95.3,0.0,66.4,0.3,98.0,402.0,79.7,62828.1,49457.0,1.1
835,27.74,100.0,2.202,2201.6,61.2,95.4,28.4,0.0,0.0,306.0,0.0,,0.0,17.3,22.29,22.52,95.4,0.0,66.4,0.3,99.0,402.0,79.7,62828.1,49454.5,1.1
836,28.35,100.0,2.202,2201.6,61.0,95.8,28.4,0.0,0.1,306.0,0.0,,0.0,17.3,22.29,22.52,95.9,0.0,66.4,0.2,99.0,402.0,79.7,62828.1,49446.8,1.1
837,28.95,100.0,2.202,2201.6,61.6,95.5,28.4,0.0,0.0,306.0,0.0,,0.0,17.3,22.29,22.52,95.5,0.0,66.3,0.3,98.0,402.0,79.7,62828.1,49450.2,1.1
838,28.55,100.0,2.202,2201.6,61.6,96.0,28.4,0.0,0.0,306.0,0.0,,0.0,17.34,22.59,22.58,96.0,0.0,66.4,0.3,98.0,402.0,79.7,62828.1,49456.7,1.1
839,28.25,100.0,2.202,2201.6,61.3,96.5,28.4,0.0,0.1,306.0,0.0,,0.0,17.34,22.59,22.58,96.5,0.0,66.3,0.2,98.0,402.0,79.7,62828.1,49458.6,1.1
840,28.14,100.0,2.202,2201.6,61.5,95.5,28.4,0.0,0.0,306.0,0.0,,0.0,17.34,22.59,22.58,95.2,0.0,66.4,0.2,97.1,402.0,79.7,62828.1,49451.2,1.1
841,28.85,100.0,2.202,2201.6,61.1,95.4,28.4,0.0,0.0,306.0,0.0,,0.0,17.34,22.59,22.58,95.4,0.0,66.3,0.3,98.0,402.0,79.7,62828.1,49462.5,1.1
842,29.05,100.0,2.172,2171.7,61.3,96.5,28.4,0.0,0.0,306.0,0.0,,0.0,17.34,22.59,22.58,96.8,0.0,66.3,0.2,98.0,402.0,79.7,62828.1,49443.7,1.1
843,28.65,100.0,2.202,2201.6,61.3,97.0,28.4,0.0,0.8,306.0,0.0,,0.0,17.4,23.02,22.67,96.5,0.0,66.4,0.2,98.0,402.0,79.7,62828.1,49452.3,1.1
844,28.35,100.0,2.202,2201.6,61.2,95.6,28.4,0.0,0.1,306.0,0.0,,0.0,17.4,23.02,22.67,95.6,0.0,66.3,0.3,100.0,402.0,79.7,62828.1,49440.8,1.1
845,28.04,100.0,2.202,2201.6,61.2,95.6,28.4,0.0,0.0,306.0,0.0,,0.0,17.4,23.02,22.67,95.6,0.0,66.4,0.2,99.0,402.0,79.7,62828.1,49457.6,1.1
846,28.75,100.0,2.202,2201.6,61.0,95.1,28.4,0.0,0.0,306.0,0.0,,0.0,17.4,23.02,22.67,95.1,0.0,66.3,0.3,97.0,402.0,79.7,62828.1,49462.8,1.1
847,29.46,100.0,2.202,2201.6,61.5,96.4,28.4,0.0,0.0,306.0,0.0,,0.0,17.4,23.02,22.67,96.4,0.0,66.4,0.2,98.0,402.0,79.7,62828.1,49457.0,1.1
848,28.85,100.0,2.202,2201.6,61.3,97.3,28.4,0.0,0.1,306.0,0.0,,0.0,17.53,24.54,22.99,97.4,0.0,66.3,0.3,100.0,402.0,79.7,62828.1,49462.2,1.1
849,28.14,100.0,2.202,2201.6,61.3,96.8,28.4,0.5,0.0,306.0,0.0,,0.0,17.53,24.54,22.99,96.9,0.0,66.5,0.4,99.0,402.0,79.7,62828.1,49456.1,1.1
850,28.85,100.0,2.202,2201.6,61.1,95.7,28.4,0.0,0.0,306.0,0.0,,0.0,17.53,24.54,22.99,95.6,0.0,66.4,0.2,98.0,402.0,79.7,62828.1,49460.1,1.1
851,28.55,100.0,2.202,2201.6,61.0,98.0,28.4,0.0,0.0,306.0,0.0,,0.0,17.53,24.54,22.99,97.9,0.0,66.5,0.4,100.0,402.0,79.7,62828.1,49461.1,1.1
852,28.55,100.0,2.202,2201.6,61.5,96.8,28.4,0.0,0.0,306.0,0.0,,0.0,17.53,24.54,22.99,96.7,0.0,66.3,0.2,99.0,402.0,79.7,62828.1,49467.4,1.1
853,28.05,100.0,2.202,2201.6,61.2,97.0,28.4,0.0,0.1,306.0,0.0,,0.0,17.57,24.5,23.01,97.0,0.0,66.4,0.3,100.0,402.0,79.8,62828.1,49488.2,1.1
854,28.85,100.0,2.202,2201.6,61.6,97.4,28.4,0.0,0.1,306.0,0.0,,0.0,17.57,24.5,23.01,97.4,0.0,66.4,0.3,100.0,402.0,79.8,62828.1,49490.8,1.1
855,28.25,100.0,2.202,2201.6,61.7,97.2,28.4,0.0,0.0,306.0,0.0,,0.0,17.57,24.5,23.01,97.3,0.0,66.5,0.3,100.0,402.0,79.8,62828.1,49496.5,1.1
856,28.15,100.0,2.202,2201.6,61.1,96.4,28.4,0.0,0.0,306.0,0.0,,0.0,17.57,24.5,23.01,96.3,0.0,66.8,0.3,99.0,402.0,79.7,62828.1,49465.1,1.1
857,32.55,100.0,2.202,2201.6,60.7,90.5,28.4,0.0,0.0,691.6,35.13,58.2,50.8,17.57,24.5,23.01,90.5,0.0,66.8,0.3,94.9,402.0,79.8,62828.1,49480.8,1.1
858,57.78,100.0,2.202,2201.6,61.3,79.8,28.4,0.0,0.1,1300.5,130.05,60.1,100.0,17.61,24.54,23.04,80.0,0.0,66.8,0.3,93.4,402.0,79.9,62828.1,49557.4,1.1
859,59.36,100.0,2.202,2201.6,61.5,82.6,28.4,0.0,0.1,1300.5,130.05,60.7,100.0,17.61,24.54,23.04,82.6,0.0,66.7,0.4,94.1,402.0,80.0,62828.1,49610.8,1.1
860,60.08,100.0,2.202,2201.6,61.8,77.7,28.4,0.0,0.1,1300.5,130.05,61.1,100.0,17.61,24.54,23.04,77.9,0.0,65.0,0.3,92.8,402.0,80.9,62828.1,50188.8,1.1
861,41.24,100.0,2.202,2201.6,62.5,77.5,28.4,0.0,0.0,1283.5,128.35,55.8,100.0,17.61,24.54,23.04,77.8,0.0,66.4,0.3,89.6,402.0,81.7,62828.1,50731.6,1.1
862,26.45,100.0,2.202,2201.6,61.3,82.9,28.4,0.0,0.0,631.6,63.16,55.1,100.0,17.61,24.54,23.04,82.7,0.0,66.5,0.4,100.0,402.0,81.8,62828.1,50740.5,1.1
863,28.04,100.0,2.202,2201.6,61.6,89.1,28.4,0.0,0.1,323.1,5.43,54.6,16.8,17.58,23.62,22.88,89.2,0.0,66.3,0.2,94.9,402.0,79.8,62828.1,49517.1,1.1
864,28.85,100.0,2.202,2201.6,61.4,95.8,28.4,0.0,0.1,306.0,0.0,54.8,0.0,17.58,23.62,22.88,95.8,0.0,66.7,0.3,98.0,402.0,79.8,62828.1,49513.1,1.1
865,27.95,100.0,2.202,2201.6,61.4,97.3,28.4,0.0,0.0,306.0,0.0,,0.0,17.58,23.62,22.88,97.3,0.0,66.9,0.3,100.0,402.0,79.8,62828.1,49518.6,1.1
866,27.95,100.0,2.202,2201.6,61.5,95.9,28.4,0.0,0.0,306.0,0.0,,0.0,17.58,23.62,22.88,95.7,0.0,66.0,0.3,99.0,402.0,79.8,62828.1,49529.5,1.1
867,28.25,100.0,2.202,2201.6,61.4,96.4,28.4,0.0,0.0,306.0,0.0,,0.0,17.58,23.62,22.88,96.4,0.0,68.0,0.3,99.0,402.0,79.8,62828.1,49531.2,1.1
868,29.46,100.0,2.202,2201.6,61.3,97.1,28.4,0.0,0.0,306.0,0.0,,0.0,17.72,25.17,23.21,97.2,0.0,66.8,0.3,98.0,402.0,79.8,62828.1,49531.6,1.1
869,28.45,100.0,2.202,2201.6,61.3,96.9,28.4,0.0,0.2,306.0,0.0,,0.0,17.72,25.17,23.21,96.9,0.0,67.8,0.3,100.0,402.0,79.9,62828.1,49542.4,1.1
870,28.35,100.0,2.202,2201.6,61.6,96.2,28.4,0.0,0.0,306.0,0.0,,0.0,17.72,25.17,23.21,96.5,0.0,66.5,0.3,98.0,402.0,79.8,62828.1,49533.4,1.1
871,28.55,100.0,2.202,2201.6,61.5,95.7,28.4,0.0,0.0,306.0,0.0,,0.0,17.72,25.17,23.21,95.6,0.0,67.6,0.3,98.0,402.0,79.8,62828.1,49534.9,1.1
872,29.55,100.0,2.202,2201.6,61.8,97.2,28.4,0.0,0.0,306.0,0.0,,0.0,17.72,25.17,23.21,97.1,0.0,66.4,0.3,99.0,402.0,79.8,62828.1,49530.0,1.1
873,28.75,100.0,2.202,2201.6,61.5,97.2,28.4,0.0,0.9,306.0,0.0,,0.0,17.85,26.52,23.52,97.2,0.0,67.5,0.3,99.0,402.0,79.8,62828.1,49536.1,1.1
874,27.95,100.0,2.202,2201.6,61.3,96.1,28.4,0.0,0.1,306.0,0.0,,0.0,17.85,26.52,23.52,96.2,0.0,66.4,0.2,98.0,402.0,79.8,62828.1,49533.3,1.1
875,28.55,100.0,2.202,2201.6,61.2,96.6,28.4,0.0,0.0,306.0,0.0,,0.0,17.85,26.52,23.52,96.4,0.0,66.4,0.3,98.0,402.0,79.8,62828.1,49538.3,1.1
876,28.85,100.0,2.202,2201.6,61.2,97.3,28.4,0.0,0.0,306.0,0.0,,0.0,17.85,26.52,23.52,97.4,0.0,66.4,0.3,99.0,402.0,79.8,62828.1,49523.0,1.1
877,28.35,100.0,2.202,2201.6,61.3,95.9,28.4,0.0,0.0,306.0,0.0,,0.0,17.85,26.52,23.52,95.9,0.0,66.4,0.3,98.0,402.0,79.8,62828.1,49527.4,1.1
878,28.65,100.0,2.202,2201.6,61.3,96.0,28.4,0.0,0.0,306.0,0.0,,0.0,17.95,27.28,23.73,96.1,0.0,66.3,0.3,99.0,402.0,79.8,62828.1,49525.1,1.1
879,29.05,100.0,2.202,2201.6,61.3,95.6,28.4,0.0,0.1,306.0,0.0,,0.0,17.95,27.28,23.73,95.3,0.0,66.5,0.3,99.0,402.0,79.8,62828.1,49529.4,1.1
880,28.35,100.0,2.202,2201.6,61.3,94.7,28.4,0.0,0.1,306.0,0.0,,0.0,17.95,27.28,23.73,94.7,0.0,66.4,0.3,96.9,402.0,79.8,62828.1,49532.1,1.1
881,29.25,100.0,2.202,2201.6,61.3,97.0,28.4,0.0,0.0,306.0,0.0,,0.0,17.95,27.28,23.73,97.0,0.0,66.4,0.3,99.0,402.0,79.8,62828.1,49537.3,1.1
882,28.35,100.0,2.202,2201.6,61.3,96.3,28.4,0.0,0.0,306.0,0.0,,0.0,17.95,27.28,23.73,96.3,0.0,66.4,0.3,99.0,402.0,79.8,62828.1,49537.3,1.1
883,28.55,100.0,2.202,2201.6,61.7,96.3,28.4,0.0,0.0,306.0,0.0,,0.0,17.92,26.05,23.54,96.7,0.0,66.4,0.2,98.0,402.0,79.8,62828.1,49536.0,1.1
884,28.14,100.0,2.202,2201.6,61.5,96.3,28.4,0.0,0.0,306.0,0.0,,0.0,17.92,26.05,23.54,96.2,0.0,66.3,0.3,98.0,402.0,79.8,62828.1,49529.2,1.1
885,28.75,100.0,2.202,2201.6,61.0,95.4,28.4,0.0,0.1,306.0,0.0,,0.0,17.92,26.05,23.54,95.4,0.0,66.4,0.3,99.0,402.0,79.8,62828.1,49514.9,1.1
886,29.44,100.0,2.202,2201.6,61.6,96.6,28.4,0.0,0.0,306.0,0.0,,0.0,17.92,26.05,23.54,96.5,0.0,66.4,0.3,99.0,401.0,79.8,62828.1,49521.7,1.1
887,28.15,100.0,2.202,2201.6,61.8,95.9,28.4,0.0,0.0,306.0,0.0,,0.0,17.92,26.05,23.54,96.1,0.0,66.4,0.3,98.0,401.0,79.8,62828.1,49527.9,1.1
888,28.35,100.0,2.202,2201.6,61.3,95.4,28.4,0.0,0.1,306.0,0.0,,0.0,17.97,26.21,23.61,95.3,0.0,66.4,0.3,98.0,401.0,79.8,62828.1,49531.5,1.1
889,28.35,100.0,2.202,2201.6,61.4,95.0,28.4,0.0,0.0,306.0,0.0,,0.0,17.97,26.21,23.61,94.9,0.0,66.5,0.3,99.0,401.0,79.8,62828.1,49529.6,1.1
890,28.95,100.0,2.202,2201.6,61.0,95.8,28.4,0.0,0.1,306.0,0.0,,0.0,17.97,26.21,23.61,95.7,0.0,66.3,0.3,99.0,401.0,79.8,62828.1,49536.0,1.1
891,28.55,100.0,2.202,2201.6,61.2,95.8,28.4,0.0,0.0,306.0,0.0,,0.0,17.97,26.21,23.61,95.9,0.0,66.4,0.2,100.0,401.0,79.8,62828.1,49531.6,1.1
892,28.35,100.0,2.202,2201.6,61.6,95.7,28.4,0.0,0.0,306.0,0.0,,0.0,17.97,26.21,23.61,95.7,0.0,66.3,0.2,98.0,401.0,79.8,62828.1,49537.2,1.1
893,28.75,100.0,2.202,2201.6,61.6,95.1,28.4,0.0,0.0,306.0,0.0,,0.0,17.96,25.39,23.48,95.4,0.0,66.3,0.3,98.0,401.0,79.8,62828.1,49531.1,1.1
894,28.14,100.0,2.202,2201.6,60.8,95.0,28.4,0.0,0.1,306.0,0.0,,0.0,17.96,25.39,23.48,94.8,0.0,66.4,0.2,96.9,401.0,79.8,62828.1,49528.6,1.1
895,28.14,100.0,2.202,2201.6,61.4,95.2,28.4,0.0,0.0,306.0,0.0,,0.0,17.96,25.39,23.48,95.2,0.0,66.3,0.2,97.0,401.0,79.8,62828.1,49529.2,1.1
896,28.35,100.0,2.202,2201.6,61.2,94.2,28.4,0.0,0.0,306.0,0.0,,0.0,17.96,25.39,23.48,94.2,0.0,66.4,0.3,98.0,401.0,79.8,62828.1,49521.5,1.1
897,27.95,100.0,2.202,2201.6,59.8,94.1,28.4,0.0,0.0,306.0,0.0,54.2,0.0,17.96,25.39,23.48,94.2,0.0,66.3,0.2,99.0,401.0,79.8,62828.1,49529.8,1.1
898,54.95,100.0,2.202,2201.6,60.5,75.8,28.4,0.0,0.0,1129.6,97.6,59.9,86.4,17.92,24.24,23.28,76.2,0.0,66.4,0.2,92.6,401.0,79.9,62828.1,49544.1,1.1
899,54.65,100.0,2.202,2201.6,61.2,71.8,28.4,0.0,0.0,1300.5,130.05,60.0,100.0,17.92,24.24,23.28,72.0,0.0,66.3,0.2,91.3,401.0,79.8,62828.1,49498.9,1.1
