elapsed_sec,board_power_w,cores_active_percent,cpu_freq_ghz,cpu_freq_mhz,cpu_temp,cpu_total,disk_percent,disk_read_rate_mbps,disk_write_rate_mbps,gpu_clock_mhz,gpu_effective_throughput,gpu_temp,gpu_util,load_15m,load_1m,load_5m,mean_core_util,net_errors,net_recv_rate_mbps,net_sent_rate_mbps,peak_core_util,process_count,ram_percent,ram_total_mb,ram_used_mb,swap_percent
0,63.24,0.0,2.582,2581.5,41.1,0.0,14.3,0.0,0.0,1530.0,148.41,39.4,97.0,0.47,1.0,0.81,0.0,0.0,0.0,0.0,0.0,454.0,39.6,125771.7,48184.1,0.0
1,75.79,100.0,2.164,2164.5,41.7,53.4,14.3,7.6,0.0,1530.0,148.41,40.7,97.0,0.47,1.0,0.81,54.6,0.0,66.5,8.4,91.8,454.0,39.6,125771.7,48192.6,0.0
2,78.79,100.0,2.328,2328.0,42.0,55.5,14.3,0.0,0.0,1530.0,148.41,41.3,97.0,0.47,1.0,0.81,56.7,0.0,66.5,8.3,94.3,454.0,39.6,125771.7,48201.8,0.0
3,78.02,100.0,2.601,2601.0,42.6,53.8,14.3,0.0,0.0,1530.0,145.35,41.6,95.0,0.55,2.12,1.05,55.1,0.0,66.3,8.3,94.1,454.0,39.6,125771.7,48195.4,0.0
4,76.76,100.0,2.438,2437.5,42.9,51.0,14.3,0.0,0.0,1530.0,149.94,42.0,98.0,0.55,2.12,1.05,52.7,0.0,67.7,0.6,95.4,454.0,39.6,125771.7,48199.8,0.0
5,76.95,100.0,2.33,2329.5,41.8,53.2,14.3,0.0,0.0,1530.0,149.94,42.1,98.0,0.55,2.12,1.05,54.1,0.0,66.2,8.4,94.0,454.0,39.6,125771.7,48197.1,0.0
6,77.84,100.0,2.319,2319.0,43.4,51.3,14.3,0.0,0.1,1530.0,149.94,42.6,98.0,0.55,2.12,1.05,52.7,0.0,67.4,8.0,91.8,454.0,39.6,125771.7,48195.5,0.0
7,77.61,100.0,2.498,2497.5,43.8,49.2,14.3,0.0,0.0,1530.0,149.94,42.9,98.0,0.55,2.12,1.05,50.8,0.0,65.8,8.5,93.0,454.0,39.6,125771.7,48204.9,0.0
8,81.53,100.0,2.364,2364.0,43.2,51.7,14.3,0.0,0.0,1530.0,148.41,43.2,97.0,0.56,2.19,1.08,53.2,0.0,67.8,0.6,92.9,454.0,39.6,125771.7,48198.2,0.0
9,79.01,100.0,2.518,2518.5,44.2,52.8,14.3,0.0,0.0,1530.0,145.35,43.3,95.0,0.56,2.19,1.08,53.7,0.0,65.4,8.2,92.7,454.0,39.6,125771.7,48193.9,0.0
10,79.63,100.0,2.166,2166.0,44.0,52.3,14.3,0.0,0.0,1530.0,149.94,43.7,98.0,0.56,2.19,1.08,54.3,0.0,67.9,8.3,92.7,454.0,39.6,125771.7,48196.8,0.0
11,78.49,100.0,2.11,2110.5,44.7,52.8,14.3,0.0,0.0,1530.0,149.94,43.7,98.0,0.56,2.19,1.08,54.1,0.0,64.8,8.4,92.7,454.0,39.6,125771.7,48196.0,0.0
12,79.67,100.0,2.11,2110.5,44.6,50.8,14.3,0.0,0.0,1530.0,148.41,44.0,97.0,0.56,2.19,1.08,52.0,0.0,67.9,0.5,92.9,454.0,39.6,125771.7,48195.1,0.0
13,80.88,100.0,1.92,1920.0,43.9,51.3,14.3,0.0,0.0,1530.0,149.94,44.0,98.0,0.56,2.1,1.08,52.3,0.0,65.0,8.4,92.9,454.0,39.6,125771.7,48193.8,0.0
14,85.46,100.0,2.109,2109.0,44.3,52.5,14.3,0.0,0.0,1530.0,149.94,44.6,98.0,0.56,2.1,1.08,53.2,0.0,66.3,8.4,93.2,454.0,39.6,125771.7,48196.0,0.0
15,80.66,100.0,2.136,2136.0,45.2,52.2,14.3,0.0,0.1,1530.0,148.41,44.7,97.0,0.56,2.1,1.08,53.6,0.0,66.4,0.5,94.0,454.0,39.6,125771.7,48214.9,0.0
16,80.95,100.0,1.821,1821.0,45.3,52.2,14.3,0.0,0.0,1530.0,148.41,44.4,97.0,0.56,2.1,1.08,53.4,0.0,66.2,8.3,92.8,454.0,39.7,125771.7,48220.6,0.0
17,79.5,100.0,1.893,1893.0,44.7,52.4,14.3,0.0,0.0,1530.0,149.94,44.7,98.0,0.56,2.1,1.08,52.9,0.0,66.3,8.4,91.7,456.0,39.7,125771.7,48220.4,0.0
18,62.12,100.0,2.211,2211.0,44.4,54.3,14.3,0.0,0.1,1530.0,149.94,43.7,98.0,0.57,2.09,1.09,55.6,0.0,66.5,0.6,92.9,456.0,40.3,125771.7,48990.0,0.0
19,65.06,100.0,2.39,2389.5,43.7,54.3,14.3,0.0,0.0,1530.0,149.94,43.5,98.0,0.57,2.09,1.09,56.0,0.0,66.4,8.4,94.1,456.0,40.3,125771.7,48996.3,0.0
20,60.1,100.0,2.019,2019.0,43.5,56.5,14.3,0.0,0.0,1530.0,148.41,44.2,97.0,0.57,2.09,1.09,57.6,0.0,67.3,8.5,94.3,456.0,40.3,125771.7,49000.2,0.0
21,60.26,100.0,2.553,2553.0,43.8,55.8,14.3,0.0,0.0,1530.0,148.41,43.4,97.0,0.57,2.09,1.09,57.0,0.0,65.8,4.0,94.3,456.0,40.7,125771.7,49494.7,0.0
22,77.4,100.0,2.318,2317.5,44.8,51.0,14.3,0.0,0.1,1530.0,146.88,44.9,96.0,0.57,2.09,1.09,52.2,0.0,66.3,4.9,91.6,456.0,40.7,125771.7,49484.7,0.0
23,73.43,100.0,2.128,2128.5,44.5,55.4,14.3,0.0,0.0,1530.0,148.41,45.0,97.0,0.6,2.48,1.19,56.4,0.0,66.5,8.4,92.0,456.0,40.7,125771.7,49484.1,0.0
24,77.3,100.0,2.11,2110.5,45.4,55.4,14.3,0.0,0.0,1530.0,148.41,45.3,97.0,0.6,2.48,1.19,56.7,0.0,65.0,0.5,91.5,456.0,40.7,125771.7,49492.4,0.0
25,77.39,100.0,1.893,1893.0,45.6,54.4,14.3,0.0,0.0,1530.0,149.94,45.3,98.0,0.6,2.48,1.19,55.9,0.0,67.3,8.3,92.2,456.0,40.7,125771.7,49483.2,0.0
26,74.5,100.0,1.857,1857.0,45.7,56.1,14.3,0.0,0.0,1530.0,148.41,45.7,97.0,0.6,2.48,1.19,57.8,0.0,65.6,8.4,92.8,456.0,40.7,125771.7,49495.0,0.0
27,75.62,100.0,2.102,2101.5,46.0,54.4,14.3,0.0,0.0,1530.0,149.94,45.8,98.0,0.6,2.48,1.19,56.1,0.0,67.5,0.5,92.8,456.0,40.7,125771.7,49492.4,0.0
28,74.35,100.0,2.011,2011.5,46.0,51.4,14.3,0.0,0.1,1530.0,140.76,46.0,92.0,0.62,2.61,1.24,53.2,0.0,66.5,8.3,91.4,456.0,40.7,125771.7,49495.4,0.0
29,76.12,100.0,1.911,1911.0,46.0,54.7,14.3,0.0,0.0,1530.0,149.94,46.1,98.0,0.62,2.61,1.24,56.1,0.0,66.2,8.3,92.9,456.0,40.7,125771.7,49495.9,0.0
30,76.72,100.0,2.463,2463.0,46.4,55.0,14.3,0.0,0.0,1530.0,149.94,46.3,98.0,0.62,2.61,1.24,56.4,0.0,66.1,0.6,91.5,456.0,40.7,125771.7,49514.1,0.0
31,74.77,100.0,2.409,2409.0,45.8,53.1,14.3,0.0,0.0,1530.0,149.94,46.2,98.0,0.62,2.61,1.24,54.4,0.0,66.8,8.2,91.4,456.0,40.7,125771.7,49481.6,0.0
32,77.27,100.0,2.198,2197.5,46.3,52.5,14.3,0.0,0.1,1530.0,149.94,46.4,98.0,0.62,2.61,1.24,53.4,0.0,66.5,8.3,93.2,456.0,40.7,125771.7,49482.2,0.0
33,78.55,100.0,2.33,2329.5,46.4,54.8,14.3,0.0,0.0,1530.0,149.94,46.6,98.0,0.65,2.8,1.3,55.9,0.0,67.2,4.1,94.4,456.0,40.7,125771.7,49491.8,0.0
34,77.05,100.0,2.066,2065.5,47.1,53.2,14.3,0.0,0.0,1530.0,149.94,47.0,98.0,0.65,2.8,1.3,54.4,0.0,65.7,4.7,90.5,456.0,40.7,125771.7,49478.4,0.0
35,75.82,100.0,1.974,1974.0,46.6,55.5,14.3,0.0,0.0,1530.0,142.29,46.8,93.0,0.65,2.8,1.3,56.9,0.0,66.8,8.3,94.1,456.0,40.7,125771.7,49476.8,0.0
36,78.76,100.0,2.134,2134.5,46.7,55.4,14.3,0.0,0.0,1530.0,148.41,46.9,97.0,0.65,2.8,1.3,56.4,0.0,66.6,7.9,94.4,456.0,40.7,125771.7,49489.0,0.0
37,80.92,100.0,2.498,2497.5,46.9,55.2,14.3,0.0,0.1,1530.0,149.94,47.2,98.0,0.65,2.8,1.3,56.5,0.0,66.7,0.6,94.3,456.0,40.7,125771.7,49481.5,0.0
38,77.73,100.0,1.92,1920.0,46.9,54.3,14.3,0.0,0.0,1530.0,149.94,47.1,98.0,0.68,3.05,1.38,55.6,0.0,66.3,8.3,95.6,456.0,40.7,125771.7,49476.6,0.0
39,80.25,100.0,2.126,2125.5,47.0,53.1,14.3,0.0,0.0,1530.0,148.41,47.1,97.0,0.68,3.05,1.38,54.4,0.0,67.0,8.3,94.5,456.0,40.7,125771.7,49476.4,0.0
40,78.63,100.0,2.242,2242.5,47.0,54.6,14.3,0.0,0.0,1530.0,148.41,47.1,97.0,0.68,3.05,1.38,55.7,0.0,66.3,8.3,90.2,456.0,40.7,125771.7,49475.2,0.0
41,76.04,100.0,2.571,2571.0,47.9,52.8,14.3,0.0,0.0,1530.0,149.94,47.5,98.0,0.68,3.05,1.38,53.9,0.0,67.4,0.6,94.4,456.0,40.7,125771.7,49480.1,0.0
42,83.19,100.0,2.145,2145.0,47.2,51.6,14.3,0.0,0.0,1530.0,149.94,47.5,98.0,0.68,3.05,1.38,53.1,0.0,65.9,8.3,95.2,456.0,40.7,125771.7,49488.3,0.0
43,79.1,100.0,2.172,2172.0,47.4,54.3,14.3,0.0,0.0,1530.0,149.94,47.6,98.0,0.71,3.37,1.47,55.2,0.0,66.6,8.3,91.0,456.0,40.7,125771.7,49491.7,0.0
44,79.46,100.0,2.397,2397.0,47.5,53.9,14.3,0.0,0.0,1530.0,148.41,47.8,97.0,0.71,3.37,1.47,55.2,0.0,66.7,3.2,93.0,456.0,40.7,125771.7,49480.3,0.0
45,81.43,100.0,2.47,2470.5,48.3,52.0,14.3,0.0,0.0,1530.0,148.41,47.8,97.0,0.71,3.37,1.47,53.4,0.0,65.6,5.6,94.3,456.0,40.7,125771.7,49488.4,0.0
46,79.26,100.0,2.09,2089.5,47.7,53.7,14.3,0.0,0.0,1530.0,149.94,47.9,98.0,0.71,3.37,1.47,54.4,0.0,67.5,8.3,93.1,456.0,40.7,125771.7,49477.0,0.0
47,80.66,100.0,2.595,2595.0,48.1,54.9,14.3,0.0,0.1,1530.0,149.94,48.0,98.0,0.71,3.37,1.47,56.1,0.0,66.2,8.3,94.3,456.0,40.7,125771.7,49477.9,0.0
48,78.0,100.0,2.487,2487.0,48.0,52.4,14.3,0.0,0.0,1530.0,149.94,48.1,98.0,0.75,3.82,1.6,53.6,0.0,66.4,0.6,94.1,456.0,40.7,125771.7,49493.0,0.0
49,64.94,100.0,2.208,2208.0,48.1,53.3,14.3,0.0,0.0,1530.0,148.41,46.8,97.0,0.75,3.82,1.6,54.6,0.0,68.0,8.3,91.0,456.0,39.8,125771.7,48356.3,0.0
50,62.74,100.0,2.416,2416.5,47.2,58.7,14.3,0.0,0.0,1530.0,149.94,47.3,98.0,0.75,3.82,1.6,59.9,0.0,65.0,8.2,94.3,456.0,39.8,125771.7,48380.0,0.0
51,40.11,100.0,2.392,2392.5,48.0,54.1,14.3,0.0,0.0,1530.0,0.0,45.8,0.0,0.75,3.82,1.6,55.1,0.0,67.5,7.9,94.3,456.0,39.8,125771.7,48358.7,0.0
52,76.37,100.0,2.528,2527.5,48.1,56.9,14.3,0.0,0.0,1530.0,146.88,47.4,96.0,0.75,3.82,1.6,58.1,0.0,68.0,0.6,95.5,456.0,40.2,125771.7,48851.7,0.0
53,79.72,100.0,2.091,2091.0,47.9,52.6,14.3,0.0,0.0,1530.0,149.94,47.8,98.0,0.79,4.08,1.69,53.8,0.0,65.1,8.2,94.3,456.0,40.1,125771.7,48836.8,0.0
54,79.99,100.0,1.918,1918.5,48.0,54.1,14.3,0.0,0.0,1530.0,149.94,47.7,98.0,0.79,4.08,1.69,55.1,0.0,63.3,8.3,94.6,456.0,40.2,125771.7,48848.3,0.0
55,77.74,100.0,1.948,1948.5,48.1,57.0,14.3,0.0,0.0,1530.0,149.94,48.1,98.0,0.79,4.08,1.69,57.8,0.0,65.8,8.3,90.9,456.0,40.2,125771.7,48848.0,0.0
56,79.76,100.0,2.373,2373.0,48.6,52.5,14.3,0.0,0.1,1530.0,149.94,48.3,98.0,0.79,4.08,1.69,53.3,0.0,67.0,0.5,90.4,456.0,40.2,125771.7,48864.5,0.0
57,78.25,100.0,2.082,2082.0,48.1,52.9,14.3,0.0,0.0,1530.0,149.94,48.4,98.0,0.79,4.08,1.69,53.9,0.0,66.4,8.2,94.6,456.0,40.2,125771.7,48847.1,0.0
58,78.1,100.0,2.181,2181.0,48.7,55.1,14.3,0.0,0.0,1530.0,149.94,48.3,98.0,0.81,4.15,1.74,56.4,0.0,66.5,8.2,94.4,456.0,40.2,125771.7,48847.6,0.0
59,82.92,100.0,2.48,2479.5,48.8,55.0,14.3,0.0,0.0,1530.0,148.41,48.5,97.0,0.81,4.15,1.74,55.7,0.0,66.9,0.6,93.7,456.0,40.1,125771.7,48836.6,0.0
60,81.64,100.0,2.146,2146.5,48.7,54.1,14.3,0.0,0.0,1530.0,148.41,48.7,97.0,0.81,4.15,1.74,55.1,0.0,66.1,8.4,95.5,456.0,40.2,125771.7,48866.8,0.0
61,77.95,100.0,2.118,2118.0,48.8,54.0,14.3,0.0,0.1,1530.0,149.94,48.8,98.0,0.81,4.15,1.74,55.4,0.0,65.4,8.2,94.3,456.0,40.2,125771.7,48861.8,0.0
62,79.34,100.0,2.121,2121.0,48.8,53.2,14.3,0.0,0.0,1530.0,148.41,49.0,97.0,0.81,4.15,1.74,54.1,0.0,66.5,8.4,94.2,456.0,40.2,125771.7,48848.5,0.0
63,79.46,100.0,2.355,2355.0,49.1,53.5,14.3,0.0,0.0,1530.0,149.94,48.9,98.0,0.87,4.7,1.9,55.0,0.0,66.4,0.6,94.1,457.0,40.1,125771.7,48836.0,0.0
64,77.44,100.0,2.074,2074.5,49.0,52.3,14.3,0.0,0.1,1530.0,149.94,49.0,98.0,0.87,4.7,1.9,53.4,0.0,66.4,8.2,94.4,457.0,40.1,125771.7,48839.4,0.0
65,84.37,100.0,2.19,2190.0,49.1,54.6,14.3,0.0,0.0,1530.0,148.41,49.1,97.0,0.87,4.7,1.9,56.0,0.0,66.5,8.4,93.8,457.0,40.1,125771.7,48832.4,0.0
66,81.49,100.0,2.418,2418.0,49.3,53.8,14.3,0.0,0.0,1530.0,149.94,49.2,98.0,0.87,4.7,1.9,55.0,0.0,66.4,0.5,93.9,457.0,40.1,125771.7,48833.2,0.0
67,82.95,100.0,2.1,2100.0,49.2,52.9,14.3,0.0,0.0,1530.0,149.94,49.3,98.0,0.87,4.7,1.9,54.3,0.0,66.4,8.2,94.1,457.0,40.2,125771.7,48850.2,0.0
68,80.19,100.0,2.361,2361.0,49.2,53.9,14.3,0.0,0.0,1530.0,149.94,49.6,98.0,0.9,4.88,1.98,54.9,0.0,66.5,8.3,94.2,457.0,40.1,125771.7,48838.3,0.0
69,81.84,100.0,2.328,2328.0,49.8,55.8,14.3,0.0,0.1,1530.0,149.94,49.4,98.0,0.9,4.88,1.98,56.6,0.0,66.4,0.6,93.7,457.0,40.1,125771.7,48839.4,0.0
70,81.09,100.0,2.244,2244.0,49.5,51.1,14.3,0.0,0.0,1530.0,148.41,49.3,97.0,0.9,4.88,1.98,52.5,0.0,66.4,8.2,94.0,457.0,40.1,125771.7,48843.1,0.0
71,79.7,100.0,2.127,2127.0,49.4,52.1,14.3,0.0,0.0,1530.0,149.94,49.4,98.0,0.9,4.88,1.98,53.2,0.0,66.4,8.3,94.5,449.0,40.1,125771.7,48836.7,0.0
72,78.42,100.0,2.156,2155.5,49.5,53.2,14.3,0.0,0.0,1530.0,149.94,49.4,98.0,0.9,4.88,1.98,54.2,0.0,67.1,8.2,94.2,450.0,40.1,125771.7,48831.9,0.0
73,78.71,100.0,2.438,2437.5,49.9,53.4,14.3,0.0,0.0,1530.0,149.94,49.8,98.0,0.96,5.45,2.15,54.8,0.0,66.1,0.6,94.0,450.0,40.1,125771.7,48833.7,0.0
74,77.18,100.0,1.992,1992.0,49.7,52.7,14.3,0.0,0.0,1530.0,149.94,49.7,98.0,0.96,5.45,2.15,54.3,0.0,66.1,8.2,92.9,450.0,40.1,125771.7,48842.9,0.0
75,77.18,100.0,2.084,2083.5,49.8,55.4,14.3,0.0,0.0,1530.0,149.94,49.8,98.0,0.96,5.45,2.15,56.6,0.0,66.5,8.4,94.0,450.0,40.1,125771.7,48835.8,0.0
76,49.58,100.0,2.601,2601.0,50.4,55.3,14.3,0.0,0.0,1521.0,36.5,47.9,24.0,0.96,5.45,2.15,56.6,0.0,66.5,0.6,94.1,450.0,42.2,125771.7,51362.2,0.0
77,61.06,100.0,2.018,2017.5,48.5,53.0,14.3,0.0,0.0,1530.0,149.94,48.4,98.0,0.96,5.45,2.15,54.0,0.0,66.3,8.4,89.8,450.0,41.8,125771.7,50918.2,0.0
78,57.51,100.0,1.893,1893.0,48.9,59.3,14.3,0.0,0.0,1530.0,149.94,48.9,98.0,1.05,6.38,2.39,60.0,0.0,66.5,8.3,90.9,450.0,41.8,125771.7,50905.8,0.0
79,39.35,100.0,2.391,2391.0,48.1,56.4,14.3,0.0,0.1,1512.0,0.0,47.1,0.0,1.05,6.38,2.39,57.4,0.0,66.4,8.3,95.5,450.0,41.6,125771.7,50981.6,0.0
80,78.74,100.0,2.544,2544.0,49.2,55.7,14.3,0.0,0.0,1530.0,148.41,49.1,97.0,1.05,6.38,2.39,57.0,0.0,66.4,0.5,91.7,450.0,42.2,125771.7,51368.7,0.0
81,76.71,100.0,1.722,1722.0,49.4,51.8,14.3,0.0,0.0,1530.0,149.94,49.7,98.0,1.05,6.38,2.39,52.3,0.0,66.4,8.3,92.0,450.0,42.2,125771.7,51381.2,0.0
82,77.17,100.0,2.092,2092.5,49.8,53.9,14.3,0.0,0.0,1530.0,149.94,49.9,98.0,1.05,6.38,2.39,55.1,0.0,66.4,8.2,94.0,450.0,42.2,125771.7,51383.1,0.0
83,79.56,100.0,2.536,2536.5,49.9,53.5,14.3,0.0,0.0,1530.0,149.94,49.8,98.0,1.13,7.15,2.62,55.2,0.0,66.5,8.3,92.8,450.0,42.2,125771.7,51371.2,0.0
84,77.03,100.0,2.352,2352.0,50.7,51.4,14.3,0.0,0.0,1530.0,149.94,50.0,98.0,1.13,7.15,2.62,52.4,0.0,66.4,0.5,92.8,450.0,42.2,125771.7,51369.8,0.0
85,80.62,100.0,2.154,2154.0,50.6,48.7,14.3,0.0,0.0,1530.0,149.94,50.0,98.0,1.13,7.15,2.62,50.2,0.0,66.4,8.2,92.9,450.0,42.2,125771.7,51383.6,0.0
86,67.02,100.0,2.29,2290.5,50.8,51.8,14.3,0.0,0.1,1530.0,140.76,50.3,92.0,1.13,7.15,2.62,52.9,0.0,66.5,8.2,94.1,450.0,42.2,125771.7,51375.5,0.0
87,76.99,100.0,2.082,2082.0,50.7,51.8,14.3,0.0,0.0,1530.0,148.41,50.2,97.0,1.13,7.15,2.62,52.6,0.0,66.4,8.2,92.9,450.0,42.2,125771.7,51378.4,0.0
88,76.33,100.0,2.348,2347.5,50.0,50.1,14.3,0.0,0.0,1530.0,149.94,50.2,98.0,1.15,6.98,2.66,51.2,0.0,66.4,0.6,92.6,450.0,42.2,125771.7,51398.0,0.0
89,76.51,100.0,2.074,2074.5,49.9,51.0,14.3,0.0,0.0,1530.0,148.41,50.2,97.0,1.15,6.98,2.66,52.4,0.0,66.4,8.1,93.1,450.0,42.2,125771.7,51374.4,0.0
90,76.36,100.0,2.354,2353.5,50.5,51.3,14.3,0.0,0.0,1530.0,149.94,50.4,98.0,1.15,6.98,2.66,53.2,0.0,66.4,8.2,92.6,451.0,42.2,125771.7,51399.1,0.0
91,74.33,100.0,2.037,2037.0,50.2,50.6,14.3,0.0,0.2,1530.0,149.94,50.4,98.0,1.15,6.98,2.66,52.0,0.0,66.4,8.2,90.7,450.0,42.2,125771.7,51373.7,0.0
92,74.95,100.0,2.157,2157.0,50.5,50.3,14.3,0.0,0.0,1530.0,122.4,50.4,80.0,1.15,6.98,2.66,50.8,0.0,66.4,0.5,90.7,451.0,42.2,125771.7,51385.7,0.0
93,75.92,100.0,2.073,2073.0,50.9,50.7,14.3,0.0,0.0,1530.0,148.41,50.5,97.0,1.16,6.66,2.67,52.0,0.0,66.5,8.3,90.5,451.0,42.2,125771.7,51384.1,0.0
94,77.5,100.0,2.1,2100.0,51.0,49.6,14.3,0.0,0.0,1530.0,148.41,50.7,97.0,1.16,6.66,2.67,51.0,0.0,66.4,8.1,93.1,451.0,42.2,125771.7,51373.1,0.0
95,59.1,100.0,2.33,2329.5,51.1,53.2,14.3,0.0,0.0,1530.0,149.94,49.4,98.0,1.16,6.66,2.67,54.6,0.0,66.4,8.2,93.3,451.0,42.7,125771.7,52107.6,0.0
96,34.66,100.0,2.418,2418.0,50.3,52.0,14.3,0.0,0.1,1530.0,0.0,48.4,0.0,1.16,6.66,2.67,53.0,0.0,66.5,8.2,93.5,451.0,42.7,125771.7,52089.2,0.0
97,57.12,91.7,2.047,2047.5,49.5,51.4,14.3,0.0,0.0,1530.0,149.94,49.2,98.0,1.16,6.66,2.67,52.8,0.0,66.3,0.4,94.0,451.0,42.8,125771.7,52124.5,0.0
98,61.22,100.0,2.364,2364.0,49.6,48.2,14.3,0.0,0.0,1467.0,68.95,48.2,47.0,1.17,6.37,2.67,50.0,0.0,66.4,7.9,92.9,451.0,42.7,125771.7,52112.7,0.0
99,76.12,100.0,2.298,2298.0,49.9,48.9,14.3,0.0,0.0,1530.0,149.94,49.9,98.0,1.17,6.37,2.67,50.2,0.0,66.4,8.1,92.9,451.0,43.1,125771.7,52609.2,0.0
100,74.67,100.0,2.073,2073.0,50.4,46.9,14.3,0.0,0.1,1530.0,149.94,50.2,98.0,1.17,6.37,2.67,48.2,0.0,66.4,0.3,94.1,451.0,43.1,125771.7,52608.9,0.0
101,73.87,100.0,1.911,1911.0,50.5,47.0,14.3,0.0,0.0,1530.0,148.41,50.1,97.0,1.17,6.37,2.67,48.5,0.0,66.4,8.2,93.1,451.0,43.1,125771.7,52608.9,0.0
102,75.71,100.0,1.974,1974.0,50.5,47.6,14.3,0.0,0.0,1530.0,149.94,50.3,98.0,1.17,6.37,2.67,49.2,0.0,66.3,8.0,92.8,451.0,43.1,125771.7,52608.7,0.0
103,66.11,100.0,1.938,1938.0,50.5,47.7,14.3,0.0,0.0,1530.0,134.64,50.6,88.0,1.18,6.18,2.69,48.8,0.0,66.4,0.4,93.5,451.0,43.1,125771.7,52594.4,0.0
104,72.9,100.0,1.902,1902.0,50.7,47.3,14.3,0.0,0.0,1530.0,146.88,50.7,96.0,1.18,6.18,2.69,48.6,0.0,66.4,8.0,93.3,451.0,43.1,125771.7,52593.5,0.0
105,74.0,100.0,2.019,2019.0,50.7,48.2,14.3,0.0,0.0,1530.0,149.94,50.7,98.0,1.18,6.18,2.69,49.8,0.0,66.4,8.2,92.2,451.0,43.1,125771.7,52595.1,0.0
106,74.08,100.0,2.246,2245.5,50.9,49.4,14.3,0.0,0.0,1530.0,149.94,50.8,98.0,1.18,6.18,2.69,50.8,0.0,66.4,0.4,93.4,451.0,43.2,125771.7,52621.7,0.0
107,52.24,100.0,2.472,2472.0,49.6,56.6,14.3,0.0,0.1,1530.0,148.41,49.6,97.0,1.18,6.18,2.69,58.0,0.0,66.4,8.2,92.6,451.0,42.3,125771.7,51521.8,0.0
108,61.93,100.0,2.59,2590.5,49.6,53.9,14.3,0.0,0.0,1530.0,149.94,49.5,98.0,1.23,6.4,2.8,55.3,0.0,66.5,8.3,93.3,451.0,42.3,125771.7,51515.7,0.0
109,59.12,100.0,2.47,2470.5,49.5,51.0,14.3,0.0,0.0,1530.0,149.94,49.8,98.0,1.23,6.4,2.8,52.3,0.0,66.4,0.6,93.2,451.0,42.3,125771.7,51508.6,0.0
110,64.9,100.0,2.428,2428.5,50.2,52.7,14.3,0.0,0.0,1530.0,64.26,48.9,42.0,1.23,6.4,2.8,54.2,0.0,66.4,8.3,93.1,451.0,42.6,125771.7,51985.8,0.0
111,80.29,100.0,2.202,2202.0,50.3,50.8,14.3,1.5,0.0,1530.0,149.94,50.9,98.0,1.23,6.4,2.8,52.0,0.0,66.5,8.3,95.4,451.0,42.6,125771.7,51981.6,0.0
112,80.16,100.0,2.318,2317.5,50.2,50.5,14.3,0.0,0.0,1530.0,149.94,51.4,98.0,1.23,6.4,2.8,52.4,0.0,66.4,0.5,94.2,451.0,42.6,125771.7,51981.9,0.0
113,78.3,100.0,2.6,2599.5,50.7,49.9,14.3,0.0,0.0,1530.0,149.94,51.3,98.0,1.26,6.45,2.87,51.2,0.0,66.4,8.3,94.3,451.0,42.6,125771.7,51982.4,0.0
114,81.37,100.0,2.139,2139.0,50.8,50.5,14.3,0.0,0.0,1530.0,149.94,51.6,98.0,1.26,6.45,2.87,51.7,0.0,66.5,8.3,95.6,451.0,42.6,125771.7,51983.1,0.0
115,81.16,100.0,2.066,2065.5,50.8,50.2,14.3,0.0,0.0,1530.0,149.94,51.7,98.0,1.26,6.45,2.87,51.5,0.0,66.4,0.6,94.3,451.0,42.6,125771.7,51982.4,0.0
116,78.52,100.0,2.229,2229.0,50.7,50.4,14.3,0.0,0.0,1530.0,149.94,51.8,98.0,1.26,6.45,2.87,51.0,0.0,66.4,8.3,93.3,451.0,42.6,125771.7,51981.8,0.0
117,77.22,100.0,2.164,2164.5,51.8,51.4,14.3,0.0,0.1,1530.0,149.94,52.0,98.0,1.26,6.45,2.87,52.7,0.0,66.5,8.3,95.2,451.0,42.6,125771.7,51982.9,0.0
118,80.53,100.0,2.31,2310.0,52.2,50.5,14.3,0.0,0.0,1530.0,148.41,51.9,97.0,1.27,6.25,2.89,51.7,0.0,66.4,0.6,93.2,451.0,42.6,125771.7,51982.6,0.0
119,62.76,100.0,2.148,2148.0,52.2,50.6,14.3,0.0,0.0,1530.0,119.34,51.9,78.0,1.27,6.25,2.89,52.3,0.0,66.4,8.2,92.9,451.0,42.6,125771.7,51982.9,0.0
120,36.61,100.0,2.22,2220.0,51.6,49.6,14.3,0.0,0.0,1530.0,79.56,51.2,52.0,1.27,6.25,2.89,50.3,0.0,66.5,8.2,93.0,451.0,42.6,125771.7,51981.2,0.0
121,80.9,100.0,2.282,2281.5,51.4,50.7,14.3,0.0,0.1,1530.0,149.94,52.0,98.0,1.27,6.25,2.89,52.2,0.0,66.4,8.2,94.3,451.0,42.6,125771.7,51981.8,0.0
122,78.36,100.0,2.228,2227.5,51.7,51.9,14.3,0.0,0.1,1530.0,149.94,51.6,98.0,1.27,6.25,2.89,53.3,0.0,66.4,8.2,94.2,451.0,42.6,125771.7,51984.0,0.0
123,79.91,100.0,2.163,2163.0,51.4,52.4,14.3,0.0,0.0,1530.0,148.41,51.7,97.0,1.3,6.31,2.96,53.8,0.0,66.4,0.5,94.3,451.0,42.6,125771.7,51981.7,0.0
124,80.18,100.0,2.126,2125.5,51.6,53.5,14.3,0.0,0.0,1530.0,149.94,52.0,98.0,1.3,6.31,2.96,54.6,0.0,66.5,8.2,94.4,451.0,42.6,125771.7,51983.9,0.0
125,80.01,100.0,1.983,1983.0,51.5,52.7,14.3,0.0,0.0,1530.0,149.94,52.0,98.0,1.3,6.31,2.96,54.0,0.0,66.4,8.2,94.3,451.0,42.6,125771.7,51985.0,0.0
126,79.61,100.0,2.157,2157.0,52.0,50.7,14.3,0.0,0.1,1530.0,149.94,52.0,98.0,1.3,6.31,2.96,51.0,0.0,66.4,8.2,72.3,451.0,42.6,125771.7,51984.6,0.0
127,78.63,91.7,2.22,2220.0,52.1,49.8,14.3,0.0,0.0,1530.0,149.94,52.0,98.0,1.3,6.31,2.96,51.0,0.0,66.4,0.6,94.4,451.0,42.6,125771.7,51984.5,0.0
128,80.63,100.0,2.018,2017.5,52.0,51.9,14.3,0.0,0.0,1530.0,148.41,51.9,97.0,1.36,6.77,3.11,52.9,0.0,66.5,8.2,93.9,451.0,42.7,125771.7,51994.6,0.0
129,80.97,100.0,2.037,2037.0,52.0,54.2,14.3,0.0,0.0,1530.0,149.94,52.4,98.0,1.36,6.77,3.11,55.1,0.0,66.4,8.2,94.1,451.0,42.6,125771.7,51984.6,0.0
130,76.54,100.0,2.028,2028.0,51.8,54.8,14.3,0.0,0.0,1530.0,149.94,52.3,98.0,1.36,6.77,3.11,56.5,0.0,66.4,0.5,92.7,451.0,42.6,125771.7,51983.7,0.0
131,78.25,100.0,2.037,2037.0,52.1,53.5,14.3,0.0,0.0,1530.0,149.94,52.6,98.0,1.36,6.77,3.11,55.3,0.0,66.4,8.3,92.7,451.0,42.6,125771.7,51985.6,0.0
132,76.25,100.0,2.21,2209.5,52.0,54.2,14.3,0.0,0.0,1530.0,148.41,52.7,97.0,1.36,6.77,3.11,55.1,0.0,66.4,8.1,92.7,451.0,42.6,125771.7,51985.6,0.0
133,75.86,100.0,1.994,1993.5,52.4,52.0,14.3,0.0,0.1,1530.0,148.41,52.6,97.0,1.41,7.03,3.22,52.9,0.0,66.5,0.6,89.7,451.0,42.6,125771.7,51982.3,0.0
134,76.28,100.0,2.316,2316.0,51.9,52.3,14.3,0.0,0.0,1530.0,148.41,52.5,97.0,1.41,7.03,3.22,53.0,0.0,66.4,8.3,89.2,451.0,42.6,125771.7,51983.4,0.0
135,76.87,100.0,2.092,2092.5,52.1,52.6,14.3,0.0,0.0,1530.0,149.94,52.8,98.0,1.41,7.03,3.22,54.0,0.0,66.4,7.9,92.7,451.0,42.6,125771.7,51980.8,0.0
136,75.27,100.0,2.344,2344.5,51.9,53.3,14.3,0.0,0.0,1530.0,148.41,52.8,97.0,1.41,7.03,3.22,54.3,0.0,66.4,7.7,93.3,451.0,42.6,125771.7,51987.7,0.0
137,55.89,100.0,2.39,2389.5,51.9,51.6,14.3,0.0,0.0,1530.0,148.41,51.6,97.0,1.41,7.03,3.22,52.4,0.0,66.4,0.5,92.9,451.0,43.3,125771.7,52764.7,0.0
138,35.66,100.0,2.181,2181.0,52.8,49.6,14.3,0.0,0.0,1503.0,0.0,50.1,0.0,1.43,6.87,3.25,51.4,0.0,66.4,7.6,93.7,451.0,43.1,125771.7,52761.6,0.0
139,64.46,100.0,1.956,1956.0,51.1,52.3,14.3,0.0,0.0,1530.0,149.94,51.4,98.0,1.43,6.87,3.25,54.2,0.0,66.4,7.6,92.8,451.0,43.3,125771.7,52775.4,0.0
140,62.75,100.0,2.184,2184.0,52.5,50.9,14.3,0.0,0.0,1530.0,148.41,50.9,97.0,1.43,6.87,3.25,52.3,0.0,66.4,0.4,93.3,451.0,43.3,125771.7,52770.8,0.0
141,75.64,100.0,2.22,2220.0,51.4,50.4,14.3,0.0,0.0,1530.0,143.82,52.1,94.0,1.43,6.87,3.25,52.3,0.0,66.3,7.6,93.0,451.0,43.7,125771.7,53268.8,0.0
142,75.65,91.7,2.166,2166.0,51.6,48.3,14.3,0.0,0.1,1530.0,143.82,52.5,94.0,1.43,6.87,3.25,49.6,0.0,66.4,7.7,94.1,451.0,43.7,125771.7,53267.5,0.0
143,76.5,100.0,2.192,2191.5,51.8,48.0,14.3,0.0,0.0,1530.0,143.82,52.7,94.0,1.44,6.64,3.26,49.7,0.0,66.4,7.6,92.9,451.0,43.7,125771.7,53259.9,0.0
144,75.42,100.0,2.138,2137.5,51.9,46.3,14.3,0.0,0.0,1530.0,143.82,52.7,94.0,1.44,6.64,3.26,47.7,0.0,66.4,0.4,92.7,451.0,43.7,125771.7,53259.1,0.0
145,76.42,100.0,1.947,1947.0,51.9,49.4,14.3,0.0,0.0,1530.0,128.52,52.4,84.0,1.44,6.64,3.26,50.7,0.0,66.4,7.6,92.0,451.0,43.7,125771.7,53257.9,0.0
146,79.46,100.0,1.912,1912.5,52.2,47.8,14.3,0.0,0.0,1530.0,149.94,52.9,98.0,1.44,6.64,3.26,49.1,0.0,66.3,8.0,92.9,451.0,43.7,125771.7,53257.0,0.0
147,51.87,100.0,2.336,2335.5,51.8,55.1,14.3,0.0,0.0,1530.0,148.41,51.6,97.0,1.44,6.64,3.26,56.6,0.0,66.6,8.4,92.5,452.0,44.3,125771.7,54097.5,0.0
148,59.43,100.0,2.59,2590.5,51.7,55.8,14.3,0.0,0.0,1530.0,149.94,51.4,98.0,1.46,6.42,3.28,57.6,0.0,66.5,0.7,91.6,452.0,44.4,125771.7,54131.9,0.0
149,63.27,100.0,2.362,2362.5,51.9,52.3,14.3,0.0,0.0,1530.0,148.41,51.8,97.0,1.46,6.42,3.28,53.6,0.0,66.4,8.2,92.3,452.0,44.3,125771.7,54104.9,0.0
150,67.66,100.0,2.582,2581.5,52.3,55.0,14.3,0.0,0.1,1530.0,148.41,51.2,97.0,1.46,6.42,3.28,55.7,0.0,66.5,8.3,92.6,452.0,44.7,125771.7,54611.6,0.0
151,77.2,100.0,2.355,2355.0,51.8,54.4,14.3,0.0,0.1,1530.0,149.94,52.8,98.0,1.46,6.42,3.28,56.3,0.0,66.5,8.4,95.3,452.0,44.7,125771.7,54606.1,0.0
152,76.76,100.0,2.59,2590.5,52.2,50.8,14.3,0.0,0.1,1530.0,149.94,52.9,98.0,1.46,6.42,3.28,52.2,0.0,66.5,0.7,94.1,452.0,44.7,125771.7,54605.6,0.0
153,76.25,100.0,2.589,2589.0,52.6,52.7,14.3,0.0,0.0,1530.0,149.94,53.2,98.0,1.51,6.87,3.42,54.1,0.0,66.5,8.4,94.0,452.0,44.7,125771.7,54606.0,0.0
154,77.57,100.0,2.553,2553.0,52.8,52.7,14.3,0.0,0.0,1530.0,149.94,53.4,98.0,1.51,6.87,3.42,54.1,0.0,66.5,8.5,94.2,452.0,44.7,125771.7,54606.0,0.0
155,77.51,100.0,2.434,2434.5,53.3,52.4,14.3,0.0,0.0,1530.0,149.94,53.2,98.0,1.51,6.87,3.42,53.8,0.0,66.4,7.7,95.2,452.0,44.7,125771.7,54606.0,0.0
156,75.97,100.0,2.354,2353.5,53.0,50.4,14.3,0.0,0.1,1530.0,148.41,53.5,97.0,1.51,6.87,3.42,52.4,0.0,66.5,0.8,94.0,452.0,44.7,125771.7,54606.4,0.0
157,77.06,100.0,2.272,2272.5,52.8,50.3,14.3,0.0,0.1,1530.0,149.94,53.6,98.0,1.51,6.87,3.42,52.3,0.0,66.5,8.3,93.8,452.0,44.7,125771.7,54606.9,0.0
158,76.14,100.0,2.292,2292.0,52.8,51.8,14.3,0.0,0.0,1530.0,149.94,53.4,98.0,1.54,6.8,3.46,53.5,0.0,66.5,8.5,94.0,452.0,44.7,125771.7,54608.0,0.0
159,76.58,100.0,2.164,2164.5,53.0,52.7,14.3,0.0,0.0,1530.0,149.94,53.8,98.0,1.54,6.8,3.46,54.7,0.0,66.5,8.2,95.3,452.0,44.7,125771.7,54613.4,0.0
160,78.57,100.0,2.462,2461.5,53.2,52.3,14.3,0.0,0.0,1530.0,149.94,53.8,98.0,1.54,6.8,3.46,54.1,0.0,66.5,0.8,94.1,452.0,44.7,125771.7,54613.7,0.0
161,76.78,100.0,2.434,2434.5,53.1,50.9,14.3,0.0,0.0,1530.0,149.94,53.9,98.0,1.54,6.8,3.46,52.5,0.0,66.5,8.3,94.0,452.0,44.7,125771.7,54612.1,0.0
162,78.26,100.0,2.526,2526.0,53.2,51.1,14.3,0.0,0.0,1530.0,149.94,53.8,98.0,1.54,6.8,3.46,52.9,0.0,66.4,8.1,94.0,452.0,44.7,125771.7,54612.8,0.0
163,77.83,100.0,2.283,2283.0,53.0,50.4,14.3,0.0,0.0,1530.0,148.41,53.8,97.0,1.56,6.74,3.51,51.9,0.0,65.4,0.7,95.1,452.0,44.7,125771.7,54611.8,0.0
164,77.31,100.0,2.13,2130.0,54.0,50.8,14.3,0.0,0.0,1530.0,149.94,54.2,98.0,1.56,6.74,3.51,51.9,0.0,67.5,8.4,94.3,452.0,44.7,125771.7,54616.4,0.0
165,75.58,100.0,2.22,2220.0,53.5,50.7,14.3,0.0,0.0,1530.0,148.41,54.3,97.0,1.56,6.74,3.51,51.7,0.0,66.3,8.3,94.1,452.0,44.7,125771.7,54620.1,0.0
166,79.49,100.0,2.154,2154.0,53.3,52.0,14.3,0.0,0.0,1530.0,149.94,54.1,98.0,1.56,6.74,3.51,52.8,0.0,63.0,8.5,95.5,452.0,44.7,125771.7,54620.2,0.0
167,80.44,100.0,2.118,2118.0,53.4,51.4,14.3,0.0,0.0,1530.0,148.41,53.6,97.0,1.56,6.74,3.51,52.8,0.0,67.7,8.3,95.7,452.0,44.7,125771.7,54621.2,0.0
168,68.72,100.0,2.128,2128.5,53.1,52.7,14.3,0.0,0.0,1530.0,148.41,53.8,97.0,1.58,6.6,3.53,54.0,0.0,65.2,8.5,92.7,452.0,44.8,125771.7,54634.6,0.0
169,76.6,100.0,2.416,2416.5,53.7,49.3,14.3,0.0,0.1,1530.0,149.94,54.2,98.0,1.58,6.6,3.53,50.7,0.0,68.8,0.7,93.4,452.0,44.8,125771.7,54645.8,0.0
170,80.66,100.0,2.391,2391.0,53.4,50.8,14.3,0.0,0.0,1530.0,149.94,54.2,98.0,1.58,6.6,3.53,52.0,0.0,66.2,8.4,94.1,452.0,44.8,125771.7,54646.5,0.0
171,80.04,100.0,2.301,2301.0,53.5,50.1,14.3,0.0,0.0,1530.0,149.94,54.3,98.0,1.58,6.6,3.53,51.9,0.0,67.0,8.3,94.3,452.0,44.8,125771.7,54645.4,0.0
172,81.19,100.0,2.283,2283.0,53.8,49.1,14.3,0.0,0.0,1530.0,149.94,54.3,98.0,1.58,6.6,3.53,50.9,0.0,64.6,8.2,93.3,452.0,44.8,125771.7,54644.0,0.0
173,74.72,100.0,2.298,2298.0,53.7,49.4,14.3,0.0,0.0,1530.0,137.7,54.4,90.0,1.64,7.03,3.67,50.8,0.0,68.2,0.7,94.5,452.0,44.8,125771.7,54644.3,0.0
174,78.05,100.0,2.181,2181.0,53.7,50.6,14.3,0.0,0.0,1530.0,142.29,54.3,93.0,1.64,7.03,3.67,51.8,0.0,65.8,8.4,94.3,452.0,44.8,125771.7,54648.6,0.0
175,78.9,100.0,2.274,2274.0,53.8,48.8,14.3,0.0,0.0,1530.0,148.41,54.8,97.0,1.64,7.03,3.67,50.1,0.0,66.1,8.4,94.2,452.0,44.8,125771.7,54647.0,0.0
176,75.9,100.0,2.217,2217.0,53.7,48.8,14.3,0.0,0.0,1530.0,149.94,54.8,98.0,1.64,7.03,3.67,50.2,0.0,63.1,0.7,94.2,452.0,44.8,125771.7,54646.1,0.0
177,39.82,100.0,2.382,2382.0,53.3,53.7,14.3,0.0,0.1,1431.0,14.31,51.9,10.0,1.64,7.03,3.67,54.8,0.0,66.6,8.4,94.3,452.0,44.8,125771.7,54666.1,0.0
178,37.35,100.0,2.601,2601.0,53.4,61.5,14.3,0.0,0.0,1017.0,13.22,51.2,13.0,1.68,7.27,3.78,62.7,0.0,66.5,8.3,94.3,452.0,44.8,125771.7,54661.3,0.0
179,36.03,100.0,2.535,2535.0,51.9,59.0,14.3,0.0,0.0,603.0,9.65,50.6,16.0,1.68,7.27,3.78,59.8,0.0,67.8,0.6,93.0,452.0,44.2,125771.7,53970.8,0.0
180,35.66,100.0,2.601,2601.0,52.2,57.0,14.3,0.0,0.0,315.0,8.51,50.1,27.0,1.68,7.27,3.78,58.3,0.0,65.6,8.4,92.9,452.0,44.2,125771.7,53967.3,0.0
181,39.58,100.0,2.409,2409.0,52.0,57.5,14.3,0.0,0.2,1530.0,145.35,49.8,95.0,1.68,7.27,3.78,58.8,0.0,66.6,8.4,93.2,452.0,43.9,125771.7,53503.1,0.0
182,42.67,100.0,2.499,2499.0,51.6,50.7,14.3,0.0,0.1,1530.0,33.66,50.7,22.0,1.68,7.27,3.78,52.0,0.0,67.2,0.7,93.3,452.0,43.9,125771.7,53504.8,0.0
183,60.4,100.0,2.554,2554.5,51.5,57.1,14.3,0.0,0.0,1530.0,148.41,51.7,97.0,1.72,7.41,3.87,58.2,0.0,65.9,8.2,92.7,452.0,43.9,125771.7,53502.8,0.0
184,39.44,100.0,2.601,2601.0,52.8,51.1,14.3,0.0,0.0,1530.0,0.0,50.4,0.0,1.72,7.41,3.87,52.8,0.0,66.6,8.5,94.3,452.0,43.5,125771.7,53508.9,0.0
185,69.26,100.0,2.51,2509.5,51.8,54.9,14.3,0.0,0.0,1530.0,148.41,52.4,97.0,1.72,7.41,3.87,55.6,0.0,66.4,8.2,93.1,452.0,44.2,125771.7,53994.3,0.0
186,78.51,100.0,2.488,2488.5,52.6,50.0,14.3,0.0,0.0,1530.0,149.94,53.2,98.0,1.72,7.41,3.87,51.6,0.0,66.6,0.6,94.4,452.0,44.2,125771.7,53994.1,0.0
187,78.81,100.0,2.418,2418.0,52.8,51.6,14.3,0.0,0.1,1530.0,149.94,53.5,98.0,1.72,7.41,3.87,53.2,0.0,66.3,8.3,94.4,452.0,44.2,125771.7,53988.4,0.0
188,77.73,100.0,2.481,2481.0,52.8,51.0,14.3,0.0,0.0,1530.0,149.94,53.5,98.0,1.74,7.21,3.88,52.6,0.0,66.6,8.4,93.0,452.0,44.2,125771.7,53989.7,0.0
189,80.61,100.0,2.554,2554.5,53.2,50.0,14.3,0.0,0.0,1530.0,149.94,54.0,98.0,1.74,7.21,3.88,50.8,0.0,66.7,8.3,94.6,452.0,44.3,125771.7,54003.2,0.0
190,79.32,100.0,2.518,2518.5,53.2,50.0,14.3,0.0,0.0,1530.0,149.94,53.8,98.0,1.74,7.21,3.88,51.2,0.0,66.5,0.7,94.3,452.0,44.3,125771.7,54001.6,0.0
191,78.58,100.0,2.506,2506.5,53.2,50.8,14.3,0.0,0.0,1530.0,148.41,54.1,97.0,1.74,7.21,3.88,52.0,0.0,66.2,8.3,94.6,452.0,44.2,125771.7,53999.0,0.0
192,78.63,100.0,2.571,2571.0,53.3,50.4,14.3,0.0,0.0,1530.0,148.41,54.4,97.0,1.74,7.21,3.88,51.9,0.0,66.8,8.4,95.3,452.0,44.2,125771.7,53999.4,0.0
193,80.98,100.0,2.337,2337.0,53.4,49.5,14.3,0.0,0.0,1530.0,149.94,54.5,98.0,1.77,7.28,3.95,50.4,0.0,66.3,0.6,92.9,452.0,44.2,125771.7,53999.1,0.0
194,79.82,100.0,2.03,2029.5,53.7,51.4,14.3,0.0,0.0,1530.0,149.94,54.6,98.0,1.77,7.28,3.95,51.7,0.0,67.2,8.3,94.3,452.0,44.2,125771.7,54000.3,0.0
195,77.81,100.0,2.174,2173.5,53.7,49.9,14.3,0.0,0.0,1530.0,149.94,54.5,98.0,1.77,7.28,3.95,51.5,0.0,66.1,8.2,96.6,452.0,44.2,125771.7,53999.9,0.0
196,79.17,100.0,2.011,2011.5,53.7,51.1,14.3,0.0,0.0,1530.0,149.94,54.6,98.0,1.77,7.28,3.95,52.0,0.0,64.7,0.7,95.4,452.0,44.2,125771.7,53996.8,0.0
197,78.19,100.0,2.102,2101.5,53.6,52.6,14.3,0.0,0.0,1530.0,149.94,54.6,98.0,1.77,7.28,3.95,53.7,0.0,66.4,8.3,96.6,452.0,44.2,125771.7,53999.1,0.0
198,79.57,100.0,2.301,2301.0,53.9,51.0,14.3,0.0,0.1,1530.0,148.41,54.5,97.0,1.81,7.34,4.02,52.4,0.0,66.5,8.4,95.3,452.0,44.3,125771.7,54000.8,0.0
199,79.99,100.0,2.488,2488.5,54.0,51.0,14.3,0.0,0.0,1530.0,149.94,54.6,98.0,1.81,7.34,4.02,51.9,0.0,66.5,0.6,95.5,453.0,44.3,125771.7,54001.9,0.0
200,80.84,100.0,2.163,2163.0,54.1,49.3,14.3,0.0,0.0,1530.0,143.82,54.6,94.0,1.81,7.34,4.02,51.1,0.0,66.4,8.3,96.5,453.0,44.3,125771.7,54009.8,0.0
201,78.85,100.0,2.028,2028.0,54.2,51.0,14.3,0.0,0.0,1530.0,148.41,54.6,97.0,1.81,7.34,4.02,52.0,0.0,66.5,8.3,95.7,453.0,44.3,125771.7,54004.2,0.0
202,80.58,100.0,2.166,2166.0,54.1,52.0,14.3,0.0,0.0,1530.0,149.94,54.9,98.0,1.81,7.34,4.02,53.4,0.0,66.5,8.3,95.3,453.0,44.3,125771.7,54005.0,0.0
203,80.07,100.0,2.085,2085.0,54.1,50.2,14.3,0.0,0.0,1530.0,149.94,54.9,98.0,1.81,6.99,4.0,52.0,0.0,66.4,8.2,95.2,453.0,44.3,125771.7,54007.3,0.0
204,79.96,100.0,2.202,2202.0,54.2,51.1,14.3,0.0,0.0,1530.0,148.41,55.1,97.0,1.81,6.99,4.0,52.2,0.0,66.5,0.7,95.5,453.0,44.2,125771.7,53993.6,0.0
205,79.1,100.0,2.163,2163.0,54.4,50.4,14.3,0.0,0.0,1530.0,149.94,55.2,98.0,1.81,6.99,4.0,51.5,0.0,66.4,8.2,95.5,453.0,44.2,125771.7,53993.9,0.0
206,80.29,100.0,1.868,1867.5,54.5,51.9,14.3,0.0,0.0,1530.0,148.41,55.0,97.0,1.81,6.99,4.0,53.4,0.0,66.5,7.9,96.6,453.0,44.2,125771.7,53989.3,0.0
207,33.72,100.0,1.94,1939.5,53.4,51.8,14.3,0.0,0.0,1422.0,0.0,52.4,0.0,1.81,6.99,4.0,52.8,0.0,66.4,7.8,95.4,453.0,44.2,125771.7,53989.7,0.0
208,33.81,100.0,2.526,2526.0,53.3,56.8,14.3,0.0,0.1,1017.0,2.03,51.8,2.0,1.88,7.55,4.17,57.8,0.0,66.5,0.7,95.5,453.0,46.3,125771.7,56556.8,0.0
209,77.32,100.0,2.344,2344.5,53.9,50.6,14.3,0.0,0.0,1530.0,148.41,54.2,97.0,1.88,7.55,4.17,52.2,0.0,66.5,8.3,95.3,453.0,46.3,125771.7,56554.3,0.0
210,79.3,100.0,2.292,2292.0,54.2,50.4,14.3,0.0,0.0,1530.0,148.41,54.4,97.0,1.88,7.55,4.17,51.4,0.0,66.4,8.3,95.6,453.0,46.3,125771.7,56545.4,0.0
211,86.8,100.0,2.283,2283.0,54.2,51.4,14.3,0.0,0.0,1530.0,149.94,54.7,98.0,1.88,7.55,4.17,52.4,0.0,66.5,8.3,95.3,453.0,46.3,125771.7,56547.0,0.0
212,78.23,100.0,2.409,2409.0,54.3,50.0,14.3,0.0,0.2,1530.0,149.94,54.8,98.0,1.88,7.55,4.17,51.4,0.0,66.4,0.6,95.5,453.0,46.3,125771.7,56544.9,0.0
213,81.44,100.0,2.128,2128.5,54.4,50.1,14.3,0.0,0.0,1530.0,146.88,54.8,96.0,1.93,7.83,4.28,51.4,0.0,66.5,8.3,95.3,453.0,46.3,125771.7,56549.7,0.0
214,80.8,100.0,1.947,1947.0,54.3,50.0,14.3,0.0,0.1,1530.0,148.41,54.9,97.0,1.93,7.83,4.28,50.9,0.0,66.4,8.4,96.6,453.0,46.3,125771.7,56547.3,0.0
215,75.27,100.0,2.046,2046.0,54.3,49.3,14.3,0.0,0.0,1530.0,149.94,55.1,98.0,1.93,7.83,4.28,50.4,0.0,66.5,8.2,95.3,453.0,46.3,125771.7,56547.2,0.0
216,81.98,100.0,2.29,2290.5,54.5,49.8,14.3,0.0,0.0,1530.0,149.94,55.1,98.0,1.93,7.83,4.28,50.7,0.0,66.4,0.7,95.7,453.0,46.3,125771.7,56546.7,0.0
217,78.07,100.0,2.118,2118.0,54.9,51.7,14.3,0.0,0.0,1530.0,149.94,55.4,98.0,1.93,7.83,4.28,53.0,0.0,66.5,8.2,95.4,453.0,46.3,125771.7,56551.6,0.0
218,77.17,100.0,2.372,2371.5,54.9,52.7,14.3,0.0,0.0,1530.0,148.41,55.2,97.0,1.95,7.68,4.31,54.2,0.0,66.4,8.3,95.5,453.0,46.3,125771.7,56543.3,0.0
219,80.06,100.0,2.11,2110.5,54.8,52.3,14.3,0.0,0.1,1530.0,148.41,55.4,97.0,1.95,7.68,4.31,53.3,0.0,66.5,8.2,94.4,453.0,46.3,125771.7,56542.6,0.0
220,76.72,100.0,2.182,2182.5,55.4,51.7,14.3,0.0,0.0,1530.0,149.94,55.1,98.0,1.95,7.68,4.31,52.9,0.0,66.4,8.2,95.3,453.0,46.3,125771.7,56548.8,0.0
221,80.29,100.0,2.28,2280.0,55.2,51.0,14.3,0.0,0.0,1530.0,139.23,55.7,91.0,1.95,7.68,4.31,51.6,0.0,66.5,8.3,89.9,453.0,46.3,125771.7,56545.4,0.0
222,76.31,100.0,1.902,1902.0,55.2,53.2,14.3,0.0,0.1,1530.0,149.94,55.4,98.0,1.95,7.68,4.31,54.4,0.0,66.4,0.7,94.1,453.0,46.3,125771.7,56539.0,0.0
223,82.83,100.0,2.346,2346.0,55.3,52.1,14.3,0.0,0.0,1530.0,148.41,55.5,97.0,1.96,7.38,4.31,53.4,0.0,66.5,8.2,95.3,453.0,46.3,125771.7,56539.1,0.0
224,78.43,100.0,2.047,2047.5,55.0,52.1,14.3,0.0,0.0,1530.0,149.94,55.6,98.0,1.96,7.38,4.31,53.6,0.0,66.4,8.3,95.2,453.0,46.3,125771.7,56539.7,0.0
225,36.23,100.0,2.271,2271.0,55.2,51.5,14.3,0.0,0.0,1530.0,0.0,53.7,0.0,1.96,7.38,4.31,52.5,0.0,66.5,8.2,94.3,453.0,46.3,125771.7,56549.9,0.0
226,52.91,100.0,2.192,2191.5,54.2,50.9,14.3,0.0,0.0,1530.0,148.41,53.9,97.0,1.96,7.38,4.31,52.0,0.0,66.4,0.7,95.5,453.0,47.0,125771.7,57443.0,0.0
227,61.28,100.0,2.438,2437.5,54.0,57.5,14.3,0.0,0.0,1530.0,149.94,54.4,98.0,1.96,7.38,4.31,58.5,0.0,66.5,8.2,95.5,453.0,46.9,125771.7,57307.5,0.0
228,39.21,100.0,2.402,2401.5,54.9,51.1,14.3,0.0,0.0,1530.0,0.0,52.8,0.0,1.97,7.03,4.28,52.3,0.0,66.4,8.3,94.6,453.0,46.6,125771.7,57535.5,0.0
229,80.55,100.0,2.326,2326.5,54.6,56.1,14.3,0.0,0.0,1530.0,149.94,54.8,98.0,1.97,7.03,4.28,57.0,0.0,66.4,8.2,95.6,453.0,47.3,125771.7,57789.4,0.0
230,67.12,100.0,1.922,1921.5,55.0,52.1,14.3,0.0,0.0,1530.0,120.87,55.1,79.0,1.97,7.03,4.28,53.5,0.0,66.5,0.6,95.2,453.0,47.3,125771.7,57789.8,0.0
231,82.43,100.0,2.076,2076.0,55.2,53.6,14.3,0.0,0.1,1530.0,148.41,55.1,97.0,1.97,7.03,4.28,54.7,0.0,66.4,8.2,95.6,453.0,47.3,125771.7,57792.4,0.0
232,80.98,100.0,2.157,2157.0,55.6,52.3,14.3,0.0,0.0,1530.0,149.94,55.3,98.0,1.97,7.03,4.28,53.4,0.0,66.5,8.3,95.6,453.0,47.3,125771.7,57793.1,0.0
233,82.69,100.0,1.922,1921.5,55.7,52.2,14.3,0.0,0.0,1530.0,148.41,55.6,97.0,1.98,6.79,4.28,53.3,0.0,66.4,0.6,95.5,453.0,47.3,125771.7,57790.6,0.0
234,80.68,100.0,1.966,1966.5,55.2,52.8,14.3,0.0,0.0,1530.0,149.94,55.4,98.0,1.98,6.79,4.28,53.4,0.0,66.4,8.4,95.6,453.0,47.3,125771.7,57789.1,0.0
235,82.71,100.0,1.948,1948.5,55.3,52.8,14.3,0.0,0.0,1530.0,148.41,55.5,97.0,1.98,6.79,4.28,53.7,0.0,66.5,8.2,95.6,449.0,47.3,125771.7,57789.9,0.0
236,82.48,100.0,1.976,1975.5,55.4,52.5,14.3,0.0,0.0,1530.0,149.94,55.9,98.0,1.98,6.79,4.28,53.8,0.0,66.4,8.2,95.7,450.0,47.3,125771.7,57791.3,0.0
237,81.62,100.0,2.074,2074.5,55.6,49.3,14.3,0.0,0.0,1530.0,149.94,55.7,98.0,1.98,6.79,4.28,50.1,0.0,66.4,0.6,95.5,450.0,47.3,125771.7,57791.3,0.0
238,78.36,100.0,2.192,2191.5,55.3,50.1,14.3,0.0,0.0,1530.0,148.41,55.8,97.0,1.98,6.49,4.26,51.3,0.0,66.5,8.3,95.6,450.0,47.3,125771.7,57791.9,0.0
239,76.62,100.0,2.256,2256.0,55.6,50.7,14.3,0.0,0.0,1530.0,149.94,56.0,98.0,1.98,6.49,4.26,51.7,0.0,66.4,8.2,95.7,450.0,47.3,125771.7,57784.8,0.0
240,78.53,100.0,2.283,2283.0,55.5,50.3,14.3,0.0,0.1,1530.0,148.41,56.0,97.0,1.98,6.49,4.26,51.4,0.0,66.4,0.6,95.5,450.0,47.3,125771.7,57788.7,0.0
241,80.2,100.0,2.464,2464.5,55.7,51.7,14.3,0.0,0.0,1530.0,148.41,56.2,97.0,1.98,6.49,4.26,52.3,0.0,66.5,8.2,94.4,450.0,47.3,125771.7,57785.2,0.0
242,82.42,100.0,2.426,2425.5,55.8,51.8,14.3,0.0,0.2,1530.0,149.94,56.2,98.0,1.98,6.49,4.26,53.1,0.0,66.4,8.3,95.5,450.0,47.3,125771.7,57784.2,0.0
243,51.47,100.0,2.517,2517.0,54.9,53.3,14.3,0.0,0.0,1530.0,149.94,54.8,98.0,2.01,6.45,4.29,53.2,0.0,66.5,7.9,70.1,450.0,47.0,125771.7,57397.9,0.0
244,61.38,100.0,2.289,2289.0,55.8,53.2,14.3,0.0,0.0,1530.0,148.41,54.7,97.0,2.01,6.45,4.29,54.3,0.0,66.4,0.6,94.6,450.0,47.0,125771.7,57400.8,0.0
245,61.69,100.0,2.009,2008.5,54.7,54.3,14.3,0.0,0.1,1530.0,148.41,55.1,97.0,2.01,6.45,4.29,55.6,0.0,66.4,7.8,94.3,450.0,46.9,125771.7,57376.0,0.0
246,71.77,100.0,2.272,2272.5,55.7,56.0,14.3,0.0,0.0,1530.0,148.41,55.0,97.0,2.01,6.45,4.29,57.7,0.0,66.5,7.8,94.4,450.0,47.3,125771.7,57846.4,0.0
247,78.08,100.0,1.958,1957.5,55.4,52.8,14.3,0.0,0.0,1530.0,148.41,55.6,97.0,2.01,6.45,4.29,53.6,0.0,66.4,0.6,94.6,450.0,47.3,125771.7,57842.1,0.0
248,78.27,100.0,2.3,2299.5,55.6,51.8,14.3,0.0,0.0,1530.0,149.94,56.1,98.0,2.03,6.41,4.32,53.0,0.0,66.4,8.1,94.6,450.0,47.3,125771.7,57826.2,0.0
249,80.43,100.0,2.264,2263.5,55.8,51.4,14.3,0.0,0.0,1530.0,145.35,56.4,95.0,2.03,6.41,4.32,52.3,0.0,66.4,8.1,94.4,450.0,47.3,125771.7,57821.7,0.0
250,78.92,100.0,1.868,1867.5,55.8,50.7,14.3,0.0,0.1,1530.0,149.94,56.6,98.0,2.03,6.41,4.32,51.9,0.0,66.5,8.3,93.2,450.0,47.3,125771.7,57815.3,0.0
251,77.89,100.0,2.156,2155.5,55.6,51.5,14.3,0.0,0.0,1530.0,148.41,56.4,97.0,2.03,6.41,4.32,52.3,0.0,66.4,0.5,92.0,450.0,47.3,125771.7,57812.0,0.0
252,83.72,100.0,2.056,2056.5,55.7,52.9,14.3,0.0,0.0,1530.0,122.4,56.3,80.0,2.03,6.41,4.32,54.1,0.0,66.4,8.2,94.4,448.0,47.3,125771.7,57802.6,0.0
253,78.87,100.0,2.21,2209.5,56.0,52.7,14.3,0.0,0.0,1530.0,149.94,56.7,98.0,2.11,7.26,4.53,53.9,0.0,66.4,8.2,94.4,448.0,47.3,125771.7,57801.8,0.0
254,79.18,100.0,2.156,2155.5,56.1,54.2,14.3,0.0,0.0,1530.0,148.41,56.7,97.0,2.11,7.26,4.53,55.3,0.0,66.4,8.3,93.3,448.0,47.3,125771.7,57798.0,0.0
255,38.51,100.0,2.364,2364.0,55.3,53.8,14.3,0.0,0.1,1530.0,0.0,54.3,0.0,2.11,7.26,4.53,54.4,0.0,66.5,0.6,92.0,448.0,47.8,125771.7,58519.2,0.0
256,63.66,100.0,2.31,2310.0,55.3,54.2,14.3,0.0,0.0,1530.0,149.94,55.2,98.0,2.11,7.26,4.53,55.5,0.0,66.4,8.3,94.3,448.0,46.8,125771.7,57221.3,0.0
257,57.08,100.0,2.154,2154.0,55.3,56.9,14.3,0.0,0.0,1530.0,148.41,55.3,97.0,2.11,7.26,4.53,57.9,0.0,66.4,8.4,91.9,448.0,46.8,125771.7,57230.9,0.0
258,37.22,100.0,2.601,2601.0,55.1,52.5,14.3,0.0,0.0,1530.0,0.0,53.5,0.0,2.13,7.24,4.57,53.5,0.0,66.4,0.5,92.9,448.0,46.4,125771.7,57222.8,0.0
259,79.91,100.0,2.508,2508.0,55.3,57.0,14.3,0.0,0.0,1530.0,148.41,55.8,97.0,2.13,7.24,4.57,58.3,0.0,66.5,8.2,92.9,448.0,47.2,125771.7,57723.9,0.0
260,68.95,100.0,2.164,2164.5,55.6,52.7,14.3,0.0,0.0,1530.0,133.11,56.2,87.0,2.13,7.24,4.57,54.3,0.0,66.4,8.2,94.3,448.0,47.2,125771.7,57715.6,0.0
261,81.84,100.0,2.246,2245.5,55.9,52.3,14.3,0.0,0.0,1530.0,149.94,56.4,98.0,2.13,7.24,4.57,53.7,0.0,66.4,8.2,93.5,448.0,47.2,125771.7,57715.2,0.0
262,80.71,100.0,2.094,2094.0,56.6,51.2,14.3,0.0,0.1,1530.0,149.94,56.7,98.0,2.13,7.24,4.57,52.5,0.0,66.4,0.6,93.3,448.0,47.2,125771.7,57714.0,0.0
263,80.08,100.0,2.182,2182.5,56.5,52.9,14.3,0.0,0.0,1530.0,119.34,56.3,78.0,2.17,7.3,4.63,53.9,0.0,66.4,8.2,93.3,448.0,47.2,125771.7,57719.6,0.0
264,80.71,100.0,2.265,2265.0,56.4,53.2,14.3,0.0,0.0,1530.0,149.94,57.1,98.0,2.17,7.3,4.63,54.3,0.0,66.4,8.3,92.9,448.0,47.2,125771.7,57721.7,0.0
265,80.66,100.0,1.864,1864.5,56.1,53.1,14.3,0.0,0.0,1530.0,148.41,56.8,97.0,2.17,7.3,4.63,54.3,0.0,66.5,0.5,92.9,448.0,47.2,125771.7,57713.6,0.0
266,81.82,100.0,1.839,1839.0,56.1,50.1,14.3,0.0,0.0,1530.0,140.76,56.8,92.0,2.17,7.3,4.63,51.7,0.0,66.3,8.1,93.3,448.0,47.2,125771.7,57713.6,0.0
267,77.08,100.0,1.876,1876.5,56.0,50.1,14.3,0.0,0.1,1530.0,149.94,57.1,98.0,2.17,7.3,4.63,52.1,0.0,66.4,8.0,92.8,448.0,47.2,125771.7,57712.1,0.0
268,81.99,100.0,1.904,1903.5,56.2,50.6,14.3,0.0,0.0,1530.0,148.41,57.0,97.0,2.19,7.19,4.65,52.1,0.0,66.4,0.4,93.2,448.0,47.2,125771.7,57712.7,0.0
269,73.83,100.0,1.796,1795.5,56.2,50.0,14.3,0.0,0.0,1530.0,142.29,57.3,93.0,2.19,7.19,4.65,51.0,0.0,66.4,8.0,92.9,449.0,47.2,125771.7,57712.5,0.0
270,79.54,100.0,1.894,1894.5,56.1,50.7,14.3,0.0,0.0,1530.0,149.94,57.1,98.0,2.19,7.19,4.65,51.7,0.0,66.4,8.0,92.9,449.0,47.2,125771.7,57712.4,0.0
271,78.85,100.0,2.047,2047.5,56.2,49.5,14.3,0.0,0.0,1530.0,148.41,57.1,97.0,2.19,7.19,4.65,50.4,0.0,66.4,0.4,93.2,449.0,47.2,125771.7,57722.3,0.0
272,80.07,100.0,2.084,2083.5,56.1,48.9,14.3,0.0,0.3,1530.0,149.94,57.1,98.0,2.19,7.19,4.65,49.3,0.0,66.3,8.0,93.3,449.0,47.2,125771.7,57722.6,0.0
273,79.47,100.0,2.047,2047.5,56.1,48.6,14.3,0.0,0.0,1530.0,148.41,57.2,97.0,2.24,7.58,4.77,49.7,0.0,66.4,8.0,93.4,449.0,47.2,125771.7,57720.1,0.0
274,78.82,100.0,2.047,2047.5,56.2,47.8,14.3,0.0,0.0,1530.0,149.94,57.2,98.0,2.24,7.58,4.77,49.6,0.0,66.4,0.3,94.4,449.0,47.2,125771.7,57712.6,0.0
275,70.31,100.0,2.038,2038.5,56.2,48.2,14.3,0.0,0.0,1530.0,133.11,57.2,87.0,2.24,7.58,4.77,49.1,0.0,66.4,8.2,92.9,449.0,47.2,125771.7,57717.3,0.0
276,68.74,100.0,2.481,2481.0,56.0,53.7,14.3,0.0,0.0,1530.0,149.94,55.9,98.0,2.24,7.58,4.77,54.9,0.0,65.1,8.1,94.0,449.0,45.8,125771.7,56006.1,0.0
277,63.34,100.0,2.506,2506.5,56.7,57.9,14.3,0.0,0.0,1530.0,148.41,55.9,97.0,2.24,7.58,4.77,58.6,0.0,67.3,0.6,94.4,449.0,45.9,125771.7,56048.2,0.0
278,62.95,100.0,2.246,2245.5,56.3,53.0,14.3,0.0,0.0,1530.0,149.94,56.2,98.0,2.27,7.61,4.82,53.9,0.0,66.4,8.5,93.3,449.0,45.8,125771.7,55987.4,0.0
279,68.25,100.0,2.35,2350.5,55.4,54.9,14.3,0.0,0.0,1530.0,148.41,56.2,97.0,2.27,7.61,4.82,56.0,0.0,65.5,8.2,94.4,449.0,46.2,125771.7,56483.1,0.0
280,79.08,100.0,2.056,2056.5,56.8,50.6,14.3,0.0,0.0,1530.0,149.94,56.8,98.0,2.27,7.61,4.82,51.4,0.0,67.7,0.6,94.3,449.0,46.2,125771.7,56477.7,0.0
281,79.66,100.0,1.904,1903.5,57.0,51.8,14.3,0.0,0.1,1530.0,148.41,57.2,97.0,2.27,7.61,4.82,52.8,0.0,66.7,8.4,94.3,449.0,46.2,125771.7,56476.9,0.0
282,80.89,100.0,2.3,2299.5,57.1,50.3,14.3,0.0,0.0,1530.0,149.94,57.3,98.0,2.27,7.61,4.82,51.7,0.0,66.4,8.5,94.5,447.0,46.2,125771.7,56480.6,0.0
283,79.39,100.0,2.354,2353.5,57.1,50.3,14.3,0.0,0.0,1530.0,137.7,57.2,90.0,2.29,7.4,4.83,51.3,0.0,65.9,0.6,94.4,447.0,46.2,125771.7,56476.5,0.0
284,77.31,100.0,2.217,2217.0,57.2,51.4,14.3,0.0,0.0,1530.0,148.41,57.4,97.0,2.29,7.4,4.83,52.8,0.0,66.8,8.2,94.3,445.0,46.2,125771.7,56477.0,0.0
285,81.44,100.0,2.055,2055.0,56.3,51.7,14.3,0.0,0.0,1530.0,149.94,57.5,98.0,2.29,7.4,4.83,52.7,0.0,62.0,8.3,94.4,445.0,46.2,125771.7,56476.3,0.0
286,39.6,100.0,2.598,2598.0,55.8,52.9,14.3,0.0,0.0,1440.0,11.52,54.8,8.0,2.29,7.4,4.83,53.5,0.0,67.2,0.7,95.6,445.0,46.2,125771.7,56503.0,0.0
287,66.34,100.0,1.856,1855.5,55.3,52.5,14.3,0.0,0.1,1530.0,148.41,55.4,97.0,2.29,7.4,4.83,53.6,0.0,67.2,7.9,96.8,443.0,44.8,125771.7,54719.9,0.0
288,61.76,100.0,2.218,2218.5,55.1,57.7,14.3,0.0,0.0,1530.0,149.94,55.8,98.0,2.32,7.53,4.9,58.7,0.0,63.6,8.3,95.5,443.0,44.8,125771.7,54736.1,0.0
289,38.31,100.0,2.391,2391.0,55.8,52.9,14.3,0.0,0.0,1530.0,0.0,54.2,0.0,2.32,7.53,4.9,54.1,0.0,66.2,7.8,94.4,443.0,44.4,125771.7,54715.9,0.0
290,78.74,100.0,2.198,2197.5,55.8,55.5,14.3,0.0,0.0,1530.0,148.41,56.5,97.0,2.32,7.53,4.9,56.6,0.0,66.6,0.7,95.4,443.0,45.2,125771.7,55222.0,0.0
291,83.72,100.0,2.236,2236.5,55.9,52.8,14.3,0.0,0.1,1530.0,148.41,57.1,97.0,2.32,7.53,4.9,53.8,0.0,66.3,7.8,95.7,443.0,45.2,125771.7,55223.2,0.0
292,80.24,100.0,2.271,2271.0,55.9,51.3,14.3,0.0,0.0,1530.0,149.94,57.2,98.0,2.32,7.53,4.9,52.6,0.0,66.7,8.4,90.2,443.0,45.2,125771.7,55220.7,0.0
293,80.53,100.0,2.416,2416.5,56.3,51.3,14.3,0.0,0.0,1530.0,148.41,57.1,97.0,2.35,7.49,4.93,51.7,0.0,66.3,0.5,88.2,443.0,45.2,125771.7,55218.7,0.0
294,80.81,100.0,2.326,2326.5,56.6,51.5,14.3,0.0,0.0,1530.0,149.94,57.2,98.0,2.35,7.49,4.93,52.8,0.0,66.6,8.4,93.0,443.0,45.2,125771.7,55219.9,0.0
295,79.97,100.0,2.433,2433.0,56.6,50.8,14.3,0.0,0.0,1530.0,149.94,57.3,98.0,2.35,7.49,4.93,52.4,0.0,66.3,8.3,94.1,441.0,45.2,125771.7,55222.9,0.0
296,80.26,100.0,2.434,2434.5,56.8,50.9,14.3,0.0,0.0,1530.0,149.94,57.7,98.0,2.35,7.49,4.93,52.1,0.0,66.5,0.6,93.2,441.0,45.2,125771.7,55223.1,0.0
297,79.95,100.0,2.154,2154.0,56.9,51.3,14.3,0.0,0.0,1530.0,148.41,57.7,97.0,2.35,7.49,4.93,52.4,0.0,66.2,8.1,93.1,441.0,45.2,125771.7,55220.0,0.0
298,79.33,100.0,2.408,2407.5,56.8,52.3,14.3,0.0,0.0,1530.0,148.41,57.6,97.0,2.36,7.21,4.92,53.8,0.0,66.5,8.4,94.2,441.0,45.2,125771.7,55219.5,0.0
299,81.33,100.0,2.156,2155.5,56.8,50.2,14.3,0.0,0.0,1530.0,149.94,58.0,98.0,2.36,7.21,4.92,51.4,0.0,66.6,8.2,93.0,441.0,45.2,125771.7,55219.9,0.0
300,83.0,100.0,2.163,2163.0,56.6,51.0,14.3,0.0,0.0,1530.0,148.41,57.7,97.0,2.36,7.21,4.92,52.2,0.0,66.5,8.2,92.9,442.0,45.2,125771.7,55223.8,0.0
301,87.35,100.0,2.289,2289.0,57.0,49.9,14.3,0.0,0.0,1530.0,148.41,57.9,97.0,2.36,7.21,4.92,51.2,0.0,66.5,0.6,93.2,440.0,45.2,125771.7,55229.4,0.0
302,40.73,100.0,2.127,2127.0,57.2,50.0,14.3,0.0,0.4,1530.0,73.44,57.0,48.0,2.36,7.21,4.92,51.4,0.0,66.3,8.4,94.3,440.0,45.2,125771.7,55241.2,0.0
303,82.7,100.0,1.938,1938.0,57.0,51.6,14.3,0.0,0.0,1530.0,145.35,58.0,95.0,2.38,7.19,4.95,52.6,0.0,66.6,8.2,94.5,440.0,45.2,125771.7,55237.2,0.0
304,81.53,100.0,2.118,2118.0,57.7,51.7,14.3,0.0,0.0,1530.0,146.88,58.0,96.0,2.38,7.19,4.95,53.3,0.0,66.9,8.2,95.4,440.0,45.2,125771.7,55229.4,0.0
305,72.39,100.0,2.362,2362.5,57.0,52.0,14.3,0.0,0.0,1530.0,102.51,57.3,67.0,2.38,7.19,4.95,53.2,0.0,65.6,0.6,93.3,440.0,45.2,125771.7,55230.3,0.0
306,79.72,100.0,2.436,2436.0,57.8,56.1,14.3,0.0,0.0,1530.0,146.88,57.1,96.0,2.38,7.19,4.95,57.4,0.0,66.8,8.3,94.3,440.0,46.3,125771.7,56563.3,0.0
307,78.95,100.0,2.426,2425.5,57.4,54.5,14.3,0.0,0.1,1530.0,146.88,57.8,96.0,2.38,7.19,4.95,55.9,0.0,66.9,8.2,95.6,440.0,46.3,125771.7,56547.0,0.0
308,80.23,100.0,2.274,2274.0,57.8,51.8,14.3,0.0,0.0,1530.0,148.41,58.1,97.0,2.45,7.82,5.12,53.3,0.0,66.0,0.6,94.3,440.0,46.3,125771.7,56546.6,0.0
309,82.37,100.0,2.48,2479.5,57.9,51.7,14.3,0.0,0.0,1530.0,148.41,58.1,97.0,2.45,7.82,5.12,52.7,0.0,66.8,8.2,94.6,440.0,46.3,125771.7,56543.6,0.0
310,83.38,100.0,2.182,2182.5,57.8,52.6,14.3,0.0,0.0,1530.0,146.88,58.2,96.0,2.45,7.82,5.12,54.1,0.0,66.4,8.4,94.3,440.0,46.3,125771.7,56548.0,0.0
311,82.69,100.0,2.256,2256.0,58.1,52.7,14.3,0.0,0.0,1530.0,136.17,57.8,89.0,2.45,7.82,5.12,53.9,0.0,66.5,0.5,94.0,440.0,46.3,125771.7,56534.4,0.0
312,65.41,100.0,2.254,2254.5,58.2,52.1,14.3,0.0,0.0,1530.0,114.75,57.9,75.0,2.45,7.82,5.12,53.4,0.0,65.1,8.2,95.5,440.0,46.3,125771.7,56540.2,0.0
313,86.71,100.0,2.445,2445.0,57.8,52.9,14.3,0.0,0.0,1530.0,149.94,58.2,98.0,2.48,7.83,5.17,54.0,0.0,66.5,8.2,94.6,440.0,46.3,125771.7,56541.2,0.0
314,88.67,100.0,2.373,2373.0,58.0,51.9,14.3,0.0,0.0,1530.0,149.94,58.3,98.0,2.48,7.83,5.17,52.9,0.0,66.9,0.6,94.5,440.0,46.3,125771.7,56539.6,0.0
315,81.9,100.0,2.328,2328.0,57.8,51.4,14.3,0.0,0.0,1530.0,148.41,58.7,97.0,2.48,7.83,5.17,52.8,0.0,65.9,8.3,94.5,440.0,46.3,125771.7,56543.6,0.0
316,83.65,100.0,2.391,2391.0,57.4,52.9,14.3,0.0,0.0,1530.0,149.94,58.1,98.0,2.48,7.83,5.17,54.5,0.0,66.5,8.4,95.5,440.0,46.3,125771.7,56539.0,0.0
317,84.73,100.0,2.282,2281.5,58.4,51.9,14.3,0.0,0.1,1530.0,148.41,58.5,97.0,2.48,7.83,5.17,53.4,0.0,66.4,8.2,92.7,439.0,46.3,125771.7,56529.9,0.0
318,81.4,100.0,2.336,2335.5,58.5,52.6,14.3,0.0,0.0,1530.0,148.41,58.2,97.0,2.49,7.61,5.16,53.8,0.0,66.4,0.6,93.1,439.0,46.3,125771.7,56528.6,0.0
319,84.59,100.0,2.272,2272.5,57.8,52.0,14.3,0.0,0.0,1530.0,148.41,58.2,97.0,2.49,7.61,5.16,53.4,0.0,66.4,8.1,94.3,439.0,46.3,125771.7,56539.0,0.0
320,82.1,100.0,2.236,2236.5,58.0,52.2,14.3,0.0,0.0,1530.0,148.41,58.4,97.0,2.49,7.61,5.16,53.4,0.0,66.5,8.4,93.2,439.0,46.3,125771.7,56540.0,0.0
321,82.66,100.0,2.289,2289.0,58.5,51.3,14.3,0.0,0.1,1530.0,145.35,58.4,95.0,2.49,7.61,5.16,52.6,0.0,66.4,0.5,94.1,440.0,46.3,125771.7,56533.2,0.0
322,81.92,100.0,2.582,2581.5,57.8,51.9,14.3,0.0,0.0,1530.0,148.41,58.4,97.0,2.49,7.61,5.16,53.6,0.0,66.4,8.3,94.4,440.0,46.3,125771.7,56526.7,0.0
323,81.51,100.0,2.064,2064.0,58.2,52.4,14.3,0.0,0.0,1530.0,149.94,58.6,98.0,2.51,7.48,5.18,53.4,0.0,66.5,8.2,93.1,440.0,46.3,125771.7,56532.3,0.0
324,88.56,100.0,2.272,2272.5,58.3,52.5,14.3,0.0,0.0,1530.0,145.35,58.8,95.0,2.51,7.48,5.18,53.9,0.0,66.4,8.4,94.5,440.0,46.3,125771.7,56532.0,0.0
325,80.79,100.0,2.228,2227.5,58.3,51.8,14.3,0.0,0.0,1530.0,148.41,58.6,97.0,2.51,7.48,5.18,52.9,0.0,66.4,0.5,94.2,440.0,46.3,125771.7,56536.9,0.0
326,82.0,100.0,2.526,2526.0,58.2,50.3,14.3,0.0,0.0,1530.0,149.94,58.6,98.0,2.51,7.48,5.18,51.9,0.0,66.4,8.2,93.3,440.0,46.3,125771.7,56542.9,0.0
327,85.3,100.0,2.343,2343.0,58.2,51.2,14.3,0.0,0.0,1530.0,149.94,58.8,98.0,2.51,7.48,5.18,52.7,0.0,66.5,8.1,93.9,440.0,46.3,125771.7,56546.1,0.0
328,82.22,100.0,2.118,2118.0,58.2,51.6,14.3,0.0,0.0,1530.0,148.41,58.8,97.0,2.56,7.84,5.29,52.6,0.0,66.4,0.6,93.4,440.0,46.3,125771.7,56543.5,0.0
329,41.32,100.0,2.601,2601.0,57.9,57.4,14.3,0.0,0.0,1287.0,5.15,55.8,4.0,2.56,7.84,5.29,58.3,0.0,66.4,8.2,94.4,440.0,48.3,125771.7,59081.2,0.0
330,57.48,100.0,2.38,2380.5,57.1,52.2,14.3,0.0,0.0,1530.0,148.41,56.8,97.0,2.56,7.84,5.29,53.6,0.0,66.4,8.3,94.2,440.0,46.9,125771.7,57343.3,0.0
331,59.5,100.0,2.274,2274.0,57.7,57.1,14.3,0.0,0.0,1530.0,148.41,56.8,97.0,2.56,7.84,5.29,57.8,0.0,66.5,0.5,91.2,440.0,46.9,125771.7,57338.5,0.0
332,38.65,100.0,2.265,2265.0,57.9,53.9,14.3,0.0,0.4,1521.0,0.0,55.4,0.0,2.56,7.84,5.29,55.0,0.0,66.4,8.3,93.0,440.0,46.6,125771.7,57453.8,0.0
333,68.38,100.0,2.047,2047.5,57.4,55.4,14.3,0.0,0.1,1530.0,126.99,57.7,83.0,2.62,8.17,5.4,56.4,0.0,66.4,8.3,95.2,440.0,47.3,125771.7,57813.0,0.0
334,82.17,100.0,2.436,2436.0,57.8,51.7,14.3,0.0,0.0,1530.0,148.41,58.0,97.0,2.62,8.17,5.4,52.7,0.0,66.4,0.6,90.5,440.0,47.3,125771.7,57814.1,0.0
335,80.65,100.0,2.067,2067.0,57.6,51.3,14.3,0.0,0.0,1530.0,148.41,58.2,97.0,2.62,8.17,5.4,52.2,0.0,66.4,8.2,94.6,440.0,47.3,125771.7,57812.4,0.0
336,83.6,100.0,2.146,2146.5,57.9,52.6,14.3,0.0,0.0,1530.0,142.29,58.2,93.0,2.62,8.17,5.4,53.9,0.0,66.4,8.2,94.3,440.0,47.3,125771.7,57813.0,0.0
337,80.73,100.0,1.858,1858.5,57.8,49.4,14.3,0.0,0.0,1530.0,149.94,58.2,98.0,2.62,8.17,5.4,51.2,0.0,66.4,0.4,94.4,440.0,47.3,125771.7,57809.8,0.0
338,80.49,100.0,1.821,1821.0,57.8,47.3,14.3,0.0,0.1,1530.0,149.94,58.3,98.0,2.63,7.92,5.4,48.5,0.0,66.4,8.0,94.4,440.0,47.3,125771.7,57812.0,0.0
339,81.37,100.0,1.83,1830.0,57.8,46.5,14.3,0.0,0.0,1530.0,123.93,58.1,81.0,2.63,7.92,5.4,47.8,0.0,66.4,8.0,94.4,440.0,47.3,125771.7,57813.7,0.0
340,80.53,100.0,1.84,1840.5,57.9,47.3,14.3,0.0,0.0,1530.0,149.94,58.4,98.0,2.63,7.92,5.4,48.6,0.0,66.4,0.4,94.2,440.0,47.3,125771.7,57811.1,0.0
341,80.9,100.0,1.794,1794.0,57.9,48.5,14.3,0.0,0.0,1530.0,148.41,58.4,97.0,2.63,7.92,5.4,50.4,0.0,66.4,8.0,94.4,440.0,47.3,125771.7,57810.9,0.0
342,82.41,100.0,1.83,1830.0,58.1,48.8,14.3,0.0,0.0,1530.0,148.41,58.6,97.0,2.63,7.92,5.4,50.0,0.0,66.4,8.1,94.3,440.0,47.3,125771.7,57810.9,0.0
343,82.91,100.0,1.83,1830.0,58.1,49.2,14.3,0.0,0.0,1530.0,149.94,58.6,98.0,2.67,8.17,5.49,50.6,0.0,66.3,8.0,93.4,440.0,47.3,125771.7,57823.7,0.0
344,80.72,100.0,1.803,1803.0,58.1,48.1,14.3,0.0,0.0,1530.0,149.94,58.5,98.0,2.67,8.17,5.49,49.9,0.0,66.4,0.4,94.2,440.0,47.3,125771.7,57822.9,0.0
345,79.82,100.0,1.776,1776.0,58.1,49.8,14.3,0.0,0.0,1530.0,148.41,58.6,97.0,2.67,8.17,5.49,50.9,0.0,66.4,7.9,94.6,440.0,47.3,125771.7,57807.9,0.0
346,81.76,100.0,1.776,1776.0,58.0,49.8,14.3,0.0,0.0,1530.0,148.41,58.6,97.0,2.67,8.17,5.49,51.1,0.0,66.4,8.1,94.2,440.0,47.3,125771.7,57807.8,0.0
347,54.2,100.0,2.49,2490.0,57.5,55.6,14.3,0.0,0.0,1530.0,149.94,57.6,98.0,2.67,8.17,5.49,57.1,0.0,66.5,8.4,94.3,440.0,45.9,125771.7,56079.8,0.0
348,61.75,100.0,2.58,2580.0,58.0,55.2,14.3,0.0,0.0,1530.0,149.94,57.2,98.0,2.7,8.15,5.53,56.3,0.0,66.4,0.6,92.8,440.0,45.9,125771.7,56090.7,0.0
349,62.67,100.0,2.254,2254.5,56.7,54.7,14.3,0.0,0.0,1530.0,148.41,57.5,97.0,2.7,8.15,5.53,56.0,0.0,66.5,8.5,94.1,440.0,45.9,125771.7,56067.9,0.0
350,64.1,100.0,2.283,2283.0,56.8,56.0,14.3,0.0,0.0,1530.0,148.41,57.4,97.0,2.7,8.15,5.53,57.0,0.0,66.4,8.4,91.5,440.0,45.9,125771.7,56075.9,0.0
351,78.76,100.0,2.13,2130.0,57.7,53.1,14.3,0.0,0.0,1530.0,148.41,58.6,97.0,2.7,8.15,5.53,53.9,0.0,66.5,0.7,93.1,440.0,46.3,125771.7,56558.9,0.0
352,77.86,100.0,2.326,2326.5,57.6,50.5,14.3,0.0,0.0,1530.0,149.94,58.8,98.0,2.7,8.15,5.53,51.8,0.0,66.5,8.2,94.0,440.0,46.3,125771.7,56559.2,0.0
353,66.0,100.0,2.208,2208.0,58.0,50.5,14.3,0.0,0.1,1530.0,128.52,58.8,84.0,2.73,8.14,5.57,51.8,0.0,66.4,8.4,94.6,440.0,46.3,125771.7,56561.3,0.0
354,80.71,100.0,2.49,2490.0,57.8,48.7,14.3,0.0,0.0,1530.0,148.41,58.7,97.0,2.73,8.14,5.57,49.7,0.0,66.5,0.5,94.2,440.0,46.3,125771.7,56561.3,0.0
355,78.9,100.0,2.31,2310.0,57.9,51.8,14.3,0.0,0.0,1530.0,149.94,58.8,98.0,2.73,8.14,5.57,53.1,0.0,66.5,8.4,95.3,440.0,46.3,125771.7,56561.5,0.0
356,77.79,100.0,1.948,1948.5,58.1,53.7,14.3,0.0,0.0,1530.0,148.41,59.1,97.0,2.73,8.14,5.57,55.1,0.0,66.4,8.4,94.0,440.0,46.3,125771.7,56558.1,0.0
357,79.69,100.0,2.21,2209.5,58.2,53.8,14.3,0.0,0.0,1530.0,148.41,59.2,97.0,2.73,8.14,5.57,55.3,0.0,66.5,8.3,95.2,440.0,46.3,125771.7,56557.3,0.0
358,80.29,100.0,2.292,2292.0,58.1,53.0,14.3,0.0,0.0,1530.0,149.94,59.0,98.0,2.79,8.53,5.69,54.5,0.0,66.5,8.3,94.0,440.0,46.3,125771.7,56560.6,0.0
359,38.63,100.0,2.589,2589.0,57.8,52.2,14.3,0.0,0.0,1530.0,13.77,56.6,9.0,2.79,8.53,5.69,53.0,0.0,66.5,0.6,95.3,440.0,46.3,125771.7,56560.8,0.0
360,56.89,100.0,2.47,2470.5,57.0,53.5,14.3,0.0,0.0,1530.0,148.41,57.4,97.0,2.79,8.53,5.69,55.0,0.0,66.4,8.4,95.2,440.0,44.9,125771.7,54876.5,0.0
361,61.68,100.0,2.472,2472.0,58.6,59.1,14.3,0.0,0.0,1530.0,148.41,57.5,97.0,2.79,8.53,5.69,60.1,0.0,66.5,8.3,95.3,440.0,45.0,125771.7,54897.0,0.0
362,35.8,100.0,2.271,2271.0,56.9,55.4,14.3,0.0,0.6,1530.0,1.53,56.3,1.0,2.79,8.53,5.69,56.4,0.0,66.4,8.2,91.7,440.0,44.9,125771.7,54868.1,0.0
363,79.81,100.0,2.418,2418.0,57.8,57.5,14.3,0.0,0.0,1530.0,146.88,58.1,96.0,2.81,8.41,5.72,58.4,0.0,66.5,0.6,92.2,440.0,45.3,125771.7,55362.9,0.0
364,79.54,100.0,2.202,2202.0,58.7,52.8,14.3,0.0,0.0,1530.0,148.41,58.6,97.0,2.81,8.41,5.72,54.3,0.0,66.5,8.4,93.0,440.0,45.3,125771.7,55346.7,0.0
365,76.65,100.0,2.174,2173.5,58.0,52.0,14.3,0.0,0.0,1530.0,149.94,58.6,98.0,2.81,8.41,5.72,53.3,0.0,66.4,7.8,93.2,440.0,45.3,125771.7,55348.8,0.0
366,79.39,100.0,2.037,2037.0,58.2,53.0,14.3,0.0,0.0,1530.0,148.41,58.9,97.0,2.81,8.41,5.72,54.3,0.0,66.5,8.4,92.9,439.0,45.3,125771.7,55346.2,0.0
367,81.17,100.0,2.148,2148.0,58.4,52.6,14.3,0.0,0.0,1530.0,148.41,59.0,97.0,2.81,8.41,5.72,54.2,0.0,66.4,0.5,93.1,439.0,45.3,125771.7,55348.6,0.0
368,78.06,100.0,2.289,2289.0,58.5,54.4,14.3,0.0,0.0,1530.0,149.94,59.2,98.0,2.82,8.13,5.7,55.7,0.0,66.5,8.4,94.3,439.0,45.3,125771.7,55345.3,0.0
369,80.38,100.0,2.055,2055.0,58.7,55.6,14.3,0.0,0.0,1530.0,149.94,58.9,98.0,2.82,8.13,5.7,57.4,0.0,66.4,8.2,93.0,439.0,45.3,125771.7,55349.3,0.0
370,81.37,100.0,2.184,2184.0,58.4,51.1,14.3,0.0,0.0,1530.0,149.94,59.2,98.0,2.82,8.13,5.7,52.0,0.0,66.5,0.7,92.9,439.0,45.3,125771.7,55348.8,0.0
371,79.96,100.0,1.938,1938.0,58.5,53.1,14.3,0.0,0.0,1530.0,148.41,59.3,97.0,2.82,8.13,5.7,54.3,0.0,66.5,8.2,93.3,439.0,45.3,125771.7,55346.0,0.0
372,79.1,100.0,2.328,2328.0,58.5,54.7,14.3,0.0,0.1,1530.0,149.94,59.1,98.0,2.82,8.13,5.7,56.3,0.0,66.4,8.4,93.0,439.0,45.3,125771.7,55349.7,0.0
373,78.65,100.0,2.184,2184.0,58.8,53.4,14.3,0.0,0.0,1530.0,148.41,59.2,97.0,2.84,8.04,5.73,54.7,0.0,66.5,0.6,94.1,439.0,45.3,125771.7,55346.2,0.0
374,80.43,100.0,2.236,2236.5,59.1,55.4,14.3,0.0,0.0,1530.0,149.94,59.5,98.0,2.84,8.04,5.73,57.0,0.0,66.4,8.3,94.2,439.0,45.3,125771.7,55349.8,0.0
375,82.45,100.0,2.246,2245.5,58.8,54.7,14.3,0.0,0.0,1530.0,149.94,59.4,98.0,2.84,8.04,5.73,56.2,0.0,66.5,8.3,92.9,439.0,45.3,125771.7,55350.0,0.0
376,85.51,100.0,2.29,2290.5,58.9,53.3,14.3,0.0,0.0,1530.0,149.94,59.8,98.0,2.84,8.04,5.73,54.5,0.0,66.4,0.6,94.0,439.0,45.3,125771.7,55348.9,0.0
377,85.79,100.0,2.092,2092.5,58.8,51.7,14.3,0.0,0.0,1530.0,149.94,59.4,98.0,2.84,8.04,5.73,52.9,0.0,66.5,8.3,93.0,439.0,45.3,125771.7,55349.0,0.0
378,65.81,100.0,2.12,2119.5,57.9,53.8,14.3,0.0,0.0,1530.0,148.41,57.7,97.0,2.91,8.6,5.88,55.3,0.0,66.4,8.3,94.0,439.0,45.9,125771.7,56125.7,0.0
379,64.13,100.0,2.328,2328.0,58.0,56.4,14.3,0.0,0.0,1530.0,148.41,57.5,97.0,2.91,8.6,5.88,57.5,0.0,66.5,8.3,93.2,439.0,45.9,125771.7,56128.8,0.0
380,62.22,100.0,2.229,2229.0,57.6,53.1,14.3,0.0,0.0,1530.0,149.94,58.0,98.0,2.91,8.6,5.88,54.7,0.0,66.4,8.3,92.9,439.0,45.9,125771.7,56121.3,0.0
381,82.98,100.0,2.175,2175.0,57.2,53.6,14.3,0.0,0.1,1530.0,149.94,57.9,98.0,2.91,8.6,5.88,54.2,0.0,66.5,0.6,89.4,439.0,45.9,125771.7,56126.7,0.0
382,77.39,100.0,2.208,2208.0,58.2,53.7,14.3,0.0,0.0,1530.0,149.94,58.8,98.0,2.91,8.6,5.88,54.4,0.0,66.5,8.3,94.1,439.0,46.3,125771.7,56614.8,0.0
383,77.06,100.0,1.864,1864.5,58.4,52.1,14.3,0.0,0.0,1530.0,148.41,58.7,97.0,2.91,8.15,5.83,53.3,0.0,66.4,8.2,93.4,439.0,46.3,125771.7,56617.2,0.0
384,79.31,100.0,1.803,1803.0,58.5,52.7,14.3,0.0,0.0,1530.0,149.94,58.9,98.0,2.91,8.15,5.83,54.3,0.0,62.0,8.3,94.2,439.0,46.3,125771.7,56621.1,0.0
385,76.0,100.0,2.112,2112.0,58.6,51.4,14.3,0.0,0.0,1530.0,149.94,58.8,98.0,2.91,8.15,5.83,53.3,0.0,64.8,0.6,94.0,439.0,46.3,125771.7,56620.9,0.0
386,79.33,100.0,2.102,2101.5,58.7,51.3,14.3,0.0,0.0,1530.0,149.94,58.9,98.0,2.91,8.15,5.83,52.4,0.0,66.4,8.3,94.2,439.0,46.3,125771.7,56634.5,0.0
387,83.23,100.0,2.118,2118.0,58.9,51.3,14.3,0.0,0.0,1530.0,149.94,59.1,98.0,2.91,8.15,5.83,52.3,0.0,66.5,8.2,93.4,439.0,46.3,125771.7,56618.6,0.0
388,77.54,100.0,1.974,1974.0,58.8,51.9,14.3,0.0,0.0,1530.0,149.94,59.1,98.0,2.93,8.06,5.85,53.7,0.0,66.4,0.7,93.8,439.0,46.3,125771.7,56623.3,0.0
389,59.3,100.0,2.244,2244.0,58.8,53.5,14.3,0.0,0.1,1530.0,130.05,59.0,85.0,2.93,8.06,5.85,54.8,0.0,66.5,8.3,94.3,439.0,46.3,125771.7,56620.7,0.0
390,37.28,100.0,2.372,2371.5,58.3,54.5,14.3,0.0,0.0,1449.0,1.45,56.8,1.0,2.93,8.06,5.85,56.0,0.0,66.4,8.4,94.4,439.0,47.4,125771.7,57906.2,0.0
391,37.3,100.0,2.3,2299.5,57.8,59.6,14.3,0.0,0.0,1026.0,12.31,55.8,12.0,2.93,8.06,5.85,60.4,0.0,66.5,0.5,94.2,439.0,47.3,125771.7,57892.4,0.0
392,32.42,100.0,2.316,2316.0,56.6,59.3,14.3,0.0,0.4,621.0,8.69,55.3,14.0,2.93,8.06,5.85,60.4,0.0,66.4,7.9,93.1,439.0,47.3,125771.7,57888.9,0.0
393,32.28,100.0,2.444,2443.5,56.2,55.9,14.3,0.0,0.0,315.0,7.24,54.9,23.0,2.94,7.81,5.84,57.1,0.0,66.5,8.4,92.3,438.0,46.3,125771.7,56635.6,0.0
394,34.45,100.0,2.462,2461.5,55.9,53.3,14.3,0.0,0.1,315.0,2.2,54.6,7.0,2.94,7.81,5.84,54.4,0.0,66.4,0.6,93.2,438.0,46.3,125771.7,56637.8,0.0
395,36.8,100.0,2.362,2362.5,55.6,53.1,14.3,0.0,0.0,315.0,7.24,54.3,23.0,2.94,7.81,5.84,53.6,0.0,66.4,8.2,92.9,438.0,46.3,125771.7,56631.0,0.0
396,80.06,100.0,2.145,2145.0,56.5,52.5,14.3,0.0,0.0,1530.0,143.82,56.7,94.0,2.94,7.81,5.84,54.0,0.0,66.5,8.3,93.0,438.0,46.3,125771.7,56637.1,0.0
397,83.04,100.0,2.217,2217.0,57.0,52.7,14.3,0.0,0.0,1530.0,143.82,57.4,94.0,2.94,7.81,5.84,54.0,0.0,66.4,8.2,93.0,438.0,46.3,125771.7,56630.0,0.0
398,82.28,100.0,2.066,2065.5,57.4,51.8,14.3,0.0,0.0,1530.0,148.41,57.6,97.0,2.98,7.91,5.89,53.0,0.0,67.3,0.7,93.9,438.0,46.4,125771.7,56642.8,0.0
399,81.77,100.0,1.82,1819.5,57.6,53.7,14.3,0.0,0.0,1530.0,148.41,58.0,97.0,2.98,7.91,5.89,55.2,0.0,65.8,8.2,93.3,438.0,46.3,125771.7,56632.2,0.0
400,80.15,100.0,1.956,1956.0,57.9,51.6,14.3,0.0,0.1,1530.0,148.41,58.0,97.0,2.98,7.91,5.89,53.1,0.0,66.2,8.3,93.1,438.0,46.3,125771.7,56625.7,0.0
401,79.05,100.0,1.99,1990.5,57.8,50.6,14.3,0.0,0.0,1530.0,148.41,58.2,97.0,2.98,7.91,5.89,51.9,0.0,66.5,0.6,94.1,438.0,46.3,125771.7,56629.2,0.0
402,81.4,100.0,1.794,1794.0,57.9,50.7,14.3,0.0,0.0,1530.0,148.41,58.7,97.0,2.98,7.91,5.89,51.7,0.0,66.4,8.3,93.2,438.0,46.3,125771.7,56629.6,0.0
403,82.26,100.0,2.154,2154.0,57.9,51.4,14.3,0.0,0.0,1530.0,148.41,58.4,97.0,3.03,8.24,5.99,52.6,0.0,66.5,8.2,93.1,438.0,46.3,125771.7,56630.0,0.0
404,80.76,100.0,1.846,1846.5,58.0,51.4,14.3,0.0,0.0,1530.0,148.41,58.3,97.0,3.03,8.24,5.99,52.5,0.0,66.4,0.6,93.5,438.0,46.3,125771.7,56633.1,0.0
405,81.39,100.0,1.983,1983.0,58.2,51.2,14.3,0.0,0.0,1530.0,148.41,58.7,97.0,3.03,8.24,5.99,52.8,0.0,66.6,8.3,94.4,438.0,46.3,125771.7,56626.4,0.0
406,82.73,100.0,1.91,1909.5,58.2,51.9,14.3,0.0,0.0,1530.0,149.94,58.6,98.0,3.03,8.24,5.99,53.4,0.0,67.0,8.3,93.0,438.0,46.3,125771.7,56626.8,0.0
407,84.2,100.0,1.936,1936.5,58.0,52.3,14.3,0.0,0.0,1530.0,146.88,58.8,96.0,3.03,8.24,5.99,52.5,0.0,66.4,8.1,93.3,438.0,46.3,125771.7,56626.4,0.0
408,82.03,100.0,2.146,2146.5,58.2,52.7,14.3,0.0,0.0,1530.0,149.94,58.7,98.0,3.04,8.06,5.99,54.0,0.0,66.3,0.6,95.6,438.0,46.3,125771.7,56630.5,0.0
409,37.49,100.0,2.454,2454.0,57.1,59.0,14.3,0.0,0.0,1224.0,6.12,55.9,5.0,3.04,8.06,5.99,59.6,0.0,66.5,8.3,94.3,438.0,47.3,125771.7,57870.1,0.0
410,34.58,100.0,2.1,2100.0,57.2,60.3,14.3,0.0,0.0,801.0,3.2,55.2,4.0,3.04,8.06,5.99,61.5,0.0,67.5,8.4,94.3,438.0,47.3,125771.7,57854.8,0.0
411,81.23,100.0,2.128,2128.5,57.6,55.7,14.3,0.0,0.1,1530.0,149.94,58.1,98.0,3.04,8.06,5.99,56.9,0.0,66.6,0.5,94.4,438.0,47.3,125771.7,57859.4,0.0
412,81.14,100.0,1.884,1884.0,57.9,50.6,14.3,0.0,0.0,1530.0,148.41,58.5,97.0,3.04,8.06,5.99,52.1,0.0,68.3,8.3,94.1,438.0,47.3,125771.7,57852.8,0.0
413,77.96,100.0,2.146,2146.5,57.8,52.7,14.3,0.0,0.0,1530.0,149.94,58.5,98.0,3.06,7.97,6.01,53.6,0.0,65.6,8.2,94.4,438.0,47.3,125771.7,57853.0,0.0
414,79.23,100.0,2.121,2121.0,58.0,52.1,14.3,0.0,0.0,1530.0,148.41,58.8,97.0,3.06,7.97,6.01,53.3,0.0,67.5,8.2,94.5,438.0,47.3,125771.7,57853.7,0.0
415,78.48,100.0,2.308,2308.5,58.1,50.6,14.3,0.0,0.0,1530.0,148.41,58.8,97.0,3.06,7.97,6.01,51.2,0.0,68.5,0.5,94.4,438.0,47.3,125771.7,57861.2,0.0
416,78.57,100.0,2.229,2229.0,58.1,50.4,14.3,0.0,0.1,1530.0,149.94,58.9,98.0,3.06,7.97,6.01,51.2,0.0,64.9,8.3,94.7,438.0,47.3,125771.7,57849.9,0.0
417,80.43,100.0,2.12,2119.5,58.7,51.8,14.3,0.0,0.0,1530.0,149.94,59.0,98.0,3.06,7.97,6.01,53.4,0.0,66.4,8.3,94.5,438.0,47.3,125771.7,57853.2,0.0
418,84.11,100.0,2.235,2235.0,58.4,52.2,14.3,0.0,0.0,1530.0,148.41,59.4,97.0,3.07,7.73,5.99,52.8,0.0,66.9,8.2,93.5,438.0,47.3,125771.7,57858.3,0.0
419,80.25,100.0,2.326,2326.5,58.5,51.4,14.3,0.0,0.0,1530.0,146.88,58.8,96.0,3.07,7.73,5.99,52.5,0.0,67.0,0.6,95.6,438.0,47.3,125771.7,57857.5,0.0
420,80.05,100.0,2.526,2526.0,58.2,51.4,14.3,0.0,0.0,1530.0,149.94,58.9,98.0,3.07,7.73,5.99,51.9,0.0,66.3,8.1,91.2,438.0,47.3,125771.7,57861.2,0.0
421,84.65,100.0,2.271,2271.0,58.7,51.6,14.3,0.0,0.0,1530.0,148.41,59.2,97.0,3.07,7.73,5.99,52.5,0.0,65.6,8.2,94.2,438.0,47.3,125771.7,57857.9,0.0
422,84.39,100.0,2.308,2308.5,58.6,51.5,14.3,0.0,0.0,1530.0,149.94,59.3,98.0,3.07,7.73,5.99,52.8,0.0,68.0,0.6,95.5,438.0,47.3,125771.7,57854.1,0.0
423,81.99,100.0,2.199,2199.0,59.1,50.7,14.3,0.0,0.4,1530.0,149.94,59.4,98.0,3.13,8.16,6.11,51.9,0.0,66.4,8.2,95.0,438.0,47.3,125771.7,57866.4,0.0
424,80.59,100.0,2.354,2353.5,58.8,52.0,14.3,0.0,0.1,1530.0,146.88,59.4,96.0,3.13,8.16,6.11,53.3,0.0,66.4,8.3,95.5,438.0,47.3,125771.7,57866.6,0.0
425,81.93,100.0,2.354,2353.5,58.8,50.9,14.3,0.0,0.0,1530.0,148.41,59.4,97.0,3.13,8.16,6.11,51.7,0.0,66.4,0.5,94.2,438.0,47.3,125771.7,57854.7,0.0
426,83.36,100.0,2.091,2091.0,59.0,51.8,14.3,0.0,0.0,1530.0,149.94,59.6,98.0,3.13,8.16,6.11,53.1,0.0,66.5,8.2,95.3,438.0,47.3,125771.7,57853.8,0.0
427,83.24,100.0,1.976,1975.5,59.1,52.0,14.3,0.0,0.0,1530.0,148.41,59.5,97.0,3.13,8.16,6.11,53.1,0.0,66.4,8.2,95.5,438.0,47.3,125771.7,57858.1,0.0
428,81.95,100.0,1.876,1876.5,59.1,52.4,14.3,0.0,0.0,1530.0,148.41,59.5,97.0,3.13,7.74,6.06,53.7,0.0,66.4,0.6,95.4,438.0,47.3,125771.7,57857.5,0.0
429,83.51,100.0,2.0,1999.5,59.2,52.4,14.3,0.0,0.0,1530.0,149.94,59.6,98.0,3.13,7.74,6.06,53.5,0.0,66.4,8.2,94.3,438.0,47.3,125771.7,57857.4,0.0
430,85.16,100.0,2.157,2157.0,59.2,55.0,14.3,0.0,0.0,1530.0,149.94,59.7,98.0,3.13,7.74,6.06,55.7,0.0,66.4,8.2,94.6,438.0,47.3,125771.7,57856.1,0.0
431,82.47,100.0,1.984,1984.5,58.9,53.4,14.3,0.0,0.0,1530.0,149.94,59.5,98.0,3.13,7.74,6.06,54.5,0.0,66.5,8.2,90.8,438.0,47.3,125771.7,57860.1,0.0
432,64.24,100.0,2.066,2065.5,58.8,47.0,14.3,0.0,0.1,1530.0,123.93,59.7,81.0,3.13,7.74,6.06,48.3,0.0,66.3,0.4,94.2,438.0,47.3,125771.7,57855.1,0.0
433,80.81,100.0,2.056,2056.5,58.5,47.1,14.3,0.0,0.0,1530.0,149.94,59.5,98.0,3.14,7.52,6.04,48.2,0.0,66.3,8.0,94.9,438.0,47.3,125771.7,57852.1,0.0
434,81.24,100.0,2.002,2002.5,59.4,47.6,14.3,0.0,0.0,1530.0,149.94,59.6,98.0,3.14,7.52,6.04,48.8,0.0,66.5,8.1,93.0,438.0,47.3,125771.7,57854.6,0.0
435,80.06,100.0,2.058,2058.0,59.2,46.8,14.3,0.0,0.0,1530.0,142.29,59.7,93.0,3.14,7.52,6.04,48.3,0.0,66.4,0.4,94.2,438.0,47.3,125771.7,57856.7,0.0
436,81.46,100.0,2.166,2166.0,59.5,47.9,14.3,0.0,0.0,1530.0,149.94,59.6,98.0,3.14,7.52,6.04,49.2,0.0,66.4,8.3,93.2,438.0,47.3,125771.7,57857.2,0.0
437,82.8,100.0,2.056,2056.5,59.4,47.9,14.3,0.0,0.1,1530.0,149.94,59.7,98.0,3.14,7.52,6.04,49.9,0.0,62.6,8.1,94.0,438.0,47.3,125771.7,57857.3,0.0
438,80.56,100.0,2.002,2002.5,59.2,48.1,14.3,0.0,0.0,1530.0,146.88,59.8,96.0,3.15,7.32,6.02,49.7,0.0,67.2,0.4,92.9,438.0,47.3,125771.7,57858.2,0.0
439,32.79,100.0,2.056,2056.5,58.4,48.6,14.3,0.0,0.0,1530.0,0.0,58.0,0.0,3.15,7.32,6.02,49.6,0.0,66.8,8.0,94.4,438.0,47.3,125771.7,57854.3,0.0
440,38.37,100.0,2.272,2272.5,57.9,46.0,14.3,0.0,0.0,1152.0,0.0,56.7,0.0,3.15,7.32,6.02,47.3,0.0,66.3,8.3,93.7,438.0,47.3,125771.7,57850.8,0.0
441,32.72,100.0,1.846,1846.5,57.5,46.6,14.3,0.0,0.0,765.0,0.0,56.1,0.0,3.15,7.32,6.02,48.4,0.0,66.4,0.4,94.1,438.0,47.3,125771.7,57850.6,0.0
442,33.12,100.0,2.074,2074.5,56.9,55.8,14.3,0.0,0.0,360.0,3.96,55.6,11.0,3.15,7.32,6.02,57.3,0.0,67.9,8.3,93.8,438.0,48.4,125771.7,59165.9,0.0
443,35.7,100.0,2.073,2073.0,57.3,58.0,14.3,0.0,0.0,315.0,0.0,55.2,0.0,3.17,7.38,6.06,59.4,0.0,65.3,8.2,95.1,438.0,48.4,125771.7,59227.0,0.0
444,57.23,100.0,1.792,1792.5,56.7,53.8,14.3,0.0,0.0,1530.0,148.41,56.9,97.0,3.17,7.38,6.06,55.1,0.0,65.1,8.2,94.3,438.0,47.0,125771.7,57443.8,0.0
445,62.97,100.0,2.254,2254.5,56.7,58.6,14.3,0.0,0.0,1530.0,149.94,57.0,98.0,3.17,7.38,6.06,59.7,0.0,65.6,0.6,95.6,438.0,47.0,125771.7,57453.9,0.0
446,43.44,100.0,2.112,2112.0,57.1,51.5,14.3,0.0,0.0,1530.0,0.0,55.8,0.0,3.17,7.38,6.06,52.9,0.0,67.3,7.8,91.4,438.0,46.6,125771.7,57438.9,0.0
447,85.93,100.0,2.226,2226.0,58.2,53.7,14.3,0.0,0.1,1530.0,148.41,57.9,97.0,3.17,7.38,6.06,54.5,0.0,66.4,8.5,89.4,438.0,47.4,125771.7,57950.4,0.0
448,83.65,100.0,2.182,2182.5,57.8,52.0,14.3,0.0,0.0,1530.0,139.23,58.4,91.0,3.23,7.91,6.19,54.0,0.0,66.2,8.3,94.3,437.0,47.4,125771.7,57947.9,0.0
449,78.07,100.0,2.047,2047.5,58.2,52.5,14.3,0.0,0.0,1530.0,148.41,58.5,97.0,3.23,7.91,6.19,54.1,0.0,67.0,0.6,93.9,437.0,47.4,125771.7,57947.5,0.0
450,84.86,100.0,2.481,2481.0,58.3,50.2,14.3,0.0,0.0,1530.0,149.94,58.6,98.0,3.23,7.91,6.19,51.9,0.0,66.5,8.3,93.8,437.0,47.4,125771.7,57942.7,0.0
451,88.79,100.0,2.272,2272.5,58.2,49.8,14.3,0.0,0.0,1530.0,149.94,59.2,98.0,3.23,7.91,6.19,51.6,0.0,66.4,8.2,93.8,437.0,47.4,125771.7,57943.8,0.0
452,80.07,100.0,2.2,2200.5,58.3,50.2,14.3,0.0,0.1,1530.0,149.94,59.0,98.0,3.23,7.91,6.19,52.2,0.0,66.8,0.7,93.9,437.0,47.4,125771.7,57943.8,0.0
453,82.96,100.0,2.292,2292.0,58.7,51.1,14.3,0.0,0.4,1530.0,148.41,59.0,97.0,3.26,7.99,6.24,52.8,0.0,66.4,8.3,95.5,437.0,47.4,125771.7,57944.8,0.0
454,62.57,100.0,2.055,2055.0,58.5,51.1,14.3,0.0,0.0,1530.0,122.4,58.8,80.0,3.26,7.99,6.24,52.8,0.0,66.8,8.3,94.0,437.0,47.4,125771.7,57941.1,0.0
455,82.77,100.0,2.109,2109.0,58.8,49.3,14.3,0.0,0.0,1530.0,149.94,59.5,98.0,3.26,7.99,6.24,51.1,0.0,66.9,0.6,94.1,437.0,47.4,125771.7,57945.2,0.0
456,82.22,100.0,2.056,2056.5,59.0,50.5,14.3,0.0,0.0,1530.0,149.94,59.5,98.0,3.26,7.99,6.24,52.0,0.0,66.4,8.4,92.4,437.0,47.4,125771.7,57945.2,0.0
457,82.87,100.0,2.018,2017.5,59.0,50.8,14.3,0.0,0.1,1530.0,146.88,59.7,96.0,3.26,7.99,6.24,52.9,0.0,66.1,8.1,93.2,437.0,47.4,125771.7,57945.6,0.0
458,83.65,100.0,2.236,2236.5,59.4,50.4,14.3,0.0,0.0,1530.0,148.41,59.8,97.0,3.34,8.72,6.41,51.8,0.0,67.2,0.7,92.5,437.0,47.4,125771.7,57947.1,0.0
459,83.16,100.0,1.938,1938.0,59.2,51.0,14.3,0.0,0.0,1530.0,149.94,59.8,98.0,3.34,8.72,6.41,52.7,0.0,66.6,8.2,92.5,437.0,47.4,125771.7,57946.7,0.0
460,81.37,100.0,2.29,2290.5,59.2,50.2,14.3,0.0,0.0,1530.0,148.41,59.8,97.0,3.34,8.72,6.41,51.5,0.0,66.2,8.3,94.3,437.0,47.4,125771.7,57950.2,0.0
461,84.04,100.0,1.974,1974.0,59.7,51.5,14.3,0.0,0.0,1530.0,149.94,59.9,98.0,3.34,8.72,6.41,52.9,0.0,66.5,0.5,92.8,437.0,47.4,125771.7,57947.9,0.0
462,83.09,100.0,2.192,2191.5,59.2,50.8,14.3,0.0,0.1,1530.0,149.94,60.0,98.0,3.34,8.72,6.41,52.1,0.0,67.7,8.4,95.1,438.0,47.4,125771.7,57941.1,0.0
463,81.05,100.0,2.21,2209.5,59.2,52.9,14.3,0.0,0.0,1530.0,148.41,59.9,97.0,3.36,8.66,6.44,54.2,0.0,65.5,8.3,95.5,438.0,47.4,125771.7,57938.8,0.0
464,80.91,100.0,2.253,2253.0,59.8,52.2,14.3,0.0,0.0,1530.0,149.94,59.8,98.0,3.36,8.66,6.44,53.6,0.0,66.9,0.6,90.7,438.0,47.4,125771.7,57938.4,0.0
465,81.12,100.0,2.226,2226.0,59.8,49.1,14.3,0.0,0.0,1530.0,149.94,59.8,98.0,3.36,8.66,6.44,51.5,0.0,65.8,8.3,95.1,438.0,47.4,125771.7,57941.5,0.0
466,70.03,100.0,2.228,2227.5,59.8,49.2,14.3,0.0,0.0,1530.0,149.94,60.0,98.0,3.36,8.66,6.44,50.6,0.0,67.5,8.3,94.1,438.0,47.4,125771.7,57945.8,0.0
467,82.33,100.0,2.217,2217.0,60.3,50.7,14.3,0.0,0.0,1530.0,149.94,59.9,98.0,3.36,8.66,6.44,52.8,0.0,65.3,8.1,95.1,438.0,47.4,125771.7,57940.6,0.0
468,80.21,100.0,2.253,2253.0,59.7,50.9,14.3,0.0,0.0,1530.0,148.41,60.1,97.0,3.39,8.61,6.47,52.9,0.0,67.3,0.7,95.0,438.0,47.4,125771.7,57941.9,0.0
469,82.25,100.0,2.319,2319.0,59.5,52.3,14.3,0.0,0.0,1530.0,148.41,60.2,97.0,3.39,8.61,6.47,54.3,0.0,67.5,7.8,94.3,438.0,47.4,125771.7,57945.2,0.0
470,82.01,100.0,2.21,2209.5,59.4,52.5,14.3,0.0,0.0,1530.0,149.94,60.2,98.0,3.39,8.61,6.47,53.3,0.0,66.1,8.3,90.6,438.0,47.4,125771.7,57942.1,0.0
471,83.91,100.0,2.253,2253.0,59.4,51.4,14.3,0.0,0.0,1530.0,140.76,60.2,92.0,3.39,8.61,6.47,52.8,0.0,66.8,8.3,95.7,438.0,47.4,125771.7,57944.4,0.0
472,40.08,100.0,2.391,2391.0,59.7,52.2,14.3,0.0,0.1,1512.0,13.61,58.0,9.0,3.39,8.61,6.47,53.4,0.0,66.1,0.6,95.4,438.0,47.4,125771.7,57943.2,0.0
473,61.24,100.0,2.026,2026.5,58.4,52.7,14.3,0.0,0.0,1530.0,148.41,58.6,97.0,3.39,8.16,6.41,54.1,0.0,65.9,8.5,95.5,438.0,46.0,125771.7,56173.3,0.0
474,61.37,100.0,2.47,2470.5,59.5,56.9,14.3,0.0,0.0,1530.0,148.41,58.8,97.0,3.39,8.16,6.41,57.5,0.0,67.2,8.3,94.3,438.0,46.0,125771.7,56172.9,0.0
475,35.44,100.0,2.384,2383.5,58.8,51.7,14.3,0.0,0.0,1530.0,0.0,57.5,0.0,3.39,8.16,6.41,53.1,0.0,66.4,8.3,95.2,438.0,46.0,125771.7,56157.8,0.0
476,80.53,100.0,2.254,2254.5,58.9,54.3,14.3,0.0,0.0,1530.0,146.88,59.3,96.0,3.39,8.16,6.41,55.5,0.0,63.0,0.6,95.3,438.0,46.4,125771.7,56678.4,0.0
477,84.51,100.0,2.2,2200.5,59.6,51.3,14.3,0.0,0.1,1530.0,149.94,59.4,98.0,3.39,8.16,6.41,52.2,0.0,67.5,7.8,93.0,438.0,46.4,125771.7,56686.5,0.0
478,87.36,100.0,2.217,2217.0,59.9,50.4,14.3,0.0,0.0,1530.0,143.82,59.7,94.0,3.39,7.82,6.37,52.4,0.0,66.6,7.9,93.3,438.0,46.4,125771.7,56687.1,0.0
479,80.69,100.0,2.445,2445.0,59.6,50.1,14.3,0.0,0.0,1530.0,149.94,59.7,98.0,3.39,7.82,6.37,51.1,0.0,67.3,0.5,93.1,438.0,46.4,125771.7,56687.6,0.0
480,81.06,100.0,2.246,2245.5,59.8,51.5,14.3,0.0,0.0,1530.0,148.41,59.9,97.0,3.39,7.82,6.37,52.6,0.0,66.4,7.9,92.9,438.0,46.4,125771.7,56680.6,0.0
481,85.42,100.0,2.166,2166.0,59.9,50.5,14.3,0.0,0.0,1530.0,149.94,59.8,98.0,3.39,7.82,6.37,52.0,0.0,65.8,8.2,93.3,438.0,46.4,125771.7,56670.4,0.0
482,82.25,100.0,2.056,2056.5,60.1,50.2,14.3,0.0,0.1,1530.0,146.88,60.0,96.0,3.39,7.82,6.37,51.4,0.0,67.3,0.6,92.1,438.0,46.4,125771.7,56668.8,0.0
483,83.76,100.0,2.318,2317.5,60.0,50.3,14.3,0.0,0.4,1530.0,149.94,60.0,98.0,3.38,7.28,6.28,51.5,0.0,67.7,8.3,93.3,438.0,46.4,125771.7,56675.8,0.0
484,85.38,100.0,2.21,2209.5,60.2,51.0,14.3,0.0,0.0,1530.0,148.41,60.1,97.0,3.38,7.28,6.28,52.3,0.0,65.6,8.2,93.2,438.0,46.4,125771.7,56670.6,0.0
485,83.75,100.0,2.409,2409.0,60.2,50.1,14.3,0.0,0.0,1530.0,149.94,60.0,98.0,3.38,7.28,6.28,51.4,0.0,67.3,0.5,93.3,438.0,46.4,125771.7,56674.7,0.0
486,65.76,100.0,2.156,2155.5,60.3,52.0,14.3,0.0,0.0,1530.0,119.34,60.1,78.0,3.38,7.28,6.28,53.2,0.0,66.4,8.4,92.1,438.0,46.4,125771.7,56669.7,0.0
487,82.64,100.0,2.164,2164.5,60.0,51.2,14.3,0.0,0.1,1530.0,149.94,60.2,98.0,3.38,7.28,6.28,52.8,0.0,66.2,8.2,92.9,438.0,46.4,125771.7,56675.6,0.0
488,81.69,100.0,2.246,2245.5,60.2,51.2,14.3,0.0,0.0,1530.0,148.41,60.3,97.0,3.38,7.09,6.26,52.7,0.0,66.1,0.6,93.0,438.0,46.4,125771.7,56675.1,0.0
489,81.41,100.0,2.337,2337.0,60.3,52.0,14.3,0.0,0.0,1530.0,148.41,60.3,97.0,3.38,7.09,6.26,53.4,0.0,66.9,7.8,92.9,438.0,46.4,125771.7,56676.1,0.0
490,83.43,100.0,2.31,2310.0,60.3,51.1,14.3,0.0,0.0,1530.0,149.94,60.6,98.0,3.38,7.09,6.26,52.6,0.0,66.5,8.2,92.1,438.0,46.4,125771.7,56668.4,0.0
491,81.34,100.0,2.236,2236.5,60.5,51.5,14.3,0.0,0.0,1530.0,149.94,60.3,98.0,3.38,7.09,6.26,52.4,0.0,66.4,8.2,93.3,438.0,46.4,125771.7,56668.8,0.0
492,84.92,100.0,2.391,2391.0,60.6,51.6,14.3,0.0,0.1,1530.0,149.94,60.7,98.0,3.38,7.09,6.26,53.1,0.0,65.6,0.6,93.5,438.0,46.4,125771.7,56674.2,0.0
493,81.42,100.0,2.308,2308.5,60.5,52.1,14.3,0.0,0.0,1530.0,149.94,60.6,98.0,3.39,6.93,6.24,53.5,0.0,67.2,8.2,92.8,438.0,46.4,125771.7,56677.3,0.0
494,78.81,100.0,2.22,2220.0,60.7,50.9,14.3,0.0,0.0,1530.0,148.41,60.6,97.0,3.39,6.93,6.24,52.1,0.0,66.5,8.3,92.9,438.0,46.4,125771.7,56671.5,0.0
495,82.41,100.0,2.256,2256.0,60.8,50.7,14.3,0.0,0.0,1530.0,149.94,60.6,98.0,3.39,6.93,6.24,52.2,0.0,66.4,8.2,93.3,438.0,46.4,125771.7,56671.1,0.0
496,80.88,100.0,2.402,2401.5,60.8,50.3,14.3,0.0,0.0,1530.0,149.94,60.6,98.0,3.39,6.93,6.24,51.3,0.0,66.4,0.6,93.2,438.0,46.4,125771.7,56671.6,0.0
497,80.59,100.0,2.274,2274.0,60.8,50.7,14.3,0.0,0.0,1530.0,146.88,60.6,96.0,3.39,6.93,6.24,51.8,0.0,66.4,8.2,92.1,438.0,46.4,125771.7,56670.6,0.0
498,64.43,100.0,2.562,2562.0,59.4,54.0,14.3,0.0,0.0,1530.0,149.94,59.3,98.0,3.42,7.09,6.28,54.9,0.0,66.5,8.4,92.9,438.0,47.0,125771.7,57491.9,0.0
499,59.85,100.0,2.49,2490.0,59.4,57.1,14.3,0.0,0.0,1530.0,148.41,59.2,97.0,3.42,7.09,6.28,58.5,0.0,66.4,8.3,93.2,437.0,47.0,125771.7,57496.3,0.0
500,62.85,100.0,2.181,2181.0,58.8,51.0,14.3,0.0,0.0,1530.0,149.94,59.5,98.0,3.42,7.09,6.28,52.1,0.0,66.4,0.6,93.3,437.0,47.0,125771.7,57487.9,0.0
501,80.65,100.0,2.462,2461.5,59.4,54.3,14.3,0.0,0.0,1530.0,146.88,59.8,96.0,3.42,7.09,6.28,54.9,0.0,66.4,8.3,93.3,437.0,47.4,125771.7,57981.1,0.0
502,83.27,100.0,2.282,2281.5,59.5,47.8,14.3,0.0,0.1,1530.0,149.94,60.1,98.0,3.42,7.09,6.28,49.4,0.0,66.4,8.1,94.1,438.0,47.4,125771.7,57972.0,0.0
503,82.57,100.0,1.911,1911.0,59.6,47.9,14.3,0.0,0.0,1530.0,149.94,60.2,98.0,3.46,7.41,6.36,50.0,0.0,66.4,0.3,94.2,438.0,47.4,125771.7,57980.0,0.0
504,83.44,100.0,1.974,1974.0,59.8,49.3,14.3,0.0,0.0,1530.0,146.88,60.3,96.0,3.46,7.41,6.36,50.8,0.0,66.4,8.2,93.8,438.0,47.4,125771.7,57980.0,0.0
505,82.23,100.0,2.226,2226.0,59.9,48.7,14.3,0.0,0.0,1530.0,149.94,60.3,98.0,3.46,7.41,6.36,50.2,0.0,66.4,7.6,93.3,438.0,47.4,125771.7,57972.1,0.0
506,79.99,100.0,2.054,2053.5,59.8,48.8,14.3,0.0,0.0,1530.0,149.94,60.2,98.0,3.46,7.41,6.36,50.2,0.0,65.4,8.1,95.5,438.0,47.4,125771.7,57971.9,0.0
507,79.82,100.0,2.019,2019.0,59.9,48.2,14.3,0.0,0.1,1530.0,123.93,60.2,81.0,3.46,7.41,6.36,49.6,0.0,67.3,0.4,94.4,438.0,47.4,125771.7,57973.2,0.0
508,81.71,100.0,1.965,1965.0,59.9,49.4,14.3,0.0,0.0,1530.0,149.94,60.6,98.0,3.47,7.13,6.32,50.8,0.0,65.4,8.0,93.0,438.0,47.4,125771.7,57971.0,0.0
509,83.97,100.0,1.958,1957.5,60.2,49.3,14.3,0.0,0.0,1530.0,149.94,60.7,98.0,3.47,7.13,6.32,51.4,0.0,63.1,8.0,94.1,438.0,47.4,125771.7,57971.8,0.0
510,72.33,100.0,2.109,2109.0,60.2,48.2,14.3,0.0,0.0,1530.0,128.52,60.6,84.0,3.47,7.13,6.32,49.2,0.0,67.9,8.1,93.5,438.0,47.4,125771.7,57971.9,0.0
511,79.47,100.0,2.145,2145.0,60.2,48.5,14.3,0.5,0.0,1530.0,149.94,60.7,98.0,3.47,7.13,6.32,50.4,0.0,66.2,7.6,94.2,438.0,47.4,125771.7,57975.0,0.0
512,67.89,100.0,2.292,2292.0,59.5,53.5,14.3,0.0,0.0,1530.0,148.41,59.5,97.0,3.47,7.13,6.32,54.8,0.0,66.0,8.3,91.8,438.0,46.0,125771.7,56232.9,0.0
513,68.08,100.0,2.374,2374.5,59.9,61.0,14.3,0.3,0.5,1530.0,148.41,59.4,97.0,3.49,7.2,6.35,62.3,0.0,66.2,0.4,100.0,439.0,46.1,125771.7,56318.6,0.0
514,39.67,100.0,2.066,2065.5,59.5,56.3,14.3,0.0,0.0,1530.0,0.0,58.1,0.0,3.49,7.2,6.35,57.5,0.0,66.9,0.4,100.0,439.0,46.2,125771.7,56402.0,0.0
515,86.6,100.0,2.472,2472.0,59.3,59.5,14.3,0.0,0.0,1530.0,148.41,59.9,97.0,3.49,7.2,6.35,60.1,0.0,66.6,0.4,100.0,439.0,46.6,125771.7,56934.7,0.0
516,79.27,100.0,2.445,2445.0,59.9,54.3,14.3,0.0,0.0,1530.0,131.58,60.4,86.0,3.49,7.2,6.35,55.8,0.0,63.2,0.4,100.0,439.0,46.6,125771.7,56961.5,0.0
517,83.4,100.0,2.535,2535.0,59.9,53.9,14.3,0.0,0.1,1530.0,137.7,60.3,90.0,3.49,7.2,6.35,55.2,0.0,66.5,3.0,99.0,439.0,46.7,125771.7,57020.3,0.0
518,85.27,100.0,2.59,2590.5,60.0,50.5,14.3,0.0,0.0,1530.0,146.88,60.3,96.0,3.49,6.87,6.29,51.5,0.0,66.3,5.8,93.2,439.0,46.5,125771.7,56812.2,0.0
519,85.09,100.0,2.434,2434.5,60.6,58.5,14.3,0.0,0.0,1530.0,149.94,60.4,98.0,3.49,6.87,6.29,59.0,0.0,66.5,0.5,100.0,439.0,46.5,125771.7,56876.6,0.0
520,82.85,100.0,2.49,2490.0,60.5,57.2,14.3,0.0,0.0,1530.0,149.94,60.7,98.0,3.49,6.87,6.29,58.2,0.0,66.3,0.5,100.0,438.0,46.6,125771.7,56918.3,0.0
521,85.06,100.0,2.499,2499.0,60.5,58.1,14.3,0.0,0.0,1530.0,149.94,60.7,98.0,3.49,6.87,6.29,59.2,0.0,67.7,0.5,100.0,438.0,46.6,125771.7,56994.4,0.0
522,81.2,100.0,2.498,2497.5,60.7,58.9,14.3,0.0,0.1,1530.0,148.41,60.7,97.0,3.49,6.87,6.29,59.9,0.0,65.9,0.6,100.0,438.0,46.6,125771.7,57009.6,0.0
523,90.22,100.0,2.256,2256.0,60.6,57.6,14.3,0.0,0.0,1530.0,149.94,60.9,98.0,3.51,6.88,6.31,58.3,0.0,66.5,4.1,93.5,438.0,46.6,125771.7,56987.1,0.0
524,84.75,100.0,2.427,2427.0,60.8,54.5,14.3,0.0,0.0,1530.0,148.41,60.8,97.0,3.51,6.88,6.31,56.2,0.0,65.8,4.6,94.0,439.0,46.6,125771.7,56983.2,0.0
525,85.47,100.0,2.514,2514.0,61.0,57.8,14.3,0.0,0.0,1530.0,143.82,60.9,94.0,3.51,6.88,6.31,58.8,0.0,67.0,0.5,93.1,439.0,46.6,125771.7,56984.8,0.0
526,84.07,100.0,2.33,2329.5,60.9,58.2,14.3,0.0,0.0,1530.0,149.94,61.0,98.0,3.51,6.88,6.31,59.3,0.0,70.4,0.6,100.0,439.0,46.7,125771.7,57029.4,0.0
527,84.06,100.0,2.271,2271.0,60.7,55.5,14.3,0.0,0.1,1530.0,146.88,60.9,96.0,3.51,6.88,6.31,56.5,0.0,64.1,7.9,93.7,439.0,46.6,125771.7,56978.0,0.0
528,85.98,100.0,2.182,2182.5,60.9,55.9,14.3,0.0,0.0,1530.0,149.94,61.2,98.0,3.52,6.73,6.28,57.0,0.0,65.4,0.5,94.4,439.0,46.6,125771.7,56895.9,0.0
529,86.63,100.0,2.29,2290.5,61.1,58.3,14.3,0.0,0.0,1530.0,145.35,61.2,95.0,3.52,6.73,6.28,59.5,0.0,66.3,3.8,97.0,439.0,46.5,125771.7,56791.7,0.0
530,88.48,100.0,2.272,2272.5,60.9,52.4,14.3,0.0,0.0,1530.0,149.94,61.5,98.0,3.52,6.73,6.28,53.8,0.0,66.2,5.0,94.2,439.0,46.4,125771.7,56758.8,0.0
531,86.66,100.0,2.21,2209.5,61.1,59.1,14.3,0.0,0.0,1530.0,145.35,61.2,95.0,3.52,6.73,6.28,60.3,0.0,67.9,0.5,100.0,439.0,46.5,125771.7,56802.9,0.0
532,85.9,100.0,2.244,2244.0,61.0,59.5,14.3,0.0,0.0,1530.0,149.94,61.4,98.0,3.52,6.73,6.28,60.6,0.0,65.3,0.6,100.0,439.0,46.5,125771.7,56823.9,0.0
533,86.56,100.0,2.272,2272.5,61.2,59.5,14.3,0.0,0.0,1530.0,137.7,61.2,90.0,3.52,6.59,6.26,60.8,0.0,66.5,0.5,100.0,439.0,46.5,125771.7,56844.7,0.0
534,85.8,100.0,2.055,2055.0,61.3,60.1,14.3,0.0,0.0,1530.0,149.94,61.3,98.0,3.52,6.59,6.26,61.6,0.0,66.4,0.6,100.0,439.0,46.5,125771.7,56891.7,0.0
535,84.77,100.0,2.253,2253.0,61.1,60.6,14.3,0.0,0.0,1530.0,146.88,61.5,96.0,3.52,6.59,6.26,61.9,0.0,66.1,0.5,100.0,439.0,46.6,125771.7,56899.9,0.0
536,82.11,100.0,2.128,2128.5,61.0,60.0,14.3,0.0,0.0,1530.0,149.94,61.4,98.0,3.52,6.59,6.26,61.5,0.0,66.4,0.6,100.0,439.0,46.6,125771.7,56901.5,0.0
537,84.28,100.0,2.498,2497.5,60.8,54.8,14.3,0.0,0.1,1530.0,146.88,61.3,96.0,3.52,6.59,6.26,56.2,0.0,67.9,7.8,92.4,439.0,46.6,125771.7,56910.2,0.0
538,81.61,100.0,2.271,2271.0,61.1,55.1,14.3,0.0,0.0,1530.0,149.94,61.4,98.0,3.56,6.86,6.33,56.6,0.0,65.6,0.6,94.5,439.0,46.6,125771.7,56906.8,0.0
539,86.28,100.0,2.542,2542.5,61.2,57.3,14.3,0.0,0.0,1530.0,148.41,61.4,97.0,3.56,6.86,6.33,58.7,0.0,66.3,0.5,94.4,439.0,46.6,125771.7,56914.6,0.0
540,81.44,100.0,2.228,2227.5,60.9,56.0,14.3,0.0,0.0,1530.0,146.88,61.3,96.0,3.56,6.86,6.33,57.5,0.0,66.5,8.3,94.4,439.0,46.4,125771.7,56753.9,0.0
541,87.84,100.0,2.308,2308.5,61.2,56.4,14.3,0.0,0.0,1530.0,149.94,61.6,98.0,3.56,6.86,6.33,58.0,0.0,66.4,0.5,94.2,440.0,46.4,125771.7,56759.4,0.0
542,57.97,100.0,2.506,2506.5,61.3,54.0,14.3,0.0,0.0,1530.0,149.94,60.0,98.0,3.56,6.86,6.33,55.4,0.0,67.6,8.3,94.4,441.0,47.0,125771.7,57520.1,0.0
543,39.83,100.0,2.535,2535.0,61.0,57.7,14.3,0.0,0.5,1530.0,0.0,58.8,0.0,3.57,6.79,6.32,58.8,0.0,66.2,0.5,93.5,441.0,46.7,125771.7,57492.2,0.0
544,65.59,100.0,2.518,2518.5,59.8,60.9,14.3,0.0,0.0,1530.0,149.94,60.0,98.0,3.57,6.79,6.32,62.5,0.0,65.7,0.6,95.7,441.0,47.1,125771.7,57537.0,0.0
545,67.6,100.0,2.564,2563.5,60.9,58.6,14.3,0.0,0.1,1530.0,148.41,59.7,97.0,3.57,6.79,6.32,60.0,0.0,66.5,0.5,100.0,441.0,47.1,125771.7,57583.6,0.0
546,83.97,100.0,2.38,2380.5,60.5,57.5,14.3,0.0,0.0,1530.0,149.94,61.0,98.0,3.57,6.79,6.32,58.4,0.0,67.0,4.2,94.5,439.0,47.5,125771.7,58147.6,0.0
547,83.11,100.0,2.301,2301.0,60.5,51.2,14.3,0.0,0.0,1530.0,149.94,61.0,98.0,3.57,6.79,6.32,52.7,0.0,65.4,4.7,94.6,440.0,47.5,125771.7,58139.1,0.0
548,81.4,100.0,1.947,1947.0,60.4,53.5,14.3,0.0,0.0,1530.0,148.41,61.0,97.0,3.59,6.73,6.31,55.2,0.0,66.8,8.2,95.5,439.0,47.4,125771.7,58004.6,0.0
549,82.43,100.0,2.58,2580.0,60.6,55.7,14.3,0.0,0.0,1530.0,148.41,61.5,97.0,3.59,6.73,6.31,57.1,0.0,64.5,5.5,94.3,439.0,47.4,125771.7,57946.6,0.0
550,81.31,100.0,2.373,2373.0,61.1,52.0,14.3,0.0,0.0,1530.0,149.94,61.4,98.0,3.59,6.73,6.31,53.7,0.0,66.4,3.4,94.3,439.0,47.4,125771.7,57925.6,0.0
551,81.46,100.0,2.391,2391.0,61.3,56.5,14.3,0.0,0.1,1530.0,148.41,61.5,97.0,3.59,6.73,6.31,57.5,0.0,66.4,0.5,100.0,439.0,47.4,125771.7,57986.2,0.0
552,82.81,100.0,2.235,2235.0,61.2,56.3,14.3,0.0,0.0,1530.0,149.94,61.7,98.0,3.59,6.73,6.31,57.4,0.0,66.4,0.6,100.0,440.0,47.5,125771.7,58034.2,0.0
553,82.38,100.0,2.452,2452.5,61.2,56.8,14.3,0.0,0.0,1530.0,148.41,61.6,97.0,3.64,7.31,6.44,57.9,0.0,66.5,3.2,94.3,440.0,47.5,125771.7,58109.8,0.0
554,83.1,100.0,2.474,2473.5,61.0,52.2,14.3,0.0,0.0,1530.0,148.41,61.6,97.0,3.64,7.31,6.44,53.5,0.0,66.4,5.6,94.4,440.0,47.4,125771.7,57986.6,0.0
555,83.57,100.0,2.364,2364.0,61.0,58.8,14.3,0.0,0.0,1530.0,148.41,61.5,97.0,3.64,7.31,6.44,59.9,0.0,66.4,0.5,100.0,440.0,47.4,125771.7,58016.6,0.0
556,81.45,100.0,2.499,2499.0,61.2,58.3,14.3,0.0,0.0,1530.0,149.94,61.6,98.0,3.64,7.31,6.44,59.5,0.0,66.4,0.5,100.0,440.0,47.5,125771.7,58030.8,0.0
557,84.45,100.0,2.156,2155.5,60.8,51.4,14.3,0.0,0.0,1530.0,149.94,61.9,98.0,3.64,7.31,6.44,52.5,0.0,66.4,8.3,94.3,440.0,47.5,125771.7,58030.6,0.0
558,82.24,100.0,2.229,2229.0,61.2,57.8,14.3,0.0,0.0,1530.0,149.94,61.7,98.0,3.69,7.69,6.53,59.2,0.0,66.4,0.6,95.0,440.0,47.4,125771.7,57963.3,0.0
559,83.53,100.0,2.463,2463.0,61.1,53.0,14.3,0.0,0.0,1530.0,149.94,61.9,98.0,3.69,7.69,6.53,53.5,0.0,66.5,8.2,94.3,441.0,47.4,125771.7,57965.8,0.0
560,83.65,91.7,2.59,2590.5,61.2,54.9,14.3,0.0,0.0,1530.0,149.94,61.8,98.0,3.69,7.69,6.53,56.1,0.0,66.4,0.6,95.5,441.0,47.4,125771.7,57965.5,0.0
561,83.66,100.0,2.416,2416.5,61.1,52.2,14.3,0.0,0.0,1530.0,149.94,61.6,98.0,3.69,7.69,6.53,53.5,0.0,66.4,8.2,91.8,442.0,47.4,125771.7,57964.4,0.0
562,83.46,100.0,2.59,2590.5,61.1,53.5,14.3,0.0,0.1,1530.0,149.94,61.7,98.0,3.69,7.69,6.53,54.5,0.0,66.4,0.6,93.3,442.0,47.4,125771.7,57993.8,0.0
563,87.34,100.0,2.59,2590.5,61.2,56.0,14.3,0.0,0.0,1530.0,149.94,61.8,98.0,3.71,7.71,6.56,57.0,0.0,66.4,0.5,100.0,442.0,47.5,125771.7,58026.7,0.0
564,83.62,100.0,2.57,2569.5,61.4,51.7,14.3,0.0,0.0,1530.0,149.94,61.7,98.0,3.71,7.71,6.56,52.9,0.0,66.4,7.9,93.3,442.0,47.5,125771.7,58033.1,0.0
565,83.09,100.0,2.463,2463.0,61.4,53.0,14.3,0.0,0.0,1530.0,149.94,62.0,98.0,3.71,7.71,6.56,54.0,0.0,66.4,0.5,93.4,442.0,47.4,125771.7,57997.7,0.0
566,79.45,100.0,2.246,2245.5,61.2,48.9,14.3,0.0,0.0,1530.0,148.41,61.8,97.0,3.71,7.71,6.56,50.4,0.0,66.5,7.8,93.9,442.0,47.4,125771.7,57995.5,0.0
567,79.83,100.0,2.265,2265.0,61.2,51.2,14.3,0.0,0.0,1530.0,149.94,61.7,98.0,3.71,7.71,6.56,52.4,0.0,66.4,7.8,93.1,442.0,47.4,125771.7,57986.2,0.0
568,81.57,100.0,2.354,2353.5,61.3,49.7,14.3,0.0,0.0,1530.0,149.94,61.8,98.0,3.78,8.46,6.73,51.0,0.0,66.4,7.9,93.5,442.0,47.4,125771.7,57904.9,0.0
569,82.95,100.0,2.182,2182.5,61.2,51.0,14.3,0.0,0.0,1530.0,148.41,61.6,97.0,3.78,8.46,6.73,52.1,0.0,66.4,0.5,93.2,442.0,47.4,125771.7,57905.2,0.0
570,81.05,91.7,2.265,2265.0,61.4,51.0,14.3,0.0,0.0,1530.0,149.94,61.7,98.0,3.78,8.46,6.73,52.1,0.0,66.5,7.8,93.2,442.0,47.4,125771.7,57911.8,0.0
571,81.17,100.0,2.326,2326.5,61.3,51.3,14.3,0.0,0.0,1530.0,149.94,61.8,98.0,3.78,8.46,6.73,52.2,0.0,66.4,7.8,93.3,442.0,47.4,125771.7,57915.8,0.0
572,80.17,100.0,2.11,2110.5,61.2,51.2,14.3,0.0,0.1,1530.0,148.41,61.6,97.0,3.78,8.46,6.73,52.2,0.0,66.4,0.6,93.2,442.0,47.4,125771.7,57901.8,0.0
573,73.31,100.0,2.506,2506.5,61.0,52.0,14.3,0.0,0.0,1530.0,146.88,61.8,96.0,3.81,8.5,6.77,53.3,0.0,66.4,7.8,91.4,442.0,47.4,125771.7,58004.0,0.0
574,80.55,100.0,2.236,2236.5,61.2,53.0,14.3,0.0,0.6,1530.0,149.94,61.9,98.0,3.81,8.5,6.77,54.1,0.0,66.4,7.8,94.2,442.0,47.4,125771.7,57994.4,0.0
575,83.09,100.0,2.182,2182.5,61.3,50.8,14.3,0.0,0.0,1530.0,148.41,62.0,97.0,3.81,8.5,6.77,52.7,0.0,66.5,0.5,94.9,442.0,47.4,125771.7,57997.3,0.0
576,83.45,100.0,2.226,2226.0,61.4,51.0,14.3,0.0,0.0,1530.0,142.29,62.2,93.0,3.81,8.5,6.77,52.5,0.0,66.4,7.9,94.3,442.0,47.4,125771.7,57996.5,0.0
577,83.3,100.0,1.976,1975.5,61.3,52.1,14.3,0.0,0.0,1530.0,149.94,62.0,98.0,3.81,8.5,6.77,53.6,0.0,66.4,7.7,95.4,442.0,47.4,125771.7,57999.6,0.0
578,85.99,100.0,2.092,2092.5,61.5,51.1,14.3,0.0,0.0,1530.0,149.94,62.0,98.0,3.83,8.38,6.77,52.0,0.0,66.4,0.6,94.2,442.0,47.4,125771.7,57999.6,0.0
579,87.71,100.0,2.1,2100.0,61.4,52.2,14.3,0.0,0.1,1530.0,148.41,62.3,97.0,3.83,8.38,6.77,53.4,0.0,66.4,7.8,94.3,441.0,47.4,125771.7,57990.9,0.0
580,84.36,100.0,2.073,2073.0,61.4,52.6,14.3,0.0,0.0,1530.0,149.94,62.0,98.0,3.83,8.38,6.77,53.6,0.0,66.4,7.8,94.2,441.0,47.4,125771.7,57991.6,0.0
581,82.94,100.0,2.301,2301.0,61.3,49.9,14.3,0.0,0.0,1530.0,148.41,62.2,97.0,3.83,8.38,6.77,50.9,0.0,66.4,0.5,94.3,441.0,47.4,125771.7,57990.3,0.0
582,83.74,100.0,2.19,2190.0,61.4,49.2,14.3,0.0,0.0,1530.0,148.41,62.1,97.0,3.83,8.38,6.77,50.4,0.0,66.5,7.9,94.4,441.0,47.4,125771.7,57990.9,0.0
583,85.31,100.0,2.1,2100.0,61.4,49.9,14.3,0.0,0.0,1530.0,149.94,62.2,98.0,3.85,8.35,6.79,50.9,0.0,66.4,7.7,94.3,441.0,47.4,125771.7,57992.8,0.0
584,86.05,100.0,2.19,2190.0,61.6,49.0,14.3,0.0,0.0,1530.0,148.41,62.4,97.0,3.85,8.35,6.79,49.8,0.0,66.4,0.6,94.4,441.0,47.4,125771.7,57990.6,0.0
585,84.31,100.0,2.1,2100.0,61.4,50.2,14.3,0.0,0.0,1530.0,149.94,62.2,98.0,3.85,8.35,6.79,51.5,0.0,66.4,7.8,94.3,441.0,47.4,125771.7,57992.3,0.0
586,80.95,100.0,1.92,1920.0,61.3,52.6,14.3,0.0,0.0,1530.0,149.94,62.2,98.0,3.85,8.35,6.79,54.0,0.0,66.4,7.8,94.3,441.0,47.4,125771.7,57991.4,0.0
587,83.89,100.0,1.956,1956.0,61.3,52.6,14.3,0.0,0.0,1530.0,146.88,62.2,96.0,3.85,8.35,6.79,54.2,0.0,66.4,0.5,94.3,441.0,47.4,125771.7,57992.9,0.0
588,85.26,100.0,2.28,2280.0,61.3,52.0,14.3,0.0,0.1,1530.0,149.94,62.2,98.0,3.88,8.4,6.83,53.5,0.0,66.4,7.9,93.8,441.0,47.4,125771.7,57992.3,0.0
589,83.68,100.0,2.127,2127.0,61.5,51.5,14.3,0.0,0.0,1530.0,149.94,62.2,98.0,3.88,8.4,6.83,53.2,0.0,66.4,7.8,94.1,441.0,47.4,125771.7,57991.9,0.0
590,85.33,100.0,2.235,2235.0,61.4,49.9,14.3,0.0,0.0,1530.0,143.82,62.4,94.0,3.88,8.4,6.83,51.0,0.0,66.4,0.5,94.2,441.0,47.4,125771.7,57989.5,0.0
591,82.33,100.0,2.352,2352.0,61.6,50.8,14.3,0.0,0.0,1530.0,149.94,62.3,98.0,3.88,8.4,6.83,52.0,0.0,66.5,8.3,94.4,441.0,47.4,125771.7,57993.1,0.0
592,87.09,100.0,2.308,2308.5,61.7,49.7,14.3,0.0,0.0,1530.0,149.94,62.3,98.0,3.88,8.4,6.83,51.1,0.0,66.4,8.2,94.4,441.0,47.4,125771.7,57992.2,0.0
593,87.53,100.0,2.398,2398.5,61.6,48.6,14.3,0.0,0.0,1530.0,149.94,62.2,98.0,3.91,8.45,6.87,50.0,0.0,66.4,0.5,94.3,441.0,47.4,125771.7,57989.4,0.0
594,85.42,100.0,2.2,2200.5,61.5,50.3,14.3,0.0,0.0,1530.0,149.94,62.2,98.0,3.91,8.45,6.87,51.7,0.0,66.4,8.2,94.6,441.0,47.4,125771.7,57993.7,0.0
595,86.06,100.0,2.244,2244.0,61.5,48.7,14.3,0.0,0.0,1530.0,145.35,62.5,95.0,3.91,8.45,6.87,50.6,0.0,66.4,8.2,93.9,441.0,47.4,125771.7,57991.7,0.0
596,85.93,100.0,1.902,1902.0,61.8,50.4,14.3,0.0,0.0,1530.0,149.94,62.4,98.0,3.91,8.45,6.87,51.8,0.0,66.4,8.3,94.2,439.0,47.4,125771.7,57996.0,0.0
597,83.24,100.0,2.1,2100.0,61.6,50.4,14.3,0.0,0.0,1530.0,149.94,62.4,98.0,3.91,8.45,6.87,51.4,0.0,66.5,0.5,94.3,440.0,47.4,125771.7,57996.1,0.0
598,87.38,100.0,2.1,2100.0,61.6,46.2,14.3,0.0,0.0,1530.0,149.94,62.6,98.0,3.92,8.25,6.85,48.0,0.0,66.3,8.1,94.0,440.0,47.4,125771.7,57992.3,0.0
599,81.99,100.0,1.992,1992.0,61.7,47.0,14.3,0.0,0.1,1530.0,148.41,62.3,97.0,3.92,8.25,6.85,48.5,0.0,66.4,8.0,94.3,440.0,47.4,125771.7,57992.7,0.0
600,83.61,91.7,2.055,2055.0,61.8,46.9,14.3,0.0,0.0,1530.0,146.88,62.5,96.0,3.92,8.25,6.85,47.6,0.0,66.4,0.4,94.3,440.0,47.4,125771.7,57991.3,0.0
601,81.1,100.0,2.058,2058.0,61.6,47.8,14.3,0.0,0.0,1530.0,148.41,62.4,97.0,3.92,8.25,6.85,49.4,0.0,66.4,8.2,94.6,440.0,47.4,125771.7,57994.2,0.0
602,83.01,100.0,2.082,2082.0,61.4,46.6,14.3,0.0,0.0,1530.0,148.41,62.3,97.0,3.92,8.25,6.85,48.1,0.0,66.4,8.0,94.2,439.0,47.4,125771.7,57993.4,0.0
603,36.65,100.0,1.965,1965.0,60.1,47.6,14.3,0.0,0.0,1431.0,0.0,59.8,0.0,3.91,7.83,6.79,49.0,0.0,66.4,7.9,94.3,439.0,47.4,125771.7,57994.8,0.0
604,35.61,100.0,1.974,1974.0,59.0,47.7,14.3,0.0,0.6,999.0,0.0,59.0,0.0,3.91,7.83,6.79,48.7,0.0,66.3,0.4,91.3,439.0,47.4,125771.7,57993.2,0.0
605,32.28,100.0,1.956,1956.0,59.1,47.7,14.3,0.0,0.0,576.0,0.0,58.4,0.0,3.91,7.83,6.79,49.5,0.0,66.4,8.2,92.9,439.0,47.4,125771.7,57991.8,0.0
606,33.34,100.0,1.648,1648.5,58.7,48.8,14.3,0.0,0.0,315.0,0.0,57.8,0.0,3.91,7.83,6.79,49.5,0.0,66.4,8.2,94.4,439.0,47.4,125771.7,57992.1,0.0
607,45.54,100.0,2.427,2427.0,58.6,50.5,14.3,0.0,0.0,315.0,21.74,57.8,69.0,3.91,7.83,6.79,51.7,0.0,66.4,8.1,95.6,439.0,48.5,125771.7,59334.7,0.0
608,57.33,100.0,2.09,2089.5,59.7,54.7,14.3,0.0,0.1,1530.0,148.41,58.9,97.0,3.92,7.69,6.78,55.8,0.0,66.5,8.4,89.9,439.0,47.1,125771.7,57633.3,0.0
609,60.19,100.0,2.578,2578.5,59.1,56.2,14.3,0.0,0.0,1530.0,148.41,59.3,97.0,3.92,7.69,6.78,57.3,0.0,66.5,0.7,94.3,439.0,47.1,125771.7,57628.4,0.0
610,38.54,100.0,2.253,2253.0,59.2,51.6,14.3,0.0,0.0,1530.0,0.0,58.1,0.0,3.92,7.69,6.78,53.0,0.0,66.4,8.3,90.8,439.0,46.7,125771.7,57583.3,0.0
611,83.53,100.0,2.055,2055.0,59.7,54.6,14.3,0.0,0.0,1530.0,145.35,60.1,95.0,3.92,7.69,6.78,55.5,0.0,66.5,8.2,94.4,439.0,47.5,125771.7,58077.0,0.0
612,81.83,100.0,1.922,1921.5,59.6,51.5,14.3,0.0,0.1,1530.0,149.94,60.4,98.0,3.92,7.69,6.78,53.0,0.0,66.5,8.0,90.2,439.0,47.5,125771.7,58072.7,0.0
613,85.31,100.0,1.992,1992.0,59.7,49.0,14.3,0.0,0.0,1530.0,148.41,60.7,97.0,3.94,7.55,6.76,49.9,0.0,66.5,0.6,89.0,439.0,47.4,125771.7,58019.8,0.0
614,79.41,100.0,1.938,1938.0,60.3,52.1,14.3,0.0,0.0,1530.0,148.41,60.8,97.0,3.94,7.55,6.76,52.5,0.0,66.4,8.3,90.7,439.0,47.4,125771.7,58021.4,0.0
615,85.22,100.0,1.974,1974.0,60.5,49.9,14.3,0.0,0.0,1530.0,149.94,61.1,98.0,3.94,7.55,6.76,51.4,0.0,66.5,8.3,95.4,439.0,47.4,125771.7,58020.3,0.0
616,82.39,100.0,2.238,2238.0,60.5,51.1,14.3,0.0,0.0,1530.0,149.94,61.0,98.0,3.94,7.55,6.76,52.3,0.0,66.4,8.3,93.9,439.0,47.4,125771.7,58020.7,0.0
617,80.69,100.0,1.965,1965.0,60.2,48.6,14.3,0.0,0.0,1530.0,146.88,61.1,96.0,3.94,7.55,6.76,49.3,0.0,66.5,0.6,92.2,439.0,47.4,125771.7,58022.1,0.0
618,84.26,100.0,2.163,2163.0,60.7,52.2,14.3,0.0,0.0,1530.0,149.94,61.3,98.0,3.94,7.35,6.73,52.7,0.0,66.5,8.3,91.9,439.0,47.4,125771.7,58020.8,0.0
619,80.35,100.0,2.373,2373.0,61.4,50.2,14.3,0.0,0.0,1530.0,148.41,61.4,97.0,3.94,7.35,6.73,51.1,0.0,66.4,8.3,93.5,439.0,47.4,125771.7,58022.2,0.0
620,85.75,100.0,2.138,2137.5,61.4,49.5,14.3,0.0,0.0,1530.0,145.35,61.4,95.0,3.94,7.35,6.73,50.0,0.0,66.5,8.3,93.3,439.0,47.5,125771.7,58026.4,0.0
621,79.43,100.0,2.228,2227.5,61.2,49.5,14.3,0.0,0.0,1530.0,149.94,61.5,98.0,3.94,7.35,6.73,51.4,0.0,66.4,0.5,93.9,439.0,47.4,125771.7,58022.3,0.0
622,80.33,100.0,2.11,2110.5,61.4,50.6,14.3,0.0,0.0,1530.0,148.41,61.4,97.0,3.94,7.35,6.73,52.0,0.0,66.5,8.3,94.0,438.0,47.4,125771.7,58022.9,0.0
623,68.14,100.0,2.047,2047.5,61.3,50.4,14.3,0.0,0.1,1530.0,131.58,61.8,86.0,3.99,7.8,6.84,52.3,0.0,66.4,8.3,94.3,438.0,47.5,125771.7,58026.4,0.0
624,83.45,100.0,1.966,1966.5,61.5,51.8,14.3,0.0,0.0,1530.0,149.94,61.7,98.0,3.99,7.8,6.84,53.2,0.0,66.5,8.3,94.0,438.0,47.5,125771.7,58026.3,0.0
625,82.04,100.0,2.03,2029.5,61.4,51.0,14.3,0.0,0.0,1530.0,148.41,61.7,97.0,3.99,7.8,6.84,52.6,0.0,66.5,0.6,93.8,439.0,47.4,125771.7,58023.5,0.0
626,83.29,100.0,2.084,2083.5,61.6,51.7,14.3,0.0,0.0,1530.0,145.35,61.8,95.0,3.99,7.8,6.84,52.7,0.0,66.4,8.2,94.3,439.0,47.5,125771.7,58026.2,0.0
627,82.14,100.0,2.055,2055.0,61.6,51.8,14.3,0.0,0.0,1530.0,149.94,61.7,98.0,3.99,7.8,6.84,53.2,0.0,66.5,8.2,94.1,439.0,47.5,125771.7,58028.3,0.0
628,82.19,100.0,1.904,1903.5,61.7,52.7,14.3,0.0,0.0,1530.0,148.41,61.9,97.0,4.06,8.46,6.99,53.9,0.0,66.4,8.3,94.1,439.0,47.4,125771.7,58024.1,0.0
629,84.31,100.0,2.091,2091.0,61.7,50.9,14.3,0.0,0.0,1530.0,149.94,61.8,98.0,4.06,8.46,6.99,52.3,0.0,66.5,0.6,94.2,439.0,47.4,125771.7,58024.3,0.0
630,64.23,100.0,2.064,2064.0,60.7,53.7,14.3,0.0,0.0,1530.0,148.41,60.7,97.0,4.06,8.46,6.99,55.1,0.0,66.5,8.4,94.3,439.0,47.3,125771.7,57782.5,0.0
631,64.14,100.0,2.254,2254.5,60.1,53.6,14.3,0.0,0.0,1458.0,112.27,59.3,77.0,4.06,8.46,6.99,55.1,0.0,66.4,8.4,94.1,439.0,47.1,125771.7,57597.4,0.0
632,65.19,100.0,2.1,2100.0,60.3,54.7,14.3,0.0,0.0,1530.0,149.94,60.6,98.0,4.06,8.46,6.99,55.8,0.0,66.5,8.3,93.9,439.0,47.1,125771.7,57589.7,0.0
633,68.83,100.0,2.31,2310.0,60.1,52.3,14.3,0.0,0.0,1530.0,148.41,60.0,97.0,4.09,8.66,7.06,53.3,0.0,66.4,0.6,92.9,439.0,47.5,125771.7,58067.3,0.0
634,84.36,100.0,2.292,2292.0,61.0,50.0,14.3,0.0,0.7,1530.0,148.41,61.3,97.0,4.09,8.66,7.06,50.6,0.0,66.5,8.5,92.1,439.0,47.5,125771.7,58059.5,0.0
635,76.09,100.0,2.454,2454.0,61.2,51.3,14.3,0.0,0.1,1530.0,137.7,61.6,90.0,4.09,8.66,7.06,52.9,0.0,66.4,8.2,95.3,439.0,47.5,125771.7,58059.3,0.0
636,84.69,100.0,2.184,2184.0,61.2,50.3,14.3,0.0,0.0,1530.0,149.94,61.7,98.0,4.09,8.66,7.06,50.7,0.0,66.5,8.3,93.1,439.0,47.5,125771.7,58058.8,0.0
637,84.98,100.0,2.3,2299.5,61.4,51.2,14.3,0.0,0.0,1530.0,148.41,61.9,97.0,4.09,8.66,7.06,51.9,0.0,66.4,7.8,94.5,439.0,47.5,125771.7,58061.6,0.0
638,86.52,100.0,2.382,2382.0,61.3,52.1,14.3,0.0,0.0,1530.0,140.76,61.8,92.0,4.11,8.61,7.07,53.5,0.0,66.5,7.9,95.2,439.0,47.5,125771.7,58063.4,0.0
639,83.64,100.0,1.911,1911.0,61.5,50.8,14.3,0.0,0.0,1530.0,149.94,62.1,98.0,4.11,8.61,7.07,52.4,0.0,66.4,0.6,92.8,439.0,47.5,125771.7,58063.4,0.0
640,86.24,100.0,2.328,2328.0,61.4,50.0,14.3,0.0,0.0,1530.0,148.41,61.9,97.0,4.11,8.61,7.07,51.2,0.0,66.4,8.5,93.1,440.0,47.5,125771.7,58060.1,0.0
641,86.51,100.0,2.121,2121.0,61.5,50.6,14.3,0.0,0.0,1530.0,148.41,62.1,97.0,4.11,8.61,7.07,51.9,0.0,66.4,8.2,93.9,441.0,47.5,125771.7,58058.9,0.0
642,87.46,100.0,2.354,2353.5,61.6,50.9,14.3,0.0,0.1,1530.0,149.94,62.1,98.0,4.11,8.61,7.07,52.0,0.0,66.4,0.6,95.3,442.0,47.5,125771.7,58062.1,0.0
643,84.83,100.0,2.082,2082.0,61.5,49.7,14.3,0.0,0.0,1530.0,149.94,61.9,98.0,4.11,8.24,7.02,51.4,0.0,66.5,8.3,94.4,442.0,47.5,125771.7,58062.4,0.0
644,86.23,100.0,2.488,2488.5,61.7,51.9,14.3,0.0,0.0,1530.0,148.41,62.1,97.0,4.11,8.24,7.02,53.5,0.0,66.4,8.3,95.3,442.0,47.5,125771.7,58059.6,0.0
645,88.97,100.0,2.127,2127.0,62.1,52.5,14.3,0.0,0.0,1530.0,149.94,62.3,98.0,4.11,8.24,7.02,53.9,0.0,66.5,8.2,94.3,442.0,47.5,125771.7,58060.3,0.0
646,84.12,100.0,2.282,2281.5,61.7,52.3,14.3,0.0,0.0,1530.0,149.94,62.2,98.0,4.11,8.24,7.02,54.0,0.0,66.4,0.7,94.2,443.0,47.5,125771.7,58056.9,0.0
647,84.34,100.0,1.966,1966.5,61.7,51.0,14.3,0.0,0.0,1530.0,148.41,62.2,97.0,4.11,8.24,7.02,51.6,0.0,66.4,8.2,94.3,443.0,47.5,125771.7,58060.1,0.0
648,86.96,100.0,2.175,2175.0,61.9,50.5,14.3,0.0,0.0,1530.0,148.41,62.4,97.0,4.14,8.3,7.05,51.6,0.0,66.5,8.3,94.0,443.0,47.5,125771.7,58061.6,0.0
649,84.28,100.0,2.136,2136.0,61.7,51.0,14.3,0.0,0.0,1530.0,149.94,62.2,98.0,4.14,8.3,7.05,52.1,0.0,66.4,8.2,94.3,443.0,47.5,125771.7,58056.8,0.0
650,61.31,100.0,2.28,2280.0,61.5,53.0,14.3,0.0,0.0,1530.0,149.94,61.0,98.0,4.14,8.3,7.05,54.4,0.0,66.5,0.6,94.4,443.0,47.1,125771.7,57560.3,0.0
651,65.62,100.0,2.397,2397.0,60.8,53.6,14.3,0.0,0.0,1467.0,137.9,60.1,94.0,4.14,8.3,7.05,54.7,0.0,66.4,8.3,94.4,443.0,47.1,125771.7,57567.4,0.0
652,62.5,100.0,2.308,2308.5,60.6,55.2,14.3,0.0,0.1,1530.0,149.94,60.9,98.0,4.14,8.3,7.05,56.5,0.0,66.5,8.4,94.6,443.0,47.0,125771.7,57490.0,0.0
653,75.86,100.0,2.424,2424.0,61.2,53.6,14.3,0.0,0.0,1530.0,133.11,60.4,87.0,4.14,8.03,7.02,55.1,0.0,66.4,0.5,95.3,443.0,47.4,125771.7,57968.7,0.0
654,82.83,100.0,2.398,2398.5,61.1,52.5,14.3,0.0,0.0,1530.0,149.94,61.6,98.0,4.14,8.03,7.02,54.0,0.0,66.5,8.3,94.4,443.0,47.4,125771.7,57971.7,0.0
655,82.07,100.0,2.33,2329.5,61.7,51.7,14.3,0.0,0.0,1530.0,149.94,61.8,98.0,4.14,8.03,7.02,53.0,0.0,66.3,8.2,94.5,443.0,47.4,125771.7,57968.5,0.0
656,86.29,100.0,2.047,2047.5,61.9,50.9,14.3,0.0,0.0,1530.0,149.94,62.2,98.0,4.14,8.03,7.02,52.0,0.0,66.5,0.6,94.4,443.0,47.4,125771.7,57966.0,0.0
657,85.43,100.0,2.128,2128.5,61.8,52.8,14.3,0.0,0.0,1530.0,148.41,62.0,97.0,4.14,8.03,7.02,54.1,0.0,66.4,8.3,94.6,443.0,47.4,125771.7,57969.4,0.0
658,82.67,100.0,2.254,2254.5,61.7,52.5,14.3,0.0,0.0,1530.0,149.94,62.1,98.0,4.15,7.87,7.0,53.8,0.0,66.5,8.2,94.4,444.0,47.4,125771.7,57970.4,0.0
659,52.92,100.0,2.28,2280.0,61.5,51.1,14.3,0.0,0.0,1530.0,97.92,61.8,64.0,4.15,7.87,7.0,52.7,0.0,66.4,8.2,94.3,444.0,47.4,125771.7,57964.9,0.0
660,84.27,100.0,2.334,2334.0,61.5,51.6,14.3,0.0,0.0,1530.0,149.94,62.3,98.0,4.15,7.87,7.0,53.0,0.0,66.4,8.2,94.2,444.0,47.4,125771.7,57965.2,0.0
661,84.35,100.0,2.4,2400.0,62.1,52.9,14.3,0.0,0.1,1530.0,149.94,62.2,98.0,4.15,7.87,7.0,54.5,0.0,66.5,8.2,94.0,444.0,47.4,125771.7,57978.0,0.0
662,85.38,100.0,2.426,2425.5,61.6,51.8,14.3,0.0,0.0,1530.0,137.7,62.5,90.0,4.15,7.87,7.0,53.5,0.0,66.4,0.6,94.5,444.0,47.4,125771.7,57982.1,0.0
663,82.16,100.0,2.57,2569.5,61.9,51.5,14.3,0.0,0.0,1530.0,149.94,62.2,98.0,4.16,7.72,6.99,52.9,0.0,66.4,8.2,94.0,444.0,47.4,125771.7,57970.9,0.0
664,83.04,100.0,2.362,2362.5,61.8,50.3,14.3,0.0,0.6,1530.0,149.94,62.3,98.0,4.16,7.72,6.99,51.8,0.0,66.4,8.2,94.5,444.0,47.4,125771.7,57966.8,0.0
665,70.59,100.0,2.388,2388.0,62.0,50.2,14.3,0.0,0.0,1530.0,133.11,62.4,87.0,4.16,7.72,6.99,51.5,0.0,66.4,0.5,94.1,444.0,47.4,125771.7,57967.2,0.0
666,83.57,100.0,2.028,2028.0,61.8,52.0,14.3,0.0,0.2,1530.0,149.94,62.2,98.0,4.16,7.72,6.99,53.7,0.0,66.5,8.3,94.2,444.0,47.4,125771.7,57966.5,0.0
667,84.63,100.0,2.145,2145.0,61.9,53.9,14.3,0.0,0.0,1530.0,149.94,62.5,98.0,4.16,7.72,6.99,55.1,0.0,66.4,8.1,94.6,444.0,47.4,125771.7,57974.9,0.0
668,38.9,100.0,2.174,2173.5,62.1,53.3,14.3,0.0,0.0,1530.0,42.84,61.4,28.0,4.18,7.66,6.99,54.7,0.0,66.4,8.3,94.3,444.0,47.4,125771.7,57969.2,0.0
669,58.87,100.0,2.254,2254.5,61.0,53.5,14.3,0.0,0.0,1530.0,148.41,60.9,97.0,4.18,7.66,6.99,55.2,0.0,66.5,0.5,94.2,444.0,47.0,125771.7,57420.6,0.0
670,62.68,100.0,2.47,2470.5,61.1,59.1,14.3,0.0,0.0,1530.0,149.94,61.2,98.0,4.18,7.66,6.99,60.5,0.0,66.4,8.3,95.4,444.0,47.0,125771.7,57423.2,0.0
671,40.44,100.0,2.59,2590.5,61.5,52.4,14.3,0.0,0.0,1530.0,0.0,59.6,0.0,4.18,7.66,6.99,53.9,0.0,66.4,8.1,95.2,444.0,46.7,125771.7,57568.8,0.0
672,83.21,100.0,2.211,2211.0,61.2,55.2,14.3,0.0,0.0,1530.0,148.41,61.7,97.0,4.18,7.66,6.99,56.4,0.0,66.5,8.5,94.4,444.0,47.4,125771.7,57905.6,0.0
673,84.35,100.0,2.156,2155.5,61.6,52.4,14.3,0.0,0.0,1530.0,148.41,62.0,97.0,4.24,8.33,7.14,53.9,0.0,66.4,0.5,94.3,444.0,47.4,125771.7,57905.8,0.0
674,86.66,100.0,2.073,2073.0,61.4,53.0,14.3,0.0,0.1,1530.0,148.41,62.1,97.0,4.24,8.33,7.14,54.6,0.0,66.4,8.2,94.4,444.0,47.4,125771.7,57904.2,0.0
675,85.37,100.0,2.175,2175.0,61.6,54.2,14.3,0.0,0.0,1530.0,149.94,62.1,98.0,4.24,8.33,7.14,55.0,0.0,66.4,8.1,94.2,444.0,47.4,125771.7,57900.3,0.0
676,83.65,100.0,2.11,2110.5,62.2,52.9,14.3,0.0,0.0,1530.0,149.94,62.1,98.0,4.24,8.33,7.14,54.7,0.0,66.5,0.6,95.4,444.0,47.4,125771.7,57901.5,0.0
677,83.92,100.0,2.325,2325.0,62.2,52.4,14.3,0.0,0.0,1530.0,140.76,62.2,92.0,4.24,8.33,7.14,53.6,0.0,66.4,8.1,94.5,444.0,47.4,125771.7,57901.1,0.0
678,84.18,100.0,2.271,2271.0,62.3,52.5,14.3,0.0,0.0,1530.0,149.94,62.4,98.0,4.27,8.38,7.17,53.5,0.0,66.4,8.3,94.3,444.0,47.4,125771.7,57900.3,0.0
679,85.17,100.0,2.244,2244.0,62.4,52.0,14.3,0.0,0.0,1530.0,149.94,62.3,98.0,4.27,8.38,7.17,53.2,0.0,66.4,0.5,94.3,444.0,47.4,125771.7,57902.2,0.0
680,86.16,100.0,2.056,2056.5,62.2,52.3,14.3,0.0,0.0,1530.0,146.88,62.6,96.0,4.27,8.38,7.17,53.2,0.0,66.4,8.2,94.4,444.0,47.4,125771.7,57903.2,0.0
681,84.32,100.0,2.308,2308.5,62.5,52.2,14.3,0.0,0.0,1530.0,148.41,62.5,97.0,4.27,8.38,7.17,53.5,0.0,66.4,8.2,94.4,444.0,47.4,125771.7,57907.2,0.0
682,85.2,100.0,2.236,2236.5,62.3,52.7,14.3,0.0,0.1,1530.0,149.94,62.5,98.0,4.27,8.38,7.17,54.1,0.0,66.4,0.6,95.6,444.0,47.4,125771.7,57907.4,0.0
683,86.35,100.0,2.174,2173.5,62.5,52.9,14.3,0.0,0.0,1530.0,148.41,62.5,97.0,4.29,8.35,7.18,54.3,0.0,66.4,8.1,94.4,444.0,47.4,125771.7,57904.7,0.0
684,85.88,100.0,2.29,2290.5,62.4,51.9,14.3,0.0,0.0,1530.0,148.41,62.5,97.0,4.29,8.35,7.18,53.1,0.0,66.5,8.2,94.4,444.0,47.4,125771.7,57905.2,0.0
685,82.65,100.0,2.136,2136.0,62.5,51.0,14.3,0.0,0.0,1530.0,149.94,62.8,98.0,4.29,8.35,7.18,52.3,0.0,66.4,0.5,94.3,444.0,47.4,125771.7,57905.1,0.0
686,57.08,100.0,2.292,2292.0,62.1,53.6,14.3,0.0,0.0,1530.0,149.94,61.3,98.0,4.29,8.35,7.18,54.6,0.0,66.4,8.4,94.3,444.0,47.1,125771.7,57532.5,0.0
687,67.26,100.0,2.506,2506.5,62.0,52.3,14.3,0.0,0.0,1530.0,148.41,60.9,97.0,4.29,8.35,7.18,53.6,0.0,66.4,8.1,94.3,444.0,47.0,125771.7,57464.7,0.0
688,61.7,100.0,2.236,2236.5,61.8,47.8,14.3,0.0,0.1,1530.0,148.41,61.3,97.0,4.32,8.41,7.21,49.7,0.0,66.4,0.3,94.2,444.0,47.0,125771.7,57451.6,0.0
689,72.57,100.0,2.343,2343.0,60.9,52.1,14.3,0.0,0.0,1530.0,148.41,61.8,97.0,4.32,8.41,7.21,53.2,0.0,66.4,8.2,94.4,444.0,47.4,125771.7,57936.3,0.0
690,86.24,100.0,2.091,2091.0,61.6,48.5,14.3,0.0,0.0,1530.0,146.88,61.8,96.0,4.32,8.41,7.21,50.4,0.0,66.4,8.0,94.4,444.0,47.4,125771.7,57928.1,0.0
691,84.52,100.0,2.028,2028.0,61.4,49.4,14.3,0.0,0.0,1530.0,149.94,61.9,98.0,4.32,8.41,7.21,50.8,0.0,66.3,8.0,94.3,444.0,47.4,125771.7,57949.8,0.0
692,86.64,100.0,1.947,1947.0,62.2,49.9,14.3,0.0,0.0,1530.0,149.94,62.2,98.0,4.32,8.41,7.21,51.0,0.0,65.9,0.4,94.4,444.0,47.4,125771.7,57945.8,0.0
693,82.42,100.0,2.102,2101.5,62.1,50.9,14.3,0.0,0.0,1530.0,148.41,62.4,97.0,4.34,8.45,7.24,52.0,0.0,66.0,8.2,94.3,444.0,47.4,125771.7,57945.5,0.0
694,83.3,100.0,1.956,1956.0,61.7,49.5,14.3,0.0,0.7,1530.0,149.94,62.2,98.0,4.34,8.45,7.24,51.2,0.0,62.8,8.0,94.3,444.0,47.4,125771.7,57942.6,0.0
695,85.59,100.0,2.056,2056.5,61.6,48.3,14.3,0.0,0.0,1530.0,149.94,62.2,98.0,4.34,8.45,7.24,49.1,0.0,66.0,0.3,94.4,444.0,47.4,125771.7,57930.9,0.0
696,85.26,100.0,1.92,1920.0,61.6,50.1,14.3,0.0,0.0,1530.0,148.41,62.3,97.0,4.34,8.45,7.24,51.1,0.0,66.8,8.0,94.4,444.0,47.4,125771.7,57932.7,0.0
697,61.62,100.0,2.31,2310.0,61.0,54.3,14.3,0.0,0.0,1530.0,145.35,60.4,95.0,4.34,8.45,7.24,55.3,0.0,66.3,8.1,94.4,444.0,45.9,125771.7,56133.3,0.0
698,47.82,100.0,2.499,2499.0,62.2,53.6,14.3,0.0,0.0,1530.0,0.0,59.9,0.0,4.4,8.98,7.37,54.9,0.0,66.6,8.4,95.7,444.0,46.0,125771.7,56147.9,0.0
699,70.64,100.0,2.462,2461.5,60.8,57.6,14.3,0.0,0.1,1530.0,149.94,60.8,98.0,4.4,8.98,7.37,58.5,0.0,66.3,8.3,94.1,445.0,46.0,125771.7,56168.3,0.0
700,46.48,100.0,2.382,2382.0,61.6,53.2,14.3,0.0,0.0,1476.0,0.0,59.4,0.0,4.4,8.98,7.37,54.2,0.0,66.7,0.6,94.3,445.0,45.9,125771.7,56158.4,0.0
701,85.52,100.0,2.4,2400.0,61.5,54.6,14.3,0.0,0.0,1530.0,149.94,61.6,98.0,4.4,8.98,7.37,56.0,0.0,65.6,8.3,95.3,445.0,46.4,125771.7,56650.6,0.0
702,86.24,100.0,2.39,2389.5,61.4,50.1,14.3,0.0,0.0,1530.0,149.94,62.2,98.0,4.4,8.98,7.37,51.6,0.0,67.2,8.3,94.3,445.0,46.3,125771.7,56633.8,0.0
703,86.93,100.0,2.28,2280.0,61.8,49.9,14.3,0.0,0.0,1530.0,148.41,62.4,97.0,4.4,8.66,7.33,51.1,0.0,66.7,0.6,94.3,445.0,46.3,125771.7,56630.4,0.0
704,85.59,100.0,2.229,2229.0,61.6,51.5,14.3,0.0,0.1,1530.0,149.94,62.3,98.0,4.4,8.66,7.33,52.8,0.0,66.3,8.4,95.6,445.0,46.3,125771.7,56630.3,0.0
705,85.89,100.0,2.508,2508.0,62.4,50.9,14.3,0.0,0.0,1530.0,148.41,62.5,97.0,4.4,8.66,7.33,52.6,0.0,67.0,8.2,94.3,445.0,46.3,125771.7,56628.8,0.0
706,87.42,100.0,2.236,2236.5,62.4,49.1,14.3,0.0,0.0,1530.0,148.41,62.6,97.0,4.4,8.66,7.33,50.3,0.0,66.5,0.6,94.4,445.0,46.3,125771.7,56629.6,0.0
707,84.48,100.0,2.146,2146.5,61.8,50.0,14.3,0.0,0.0,1530.0,148.41,62.5,97.0,4.4,8.66,7.33,51.4,0.0,66.4,8.3,94.4,445.0,46.3,125771.7,56629.1,0.0
708,86.63,100.0,2.517,2517.0,62.6,50.6,14.3,0.0,0.0,1530.0,149.94,62.3,98.0,4.46,9.25,7.48,51.8,0.0,66.4,8.4,94.4,445.0,46.3,125771.7,56629.6,0.0
709,89.48,100.0,2.392,2392.5,62.8,51.1,14.3,0.0,0.0,1530.0,149.94,62.4,98.0,4.46,9.25,7.48,53.1,0.0,67.5,0.6,95.6,445.0,46.3,125771.7,56621.3,0.0
710,84.53,100.0,2.434,2434.5,62.8,51.4,14.3,0.0,0.1,1530.0,148.41,62.5,97.0,4.46,9.25,7.48,52.6,0.0,66.0,8.3,94.3,445.0,46.3,125771.7,56621.9,0.0
711,89.44,100.0,2.508,2508.0,63.2,52.1,14.3,0.0,0.0,1530.0,148.41,62.5,97.0,4.46,9.25,7.48,53.6,0.0,66.6,8.2,94.3,445.0,46.3,125771.7,56621.4,0.0
712,90.18,100.0,2.571,2571.0,63.3,50.9,14.3,0.0,0.0,1530.0,148.41,62.4,97.0,4.46,9.25,7.48,52.9,0.0,69.1,0.6,94.1,445.0,46.3,125771.7,56623.5,0.0
713,86.92,100.0,2.488,2488.5,62.7,51.0,14.3,0.0,0.0,1530.0,148.41,62.6,97.0,4.53,9.79,7.62,52.5,0.0,63.9,8.2,94.2,445.0,46.3,125771.7,56627.1,0.0
714,89.98,100.0,2.244,2244.0,62.7,52.3,14.3,0.0,0.0,1530.0,148.41,62.7,97.0,4.53,9.79,7.62,53.9,0.0,66.8,8.2,94.4,445.0,46.3,125771.7,56627.8,0.0
715,86.55,100.0,2.434,2434.5,63.0,53.0,14.3,0.0,0.0,1530.0,148.41,62.6,97.0,4.53,9.79,7.62,54.1,0.0,67.3,8.4,94.4,445.0,46.3,125771.7,56624.4,0.0
716,90.92,100.0,2.244,2244.0,62.6,52.9,14.3,0.0,0.0,1530.0,148.41,62.6,97.0,4.53,9.79,7.62,54.3,0.0,67.0,0.6,95.5,445.0,46.3,125771.7,56621.3,0.0
717,88.85,100.0,2.426,2425.5,63.1,52.5,14.3,0.0,0.1,1530.0,148.41,62.9,97.0,4.53,9.79,7.62,54.0,0.0,67.6,8.2,94.3,445.0,46.3,125771.7,56631.6,0.0
718,82.4,100.0,2.416,2416.5,62.9,52.4,14.3,0.0,0.0,1530.0,149.94,62.8,98.0,4.62,10.77,7.86,53.4,0.0,66.4,8.3,94.2,445.0,46.3,125771.7,56628.8,0.0
719,85.82,100.0,2.535,2535.0,63.6,50.7,14.3,0.0,0.0,1530.0,149.94,63.0,98.0,4.62,10.77,7.86,52.1,0.0,66.5,0.7,95.6,445.0,46.3,125771.7,56635.6,0.0
720,86.85,100.0,2.498,2497.5,63.7,50.6,14.3,0.0,0.0,1530.0,148.41,62.8,97.0,4.62,10.77,7.86,51.9,0.0,66.4,8.1,94.4,445.0,46.3,125771.7,56635.0,0.0
721,88.11,100.0,2.253,2253.0,62.2,51.0,14.3,0.0,0.0,1530.0,149.94,63.0,98.0,4.62,10.77,7.86,52.4,0.0,63.6,8.3,94.3,445.0,46.3,125771.7,56640.7,0.0
722,85.82,100.0,2.398,2398.5,62.8,49.2,14.3,0.0,0.0,1530.0,149.94,62.8,98.0,4.62,10.77,7.86,49.7,0.0,67.9,0.6,93.2,445.0,46.3,125771.7,56641.0,0.0
723,76.39,100.0,2.568,2568.0,63.1,49.5,14.3,0.0,0.0,1530.0,133.11,62.9,87.0,4.64,10.54,7.86,50.6,0.0,65.6,8.3,94.2,445.0,46.3,125771.7,56640.3,0.0
724,82.34,100.0,2.354,2353.5,63.0,47.7,14.3,0.0,0.0,1530.0,149.94,62.8,98.0,4.64,10.54,7.86,49.1,0.0,66.7,8.3,94.4,445.0,46.3,125771.7,56632.8,0.0
725,83.35,100.0,2.524,2524.5,62.9,48.9,14.3,0.0,0.7,1530.0,146.88,63.0,96.0,4.64,10.54,7.86,49.8,0.0,65.9,0.6,94.3,445.0,46.3,125771.7,56637.0,0.0
726,81.02,100.0,2.38,2380.5,63.0,50.6,14.3,0.0,0.1,1530.0,149.94,62.7,98.0,4.64,10.54,7.86,52.2,0.0,67.6,8.3,95.5,445.0,46.3,125771.7,56622.9,0.0
727,88.75,100.0,2.434,2434.5,62.8,51.7,14.3,0.0,0.0,1530.0,148.41,63.0,97.0,4.64,10.54,7.86,52.6,0.0,65.2,8.1,94.5,445.0,46.3,125771.7,56623.8,0.0
728,64.14,100.0,2.544,2544.0,61.4,50.7,14.3,0.0,0.0,1530.0,148.41,61.6,97.0,4.63,9.94,7.78,51.0,0.0,66.7,8.4,70.3,445.0,46.9,125771.7,57339.6,0.0
729,70.97,100.0,2.601,2601.0,61.7,53.6,14.3,0.0,0.0,1530.0,148.41,61.7,97.0,4.63,9.94,7.78,54.4,0.0,66.7,0.6,92.9,445.0,46.9,125771.7,57355.8,0.0
730,60.98,100.0,2.472,2472.0,61.5,51.6,14.3,0.0,0.0,1530.0,149.94,61.6,98.0,4.63,9.94,7.78,52.6,0.0,67.2,8.2,94.4,445.0,46.9,125771.7,57339.0,0.0
731,75.96,100.0,2.49,2490.0,61.6,53.9,14.3,0.0,0.1,1530.0,148.41,62.1,97.0,4.63,9.94,7.78,54.4,0.0,66.4,8.3,92.0,445.0,47.3,125771.7,57841.6,0.0
732,84.77,100.0,2.29,2290.5,61.7,49.8,14.3,0.0,0.0,1530.0,149.94,62.3,98.0,4.63,9.94,7.78,51.4,0.0,66.4,7.8,92.9,445.0,47.3,125771.7,57840.5,0.0
733,81.04,100.0,2.264,2263.5,62.0,51.0,14.3,0.0,0.0,1530.0,149.94,62.7,98.0,4.62,9.3,7.68,52.2,0.0,66.7,0.6,91.8,445.0,47.3,125771.7,57833.7,0.0
734,84.9,100.0,2.264,2263.5,62.0,50.7,14.3,0.0,0.0,1530.0,148.41,62.6,97.0,4.62,9.3,7.68,52.2,0.0,66.7,7.8,92.8,445.0,47.3,125771.7,57830.0,0.0
735,82.92,100.0,2.146,2146.5,62.1,51.7,14.3,0.0,0.0,1530.0,149.94,62.7,98.0,4.62,9.3,7.68,53.2,0.0,66.4,7.9,92.0,445.0,47.3,125771.7,57832.6,0.0
736,84.06,100.0,2.416,2416.5,62.3,49.5,14.3,0.0,0.1,1530.0,148.41,62.7,97.0,4.62,9.3,7.68,51.0,0.0,66.1,0.5,92.6,445.0,47.3,125771.7,57839.5,0.0
737,81.13,100.0,2.067,2067.0,62.3,50.1,14.3,0.0,0.0,1530.0,148.41,62.7,97.0,4.62,9.3,7.68,50.8,0.0,66.3,8.2,91.8,446.0,47.3,125771.7,57836.6,0.0
738,84.28,100.0,2.318,2317.5,62.2,49.7,14.3,0.0,0.0,1530.0,140.76,62.8,92.0,4.61,8.88,7.62,50.9,0.0,67.6,8.2,92.1,446.0,47.3,125771.7,57838.9,0.0
739,83.43,100.0,2.181,2181.0,62.2,51.3,14.3,0.0,0.0,1530.0,149.94,62.6,98.0,4.61,8.88,7.62,52.3,0.0,66.3,0.6,91.0,446.0,47.3,125771.7,57839.6,0.0
740,58.51,100.0,2.282,2281.5,62.8,50.0,14.3,0.0,0.0,1530.0,88.74,62.3,58.0,4.61,8.88,7.62,51.2,0.0,66.1,8.2,94.3,446.0,47.3,125771.7,57834.6,0.0
741,84.58,100.0,2.409,2409.0,63.2,50.6,14.3,0.0,0.1,1530.0,148.41,62.9,97.0,4.61,8.88,7.62,51.8,0.0,66.1,8.2,93.1,446.0,47.3,125771.7,57835.7,0.0
742,89.63,100.0,2.553,2553.0,63.0,50.5,14.3,0.0,0.0,1530.0,148.41,63.1,97.0,4.61,8.88,7.62,52.1,0.0,67.1,8.3,93.2,446.0,47.3,125771.7,57834.7,0.0
743,88.7,100.0,2.391,2391.0,62.9,51.4,14.3,0.0,0.0,1530.0,149.94,62.8,98.0,4.63,8.73,7.61,52.1,0.0,66.5,0.5,92.6,446.0,47.3,125771.7,57839.2,0.0
744,89.45,100.0,2.58,2580.0,63.0,49.9,14.3,0.0,0.0,1530.0,149.94,63.1,98.0,4.63,8.73,7.61,50.8,0.0,66.5,8.2,94.4,446.0,47.3,125771.7,57838.7,0.0
745,66.2,100.0,2.418,2418.0,61.8,53.8,14.3,0.0,0.0,1530.0,148.41,61.4,97.0,4.63,8.73,7.61,55.4,0.0,64.7,8.4,94.3,446.0,46.9,125771.7,57283.2,0.0
746,66.37,100.0,2.601,2601.0,61.8,53.5,14.3,0.0,0.0,1530.0,148.41,61.2,97.0,4.63,8.73,7.61,53.9,0.0,68.1,8.2,94.2,446.0,46.9,125771.7,57276.3,0.0
747,65.42,100.0,2.436,2436.0,61.8,51.0,14.3,0.0,0.0,1530.0,149.94,61.1,98.0,4.63,8.73,7.61,51.8,0.0,62.9,0.6,92.0,446.0,46.9,125771.7,57274.9,0.0
748,76.58,100.0,2.379,2379.0,61.7,53.8,14.3,0.0,0.0,1530.0,148.41,62.1,97.0,4.62,8.35,7.55,54.9,0.0,64.9,8.2,93.0,446.0,47.2,125771.7,57759.1,0.0
749,87.81,100.0,2.054,2053.5,61.5,51.1,14.3,0.0,0.0,1530.0,149.94,62.2,98.0,4.62,8.35,7.55,52.2,0.0,65.6,8.1,94.3,446.0,47.2,125771.7,57758.7,0.0
750,85.14,100.0,2.12,2119.5,61.7,49.8,14.3,0.0,0.0,1530.0,148.41,62.4,97.0,4.62,8.35,7.55,51.0,0.0,66.7,7.7,94.6,446.0,47.2,125771.7,57754.9,0.0
751,85.01,100.0,2.244,2244.0,61.7,48.8,14.3,0.0,0.1,1530.0,149.94,62.3,98.0,4.62,8.35,7.55,50.3,0.0,66.1,0.4,94.3,446.0,47.3,125771.7,57792.2,0.0
752,83.78,100.0,2.264,2263.5,61.4,49.1,14.3,0.0,0.0,1530.0,148.41,62.4,97.0,4.62,8.35,7.55,49.9,0.0,66.3,7.6,90.6,446.0,47.2,125771.7,57769.5,0.0
753,85.6,100.0,2.372,2371.5,61.5,48.6,14.3,0.0,0.0,1530.0,148.41,62.6,97.0,4.66,8.56,7.61,50.0,0.0,66.2,7.6,94.5,446.0,47.2,125771.7,57768.5,0.0
754,82.57,100.0,2.098,2098.5,61.9,49.2,14.3,0.0,0.0,1530.0,146.88,62.8,96.0,4.66,8.56,7.61,50.5,0.0,66.4,0.4,94.5,446.0,47.2,125771.7,57764.2,0.0
755,85.81,100.0,2.208,2208.0,62.0,47.7,14.3,0.0,0.8,1530.0,148.41,62.6,97.0,4.66,8.56,7.61,49.1,0.0,66.8,7.6,93.2,446.0,47.2,125771.7,57752.5,0.0
756,84.34,100.0,2.127,2127.0,62.4,47.8,14.3,0.0,0.0,1530.0,149.94,62.8,98.0,4.66,8.56,7.61,49.2,0.0,66.4,7.7,90.2,446.0,47.2,125771.7,57751.3,0.0
757,86.81,100.0,2.253,2253.0,62.5,47.0,14.3,0.0,0.0,1530.0,148.41,63.0,97.0,4.66,8.56,7.61,47.6,0.0,66.2,0.4,94.4,446.0,47.2,125771.7,57751.8,0.0
758,78.84,100.0,2.246,2245.5,62.5,47.2,14.3,0.0,0.0,1530.0,130.05,62.8,85.0,4.66,8.28,7.56,48.8,0.0,66.1,8.0,95.4,447.0,47.2,125771.7,57748.3,0.0
759,85.39,100.0,1.974,1974.0,62.2,48.8,14.3,0.0,0.0,1530.0,149.94,63.1,98.0,4.66,8.28,7.56,49.9,0.0,66.9,8.2,92.3,447.0,47.2,125771.7,57752.0,0.0
760,44.32,100.0,2.445,2445.0,62.5,51.0,14.3,0.0,0.0,1458.0,14.58,60.6,10.0,4.66,8.28,7.56,52.1,0.0,66.6,8.0,92.9,447.0,47.2,125771.7,57756.8,0.0
761,62.94,100.0,2.388,2388.0,61.2,55.3,14.3,0.0,0.0,1530.0,148.41,61.4,97.0,4.66,8.28,7.56,56.3,0.0,65.8,8.2,94.4,448.0,45.9,125771.7,56063.2,0.0
762,63.76,100.0,2.6,2599.5,61.6,57.1,14.3,0.0,0.1,1530.0,148.41,61.2,97.0,4.66,8.28,7.56,58.4,0.0,66.7,0.7,94.4,448.0,45.9,125771.7,56067.4,0.0
763,41.45,100.0,2.464,2464.5,61.3,53.3,14.3,0.0,0.0,1521.0,0.0,59.8,0.0,4.75,9.38,7.8,54.3,0.0,67.7,8.3,93.3,448.0,45.6,125771.7,56035.8,0.0
764,79.61,100.0,2.372,2371.5,61.6,53.8,14.3,0.0,0.0,1530.0,148.41,62.1,97.0,4.75,9.38,7.8,55.0,0.0,66.7,8.2,89.3,448.0,46.3,125771.7,56542.4,0.0
765,85.02,100.0,2.138,2137.5,62.1,53.4,14.3,0.0,0.1,1530.0,149.94,62.0,98.0,4.75,9.38,7.8,54.5,0.0,66.5,0.7,90.8,448.0,46.3,125771.7,56539.6,0.0
766,84.79,100.0,2.29,2290.5,61.8,52.0,14.3,0.0,0.0,1530.0,146.88,62.5,96.0,4.75,9.38,7.8,53.4,0.0,65.9,8.2,91.8,448.0,46.3,125771.7,56539.3,0.0
767,84.17,100.0,2.12,2119.5,61.7,52.3,14.3,0.0,0.0,1530.0,149.94,62.3,98.0,4.75,9.38,7.8,53.4,0.0,65.2,8.3,91.2,448.0,46.3,125771.7,56535.1,0.0
768,83.16,100.0,2.282,2281.5,62.8,52.7,14.3,0.0,0.0,1530.0,148.41,62.8,97.0,4.78,9.34,7.82,53.8,0.0,66.2,0.6,90.0,448.0,46.3,125771.7,56538.4,0.0
769,83.93,100.0,2.01,2010.0,63.1,52.1,14.3,0.0,0.0,1530.0,149.94,62.7,98.0,4.78,9.34,7.82,53.5,0.0,66.7,8.5,94.2,448.0,46.3,125771.7,56538.7,0.0
770,83.04,100.0,2.271,2271.0,63.2,52.0,14.3,0.0,0.1,1530.0,149.94,62.6,98.0,4.78,9.34,7.82,53.2,0.0,65.9,8.2,93.4,448.0,46.3,125771.7,56538.4,0.0
771,84.13,100.0,2.206,2206.5,63.1,51.4,14.3,0.0,0.0,1530.0,143.82,62.8,94.0,4.78,9.34,7.82,52.8,0.0,67.4,0.7,94.3,448.0,46.3,125771.7,56538.7,0.0
772,84.42,100.0,2.436,2436.0,62.9,51.2,14.3,0.0,0.0,1530.0,148.41,63.0,97.0,4.78,9.34,7.82,52.0,0.0,66.2,8.3,92.9,448.0,46.3,125771.7,56539.1,0.0
773,82.14,100.0,2.308,2308.5,63.2,52.0,14.3,0.0,0.0,1530.0,148.41,63.1,97.0,4.77,8.84,7.74,53.1,0.0,66.3,8.4,91.0,448.0,46.3,125771.7,56534.7,0.0
774,84.82,100.0,2.326,2326.5,63.2,51.3,14.3,0.0,0.0,1530.0,148.41,63.2,97.0,4.77,8.84,7.74,52.5,0.0,66.1,0.5,93.9,448.0,46.3,125771.7,56535.0,0.0
775,86.5,100.0,2.127,2127.0,63.2,51.9,14.3,0.0,0.0,1530.0,148.41,63.1,97.0,4.77,8.84,7.74,53.0,0.0,66.9,8.3,92.9,448.0,46.3,125771.7,56535.8,0.0
776,82.62,100.0,2.271,2271.0,63.0,52.5,14.3,0.0,0.0,1530.0,149.94,63.1,98.0,4.77,8.84,7.74,53.7,0.0,66.4,8.2,94.4,447.0,46.3,125771.7,56538.4,0.0
777,85.38,100.0,2.498,2497.5,63.3,51.5,14.3,0.0,0.0,1530.0,149.94,63.1,98.0,4.77,8.84,7.74,52.3,0.0,66.5,7.9,93.3,447.0,46.3,125771.7,56535.0,0.0
778,85.35,100.0,2.316,2316.0,63.3,51.7,14.3,0.0,0.0,1530.0,149.94,63.2,98.0,4.76,8.37,7.66,52.7,0.0,66.1,8.2,94.3,447.0,46.3,125771.7,56538.6,0.0
779,82.6,100.0,2.288,2287.5,63.0,51.4,14.3,0.0,0.0,1530.0,148.41,63.1,97.0,4.76,8.37,7.66,52.7,0.0,66.8,8.3,94.4,447.0,46.3,125771.7,56543.3,0.0
780,90.73,100.0,2.252,2251.5,63.3,51.7,14.3,0.0,0.0,1530.0,146.88,63.5,96.0,4.76,8.37,7.66,52.6,0.0,66.4,0.5,93.3,447.0,46.3,125771.7,56546.9,0.0
781,82.67,100.0,2.235,2235.0,63.7,52.2,14.3,0.0,0.0,1530.0,149.94,63.4,98.0,4.76,8.37,7.66,53.0,0.0,66.5,8.4,94.4,447.0,46.3,125771.7,56568.5,0.0
782,83.28,100.0,2.496,2496.0,63.4,51.9,14.3,0.0,0.1,1530.0,148.41,63.3,97.0,4.76,8.37,7.66,52.9,0.0,66.5,8.2,93.5,447.0,46.3,125771.7,56544.7,0.0
783,86.07,100.0,2.474,2473.5,63.0,50.6,14.3,0.0,0.0,1530.0,149.94,63.4,98.0,4.75,8.02,7.6,52.0,0.0,66.4,0.6,89.9,447.0,46.3,125771.7,56539.2,0.0
784,83.5,100.0,2.33,2329.5,62.4,50.5,14.3,0.0,0.0,1530.0,149.94,63.2,98.0,4.75,8.02,7.6,51.2,0.0,67.6,8.3,94.3,447.0,46.3,125771.7,56542.8,0.0
785,84.4,100.0,2.4,2400.0,62.6,51.8,14.3,0.0,0.7,1530.0,148.41,63.3,97.0,4.75,8.02,7.6,52.5,0.0,66.0,7.9,90.2,447.0,46.3,125771.7,56542.2,0.0
786,84.14,100.0,2.526,2526.0,62.9,51.2,14.3,0.0,0.0,1530.0,149.94,63.4,98.0,4.75,8.02,7.6,52.6,0.0,65.9,7.9,94.4,447.0,46.3,125771.7,56541.8,0.0
787,86.68,100.0,2.598,2598.0,63.4,49.2,14.3,0.0,0.1,1530.0,149.94,63.3,98.0,4.75,8.02,7.6,50.2,0.0,67.3,8.3,90.7,447.0,46.3,125771.7,56541.3,0.0
788,84.98,100.0,2.6,2599.5,62.8,50.8,14.3,0.0,0.0,1530.0,149.94,63.3,98.0,4.76,7.86,7.58,51.8,0.0,65.5,8.3,94.6,447.0,46.3,125771.7,56541.7,0.0
789,90.67,100.0,2.082,2082.0,62.7,50.3,14.3,0.0,0.0,1530.0,149.94,63.5,98.0,4.76,7.86,7.58,51.8,0.0,67.0,0.6,95.3,447.0,46.3,125771.7,56538.4,0.0
790,84.69,100.0,1.984,1984.5,62.6,51.1,14.3,0.0,0.0,1530.0,149.94,63.4,98.0,4.76,7.86,7.58,52.3,0.0,66.5,8.2,94.6,447.0,46.3,125771.7,56534.5,0.0
791,59.85,100.0,2.433,2433.0,62.5,51.7,14.3,0.0,0.0,1530.0,148.41,61.7,97.0,4.76,7.86,7.58,52.5,0.0,66.9,8.7,94.4,447.0,46.8,125771.7,57256.8,0.0
792,67.83,100.0,2.601,2601.0,62.5,56.3,14.3,0.0,0.1,1530.0,148.41,62.3,97.0,4.76,7.86,7.58,57.4,0.0,66.4,0.6,95.5,447.0,46.8,125771.7,57254.8,0.0
793,42.41,100.0,2.498,2497.5,62.5,52.8,14.3,0.0,0.0,1530.0,0.0,60.7,0.0,4.77,7.71,7.55,54.0,0.0,66.2,8.4,94.6,447.0,46.8,125771.7,57252.5,0.0
794,81.56,100.0,2.598,2598.0,62.4,53.3,14.3,0.0,0.0,1530.0,146.88,62.8,96.0,4.77,7.71,7.55,54.5,0.0,67.0,8.2,94.4,447.0,47.2,125771.7,57744.1,0.0
795,84.23,100.0,2.436,2436.0,62.7,50.1,14.3,0.0,0.0,1530.0,149.94,63.2,98.0,4.77,7.71,7.55,51.4,0.0,66.6,0.7,94.3,447.0,47.2,125771.7,57743.9,0.0
796,88.35,100.0,2.366,2365.5,62.7,51.6,14.3,0.0,0.0,1530.0,148.41,63.0,97.0,4.77,7.71,7.55,52.9,0.0,66.2,8.2,95.4,447.0,47.2,125771.7,57743.1,0.0
797,93.03,100.0,2.373,2373.0,62.7,51.2,14.3,0.0,0.1,1530.0,148.41,63.2,97.0,4.77,7.71,7.55,52.4,0.0,66.8,8.2,94.4,447.0,47.2,125771.7,57743.8,0.0
798,87.03,100.0,2.274,2274.0,62.8,52.3,14.3,0.0,0.0,1530.0,149.94,62.9,98.0,4.8,8.05,7.62,53.5,0.0,67.5,8.3,94.1,447.0,47.2,125771.7,57748.5,0.0
799,88.64,100.0,2.508,2508.0,63.2,51.3,14.3,0.0,0.0,1530.0,143.82,63.2,94.0,4.8,8.05,7.62,51.8,0.0,67.1,0.6,91.8,447.0,47.2,125771.7,57745.2,0.0
800,86.09,100.0,2.456,2455.5,63.3,50.9,14.3,0.0,0.0,1530.0,149.94,63.2,98.0,4.8,8.05,7.62,52.9,0.0,67.7,8.2,94.1,447.0,47.2,125771.7,57747.6,0.0
801,81.85,100.0,2.337,2337.0,63.3,51.4,14.3,0.0,0.0,1530.0,148.41,63.2,97.0,4.8,8.05,7.62,52.4,0.0,65.2,7.9,95.5,447.0,47.2,125771.7,57756.1,0.0
802,86.41,100.0,2.589,2589.0,63.4,51.2,14.3,0.0,0.1,1530.0,149.94,63.1,98.0,4.8,8.05,7.62,52.5,0.0,66.1,8.2,94.4,447.0,47.2,125771.7,57749.2,0.0
803,91.45,100.0,2.526,2526.0,63.6,50.4,14.3,0.0,0.0,1530.0,145.35,63.3,95.0,4.8,7.73,7.56,51.9,0.0,66.7,8.2,93.8,447.0,47.2,125771.7,57752.9,0.0
804,86.54,100.0,2.498,2497.5,63.5,50.7,14.3,0.0,0.0,1530.0,148.41,63.2,97.0,4.8,7.73,7.56,52.4,0.0,62.3,0.6,94.5,447.0,47.2,125771.7,57752.9,0.0
805,86.17,100.0,2.598,2598.0,63.6,51.3,14.3,0.0,0.0,1530.0,145.35,63.6,95.0,4.8,7.73,7.56,52.9,0.0,67.2,8.3,95.4,447.0,47.2,125771.7,57752.8,0.0
806,86.79,100.0,2.59,2590.5,63.6,50.4,14.3,0.0,0.0,1530.0,149.94,63.3,98.0,4.8,7.73,7.56,52.0,0.0,66.4,8.3,93.8,447.0,47.2,125771.7,57746.9,0.0
807,87.71,100.0,2.6,2599.5,63.5,50.6,14.3,0.0,0.0,1530.0,146.88,63.4,96.0,4.8,7.73,7.56,51.8,0.0,66.2,0.5,94.3,447.0,47.2,125771.7,57740.3,0.0
808,85.34,100.0,2.59,2590.5,63.6,50.7,14.3,0.0,0.0,1530.0,149.94,63.3,98.0,4.82,7.83,7.59,52.0,0.0,67.3,8.4,94.4,447.0,47.2,125771.7,57741.1,0.0
809,85.48,100.0,2.598,2598.0,63.8,50.4,14.3,0.0,0.0,1530.0,148.41,63.6,97.0,4.82,7.83,7.59,51.3,0.0,66.8,8.2,94.3,446.0,47.2,125771.7,57741.6,0.0
810,90.36,100.0,2.462,2461.5,63.8,50.7,14.3,0.0,0.0,1530.0,149.94,63.5,98.0,4.82,7.83,7.59,52.1,0.0,66.0,0.5,95.3,446.0,47.2,125771.7,57740.9,0.0
811,83.44,100.0,2.488,2488.5,63.5,50.6,14.3,0.0,0.0,1530.0,148.41,63.5,97.0,4.82,7.83,7.59,51.9,0.0,66.5,8.3,94.0,446.0,47.2,125771.7,57763.1,0.0
812,86.01,100.0,2.553,2553.0,63.8,49.3,14.3,0.0,0.0,1530.0,149.94,63.7,98.0,4.82,7.83,7.59,50.8,0.0,65.8,7.8,94.4,446.0,47.2,125771.7,57760.3,0.0
813,83.39,100.0,2.264,2263.5,63.8,50.6,14.3,0.0,0.0,1530.0,149.94,63.7,98.0,4.83,7.68,7.56,52.0,0.0,66.8,0.6,94.1,446.0,47.2,125771.7,57750.0,0.0
814,84.88,100.0,2.582,2581.5,63.7,49.9,14.3,0.0,0.0,1530.0,148.41,63.8,97.0,4.83,7.68,7.56,51.4,0.0,66.9,8.1,94.2,446.0,47.2,125771.7,57749.5,0.0
815,86.29,100.0,2.391,2391.0,64.0,49.9,14.3,0.0,0.8,1530.0,148.41,63.6,97.0,4.83,7.68,7.56,51.0,0.0,66.1,8.3,94.3,446.0,47.2,125771.7,57750.8,0.0
816,88.89,100.0,2.274,2274.0,63.9,51.0,14.3,0.0,0.0,1530.0,148.41,63.6,97.0,4.83,7.68,7.56,51.8,0.0,65.9,0.5,94.1,446.0,47.2,125771.7,57754.0,0.0
817,84.52,100.0,2.433,2433.0,63.7,49.5,14.3,0.0,0.1,1530.0,148.41,63.8,97.0,4.83,7.68,7.56,50.9,0.0,67.4,8.3,94.3,446.0,47.2,125771.7,57756.3,0.0
818,87.71,100.0,2.442,2442.0,63.7,48.8,14.3,0.0,0.0,1530.0,149.94,63.6,98.0,4.84,7.63,7.55,50.1,0.0,65.9,8.2,94.4,446.0,47.2,125771.7,57754.8,0.0
819,88.79,100.0,2.506,2506.5,63.7,49.5,14.3,0.0,0.0,1530.0,148.41,63.6,97.0,4.84,7.63,7.55,50.6,0.0,66.5,0.6,94.4,446.0,47.2,125771.7,57755.1,0.0
820,86.74,100.0,2.496,2496.0,63.9,48.8,14.3,0.0,0.0,1530.0,148.41,63.7,97.0,4.84,7.63,7.55,49.8,0.0,66.3,8.2,94.3,446.0,47.2,125771.7,57753.1,0.0
821,42.11,100.0,2.481,2481.0,63.1,48.6,14.3,0.0,0.0,1161.0,0.0,60.6,0.0,4.84,7.63,7.55,50.1,0.0,69.3,8.5,95.2,446.0,47.8,125771.7,58471.9,0.0
822,81.59,100.0,2.388,2388.0,63.2,51.1,14.3,0.0,0.0,1530.0,142.29,63.1,93.0,4.84,7.63,7.55,52.7,0.0,66.4,3.0,94.3,446.0,47.3,125771.7,57878.6,0.0
823,86.48,91.7,2.49,2490.0,63.4,48.2,14.3,0.0,0.0,1530.0,149.94,63.1,98.0,4.86,7.74,7.58,50.1,0.0,66.6,5.8,94.2,446.0,47.3,125771.7,57875.5,0.0
824,84.84,91.7,2.352,2352.0,63.4,49.1,14.3,0.0,0.1,1530.0,149.94,63.2,98.0,4.86,7.74,7.58,50.2,0.0,66.0,8.2,94.1,446.0,47.3,125771.7,57862.9,0.0
825,79.53,100.0,2.283,2283.0,63.7,51.1,14.3,0.0,0.0,1530.0,146.88,63.3,96.0,4.86,7.74,7.58,52.5,0.0,67.0,8.3,94.4,444.0,47.3,125771.7,57858.7,0.0
826,85.54,100.0,2.31,2310.0,63.7,50.2,14.3,0.0,0.0,1530.0,148.41,63.6,97.0,4.86,7.74,7.58,51.6,0.0,66.2,0.5,94.4,444.0,47.3,125771.7,57864.4,0.0
827,82.71,100.0,2.31,2310.0,63.7,51.3,14.3,0.0,0.0,1530.0,148.41,63.6,97.0,4.86,7.74,7.58,52.5,0.0,63.0,8.1,94.2,444.0,47.3,125771.7,57869.0,0.0
828,81.53,100.0,2.272,2272.5,63.8,50.5,14.3,0.0,0.0,1530.0,148.41,63.6,97.0,4.94,8.72,7.78,52.0,0.0,66.7,8.1,94.0,444.0,47.3,125771.7,57868.2,0.0
829,82.71,100.0,2.174,2173.5,63.8,50.3,14.3,0.0,0.1,1530.0,148.41,63.9,97.0,4.94,8.72,7.78,51.8,0.0,66.1,0.8,95.2,444.0,47.3,125771.7,57859.0,0.0
830,79.66,100.0,2.272,2272.5,63.8,52.5,14.3,0.0,0.0,1530.0,148.41,63.7,97.0,4.94,8.72,7.78,53.9,0.0,66.7,8.0,94.1,444.0,47.3,125771.7,57862.4,0.0
831,80.19,100.0,2.192,2191.5,63.8,51.7,14.3,0.0,0.0,1530.0,148.41,63.8,97.0,4.94,8.72,7.78,53.4,0.0,66.2,8.3,94.2,444.0,47.3,125771.7,57861.9,0.0
832,82.41,100.0,2.31,2310.0,64.0,52.7,14.3,0.0,0.0,1530.0,149.94,63.9,98.0,4.94,8.72,7.78,54.3,0.0,66.4,0.5,94.1,444.0,47.3,125771.7,57861.9,0.0
833,81.49,100.0,2.352,2352.0,63.9,53.6,14.3,0.0,0.0,1530.0,149.94,63.8,98.0,4.97,8.82,7.82,54.8,0.0,66.4,8.4,94.4,444.0,47.3,125771.7,57862.0,0.0
834,82.57,100.0,2.364,2364.0,64.1,52.2,14.3,0.0,0.0,1530.0,148.41,63.6,97.0,4.97,8.82,7.82,54.0,0.0,66.2,8.1,94.1,444.0,47.3,125771.7,57861.0,0.0
835,80.19,100.0,2.346,2346.0,63.8,52.4,14.3,0.0,0.0,1530.0,142.29,63.6,93.0,4.97,8.82,7.82,54.0,0.0,67.2,3.5,94.6,444.0,47.3,125771.7,57865.1,0.0
836,79.98,100.0,2.102,2101.5,63.6,50.5,14.3,0.0,0.0,1530.0,148.41,63.7,97.0,4.97,8.82,7.82,51.8,0.0,65.9,5.2,94.4,444.0,47.3,125771.7,57862.3,0.0
837,79.86,100.0,2.319,2319.0,63.8,49.5,14.3,0.0,0.0,1530.0,148.41,63.8,97.0,4.97,8.82,7.82,51.4,0.0,66.3,8.0,94.3,444.0,47.3,125771.7,57866.2,0.0
838,80.89,100.0,2.247,2247.0,63.8,49.4,14.3,0.0,0.0,1530.0,131.58,63.4,86.0,4.98,8.6,7.79,50.8,0.0,66.4,4.1,94.3,444.0,47.3,125771.7,57858.6,0.0
839,80.45,100.0,2.562,2562.0,63.7,47.4,14.3,0.0,0.0,1530.0,149.94,63.6,98.0,4.98,8.6,7.79,48.8,0.0,66.7,4.4,94.3,444.0,47.3,125771.7,57858.7,0.0
840,82.21,100.0,2.282,2281.5,63.8,47.3,14.3,0.0,0.0,1530.0,149.94,63.6,98.0,4.98,8.6,7.79,48.4,0.0,66.7,8.0,94.1,444.0,47.3,125771.7,57862.6,0.0
841,79.99,100.0,2.516,2515.5,64.0,48.2,14.3,0.0,0.1,1530.0,139.23,63.8,91.0,4.98,8.6,7.79,49.9,0.0,66.9,3.9,94.0,444.0,47.3,125771.7,57896.7,0.0
842,81.27,100.0,2.21,2209.5,63.8,48.3,14.3,0.0,0.0,1530.0,148.41,63.8,97.0,4.98,8.6,7.79,49.6,0.0,65.1,4.7,95.5,444.0,47.3,125771.7,57876.8,0.0
843,81.43,100.0,2.316,2316.0,63.8,49.0,14.3,0.0,0.0,1530.0,149.94,64.2,98.0,5.02,8.87,7.86,50.3,0.0,67.2,8.0,94.4,444.0,47.3,125771.7,57874.5,0.0
844,83.66,100.0,2.139,2139.0,64.1,47.1,14.3,0.0,0.0,1530.0,140.76,64.0,92.0,5.02,8.87,7.86,48.8,0.0,67.2,3.7,94.4,444.0,47.3,125771.7,57873.6,0.0
845,80.84,100.0,2.283,2283.0,64.0,47.3,14.3,0.0,0.8,1530.0,149.94,63.8,98.0,5.02,8.87,7.86,48.6,0.0,65.2,4.7,94.3,444.0,47.3,125771.7,57872.1,0.0
846,44.35,100.0,2.482,2482.5,64.0,49.7,14.3,0.0,0.0,1530.0,12.24,61.8,8.0,5.02,8.87,7.86,51.1,0.0,65.1,8.1,94.3,444.0,47.3,125771.7,57897.7,0.0
847,57.21,100.0,2.2,2200.5,63.0,56.2,14.3,0.0,0.0,1530.0,148.41,62.4,97.0,5.02,8.87,7.86,57.3,0.0,66.5,8.5,94.0,444.0,46.0,125771.7,56156.2,0.0
848,63.67,100.0,2.528,2527.5,62.6,58.2,14.3,0.0,0.0,1530.0,149.94,62.3,98.0,5.05,9.04,7.91,59.0,0.0,66.4,8.5,95.5,444.0,46.0,125771.7,56151.7,0.0
849,66.16,100.0,2.236,2236.5,62.2,52.7,14.3,0.0,0.0,1530.0,148.41,62.4,97.0,5.05,9.04,7.91,54.3,0.0,66.4,0.5,95.3,444.0,46.0,125771.7,56154.1,0.0
850,70.33,100.0,2.138,2137.5,61.8,56.8,14.3,0.0,0.1,1530.0,148.41,62.9,97.0,5.05,9.04,7.91,57.7,0.0,66.5,8.7,95.6,444.0,46.4,125771.7,56644.2,0.0
851,80.19,100.0,2.373,2373.0,62.9,53.0,14.3,0.0,0.0,1530.0,149.94,63.4,98.0,5.05,9.04,7.91,54.4,0.0,66.5,8.4,95.3,444.0,46.3,125771.7,56640.7,0.0
852,82.18,100.0,2.492,2491.5,63.5,53.6,14.3,0.0,0.0,1530.0,148.41,63.5,97.0,5.05,9.04,7.91,54.9,0.0,66.4,8.3,95.4,444.0,46.4,125771.7,56642.3,0.0
853,86.89,100.0,2.33,2329.5,63.6,53.7,14.3,0.0,0.0,1530.0,139.23,63.2,91.0,5.05,8.72,7.86,54.4,0.0,67.2,3.5,91.8,444.0,46.4,125771.7,56654.8,0.0
854,86.36,100.0,2.2,2200.5,64.0,54.1,14.3,0.0,0.0,1530.0,149.94,63.5,98.0,5.05,8.72,7.86,55.4,0.0,67.3,5.4,93.1,444.0,46.4,125771.7,56652.3,0.0
855,85.25,100.0,2.19,2190.0,63.2,55.4,14.3,0.0,0.1,1530.0,148.41,63.6,97.0,5.05,8.72,7.86,56.8,0.0,66.6,8.3,93.4,444.0,46.4,125771.7,56651.4,0.0
856,83.86,100.0,1.874,1873.5,63.1,55.2,14.3,0.0,0.0,1530.0,148.41,63.6,97.0,5.05,8.72,7.86,56.5,0.0,66.5,8.3,93.1,445.0,46.4,125771.7,56652.0,0.0
857,83.77,100.0,1.928,1927.5,63.1,55.9,14.3,0.0,0.1,1530.0,148.41,63.9,97.0,5.05,8.72,7.86,57.0,0.0,65.8,8.2,92.9,445.0,46.4,125771.7,56650.2,0.0
858,85.34,100.0,2.21,2209.5,63.0,55.1,14.3,0.0,0.0,1530.0,148.41,63.5,97.0,5.06,8.58,7.85,56.5,0.0,66.8,3.4,93.1,443.0,46.4,125771.7,56648.4,0.0
859,84.19,100.0,2.454,2454.0,63.5,51.5,14.3,0.0,0.0,1530.0,149.94,63.7,98.0,5.06,8.58,7.85,51.8,0.0,66.3,5.6,93.1,443.0,46.4,125771.7,56642.0,0.0
860,86.55,100.0,2.056,2056.5,63.6,51.2,14.3,0.0,0.0,1530.0,149.94,63.8,98.0,5.06,8.58,7.85,52.6,0.0,67.1,7.7,95.3,442.0,46.4,125771.7,56644.0,0.0
861,84.88,100.0,2.292,2292.0,63.7,52.6,14.3,0.0,0.0,1530.0,148.41,63.9,97.0,5.06,8.58,7.85,53.8,0.0,65.5,7.9,94.4,442.0,46.4,125771.7,56644.8,0.0
862,88.32,100.0,2.13,2130.0,63.6,52.6,14.3,0.0,0.0,1530.0,148.41,64.1,97.0,5.06,8.58,7.85,54.1,0.0,67.1,3.2,95.2,442.0,46.4,125771.7,56646.8,0.0
863,79.9,100.0,2.174,2173.5,63.7,53.5,14.3,0.0,0.0,1530.0,148.41,63.9,97.0,5.09,8.69,7.88,55.0,0.0,64.8,5.7,94.3,442.0,46.4,125771.7,56646.1,0.0
864,83.1,100.0,2.337,2337.0,63.8,56.4,14.3,0.0,0.0,1530.0,148.41,64.1,97.0,5.09,8.69,7.88,57.6,0.0,66.4,3.6,95.2,442.0,46.4,125771.7,56645.5,0.0
865,84.5,100.0,2.33,2329.5,63.7,53.3,14.3,0.0,0.0,1530.0,142.29,64.0,93.0,5.09,8.69,7.88,54.8,0.0,66.4,5.2,94.3,442.0,46.4,125771.7,56654.1,0.0
866,83.92,100.0,2.199,2199.0,63.8,53.9,14.3,0.0,0.0,1530.0,149.94,64.2,98.0,5.09,8.69,7.88,55.3,0.0,66.5,8.3,95.5,442.0,46.4,125771.7,56644.2,0.0
867,74.54,100.0,2.274,2274.0,63.8,53.6,14.3,0.0,0.1,1530.0,148.41,64.1,97.0,5.09,8.69,7.88,54.9,0.0,66.4,8.2,94.4,442.0,46.4,125771.7,56645.8,0.0
868,82.66,100.0,2.192,2191.5,63.9,54.5,14.3,0.0,0.0,1530.0,149.94,64.0,98.0,5.08,8.4,7.84,56.0,0.0,66.5,8.3,95.6,442.0,46.4,125771.7,56646.1,0.0
869,82.76,100.0,2.492,2491.5,63.7,54.7,14.3,0.0,0.0,1530.0,136.17,64.2,89.0,5.08,8.4,7.84,56.2,0.0,66.4,1.0,94.3,442.0,46.4,125771.7,56650.0,0.0
870,83.98,100.0,2.392,2392.5,63.9,53.7,14.3,0.0,0.0,1530.0,149.94,64.2,98.0,5.08,8.4,7.84,55.3,0.0,66.5,7.9,95.5,442.0,46.4,125771.7,56654.0,0.0
871,84.26,100.0,2.434,2434.5,64.2,53.4,14.3,0.0,0.0,1530.0,137.7,64.3,90.0,5.08,8.4,7.84,54.6,0.0,66.4,8.3,94.4,443.0,46.4,125771.7,56653.2,0.0
872,84.2,100.0,2.092,2092.5,64.1,54.0,14.3,0.0,0.0,1530.0,149.94,64.2,98.0,5.08,8.4,7.84,55.9,0.0,67.0,8.3,95.2,442.0,46.4,125771.7,56661.2,0.0
873,88.46,100.0,2.33,2329.5,63.9,53.3,14.3,0.0,0.0,1530.0,148.41,64.4,97.0,5.1,8.29,7.82,54.5,0.0,65.9,8.3,94.3,442.0,46.4,125771.7,56650.9,0.0
874,83.91,100.0,2.31,2310.0,63.9,50.2,14.3,0.0,0.0,1530.0,148.41,64.2,97.0,5.1,8.29,7.82,51.4,0.0,66.5,3.0,95.3,441.0,46.4,125771.7,56647.9,0.0
875,87.76,100.0,2.5,2500.5,64.1,50.8,14.3,0.0,0.9,1530.0,149.94,64.4,98.0,5.1,8.29,7.82,52.6,0.0,66.4,5.8,95.6,441.0,46.4,125771.7,56660.1,0.0
876,39.7,100.0,2.372,2371.5,62.8,51.1,14.3,0.0,0.0,1512.0,0.0,61.8,0.0,5.1,8.29,7.82,52.2,0.0,66.4,8.2,94.4,441.0,46.4,125771.7,56660.4,0.0
877,81.78,100.0,2.164,2164.5,63.5,54.0,14.3,0.0,0.0,1530.0,148.41,63.7,97.0,5.1,8.29,7.82,55.4,0.0,66.7,8.3,95.3,441.0,47.4,125771.7,57956.3,0.0
878,77.77,100.0,2.085,2085.0,63.6,52.4,14.3,0.0,0.0,1530.0,136.17,63.9,89.0,5.14,8.66,7.91,53.6,0.0,67.1,4.0,95.4,441.0,47.4,125771.7,57961.3,0.0
879,82.75,100.0,2.03,2029.5,63.8,52.7,14.3,0.0,0.1,1530.0,149.94,64.2,98.0,5.14,8.66,7.91,54.2,0.0,66.4,5.0,95.3,441.0,47.4,125771.7,57953.1,0.0
880,81.02,100.0,2.282,2281.5,64.0,53.3,14.3,0.0,0.0,1530.0,149.94,64.2,98.0,5.14,8.66,7.91,54.4,0.0,65.6,8.2,94.3,441.0,47.4,125771.7,57956.6,0.0
881,86.83,100.0,2.373,2373.0,64.0,52.3,14.3,0.0,0.0,1530.0,148.41,64.4,97.0,5.14,8.66,7.91,53.8,0.0,66.4,4.1,95.2,441.0,47.4,125771.7,57957.1,0.0
882,84.38,100.0,2.247,2247.0,63.7,53.5,14.3,0.0,0.0,1530.0,148.41,64.1,97.0,5.14,8.66,7.91,54.8,0.0,66.4,4.8,95.4,441.0,47.4,125771.7,57954.9,0.0
883,82.53,100.0,2.362,2362.5,63.9,54.5,14.3,0.0,0.0,1530.0,149.94,64.1,98.0,5.14,8.37,7.86,55.7,0.0,67.0,7.8,94.6,441.0,47.4,125771.7,57951.0,0.0
884,83.98,100.0,1.94,1939.5,64.0,51.5,14.3,0.0,0.0,1530.0,140.76,64.1,92.0,5.14,8.37,7.86,53.1,0.0,66.8,8.3,95.3,441.0,47.4,125771.7,57948.8,0.0
885,84.78,100.0,2.246,2245.5,63.9,52.7,14.3,0.0,0.0,1530.0,148.41,64.2,97.0,5.14,8.37,7.86,53.8,0.0,66.5,3.0,94.1,441.0,47.4,125771.7,57952.2,0.0
886,84.5,100.0,2.2,2200.5,63.8,51.7,14.3,0.0,0.1,1530.0,149.94,64.1,98.0,5.14,8.37,7.86,53.1,0.0,66.4,5.7,95.5,442.0,47.4,125771.7,57959.5,0.0
887,81.85,100.0,2.402,2401.5,64.1,51.9,14.3,0.0,0.0,1530.0,143.82,64.3,94.0,5.14,8.37,7.86,53.1,0.0,67.4,8.3,94.4,442.0,47.4,125771.7,57963.0,0.0
888,86.27,100.0,2.3,2299.5,64.1,51.3,14.3,0.0,0.0,1530.0,149.94,64.1,98.0,5.13,8.02,7.8,52.7,0.0,67.0,8.1,95.3,442.0,47.4,125771.7,57953.0,0.0
889,86.24,100.0,2.21,2209.5,64.1,51.4,14.3,0.0,0.0,1530.0,149.94,64.3,98.0,5.13,8.02,7.8,52.6,0.0,65.4,6.7,94.3,442.0,47.4,125771.7,57952.3,0.0
890,84.18,100.0,2.208,2208.0,64.1,52.6,14.3,0.0,0.0,1530.0,140.76,64.3,92.0,5.13,8.02,7.8,54.1,0.0,65.0,1.7,95.3,442.0,47.4,125771.7,57960.2,0.0
891,84.01,100.0,2.228,2227.5,63.7,52.0,14.3,0.0,0.0,1530.0,149.94,64.3,98.0,5.13,8.02,7.8,53.1,0.0,66.4,7.9,92.0,442.0,47.4,125771.7,57956.3,0.0
892,84.17,100.0,2.21,2209.5,63.8,52.3,14.3,0.0,0.0,1530.0,148.41,64.3,97.0,5.13,8.02,7.8,53.7,0.0,66.5,4.0,95.4,442.0,47.4,125771.7,57959.5,0.0
893,86.75,100.0,2.3,2299.5,63.9,50.4,14.3,0.0,0.0,1530.0,140.76,64.4,92.0,5.14,7.86,7.77,51.5,0.0,66.4,4.8,95.5,442.0,47.4,125771.7,57955.4,0.0
894,84.41,100.0,2.074,2074.5,63.8,51.5,14.3,0.0,0.0,1530.0,149.94,64.3,98.0,5.14,7.86,7.77,52.9,0.0,66.4,8.3,95.3,442.0,47.4,125771.7,57955.4,0.0
895,85.07,100.0,2.138,2137.5,64.1,51.2,14.3,0.0,0.0,1530.0,148.41,64.5,97.0,5.14,7.86,7.77,52.6,0.0,66.8,3.1,92.0,442.0,47.4,125771.7,57955.7,0.0
896,83.17,100.0,2.236,2236.5,63.7,49.4,14.3,0.0,0.0,1530.0,148.41,64.3,97.0,5.14,7.86,7.77,50.1,0.0,66.1,5.6,92.7,442.0,47.4,125771.7,57964.7,0.0
897,82.99,100.0,2.344,2344.5,63.8,49.1,14.3,0.0,0.1,1530.0,149.94,64.1,98.0,5.14,7.86,7.77,49.9,0.0,66.4,8.3,91.0,442.0,47.4,125771.7,57958.7,0.0
898,83.14,91.7,2.343,2343.0,63.5,48.8,14.3,0.0,0.0,1530.0,146.88,64.4,96.0,5.13,7.63,7.72,50.2,0.0,66.4,3.2,94.6,442.0,47.4,125771.7,57955.3,0.0
899,81.85,100.0,1.994,1993.5,63.4,49.5,14.3,0.0,0.0,1530.0,149.94,64.4,98.0,5.13,7.63,7.72,50.8,0.0,66.4,5.6,90.8,442.0,47.4,125771.7,57957.0,0.0
