elapsed_sec,board_power_w,cores_active_percent,cpu_freq_ghz,cpu_freq_mhz,cpu_temp,cpu_total,disk_percent,disk_read_rate_mbps,disk_write_rate_mbps,gpu_clock_mhz,gpu_effective_throughput,gpu_temp,gpu_util,load_15m,load_1m,load_5m,mean_core_util,net_errors,net_recv_rate_mbps,net_sent_rate_mbps,peak_core_util,process_count,ram_percent,ram_total_mb,ram_used_mb,swap_percent
0,68.25,0.0,1.998,1998.0,39.9,0.0,14.3,0.0,0.0,1530.0,149.94,41.1,98.0,0.28,1.52,0.51,0.0,0.0,0.0,0.0,0.0,451.0,39.7,125771.7,48291.8,0.0
1,74.05,100.0,1.926,1926.0,40.5,55.6,14.3,0.0,0.0,1530.0,148.41,41.1,97.0,0.28,1.52,0.51,55.9,0.0,66.4,8.2,76.9,451.0,39.7,125771.7,48285.4,0.0
2,74.32,100.0,1.881,1881.0,40.6,56.5,14.3,0.0,0.0,1530.0,149.94,41.8,98.0,0.28,1.52,0.51,57.3,0.0,66.4,8.3,95.4,451.0,39.7,125771.7,48283.8,0.0
3,72.33,100.0,1.809,1809.0,40.7,59.0,14.3,0.0,0.1,1530.0,142.29,42.1,93.0,0.28,1.52,0.51,60.0,0.0,66.5,8.4,94.4,451.0,39.7,125771.7,48293.3,0.0
4,75.12,100.0,1.791,1791.0,41.2,58.6,14.3,0.0,0.0,1530.0,149.94,41.8,98.0,0.28,1.52,0.51,59.5,0.0,66.4,0.5,94.4,451.0,39.7,125771.7,48302.9,0.0
5,74.59,100.0,1.674,1674.0,41.1,57.4,14.3,0.0,0.0,1530.0,148.41,42.5,97.0,0.33,2.12,0.65,57.9,0.0,66.5,8.5,78.9,451.0,39.7,125771.7,48293.2,0.0
6,73.8,100.0,1.791,1791.0,41.2,58.3,14.3,0.0,0.0,1530.0,148.41,42.5,97.0,0.33,2.12,0.65,58.8,0.0,66.4,3.5,86.7,451.0,39.7,125771.7,48294.9,0.0
7,74.07,100.0,1.89,1890.0,42.0,57.2,14.3,0.0,0.0,1530.0,149.94,42.7,98.0,0.33,2.12,0.65,57.3,0.0,66.4,5.3,87.2,451.0,39.7,125771.7,48297.9,0.0
8,74.64,100.0,1.575,1575.0,41.9,59.7,14.3,0.0,0.1,1530.0,145.35,43.0,95.0,0.33,2.12,0.65,60.4,0.0,66.5,8.4,95.5,451.0,39.7,125771.7,48295.8,0.0
9,73.65,100.0,1.836,1836.0,41.8,60.1,14.3,0.0,0.0,1530.0,149.94,43.2,98.0,0.33,2.12,0.65,61.3,0.0,66.4,0.5,95.6,451.0,39.7,125771.7,48296.4,0.0
10,72.7,100.0,1.476,1476.0,41.9,58.6,14.3,0.0,0.0,1530.0,149.94,43.4,98.0,0.39,2.91,0.84,59.6,0.0,66.5,7.9,95.3,451.0,39.7,125771.7,48294.0,0.0
11,73.69,100.0,1.539,1539.0,42.3,59.6,14.3,0.0,0.1,1530.0,149.94,43.5,98.0,0.39,2.91,0.84,60.8,0.0,66.4,7.9,95.2,451.0,39.7,125771.7,48301.5,0.0
12,72.34,100.0,1.989,1989.0,42.4,59.4,14.3,0.0,0.0,1530.0,148.41,43.6,97.0,0.39,2.91,0.84,60.6,0.0,66.4,0.6,95.1,451.0,39.7,125771.7,48294.8,0.0
13,71.49,100.0,1.62,1620.0,42.5,58.0,14.3,0.0,0.0,1530.0,146.88,43.9,96.0,0.39,2.91,0.84,58.9,0.0,66.5,8.0,95.3,452.0,39.7,125771.7,48295.6,0.0
14,73.52,100.0,1.665,1665.0,42.6,59.9,14.3,0.0,0.0,1530.0,148.41,44.2,97.0,0.39,2.91,0.84,60.7,0.0,66.4,8.3,94.5,452.0,39.7,125771.7,48295.8,0.0
15,72.68,100.0,1.908,1908.0,43.0,58.9,14.3,0.0,0.0,1530.0,148.41,43.8,97.0,0.46,3.8,1.06,59.6,0.0,66.5,0.6,95.3,452.0,39.7,125771.7,48297.2,0.0
16,49.69,100.0,1.71,1710.0,42.2,60.2,14.3,0.0,0.0,1530.0,149.94,42.8,98.0,0.46,3.8,1.06,60.2,0.0,66.4,8.3,73.1,452.0,40.4,125771.7,49089.8,0.0
17,31.42,100.0,1.89,1890.0,42.5,59.7,14.3,0.0,0.0,1512.0,0.0,41.8,0.0,0.46,3.8,1.06,60.3,0.0,66.5,5.9,90.3,452.0,40.1,125771.7,49089.5,0.0
18,55.62,100.0,1.989,1989.0,42.2,58.7,14.3,0.0,0.1,1530.0,148.41,43.1,97.0,0.46,3.8,1.06,59.3,0.0,66.4,3.0,95.6,452.0,40.4,125771.7,49103.1,0.0
19,55.77,100.0,1.827,1827.0,41.9,59.0,14.3,0.0,0.0,1449.0,137.66,42.0,95.0,0.46,3.8,1.06,59.3,0.0,66.4,8.2,80.0,452.0,40.4,125771.7,49105.8,0.0
20,75.62,100.0,1.692,1692.0,42.7,59.6,14.3,0.0,0.0,1530.0,149.94,44.1,98.0,0.51,4.21,1.19,59.9,0.0,66.4,3.5,85.6,452.0,40.8,125771.7,49578.0,0.0
21,71.06,100.0,1.8,1800.0,43.8,57.4,14.3,0.0,0.0,1530.0,148.41,44.3,97.0,0.51,4.21,1.19,57.7,0.0,66.4,5.4,95.4,452.0,40.8,125771.7,49587.7,0.0
22,72.85,100.0,1.863,1863.0,43.3,58.4,14.3,0.0,0.0,1530.0,149.94,44.0,98.0,0.51,4.21,1.19,58.8,0.0,66.5,8.2,88.5,452.0,40.8,125771.7,49577.7,0.0
23,71.4,100.0,1.782,1782.0,43.4,55.2,14.3,0.0,0.1,1530.0,149.94,44.3,98.0,0.51,4.21,1.19,55.6,0.0,66.4,0.7,83.9,452.0,40.8,125771.7,49578.6,0.0
24,73.11,100.0,1.719,1719.0,43.5,56.4,14.3,0.0,0.0,1530.0,149.94,44.7,98.0,0.51,4.21,1.19,57.2,0.0,66.4,8.3,87.5,452.0,40.8,125771.7,49576.9,0.0
25,75.73,100.0,1.557,1557.0,43.6,58.4,14.3,0.0,0.0,1530.0,149.94,44.4,98.0,0.6,5.24,1.45,59.6,0.0,66.5,8.4,95.5,452.0,40.8,125771.7,49579.7,0.0
26,71.04,100.0,1.998,1998.0,43.9,56.9,14.3,0.0,0.0,1530.0,145.35,44.7,95.0,0.6,5.24,1.45,57.2,0.0,66.4,0.5,94.2,452.0,40.8,125771.7,49587.2,0.0
27,73.0,100.0,1.791,1791.0,44.1,55.8,14.3,0.0,0.0,1530.0,149.94,45.0,98.0,0.6,5.24,1.45,57.3,0.0,66.4,8.4,96.6,452.0,40.8,125771.7,49577.8,0.0
28,71.27,100.0,1.674,1674.0,43.9,58.6,14.3,0.0,0.0,1530.0,149.94,45.0,98.0,0.6,5.24,1.45,59.6,0.0,66.4,8.2,95.6,452.0,40.8,125771.7,49577.9,0.0
29,72.9,100.0,1.998,1998.0,44.5,57.3,14.3,0.0,0.1,1530.0,149.94,45.2,98.0,0.6,5.24,1.45,58.3,0.0,66.5,0.6,95.5,452.0,40.8,125771.7,49576.0,0.0
30,73.13,100.0,1.89,1890.0,44.3,54.8,14.3,0.0,0.0,1530.0,149.94,45.2,98.0,0.67,5.94,1.66,55.2,0.0,66.4,8.3,67.8,453.0,40.8,125771.7,49602.7,0.0
31,74.52,100.0,1.728,1728.0,44.7,57.2,14.3,0.0,0.0,1530.0,145.35,45.2,95.0,0.67,5.94,1.66,57.9,0.0,66.4,8.3,91.0,453.0,40.8,125771.7,49576.1,0.0
32,72.14,100.0,1.998,1998.0,44.4,57.4,14.3,0.0,0.0,1530.0,149.94,45.2,98.0,0.67,5.94,1.66,57.7,0.0,66.4,0.5,86.2,454.0,40.8,125771.7,49579.2,0.0
33,74.47,100.0,1.764,1764.0,44.7,56.5,14.3,0.0,0.0,1530.0,149.94,45.4,98.0,0.67,5.94,1.66,56.5,0.0,66.5,8.5,76.1,455.0,40.8,125771.7,49578.5,0.0
34,73.4,100.0,1.566,1566.0,44.8,58.0,14.3,0.0,0.1,1530.0,149.94,45.5,98.0,0.67,5.94,1.66,58.3,0.0,66.4,8.2,83.0,456.0,40.8,125771.7,49580.2,0.0
35,50.67,100.0,1.782,1782.0,43.7,59.5,14.3,0.0,0.0,1530.0,148.41,44.3,97.0,0.73,6.43,1.83,60.3,0.0,66.5,0.7,92.0,456.0,41.3,125771.7,50303.1,0.0
36,55.74,100.0,1.962,1962.0,43.8,60.3,14.3,0.0,0.0,1530.0,149.94,44.5,98.0,0.73,6.43,1.83,60.7,0.0,66.3,8.3,95.0,456.0,41.3,125771.7,50310.7,0.0
37,53.32,100.0,1.647,1647.0,43.8,58.1,14.3,0.0,0.0,1530.0,148.41,44.7,97.0,0.73,6.43,1.83,58.2,0.0,65.7,8.3,86.5,456.0,41.3,125771.7,50307.0,0.0
38,74.12,100.0,1.755,1755.0,44.1,60.7,14.3,0.0,0.0,1530.0,148.41,44.8,97.0,0.73,6.43,1.83,60.9,0.0,67.2,0.9,80.4,456.0,41.7,125771.7,50782.7,0.0
39,73.46,100.0,1.827,1827.0,44.5,56.6,14.3,0.0,0.1,1530.0,149.94,45.5,98.0,0.73,6.43,1.83,56.5,0.0,66.4,7.9,75.5,456.0,41.7,125771.7,50787.5,0.0
40,74.57,100.0,1.593,1593.0,44.3,59.0,14.3,0.0,0.0,1530.0,149.94,45.4,98.0,0.8,7.03,2.03,59.1,0.0,66.4,8.3,90.1,456.0,41.7,125771.7,50782.5,0.0
41,78.77,100.0,1.845,1845.0,45.4,59.4,14.3,0.0,0.0,1530.0,130.05,45.7,85.0,0.8,7.03,2.03,60.1,0.0,66.5,0.7,94.2,456.0,41.7,125771.7,50783.6,0.0
42,72.5,100.0,1.638,1638.0,45.1,56.8,14.3,0.0,0.0,1530.0,149.94,45.8,98.0,0.8,7.03,2.03,57.5,0.0,66.0,8.2,92.9,456.0,41.7,125771.7,50778.7,0.0
43,72.39,100.0,1.872,1872.0,44.8,58.6,14.3,0.0,0.0,1530.0,148.41,45.8,97.0,0.8,7.03,2.03,59.4,0.0,66.8,8.4,95.3,456.0,41.7,125771.7,50791.6,0.0
44,74.65,100.0,1.791,1791.0,45.0,57.7,14.3,0.0,0.0,1530.0,149.94,46.1,98.0,0.8,7.03,2.03,58.6,0.0,66.4,8.2,93.3,456.0,41.7,125771.7,50793.4,0.0
45,73.21,100.0,1.881,1881.0,45.4,57.5,14.3,0.0,0.1,1530.0,149.94,46.1,98.0,0.84,7.03,2.12,58.2,0.0,66.4,0.6,94.0,457.0,41.7,125771.7,50790.0,0.0
46,71.25,100.0,1.674,1674.0,45.8,57.6,14.3,0.0,0.0,1530.0,145.35,46.4,95.0,0.84,7.03,2.12,58.4,0.0,66.5,8.4,95.3,457.0,41.7,125771.7,50789.4,0.0
47,70.23,100.0,1.683,1683.0,45.8,58.3,14.3,0.0,0.0,1530.0,149.94,46.2,98.0,0.84,7.03,2.12,59.4,0.0,66.4,8.3,96.6,457.0,41.7,125771.7,50788.6,0.0
48,50.64,100.0,1.98,1980.0,45.6,60.3,14.3,0.0,0.0,1530.0,149.94,45.0,98.0,0.84,7.03,2.12,61.1,0.0,66.4,0.6,95.8,457.0,42.3,125771.7,51479.2,0.0
49,29.22,100.0,1.89,1890.0,44.7,56.3,14.3,0.0,0.0,1530.0,0.0,44.3,0.0,0.84,7.03,2.12,57.2,0.0,66.4,7.9,96.7,457.0,42.3,125771.7,51470.7,0.0
50,52.04,100.0,1.71,1710.0,44.7,60.5,14.3,0.0,0.1,1530.0,148.41,45.8,97.0,0.88,7.11,2.22,60.9,0.0,66.4,8.2,97.0,457.0,42.3,125771.7,51496.3,0.0
51,30.58,100.0,1.962,1962.0,44.0,57.8,14.3,0.0,0.0,1503.0,0.0,44.1,0.0,0.88,7.11,2.22,58.2,0.0,66.4,8.3,82.8,457.0,42.0,125771.7,51481.0,0.0
52,73.31,100.0,1.854,1854.0,45.0,58.9,14.3,0.0,0.0,1530.0,128.52,45.5,84.0,0.88,7.11,2.22,58.8,0.0,66.5,0.6,77.4,457.0,42.7,125771.7,51985.6,0.0
53,72.73,100.0,1.908,1908.0,45.4,55.0,14.3,0.0,0.0,1530.0,149.94,45.9,98.0,0.88,7.11,2.22,55.7,0.0,66.4,8.3,95.4,457.0,42.7,125771.7,51980.7,0.0
54,72.93,100.0,1.818,1818.0,45.5,58.3,14.3,0.0,0.0,1530.0,148.41,46.4,97.0,0.88,7.11,2.22,59.2,0.0,66.4,8.1,94.2,457.0,42.7,125771.7,51986.2,0.0
55,72.92,100.0,1.845,1845.0,46.0,55.7,14.3,0.0,0.0,1530.0,149.94,46.5,98.0,0.89,6.86,2.25,56.3,0.0,66.4,0.6,95.5,457.0,42.7,125771.7,51987.9,0.0
56,72.88,100.0,1.818,1818.0,45.7,56.9,14.3,0.0,0.1,1530.0,149.94,46.8,98.0,0.89,6.86,2.25,57.6,0.0,66.4,8.2,95.5,457.0,42.7,125771.7,51979.8,0.0
57,73.67,100.0,1.674,1674.0,45.7,57.8,14.3,0.0,0.0,1530.0,148.41,46.9,97.0,0.89,6.86,2.25,58.3,0.0,66.5,8.3,94.3,457.0,42.7,125771.7,51982.6,0.0
58,71.82,100.0,1.998,1998.0,46.2,58.6,14.3,0.0,0.0,1530.0,149.94,46.9,98.0,0.89,6.86,2.25,59.0,0.0,66.4,8.2,94.1,457.0,42.7,125771.7,51991.3,0.0
59,73.86,100.0,1.746,1746.0,46.1,56.5,14.3,0.0,0.0,1530.0,149.94,47.3,98.0,0.89,6.86,2.25,57.5,0.0,66.3,0.6,96.5,457.0,42.7,125771.7,51981.5,0.0
60,74.37,100.0,1.737,1737.0,46.1,57.7,14.3,0.0,0.0,1530.0,149.94,46.9,98.0,0.93,6.87,2.32,58.1,0.0,66.5,8.3,94.4,458.0,42.7,125771.7,51993.1,0.0
61,72.39,100.0,1.791,1791.0,46.0,58.1,14.3,0.0,0.1,1530.0,149.94,47.3,98.0,0.93,6.87,2.32,58.7,0.0,66.4,4.7,94.3,456.0,42.7,125771.7,51985.7,0.0
62,72.88,100.0,1.746,1746.0,46.2,56.2,14.3,0.0,0.0,1530.0,148.41,47.0,97.0,0.93,6.87,2.32,57.2,0.0,66.4,11.6,95.5,456.0,42.7,125771.7,51981.5,0.0
63,73.65,100.0,1.737,1737.0,46.1,58.3,14.3,0.0,0.0,1530.0,149.94,47.2,98.0,0.93,6.87,2.32,59.2,0.0,66.4,0.6,94.3,456.0,42.7,125771.7,51981.7,0.0
64,73.5,100.0,1.944,1944.0,46.4,57.1,14.3,0.0,0.0,1530.0,148.41,47.2,97.0,0.93,6.87,2.32,57.4,0.0,66.4,8.2,91.8,456.0,42.7,125771.7,51983.6,0.0
65,73.81,100.0,1.998,1998.0,46.6,57.3,14.3,0.0,0.0,1530.0,149.94,47.5,98.0,0.96,6.96,2.42,57.9,0.0,66.4,8.2,80.0,456.0,42.7,125771.7,51980.0,0.0
66,75.39,100.0,1.719,1719.0,46.6,55.8,14.3,0.0,0.1,1530.0,149.94,47.8,98.0,0.96,6.96,2.42,55.9,0.0,66.4,0.6,94.4,456.0,42.7,125771.7,51984.2,0.0
67,71.93,100.0,1.647,1647.0,46.8,56.7,14.3,0.0,0.0,1530.0,146.88,47.4,96.0,0.96,6.96,2.42,57.2,0.0,66.5,8.3,94.0,456.0,42.7,125771.7,51983.4,0.0
68,74.59,100.0,1.764,1764.0,46.8,58.7,14.3,0.0,0.0,1530.0,149.94,47.8,98.0,0.96,6.96,2.42,59.6,0.0,66.4,8.1,95.5,456.0,42.7,125771.7,51981.9,0.0
69,72.52,100.0,1.656,1656.0,47.1,55.6,14.3,0.0,0.0,1530.0,149.94,47.8,98.0,0.96,6.96,2.42,56.6,0.0,66.4,0.6,96.6,457.0,42.7,125771.7,51980.8,0.0
70,70.11,100.0,1.629,1629.0,47.1,58.5,14.3,0.0,0.0,1530.0,146.88,47.8,96.0,1.01,7.12,2.53,59.4,0.0,66.3,8.2,96.7,457.0,42.7,125771.7,51981.0,0.0
71,72.52,100.0,1.746,1746.0,46.9,59.2,14.3,0.0,0.0,1530.0,148.41,48.0,97.0,1.01,7.12,2.53,59.8,0.0,66.5,8.2,92.9,457.0,42.7,125771.7,51985.0,0.0
72,65.89,100.0,1.854,1854.0,47.2,55.6,14.3,0.0,0.1,1530.0,131.58,48.0,86.0,1.01,7.12,2.53,56.2,0.0,66.4,0.5,92.9,457.0,42.7,125771.7,51995.2,0.0
73,73.4,100.0,1.701,1701.0,47.3,55.6,14.3,0.0,0.0,1530.0,148.41,48.2,97.0,1.01,7.12,2.53,56.3,0.0,66.4,8.3,95.6,457.0,42.7,125771.7,51985.8,0.0
74,73.44,100.0,1.872,1872.0,47.0,57.6,14.3,0.0,0.0,1530.0,149.94,48.0,98.0,1.01,7.12,2.53,58.1,0.0,66.4,8.1,94.3,458.0,42.7,125771.7,51982.7,0.0
75,71.35,100.0,1.962,1962.0,47.0,56.1,14.3,0.0,0.0,1530.0,149.94,48.2,98.0,1.07,7.6,2.7,56.8,0.0,66.4,0.6,93.1,458.0,42.7,125771.7,51982.0,0.0
76,72.53,100.0,1.728,1728.0,47.1,56.3,14.3,0.0,0.0,1530.0,149.94,48.2,98.0,1.07,7.6,2.7,57.2,0.0,66.4,8.2,96.7,458.0,42.7,125771.7,51984.2,0.0
77,74.65,100.0,1.755,1755.0,47.2,57.1,14.3,0.0,0.0,1530.0,148.41,48.4,97.0,1.07,7.6,2.7,58.2,0.0,66.4,8.3,95.4,458.0,42.7,125771.7,51983.3,0.0
78,73.89,100.0,1.791,1791.0,47.2,57.6,14.3,0.0,0.0,1530.0,148.41,48.6,97.0,1.07,7.6,2.7,58.5,0.0,66.4,0.6,96.5,458.0,42.7,125771.7,51986.3,0.0
79,48.85,100.0,1.926,1926.0,46.5,54.9,14.3,0.0,0.0,1530.0,149.94,47.5,98.0,1.07,7.6,2.7,55.4,0.0,66.4,8.2,78.7,458.0,41.7,125771.7,50826.7,0.0
80,61.36,100.0,1.89,1890.0,46.4,57.5,14.3,0.0,0.0,1530.0,148.41,47.1,97.0,1.11,7.71,2.81,57.9,0.0,66.4,8.1,87.0,458.0,41.8,125771.7,50834.7,0.0
81,55.68,100.0,1.791,1791.0,46.6,56.8,14.3,0.0,0.0,1530.0,149.94,47.3,98.0,1.11,7.71,2.81,56.7,0.0,66.4,8.4,75.8,458.0,41.7,125771.7,50826.7,0.0
82,58.3,100.0,1.872,1872.0,46.5,59.8,14.3,0.0,0.1,1530.0,148.41,46.9,97.0,1.11,7.71,2.81,60.1,0.0,66.4,0.5,85.6,458.0,41.8,125771.7,50830.5,0.0
83,71.87,100.0,1.674,1674.0,47.1,55.8,14.3,0.0,0.0,1530.0,137.7,48.1,90.0,1.11,7.71,2.81,56.0,0.0,66.4,8.3,78.3,458.0,42.1,125771.7,51327.7,0.0
84,71.78,100.0,1.602,1602.0,46.8,56.6,14.3,0.0,0.0,1530.0,142.29,48.1,93.0,1.11,7.71,2.81,57.2,0.0,66.4,8.3,91.8,458.0,42.1,125771.7,51325.1,0.0
85,73.0,100.0,1.62,1620.0,47.3,57.1,14.3,0.0,0.0,1530.0,146.88,48.2,96.0,1.14,7.57,2.86,57.9,0.0,66.4,8.3,94.1,458.0,42.1,125771.7,51328.5,0.0
86,75.53,100.0,1.782,1782.0,47.3,56.6,14.3,0.0,0.0,1530.0,148.41,48.4,97.0,1.14,7.57,2.86,57.1,0.0,66.4,0.5,95.7,458.0,42.1,125771.7,51326.7,0.0
87,72.25,100.0,1.872,1872.0,47.7,55.8,14.3,0.0,0.0,1530.0,148.41,48.4,97.0,1.14,7.57,2.86,56.2,0.0,66.4,8.2,85.9,458.0,42.1,125771.7,51328.6,0.0
88,74.93,100.0,1.575,1575.0,47.3,56.0,14.3,0.0,0.0,1530.0,149.94,48.6,98.0,1.14,7.57,2.86,57.0,0.0,65.8,8.1,93.8,458.0,42.2,125771.7,51332.7,0.0
89,73.31,100.0,1.719,1719.0,47.6,56.6,14.3,0.0,0.0,1530.0,148.41,48.8,97.0,1.14,7.57,2.86,57.1,0.0,66.5,8.2,94.4,458.0,42.1,125771.7,51329.2,0.0
90,73.86,100.0,1.512,1512.0,47.8,57.6,14.3,0.0,0.0,1530.0,149.94,48.6,98.0,1.16,7.36,2.9,58.0,0.0,65.7,0.5,94.3,458.0,42.1,125771.7,51328.5,0.0
91,74.72,100.0,1.665,1665.0,47.7,55.2,14.3,0.0,0.1,1530.0,148.41,49.1,97.0,1.16,7.36,2.9,55.8,0.0,66.8,8.3,88.9,458.0,42.1,125771.7,51326.4,0.0
92,74.84,100.0,1.656,1656.0,48.3,56.7,14.3,0.0,0.2,1530.0,148.41,48.7,97.0,1.16,7.36,2.9,57.6,0.0,66.1,8.2,94.3,458.0,42.1,125771.7,51329.1,0.0
93,74.49,100.0,1.845,1845.0,48.1,55.7,14.3,0.0,0.0,1530.0,148.41,48.9,97.0,1.16,7.36,2.9,56.8,0.0,67.1,0.5,94.4,459.0,42.1,125771.7,51328.5,0.0
94,74.97,100.0,1.602,1602.0,48.3,54.4,14.3,0.0,0.0,1530.0,148.41,48.8,97.0,1.16,7.36,2.9,54.6,0.0,66.5,8.3,84.1,460.0,42.2,125771.7,51333.5,0.0
95,74.65,100.0,1.539,1539.0,48.4,54.7,14.3,0.0,0.0,1530.0,149.94,49.1,98.0,1.19,7.26,2.95,55.1,0.0,65.9,8.2,81.7,461.0,42.1,125771.7,51329.0,0.0
96,73.07,100.0,1.755,1755.0,48.3,57.3,14.3,0.0,0.0,1530.0,149.94,49.1,98.0,1.19,7.26,2.95,58.3,0.0,66.9,8.2,92.9,462.0,42.1,125771.7,51329.3,0.0
97,73.35,100.0,1.737,1737.0,47.9,55.7,14.3,0.0,0.0,1530.0,149.94,49.3,98.0,1.19,7.26,2.95,56.5,0.0,65.6,8.2,93.0,462.0,42.1,125771.7,51329.0,0.0
98,71.75,100.0,1.62,1620.0,47.8,52.4,14.3,0.0,0.0,1530.0,149.94,49.3,98.0,1.19,7.26,2.95,53.7,0.0,67.5,0.4,95.6,462.0,42.1,125771.7,51329.9,0.0
99,72.78,100.0,1.431,1431.0,48.5,51.6,14.3,0.0,0.0,1530.0,149.94,49.1,98.0,1.19,7.26,2.95,52.1,0.0,66.2,8.1,92.0,462.0,42.1,125771.7,51329.7,0.0
100,72.71,100.0,1.53,1530.0,48.5,53.0,14.3,0.0,0.0,1530.0,149.94,49.1,98.0,1.21,7.15,3.0,53.7,0.0,65.9,8.0,95.2,462.0,42.1,125771.7,51327.4,0.0
101,73.37,100.0,1.692,1692.0,48.0,51.6,14.3,0.0,0.0,1530.0,149.94,49.4,98.0,1.21,7.15,3.0,52.7,0.0,63.3,0.4,94.4,462.0,42.1,125771.7,51327.1,0.0
102,72.36,100.0,1.674,1674.0,48.1,51.8,14.3,0.0,0.0,1530.0,149.94,49.7,98.0,1.21,7.15,3.0,53.1,0.0,65.6,8.2,95.2,462.0,42.1,125771.7,51326.2,0.0
103,74.15,100.0,1.674,1674.0,48.4,51.4,14.3,0.0,0.1,1530.0,148.41,49.3,97.0,1.21,7.15,3.0,52.5,0.0,66.4,8.0,94.3,462.0,42.2,125771.7,51338.6,0.0
104,74.24,100.0,1.638,1638.0,48.0,50.5,14.3,0.0,0.0,1530.0,148.41,49.3,97.0,1.21,7.15,3.0,51.2,0.0,67.7,0.3,85.9,462.0,42.1,125771.7,51327.3,0.0
105,76.16,100.0,1.539,1539.0,48.4,52.0,14.3,0.0,0.0,1530.0,149.94,49.8,98.0,1.26,7.38,3.12,53.4,0.0,66.2,8.1,96.6,462.0,42.1,125771.7,51325.8,0.0
106,75.67,100.0,1.737,1737.0,48.7,50.8,14.3,0.0,0.0,1530.0,149.94,49.4,98.0,1.26,7.38,3.12,51.0,0.0,65.5,8.0,93.0,462.0,42.1,125771.7,51325.2,0.0
107,72.42,100.0,1.665,1665.0,48.8,50.9,14.3,0.0,0.0,1530.0,149.94,49.8,98.0,1.26,7.38,3.12,51.5,0.0,67.5,0.4,94.3,462.0,42.1,125771.7,51325.3,0.0
108,57.85,100.0,1.674,1674.0,47.8,56.3,14.3,0.0,0.0,1530.0,149.94,48.4,98.0,1.26,7.38,3.12,57.2,0.0,66.4,8.2,95.5,462.0,42.8,125771.7,52164.8,0.0
109,56.44,100.0,1.926,1926.0,47.5,58.3,14.3,0.0,0.0,1530.0,148.41,48.0,97.0,1.26,7.38,3.12,58.8,0.0,66.3,8.3,95.3,462.0,42.8,125771.7,52174.2,0.0
110,56.29,100.0,1.656,1656.0,47.9,57.3,14.3,0.0,0.0,1530.0,148.41,48.6,97.0,1.3,7.51,3.21,58.0,0.0,65.9,8.3,94.0,462.0,42.8,125771.7,52183.5,0.0
111,61.71,100.0,1.836,1836.0,47.6,57.8,14.3,0.0,0.0,1530.0,148.41,48.1,97.0,1.3,7.51,3.21,58.8,0.0,63.9,0.6,95.1,462.0,42.8,125771.7,52189.6,0.0
112,35.48,100.0,1.791,1791.0,47.5,62.2,14.3,0.0,0.0,1296.0,14.26,46.9,11.0,1.3,7.51,3.21,63.5,0.0,66.4,8.2,95.3,462.0,42.8,125771.7,52183.9,0.0
113,65.37,100.0,1.899,1899.0,47.5,64.8,14.3,0.0,0.1,1530.0,148.41,47.4,97.0,1.3,7.51,3.21,65.5,0.0,66.6,8.2,95.6,462.0,43.2,125771.7,52700.6,0.0
114,75.09,100.0,1.539,1539.0,48.1,58.3,14.3,0.0,0.0,1530.0,148.41,49.1,97.0,1.3,7.51,3.21,59.1,0.0,66.2,0.5,94.4,462.0,43.2,125771.7,52689.0,0.0
115,76.58,100.0,1.656,1656.0,48.1,55.6,14.3,0.0,0.0,1530.0,148.41,49.7,97.0,1.34,7.55,3.29,55.9,0.0,67.1,8.3,76.1,464.0,43.2,125771.7,52689.4,0.0
116,77.2,100.0,1.539,1539.0,48.2,57.3,14.3,0.0,0.0,1530.0,148.41,49.8,97.0,1.34,7.55,3.29,58.0,0.0,66.7,8.2,93.8,464.0,43.2,125771.7,52688.6,0.0
117,72.99,100.0,1.791,1791.0,48.3,59.1,14.3,0.0,0.0,1530.0,149.94,50.0,98.0,1.34,7.55,3.29,60.7,0.0,65.4,8.3,95.2,465.0,43.2,125771.7,52685.6,0.0
118,74.54,100.0,1.737,1737.0,48.6,57.7,14.3,0.0,0.1,1530.0,149.94,50.0,98.0,1.34,7.55,3.29,59.0,0.0,66.4,0.5,94.3,465.0,43.2,125771.7,52689.6,0.0
119,76.57,100.0,1.827,1827.0,48.6,57.0,14.3,0.0,0.0,1530.0,148.41,50.2,97.0,1.34,7.55,3.29,58.5,0.0,67.0,8.2,94.3,465.0,43.2,125771.7,52690.7,0.0
120,74.2,100.0,1.611,1611.0,48.5,58.0,14.3,0.0,0.0,1530.0,148.41,50.3,97.0,1.47,9.03,3.67,58.2,0.0,65.9,8.2,77.4,465.0,43.2,125771.7,52687.0,0.0
121,74.16,100.0,1.62,1620.0,48.3,56.0,14.3,0.0,0.1,1530.0,148.41,50.4,97.0,1.47,9.03,3.67,56.7,0.0,66.4,0.6,93.1,465.0,43.2,125771.7,52686.6,0.0
122,76.44,100.0,1.71,1710.0,49.2,57.1,14.3,0.0,0.1,1530.0,149.94,50.5,98.0,1.47,9.03,3.67,57.5,0.0,66.6,8.3,62.8,465.0,43.2,125771.7,52688.4,0.0
123,73.59,100.0,1.8,1800.0,49.0,57.3,14.3,0.0,0.0,1530.0,149.94,50.7,98.0,1.47,9.03,3.67,58.5,0.0,66.9,8.3,94.4,465.0,43.2,125771.7,52688.3,0.0
124,72.64,100.0,1.665,1665.0,49.1,54.8,14.3,0.0,0.0,1530.0,149.94,50.7,98.0,1.47,9.03,3.67,55.2,0.0,64.8,0.5,92.0,465.0,43.2,125771.7,52689.6,0.0
125,73.68,100.0,1.665,1665.0,49.3,56.9,14.3,0.0,0.0,1530.0,149.94,50.7,98.0,1.5,8.87,3.73,57.8,0.0,66.4,8.3,94.7,465.0,43.2,125771.7,52691.6,0.0
126,74.27,100.0,1.926,1926.0,49.2,55.9,14.3,0.0,0.0,1530.0,148.41,50.8,97.0,1.5,8.87,3.73,57.1,0.0,66.4,8.2,96.6,465.0,43.2,125771.7,52688.8,0.0
127,73.44,100.0,1.809,1809.0,49.3,56.8,14.3,0.0,0.0,1530.0,149.94,51.1,98.0,1.5,8.87,3.73,58.0,0.0,66.4,0.5,95.5,465.0,43.2,125771.7,52689.6,0.0
128,73.37,100.0,1.71,1710.0,49.4,57.0,14.3,0.0,0.0,1530.0,149.94,50.9,98.0,1.5,8.87,3.73,58.2,0.0,66.4,8.2,95.5,465.0,43.2,125771.7,52689.8,0.0
129,35.91,100.0,1.89,1890.0,49.2,58.1,14.3,0.0,0.1,1530.0,0.0,48.8,0.0,1.5,8.87,3.73,59.1,0.0,66.5,8.3,94.2,465.0,43.9,125771.7,53579.1,0.0
130,33.93,100.0,1.971,1971.0,47.7,64.6,14.3,0.0,0.0,1134.0,13.61,47.8,12.0,1.55,8.96,3.83,64.9,0.0,66.4,8.1,76.8,465.0,44.2,125771.7,53928.5,0.0
131,52.12,100.0,1.908,1908.0,47.8,63.3,14.3,0.0,0.0,1530.0,148.41,48.1,97.0,1.55,8.96,3.83,63.7,0.0,66.4,8.2,84.3,465.0,43.8,125771.7,53439.4,0.0
132,35.26,100.0,1.917,1917.0,48.4,58.0,14.3,0.0,0.0,1494.0,0.0,47.5,0.0,1.55,8.96,3.83,59.0,0.0,66.5,0.6,94.4,465.0,43.6,125771.7,53423.1,0.0
133,58.72,100.0,1.53,1530.0,48.2,59.3,14.3,0.0,0.0,1530.0,149.94,48.8,98.0,1.55,8.96,3.83,60.3,0.0,66.3,8.1,96.6,465.0,43.8,125771.7,53439.0,0.0
134,31.44,100.0,1.827,1827.0,47.3,59.2,14.3,0.0,0.1,1449.0,0.0,47.4,0.0,1.55,8.96,3.83,60.1,0.0,67.5,8.3,95.6,465.0,43.8,125771.7,53442.2,0.0
135,77.0,100.0,1.503,1503.0,48.6,59.0,14.3,0.0,0.0,1530.0,149.94,49.7,98.0,1.58,8.8,3.88,60.1,0.0,66.1,8.2,96.5,465.0,44.2,125771.7,53926.3,0.0
136,74.95,100.0,1.791,1791.0,48.7,57.9,14.3,0.0,0.0,1530.0,148.41,50.2,97.0,1.58,8.8,3.88,58.9,0.0,67.0,8.2,96.5,465.0,44.2,125771.7,53925.6,0.0
137,73.57,100.0,1.656,1656.0,49.0,58.3,14.3,0.0,0.1,1530.0,148.41,50.5,97.0,1.58,8.8,3.88,59.2,0.0,65.9,8.1,95.4,465.0,44.2,125771.7,53926.4,0.0
138,74.14,100.0,1.521,1521.0,49.0,56.5,14.3,0.0,0.0,1530.0,149.94,50.5,98.0,1.58,8.8,3.88,57.3,0.0,67.0,0.5,95.5,466.0,44.2,125771.7,53925.7,0.0
139,74.18,100.0,1.557,1557.0,49.2,50.8,14.3,0.0,0.0,1530.0,149.94,50.5,98.0,1.58,8.8,3.88,51.7,0.0,66.2,8.1,94.3,466.0,44.2,125771.7,53927.5,0.0
140,72.7,100.0,1.674,1674.0,49.6,50.9,14.3,0.0,0.0,1530.0,146.88,50.2,96.0,1.59,8.42,3.89,51.8,0.0,66.3,8.1,94.4,466.0,44.2,125771.7,53926.6,0.0
141,74.07,100.0,1.683,1683.0,49.8,52.2,14.3,0.0,0.0,1530.0,148.41,50.5,97.0,1.59,8.42,3.89,52.9,0.0,68.5,0.4,95.6,465.0,44.2,125771.7,53926.2,0.0
142,75.87,100.0,1.566,1566.0,49.2,51.1,14.3,0.0,0.0,1530.0,149.94,50.1,98.0,1.59,8.42,3.89,52.0,0.0,64.3,8.0,94.0,465.0,44.2,125771.7,53924.9,0.0
143,75.43,100.0,1.647,1647.0,49.6,51.2,14.3,0.0,0.0,1530.0,149.94,50.5,98.0,1.59,8.42,3.89,52.1,0.0,65.8,8.1,95.4,463.0,44.2,125771.7,53924.7,0.0
144,81.06,100.0,1.656,1656.0,49.5,50.7,14.3,0.0,0.0,1530.0,148.41,50.5,97.0,1.59,8.42,3.89,51.9,0.0,65.5,0.3,95.5,463.0,44.2,125771.7,53935.5,0.0
145,31.21,100.0,1.656,1656.0,48.6,51.2,14.3,0.0,0.1,1530.0,0.0,48.7,0.0,1.6,8.06,3.89,52.5,0.0,66.4,8.1,93.9,463.0,44.2,125771.7,53935.8,0.0
146,29.27,100.0,1.656,1656.0,47.8,50.5,14.3,0.0,0.0,1134.0,1.13,47.8,1.0,1.6,8.06,3.89,51.7,0.0,66.3,7.9,92.9,463.0,44.2,125771.7,53931.6,0.0
147,29.51,100.0,1.656,1656.0,47.5,49.5,14.3,0.0,0.0,711.0,0.71,47.1,1.0,1.6,8.06,3.89,50.9,0.0,66.4,0.4,95.5,463.0,44.2,125771.7,53934.3,0.0
148,32.97,100.0,1.872,1872.0,47.8,52.4,14.3,0.0,0.0,315.0,0.0,46.8,0.0,1.6,8.06,3.89,53.9,0.0,66.3,8.1,96.6,464.0,45.1,125771.7,55008.4,0.0
149,30.84,100.0,1.854,1854.0,47.1,61.6,14.3,0.0,0.0,315.0,1.26,46.6,4.0,1.6,8.06,3.89,62.3,0.0,66.5,8.3,95.4,464.0,46.2,125771.7,56375.9,0.0
150,53.03,100.0,1.683,1683.0,47.3,59.9,14.3,0.0,0.1,1530.0,148.41,47.6,97.0,1.68,8.62,4.07,60.8,0.0,66.5,8.4,95.6,464.0,45.8,125771.7,55873.0,0.0
151,58.4,100.0,1.962,1962.0,47.5,61.0,14.3,0.0,0.1,1530.0,148.41,48.2,97.0,1.68,8.62,4.07,61.9,0.0,66.4,0.5,96.7,464.0,45.8,125771.7,55901.1,0.0
152,59.35,100.0,1.773,1773.0,47.7,58.8,14.3,0.0,0.0,1530.0,148.41,48.4,97.0,1.68,8.62,4.07,59.9,0.0,66.5,8.4,95.4,464.0,45.8,125771.7,55873.8,0.0
153,69.09,100.0,1.665,1665.0,47.7,63.0,14.3,0.0,0.0,1530.0,148.41,49.1,97.0,1.68,8.62,4.07,64.2,0.0,66.4,8.0,95.6,464.0,46.2,125771.7,56366.2,0.0
154,74.49,100.0,1.782,1782.0,48.1,57.8,14.3,0.0,0.0,1530.0,148.41,49.3,97.0,1.68,8.62,4.07,58.5,0.0,66.5,0.7,96.6,464.0,46.2,125771.7,56379.4,0.0
155,72.19,100.0,1.908,1908.0,48.8,56.2,14.3,0.0,0.0,1530.0,148.41,49.6,97.0,1.72,8.65,4.15,56.4,0.0,66.4,8.3,76.5,464.0,46.2,125771.7,56370.8,0.0
156,73.85,100.0,1.539,1539.0,48.5,56.5,14.3,0.0,0.2,1530.0,140.76,49.7,92.0,1.72,8.65,4.15,57.1,0.0,66.4,8.3,93.1,464.0,46.2,125771.7,56374.3,0.0
157,74.51,100.0,1.899,1899.0,48.5,58.7,14.3,0.0,0.0,1530.0,148.41,49.7,97.0,1.72,8.65,4.15,59.5,0.0,66.5,8.4,95.6,464.0,46.2,125771.7,56374.0,0.0
158,75.07,100.0,1.827,1827.0,49.3,56.5,14.3,0.0,0.0,1530.0,149.94,50.4,98.0,1.72,8.65,4.15,56.8,0.0,66.5,7.9,79.3,464.0,46.2,125771.7,56372.5,0.0
159,74.15,100.0,1.665,1665.0,49.0,55.7,14.3,0.0,0.0,1530.0,148.41,50.1,97.0,1.72,8.65,4.15,56.0,0.0,66.5,0.7,79.1,464.0,46.2,125771.7,56372.5,0.0
160,74.65,100.0,1.872,1872.0,49.3,56.9,14.3,0.0,0.0,1530.0,149.94,50.4,98.0,1.74,8.44,4.18,57.7,0.0,66.4,7.9,95.3,464.0,46.2,125771.7,56375.4,0.0
161,74.49,100.0,1.746,1746.0,49.5,55.9,14.3,0.0,0.1,1530.0,145.35,50.4,95.0,1.74,8.44,4.18,56.9,0.0,66.5,8.3,93.0,464.0,46.2,125771.7,56376.3,0.0
162,75.13,100.0,1.647,1647.0,49.8,56.9,14.3,0.0,0.0,1530.0,149.94,50.6,98.0,1.74,8.44,4.18,57.6,0.0,66.4,0.7,94.5,464.0,46.2,125771.7,56377.4,0.0
163,75.29,100.0,1.656,1656.0,50.0,56.4,14.3,0.0,0.0,1530.0,149.94,50.8,98.0,1.74,8.44,4.18,57.4,0.0,66.4,8.4,94.4,464.0,46.2,125771.7,56377.4,0.0
164,75.75,100.0,1.656,1656.0,49.8,55.3,14.3,0.0,0.0,1530.0,149.94,50.8,98.0,1.74,8.44,4.18,56.0,0.0,66.6,8.4,94.2,464.0,46.2,125771.7,56377.6,0.0
165,76.39,100.0,1.692,1692.0,49.9,57.1,14.3,0.0,0.0,1530.0,148.41,51.1,97.0,1.77,8.32,4.23,58.2,0.0,66.4,0.7,94.3,464.0,46.2,125771.7,56378.3,0.0
166,74.33,100.0,1.701,1701.0,50.2,57.5,14.3,0.0,0.1,1530.0,148.41,51.2,97.0,1.77,8.32,4.23,58.8,0.0,66.5,8.4,96.6,464.0,46.2,125771.7,56375.0,0.0
167,74.9,100.0,1.62,1620.0,50.1,58.1,14.3,0.0,0.0,1530.0,148.41,51.3,97.0,1.77,8.32,4.23,59.7,0.0,66.5,8.0,95.3,464.0,46.2,125771.7,56379.1,0.0
168,74.98,100.0,1.782,1782.0,50.5,56.2,14.3,0.0,0.0,1530.0,149.94,51.0,98.0,1.77,8.32,4.23,57.0,0.0,66.3,0.5,94.4,465.0,46.2,125771.7,56375.0,0.0
169,74.31,100.0,1.512,1512.0,50.4,57.7,14.3,0.0,0.0,1530.0,149.94,51.3,98.0,1.77,8.32,4.23,58.5,0.0,66.5,8.5,94.3,465.0,46.2,125771.7,56377.1,0.0
170,77.88,100.0,1.539,1539.0,50.7,57.4,14.3,0.0,0.0,1530.0,148.41,51.4,97.0,1.79,8.05,4.24,58.5,0.0,66.4,8.3,94.2,465.0,46.2,125771.7,56373.5,0.0
171,75.63,100.0,1.827,1827.0,50.8,55.8,14.3,0.0,0.0,1530.0,148.41,51.4,97.0,1.79,8.05,4.24,56.5,0.0,66.5,0.8,92.6,465.0,46.2,125771.7,56373.7,0.0
172,75.43,100.0,1.827,1827.0,50.4,57.4,14.3,0.0,0.0,1530.0,148.41,51.4,97.0,1.79,8.05,4.24,57.7,0.0,66.4,8.2,91.6,464.0,46.2,125771.7,56373.6,0.0
173,76.29,100.0,1.791,1791.0,50.6,53.8,14.3,0.0,0.0,1530.0,149.94,51.6,98.0,1.79,8.05,4.24,53.9,0.0,66.5,8.5,94.4,464.0,46.2,125771.7,56373.4,0.0
174,75.88,100.0,1.791,1791.0,50.3,54.7,14.3,0.0,0.0,1530.0,149.94,51.5,98.0,1.79,8.05,4.24,55.7,0.0,66.4,8.3,94.1,464.0,46.2,125771.7,56375.2,0.0
175,76.38,100.0,1.656,1656.0,50.6,54.9,14.3,0.0,0.0,1530.0,149.94,51.6,98.0,1.81,7.89,4.27,55.7,0.0,66.5,0.7,95.4,464.0,46.2,125771.7,56377.9,0.0
176,75.38,100.0,1.692,1692.0,50.9,55.7,14.3,0.0,0.0,1530.0,149.94,51.6,98.0,1.81,7.89,4.27,56.8,0.0,66.5,8.3,96.5,464.0,46.2,125771.7,56377.3,0.0
177,63.78,100.0,1.539,1539.0,50.9,55.1,14.3,0.0,0.1,1530.0,136.17,51.6,89.0,1.81,7.89,4.27,56.0,0.0,66.4,8.3,95.6,464.0,46.2,125771.7,56379.0,0.0
178,34.61,100.0,1.656,1656.0,50.3,55.3,14.3,0.0,0.0,1530.0,3.06,50.7,2.0,1.81,7.89,4.27,56.4,0.0,66.5,0.7,95.3,464.0,46.2,125771.7,56381.1,0.0
179,75.73,100.0,1.836,1836.0,50.4,56.3,14.3,0.0,0.0,1530.0,148.41,51.2,97.0,1.81,7.89,4.27,57.3,0.0,66.5,8.5,95.2,464.0,46.2,125771.7,56396.8,0.0
180,74.89,100.0,1.872,1872.0,50.7,55.2,14.3,0.0,0.0,1530.0,148.41,51.4,97.0,1.84,7.9,4.34,56.1,0.0,66.4,8.1,95.5,464.0,46.2,125771.7,56398.4,0.0
181,75.49,100.0,1.818,1818.0,50.7,56.8,14.3,0.0,0.1,1530.0,149.94,51.5,98.0,1.84,7.9,4.34,57.5,0.0,66.4,8.0,94.4,464.0,46.2,125771.7,56395.9,0.0
182,75.36,100.0,1.701,1701.0,50.9,56.8,14.3,0.0,0.2,1530.0,148.41,51.8,97.0,1.84,7.9,4.34,58.0,0.0,66.5,0.7,95.3,464.0,46.2,125771.7,56397.4,0.0
183,78.84,100.0,1.944,1944.0,51.4,55.3,14.3,0.0,0.0,1530.0,149.94,52.0,98.0,1.84,7.9,4.34,56.6,0.0,66.4,8.3,96.3,464.0,46.2,125771.7,56402.0,0.0
184,75.94,100.0,1.791,1791.0,51.5,55.7,14.3,0.0,0.0,1530.0,148.41,51.8,97.0,1.84,7.9,4.34,56.4,0.0,66.5,8.2,94.3,464.0,46.2,125771.7,56396.5,0.0
185,74.86,100.0,1.791,1791.0,51.2,55.1,14.3,0.0,0.0,1530.0,148.41,52.1,97.0,1.9,8.23,4.46,56.0,0.0,66.4,0.7,95.3,464.0,46.2,125771.7,56401.9,0.0
186,72.9,100.0,1.512,1512.0,50.8,53.6,14.3,0.0,0.0,1530.0,149.94,51.9,98.0,1.9,8.23,4.46,54.2,0.0,66.5,8.4,91.0,464.0,46.2,125771.7,56402.4,0.0
187,75.74,100.0,1.908,1908.0,51.6,55.1,14.3,0.0,0.0,1530.0,149.94,52.2,98.0,1.9,8.23,4.46,55.4,0.0,66.4,8.3,87.5,464.0,46.2,125771.7,56397.0,0.0
188,75.02,100.0,1.881,1881.0,51.1,54.7,14.3,0.0,0.0,1530.0,149.94,52.2,98.0,1.9,8.23,4.46,55.4,0.0,66.5,7.9,90.8,464.0,46.2,125771.7,56403.5,0.0
189,75.28,100.0,1.584,1584.0,51.2,55.3,14.3,0.0,0.0,1530.0,145.35,52.1,95.0,1.9,8.23,4.46,55.5,0.0,66.4,0.7,88.8,464.0,46.2,125771.7,56403.9,0.0
190,74.47,100.0,1.674,1674.0,51.4,57.0,14.3,0.0,0.0,1530.0,149.94,52.3,98.0,1.9,7.81,4.44,57.9,0.0,66.5,7.9,95.5,464.0,46.2,125771.7,56398.6,0.0
191,76.46,100.0,1.737,1737.0,51.4,56.5,14.3,0.0,0.0,1530.0,149.94,52.1,98.0,1.9,7.81,4.44,57.8,0.0,66.5,8.3,94.1,464.0,46.2,125771.7,56399.5,0.0
192,76.69,100.0,1.737,1737.0,51.7,55.9,14.3,0.0,0.1,1530.0,149.94,52.2,98.0,1.9,7.81,4.44,55.8,0.0,66.3,8.4,76.9,464.0,46.2,125771.7,56398.8,0.0
193,77.49,100.0,1.746,1746.0,51.3,57.1,14.3,0.0,0.0,1530.0,149.94,52.5,98.0,1.9,7.81,4.44,58.0,0.0,66.5,0.7,95.3,464.0,46.2,125771.7,56396.3,0.0
194,75.48,100.0,1.8,1800.0,51.4,54.9,14.3,0.0,0.0,1530.0,148.41,52.2,97.0,1.9,7.81,4.44,55.4,0.0,66.4,8.2,84.3,464.0,46.2,125771.7,56401.0,0.0
195,52.18,100.0,1.602,1602.0,50.2,57.6,14.3,0.0,0.0,1530.0,148.41,51.3,97.0,1.94,7.9,4.52,58.3,0.0,66.5,8.4,94.5,464.0,45.8,125771.7,55952.6,0.0
196,58.96,100.0,1.998,1998.0,50.1,57.1,14.3,0.0,0.0,1530.0,148.41,50.8,97.0,1.94,7.9,4.52,58.0,0.0,66.4,0.6,95.5,464.0,45.8,125771.7,55959.7,0.0
197,57.05,100.0,1.764,1764.0,50.4,57.8,14.3,0.0,0.0,1530.0,149.94,51.1,98.0,1.94,7.9,4.52,59.2,0.0,66.5,8.4,95.4,464.0,45.8,125771.7,55954.3,0.0
198,60.2,100.0,1.935,1935.0,50.5,57.7,14.3,0.0,0.0,1530.0,148.41,50.6,97.0,1.94,7.9,4.52,58.0,0.0,66.4,8.3,91.5,464.0,46.2,125771.7,56454.6,0.0
199,74.92,100.0,1.818,1818.0,51.3,56.6,14.3,0.0,0.0,1530.0,148.41,51.9,97.0,1.94,7.9,4.52,57.7,0.0,66.4,0.7,93.5,465.0,46.2,125771.7,56430.1,0.0
200,73.78,100.0,1.773,1773.0,51.0,55.0,14.3,0.0,0.1,1530.0,149.94,51.8,98.0,2.09,9.67,4.94,55.3,0.0,66.5,8.2,81.8,465.0,46.2,125771.7,56427.9,0.0
201,77.36,100.0,1.827,1827.0,51.0,55.6,14.3,0.0,0.0,1530.0,149.94,52.2,98.0,2.09,9.67,4.94,56.0,0.0,66.5,8.3,92.1,465.0,46.2,125771.7,56428.4,0.0
202,74.07,100.0,1.692,1692.0,51.2,55.3,14.3,0.0,0.0,1530.0,146.88,52.3,96.0,2.09,9.67,4.94,56.1,0.0,66.4,0.6,94.1,465.0,46.2,125771.7,56429.8,0.0
203,73.13,100.0,1.818,1818.0,51.3,57.2,14.3,0.0,0.0,1530.0,149.94,52.0,98.0,2.09,9.67,4.94,58.6,0.0,66.4,8.3,95.3,465.0,46.2,125771.7,56430.9,0.0
204,77.51,100.0,1.602,1602.0,51.6,56.4,14.3,0.0,0.0,1530.0,148.41,52.8,97.0,2.09,9.67,4.94,57.0,0.0,66.5,8.3,92.8,465.0,46.2,125771.7,56430.9,0.0
205,77.3,100.0,1.755,1755.0,51.6,55.0,14.3,0.0,0.0,1530.0,149.94,52.8,98.0,2.13,9.62,5.01,55.6,0.0,66.4,0.7,85.4,465.0,46.2,125771.7,56429.2,0.0
206,79.77,100.0,1.656,1656.0,51.8,57.0,14.3,0.0,0.0,1530.0,145.35,52.6,95.0,2.13,9.62,5.01,57.8,0.0,66.4,8.2,95.4,465.0,46.2,125771.7,56430.1,0.0
207,78.22,100.0,1.683,1683.0,51.8,55.8,14.3,0.0,0.0,1530.0,149.94,52.8,98.0,2.13,9.62,5.01,56.7,0.0,66.4,8.4,95.3,465.0,46.2,125771.7,56428.5,0.0
208,73.66,100.0,1.764,1764.0,52.0,54.8,14.3,0.0,0.1,1530.0,149.94,52.9,98.0,2.13,9.62,5.01,55.8,0.0,66.5,0.6,95.2,465.0,46.2,125771.7,56428.1,0.0
209,77.18,100.0,1.755,1755.0,51.9,55.9,14.3,0.0,0.0,1530.0,148.41,52.9,97.0,2.13,9.62,5.01,56.9,0.0,66.4,8.3,94.3,464.0,46.2,125771.7,56428.8,0.0
210,77.49,100.0,1.827,1827.0,51.8,55.2,14.3,0.0,0.0,1530.0,149.94,53.1,98.0,2.13,9.09,4.97,55.6,0.0,66.0,8.3,86.9,464.0,46.2,125771.7,56431.2,0.0
211,78.59,100.0,1.827,1827.0,51.9,55.0,14.3,0.0,0.2,1530.0,146.88,53.1,96.0,2.13,9.09,4.97,56.1,0.0,66.8,0.6,95.3,464.0,46.2,125771.7,56429.7,0.0
212,52.58,100.0,1.998,1998.0,51.2,57.3,14.3,0.0,0.0,1530.0,148.41,51.7,97.0,2.13,9.09,4.97,57.8,0.0,65.3,8.3,94.0,465.0,45.9,125771.7,55988.1,0.0
213,33.98,100.0,1.755,1755.0,50.6,57.4,14.3,0.0,0.1,1512.0,1.51,50.6,1.0,2.13,9.09,4.97,58.5,0.0,67.7,8.3,95.3,465.0,45.5,125771.7,55996.2,0.0
214,57.89,100.0,1.872,1872.0,50.8,59.0,14.3,0.0,0.0,1530.0,148.41,51.7,97.0,2.13,9.09,4.97,59.9,0.0,66.4,7.8,95.6,465.0,45.9,125771.7,55999.9,0.0
215,46.35,100.0,1.998,1998.0,50.6,58.7,14.3,0.0,0.0,1440.0,43.2,50.4,30.0,2.17,9.0,5.02,59.6,0.0,66.4,0.7,95.4,465.0,45.9,125771.7,56001.0,0.0
216,75.03,100.0,1.818,1818.0,51.2,57.3,14.3,0.0,0.0,1530.0,143.82,52.4,94.0,2.17,9.0,5.02,58.0,0.0,66.4,8.3,95.5,465.0,46.2,125771.7,56466.4,0.0
217,77.27,100.0,1.647,1647.0,51.9,55.5,14.3,0.0,0.0,1530.0,148.41,52.8,97.0,2.17,9.0,5.02,55.9,0.0,66.4,8.3,93.4,465.0,46.2,125771.7,56464.3,0.0
218,78.08,100.0,1.746,1746.0,51.7,54.3,14.3,0.0,0.1,1530.0,148.41,52.8,97.0,2.17,9.0,5.02,55.2,0.0,66.5,0.6,95.7,465.0,46.2,125771.7,56466.0,0.0
219,67.71,100.0,1.863,1863.0,51.6,54.3,14.3,0.0,0.0,1530.0,149.94,53.2,98.0,2.17,9.0,5.02,55.3,0.0,66.4,8.4,95.3,465.0,46.2,125771.7,56471.7,0.0
220,77.67,100.0,1.782,1782.0,52.0,55.2,14.3,0.0,0.0,1530.0,149.94,53.1,98.0,2.19,8.84,5.06,55.8,0.0,66.4,8.3,94.4,465.0,46.2,125771.7,56473.2,0.0
221,78.14,100.0,1.728,1728.0,52.0,53.9,14.3,0.0,0.0,1530.0,148.41,53.2,97.0,2.19,8.84,5.06,54.4,0.0,66.4,8.4,94.4,465.0,46.2,125771.7,56462.3,0.0
222,79.4,100.0,1.647,1647.0,52.5,57.7,14.3,0.0,0.0,1530.0,148.41,53.4,97.0,2.19,8.84,5.06,58.6,0.0,66.5,0.6,95.4,465.0,46.2,125771.7,56462.5,0.0
223,83.48,100.0,1.764,1764.0,52.5,54.9,14.3,0.0,0.0,1530.0,134.64,53.6,88.0,2.19,8.84,5.06,55.4,0.0,66.3,8.2,84.7,465.0,46.2,125771.7,56467.1,0.0
224,78.7,100.0,1.692,1692.0,52.7,54.3,14.3,0.0,0.1,1530.0,148.41,53.4,97.0,2.19,8.84,5.06,54.3,0.0,66.5,8.2,68.7,465.0,46.2,125771.7,56466.9,0.0
225,77.1,100.0,1.539,1539.0,52.4,54.2,14.3,0.0,0.0,1530.0,149.94,53.4,98.0,2.28,9.66,5.29,54.7,0.0,66.4,0.6,84.7,464.0,46.2,125771.7,56466.7,0.0
226,77.15,100.0,1.692,1692.0,52.3,55.8,14.3,0.0,0.0,1530.0,148.41,53.8,97.0,2.28,9.66,5.29,56.6,0.0,66.4,8.3,96.6,465.0,46.2,125771.7,56463.1,0.0
227,73.65,100.0,1.773,1773.0,52.4,55.5,14.3,0.0,0.0,1530.0,128.52,53.8,84.0,2.28,9.66,5.29,56.0,0.0,66.4,8.3,87.6,465.0,46.2,125771.7,56463.2,0.0
228,79.23,100.0,1.719,1719.0,52.8,54.6,14.3,0.0,0.0,1530.0,149.94,53.7,98.0,2.28,9.66,5.29,55.4,0.0,66.5,8.2,94.1,465.0,46.2,125771.7,56467.6,0.0
229,79.0,100.0,1.8,1800.0,52.9,57.2,14.3,0.0,0.0,1530.0,149.94,53.8,98.0,2.28,9.66,5.29,58.2,0.0,66.4,8.3,95.4,465.0,46.2,125771.7,56467.2,0.0
230,78.37,100.0,1.665,1665.0,52.9,55.9,14.3,0.0,0.0,1530.0,148.41,53.7,97.0,2.31,9.44,5.32,56.6,0.0,66.4,0.6,94.3,465.0,46.2,125771.7,56468.5,0.0
231,83.92,100.0,1.665,1665.0,52.8,56.4,14.3,0.0,0.1,1530.0,149.94,54.0,98.0,2.31,9.44,5.32,56.9,0.0,66.5,8.3,92.9,465.0,46.2,125771.7,56464.4,0.0
232,78.34,100.0,1.701,1701.0,52.9,56.0,14.3,0.0,0.0,1530.0,149.94,53.8,98.0,2.31,9.44,5.32,56.7,0.0,66.4,8.2,95.5,465.0,46.2,125771.7,56464.6,0.0
233,78.47,100.0,1.962,1962.0,52.5,56.2,14.3,0.0,0.0,1530.0,149.94,54.1,98.0,2.31,9.44,5.32,57.2,0.0,66.4,0.7,95.6,465.0,46.2,125771.7,56467.6,0.0
234,34.1,100.0,1.764,1764.0,52.2,56.1,14.3,0.0,0.0,1530.0,6.12,52.6,4.0,2.31,9.44,5.32,56.7,0.0,66.4,8.2,95.5,465.0,46.2,125771.7,56465.4,0.0
235,54.45,100.0,1.827,1827.0,51.9,57.4,14.3,0.0,0.0,1530.0,149.94,52.6,98.0,2.32,9.09,5.31,58.2,0.0,66.5,8.2,94.2,465.0,45.8,125771.7,55954.1,0.0
236,58.2,100.0,1.917,1917.0,52.0,58.6,14.3,0.0,0.0,1530.0,148.41,52.6,97.0,2.32,9.09,5.31,59.3,0.0,66.4,8.3,95.3,465.0,45.8,125771.7,55914.6,0.0
237,33.32,100.0,1.854,1854.0,52.0,55.3,14.3,0.0,0.0,1530.0,0.0,51.5,0.0,2.32,9.09,5.31,55.7,0.0,66.4,8.2,95.5,465.0,45.8,125771.7,55905.2,0.0
238,75.1,100.0,1.872,1872.0,51.9,58.5,14.3,0.0,0.0,1530.0,143.82,52.8,94.0,2.32,9.09,5.31,58.9,0.0,66.4,8.3,95.5,465.0,46.2,125771.7,56411.6,0.0
239,79.25,100.0,1.899,1899.0,52.1,55.6,14.3,0.0,0.1,1530.0,149.94,53.3,98.0,2.32,9.09,5.31,56.9,0.0,66.3,0.6,96.6,465.0,46.2,125771.7,56407.0,0.0
240,79.16,100.0,1.71,1710.0,52.6,57.0,14.3,0.0,0.0,1530.0,149.94,53.7,98.0,2.35,9.0,5.36,57.5,0.0,66.4,8.2,95.5,465.0,46.2,125771.7,56410.0,0.0
241,80.46,100.0,1.737,1737.0,52.7,55.6,14.3,0.0,0.2,1530.0,142.29,53.8,93.0,2.35,9.0,5.36,56.0,0.0,66.5,8.3,94.5,465.0,46.2,125771.7,56405.8,0.0
242,79.45,100.0,1.656,1656.0,53.1,57.3,14.3,0.0,0.0,1530.0,149.94,53.8,98.0,2.35,9.0,5.36,58.5,0.0,66.4,0.6,95.5,465.0,46.2,125771.7,56407.7,0.0
243,77.26,100.0,1.692,1692.0,53.1,57.9,14.3,0.0,0.0,1530.0,148.41,54.1,97.0,2.35,9.0,5.36,58.8,0.0,66.1,8.2,95.3,465.0,46.2,125771.7,56406.5,0.0
244,78.46,100.0,1.611,1611.0,52.7,58.3,14.3,0.0,0.0,1530.0,149.94,53.8,98.0,2.35,9.0,5.36,59.0,0.0,66.3,8.2,95.7,464.0,46.2,125771.7,56406.1,0.0
245,80.84,100.0,1.638,1638.0,53.3,58.1,14.3,0.0,0.1,1530.0,137.7,54.1,90.0,2.38,8.92,5.4,59.3,0.0,66.6,8.2,95.4,464.0,46.2,125771.7,56405.2,0.0
246,78.24,100.0,1.431,1431.0,52.9,57.4,14.3,0.0,0.0,1530.0,149.94,54.0,98.0,2.38,8.92,5.4,58.2,0.0,66.3,0.6,95.5,464.0,46.2,125771.7,56406.4,0.0
247,78.09,100.0,1.638,1638.0,52.8,58.5,14.3,0.0,0.0,1530.0,148.41,54.1,97.0,2.38,8.92,5.4,59.6,0.0,66.1,8.1,94.2,464.0,46.2,125771.7,56408.1,0.0
248,77.59,100.0,1.845,1845.0,52.9,55.9,14.3,0.0,0.0,1530.0,148.41,54.2,97.0,2.38,8.92,5.4,56.6,0.0,66.6,8.3,93.9,464.0,46.2,125771.7,56409.6,0.0
249,80.12,100.0,1.827,1827.0,53.2,56.8,14.3,0.0,0.0,1530.0,149.94,54.3,98.0,2.38,8.92,5.4,58.3,0.0,66.8,0.5,95.4,464.0,46.2,125771.7,56408.1,0.0
250,77.74,100.0,1.755,1755.0,53.2,55.6,14.3,0.0,0.1,1530.0,148.41,54.2,97.0,2.4,8.69,5.41,56.5,0.0,65.7,8.3,95.3,464.0,46.2,125771.7,56407.9,0.0
251,79.18,100.0,1.737,1737.0,53.3,56.5,14.3,0.0,0.0,1530.0,148.41,54.3,97.0,2.4,8.69,5.41,57.7,0.0,65.8,8.2,94.4,464.0,46.2,125771.7,56407.2,0.0
252,80.02,100.0,1.836,1836.0,53.3,56.5,14.3,0.0,0.0,1530.0,140.76,54.2,92.0,2.4,8.69,5.41,57.0,0.0,67.3,8.3,95.5,464.0,46.2,125771.7,56405.1,0.0
253,80.25,100.0,1.782,1782.0,53.4,55.0,14.3,0.0,0.0,1530.0,148.41,54.5,97.0,2.4,8.69,5.41,55.7,0.0,66.2,0.6,94.4,464.0,46.2,125771.7,56402.4,0.0
254,78.31,100.0,1.728,1728.0,53.3,55.2,14.3,0.0,0.0,1530.0,149.94,54.7,98.0,2.4,8.69,5.41,55.4,0.0,66.9,8.2,80.2,464.0,46.2,125771.7,56404.0,0.0
255,53.12,100.0,1.791,1791.0,52.2,57.8,14.3,0.0,0.0,1530.0,146.88,53.1,96.0,2.46,8.95,5.52,58.4,0.0,66.5,8.3,90.5,465.0,45.9,125771.7,55993.8,0.0
256,33.32,100.0,1.998,1998.0,52.1,57.4,14.3,0.0,0.0,1476.0,0.0,51.8,0.0,2.46,8.95,5.52,58.6,0.0,66.4,0.5,96.6,464.0,45.7,125771.7,55954.6,0.0
257,57.13,100.0,1.827,1827.0,52.4,57.8,14.3,0.0,0.1,1530.0,148.41,53.2,97.0,2.46,8.95,5.52,58.3,0.0,66.0,8.3,93.3,464.0,45.8,125771.7,55940.8,0.0
258,58.56,100.0,1.998,1998.0,51.8,58.6,14.3,0.0,0.0,1530.0,148.41,52.3,97.0,2.46,8.95,5.52,59.3,0.0,66.6,8.1,93.0,462.0,45.8,125771.7,55937.0,0.0
259,82.6,100.0,1.773,1773.0,52.7,56.6,14.3,0.0,0.0,1530.0,149.94,53.9,98.0,2.46,8.95,5.52,57.9,0.0,62.7,8.3,93.8,462.0,46.2,125771.7,56416.9,0.0
260,79.9,100.0,1.809,1809.0,52.9,57.4,14.3,0.0,0.1,1530.0,149.94,54.3,98.0,2.5,9.04,5.6,58.4,0.0,65.9,8.2,95.2,462.0,46.2,125771.7,56415.8,0.0
261,78.53,100.0,1.683,1683.0,53.2,58.0,14.3,0.0,0.0,1530.0,149.94,54.5,98.0,2.5,9.04,5.6,59.0,0.0,66.6,0.6,95.6,462.0,46.2,125771.7,56418.3,0.0
262,79.42,100.0,1.71,1710.0,53.2,56.5,14.3,0.0,0.0,1530.0,146.88,54.3,96.0,2.5,9.04,5.6,56.8,0.0,66.9,8.1,88.5,462.0,46.2,125771.7,56417.7,0.0
263,83.21,100.0,1.701,1701.0,53.1,55.8,14.3,0.0,0.0,1530.0,149.94,54.6,98.0,2.5,9.04,5.6,56.1,0.0,66.1,8.2,73.6,462.0,46.2,125771.7,56419.8,0.0
264,81.19,100.0,1.701,1701.0,53.6,56.1,14.3,0.0,0.0,1530.0,148.41,54.5,97.0,2.5,9.04,5.6,57.2,0.0,67.6,0.5,96.7,462.0,46.2,125771.7,56418.0,0.0
265,79.16,100.0,1.827,1827.0,53.8,56.4,14.3,0.0,0.1,1530.0,148.41,54.5,97.0,2.53,8.95,5.64,57.0,0.0,65.4,8.2,89.4,462.0,46.2,125771.7,56420.4,0.0
266,78.95,100.0,1.791,1791.0,53.8,57.2,14.3,0.0,0.0,1530.0,146.88,54.6,96.0,2.53,8.95,5.64,58.1,0.0,66.8,8.2,95.2,462.0,46.2,125771.7,56419.6,0.0
267,80.46,100.0,1.782,1782.0,53.7,52.2,14.3,0.0,0.0,1530.0,149.94,54.7,98.0,2.53,8.95,5.64,53.3,0.0,66.0,0.4,94.1,462.0,46.2,125771.7,56424.0,0.0
268,78.31,100.0,1.926,1926.0,53.4,51.7,14.3,0.0,0.0,1530.0,148.41,55.0,97.0,2.53,8.95,5.64,52.7,0.0,67.4,8.1,95.1,462.0,46.2,125771.7,56423.9,0.0
269,79.43,100.0,1.683,1683.0,53.4,51.0,14.3,0.0,0.0,1530.0,149.94,55.0,98.0,2.53,8.95,5.64,51.3,0.0,62.9,8.0,88.4,462.0,46.2,125771.7,56424.3,0.0
270,80.26,100.0,1.665,1665.0,53.4,51.4,14.3,0.0,0.0,1530.0,145.35,54.8,95.0,2.53,8.48,5.59,52.5,0.0,66.3,0.4,95.5,462.0,46.2,125771.7,56424.1,0.0
271,80.63,100.0,1.773,1773.0,53.8,52.3,14.3,0.0,0.3,1530.0,148.41,54.8,97.0,2.53,8.48,5.59,53.4,0.0,66.4,8.1,95.5,462.0,46.2,125771.7,56423.5,0.0
272,79.62,100.0,1.827,1827.0,53.4,51.0,14.3,0.0,0.0,1530.0,149.94,55.3,98.0,2.53,8.48,5.59,51.6,0.0,66.4,8.0,95.6,462.0,46.2,125771.7,56421.7,0.0
273,79.62,100.0,1.656,1656.0,53.6,51.2,14.3,0.0,0.0,1530.0,148.41,55.1,97.0,2.53,8.48,5.59,52.3,0.0,66.3,8.0,94.2,462.0,46.2,125771.7,56424.3,0.0
274,78.7,100.0,1.836,1836.0,53.7,52.0,14.3,0.0,0.0,1530.0,142.29,55.0,93.0,2.53,8.48,5.59,53.0,0.0,66.4,0.3,95.3,462.0,46.2,125771.7,56424.2,0.0
275,31.54,100.0,1.683,1683.0,52.0,51.4,14.3,0.0,0.0,1224.0,0.0,52.0,0.0,2.55,8.36,5.61,52.3,0.0,66.3,8.1,94.3,462.0,46.2,125771.7,56420.4,0.0
276,29.31,100.0,1.719,1719.0,52.2,52.8,14.3,0.0,0.0,819.0,0.0,51.5,0.0,2.55,8.36,5.61,54.2,0.0,66.4,8.1,93.7,462.0,46.2,125771.7,56422.2,0.0
277,51.07,100.0,1.818,1818.0,52.3,58.7,14.3,0.0,0.1,1530.0,148.41,52.5,97.0,2.55,8.36,5.61,59.8,0.0,66.4,8.3,97.7,462.0,45.8,125771.7,55914.1,0.0
278,57.98,100.0,1.998,1998.0,52.2,62.7,14.3,0.0,0.0,1530.0,148.41,52.8,97.0,2.55,8.36,5.61,63.5,0.0,66.5,0.5,95.6,462.0,45.8,125771.7,55919.6,0.0
279,55.86,100.0,1.755,1755.0,52.3,56.9,14.3,0.0,0.0,1530.0,148.41,53.0,97.0,2.55,8.36,5.61,58.4,0.0,66.4,8.4,96.5,462.0,45.8,125771.7,55910.4,0.0
280,69.2,100.0,1.791,1791.0,52.5,59.7,14.3,0.0,0.0,1530.0,148.41,53.5,97.0,2.63,9.05,5.8,60.0,0.0,66.4,8.1,87.4,462.0,46.2,125771.7,56411.3,0.0
281,76.71,100.0,1.926,1926.0,52.7,57.8,14.3,0.0,0.0,1530.0,149.94,53.9,98.0,2.63,9.05,5.8,58.5,0.0,66.4,8.2,94.0,461.0,46.2,125771.7,56410.5,0.0
282,78.68,100.0,1.773,1773.0,53.0,57.3,14.3,0.0,0.1,1530.0,149.94,54.4,98.0,2.63,9.05,5.8,57.3,0.0,66.5,8.2,71.1,461.0,46.2,125771.7,56408.6,0.0
283,78.93,100.0,1.863,1863.0,53.1,58.0,14.3,0.0,0.0,1530.0,148.41,54.4,97.0,2.63,9.05,5.8,58.8,0.0,66.4,0.7,95.3,461.0,46.2,125771.7,56405.6,0.0
284,71.5,100.0,1.845,1845.0,53.1,58.0,14.3,0.0,0.0,1530.0,149.94,54.8,98.0,2.63,9.05,5.8,59.0,0.0,66.5,8.2,95.3,461.0,46.2,125771.7,56407.3,0.0
285,78.61,100.0,1.827,1827.0,53.5,57.7,14.3,0.0,0.0,1530.0,149.94,54.6,98.0,2.65,8.88,5.82,58.8,0.0,66.4,8.2,95.3,461.0,46.2,125771.7,56409.6,0.0
286,78.19,100.0,1.683,1683.0,53.2,58.0,14.3,0.0,0.0,1530.0,148.41,54.4,97.0,2.65,8.88,5.82,58.6,0.0,66.4,8.4,94.3,461.0,46.2,125771.7,56409.2,0.0
287,78.12,100.0,1.827,1827.0,53.7,57.7,14.3,0.0,0.1,1530.0,148.41,54.9,97.0,2.65,8.88,5.82,58.6,0.0,66.4,8.2,95.4,461.0,46.2,125771.7,56411.1,0.0
288,66.17,100.0,1.665,1665.0,53.8,56.9,14.3,0.0,0.0,1530.0,120.87,54.7,79.0,2.65,8.88,5.82,57.5,0.0,66.5,0.6,94.3,461.0,46.2,125771.7,56413.6,0.0
289,77.15,100.0,1.899,1899.0,53.8,57.5,14.3,0.0,0.0,1530.0,148.41,55.2,97.0,2.65,8.88,5.82,58.2,0.0,66.4,8.3,94.0,461.0,46.2,125771.7,56410.1,0.0
290,76.34,100.0,1.746,1746.0,54.2,56.7,14.3,0.0,0.0,1530.0,149.94,55.2,98.0,2.71,9.21,5.94,56.9,0.0,66.5,8.3,79.8,461.0,46.2,125771.7,56408.3,0.0
291,78.2,100.0,1.719,1719.0,53.8,59.2,14.3,0.0,0.0,1530.0,148.41,55.3,97.0,2.71,9.21,5.94,60.1,0.0,66.4,0.6,95.4,459.0,46.2,125771.7,56408.7,0.0
292,77.97,100.0,1.809,1809.0,53.8,56.7,14.3,0.0,0.1,1530.0,149.94,55.3,98.0,2.71,9.21,5.94,58.0,0.0,66.4,8.3,92.6,459.0,46.2,125771.7,56409.1,0.0
293,77.51,100.0,1.989,1989.0,53.7,56.0,14.3,0.0,0.0,1530.0,149.94,55.3,98.0,2.71,9.21,5.94,56.7,0.0,66.5,8.3,95.3,459.0,46.2,125771.7,56410.0,0.0
294,78.66,100.0,1.827,1827.0,54.0,56.9,14.3,0.0,0.0,1530.0,149.94,55.2,98.0,2.71,9.21,5.94,57.0,0.0,66.4,8.2,93.3,459.0,46.2,125771.7,56410.7,0.0
295,79.65,100.0,1.71,1710.0,54.2,57.3,14.3,0.0,0.0,1530.0,146.88,55.2,96.0,2.73,8.96,5.94,58.7,0.0,66.4,0.5,95.4,460.0,46.2,125771.7,56411.9,0.0
296,79.59,100.0,1.809,1809.0,54.3,57.1,14.3,0.0,0.0,1530.0,149.94,55.5,98.0,2.73,8.96,5.94,58.1,0.0,66.4,8.3,95.3,460.0,46.2,125771.7,56407.9,0.0
297,80.05,100.0,1.917,1917.0,54.2,58.4,14.3,0.0,0.1,1530.0,146.88,55.3,96.0,2.73,8.96,5.94,59.4,0.0,66.4,8.3,95.3,460.0,46.2,125771.7,56407.5,0.0
298,79.99,100.0,1.728,1728.0,54.0,57.1,14.3,0.0,0.0,1530.0,148.41,55.5,97.0,2.73,8.96,5.94,57.8,0.0,66.4,0.6,94.1,460.0,46.2,125771.7,56409.9,0.0
299,79.6,100.0,1.71,1710.0,54.0,56.9,14.3,0.0,0.0,1530.0,149.94,55.7,98.0,2.73,8.96,5.94,57.2,0.0,66.4,8.4,80.9,460.0,46.2,125771.7,56412.9,0.0
300,79.23,100.0,1.827,1827.0,54.3,56.3,14.3,0.0,0.0,1530.0,149.94,55.8,98.0,2.75,8.72,5.95,56.4,0.0,66.5,8.2,82.0,460.0,46.2,125771.7,56414.2,0.0
301,78.7,100.0,1.818,1818.0,54.5,56.0,14.3,0.0,0.3,1530.0,148.41,55.7,97.0,2.75,8.72,5.95,56.8,0.0,66.4,0.6,84.1,460.0,46.2,125771.7,56427.6,0.0
302,62.81,100.0,1.728,1728.0,54.8,56.7,14.3,0.0,0.0,1530.0,128.52,55.7,84.0,2.75,8.72,5.95,57.1,0.0,66.4,8.2,88.6,460.0,46.2,125771.7,56414.1,0.0
303,79.36,100.0,1.836,1836.0,54.6,56.5,14.3,0.0,0.0,1530.0,149.94,55.8,98.0,2.75,8.72,5.95,57.3,0.0,66.5,8.4,95.3,460.0,46.2,125771.7,56408.1,0.0
304,52.54,100.0,1.998,1998.0,54.0,58.3,14.3,0.0,0.0,1530.0,149.94,54.5,98.0,2.75,8.72,5.95,58.7,0.0,66.4,0.6,94.4,460.0,45.9,125771.7,56079.9,0.0
305,35.92,100.0,1.962,1962.0,53.8,56.2,14.3,0.0,0.0,1521.0,1.52,53.2,1.0,2.75,8.26,5.9,56.8,0.0,66.4,8.2,83.1,460.0,45.5,125771.7,56050.6,0.0
306,56.6,100.0,1.908,1908.0,53.5,60.8,14.3,0.0,0.1,1530.0,148.41,54.2,97.0,2.75,8.26,5.9,61.4,0.0,66.4,8.3,94.6,460.0,45.9,125771.7,56054.2,0.0
307,35.2,100.0,1.998,1998.0,53.6,61.5,14.3,0.0,0.1,1467.0,1.47,52.8,1.0,2.75,8.26,5.9,62.5,0.0,66.5,8.3,95.3,459.0,45.9,125771.7,56051.2,0.0
308,79.45,100.0,1.602,1602.0,53.8,60.5,14.3,0.0,0.0,1530.0,149.94,55.2,98.0,2.75,8.26,5.9,61.3,0.0,66.4,0.5,95.5,459.0,46.3,125771.7,56534.5,0.0
309,79.89,100.0,1.827,1827.0,54.1,59.7,14.3,0.0,0.0,1530.0,149.94,55.3,98.0,2.75,8.26,5.9,60.8,0.0,66.4,8.2,96.6,459.0,46.3,125771.7,56532.4,0.0
310,80.27,100.0,1.962,1962.0,54.1,59.5,14.3,0.0,0.0,1530.0,148.41,55.4,97.0,2.76,8.0,5.88,60.6,0.0,66.5,8.2,95.5,459.0,46.3,125771.7,56529.2,0.0
311,80.04,100.0,1.827,1827.0,54.5,57.5,14.3,0.0,0.0,1530.0,133.11,55.4,87.0,2.76,8.0,5.88,58.2,0.0,66.3,0.6,94.0,459.0,46.3,125771.7,56529.1,0.0
312,80.06,100.0,1.755,1755.0,54.7,57.5,14.3,0.0,0.0,1530.0,149.94,55.7,98.0,2.76,8.0,5.88,58.4,0.0,66.5,8.3,95.3,459.0,46.3,125771.7,56529.2,0.0
313,79.66,100.0,1.872,1872.0,54.5,59.0,14.3,0.0,0.1,1530.0,149.94,55.8,98.0,2.76,8.0,5.88,59.4,0.0,66.4,8.3,85.7,459.0,46.3,125771.7,56532.5,0.0
314,81.13,100.0,1.989,1989.0,54.9,59.5,14.3,0.0,0.0,1530.0,149.94,56.1,98.0,2.76,8.0,5.88,60.3,0.0,66.4,8.1,95.4,459.0,46.3,125771.7,56534.2,0.0
315,79.86,100.0,1.89,1890.0,54.6,58.2,14.3,0.0,0.0,1530.0,142.29,56.2,93.0,2.78,7.84,5.88,59.3,0.0,66.4,0.6,95.3,459.0,46.3,125771.7,56533.2,0.0
316,78.08,100.0,1.962,1962.0,55.1,59.6,14.3,0.0,0.0,1530.0,149.94,56.0,98.0,2.78,7.84,5.88,60.4,0.0,66.4,7.8,95.5,459.0,46.3,125771.7,56534.1,0.0
317,80.67,100.0,1.998,1998.0,54.8,58.1,14.3,0.0,0.0,1530.0,148.41,55.9,97.0,2.78,7.84,5.88,58.5,0.0,66.4,8.3,95.3,459.0,46.3,125771.7,56537.7,0.0
318,79.55,100.0,1.854,1854.0,54.7,57.1,14.3,0.0,0.0,1530.0,148.41,56.0,97.0,2.78,7.84,5.88,58.4,0.0,66.4,0.5,95.5,459.0,46.3,125771.7,56536.6,0.0
319,63.44,100.0,1.683,1683.0,54.1,58.8,14.3,0.0,0.0,1530.0,149.94,55.0,98.0,2.78,7.84,5.88,58.9,0.0,66.5,8.4,77.5,459.0,45.9,125771.7,55994.9,0.0
320,62.51,100.0,1.998,1998.0,53.7,61.2,14.3,0.0,0.0,1530.0,148.41,54.4,97.0,2.79,7.61,5.87,62.2,0.0,66.4,8.2,94.9,460.0,45.9,125771.7,56005.5,0.0
321,58.16,100.0,1.593,1593.0,54.0,60.8,14.3,0.0,0.0,1530.0,149.94,54.6,98.0,2.79,7.61,5.87,61.7,0.0,66.3,0.6,95.5,461.0,45.9,125771.7,55996.5,0.0
322,72.69,100.0,1.764,1764.0,53.9,60.9,14.3,0.0,0.1,1530.0,111.69,54.0,73.0,2.79,7.61,5.87,62.0,0.0,66.4,8.2,95.2,461.0,46.2,125771.7,56476.1,0.0
323,79.51,100.0,1.899,1899.0,54.6,59.3,14.3,0.0,0.0,1530.0,149.94,55.3,98.0,2.79,7.61,5.87,60.7,0.0,66.5,8.2,95.6,460.0,46.2,125771.7,56472.3,0.0
324,79.16,100.0,1.746,1746.0,54.5,59.7,14.3,0.0,0.0,1530.0,148.41,55.8,97.0,2.79,7.61,5.87,60.7,0.0,66.4,0.6,95.2,460.0,46.2,125771.7,56469.2,0.0
325,82.06,100.0,1.881,1881.0,54.3,59.9,14.3,0.0,0.0,1530.0,149.94,55.7,98.0,2.81,7.56,5.89,61.2,0.0,66.4,8.2,95.3,460.0,46.2,125771.7,56472.5,0.0
326,74.62,100.0,1.683,1683.0,54.4,59.9,14.3,0.0,0.0,1530.0,149.94,55.8,98.0,2.81,7.56,5.89,59.9,0.0,66.4,8.2,78.2,460.0,46.2,125771.7,56469.8,0.0
327,79.26,100.0,1.737,1737.0,54.8,58.6,14.3,0.0,0.1,1530.0,149.94,56.2,98.0,2.81,7.56,5.89,59.2,0.0,66.4,0.6,94.3,460.0,46.2,125771.7,56467.4,0.0
328,78.23,100.0,1.8,1800.0,54.9,59.2,14.3,0.0,0.0,1530.0,148.41,56.1,97.0,2.81,7.56,5.89,60.6,0.0,66.4,8.2,95.3,460.0,46.2,125771.7,56475.7,0.0
329,78.87,100.0,1.701,1701.0,55.0,58.5,14.3,0.0,0.0,1530.0,149.94,56.1,98.0,2.81,7.56,5.89,59.1,0.0,66.4,8.2,94.4,460.0,46.2,125771.7,56480.2,0.0
330,78.89,100.0,1.872,1872.0,54.8,57.8,14.3,0.0,0.0,1530.0,149.94,56.1,98.0,2.83,7.44,5.89,59.4,0.0,66.4,0.5,96.5,460.0,46.2,125771.7,56472.1,0.0
331,78.69,100.0,1.728,1728.0,55.0,57.9,14.3,0.0,0.3,1530.0,149.94,56.3,98.0,2.83,7.44,5.89,59.3,0.0,66.4,8.3,96.6,460.0,46.2,125771.7,56471.9,0.0
332,78.71,100.0,1.899,1899.0,54.9,59.1,14.3,0.0,0.1,1530.0,146.88,56.5,96.0,2.83,7.44,5.89,59.4,0.0,66.3,8.2,86.9,460.0,46.2,125771.7,56475.2,0.0
333,80.7,100.0,1.737,1737.0,55.1,57.4,14.3,0.0,0.0,1530.0,148.41,56.3,97.0,2.83,7.44,5.89,58.8,0.0,66.5,0.6,95.5,460.0,46.2,125771.7,56472.1,0.0
334,81.43,100.0,1.863,1863.0,55.2,58.7,14.3,0.0,0.0,1530.0,149.94,56.5,98.0,2.83,7.44,5.89,60.0,0.0,66.4,8.1,94.3,460.0,46.2,125771.7,56469.3,0.0
335,76.24,100.0,1.8,1800.0,55.3,58.7,14.3,0.0,0.0,1530.0,148.41,56.3,97.0,2.85,7.4,5.91,59.7,0.0,66.4,7.8,93.2,460.0,46.2,125771.7,56471.8,0.0
336,54.37,100.0,1.827,1827.0,54.3,60.2,14.3,0.0,0.0,1530.0,149.94,55.1,98.0,2.85,7.4,5.91,61.1,0.0,66.4,0.6,95.3,460.0,45.9,125771.7,55987.3,0.0
337,59.84,100.0,1.944,1944.0,54.0,59.6,14.3,0.0,0.0,1530.0,146.88,53.8,96.0,2.85,7.4,5.91,60.8,0.0,66.4,7.8,95.2,460.0,45.9,125771.7,55989.9,0.0
338,54.12,100.0,1.611,1611.0,53.8,59.0,14.3,0.0,0.1,1530.0,148.41,55.1,97.0,2.85,7.4,5.91,59.8,0.0,66.4,8.3,95.6,460.0,45.8,125771.7,55985.2,0.0
339,59.75,100.0,1.998,1998.0,53.8,57.2,14.3,0.0,0.0,1530.0,148.41,54.4,97.0,2.85,7.4,5.91,58.7,0.0,66.3,0.4,95.2,460.0,46.2,125771.7,56483.8,0.0
340,64.26,100.0,1.674,1674.0,54.4,54.6,14.3,0.0,0.0,1530.0,133.11,55.5,87.0,2.93,8.25,6.11,56.0,0.0,66.4,8.0,95.2,459.0,46.2,125771.7,56476.5,0.0
341,76.08,100.0,1.548,1548.0,54.7,53.1,14.3,0.0,0.0,1530.0,149.94,55.7,98.0,2.93,8.25,6.11,54.5,0.0,66.4,8.1,95.4,459.0,46.2,125771.7,56477.0,0.0
342,75.98,100.0,1.629,1629.0,54.6,53.3,14.3,0.0,0.0,1530.0,149.94,55.9,98.0,2.93,8.25,6.11,55.0,0.0,66.4,8.0,95.3,459.0,46.2,125771.7,56479.8,0.0
343,76.35,100.0,1.647,1647.0,54.8,52.5,14.3,0.0,0.1,1530.0,148.41,55.9,97.0,2.93,8.25,6.11,54.0,0.0,66.4,1.6,95.5,459.0,46.2,125771.7,56482.7,0.0
344,77.8,100.0,1.602,1602.0,54.8,53.0,14.3,0.0,0.0,1530.0,149.94,56.2,98.0,2.93,8.25,6.11,54.7,0.0,66.4,6.8,94.3,459.0,46.2,125771.7,56484.6,0.0
345,76.99,100.0,1.728,1728.0,54.9,53.7,14.3,0.0,0.0,1530.0,148.41,56.3,97.0,2.95,8.07,6.11,54.8,0.0,66.3,8.2,95.7,459.0,46.2,125771.7,56486.0,0.0
346,76.86,100.0,1.665,1665.0,54.9,54.0,14.3,0.0,0.0,1530.0,149.94,56.2,98.0,2.95,8.07,6.11,55.5,0.0,66.4,2.9,95.5,459.0,46.2,125771.7,56478.0,0.0
347,75.39,100.0,1.539,1539.0,55.1,53.6,14.3,0.0,0.0,1530.0,148.41,56.1,97.0,2.95,8.07,6.11,55.1,0.0,66.3,5.4,95.5,459.0,46.2,125771.7,56480.0,0.0
348,78.22,100.0,1.647,1647.0,55.0,52.2,14.3,0.0,0.0,1530.0,149.94,56.5,98.0,2.95,8.07,6.11,53.4,0.0,66.4,8.1,95.3,459.0,46.2,125771.7,56479.1,0.0
349,62.95,100.0,1.998,1998.0,54.4,60.6,14.3,0.0,0.0,1530.0,148.41,55.5,97.0,2.95,8.07,6.11,61.2,0.0,66.5,8.2,93.3,459.0,45.4,125771.7,55390.4,0.0
350,34.63,100.0,1.998,1998.0,54.5,59.1,14.3,0.0,0.0,1485.0,0.0,53.6,0.0,3.0,8.47,6.22,60.4,0.0,66.4,0.5,95.4,459.0,45.1,125771.7,55373.5,0.0
351,55.3,100.0,1.737,1737.0,54.0,61.7,14.3,0.0,0.0,1530.0,149.94,54.8,98.0,3.0,8.47,6.22,62.4,0.0,66.4,8.4,94.8,459.0,45.4,125771.7,55377.5,0.0
352,63.5,100.0,1.998,1998.0,53.3,60.2,14.3,0.0,0.0,1449.0,120.27,53.7,83.0,3.0,8.47,6.22,61.1,0.0,66.5,7.9,95.5,459.0,45.4,125771.7,55380.9,0.0
353,74.16,100.0,1.647,1647.0,54.3,60.2,14.3,0.0,0.0,1530.0,148.41,55.8,97.0,3.0,8.47,6.22,61.2,0.0,66.4,8.5,93.8,459.0,45.8,125771.7,55873.2,0.0
354,78.94,100.0,1.917,1917.0,54.5,58.4,14.3,0.0,0.1,1530.0,148.41,56.4,97.0,3.0,8.47,6.22,59.5,0.0,66.5,0.6,95.3,459.0,45.8,125771.7,55871.4,0.0
355,77.49,100.0,1.917,1917.0,54.7,56.3,14.3,0.0,0.0,1530.0,149.94,56.5,98.0,3.02,8.27,6.22,57.3,0.0,66.4,8.3,93.9,459.0,45.8,125771.7,55872.3,0.0
356,78.43,100.0,1.827,1827.0,54.6,57.0,14.3,0.0,0.0,1530.0,142.29,56.6,93.0,3.02,8.27,6.22,57.8,0.0,66.4,8.2,95.3,458.0,45.8,125771.7,55874.2,0.0
357,76.22,100.0,1.854,1854.0,54.8,58.5,14.3,0.0,0.0,1530.0,148.41,56.4,97.0,3.02,8.27,6.22,59.6,0.0,66.5,3.5,95.3,458.0,45.8,125771.7,55873.6,0.0
358,75.22,100.0,1.827,1827.0,54.8,57.9,14.3,0.0,0.0,1530.0,149.94,56.8,98.0,3.02,8.27,6.22,58.3,0.0,66.4,5.5,94.4,458.0,45.8,125771.7,55874.9,0.0
359,75.45,100.0,1.8,1800.0,54.8,58.3,14.3,0.0,0.1,1530.0,148.41,56.7,97.0,3.02,8.27,6.22,59.2,0.0,66.5,8.4,94.0,458.0,45.8,125771.7,55876.5,0.0
360,76.76,100.0,1.971,1971.0,55.2,56.8,14.3,0.0,0.0,1530.0,149.94,56.8,98.0,3.03,8.01,6.2,57.9,0.0,66.4,0.5,95.2,458.0,45.8,125771.7,55874.1,0.0
361,77.31,100.0,1.737,1737.0,55.1,57.4,14.3,0.0,0.4,1530.0,149.94,56.7,98.0,3.03,8.01,6.2,57.7,0.0,66.4,7.9,94.3,458.0,45.8,125771.7,55882.2,0.0
362,75.57,100.0,1.665,1665.0,55.1,57.2,14.3,0.0,0.0,1530.0,131.58,56.6,86.0,3.03,8.01,6.2,58.2,0.0,66.5,7.9,93.7,458.0,45.8,125771.7,55875.2,0.0
363,74.74,100.0,1.755,1755.0,55.1,58.5,14.3,0.0,0.0,1530.0,148.41,57.0,97.0,3.03,8.01,6.2,59.0,0.0,66.4,7.9,94.3,458.0,45.8,125771.7,55873.3,0.0
364,77.52,100.0,1.827,1827.0,55.5,58.2,14.3,0.0,0.0,1530.0,149.94,57.1,98.0,3.03,8.01,6.2,59.0,0.0,66.5,3.2,96.6,459.0,45.8,125771.7,55873.6,0.0
365,75.12,100.0,1.764,1764.0,55.4,58.6,14.3,0.0,0.0,1530.0,148.41,57.1,97.0,3.07,8.17,6.26,59.4,0.0,66.4,5.9,95.3,459.0,45.8,125771.7,55873.5,0.0
366,78.64,100.0,1.827,1827.0,55.5,58.0,14.3,0.0,0.0,1530.0,149.94,57.0,98.0,3.07,8.17,6.26,59.1,0.0,66.4,7.8,94.0,460.0,45.8,125771.7,55872.7,0.0
367,53.39,100.0,1.971,1971.0,54.8,57.2,14.3,0.0,0.0,1530.0,148.41,55.5,97.0,3.07,8.17,6.26,57.9,0.0,66.5,0.6,95.3,461.0,44.9,125771.7,54735.5,0.0
368,64.8,100.0,1.998,1998.0,54.5,63.1,14.3,0.0,0.0,1530.0,149.94,55.3,98.0,3.07,8.17,6.26,64.1,0.0,66.4,8.3,100.0,462.0,44.9,125771.7,54746.3,0.0
369,32.15,100.0,1.818,1818.0,54.2,58.4,14.3,0.0,0.1,1530.0,0.0,54.4,0.0,3.07,8.17,6.26,59.2,0.0,66.4,8.3,95.3,462.0,44.9,125771.7,54731.1,0.0
370,64.42,100.0,1.737,1737.0,54.1,60.7,14.3,0.0,0.1,1530.0,148.41,55.9,97.0,3.13,8.71,6.41,61.4,0.0,66.5,8.3,94.2,462.0,45.3,125771.7,55236.2,0.0
371,77.45,100.0,1.746,1746.0,55.0,58.7,14.3,0.0,0.0,1530.0,149.94,56.6,98.0,3.13,8.71,6.41,59.8,0.0,66.4,0.6,95.3,462.0,45.3,125771.7,55239.1,0.0
372,75.64,100.0,1.665,1665.0,55.2,58.6,14.3,0.0,0.0,1530.0,149.94,56.7,98.0,3.13,8.71,6.41,59.4,0.0,66.5,8.4,94.1,462.0,45.3,125771.7,55236.7,0.0
373,75.14,100.0,1.692,1692.0,55.2,58.1,14.3,0.0,0.0,1530.0,149.94,56.8,98.0,3.13,8.71,6.41,59.5,0.0,66.4,8.4,95.3,461.0,45.3,125771.7,55235.7,0.0
374,77.72,100.0,1.701,1701.0,55.5,56.7,14.3,0.0,0.0,1530.0,149.94,57.1,98.0,3.13,8.71,6.41,57.5,0.0,66.4,0.5,95.3,461.0,45.3,125771.7,55236.7,0.0
375,74.21,100.0,1.791,1791.0,55.4,57.5,14.3,0.0,0.0,1530.0,149.94,56.8,98.0,3.15,8.5,6.4,58.4,0.0,66.4,8.4,92.9,460.0,45.3,125771.7,55236.0,0.0
376,76.05,100.0,1.809,1809.0,55.2,58.4,14.3,0.0,0.0,1530.0,148.41,57.1,97.0,3.15,8.5,6.4,59.6,0.0,66.5,7.8,95.4,460.0,45.3,125771.7,55236.0,0.0
377,73.66,100.0,1.809,1809.0,55.2,59.3,14.3,0.0,0.0,1530.0,148.41,57.3,97.0,3.15,8.5,6.4,60.4,0.0,66.4,8.3,94.4,460.0,45.3,125771.7,55241.4,0.0
378,77.05,100.0,1.818,1818.0,55.3,56.6,14.3,0.0,0.0,1530.0,149.94,57.3,98.0,3.15,8.5,6.4,57.6,0.0,66.4,0.6,95.4,460.0,45.3,125771.7,55237.1,0.0
379,31.67,100.0,1.818,1818.0,55.5,57.6,14.3,0.0,0.0,1530.0,1.53,55.0,1.0,3.15,8.5,6.4,58.4,0.0,66.5,8.4,92.0,460.0,46.3,125771.7,56528.3,0.0
380,75.96,100.0,1.8,1800.0,54.9,59.7,14.3,0.0,0.1,1530.0,146.88,56.7,96.0,3.16,8.22,6.38,59.9,0.0,66.4,8.3,91.3,461.0,46.3,125771.7,56532.4,0.0
381,76.4,100.0,1.611,1611.0,55.3,57.0,14.3,0.0,0.0,1530.0,146.88,57.0,96.0,3.16,8.22,6.38,57.6,0.0,66.5,8.4,80.7,461.0,46.3,125771.7,56532.5,0.0
382,74.69,100.0,1.827,1827.0,55.5,56.7,14.3,0.0,0.0,1530.0,149.94,57.1,98.0,3.16,8.22,6.38,57.5,0.0,66.4,0.6,94.3,461.0,46.3,125771.7,56535.3,0.0
383,74.27,100.0,1.899,1899.0,55.2,55.2,14.3,0.0,0.0,1530.0,148.41,57.2,97.0,3.16,8.22,6.38,55.6,0.0,66.4,8.3,93.3,461.0,46.3,125771.7,56537.1,0.0
384,74.1,100.0,1.728,1728.0,55.7,54.3,14.3,0.0,0.0,1530.0,148.41,57.3,97.0,3.16,8.22,6.38,54.6,0.0,66.5,8.3,90.9,461.0,46.3,125771.7,56536.2,0.0
385,75.75,100.0,1.917,1917.0,55.7,55.9,14.3,0.0,0.1,1530.0,148.41,57.2,97.0,3.18,8.12,6.39,55.8,0.0,66.4,8.3,74.5,461.0,46.3,125771.7,56539.8,0.0
386,75.75,100.0,1.764,1764.0,55.7,55.1,14.3,0.0,0.0,1530.0,149.94,57.2,98.0,3.18,8.12,6.39,55.9,0.0,66.4,2.3,94.0,461.0,46.3,125771.7,56537.9,0.0
387,75.09,100.0,1.836,1836.0,55.6,55.3,14.3,0.0,0.0,1530.0,148.41,57.7,97.0,3.18,8.12,6.39,56.2,0.0,66.4,6.6,86.0,461.0,46.3,125771.7,56535.2,0.0
388,75.11,100.0,1.764,1764.0,55.3,56.8,14.3,0.0,0.0,1530.0,148.41,57.7,97.0,3.18,8.12,6.39,57.6,0.0,66.4,8.2,95.4,461.0,46.3,125771.7,56540.2,0.0
389,73.97,100.0,1.737,1737.0,55.7,56.1,14.3,0.0,0.0,1530.0,148.41,57.2,97.0,3.18,8.12,6.39,57.2,0.0,66.4,8.3,95.2,461.0,46.3,125771.7,56533.1,0.0
390,72.36,100.0,1.647,1647.0,55.6,55.1,14.3,0.0,0.0,1530.0,148.41,57.6,97.0,3.21,8.11,6.41,55.3,0.0,66.4,3.3,83.2,461.0,46.3,125771.7,56538.4,0.0
391,75.22,100.0,1.602,1602.0,55.7,55.1,14.3,0.0,0.5,1530.0,148.41,57.5,97.0,3.21,8.11,6.41,56.0,0.0,66.5,5.6,95.3,461.0,46.3,125771.7,56537.3,0.0
392,75.53,100.0,1.602,1602.0,55.6,54.5,14.3,0.0,0.0,1530.0,148.41,57.6,97.0,3.21,8.11,6.41,54.8,0.0,66.4,8.2,93.2,461.0,46.3,125771.7,56535.4,0.0
393,74.19,100.0,1.827,1827.0,55.8,55.7,14.3,0.0,0.0,1530.0,149.94,57.4,98.0,3.21,8.11,6.41,56.7,0.0,66.4,8.4,94.5,461.0,46.3,125771.7,56535.4,0.0
394,75.55,100.0,1.683,1683.0,55.9,55.9,14.3,0.0,0.0,1530.0,148.41,57.5,97.0,3.21,8.11,6.41,56.9,0.0,66.4,3.6,95.4,461.0,46.3,125771.7,56534.9,0.0
395,75.09,100.0,1.782,1782.0,55.6,55.2,14.3,0.0,0.0,1530.0,149.94,57.6,98.0,3.21,7.7,6.36,55.8,0.0,66.5,5.3,92.9,461.0,46.3,125771.7,56534.7,0.0
396,75.84,100.0,1.809,1809.0,55.5,53.0,14.3,0.0,0.0,1530.0,149.94,57.5,98.0,3.21,7.7,6.36,53.3,0.0,66.4,8.2,74.7,461.0,46.3,125771.7,56535.7,0.0
397,76.45,100.0,1.746,1746.0,55.7,56.3,14.3,0.0,0.0,1530.0,149.94,57.7,98.0,3.21,7.7,6.36,57.1,0.0,66.4,8.3,94.4,460.0,46.3,125771.7,56539.0,0.0
398,33.14,100.0,1.953,1953.0,55.2,60.6,14.3,0.0,0.0,1251.0,16.26,54.7,13.0,3.21,7.7,6.36,60.5,0.0,66.5,3.4,79.1,460.0,46.3,125771.7,56554.4,0.0
399,66.63,100.0,1.971,1971.0,54.6,62.2,14.3,0.0,0.0,1530.0,148.41,56.1,97.0,3.21,7.7,6.36,62.9,0.0,66.4,5.6,92.9,460.0,46.3,125771.7,56558.2,0.0
400,73.9,100.0,1.809,1809.0,54.9,54.8,14.3,0.0,0.0,1530.0,149.94,57.2,98.0,3.23,7.72,6.38,54.8,0.0,66.4,8.3,69.8,460.0,46.3,125771.7,56553.3,0.0
401,75.74,100.0,1.917,1917.0,55.6,54.1,14.3,0.0,0.1,1530.0,148.41,57.3,97.0,3.23,7.72,6.38,54.7,0.0,66.5,4.4,94.0,460.0,46.3,125771.7,56553.0,0.0
402,75.57,100.0,1.656,1656.0,55.3,54.9,14.3,0.0,0.0,1530.0,149.94,57.3,98.0,3.23,7.72,6.38,55.8,0.0,66.4,4.4,94.1,460.0,46.3,125771.7,56552.6,0.0
403,74.27,100.0,1.62,1620.0,55.6,54.1,14.3,0.0,0.0,1530.0,149.94,57.4,98.0,3.23,7.72,6.38,55.0,0.0,66.4,8.4,94.5,460.0,46.3,125771.7,56553.1,0.0
404,75.57,100.0,1.683,1683.0,55.6,55.5,14.3,0.0,0.0,1530.0,148.41,57.4,97.0,3.23,7.72,6.38,56.3,0.0,66.4,8.2,93.2,460.0,46.3,125771.7,56557.9,0.0
405,78.99,100.0,1.71,1710.0,55.6,56.9,14.3,0.0,0.0,1530.0,149.94,57.6,98.0,3.44,10.47,6.98,58.1,0.0,66.5,3.8,95.5,456.0,46.3,125771.7,56559.3,0.0
406,75.31,100.0,1.89,1890.0,55.9,55.6,14.3,0.0,0.1,1530.0,146.88,57.5,96.0,3.44,10.47,6.98,56.7,0.0,66.4,5.1,93.6,456.0,46.3,125771.7,56552.8,0.0
407,77.24,100.0,1.656,1656.0,55.9,53.6,14.3,0.0,0.0,1530.0,148.41,57.9,97.0,3.44,10.47,6.98,53.6,0.0,66.3,8.3,67.0,456.0,46.3,125771.7,56557.4,0.0
408,76.85,100.0,1.692,1692.0,56.0,53.6,14.3,0.0,0.0,1530.0,149.94,57.6,98.0,3.44,10.47,6.98,54.2,0.0,66.5,8.4,88.6,456.0,46.3,125771.7,56553.6,0.0
409,76.01,100.0,1.89,1890.0,56.1,54.5,14.3,0.0,0.0,1530.0,146.88,57.4,96.0,3.44,10.47,6.98,55.8,0.0,66.4,8.3,95.3,456.0,46.3,125771.7,56559.1,0.0
410,35.38,100.0,1.863,1863.0,55.5,54.9,14.3,0.0,0.0,1530.0,15.3,55.6,10.0,3.46,10.27,6.99,55.7,0.0,66.4,0.5,89.3,456.0,46.3,125771.7,56576.3,0.0
411,32.17,100.0,1.782,1782.0,54.8,64.9,14.3,0.0,0.0,1134.0,13.61,54.5,12.0,3.46,10.27,6.99,65.2,0.0,66.4,8.3,94.0,456.0,46.3,125771.7,56573.7,0.0
412,73.16,100.0,1.602,1602.0,55.0,60.1,14.3,0.0,0.0,1530.0,148.41,56.7,97.0,3.46,10.27,6.99,60.2,0.0,66.4,8.3,88.6,456.0,46.3,125771.7,56571.8,0.0
413,75.73,100.0,1.71,1710.0,55.7,55.3,14.3,0.0,0.0,1530.0,149.94,57.3,98.0,3.46,10.27,6.99,56.2,0.0,66.4,3.9,95.4,456.0,46.3,125771.7,56575.8,0.0
414,77.62,100.0,1.881,1881.0,55.8,56.1,14.3,0.0,0.0,1530.0,148.41,57.3,97.0,3.46,10.27,6.99,57.0,0.0,66.4,7.9,95.3,456.0,46.3,125771.7,56571.6,0.0
415,64.16,100.0,1.692,1692.0,55.8,56.1,14.3,0.0,0.1,1530.0,126.99,57.4,83.0,3.47,9.85,6.96,57.2,0.0,66.4,5.2,95.3,456.0,46.3,125771.7,56576.1,0.0
416,75.5,100.0,1.926,1926.0,55.6,54.3,14.3,0.0,0.0,1530.0,148.41,57.5,97.0,3.47,9.85,6.96,55.2,0.0,66.4,8.4,94.2,455.0,46.3,125771.7,56571.2,0.0
417,74.73,100.0,1.728,1728.0,56.0,54.2,14.3,0.0,0.0,1530.0,148.41,57.7,97.0,3.47,9.85,6.96,54.6,0.0,66.4,0.6,94.4,455.0,46.3,125771.7,56570.9,0.0
418,77.43,100.0,1.593,1593.0,56.2,56.7,14.3,0.0,0.0,1530.0,148.41,57.5,97.0,3.47,9.85,6.96,57.6,0.0,66.4,8.2,93.1,455.0,46.3,125771.7,56575.0,0.0
419,78.23,100.0,1.584,1584.0,56.2,57.3,14.3,0.0,0.0,1530.0,149.94,57.4,98.0,3.47,9.85,6.96,58.6,0.0,66.4,8.2,95.5,455.0,46.3,125771.7,56576.3,0.0
420,79.2,100.0,1.647,1647.0,56.2,57.4,14.3,0.0,0.0,1530.0,148.41,57.8,97.0,3.48,9.38,6.91,58.4,0.0,66.4,8.3,95.6,455.0,46.3,125771.7,56575.3,0.0
421,76.47,100.0,1.728,1728.0,56.0,56.4,14.3,0.0,0.4,1530.0,149.94,57.6,98.0,3.48,9.38,6.91,57.4,0.0,66.4,4.0,95.4,455.0,46.3,125771.7,56570.2,0.0
422,43.51,100.0,1.827,1827.0,55.9,57.0,14.3,0.0,0.1,1530.0,100.98,57.3,66.0,3.48,9.38,6.91,58.0,0.0,66.4,4.8,95.5,454.0,46.3,125771.7,56571.4,0.0
423,76.19,100.0,1.539,1539.0,56.0,56.6,14.3,0.0,0.1,1530.0,148.41,57.6,97.0,3.48,9.38,6.91,57.4,0.0,66.4,8.2,94.3,454.0,46.3,125771.7,56578.2,0.0
424,77.69,100.0,1.638,1638.0,56.5,55.3,14.3,0.0,0.0,1530.0,120.87,57.4,79.0,3.48,9.38,6.91,55.4,0.0,66.4,3.8,80.7,454.0,46.3,125771.7,56578.6,0.0
425,74.94,100.0,1.854,1854.0,56.7,56.9,14.3,0.0,0.0,1530.0,149.94,57.8,98.0,3.49,9.11,6.89,57.7,0.0,66.5,4.9,95.7,454.0,46.3,125771.7,56570.9,0.0
426,75.9,100.0,1.872,1872.0,56.6,56.0,14.3,0.0,0.0,1530.0,148.41,57.8,97.0,3.49,9.11,6.89,57.1,0.0,66.4,8.2,95.3,454.0,46.3,125771.7,56573.4,0.0
427,78.24,100.0,1.926,1926.0,56.5,57.2,14.3,0.0,0.0,1530.0,148.41,57.9,97.0,3.49,9.11,6.89,58.0,0.0,66.4,3.8,95.3,454.0,46.3,125771.7,56573.9,0.0
428,75.98,100.0,1.692,1692.0,56.3,56.5,14.3,0.0,0.0,1530.0,148.41,57.9,97.0,3.49,9.11,6.89,57.2,0.0,66.4,7.9,86.8,454.0,46.3,125771.7,56572.7,0.0
429,75.96,100.0,1.998,1998.0,56.5,56.0,14.3,0.0,0.0,1530.0,148.41,57.9,97.0,3.49,9.11,6.89,56.2,0.0,66.4,5.3,93.3,454.0,46.3,125771.7,56569.3,0.0
430,77.77,100.0,1.575,1575.0,56.4,54.8,14.3,0.0,0.0,1530.0,149.94,58.1,98.0,3.54,9.34,6.98,54.8,0.0,66.4,8.2,83.7,454.0,46.3,125771.7,56573.5,0.0
431,77.39,100.0,1.701,1701.0,56.2,54.6,14.3,0.0,0.0,1530.0,149.94,58.1,98.0,3.54,9.34,6.98,55.3,0.0,66.4,3.4,93.1,454.0,46.3,125771.7,56570.5,0.0
432,75.1,100.0,1.764,1764.0,56.4,56.1,14.3,0.0,0.1,1530.0,149.94,58.0,98.0,3.54,9.34,6.98,56.5,0.0,66.4,5.2,91.9,454.0,46.3,125771.7,56569.3,0.0
433,65.48,100.0,1.809,1809.0,56.9,55.3,14.3,0.0,0.0,1530.0,134.64,58.2,88.0,3.54,9.34,6.98,55.3,0.0,66.4,8.2,94.5,454.0,46.3,125771.7,56574.0,0.0
434,76.31,100.0,1.638,1638.0,56.7,54.9,14.3,0.0,0.0,1530.0,148.41,58.2,97.0,3.54,9.34,6.98,55.8,0.0,66.4,8.2,93.7,454.0,46.3,125771.7,56576.6,0.0
435,81.22,100.0,1.674,1674.0,56.7,52.2,14.3,0.0,0.0,1530.0,148.41,58.4,97.0,3.54,8.99,6.95,53.1,0.0,66.3,3.8,95.2,454.0,46.3,125771.7,56572.1,0.0
436,76.7,100.0,1.647,1647.0,56.6,52.0,14.3,0.0,0.0,1530.0,149.94,58.1,98.0,3.54,8.99,6.95,52.3,0.0,66.4,4.6,94.4,454.0,46.3,125771.7,56570.9,0.0
437,81.45,100.0,1.737,1737.0,56.5,51.5,14.3,0.0,0.0,1530.0,149.94,58.3,98.0,3.54,8.99,6.95,52.8,0.0,66.4,7.9,94.1,454.0,46.3,125771.7,56578.4,0.0
438,76.69,100.0,1.764,1764.0,57.2,51.2,14.3,0.0,0.0,1530.0,149.94,58.2,98.0,3.54,8.99,6.95,51.7,0.0,66.3,3.8,95.3,454.0,46.3,125771.7,56576.8,0.0
439,78.26,100.0,1.665,1665.0,57.1,51.2,14.3,0.0,0.0,1530.0,149.94,58.2,98.0,3.54,8.99,6.95,52.2,0.0,66.4,4.7,95.6,454.0,46.3,125771.7,56576.7,0.0
440,77.0,100.0,1.566,1566.0,56.6,52.4,14.3,0.0,0.0,1530.0,149.94,58.2,98.0,3.55,8.67,6.91,53.4,0.0,66.3,8.1,95.2,454.0,46.3,125771.7,56573.4,0.0
441,32.04,100.0,1.674,1674.0,56.1,51.2,14.3,0.0,0.0,1485.0,0.0,56.1,0.0,3.55,8.67,6.91,52.0,0.0,66.4,5.5,95.3,454.0,46.3,125771.7,56569.7,0.0
442,29.09,100.0,1.575,1575.0,55.5,51.1,14.3,0.0,0.0,1071.0,0.0,55.1,0.0,3.55,8.67,6.91,52.7,0.0,66.4,2.8,95.2,454.0,46.3,125771.7,56572.6,0.0
443,27.59,100.0,1.638,1638.0,54.9,50.9,14.3,0.0,0.1,657.0,0.0,54.5,0.0,3.55,8.67,6.91,51.5,0.0,66.3,8.1,94.1,454.0,46.3,125771.7,56571.6,0.0
444,31.71,100.0,1.872,1872.0,54.0,54.2,14.3,0.0,0.0,315.0,4.1,54.2,13.0,3.55,8.67,6.91,54.6,0.0,65.3,0.4,93.2,454.0,47.3,125771.7,57860.8,0.0
445,29.45,100.0,1.953,1953.0,53.9,62.0,14.3,0.0,0.0,315.0,0.32,53.8,1.0,3.57,8.46,6.9,63.0,0.0,60.5,8.3,95.5,454.0,48.4,125771.7,59166.9,0.0
446,51.01,100.0,1.638,1638.0,53.8,59.7,14.3,0.0,0.0,1530.0,149.94,54.8,98.0,3.57,8.46,6.9,60.2,0.0,66.5,8.2,94.0,454.0,47.0,125771.7,57440.8,0.0
447,56.06,100.0,1.782,1782.0,54.2,58.4,14.3,0.0,0.0,1530.0,149.94,54.8,98.0,3.57,8.46,6.9,58.5,0.0,66.4,4.0,91.2,454.0,47.0,125771.7,57440.6,0.0
448,54.95,100.0,1.782,1782.0,54.0,58.0,14.3,0.0,0.0,1530.0,149.94,55.6,98.0,3.57,8.46,6.9,59.0,0.0,66.5,5.0,95.6,453.0,47.0,125771.7,57443.4,0.0
449,58.47,100.0,1.998,1998.0,54.7,58.4,14.3,0.0,0.1,1530.0,148.41,54.9,97.0,3.57,8.46,6.9,59.2,0.0,66.4,8.3,94.5,453.0,47.0,125771.7,57448.1,0.0
450,76.59,100.0,1.773,1773.0,54.8,56.5,14.3,0.0,0.0,1530.0,148.41,56.2,97.0,3.61,8.66,6.97,56.7,0.0,66.4,3.8,89.7,453.0,47.4,125771.7,57936.2,0.0
451,74.64,100.0,1.809,1809.0,55.2,55.6,14.3,0.0,0.4,1530.0,149.94,56.8,98.0,3.61,8.66,6.97,56.2,0.0,66.4,5.1,94.3,453.0,47.4,125771.7,57940.1,0.0
452,75.73,100.0,1.764,1764.0,55.6,54.9,14.3,0.0,0.0,1530.0,149.94,56.9,98.0,3.61,8.66,6.97,55.1,0.0,66.5,8.3,80.2,453.0,47.4,125771.7,57938.9,0.0
453,58.85,100.0,1.71,1710.0,55.8,55.5,14.3,0.0,0.0,1530.0,122.4,56.8,80.0,3.61,8.66,6.97,56.0,0.0,66.4,8.4,94.3,453.0,47.4,125771.7,57938.0,0.0
454,77.05,100.0,1.863,1863.0,55.8,56.5,14.3,0.0,0.1,1530.0,149.94,57.1,98.0,3.61,8.66,6.97,57.7,0.0,66.4,3.6,95.5,453.0,47.4,125771.7,57939.2,0.0
455,76.54,100.0,1.638,1638.0,55.8,55.2,14.3,0.0,0.1,1530.0,149.94,57.2,98.0,3.63,8.61,6.98,56.1,0.0,66.4,8.6,95.3,455.0,47.4,125771.7,57943.0,0.0
456,77.17,100.0,1.647,1647.0,55.5,54.7,14.3,0.0,0.0,1530.0,143.82,57.4,94.0,3.63,8.61,6.98,55.7,0.0,66.5,5.1,94.4,455.0,47.4,125771.7,57938.6,0.0
457,78.11,100.0,1.638,1638.0,55.8,55.4,14.3,0.0,0.0,1530.0,149.94,57.4,98.0,3.63,8.61,6.98,56.3,0.0,66.4,8.2,95.5,455.0,47.4,125771.7,57941.4,0.0
458,74.93,100.0,1.674,1674.0,55.8,54.7,14.3,0.0,0.0,1530.0,149.94,57.5,98.0,3.63,8.61,6.98,56.0,0.0,66.4,3.9,95.2,455.0,47.4,125771.7,57944.4,0.0
459,76.85,100.0,1.593,1593.0,56.4,55.8,14.3,0.0,0.0,1530.0,149.94,57.8,98.0,3.63,8.61,6.98,56.5,0.0,66.5,5.0,94.1,455.0,47.4,125771.7,57941.3,0.0
460,77.01,100.0,1.827,1827.0,56.2,57.1,14.3,0.0,0.0,1530.0,142.29,57.8,93.0,3.64,8.4,6.97,57.6,0.0,66.4,8.3,94.0,455.0,47.4,125771.7,57942.3,0.0
461,74.72,100.0,1.566,1566.0,55.9,54.8,14.3,0.0,0.0,1530.0,149.94,57.7,98.0,3.64,8.4,6.97,55.0,0.0,66.4,0.8,86.0,455.0,47.4,125771.7,57948.4,0.0
462,77.88,100.0,1.755,1755.0,56.5,55.8,14.3,0.0,0.1,1530.0,148.41,58.0,97.0,3.64,8.4,6.97,56.7,0.0,66.4,8.1,95.5,455.0,47.4,125771.7,57945.5,0.0
463,77.29,100.0,1.431,1431.0,56.5,55.8,14.3,0.0,0.0,1530.0,148.41,58.0,97.0,3.64,8.4,6.97,56.0,0.0,66.5,8.2,89.2,455.0,47.4,125771.7,57945.6,0.0
464,77.2,100.0,1.665,1665.0,56.4,54.0,14.3,0.0,0.0,1530.0,149.94,57.9,98.0,3.64,8.4,6.97,54.1,0.0,66.4,4.0,93.5,455.0,47.4,125771.7,57944.2,0.0
465,77.62,100.0,1.71,1710.0,56.7,54.1,14.3,0.0,0.0,1530.0,149.94,57.9,98.0,3.73,9.25,7.17,54.5,0.0,66.4,4.9,78.3,455.0,47.4,125771.7,57942.3,0.0
466,76.85,100.0,1.728,1728.0,56.8,55.0,14.3,0.0,0.0,1530.0,149.94,58.1,98.0,3.73,9.25,7.17,55.6,0.0,66.5,7.9,95.6,455.0,47.4,125771.7,57937.0,0.0
467,79.39,100.0,1.521,1521.0,56.6,54.5,14.3,0.0,0.0,1530.0,149.94,58.2,98.0,3.73,9.25,7.17,55.2,0.0,66.4,4.2,90.8,455.0,47.4,125771.7,57936.9,0.0
468,78.19,100.0,1.818,1818.0,56.9,54.1,14.3,0.0,0.0,1530.0,149.94,58.2,98.0,3.73,9.25,7.17,54.3,0.0,66.4,4.7,77.0,456.0,47.4,125771.7,57943.1,0.0
469,77.21,100.0,1.656,1656.0,56.8,56.3,14.3,0.0,0.0,1530.0,149.94,58.3,98.0,3.73,9.25,7.17,57.2,0.0,66.5,8.2,95.1,456.0,47.4,125771.7,57948.4,0.0
470,81.21,100.0,1.719,1719.0,57.2,55.2,14.3,0.0,0.0,1530.0,149.94,58.3,98.0,3.74,9.07,7.16,55.7,0.0,66.4,3.9,93.1,456.0,47.4,125771.7,57943.7,0.0
471,78.82,100.0,1.872,1872.0,56.9,55.2,14.3,0.0,0.0,1530.0,148.41,58.2,97.0,3.74,9.07,7.16,55.2,0.0,66.4,5.0,75.3,454.0,47.4,125771.7,57947.2,0.0
472,54.08,100.0,1.899,1899.0,56.2,57.4,14.3,0.0,0.1,1530.0,149.94,56.8,98.0,3.74,9.07,7.16,57.8,0.0,66.5,8.3,88.2,454.0,47.0,125771.7,57462.7,0.0
473,32.38,100.0,1.647,1647.0,55.6,56.5,14.3,0.0,0.0,1476.0,1.48,55.6,1.0,3.74,9.07,7.16,57.2,0.0,66.4,8.3,95.6,454.0,46.9,125771.7,57457.9,0.0
474,51.78,100.0,1.602,1602.0,55.8,56.8,14.3,0.0,0.0,1530.0,148.41,56.9,97.0,3.74,9.07,7.16,57.8,0.0,66.4,3.4,93.7,454.0,47.0,125771.7,57446.9,0.0
475,59.9,100.0,1.998,1998.0,56.0,56.1,14.3,0.0,0.0,1530.0,148.41,56.2,97.0,3.81,9.62,7.31,57.0,0.0,66.4,5.4,95.3,453.0,47.0,125771.7,57455.4,0.0
476,76.23,100.0,1.728,1728.0,56.0,55.2,14.3,0.0,0.1,1530.0,148.41,57.7,97.0,3.81,9.62,7.31,55.4,0.0,66.5,8.4,94.3,453.0,47.4,125771.7,57927.0,0.0
477,78.99,100.0,1.809,1809.0,56.5,54.9,14.3,0.0,0.0,1530.0,148.41,57.9,97.0,3.81,9.62,7.31,55.6,0.0,66.4,8.2,94.4,453.0,47.4,125771.7,57925.9,0.0
478,75.94,100.0,1.692,1692.0,56.2,56.1,14.3,0.0,0.0,1530.0,149.94,58.0,98.0,3.81,9.62,7.31,56.8,0.0,66.4,3.9,95.5,453.0,47.4,125771.7,57928.2,0.0
479,77.21,100.0,1.719,1719.0,56.8,54.7,14.3,0.0,0.0,1530.0,148.41,58.2,97.0,3.81,9.62,7.31,55.5,0.0,66.4,4.9,82.1,453.0,47.4,125771.7,57927.4,0.0
480,59.42,100.0,1.557,1557.0,56.9,56.2,14.3,0.0,0.0,1530.0,131.58,58.2,86.0,3.82,9.33,7.29,56.5,0.0,66.4,8.4,95.3,453.0,47.4,125771.7,57926.3,0.0
481,75.42,100.0,1.809,1809.0,56.8,58.0,14.3,0.0,0.5,1530.0,149.94,58.1,98.0,3.82,9.33,7.29,59.2,0.0,66.4,3.8,95.3,453.0,47.4,125771.7,57941.9,0.0
482,76.85,100.0,1.602,1602.0,57.0,57.6,14.3,0.0,0.0,1530.0,148.41,58.3,97.0,3.82,9.33,7.29,58.5,0.0,66.4,5.1,95.3,453.0,47.4,125771.7,57926.3,0.0
483,75.99,100.0,1.593,1593.0,56.8,56.3,14.3,0.0,0.0,1530.0,146.88,58.2,96.0,3.82,9.33,7.29,56.7,0.0,66.4,8.2,94.3,453.0,47.4,125771.7,57927.1,0.0
484,77.78,100.0,1.881,1881.0,56.5,55.8,14.3,0.0,0.0,1530.0,148.41,58.4,97.0,3.82,9.33,7.29,56.9,0.0,66.4,3.8,93.9,453.0,47.4,125771.7,57927.7,0.0
485,75.96,100.0,1.584,1584.0,56.8,55.1,14.3,0.0,0.0,1530.0,149.94,58.6,98.0,3.82,8.91,7.23,55.9,0.0,66.4,5.0,93.9,453.0,47.4,125771.7,57926.5,0.0
486,75.5,100.0,1.575,1575.0,56.8,56.6,14.3,0.0,0.1,1530.0,149.94,58.3,98.0,3.82,8.91,7.23,56.6,0.0,66.5,8.3,76.0,453.0,47.4,125771.7,57927.4,0.0
487,77.26,100.0,1.584,1584.0,56.7,56.9,14.3,0.0,0.0,1530.0,140.76,58.9,92.0,3.82,8.91,7.23,58.0,0.0,66.4,3.9,94.4,453.0,47.4,125771.7,57927.4,0.0
488,75.79,100.0,1.584,1584.0,56.9,57.4,14.3,0.0,0.0,1530.0,149.94,58.5,98.0,3.82,8.91,7.23,58.2,0.0,66.4,4.9,95.5,453.0,47.4,125771.7,57926.6,0.0
489,77.34,100.0,1.611,1611.0,57.1,57.4,14.3,0.0,0.0,1530.0,149.94,58.6,98.0,3.82,8.91,7.23,58.2,0.0,66.5,8.2,95.6,453.0,47.4,125771.7,57925.4,0.0
490,76.42,100.0,1.836,1836.0,57.0,55.3,14.3,0.0,0.0,1530.0,148.41,58.7,97.0,3.84,8.83,7.25,55.2,0.0,66.3,4.0,94.5,453.0,47.4,125771.7,57925.6,0.0
491,78.09,100.0,1.728,1728.0,57.0,56.7,14.3,0.0,0.1,1530.0,148.41,58.8,97.0,3.84,8.83,7.25,57.9,0.0,66.4,4.8,95.5,453.0,47.4,125771.7,57925.0,0.0
492,76.44,100.0,1.827,1827.0,57.1,56.0,14.3,0.0,0.0,1530.0,148.41,58.7,97.0,3.84,8.83,7.25,56.7,0.0,66.5,8.4,88.6,453.0,47.4,125771.7,57923.6,0.0
493,76.0,100.0,1.557,1557.0,57.2,56.2,14.3,0.0,0.0,1530.0,149.94,58.8,98.0,3.84,8.83,7.25,56.5,0.0,66.3,3.9,90.8,453.0,47.4,125771.7,57930.0,0.0
494,77.97,100.0,1.863,1863.0,57.3,57.5,14.3,0.0,0.0,1530.0,148.41,58.9,97.0,3.84,8.83,7.25,58.3,0.0,66.4,7.1,95.3,453.0,47.4,125771.7,57930.4,0.0
495,75.38,100.0,1.746,1746.0,57.5,57.3,14.3,0.0,0.0,1530.0,149.94,59.0,98.0,3.89,9.09,7.33,58.3,0.0,66.4,6.0,95.4,453.0,47.4,125771.7,57922.7,0.0
496,78.24,100.0,1.755,1755.0,57.5,55.0,14.3,0.0,0.1,1530.0,149.94,58.8,98.0,3.89,9.09,7.33,55.3,0.0,66.5,8.1,79.8,453.0,47.4,125771.7,57924.3,0.0
497,77.41,100.0,1.908,1908.0,57.8,57.1,14.3,0.0,0.0,1530.0,148.41,58.9,97.0,3.89,9.09,7.33,58.0,0.0,66.4,0.5,95.5,453.0,47.4,125771.7,57926.7,0.0
498,78.65,100.0,1.773,1773.0,57.8,58.0,14.3,0.0,0.0,1530.0,149.94,58.9,98.0,3.89,9.09,7.33,59.2,0.0,66.4,8.3,95.5,453.0,47.4,125771.7,57926.8,0.0
499,77.49,100.0,1.881,1881.0,57.9,57.9,14.3,0.0,0.0,1530.0,149.94,59.0,98.0,3.89,9.09,7.33,59.2,0.0,66.4,7.7,95.1,453.0,47.4,125771.7,57926.8,0.0
500,78.53,100.0,1.791,1791.0,57.9,58.3,14.3,0.0,0.0,1530.0,148.41,59.0,97.0,3.9,8.76,7.29,59.4,0.0,66.4,3.4,95.3,453.0,47.4,125771.7,57921.7,0.0
501,78.39,100.0,1.845,1845.0,58.0,58.1,14.3,0.0,0.1,1530.0,149.94,59.2,98.0,3.9,8.76,7.29,59.5,0.0,66.4,5.4,95.2,453.0,47.4,125771.7,57922.9,0.0
502,29.54,100.0,1.728,1728.0,57.1,56.8,14.3,0.0,0.0,1449.0,0.0,56.7,0.0,3.9,8.76,7.29,57.6,0.0,66.4,8.4,95.6,453.0,47.4,125771.7,57931.2,0.0
503,77.28,100.0,1.836,1836.0,57.6,58.4,14.3,0.0,0.0,1530.0,149.94,58.7,98.0,3.9,8.76,7.29,59.7,0.0,66.4,8.1,95.5,453.0,47.4,125771.7,57921.3,0.0
504,75.36,100.0,1.629,1629.0,57.7,52.7,14.3,0.0,0.0,1530.0,148.41,58.9,97.0,3.9,8.76,7.29,54.1,0.0,66.3,3.7,95.6,452.0,47.4,125771.7,57926.0,0.0
505,76.48,100.0,1.629,1629.0,57.6,49.8,14.3,0.0,0.0,1530.0,149.94,58.9,98.0,3.91,8.62,7.28,50.7,0.0,66.4,4.8,95.5,452.0,47.4,125771.7,57922.9,0.0
506,75.95,100.0,1.575,1575.0,57.6,51.3,14.3,0.0,0.0,1530.0,149.94,59.0,98.0,3.91,8.62,7.28,52.7,0.0,66.4,7.9,95.5,452.0,47.4,125771.7,57921.5,0.0
507,77.39,100.0,1.665,1665.0,57.6,50.8,14.3,0.0,0.0,1530.0,148.41,59.0,97.0,3.91,8.62,7.28,51.8,0.0,66.3,3.4,95.6,453.0,47.4,125771.7,57920.6,0.0
508,60.06,100.0,1.647,1647.0,57.5,50.7,14.3,0.0,0.1,1530.0,122.4,58.9,80.0,3.91,8.62,7.28,51.9,0.0,66.4,5.1,96.6,454.0,47.4,125771.7,57923.3,0.0
509,76.42,100.0,1.323,1323.0,57.2,48.8,14.3,0.0,0.0,1530.0,149.94,58.9,98.0,3.91,8.62,7.28,48.7,0.0,66.4,7.9,70.4,454.0,47.4,125771.7,57919.5,0.0
510,76.38,100.0,1.413,1413.0,57.5,51.3,14.3,0.0,0.0,1530.0,149.94,59.2,98.0,3.93,8.57,7.3,52.1,0.0,66.3,3.4,94.2,455.0,47.4,125771.7,57924.4,0.0
511,75.17,100.0,1.485,1485.0,57.6,51.6,14.3,0.0,0.5,1530.0,148.41,59.2,97.0,3.93,8.57,7.3,52.5,0.0,66.4,5.0,95.4,455.0,47.4,125771.7,57928.2,0.0
512,77.37,100.0,1.341,1341.0,57.2,51.0,14.3,0.0,0.0,1530.0,149.94,59.1,98.0,3.93,8.57,7.3,51.8,0.0,66.3,8.1,95.5,455.0,47.4,125771.7,57922.0,0.0
513,74.33,100.0,1.485,1485.0,57.2,50.9,14.3,0.0,0.0,1530.0,149.94,59.0,98.0,3.93,8.57,7.3,51.8,0.0,66.4,8.0,95.7,455.0,47.4,125771.7,57922.6,0.0
514,52.97,100.0,1.656,1656.0,57.2,56.3,14.3,0.0,0.0,1530.0,148.41,57.8,97.0,3.93,8.57,7.3,56.9,0.0,66.4,8.0,93.8,455.0,46.1,125771.7,56291.2,0.0
515,66.76,100.0,1.845,1845.0,56.9,59.8,14.3,0.0,0.0,1530.0,149.94,57.8,98.0,3.97,8.68,7.34,60.6,0.0,66.4,0.4,100.0,455.0,46.2,125771.7,56364.7,0.0
516,57.06,100.0,1.872,1872.0,56.6,58.1,14.3,0.0,0.0,1530.0,149.94,57.8,98.0,3.97,8.68,7.34,59.0,0.0,66.4,0.4,100.0,455.0,46.2,125771.7,56451.1,0.0
517,61.09,100.0,1.827,1827.0,56.5,59.7,14.3,0.0,0.0,1530.0,148.41,57.7,97.0,3.97,8.68,7.34,60.4,0.0,66.4,0.4,100.0,455.0,46.2,125771.7,56470.8,0.0
518,75.88,91.7,1.917,1917.0,57.2,57.2,14.3,0.0,0.1,1530.0,148.41,58.9,97.0,3.97,8.68,7.34,58.5,0.0,66.4,0.5,100.0,455.0,46.7,125771.7,57014.8,0.0
519,74.12,100.0,1.701,1701.0,57.3,54.7,14.3,0.0,0.0,1530.0,148.41,59.3,97.0,3.97,8.68,7.34,55.3,0.0,66.4,8.2,95.6,455.0,46.7,125771.7,57009.6,0.0
520,75.48,100.0,1.998,1998.0,57.4,57.8,14.3,0.0,0.0,1530.0,148.41,58.8,97.0,3.99,8.63,7.35,58.4,0.0,66.4,0.5,99.0,454.0,46.5,125771.7,56801.3,0.0
521,62.61,100.0,1.881,1881.0,57.4,58.2,14.3,0.0,0.0,1530.0,130.05,58.8,85.0,3.99,8.63,7.35,58.8,0.0,66.3,0.5,100.0,454.0,46.5,125771.7,56829.8,0.0
522,76.64,100.0,1.908,1908.0,57.5,58.0,14.3,0.0,0.1,1530.0,149.94,59.0,98.0,3.99,8.63,7.35,58.3,0.0,66.4,0.6,100.0,454.0,46.6,125771.7,56880.4,0.0
523,75.59,100.0,1.899,1899.0,57.6,58.5,14.3,0.0,0.0,1530.0,148.41,59.3,97.0,3.99,8.63,7.35,58.8,0.0,66.4,0.5,100.0,454.0,46.6,125771.7,56929.6,0.0
524,77.23,100.0,1.89,1890.0,57.6,59.0,14.3,0.0,0.1,1530.0,149.94,59.0,98.0,3.99,8.63,7.35,59.7,0.0,66.4,0.6,100.0,454.0,46.6,125771.7,56985.1,0.0
525,74.86,100.0,1.53,1530.0,57.6,56.0,14.3,0.0,0.0,1530.0,148.41,59.2,97.0,4.07,9.46,7.55,56.6,0.0,66.4,8.2,95.6,454.0,46.6,125771.7,56969.1,0.0
526,76.6,100.0,1.836,1836.0,57.7,60.3,14.3,0.0,0.0,1530.0,148.41,59.2,97.0,4.07,9.46,7.55,61.4,0.0,66.4,0.5,93.9,454.0,46.5,125771.7,56852.1,0.0
527,79.19,100.0,1.917,1917.0,58.0,60.7,14.3,0.0,0.0,1530.0,149.94,59.0,98.0,4.07,9.46,7.55,60.9,0.0,66.5,0.6,100.0,454.0,46.6,125771.7,56893.1,0.0
528,78.69,100.0,1.656,1656.0,57.9,54.5,14.3,0.0,0.0,1530.0,148.41,59.2,97.0,4.07,9.46,7.55,55.1,0.0,66.3,8.4,94.4,454.0,46.6,125771.7,56886.1,0.0
529,77.43,100.0,1.998,1998.0,58.1,59.4,14.3,0.0,0.0,1530.0,149.94,59.1,98.0,4.07,9.46,7.55,60.2,0.0,66.5,0.5,100.0,454.0,46.5,125771.7,56847.2,0.0
530,76.4,100.0,1.755,1755.0,58.0,57.7,14.3,0.0,0.0,1530.0,149.94,59.1,98.0,4.13,9.9,7.67,57.9,0.0,66.4,8.4,94.6,454.0,46.6,125771.7,56875.5,0.0
531,78.73,100.0,1.854,1854.0,58.0,59.6,14.3,0.0,0.0,1530.0,128.52,59.1,84.0,4.13,9.9,7.67,60.2,0.0,66.3,0.5,95.6,454.0,46.5,125771.7,56851.4,0.0
532,79.54,100.0,1.953,1953.0,58.2,61.8,14.3,0.0,0.0,1530.0,149.94,59.2,98.0,4.13,9.9,7.67,62.8,0.0,66.5,0.5,100.0,454.0,46.6,125771.7,56880.7,0.0
533,76.82,100.0,1.962,1962.0,58.2,59.2,14.3,0.0,0.1,1530.0,145.35,59.5,95.0,4.13,9.9,7.67,59.9,0.0,66.4,8.3,95.3,454.0,46.6,125771.7,56884.1,0.0
534,77.36,100.0,1.998,1998.0,58.0,57.4,14.3,0.0,0.0,1530.0,149.94,59.5,98.0,4.13,9.9,7.67,58.0,0.0,66.4,0.5,94.3,454.0,46.6,125771.7,56883.6,0.0
535,78.39,100.0,1.854,1854.0,58.1,59.0,14.3,0.0,0.0,1530.0,149.94,59.3,98.0,4.15,9.75,7.68,59.7,0.0,66.4,0.5,100.0,454.0,46.6,125771.7,56891.3,0.0
536,78.69,100.0,1.908,1908.0,58.2,59.1,14.3,0.0,0.0,1530.0,148.41,59.4,97.0,4.15,9.75,7.68,60.1,0.0,66.4,0.6,95.6,453.0,46.6,125771.7,56916.5,0.0
537,77.46,100.0,1.998,1998.0,58.2,59.2,14.3,0.0,0.0,1530.0,149.94,59.4,98.0,4.15,9.75,7.68,59.8,0.0,66.4,0.5,100.0,454.0,46.6,125771.7,56967.6,0.0
538,80.1,100.0,1.998,1998.0,58.2,59.5,14.3,0.0,0.0,1530.0,149.94,59.6,98.0,4.15,9.75,7.68,60.4,0.0,66.3,0.6,100.0,454.0,46.7,125771.7,56994.4,0.0
539,77.33,100.0,1.926,1926.0,58.2,59.2,14.3,0.0,0.0,1530.0,149.94,59.6,98.0,4.15,9.75,7.68,60.2,0.0,66.4,0.5,100.0,454.0,46.7,125771.7,57056.8,0.0
540,75.44,100.0,1.854,1854.0,58.2,57.8,14.3,0.0,0.1,1530.0,148.41,59.5,97.0,4.18,9.69,7.7,58.8,0.0,66.4,8.3,95.4,454.0,46.7,125771.7,57044.7,0.0
541,78.05,100.0,1.827,1827.0,58.2,58.1,14.3,0.0,0.5,1530.0,148.41,59.6,97.0,4.18,9.69,7.7,59.1,0.0,66.4,0.5,94.2,454.0,46.5,125771.7,56859.2,0.0
542,75.52,100.0,1.845,1845.0,58.3,58.3,14.3,0.0,0.0,1530.0,137.7,60.1,90.0,4.18,9.69,7.7,59.1,0.0,66.4,0.5,100.0,454.0,46.6,125771.7,56903.8,0.0
543,77.92,100.0,1.701,1701.0,58.2,56.5,14.3,0.0,0.0,1530.0,149.94,59.6,98.0,4.18,9.69,7.7,57.0,0.0,66.4,8.4,87.4,454.0,46.6,125771.7,56900.3,0.0
544,39.34,100.0,1.917,1917.0,58.1,57.8,14.3,0.0,0.0,1530.0,12.24,58.4,8.0,4.18,9.69,7.7,58.1,0.0,66.4,0.6,83.7,454.0,46.5,125771.7,56817.4,0.0
545,54.07,100.0,1.917,1917.0,57.1,57.6,14.3,0.0,0.1,1530.0,148.41,57.9,97.0,4.2,9.55,7.7,57.9,0.0,66.4,0.5,100.0,454.0,47.2,125771.7,57621.9,0.0
546,56.86,100.0,1.998,1998.0,56.8,60.4,14.3,0.0,0.0,1530.0,148.41,58.2,97.0,4.2,9.55,7.7,60.8,0.0,66.4,0.6,100.0,454.0,47.2,125771.7,57692.4,0.0
547,57.83,100.0,1.89,1890.0,56.7,56.4,14.3,0.0,0.0,1530.0,149.94,58.4,98.0,4.2,9.55,7.7,56.9,0.0,66.4,0.5,100.0,454.0,47.2,125771.7,57717.1,0.0
548,69.83,100.0,1.827,1827.0,57.0,60.8,14.3,0.0,0.0,1530.0,148.41,58.4,97.0,4.2,9.55,7.7,61.4,0.0,66.4,7.4,99.0,454.0,47.6,125771.7,58220.8,0.0
549,81.64,100.0,1.944,1944.0,57.9,54.7,14.3,0.0,0.0,1530.0,149.94,59.0,98.0,4.2,9.55,7.7,55.3,0.0,66.4,1.4,94.4,454.0,47.6,125771.7,58130.4,0.0
550,78.09,100.0,1.665,1665.0,57.8,55.6,14.3,0.0,0.1,1530.0,149.94,59.0,98.0,4.2,9.19,7.66,56.5,0.0,66.4,8.3,95.5,454.0,47.5,125771.7,58058.8,0.0
551,62.45,100.0,1.998,1998.0,58.0,57.7,14.3,0.0,0.0,1530.0,149.94,59.3,98.0,4.2,9.19,7.66,58.2,0.0,66.4,0.5,94.6,454.0,47.5,125771.7,58012.8,0.0
552,76.2,100.0,1.557,1557.0,57.7,56.1,14.3,0.0,0.0,1530.0,148.41,59.2,97.0,4.2,9.19,7.66,56.4,0.0,66.4,8.3,90.9,454.0,47.5,125771.7,58025.3,0.0
553,81.02,100.0,1.818,1818.0,57.8,55.6,14.3,0.0,0.0,1530.0,146.88,59.3,96.0,4.2,9.19,7.66,55.9,0.0,66.4,0.5,88.4,454.0,47.5,125771.7,58025.0,0.0
554,80.06,100.0,1.998,1998.0,57.8,57.6,14.3,0.0,0.0,1530.0,148.41,59.3,97.0,4.2,9.19,7.66,58.8,0.0,66.4,0.5,95.2,454.0,47.5,125771.7,58053.9,0.0
555,79.07,100.0,1.476,1476.0,57.7,54.6,14.3,0.0,0.1,1530.0,148.41,59.4,97.0,4.21,8.85,7.61,54.8,0.0,66.4,8.3,76.6,454.0,47.5,125771.7,58018.3,0.0
556,77.79,100.0,1.71,1710.0,58.0,58.0,14.3,0.0,0.0,1530.0,149.94,59.5,98.0,4.21,8.85,7.61,59.0,0.0,66.4,0.5,95.3,454.0,47.5,125771.7,58015.0,0.0
557,79.81,100.0,1.827,1827.0,58.7,58.4,14.3,0.0,0.0,1530.0,148.41,59.5,97.0,4.21,8.85,7.61,58.8,0.0,66.4,3.4,98.0,454.0,47.5,125771.7,58033.8,0.0
558,79.73,100.0,1.737,1737.0,58.3,58.0,14.3,0.0,0.0,1530.0,149.94,59.6,98.0,4.21,8.85,7.61,58.9,0.0,66.4,5.5,95.5,454.0,47.4,125771.7,57996.8,0.0
559,78.33,100.0,1.863,1863.0,58.1,59.1,14.3,0.0,0.0,1530.0,148.41,59.5,97.0,4.21,8.85,7.61,59.8,0.0,66.4,0.5,100.0,454.0,47.5,125771.7,58021.4,0.0
560,79.24,100.0,1.827,1827.0,58.4,59.5,14.3,0.0,0.0,1530.0,149.94,59.9,98.0,4.26,9.35,7.74,60.2,0.0,66.4,0.6,95.5,454.0,47.5,125771.7,58042.7,0.0
561,78.55,100.0,1.737,1737.0,58.4,55.1,14.3,0.0,0.0,1530.0,148.41,59.6,97.0,4.26,9.35,7.74,55.3,0.0,66.4,8.1,76.2,454.0,47.4,125771.7,57995.9,0.0
562,79.2,100.0,1.584,1584.0,57.8,55.4,14.3,0.0,0.0,1530.0,149.94,59.7,98.0,4.26,9.35,7.74,55.8,0.0,66.4,8.2,86.0,454.0,47.4,125771.7,57990.2,0.0
563,77.47,100.0,1.692,1692.0,58.3,57.6,14.3,0.0,0.1,1530.0,148.41,59.7,97.0,4.26,9.35,7.74,58.6,0.0,66.3,0.5,95.1,454.0,47.5,125771.7,58006.3,0.0
564,81.38,100.0,1.701,1701.0,58.1,60.1,14.3,0.0,0.0,1530.0,149.94,59.7,98.0,4.26,9.35,7.74,60.9,0.0,66.5,0.6,98.0,454.0,47.5,125771.7,58042.0,0.0
565,79.39,100.0,1.539,1539.0,58.1,53.3,14.3,0.0,0.0,1530.0,149.94,59.8,98.0,4.27,9.08,7.71,54.2,0.0,66.3,8.2,95.4,454.0,47.5,125771.7,58034.4,0.0
566,80.93,100.0,1.503,1503.0,58.2,56.8,14.3,0.0,0.0,1530.0,145.35,60.2,95.0,4.27,9.08,7.71,57.5,0.0,66.4,8.2,94.5,454.0,47.5,125771.7,58011.2,0.0
567,78.3,100.0,1.827,1827.0,58.5,54.3,14.3,0.0,0.0,1530.0,149.94,59.8,98.0,4.27,9.08,7.71,54.5,0.0,66.4,0.5,93.0,454.0,47.4,125771.7,57994.9,0.0
568,78.63,100.0,1.773,1773.0,58.4,53.4,14.3,0.0,0.0,1530.0,142.29,59.9,93.0,4.27,9.08,7.71,53.8,0.0,66.4,7.9,92.8,455.0,47.4,125771.7,57988.6,0.0
569,77.13,100.0,1.521,1521.0,58.4,56.0,14.3,0.0,0.0,1530.0,149.94,59.9,98.0,4.27,9.08,7.71,57.1,0.0,66.4,8.0,92.5,455.0,47.4,125771.7,57986.4,0.0
570,75.98,100.0,1.683,1683.0,58.3,55.6,14.3,0.0,0.0,1530.0,145.35,60.0,95.0,4.27,8.59,7.63,56.7,0.0,66.3,8.3,94.0,455.0,47.4,125771.7,57993.9,0.0
571,77.85,100.0,1.719,1719.0,58.5,56.3,14.3,0.0,0.6,1530.0,148.41,60.0,97.0,4.27,8.59,7.63,57.5,0.0,66.5,0.6,95.3,455.0,47.4,125771.7,57992.3,0.0
572,75.33,100.0,1.629,1629.0,58.6,56.5,14.3,0.0,0.0,1530.0,145.35,59.8,95.0,4.27,8.59,7.63,57.1,0.0,66.4,8.2,92.9,455.0,47.4,125771.7,57991.7,0.0
573,80.14,100.0,1.656,1656.0,58.4,55.3,14.3,0.0,0.0,1530.0,149.94,60.0,98.0,4.27,8.59,7.63,56.1,0.0,64.3,8.2,94.3,455.0,47.4,125771.7,57992.1,0.0
574,32.71,100.0,1.584,1584.0,57.6,54.5,14.3,0.0,0.0,1530.0,0.0,58.6,0.0,4.27,8.59,7.63,54.6,0.0,66.0,8.2,72.6,455.0,47.4,125771.7,57989.6,0.0
575,36.63,100.0,1.728,1728.0,57.0,55.7,14.3,0.0,0.0,1152.0,0.0,57.0,0.0,4.27,8.22,7.57,56.4,0.0,67.1,8.3,94.3,455.0,48.0,125771.7,58683.9,0.0
576,80.5,100.0,1.485,1485.0,57.8,59.0,14.3,0.0,0.0,1530.0,146.88,59.0,96.0,4.27,8.22,7.57,59.4,0.0,65.8,0.6,89.0,455.0,47.5,125771.7,58065.2,0.0
577,81.3,100.0,1.53,1530.0,58.0,55.8,14.3,0.0,0.0,1530.0,149.94,59.5,98.0,4.27,8.22,7.57,56.9,0.0,66.4,8.2,94.3,455.0,47.5,125771.7,58072.0,0.0
578,78.75,100.0,1.656,1656.0,58.1,55.6,14.3,0.0,0.0,1530.0,149.94,59.8,98.0,4.27,8.22,7.57,56.8,0.0,66.8,8.2,95.0,455.0,47.5,125771.7,58065.1,0.0
579,76.91,100.0,1.719,1719.0,58.3,56.1,14.3,0.0,0.2,1530.0,149.94,59.6,98.0,4.27,8.22,7.57,57.4,0.0,66.4,0.5,95.3,455.0,47.5,125771.7,58065.8,0.0
580,76.54,100.0,1.485,1485.0,58.0,53.9,14.3,0.0,0.0,1530.0,139.23,59.7,91.0,4.29,8.29,7.59,53.9,0.0,67.5,8.2,73.4,455.0,47.5,125771.7,58074.5,0.0
581,78.92,100.0,1.593,1593.0,58.0,53.5,14.3,0.0,0.0,1530.0,149.94,59.7,98.0,4.29,8.29,7.59,54.0,0.0,64.8,7.8,87.8,455.0,47.5,125771.7,58069.4,0.0
582,79.13,100.0,1.485,1485.0,58.1,54.1,14.3,0.0,0.0,1530.0,149.94,59.6,98.0,4.29,8.29,7.59,55.5,0.0,68.1,0.6,95.3,455.0,47.5,125771.7,58069.0,0.0
583,78.53,100.0,1.566,1566.0,58.1,54.8,14.3,0.0,0.0,1530.0,148.41,59.7,97.0,4.29,8.29,7.59,55.1,0.0,64.4,7.8,93.0,455.0,47.5,125771.7,58066.0,0.0
584,80.2,100.0,1.584,1584.0,58.5,55.2,14.3,0.0,0.0,1530.0,149.94,59.9,98.0,4.29,8.29,7.59,56.2,0.0,67.0,8.2,95.5,455.0,47.5,125771.7,58068.3,0.0
585,77.69,100.0,1.503,1503.0,58.2,54.4,14.3,0.0,0.0,1530.0,149.94,60.1,98.0,4.31,8.18,7.58,54.6,0.0,66.6,0.5,81.8,455.0,47.5,125771.7,58070.2,0.0
586,76.57,100.0,1.674,1674.0,58.4,53.4,14.3,0.0,0.0,1530.0,148.41,60.2,97.0,4.31,8.18,7.58,53.9,0.0,66.3,8.2,90.9,455.0,47.5,125771.7,58069.4,0.0
587,79.05,100.0,1.611,1611.0,58.3,54.5,14.3,0.0,0.0,1530.0,128.52,59.8,84.0,4.31,8.18,7.58,55.6,0.0,67.2,8.2,95.4,455.0,47.5,125771.7,58066.4,0.0
588,78.6,100.0,1.665,1665.0,58.8,54.4,14.3,0.0,0.0,1530.0,148.41,60.1,97.0,4.31,8.18,7.58,55.8,0.0,66.4,8.1,94.3,455.0,47.5,125771.7,58070.4,0.0
589,52.36,100.0,1.827,1827.0,57.9,54.8,14.3,0.0,0.1,1530.0,148.41,59.0,97.0,4.31,8.18,7.58,55.6,0.0,67.7,0.4,92.9,455.0,46.1,125771.7,56312.2,0.0
590,33.97,100.0,1.719,1719.0,57.2,57.3,14.3,0.0,0.0,1521.0,0.0,57.5,0.0,4.31,8.01,7.56,58.0,0.0,65.2,8.2,95.5,455.0,45.7,125771.7,56293.3,0.0
591,63.51,100.0,1.584,1584.0,57.1,60.3,14.3,0.0,0.0,1530.0,148.41,58.7,97.0,4.31,8.01,7.56,61.4,0.0,66.7,8.2,95.3,455.0,46.1,125771.7,56308.8,0.0
592,33.44,100.0,1.827,1827.0,56.9,56.4,14.3,0.0,0.0,1476.0,0.0,57.1,0.0,4.31,8.01,7.56,57.1,0.0,64.7,8.2,94.3,455.0,46.0,125771.7,56322.9,0.0
593,78.78,100.0,1.656,1656.0,57.3,58.2,14.3,0.0,0.0,1530.0,117.81,58.6,77.0,4.31,8.01,7.56,59.3,0.0,66.8,8.1,95.6,455.0,46.5,125771.7,56821.4,0.0
594,75.97,100.0,1.485,1485.0,58.2,51.1,14.3,0.0,0.1,1530.0,148.41,59.8,97.0,4.31,8.01,7.56,51.9,0.0,66.1,0.5,94.1,455.0,46.5,125771.7,56796.6,0.0
595,77.21,100.0,1.593,1593.0,58.0,50.5,14.3,0.0,0.0,1530.0,148.41,59.7,97.0,4.32,7.85,7.53,51.4,0.0,67.3,8.0,95.5,455.0,46.5,125771.7,56796.2,0.0
596,76.02,100.0,1.485,1485.0,58.2,51.8,14.3,0.0,0.0,1530.0,149.94,59.8,98.0,4.32,7.85,7.53,52.9,0.0,66.9,8.0,95.7,455.0,46.5,125771.7,56794.3,0.0
597,76.12,100.0,1.674,1674.0,58.1,51.8,14.3,0.0,0.0,1530.0,149.94,59.7,98.0,4.32,7.85,7.53,53.1,0.0,66.0,0.3,95.6,455.0,46.5,125771.7,56793.9,0.0
598,77.31,100.0,1.494,1494.0,58.2,51.1,14.3,0.0,0.0,1530.0,149.94,59.8,98.0,4.32,7.85,7.53,52.0,0.0,66.7,8.0,95.6,455.0,46.5,125771.7,56795.1,0.0
599,79.68,100.0,1.512,1512.0,58.2,50.9,14.3,0.0,0.1,1530.0,117.81,59.9,77.0,4.32,7.85,7.53,52.6,0.0,65.4,7.9,95.3,455.0,46.5,125771.7,56795.2,0.0
600,75.39,100.0,1.485,1485.0,58.3,50.2,14.3,0.0,0.0,1530.0,148.41,60.2,97.0,4.35,7.94,7.55,51.5,0.0,67.3,0.4,95.6,455.0,46.5,125771.7,56794.8,0.0
601,74.73,100.0,1.575,1575.0,58.4,52.0,14.3,0.0,0.6,1530.0,148.41,60.2,97.0,4.35,7.94,7.55,53.4,0.0,65.8,8.0,95.4,456.0,46.5,125771.7,56818.0,0.0
602,75.0,100.0,1.575,1575.0,58.3,51.5,14.3,0.0,0.0,1530.0,148.41,60.0,97.0,4.35,7.94,7.55,52.6,0.0,67.2,8.0,94.3,452.0,46.5,125771.7,56798.5,0.0
603,75.64,100.0,1.656,1656.0,58.2,50.3,14.3,0.0,0.0,1530.0,149.94,60.2,98.0,4.35,7.94,7.55,51.7,0.0,65.9,0.3,95.4,452.0,46.5,125771.7,56797.9,0.0
604,60.89,100.0,1.503,1503.0,57.4,56.4,14.3,0.0,0.0,1530.0,149.94,58.4,98.0,4.35,7.94,7.55,56.8,0.0,66.5,8.2,95.4,453.0,45.1,125771.7,55072.0,0.0
605,58.21,100.0,1.935,1935.0,57.3,60.1,14.3,0.0,0.0,1530.0,148.41,58.4,97.0,4.41,8.5,7.68,61.4,0.0,66.1,8.3,95.5,453.0,45.1,125771.7,55101.5,0.0
606,58.62,100.0,1.647,1647.0,57.2,56.2,14.3,0.0,0.1,1530.0,149.94,58.6,98.0,4.41,8.5,7.68,57.5,0.0,67.3,8.2,94.4,453.0,45.1,125771.7,55077.9,0.0
607,65.99,100.0,1.827,1827.0,57.2,59.3,14.3,0.0,0.0,1530.0,146.88,58.5,96.0,4.41,8.5,7.68,60.0,0.0,66.1,8.3,95.3,453.0,45.5,125771.7,55583.1,0.0
608,74.8,100.0,1.746,1746.0,57.8,55.8,14.3,0.0,0.0,1530.0,148.41,59.5,97.0,4.41,8.5,7.68,57.2,0.0,66.2,0.7,95.3,453.0,45.5,125771.7,55576.5,0.0
609,75.71,100.0,1.656,1656.0,57.6,56.0,14.3,0.0,0.0,1530.0,148.41,59.5,97.0,4.41,8.5,7.68,56.5,0.0,66.6,8.3,83.3,453.0,45.5,125771.7,55578.4,0.0
610,74.03,100.0,1.593,1593.0,57.9,54.3,14.3,0.0,0.0,1530.0,149.94,59.7,98.0,4.43,8.54,7.7,54.5,0.0,67.1,8.3,89.0,453.0,45.5,125771.7,55577.1,0.0
611,76.61,100.0,1.647,1647.0,58.2,54.6,14.3,0.0,0.1,1530.0,148.41,60.0,97.0,4.43,8.54,7.7,55.3,0.0,66.5,8.3,94.3,453.0,45.5,125771.7,55577.8,0.0
612,76.99,100.0,1.53,1530.0,58.2,56.0,14.3,0.0,0.0,1530.0,149.94,59.9,98.0,4.43,8.54,7.7,57.1,0.0,65.8,0.7,94.0,453.0,45.5,125771.7,55576.5,0.0
613,76.48,100.0,1.62,1620.0,58.1,55.5,14.3,0.0,0.0,1530.0,148.41,59.8,97.0,4.43,8.54,7.7,56.7,0.0,67.1,7.8,95.2,453.0,45.5,125771.7,55577.8,0.0
614,75.79,100.0,1.593,1593.0,58.2,55.7,14.3,0.0,0.0,1530.0,149.94,60.1,98.0,4.43,8.54,7.7,56.6,0.0,66.2,8.4,94.0,453.0,45.5,125771.7,55576.6,0.0
615,74.64,100.0,1.638,1638.0,58.3,55.3,14.3,0.0,0.0,1530.0,149.94,60.3,98.0,4.45,8.42,7.69,56.0,0.0,66.3,8.1,85.1,453.0,45.5,125771.7,55576.9,0.0
616,75.59,100.0,1.53,1530.0,58.5,54.6,14.3,0.0,0.0,1530.0,149.94,60.4,98.0,4.45,8.42,7.69,55.7,0.0,66.7,0.7,95.5,453.0,45.5,125771.7,55576.7,0.0
617,75.39,100.0,1.494,1494.0,58.2,55.7,14.3,0.0,0.0,1530.0,149.94,60.3,98.0,4.45,8.42,7.69,56.5,0.0,66.5,8.3,92.9,453.0,45.5,125771.7,55577.0,0.0
618,74.75,100.0,1.602,1602.0,58.6,56.0,14.3,0.0,0.0,1530.0,149.94,60.2,98.0,4.45,8.42,7.69,56.7,0.0,66.6,8.3,94.2,455.0,45.5,125771.7,55577.7,0.0
619,73.88,100.0,1.818,1818.0,57.9,54.3,14.3,0.0,0.0,1530.0,148.41,60.3,97.0,4.45,8.42,7.69,55.4,0.0,66.1,0.6,95.4,455.0,45.5,125771.7,55576.5,0.0
620,57.74,100.0,1.719,1719.0,57.7,58.7,14.3,0.0,0.1,1530.0,148.41,58.4,97.0,4.45,8.15,7.64,58.7,0.0,66.4,8.3,79.6,455.0,46.2,125771.7,56366.4,0.0
621,31.67,100.0,1.899,1899.0,57.3,55.9,14.3,0.0,0.0,1458.0,0.0,57.1,0.0,4.45,8.15,7.64,56.4,0.0,66.3,8.3,93.1,455.0,46.1,125771.7,56399.6,0.0
622,56.01,100.0,1.557,1557.0,57.2,58.1,14.3,0.0,0.0,1530.0,149.94,58.8,98.0,4.45,8.15,7.64,59.2,0.0,66.7,8.3,95.5,455.0,46.2,125771.7,56367.5,0.0
623,60.76,100.0,1.998,1998.0,56.8,56.8,14.3,0.0,0.0,1530.0,148.41,57.4,97.0,4.45,8.15,7.64,57.6,0.0,66.5,0.6,89.7,455.0,46.2,125771.7,56375.7,0.0
624,74.59,100.0,1.584,1584.0,57.6,58.6,14.3,0.0,0.0,1530.0,149.94,59.3,98.0,4.45,8.15,7.64,59.5,0.0,66.9,8.3,94.4,455.0,46.5,125771.7,56863.4,0.0
625,76.11,100.0,1.521,1521.0,57.9,56.2,14.3,0.0,0.0,1530.0,148.41,59.8,97.0,4.48,8.29,7.68,57.2,0.0,66.3,8.3,95.2,455.0,46.6,125771.7,56876.7,0.0
626,74.95,100.0,1.692,1692.0,58.1,56.3,14.3,0.0,0.0,1530.0,149.94,59.9,98.0,4.48,8.29,7.68,57.2,0.0,65.6,8.4,94.4,455.0,46.5,125771.7,56862.4,0.0
627,75.63,100.0,1.593,1593.0,57.8,54.2,14.3,0.0,0.1,1530.0,149.94,59.7,98.0,4.48,8.29,7.68,54.7,0.0,66.8,0.6,95.3,455.0,46.5,125771.7,56863.1,0.0
628,77.4,100.0,1.503,1503.0,57.5,55.4,14.3,0.0,0.0,1530.0,149.94,59.6,98.0,4.48,8.29,7.68,55.9,0.0,66.6,8.4,83.0,455.0,46.5,125771.7,56863.4,0.0
629,76.9,100.0,1.548,1548.0,57.7,54.8,14.3,0.0,0.0,1530.0,149.94,59.7,98.0,4.48,8.29,7.68,55.3,0.0,62.7,8.3,89.9,455.0,46.5,125771.7,56863.2,0.0
630,78.46,100.0,1.665,1665.0,58.0,54.0,14.3,0.0,0.0,1530.0,149.94,59.8,98.0,4.5,8.35,7.71,54.6,0.0,64.4,8.3,94.2,455.0,46.5,125771.7,56862.3,0.0
631,78.88,100.0,1.638,1638.0,58.3,54.3,14.3,0.0,0.6,1530.0,149.94,60.3,98.0,4.5,8.35,7.71,54.7,0.0,66.5,0.6,93.7,455.0,46.6,125771.7,56868.9,0.0
632,77.9,100.0,1.593,1593.0,58.2,56.1,14.3,0.0,0.1,1530.0,148.41,60.0,97.0,4.5,8.35,7.71,56.9,0.0,66.4,8.3,94.3,455.0,46.5,125771.7,56863.1,0.0
633,79.97,100.0,1.71,1710.0,58.1,54.1,14.3,0.0,0.0,1530.0,139.23,60.0,91.0,4.5,8.35,7.71,55.3,0.0,66.4,8.3,95.5,455.0,46.6,125771.7,56866.9,0.0
634,36.57,100.0,1.818,1818.0,57.6,58.9,14.3,0.0,0.0,1485.0,1.48,57.8,1.0,4.5,8.35,7.71,59.8,0.0,66.5,8.4,95.2,455.0,47.6,125771.7,58134.4,0.0
635,32.9,100.0,1.881,1881.0,56.9,61.2,14.3,0.0,0.0,1071.0,14.99,56.8,14.0,4.52,8.24,7.69,61.5,0.0,66.4,0.5,93.2,454.0,47.6,125771.7,58137.1,0.0
636,76.48,100.0,1.836,1836.0,56.9,62.9,14.3,0.0,0.0,1530.0,146.88,58.1,96.0,4.52,8.24,7.69,63.5,0.0,66.4,8.4,93.3,454.0,47.6,125771.7,58133.2,0.0
637,63.12,100.0,1.575,1575.0,57.6,56.5,14.3,0.0,0.1,1530.0,108.63,58.4,71.0,4.52,8.24,7.69,57.4,0.0,66.4,8.2,95.6,454.0,47.6,125771.7,58131.8,0.0
638,78.83,100.0,1.431,1431.0,57.5,55.2,14.3,0.0,0.0,1530.0,140.76,59.6,92.0,4.52,8.24,7.69,55.5,0.0,66.5,8.3,95.2,454.0,47.6,125771.7,58132.1,0.0
639,76.33,100.0,1.485,1485.0,58.0,54.3,14.3,0.0,0.0,1530.0,148.41,59.8,97.0,4.52,8.24,7.69,55.3,0.0,66.4,0.6,95.3,454.0,47.6,125771.7,58131.4,0.0
640,79.57,100.0,1.764,1764.0,57.9,54.7,14.3,0.0,0.0,1530.0,148.41,60.0,97.0,4.53,8.06,7.67,55.6,0.0,66.4,8.2,95.6,454.0,47.6,125771.7,58131.8,0.0
641,76.35,100.0,1.602,1602.0,58.2,56.3,14.3,0.0,0.0,1530.0,148.41,59.6,97.0,4.53,8.06,7.67,57.5,0.0,66.8,8.2,95.5,454.0,47.6,125771.7,58131.7,0.0
642,78.29,100.0,1.638,1638.0,58.2,55.5,14.3,0.0,0.1,1530.0,149.94,59.7,98.0,4.53,8.06,7.67,56.6,0.0,66.1,0.6,95.6,454.0,47.6,125771.7,58131.5,0.0
643,79.35,100.0,1.629,1629.0,58.1,56.3,14.3,0.0,0.0,1530.0,148.41,59.4,97.0,4.53,8.06,7.67,57.3,0.0,67.9,8.2,95.5,454.0,47.6,125771.7,58133.9,0.0
644,80.71,100.0,1.53,1530.0,58.3,55.2,14.3,0.0,0.0,1530.0,148.41,59.6,97.0,4.53,8.06,7.67,56.0,0.0,65.4,8.3,95.7,455.0,47.6,125771.7,58133.6,0.0
645,76.12,100.0,1.413,1413.0,58.2,55.9,14.3,0.0,0.0,1530.0,149.94,59.7,98.0,4.55,8.14,7.69,56.6,0.0,66.0,8.1,96.7,455.0,47.6,125771.7,58129.7,0.0
646,77.9,100.0,1.557,1557.0,58.2,56.8,14.3,0.0,0.0,1530.0,149.94,59.7,98.0,4.55,8.14,7.69,57.7,0.0,66.4,0.6,95.4,455.0,47.6,125771.7,58131.0,0.0
647,76.51,100.0,1.683,1683.0,58.2,55.0,14.3,0.0,0.0,1530.0,149.94,59.8,98.0,4.55,8.14,7.69,55.5,0.0,66.4,8.3,91.3,455.0,47.6,125771.7,58130.3,0.0
648,79.97,100.0,1.701,1701.0,58.5,54.6,14.3,0.0,0.1,1530.0,149.94,60.0,98.0,4.55,8.14,7.69,54.9,0.0,66.4,8.3,91.6,455.0,47.6,125771.7,58134.5,0.0
649,77.03,100.0,1.647,1647.0,58.6,55.9,14.3,0.0,0.0,1530.0,149.94,59.9,98.0,4.55,8.14,7.69,56.9,0.0,66.4,8.3,94.2,455.0,47.6,125771.7,58144.2,0.0
650,70.79,100.0,1.611,1611.0,58.6,56.4,14.3,0.0,0.0,1530.0,137.7,59.8,90.0,4.56,7.97,7.66,57.7,0.0,66.5,0.6,96.7,455.0,47.6,125771.7,58144.2,0.0
651,78.48,100.0,1.494,1494.0,58.7,56.1,14.3,0.0,0.0,1530.0,148.41,60.1,97.0,4.56,7.97,7.66,56.8,0.0,66.4,8.3,97.8,456.0,47.6,125771.7,58140.3,0.0
652,78.29,100.0,1.746,1746.0,58.7,55.7,14.3,0.0,0.0,1530.0,146.88,60.1,96.0,4.56,7.97,7.66,56.6,0.0,66.4,8.2,96.7,456.0,47.6,125771.7,58147.1,0.0
653,77.67,100.0,1.557,1557.0,58.8,55.4,14.3,0.0,0.0,1530.0,149.94,60.0,98.0,4.56,7.97,7.66,56.5,0.0,66.4,8.2,93.0,456.0,47.6,125771.7,58140.5,0.0
654,78.62,100.0,1.791,1791.0,58.6,55.8,14.3,0.0,0.0,1530.0,148.41,60.2,97.0,4.56,7.97,7.66,56.3,0.0,66.4,0.6,94.3,456.0,47.6,125771.7,58144.6,0.0
655,76.78,100.0,1.539,1539.0,58.5,55.2,14.3,0.0,0.0,1530.0,149.94,60.0,98.0,4.56,7.73,7.61,56.1,0.0,66.4,8.3,86.9,456.0,47.6,125771.7,58139.9,0.0
656,76.84,100.0,1.539,1539.0,59.2,55.3,14.3,0.0,0.0,1530.0,149.94,60.1,98.0,4.56,7.73,7.61,55.6,0.0,66.4,7.8,78.3,456.0,47.6,125771.7,58144.1,0.0
657,80.37,100.0,1.611,1611.0,59.2,56.4,14.3,0.0,0.1,1530.0,148.41,60.1,97.0,4.56,7.73,7.61,57.3,0.0,66.4,0.6,94.5,456.0,47.6,125771.7,58144.1,0.0
658,80.09,100.0,1.494,1494.0,59.0,55.7,14.3,0.0,0.0,1530.0,149.94,60.2,98.0,4.56,7.73,7.61,56.2,0.0,66.4,8.3,81.8,456.0,47.6,125771.7,58143.7,0.0
659,79.33,100.0,1.611,1611.0,58.7,56.7,14.3,0.0,0.0,1530.0,149.94,60.4,98.0,4.56,7.73,7.61,57.8,0.0,66.4,8.2,86.4,456.0,47.6,125771.7,58143.1,0.0
660,78.16,100.0,1.764,1764.0,58.7,56.6,14.3,0.0,0.0,1530.0,149.94,60.3,98.0,4.57,7.67,7.6,56.8,0.0,66.4,0.6,93.1,456.0,47.6,125771.7,58151.4,0.0
661,78.64,100.0,1.791,1791.0,58.9,57.0,14.3,0.0,0.0,1530.0,149.94,60.3,98.0,4.57,7.67,7.6,58.2,0.0,66.4,8.2,94.1,456.0,47.6,125771.7,58161.3,0.0
662,78.16,100.0,1.512,1512.0,58.8,55.5,14.3,0.0,0.7,1530.0,148.41,60.3,97.0,4.57,7.67,7.6,55.9,0.0,66.4,8.3,92.7,456.0,47.6,125771.7,58150.5,0.0
663,80.41,100.0,1.629,1629.0,59.2,56.0,14.3,0.0,0.0,1530.0,148.41,60.4,97.0,4.57,7.67,7.6,56.5,0.0,66.4,0.5,88.1,456.0,47.6,125771.7,58150.3,0.0
664,33.18,100.0,1.566,1566.0,58.0,61.2,14.3,0.0,0.1,1287.0,2.57,57.9,2.0,4.57,7.67,7.6,61.2,0.0,66.5,8.3,82.4,456.0,48.5,125771.7,59370.4,0.0
665,52.53,100.0,1.557,1557.0,57.8,56.2,14.3,0.0,0.0,1530.0,149.94,58.5,98.0,4.57,7.38,7.54,56.9,0.0,66.3,8.2,92.0,456.0,47.1,125771.7,57590.6,0.0
666,58.13,100.0,1.953,1953.0,57.6,61.2,14.3,0.0,0.0,1530.0,149.94,58.6,98.0,4.57,7.38,7.54,62.2,0.0,66.4,8.3,97.0,456.0,47.1,125771.7,57608.0,0.0
667,34.49,100.0,1.656,1656.0,57.8,57.4,14.3,0.0,0.1,1530.0,0.0,57.4,0.0,4.57,7.38,7.54,58.5,0.0,66.5,0.5,94.3,454.0,46.7,125771.7,57579.6,0.0
668,78.78,100.0,1.773,1773.0,58.0,59.1,14.3,0.0,0.0,1530.0,149.94,59.1,98.0,4.57,7.38,7.54,60.0,0.0,66.4,8.3,95.3,454.0,47.5,125771.7,58068.4,0.0
669,76.56,100.0,1.539,1539.0,58.5,56.2,14.3,0.0,0.0,1530.0,139.23,59.7,91.0,4.57,7.38,7.54,57.0,0.0,66.4,8.2,95.4,454.0,47.5,125771.7,58070.2,0.0
670,80.68,100.0,1.503,1503.0,58.2,55.7,14.3,0.0,0.0,1530.0,149.94,59.8,98.0,4.57,7.11,7.49,56.5,0.0,66.4,8.3,89.7,453.0,47.5,125771.7,58067.8,0.0
671,75.7,100.0,1.674,1674.0,58.4,56.5,14.3,0.0,0.0,1530.0,149.94,59.8,98.0,4.57,7.11,7.49,57.3,0.0,66.4,8.2,95.6,453.0,47.5,125771.7,58067.2,0.0
672,79.69,100.0,1.359,1359.0,58.3,54.3,14.3,0.0,0.1,1530.0,149.94,59.8,98.0,4.57,7.11,7.49,54.6,0.0,66.4,0.6,90.9,453.0,47.5,125771.7,58071.3,0.0
673,74.37,100.0,1.584,1584.0,58.7,55.3,14.3,0.0,0.0,1530.0,136.17,60.2,89.0,4.57,7.11,7.49,55.9,0.0,66.4,8.1,94.0,453.0,47.5,125771.7,58066.7,0.0
674,79.62,100.0,1.575,1575.0,58.6,55.6,14.3,0.0,0.1,1530.0,149.94,60.0,98.0,4.57,7.11,7.49,55.9,0.0,66.4,8.2,78.3,453.0,47.5,125771.7,58067.4,0.0
675,79.02,100.0,1.503,1503.0,58.9,56.2,14.3,0.0,0.0,1530.0,148.41,60.0,97.0,4.56,6.86,7.43,57.4,0.0,66.4,8.2,93.9,453.0,47.5,125771.7,58067.5,0.0
676,77.04,100.0,1.728,1728.0,58.9,57.3,14.3,0.0,0.0,1530.0,148.41,60.2,97.0,4.56,6.86,7.43,58.5,0.0,66.4,0.6,96.6,453.0,47.5,125771.7,58075.7,0.0
677,77.79,100.0,1.368,1368.0,58.8,57.9,14.3,0.0,0.0,1530.0,149.94,60.3,98.0,4.56,6.86,7.43,58.9,0.0,66.4,8.1,92.6,453.0,47.5,125771.7,58066.2,0.0
678,76.96,100.0,1.584,1584.0,59.1,56.6,14.3,0.0,0.0,1530.0,149.94,60.1,98.0,4.56,6.86,7.43,57.0,0.0,66.4,8.2,88.0,453.0,47.5,125771.7,58066.7,0.0
679,79.15,100.0,1.584,1584.0,58.8,57.3,14.3,0.0,0.0,1530.0,149.94,60.2,98.0,4.56,6.86,7.43,58.4,0.0,66.4,0.5,94.2,453.0,47.5,125771.7,58065.8,0.0
680,78.24,100.0,1.359,1359.0,58.9,57.9,14.3,0.0,0.0,1530.0,140.76,60.2,92.0,4.56,6.63,7.37,59.7,0.0,66.4,8.3,95.5,453.0,47.5,125771.7,58067.1,0.0
681,76.8,100.0,1.53,1530.0,58.7,59.4,14.3,0.0,0.0,1530.0,148.41,60.5,97.0,4.56,6.63,7.37,60.2,0.0,66.4,8.1,94.2,453.0,47.5,125771.7,58067.1,0.0
682,63.82,100.0,1.341,1341.0,57.7,56.5,14.3,0.0,0.0,1530.0,149.94,58.7,98.0,4.56,6.63,7.37,58.0,0.0,66.4,0.5,95.6,453.0,47.3,125771.7,57826.7,0.0
683,59.09,100.0,1.863,1863.0,57.2,56.0,14.3,0.0,0.1,1530.0,149.94,58.9,98.0,4.56,6.63,7.37,56.5,0.0,66.3,8.0,89.5,453.0,47.3,125771.7,57829.2,0.0
684,47.14,100.0,1.377,1377.0,57.5,51.8,14.3,0.0,0.1,1530.0,117.81,58.2,77.0,4.56,6.63,7.37,52.5,0.0,66.4,8.1,95.5,452.0,47.3,125771.7,57817.4,0.0
685,76.29,100.0,1.314,1314.0,58.0,56.7,14.3,0.0,0.0,1530.0,146.88,59.3,96.0,4.57,6.66,7.36,57.4,0.0,66.3,0.4,95.7,452.0,47.7,125771.7,58277.1,0.0
686,79.27,100.0,1.341,1341.0,58.4,51.0,14.3,0.0,0.0,1530.0,149.94,60.0,98.0,4.57,6.66,7.36,52.0,0.0,66.4,8.0,92.8,452.0,47.7,125771.7,58280.4,0.0
687,76.39,100.0,1.386,1386.0,58.4,52.3,14.3,0.0,0.0,1530.0,146.88,59.8,96.0,4.57,6.66,7.36,53.3,0.0,66.4,8.0,95.5,452.0,47.5,125771.7,58044.6,0.0
688,79.15,100.0,1.35,1350.0,58.5,51.2,14.3,0.0,0.0,1530.0,149.94,60.1,98.0,4.57,6.66,7.36,52.6,0.0,66.3,0.4,96.6,452.0,47.5,125771.7,58035.8,0.0
689,77.02,100.0,1.602,1602.0,58.3,51.1,14.3,0.0,0.0,1530.0,149.94,60.0,98.0,4.57,6.66,7.36,51.8,0.0,66.4,8.0,92.9,453.0,47.5,125771.7,58034.2,0.0
690,78.74,100.0,1.656,1656.0,58.4,50.4,14.3,0.0,0.0,1530.0,148.41,60.0,97.0,4.58,6.61,7.34,51.1,0.0,66.4,8.1,95.4,453.0,47.5,125771.7,58034.5,0.0
691,66.76,100.0,1.665,1665.0,58.5,50.9,14.3,0.0,0.0,1530.0,123.93,59.9,81.0,4.58,6.61,7.34,52.0,0.0,66.3,0.4,95.1,453.0,47.5,125771.7,58070.9,0.0
692,52.89,100.0,1.782,1782.0,57.8,55.6,14.3,0.0,0.7,1530.0,149.94,58.6,98.0,4.58,6.61,7.34,56.2,0.0,66.5,8.2,93.8,453.0,46.1,125771.7,56278.5,0.0
693,36.99,100.0,1.881,1881.0,57.7,59.2,14.3,0.0,0.0,1440.0,0.0,57.6,0.0,4.58,6.61,7.34,59.8,0.0,66.4,7.8,94.2,453.0,46.1,125771.7,56257.3,0.0
694,55.17,100.0,1.476,1476.0,57.4,59.9,14.3,0.0,0.0,1530.0,149.94,58.7,98.0,4.58,6.61,7.34,60.7,0.0,66.4,8.3,94.0,453.0,46.1,125771.7,56251.4,0.0
695,62.99,100.0,1.971,1971.0,57.6,58.9,14.3,0.0,0.0,1530.0,148.41,58.2,97.0,4.59,6.64,7.33,59.0,0.0,66.4,0.5,93.3,453.0,46.1,125771.7,56240.7,0.0
696,75.75,100.0,1.728,1728.0,57.8,59.0,14.3,0.0,0.0,1530.0,149.94,59.7,98.0,4.59,6.64,7.33,60.3,0.0,66.4,8.4,96.5,453.0,46.4,125771.7,56734.0,0.0
697,75.24,100.0,1.71,1710.0,58.2,57.2,14.3,0.0,0.1,1530.0,149.94,60.0,98.0,4.59,6.64,7.33,57.9,0.0,66.5,8.2,94.4,453.0,46.4,125771.7,56732.8,0.0
698,75.53,100.0,1.719,1719.0,58.3,57.1,14.3,0.0,0.0,1530.0,148.41,60.3,97.0,4.59,6.64,7.33,57.6,0.0,66.4,8.3,95.7,453.0,46.4,125771.7,56733.7,0.0
699,76.99,100.0,1.674,1674.0,58.7,56.8,14.3,0.0,0.0,1530.0,149.94,60.0,98.0,4.59,6.64,7.33,58.0,0.0,66.5,0.6,95.2,453.0,46.4,125771.7,56733.4,0.0
700,79.33,100.0,1.638,1638.0,58.4,56.4,14.3,0.0,0.0,1530.0,148.41,59.9,97.0,4.62,6.91,7.38,56.2,0.0,66.4,8.4,75.6,453.0,46.4,125771.7,56733.8,0.0
701,78.02,100.0,1.764,1764.0,58.6,59.1,14.3,0.0,0.0,1530.0,148.41,60.0,97.0,4.62,6.91,7.38,59.9,0.0,66.4,8.2,94.0,453.0,46.4,125771.7,56732.7,0.0
702,79.06,100.0,1.656,1656.0,58.8,57.7,14.3,0.0,0.2,1530.0,149.94,60.1,98.0,4.62,6.91,7.38,58.9,0.0,66.4,0.5,95.5,453.0,46.4,125771.7,56734.9,0.0
703,80.18,100.0,1.683,1683.0,58.5,57.9,14.3,0.0,0.0,1530.0,148.41,60.1,97.0,4.62,6.91,7.38,58.6,0.0,66.5,8.3,95.5,453.0,46.4,125771.7,56734.9,0.0
704,78.6,100.0,1.773,1773.0,59.0,57.3,14.3,0.0,0.0,1530.0,149.94,60.0,98.0,4.62,6.91,7.38,58.2,0.0,66.4,8.3,93.3,453.0,46.4,125771.7,56735.0,0.0
705,79.36,100.0,1.656,1656.0,59.1,57.4,14.3,0.0,0.0,1530.0,139.23,60.2,91.0,4.63,6.83,7.36,58.3,0.0,66.4,8.2,95.2,453.0,46.4,125771.7,56732.6,0.0
706,79.06,100.0,1.665,1665.0,58.9,57.8,14.3,0.0,0.0,1530.0,148.41,60.2,97.0,4.63,6.83,7.36,58.8,0.0,66.5,0.6,95.4,453.0,46.4,125771.7,56734.8,0.0
707,77.94,100.0,1.575,1575.0,58.9,58.1,14.3,0.0,0.1,1530.0,148.41,60.2,97.0,4.63,6.83,7.36,58.8,0.0,66.4,8.2,94.4,453.0,46.4,125771.7,56733.1,0.0
708,81.79,100.0,1.566,1566.0,59.2,56.8,14.3,0.0,0.0,1530.0,148.41,60.3,97.0,4.63,6.83,7.36,58.4,0.0,66.4,8.3,95.3,453.0,46.4,125771.7,56732.9,0.0
709,79.22,100.0,1.629,1629.0,59.2,57.0,14.3,0.0,0.0,1530.0,149.94,60.3,98.0,4.63,6.83,7.36,58.0,0.0,66.4,8.2,95.3,453.0,46.4,125771.7,56736.0,0.0
710,55.88,100.0,1.638,1638.0,59.0,56.0,14.3,0.0,0.0,1530.0,114.75,60.3,75.0,4.65,6.85,7.35,56.9,0.0,66.5,0.6,95.3,453.0,46.4,125771.7,56732.9,0.0
711,78.07,100.0,1.674,1674.0,59.4,56.7,14.3,0.0,0.0,1530.0,149.94,60.4,98.0,4.65,6.85,7.35,57.9,0.0,66.4,8.2,94.2,453.0,46.4,125771.7,56735.6,0.0
712,79.47,100.0,1.638,1638.0,59.4,57.5,14.3,0.0,0.0,1530.0,148.41,60.4,97.0,4.65,6.85,7.35,58.8,0.0,66.4,8.4,95.3,453.0,46.4,125771.7,56734.5,0.0
713,79.8,100.0,1.602,1602.0,59.5,56.4,14.3,0.0,0.0,1530.0,149.94,60.6,98.0,4.65,6.85,7.35,57.6,0.0,66.4,8.1,94.3,453.0,46.4,125771.7,56738.5,0.0
714,78.05,100.0,1.638,1638.0,59.1,56.3,14.3,0.0,0.0,1530.0,148.41,60.5,97.0,4.65,6.85,7.35,57.0,0.0,66.4,0.6,95.5,453.0,46.4,125771.7,56735.2,0.0
715,80.8,100.0,1.548,1548.0,59.2,55.8,14.3,0.0,0.0,1530.0,149.94,60.7,98.0,4.66,6.94,7.36,56.4,0.0,66.4,8.3,94.2,453.0,46.4,125771.7,56732.3,0.0
716,78.78,100.0,1.746,1746.0,59.2,56.8,14.3,0.0,0.0,1530.0,148.41,60.6,97.0,4.66,6.94,7.36,58.2,0.0,66.4,8.3,96.6,453.0,46.4,125771.7,56733.1,0.0
717,80.36,100.0,1.548,1548.0,59.3,56.1,14.3,0.0,0.1,1530.0,146.88,60.7,96.0,4.66,6.94,7.36,57.3,0.0,66.5,7.8,96.7,453.0,46.4,125771.7,56733.1,0.0
718,79.28,100.0,1.674,1674.0,59.2,55.5,14.3,0.0,0.0,1530.0,149.94,60.8,98.0,4.66,6.94,7.36,56.8,0.0,66.4,0.6,95.4,453.0,46.4,125771.7,56736.3,0.0
719,78.88,100.0,1.539,1539.0,59.3,58.1,14.3,0.0,0.0,1530.0,149.94,60.7,98.0,4.66,6.94,7.36,59.0,0.0,66.4,8.2,96.8,453.0,46.4,125771.7,56733.9,0.0
720,79.75,100.0,1.557,1557.0,59.2,56.8,14.3,0.0,0.0,1530.0,149.94,60.8,98.0,4.69,7.1,7.39,58.4,0.0,66.4,8.3,95.3,453.0,46.4,125771.7,56735.3,0.0
721,78.74,100.0,1.746,1746.0,59.3,56.8,14.3,0.0,0.0,1530.0,148.41,60.9,97.0,4.69,7.1,7.39,57.7,0.0,66.4,0.5,95.5,453.0,46.5,125771.7,56766.0,0.0
722,32.64,100.0,1.584,1584.0,58.2,56.8,14.3,0.0,0.8,1476.0,0.0,58.5,0.0,4.69,7.1,7.39,56.9,0.0,66.4,8.3,85.7,453.0,46.4,125771.7,56733.0,0.0
723,77.68,100.0,1.701,1701.0,59.1,57.7,14.3,0.0,0.0,1530.0,149.94,60.6,98.0,4.69,7.1,7.39,58.6,0.0,66.5,8.3,92.2,454.0,47.4,125771.7,57899.6,0.0
724,78.28,100.0,1.737,1737.0,58.9,57.0,14.3,0.0,0.0,1530.0,148.41,60.3,97.0,4.69,7.1,7.39,58.3,0.0,66.4,0.6,94.1,454.0,47.4,125771.7,57899.1,0.0
725,59.44,100.0,1.674,1674.0,59.3,55.8,14.3,0.0,0.0,1530.0,125.46,60.4,82.0,4.68,6.86,7.33,56.1,0.0,66.4,8.2,93.0,454.0,47.4,125771.7,57898.1,0.0
726,77.66,100.0,1.683,1683.0,59.1,55.1,14.3,0.0,0.0,1530.0,149.94,60.8,98.0,4.68,6.86,7.33,55.5,0.0,66.4,8.2,92.9,454.0,47.4,125771.7,57898.6,0.0
727,78.86,100.0,1.629,1629.0,59.4,55.9,14.3,0.0,0.1,1530.0,149.94,60.6,98.0,4.68,6.86,7.33,57.0,0.0,66.4,8.3,93.9,454.0,47.4,125771.7,57905.2,0.0
728,77.77,100.0,1.494,1494.0,59.5,55.0,14.3,0.0,0.0,1530.0,148.41,60.8,97.0,4.68,6.86,7.33,55.3,0.0,66.4,0.6,88.5,454.0,47.4,125771.7,57900.5,0.0
729,81.01,100.0,1.827,1827.0,59.4,56.2,14.3,0.0,0.0,1530.0,148.41,60.8,97.0,4.68,6.86,7.33,57.0,0.0,66.4,8.1,95.6,454.0,47.4,125771.7,57900.6,0.0
730,77.34,100.0,1.548,1548.0,58.7,54.9,14.3,0.0,0.0,1530.0,148.41,60.9,97.0,4.72,7.27,7.41,55.1,0.0,66.5,8.3,83.9,454.0,47.4,125771.7,57905.3,0.0
731,75.65,100.0,1.665,1665.0,59.4,52.5,14.3,0.0,0.0,1530.0,149.94,60.8,98.0,4.72,7.27,7.41,53.5,0.0,66.3,0.5,84.3,454.0,47.4,125771.7,57901.2,0.0
732,79.48,100.0,1.602,1602.0,59.2,55.2,14.3,0.0,0.0,1530.0,146.88,60.7,96.0,4.72,7.27,7.41,56.2,0.0,66.5,8.4,95.5,454.0,47.4,125771.7,57899.3,0.0
733,82.2,100.0,1.521,1521.0,59.2,55.9,14.3,0.0,0.0,1530.0,149.94,60.9,98.0,4.72,7.27,7.41,57.0,0.0,66.4,8.1,95.5,454.0,47.4,125771.7,57900.3,0.0
734,78.6,100.0,1.557,1557.0,59.2,54.1,14.3,0.0,0.0,1530.0,149.94,60.8,98.0,4.72,7.27,7.41,54.1,0.0,66.4,0.6,66.0,454.0,47.4,125771.7,57900.1,0.0
735,78.24,100.0,1.746,1746.0,59.3,54.8,14.3,0.0,0.0,1530.0,148.41,60.8,97.0,4.73,7.25,7.4,55.4,0.0,66.3,8.2,95.3,454.0,47.4,125771.7,57899.8,0.0
736,77.5,100.0,1.332,1332.0,59.2,54.4,14.3,0.0,0.0,1530.0,146.88,60.8,96.0,4.73,7.25,7.4,55.3,0.0,66.4,8.2,95.5,454.0,47.4,125771.7,57898.9,0.0
737,77.13,100.0,1.449,1449.0,59.7,55.4,14.3,0.0,0.0,1530.0,149.94,60.9,98.0,4.73,7.25,7.4,55.8,0.0,66.4,0.5,95.5,454.0,47.4,125771.7,57900.1,0.0
738,76.79,100.0,1.71,1710.0,59.2,55.9,14.3,0.0,0.0,1530.0,149.94,60.9,98.0,4.73,7.25,7.4,56.6,0.0,66.4,8.2,87.1,454.0,47.4,125771.7,57899.5,0.0
739,77.14,100.0,1.494,1494.0,59.8,55.3,14.3,0.0,0.0,1530.0,149.94,61.0,98.0,4.73,7.25,7.4,56.2,0.0,66.4,8.2,94.5,454.0,47.4,125771.7,57898.0,0.0
740,79.27,100.0,1.701,1701.0,59.7,55.5,14.3,0.0,0.1,1530.0,149.94,61.0,98.0,4.73,6.99,7.35,55.6,0.0,66.4,8.2,78.3,455.0,47.4,125771.7,57901.5,0.0
741,77.11,100.0,1.575,1575.0,59.7,55.3,14.3,0.0,0.0,1530.0,149.94,61.1,98.0,4.73,6.99,7.35,56.2,0.0,66.4,0.6,95.2,455.0,47.4,125771.7,57900.4,0.0
742,79.14,100.0,1.629,1629.0,59.8,54.7,14.3,0.0,0.0,1530.0,148.41,60.9,97.0,4.73,6.99,7.35,55.2,0.0,66.4,8.3,94.3,455.0,47.4,125771.7,57898.7,0.0
743,79.15,100.0,1.656,1656.0,59.2,55.1,14.3,0.0,0.0,1530.0,134.64,60.9,88.0,4.73,6.99,7.35,55.4,0.0,66.4,8.2,73.5,455.0,47.4,125771.7,57898.1,0.0
744,78.45,100.0,1.422,1422.0,59.5,54.6,14.3,0.0,0.0,1530.0,148.41,61.0,97.0,4.73,6.99,7.35,54.8,0.0,66.4,0.5,94.3,455.0,47.4,125771.7,57899.5,0.0
745,77.55,100.0,1.638,1638.0,59.2,56.2,14.3,0.0,0.0,1530.0,149.94,61.0,98.0,4.73,6.75,7.29,57.0,0.0,66.4,8.2,94.4,455.0,47.4,125771.7,57900.2,0.0
746,77.23,100.0,1.494,1494.0,59.7,53.3,14.3,0.0,0.0,1530.0,146.88,61.0,96.0,4.73,6.75,7.29,53.6,0.0,66.4,8.3,70.0,455.0,47.4,125771.7,57898.7,0.0
747,78.36,100.0,1.62,1620.0,59.7,51.9,14.3,0.0,0.0,1530.0,148.41,61.3,97.0,4.73,6.75,7.29,52.2,0.0,66.3,7.9,93.5,455.0,47.4,125771.7,57898.1,0.0
748,78.25,100.0,1.602,1602.0,59.7,51.3,14.3,0.0,0.1,1530.0,148.41,61.1,97.0,4.73,6.75,7.29,52.1,0.0,66.4,8.0,94.0,455.0,47.4,125771.7,57900.3,0.0
749,77.41,100.0,1.602,1602.0,59.6,50.6,14.3,0.0,0.0,1530.0,148.41,61.0,97.0,4.73,6.75,7.29,51.8,0.0,66.3,0.4,95.6,455.0,47.4,125771.7,57902.4,0.0
750,78.74,100.0,1.557,1557.0,59.6,52.0,14.3,0.0,0.0,1530.0,133.11,60.9,87.0,4.73,6.61,7.25,53.0,0.0,66.4,8.2,95.2,455.0,47.4,125771.7,57899.3,0.0
751,78.67,100.0,1.737,1737.0,59.7,51.8,14.3,0.0,0.0,1530.0,149.94,61.0,98.0,4.73,6.61,7.25,53.2,0.0,66.3,8.0,95.1,455.0,47.4,125771.7,57898.1,0.0
752,76.22,100.0,1.62,1620.0,59.7,51.9,14.3,0.0,0.7,1530.0,149.94,61.1,98.0,4.73,6.61,7.25,52.4,0.0,66.4,8.0,92.9,455.0,47.4,125771.7,57899.2,0.0
753,74.87,100.0,1.494,1494.0,58.9,50.0,14.3,0.0,0.0,1530.0,146.88,59.8,96.0,4.73,6.61,7.25,50.5,0.0,65.9,8.0,86.4,454.0,47.4,125771.7,57899.1,0.0
754,79.8,100.0,1.593,1593.0,59.1,51.9,14.3,0.0,0.0,1530.0,149.94,60.7,98.0,4.73,6.61,7.25,52.1,0.0,66.8,0.4,75.3,454.0,47.4,125771.7,57900.4,0.0
755,76.35,100.0,1.593,1593.0,59.2,51.2,14.3,0.0,0.0,1530.0,145.35,61.0,95.0,4.72,6.4,7.2,51.8,0.0,64.3,8.1,94.0,453.0,47.4,125771.7,57900.4,0.0
756,34.09,100.0,1.656,1656.0,58.2,52.1,14.3,0.0,0.0,1503.0,6.01,58.9,4.0,4.72,6.4,7.2,52.0,0.0,66.7,8.1,68.5,452.0,47.4,125771.7,57900.9,0.0
757,56.35,100.0,1.566,1566.0,58.1,59.5,14.3,0.0,0.1,1530.0,149.94,59.5,98.0,4.72,6.4,7.2,60.3,0.0,64.7,8.2,95.5,452.0,46.0,125771.7,56134.6,0.0
758,60.46,100.0,1.953,1953.0,58.2,59.2,14.3,0.0,0.0,1530.0,148.41,59.2,97.0,4.72,6.4,7.2,60.1,0.0,66.8,0.6,95.4,452.0,46.0,125771.7,56128.4,0.0
759,54.78,100.0,1.548,1548.0,57.8,57.1,14.3,0.0,0.0,1530.0,148.41,59.3,97.0,4.72,6.4,7.2,58.2,0.0,68.7,8.3,94.4,452.0,46.0,125771.7,56126.2,0.0
760,68.57,100.0,1.584,1584.0,57.8,58.2,14.3,0.0,0.0,1530.0,148.41,59.3,97.0,4.73,6.29,7.16,59.1,0.0,65.9,8.4,95.3,452.0,46.4,125771.7,56623.2,0.0
761,75.67,100.0,1.377,1377.0,58.5,56.4,14.3,0.0,0.0,1530.0,149.94,60.4,98.0,4.73,6.29,7.16,57.6,0.0,66.3,0.6,94.1,452.0,46.3,125771.7,56613.6,0.0
762,75.75,100.0,1.368,1368.0,58.8,55.9,14.3,0.0,0.1,1530.0,149.94,60.7,98.0,4.73,6.29,7.16,57.1,0.0,68.0,8.4,95.5,453.0,46.3,125771.7,56613.1,0.0
763,75.92,100.0,1.566,1566.0,59.0,55.9,14.3,0.0,0.1,1530.0,149.94,60.9,98.0,4.73,6.29,7.16,57.4,0.0,66.5,8.3,94.1,453.0,46.4,125771.7,56615.0,0.0
764,78.22,100.0,1.512,1512.0,59.0,57.1,14.3,0.0,0.0,1530.0,148.41,60.8,97.0,4.73,6.29,7.16,57.9,0.0,64.2,0.7,95.3,453.0,46.4,125771.7,56614.3,0.0
765,77.87,100.0,1.404,1404.0,59.0,55.6,14.3,0.0,0.0,1530.0,131.58,60.6,86.0,4.72,6.1,7.11,56.1,0.0,66.4,7.9,94.0,453.0,46.4,125771.7,56614.3,0.0
766,74.82,100.0,1.566,1566.0,59.2,56.1,14.3,0.0,0.0,1530.0,148.41,60.8,97.0,4.72,6.1,7.11,56.5,0.0,67.6,7.9,91.1,453.0,46.4,125771.7,56617.1,0.0
767,78.15,100.0,1.539,1539.0,59.3,57.8,14.3,0.0,0.0,1530.0,149.94,60.8,98.0,4.72,6.1,7.11,58.9,0.0,64.8,0.6,95.3,453.0,46.4,125771.7,56616.3,0.0
768,76.12,100.0,1.485,1485.0,58.8,54.9,14.3,0.0,0.0,1530.0,149.94,61.0,98.0,4.72,6.1,7.11,55.3,0.0,67.0,8.2,86.0,453.0,46.4,125771.7,56615.8,0.0
769,77.68,100.0,1.539,1539.0,59.2,56.0,14.3,0.0,0.0,1530.0,149.94,60.9,98.0,4.72,6.1,7.11,56.2,0.0,67.1,8.2,90.8,453.0,46.4,125771.7,56615.5,0.0
770,74.86,100.0,1.512,1512.0,59.3,54.8,14.3,0.0,0.0,1530.0,148.41,60.9,97.0,4.72,6.01,7.07,55.9,0.0,66.5,7.9,94.0,452.0,46.4,125771.7,56617.2,0.0
771,81.59,100.0,1.656,1656.0,59.4,53.8,14.3,0.0,0.0,1530.0,139.23,61.1,91.0,4.72,6.01,7.07,54.2,0.0,66.5,0.6,84.1,452.0,46.4,125771.7,56615.6,0.0
772,76.95,100.0,1.575,1575.0,59.3,55.6,14.3,0.0,0.1,1530.0,146.88,60.9,96.0,4.72,6.01,7.07,56.4,0.0,66.3,7.9,83.3,452.0,46.4,125771.7,56614.5,0.0
773,74.71,100.0,1.548,1548.0,59.2,56.1,14.3,0.0,0.0,1530.0,148.41,61.1,97.0,4.72,6.01,7.07,57.3,0.0,66.9,7.8,95.3,452.0,46.3,125771.7,56612.7,0.0
774,76.6,100.0,1.665,1665.0,59.6,56.1,14.3,0.0,0.0,1530.0,149.94,61.4,98.0,4.72,6.01,7.07,56.7,0.0,65.1,0.7,91.8,452.0,46.3,125771.7,56613.2,0.0
775,75.1,100.0,1.548,1548.0,59.2,55.2,14.3,0.0,0.0,1530.0,148.41,61.4,97.0,4.78,6.81,7.22,55.6,0.0,67.1,8.3,92.9,452.0,46.3,125771.7,56611.9,0.0
776,76.14,100.0,1.575,1575.0,59.4,56.2,14.3,0.0,0.0,1530.0,148.41,61.1,97.0,4.78,6.81,7.22,57.0,0.0,68.0,8.3,92.9,452.0,46.4,125771.7,56620.4,0.0
777,82.31,100.0,1.26,1260.0,59.2,56.2,14.3,0.0,0.0,1530.0,149.94,61.6,98.0,4.78,6.81,7.22,56.4,0.0,64.8,8.3,93.1,452.0,46.3,125771.7,56613.0,0.0
778,74.71,100.0,1.404,1404.0,59.3,56.2,14.3,0.0,0.0,1530.0,146.88,61.2,96.0,4.78,6.81,7.22,56.7,0.0,65.7,0.6,93.3,452.0,46.3,125771.7,56613.3,0.0
779,76.25,100.0,1.557,1557.0,59.4,55.8,14.3,0.0,0.0,1530.0,149.94,61.4,98.0,4.78,6.81,7.22,56.1,0.0,67.7,8.2,86.7,452.0,46.4,125771.7,56616.1,0.0
780,76.12,100.0,1.683,1683.0,59.7,56.9,14.3,0.0,0.0,1530.0,149.94,61.5,98.0,4.81,7.07,7.27,57.5,0.0,67.0,8.3,94.2,452.0,46.4,125771.7,56618.6,0.0
781,76.47,100.0,1.647,1647.0,59.6,54.9,14.3,0.0,0.0,1530.0,149.94,61.8,98.0,4.81,7.07,7.27,55.7,0.0,65.6,0.6,93.3,452.0,46.3,125771.7,56613.9,0.0
782,77.86,100.0,1.494,1494.0,59.6,56.1,14.3,0.0,0.9,1530.0,148.41,61.2,97.0,4.81,7.07,7.27,57.5,0.0,65.2,8.4,94.4,452.0,46.4,125771.7,56615.5,0.0
783,77.22,100.0,1.575,1575.0,59.6,58.0,14.3,0.0,0.0,1530.0,149.94,61.4,98.0,4.81,7.07,7.27,59.2,0.0,68.1,8.2,95.1,452.0,46.4,125771.7,56614.3,0.0
784,78.82,100.0,1.728,1728.0,59.7,57.5,14.3,0.0,0.0,1530.0,140.76,61.1,92.0,4.81,7.07,7.27,58.3,0.0,66.6,0.6,95.3,452.0,46.4,125771.7,56614.8,0.0
785,77.06,100.0,1.656,1656.0,59.9,57.6,14.3,0.0,0.0,1530.0,149.94,61.2,98.0,4.82,6.98,7.25,58.6,0.0,65.9,8.2,95.5,452.0,46.3,125771.7,56612.9,0.0
786,79.87,100.0,1.638,1638.0,59.8,57.0,14.3,0.0,0.0,1530.0,148.41,61.2,97.0,4.82,6.98,7.25,57.8,0.0,66.6,8.3,94.4,452.0,46.3,125771.7,56612.0,0.0
787,66.32,100.0,1.899,1899.0,58.7,58.1,14.3,0.0,0.1,1530.0,148.41,59.1,97.0,4.82,6.98,7.25,58.5,0.0,67.4,0.6,85.5,452.0,47.0,125771.7,57370.6,0.0
788,33.91,100.0,1.917,1917.0,58.3,57.4,14.3,0.0,0.0,1530.0,0.0,58.6,0.0,4.82,6.98,7.25,58.2,0.0,64.7,8.2,92.9,452.0,46.9,125771.7,57361.3,0.0
789,56.34,100.0,1.683,1683.0,58.0,58.7,14.3,0.0,0.0,1530.0,148.41,59.5,97.0,4.82,6.98,7.25,58.9,0.0,67.6,8.2,90.9,453.0,46.9,125771.7,57364.4,0.0
790,34.59,100.0,1.755,1755.0,57.9,58.0,14.3,0.0,0.0,1512.0,0.0,58.1,0.0,4.81,6.74,7.19,59.2,0.0,66.9,0.6,95.5,453.0,46.6,125771.7,57359.1,0.0
791,77.46,100.0,1.647,1647.0,58.5,57.6,14.3,0.0,0.0,1530.0,145.35,59.8,95.0,4.81,6.74,7.19,58.2,0.0,66.5,8.2,95.6,453.0,47.3,125771.7,57864.2,0.0
792,77.11,100.0,1.575,1575.0,59.1,54.4,14.3,0.0,0.0,1530.0,148.41,60.3,97.0,4.81,6.74,7.19,55.2,0.0,66.4,8.3,93.7,453.0,47.3,125771.7,57863.4,0.0
793,78.8,100.0,1.674,1674.0,58.8,54.2,14.3,0.0,0.1,1530.0,148.41,60.3,97.0,4.81,6.74,7.19,54.2,0.0,66.5,8.3,66.7,453.0,47.3,125771.7,57860.5,0.0
794,79.11,100.0,1.674,1674.0,58.9,56.9,14.3,0.0,0.0,1530.0,149.94,60.5,98.0,4.81,6.74,7.19,57.6,0.0,66.4,7.9,95.5,453.0,47.3,125771.7,57860.4,0.0
795,79.86,100.0,1.584,1584.0,58.9,57.0,14.3,0.0,0.0,1530.0,148.41,60.5,97.0,4.82,6.6,7.16,57.9,0.0,66.1,0.6,95.6,453.0,47.3,125771.7,57860.2,0.0
796,78.12,100.0,1.584,1584.0,59.3,56.4,14.3,0.0,0.0,1530.0,149.94,60.7,98.0,4.82,6.6,7.16,57.1,0.0,66.7,8.3,87.8,453.0,47.3,125771.7,57861.2,0.0
797,77.65,100.0,1.575,1575.0,59.3,57.6,14.3,0.0,0.0,1530.0,149.94,60.6,98.0,4.82,6.6,7.16,58.4,0.0,66.4,8.1,86.9,453.0,47.3,125771.7,57861.1,0.0
798,80.68,100.0,1.629,1629.0,59.7,57.0,14.3,0.0,0.0,1530.0,149.94,60.7,98.0,4.82,6.6,7.16,57.1,0.0,66.4,0.7,84.8,453.0,47.3,125771.7,57860.7,0.0
799,78.74,100.0,1.701,1701.0,59.7,57.7,14.3,0.0,0.1,1530.0,148.41,60.8,97.0,4.82,6.6,7.16,58.4,0.0,66.3,8.3,95.3,452.0,47.3,125771.7,57860.0,0.0
800,79.32,100.0,1.539,1539.0,60.0,56.7,14.3,0.0,0.0,1530.0,148.41,60.8,97.0,4.82,6.56,7.14,57.4,0.0,66.5,8.2,94.3,452.0,47.3,125771.7,57861.0,0.0
801,78.94,100.0,1.701,1701.0,60.0,57.4,14.3,0.0,0.0,1530.0,149.94,60.8,98.0,4.82,6.56,7.14,57.6,0.0,66.4,8.2,94.3,452.0,47.3,125771.7,57860.3,0.0
802,78.2,100.0,1.683,1683.0,59.8,55.5,14.3,0.0,0.0,1530.0,149.94,60.9,98.0,4.82,6.56,7.14,56.3,0.0,66.4,0.6,95.4,452.0,47.3,125771.7,57864.0,0.0
803,78.79,100.0,1.575,1575.0,60.0,56.3,14.3,0.0,0.0,1530.0,149.94,60.9,98.0,4.82,6.56,7.14,57.0,0.0,66.4,8.2,94.4,452.0,47.3,125771.7,57861.3,0.0
804,77.66,100.0,1.746,1746.0,60.1,56.8,14.3,0.0,0.0,1530.0,149.94,60.9,98.0,4.82,6.56,7.14,57.8,0.0,66.5,8.3,95.5,452.0,47.3,125771.7,57860.6,0.0
805,77.05,100.0,1.647,1647.0,59.7,56.4,14.3,0.0,0.0,1530.0,148.41,61.1,97.0,4.82,6.43,7.1,56.4,0.0,66.4,0.5,95.6,452.0,47.3,125771.7,57860.4,0.0
806,77.31,100.0,1.683,1683.0,59.7,55.9,14.3,0.0,0.0,1530.0,148.41,61.0,97.0,4.82,6.43,7.1,56.2,0.0,66.4,8.2,87.9,452.0,47.3,125771.7,57869.6,0.0
807,78.24,100.0,1.548,1548.0,59.9,57.4,14.3,0.0,0.0,1530.0,149.94,61.2,98.0,4.82,6.43,7.1,58.0,0.0,63.6,8.2,94.3,452.0,47.3,125771.7,57865.1,0.0
808,80.75,100.0,1.719,1719.0,59.7,57.0,14.3,0.0,0.1,1530.0,148.41,61.1,97.0,4.82,6.43,7.1,58.2,0.0,65.2,0.5,95.5,452.0,47.3,125771.7,57861.8,0.0
809,78.36,100.0,1.674,1674.0,59.9,56.4,14.3,0.0,0.0,1530.0,149.94,61.2,98.0,4.82,6.43,7.1,56.8,0.0,68.8,8.3,94.3,452.0,47.3,125771.7,57862.9,0.0
810,80.0,100.0,1.584,1584.0,59.8,56.2,14.3,0.0,0.0,1530.0,148.41,61.1,97.0,4.82,6.24,7.05,56.9,0.0,65.1,8.2,94.4,452.0,47.3,125771.7,57864.5,0.0
811,79.51,100.0,1.719,1719.0,59.9,57.2,14.3,0.0,0.0,1530.0,149.94,61.2,98.0,4.82,6.24,7.05,58.9,0.0,67.1,0.5,95.1,451.0,47.3,125771.7,57865.4,0.0
812,40.94,100.0,1.629,1629.0,59.1,61.4,14.3,0.0,0.8,1323.0,0.0,58.7,0.0,4.82,6.24,7.05,61.9,0.0,65.8,8.3,89.8,451.0,48.1,125771.7,58840.9,0.0
813,51.39,100.0,1.71,1710.0,58.9,60.1,14.3,0.0,0.1,1530.0,148.41,59.1,97.0,4.82,6.24,7.05,60.6,0.0,68.0,8.2,90.0,452.0,47.0,125771.7,57442.1,0.0
814,59.26,100.0,1.998,1998.0,58.7,58.6,14.3,0.0,0.0,1530.0,148.41,59.2,97.0,4.82,6.24,7.05,58.9,0.0,64.9,8.3,93.1,452.0,47.0,125771.7,57445.5,0.0
815,60.4,100.0,1.638,1638.0,58.6,58.7,14.3,0.0,0.0,1530.0,149.94,59.3,98.0,4.83,6.3,7.05,59.9,0.0,67.5,0.5,94.4,450.0,47.0,125771.7,57439.4,0.0
816,68.46,100.0,1.674,1674.0,58.2,60.6,14.3,0.0,0.0,1530.0,148.41,59.6,97.0,4.83,6.3,7.05,61.5,0.0,66.1,8.2,94.2,450.0,47.4,125771.7,57916.3,0.0
817,80.24,100.0,1.827,1827.0,58.8,57.6,14.3,0.0,0.0,1530.0,149.94,60.3,98.0,4.83,6.3,7.05,58.6,0.0,67.2,8.1,94.4,450.0,47.4,125771.7,57920.3,0.0
818,80.46,100.0,1.503,1503.0,58.8,56.9,14.3,0.0,0.1,1530.0,149.94,60.5,98.0,4.83,6.3,7.05,57.3,0.0,64.5,0.6,94.2,450.0,47.4,125771.7,57917.0,0.0
819,78.94,100.0,1.674,1674.0,59.2,58.4,14.3,0.0,0.0,1530.0,149.94,60.4,98.0,4.83,6.3,7.05,59.2,0.0,67.9,8.1,94.5,450.0,47.4,125771.7,57915.6,0.0
820,81.01,100.0,1.71,1710.0,59.5,56.3,14.3,0.0,0.1,1530.0,148.41,60.6,97.0,4.83,6.19,7.01,56.7,0.0,65.2,8.3,72.8,450.0,47.4,125771.7,57919.9,0.0
821,79.84,100.0,1.728,1728.0,59.5,56.4,14.3,0.0,0.0,1530.0,149.94,60.7,98.0,4.83,6.19,7.01,56.9,0.0,66.5,8.2,87.6,450.0,47.4,125771.7,57916.7,0.0
822,81.18,100.0,1.503,1503.0,59.6,57.1,14.3,0.0,0.0,1530.0,149.94,60.8,98.0,4.83,6.19,7.01,58.4,0.0,66.4,8.2,95.5,450.0,47.4,125771.7,57917.1,0.0
823,80.19,100.0,1.584,1584.0,59.6,56.3,14.3,0.0,0.0,1530.0,148.41,60.9,97.0,4.83,6.19,7.01,57.6,0.0,66.7,0.5,95.4,450.0,47.4,125771.7,57916.5,0.0
824,81.08,100.0,1.791,1791.0,59.7,55.7,14.3,0.0,0.0,1530.0,142.29,61.1,93.0,4.83,6.19,7.01,57.0,0.0,65.3,8.2,95.3,450.0,47.4,125771.7,57920.8,0.0
825,80.42,100.0,1.728,1728.0,59.8,55.8,14.3,0.0,0.0,1530.0,149.94,60.9,98.0,4.84,6.26,7.01,56.0,0.0,66.5,8.2,78.8,450.0,47.4,125771.7,57920.3,0.0
826,78.11,100.0,1.674,1674.0,59.8,55.4,14.3,0.0,0.0,1530.0,148.41,60.9,97.0,4.84,6.26,7.01,55.2,0.0,67.5,8.2,69.9,450.0,47.4,125771.7,57921.1,0.0
827,81.0,100.0,1.602,1602.0,59.3,56.4,14.3,0.0,0.0,1530.0,149.94,61.0,98.0,4.84,6.26,7.01,57.7,0.0,66.7,0.5,94.3,450.0,47.4,125771.7,57915.6,0.0
828,59.44,100.0,1.656,1656.0,59.7,56.4,14.3,0.0,0.0,1530.0,120.87,60.8,79.0,4.84,6.26,7.01,57.0,0.0,65.8,8.2,95.3,450.0,47.4,125771.7,57919.6,0.0
829,81.13,100.0,1.629,1629.0,59.7,57.6,14.3,0.0,0.1,1530.0,149.94,61.2,98.0,4.84,6.26,7.01,59.0,0.0,67.6,8.3,95.5,450.0,47.4,125771.7,57916.6,0.0
830,78.99,100.0,1.602,1602.0,59.7,58.2,14.3,0.0,0.0,1530.0,149.94,61.1,98.0,4.86,6.4,7.03,59.4,0.0,65.2,8.2,94.3,450.0,47.4,125771.7,57924.3,0.0
831,79.05,100.0,1.701,1701.0,59.8,58.6,14.3,0.0,0.0,1530.0,149.94,61.4,98.0,4.86,6.4,7.03,59.9,0.0,67.0,8.1,95.3,450.0,47.4,125771.7,57924.3,0.0
832,54.21,100.0,1.494,1494.0,59.6,56.5,14.3,0.0,0.0,1530.0,136.17,61.3,89.0,4.86,6.4,7.03,56.8,0.0,66.4,0.5,94.2,450.0,47.4,125771.7,57918.7,0.0
833,79.74,100.0,1.71,1710.0,59.9,56.5,14.3,0.0,0.0,1530.0,149.94,61.1,98.0,4.86,6.4,7.03,57.1,0.0,66.2,8.2,95.5,450.0,47.4,125771.7,57916.6,0.0
834,81.44,100.0,1.782,1782.0,60.0,55.9,14.3,0.0,0.1,1530.0,148.41,61.3,97.0,4.86,6.4,7.03,56.7,0.0,64.1,8.2,90.4,450.0,47.4,125771.7,57919.5,0.0
835,80.21,100.0,1.629,1629.0,60.2,57.0,14.3,0.0,0.0,1530.0,148.41,61.5,97.0,4.86,6.29,7.0,58.0,0.0,66.6,0.6,93.1,450.0,47.4,125771.7,57918.3,0.0
836,79.74,100.0,1.512,1512.0,59.6,57.6,14.3,0.0,0.0,1530.0,149.94,61.3,98.0,4.86,6.29,7.0,58.5,0.0,65.8,8.2,95.3,450.0,47.4,125771.7,57920.1,0.0
837,41.47,100.0,1.782,1782.0,59.1,57.2,14.3,0.0,0.0,1530.0,0.0,59.6,0.0,4.86,6.29,7.0,57.5,0.0,66.4,8.2,78.9,450.0,47.5,125771.7,58101.6,0.0
838,55.1,100.0,1.674,1674.0,58.5,58.2,14.3,0.0,0.0,1530.0,149.94,59.8,98.0,4.86,6.29,7.0,59.4,0.0,66.2,0.5,94.3,450.0,47.0,125771.7,57427.0,0.0
839,59.58,100.0,1.683,1683.0,58.2,61.9,14.3,0.0,0.1,1530.0,148.41,59.9,97.0,4.86,6.29,7.0,63.1,0.0,67.3,8.1,95.5,451.0,47.0,125771.7,57398.9,0.0
840,35.16,100.0,1.755,1755.0,58.4,58.5,14.3,0.0,0.0,1530.0,0.0,58.6,0.0,4.86,6.18,6.96,59.2,0.0,66.2,8.2,92.9,451.0,46.6,125771.7,57371.1,0.0
841,81.29,100.0,1.656,1656.0,59.2,60.5,14.3,0.0,0.0,1530.0,148.41,60.3,97.0,4.86,6.18,6.96,61.5,0.0,66.7,0.5,96.7,451.0,47.3,125771.7,57856.9,0.0
842,76.99,100.0,1.566,1566.0,59.2,58.4,14.3,0.0,0.8,1530.0,148.41,60.7,97.0,4.86,6.18,6.96,59.5,0.0,65.6,8.2,95.3,451.0,47.3,125771.7,57856.9,0.0
843,77.61,100.0,1.647,1647.0,59.2,55.6,14.3,0.0,0.0,1530.0,148.41,60.9,97.0,4.86,6.18,6.96,55.7,0.0,66.8,8.0,71.9,451.0,47.3,125771.7,57857.2,0.0
844,60.23,100.0,1.521,1521.0,58.8,55.4,14.3,0.0,0.1,1530.0,149.94,59.4,98.0,4.86,6.18,6.96,56.1,0.0,63.7,0.6,90.5,451.0,46.0,125771.7,56175.2,0.0
845,58.13,100.0,1.989,1989.0,58.6,60.2,14.3,0.0,0.0,1530.0,149.94,59.6,98.0,4.87,6.25,6.96,61.3,0.0,66.4,8.2,95.4,451.0,46.0,125771.7,56171.9,0.0
846,59.86,100.0,1.575,1575.0,58.2,57.6,14.3,0.0,0.0,1530.0,149.94,59.8,98.0,4.87,6.25,6.96,58.7,0.0,66.4,8.2,95.3,451.0,46.0,125771.7,56174.8,0.0
847,64.45,100.0,1.827,1827.0,58.6,60.8,14.3,0.0,0.0,1530.0,148.41,59.8,97.0,4.87,6.25,6.96,61.7,0.0,66.5,7.8,94.4,451.0,46.4,125771.7,56668.2,0.0
848,80.83,100.0,1.602,1602.0,58.5,52.2,14.3,0.0,0.0,1530.0,148.41,60.7,97.0,4.87,6.25,6.96,53.3,0.0,66.3,8.1,95.3,451.0,46.4,125771.7,56666.5,0.0
849,76.75,100.0,1.395,1395.0,58.6,52.2,14.3,0.0,0.1,1530.0,131.58,60.6,86.0,4.87,6.25,6.96,53.2,0.0,66.4,0.3,95.3,451.0,46.4,125771.7,56666.9,0.0
850,74.93,100.0,1.476,1476.0,58.7,52.1,14.3,0.0,0.0,1530.0,148.41,60.7,97.0,4.89,6.39,6.98,52.8,0.0,66.3,8.1,94.4,451.0,46.4,125771.7,56664.6,0.0
851,74.86,100.0,1.395,1395.0,58.8,52.4,14.3,0.0,0.1,1530.0,149.94,61.0,98.0,4.89,6.39,6.98,53.4,0.0,66.4,8.0,96.5,451.0,46.4,125771.7,56664.6,0.0
852,74.45,100.0,1.485,1485.0,58.8,53.1,14.3,0.0,0.0,1530.0,149.94,60.8,98.0,4.89,6.39,6.98,54.2,0.0,66.3,8.0,95.4,451.0,46.4,125771.7,56665.9,0.0
853,76.17,100.0,1.557,1557.0,59.2,51.7,14.3,0.0,0.0,1530.0,148.41,61.2,97.0,4.89,6.39,6.98,52.8,0.0,66.4,0.4,94.3,451.0,46.4,125771.7,56666.3,0.0
854,78.92,100.0,1.404,1404.0,59.0,53.6,14.3,0.0,0.0,1530.0,142.29,60.9,93.0,4.89,6.39,6.98,54.5,0.0,66.4,8.0,95.4,451.0,46.4,125771.7,56667.4,0.0
855,77.84,100.0,1.683,1683.0,59.1,53.5,14.3,0.0,0.1,1530.0,149.94,60.8,98.0,4.9,6.44,6.98,54.8,0.0,66.4,8.1,93.1,451.0,46.4,125771.7,56663.6,0.0
856,77.48,100.0,1.377,1377.0,59.0,52.9,14.3,0.0,0.0,1530.0,148.41,60.9,97.0,4.9,6.44,6.98,53.9,0.0,66.3,0.4,95.6,451.0,46.4,125771.7,56665.9,0.0
857,79.61,100.0,1.512,1512.0,59.3,51.6,14.3,0.0,0.0,1530.0,148.41,60.9,97.0,4.9,6.44,6.98,52.1,0.0,66.4,7.6,91.8,451.0,46.4,125771.7,56666.7,0.0
858,54.04,100.0,1.926,1926.0,58.5,58.6,14.3,0.0,0.0,1530.0,149.94,59.5,98.0,4.9,6.44,6.98,59.5,0.0,66.4,8.1,92.0,451.0,47.0,125771.7,57371.8,0.0
859,55.5,100.0,1.998,1998.0,58.3,59.9,14.3,0.0,0.0,1530.0,148.41,59.5,97.0,4.9,6.44,6.98,60.4,0.0,66.4,0.6,93.1,451.0,46.9,125771.7,57368.4,0.0
860,63.69,100.0,1.449,1449.0,58.4,60.2,14.3,0.0,0.0,1530.0,149.94,59.6,98.0,4.95,7.04,7.1,61.5,0.0,66.5,8.4,95.5,451.0,46.9,125771.7,57358.1,0.0
861,41.6,100.0,1.638,1638.0,58.1,64.1,14.3,0.0,0.0,1530.0,48.96,58.7,32.0,4.95,7.04,7.1,65.0,0.0,66.4,3.4,94.4,451.0,47.4,125771.7,57891.8,0.0
862,80.14,100.0,1.827,1827.0,58.8,61.1,14.3,0.0,0.1,1530.0,149.94,60.9,98.0,4.95,7.04,7.1,62.5,0.0,66.4,5.4,96.7,451.0,47.4,125771.7,57872.2,0.0
863,61.54,100.0,1.575,1575.0,59.0,59.3,14.3,0.0,0.0,1530.0,113.22,60.3,74.0,4.95,7.04,7.1,59.7,0.0,66.4,8.2,94.3,451.0,47.3,125771.7,57856.1,0.0
864,76.89,100.0,1.692,1692.0,59.1,57.2,14.3,0.0,0.0,1530.0,148.41,60.8,97.0,4.95,7.04,7.1,58.0,0.0,66.4,8.4,94.2,451.0,47.3,125771.7,57865.5,0.0
865,75.65,100.0,1.773,1773.0,59.2,57.3,14.3,0.0,0.0,1530.0,148.41,60.8,97.0,4.96,7.04,7.1,58.3,0.0,66.5,8.0,95.3,451.0,47.3,125771.7,57870.5,0.0
866,77.39,100.0,1.935,1935.0,59.3,56.0,14.3,0.0,0.0,1530.0,148.41,61.3,97.0,4.96,7.04,7.1,56.4,0.0,66.4,0.8,93.2,451.0,47.3,125771.7,57859.5,0.0
867,74.9,100.0,1.539,1539.0,59.4,57.8,14.3,0.0,0.0,1530.0,149.94,61.2,98.0,4.96,7.04,7.1,58.6,0.0,66.4,8.3,95.2,451.0,47.3,125771.7,57848.8,0.0
868,77.15,100.0,1.647,1647.0,59.5,57.3,14.3,0.0,0.1,1530.0,148.41,61.2,97.0,4.96,7.04,7.1,57.8,0.0,66.5,8.3,92.9,451.0,47.3,125771.7,57851.8,0.0
869,78.11,100.0,1.494,1494.0,59.2,57.0,14.3,0.0,0.0,1530.0,142.29,61.1,93.0,4.96,7.04,7.1,57.9,0.0,66.4,0.6,92.7,451.0,47.3,125771.7,57850.6,0.0
870,76.1,100.0,1.494,1494.0,59.2,57.4,14.3,0.0,0.0,1530.0,149.94,61.1,98.0,5.01,7.52,7.19,57.4,0.0,66.4,8.3,74.2,451.0,47.3,125771.7,57851.5,0.0
871,78.04,100.0,1.827,1827.0,59.7,59.5,14.3,0.0,0.0,1530.0,148.41,61.1,97.0,5.01,7.52,7.19,60.4,0.0,66.5,8.3,95.6,451.0,47.3,125771.7,57855.0,0.0
872,77.63,100.0,1.845,1845.0,59.2,58.0,14.3,0.0,0.9,1530.0,149.94,61.4,98.0,5.01,7.52,7.19,58.7,0.0,66.4,0.6,95.4,451.0,47.3,125771.7,57855.7,0.0
873,75.46,100.0,1.863,1863.0,59.6,57.2,14.3,0.0,0.1,1530.0,148.41,61.2,97.0,5.01,7.52,7.19,57.9,0.0,66.4,8.3,94.3,451.0,47.3,125771.7,57853.1,0.0
874,53.35,100.0,1.836,1836.0,59.0,58.0,14.3,0.0,0.0,1530.0,148.41,60.1,97.0,5.01,7.52,7.19,59.0,0.0,66.5,8.3,95.7,451.0,46.0,125771.7,56213.0,0.0
875,35.54,100.0,1.98,1980.0,58.9,58.3,14.3,0.0,0.0,1476.0,0.0,58.4,0.0,5.03,7.64,7.23,59.2,0.0,66.4,8.3,95.5,451.0,45.9,125771.7,56214.0,0.0
876,57.85,100.0,1.512,1512.0,58.1,58.9,14.3,0.0,0.0,1530.0,149.94,59.8,98.0,5.03,7.64,7.23,59.6,0.0,66.5,0.6,94.3,451.0,46.0,125771.7,56211.1,0.0
877,63.32,100.0,1.998,1998.0,58.2,61.8,14.3,0.0,0.0,1431.0,124.5,58.5,87.0,5.03,7.64,7.23,63.1,0.0,66.4,8.2,95.2,451.0,46.0,125771.7,56216.0,0.0
878,76.69,100.0,1.665,1665.0,59.0,58.8,14.3,0.0,0.1,1530.0,148.41,60.2,97.0,5.03,7.64,7.23,60.0,0.0,66.4,8.3,95.5,451.0,46.4,125771.7,56707.0,0.0
879,76.08,100.0,1.773,1773.0,59.0,58.8,14.3,0.0,0.0,1530.0,149.94,60.6,98.0,5.03,7.64,7.23,59.5,0.0,66.4,0.6,92.8,451.0,46.4,125771.7,56708.2,0.0
880,76.95,100.0,1.782,1782.0,59.1,57.8,14.3,0.0,0.0,1530.0,148.41,61.0,97.0,5.04,7.59,7.22,58.3,0.0,66.4,8.3,81.8,450.0,46.4,125771.7,56705.7,0.0
881,74.32,100.0,1.566,1566.0,59.5,57.7,14.3,0.0,0.0,1530.0,149.94,61.2,98.0,5.04,7.59,7.22,58.6,0.0,66.5,8.3,95.7,450.0,46.4,125771.7,56707.6,0.0
882,75.63,100.0,1.836,1836.0,59.2,59.1,14.3,0.0,0.0,1530.0,149.94,61.2,98.0,5.04,7.59,7.22,60.3,0.0,66.4,8.2,93.8,450.0,46.4,125771.7,56708.0,0.0
883,75.38,100.0,1.539,1539.0,59.2,59.1,14.3,0.0,0.1,1530.0,149.94,61.2,98.0,5.04,7.59,7.22,60.2,0.0,65.5,0.5,94.4,450.0,46.4,125771.7,56711.8,0.0
884,75.24,100.0,1.503,1503.0,59.0,57.5,14.3,0.0,0.0,1530.0,149.94,61.4,98.0,5.04,7.59,7.22,58.4,0.0,65.6,8.3,95.4,450.0,46.4,125771.7,56708.0,0.0
885,76.51,100.0,1.53,1530.0,59.4,57.2,14.3,0.0,0.0,1530.0,149.94,61.1,98.0,5.06,7.62,7.23,57.6,0.0,67.3,7.9,94.3,449.0,46.4,125771.7,56708.6,0.0
886,77.38,100.0,1.575,1575.0,59.2,56.2,14.3,0.0,0.0,1530.0,148.41,61.2,97.0,5.06,7.62,7.23,56.3,0.0,65.1,0.6,93.3,449.0,46.4,125771.7,56708.5,0.0
887,76.83,100.0,1.827,1827.0,59.3,58.3,14.3,0.0,0.0,1530.0,149.94,61.3,98.0,5.06,7.62,7.23,59.0,0.0,62.5,7.8,94.3,449.0,46.4,125771.7,56718.8,0.0
888,33.74,100.0,1.701,1701.0,59.1,59.3,14.3,0.0,0.1,1485.0,2.97,58.9,2.0,5.06,7.62,7.23,60.3,0.0,66.4,7.9,94.2,449.0,47.5,125771.7,58035.4,0.0
889,76.29,100.0,1.683,1683.0,59.1,58.6,14.3,0.0,0.0,1530.0,149.94,60.9,98.0,5.06,7.62,7.23,59.0,0.0,66.4,7.9,93.2,449.0,47.5,125771.7,58016.8,0.0
890,74.76,100.0,1.701,1701.0,59.5,54.8,14.3,0.0,0.0,1530.0,148.41,61.3,97.0,5.06,7.49,7.21,55.3,0.0,66.4,8.2,81.5,449.0,47.5,125771.7,57999.9,0.0
891,76.62,100.0,1.665,1665.0,59.6,56.4,14.3,0.0,0.0,1530.0,148.41,61.1,97.0,5.06,7.49,7.21,57.3,0.0,66.4,0.5,96.7,449.0,47.5,125771.7,58009.7,0.0
892,65.54,100.0,1.935,1935.0,59.7,57.7,14.3,0.0,0.0,1530.0,148.41,61.4,97.0,5.06,7.49,7.21,58.9,0.0,66.4,8.3,95.5,449.0,47.5,125771.7,58001.9,0.0
893,75.96,100.0,1.503,1503.0,59.6,55.2,14.3,0.0,0.0,1530.0,122.4,61.3,80.0,5.06,7.49,7.21,56.0,0.0,66.4,8.3,94.5,449.0,47.5,125771.7,57997.6,0.0
894,76.18,100.0,1.593,1593.0,59.6,56.7,14.3,0.0,0.0,1530.0,142.29,61.3,93.0,5.06,7.49,7.21,57.5,0.0,66.5,8.2,94.1,449.0,47.5,125771.7,57998.1,0.0
895,77.36,100.0,1.674,1674.0,59.7,57.9,14.3,0.0,0.0,1530.0,145.35,61.4,95.0,5.06,7.29,7.18,59.2,0.0,66.4,7.9,95.6,449.0,47.4,125771.7,57996.8,0.0
896,75.98,100.0,1.521,1521.0,59.9,58.0,14.3,0.0,0.0,1530.0,146.88,61.6,96.0,5.06,7.29,7.18,59.0,0.0,66.4,0.6,95.5,449.0,47.5,125771.7,58003.9,0.0
897,76.74,100.0,1.845,1845.0,59.9,60.0,14.3,0.0,0.0,1530.0,148.41,61.5,97.0,5.06,7.29,7.18,60.4,0.0,66.4,8.2,90.2,449.0,47.5,125771.7,58000.5,0.0
898,75.06,100.0,1.602,1602.0,59.8,59.0,14.3,0.0,0.0,1530.0,146.88,61.5,96.0,5.06,7.29,7.18,60.5,0.0,66.4,8.3,95.4,449.0,47.5,125771.7,57999.1,0.0
899,74.41,100.0,1.593,1593.0,59.8,59.6,14.3,0.0,0.1,1530.0,148.41,61.6,97.0,5.06,7.29,7.18,61.0,0.0,66.4,8.3,95.3,450.0,47.5,125771.7,57998.0,0.0
