elapsed_sec,cores_active_percent,cpu_freq_ghz,cpu_freq_mhz,cpu_temp,cpu_total,disk_percent,disk_read_rate_mbps,disk_write_rate_mbps,gpu_clock_mhz,gpu_effective_throughput,gpu_mem_clock_mhz,gpu_mem_total_mb,gpu_mem_used_mb,gpu_power_w,gpu_temp,gpu_util,load_15m,load_1m,load_5m,mean_core_util,net_errors,net_recv_rate_mbps,net_sent_rate_mbps,peak_core_util,process_count,ram_percent,ram_total_mb,ram_used_mb,swap_percent,vcn_util
0,0.0,1.587,1587.2,49.375,0.0,11.2,0.0,0.0,2772.0,274.43,1000.0,2048.0,185.9,85.04,47.0,99.0,0.08,1.12,0.27,0.0,0.0,0.0,0.0,0.0,503.0,38.7,126428.7,47810.5,0.0,0.0
1,90.6,1.632,1631.9,48.625,21.4,11.2,0.0,0.0,2745.0,271.76,1000.0,2048.0,185.9,85.01,47.0,99.0,0.08,1.12,0.27,21.4,0.0,67.1,7.9,49.5,511.0,38.7,126428.7,47831.5,0.0,0.0
2,84.4,3.427,3426.9,53.0,20.4,11.2,0.3,0.0,2279.0,177.76,1000.0,2048.0,186.2,81.03,45.0,78.0,0.08,1.12,0.27,20.3,0.0,67.1,7.9,49.0,512.0,39.3,126428.7,48539.0,0.0,0.0
3,87.5,1.636,1636.3,53.125,20.6,11.2,0.0,0.0,2373.0,206.45,1000.0,2048.0,186.1,86.0,50.0,87.0,0.08,1.12,0.27,20.7,0.0,67.1,0.6,67.0,527.0,39.3,126428.7,48537.8,0.0,0.0
4,93.8,1.636,1636.2,54.5,22.7,11.2,0.0,0.1,2425.0,215.82,1000.0,2048.0,186.4,86.06,50.0,89.0,0.1,1.27,0.32,22.8,0.0,67.1,7.9,82.0,527.0,39.7,126428.7,49026.9,0.0,0.0
5,93.8,1.624,1624.2,52.0,22.7,11.2,0.0,0.0,2504.0,235.38,1000.0,2048.0,186.4,85.02,47.0,94.0,0.1,1.27,0.32,22.8,0.0,67.0,0.6,96.0,527.0,39.7,126428.7,49029.4,0.0,0.0
6,96.9,1.616,1616.2,50.625,23.6,11.2,0.0,0.0,2619.0,254.04,1000.0,2048.0,186.4,84.09,48.0,97.0,0.1,1.27,0.32,23.6,0.0,67.1,7.9,98.0,527.0,39.7,126428.7,49031.5,0.0,0.0
7,78.1,1.624,1623.9,49.875,23.6,11.2,0.0,0.0,2689.0,263.52,1000.0,2048.0,186.4,85.02,48.0,98.0,0.1,1.27,0.32,23.5,0.0,67.0,0.5,70.4,527.0,39.7,126428.7,49036.9,0.0,0.0
8,71.9,1.597,1597.3,49.5,23.6,11.2,0.0,0.0,2715.0,266.07,1000.0,2048.0,186.4,84.1,49.0,98.0,0.1,1.27,0.32,23.6,0.0,67.1,7.9,75.0,527.0,39.7,126428.7,49016.5,0.0,0.0
9,81.2,1.601,1601.3,49.25,24.2,11.2,0.0,0.0,2705.0,267.8,1000.0,2048.0,186.4,84.09,48.0,99.0,0.12,1.41,0.36,24.1,0.0,67.1,8.0,66.7,527.0,39.7,126428.7,49020.4,0.0,0.0
10,78.1,1.613,1613.2,49.375,21.7,11.2,0.0,0.0,2721.0,269.38,1000.0,2048.0,186.4,84.09,49.0,99.0,0.12,1.41,0.36,21.7,0.0,67.0,0.5,98.0,527.0,39.7,126428.7,49022.8,0.0,0.0
11,71.9,1.621,1621.1,54.5,19.1,11.2,0.0,1.3,2405.0,204.42,1000.0,2048.0,186.8,84.08,47.0,85.0,0.12,1.41,0.36,18.9,0.0,67.2,8.0,60.0,527.0,40.2,126428.7,49703.0,0.0,0.0
12,81.2,1.602,1602.3,54.0,21.8,11.2,0.0,1.5,2443.0,222.31,1000.0,2048.0,186.8,85.06,52.0,91.0,0.12,1.41,0.36,21.7,0.0,67.0,7.8,79.0,527.0,40.2,126428.7,49691.8,0.0,0.0
13,96.9,1.622,1621.5,54.0,21.4,11.2,0.0,0.0,2453.0,223.22,1000.0,2048.0,187.2,85.05,49.0,91.0,0.12,1.41,0.36,21.4,0.0,67.1,8.0,59.0,527.0,40.6,126428.7,50192.2,0.0,0.0
14,84.4,1.615,1615.3,52.125,22.6,11.2,0.0,0.2,2584.0,248.06,1000.0,2048.0,187.2,85.02,49.0,96.0,0.13,1.54,0.41,22.5,0.0,67.1,0.6,55.4,527.0,40.6,126428.7,50205.0,0.0,0.0
15,87.5,1.625,1624.8,51.25,22.2,11.2,0.0,0.0,2657.0,257.73,1000.0,2048.0,187.2,85.0,50.0,97.0,0.13,1.54,0.41,22.3,0.0,67.0,7.8,73.7,527.0,40.6,126428.7,50202.6,0.0,0.0
16,84.4,1.644,1644.3,50.75,23.6,11.2,0.0,0.1,2696.0,264.21,1000.0,2048.0,187.2,84.09,50.0,98.0,0.13,1.54,0.41,23.3,0.0,67.1,7.9,86.1,527.0,40.6,126428.7,50202.9,0.0,0.0
17,81.2,1.633,1632.9,50.5,21.7,11.2,0.0,4.0,2699.0,267.2,1000.0,2048.0,187.2,84.09,50.0,99.0,0.13,1.54,0.41,21.7,0.0,67.1,0.6,100.0,527.0,40.6,126428.7,50210.0,0.0,0.0
18,84.4,1.615,1614.7,50.375,22.7,11.2,0.0,0.0,2719.0,269.18,1000.0,2048.0,187.2,84.09,50.0,99.0,0.13,1.54,0.41,22.5,0.0,67.0,7.8,100.0,527.0,40.6,126428.7,50190.1,0.0,0.0
19,100.0,1.639,1638.7,50.5,22.6,11.2,0.0,0.0,2724.0,269.68,1000.0,2048.0,187.2,84.1,50.0,99.0,0.16,1.81,0.48,22.8,0.0,67.1,0.6,100.0,527.0,40.6,126428.7,50193.6,0.0,0.0
20,87.5,1.622,1621.8,50.5,22.3,11.2,0.0,0.2,2722.0,269.48,1000.0,2048.0,187.2,84.09,50.0,99.0,0.16,1.81,0.48,22.0,0.0,67.1,15.2,100.0,527.0,40.6,126428.7,50189.5,0.0,0.0
21,90.6,1.623,1623.1,50.625,22.8,11.2,0.0,0.0,2716.0,268.88,1000.0,2048.0,187.2,84.09,50.0,99.0,0.16,1.81,0.48,22.7,0.0,67.1,2.8,100.0,527.0,40.6,126428.7,50195.3,0.0,0.0
22,87.5,1.642,1641.6,50.75,21.9,11.2,0.0,0.0,2726.0,269.87,1000.0,2048.0,187.2,84.09,51.0,99.0,0.16,1.81,0.48,21.8,0.0,66.9,5.6,100.0,527.0,40.6,126428.7,50206.4,0.0,0.0
23,81.2,1.61,1609.7,50.875,23.5,11.2,0.0,0.0,2730.0,270.27,1000.0,2048.0,187.2,84.09,51.0,99.0,0.16,1.81,0.48,23.4,0.0,67.2,7.9,100.0,527.0,40.6,126428.7,50207.9,0.0,0.0
24,78.1,1.636,1635.9,51.125,22.5,11.2,0.0,0.0,2735.0,270.76,1000.0,2048.0,187.2,85.0,51.0,99.0,0.19,2.15,0.58,22.4,0.0,66.2,0.5,100.0,527.0,40.6,126428.7,50198.8,0.0,0.0
25,78.1,3.623,3622.9,55.75,19.7,11.2,0.0,0.1,2286.0,176.02,1000.0,2048.0,187.6,78.03,48.0,77.0,0.19,2.15,0.58,19.8,0.0,66.2,8.0,96.0,528.0,41.2,126428.7,50950.8,0.0,0.0
26,87.5,1.619,1619.4,57.125,19.9,11.2,0.0,3.6,2399.0,213.51,1000.0,2048.0,187.5,85.09,55.0,89.0,0.19,2.15,0.58,19.8,0.0,68.8,7.9,72.0,532.0,41.2,126428.7,50970.2,0.0,0.0
27,93.8,1.615,1615.2,57.5,21.1,11.2,0.0,0.0,2424.0,215.74,1000.0,2048.0,188.2,86.06,53.0,89.0,0.19,2.15,0.58,21.0,0.0,66.1,4.5,53.0,532.0,41.6,126428.7,51477.2,0.0,0.0
28,90.6,1.613,1612.9,55.125,21.5,11.2,0.0,0.0,2538.0,238.57,1000.0,2048.0,188.2,85.02,52.0,94.0,0.19,2.15,0.58,21.3,0.0,68.0,3.9,100.0,532.0,41.6,126428.7,51452.4,0.0,0.0
29,96.9,1.609,1609.3,53.75,23.7,11.2,0.0,0.2,2642.0,256.27,1000.0,2048.0,188.2,85.0,52.0,97.0,0.21,2.3,0.63,23.6,0.0,66.9,7.9,100.0,532.0,41.6,126428.7,51447.0,0.0,0.0
30,96.9,1.607,1606.6,52.875,22.1,11.2,0.0,0.1,2669.0,261.56,1000.0,2048.0,188.2,85.0,51.0,98.0,0.21,2.3,0.63,22.2,0.0,67.2,7.8,86.0,532.0,41.6,126428.7,51457.6,0.0,0.0
31,90.6,1.646,1645.7,52.5,22.7,11.2,0.0,0.0,2684.0,265.72,1000.0,2048.0,188.2,84.09,52.0,99.0,0.21,2.3,0.63,22.7,0.0,67.1,7.9,64.0,532.0,41.6,126428.7,51461.7,0.0,0.0
32,96.9,1.615,1615.0,52.375,22.9,11.2,0.0,0.0,2699.0,267.2,1000.0,2048.0,188.2,84.09,52.0,99.0,0.21,2.3,0.63,22.8,0.0,67.1,7.9,68.7,532.0,41.6,126428.7,51452.1,0.0,0.0
33,90.6,1.635,1635.1,52.25,22.0,11.2,0.0,0.0,2695.0,266.8,1000.0,2048.0,188.2,84.1,52.0,99.0,0.21,2.3,0.63,22.1,0.0,66.4,0.6,89.0,532.0,41.6,126428.7,51450.1,0.0,0.0
34,87.5,1.636,1636.5,52.125,22.3,11.2,0.0,0.0,2696.0,266.9,1000.0,2048.0,188.2,85.0,53.0,99.0,0.22,2.35,0.67,22.3,0.0,67.7,7.8,77.0,532.0,41.6,126428.7,51456.0,0.0,0.0
35,96.9,1.609,1609.1,52.25,22.9,11.2,0.0,0.0,2690.0,266.31,1000.0,2048.0,188.2,84.1,51.0,99.0,0.22,2.35,0.67,22.8,0.0,67.1,7.9,88.0,532.0,41.6,126428.7,51471.7,0.0,0.0
36,87.5,1.62,1619.7,52.375,21.8,11.2,0.0,0.0,2665.0,263.83,1000.0,2048.0,188.2,84.09,52.0,99.0,0.22,2.35,0.67,21.6,0.0,67.0,0.6,100.0,532.0,41.6,126428.7,51457.7,0.0,0.0
37,78.1,2.205,2204.7,59.25,16.1,11.2,0.0,0.0,2275.0,186.55,1000.0,2048.0,188.4,85.09,56.0,82.0,0.22,2.35,0.67,15.9,0.0,66.4,7.9,86.0,533.0,42.2,126428.7,52181.1,0.0,0.0
38,84.4,2.414,2413.9,57.625,22.7,11.2,0.0,0.0,2300.0,197.8,1000.0,2048.0,188.4,81.08,44.0,86.0,0.22,2.35,0.67,22.7,0.0,67.6,7.9,100.0,533.0,41.6,126428.7,51409.2,0.0,0.0
39,81.2,1.623,1623.3,57.375,21.5,11.2,0.0,0.0,2474.0,230.08,1000.0,2048.0,188.2,85.03,52.0,93.0,0.24,2.41,0.71,21.7,0.0,67.2,0.5,93.1,533.0,42.6,126428.7,52652.0,0.0,0.0
40,84.4,1.613,1612.9,55.625,22.1,11.2,0.0,0.0,2627.0,252.19,1000.0,2048.0,188.2,85.0,53.0,96.0,0.24,2.41,0.71,22.0,0.0,67.1,7.9,100.0,533.0,42.6,126428.7,52665.7,0.0,0.0
41,78.1,1.64,1640.3,54.625,22.9,11.2,0.0,0.0,2697.0,264.31,1000.0,2048.0,188.2,84.1,53.0,98.0,0.24,2.41,0.71,22.7,0.0,66.8,7.9,100.0,533.0,42.6,126428.7,52645.0,0.0,0.0
42,81.2,1.639,1639.2,54.0,22.2,11.2,0.0,0.0,2717.0,268.98,1000.0,2048.0,188.2,85.0,53.0,99.0,0.24,2.41,0.71,22.0,0.0,67.3,0.6,100.0,533.0,42.5,126428.7,52617.1,0.0,0.0
43,90.6,1.645,1645.1,53.625,21.6,11.2,0.0,0.0,2712.0,268.49,1000.0,2048.0,188.2,84.1,53.0,99.0,0.24,2.41,0.71,21.6,0.0,67.1,7.8,100.0,533.0,42.5,126428.7,52630.8,0.0,0.0
44,84.4,1.628,1628.2,53.5,22.3,11.2,0.0,0.0,2713.0,268.59,1000.0,2048.0,188.2,84.1,53.0,99.0,0.25,2.37,0.73,22.2,0.0,66.7,7.8,100.0,533.0,42.5,126428.7,52602.1,0.0,0.0
45,87.5,1.65,1650.3,53.5,22.0,11.2,0.0,1.9,2678.0,265.12,1000.0,2048.0,188.2,85.01,53.0,99.0,0.25,2.37,0.73,22.0,0.0,66.1,0.7,100.0,533.0,42.5,126428.7,52610.9,0.0,0.0
46,84.4,3.06,3059.8,60.375,17.0,11.2,0.0,0.0,2273.0,186.39,1000.0,2048.0,188.2,85.1,56.0,82.0,0.25,2.37,0.73,16.9,0.0,68.3,7.8,71.0,533.0,43.1,126428.7,53279.8,0.0,0.0
47,90.6,1.64,1640.3,58.625,22.6,11.2,0.0,0.1,2319.0,201.75,1000.0,2048.0,188.2,81.09,45.0,87.0,0.25,2.37,0.73,22.5,0.0,67.1,7.9,100.0,533.0,42.4,126428.7,52444.5,0.0,0.0
48,93.8,1.629,1628.9,57.875,21.6,11.2,0.0,0.0,2453.0,225.68,1000.0,2048.0,188.4,85.04,53.0,92.0,0.25,2.37,0.73,21.5,0.0,67.1,7.9,99.0,533.0,43.5,126428.7,53810.2,0.0,0.0
49,78.1,1.622,1621.5,56.25,22.2,11.2,0.0,0.0,2604.0,249.98,1000.0,2048.0,188.4,85.01,53.0,96.0,0.28,2.66,0.82,22.3,0.0,67.0,0.5,100.0,533.0,43.5,126428.7,53790.5,0.0,0.0
50,87.5,1.621,1621.4,55.375,23.4,11.2,0.0,0.0,2676.0,262.25,1000.0,2048.0,188.4,84.1,53.0,98.0,0.28,2.66,0.82,23.4,0.0,67.1,7.9,100.0,533.0,43.5,126428.7,53796.6,0.0,0.0
51,90.6,1.624,1623.5,54.75,24.3,11.2,0.0,0.0,2677.0,262.35,1000.0,2048.0,188.4,85.01,53.0,98.0,0.28,2.66,0.82,24.4,0.0,67.0,7.8,100.0,533.0,43.5,126428.7,53810.2,0.0,0.0
52,90.6,1.624,1623.9,54.5,22.2,11.2,0.0,0.0,2686.0,265.91,1000.0,2048.0,188.4,84.09,53.0,99.0,0.28,2.66,0.82,22.3,0.0,67.0,0.6,100.0,533.0,43.5,126428.7,53791.9,0.0,0.0
53,78.1,1.617,1616.6,54.375,21.3,11.2,0.0,0.0,2704.0,267.7,1000.0,2048.0,188.4,84.1,54.0,99.0,0.28,2.66,0.82,21.3,0.0,67.1,7.8,100.0,533.0,43.5,126428.7,53812.3,0.0,0.0
54,87.5,1.619,1619.1,54.25,22.0,11.2,0.0,0.0,2713.0,268.59,1000.0,2048.0,188.4,85.0,54.0,99.0,0.31,2.85,0.89,22.0,0.0,67.1,7.9,100.0,533.0,43.5,126428.7,53814.2,0.0,0.0
55,68.8,1.668,1667.9,54.25,21.0,11.2,0.0,0.0,2710.0,268.29,1000.0,2048.0,188.4,84.1,54.0,99.0,0.31,2.85,0.89,20.7,0.0,63.7,7.9,100.0,533.0,43.5,126428.7,53796.3,0.0,0.0
56,81.2,1.644,1644.2,54.25,20.2,11.2,0.0,0.0,2710.0,268.29,1000.0,2048.0,188.4,84.1,53.0,99.0,0.31,2.85,0.89,20.3,0.0,69.1,0.5,99.0,533.0,43.4,126428.7,53776.9,0.0,0.0
57,81.2,1.64,1640.5,54.375,22.6,11.2,0.0,0.1,2711.0,268.39,1000.0,2048.0,188.4,85.0,54.0,99.0,0.31,2.85,0.89,22.6,0.0,65.8,7.9,98.0,533.0,43.4,126428.7,53768.0,0.0,0.0
58,90.6,1.649,1648.8,54.25,22.2,11.2,0.0,0.0,2692.0,266.51,1000.0,2048.0,188.4,84.1,53.0,99.0,0.31,2.85,0.89,22.1,0.0,66.3,0.6,100.0,533.0,43.4,126428.7,53775.6,0.0,0.0
59,87.5,1.622,1621.5,54.25,21.1,11.2,0.0,0.0,2682.0,265.52,1000.0,2048.0,188.4,85.02,54.0,99.0,0.33,3.02,0.96,21.2,0.0,68.1,7.8,86.9,533.0,43.4,126428.7,53767.1,0.0,0.0
60,87.5,1.62,1620.2,54.375,21.7,11.2,0.0,0.0,2687.0,266.01,1000.0,2048.0,188.4,85.0,54.0,99.0,0.33,3.02,0.96,21.6,0.0,67.2,7.8,78.2,534.0,43.4,126428.7,53768.6,0.0,0.0
61,93.8,1.649,1649.4,54.375,22.1,11.2,0.0,0.1,2636.0,255.69,1000.0,2048.0,188.4,85.01,54.0,97.0,0.33,3.02,0.96,22.0,0.0,63.4,7.9,98.0,533.0,43.4,126428.7,53775.0,0.0,0.0
62,90.6,1.641,1641.2,54.5,21.1,11.2,0.0,0.0,2660.0,260.68,1000.0,2048.0,188.4,84.09,54.0,98.0,0.33,3.02,0.96,21.1,0.0,66.6,0.5,100.0,533.0,43.4,126428.7,53770.4,0.0,0.0
63,93.8,1.645,1645.3,54.625,22.4,11.2,0.0,0.0,2693.0,266.61,1000.0,2048.0,188.4,85.0,54.0,99.0,0.33,3.02,0.96,22.3,0.0,67.9,7.9,100.0,533.0,43.5,126428.7,53782.7,0.0,0.0
64,87.5,1.647,1646.8,54.75,22.5,11.2,0.0,0.0,2710.0,268.29,1000.0,2048.0,188.4,84.09,54.0,99.0,0.36,3.18,1.03,22.5,0.0,68.0,7.8,100.0,533.0,43.4,126428.7,53773.7,0.0,0.0
65,87.5,1.677,1677.3,54.75,21.5,11.2,0.0,0.0,2720.0,269.28,1000.0,2048.0,188.4,85.01,54.0,99.0,0.36,3.18,1.03,21.6,0.0,65.4,0.6,100.0,533.0,43.4,126428.7,53764.4,0.0,0.0
66,75.0,1.676,1676.4,54.875,20.6,11.2,0.0,0.0,2727.0,269.97,1000.0,2048.0,188.4,85.0,55.0,99.0,0.36,3.18,1.03,20.4,0.0,67.7,7.8,99.0,533.0,43.4,126428.7,53764.7,0.0,0.0
67,78.1,1.648,1647.5,55.0,21.4,11.2,0.0,0.1,2725.0,269.77,1000.0,2048.0,188.4,84.1,55.0,99.0,0.36,3.18,1.03,21.2,0.0,67.5,7.9,100.0,533.0,43.4,126428.7,53768.1,0.0,0.0
68,87.5,1.682,1681.5,55.0,21.7,11.2,0.0,0.0,2730.0,270.27,1000.0,2048.0,188.4,85.01,54.0,99.0,0.36,3.18,1.03,21.5,0.0,67.3,7.8,100.0,533.0,43.4,126428.7,53768.8,0.0,0.0
69,84.4,1.624,1624.3,55.125,20.9,11.2,0.0,0.0,2732.0,270.47,1000.0,2048.0,188.4,84.1,54.0,99.0,0.39,3.49,1.13,21.0,0.0,67.4,0.5,100.0,533.0,43.4,126428.7,53771.6,0.0,0.0
70,68.8,1.662,1661.6,55.25,21.8,11.2,0.0,0.0,2743.0,271.56,1000.0,2048.0,188.4,84.1,55.0,99.0,0.39,3.49,1.13,21.8,0.0,65.3,7.9,100.0,533.0,43.4,126428.7,53768.4,0.0,0.0
71,84.4,1.64,1640.2,55.25,21.5,11.2,0.0,0.0,2731.0,270.37,1000.0,2048.0,188.4,84.09,55.0,99.0,0.39,3.49,1.13,21.3,0.0,68.5,7.8,100.0,533.0,43.4,126428.7,53776.5,0.0,0.0
72,84.4,1.662,1662.2,55.125,21.1,11.2,0.0,0.0,2711.0,268.39,1000.0,2048.0,188.4,84.1,55.0,99.0,0.39,3.49,1.13,20.9,0.0,67.0,7.9,86.0,533.0,43.5,126428.7,53778.4,0.0,0.0
73,87.5,1.661,1660.9,55.25,20.2,11.2,0.0,0.0,2691.0,266.41,1000.0,2048.0,188.4,85.0,54.0,99.0,0.39,3.49,1.13,20.0,0.0,66.9,0.5,89.9,533.0,43.4,126428.7,53773.1,0.0,0.0
74,90.6,1.668,1668.0,55.5,21.5,11.2,0.0,0.0,2661.0,255.46,1000.0,2048.0,188.4,83.03,53.0,96.0,0.42,3.61,1.19,21.5,0.0,64.7,7.9,96.0,533.0,43.4,126428.7,53768.9,0.0,0.0
75,90.6,1.648,1648.1,56.375,21.9,11.2,0.0,0.0,2585.0,250.74,1000.0,2048.0,188.4,84.1,55.0,97.0,0.42,3.61,1.19,22.0,0.0,67.1,7.8,82.0,533.0,43.4,126428.7,53776.1,0.0,0.0
76,81.2,1.654,1654.0,56.0,21.0,11.2,0.0,0.0,2658.0,260.48,1000.0,2048.0,188.4,84.1,55.0,98.0,0.42,3.61,1.19,20.6,0.0,67.2,0.5,100.0,533.0,43.4,126428.7,53775.7,0.0,0.0
77,84.4,1.653,1653.3,55.875,22.1,11.2,0.0,0.0,2701.0,267.4,1000.0,2048.0,188.4,84.1,55.0,99.0,0.42,3.61,1.19,22.2,0.0,66.9,7.8,100.0,533.0,43.5,126428.7,53780.2,0.0,0.0
78,78.1,1.685,1684.8,55.75,21.8,11.2,0.0,0.0,2705.0,267.8,1000.0,2048.0,188.4,85.0,55.0,99.0,0.42,3.61,1.19,21.8,0.0,67.0,7.9,100.0,533.0,43.5,126428.7,53779.2,0.0,0.0
79,84.4,1.644,1643.7,55.625,20.8,11.2,0.0,0.0,2697.0,267.0,1000.0,2048.0,188.4,85.0,55.0,99.0,0.44,3.72,1.25,20.6,0.0,67.1,0.5,100.0,533.0,43.4,126428.7,53776.1,0.0,0.0
80,84.4,1.698,1698.2,55.625,20.6,11.2,0.0,0.0,2688.0,266.11,1000.0,2048.0,188.4,85.0,55.0,99.0,0.44,3.72,1.25,20.7,0.0,67.0,7.9,100.0,533.0,43.5,126428.7,53785.3,0.0,0.0
81,84.4,1.678,1678.4,55.75,21.3,11.2,0.0,0.0,2690.0,266.31,1000.0,2048.0,188.4,85.01,56.0,99.0,0.44,3.72,1.25,21.3,0.0,67.0,7.8,93.0,533.0,43.4,126428.7,53772.1,0.0,0.0
82,87.5,1.668,1667.8,55.75,21.3,11.2,0.0,0.0,2655.0,262.85,1000.0,2048.0,188.4,84.09,55.0,99.0,0.44,3.72,1.25,21.1,0.0,67.1,7.8,62.6,533.0,43.5,126428.7,53784.4,0.0,0.0
83,84.4,1.649,1649.1,56.0,20.1,11.2,0.0,0.0,2615.0,256.27,1000.0,2048.0,188.4,85.0,56.0,98.0,0.44,3.72,1.25,20.2,0.0,67.1,0.5,67.0,533.0,43.4,126428.7,53761.6,0.0,0.0
84,78.1,1.684,1684.3,56.125,20.1,11.2,0.0,0.0,2680.0,265.32,1000.0,2048.0,188.4,84.1,56.0,99.0,0.47,3.9,1.33,19.8,0.0,66.9,7.9,94.9,533.0,43.4,126428.7,53757.5,0.0,0.0
85,78.1,1.788,1787.5,56.125,20.2,11.2,0.0,0.0,2712.0,268.49,1000.0,2048.0,188.4,85.0,55.0,99.0,0.47,3.9,1.33,20.1,0.0,67.0,7.8,100.0,533.0,43.4,126428.7,53773.9,0.0,0.0
86,87.5,1.775,1774.7,56.125,20.0,11.2,0.0,0.0,2713.0,268.59,1000.0,2048.0,188.4,85.0,56.0,99.0,0.47,3.9,1.33,19.8,0.0,67.1,7.8,100.0,533.0,43.4,126428.7,53775.2,0.0,0.0
87,87.5,1.738,1737.7,56.125,20.5,11.2,0.0,0.0,2703.0,267.6,1000.0,2048.0,188.4,85.02,56.0,99.0,0.47,3.9,1.33,20.6,0.0,67.0,7.8,80.0,533.0,43.4,126428.7,53773.3,0.0,0.0
88,84.4,1.744,1744.3,56.125,20.5,11.2,0.0,0.1,2701.0,267.4,1000.0,2048.0,188.4,84.09,56.0,99.0,0.47,3.9,1.33,20.3,0.0,67.1,0.6,86.0,533.0,43.4,126428.7,53758.8,0.0,0.0
89,90.6,1.69,1689.5,56.25,20.9,11.2,0.0,0.0,2712.0,268.49,1000.0,2048.0,188.4,84.1,56.0,99.0,0.54,4.55,1.51,21.0,0.0,67.0,7.7,91.9,533.0,43.4,126428.7,53774.5,0.0,0.0
90,78.1,1.719,1718.6,56.375,20.6,11.2,0.0,0.0,2723.0,269.58,1000.0,2048.0,188.4,85.0,56.0,99.0,0.54,4.55,1.51,20.6,0.0,67.0,7.9,100.0,533.0,43.4,126428.7,53775.2,0.0,0.0
91,84.4,1.734,1734.2,56.375,20.6,11.2,0.0,0.1,2727.0,269.97,1000.0,2048.0,188.4,84.1,56.0,99.0,0.54,4.55,1.51,20.5,0.0,67.1,0.5,100.0,533.0,43.5,126428.7,53791.8,0.0,0.0
92,75.0,1.69,1689.6,56.5,20.3,11.2,0.0,0.0,2726.0,269.87,1000.0,2048.0,188.4,85.0,56.0,99.0,0.54,4.55,1.51,20.2,0.0,67.0,7.8,100.0,533.0,43.4,126428.7,53774.6,0.0,0.0
93,75.0,1.734,1734.1,56.5,20.0,11.2,0.0,0.1,2724.0,269.68,1000.0,2048.0,188.4,84.09,56.0,99.0,0.54,4.55,1.51,19.7,0.0,67.0,7.8,100.0,533.0,43.4,126428.7,53759.5,0.0,0.0
94,81.2,1.725,1725.1,56.625,20.2,11.2,0.0,0.0,2730.0,270.27,1000.0,2048.0,188.4,84.1,56.0,99.0,0.59,5.07,1.67,20.3,0.0,67.1,7.8,100.0,533.0,43.4,126428.7,53763.5,0.0,0.0
95,75.0,1.771,1771.3,56.625,20.2,11.2,0.0,0.0,2737.0,270.96,1000.0,2048.0,188.4,84.1,56.0,99.0,0.59,5.07,1.67,20.1,0.0,67.0,0.6,100.0,533.0,43.4,126428.7,53767.0,0.0,0.0
96,78.1,1.733,1732.9,56.625,20.5,11.2,0.0,0.0,2738.0,271.06,1000.0,2048.0,188.4,85.0,56.0,99.0,0.59,5.07,1.67,20.3,0.0,67.0,7.7,100.0,533.0,43.4,126428.7,53767.9,0.0,0.0
97,71.9,1.754,1753.8,56.875,19.5,11.2,0.0,0.0,2707.0,267.99,1000.0,2048.0,188.4,84.1,56.0,99.0,0.59,5.07,1.67,19.6,0.0,67.0,7.6,100.0,533.0,43.4,126428.7,53768.9,0.0,0.0
98,59.4,1.745,1744.9,57.0,19.3,11.2,0.0,0.0,2741.0,271.36,1000.0,2048.0,188.4,84.1,57.0,99.0,0.59,5.07,1.67,19.2,0.0,67.0,0.4,100.0,533.0,43.4,126428.7,53773.5,0.0,0.0
99,65.6,1.686,1685.8,57.0,18.9,11.2,0.0,0.0,2744.0,271.66,1000.0,2048.0,188.4,84.1,57.0,99.0,0.64,5.38,1.79,18.8,0.0,67.0,7.6,99.0,533.0,43.4,126428.7,53767.4,0.0,0.0
100,75.0,1.726,1726.2,57.0,18.6,11.2,0.0,0.0,2739.0,271.16,1000.0,2048.0,188.4,84.1,56.0,99.0,0.64,5.38,1.79,18.4,0.0,67.0,7.7,98.0,525.0,43.4,126428.7,53769.9,0.0,0.0
101,71.9,1.792,1792.5,57.0,18.2,11.2,0.0,0.0,2687.0,260.64,1000.0,2048.0,188.4,83.07,51.0,97.0,0.64,5.38,1.79,18.0,0.0,67.0,0.3,99.0,525.0,43.4,126428.7,53762.8,0.0,0.0
102,50.0,2.642,2641.7,64.625,9.1,11.2,0.0,0.0,1365.0,49.14,1000.0,2048.0,188.4,58.1,43.0,36.0,0.64,5.38,1.79,9.2,0.0,67.0,7.7,35.7,525.0,43.4,126428.7,53766.9,0.0,0.0
103,37.5,2.744,2743.8,69.25,8.9,11.2,0.0,0.0,882.0,11.47,1000.0,2048.0,188.4,47.06,42.0,13.0,0.64,5.38,1.79,8.7,0.0,67.0,7.6,54.0,525.0,43.4,126428.7,53751.8,0.0,0.0
104,37.5,2.648,2647.7,70.75,9.2,11.2,0.0,0.0,704.0,3.52,1000.0,2048.0,188.4,43.01,42.0,5.0,0.67,5.51,1.88,9.1,0.0,67.0,0.4,53.0,525.0,43.4,126428.7,53748.9,0.0,0.0
105,40.6,2.501,2500.8,72.125,9.4,11.2,0.0,0.0,638.0,1.28,1000.0,2048.0,188.4,41.1,42.0,2.0,0.67,5.51,1.88,9.5,0.0,67.0,7.6,52.0,525.0,43.4,126428.7,53766.2,0.0,0.0
106,50.0,3.083,3082.8,73.5,11.1,11.2,0.0,0.0,994.0,18.89,1000.0,2048.0,188.9,56.09,55.0,19.0,0.67,5.51,1.88,11.1,0.0,67.0,0.4,56.0,525.0,44.3,126428.7,54804.1,0.0,0.0
107,56.2,3.378,3378.0,76.75,15.4,11.2,0.0,0.0,1865.0,123.09,1000.0,2048.0,188.9,94.08,59.0,66.0,0.67,5.51,1.88,15.2,0.0,67.1,7.8,69.0,525.0,44.3,126428.7,54817.4,0.0,0.0
108,62.5,2.966,2966.1,80.25,16.3,11.2,0.0,0.0,2182.0,178.92,1000.0,2048.0,188.7,106.07,59.0,82.0,0.67,5.51,1.88,16.4,0.0,67.0,7.9,90.0,525.0,44.7,126428.7,55323.9,0.0,0.0
109,59.4,1.67,1669.5,75.0,18.6,11.2,0.0,0.0,2590.0,240.87,1000.0,2048.0,188.7,106.04,60.0,93.0,0.69,5.47,1.93,18.5,0.0,67.1,7.8,76.5,525.0,44.7,126428.7,55321.7,0.0,0.0
110,81.2,1.713,1713.3,68.375,21.5,11.2,0.0,0.0,2702.0,262.09,1000.0,2048.0,188.7,94.09,57.0,97.0,0.69,5.47,1.93,21.5,0.0,67.0,7.9,99.0,525.0,44.6,126428.7,55271.9,0.0,0.0
111,81.2,1.733,1733.2,64.0,20.7,11.2,0.0,0.1,2685.0,263.13,1000.0,2048.0,188.7,88.09,56.0,98.0,0.69,5.47,1.93,20.6,0.0,67.1,0.5,98.0,525.0,44.6,126428.7,55269.5,0.0,0.0
112,87.5,1.78,1780.4,61.25,20.5,11.2,0.0,0.0,2700.0,267.3,1000.0,2048.0,188.7,86.05,56.0,99.0,0.69,5.47,1.93,20.4,0.0,67.0,7.9,84.8,525.0,44.6,126428.7,55264.6,0.0,0.0
113,84.4,1.716,1715.9,59.5,20.8,11.2,0.0,0.0,2702.0,267.5,1000.0,2048.0,188.7,85.05,56.0,99.0,0.69,5.47,1.93,20.9,0.0,67.1,7.8,66.3,525.0,44.6,126428.7,55246.2,0.0,0.0
114,84.4,1.659,1659.2,58.5,20.7,11.2,0.0,0.0,2713.0,268.59,1000.0,2048.0,188.7,85.02,57.0,99.0,0.7,5.19,1.93,20.7,0.0,67.0,7.9,84.8,525.0,44.6,126428.7,55229.3,0.0,0.0
115,87.5,1.714,1714.1,57.875,21.0,11.2,0.0,0.0,2715.0,268.79,1000.0,2048.0,188.7,85.01,56.0,99.0,0.7,5.19,1.93,20.9,0.0,67.1,0.5,87.0,525.0,44.6,126428.7,55168.3,0.0,0.0
116,81.2,1.743,1743.2,57.5,20.8,11.2,0.0,0.0,2715.0,268.79,1000.0,2048.0,188.7,85.01,57.0,99.0,0.7,5.19,1.93,20.8,0.0,67.0,7.9,98.0,525.0,44.6,126428.7,55169.4,0.0,0.0
117,84.4,1.684,1684.0,57.375,21.0,11.2,0.0,0.0,2717.0,268.98,1000.0,2048.0,188.7,84.09,57.0,99.0,0.7,5.19,1.93,20.8,0.0,67.0,7.8,65.7,525.0,44.5,126428.7,55167.0,0.0,0.0
118,84.4,1.667,1667.3,57.25,20.8,11.2,0.0,0.0,2714.0,268.69,1000.0,2048.0,188.7,84.1,57.0,99.0,0.7,5.19,1.93,20.8,0.0,67.1,7.9,79.0,525.0,44.5,126428.7,55157.7,0.0,0.0
119,87.5,1.674,1674.1,57.25,21.3,11.2,0.0,0.0,2690.0,266.31,1000.0,2048.0,188.7,84.09,57.0,99.0,0.71,4.94,1.93,21.3,0.0,67.1,0.5,55.1,525.0,44.5,126428.7,55160.1,0.0,0.0
120,87.5,1.694,1694.5,57.25,21.1,11.2,0.0,0.0,2702.0,267.5,1000.0,2048.0,188.7,84.09,57.0,99.0,0.71,4.94,1.93,21.0,0.0,67.0,7.9,55.6,525.0,44.6,126428.7,55169.3,0.0,0.0
121,78.1,1.66,1659.9,57.25,21.1,11.2,0.2,0.0,2706.0,267.89,1000.0,2048.0,188.7,85.01,57.0,99.0,0.71,4.94,1.93,20.9,0.0,67.0,2.1,75.8,525.0,44.6,126428.7,55201.5,0.0,0.0
122,87.5,1.68,1680.3,57.25,20.8,11.2,0.0,0.2,2660.0,260.68,1000.0,2048.0,188.7,84.09,57.0,98.0,0.71,4.94,1.93,20.7,0.0,67.0,6.2,78.2,525.0,44.6,126428.7,55186.9,0.0,0.0
123,87.5,1.69,1690.3,57.25,20.6,11.2,0.0,0.0,2674.0,262.05,1000.0,2048.0,188.7,84.09,57.0,98.0,0.71,4.94,1.93,20.5,0.0,67.1,7.8,63.6,525.0,44.6,126428.7,55173.3,0.0,0.0
124,90.6,1.711,1711.4,57.375,20.5,11.2,0.0,0.1,2710.0,268.29,1000.0,2048.0,188.7,84.1,57.0,99.0,0.74,5.02,2.0,20.3,0.0,67.0,7.9,56.6,525.0,44.6,126428.7,55169.7,0.0,0.0
125,84.4,1.645,1645.2,57.375,21.1,11.2,0.0,0.0,2694.0,266.71,1000.0,2048.0,188.7,84.09,57.0,99.0,0.74,5.02,2.0,21.2,0.0,67.1,0.5,58.6,525.0,44.6,126428.7,55170.0,0.0,0.0
126,90.6,1.708,1707.5,57.375,21.1,11.2,0.0,0.0,2715.0,268.79,1000.0,2048.0,188.7,84.09,57.0,99.0,0.74,5.02,2.0,21.1,0.0,67.0,7.9,99.0,525.0,44.5,126428.7,55165.4,0.0,0.0
127,100.0,1.688,1688.5,57.25,21.1,11.2,0.0,0.0,2701.0,267.4,1000.0,2048.0,188.7,84.09,56.0,99.0,0.74,5.02,2.0,21.1,0.0,67.1,7.8,55.6,525.0,44.5,126428.7,55153.6,0.0,0.0
128,93.8,1.759,1759.3,57.25,21.2,11.2,0.0,0.0,2710.0,268.29,1000.0,2048.0,188.7,85.0,57.0,99.0,0.74,5.02,2.0,21.1,0.0,67.0,7.8,66.7,525.0,44.5,126428.7,55152.2,0.0,0.0
129,96.9,1.694,1694.0,57.375,21.2,11.2,0.0,0.0,2685.0,265.82,1000.0,2048.0,188.7,84.09,57.0,99.0,0.76,4.94,2.03,21.0,0.0,67.0,0.5,54.1,525.0,44.5,126428.7,55151.7,0.0,0.0
130,93.8,3.597,3597.2,60.625,19.8,11.2,0.0,0.0,2299.0,183.92,1000.0,2048.0,188.7,78.05,46.0,80.0,0.76,4.94,2.03,19.8,0.0,67.1,7.9,55.0,525.0,45.2,126428.7,55996.7,0.0,0.0
131,71.9,1.66,1660.5,65.0,17.1,11.2,0.0,0.0,2304.0,191.23,1000.0,2048.0,188.7,86.02,60.0,83.0,0.76,4.94,2.03,17.1,0.0,67.0,7.8,66.7,525.0,44.3,126428.7,54842.5,0.0,0.0
132,93.8,2.155,2155.1,66.125,20.3,11.2,0.0,0.0,2361.0,207.77,1000.0,2048.0,188.7,86.01,59.0,88.0,0.76,4.94,2.03,20.1,0.0,67.1,0.5,60.6,525.0,44.7,126428.7,55329.7,0.0,0.0
133,81.2,1.675,1674.7,62.875,21.7,11.2,0.0,0.0,2496.0,232.13,1000.0,2048.0,188.9,85.02,57.0,93.0,0.76,4.94,2.03,21.8,0.0,67.0,7.8,94.0,525.0,44.7,126428.7,55326.8,0.0,0.0
134,84.4,1.639,1639.3,60.875,22.1,11.2,0.0,0.1,2644.0,256.47,1000.0,2048.0,188.9,85.01,58.0,97.0,0.77,4.79,2.05,22.0,0.0,67.0,7.8,100.0,525.0,44.7,126428.7,55321.6,0.0,0.0
135,75.0,1.64,1640.0,59.75,21.0,11.2,0.0,0.0,2681.0,262.74,1000.0,2048.0,188.9,85.01,58.0,98.0,0.77,4.79,2.05,20.8,0.0,67.1,7.6,100.0,525.0,44.7,126428.7,55323.7,0.0,0.0
136,75.0,1.637,1636.9,59.0,18.8,11.2,0.0,0.0,2702.0,267.5,1000.0,2048.0,188.9,84.09,58.0,99.0,0.77,4.79,2.05,18.8,0.0,67.0,0.6,100.0,525.0,44.7,126428.7,55323.3,0.0,0.0
137,75.0,1.66,1659.9,58.625,19.0,11.2,0.0,0.0,2710.0,268.29,1000.0,2048.0,188.9,84.09,58.0,99.0,0.77,4.79,2.05,19.0,0.0,67.0,7.6,100.0,525.0,44.7,126428.7,55324.6,0.0,0.0
138,68.8,1.681,1681.3,58.5,19.0,11.2,0.0,0.0,2705.0,267.8,1000.0,2048.0,188.9,84.1,58.0,99.0,0.77,4.79,2.05,18.9,0.0,67.0,7.6,100.0,525.0,44.7,126428.7,55329.5,0.0,0.0
139,68.8,1.653,1653.2,58.375,18.5,11.2,0.0,0.0,2712.0,268.49,1000.0,2048.0,188.9,84.09,58.0,99.0,0.78,4.64,2.07,18.4,0.0,67.0,7.6,100.0,525.0,44.7,126428.7,55325.2,0.0,0.0
140,71.9,1.653,1653.4,58.25,18.8,11.2,0.0,0.0,2723.0,269.58,1000.0,2048.0,188.9,84.1,58.0,99.0,0.78,4.64,2.07,18.8,0.0,67.0,0.4,63.0,525.0,44.7,126428.7,55322.0,0.0,0.0
141,78.1,1.643,1643.4,58.25,20.0,11.2,0.0,0.0,2732.0,270.47,1000.0,2048.0,188.9,84.1,58.0,99.0,0.78,4.64,2.07,19.8,0.0,67.0,7.6,74.0,525.0,44.7,126428.7,55314.7,0.0,0.0
142,62.5,3.135,3134.8,65.5,14.3,11.2,0.0,0.0,1761.0,95.09,1000.0,2048.0,188.9,65.0,44.0,54.0,0.78,4.64,2.07,14.3,0.0,66.9,7.7,52.9,525.0,44.7,126428.7,55310.9,0.0,0.0
143,53.1,3.344,3344.5,71.5,10.5,11.2,0.0,0.0,1026.0,20.52,1000.0,2048.0,188.9,48.1,44.0,20.0,0.78,4.64,2.07,10.5,0.0,67.0,0.3,46.0,525.0,44.7,126428.7,55320.8,0.0,0.0
144,50.0,3.516,3515.5,74.25,10.2,11.2,0.0,0.0,753.0,5.27,1000.0,2048.0,188.9,43.09,44.0,7.0,0.79,4.43,2.06,10.1,0.0,67.0,7.7,53.0,525.0,44.7,126428.7,55327.0,0.0,0.0
145,40.6,3.372,3372.4,75.75,9.5,11.2,0.0,0.0,657.0,1.97,1000.0,2048.0,188.9,42.08,43.0,3.0,0.79,4.43,2.06,9.6,0.0,67.0,7.6,53.5,525.0,44.7,126428.7,55319.6,0.0,0.0
146,53.1,3.234,3234.2,79.125,14.7,11.2,0.0,0.1,1579.0,78.95,1000.0,2048.0,189.4,82.03,60.0,50.0,0.79,4.43,2.06,14.7,0.0,67.2,7.3,68.7,526.0,44.4,126428.7,55041.3,0.0,0.0
147,53.1,3.632,3632.5,83.0,17.7,11.2,0.0,0.0,2062.0,160.84,1000.0,2048.0,189.4,103.02,54.0,78.0,0.79,4.43,2.06,17.5,0.0,67.1,1.3,79.0,526.0,44.4,126428.7,55030.5,0.0,0.0
148,71.9,1.662,1661.7,79.5,18.4,11.2,0.0,0.0,2441.0,217.25,1000.0,2048.0,189.1,107.07,62.0,89.0,0.79,4.43,2.06,18.3,0.0,67.0,7.8,64.4,526.0,44.8,126428.7,55501.4,0.0,0.0
149,90.6,1.648,1647.6,71.75,23.4,11.2,0.0,0.0,2629.0,249.76,1000.0,2048.0,189.1,96.06,59.0,95.0,0.81,4.48,2.11,23.3,0.0,67.1,8.0,84.8,526.0,44.8,126428.7,55482.5,0.0,0.0
150,81.2,1.643,1643.1,66.5,22.9,11.2,0.0,0.0,2682.0,260.15,1000.0,2048.0,189.1,89.08,58.0,97.0,0.81,4.48,2.11,22.9,0.0,67.1,7.4,81.0,526.0,44.8,126428.7,55492.6,0.0,0.0
151,90.6,1.666,1665.7,63.25,22.5,11.2,0.0,0.0,2698.0,264.4,1000.0,2048.0,189.1,86.1,57.0,98.0,0.81,4.48,2.11,22.5,0.0,67.1,1.0,74.7,526.0,44.8,126428.7,55512.8,0.0,0.0
152,87.5,1.65,1649.6,61.125,23.0,11.2,0.0,0.0,2676.0,264.92,1000.0,2048.0,189.1,85.06,58.0,99.0,0.81,4.48,2.11,23.0,0.0,67.1,8.0,61.6,526.0,44.8,126428.7,55428.6,0.0,0.0
153,87.5,1.66,1660.3,59.75,22.9,11.2,0.0,0.2,2677.0,265.02,1000.0,2048.0,189.1,85.02,57.0,99.0,0.81,4.48,2.11,23.0,0.0,67.1,7.9,64.0,526.0,44.7,126428.7,55419.2,0.0,0.0
154,87.5,1.639,1639.4,59.125,22.6,11.2,0.0,0.0,2681.0,265.42,1000.0,2048.0,189.1,85.02,58.0,99.0,0.83,4.52,2.16,22.6,0.0,67.0,0.5,100.0,526.0,44.7,126428.7,55402.9,0.0,0.0
155,90.6,1.64,1640.3,58.625,23.9,11.2,0.0,0.0,2676.0,264.92,1000.0,2048.0,189.1,84.09,58.0,99.0,0.83,4.52,2.16,23.8,0.0,67.1,7.9,100.0,526.0,44.7,126428.7,55399.2,0.0,0.0
156,84.4,1.641,1640.7,58.5,23.1,11.2,0.0,0.0,2678.0,262.44,1000.0,2048.0,189.1,85.02,58.0,98.0,0.83,4.52,2.16,23.0,0.0,67.1,8.0,80.8,526.0,44.7,126428.7,55400.1,0.0,0.0
157,87.5,1.646,1646.2,58.25,21.8,11.2,0.0,0.1,2664.0,263.74,1000.0,2048.0,189.1,84.1,57.0,99.0,0.83,4.52,2.16,22.0,0.0,67.1,0.5,86.9,526.0,44.7,126428.7,55396.0,0.0,0.0
158,90.6,1.64,1639.8,58.125,22.5,11.2,0.0,0.0,2677.0,265.02,1000.0,2048.0,189.1,84.1,58.0,99.0,0.83,4.52,2.16,22.5,0.0,67.1,8.0,82.8,526.0,44.7,126428.7,55392.3,0.0,0.0
159,96.9,1.664,1663.8,58.0,22.4,11.2,0.0,0.1,2641.0,261.46,1000.0,2048.0,189.1,85.01,58.0,99.0,0.85,4.48,2.19,22.3,0.0,67.1,7.9,74.0,526.0,44.7,126428.7,55393.8,0.0,0.0
160,90.6,1.647,1646.9,58.0,22.2,11.2,0.0,0.0,2629.0,260.27,1000.0,2048.0,189.1,84.09,58.0,99.0,0.85,4.48,2.19,22.3,0.0,67.1,8.0,82.8,526.0,44.7,126428.7,55395.7,0.0,0.0
161,90.6,1.647,1647.1,58.25,20.7,11.2,0.0,0.0,2645.0,256.56,1000.0,2048.0,189.1,85.03,58.0,97.0,0.85,4.48,2.19,20.6,0.0,67.0,0.5,58.6,526.0,44.7,126428.7,55385.4,0.0,0.0
162,75.0,2.875,2875.4,64.0,17.9,11.2,0.0,0.0,2213.0,170.4,1000.0,2048.0,189.8,81.07,60.0,77.0,0.85,4.48,2.19,18.0,0.0,67.2,8.0,63.6,527.0,44.4,126428.7,54953.8,0.0,0.0
163,78.1,1.655,1655.0,64.5,19.0,11.2,0.0,0.0,2340.0,203.58,1000.0,2048.0,189.4,86.01,61.0,87.0,0.85,4.48,2.19,19.0,0.0,67.1,8.0,100.0,527.0,44.4,126428.7,54962.8,0.0,0.0
164,78.1,1.645,1644.8,64.875,20.1,11.2,0.0,0.0,2390.0,212.71,1000.0,2048.0,189.6,86.03,57.0,89.0,0.87,4.44,2.22,19.9,0.0,67.1,0.7,86.1,527.0,44.8,126428.7,55444.0,0.0,0.0
165,81.2,1.648,1648.1,62.25,21.0,11.2,0.0,0.0,2536.0,240.92,1000.0,2048.0,189.6,85.02,58.0,95.0,0.87,4.44,2.22,21.0,0.0,67.1,7.9,77.8,527.0,44.8,126428.7,55453.8,0.0,0.0
166,81.2,1.656,1656.1,60.75,20.4,11.2,0.0,0.0,2636.0,255.69,1000.0,2048.0,189.6,85.01,58.0,97.0,0.87,4.44,2.22,20.3,0.0,67.1,0.7,67.7,527.0,44.8,126428.7,55460.9,0.0,0.0
167,71.9,1.644,1644.3,59.875,20.3,11.2,0.0,0.1,2677.0,262.35,1000.0,2048.0,189.6,85.01,59.0,98.0,0.87,4.44,2.22,20.2,0.0,67.0,7.8,94.9,527.0,44.8,126428.7,55445.7,0.0,0.0
168,75.0,1.658,1657.7,59.375,20.6,11.2,0.0,0.0,2663.0,263.64,1000.0,2048.0,189.6,85.01,59.0,99.0,0.87,4.44,2.22,20.5,0.0,67.2,8.0,61.6,527.0,44.8,126428.7,55455.3,0.0,0.0
169,78.1,1.668,1667.5,59.0,20.5,11.2,0.0,0.0,2684.0,265.72,1000.0,2048.0,189.6,84.09,58.0,99.0,0.89,4.48,2.27,20.6,0.0,67.1,7.9,69.7,527.0,44.8,126428.7,55448.0,0.0,0.0
170,71.9,1.678,1678.0,58.875,20.2,11.2,0.0,0.0,2677.0,265.02,1000.0,2048.0,189.6,85.0,58.0,99.0,0.89,4.48,2.27,20.1,0.0,65.3,0.7,64.6,527.0,44.8,126428.7,55453.4,0.0,0.0
171,81.2,1.647,1646.7,58.75,20.3,11.2,0.0,0.0,2687.0,266.01,1000.0,2048.0,189.6,85.0,58.0,99.0,0.89,4.48,2.27,20.2,0.0,68.0,7.9,60.6,527.0,44.8,126428.7,55423.4,0.0,0.0
172,75.0,1.66,1659.6,58.625,19.6,11.2,0.0,1.2,2645.0,261.86,1000.0,2048.0,189.6,84.1,58.0,99.0,0.89,4.48,2.27,19.5,0.0,66.8,8.0,72.7,527.0,44.7,126428.7,55415.6,0.0,0.0
173,81.2,1.683,1682.6,58.625,19.9,11.2,0.0,0.0,2652.0,262.55,1000.0,2048.0,189.6,85.01,58.0,99.0,0.89,4.48,2.27,19.9,0.0,63.7,7.9,76.8,527.0,44.7,126428.7,55409.5,0.0,0.0
174,90.6,1.647,1646.9,58.625,20.2,11.2,0.0,0.0,2649.0,262.25,1000.0,2048.0,189.6,85.02,58.0,99.0,0.94,4.93,2.4,20.1,0.0,67.5,0.6,69.0,527.0,44.7,126428.7,55412.6,0.0,0.0
175,78.1,1.651,1651.1,58.75,20.3,11.2,0.0,0.0,2668.0,264.13,1000.0,2048.0,189.6,84.09,59.0,99.0,0.94,4.93,2.4,20.4,0.0,67.4,7.9,63.4,527.0,44.7,126428.7,55410.6,0.0,0.0
176,78.1,1.647,1646.9,58.75,20.4,11.2,0.0,0.0,2683.0,265.62,1000.0,2048.0,189.6,85.0,58.0,99.0,0.94,4.93,2.4,20.3,0.0,66.8,8.0,61.6,527.0,44.7,126428.7,55393.8,0.0,0.0
177,87.5,1.664,1663.7,58.625,20.5,11.2,0.0,0.0,2647.0,262.05,1000.0,2048.0,189.6,84.09,58.0,99.0,0.94,4.93,2.4,20.4,0.0,66.9,7.9,54.6,527.0,44.7,126428.7,55390.3,0.0,0.0
178,78.1,1.646,1646.3,58.625,20.5,11.2,0.0,0.0,2665.0,263.83,1000.0,2048.0,189.6,84.09,58.0,99.0,0.94,4.93,2.4,20.5,0.0,67.9,0.7,59.0,527.0,44.7,126428.7,55389.2,0.0,0.0
179,87.5,1.652,1652.3,58.625,20.8,11.2,0.0,0.0,2622.0,259.58,1000.0,2048.0,189.6,84.1,58.0,99.0,0.98,5.25,2.51,20.8,0.0,67.1,7.9,71.3,527.0,44.7,126428.7,55385.0,0.0,0.0
180,81.2,1.647,1647.3,58.75,20.7,11.2,0.0,0.1,2606.0,255.39,1000.0,2048.0,189.6,84.1,58.0,98.0,0.98,5.25,2.51,20.6,0.0,65.7,8.0,76.8,527.0,44.7,126428.7,55392.0,0.0,0.0
181,81.2,1.642,1642.0,58.75,20.4,11.2,0.0,0.0,2620.0,256.76,1000.0,2048.0,189.6,85.0,58.0,98.0,0.98,5.25,2.51,20.4,0.0,67.5,0.6,68.0,527.0,44.7,126428.7,55402.5,0.0,0.0
182,68.8,3.52,3520.2,65.0,15.8,11.2,0.0,0.0,2201.0,171.68,1000.0,2048.0,189.7,82.08,58.0,78.0,0.98,5.25,2.51,15.8,0.0,67.1,8.1,49.5,536.0,44.4,126428.7,54996.6,0.0,0.0
183,75.0,1.671,1671.1,64.0,19.5,11.2,0.0,0.0,2419.0,222.55,1000.0,2048.0,189.7,85.09,60.0,92.0,0.98,5.25,2.51,19.4,0.0,65.3,7.8,87.8,536.0,44.4,126428.7,54977.1,0.0,0.0
184,81.2,1.684,1683.7,63.875,19.3,11.2,0.0,0.2,2446.0,225.03,1000.0,2048.0,190.2,85.06,59.0,92.0,1.05,5.87,2.68,19.2,0.0,67.1,7.9,81.0,536.0,44.8,126428.7,55498.3,0.0,0.0
185,84.4,1.689,1689.3,61.875,19.9,11.2,0.0,0.0,2565.0,246.24,1000.0,2048.0,190.2,85.02,58.0,96.0,1.05,5.87,2.68,20.0,0.0,67.1,0.6,70.7,536.0,44.8,126428.7,55492.6,0.0,0.0
186,75.0,1.689,1688.7,60.625,19.9,11.2,0.1,0.0,2635.0,258.23,1000.0,2048.0,190.2,85.01,59.0,98.0,1.05,5.87,2.68,19.7,0.0,67.1,8.0,71.4,536.0,44.8,126428.7,55478.2,0.0,0.0
187,90.6,1.649,1648.7,59.875,20.0,11.2,0.0,0.0,2627.0,257.45,1000.0,2048.0,190.2,84.09,58.0,98.0,1.05,5.87,2.68,20.1,0.0,67.1,7.9,66.3,537.0,44.8,126428.7,55487.8,0.0,0.0
188,87.5,1.685,1684.8,59.5,20.6,11.2,0.0,0.0,2627.0,260.07,1000.0,2048.0,190.2,85.01,58.0,99.0,1.05,5.87,2.68,20.6,0.0,67.1,7.9,56.6,538.0,44.8,126428.7,55471.2,0.0,0.0
189,78.1,1.683,1683.2,59.125,19.8,11.2,0.0,0.0,2636.0,260.96,1000.0,2048.0,190.2,85.01,59.0,99.0,1.08,6.04,2.77,19.7,0.0,67.1,0.7,63.0,538.0,44.8,126428.7,55457.9,0.0,0.0
190,84.4,1.707,1706.8,59.0,20.3,11.2,0.0,0.1,2633.0,260.67,1000.0,2048.0,190.2,84.1,58.0,99.0,1.08,6.04,2.77,20.1,0.0,67.1,7.9,69.0,538.0,44.8,126428.7,55457.1,0.0,0.0
191,87.5,3.369,3368.6,61.625,18.6,11.2,0.0,0.0,2202.0,171.76,1000.0,2048.0,190.2,78.03,47.0,78.0,1.08,6.04,2.77,18.6,0.0,67.1,7.9,52.6,538.0,45.5,126428.7,56418.4,0.0,0.0
192,75.0,1.703,1703.2,64.375,16.6,11.2,0.0,0.0,2300.0,193.2,1000.0,2048.0,190.2,86.03,62.0,84.0,1.08,6.04,2.77,16.4,0.0,67.1,8.0,94.0,538.0,44.4,126428.7,55027.0,0.0,0.0
193,75.0,1.722,1721.5,64.625,18.8,11.2,0.0,0.1,2332.0,202.88,1000.0,2048.0,190.2,86.04,62.0,87.0,1.08,6.04,2.77,18.7,0.0,67.1,0.6,100.0,538.0,44.8,126428.7,55536.0,0.0,0.0
194,84.4,1.708,1708.5,62.625,20.2,11.2,0.0,0.0,2458.0,228.59,1000.0,2048.0,190.4,85.03,59.0,93.0,1.14,6.44,2.91,20.1,0.0,67.0,7.9,62.4,538.0,44.8,126428.7,55529.7,0.0,0.0
195,81.2,1.697,1697.4,61.25,19.9,11.2,0.0,0.0,2543.0,246.67,1000.0,2048.0,190.4,85.02,58.0,97.0,1.14,6.44,2.91,19.8,0.0,67.1,4.3,80.8,538.0,44.8,126428.7,55525.3,0.0,0.0
196,78.1,1.71,1709.5,60.375,19.8,11.2,0.0,0.0,2608.0,255.58,1000.0,2048.0,190.4,85.0,59.0,98.0,1.14,6.44,2.91,19.8,0.0,67.1,4.2,73.7,538.0,44.8,126428.7,55493.6,0.0,0.0
197,78.1,1.785,1785.2,59.875,20.2,11.2,0.0,0.0,2650.0,259.7,1000.0,2048.0,190.4,85.0,59.0,98.0,1.14,6.44,2.91,20.1,0.0,67.0,7.9,52.0,538.0,44.8,126428.7,55491.2,0.0,0.0
198,87.5,1.723,1722.8,59.625,20.0,11.2,0.0,0.0,2653.0,262.65,1000.0,2048.0,190.4,85.0,59.0,99.0,1.14,6.44,2.91,20.1,0.0,67.1,7.9,80.2,538.0,44.8,126428.7,55478.7,0.0,0.0
199,75.0,1.786,1786.1,59.375,19.7,11.2,0.0,0.0,2654.0,262.75,1000.0,2048.0,190.4,84.09,59.0,99.0,1.18,6.56,2.99,19.6,0.0,67.1,0.6,94.9,538.0,44.8,126428.7,55480.3,0.0,0.0
200,87.5,1.769,1769.4,59.375,19.9,11.2,0.0,0.0,2681.0,265.42,1000.0,2048.0,190.4,85.0,59.0,99.0,1.18,6.56,2.99,19.9,0.0,67.1,7.9,66.7,538.0,44.8,126428.7,55484.4,0.0,0.0
201,87.5,1.753,1753.0,59.375,19.6,11.2,0.0,0.0,2688.0,266.11,1000.0,2048.0,190.4,84.1,59.0,99.0,1.18,6.56,2.99,19.5,0.0,67.1,7.9,100.0,538.0,44.8,126428.7,55482.2,0.0,0.0
202,71.9,1.748,1747.7,59.375,20.1,11.2,0.0,0.0,2699.0,267.2,1000.0,2048.0,190.4,85.0,59.0,99.0,1.18,6.56,2.99,19.9,0.0,67.1,0.7,100.0,538.0,44.8,126428.7,55481.2,0.0,0.0
203,81.2,1.811,1810.8,59.5,20.1,11.2,0.0,0.0,2680.0,262.64,1000.0,2048.0,190.4,85.02,59.0,98.0,1.18,6.56,2.99,20.1,0.0,67.0,7.9,100.0,538.0,44.8,126428.7,55481.2,0.0,0.0
204,87.5,2.522,2521.9,63.5,18.0,11.2,0.0,0.0,2196.0,164.7,1000.0,2048.0,191.2,76.02,48.0,75.0,1.2,6.44,3.03,17.9,0.0,67.1,7.9,73.0,538.0,45.8,126428.7,56715.8,0.0,0.0
205,68.8,1.798,1798.3,65.0,16.9,11.2,0.0,0.0,2332.0,198.22,1000.0,2048.0,190.7,86.02,63.0,85.0,1.2,6.44,3.03,16.8,0.0,67.1,7.9,98.0,538.0,44.3,126428.7,54822.4,0.0,0.0
206,84.4,1.832,1832.3,65.875,19.0,11.2,0.0,0.1,2401.0,208.89,1000.0,2048.0,190.6,85.05,61.0,87.0,1.2,6.44,3.03,18.9,0.0,67.1,0.6,100.0,538.0,44.7,126428.7,55311.4,0.0,0.0
207,93.8,1.765,1765.3,63.375,20.1,11.2,0.0,0.0,2486.0,233.68,1000.0,2048.0,190.6,85.04,59.0,94.0,1.2,6.44,3.03,19.9,0.0,67.1,7.9,66.7,538.0,44.7,126428.7,55295.9,0.0,0.0
208,87.5,1.757,1757.1,61.875,19.8,11.2,0.0,0.0,2591.0,251.33,1000.0,2048.0,190.6,85.01,59.0,97.0,1.2,6.44,3.03,19.7,0.0,67.1,7.9,59.6,538.0,44.6,126428.7,55282.7,0.0,0.0
209,81.2,1.716,1715.7,60.875,20.1,11.2,0.0,0.0,2631.0,257.84,1000.0,2048.0,190.6,85.02,59.0,98.0,1.23,6.56,3.11,20.2,0.0,67.0,7.9,64.4,538.0,44.7,126428.7,55296.0,0.0,0.0
210,71.9,1.749,1749.3,60.375,20.0,11.2,0.0,0.0,2654.0,262.75,1000.0,2048.0,190.6,84.09,59.0,99.0,1.23,6.56,3.11,19.8,0.0,67.1,0.6,59.6,538.0,44.6,126428.7,55286.5,0.0,0.0
211,78.1,1.754,1753.6,60.0,20.1,11.2,0.0,0.0,2685.0,265.82,1000.0,2048.0,190.6,85.01,59.0,99.0,1.23,6.56,3.11,20.0,0.0,67.0,7.8,54.0,538.0,44.7,126428.7,55312.8,0.0,0.0
212,68.8,1.761,1760.6,59.875,19.6,11.2,0.0,0.0,2698.0,267.1,1000.0,2048.0,190.6,85.01,59.0,99.0,1.23,6.56,3.11,19.4,0.0,67.1,7.9,58.6,538.0,44.7,126428.7,55301.6,0.0,0.0
213,84.4,1.71,1709.8,59.625,19.4,11.2,0.0,0.0,2673.0,264.63,1000.0,2048.0,190.6,84.09,59.0,99.0,1.23,6.56,3.11,19.4,0.0,67.1,7.9,64.3,538.0,44.7,126428.7,55312.7,0.0,0.0
214,75.0,1.809,1809.0,59.625,19.5,11.2,0.0,0.0,2684.0,265.72,1000.0,2048.0,190.6,84.1,59.0,99.0,1.28,6.84,3.22,19.5,0.0,67.0,7.9,54.1,538.0,44.7,126428.7,55313.3,0.0,0.0
215,75.0,1.755,1754.8,59.625,19.6,11.2,0.0,0.3,2627.0,260.07,1000.0,2048.0,190.6,85.0,59.0,99.0,1.28,6.84,3.22,19.6,0.0,67.1,0.6,69.7,538.0,44.6,126428.7,55293.1,0.0,0.0
216,78.1,1.764,1763.8,59.625,19.8,11.2,0.0,0.0,2643.0,261.66,1000.0,2048.0,190.6,84.09,59.0,99.0,1.28,6.84,3.22,19.6,0.0,67.1,7.9,55.6,538.0,44.6,126428.7,55281.4,0.0,0.0
217,81.2,1.754,1754.0,64.5,15.7,11.2,0.0,0.0,2315.0,192.14,1000.0,2048.0,191.3,84.07,63.0,83.0,1.28,6.84,3.22,15.6,0.0,67.1,7.9,54.5,539.0,44.5,126428.7,55126.0,0.0,0.0
218,81.2,1.847,1847.1,64.375,19.1,11.2,0.0,0.0,2390.0,217.49,1000.0,2048.0,191.3,86.01,62.0,91.0,1.28,6.84,3.22,19.1,0.0,67.0,7.8,67.7,539.0,44.3,126428.7,54804.9,0.0,0.0
219,84.4,1.704,1703.5,63.75,18.6,11.2,0.0,0.0,2413.0,217.17,1000.0,2048.0,191.5,85.09,59.0,90.0,1.33,7.09,3.34,18.7,0.0,67.1,7.9,53.5,539.0,44.6,126428.7,55253.7,0.0,0.0
220,84.4,1.768,1768.3,62.125,20.6,11.2,0.0,0.0,2561.0,245.86,1000.0,2048.0,191.5,85.04,59.0,96.0,1.33,7.09,3.34,20.3,0.0,67.1,0.6,55.0,539.0,44.6,126428.7,55183.3,0.0,0.0
221,81.2,1.7,1699.9,61.25,20.8,11.2,0.0,0.0,2639.0,258.62,1000.0,2048.0,191.5,85.01,60.0,98.0,1.33,7.09,3.34,20.8,0.0,67.0,7.9,66.3,539.0,44.6,126428.7,55184.7,0.0,0.0
222,75.0,1.799,1799.0,60.625,20.8,11.2,0.0,0.1,2649.0,259.6,1000.0,2048.0,191.5,85.0,59.0,98.0,1.33,7.09,3.34,20.8,0.0,67.1,7.9,99.0,539.0,44.6,126428.7,55173.0,0.0,0.0
223,87.5,1.747,1746.6,60.375,20.2,11.2,0.0,0.0,2674.0,264.73,1000.0,2048.0,191.5,84.09,59.0,99.0,1.33,7.09,3.34,20.0,0.0,67.1,0.6,99.0,539.0,44.6,126428.7,55175.7,0.0,0.0
224,81.2,1.766,1765.5,60.125,20.3,11.2,0.0,0.0,2679.0,265.22,1000.0,2048.0,191.5,84.09,59.0,99.0,1.37,7.33,3.45,20.4,0.0,67.0,7.8,98.0,539.0,44.6,126428.7,55171.8,0.0,0.0
225,84.4,1.759,1758.9,60.0,20.8,11.2,0.0,0.0,2638.0,261.16,1000.0,2048.0,191.5,84.09,60.0,99.0,1.37,7.33,3.45,20.6,0.0,67.1,7.9,99.0,539.0,44.6,126428.7,55175.3,0.0,0.0
226,84.4,1.748,1748.2,59.875,20.7,11.2,0.0,0.0,2645.0,261.86,1000.0,2048.0,191.5,84.09,59.0,99.0,1.37,7.33,3.45,20.5,0.0,67.0,7.9,98.0,539.0,44.6,126428.7,55168.1,0.0,0.0
227,75.0,2.611,2610.7,66.125,15.9,11.2,0.0,0.1,2253.0,180.24,1000.0,2048.0,192.2,84.09,65.0,80.0,1.37,7.33,3.45,15.9,0.0,67.1,0.6,70.4,539.0,44.2,126428.7,54710.3,0.0,0.0
228,87.5,1.73,1729.6,64.75,20.6,11.2,0.0,0.0,2373.0,213.57,1000.0,2048.0,192.2,83.08,53.0,90.0,1.37,7.33,3.45,20.3,0.0,67.1,7.8,69.7,539.0,43.4,126428.7,53668.3,0.0,0.0
229,84.4,1.746,1746.5,65.125,19.7,11.2,0.0,0.0,2424.0,220.58,1000.0,2048.0,192.2,85.06,59.0,91.0,1.44,7.78,3.61,19.8,0.0,67.0,7.8,83.2,539.0,44.6,126428.7,55192.7,0.0,0.0
230,87.5,1.7,1699.7,63.0,21.3,11.2,0.0,0.0,2553.0,245.09,1000.0,2048.0,192.2,85.02,59.0,96.0,1.44,7.78,3.61,21.3,0.0,67.1,7.9,67.3,539.0,44.6,126428.7,55179.4,0.0,0.0
231,87.5,1.714,1714.2,61.75,20.8,11.2,0.0,0.0,2620.0,256.76,1000.0,2048.0,192.2,85.01,60.0,98.0,1.44,7.78,3.61,20.7,0.0,67.0,0.6,91.9,539.0,44.6,126428.7,55186.2,0.0,0.0
232,81.2,1.724,1724.0,61.0,20.8,11.2,0.0,0.0,2673.0,261.95,1000.0,2048.0,192.2,84.1,60.0,98.0,1.44,7.78,3.61,20.9,0.0,67.1,7.8,98.0,539.0,44.5,126428.7,55166.7,0.0,0.0
233,87.5,1.725,1725.2,60.625,20.9,11.2,0.0,0.0,2660.0,263.34,1000.0,2048.0,192.2,84.09,59.0,99.0,1.44,7.78,3.61,20.8,0.0,67.0,7.9,99.0,539.0,44.5,126428.7,55136.1,0.0,0.0
234,84.4,1.69,1689.5,60.25,21.0,11.2,0.0,0.0,2657.0,263.04,1000.0,2048.0,192.2,84.09,59.0,99.0,1.49,8.04,3.73,21.0,0.0,67.1,7.8,98.0,539.0,44.5,126428.7,55146.7,0.0,0.0
235,96.9,1.708,1708.5,60.125,21.1,11.2,0.0,0.0,2670.0,264.33,1000.0,2048.0,192.2,85.0,59.0,99.0,1.49,8.04,3.73,21.0,0.0,67.0,6.6,99.0,539.0,44.6,126428.7,55176.0,0.0,0.0
236,87.5,1.68,1680.3,60.0,20.8,11.2,0.0,0.0,2651.0,262.45,1000.0,2048.0,192.2,84.1,59.0,99.0,1.49,8.04,3.73,20.6,0.0,67.1,1.9,98.0,539.0,44.5,126428.7,55163.8,0.0,0.0
237,84.4,1.688,1688.2,59.875,21.2,11.2,0.0,0.0,2660.0,263.34,1000.0,2048.0,192.2,84.09,59.0,99.0,1.49,8.04,3.73,21.1,0.0,67.0,7.8,82.0,539.0,44.5,126428.7,55148.2,0.0,0.0
238,78.1,1.671,1671.2,60.0,21.1,11.2,0.0,0.0,2659.0,263.24,1000.0,2048.0,192.2,84.09,60.0,99.0,1.49,8.04,3.73,21.1,0.0,67.1,7.9,66.7,539.0,44.5,126428.7,55142.4,0.0,0.0
239,75.0,1.675,1674.8,60.0,20.8,11.2,0.0,0.0,2644.0,259.11,1000.0,2048.0,192.2,84.09,59.0,98.0,1.52,7.96,3.78,20.7,0.0,67.0,0.5,69.4,539.0,44.5,126428.7,55141.4,0.0,0.0
240,65.6,3.09,3089.9,63.0,19.3,11.2,0.0,0.0,2243.0,174.95,1000.0,2048.0,192.2,77.03,48.0,78.0,1.52,7.96,3.78,19.1,0.0,67.1,7.9,74.7,539.0,45.2,126428.7,56013.2,0.0,0.0
241,78.1,1.788,1787.7,67.0,17.0,11.2,0.1,0.0,2314.0,196.69,1000.0,2048.0,191.6,86.03,63.0,85.0,1.52,7.96,3.78,17.1,0.0,67.0,7.8,92.0,539.0,44.2,126428.7,54675.4,0.0,0.0
242,81.2,1.848,1848.5,67.875,19.6,11.2,0.0,0.1,2340.0,203.58,1000.0,2048.0,191.6,86.0,62.0,87.0,1.52,7.96,3.78,19.4,0.0,67.1,7.9,66.0,539.0,44.5,126428.7,55164.8,0.0,0.0
243,84.4,1.664,1664.4,64.875,21.0,11.2,0.0,0.0,2461.0,228.87,1000.0,2048.0,191.8,85.03,59.0,93.0,1.52,7.96,3.78,20.8,0.0,67.0,7.8,61.0,539.0,44.5,126428.7,55155.2,0.0,0.0
244,87.5,1.75,1750.2,63.0,21.2,11.2,0.0,0.0,2575.0,249.78,1000.0,2048.0,191.8,85.02,59.0,97.0,1.54,7.72,3.8,21.2,0.0,67.1,0.6,56.0,539.0,44.5,126428.7,55145.2,0.0,0.0
245,93.8,1.717,1717.1,61.75,21.2,11.2,0.0,0.3,2604.0,255.19,1000.0,2048.0,191.8,84.1,59.0,98.0,1.54,7.72,3.8,21.2,0.0,67.0,7.8,77.8,539.0,44.5,126428.7,55149.2,0.0,0.0
246,87.5,1.728,1728.2,61.0,20.9,11.2,0.0,0.0,2610.0,255.78,1000.0,2048.0,191.8,85.0,59.0,98.0,1.54,7.72,3.8,20.9,0.0,67.1,7.8,59.4,539.0,44.5,126428.7,55124.2,0.0,0.0
247,93.8,1.686,1686.0,60.625,21.8,11.2,0.0,0.0,2644.0,261.76,1000.0,2048.0,191.8,84.09,60.0,99.0,1.54,7.72,3.8,21.8,0.0,67.0,7.9,65.7,539.0,44.5,126428.7,55112.0,0.0,0.0
248,84.4,1.676,1676.3,60.5,21.7,11.2,0.0,0.0,2654.0,262.75,1000.0,2048.0,191.8,84.09,60.0,99.0,1.54,7.72,3.8,21.8,0.0,67.1,6.9,74.7,539.0,44.5,126428.7,55111.8,0.0,0.0
249,87.5,1.66,1659.6,60.375,21.5,11.2,0.0,0.0,2677.0,265.02,1000.0,2048.0,191.8,84.09,60.0,99.0,1.56,7.58,3.84,21.4,0.0,67.0,1.4,77.8,539.0,44.5,126428.7,55106.7,0.0,0.0
250,81.2,1.657,1656.8,60.25,21.2,11.2,0.0,0.0,2660.0,263.34,1000.0,2048.0,191.8,84.1,60.0,99.0,1.56,7.58,3.84,21.2,0.0,67.0,7.8,52.0,539.0,44.5,126428.7,55098.7,0.0,0.0
251,84.4,1.714,1714.5,60.25,21.4,11.2,0.0,0.0,2673.0,264.63,1000.0,2048.0,191.8,84.1,59.0,99.0,1.56,7.58,3.84,21.3,0.0,67.0,7.8,100.0,539.0,44.5,126428.7,55100.4,0.0,0.0
252,90.6,1.671,1670.8,60.25,21.4,11.2,0.0,0.1,2675.0,264.82,1000.0,2048.0,191.8,84.09,59.0,99.0,1.56,7.58,3.84,21.3,0.0,67.1,7.8,100.0,539.0,44.5,126428.7,55097.0,0.0,0.0
253,84.4,1.671,1671.4,60.25,21.0,11.2,0.0,0.0,2677.0,265.02,1000.0,2048.0,191.8,85.0,59.0,99.0,1.56,7.58,3.84,21.0,0.0,67.0,0.6,100.0,539.0,44.5,126428.7,55097.3,0.0,0.0
254,93.8,1.671,1671.4,60.25,21.4,11.2,0.0,0.0,2638.0,258.52,1000.0,2048.0,191.8,85.01,59.0,98.0,1.58,7.29,3.84,21.3,0.0,67.1,7.8,77.8,539.0,44.5,126428.7,55092.2,0.0,0.0
255,93.8,1.656,1655.8,60.125,22.4,11.2,0.0,0.0,2653.0,262.65,1000.0,2048.0,191.8,84.09,60.0,99.0,1.58,7.29,3.84,22.4,0.0,67.0,7.8,58.6,539.0,44.5,126428.7,55100.1,0.0,0.0
256,84.4,1.664,1663.5,60.125,21.6,11.2,0.0,0.0,2656.0,262.94,1000.0,2048.0,191.8,84.09,60.0,99.0,1.58,7.29,3.84,21.5,0.0,67.0,4.8,81.8,539.0,44.5,126428.7,55107.1,0.0,0.0
257,93.8,1.658,1658.0,60.125,22.5,11.2,0.0,0.0,2668.0,264.13,1000.0,2048.0,191.8,84.1,60.0,99.0,1.58,7.29,3.84,22.6,0.0,67.1,3.5,57.6,539.0,44.5,126428.7,55097.0,0.0,0.0
258,87.5,1.671,1671.1,60.25,22.4,11.2,0.0,0.1,2618.0,256.56,1000.0,2048.0,191.8,85.01,60.0,98.0,1.58,7.29,3.84,22.2,0.0,67.0,7.8,63.0,539.0,44.5,126428.7,55091.3,0.0,0.0
259,93.8,1.651,1650.8,60.25,23.0,11.2,0.0,0.0,2665.0,261.17,1000.0,2048.0,191.8,84.09,60.0,98.0,1.59,7.11,3.86,23.2,0.0,67.0,7.8,79.2,539.0,44.5,126428.7,55097.7,0.0,0.0
260,93.8,1.686,1685.9,60.25,22.1,11.2,0.0,0.0,2661.0,263.44,1000.0,2048.0,191.8,84.1,60.0,99.0,1.59,7.11,3.86,22.2,0.0,67.1,7.7,54.5,539.0,44.5,126428.7,55098.2,0.0,0.0
261,90.6,1.662,1661.9,60.25,21.0,11.2,0.0,0.0,2674.0,264.73,1000.0,2048.0,191.8,84.09,60.0,99.0,1.59,7.11,3.86,21.1,0.0,67.0,0.6,62.0,539.0,44.5,126428.7,55097.9,0.0,0.0
262,84.4,1.692,1691.7,60.375,21.4,11.2,0.0,0.0,2646.0,261.95,1000.0,2048.0,191.8,85.0,60.0,99.0,1.59,7.11,3.86,21.3,0.0,67.0,7.8,84.8,539.0,44.5,126428.7,55096.9,0.0,0.0
263,84.4,1.667,1667.2,60.375,21.3,11.2,0.0,0.0,2676.0,264.92,1000.0,2048.0,191.8,84.09,59.0,99.0,1.59,7.11,3.86,21.0,0.0,67.1,7.8,72.0,539.0,44.5,126428.7,55098.9,0.0,0.0
264,75.0,1.7,1700.2,60.5,20.1,11.2,0.0,0.0,2678.0,265.12,1000.0,2048.0,191.8,84.1,60.0,99.0,1.61,6.86,3.87,20.2,0.0,67.0,7.6,78.0,539.0,44.5,126428.7,55085.3,0.0,0.0
265,84.4,1.701,1701.4,60.625,20.1,11.2,0.0,0.0,2693.0,266.61,1000.0,2048.0,191.8,85.01,60.0,99.0,1.61,6.86,3.87,19.9,0.0,67.0,7.7,81.0,539.0,44.5,126428.7,55078.0,0.0,0.0
266,56.2,3.514,3514.3,71.0,11.2,11.2,0.0,0.0,1469.0,60.23,1000.0,2048.0,191.8,59.04,47.0,41.0,1.61,6.86,3.87,11.2,0.0,63.6,0.3,58.6,539.0,44.5,126428.7,55097.3,0.0,0.0
267,50.0,3.46,3459.7,76.625,9.7,11.2,0.0,0.1,925.0,13.88,1000.0,2048.0,191.8,48.01,47.0,15.0,1.61,6.86,3.87,9.8,0.0,69.1,7.7,50.5,539.0,44.5,126428.7,55089.3,0.0,0.0
268,40.6,3.275,3274.7,79.0,9.6,11.2,0.0,0.0,720.0,4.32,1000.0,2048.0,191.8,44.08,46.0,6.0,1.61,6.86,3.87,9.6,0.0,66.5,7.6,52.0,539.0,44.5,126428.7,55091.1,0.0,0.0
269,50.0,3.261,3260.6,80.0,9.1,11.2,0.0,0.0,644.0,1.29,1000.0,2048.0,191.8,43.04,46.0,2.0,1.6,6.39,3.82,9.1,0.0,66.4,0.4,52.5,539.0,44.5,126428.7,55092.9,0.0,0.0
270,40.6,3.17,3169.7,80.375,9.5,11.2,0.0,0.0,616.0,0.62,1000.0,2048.0,191.8,42.01,46.0,1.0,1.6,6.39,3.82,9.4,0.0,66.9,7.6,53.5,539.0,44.5,126428.7,55099.9,0.0,0.0
271,46.9,3.291,3291.0,79.625,9.5,11.2,0.0,0.0,606.0,0.0,1000.0,2048.0,191.8,41.04,46.0,0.0,1.6,6.39,3.82,9.6,0.0,68.0,7.6,32.0,539.0,44.5,126428.7,55128.6,0.0,0.0
272,37.5,3.263,3262.9,79.5,9.5,11.2,0.0,0.0,602.0,0.0,1000.0,2048.0,191.8,41.05,46.0,0.0,1.6,6.39,3.82,9.4,0.0,66.5,7.6,40.0,539.0,44.5,126428.7,55122.4,0.0,0.0
273,37.5,3.347,3347.1,79.875,9.5,11.2,0.0,0.0,601.0,0.0,1000.0,2048.0,191.8,41.03,45.0,0.0,1.6,6.39,3.82,9.4,0.0,66.7,0.4,53.0,539.0,44.5,126428.7,55102.8,0.0,0.0
274,56.2,3.561,3560.6,81.375,12.4,11.2,0.0,0.0,1198.0,35.94,1000.0,2048.0,192.4,65.02,60.0,30.0,1.63,6.44,3.87,12.4,0.0,67.0,7.7,52.5,540.0,44.3,126428.7,54819.6,0.0,0.0
275,62.5,3.558,3558.0,81.875,16.5,11.2,0.0,0.0,1956.0,140.83,1000.0,2048.0,192.4,98.05,64.0,72.0,1.63,6.44,3.87,16.5,0.0,68.2,7.9,73.7,540.0,44.3,126428.7,54841.3,0.0,0.0
276,68.8,3.567,3567.3,83.125,16.4,11.2,0.0,0.3,2155.0,183.18,1000.0,2048.0,192.4,108.07,60.0,85.0,1.63,6.44,3.87,16.5,0.0,66.7,7.9,62.2,540.0,44.7,126428.7,55336.8,0.0,0.0
277,62.5,2.032,2031.8,80.5,16.5,11.2,0.0,0.0,2425.0,227.95,1000.0,2048.0,192.4,114.02,64.0,94.0,1.63,6.44,3.87,16.4,0.0,67.4,0.6,66.7,540.0,44.7,126428.7,55315.1,0.0,0.0
278,81.2,1.675,1675.0,73.5,21.0,11.2,0.0,0.1,2660.0,258.02,1000.0,2048.0,192.4,101.05,61.0,97.0,1.63,6.44,3.87,20.9,0.0,66.8,7.9,70.0,540.0,44.7,126428.7,55300.5,0.0,0.0
279,87.5,1.665,1665.2,68.375,21.2,11.2,0.0,0.0,2675.0,262.15,1000.0,2048.0,192.4,91.08,60.0,98.0,1.65,6.32,3.89,21.2,0.0,66.9,7.9,63.3,540.0,44.6,126428.7,55281.4,0.0,0.0
280,78.1,1.656,1656.1,65.0,21.4,11.2,0.0,0.0,2658.0,260.48,1000.0,2048.0,192.4,87.06,59.0,98.0,1.65,6.32,3.89,21.4,0.0,67.5,7.8,72.7,540.0,44.6,126428.7,55276.3,0.0,0.0
281,78.1,1.655,1655.4,63.0,22.5,11.2,0.0,0.0,2691.0,266.41,1000.0,2048.0,192.4,85.1,59.0,99.0,1.65,6.32,3.89,22.5,0.0,68.3,7.9,77.2,540.0,44.6,126428.7,55264.1,0.0,0.0
282,71.9,1.669,1668.9,61.875,22.2,11.2,0.0,0.0,2676.0,264.92,1000.0,2048.0,192.4,85.03,59.0,99.0,1.65,6.32,3.89,22.2,0.0,66.1,0.6,68.7,540.0,44.6,126428.7,55262.8,0.0,0.0
283,78.1,1.697,1697.3,61.25,22.3,11.2,0.0,0.0,2698.0,267.1,1000.0,2048.0,192.4,85.01,59.0,99.0,1.65,6.32,3.89,22.4,0.0,67.5,7.9,61.6,540.0,44.6,126428.7,55260.3,0.0,0.0
284,84.4,1.679,1678.9,60.875,22.3,11.2,0.0,0.0,2691.0,266.41,1000.0,2048.0,192.4,85.01,60.0,99.0,1.67,6.22,3.91,22.4,0.0,67.6,0.5,78.6,540.0,44.6,126428.7,55235.9,0.0,0.0
285,71.9,1.666,1666.5,60.625,22.5,11.2,0.0,0.0,2653.0,259.99,1000.0,2048.0,192.4,84.09,59.0,98.0,1.67,6.22,3.91,22.3,0.0,66.2,7.9,79.0,540.0,44.6,126428.7,55223.6,0.0,0.0
286,81.2,1.731,1731.0,60.375,22.0,11.2,0.0,0.0,2681.0,265.42,1000.0,2048.0,192.4,85.0,60.0,99.0,1.67,6.22,3.91,21.8,0.0,63.1,7.8,76.0,540.0,44.6,126428.7,55212.1,0.0,0.0
287,93.8,1.707,1707.1,60.25,21.1,11.2,0.0,0.0,2681.0,265.42,1000.0,2048.0,192.4,84.09,60.0,99.0,1.67,6.22,3.91,21.0,0.0,66.8,7.9,63.6,540.0,44.6,126428.7,55204.9,0.0,0.0
288,87.5,2.967,2966.8,65.125,17.6,11.2,0.0,0.1,2229.0,171.63,1000.0,2048.0,192.2,81.07,62.0,77.0,1.67,6.22,3.91,17.8,0.0,66.0,0.6,69.0,539.0,44.3,126428.7,54807.9,0.0,0.0
289,65.6,1.688,1687.8,66.375,19.3,11.2,0.0,0.0,2337.0,203.32,1000.0,2048.0,191.0,86.01,63.0,87.0,1.69,6.12,3.93,19.2,0.0,67.6,7.9,72.7,539.0,44.2,126428.7,54781.3,0.0,0.0
290,93.8,1.688,1687.7,66.875,20.2,11.2,0.0,0.0,2397.0,213.33,1000.0,2048.0,192.0,86.02,59.0,89.0,1.69,6.12,3.93,20.1,0.0,67.9,7.8,85.9,539.0,44.6,126428.7,55273.1,0.0,0.0
291,71.9,1.684,1684.4,64.125,21.1,11.2,0.0,0.0,2529.0,240.26,1000.0,2048.0,192.0,85.02,59.0,95.0,1.69,6.12,3.93,21.0,0.0,66.6,7.9,97.0,539.0,44.6,126428.7,55246.1,0.0,0.0
292,68.8,1.661,1660.9,62.625,21.9,11.2,0.0,0.0,2629.0,255.01,1000.0,2048.0,192.0,85.01,60.0,97.0,1.69,6.12,3.93,21.9,0.0,66.5,7.9,100.0,539.0,44.6,126428.7,55243.6,0.0,0.0
293,84.4,1.698,1698.1,61.625,21.6,11.2,0.0,0.1,2667.0,261.37,1000.0,2048.0,192.0,85.01,60.0,98.0,1.69,6.12,3.93,21.4,0.0,66.8,0.6,100.0,539.0,44.6,126428.7,55264.2,0.0,0.0
294,84.4,1.666,1666.2,61.125,21.6,11.2,0.0,0.0,2646.0,261.95,1000.0,2048.0,192.0,85.02,60.0,99.0,1.7,5.95,3.93,21.5,0.0,68.2,7.8,100.0,539.0,44.6,126428.7,55258.8,0.0,0.0
295,78.1,1.726,1725.5,60.75,21.1,11.2,0.0,0.0,2652.0,262.55,1000.0,2048.0,192.0,84.1,59.0,99.0,1.7,5.95,3.93,21.1,0.0,66.3,0.6,100.0,539.0,44.6,126428.7,55262.5,0.0,0.0
296,78.1,1.696,1696.2,60.625,21.8,11.2,0.0,0.0,2686.0,265.91,1000.0,2048.0,192.0,85.0,60.0,99.0,1.7,5.95,3.93,21.8,0.0,67.1,14.0,100.0,538.0,44.6,126428.7,55272.6,0.0,0.0
297,87.5,1.706,1706.0,60.5,21.7,11.2,0.0,0.0,2684.0,265.72,1000.0,2048.0,192.0,85.01,60.0,99.0,1.7,5.95,3.93,21.6,0.0,67.7,1.7,100.0,538.0,44.6,126428.7,55250.4,0.0,0.0
298,78.1,1.737,1736.8,60.375,20.6,11.2,0.0,0.0,2669.0,264.23,1000.0,2048.0,192.0,84.1,60.0,99.0,1.7,5.95,3.93,20.4,0.0,66.4,7.8,100.0,538.0,44.6,126428.7,55251.2,0.0,0.0
299,81.2,1.699,1699.3,60.25,20.6,11.2,0.0,0.1,2669.0,264.23,1000.0,2048.0,192.0,84.1,60.0,99.0,1.73,6.03,3.98,20.5,0.0,67.3,7.9,100.0,538.0,44.6,126428.7,55247.1,0.0,0.0
300,81.2,3.508,3507.9,65.0,18.2,11.2,0.0,0.0,2199.0,164.92,1000.0,2048.0,192.0,77.06,55.0,75.0,1.73,6.03,3.98,18.1,0.0,66.6,7.9,90.1,538.0,44.6,126428.7,55219.0,0.0,0.0
301,78.1,1.677,1677.1,66.75,18.2,11.2,0.0,0.0,2321.0,199.61,1000.0,2048.0,192.0,86.02,63.0,86.0,1.73,6.03,3.98,18.2,0.0,68.8,7.8,99.0,538.0,44.6,126428.7,55210.7,0.0,0.0
302,84.4,1.747,1747.3,67.125,19.4,11.2,0.0,0.0,2407.0,211.82,1000.0,2048.0,191.6,86.07,64.0,88.0,1.73,6.03,3.98,19.3,0.0,65.9,0.6,76.0,538.0,44.9,126428.7,55654.7,0.0,0.0
303,87.5,1.732,1732.0,64.5,21.5,11.2,0.0,0.0,2479.0,233.03,1000.0,2048.0,191.6,85.03,59.0,94.0,1.73,6.03,3.98,21.5,0.0,66.5,7.9,79.8,538.0,44.6,126428.7,55225.3,0.0,0.0
304,78.1,1.697,1697.2,62.875,22.3,11.2,0.0,0.0,2607.0,252.88,1000.0,2048.0,191.6,85.01,60.0,97.0,1.76,6.11,4.03,22.3,0.0,67.5,5.1,72.7,538.0,44.6,126428.7,55230.8,0.0,0.0
305,78.1,1.684,1684.2,62.0,22.2,11.2,0.0,0.1,2662.0,260.88,1000.0,2048.0,191.6,85.0,60.0,98.0,1.76,6.11,4.03,22.0,0.0,65.5,3.3,94.9,538.0,44.6,126428.7,55221.7,0.0,0.0
306,84.4,1.665,1664.7,61.375,22.0,11.2,0.0,0.0,2660.0,263.34,1000.0,2048.0,191.6,85.0,59.0,99.0,1.76,6.11,4.03,22.1,0.0,67.0,7.8,58.0,538.0,44.6,126428.7,55217.8,0.0,0.0
307,81.2,3.135,3134.6,66.625,19.1,11.2,0.0,0.3,2208.0,167.81,1000.0,2048.0,191.8,79.04,57.0,76.0,1.76,6.11,4.03,18.8,0.0,67.1,7.9,62.0,540.0,44.4,126428.7,55026.0,0.0,0.0
308,81.2,1.725,1724.6,66.5,18.8,11.2,0.0,0.0,2337.0,203.32,1000.0,2048.0,191.8,86.02,63.0,87.0,1.76,6.11,4.03,19.0,0.0,67.0,4.2,53.0,540.0,44.2,126428.7,54721.2,0.0,0.0
309,81.2,1.753,1752.7,67.125,20.8,11.2,0.0,0.1,2397.0,210.94,1000.0,2048.0,192.1,85.05,63.0,88.0,1.79,6.18,4.08,20.6,0.0,67.1,5.9,53.0,540.0,44.6,126428.7,55244.9,0.0,0.0
310,84.4,1.718,1717.7,64.625,21.6,11.2,0.0,0.0,2506.0,235.56,1000.0,2048.0,192.1,85.02,60.0,94.0,1.79,6.18,4.08,21.6,0.0,67.1,6.0,62.6,540.0,44.6,126428.7,55214.6,0.0,0.0
311,90.6,1.791,1790.6,63.0,22.1,11.2,0.0,0.0,2591.0,251.33,1000.0,2048.0,192.1,85.01,59.0,97.0,1.79,6.18,4.08,22.1,0.0,67.0,7.8,99.0,540.0,44.6,126428.7,55216.6,0.0,0.0
312,87.5,1.736,1735.9,62.0,22.4,11.2,0.0,0.0,2648.0,259.5,1000.0,2048.0,192.1,85.0,60.0,98.0,1.79,6.18,4.08,22.3,0.0,67.0,7.8,99.0,540.0,44.6,126428.7,55189.8,0.0,0.0
313,90.6,1.779,1779.3,61.5,21.8,11.2,0.0,0.0,2666.0,263.93,1000.0,2048.0,192.1,85.0,60.0,99.0,1.79,6.18,4.08,21.7,0.0,67.0,7.8,98.0,540.0,44.6,126428.7,55174.4,0.0,0.0
314,84.4,1.712,1711.8,61.25,21.8,11.2,0.0,0.0,2653.0,262.65,1000.0,2048.0,192.1,84.09,60.0,99.0,1.81,6.25,4.13,21.7,0.0,67.1,0.6,99.0,540.0,44.6,126428.7,55175.4,0.0,0.0
315,84.4,1.672,1672.3,61.0,22.5,11.2,0.0,0.0,2681.0,265.42,1000.0,2048.0,192.1,85.0,60.0,99.0,1.81,6.25,4.13,22.5,0.0,67.1,7.8,74.3,540.0,44.5,126428.7,55163.7,0.0,0.0
316,93.8,1.696,1695.8,60.875,22.9,11.2,0.0,0.0,2669.0,264.23,1000.0,2048.0,192.1,85.0,60.0,99.0,1.81,6.25,4.13,23.0,0.0,67.0,7.8,87.0,540.0,44.5,126428.7,55164.8,0.0,0.0
317,93.8,1.652,1652.3,60.75,22.8,11.2,0.0,0.0,2632.0,260.57,1000.0,2048.0,192.1,84.09,60.0,99.0,1.81,6.25,4.13,22.8,0.0,67.1,7.8,71.7,540.0,44.5,126428.7,55148.2,0.0,0.0
318,96.9,1.741,1740.6,60.75,22.8,11.2,0.0,0.0,2663.0,263.64,1000.0,2048.0,192.1,85.0,60.0,99.0,1.81,6.25,4.13,22.9,0.0,67.0,0.5,60.2,540.0,44.5,126428.7,55153.2,0.0,0.0
319,87.5,1.766,1765.8,60.875,22.6,11.2,0.0,0.0,2678.0,265.12,1000.0,2048.0,192.1,85.0,60.0,99.0,1.84,6.31,4.18,22.6,0.0,67.1,7.8,90.0,540.0,44.5,126428.7,55153.6,0.0,0.0
320,90.6,1.754,1754.2,60.875,23.2,11.2,0.0,0.0,2686.0,265.91,1000.0,2048.0,192.1,85.0,61.0,99.0,1.84,6.31,4.18,23.2,0.0,67.0,7.8,85.1,541.0,44.5,126428.7,55158.0,0.0,0.0
321,96.9,1.679,1678.8,61.0,23.1,11.2,0.0,0.0,2628.0,257.54,1000.0,2048.0,192.1,85.02,60.0,98.0,1.84,6.31,4.18,23.1,0.0,67.0,6.9,72.0,541.0,44.5,126428.7,55154.1,0.0,0.0
322,96.9,1.67,1670.2,60.875,23.5,11.2,0.0,0.0,2580.0,252.84,1000.0,2048.0,192.1,84.08,60.0,98.0,1.84,6.31,4.18,23.4,0.0,67.1,6.9,66.0,541.0,44.5,126428.7,55153.2,0.0,0.0
323,100.0,1.702,1702.5,60.875,22.7,11.2,0.0,0.0,2596.0,254.41,1000.0,2048.0,192.1,85.0,60.0,98.0,1.84,6.31,4.18,22.7,0.0,67.0,2.3,60.2,541.0,44.5,126428.7,55140.2,0.0,0.0
324,90.6,1.703,1702.7,60.875,22.3,11.2,0.0,0.0,2620.0,256.76,1000.0,2048.0,192.1,84.09,60.0,98.0,1.87,6.36,4.22,22.4,0.0,67.1,7.8,55.6,541.0,44.5,126428.7,55142.3,0.0,0.0
325,100.0,1.693,1692.9,61.0,23.0,11.2,0.0,0.1,2680.0,265.32,1000.0,2048.0,192.1,85.0,60.0,99.0,1.87,6.36,4.22,23.0,0.0,67.0,5.5,68.3,541.0,44.5,126428.7,55144.2,0.0,0.0
326,81.2,1.81,1809.7,61.0,22.6,11.2,0.0,0.0,2682.0,265.52,1000.0,2048.0,192.1,85.0,61.0,99.0,1.87,6.36,4.22,22.6,0.0,67.0,2.8,61.6,541.0,44.5,126428.7,55155.3,0.0,0.0
327,100.0,1.808,1808.4,61.0,22.2,11.2,0.0,0.0,2698.0,267.1,1000.0,2048.0,192.1,85.0,61.0,99.0,1.87,6.36,4.22,22.2,0.0,67.1,7.8,57.6,541.0,44.5,126428.7,55166.4,0.0,0.0
328,87.5,1.732,1731.5,61.0,22.3,11.2,0.0,0.0,2704.0,267.7,1000.0,2048.0,192.1,85.0,61.0,99.0,1.87,6.36,4.22,22.2,0.0,67.0,7.7,75.0,541.0,44.5,126428.7,55163.5,0.0,0.0
329,90.6,1.805,1805.0,61.0,21.1,11.2,0.0,0.0,2703.0,267.6,1000.0,2048.0,192.1,85.01,61.0,99.0,1.9,6.5,4.29,21.0,0.0,67.0,0.6,98.0,524.0,44.5,126428.7,55165.6,0.0,0.0
330,96.9,1.854,1853.6,61.0,21.0,11.2,0.0,0.1,2691.0,266.41,1000.0,2048.0,192.1,84.1,60.0,99.0,1.9,6.5,4.29,21.0,0.0,67.1,7.8,65.7,524.0,44.6,126428.7,55179.5,0.0,0.0
331,93.8,1.775,1775.4,60.875,21.5,11.2,0.0,0.0,2690.0,266.31,1000.0,2048.0,192.1,84.09,61.0,99.0,1.9,6.5,4.29,21.5,0.0,67.0,7.8,61.2,524.0,44.6,126428.7,55197.2,0.0,0.0
332,93.8,1.831,1831.0,60.875,21.0,11.2,0.0,0.0,2665.0,263.83,1000.0,2048.0,192.1,85.02,61.0,99.0,1.9,6.5,4.29,20.8,0.0,67.0,7.8,66.0,524.0,44.6,126428.7,55193.7,0.0,0.0
333,93.8,1.74,1740.0,60.875,21.1,11.2,0.0,0.0,2671.0,264.43,1000.0,2048.0,192.1,84.09,60.0,99.0,1.9,6.5,4.29,21.1,0.0,67.1,7.8,64.0,524.0,44.6,126428.7,55190.6,0.0,0.0
334,87.5,1.772,1771.8,61.0,20.9,11.2,0.0,0.0,2687.0,266.01,1000.0,2048.0,192.1,84.1,61.0,99.0,1.95,6.86,4.4,21.0,0.0,67.0,0.5,72.7,524.0,44.6,126428.7,55170.2,0.0,0.0
335,87.5,1.781,1780.8,61.0,21.1,11.2,0.0,0.0,2675.0,264.82,1000.0,2048.0,192.1,84.09,61.0,99.0,1.95,6.86,4.4,21.0,0.0,67.0,7.8,65.7,524.0,44.6,126428.7,55173.0,0.0,0.0
336,81.2,2.386,2386.4,64.5,16.2,11.2,0.0,0.1,2016.0,137.09,1000.0,2048.0,192.1,71.01,48.0,68.0,1.95,6.86,4.4,16.2,0.0,67.0,7.7,55.0,524.0,44.5,126428.7,55157.0,0.0,0.0
337,59.4,2.314,2313.9,72.875,9.6,11.2,0.0,0.4,1121.0,28.02,1000.0,2048.0,192.1,51.05,47.0,25.0,1.95,6.86,4.4,9.4,0.0,67.0,0.4,47.0,524.0,44.5,126428.7,55163.4,0.0,0.0
338,46.9,2.415,2414.7,77.25,9.4,11.2,0.0,0.0,792.0,7.13,1000.0,2048.0,192.1,44.0,47.0,9.0,1.95,6.86,4.4,9.5,0.0,67.0,7.6,62.6,524.0,44.5,126428.7,55156.1,0.0,0.0
339,34.4,2.697,2697.3,79.25,9.4,11.2,0.0,0.0,671.0,2.01,1000.0,2048.0,192.1,41.08,47.0,3.0,1.97,6.71,4.41,9.4,0.0,67.0,7.7,58.0,524.0,44.5,126428.7,55159.2,0.0,0.0
340,40.6,2.699,2699.4,80.375,9.8,11.2,0.0,0.0,625.0,0.62,1000.0,2048.0,192.1,41.05,46.0,1.0,1.97,6.71,4.41,9.6,0.0,67.0,7.6,51.5,524.0,44.5,126428.7,55160.1,0.0,0.0
341,40.6,2.827,2827.0,80.5,9.4,11.2,0.5,0.1,609.0,0.0,1000.0,2048.0,192.1,41.02,46.0,0.0,1.97,6.71,4.41,9.5,0.0,67.0,0.4,50.5,524.0,44.5,126428.7,55164.2,0.0,0.0
342,37.5,2.776,2776.2,80.75,9.4,11.2,0.0,0.0,603.0,0.0,1000.0,2048.0,192.1,40.07,46.0,0.0,1.97,6.71,4.41,9.2,0.0,67.0,7.6,52.5,524.0,44.5,126428.7,55165.8,0.0,0.0
343,34.4,2.56,2560.1,80.625,9.5,11.2,0.0,0.0,601.0,0.0,1000.0,2048.0,192.1,40.07,46.0,0.0,1.97,6.71,4.41,9.3,0.0,67.0,7.6,52.0,524.0,44.5,126428.7,55162.4,0.0,0.0
344,46.9,2.48,2480.3,80.375,9.3,11.2,0.0,0.0,600.0,0.0,1000.0,2048.0,192.1,40.1,45.0,0.0,1.99,6.65,4.44,9.3,0.0,67.0,0.4,52.5,524.0,44.5,126428.7,55156.1,0.0,0.0
345,40.6,2.667,2666.8,80.0,9.4,11.2,0.0,0.0,600.0,0.0,1000.0,2048.0,192.1,41.02,45.0,0.0,1.99,6.65,4.44,9.3,0.0,67.0,7.6,52.0,524.0,44.5,126428.7,55165.3,0.0,0.0
346,50.0,2.959,2959.1,83.75,13.5,11.2,0.0,0.0,1363.0,51.79,1000.0,2048.0,192.0,72.09,60.0,38.0,1.99,6.65,4.44,13.4,0.0,67.1,7.9,53.5,526.0,44.4,126428.7,54985.9,0.0,0.0
347,53.1,3.382,3382.2,86.5,16.9,11.2,0.0,0.0,1977.0,144.32,1000.0,2048.0,192.0,99.06,63.0,73.0,1.99,6.65,4.44,17.0,0.0,67.1,7.9,80.0,526.0,44.3,126428.7,54897.2,0.0,0.0
348,50.0,2.937,2937.1,88.75,17.2,11.2,0.0,0.0,2230.0,189.55,1000.0,2048.0,191.9,109.03,60.0,85.0,1.99,6.65,4.44,17.0,0.0,67.1,7.9,83.0,526.0,44.7,126428.7,55392.2,0.0,0.0
349,56.2,2.653,2652.7,87.5,17.9,11.2,0.0,0.0,2496.0,234.62,1000.0,2048.0,191.9,115.03,64.0,94.0,2.02,6.76,4.49,17.9,0.0,67.0,0.6,70.7,526.0,44.7,126428.7,55378.9,0.0,0.0
350,71.9,1.75,1749.9,77.125,22.6,11.2,0.0,0.0,2682.0,260.15,1000.0,2048.0,191.9,100.08,61.0,97.0,2.02,6.76,4.49,22.5,0.0,67.1,7.9,71.0,526.0,44.7,126428.7,55378.5,0.0,0.0
351,81.2,1.725,1725.3,71.25,22.7,11.2,0.0,1.6,2676.0,262.25,1000.0,2048.0,191.9,92.03,60.0,98.0,2.02,6.76,4.49,22.7,0.0,67.1,7.9,76.8,526.0,44.7,126428.7,55370.3,0.0,0.0
352,84.4,1.721,1721.3,67.0,21.6,11.2,0.0,0.0,2670.0,264.33,1000.0,2048.0,191.9,87.09,60.0,99.0,2.02,6.76,4.49,21.4,0.0,67.1,0.6,82.0,526.0,44.7,126428.7,55374.8,0.0,0.0
353,78.1,1.754,1754.4,64.375,21.1,11.2,0.0,0.0,2673.0,264.63,1000.0,2048.0,191.9,86.01,59.0,99.0,2.02,6.76,4.49,21.2,0.0,67.0,7.8,87.9,526.0,44.7,126428.7,55367.3,0.0,0.0
354,75.0,1.771,1771.4,62.75,21.7,11.2,0.0,0.0,2682.0,265.52,1000.0,2048.0,191.9,85.04,60.0,99.0,2.09,7.34,4.65,21.6,0.0,67.1,7.9,64.7,526.0,44.7,126428.7,55363.8,0.0,0.0
355,84.4,1.715,1715.1,61.75,21.8,11.2,0.0,0.0,2644.0,261.76,1000.0,2048.0,191.9,85.0,59.0,99.0,2.09,7.34,4.65,21.5,0.0,67.1,8.0,67.7,526.0,44.7,126428.7,55369.7,0.0,0.0
356,87.5,1.734,1734.2,61.125,21.0,11.2,0.0,0.1,2630.0,260.37,1000.0,2048.0,191.9,84.1,60.0,99.0,2.09,7.34,4.65,21.0,0.0,67.0,0.4,71.7,526.0,44.7,126428.7,55372.4,0.0,0.0
357,90.6,1.735,1735.1,60.75,21.3,11.2,0.0,0.0,2632.0,260.57,1000.0,2048.0,191.9,84.09,60.0,99.0,2.09,7.34,4.65,21.1,0.0,67.1,8.0,84.0,526.0,44.7,126428.7,55373.4,0.0,0.0
358,84.4,1.801,1801.3,60.5,21.8,11.2,0.0,0.0,2652.0,262.55,1000.0,2048.0,191.9,84.09,60.0,99.0,2.09,7.34,4.65,21.8,0.0,67.1,7.9,100.0,526.0,44.7,126428.7,55372.6,0.0,0.0
359,84.4,1.783,1783.4,60.5,21.8,11.2,0.0,0.0,2652.0,262.55,1000.0,2048.0,191.9,84.1,60.0,99.0,2.25,9.31,5.11,21.8,0.0,67.1,7.9,100.0,526.0,44.7,126428.7,55373.1,0.0,0.0
360,84.4,1.718,1717.6,60.5,21.6,11.2,0.0,0.0,2656.0,262.94,1000.0,2048.0,191.9,84.1,60.0,99.0,2.25,9.31,5.11,21.5,0.0,67.0,0.5,100.0,526.0,44.7,126428.7,55367.3,0.0,0.0
361,81.2,1.675,1674.8,60.5,22.3,11.2,0.0,0.1,2660.0,263.34,1000.0,2048.0,191.9,84.09,60.0,99.0,2.25,9.31,5.11,22.2,0.0,67.1,7.9,100.0,526.0,44.7,126428.7,55400.7,0.0,0.0
362,87.5,1.748,1748.1,60.375,22.1,11.2,0.0,0.0,2624.0,257.15,1000.0,2048.0,191.9,84.09,60.0,98.0,2.25,9.31,5.11,21.9,0.0,67.1,7.8,87.0,525.0,44.7,126428.7,55380.3,0.0,0.0
363,90.6,1.761,1760.6,60.5,22.2,11.2,0.0,0.0,2654.0,262.75,1000.0,2048.0,191.9,84.09,60.0,99.0,2.25,9.31,5.11,22.1,0.0,67.1,7.9,100.0,525.0,44.7,126428.7,55379.2,0.0,0.0
364,84.4,1.668,1667.8,60.625,21.8,11.2,0.0,0.0,2685.0,265.82,1000.0,2048.0,191.9,84.1,60.0,99.0,2.28,9.13,5.14,21.9,0.0,67.1,0.6,100.0,525.0,44.7,126428.7,55375.5,0.0,0.0
365,90.6,1.763,1763.3,60.625,21.5,11.2,0.0,0.0,2687.0,266.01,1000.0,2048.0,191.9,84.1,60.0,99.0,2.28,9.13,5.14,21.4,0.0,67.0,7.8,82.0,525.0,44.7,126428.7,55385.5,0.0,0.0
366,87.5,1.769,1769.3,60.625,21.8,11.2,0.0,0.1,2679.0,265.22,1000.0,2048.0,191.9,84.1,60.0,99.0,2.28,9.13,5.14,21.6,0.0,67.1,7.9,100.0,525.0,44.7,126428.7,55374.8,0.0,0.0
367,90.6,1.802,1802.3,60.625,21.8,11.2,0.0,0.4,2675.0,264.82,1000.0,2048.0,191.9,84.1,60.0,99.0,2.28,9.13,5.14,21.8,0.0,67.1,7.9,100.0,525.0,44.7,126428.7,55378.0,0.0,0.0
368,75.0,1.786,1785.5,60.75,21.5,11.2,0.0,0.0,2678.0,265.12,1000.0,2048.0,191.9,84.09,61.0,99.0,2.28,9.13,5.14,21.3,0.0,67.0,7.8,100.0,525.0,44.7,126428.7,55364.5,0.0,0.0
369,90.6,1.77,1770.0,60.875,21.7,11.2,0.0,0.0,2687.0,266.01,1000.0,2048.0,191.9,84.1,61.0,99.0,2.28,8.72,5.12,21.6,0.0,67.1,0.7,100.0,525.0,44.7,126428.7,55361.9,0.0,0.0
370,87.5,1.752,1752.1,61.0,21.5,11.2,0.0,0.0,2689.0,266.21,1000.0,2048.0,191.9,85.01,60.0,99.0,2.28,8.72,5.12,21.5,0.0,67.0,7.7,100.0,525.0,44.7,126428.7,55359.9,0.0,0.0
371,81.2,1.717,1717.4,61.125,21.0,11.2,0.0,0.1,2695.0,266.8,1000.0,2048.0,191.9,84.09,61.0,99.0,2.28,8.72,5.12,20.9,0.0,67.1,7.9,100.0,525.0,44.7,126428.7,55362.5,0.0,0.0
372,84.4,1.696,1695.5,61.375,22.5,11.2,0.0,0.0,2704.0,267.7,1000.0,2048.0,191.9,84.1,61.0,99.0,2.28,8.72,5.12,22.5,0.0,67.1,7.8,100.0,525.0,44.7,126428.7,55365.8,0.0,0.0
373,75.0,1.744,1743.8,61.5,22.8,11.2,0.0,0.0,2709.0,268.19,1000.0,2048.0,191.9,84.09,61.0,99.0,2.28,8.72,5.12,22.8,0.0,67.1,7.9,100.0,525.0,44.7,126428.7,55360.0,0.0,0.0
374,81.2,1.751,1750.9,61.75,23.3,11.2,0.0,0.0,2686.0,265.91,1000.0,2048.0,191.9,84.09,62.0,99.0,2.29,8.34,5.1,23.2,0.0,67.1,0.6,100.0,525.0,44.7,126428.7,55367.4,0.0,0.0
375,53.1,1.728,1728.0,62.75,21.4,11.2,0.0,0.0,2562.0,245.95,1000.0,2048.0,191.9,85.01,62.0,96.0,2.29,8.34,5.1,21.4,0.0,67.0,7.8,70.0,525.0,44.7,126428.7,55376.8,0.0,0.0
376,71.9,1.69,1689.9,62.5,21.4,11.2,0.0,0.0,2597.0,254.51,1000.0,2048.0,191.9,85.0,62.0,98.0,2.29,8.34,5.1,21.3,0.0,67.1,7.8,71.3,525.0,44.7,126428.7,55376.5,0.0,0.0
377,71.9,1.707,1706.8,62.5,21.1,11.2,0.0,0.0,2621.0,256.86,1000.0,2048.0,191.9,84.09,62.0,98.0,2.29,8.34,5.1,21.1,0.0,67.0,8.0,68.7,525.0,44.7,126428.7,55373.3,0.0,0.0
378,78.1,1.713,1713.0,62.5,21.0,11.2,0.0,0.0,2647.0,262.05,1000.0,2048.0,191.9,85.0,63.0,99.0,2.29,8.34,5.1,20.9,0.0,64.5,0.5,72.0,525.0,44.7,126428.7,55388.4,0.0,0.0
379,75.0,1.723,1722.8,62.625,20.5,11.2,0.0,0.0,2646.0,261.95,1000.0,2048.0,191.9,84.1,63.0,99.0,2.3,7.99,5.08,20.4,0.0,66.5,8.0,78.8,525.0,44.7,126428.7,55392.3,0.0,0.0
380,68.8,1.715,1715.0,62.875,20.3,11.2,0.0,0.0,2663.0,263.64,1000.0,2048.0,191.9,85.0,63.0,99.0,2.3,7.99,5.08,20.2,0.0,67.4,7.8,81.0,525.0,44.7,126428.7,55398.3,0.0,0.0
381,75.0,1.684,1684.4,62.875,20.8,11.2,0.0,0.0,2666.0,263.93,1000.0,2048.0,191.9,85.0,63.0,99.0,2.3,7.99,5.08,20.8,0.0,63.7,0.7,99.0,525.0,44.7,126428.7,55414.1,0.0,0.0
382,81.2,1.742,1742.0,63.125,21.1,11.2,0.0,0.0,2666.0,263.93,1000.0,2048.0,191.9,85.0,63.0,99.0,2.3,7.99,5.08,21.2,0.0,67.1,7.8,90.1,525.0,44.7,126428.7,55401.5,0.0,0.0
383,65.6,1.739,1739.2,63.125,20.2,11.2,0.0,0.0,2630.0,255.11,1000.0,2048.0,191.9,84.08,64.0,97.0,2.3,7.99,5.08,20.0,0.0,67.1,7.9,86.0,525.0,44.7,126428.7,55396.0,0.0,0.0
384,65.6,1.739,1739.4,63.25,19.8,11.2,0.0,0.0,2625.0,257.25,1000.0,2048.0,191.9,84.08,63.0,98.0,2.31,7.67,5.06,19.7,0.0,67.0,7.9,100.0,525.0,44.7,126428.7,55402.2,0.0,0.0
385,65.6,1.749,1748.6,63.375,20.5,11.2,0.0,0.0,2676.0,264.92,1000.0,2048.0,191.9,84.1,63.0,99.0,2.31,7.67,5.06,20.4,0.0,67.1,0.6,100.0,525.0,44.7,126428.7,55395.4,0.0,0.0
386,71.9,1.704,1703.6,63.5,20.9,11.2,0.0,0.0,2694.0,266.71,1000.0,2048.0,191.9,84.1,63.0,99.0,2.31,7.67,5.06,20.9,0.0,67.1,7.8,100.0,525.0,44.7,126428.7,55395.4,0.0,0.0
387,68.8,1.781,1780.7,63.5,20.2,11.2,0.0,0.1,2696.0,266.9,1000.0,2048.0,191.9,85.0,63.0,99.0,2.31,7.67,5.06,20.0,0.0,67.0,7.9,100.0,525.0,44.7,126428.7,55388.7,0.0,0.0
388,68.8,1.737,1737.1,63.375,19.9,11.2,0.0,0.0,2686.0,265.91,1000.0,2048.0,191.9,84.09,62.0,99.0,2.31,7.67,5.06,19.9,0.0,67.0,0.5,100.0,525.0,44.7,126428.7,55395.1,0.0,0.0
389,78.1,1.755,1754.6,63.375,20.3,11.2,0.0,0.0,2691.0,266.41,1000.0,2048.0,191.9,85.0,63.0,99.0,2.32,7.3,5.03,20.2,0.0,67.1,7.9,100.0,525.0,44.7,126428.7,55382.4,0.0,0.0
390,75.0,1.722,1722.5,63.375,20.2,11.2,0.0,0.0,2701.0,267.4,1000.0,2048.0,191.9,85.0,63.0,99.0,2.32,7.3,5.03,20.1,0.0,67.1,7.9,100.0,525.0,44.7,126428.7,55383.2,0.0,0.0
391,84.4,1.748,1748.2,63.375,20.5,11.2,0.0,0.0,2704.0,267.7,1000.0,2048.0,191.9,85.0,63.0,99.0,2.32,7.3,5.03,20.5,0.0,67.5,0.6,100.0,525.0,44.7,126428.7,55398.5,0.0,0.0
392,78.1,1.709,1709.1,63.375,20.7,11.2,0.0,0.0,2678.0,265.12,1000.0,2048.0,191.9,84.09,63.0,99.0,2.32,7.3,5.03,20.7,0.0,66.6,7.8,71.7,525.0,44.7,126428.7,55391.1,0.0,0.0
393,71.9,1.73,1729.9,63.25,20.8,11.2,0.0,0.0,2693.0,266.61,1000.0,2048.0,191.9,85.01,63.0,99.0,2.32,7.3,5.03,20.8,0.0,67.1,7.9,66.7,525.0,44.7,126428.7,55390.8,0.0,0.0
394,71.9,1.744,1744.4,63.25,19.9,11.2,0.0,0.0,2688.0,266.11,1000.0,2048.0,191.9,84.1,63.0,99.0,2.32,6.95,5.0,20.0,0.0,67.0,7.9,82.0,525.0,44.7,126428.7,55387.2,0.0,0.0
395,78.1,1.715,1715.3,63.25,20.5,11.2,0.0,0.0,2696.0,266.9,1000.0,2048.0,191.9,85.0,63.0,99.0,2.32,6.95,5.0,20.3,0.0,67.1,0.6,88.9,525.0,44.7,126428.7,55390.0,0.0,0.0
396,81.2,1.741,1741.2,63.125,20.8,11.2,0.0,0.0,2697.0,267.0,1000.0,2048.0,191.9,84.1,63.0,99.0,2.32,6.95,5.0,20.8,0.0,67.0,7.8,88.1,525.0,44.7,126428.7,55398.6,0.0,0.0
397,78.1,1.712,1712.3,63.125,20.7,11.2,0.0,0.5,2679.0,265.22,1000.0,2048.0,191.9,84.09,62.0,99.0,2.32,6.95,5.0,20.5,0.0,67.1,7.9,78.8,525.0,44.7,126428.7,55399.6,0.0,0.0
398,75.0,1.744,1744.2,63.0,19.5,11.2,0.0,0.1,2631.0,260.47,1000.0,2048.0,191.9,84.1,62.0,99.0,2.32,6.95,5.0,19.5,0.0,67.1,0.6,83.2,525.0,44.7,126428.7,55400.0,0.0,0.0
399,87.5,1.751,1751.4,62.875,19.4,11.2,0.0,0.0,2653.0,262.65,1000.0,2048.0,191.9,85.0,63.0,99.0,2.33,6.72,4.98,19.3,0.0,67.0,7.8,88.1,525.0,44.7,126428.7,55401.5,0.0,0.0
400,78.1,1.71,1710.3,62.875,19.6,11.2,0.0,0.0,2658.0,263.14,1000.0,2048.0,191.9,84.1,62.0,99.0,2.33,6.72,4.98,19.6,0.0,67.1,7.9,97.0,525.0,44.7,126428.7,55401.5,0.0,0.0
401,84.4,1.773,1773.0,62.875,19.6,11.2,0.0,0.0,2649.0,262.25,1000.0,2048.0,191.9,84.09,62.0,99.0,2.33,6.72,4.98,19.7,0.0,67.0,0.6,94.1,525.0,44.7,126428.7,55392.9,0.0,0.0
402,75.0,1.781,1781.1,64.375,19.2,11.2,0.0,0.0,2560.0,248.32,1000.0,2048.0,191.9,85.06,65.0,97.0,2.33,6.72,4.98,19.1,0.0,67.1,7.8,91.9,525.0,45.2,126428.7,56023.9,0.0,0.0
403,87.5,1.73,1730.2,63.75,19.9,11.2,0.0,0.0,2541.0,246.48,1000.0,2048.0,191.9,84.09,62.0,97.0,2.33,6.72,4.98,19.7,0.0,67.1,7.9,96.0,525.0,45.2,126428.7,56007.6,0.0,0.0
404,81.2,1.72,1720.3,63.375,19.7,11.2,0.0,0.0,2625.0,257.25,1000.0,2048.0,191.9,84.1,63.0,98.0,2.35,6.66,5.0,19.6,0.0,67.0,7.8,88.9,525.0,45.2,126428.7,55996.9,0.0,0.0
405,78.1,1.71,1710.4,63.25,19.8,11.2,0.0,0.0,2641.0,261.46,1000.0,2048.0,191.9,85.02,62.0,99.0,2.35,6.66,5.0,19.7,0.0,67.0,7.9,85.0,525.0,45.2,126428.7,55997.3,0.0,0.0
406,78.1,1.782,1781.6,63.0,19.6,11.2,0.0,0.0,2613.0,256.07,1000.0,2048.0,191.9,84.09,62.0,98.0,2.35,6.66,5.0,19.6,0.0,67.1,7.7,100.0,525.0,45.2,126428.7,55996.6,0.0,0.0
407,75.0,1.743,1742.6,63.0,19.8,11.2,0.0,0.0,2638.0,261.16,1000.0,2048.0,191.9,84.09,62.0,99.0,2.35,6.66,5.0,19.5,0.0,67.0,7.9,94.0,525.0,45.2,126428.7,55997.8,0.0,0.0
408,75.0,1.73,1730.3,63.0,20.2,11.2,0.0,0.0,2683.0,265.62,1000.0,2048.0,191.9,84.1,62.0,99.0,2.35,6.66,5.0,20.0,0.0,67.1,0.6,99.0,525.0,45.2,126428.7,55999.2,0.0,0.0
409,71.9,1.794,1794.3,63.0,20.0,11.2,0.0,0.0,2651.0,262.45,1000.0,2048.0,191.9,84.09,62.0,99.0,2.35,6.37,4.96,19.9,0.0,67.0,7.8,98.0,525.0,45.2,126428.7,55996.8,0.0,0.0
410,87.5,1.764,1764.1,62.875,19.5,11.2,0.0,0.0,2654.0,262.75,1000.0,2048.0,191.9,85.0,62.0,99.0,2.35,6.37,4.96,19.4,0.0,67.1,7.8,43.0,525.0,45.2,126428.7,55989.3,0.0,0.0
411,90.6,1.729,1729.1,62.75,20.1,11.2,0.0,0.0,2649.0,262.25,1000.0,2048.0,191.9,84.09,62.0,99.0,2.35,6.37,4.96,20.0,0.0,67.0,0.6,90.9,525.0,45.2,126428.7,55983.6,0.0,0.0
412,84.4,1.711,1710.7,62.875,19.9,11.2,0.0,0.0,2665.0,263.83,1000.0,2048.0,191.9,84.09,63.0,99.0,2.35,6.37,4.96,19.8,0.0,67.1,7.8,98.0,525.0,45.2,126428.7,55986.2,0.0,0.0
413,81.2,1.79,1789.5,63.0,20.5,11.2,0.0,0.0,2680.0,265.32,1000.0,2048.0,191.9,85.01,62.0,99.0,2.35,6.37,4.96,20.4,0.0,67.0,7.9,100.0,525.0,45.2,126428.7,55964.8,0.0,0.0
414,71.9,1.791,1791.0,63.0,20.1,11.2,0.0,0.1,2681.0,265.42,1000.0,2048.0,191.9,84.1,62.0,99.0,2.37,6.34,4.98,19.9,0.0,67.1,7.8,100.0,525.0,45.2,126428.7,55966.3,0.0,0.0
415,78.1,1.742,1741.8,63.0,19.7,11.2,0.0,0.0,2679.0,265.22,1000.0,2048.0,191.9,85.0,62.0,99.0,2.37,6.34,4.98,19.6,0.0,67.0,0.6,85.0,525.0,45.2,126428.7,55964.0,0.0,0.0
416,87.5,1.747,1747.1,62.875,19.8,11.2,0.0,0.0,2691.0,266.41,1000.0,2048.0,191.9,85.0,62.0,99.0,2.37,6.34,4.98,19.9,0.0,67.0,7.8,58.0,525.0,45.2,126428.7,55967.5,0.0,0.0
417,78.1,1.743,1743.3,62.875,20.4,11.2,0.0,0.0,2691.0,266.41,1000.0,2048.0,191.9,85.0,62.0,99.0,2.37,6.34,4.98,20.2,0.0,67.1,7.8,100.0,525.0,45.2,126428.7,55973.2,0.0,0.0
418,81.2,1.753,1753.2,62.875,20.8,11.2,0.0,0.0,2695.0,266.8,1000.0,2048.0,191.9,84.1,62.0,99.0,2.37,6.34,4.98,20.6,0.0,67.0,7.8,100.0,525.0,45.2,126428.7,55966.2,0.0,0.0
419,75.0,1.728,1727.6,62.875,21.1,11.2,0.0,0.0,2698.0,267.1,1000.0,2048.0,191.9,85.0,63.0,99.0,2.39,6.23,4.98,21.0,0.0,67.1,7.9,100.0,525.0,45.2,126428.7,55972.7,0.0,0.0
420,71.9,1.735,1735.3,62.875,20.8,11.2,0.0,0.0,2706.0,267.89,1000.0,2048.0,191.9,84.1,63.0,99.0,2.39,6.23,4.98,20.6,0.0,67.0,0.5,70.0,525.0,45.2,126428.7,55973.0,0.0,0.0
421,68.8,1.806,1806.0,62.875,21.6,11.2,0.0,0.0,2699.0,267.2,1000.0,2048.0,191.9,85.03,63.0,99.0,2.39,6.23,4.98,21.5,0.0,67.0,7.8,73.7,525.0,45.2,126428.7,55984.9,0.0,0.0
422,84.4,1.75,1750.2,62.75,21.0,11.2,0.0,0.0,2677.0,265.02,1000.0,2048.0,191.9,84.1,63.0,99.0,2.39,6.23,4.98,21.0,0.0,67.1,7.8,64.0,525.0,45.2,126428.7,55983.0,0.0,0.0
423,84.4,1.699,1699.1,62.75,21.1,11.2,0.0,0.0,2647.0,262.05,1000.0,2048.0,191.9,84.08,62.0,99.0,2.39,6.23,4.98,20.9,0.0,67.0,0.6,52.0,525.0,45.2,126428.7,55971.8,0.0,0.0
424,87.5,1.676,1676.2,62.75,21.7,11.2,0.0,0.0,2665.0,263.83,1000.0,2048.0,191.9,85.0,62.0,99.0,2.41,6.29,5.01,21.7,0.0,67.1,7.8,60.4,525.0,45.2,126428.7,55970.6,0.0,0.0
425,84.4,1.798,1798.3,62.75,21.7,11.2,0.0,0.0,2665.0,263.83,1000.0,2048.0,191.9,85.02,62.0,99.0,2.41,6.29,5.01,21.6,0.0,67.0,7.8,71.7,525.0,45.2,126428.7,55971.4,0.0,0.0
426,93.8,1.74,1740.5,62.625,21.6,11.2,0.0,0.0,2644.0,261.76,1000.0,2048.0,191.9,84.09,62.0,99.0,2.41,6.29,5.01,21.6,0.0,67.0,0.5,50.0,525.0,45.2,126428.7,55965.4,0.0,0.0
427,81.2,1.765,1765.1,70.5,16.9,11.2,0.0,0.0,2150.0,156.95,1000.0,2048.0,192.5,82.08,66.0,73.0,2.41,6.29,5.01,16.9,0.0,67.1,7.9,58.0,527.0,45.2,126428.7,56020.4,0.0,0.0
428,84.4,1.774,1774.5,69.75,19.3,11.2,0.0,0.5,2313.0,198.92,1000.0,2048.0,192.5,86.08,65.0,86.0,2.41,6.29,5.01,19.2,0.0,67.0,7.8,61.6,527.0,45.2,126428.7,56014.8,0.0,0.0
429,81.2,1.768,1767.5,68.75,20.2,11.2,0.0,0.1,2356.0,204.97,1000.0,2048.0,192.6,85.07,58.0,87.0,2.44,6.35,5.05,20.0,0.0,67.0,7.8,77.0,527.0,45.4,126428.7,56187.6,0.0,0.0
430,87.5,1.822,1822.0,66.375,20.2,11.2,0.0,0.0,2504.0,237.88,1000.0,2048.0,192.6,85.04,62.0,95.0,2.44,6.35,5.05,20.1,0.0,67.1,0.5,56.0,527.0,45.3,126428.7,56173.3,0.0,0.0
431,87.5,1.86,1860.5,64.875,20.3,11.2,0.0,0.0,2593.0,251.52,1000.0,2048.0,192.6,85.02,63.0,97.0,2.44,6.35,5.05,20.3,0.0,67.0,7.7,75.8,527.0,45.3,126428.7,56161.2,0.0,0.0
432,81.2,1.8,1799.5,64.0,18.5,11.2,0.0,0.0,2643.0,259.01,1000.0,2048.0,192.6,85.01,62.0,98.0,2.44,6.35,5.05,18.5,0.0,67.0,7.7,80.8,527.0,45.3,126428.7,56162.7,0.0,0.0
433,78.1,1.848,1847.5,63.625,18.8,11.2,0.0,0.0,2670.0,264.33,1000.0,2048.0,192.6,85.01,63.0,99.0,2.44,6.35,5.05,18.7,0.0,67.0,0.4,78.0,527.0,45.3,126428.7,56142.6,0.0,0.0
434,81.2,1.865,1865.3,63.375,18.7,11.2,0.0,0.0,2681.0,265.42,1000.0,2048.0,192.6,85.0,63.0,99.0,2.46,6.4,5.08,18.7,0.0,67.0,7.6,67.7,527.0,45.3,126428.7,56144.2,0.0,0.0
435,81.2,1.801,1800.7,63.25,19.2,11.2,0.0,0.0,2681.0,265.42,1000.0,2048.0,192.6,85.0,63.0,99.0,2.46,6.4,5.08,19.1,0.0,67.0,7.6,76.8,527.0,45.3,126428.7,56144.0,0.0,0.0
436,81.2,1.799,1799.0,63.0,19.0,11.2,0.0,0.0,2676.0,264.92,1000.0,2048.0,192.6,85.0,63.0,99.0,2.46,6.4,5.08,18.8,0.0,67.0,0.4,65.7,527.0,45.3,126428.7,56134.3,0.0,0.0
437,87.5,1.836,1835.5,63.0,18.8,11.2,0.0,0.0,2674.0,264.73,1000.0,2048.0,192.6,84.1,63.0,99.0,2.46,6.4,5.08,18.7,0.0,67.0,7.6,63.4,527.0,45.3,126428.7,56125.9,0.0,0.0
438,71.9,2.362,2361.5,69.75,12.7,11.2,0.0,0.0,1662.0,84.76,1000.0,2048.0,192.6,64.07,49.0,51.0,2.46,6.4,5.08,12.6,0.0,67.0,7.6,52.5,527.0,45.3,126428.7,56126.7,0.0,0.0
439,34.4,2.38,2379.9,77.25,9.0,11.2,0.0,0.0,988.0,17.78,1000.0,2048.0,192.6,50.03,48.0,18.0,2.47,6.13,5.05,9.0,0.0,67.0,0.4,62.0,527.0,45.3,126428.7,56130.7,0.0,0.0
440,43.8,2.159,2159.0,79.625,9.2,11.2,0.0,0.0,739.0,5.17,1000.0,2048.0,192.6,44.08,48.0,7.0,2.47,6.13,5.05,9.3,0.0,67.0,7.6,52.0,527.0,45.3,126428.7,56148.3,0.0,0.0
441,56.2,3.029,3028.8,82.5,11.3,11.2,0.0,0.0,1415.0,58.02,1000.0,2048.0,192.9,74.06,61.0,41.0,2.47,6.13,5.05,11.1,0.0,67.0,7.7,49.5,527.0,46.3,126428.7,57388.6,0.0,0.0
442,68.8,2.844,2843.8,84.125,15.2,11.2,0.0,0.1,1736.0,102.42,1000.0,2048.0,192.9,88.05,65.0,59.0,2.47,6.13,5.05,15.1,0.0,67.1,0.6,59.0,527.0,44.9,126428.7,55566.7,0.0,0.0
443,62.5,3.015,3015.0,87.625,16.3,11.2,0.0,0.0,2124.0,167.8,1000.0,2048.0,192.9,104.09,64.0,79.0,2.47,6.13,5.05,16.2,0.0,67.1,7.9,76.0,527.0,45.3,126428.7,56089.7,0.0,0.0
444,78.1,1.696,1696.2,80.25,20.2,11.2,0.0,0.0,2472.0,224.95,1000.0,2048.0,192.9,102.06,64.0,91.0,2.5,6.36,5.11,20.2,0.0,67.0,7.9,76.8,527.0,45.3,126428.7,56080.9,0.0,0.0
445,81.2,1.752,1752.2,73.625,21.8,11.2,0.0,0.0,2626.0,252.1,1000.0,2048.0,192.9,92.09,63.0,96.0,2.5,6.36,5.11,21.8,0.0,67.1,7.9,78.0,527.0,45.3,126428.7,56098.5,0.0,0.0
446,84.4,1.727,1726.9,69.375,21.2,11.2,0.0,0.0,2636.0,258.33,1000.0,2048.0,192.9,88.04,62.0,98.0,2.5,6.36,5.11,21.2,0.0,67.1,7.9,71.0,527.0,45.3,126428.7,56091.6,0.0,0.0
447,93.8,1.744,1743.7,66.625,21.3,11.2,0.0,0.0,2620.0,256.76,1000.0,2048.0,192.9,86.02,62.0,98.0,2.5,6.36,5.11,21.3,0.0,67.1,0.6,61.4,527.0,45.3,126428.7,56074.9,0.0,0.0
448,93.8,1.774,1774.1,65.0,21.7,11.2,0.0,0.0,2647.0,262.05,1000.0,2048.0,192.9,85.04,62.0,99.0,2.5,6.36,5.11,21.6,0.0,67.0,7.9,62.6,527.0,45.3,126428.7,56068.5,0.0,0.0
449,90.6,1.757,1756.7,63.875,21.8,11.2,0.0,0.0,2664.0,263.74,1000.0,2048.0,192.9,85.01,62.0,99.0,2.53,6.49,5.16,21.8,0.0,67.1,7.9,57.4,527.0,45.3,126428.7,56068.1,0.0,0.0
450,93.8,1.821,1821.3,63.375,22.0,11.2,0.0,0.0,2663.0,263.64,1000.0,2048.0,192.9,85.01,62.0,99.0,2.53,6.49,5.16,22.0,0.0,67.0,0.6,72.7,527.0,45.3,126428.7,56067.9,0.0,0.0
451,96.9,1.811,1810.9,62.875,21.1,11.2,0.2,0.0,2641.0,261.46,1000.0,2048.0,192.9,85.0,62.0,99.0,2.53,6.49,5.16,21.2,0.0,67.1,7.9,60.6,527.0,45.3,126428.7,56079.0,0.0,0.0
452,90.6,1.749,1749.2,62.625,20.6,11.2,0.0,0.1,2606.0,255.39,1000.0,2048.0,192.9,84.09,62.0,98.0,2.53,6.49,5.16,20.4,0.0,67.1,7.8,72.7,527.0,45.3,126428.7,56083.4,0.0,0.0
453,90.6,1.73,1729.5,62.5,21.0,11.2,0.0,0.0,2638.0,261.16,1000.0,2048.0,192.9,84.09,62.0,99.0,2.53,6.49,5.16,21.2,0.0,67.1,7.9,55.4,527.0,45.3,126428.7,56068.0,0.0,0.0
454,90.6,1.72,1719.7,62.5,20.7,11.2,0.0,0.0,2658.0,263.14,1000.0,2048.0,192.9,84.09,62.0,99.0,2.57,6.77,5.24,20.6,0.0,67.0,0.6,70.7,527.0,45.3,126428.7,56056.4,0.0,0.0
455,81.2,1.738,1738.2,62.5,20.2,11.2,0.0,0.0,2673.0,264.63,1000.0,2048.0,192.9,84.1,62.0,99.0,2.57,6.77,5.24,20.1,0.0,67.1,7.9,70.0,527.0,45.3,126428.7,56055.9,0.0,0.0
456,78.1,1.796,1795.5,62.5,20.1,11.2,0.0,0.0,2678.0,265.12,1000.0,2048.0,192.9,85.0,62.0,99.0,2.57,6.77,5.24,20.2,0.0,67.0,7.8,61.4,527.0,45.2,126428.7,56042.7,0.0,0.0
457,84.4,1.809,1808.7,62.5,20.9,11.2,0.0,0.0,2619.0,256.66,1000.0,2048.0,192.9,85.0,63.0,98.0,2.57,6.77,5.24,20.7,0.0,67.1,7.9,74.3,527.0,45.2,126428.7,56039.4,0.0,0.0
458,96.9,1.801,1801.0,62.5,20.8,11.2,0.0,0.0,2629.0,257.64,1000.0,2048.0,192.9,84.09,62.0,98.0,2.57,6.77,5.24,20.7,0.0,67.1,7.9,52.0,527.0,45.2,126428.7,56030.1,0.0,0.0
459,90.6,1.758,1757.9,62.375,20.3,11.2,0.0,0.6,2660.0,263.34,1000.0,2048.0,192.9,84.09,62.0,99.0,2.59,6.79,5.27,20.2,0.0,67.0,7.9,76.5,527.0,45.2,126428.7,56015.0,0.0,0.0
460,90.6,1.768,1768.2,62.5,20.7,11.2,0.0,0.0,2690.0,266.31,1000.0,2048.0,192.9,84.1,63.0,99.0,2.59,6.79,5.27,20.6,0.0,67.1,7.8,90.0,526.0,45.2,126428.7,56022.1,0.0,0.0
461,93.8,1.756,1756.2,62.625,20.8,11.2,0.0,0.0,2671.0,264.43,1000.0,2048.0,192.9,84.09,62.0,99.0,2.59,6.79,5.27,20.9,0.0,67.1,7.9,74.7,526.0,45.2,126428.7,56027.5,0.0,0.0
462,87.5,1.751,1751.0,62.625,20.8,11.2,0.0,0.0,2683.0,265.62,1000.0,2048.0,192.9,84.1,62.0,99.0,2.59,6.79,5.27,20.9,0.0,67.0,0.6,55.7,526.0,45.2,126428.7,56031.5,0.0,0.0
463,90.6,1.774,1773.7,62.5,20.7,11.2,0.0,0.1,2684.0,265.72,1000.0,2048.0,192.9,84.09,62.0,99.0,2.59,6.79,5.27,20.7,0.0,67.1,7.8,57.4,526.0,45.2,126428.7,56031.5,0.0,0.0
464,84.4,1.758,1758.4,62.5,20.4,11.2,0.0,0.0,2686.0,265.91,1000.0,2048.0,192.9,84.1,62.0,99.0,2.64,7.13,5.37,20.2,0.0,67.0,7.9,65.7,526.0,45.2,126428.7,56031.4,0.0,0.0
465,87.5,1.698,1698.3,62.5,20.7,11.2,0.0,0.0,2670.0,264.33,1000.0,2048.0,192.9,85.01,63.0,99.0,2.64,7.13,5.37,20.7,0.0,67.1,0.6,75.0,526.0,45.2,126428.7,56022.5,0.0,0.0
466,93.8,1.754,1753.9,62.5,21.1,11.2,0.0,0.0,2665.0,263.83,1000.0,2048.0,192.9,84.09,62.0,99.0,2.64,7.13,5.37,21.0,0.0,67.1,7.8,94.0,526.0,45.2,126428.7,56030.3,0.0,0.0
467,87.5,3.288,3288.4,64.375,20.0,11.2,0.0,0.0,2367.0,198.83,1000.0,2048.0,192.9,79.07,52.0,84.0,2.64,7.13,5.37,20.0,0.0,67.0,8.0,84.0,526.0,45.6,126428.7,56511.4,0.0,0.0
468,65.6,1.741,1741.3,71.25,16.2,11.2,0.0,0.0,2259.0,185.24,1000.0,2048.0,193.2,86.02,65.0,82.0,2.64,7.13,5.37,16.1,0.0,67.1,0.5,63.6,528.0,45.0,126428.7,55737.4,0.0,0.0
469,93.8,2.891,2891.4,70.75,20.8,11.2,0.0,0.0,2302.0,197.97,1000.0,2048.0,192.3,84.07,63.0,86.0,2.69,7.52,5.48,20.8,0.0,67.1,7.9,92.0,528.0,45.1,126428.7,55912.1,0.0,0.0
470,84.4,1.708,1707.7,68.0,20.6,11.2,0.0,0.0,2462.0,228.97,1000.0,2048.0,193.2,85.04,62.0,93.0,2.69,7.52,5.48,20.6,0.0,67.0,7.8,93.9,528.0,45.3,126428.7,56160.0,0.0,0.0
471,84.4,1.707,1707.2,65.875,20.8,11.2,0.0,0.0,2606.0,252.78,1000.0,2048.0,193.2,85.01,63.0,97.0,2.69,7.52,5.48,20.9,0.0,67.0,7.8,99.0,528.0,45.3,126428.7,56150.7,0.0,0.0
472,78.1,1.686,1686.5,64.625,20.2,11.2,0.0,0.0,2645.0,259.21,1000.0,2048.0,193.2,85.02,62.0,98.0,2.69,7.52,5.48,20.1,0.0,67.1,0.6,98.0,528.0,45.3,126428.7,56136.4,0.0,0.0
473,78.1,1.668,1668.5,63.875,20.9,11.2,0.0,0.0,2666.0,261.27,1000.0,2048.0,193.2,84.09,62.0,98.0,2.69,7.52,5.48,20.9,0.0,67.0,7.9,99.0,528.0,45.3,126428.7,56130.5,0.0,0.0
474,81.2,1.67,1670.0,63.375,21.2,11.2,0.0,0.1,2678.0,265.12,1000.0,2048.0,193.2,84.1,62.0,99.0,2.73,7.72,5.55,21.1,0.0,67.1,7.8,89.1,528.0,45.3,126428.7,56116.6,0.0,0.0
475,81.2,1.687,1687.3,63.125,20.7,11.2,0.0,0.0,2659.0,263.24,1000.0,2048.0,193.2,84.09,63.0,99.0,2.73,7.72,5.55,20.7,0.0,67.0,0.6,100.0,528.0,45.3,126428.7,56131.4,0.0,0.0
476,81.2,1.735,1735.0,63.0,20.6,11.2,0.0,0.0,2678.0,265.12,1000.0,2048.0,193.2,84.09,62.0,99.0,2.73,7.72,5.55,20.6,0.0,67.1,7.8,100.0,528.0,45.3,126428.7,56117.9,0.0,0.0
477,71.9,1.72,1719.6,62.875,20.7,11.2,0.0,0.0,2667.0,261.37,1000.0,2048.0,193.2,85.02,62.0,98.0,2.73,7.72,5.55,20.6,0.0,67.0,7.9,100.0,528.0,45.3,126428.7,56115.5,0.0,0.0
478,81.2,1.664,1664.2,62.875,21.8,11.2,0.0,0.0,2674.0,264.73,1000.0,2048.0,193.2,84.1,62.0,99.0,2.73,7.72,5.55,22.0,0.0,67.1,7.8,100.0,528.0,45.3,126428.7,56117.3,0.0,0.0
479,75.0,1.727,1727.4,62.75,21.1,11.2,0.0,0.0,2679.0,265.22,1000.0,2048.0,193.2,84.09,62.0,99.0,2.76,7.82,5.61,20.9,0.0,67.0,0.6,100.0,528.0,45.3,126428.7,56114.7,0.0,0.0
480,84.4,1.706,1705.7,62.625,20.8,11.2,0.0,0.0,2655.0,262.85,1000.0,2048.0,193.2,85.01,62.0,99.0,2.76,7.82,5.61,20.6,0.0,67.1,7.8,59.6,528.0,45.3,126428.7,56098.7,0.0,0.0
481,81.2,3.878,3878.5,67.0,18.3,11.2,0.0,0.0,2199.0,167.12,1000.0,2048.0,193.6,78.03,59.0,76.0,2.76,7.82,5.61,18.3,0.0,67.1,7.9,62.0,531.0,45.5,126428.7,56412.5,0.0,0.0
482,87.5,1.737,1736.6,67.5,17.5,11.2,0.0,0.0,2332.0,200.55,1000.0,2048.0,193.4,86.0,65.0,86.0,2.76,7.82,5.61,17.5,0.0,67.0,7.8,64.0,531.0,45.1,126428.7,55909.1,0.0,0.0
483,71.9,1.715,1715.2,67.0,19.2,11.2,0.0,0.0,2395.0,210.76,1000.0,2048.0,193.4,86.07,65.0,88.0,2.76,7.82,5.61,19.1,0.0,67.0,0.6,83.8,546.0,45.5,126428.7,56402.1,0.0,0.0
484,78.1,1.706,1705.7,65.375,20.8,11.2,0.0,0.0,2490.0,234.06,1000.0,2048.0,193.4,85.02,62.0,94.0,2.8,7.92,5.67,20.6,0.0,67.1,7.8,79.8,546.0,45.5,126428.7,56399.4,0.0,0.0
485,90.6,1.684,1683.8,64.25,20.7,11.2,0.0,0.0,2565.0,248.8,1000.0,2048.0,193.4,85.0,62.0,97.0,2.8,7.92,5.67,20.6,0.0,67.0,7.9,56.6,545.0,45.5,126428.7,56375.9,0.0,0.0
486,84.4,1.69,1689.8,63.625,21.4,11.2,0.0,0.0,2614.0,256.17,1000.0,2048.0,193.4,85.01,62.0,98.0,2.8,7.92,5.67,21.3,0.0,67.1,7.8,71.7,545.0,45.3,126428.7,56150.6,0.0,0.0
487,71.9,1.713,1713.1,63.25,21.0,11.2,0.0,0.0,2642.0,261.56,1000.0,2048.0,193.4,84.1,62.0,99.0,2.8,7.92,5.67,20.8,0.0,67.0,7.8,100.0,545.0,45.3,126428.7,56130.8,0.0,0.0
488,75.0,1.718,1718.0,63.0,20.6,11.2,0.0,0.1,2652.0,262.55,1000.0,2048.0,193.4,85.01,63.0,99.0,2.8,7.92,5.67,20.7,0.0,67.1,0.5,100.0,545.0,45.3,126428.7,56132.8,0.0,0.0
489,68.8,1.676,1675.8,62.875,21.4,11.2,0.0,0.0,2672.0,264.53,1000.0,2048.0,193.4,85.0,62.0,99.0,2.8,7.52,5.62,21.5,0.0,67.0,7.9,96.0,545.0,45.3,126428.7,56134.5,0.0,0.0
490,68.8,1.688,1687.7,62.875,21.4,11.2,0.0,0.6,2670.0,264.33,1000.0,2048.0,193.4,84.09,62.0,99.0,2.8,7.52,5.62,21.4,0.0,67.0,7.7,100.0,545.0,45.3,126428.7,56142.3,0.0,0.0
491,75.0,1.707,1706.9,62.875,21.7,11.2,0.0,0.0,2654.0,262.75,1000.0,2048.0,193.4,84.09,62.0,99.0,2.8,7.52,5.62,21.5,0.0,67.1,0.6,100.0,545.0,45.3,126428.7,56146.1,0.0,0.0
492,75.0,3.161,3161.3,69.75,15.9,11.2,0.0,0.0,2227.0,178.16,1000.0,2048.0,194.2,84.08,64.0,80.0,2.8,7.52,5.62,16.0,0.0,67.0,7.8,54.0,546.0,45.0,126428.7,55693.8,0.0,0.0
493,71.9,1.702,1701.8,68.125,20.6,11.2,0.0,0.0,2371.0,215.76,1000.0,2048.0,194.2,84.01,57.0,91.0,2.8,7.52,5.62,20.3,0.0,67.1,7.8,77.8,544.0,45.0,126428.7,55691.9,0.0,0.0
494,81.2,1.713,1713.3,68.125,20.3,11.2,0.0,0.1,2409.0,219.22,1000.0,2048.0,194.2,85.06,62.0,91.0,2.81,7.32,5.61,20.4,0.0,67.0,7.9,70.3,544.0,45.4,126428.7,56204.2,0.0,0.0
495,84.4,1.676,1675.6,65.875,21.0,11.2,0.0,0.0,2552.0,244.99,1000.0,2048.0,194.2,85.0,62.0,96.0,2.81,7.32,5.61,20.8,0.0,67.0,0.5,78.8,544.0,45.3,126428.7,56177.0,0.0,0.0
496,84.4,1.684,1684.0,64.625,20.7,11.2,0.0,0.0,2601.0,254.9,1000.0,2048.0,194.2,85.02,62.0,98.0,2.81,7.32,5.61,20.5,0.0,67.1,7.8,72.7,544.0,45.3,126428.7,56178.8,0.0,0.0
497,84.4,1.677,1676.6,63.875,21.2,11.2,0.0,0.0,2631.0,257.84,1000.0,2048.0,194.2,84.1,62.0,98.0,2.81,7.32,5.61,21.3,0.0,67.0,7.8,78.6,544.0,45.3,126428.7,56174.3,0.0,0.0
498,93.8,1.672,1671.6,63.375,20.8,11.2,0.0,0.0,2628.0,260.17,1000.0,2048.0,194.2,84.1,62.0,99.0,2.81,7.32,5.61,20.7,0.0,67.0,0.6,53.5,544.0,45.4,126428.7,56182.0,0.0,0.0
499,87.5,1.69,1690.0,63.125,20.4,11.2,0.0,0.0,2614.0,258.79,1000.0,2048.0,194.2,84.09,62.0,99.0,2.84,7.37,5.65,20.4,0.0,67.1,7.7,61.6,544.0,45.4,126428.7,56181.4,0.0,0.0
500,81.2,1.676,1675.7,63.0,18.7,11.2,0.0,0.0,2661.0,263.44,1000.0,2048.0,194.2,85.0,63.0,99.0,2.84,7.37,5.65,18.6,0.0,67.0,7.7,66.0,544.0,45.3,126428.7,56175.2,0.0,0.0
501,68.8,1.684,1684.3,63.0,18.1,11.2,0.0,0.0,2669.0,264.23,1000.0,2048.0,194.2,85.0,63.0,99.0,2.84,7.37,5.65,18.0,0.0,67.0,0.3,52.0,544.0,45.3,126428.7,56175.4,0.0,0.0
502,65.6,1.694,1694.4,63.125,18.5,11.2,0.0,0.0,2683.0,265.62,1000.0,2048.0,194.2,85.0,63.0,99.0,2.84,7.37,5.65,18.5,0.0,67.0,7.7,53.0,544.0,45.4,126428.7,56187.7,0.0,0.0
503,78.1,1.67,1669.7,63.125,18.7,11.2,0.0,0.0,2606.0,257.99,1000.0,2048.0,194.2,85.0,63.0,99.0,2.84,7.37,5.65,18.8,0.0,67.0,7.6,56.6,544.0,45.3,126428.7,56178.8,0.0,0.0
504,75.0,1.678,1678.3,63.125,19.1,11.2,0.0,0.0,2603.0,255.09,1000.0,2048.0,194.2,84.09,62.0,98.0,2.86,7.26,5.66,19.0,0.0,66.8,0.4,55.0,544.0,45.4,126428.7,56183.2,0.0,0.0
505,71.9,1.658,1658.0,63.125,19.4,11.2,0.0,0.1,2648.0,262.15,1000.0,2048.0,194.2,84.1,63.0,99.0,2.86,7.26,5.66,19.3,0.0,67.2,7.6,59.0,544.0,45.4,126428.7,56180.7,0.0,0.0
506,75.0,1.669,1668.9,63.25,19.0,11.2,0.0,0.0,2675.0,264.82,1000.0,2048.0,194.2,85.0,63.0,99.0,2.86,7.26,5.66,19.0,0.0,66.9,7.6,81.8,544.0,45.3,126428.7,56175.1,0.0,0.0
507,71.9,1.718,1718.4,63.25,18.3,11.2,0.0,0.0,2652.0,259.9,1000.0,2048.0,194.2,84.1,63.0,98.0,2.86,7.26,5.66,18.0,0.0,64.1,0.4,100.0,544.0,45.3,126428.7,56173.5,0.0,0.0
508,81.2,1.668,1668.0,63.25,18.9,11.2,0.0,0.0,2658.0,263.14,1000.0,2048.0,194.2,84.09,63.0,99.0,2.86,7.26,5.66,19.1,0.0,66.9,7.6,100.0,544.0,45.3,126428.7,56170.3,0.0,0.0
509,68.8,3.594,3593.8,64.25,18.5,11.2,0.0,0.0,2404.0,204.34,1000.0,2048.0,194.2,79.02,52.0,85.0,2.9,7.56,5.74,18.4,0.0,66.6,7.7,90.1,544.0,45.3,126428.7,56178.0,0.0,0.0
510,68.8,1.762,1761.9,72.625,16.0,11.2,0.0,0.0,2209.0,170.09,1000.0,2048.0,195.0,86.05,67.0,77.0,2.9,7.56,5.74,15.8,0.0,64.3,0.4,68.7,546.0,44.9,126428.7,55667.0,0.0,0.0
511,84.4,2.924,2923.9,70.625,21.9,11.2,0.0,0.0,2255.0,191.68,1000.0,2048.0,195.0,84.02,58.0,85.0,2.9,7.56,5.74,21.8,0.0,66.3,0.4,95.0,546.0,44.8,126428.7,55431.4,0.0,0.0
512,87.5,1.701,1701.2,69.0,20.6,11.2,0.0,0.0,2419.0,222.55,1000.0,2048.0,194.9,85.09,62.0,92.0,2.9,7.56,5.74,20.6,0.0,68.1,7.9,95.0,546.0,45.4,126428.7,56238.0,0.0,0.0
513,84.4,1.732,1731.9,66.5,21.7,11.2,0.0,0.0,2555.0,245.28,1000.0,2048.0,194.9,85.03,62.0,96.0,2.9,7.56,5.74,21.5,0.0,66.7,0.5,99.0,546.0,45.3,126428.7,56134.3,0.0,0.0
514,90.6,1.722,1721.5,64.875,22.2,11.2,0.0,0.0,2591.0,253.92,1000.0,2048.0,194.9,85.02,62.0,98.0,2.9,7.12,5.68,22.2,0.0,67.1,7.9,98.0,546.0,45.3,126428.7,56135.1,0.0,0.0
515,90.6,1.719,1719.2,63.875,21.9,11.2,0.0,0.0,2602.0,257.6,1000.0,2048.0,194.9,85.0,62.0,99.0,2.9,7.12,5.68,21.7,0.0,67.0,0.4,64.0,546.0,45.3,126428.7,56117.0,0.0,0.0
516,90.6,1.709,1709.2,63.375,23.4,11.2,0.0,0.0,2620.0,259.38,1000.0,2048.0,194.9,85.0,62.0,99.0,2.9,7.12,5.68,23.3,0.0,67.0,0.6,92.9,546.0,45.3,126428.7,56175.2,0.0,0.0
517,87.5,1.715,1714.9,63.0,24.1,11.2,0.0,0.0,2639.0,261.26,1000.0,2048.0,194.9,85.01,62.0,99.0,2.9,7.12,5.68,24.0,0.0,66.2,0.4,81.0,546.0,45.4,126428.7,56241.7,0.0,0.0
518,78.1,1.716,1716.5,62.875,21.3,11.2,0.0,0.0,2631.0,260.47,1000.0,2048.0,194.9,84.1,62.0,99.0,2.9,7.12,5.68,21.2,0.0,67.0,7.9,79.8,546.0,45.4,126428.7,56227.8,0.0,0.0
519,93.8,1.712,1712.1,62.75,23.3,11.2,0.0,0.0,2638.0,261.16,1000.0,2048.0,194.9,85.01,63.0,99.0,2.91,7.03,5.69,23.4,0.0,67.1,0.5,85.9,546.0,45.3,126428.7,56173.0,0.0,0.0
520,93.8,1.746,1745.9,62.75,23.5,11.2,0.0,0.6,2628.0,260.17,1000.0,2048.0,194.9,85.02,62.0,99.0,2.91,7.03,5.69,23.3,0.0,67.0,0.5,79.2,546.0,45.4,126428.7,56225.2,0.0,0.0
521,96.9,1.717,1717.2,62.625,23.0,11.2,0.0,0.0,2613.0,258.69,1000.0,2048.0,194.9,85.01,61.0,99.0,2.91,7.03,5.69,22.8,0.0,67.0,7.9,76.0,546.0,45.4,126428.7,56250.0,0.0,0.0
522,87.5,1.692,1692.0,62.75,20.9,11.2,0.0,0.0,2633.0,260.67,1000.0,2048.0,194.9,85.0,62.0,99.0,2.91,7.03,5.69,20.9,0.0,67.1,0.5,100.0,546.0,45.4,126428.7,56191.5,0.0,0.0
523,84.4,1.75,1750.5,62.625,23.5,11.2,0.0,0.1,2644.0,261.76,1000.0,2048.0,194.9,84.1,62.0,99.0,2.91,7.03,5.69,23.2,0.0,67.0,0.5,100.0,546.0,45.3,126428.7,56178.4,0.0,0.0
524,78.1,1.735,1734.7,62.625,22.8,11.2,0.0,0.0,2601.0,257.5,1000.0,2048.0,194.9,84.09,62.0,99.0,2.92,6.78,5.66,22.8,0.0,67.0,0.6,100.0,546.0,45.4,126428.7,56236.2,0.0,0.0
525,78.1,1.737,1737.2,69.25,18.6,11.2,0.0,0.1,2238.0,181.28,1000.0,2048.0,195.8,85.0,65.0,81.0,2.92,6.78,5.66,18.4,0.0,67.1,7.9,83.0,546.0,44.6,126428.7,55262.3,0.0,0.0
526,75.0,1.728,1728.1,69.25,19.6,11.2,0.0,0.0,2346.0,211.14,1000.0,2048.0,195.0,85.08,65.0,90.0,2.92,6.78,5.66,19.6,0.0,67.1,0.5,100.0,546.0,44.4,126428.7,54990.1,0.0,0.0
527,78.1,1.675,1674.8,68.5,22.0,11.2,0.0,0.0,2358.0,212.22,1000.0,2048.0,195.0,85.06,62.0,90.0,2.92,6.78,5.66,22.0,0.0,67.0,0.7,100.0,546.0,44.7,126428.7,55412.7,0.0,0.0
528,81.2,1.687,1687.0,66.25,21.4,11.2,0.0,0.1,2519.0,241.82,1000.0,2048.0,195.0,85.0,62.0,96.0,2.92,6.78,5.66,21.3,0.0,67.1,7.7,100.0,546.0,44.7,126428.7,55398.8,0.0,0.0
529,84.4,1.714,1714.5,64.875,22.2,11.2,0.0,0.0,2587.0,253.53,1000.0,2048.0,195.0,85.0,62.0,98.0,2.92,6.48,5.61,22.1,0.0,67.0,0.6,100.0,546.0,44.7,126428.7,55392.0,0.0,0.0
530,84.4,1.703,1702.7,64.0,22.9,11.2,0.0,0.0,2638.0,258.52,1000.0,2048.0,195.0,85.0,63.0,98.0,2.92,6.48,5.61,22.9,0.0,67.0,0.5,76.0,546.0,44.8,126428.7,55457.9,0.0,0.0
531,75.0,1.728,1727.5,63.5,21.9,11.2,0.0,0.0,2668.0,264.13,1000.0,2048.0,195.0,85.01,62.0,99.0,2.92,6.48,5.61,21.9,0.0,67.1,7.9,90.0,546.0,44.8,126428.7,55458.6,0.0,0.0
532,84.4,1.721,1720.7,63.25,22.9,11.2,0.0,0.0,2626.0,259.97,1000.0,2048.0,195.0,85.01,62.0,99.0,2.92,6.48,5.61,22.8,0.0,67.0,0.5,89.9,546.0,44.7,126428.7,55403.7,0.0,0.0
533,84.4,1.719,1718.7,63.0,23.4,11.2,0.0,0.0,2647.0,262.05,1000.0,2048.0,195.0,85.0,62.0,99.0,2.92,6.48,5.61,23.4,0.0,67.1,0.7,90.0,546.0,44.8,126428.7,55434.4,0.0,0.0
534,81.2,1.752,1752.5,63.0,21.2,11.2,0.0,0.0,2671.0,264.43,1000.0,2048.0,195.0,85.0,63.0,99.0,2.92,6.2,5.57,21.0,0.0,67.0,7.7,99.0,546.0,44.8,126428.7,55428.7,0.0,0.0
535,71.9,1.711,1710.7,63.0,22.5,11.2,0.0,0.0,2673.0,264.63,1000.0,2048.0,195.0,85.01,63.0,99.0,2.92,6.2,5.57,22.4,0.0,67.0,0.6,100.0,546.0,44.7,126428.7,55388.7,0.0,0.0
536,78.1,1.694,1694.2,63.0,22.5,11.2,0.0,0.0,2651.0,262.45,1000.0,2048.0,195.0,85.0,62.0,99.0,2.92,6.2,5.57,22.5,0.0,67.1,0.5,100.0,546.0,44.7,126428.7,55415.5,0.0,0.0
537,84.4,1.698,1698.1,63.0,23.6,11.2,0.0,0.0,2670.0,264.33,1000.0,2048.0,195.0,84.1,63.0,99.0,2.92,6.2,5.57,23.4,0.0,67.0,0.6,100.0,546.0,44.8,126428.7,55465.7,0.0,0.0
538,84.4,1.692,1691.5,63.125,22.3,11.2,0.0,0.0,2678.0,265.12,1000.0,2048.0,195.0,84.1,63.0,99.0,2.92,6.2,5.57,22.3,0.0,67.0,7.8,100.0,546.0,44.8,126428.7,55474.9,0.0,0.0
539,81.2,1.658,1658.1,63.125,22.5,11.2,0.0,0.0,2644.0,261.76,1000.0,2048.0,195.0,84.09,63.0,99.0,2.94,6.19,5.58,22.4,0.0,67.1,0.6,100.0,546.0,44.7,126428.7,55397.6,0.0,0.0
540,84.4,1.711,1711.1,63.125,23.3,11.2,0.0,0.0,2668.0,264.13,1000.0,2048.0,195.0,85.0,63.0,99.0,2.94,6.19,5.58,23.4,0.0,67.0,0.5,90.1,546.0,44.8,126428.7,55465.3,0.0,0.0
541,96.9,1.685,1685.4,63.125,23.9,11.2,0.0,0.0,2611.0,258.49,1000.0,2048.0,195.0,84.09,62.0,99.0,2.94,6.19,5.58,23.8,0.0,67.1,7.9,91.0,546.0,44.8,126428.7,55476.8,0.0,0.0
542,87.5,1.756,1755.6,63.0,21.6,11.2,0.0,0.0,2647.0,262.05,1000.0,2048.0,195.0,84.1,62.0,99.0,2.94,6.19,5.58,21.5,0.0,67.0,0.5,100.0,546.0,44.7,126428.7,55386.8,0.0,0.0
543,93.8,1.712,1712.3,63.0,23.5,11.2,0.0,0.0,2610.0,255.78,1000.0,2048.0,195.0,84.09,63.0,98.0,2.94,6.19,5.58,23.5,0.0,67.0,0.6,100.0,546.0,44.7,126428.7,55382.0,0.0,0.0
544,100.0,1.661,1660.7,63.0,24.1,11.2,0.0,0.0,2652.0,262.55,1000.0,2048.0,195.0,84.1,62.0,99.0,2.95,6.09,5.57,24.2,0.0,67.0,0.5,100.0,546.0,44.7,126428.7,55387.5,0.0,0.0
545,96.9,1.7,1699.6,63.0,23.8,11.2,0.0,0.1,2670.0,264.33,1000.0,2048.0,195.0,85.0,63.0,99.0,2.95,6.09,5.57,23.9,0.0,67.1,0.5,100.0,546.0,44.8,126428.7,55452.0,0.0,0.0
546,100.0,1.694,1693.8,63.0,23.2,11.2,0.0,0.0,2671.0,264.43,1000.0,2048.0,195.0,85.0,62.0,99.0,2.95,6.09,5.57,23.3,0.0,67.0,0.5,100.0,546.0,44.8,126428.7,55447.8,0.0,0.0
547,100.0,1.701,1701.2,62.875,23.5,11.2,0.0,0.0,2679.0,265.22,1000.0,2048.0,195.0,84.1,63.0,99.0,2.95,6.09,5.57,23.6,0.0,67.0,0.6,100.0,546.0,44.8,126428.7,55516.1,0.0,0.0
548,87.5,1.736,1735.7,69.25,18.0,11.2,0.0,0.0,2333.0,193.64,1000.0,2048.0,195.8,84.05,62.0,83.0,2.95,6.09,5.57,17.9,0.0,67.1,7.9,87.1,546.0,44.5,126428.7,55149.3,0.0,0.0
549,96.9,1.695,1695.1,68.375,21.9,11.2,0.0,0.0,2396.0,218.04,1000.0,2048.0,195.8,86.0,65.0,91.0,2.97,6.16,5.59,22.0,0.0,67.0,0.5,100.0,546.0,44.4,126428.7,55035.4,0.0,0.0
550,87.5,1.694,1694.4,69.0,20.9,11.2,0.0,0.6,2408.0,219.13,1000.0,2048.0,195.8,85.08,63.0,91.0,2.97,6.16,5.59,20.8,0.0,67.1,7.8,89.0,546.0,44.8,126428.7,55519.4,0.0,0.0
551,93.8,1.718,1718.1,66.75,23.1,11.2,0.0,0.0,2551.0,244.9,1000.0,2048.0,195.8,85.02,63.0,96.0,2.97,6.16,5.59,23.1,0.0,67.0,0.6,100.0,546.0,44.8,126428.7,55475.8,0.0,0.0
552,84.4,1.736,1736.3,65.375,22.3,11.2,0.0,0.1,2640.0,258.72,1000.0,2048.0,195.8,85.01,63.0,98.0,2.97,6.16,5.59,22.3,0.0,67.1,7.8,100.0,546.0,44.8,126428.7,55482.9,0.0,0.0
553,87.5,1.755,1755.4,64.5,22.3,11.2,0.0,0.0,2659.0,260.58,1000.0,2048.0,195.8,85.0,62.0,98.0,2.97,6.16,5.59,22.2,0.0,67.0,0.6,100.0,546.0,44.8,126428.7,55475.2,0.0,0.0
554,90.6,1.772,1771.6,63.875,23.3,11.2,0.0,0.0,2667.0,264.03,1000.0,2048.0,195.8,84.1,63.0,99.0,3.0,6.31,5.63,23.3,0.0,67.0,7.8,100.0,546.0,44.8,126428.7,55486.2,0.0,0.0
555,84.4,1.695,1694.6,63.5,21.1,11.2,0.0,0.0,2668.0,264.13,1000.0,2048.0,195.8,85.0,62.0,99.0,3.0,6.31,5.63,21.1,0.0,67.0,0.5,82.8,546.0,44.8,126428.7,55445.5,0.0,0.0
556,78.1,1.73,1730.1,63.375,20.2,11.2,0.0,0.0,2670.0,264.33,1000.0,2048.0,195.8,84.1,63.0,99.0,3.0,6.31,5.63,20.1,0.0,67.1,7.8,99.0,546.0,44.8,126428.7,55445.2,0.0,0.0
557,84.4,1.764,1764.3,63.125,22.6,11.2,0.0,0.0,2655.0,262.85,1000.0,2048.0,195.8,84.1,63.0,99.0,3.0,6.31,5.63,22.7,0.0,67.0,0.6,100.0,546.0,44.8,126428.7,55463.8,0.0,0.0
558,65.6,1.7,1699.6,70.25,17.9,11.2,0.0,0.0,2332.0,195.89,1000.0,2048.0,195.8,84.08,67.0,84.0,3.0,6.31,5.63,17.9,0.0,67.1,7.8,94.0,546.0,44.2,126428.7,54772.0,0.0,0.0
559,75.0,1.728,1728.5,69.875,20.2,11.2,0.0,0.1,2388.0,217.31,1000.0,2048.0,195.8,85.09,66.0,91.0,3.02,6.45,5.67,20.1,0.0,67.0,7.9,100.0,546.0,44.2,126428.7,54779.4,0.0,0.0
560,75.0,1.725,1724.8,69.5,19.4,11.2,0.0,0.0,2381.0,214.29,1000.0,2048.0,195.8,85.09,63.0,90.0,3.02,6.45,5.67,19.2,0.0,67.0,7.7,100.0,546.0,44.6,126428.7,55285.2,0.0,0.0
561,78.1,1.726,1725.7,67.0,20.7,11.2,0.0,0.0,2527.0,242.59,1000.0,2048.0,195.8,85.01,63.0,96.0,3.02,6.45,5.67,20.8,0.0,67.0,0.6,100.0,546.0,44.6,126428.7,55280.2,0.0,0.0
562,78.1,1.689,1689.2,65.5,20.6,11.2,0.0,0.1,2618.0,256.56,1000.0,2048.0,195.8,85.0,63.0,98.0,3.02,6.45,5.67,20.3,0.0,67.1,7.8,100.0,546.0,44.6,126428.7,55270.1,0.0,0.0
563,53.1,1.69,1689.9,64.625,20.6,11.2,0.0,0.0,2667.0,261.37,1000.0,2048.0,195.8,85.0,63.0,98.0,3.02,6.45,5.67,20.5,0.0,67.0,7.8,100.0,546.0,44.6,126428.7,55267.8,0.0,0.0
564,75.0,1.723,1722.8,64.125,20.8,11.2,0.0,0.0,2674.0,264.73,1000.0,2048.0,195.8,85.0,63.0,99.0,3.06,6.65,5.73,20.7,0.0,67.1,7.8,100.0,546.0,44.6,126428.7,55254.4,0.0,0.0
565,68.8,1.688,1687.5,63.75,21.3,11.2,0.0,0.0,2681.0,265.42,1000.0,2048.0,195.8,84.1,63.0,99.0,3.06,6.65,5.73,21.1,0.0,67.0,7.9,100.0,546.0,44.6,126428.7,55242.7,0.0,0.0
566,81.2,1.725,1724.9,63.625,20.7,11.2,0.0,0.0,2673.0,264.63,1000.0,2048.0,195.8,85.0,63.0,99.0,3.06,6.65,5.73,20.6,0.0,67.0,7.7,94.1,546.0,44.6,126428.7,55248.2,0.0,0.0
567,68.8,1.706,1706.1,63.375,19.7,11.2,0.0,0.0,2670.0,264.33,1000.0,2048.0,195.8,85.0,63.0,99.0,3.06,6.65,5.73,19.5,0.0,67.1,0.6,100.0,546.0,44.6,126428.7,55240.2,0.0,0.0
568,59.4,1.714,1714.0,63.375,20.1,11.2,0.0,0.0,2679.0,265.22,1000.0,2048.0,195.8,84.1,63.0,99.0,3.06,6.65,5.73,20.1,0.0,67.0,7.8,100.0,546.0,44.6,126428.7,55244.5,0.0,0.0
569,68.8,1.707,1706.8,63.375,20.1,11.2,0.0,0.0,2670.0,264.33,1000.0,2048.0,195.8,84.09,63.0,99.0,3.13,7.48,5.92,20.0,0.0,67.0,7.8,100.0,546.0,44.6,126428.7,55245.4,0.0,0.0
570,75.0,1.675,1675.2,63.5,19.8,11.2,0.0,0.0,2639.0,258.62,1000.0,2048.0,195.8,85.01,63.0,98.0,3.13,7.48,5.92,19.8,0.0,67.0,0.5,100.0,546.0,44.6,126428.7,55243.8,0.0,0.0
571,90.6,1.726,1726.0,63.25,20.6,11.2,0.0,0.0,2653.0,262.65,1000.0,2048.0,195.8,85.0,63.0,99.0,3.13,7.48,5.92,20.5,0.0,67.1,7.9,96.0,546.0,44.6,126428.7,55258.4,0.0,0.0
572,78.1,1.694,1694.5,63.25,20.0,11.2,0.0,0.0,2663.0,263.64,1000.0,2048.0,195.8,85.0,63.0,99.0,3.13,7.48,5.92,19.8,0.0,67.0,7.7,100.0,546.0,44.6,126428.7,55252.4,0.0,0.0
573,78.1,1.686,1686.3,63.25,20.3,11.2,0.0,0.0,2664.0,263.74,1000.0,2048.0,195.8,85.0,63.0,99.0,3.13,7.48,5.92,20.3,0.0,67.0,0.6,100.0,546.0,44.6,126428.7,55249.0,0.0,0.0
574,87.5,1.665,1664.6,63.375,20.2,11.2,0.0,0.0,2626.0,257.35,1000.0,2048.0,195.8,84.09,63.0,98.0,3.16,7.52,5.95,20.1,0.0,67.1,7.8,97.0,546.0,44.6,126428.7,55248.7,0.0,0.0
575,78.1,1.708,1707.7,63.375,19.7,11.2,0.0,0.0,2655.0,262.85,1000.0,2048.0,195.8,84.1,63.0,99.0,3.16,7.52,5.95,19.7,0.0,67.0,7.8,99.0,546.0,44.6,126428.7,55245.8,0.0,0.0
576,87.5,1.697,1697.0,63.375,20.2,11.2,0.0,0.0,2682.0,265.52,1000.0,2048.0,195.8,85.0,63.0,99.0,3.16,7.52,5.95,20.1,0.0,67.0,0.6,100.0,546.0,44.6,126428.7,55243.9,0.0,0.0
577,84.4,1.687,1687.4,63.375,20.2,11.2,0.0,0.0,2678.0,265.12,1000.0,2048.0,195.8,85.0,63.0,99.0,3.16,7.52,5.95,20.1,0.0,67.0,7.8,100.0,546.0,44.6,126428.7,55241.3,0.0,0.0
578,84.4,1.732,1731.6,63.375,20.3,11.2,0.0,0.0,2677.0,265.02,1000.0,2048.0,195.8,84.1,63.0,99.0,3.16,7.52,5.95,20.2,0.0,67.1,7.7,100.0,546.0,44.6,126428.7,55234.0,0.0,0.0
579,87.5,1.689,1689.4,63.25,21.2,11.2,0.0,0.0,2683.0,265.62,1000.0,2048.0,195.8,84.1,63.0,99.0,3.17,7.4,5.95,21.3,0.0,67.0,7.7,100.0,546.0,44.6,126428.7,55280.0,0.0,0.0
580,87.5,1.67,1670.4,64.875,20.5,11.2,0.0,0.0,2588.0,248.45,1000.0,2048.0,195.9,85.07,65.0,96.0,3.17,7.4,5.95,20.4,0.0,67.1,0.5,77.2,546.0,43.8,126428.7,54231.9,0.0,0.0
581,84.4,1.693,1692.9,66.875,19.4,11.2,0.0,0.7,2471.0,234.74,1000.0,2048.0,194.9,85.02,66.0,95.0,3.17,7.4,5.95,19.3,0.0,67.0,7.8,71.7,546.0,43.8,126428.7,54203.1,0.0,0.0
582,75.0,2.227,2227.0,69.25,17.8,11.2,0.0,0.0,2317.0,199.26,1000.0,2048.0,194.8,86.05,66.0,86.0,3.17,7.4,5.95,17.8,0.0,67.0,7.8,93.0,546.0,44.2,126428.7,54712.0,0.0,0.0
583,75.0,1.672,1671.6,67.25,19.8,11.2,0.0,0.0,2361.0,219.57,1000.0,2048.0,194.8,85.01,63.0,93.0,3.17,7.4,5.95,19.6,0.0,67.0,7.8,79.0,546.0,44.2,126428.7,54704.3,0.0,0.0
584,68.8,1.67,1669.5,66.0,19.9,11.2,0.0,0.0,2416.0,234.35,1000.0,2048.0,194.8,84.1,64.0,97.0,3.19,7.29,5.95,19.8,0.0,67.0,7.8,99.0,546.0,44.2,126428.7,54687.5,0.0,0.0
585,68.8,1.676,1675.8,65.375,19.0,11.2,0.0,0.1,2469.0,241.96,1000.0,2048.0,194.8,85.01,64.0,98.0,3.19,7.29,5.95,19.1,0.0,67.1,0.4,62.0,546.0,44.2,126428.7,54673.8,0.0,0.0
586,68.8,1.668,1668.4,64.875,18.6,11.2,0.0,0.0,2461.0,241.18,1000.0,2048.0,194.8,85.0,64.0,98.0,3.19,7.29,5.95,18.5,0.0,67.0,7.6,76.0,546.0,44.2,126428.7,54672.4,0.0,0.0
587,68.8,1.668,1667.7,64.75,19.3,11.2,0.0,0.0,2427.0,235.42,1000.0,2048.0,194.8,84.09,63.0,97.0,3.19,7.29,5.95,19.4,0.0,67.0,7.6,100.0,546.0,44.2,126428.7,54662.4,0.0,0.0
588,75.0,1.691,1690.7,65.5,18.7,11.2,0.0,0.0,2444.0,229.74,1000.0,2048.0,195.1,85.09,68.0,94.0,3.19,7.29,5.95,18.4,0.0,67.0,7.6,86.0,546.0,43.3,126428.7,53615.2,0.0,0.0
589,78.1,1.673,1673.2,67.375,17.6,11.2,0.0,0.0,2402.0,225.79,1000.0,2048.0,194.2,85.03,65.0,94.0,3.21,7.26,5.97,17.5,0.0,67.0,0.4,77.0,546.0,43.3,126428.7,53617.3,0.0,0.0
590,68.8,1.718,1718.1,69.125,18.2,11.2,0.0,0.0,2413.0,222.0,1000.0,2048.0,194.2,85.07,66.0,92.0,3.21,7.26,5.97,18.2,0.0,67.0,7.6,91.9,546.0,43.3,126428.7,53626.9,0.0,0.0
591,59.4,1.668,1667.6,69.125,18.0,11.2,0.0,0.1,2340.0,212.94,1000.0,2048.0,194.2,85.03,64.0,91.0,3.21,7.26,5.97,18.0,0.0,67.0,7.7,87.1,543.0,43.7,126428.7,54103.5,0.0,0.0
592,81.2,1.672,1672.3,67.125,18.6,11.2,0.0,0.0,2424.0,232.7,1000.0,2048.0,194.2,84.1,64.0,96.0,3.21,7.26,5.97,18.6,0.0,66.9,7.6,90.1,543.0,43.7,126428.7,54102.5,0.0,0.0
593,68.8,1.671,1671.1,65.875,18.6,11.2,0.0,0.1,2453.0,240.39,1000.0,2048.0,194.2,84.08,64.0,98.0,3.21,7.26,5.97,18.4,0.0,67.0,0.4,100.0,543.0,43.7,126428.7,54105.8,0.0,0.0
594,84.4,3.794,3793.8,68.125,18.1,11.2,0.0,0.0,2100.0,165.9,1000.0,2048.0,194.2,78.03,52.0,79.0,3.23,7.24,5.99,18.0,0.0,67.1,7.7,100.0,543.0,44.6,126428.7,55226.1,0.0,0.0
595,78.1,1.707,1706.7,73.125,18.6,11.2,0.0,0.0,2246.0,190.91,1000.0,2048.0,194.8,86.03,66.0,85.0,3.23,7.24,5.99,18.7,0.0,67.1,7.9,75.0,543.0,44.4,126428.7,55023.0,0.0,0.0
596,84.4,3.096,3096.3,70.625,20.4,11.2,0.0,0.0,2305.0,202.84,1000.0,2048.0,194.8,82.09,55.0,88.0,3.23,7.24,5.99,20.4,0.0,67.1,7.9,100.0,543.0,44.1,126428.7,54569.2,0.0,0.0
597,75.0,1.69,1690.2,72.0,18.4,11.2,0.0,0.0,2260.0,198.88,1000.0,2048.0,194.8,86.01,64.0,88.0,3.23,7.24,5.99,18.1,0.0,67.1,0.6,100.0,543.0,44.8,126428.7,55491.1,0.0,0.0
598,90.6,1.684,1684.0,69.0,20.7,11.2,0.0,0.0,2312.0,217.33,1000.0,2048.0,194.8,85.01,65.0,94.0,3.23,7.24,5.99,20.7,0.0,67.1,7.9,78.0,543.0,44.8,126428.7,55486.0,0.0,0.0
599,90.6,1.687,1687.4,67.25,20.1,11.2,0.0,0.0,2345.0,227.46,1000.0,2048.0,194.8,84.1,64.0,97.0,3.27,7.46,6.05,19.9,0.0,67.0,8.0,82.8,543.0,44.8,126428.7,55488.4,0.0,0.0
600,78.1,1.666,1666.1,66.25,19.4,11.2,0.0,0.0,2359.0,228.82,1000.0,2048.0,194.8,85.0,64.0,97.0,3.27,7.46,6.05,19.3,0.0,67.1,0.6,100.0,543.0,44.8,126428.7,55490.3,0.0,0.0
601,90.6,1.671,1670.6,65.375,20.3,11.2,0.0,0.1,2408.0,233.58,1000.0,2048.0,194.8,84.08,65.0,97.0,3.27,7.46,6.05,20.3,0.0,67.1,7.9,100.0,543.0,44.8,126428.7,55509.0,0.0,0.0
602,87.5,1.665,1665.0,64.875,19.4,11.2,0.0,0.0,2423.0,237.45,1000.0,2048.0,194.8,84.1,64.0,98.0,3.27,7.46,6.05,19.4,0.0,67.0,7.8,78.0,543.0,44.8,126428.7,55497.5,0.0,0.0
603,84.4,1.672,1672.1,64.625,20.2,11.2,0.0,0.0,2440.0,239.12,1000.0,2048.0,194.8,85.0,64.0,98.0,3.27,7.46,6.05,20.1,0.0,67.1,0.7,85.9,543.0,44.8,126428.7,55499.3,0.0,0.0
604,81.2,1.667,1667.3,64.375,19.6,11.2,0.0,0.0,2449.0,240.0,1000.0,2048.0,194.8,85.0,64.0,98.0,3.3,7.67,6.12,19.4,0.0,67.1,7.9,99.0,543.0,44.8,126428.7,55481.5,0.0,0.0
605,81.2,1.668,1668.0,64.375,20.1,11.2,0.0,0.0,2456.0,243.14,1000.0,2048.0,194.8,84.09,64.0,99.0,3.3,7.67,6.12,20.0,0.0,67.1,7.9,98.0,543.0,44.8,126428.7,55478.8,0.0,0.0
606,71.9,1.676,1676.1,64.25,19.9,11.2,0.0,0.0,2461.0,243.64,1000.0,2048.0,194.8,85.0,64.0,99.0,3.3,7.67,6.12,19.7,0.0,67.0,7.8,87.1,543.0,44.8,126428.7,55463.6,0.0,0.0
607,84.4,1.676,1675.6,64.25,20.0,11.2,0.0,0.0,2446.0,239.71,1000.0,2048.0,194.8,85.0,63.0,98.0,3.3,7.67,6.12,19.8,0.0,67.1,8.0,58.8,543.0,44.8,126428.7,55463.6,0.0,0.0
608,93.8,1.673,1672.6,64.125,20.4,11.2,0.0,0.0,2446.0,239.71,1000.0,2048.0,194.8,84.1,63.0,98.0,3.3,7.67,6.12,20.6,0.0,67.1,7.8,60.2,543.0,44.8,126428.7,55459.2,0.0,0.0
609,81.2,1.69,1690.4,64.125,19.9,11.2,0.0,0.0,2445.0,239.61,1000.0,2048.0,194.8,85.01,63.0,98.0,3.32,7.53,6.12,19.7,0.0,67.1,0.7,53.0,543.0,44.8,126428.7,55451.3,0.0,0.0
610,78.1,1.672,1672.3,64.125,20.1,11.2,0.0,0.0,2459.0,240.98,1000.0,2048.0,194.8,84.09,63.0,98.0,3.32,7.53,6.12,19.9,0.0,67.0,7.9,80.2,543.0,44.8,126428.7,55455.3,0.0,0.0
611,96.9,1.666,1665.7,64.125,20.7,11.2,0.0,0.7,2450.0,242.55,1000.0,2048.0,194.8,84.09,64.0,99.0,3.32,7.53,6.12,20.7,0.0,67.1,7.9,100.0,543.0,44.8,126428.7,55459.0,0.0,0.0
612,87.5,1.673,1673.1,64.25,20.1,11.2,0.0,0.0,2448.0,239.9,1000.0,2048.0,194.8,85.0,63.0,98.0,3.32,7.53,6.12,20.2,0.0,67.1,7.9,100.0,543.0,44.8,126428.7,55457.2,0.0,0.0
613,81.2,1.667,1666.7,64.25,19.7,11.2,0.0,0.0,2467.0,244.23,1000.0,2048.0,194.8,84.1,63.0,99.0,3.32,7.53,6.12,19.5,0.0,67.0,7.8,100.0,543.0,44.8,126428.7,55450.7,0.0,0.0
614,81.2,1.667,1667.0,64.25,20.3,11.2,0.0,0.0,2466.0,244.13,1000.0,2048.0,194.8,85.0,64.0,99.0,3.34,7.57,6.15,20.2,0.0,67.1,0.6,100.0,543.0,44.8,126428.7,55449.4,0.0,0.0
615,87.5,1.67,1670.0,64.25,21.3,11.2,0.0,0.0,2430.0,235.71,1000.0,2048.0,194.8,85.0,65.0,97.0,3.34,7.57,6.15,21.2,0.0,67.1,7.9,100.0,543.0,44.8,126428.7,55453.2,0.0,0.0
616,84.4,1.668,1668.1,64.25,20.5,11.2,0.0,0.1,2424.0,237.55,1000.0,2048.0,194.8,85.0,64.0,98.0,3.34,7.57,6.15,20.4,0.0,67.1,7.9,100.0,543.0,44.8,126428.7,55449.7,0.0,0.0
617,84.4,1.667,1666.6,64.25,20.3,11.2,0.0,0.0,2461.0,241.18,1000.0,2048.0,194.8,85.0,63.0,98.0,3.34,7.57,6.15,20.1,0.0,67.0,0.6,100.0,543.0,44.8,126428.7,55452.7,0.0,0.0
618,84.4,1.665,1665.3,64.25,20.2,11.2,0.0,0.0,2459.0,243.44,1000.0,2048.0,194.8,84.1,64.0,99.0,3.34,7.57,6.15,20.2,0.0,67.1,7.9,100.0,543.0,44.8,126428.7,55452.4,0.0,0.0
619,84.4,4.012,4011.5,68.25,18.5,11.2,0.0,0.0,2162.0,172.96,1000.0,2048.0,194.6,77.09,55.0,80.0,3.33,7.04,6.06,18.4,0.0,67.1,7.8,100.0,543.0,45.8,126428.7,56693.9,0.0,0.0
620,56.2,1.669,1668.6,75.625,14.2,11.2,0.0,0.0,2559.0,225.19,1000.0,2048.0,194.7,85.06,63.0,88.0,3.33,7.04,6.06,14.1,0.0,67.0,0.6,56.0,543.0,45.8,126428.7,56695.9,0.0,0.0
621,81.2,1.68,1680.3,71.5,20.0,11.2,0.0,0.1,2490.0,234.06,1000.0,2048.0,194.7,87.02,64.0,94.0,3.33,7.04,6.06,19.7,0.0,67.1,7.9,70.0,543.0,45.8,126428.7,56701.2,0.0,0.0
622,81.2,1.674,1674.3,68.625,20.2,11.2,0.0,0.0,2473.0,239.88,1000.0,2048.0,194.7,86.02,64.0,97.0,3.33,7.04,6.06,20.2,0.0,67.1,7.9,96.0,543.0,45.8,126428.7,56695.4,0.0,0.0
623,90.6,1.693,1692.8,66.875,20.2,11.2,0.0,0.0,2459.0,240.98,1000.0,2048.0,194.7,85.06,63.0,98.0,3.33,7.04,6.06,20.1,0.0,67.0,7.9,99.0,543.0,45.8,126428.7,56696.8,0.0,0.0
624,93.8,1.67,1669.6,65.75,20.6,11.2,0.0,0.0,2461.0,241.18,1000.0,2048.0,194.7,85.02,63.0,98.0,3.33,6.72,6.01,20.7,0.0,67.1,0.6,100.0,540.0,45.8,126428.7,56691.9,0.0,0.0
625,71.9,3.692,3692.4,71.75,16.4,11.2,0.0,0.0,2662.0,252.89,1000.0,2048.0,194.7,78.09,56.0,95.0,3.33,6.72,6.01,16.2,0.0,67.1,7.9,100.0,540.0,45.8,126428.7,56720.7,0.0,0.0
626,65.6,1.791,1790.7,77.25,13.3,11.2,0.0,0.2,2713.0,255.02,1000.0,2048.0,194.7,86.06,68.0,94.0,3.33,6.72,6.01,13.3,0.0,67.1,7.9,70.0,541.0,44.8,126428.7,55496.4,0.0,0.0
627,71.9,1.67,1670.1,75.125,19.0,11.2,0.0,0.0,2556.0,240.26,1000.0,2048.0,194.7,88.01,66.0,94.0,3.33,6.72,6.01,18.9,0.0,67.0,0.6,68.7,541.0,44.8,126428.7,55507.2,0.0,0.0
628,87.5,1.686,1685.9,74.375,19.0,11.2,0.0,0.0,2450.0,222.95,1000.0,2048.0,194.7,87.04,66.0,91.0,3.33,6.72,6.01,18.9,0.0,67.1,7.9,70.0,540.0,44.8,126428.7,55505.6,0.0,0.0
629,75.0,1.668,1668.5,72.375,18.4,11.2,0.0,0.0,2349.0,211.41,1000.0,2048.0,195.6,86.02,63.0,90.0,3.32,6.34,5.94,18.3,0.0,67.0,7.7,83.0,540.0,45.2,126428.7,56038.5,0.0,0.0
630,78.1,1.67,1669.9,69.125,20.7,11.2,0.0,0.0,2426.0,232.9,1000.0,2048.0,195.6,85.03,64.0,96.0,3.32,6.34,5.94,20.7,0.0,67.1,7.9,99.0,540.0,45.2,126428.7,56027.6,0.0,0.0
631,84.4,1.672,1672.0,67.125,20.8,11.2,0.1,0.0,2442.0,236.87,1000.0,2048.0,195.6,85.01,64.0,97.0,3.32,6.34,5.94,20.7,0.0,67.0,0.6,76.2,540.0,45.2,126428.7,56036.2,0.0,0.0
632,75.0,1.673,1673.1,66.0,20.9,11.2,0.0,0.0,2439.0,239.02,1000.0,2048.0,195.6,85.01,64.0,98.0,3.32,6.34,5.94,20.8,0.0,67.1,7.8,98.0,540.0,45.2,126428.7,56020.0,0.0,0.0
633,81.2,1.685,1684.6,65.25,20.4,11.2,0.0,0.0,2463.0,241.37,1000.0,2048.0,195.6,85.01,63.0,98.0,3.32,6.34,5.94,20.3,0.0,67.1,7.9,66.0,540.0,45.2,126428.7,56015.1,0.0,0.0
634,81.2,1.682,1681.6,64.75,20.4,11.2,0.0,0.0,2458.0,240.88,1000.0,2048.0,195.6,85.0,63.0,98.0,3.31,5.91,5.86,20.5,0.0,67.0,7.8,78.0,540.0,45.2,126428.7,56014.8,0.0,0.0
635,81.2,1.678,1677.7,64.5,20.2,11.2,0.0,0.0,2465.0,244.04,1000.0,2048.0,195.6,85.01,64.0,99.0,3.31,5.91,5.86,20.1,0.0,67.1,7.9,79.6,540.0,45.2,126428.7,56019.3,0.0,0.0
636,78.1,1.694,1694.5,64.375,20.3,11.2,0.0,0.0,2476.0,245.12,1000.0,2048.0,195.6,85.01,64.0,99.0,3.31,5.91,5.86,20.2,0.0,67.0,0.6,98.0,540.0,45.2,126428.7,56020.4,0.0,0.0
637,93.8,1.686,1686.4,64.375,20.5,11.2,0.0,0.0,2435.0,238.63,1000.0,2048.0,195.6,85.0,63.0,98.0,3.31,5.91,5.86,20.5,0.0,67.1,7.9,98.0,540.0,45.2,126428.7,56012.7,0.0,0.0
638,78.1,1.676,1675.8,64.25,20.0,11.2,0.0,0.0,2436.0,238.73,1000.0,2048.0,195.6,84.1,64.0,98.0,3.31,5.91,5.86,19.9,0.0,67.0,7.8,98.0,540.0,45.2,126428.7,56010.5,0.0,0.0
639,81.2,1.693,1692.8,64.25,20.2,11.2,0.0,0.0,2445.0,242.06,1000.0,2048.0,195.6,85.01,64.0,99.0,3.31,5.76,5.83,20.3,0.0,67.1,0.6,70.4,540.0,45.2,126428.7,56010.9,0.0,0.0
640,81.2,1.675,1674.7,64.25,20.6,11.2,0.0,0.0,2448.0,242.35,1000.0,2048.0,195.6,85.0,63.0,99.0,3.31,5.76,5.83,20.6,0.0,67.0,7.8,98.0,540.0,45.2,126428.7,56004.7,0.0,0.0
641,87.5,1.67,1669.8,64.25,21.9,11.2,0.0,0.7,2468.0,244.33,1000.0,2048.0,195.6,85.01,64.0,99.0,3.31,5.76,5.83,21.8,0.0,67.1,7.9,95.0,540.0,45.2,126428.7,56010.8,0.0,0.0
642,87.5,1.675,1674.8,64.25,21.3,11.2,0.0,0.1,2461.0,243.64,1000.0,2048.0,195.6,85.0,64.0,99.0,3.31,5.76,5.83,21.5,0.0,67.0,7.8,71.4,540.0,45.2,126428.7,56006.8,0.0,0.0
643,78.1,1.68,1680.2,64.25,21.1,11.2,0.0,0.0,2471.0,242.16,1000.0,2048.0,195.6,84.09,63.0,98.0,3.31,5.76,5.83,21.1,0.0,67.1,0.6,67.0,540.0,45.2,126428.7,56013.0,0.0,0.0
644,78.1,1.716,1715.9,64.375,21.4,11.2,0.0,0.0,2490.0,246.51,1000.0,2048.0,195.6,85.01,64.0,99.0,3.31,5.54,5.78,21.3,0.0,67.0,7.8,100.0,540.0,45.2,126428.7,56014.7,0.0,0.0
645,78.1,1.698,1697.6,64.375,21.1,11.2,0.0,0.0,2479.0,245.42,1000.0,2048.0,195.6,85.0,63.0,99.0,3.31,5.54,5.78,21.2,0.0,67.1,7.9,100.0,540.0,45.2,126428.7,56021.7,0.0,0.0
646,68.8,1.68,1680.3,64.375,20.1,11.2,0.0,0.0,2471.0,242.16,1000.0,2048.0,195.6,85.0,63.0,98.0,3.31,5.54,5.78,19.9,0.0,66.2,7.7,99.0,540.0,45.2,126428.7,56019.7,0.0,0.0
647,87.5,1.66,1660.5,64.375,20.4,11.2,0.0,0.1,2456.0,243.14,1000.0,2048.0,195.6,85.0,63.0,99.0,3.31,5.54,5.78,20.4,0.0,66.7,7.9,82.0,540.0,45.2,126428.7,56019.2,0.0,0.0
648,84.4,1.688,1687.5,64.25,20.5,11.2,0.0,0.0,2464.0,241.47,1000.0,2048.0,195.6,84.1,64.0,98.0,3.31,5.54,5.78,20.4,0.0,67.1,7.8,54.0,540.0,45.2,126428.7,56020.5,0.0,0.0
649,84.4,1.681,1681.1,64.125,21.0,11.2,0.0,0.0,2471.0,239.69,1000.0,2048.0,195.6,84.09,63.0,97.0,3.32,5.5,5.77,21.0,0.0,67.8,0.6,60.2,540.0,45.2,126428.7,56018.4,0.0,0.0
650,87.5,1.675,1675.4,63.875,21.6,11.2,0.0,0.0,2597.0,254.51,1000.0,2048.0,195.6,84.09,63.0,98.0,3.32,5.5,5.77,21.6,0.0,67.2,7.8,58.2,540.0,45.2,126428.7,56016.2,0.0,0.0
651,87.5,1.692,1692.2,63.75,21.1,11.2,0.0,0.0,2684.0,265.72,1000.0,2048.0,195.6,85.02,63.0,99.0,3.32,5.5,5.77,20.9,0.0,65.8,7.9,91.9,540.0,45.2,126428.7,56007.1,0.0,0.0
652,78.1,1.726,1726.5,63.625,20.6,11.2,0.0,1.1,2678.0,265.12,1000.0,2048.0,195.6,85.01,63.0,99.0,3.32,5.5,5.77,20.6,0.0,67.6,0.5,78.8,540.0,45.2,126428.7,56003.8,0.0,0.0
653,71.9,1.721,1721.2,63.625,21.0,11.2,0.0,0.0,2706.0,267.89,1000.0,2048.0,195.6,85.0,63.0,99.0,3.32,5.5,5.77,20.7,0.0,67.2,7.8,100.0,540.0,45.2,126428.7,56004.4,0.0,0.0
654,87.5,1.671,1670.9,63.5,21.3,11.2,0.0,0.0,2707.0,267.99,1000.0,2048.0,195.6,85.0,62.0,99.0,3.32,5.38,5.74,21.4,0.0,67.4,7.8,100.0,540.0,45.2,126428.7,56004.8,0.0,0.0
655,75.0,3.394,3393.6,72.625,14.3,11.2,0.0,0.0,1694.0,86.39,1000.0,2048.0,195.6,65.08,50.0,51.0,3.32,5.38,5.74,14.4,0.0,65.7,0.6,55.6,540.0,45.2,126428.7,56007.9,0.0,0.0
656,59.4,3.39,3390.0,81.75,12.8,11.2,0.0,0.0,1803.0,93.76,1000.0,2048.0,196.0,66.08,54.0,52.0,3.32,5.38,5.74,12.8,0.0,66.9,7.9,52.5,540.0,47.3,126428.7,58661.8,0.0,0.0
657,78.1,1.677,1676.8,79.25,17.9,11.2,0.0,0.1,2380.0,188.02,1000.0,2048.0,196.4,88.09,66.0,79.0,3.32,5.38,5.74,17.6,0.0,68.4,7.8,65.3,539.0,46.6,126428.7,57743.2,0.0,0.0
658,75.0,1.671,1670.8,74.0,21.1,11.2,0.0,0.0,2627.0,241.68,1000.0,2048.0,196.4,93.03,65.0,92.0,3.32,5.38,5.74,21.1,0.0,66.4,7.7,92.0,539.0,46.3,126428.7,57408.9,0.0,0.0
659,78.1,1.683,1683.2,70.125,21.3,11.2,0.0,0.0,2638.0,253.25,1000.0,2048.0,196.4,89.03,63.0,96.0,3.32,5.19,5.69,21.4,0.0,67.2,7.8,100.0,539.0,46.3,126428.7,57403.3,0.0,0.0
660,78.1,1.685,1684.7,67.5,20.8,11.2,0.0,0.0,2649.0,259.6,1000.0,2048.0,196.4,86.06,63.0,98.0,3.32,5.19,5.69,20.6,0.0,67.6,0.6,100.0,539.0,46.3,126428.7,57396.8,0.0,0.0
661,84.4,1.709,1709.3,65.875,21.2,11.2,0.0,0.0,2650.0,259.7,1000.0,2048.0,196.4,85.06,63.0,98.0,3.32,5.19,5.69,20.9,0.0,67.2,7.8,94.0,539.0,46.3,126428.7,57420.8,0.0,0.0
662,71.9,1.691,1690.8,64.875,20.5,11.2,0.0,0.0,2651.0,262.45,1000.0,2048.0,196.4,85.02,63.0,99.0,3.32,5.19,5.69,20.6,0.0,66.8,7.7,97.0,539.0,46.3,126428.7,57404.7,0.0,0.0
663,68.8,1.682,1682.3,64.375,21.0,11.2,0.0,0.1,2667.0,264.03,1000.0,2048.0,196.4,85.01,63.0,99.0,3.32,5.19,5.69,20.9,0.0,66.5,0.6,100.0,539.0,46.3,126428.7,57408.4,0.0,0.0
664,65.6,1.682,1682.5,64.0,21.8,11.2,0.0,0.0,2676.0,264.92,1000.0,2048.0,196.4,85.0,63.0,99.0,3.32,5.01,5.65,21.6,0.0,67.2,7.7,100.0,540.0,46.3,126428.7,57393.2,0.0,0.0
665,68.8,1.692,1691.5,63.875,22.0,11.2,0.0,0.0,2660.0,263.34,1000.0,2048.0,196.4,85.0,63.0,99.0,3.32,5.01,5.65,22.0,0.0,67.2,7.8,91.1,540.0,46.3,126428.7,57396.8,0.0,0.0
666,75.0,1.683,1683.0,63.75,20.8,11.2,0.0,0.0,2667.0,264.03,1000.0,2048.0,196.4,85.0,63.0,99.0,3.32,5.01,5.65,20.7,0.0,67.0,7.8,100.0,540.0,46.3,126428.7,57396.9,0.0,0.0
667,81.2,1.68,1679.7,63.625,20.7,11.2,0.0,0.0,2656.0,262.94,1000.0,2048.0,196.4,84.1,63.0,99.0,3.32,5.01,5.65,20.6,0.0,66.6,0.5,90.1,540.0,46.3,126428.7,57391.2,0.0,0.0
668,65.6,1.682,1682.0,63.625,20.4,11.2,0.0,0.0,2675.0,264.82,1000.0,2048.0,196.4,84.1,63.0,99.0,3.32,5.01,5.65,20.1,0.0,67.4,7.8,99.0,540.0,46.3,126428.7,57388.0,0.0,0.0
669,62.5,1.674,1674.2,63.625,21.2,11.2,0.0,0.0,2687.0,266.01,1000.0,2048.0,196.4,85.0,63.0,99.0,3.33,5.09,5.66,21.1,0.0,67.4,7.8,100.0,540.0,46.3,126428.7,57390.7,0.0,0.0
670,59.4,1.677,1676.8,63.625,20.7,11.2,0.0,0.0,2657.0,260.39,1000.0,2048.0,196.4,85.03,63.0,98.0,3.33,5.09,5.66,20.7,0.0,66.4,0.5,100.0,540.0,46.3,126428.7,57393.8,0.0,0.0
671,65.6,1.671,1671.3,63.75,19.9,11.2,0.0,0.8,2661.0,260.78,1000.0,2048.0,196.4,84.09,63.0,98.0,3.33,5.09,5.66,19.9,0.0,65.8,7.8,100.0,540.0,46.3,126428.7,57401.0,0.0,0.0
672,75.0,1.74,1739.5,63.75,19.0,11.2,0.0,0.0,2681.0,265.42,1000.0,2048.0,196.4,84.1,63.0,99.0,3.33,5.09,5.66,19.0,0.0,64.9,7.6,100.0,540.0,46.3,126428.7,57392.9,0.0,0.0
673,68.8,1.711,1710.6,63.75,18.5,11.2,0.0,0.1,2686.0,265.91,1000.0,2048.0,196.4,84.1,63.0,99.0,3.33,5.09,5.66,18.3,0.0,67.0,7.6,100.0,540.0,46.3,126428.7,57395.6,0.0,0.0
674,78.1,1.692,1692.4,63.625,19.0,11.2,0.0,0.0,2687.0,266.01,1000.0,2048.0,196.4,85.0,63.0,99.0,3.35,5.24,5.68,18.9,0.0,66.8,7.6,100.0,540.0,46.3,126428.7,57392.3,0.0,0.0
675,71.9,1.694,1694.1,63.625,18.4,11.2,0.0,0.0,2695.0,266.8,1000.0,2048.0,196.4,84.1,63.0,99.0,3.35,5.24,5.68,18.4,0.0,65.4,0.4,100.0,540.0,46.3,126428.7,57389.2,0.0,0.0
676,75.0,1.73,1730.1,63.625,18.9,11.2,0.0,0.0,2693.0,266.61,1000.0,2048.0,196.4,85.0,63.0,99.0,3.35,5.24,5.68,18.8,0.0,67.0,7.6,100.0,540.0,46.3,126428.7,57392.2,0.0,0.0
677,68.8,1.712,1711.8,63.75,19.0,11.2,0.0,0.0,2704.0,267.7,1000.0,2048.0,196.4,84.1,63.0,99.0,3.35,5.24,5.68,18.9,0.0,67.0,7.7,100.0,540.0,46.3,126428.7,57388.7,0.0,0.0
678,56.2,1.687,1686.9,63.75,18.9,11.2,0.0,0.0,2704.0,267.7,1000.0,2048.0,196.4,85.01,63.0,99.0,3.35,5.24,5.68,18.8,0.0,67.0,7.6,100.0,540.0,46.3,126428.7,57390.4,0.0,0.0
679,59.4,1.728,1727.6,63.875,19.1,11.2,0.0,0.0,2712.0,268.49,1000.0,2048.0,196.4,84.1,63.0,99.0,3.37,5.38,5.7,18.9,0.0,67.0,7.6,100.0,540.0,46.3,126428.7,57388.5,0.0,0.0
680,62.5,1.664,1664.5,63.875,19.0,11.2,0.0,0.0,2687.0,266.01,1000.0,2048.0,196.4,84.09,63.0,99.0,3.37,5.38,5.7,19.1,0.0,67.0,0.4,100.0,540.0,46.3,126428.7,57392.9,0.0,0.0
681,59.4,3.689,3689.1,66.125,18.9,11.2,0.0,0.0,2672.0,248.5,1000.0,2048.0,196.8,80.01,53.0,93.0,3.37,5.38,5.7,18.9,0.0,67.0,7.7,100.0,540.0,45.3,126428.7,56178.2,0.0,0.0
682,78.1,1.695,1695.0,69.125,20.0,11.2,0.0,0.1,2464.0,226.69,1000.0,2048.0,195.7,85.08,66.0,92.0,3.37,5.38,5.7,19.8,0.0,67.1,7.8,98.0,540.0,45.0,126428.7,55765.9,0.0,0.0
683,68.8,1.728,1727.9,70.0,20.5,11.2,0.0,0.0,2412.0,219.49,1000.0,2048.0,195.7,85.08,66.0,91.0,3.37,5.38,5.7,20.5,0.0,67.1,7.9,100.0,540.0,44.9,126428.7,55651.8,0.0,0.0
684,81.2,1.694,1693.5,68.875,20.0,11.2,0.0,0.0,2359.0,209.95,1000.0,2048.0,195.8,85.05,63.0,89.0,3.39,5.43,5.71,19.9,0.0,67.0,0.5,68.0,540.0,45.3,126428.7,56168.0,0.0,0.0
685,75.0,1.72,1720.3,66.75,21.3,11.2,0.0,0.0,2499.0,237.4,1000.0,2048.0,195.8,84.09,63.0,95.0,3.39,5.43,5.71,21.1,0.0,67.1,7.9,100.0,540.0,45.3,126428.7,56153.4,0.0,0.0
686,84.4,1.711,1711.0,65.375,20.5,11.2,0.0,0.0,2597.0,254.51,1000.0,2048.0,195.8,85.02,63.0,98.0,3.39,5.43,5.71,20.6,0.0,67.0,7.8,100.0,540.0,45.3,126428.7,56145.6,0.0,0.0
687,81.2,1.724,1723.8,64.5,21.1,11.2,0.0,0.0,2614.0,256.17,1000.0,2048.0,195.8,84.09,63.0,98.0,3.39,5.43,5.71,20.9,0.0,67.1,7.9,100.0,540.0,45.3,126428.7,56146.2,0.0,0.0
688,81.2,1.758,1758.4,64.125,20.6,11.2,0.0,0.0,2657.0,263.04,1000.0,2048.0,195.8,85.0,63.0,99.0,3.39,5.43,5.71,20.5,0.0,67.0,0.6,100.0,540.0,45.3,126428.7,56146.1,0.0,0.0
689,78.1,1.727,1727.1,63.75,20.6,11.2,0.0,0.0,2684.0,265.72,1000.0,2048.0,195.8,84.1,63.0,99.0,3.41,5.64,5.74,20.5,0.0,67.1,7.9,100.0,540.0,45.3,126428.7,56153.0,0.0,0.0
690,81.2,1.788,1788.2,63.75,20.8,11.2,0.0,0.1,2689.0,266.21,1000.0,2048.0,195.8,85.01,63.0,99.0,3.41,5.64,5.74,20.8,0.0,67.1,7.8,100.0,540.0,45.3,126428.7,56150.7,0.0,0.0
691,81.2,1.686,1686.4,63.625,21.0,11.2,0.4,0.0,2688.0,266.11,1000.0,2048.0,195.8,85.0,63.0,99.0,3.41,5.64,5.74,20.9,0.0,67.0,0.6,100.0,540.0,45.3,126428.7,56170.4,0.0,0.0
692,84.4,1.756,1755.9,63.5,21.4,11.2,0.0,0.0,2694.0,266.71,1000.0,2048.0,195.8,85.0,63.0,99.0,3.41,5.64,5.74,21.3,0.0,67.1,7.8,100.0,540.0,45.3,126428.7,56166.5,0.0,0.0
693,75.0,1.717,1717.2,63.625,21.7,11.2,0.0,0.0,2689.0,263.52,1000.0,2048.0,195.8,85.02,63.0,98.0,3.41,5.64,5.74,21.5,0.0,67.1,7.9,100.0,540.0,45.3,126428.7,56169.7,0.0,0.0
694,71.9,1.718,1718.5,63.625,20.6,11.2,0.0,0.0,2697.0,267.0,1000.0,2048.0,195.8,85.01,63.0,99.0,3.43,5.67,5.75,20.6,0.0,67.0,7.8,100.0,540.0,45.3,126428.7,56151.5,0.0,0.0
695,75.0,1.686,1686.0,63.625,20.7,11.2,0.0,0.0,2687.0,266.01,1000.0,2048.0,195.8,85.0,63.0,99.0,3.43,5.67,5.75,20.6,0.0,67.1,0.6,100.0,540.0,45.3,126428.7,56155.3,0.0,0.0
696,81.2,1.688,1688.3,63.5,21.8,11.2,0.0,0.0,2704.0,267.7,1000.0,2048.0,195.8,84.1,63.0,99.0,3.43,5.67,5.75,21.8,0.0,67.0,7.8,100.0,540.0,45.3,126428.7,56158.6,0.0,0.0
697,78.1,1.734,1733.9,63.625,22.1,11.2,0.0,0.0,2713.0,268.59,1000.0,2048.0,195.8,85.0,63.0,99.0,3.43,5.67,5.75,22.1,0.0,67.1,7.9,100.0,540.0,45.3,126428.7,56159.2,0.0,0.0
698,84.4,1.666,1665.9,63.625,21.9,11.2,0.0,0.1,2712.0,268.49,1000.0,2048.0,195.8,84.1,63.0,99.0,3.43,5.67,5.75,21.8,0.0,67.0,7.9,100.0,540.0,45.3,126428.7,56152.0,0.0,0.0
699,90.6,1.698,1697.7,63.5,22.0,11.2,0.0,0.0,2700.0,267.3,1000.0,2048.0,195.8,84.1,63.0,99.0,3.45,5.78,5.77,22.1,0.0,67.1,7.8,100.0,540.0,45.3,126428.7,56154.2,0.0,0.0
700,96.9,1.683,1683.1,63.625,22.0,11.2,0.0,0.0,2678.0,265.12,1000.0,2048.0,195.8,85.01,63.0,99.0,3.45,5.78,5.77,22.1,0.0,67.0,0.6,55.4,540.0,45.3,126428.7,56139.6,0.0,0.0
701,96.9,1.721,1721.4,63.5,22.1,11.2,0.0,0.0,2673.0,264.63,1000.0,2048.0,195.8,84.1,63.0,99.0,3.45,5.78,5.77,22.2,0.0,67.1,7.9,93.1,540.0,45.3,126428.7,56140.4,0.0,0.0
702,90.6,1.685,1685.3,63.5,22.5,11.2,0.0,0.8,2696.0,266.9,1000.0,2048.0,195.8,85.0,63.0,99.0,3.45,5.78,5.77,22.6,0.0,67.1,7.8,100.0,540.0,45.3,126428.7,56138.9,0.0,0.0
703,87.5,1.69,1690.5,63.375,21.5,11.2,0.0,0.0,2688.0,266.11,1000.0,2048.0,195.8,84.1,63.0,99.0,3.45,5.78,5.77,21.5,0.0,67.0,0.6,100.0,540.0,45.3,126428.7,56147.7,0.0,0.0
704,96.9,1.671,1670.6,63.375,21.6,11.2,0.0,0.1,2694.0,266.71,1000.0,2048.0,195.8,84.1,63.0,99.0,3.48,6.03,5.82,21.6,0.0,67.0,7.8,100.0,540.0,45.3,126428.7,56141.8,0.0,0.0
705,84.4,1.676,1676.0,63.625,22.2,11.2,0.0,0.0,2710.0,268.29,1000.0,2048.0,195.8,85.0,64.0,99.0,3.48,6.03,5.82,22.3,0.0,67.1,7.9,100.0,540.0,45.3,126428.7,56145.1,0.0,0.0
706,78.1,1.673,1673.1,63.625,21.9,11.2,0.0,0.0,2694.0,266.71,1000.0,2048.0,195.8,84.09,63.0,99.0,3.48,6.03,5.82,21.7,0.0,67.0,0.5,62.2,540.0,45.3,126428.7,56143.9,0.0,0.0
707,87.5,1.685,1685.4,63.625,21.5,11.2,0.0,0.0,2707.0,267.99,1000.0,2048.0,195.8,85.01,63.0,99.0,3.48,6.03,5.82,21.5,0.0,67.1,7.9,100.0,540.0,45.3,126428.7,56161.1,0.0,0.0
708,93.8,1.669,1668.8,63.75,21.7,11.2,0.0,0.0,2714.0,268.69,1000.0,2048.0,195.8,85.01,63.0,99.0,3.48,6.03,5.82,21.7,0.0,67.1,7.9,100.0,540.0,45.3,126428.7,56147.9,0.0,0.0
709,84.4,1.677,1677.1,63.75,20.7,11.2,0.0,0.0,2710.0,268.29,1000.0,2048.0,195.8,85.0,63.0,99.0,3.51,6.35,5.89,20.4,0.0,67.0,0.5,100.0,540.0,45.3,126428.7,56148.5,0.0,0.0
710,84.4,1.71,1709.8,63.75,20.3,11.2,0.0,0.0,2701.0,267.4,1000.0,2048.0,195.8,84.09,63.0,99.0,3.51,6.35,5.89,20.4,0.0,67.1,7.9,100.0,540.0,45.3,126428.7,56141.0,0.0,0.0
711,78.1,3.745,3745.0,66.25,18.3,11.2,0.0,0.0,2219.0,168.64,1000.0,2048.0,195.8,75.03,52.0,76.0,3.51,6.35,5.89,18.2,0.0,67.0,7.8,81.0,540.0,45.3,126428.7,56142.6,0.0,0.0
712,59.4,1.696,1696.1,72.625,15.8,11.2,0.0,0.0,2148.0,152.51,1000.0,2048.0,196.1,84.05,66.0,71.0,3.51,6.35,5.89,15.8,0.0,67.1,0.6,83.2,540.0,46.4,126428.7,57495.5,0.0,0.0
713,87.5,1.684,1684.5,69.75,20.3,11.2,0.0,0.0,2493.0,221.88,1000.0,2048.0,196.1,89.0,63.0,89.0,3.51,6.35,5.89,20.2,0.0,67.0,7.8,100.0,540.0,46.4,126428.7,57504.3,0.0,0.0
714,84.4,1.711,1711.3,67.25,20.1,11.2,0.0,0.0,2592.0,246.24,1000.0,2048.0,196.1,86.09,63.0,95.0,3.54,6.56,5.94,20.1,0.0,67.1,7.9,100.0,540.0,46.4,126428.7,57501.3,0.0,0.0
715,90.6,1.731,1731.3,65.875,20.3,11.2,0.0,0.1,2621.0,256.86,1000.0,2048.0,196.1,85.07,63.0,98.0,3.54,6.56,5.94,20.2,0.0,67.0,0.5,100.0,540.0,46.4,126428.7,57503.3,0.0,0.0
716,90.6,1.72,1720.0,64.875,20.5,11.2,0.0,0.0,2638.0,258.52,1000.0,2048.0,196.1,85.04,63.0,98.0,3.54,6.56,5.94,20.4,0.0,67.1,7.8,97.0,540.0,46.4,126428.7,57500.1,0.0,0.0
717,84.4,1.677,1677.3,64.25,20.2,11.2,0.0,0.0,2649.0,262.25,1000.0,2048.0,196.1,85.02,63.0,99.0,3.54,6.56,5.94,20.0,0.0,67.0,7.9,100.0,540.0,46.4,126428.7,57501.4,0.0,0.0
718,90.6,1.671,1671.1,64.0,20.6,11.2,0.0,0.0,2651.0,262.45,1000.0,2048.0,196.1,85.01,63.0,99.0,3.54,6.56,5.94,20.7,0.0,67.0,7.8,100.0,540.0,46.4,126428.7,57501.4,0.0,0.0
719,90.6,1.708,1707.7,63.875,20.4,11.2,0.0,0.0,2662.0,263.54,1000.0,2048.0,196.1,85.0,63.0,99.0,3.57,6.68,5.98,20.1,0.0,67.1,0.6,92.2,540.0,46.4,126428.7,57495.0,0.0,0.0
720,71.9,1.674,1673.9,63.875,20.0,11.2,0.0,0.0,2664.0,263.74,1000.0,2048.0,196.1,85.01,64.0,99.0,3.57,6.68,5.98,20.0,0.0,67.0,7.8,98.0,540.0,46.4,126428.7,57499.2,0.0,0.0
721,81.2,1.671,1671.4,63.75,19.7,11.2,0.1,0.0,2661.0,263.44,1000.0,2048.0,196.1,85.01,63.0,99.0,3.57,6.68,5.98,19.6,0.0,67.1,7.8,100.0,541.0,46.4,126428.7,57511.2,0.0,0.0
722,87.5,1.727,1726.9,63.625,20.6,11.2,20.2,0.0,2661.0,263.44,1000.0,2048.0,196.1,85.01,62.0,99.0,3.57,6.68,5.98,20.6,0.0,67.0,7.9,100.0,542.0,46.4,126428.7,57550.7,0.0,0.0
723,93.8,1.697,1696.9,63.5,21.0,11.2,0.3,0.3,2652.0,262.55,1000.0,2048.0,196.1,85.0,63.0,99.0,3.57,6.68,5.98,20.9,0.0,67.0,0.5,76.2,541.0,46.4,126428.7,57565.9,0.0,0.0
724,75.0,1.68,1680.5,63.5,19.7,11.2,0.0,0.0,2655.0,262.85,1000.0,2048.0,196.1,85.0,63.0,99.0,3.56,6.38,5.93,19.6,0.0,67.1,7.8,100.0,541.0,46.4,126428.7,57548.2,0.0,0.0
725,78.1,1.721,1721.0,63.625,20.1,11.2,0.0,0.0,2666.0,263.93,1000.0,2048.0,196.1,85.01,63.0,99.0,3.56,6.38,5.93,20.0,0.0,67.0,7.8,100.0,541.0,46.4,126428.7,57552.0,0.0,0.0
726,87.5,1.696,1695.8,63.625,19.9,11.2,0.0,0.0,2631.0,257.84,1000.0,2048.0,196.1,84.1,63.0,98.0,3.56,6.38,5.93,19.8,0.0,67.1,7.8,98.0,541.0,46.4,126428.7,57542.7,0.0,0.0
727,75.0,1.688,1688.5,63.75,20.9,11.2,0.0,0.0,2671.0,264.43,1000.0,2048.0,196.1,85.0,63.0,99.0,3.56,6.38,5.93,20.6,0.0,67.0,7.8,100.0,541.0,46.4,126428.7,57539.4,0.0,0.0
728,84.4,1.736,1736.5,63.75,20.7,11.2,0.0,0.0,2684.0,265.72,1000.0,2048.0,196.1,84.09,63.0,99.0,3.56,6.38,5.93,20.8,0.0,67.0,0.6,100.0,541.0,46.4,126428.7,57535.3,0.0,0.0
729,81.2,1.728,1728.4,63.75,20.7,11.2,0.0,0.0,2693.0,266.61,1000.0,2048.0,196.1,85.0,63.0,99.0,3.57,6.27,5.91,20.5,0.0,67.0,7.8,100.0,541.0,46.4,126428.7,57535.6,0.0,0.0
730,75.0,1.7,1699.9,63.75,20.5,11.2,0.0,0.0,2695.0,266.8,1000.0,2048.0,196.1,85.01,63.0,99.0,3.57,6.27,5.91,20.5,0.0,67.1,7.8,100.0,541.0,46.4,126428.7,57541.3,0.0,0.0
731,81.2,1.728,1727.5,63.75,20.1,11.2,0.0,0.2,2687.0,266.01,1000.0,2048.0,196.1,85.0,63.0,99.0,3.57,6.27,5.91,20.0,0.0,67.0,7.8,100.0,541.0,46.4,126428.7,57530.1,0.0,0.0
732,78.1,1.731,1731.0,63.75,19.8,11.2,0.0,0.9,2681.0,265.42,1000.0,2048.0,196.1,85.0,63.0,99.0,3.57,6.27,5.91,19.6,0.0,67.0,0.6,100.0,541.0,46.4,126428.7,57536.7,0.0,0.0
733,81.2,1.702,1701.5,63.75,19.9,11.2,0.0,0.0,2686.0,265.91,1000.0,2048.0,196.1,85.0,63.0,99.0,3.57,6.27,5.91,19.8,0.0,67.1,7.8,100.0,541.0,46.4,126428.7,57537.1,0.0,0.0
734,81.2,1.722,1721.5,63.75,19.7,11.2,0.0,0.0,2689.0,266.21,1000.0,2048.0,196.1,85.0,64.0,99.0,3.57,6.09,5.88,19.7,0.0,67.0,7.7,72.0,541.0,46.4,126428.7,57534.9,0.0,0.0
735,75.0,1.748,1748.3,64.0,19.2,11.2,0.0,0.0,2701.0,267.4,1000.0,2048.0,196.1,85.0,63.0,99.0,3.57,6.09,5.88,19.1,0.0,67.0,7.6,97.0,541.0,46.4,126428.7,57523.5,0.0,0.0
736,71.9,1.718,1717.7,64.0,18.8,11.2,0.0,0.0,2709.0,268.19,1000.0,2048.0,196.1,84.1,64.0,99.0,3.57,6.09,5.88,18.6,0.0,67.0,7.6,100.0,541.0,46.4,126428.7,57512.3,0.0,0.0
737,65.6,1.746,1746.0,64.0,19.2,11.2,0.0,0.0,2721.0,269.38,1000.0,2048.0,196.1,85.0,63.0,99.0,3.57,6.09,5.88,19.0,0.0,67.0,0.5,79.2,541.0,46.4,126428.7,57516.9,0.0,0.0
738,81.2,1.816,1816.0,64.0,18.9,11.2,0.0,0.0,2704.0,267.7,1000.0,2048.0,196.1,85.01,63.0,99.0,3.57,6.09,5.88,18.9,0.0,67.0,7.6,70.4,541.0,46.4,126428.7,57494.6,0.0,0.0
739,56.2,2.937,2937.0,72.875,11.6,11.2,0.0,0.0,1532.0,67.41,1000.0,2048.0,196.1,60.08,50.0,44.0,3.55,5.6,5.78,11.7,0.0,67.0,7.6,65.0,541.0,46.4,126428.7,57482.2,0.0,0.0
740,43.8,2.587,2586.8,78.75,9.0,11.2,0.0,0.1,949.0,15.18,1000.0,2048.0,196.1,48.01,49.0,16.0,3.55,5.6,5.78,8.8,0.0,67.0,2.8,52.0,541.0,46.4,126428.7,57491.3,0.0,0.0
741,37.5,2.876,2875.9,81.125,9.2,11.2,0.0,0.0,729.0,4.37,1000.0,2048.0,196.1,43.02,49.0,6.0,3.55,5.6,5.78,9.2,0.0,67.0,5.2,53.0,541.0,46.4,126428.7,57482.9,0.0,0.0
742,46.9,2.593,2593.4,82.75,9.4,11.2,0.0,0.0,647.0,1.29,1000.0,2048.0,196.1,41.06,49.0,2.0,3.55,5.6,5.78,9.3,0.0,67.0,7.7,55.6,541.0,46.4,126428.7,57486.1,0.0,0.0
743,50.0,2.781,2780.9,83.5,9.5,11.2,0.0,0.0,617.0,0.62,1000.0,2048.0,196.1,41.03,48.0,1.0,3.55,5.6,5.78,9.5,0.0,67.0,2.4,52.5,541.0,46.4,126428.7,57494.4,0.0,0.0
744,46.9,3.266,3266.0,85.0,10.5,11.2,0.0,0.0,768.0,4.61,1000.0,2048.0,196.8,47.02,54.0,6.0,3.54,5.23,5.7,10.4,0.0,67.0,5.6,52.5,541.0,47.3,126428.7,58599.5,0.0,0.0
745,71.9,3.124,3124.4,90.0,17.2,11.2,0.0,0.0,1738.0,106.02,1000.0,2048.0,196.8,90.04,65.0,61.0,3.54,5.23,5.7,17.2,0.0,67.1,7.9,82.0,541.0,46.3,126428.7,57442.7,0.0,0.0
746,65.6,3.285,3284.7,89.75,16.7,11.2,0.0,0.0,2131.0,170.48,1000.0,2048.0,196.8,105.02,65.0,80.0,3.54,5.23,5.7,16.7,0.0,67.1,7.9,66.0,541.0,46.6,126428.7,57760.0,0.0,0.0
747,75.0,2.135,2134.8,82.375,17.5,11.2,0.0,0.0,2552.0,234.78,1000.0,2048.0,197.1,111.02,67.0,92.0,3.54,5.23,5.7,17.4,0.0,67.1,0.6,77.0,541.0,46.6,126428.7,57734.8,0.0,0.0
748,75.0,1.744,1743.5,76.0,20.2,11.2,0.0,0.0,2696.0,258.82,1000.0,2048.0,197.1,99.08,64.0,96.0,3.54,5.23,5.7,20.3,0.0,67.1,7.9,83.8,541.0,46.6,126428.7,57741.5,0.0,0.0
749,90.6,1.724,1724.1,71.125,20.7,11.2,0.0,0.0,2688.0,263.42,1000.0,2048.0,197.1,91.03,63.0,98.0,3.55,5.22,5.69,20.7,0.0,67.0,7.9,99.0,541.0,46.6,126428.7,57733.3,0.0,0.0
750,87.5,1.736,1736.3,68.0,20.5,11.2,0.0,0.0,2631.0,257.84,1000.0,2048.0,197.1,87.04,62.0,98.0,3.55,5.22,5.69,20.5,0.0,67.1,7.9,80.2,541.0,46.6,126428.7,57717.3,0.0,0.0
751,93.8,1.78,1780.3,66.0,20.4,11.2,0.0,0.1,2639.0,261.26,1000.0,2048.0,197.1,85.09,63.0,99.0,3.55,5.22,5.69,20.4,0.0,67.1,0.6,78.0,541.0,46.6,126428.7,57726.2,0.0,0.0
752,90.6,1.717,1716.9,64.75,20.6,11.2,0.0,0.0,2639.0,261.26,1000.0,2048.0,197.1,85.03,63.0,99.0,3.55,5.22,5.69,20.4,0.0,67.1,8.0,100.0,541.0,46.6,126428.7,57740.0,0.0,0.0
753,84.4,1.74,1740.0,64.125,20.1,11.2,0.0,2.5,2653.0,262.65,1000.0,2048.0,197.1,85.01,63.0,99.0,3.55,5.22,5.69,20.1,0.0,67.0,7.8,86.0,541.0,46.6,126428.7,57738.6,0.0,0.0
754,87.5,1.7,1699.9,63.625,20.5,11.2,0.0,0.0,2643.0,261.66,1000.0,2048.0,197.1,85.01,62.0,99.0,3.55,5.12,5.66,20.7,0.0,67.1,0.7,67.0,541.0,46.6,126428.7,57743.0,0.0,0.0
755,84.4,1.736,1736.3,63.375,20.7,11.2,0.0,0.0,2633.0,260.67,1000.0,2048.0,197.1,84.1,63.0,99.0,3.55,5.12,5.66,20.6,0.0,67.1,7.9,99.0,539.0,46.6,126428.7,57736.7,0.0,0.0
756,81.2,1.715,1714.8,63.375,21.4,11.2,0.0,0.0,2622.0,259.58,1000.0,2048.0,197.1,85.01,62.0,99.0,3.55,5.12,5.66,21.3,0.0,67.1,7.9,93.1,539.0,46.6,126428.7,57734.0,0.0,0.0
757,90.6,1.731,1730.7,63.25,20.9,11.2,0.0,0.0,2617.0,259.08,1000.0,2048.0,197.1,85.02,63.0,99.0,3.55,5.12,5.66,21.1,0.0,67.0,7.8,76.8,539.0,46.6,126428.7,57731.5,0.0,0.0
758,90.6,1.734,1733.7,63.25,20.7,11.2,0.0,0.0,2642.0,261.56,1000.0,2048.0,197.1,85.0,63.0,99.0,3.55,5.12,5.66,20.6,0.0,67.1,0.6,64.0,539.0,46.6,126428.7,57725.1,0.0,0.0
759,90.6,1.744,1743.8,63.25,21.1,11.2,0.0,0.0,2637.0,261.06,1000.0,2048.0,197.1,84.1,62.0,99.0,3.55,4.95,5.62,21.2,0.0,67.0,7.9,70.0,539.0,46.6,126428.7,57712.8,0.0,0.0
760,90.6,1.732,1731.6,63.25,20.8,11.2,0.0,0.0,2600.0,254.8,1000.0,2048.0,197.1,85.01,62.0,98.0,3.55,4.95,5.62,20.6,0.0,67.1,7.9,63.4,539.0,46.6,126428.7,57720.1,0.0,0.0
761,87.5,1.704,1704.5,63.25,20.7,11.2,0.0,0.0,2632.0,257.94,1000.0,2048.0,197.1,84.09,63.0,98.0,3.55,4.95,5.62,20.7,0.0,67.1,7.8,92.0,539.0,46.6,126428.7,57712.0,0.0,0.0
762,71.9,1.729,1729.2,63.375,20.8,11.2,0.0,1.0,2672.0,264.53,1000.0,2048.0,197.1,85.01,63.0,99.0,3.55,4.95,5.62,20.7,0.0,67.0,7.9,82.0,539.0,46.6,126428.7,57710.0,0.0,0.0
763,75.0,1.735,1734.8,63.375,20.4,11.2,0.0,0.0,2689.0,266.21,1000.0,2048.0,197.1,85.0,63.0,99.0,3.55,4.95,5.62,20.4,0.0,67.1,0.6,100.0,539.0,46.6,126428.7,57715.3,0.0,0.0
764,75.0,1.706,1705.8,63.375,20.2,11.2,0.0,0.0,2692.0,266.51,1000.0,2048.0,197.1,85.0,63.0,99.0,3.58,5.27,5.68,20.1,0.0,67.1,7.9,100.0,539.0,46.6,126428.7,57717.5,0.0,0.0
765,62.5,1.696,1696.4,70.625,17.5,11.2,0.0,0.0,2275.0,179.72,1000.0,2048.0,198.0,83.05,66.0,79.0,3.58,5.27,5.68,17.5,0.0,67.1,7.9,74.3,541.0,46.2,126428.7,57193.3,0.0,0.0
766,78.1,1.788,1788.4,70.375,19.9,11.2,0.0,0.0,2359.0,207.59,1000.0,2048.0,197.2,86.01,66.0,88.0,3.58,5.27,5.68,19.7,0.0,67.1,7.9,57.6,541.0,46.2,126428.7,57190.4,0.0,0.0
767,84.4,1.753,1752.6,70.125,19.4,11.2,0.0,0.1,2397.0,215.73,1000.0,2048.0,197.2,86.01,63.0,90.0,3.58,5.27,5.68,19.4,0.0,67.0,0.6,91.1,541.0,46.6,126428.7,57698.8,0.0,0.0
768,81.2,1.759,1758.9,67.625,21.1,11.2,0.0,0.0,2523.0,239.68,1000.0,2048.0,197.2,85.02,64.0,95.0,3.58,5.27,5.68,20.9,0.0,67.1,7.9,100.0,541.0,46.5,126428.7,57681.0,0.0,0.0
769,81.2,1.752,1752.1,66.125,21.6,11.2,0.0,0.0,2595.0,251.72,1000.0,2048.0,197.2,85.01,63.0,97.0,3.59,5.33,5.68,21.6,0.0,67.0,7.8,89.0,541.0,46.5,126428.7,57677.6,0.0,0.0
770,71.9,1.719,1719.1,65.25,20.7,11.2,0.0,0.0,2642.0,258.92,1000.0,2048.0,197.2,85.01,64.0,98.0,3.59,5.33,5.68,20.4,0.0,67.1,7.9,100.0,541.0,46.5,126428.7,57681.7,0.0,0.0
771,65.6,1.814,1813.8,64.75,20.1,11.2,0.0,0.0,2658.0,263.14,1000.0,2048.0,197.2,85.0,64.0,99.0,3.59,5.33,5.68,20.1,0.0,67.0,0.6,100.0,541.0,46.5,126428.7,57685.4,0.0,0.0
772,75.0,1.776,1776.2,64.5,19.7,11.2,0.0,0.0,2655.0,262.85,1000.0,2048.0,197.2,85.0,65.0,99.0,3.59,5.33,5.68,19.5,0.0,67.1,7.8,100.0,541.0,46.5,126428.7,57687.7,0.0,0.0
773,81.2,1.692,1691.6,64.25,20.7,11.2,0.0,0.0,2656.0,262.94,1000.0,2048.0,197.2,85.0,64.0,99.0,3.59,5.33,5.68,20.6,0.0,67.1,7.9,100.0,541.0,46.5,126428.7,57673.8,0.0,0.0
774,75.0,1.741,1741.4,64.125,20.1,11.2,0.0,0.1,2653.0,262.65,1000.0,2048.0,197.2,84.1,64.0,99.0,3.6,5.3,5.67,20.0,0.0,67.0,0.6,100.0,541.0,46.5,126428.7,57677.5,0.0,0.0
775,75.0,1.774,1773.9,64.25,20.8,11.2,0.0,0.0,2666.0,263.93,1000.0,2048.0,197.2,84.1,64.0,99.0,3.6,5.3,5.67,20.8,0.0,67.1,7.8,100.0,541.0,46.5,126428.7,57659.3,0.0,0.0
776,90.6,1.722,1721.8,64.25,21.9,11.2,0.0,0.0,2639.0,261.26,1000.0,2048.0,197.2,84.09,64.0,99.0,3.6,5.3,5.67,21.7,0.0,67.0,7.9,100.0,541.0,46.5,126428.7,57660.0,0.0,0.0
777,68.8,1.762,1761.7,64.25,21.2,11.2,0.0,0.0,2667.0,264.03,1000.0,2048.0,197.2,85.0,64.0,99.0,3.6,5.3,5.67,21.1,0.0,67.1,0.6,100.0,541.0,46.5,126428.7,57655.1,0.0,0.0
778,71.9,3.209,3208.8,67.0,19.4,11.2,0.0,0.0,2295.0,185.9,1000.0,2048.0,197.2,78.07,52.0,81.0,3.6,5.3,5.67,19.2,0.0,67.1,7.9,97.0,541.0,47.2,126428.7,58489.2,0.0,0.0
779,71.9,1.772,1772.4,72.625,18.4,11.2,0.0,0.0,2285.0,191.94,1000.0,2048.0,197.1,86.02,67.0,84.0,3.62,5.44,5.69,18.5,0.0,67.0,7.8,58.6,542.0,46.1,126428.7,57153.5,0.0,0.0
780,78.1,1.869,1869.1,71.75,20.1,11.2,0.0,0.0,2340.0,205.92,1000.0,2048.0,197.1,86.01,66.0,88.0,3.62,5.44,5.69,20.0,0.0,67.1,0.7,63.6,542.0,46.5,126428.7,57660.4,0.0,0.0
781,71.9,1.718,1718.5,68.875,20.2,11.2,0.0,0.0,2458.0,228.59,1000.0,2048.0,197.1,85.03,64.0,93.0,3.62,5.44,5.69,20.2,0.0,67.1,7.8,76.0,542.0,46.5,126428.7,57630.0,0.0,0.0
782,87.5,1.783,1783.4,67.0,21.2,11.2,0.0,0.0,2558.0,248.13,1000.0,2048.0,197.1,85.0,63.0,97.0,3.62,5.44,5.69,21.1,0.0,67.0,7.8,49.0,542.0,46.5,126428.7,57632.0,0.0,0.0
783,84.4,1.719,1718.9,65.875,21.2,11.2,0.0,0.0,2629.0,257.64,1000.0,2048.0,197.1,85.0,64.0,98.0,3.62,5.44,5.69,21.3,0.0,67.1,7.9,99.0,542.0,46.5,126428.7,57630.4,0.0,0.0
784,78.1,1.713,1713.3,65.125,21.0,11.2,0.0,0.0,2632.0,260.57,1000.0,2048.0,197.1,85.0,63.0,99.0,3.63,5.57,5.71,20.9,0.0,67.0,7.8,81.0,542.0,46.5,126428.7,57638.3,0.0,0.0
785,71.9,1.741,1740.7,64.625,20.7,11.2,0.0,0.0,2618.0,259.18,1000.0,2048.0,197.1,84.1,63.0,99.0,3.63,5.57,5.71,20.6,0.0,67.1,0.6,99.0,542.0,46.5,126428.7,57630.5,0.0,0.0
786,78.1,1.817,1816.7,64.375,21.5,11.2,0.0,0.0,2650.0,262.35,1000.0,2048.0,197.1,84.1,64.0,99.0,3.63,5.57,5.71,21.3,0.0,67.0,7.8,99.0,542.0,46.5,126428.7,57631.0,0.0,0.0
787,71.9,1.746,1746.4,64.25,21.0,11.2,0.0,0.0,2661.0,263.44,1000.0,2048.0,197.1,85.0,64.0,99.0,3.63,5.57,5.71,20.9,0.0,67.1,7.9,98.0,542.0,46.5,126428.7,57630.6,0.0,0.0
788,68.8,1.752,1751.8,64.125,20.9,11.2,0.0,0.1,2645.0,261.86,1000.0,2048.0,197.1,84.09,64.0,99.0,3.63,5.57,5.71,20.8,0.0,67.0,0.5,99.0,508.0,46.5,126428.7,57626.4,0.0,0.0
789,68.8,3.042,3042.4,71.375,18.1,11.2,0.0,0.0,2184.0,170.35,1000.0,2048.0,197.1,81.1,60.0,78.0,3.65,5.6,5.72,18.1,0.0,67.1,7.9,69.3,510.0,46.0,126428.7,56952.3,0.0,0.0
790,81.2,1.75,1750.5,70.625,20.7,11.2,0.0,0.0,2389.0,219.79,1000.0,2048.0,197.1,85.09,66.0,92.0,3.65,5.6,5.72,20.8,0.0,67.1,7.8,100.0,510.0,46.0,126428.7,57032.8,0.0,0.0
791,81.2,1.795,1795.0,69.5,20.3,11.2,0.0,0.0,2393.0,217.76,1000.0,2048.0,197.4,85.07,64.0,91.0,3.65,5.6,5.72,20.2,0.0,67.0,0.6,66.3,510.0,46.4,126428.7,57516.2,0.0,0.0
792,81.2,1.753,1752.8,67.25,21.3,11.2,0.0,0.0,2537.0,243.55,1000.0,2048.0,197.4,85.02,63.0,96.0,3.65,5.6,5.72,21.4,0.0,67.0,7.8,66.0,510.0,46.4,126428.7,57515.8,0.0,0.0
793,81.2,1.707,1707.4,65.875,21.4,11.2,0.0,0.9,2608.0,255.58,1000.0,2048.0,197.4,85.01,63.0,98.0,3.65,5.6,5.72,21.3,0.0,67.1,7.8,82.8,510.0,46.4,126428.7,57515.6,0.0,0.0
794,84.4,1.775,1775.2,65.125,20.9,11.2,0.0,0.0,2626.0,257.35,1000.0,2048.0,197.4,85.0,64.0,98.0,3.66,5.63,5.72,21.0,0.0,67.0,0.5,58.2,510.0,46.4,126428.7,57511.3,0.0,0.0
795,81.2,1.783,1783.0,64.625,21.8,11.2,0.0,0.0,2648.0,262.15,1000.0,2048.0,197.4,85.01,63.0,99.0,3.66,5.63,5.72,21.8,0.0,67.1,7.9,58.6,510.0,46.4,126428.7,57508.4,0.0,0.0
796,84.4,1.735,1734.9,64.375,21.7,11.2,0.0,0.1,2659.0,263.24,1000.0,2048.0,197.4,85.01,63.0,99.0,3.66,5.63,5.72,21.7,0.0,67.0,7.7,56.1,510.0,46.4,126428.7,57499.9,0.0,0.0
797,84.4,1.763,1762.6,64.25,21.5,11.2,0.0,0.0,2661.0,263.44,1000.0,2048.0,197.4,85.0,63.0,99.0,3.66,5.63,5.72,21.6,0.0,67.1,0.6,82.8,510.0,46.4,126428.7,57499.8,0.0,0.0
798,81.2,1.713,1712.9,64.125,20.9,11.2,0.0,0.0,2667.0,264.03,1000.0,2048.0,197.4,85.0,64.0,99.0,3.66,5.63,5.72,20.7,0.0,67.0,7.8,100.0,510.0,46.4,126428.7,57499.2,0.0,0.0
799,81.2,1.721,1721.0,64.125,21.2,11.2,0.0,0.1,2663.0,263.64,1000.0,2048.0,197.4,85.0,64.0,99.0,3.68,5.74,5.75,21.3,0.0,67.0,7.8,100.0,510.0,46.4,126428.7,57503.7,0.0,0.0
800,93.8,1.711,1710.9,64.0,21.5,11.2,0.0,0.0,2643.0,261.66,1000.0,2048.0,197.4,85.0,63.0,99.0,3.68,5.74,5.75,21.5,0.0,67.1,0.5,100.0,510.0,46.4,126428.7,57489.2,0.0,0.0
801,87.5,1.73,1730.1,64.0,21.1,11.2,0.0,0.0,2607.0,255.49,1000.0,2048.0,197.4,85.01,63.0,98.0,3.68,5.74,5.75,20.9,0.0,67.0,7.9,100.0,510.0,46.4,126428.7,57484.2,0.0,0.0
802,93.8,1.721,1721.1,64.0,20.6,11.2,0.0,0.0,2619.0,259.28,1000.0,2048.0,197.4,84.1,64.0,99.0,3.68,5.74,5.75,20.5,0.0,67.0,7.7,100.0,510.0,46.4,126428.7,57493.2,0.0,0.0
803,93.8,1.693,1692.7,64.0,21.1,11.2,0.0,0.0,2635.0,260.86,1000.0,2048.0,197.4,85.0,63.0,99.0,3.68,5.74,5.75,21.2,0.0,67.1,7.9,100.0,510.0,46.4,126428.7,57495.6,0.0,0.0
804,78.1,1.712,1711.5,71.0,18.3,11.2,0.0,0.0,2295.0,188.19,1000.0,2048.0,198.2,84.03,67.0,82.0,3.7,5.92,5.78,18.2,0.0,67.0,0.6,61.6,511.0,46.0,126428.7,56952.2,0.0,0.0
805,68.8,1.706,1705.5,70.625,20.7,11.2,0.0,0.0,2371.0,213.39,1000.0,2048.0,198.2,86.0,66.0,90.0,3.7,5.92,5.78,20.7,0.0,67.1,7.8,68.7,511.0,46.0,126428.7,56947.0,0.0,0.0
806,84.4,1.692,1692.3,69.5,20.0,11.2,0.0,0.0,2395.0,215.55,1000.0,2048.0,198.2,85.1,64.0,90.0,3.7,5.92,5.78,19.9,0.0,67.0,7.8,77.8,511.0,46.3,126428.7,57435.1,0.0,0.0
807,81.2,1.699,1698.7,67.375,21.0,11.2,0.0,0.0,2538.0,243.65,1000.0,2048.0,198.2,85.02,64.0,96.0,3.7,5.92,5.78,21.0,0.0,67.0,7.8,75.8,511.0,46.3,126428.7,57439.7,0.0,0.0
808,78.1,1.671,1670.6,66.0,20.9,11.2,0.0,0.0,2624.0,257.15,1000.0,2048.0,198.2,85.01,64.0,98.0,3.7,5.92,5.78,20.8,0.0,67.1,7.7,70.1,511.0,46.3,126428.7,57415.6,0.0,0.0
809,78.1,1.671,1671.0,65.25,21.1,11.2,0.0,0.0,2645.0,259.21,1000.0,2048.0,198.2,85.02,63.0,98.0,3.71,5.93,5.79,21.0,0.0,67.0,7.8,87.0,511.0,46.3,126428.7,57418.8,0.0,0.0
810,93.8,1.7,1699.8,64.75,22.1,11.2,0.0,0.0,2641.0,261.46,1000.0,2048.0,198.2,85.0,63.0,99.0,3.71,5.93,5.79,22.1,0.0,67.0,7.8,75.0,511.0,46.3,126428.7,57421.6,0.0,0.0
811,81.2,1.682,1682.3,64.5,21.4,11.2,0.0,0.0,2660.0,263.34,1000.0,2048.0,198.2,85.0,64.0,99.0,3.71,5.93,5.79,21.4,0.0,67.1,0.5,84.0,511.0,46.3,126428.7,57427.4,0.0,0.0
812,75.0,1.671,1670.6,64.375,21.2,11.2,0.0,0.0,2658.0,263.14,1000.0,2048.0,198.2,85.0,63.0,99.0,3.71,5.93,5.79,21.1,0.0,67.0,7.7,100.0,511.0,46.4,126428.7,57452.8,0.0,0.0
813,78.1,1.677,1677.1,64.25,21.2,11.2,0.0,0.0,2666.0,263.93,1000.0,2048.0,198.2,85.01,64.0,99.0,3.71,5.93,5.79,21.0,0.0,67.0,7.8,100.0,511.0,46.3,126428.7,57432.1,0.0,0.0
814,90.6,1.673,1673.3,64.125,20.7,11.2,0.0,0.1,2657.0,263.04,1000.0,2048.0,198.2,85.01,63.0,99.0,3.73,5.94,5.79,20.8,0.0,67.0,0.5,59.6,511.0,46.3,126428.7,57436.5,0.0,0.0
815,84.4,1.676,1675.6,64.0,20.9,11.2,0.0,0.0,2647.0,262.05,1000.0,2048.0,198.2,85.0,63.0,99.0,3.73,5.94,5.79,20.6,0.0,67.1,7.8,100.0,511.0,46.3,126428.7,57427.8,0.0,0.0
816,87.5,3.585,3585.3,66.375,20.1,11.2,0.0,0.0,2363.0,200.86,1000.0,2048.0,198.2,80.02,53.0,85.0,3.73,5.94,5.79,20.1,0.0,67.0,7.8,97.0,511.0,46.8,126428.7,58013.0,0.0,0.0
817,65.6,1.7,1699.9,71.75,17.2,11.2,0.0,0.0,2275.0,188.82,1000.0,2048.0,198.3,86.03,67.0,83.0,3.73,5.94,5.79,17.2,0.0,67.0,7.7,68.7,512.0,45.9,126428.7,56810.9,0.0,0.0
818,78.1,3.322,3322.0,71.25,18.5,11.2,0.0,0.0,2317.0,201.58,1000.0,2048.0,198.3,85.05,66.0,87.0,3.73,5.94,5.79,18.5,0.0,67.0,7.6,55.6,512.0,46.2,126428.7,57241.3,0.0,0.0
819,81.2,1.681,1680.6,68.625,18.3,11.2,0.0,0.1,2457.0,228.5,1000.0,2048.0,199.0,85.04,63.0,93.0,3.74,5.94,5.79,18.2,0.0,67.0,0.4,60.6,512.0,46.2,126428.7,57306.0,0.0,0.0
820,87.5,1.684,1684.0,66.875,19.2,11.2,0.0,0.0,2592.0,251.42,1000.0,2048.0,199.0,85.02,64.0,97.0,3.74,5.94,5.79,19.2,0.0,67.1,7.6,57.6,511.0,46.2,126428.7,57272.8,0.0,0.0
821,87.5,1.682,1681.9,65.75,19.2,11.2,0.0,0.0,2609.0,255.68,1000.0,2048.0,199.0,85.0,63.0,98.0,3.74,5.94,5.79,19.2,0.0,67.0,7.6,66.3,511.0,46.2,126428.7,57270.2,0.0,0.0
822,78.1,1.673,1673.2,65.125,18.9,11.2,0.0,0.0,2628.0,260.17,1000.0,2048.0,199.0,85.0,63.0,99.0,3.74,5.94,5.79,18.9,0.0,66.9,7.7,99.0,511.0,46.2,126428.7,57277.0,0.0,0.0
823,84.4,1.671,1670.6,64.75,19.2,11.2,0.0,0.0,2663.0,263.64,1000.0,2048.0,199.0,85.0,63.0,99.0,3.74,5.94,5.79,19.2,0.0,67.0,0.3,99.0,511.0,46.2,126428.7,57273.8,0.0,0.0
824,81.2,1.679,1678.9,64.5,19.5,11.2,0.0,0.9,2656.0,262.94,1000.0,2048.0,199.0,85.02,64.0,99.0,3.77,6.19,5.85,19.4,0.0,67.0,7.7,98.0,511.0,46.2,126428.7,57275.2,0.0,0.0
825,84.4,1.684,1683.9,64.375,19.2,11.2,0.0,0.1,2675.0,264.82,1000.0,2048.0,199.0,85.0,64.0,99.0,3.77,6.19,5.85,19.3,0.0,67.0,7.6,99.0,511.0,46.2,126428.7,57270.4,0.0,0.0
826,75.0,4.219,4218.9,67.125,16.8,11.2,0.0,0.0,2180.0,163.5,1000.0,2048.0,199.0,74.08,51.0,75.0,3.77,6.19,5.85,16.7,0.0,67.1,3.4,53.5,511.0,46.2,126428.7,57287.3,0.0,0.0
827,84.4,1.685,1685.1,72.375,17.7,11.2,0.0,0.0,2155.0,161.62,1000.0,2048.0,199.1,87.0,68.0,75.0,3.77,6.19,5.85,17.8,0.0,67.0,4.7,72.0,511.0,45.8,126428.7,56692.5,0.0,0.0
828,87.5,3.698,3697.9,70.75,21.5,11.2,0.0,0.0,2228.0,184.92,1000.0,2048.0,199.1,84.06,60.0,83.0,3.77,6.19,5.85,21.5,0.0,67.0,7.8,100.0,511.0,45.8,126428.7,56738.7,0.0,0.0
829,87.5,1.674,1673.9,69.25,21.3,11.2,0.0,0.0,2409.0,221.63,1000.0,2048.0,199.6,86.02,63.0,92.0,3.8,6.41,5.9,21.3,0.0,67.1,7.9,100.0,511.0,46.2,126428.7,57210.1,0.0,0.0
830,87.5,1.672,1672.1,67.125,22.0,11.2,0.0,0.1,2559.0,245.66,1000.0,2048.0,199.6,85.05,63.0,96.0,3.8,6.41,5.9,22.0,0.0,67.1,0.6,64.6,511.0,46.2,126428.7,57192.2,0.0,0.0
831,90.6,1.672,1671.7,65.875,21.7,11.2,0.0,0.0,2615.0,256.27,1000.0,2048.0,199.6,85.02,63.0,98.0,3.8,6.41,5.9,21.6,0.0,67.0,7.8,57.8,511.0,46.1,126428.7,57179.3,0.0,0.0
832,90.6,1.675,1675.3,65.0,22.6,11.2,0.0,0.0,2633.0,260.67,1000.0,2048.0,199.6,85.02,63.0,99.0,3.8,6.41,5.9,22.6,0.0,67.1,7.9,83.2,511.0,46.1,126428.7,57166.7,0.0,0.0
833,96.9,1.676,1676.0,64.5,22.2,11.2,0.0,0.0,2646.0,261.95,1000.0,2048.0,199.6,85.0,63.0,99.0,3.8,6.41,5.9,22.2,0.0,67.1,7.9,86.9,511.0,46.1,126428.7,57154.6,0.0,0.0
834,81.2,1.675,1675.3,64.25,22.9,11.2,0.0,0.0,2638.0,261.16,1000.0,2048.0,199.6,84.09,64.0,99.0,3.88,7.42,6.12,23.0,0.0,67.1,0.6,86.9,511.0,46.1,126428.7,57145.6,0.0,0.0
835,81.2,1.68,1680.2,64.25,22.1,11.2,0.0,0.0,2657.0,263.04,1000.0,2048.0,199.6,85.0,63.0,99.0,3.88,7.42,6.12,22.1,0.0,67.0,7.8,91.9,511.0,46.1,126428.7,57136.9,0.0,0.0
836,93.8,1.669,1668.7,64.0,23.6,11.2,0.0,0.0,2657.0,263.04,1000.0,2048.0,199.6,85.0,63.0,99.0,3.88,7.42,6.12,23.6,0.0,67.1,7.9,70.7,511.0,46.1,126428.7,57130.5,0.0,0.0
837,90.6,1.671,1670.7,63.875,22.9,11.2,0.0,0.0,2632.0,257.94,1000.0,2048.0,199.6,85.02,63.0,98.0,3.88,7.42,6.12,22.9,0.0,67.0,0.6,56.4,511.0,46.1,126428.7,57124.9,0.0,0.0
838,90.6,1.672,1671.5,63.875,21.8,11.2,0.0,0.0,2620.0,259.38,1000.0,2048.0,199.6,85.01,64.0,99.0,3.88,7.42,6.12,21.8,0.0,67.1,7.8,70.7,511.0,46.1,126428.7,57118.4,0.0,0.0
839,87.5,1.682,1681.5,63.875,22.6,11.2,0.0,0.0,2623.0,259.68,1000.0,2048.0,199.6,84.1,64.0,99.0,3.91,7.55,6.17,22.6,0.0,67.1,7.9,80.8,511.0,46.1,126428.7,57105.7,0.0,0.0
840,84.4,1.676,1676.2,64.0,22.1,11.2,0.0,0.0,2640.0,261.36,1000.0,2048.0,199.6,85.0,64.0,99.0,3.91,7.55,6.17,22.1,0.0,67.0,7.8,77.8,511.0,46.1,126428.7,57112.4,0.0,0.0
841,84.4,1.663,1662.9,64.0,21.9,11.2,0.0,0.1,2652.0,262.55,1000.0,2048.0,199.6,85.0,63.0,99.0,3.91,7.55,6.17,21.8,0.0,67.1,0.7,98.0,511.0,46.1,126428.7,57106.8,0.0,0.0
842,81.2,1.671,1671.3,64.0,21.2,11.2,0.0,0.0,2624.0,257.15,1000.0,2048.0,199.6,85.02,64.0,98.0,3.91,7.55,6.17,21.1,0.0,67.0,7.7,79.8,511.0,46.1,126428.7,57115.3,0.0,0.0
843,87.5,1.67,1670.3,64.0,22.1,11.2,0.0,0.0,2644.0,259.11,1000.0,2048.0,199.6,84.1,64.0,98.0,3.91,7.55,6.17,22.2,0.0,67.1,7.9,65.0,511.0,46.1,126428.7,57108.8,0.0,0.0
844,81.2,1.668,1668.3,64.125,21.5,11.2,0.0,0.0,2672.0,264.53,1000.0,2048.0,199.6,85.0,63.0,99.0,3.92,7.42,6.16,21.5,0.0,67.1,7.8,80.0,511.0,46.1,126428.7,57100.1,0.0,0.0
845,75.0,1.683,1682.8,64.125,21.8,11.2,0.0,0.0,2672.0,264.53,1000.0,2048.0,199.6,85.0,64.0,99.0,3.92,7.42,6.16,21.6,0.0,67.0,7.9,90.0,511.0,46.1,126428.7,57093.6,0.0,0.0
846,78.1,1.696,1696.0,64.125,21.8,11.2,0.0,0.0,2679.0,265.22,1000.0,2048.0,199.6,85.02,64.0,99.0,3.92,7.42,6.16,21.8,0.0,67.1,0.6,79.6,511.0,46.1,126428.7,57086.3,0.0,0.0
847,71.9,1.711,1711.4,64.125,21.3,11.2,0.0,0.0,2680.0,265.32,1000.0,2048.0,199.6,85.0,63.0,99.0,3.92,7.42,6.16,21.2,0.0,67.0,7.8,75.0,511.0,46.1,126428.7,57077.9,0.0,0.0
848,75.0,1.679,1678.6,64.0,22.3,11.2,0.0,0.0,2652.0,262.55,1000.0,2048.0,199.6,84.09,64.0,99.0,3.92,7.42,6.16,22.2,0.0,67.1,7.8,68.7,511.0,46.1,126428.7,57073.2,0.0,0.0
849,71.9,1.677,1677.3,64.0,22.5,11.2,0.0,0.0,2652.0,262.55,1000.0,2048.0,199.6,85.02,64.0,99.0,3.96,7.79,6.26,22.4,0.0,67.0,0.6,69.7,511.0,46.1,126428.7,57073.1,0.0,0.0
850,78.1,1.674,1674.2,64.0,22.0,11.2,0.0,0.0,2652.0,262.55,1000.0,2048.0,199.6,85.01,63.0,99.0,3.96,7.79,6.26,21.8,0.0,67.1,7.8,75.0,511.0,46.1,126428.7,57078.6,0.0,0.0
851,78.1,1.699,1698.6,64.0,22.0,11.2,0.0,0.0,2661.0,263.44,1000.0,2048.0,199.6,84.1,63.0,99.0,3.96,7.79,6.26,22.0,0.0,67.0,7.9,72.7,511.0,46.1,126428.7,57081.4,0.0,0.0
852,78.1,1.706,1706.3,64.0,22.0,11.2,0.0,0.1,2675.0,264.82,1000.0,2048.0,199.6,85.0,63.0,99.0,3.96,7.79,6.26,21.9,0.0,67.1,7.9,80.8,511.0,46.1,126428.7,57081.9,0.0,0.0
853,93.8,1.674,1673.8,63.875,21.0,11.2,0.0,0.0,2673.0,264.63,1000.0,2048.0,199.6,85.01,64.0,99.0,3.96,7.79,6.26,21.0,0.0,67.1,0.6,86.0,511.0,46.1,126428.7,57085.3,0.0,0.0
854,90.6,1.673,1672.9,63.75,21.0,11.2,0.0,0.0,2663.0,263.64,1000.0,2048.0,199.6,85.0,63.0,99.0,3.97,7.65,6.26,21.0,0.0,67.0,7.9,59.6,511.0,46.1,126428.7,57086.2,0.0,0.0
855,87.5,2.494,2494.4,64.0,20.8,11.2,0.0,1.0,2581.0,245.2,1000.0,2048.0,199.6,83.09,62.0,95.0,3.97,7.65,6.26,20.7,0.0,67.1,7.8,72.4,511.0,46.1,126428.7,57087.0,0.0,0.0
856,81.2,1.714,1713.6,64.75,20.6,11.2,0.0,0.0,2529.0,245.31,1000.0,2048.0,199.6,85.0,63.0,97.0,3.97,7.65,6.26,20.6,0.0,67.0,7.8,78.8,511.0,46.1,126428.7,57088.5,0.0,0.0
857,84.4,1.669,1669.2,64.375,22.8,11.2,0.0,0.0,2590.0,253.82,1000.0,2048.0,199.6,85.02,63.0,98.0,3.97,7.65,6.26,22.7,0.0,64.5,7.9,76.8,511.0,46.1,126428.7,57099.5,0.0,0.0
858,90.6,1.693,1693.4,64.25,22.1,11.2,0.0,0.1,2637.0,258.43,1000.0,2048.0,199.6,85.0,63.0,98.0,3.97,7.65,6.26,22.2,0.0,67.9,0.6,72.0,511.0,46.1,126428.7,57101.1,0.0,0.0
859,78.1,1.726,1725.8,64.125,21.4,11.2,0.0,0.0,2659.0,263.24,1000.0,2048.0,199.6,85.0,64.0,99.0,3.98,7.51,6.25,21.5,0.0,67.4,7.8,81.8,511.0,46.1,126428.7,57102.5,0.0,0.0
860,71.9,1.685,1684.7,64.125,21.1,11.2,0.0,0.0,2670.0,264.33,1000.0,2048.0,199.6,85.0,64.0,99.0,3.98,7.51,6.25,20.9,0.0,66.5,7.8,76.2,511.0,46.1,126428.7,57090.1,0.0,0.0
861,81.2,1.704,1704.1,64.0,22.6,11.2,0.0,0.0,2672.0,264.53,1000.0,2048.0,199.6,85.01,64.0,99.0,3.98,7.51,6.25,22.5,0.0,67.3,7.9,73.7,511.0,46.1,126428.7,57092.8,0.0,0.0
862,78.1,1.677,1676.6,64.0,20.7,11.2,0.0,0.1,2671.0,264.43,1000.0,2048.0,199.6,85.0,63.0,99.0,3.98,7.51,6.25,20.6,0.0,67.4,0.6,82.0,511.0,46.1,126428.7,57096.3,0.0,0.0
863,87.5,1.669,1669.0,64.0,20.9,11.2,0.0,0.0,2663.0,263.64,1000.0,2048.0,199.6,85.0,64.0,99.0,3.98,7.51,6.25,20.9,0.0,67.4,7.8,63.4,511.0,46.1,126428.7,57097.7,0.0,0.0
864,93.8,1.733,1733.1,64.0,19.9,11.2,0.0,0.0,2613.0,256.07,1000.0,2048.0,199.6,85.01,63.0,98.0,4.02,7.71,6.31,19.9,0.0,66.2,7.8,88.9,511.0,46.1,126428.7,57087.3,0.0,0.0
865,71.9,1.719,1719.3,64.0,20.4,11.2,0.0,0.0,2643.0,259.01,1000.0,2048.0,199.6,85.0,64.0,98.0,4.02,7.71,6.31,20.2,0.0,66.7,7.9,72.0,511.0,46.1,126428.7,57087.3,0.0,0.0
866,71.9,1.682,1682.0,64.0,21.1,11.2,0.0,0.0,2662.0,263.54,1000.0,2048.0,199.6,85.01,64.0,99.0,4.02,7.71,6.31,21.1,0.0,68.5,7.8,65.7,511.0,46.1,126428.7,57092.1,0.0,0.0
867,84.4,1.717,1716.8,63.875,20.6,11.2,0.0,0.0,2662.0,263.54,1000.0,2048.0,199.6,84.1,64.0,99.0,4.02,7.71,6.31,20.4,0.0,66.4,0.6,91.0,511.0,46.1,126428.7,57086.0,0.0,0.0
868,84.4,1.685,1684.8,63.875,19.6,11.2,0.0,0.0,2647.0,262.05,1000.0,2048.0,199.6,84.09,63.0,99.0,4.02,7.71,6.31,19.6,0.0,67.2,7.8,68.7,511.0,46.1,126428.7,57087.4,0.0,0.0
869,84.4,1.697,1696.8,63.875,20.0,11.2,0.0,0.0,2642.0,261.56,1000.0,2048.0,199.6,85.0,63.0,99.0,4.02,7.42,6.28,19.8,0.0,67.1,7.8,57.0,511.0,46.1,126428.7,57081.3,0.0,0.0
870,87.5,1.709,1709.2,63.875,20.4,11.2,0.0,0.0,2650.0,262.35,1000.0,2048.0,199.6,84.1,63.0,99.0,4.02,7.42,6.28,20.4,0.0,67.3,7.9,64.0,511.0,46.1,126428.7,57084.9,0.0,0.0
871,78.1,1.688,1688.5,64.0,20.5,11.2,0.0,0.0,2677.0,265.02,1000.0,2048.0,199.6,85.0,64.0,99.0,4.02,7.42,6.28,20.3,0.0,66.2,7.8,65.7,511.0,46.1,126428.7,57085.1,0.0,0.0
872,87.5,1.68,1679.5,64.0,21.3,11.2,0.0,0.1,2677.0,265.02,1000.0,2048.0,199.6,85.02,64.0,99.0,4.02,7.42,6.28,21.4,0.0,67.4,7.9,62.2,511.0,46.1,126428.7,57114.8,0.0,0.0
873,81.2,1.696,1695.5,64.0,20.6,11.2,0.0,0.0,2682.0,265.52,1000.0,2048.0,199.6,84.1,63.0,99.0,4.02,7.42,6.28,20.6,0.0,63.6,0.5,89.0,511.0,46.1,126428.7,57107.7,0.0,0.0
874,84.4,1.742,1742.0,64.0,20.3,11.2,0.0,0.0,2684.0,265.72,1000.0,2048.0,199.6,85.0,63.0,99.0,4.0,6.98,6.2,20.2,0.0,64.8,7.9,63.9,511.0,46.1,126428.7,57108.9,0.0,0.0
875,84.4,1.697,1696.8,64.0,20.3,11.2,0.0,0.0,2678.0,265.12,1000.0,2048.0,199.6,85.0,63.0,99.0,4.0,6.98,6.2,20.3,0.0,67.1,7.8,65.0,511.0,46.1,126428.7,57099.5,0.0,0.0
876,75.0,1.708,1707.5,64.0,20.6,11.2,0.0,0.0,2643.0,261.66,1000.0,2048.0,199.6,84.09,64.0,99.0,4.0,6.98,6.2,20.7,0.0,67.1,7.8,72.0,511.0,46.1,126428.7,57096.4,0.0,0.0
877,71.9,1.723,1722.7,64.125,20.6,11.2,0.0,0.0,2654.0,262.75,1000.0,2048.0,199.6,84.09,64.0,99.0,4.0,6.98,6.2,20.6,0.0,66.9,7.8,85.7,512.0,46.1,126428.7,57099.2,0.0,0.0
878,65.6,1.681,1681.1,64.125,21.4,11.2,0.0,0.0,2692.0,266.51,1000.0,2048.0,199.6,85.01,64.0,99.0,4.0,6.98,6.2,21.3,0.0,67.1,7.9,76.0,512.0,46.1,126428.7,57092.8,0.0,0.0
879,78.1,1.692,1692.4,64.125,20.3,11.2,0.0,0.0,2656.0,262.94,1000.0,2048.0,199.6,84.09,64.0,99.0,3.99,6.58,6.13,20.2,0.0,67.0,0.5,69.0,512.0,46.1,126428.7,57091.3,0.0,0.0
880,78.1,1.703,1703.2,64.125,20.1,11.2,0.0,0.0,2651.0,262.45,1000.0,2048.0,199.6,84.1,63.0,99.0,3.99,6.58,6.13,20.0,0.0,67.1,7.8,64.0,512.0,46.1,126428.7,57089.9,0.0,0.0
881,87.5,1.74,1739.6,64.125,20.1,11.2,0.0,0.0,2649.0,262.25,1000.0,2048.0,199.6,85.01,63.0,99.0,3.99,6.58,6.13,20.1,0.0,67.0,7.8,59.6,512.0,46.1,126428.7,57086.4,0.0,0.0
882,90.6,1.711,1710.8,64.0,20.4,11.2,0.0,0.0,2642.0,261.56,1000.0,2048.0,199.6,84.09,64.0,99.0,3.99,6.58,6.13,20.3,0.0,67.2,7.9,90.9,512.0,46.1,126428.7,57089.6,0.0,0.0
883,90.6,1.72,1720.4,65.25,19.7,11.2,0.0,0.0,2531.0,240.44,1000.0,2048.0,199.8,84.1,64.0,95.0,3.99,6.58,6.13,19.8,0.0,66.9,0.6,62.4,512.0,46.6,126428.7,57714.0,0.0,0.0
884,81.2,1.713,1712.8,64.875,20.0,11.2,0.0,0.0,2584.0,253.23,1000.0,2048.0,199.8,85.01,64.0,98.0,3.98,6.22,6.07,19.9,0.0,67.0,7.8,68.7,512.0,46.5,126428.7,57694.8,0.0,0.0
885,87.5,1.766,1765.6,64.5,20.1,11.2,0.0,1.0,2606.0,255.39,1000.0,2048.0,199.8,85.0,64.0,98.0,3.98,6.22,6.07,19.9,0.0,67.1,7.8,60.0,512.0,46.5,126428.7,57687.3,0.0,0.0
886,81.2,1.724,1723.8,64.375,20.4,11.2,0.0,0.0,2611.0,258.49,1000.0,2048.0,199.8,85.02,64.0,99.0,3.98,6.22,6.07,20.4,0.0,67.0,7.8,60.0,512.0,46.5,126428.7,57672.9,0.0,0.0
887,75.0,1.74,1740.4,64.25,20.7,11.2,0.0,0.0,2617.0,256.47,1000.0,2048.0,199.8,84.09,64.0,98.0,3.98,6.22,6.07,20.7,0.0,67.1,0.5,69.7,512.0,46.5,126428.7,57675.7,0.0,0.0
888,90.6,1.708,1708.1,64.25,20.8,11.2,0.0,0.1,2620.0,259.38,1000.0,2048.0,199.8,85.01,63.0,99.0,3.98,6.22,6.07,20.7,0.0,67.0,7.8,68.7,512.0,46.5,126428.7,57682.8,0.0,0.0
889,90.6,1.715,1715.4,64.0,20.8,11.2,0.0,0.0,2651.0,262.45,1000.0,2048.0,199.8,84.1,64.0,99.0,3.98,5.96,6.01,20.8,0.0,67.0,7.9,55.6,512.0,46.5,126428.7,57679.1,0.0,0.0
890,78.1,1.725,1724.6,64.0,20.0,11.2,0.0,0.0,2636.0,260.96,1000.0,2048.0,199.8,84.1,64.0,99.0,3.98,5.96,6.01,19.9,0.0,67.1,0.5,67.7,512.0,46.5,126428.7,57675.2,0.0,0.0
891,93.8,1.713,1713.0,64.0,19.9,11.2,0.0,0.0,2612.0,258.59,1000.0,2048.0,199.8,85.0,63.0,99.0,3.98,5.96,6.01,19.9,0.0,67.0,7.8,52.0,512.0,46.5,126428.7,57677.1,0.0,0.0
892,84.4,1.727,1727.0,64.125,19.7,11.2,0.0,0.0,2649.0,262.25,1000.0,2048.0,199.8,84.1,64.0,99.0,3.98,5.96,6.01,19.6,0.0,67.0,7.9,64.0,512.0,46.5,126428.7,57678.8,0.0,0.0
893,84.4,1.712,1711.6,64.125,19.9,11.2,0.0,0.1,2671.0,264.43,1000.0,2048.0,199.8,84.09,64.0,99.0,3.98,5.96,6.01,19.7,0.0,67.1,0.5,57.0,512.0,46.5,126428.7,57677.6,0.0,0.0
894,65.6,1.705,1704.7,64.375,21.0,11.2,0.0,0.0,2700.0,267.3,1000.0,2048.0,199.8,84.1,64.0,99.0,3.98,5.8,5.98,20.9,0.0,67.0,7.7,75.0,512.0,46.5,126428.7,57677.7,0.0,0.0
895,78.1,1.679,1679.2,64.375,21.2,11.2,0.0,0.0,2707.0,267.99,1000.0,2048.0,199.8,85.0,64.0,99.0,3.98,5.8,5.98,21.3,0.0,67.0,7.9,65.3,512.0,46.5,126428.7,57670.8,0.0,0.0
896,87.5,1.706,1706.1,64.375,20.8,11.2,0.0,0.0,2685.0,265.82,1000.0,2048.0,199.8,85.02,63.0,99.0,3.98,5.8,5.98,21.0,0.0,67.1,7.8,92.1,512.0,46.5,126428.7,57672.5,0.0,0.0
897,87.5,1.724,1723.8,64.25,21.0,11.2,0.0,0.0,2651.0,262.45,1000.0,2048.0,199.8,84.1,64.0,99.0,3.98,5.8,5.98,20.8,0.0,67.0,0.5,87.1,512.0,46.5,126428.7,57670.1,0.0,0.0
898,90.6,1.728,1728.4,64.125,21.3,11.2,0.0,0.0,2672.0,264.53,1000.0,2048.0,199.8,84.09,63.0,99.0,3.98,5.8,5.98,21.2,0.0,67.0,7.8,68.3,512.0,46.5,126428.7,57672.2,0.0,0.0
899,62.5,3.467,3466.7,71.875,11.7,11.2,0.0,0.0,1482.0,62.24,1000.0,2048.0,199.8,58.09,50.0,42.0,3.97,5.58,5.93,11.8,0.0,67.0,7.6,46.5,512.0,46.5,126428.7,57679.1,0.0,0.0
