elapsed_sec,board_power_w,cores_active_percent,cpu_freq_ghz,cpu_freq_mhz,cpu_temp,cpu_total,disk_percent,disk_read_rate_mbps,disk_write_rate_mbps,gpu_clock_mhz,gpu_effective_throughput,gpu_temp,gpu_util,load_15m,load_1m,load_5m,mean_core_util,net_errors,net_recv_rate_mbps,net_sent_rate_mbps,peak_core_util,process_count,ram_percent,ram_total_mb,ram_used_mb,swap_percent
0,84.46,0.0,2.538,2538.0,45.5,0.0,27.0,0.0,0.0,1575.0,152.78,46.2,97.0,5.18,4.9,5.49,0.0,0.0,0.0,0.0,0.0,466.0,81.4,125748.6,101104.2,0.1
1,88.04,100.0,2.295,2295.0,45.9,47.5,27.0,0.3,0.1,1575.0,152.78,46.4,97.0,5.18,4.9,5.49,47.9,0.0,66.4,7.9,73.3,466.0,81.4,125748.6,101072.6,0.1
2,69.06,100.0,2.078,2077.7,47.2,47.4,27.0,0.0,0.0,1575.0,154.35,46.5,98.0,5.18,4.9,5.49,48.3,0.0,66.4,0.6,92.0,466.0,81.4,125748.6,101085.5,0.1
3,79.17,100.0,1.931,1931.1,46.1,47.5,27.0,0.0,0.1,1575.0,154.35,47.0,98.0,5.18,4.9,5.49,48.0,0.0,66.4,8.0,83.5,466.0,81.4,125748.6,101083.6,0.1
4,88.25,100.0,2.226,2225.6,46.5,49.8,27.0,0.0,0.1,1575.0,154.35,47.2,98.0,5.2,5.23,5.55,50.6,0.0,66.5,7.9,85.9,466.0,81.4,125748.6,101085.7,0.1
5,89.13,100.0,1.954,1954.3,47.5,47.0,27.0,0.0,0.0,1575.0,152.78,47.4,97.0,5.2,5.23,5.55,47.3,0.0,66.3,0.5,87.4,466.0,81.4,125748.6,101084.0,0.1
6,88.94,100.0,1.854,1854.0,46.2,49.4,27.0,0.0,0.0,1575.0,154.35,47.6,98.0,5.2,5.23,5.55,50.0,0.0,66.4,8.0,87.1,466.0,81.4,125748.6,101091.2,0.1
7,84.54,100.0,1.817,1816.7,46.7,50.2,27.0,0.0,0.0,1575.0,154.35,47.8,98.0,5.2,5.23,5.55,51.2,0.0,66.5,7.9,89.3,466.0,81.4,125748.6,101083.4,0.1
8,95.13,100.0,2.395,2395.3,47.4,49.1,27.0,0.0,0.0,1575.0,154.35,48.2,98.0,5.2,5.23,5.55,49.8,0.0,66.3,0.6,88.5,466.0,81.4,125748.6,101087.0,0.1
9,82.7,100.0,1.963,1963.3,47.1,50.2,27.0,0.0,0.1,1575.0,154.35,47.4,98.0,5.2,5.13,5.53,51.3,0.0,66.5,7.9,85.2,466.0,81.4,125748.6,101087.6,0.1
10,91.96,100.0,1.945,1945.3,47.4,50.3,27.0,0.0,0.0,1575.0,154.35,48.7,98.0,5.2,5.13,5.53,50.7,0.0,66.4,8.0,89.7,466.0,81.4,125748.6,101087.2,0.1
11,66.91,100.0,2.173,2172.9,48.6,48.5,27.0,0.0,0.0,1575.0,154.35,48.7,98.0,5.2,5.13,5.53,49.1,0.0,66.3,0.5,89.0,466.0,81.4,125748.6,101085.7,0.1
12,93.97,100.0,1.817,1816.7,48.0,49.5,27.0,0.0,0.1,1575.0,154.35,48.7,98.0,5.2,5.13,5.53,49.8,0.0,66.4,8.0,89.7,466.0,81.4,125748.6,101089.0,0.1
13,90.98,100.0,2.188,2188.3,48.4,49.4,27.0,0.0,0.0,1575.0,152.78,49.0,97.0,5.2,5.13,5.53,50.0,0.0,66.5,4.3,89.7,466.0,81.4,125748.6,101098.8,0.1
14,92.95,100.0,1.949,1949.1,49.6,48.3,27.0,0.0,0.0,1575.0,154.35,49.5,98.0,5.22,5.52,5.6,48.7,0.0,66.3,4.2,89.9,466.0,81.4,125748.6,101093.3,0.1
15,83.62,100.0,2.025,2025.0,48.5,49.1,27.0,0.0,0.0,1575.0,154.35,49.3,98.0,5.22,5.52,5.6,49.5,0.0,66.5,8.0,86.2,466.0,81.4,125748.6,101092.8,0.1
16,71.96,100.0,1.869,1869.4,48.9,49.7,27.0,0.0,0.0,1575.0,154.35,49.1,98.0,5.22,5.52,5.6,50.3,0.0,66.4,7.9,90.7,466.0,81.4,125748.6,101095.9,0.1
17,92.39,100.0,2.561,2561.1,48.5,46.9,27.0,0.0,0.0,1575.0,154.35,49.6,98.0,5.22,5.52,5.6,47.2,0.0,66.3,0.5,89.5,464.0,81.4,125748.6,101097.4,0.1
18,75.7,100.0,1.971,1971.0,48.7,48.6,27.0,0.0,0.0,1575.0,154.35,49.7,98.0,5.22,5.52,5.6,49.0,0.0,66.4,7.9,89.0,464.0,81.4,125748.6,101108.1,0.1
19,79.66,100.0,2.049,2049.4,48.9,48.6,27.0,0.0,0.0,1575.0,154.35,50.0,98.0,5.26,6.04,5.71,48.6,0.0,66.5,8.0,90.2,464.0,81.4,125748.6,101092.3,0.1
20,68.92,100.0,2.01,2009.6,49.2,47.4,27.0,0.0,0.1,1575.0,154.35,49.9,98.0,5.26,6.04,5.71,48.3,0.0,66.3,0.5,89.5,464.0,81.4,125748.6,101101.4,0.1
21,82.48,100.0,2.172,2171.6,49.2,47.8,27.0,0.0,0.0,1575.0,154.35,50.0,98.0,5.26,6.04,5.71,48.6,0.0,66.4,7.9,89.7,464.0,81.4,125748.6,101112.8,0.1
22,79.99,100.0,1.979,1978.7,49.6,49.0,27.0,0.0,0.0,1575.0,154.35,50.5,98.0,5.26,6.04,5.71,49.7,0.0,66.5,8.0,91.2,464.0,81.4,125748.6,101116.9,0.1
23,86.52,100.0,2.236,2235.9,49.7,48.3,27.0,0.0,0.0,1575.0,154.35,50.4,98.0,5.26,6.04,5.71,48.6,0.0,66.3,0.5,83.1,464.0,81.4,125748.6,101096.1,0.1
24,90.2,100.0,1.683,1683.0,49.8,47.3,27.0,0.0,0.0,1575.0,154.35,50.6,98.0,5.32,6.84,5.88,48.1,0.0,66.4,7.9,88.8,464.0,81.4,125748.6,101089.1,0.1
25,92.75,100.0,1.853,1852.7,49.7,51.1,27.0,0.0,0.0,1575.0,154.35,50.7,98.0,5.32,6.84,5.88,51.7,0.0,66.4,7.9,87.9,464.0,81.4,125748.6,101102.4,0.1
26,96.16,100.0,2.085,2085.4,50.4,49.5,27.0,0.0,0.0,1575.0,154.35,51.0,98.0,5.32,6.84,5.88,49.8,0.0,66.4,0.7,88.5,464.0,81.4,125748.6,101092.1,0.1
27,92.73,100.0,2.001,2000.6,50.2,47.2,27.0,0.0,0.1,1575.0,154.35,50.8,98.0,5.32,6.84,5.88,47.9,0.0,66.4,7.8,87.8,464.0,81.4,125748.6,101091.6,0.1
28,94.96,100.0,1.419,1419.4,49.9,50.2,27.0,0.0,0.0,1575.0,152.78,51.1,97.0,5.32,6.84,5.88,50.9,0.0,64.7,7.9,89.5,464.0,81.4,125748.6,101106.0,0.1
29,95.39,100.0,2.164,2163.9,50.5,49.4,27.0,0.0,0.0,1575.0,152.78,51.2,97.0,5.33,6.85,5.9,50.3,0.0,66.2,3.9,87.1,464.0,81.4,125748.6,101113.1,0.1
30,72.29,100.0,1.9,1900.3,51.2,49.3,27.0,0.0,0.0,1575.0,152.78,51.3,97.0,5.33,6.85,5.9,50.3,0.0,67.7,4.5,87.1,464.0,81.4,125748.6,101106.7,0.1
31,82.66,100.0,1.884,1883.6,50.7,50.9,27.0,0.0,0.0,1575.0,154.35,51.3,98.0,5.33,6.85,5.9,51.1,0.0,66.1,7.9,91.1,464.0,81.4,125748.6,101113.1,0.1
32,67.2,100.0,1.961,1960.7,50.8,48.5,27.0,0.0,0.1,1575.0,154.35,51.3,98.0,5.33,6.85,5.9,49.5,0.0,66.4,7.9,90.1,464.0,81.4,125748.6,101102.7,0.1
33,85.05,100.0,2.35,2350.3,50.6,47.3,27.0,0.0,0.0,1575.0,152.78,51.6,97.0,5.33,6.85,5.9,47.8,0.0,66.0,0.6,87.5,464.0,81.4,125748.6,101117.5,0.1
34,104.23,100.0,2.256,2256.4,50.5,48.3,27.0,0.0,0.0,1575.0,152.78,50.9,97.0,5.36,7.26,6.0,48.9,0.0,65.3,7.9,88.2,462.0,81.4,125748.6,101100.2,0.1
35,90.15,100.0,2.309,2309.1,50.7,48.0,27.0,0.0,0.0,1575.0,154.35,51.9,98.0,5.36,7.26,6.0,49.0,0.0,67.3,7.9,92.0,462.0,81.4,125748.6,101092.5,0.1
36,75.56,100.0,2.071,2071.3,51.2,47.6,27.0,0.0,0.0,1575.0,154.35,52.0,98.0,5.36,7.26,6.0,47.9,0.0,67.7,0.5,90.0,462.0,81.4,125748.6,101091.0,0.1
37,83.63,100.0,1.814,1814.1,51.0,48.0,27.0,0.0,0.1,1575.0,154.35,52.0,98.0,5.36,7.26,6.0,48.7,0.0,65.8,7.9,89.9,462.0,81.4,125748.6,101091.6,0.1
38,62.89,100.0,1.623,1622.6,50.7,48.5,27.0,0.0,0.0,1575.0,154.35,51.8,98.0,5.36,7.26,6.0,49.0,0.0,66.3,7.9,91.0,462.0,81.4,125748.6,101100.9,0.1
39,96.7,100.0,1.862,1861.7,50.9,50.0,27.0,0.0,0.0,1575.0,152.78,52.3,97.0,5.46,8.6,6.3,50.1,0.0,66.9,7.9,90.0,462.0,81.4,125748.6,101092.4,0.1
40,87.57,100.0,1.945,1945.3,51.8,48.7,27.0,0.0,0.0,1575.0,152.78,51.9,97.0,5.46,8.6,6.3,49.6,0.0,66.3,0.5,90.0,462.0,81.4,125748.6,101089.9,0.1
41,81.3,100.0,1.83,1829.6,51.3,49.0,27.0,0.0,0.0,1575.0,154.35,52.2,98.0,5.46,8.6,6.3,49.6,0.0,65.4,7.9,88.5,462.0,81.4,125748.6,101087.8,0.1
42,73.07,100.0,1.984,1983.9,51.2,50.2,27.0,0.0,0.1,1575.0,154.35,52.1,98.0,5.46,8.6,6.3,50.5,0.0,67.0,7.9,89.0,462.0,81.4,125748.6,101088.1,0.1
43,95.25,100.0,2.436,2436.4,52.7,48.5,27.0,0.0,0.0,1575.0,154.35,52.5,98.0,5.46,8.6,6.3,49.1,0.0,67.0,0.6,88.8,463.0,81.4,125748.6,101090.1,0.1
44,92.87,100.0,1.97,1969.7,51.5,46.8,27.0,0.0,0.0,1575.0,154.35,52.7,98.0,5.5,8.96,6.41,47.6,0.0,65.5,7.8,90.6,463.0,81.4,125748.6,101095.7,0.1
45,98.26,100.0,1.884,1883.6,52.2,49.4,27.0,0.0,0.0,1575.0,154.35,52.8,98.0,5.5,8.96,6.41,49.7,0.0,64.5,7.9,87.9,463.0,81.4,125748.6,101103.9,0.1
46,84.62,100.0,2.111,2111.1,52.8,50.3,27.0,0.0,0.0,1575.0,154.35,52.7,98.0,5.5,8.96,6.41,50.9,0.0,67.4,7.9,90.0,463.0,81.4,125748.6,101105.2,0.1
47,83.92,100.0,2.267,2266.7,52.8,48.2,27.0,0.0,0.0,1575.0,154.35,53.0,98.0,5.5,8.96,6.41,49.2,0.0,65.8,0.6,89.9,463.0,81.4,125748.6,101105.3,0.1
48,83.36,100.0,1.93,1929.9,52.4,47.6,27.0,0.0,0.0,1575.0,152.78,52.8,97.0,5.5,8.96,6.41,48.5,0.0,62.7,7.8,89.2,463.0,81.4,125748.6,101117.8,0.1
49,87.6,100.0,2.102,2102.1,52.5,48.0,27.0,0.0,0.0,1575.0,154.35,53.0,98.0,5.51,8.8,6.42,48.5,0.0,66.8,7.9,85.9,463.0,81.4,125748.6,101093.1,0.1
50,75.11,100.0,1.886,1886.1,53.1,48.7,27.0,0.0,0.1,1575.0,154.35,52.8,98.0,5.51,8.8,6.42,49.5,0.0,66.0,0.5,89.0,463.0,81.4,125748.6,101093.4,0.1
51,91.6,100.0,1.886,1886.1,52.7,49.0,27.0,0.0,0.0,1575.0,152.78,52.9,97.0,5.51,8.8,6.42,49.6,0.0,66.7,7.9,89.4,463.0,81.4,125748.6,101108.1,0.1
52,97.62,100.0,1.792,1792.3,52.8,48.9,27.0,0.0,0.0,1575.0,152.78,53.2,97.0,5.51,8.8,6.42,49.5,0.0,66.8,7.9,90.3,464.0,81.4,125748.6,101118.2,0.1
53,94.86,100.0,2.156,2156.1,53.0,48.4,27.0,0.0,0.0,1575.0,154.35,52.9,98.0,5.51,8.8,6.42,49.0,0.0,66.2,0.6,89.9,464.0,81.4,125748.6,101142.5,0.1
54,98.37,100.0,1.925,1924.7,53.1,47.7,27.0,0.0,0.0,1575.0,154.35,53.2,98.0,5.52,8.73,6.45,48.5,0.0,66.7,7.8,89.9,464.0,81.4,125748.6,101147.7,0.1
55,98.8,100.0,1.916,1915.7,53.1,49.3,27.0,0.0,0.0,1575.0,152.78,53.3,97.0,5.52,8.73,6.45,49.9,0.0,65.5,7.9,88.4,464.0,81.4,125748.6,101150.0,0.1
56,90.22,100.0,1.854,1854.0,53.3,48.4,27.0,0.3,0.0,1575.0,154.35,53.2,98.0,5.52,8.73,6.45,49.1,0.0,67.1,7.8,89.9,464.0,81.4,125748.6,101107.0,0.1
57,86.33,100.0,2.047,2046.9,53.4,48.5,27.0,0.0,0.1,1575.0,152.78,53.5,97.0,5.52,8.73,6.45,49.2,0.0,66.5,0.6,90.0,464.0,81.4,125748.6,101123.6,0.1
58,76.28,100.0,1.769,1769.1,53.3,49.3,27.0,0.0,0.0,1575.0,154.35,53.4,98.0,5.52,8.73,6.45,49.7,0.0,67.1,7.8,90.0,464.0,81.4,125748.6,101123.9,0.1
59,92.13,100.0,1.908,1908.0,53.4,48.9,27.0,0.0,0.0,1575.0,154.35,53.5,98.0,5.59,9.4,6.62,49.6,0.0,66.1,7.9,91.5,464.0,81.4,125748.6,101104.4,0.1
60,97.69,100.0,2.25,2250.0,53.8,48.6,27.0,0.0,0.0,1575.0,152.78,53.8,97.0,5.59,9.4,6.62,49.4,0.0,66.4,0.5,91.1,464.0,81.4,125748.6,101137.1,0.1
61,69.95,100.0,1.723,1722.9,52.8,47.5,27.0,0.0,0.0,1575.0,152.78,53.6,97.0,5.59,9.4,6.62,47.9,0.0,66.8,7.9,90.1,464.0,81.4,125748.6,101125.4,0.1
62,99.51,100.0,2.079,2079.0,53.1,47.9,27.0,0.0,0.1,1575.0,154.35,53.9,98.0,5.59,9.4,6.62,48.3,0.0,66.1,7.9,89.0,464.0,81.4,125748.6,101111.9,0.1
63,86.58,100.0,2.173,2172.9,53.7,48.2,27.0,0.0,0.0,1575.0,152.78,54.2,97.0,5.59,9.4,6.62,48.8,0.0,65.9,0.6,90.2,464.0,81.4,125748.6,101122.3,0.1
64,95.33,100.0,2.228,2228.1,53.5,46.8,27.0,0.0,0.0,1575.0,154.35,53.9,98.0,5.64,9.85,6.76,47.3,0.0,67.7,7.8,89.0,464.0,81.4,125748.6,101132.2,0.1
65,98.62,100.0,2.343,2342.6,53.2,46.0,27.0,0.0,0.0,1575.0,154.35,54.0,98.0,5.64,9.85,6.76,47.0,0.0,65.0,7.8,89.7,464.0,81.4,125748.6,101121.8,0.1
66,93.95,100.0,1.909,1909.3,53.3,48.1,27.0,0.0,0.0,1575.0,154.35,54.2,98.0,5.64,9.85,6.76,48.3,0.0,67.2,7.9,89.9,464.0,81.4,125748.6,101109.6,0.1
67,88.36,100.0,2.15,2149.7,53.7,48.7,27.0,0.0,0.1,1575.0,154.35,54.2,98.0,5.64,9.85,6.76,49.4,0.0,65.9,0.5,89.3,464.0,81.4,125748.6,101112.6,0.1
68,97.22,100.0,1.971,1971.0,53.4,48.0,27.0,0.0,0.0,1575.0,152.78,54.1,97.0,5.64,9.85,6.76,48.3,0.0,66.7,7.8,88.8,464.0,81.4,125748.6,101110.8,0.1
69,120.91,100.0,2.064,2063.6,53.9,48.7,27.0,0.0,0.0,1575.0,141.75,57.0,90.0,5.67,9.94,6.83,48.8,0.0,68.0,8.0,89.5,464.0,81.4,125748.6,101108.9,0.1
70,82.07,100.0,1.855,1855.3,53.8,46.8,27.0,0.0,0.0,1575.0,154.35,54.5,98.0,5.67,9.94,6.83,47.1,0.0,64.2,7.8,88.9,464.0,81.4,125748.6,101106.2,0.1
71,84.88,100.0,2.15,2149.7,53.6,48.9,27.0,0.0,0.0,1575.0,154.35,54.3,98.0,5.67,9.94,6.83,49.4,0.0,67.4,0.5,90.8,464.0,81.4,125748.6,101106.3,0.1
72,93.5,100.0,2.088,2088.0,53.4,48.5,27.0,0.0,0.0,1575.0,152.78,54.8,97.0,5.67,9.94,6.83,49.3,0.0,66.7,7.8,90.3,464.0,81.4,125748.6,101108.1,0.1
73,90.24,100.0,1.761,1761.4,53.5,48.1,27.0,0.0,0.1,1575.0,154.35,54.7,98.0,5.67,9.94,6.83,48.3,0.0,65.8,7.9,88.6,464.0,81.4,125748.6,101108.1,0.1
74,81.14,100.0,2.241,2241.0,54.3,50.8,27.0,0.0,0.0,1575.0,154.35,54.7,98.0,5.72,10.34,6.97,51.6,0.0,66.4,0.6,88.8,464.0,81.4,125748.6,101109.4,0.1
75,90.28,100.0,1.986,1986.4,54.0,47.5,27.0,0.0,0.0,1575.0,152.78,54.7,97.0,5.72,10.34,6.97,48.4,0.0,64.2,7.8,90.0,464.0,81.4,125748.6,101109.8,0.1
76,97.95,100.0,1.993,1992.9,53.9,49.6,27.0,0.0,0.0,1575.0,154.35,54.9,98.0,5.72,10.34,6.97,50.2,0.0,66.4,7.8,91.4,464.0,81.4,125748.6,101117.5,0.1
77,82.05,100.0,2.001,2000.6,53.7,47.8,27.0,0.0,0.0,1575.0,154.35,55.0,98.0,5.72,10.34,6.97,48.5,0.0,66.3,7.9,91.1,464.0,81.4,125748.6,101117.9,0.1
78,93.19,100.0,2.172,2171.6,53.8,49.0,27.0,0.0,0.1,1575.0,152.78,55.1,97.0,5.72,10.34,6.97,49.8,0.0,66.4,0.5,88.5,464.0,81.4,125748.6,101116.4,0.1
79,81.66,92.9,1.792,1792.3,53.9,47.3,27.0,0.0,0.0,1575.0,154.35,55.1,98.0,5.72,10.08,6.97,47.5,0.0,66.4,7.9,90.1,464.0,81.4,125748.6,101118.5,0.1
80,78.54,100.0,1.8,1800.0,53.9,48.8,27.0,0.0,0.0,1575.0,154.35,55.0,98.0,5.72,10.08,6.97,49.5,0.0,66.3,7.8,90.4,464.0,81.4,125748.6,101113.9,0.1
81,65.69,100.0,1.792,1792.3,54.0,47.5,27.0,0.0,0.0,1575.0,152.78,54.9,97.0,5.72,10.08,6.97,48.3,0.0,66.4,7.8,90.8,464.0,81.4,125748.6,101121.5,0.1
82,90.25,100.0,1.862,1861.7,54.3,47.6,27.0,0.0,0.0,1575.0,154.35,55.4,98.0,5.72,10.08,6.97,47.8,0.0,66.3,0.6,90.5,464.0,81.4,125748.6,101122.9,0.1
83,70.81,100.0,1.746,1746.0,53.9,46.6,27.0,0.0,0.0,1575.0,154.35,54.8,98.0,5.72,10.08,6.97,46.9,0.0,66.4,7.8,90.2,464.0,81.4,125748.6,101135.1,0.1
84,93.91,100.0,2.039,2039.1,54.9,47.8,27.0,0.0,0.1,1575.0,152.78,55.3,97.0,5.76,10.31,7.07,48.4,0.0,66.4,7.8,90.9,464.0,81.4,125748.6,101136.6,0.1
85,71.27,92.9,2.057,2057.1,54.7,45.2,27.0,0.0,0.0,1575.0,154.35,55.0,98.0,5.76,10.31,7.07,46.0,0.0,66.3,7.8,90.4,464.0,81.4,125748.6,101137.5,0.1
86,78.27,100.0,1.954,1954.3,54.8,46.9,27.0,0.0,0.0,1575.0,154.35,55.4,98.0,5.76,10.31,7.07,47.9,0.0,66.4,7.8,91.0,464.0,81.4,125748.6,101127.1,0.1
87,76.92,100.0,2.093,2093.1,54.7,46.6,27.0,0.0,0.0,1575.0,154.35,55.5,98.0,5.76,10.31,7.07,47.4,0.0,66.3,0.6,89.9,464.0,81.4,125748.6,101138.8,0.1
88,86.49,100.0,2.078,2077.7,55.0,46.0,27.0,0.0,0.0,1575.0,154.35,55.3,98.0,5.76,10.31,7.07,46.7,0.0,66.4,7.8,89.0,464.0,81.4,125748.6,101129.4,0.1
89,76.03,100.0,1.823,1823.1,55.2,45.6,27.0,0.0,0.0,1575.0,152.78,55.4,97.0,5.77,10.04,7.07,46.0,0.0,66.3,7.8,90.3,464.0,81.4,125748.6,101126.0,0.1
90,83.55,100.0,1.9,1900.3,54.6,45.9,27.0,0.0,0.0,1575.0,154.35,55.4,98.0,5.77,10.04,7.07,45.8,0.0,66.4,0.5,85.2,464.0,81.4,125748.6,101142.2,0.1
91,73.0,100.0,2.124,2124.0,54.7,46.2,27.0,0.0,0.1,1575.0,152.78,55.3,97.0,5.77,10.04,7.07,46.4,0.0,66.3,7.9,86.9,464.0,81.4,125748.6,101119.6,0.1
92,80.8,100.0,2.062,2062.3,54.3,45.2,27.0,0.0,0.0,1575.0,152.78,55.7,97.0,5.77,10.04,7.07,45.6,0.0,66.4,7.8,89.8,464.0,81.4,125748.6,101131.0,0.1
93,58.11,100.0,1.732,1731.9,54.8,46.6,27.0,0.3,0.0,1575.0,154.35,55.4,98.0,5.77,10.04,7.07,47.2,0.0,66.4,7.8,92.1,464.0,81.4,125748.6,101144.2,0.1
94,74.42,100.0,1.675,1675.3,54.1,47.7,27.0,0.0,0.1,1575.0,154.35,55.6,98.0,5.79,10.04,7.12,48.2,0.0,66.3,0.5,88.1,464.0,81.4,125748.6,101125.5,0.1
95,74.63,100.0,1.808,1807.7,54.2,49.1,27.0,0.0,0.0,1575.0,154.35,55.8,98.0,5.79,10.04,7.12,50.2,0.0,66.4,7.9,88.9,464.0,81.4,125748.6,101117.6,0.1
96,68.8,100.0,1.752,1752.4,54.6,48.1,27.0,0.0,0.0,1575.0,154.35,55.6,98.0,5.79,10.04,7.12,49.0,0.0,66.3,7.8,88.1,464.0,81.4,125748.6,101117.9,0.1
97,80.14,100.0,1.729,1729.3,54.3,49.6,27.0,0.0,0.0,1575.0,152.78,55.7,97.0,5.79,10.04,7.12,50.6,0.0,66.4,7.8,86.0,464.0,81.4,125748.6,101118.5,0.1
98,70.05,100.0,1.76,1760.1,54.4,49.2,27.0,0.0,0.0,1575.0,154.35,55.9,98.0,5.79,10.04,7.12,50.3,0.0,66.3,7.8,89.8,464.0,81.4,125748.6,101119.2,0.1
99,60.27,100.0,1.691,1690.7,54.3,46.1,27.0,0.0,0.1,1575.0,154.35,55.6,98.0,5.78,9.56,7.06,46.8,0.0,66.4,0.4,88.2,464.0,81.4,125748.6,101124.4,0.1
100,75.43,100.0,1.614,1613.6,54.5,45.0,27.0,0.0,0.0,1575.0,154.35,55.5,98.0,5.78,9.56,7.06,45.7,0.0,66.3,7.7,89.0,464.0,81.4,125748.6,101124.4,0.1
101,73.13,100.0,1.747,1747.3,55.1,44.1,27.0,0.0,0.0,1575.0,154.35,55.7,98.0,5.78,9.56,7.06,44.4,0.0,66.3,7.6,87.5,464.0,81.4,125748.6,101125.5,0.1
102,76.7,100.0,1.839,1838.6,54.3,42.8,27.0,0.0,0.0,1575.0,152.78,55.7,97.0,5.78,9.56,7.06,43.4,0.0,66.3,7.7,87.4,464.0,81.4,125748.6,101115.1,0.1
103,87.04,100.0,2.024,2023.7,54.9,41.8,27.0,0.0,0.0,1575.0,152.78,55.9,97.0,5.78,9.56,7.06,42.0,0.0,66.3,0.4,88.9,464.0,81.4,125748.6,101118.5,0.1
104,69.15,100.0,1.722,1721.6,55.3,42.5,27.0,0.0,0.0,1575.0,154.35,55.9,98.0,5.79,9.35,7.06,42.8,0.0,66.4,7.6,89.0,464.0,81.4,125748.6,101115.1,0.1
105,74.6,100.0,1.822,1821.9,54.7,43.5,27.0,0.0,0.0,1575.0,154.35,55.7,98.0,5.79,9.35,7.06,44.1,0.0,66.3,7.6,90.3,464.0,81.4,125748.6,101115.4,0.1
106,76.64,100.0,1.575,1575.0,54.6,43.4,27.0,0.0,0.1,1575.0,154.35,55.8,98.0,5.79,9.35,7.06,44.3,0.0,66.3,0.4,88.4,464.0,81.4,125748.6,101113.7,0.1
107,75.78,100.0,1.692,1692.0,54.5,43.7,27.0,0.0,0.0,1575.0,152.78,55.8,97.0,5.79,9.35,7.06,44.4,0.0,66.3,7.6,87.6,464.0,81.4,125748.6,101110.1,0.1
108,80.33,100.0,1.808,1807.7,54.7,43.4,27.0,0.0,0.0,1575.0,154.35,56.0,98.0,5.79,9.35,7.06,44.3,0.0,66.3,7.6,88.8,464.0,81.4,125748.6,101121.3,0.1
109,36.14,100.0,2.281,2280.9,56.8,46.2,27.0,0.0,0.0,1575.0,152.78,53.7,97.0,5.81,9.4,7.11,46.7,0.0,66.4,7.8,88.0,464.0,81.4,125748.6,101134.6,0.1
110,37.27,100.0,2.319,2319.4,55.0,52.0,27.0,0.0,0.0,1512.0,146.66,53.2,97.0,5.81,9.4,7.11,52.6,0.0,66.4,0.5,93.5,465.0,81.4,125748.6,101189.3,0.1
111,36.61,100.0,2.147,2147.1,55.8,50.1,27.0,0.0,0.0,1323.0,0.0,52.4,0.0,5.81,9.4,7.11,50.6,0.0,66.3,7.9,91.3,464.0,81.4,125748.6,101190.3,0.1
112,33.67,100.0,2.071,2071.3,55.5,50.0,27.0,0.0,0.0,891.0,0.89,51.8,1.0,5.81,9.4,7.11,50.7,0.0,66.4,7.8,100.0,464.0,81.5,125748.6,101213.6,0.1
113,33.78,100.0,2.025,2025.0,55.7,50.3,27.0,0.0,0.0,450.0,0.45,51.4,1.0,5.81,9.4,7.11,50.5,0.0,66.4,0.6,100.0,464.0,81.5,125748.6,101218.2,0.1
114,34.65,100.0,2.227,2226.9,52.8,50.9,27.0,0.0,0.1,315.0,0.0,51.0,0.0,5.81,9.13,7.09,51.7,0.0,66.4,7.8,92.2,465.0,81.6,125748.6,101323.4,0.1
115,32.95,92.9,2.071,2071.3,52.6,51.5,27.0,0.0,5.7,315.0,0.0,50.8,0.0,5.81,9.13,7.09,52.6,0.0,66.3,7.9,100.0,465.0,81.6,125748.6,101369.1,0.1
116,63.45,100.0,1.837,1837.3,53.1,49.6,27.0,0.0,0.0,1575.0,152.78,52.8,97.0,5.81,9.13,7.09,50.4,0.0,66.4,7.8,91.0,464.0,81.4,125748.6,101178.5,0.1
117,82.25,100.0,1.621,1621.3,53.3,48.4,27.0,0.0,0.0,1575.0,154.35,53.6,98.0,5.81,9.13,7.09,49.5,0.0,66.4,0.6,89.5,464.0,81.4,125748.6,101165.1,0.1
118,74.84,100.0,2.11,2109.9,53.2,48.9,27.0,0.0,0.0,1575.0,152.78,54.3,97.0,5.81,9.13,7.09,49.3,0.0,66.4,7.8,88.9,464.0,81.4,125748.6,101162.2,0.1
119,81.61,100.0,1.677,1676.6,53.5,48.2,27.0,0.0,0.3,1575.0,154.35,54.5,98.0,5.83,9.04,7.11,48.8,0.0,66.3,7.9,89.8,464.0,81.4,125748.6,101163.5,0.1
120,80.23,100.0,2.452,2451.9,53.8,48.2,27.0,0.0,0.0,1575.0,154.35,54.8,98.0,5.83,9.04,7.11,48.6,0.0,66.4,7.8,85.9,465.0,81.4,125748.6,101187.5,0.1
121,87.3,100.0,1.738,1738.3,53.9,48.5,27.0,0.0,0.2,1575.0,152.78,54.9,97.0,5.83,9.04,7.11,49.1,0.0,66.4,7.8,87.5,464.0,81.4,125748.6,101163.7,0.1
122,81.39,100.0,1.801,1801.3,54.5,48.8,27.0,0.0,0.0,1575.0,154.35,55.1,98.0,5.83,9.04,7.11,49.7,0.0,66.3,0.6,88.4,464.0,81.4,125748.6,101163.1,0.1
123,84.99,100.0,1.7,1699.7,54.4,48.4,27.0,0.0,0.0,1575.0,152.78,54.9,97.0,5.83,9.04,7.11,48.7,0.0,66.4,7.8,89.7,464.0,81.4,125748.6,101162.6,0.1
124,80.99,100.0,1.783,1783.3,54.3,46.9,27.0,0.0,0.1,1575.0,152.78,55.3,97.0,5.84,8.96,7.12,47.2,0.0,66.3,7.8,88.2,464.0,81.4,125748.6,101162.2,0.1
125,87.4,100.0,1.544,1544.1,54.5,46.8,27.0,0.0,0.0,1575.0,154.35,55.5,98.0,5.84,8.96,7.12,47.4,0.0,66.4,0.6,86.9,464.0,81.4,125748.6,101163.5,0.1
126,87.78,100.0,1.808,1807.7,54.6,47.1,27.0,0.0,1.4,1575.0,154.35,55.5,98.0,5.84,8.96,7.12,47.6,0.0,66.4,7.8,89.9,464.0,81.4,125748.6,101176.2,0.1
127,94.43,100.0,1.876,1875.9,54.7,46.1,27.0,0.0,0.0,1575.0,154.35,55.8,98.0,5.84,8.96,7.12,46.9,0.0,66.3,7.9,90.7,464.0,81.4,125748.6,101163.9,0.1
128,69.87,100.0,1.724,1724.1,54.3,46.5,27.0,0.0,0.0,1575.0,152.78,55.6,97.0,5.84,8.96,7.12,46.8,0.0,66.4,0.5,89.8,464.0,81.4,125748.6,101162.9,0.1
129,96.6,100.0,1.885,1884.9,55.2,46.6,27.0,0.0,0.2,1575.0,154.35,56.1,98.0,5.87,9.2,7.2,46.8,0.0,66.3,7.8,81.8,464.0,81.4,125748.6,101165.9,0.1
130,80.35,100.0,1.715,1715.1,55.3,44.7,27.0,0.0,0.0,1575.0,154.35,56.1,98.0,5.87,9.2,7.2,45.5,0.0,66.4,7.8,89.7,464.0,81.4,125748.6,101163.5,0.1
131,95.24,100.0,1.709,1708.7,55.0,47.2,27.0,0.0,0.0,1575.0,154.35,56.2,98.0,5.87,9.2,7.2,47.3,0.0,66.4,0.6,85.2,464.0,81.4,125748.6,101164.6,0.1
132,91.95,100.0,1.871,1870.7,54.8,47.4,27.0,0.0,0.0,1575.0,154.35,56.3,98.0,5.87,9.2,7.2,47.9,0.0,66.3,7.8,91.1,464.0,81.4,125748.6,101175.4,0.1
133,68.2,100.0,1.971,1971.0,54.9,48.0,27.0,0.0,0.0,1575.0,154.35,56.3,98.0,5.87,9.2,7.2,48.9,0.0,66.4,7.8,90.0,464.0,81.4,125748.6,101164.4,0.1
134,67.31,100.0,1.9,1900.3,55.4,48.8,27.0,0.0,0.0,1575.0,154.35,56.2,98.0,5.9,9.35,7.27,49.1,0.0,66.4,0.6,88.5,464.0,81.4,125748.6,101164.0,0.1
135,78.54,100.0,1.839,1838.6,56.1,47.9,27.0,0.0,0.0,1575.0,154.35,56.5,98.0,5.9,9.35,7.27,48.6,0.0,66.3,7.8,88.1,464.0,81.4,125748.6,101165.1,0.1
136,92.94,100.0,2.11,2109.9,56.2,46.6,27.0,0.0,0.0,1575.0,154.35,56.7,98.0,5.9,9.35,7.27,46.7,0.0,66.4,7.8,89.9,464.0,81.4,125748.6,101176.0,0.1
137,67.43,100.0,1.745,1744.7,55.1,47.5,27.0,0.0,0.0,1575.0,154.35,56.3,98.0,5.9,9.35,7.27,48.1,0.0,66.3,0.6,87.8,464.0,81.4,125748.6,101179.4,0.1
138,76.66,100.0,1.76,1760.1,55.0,46.4,27.0,0.0,0.0,1575.0,154.35,56.7,98.0,5.9,9.35,7.27,47.1,0.0,66.4,7.7,89.5,464.0,81.4,125748.6,101178.1,0.1
139,82.67,100.0,1.629,1629.0,55.1,44.5,27.0,0.0,0.0,1575.0,152.78,56.7,97.0,5.93,9.48,7.33,45.4,0.0,66.3,7.7,90.4,464.0,81.4,125748.6,101187.4,0.1
140,76.15,100.0,1.653,1653.4,55.0,42.9,27.0,0.0,0.1,1575.0,152.78,56.7,97.0,5.93,9.48,7.33,43.3,0.0,66.3,0.3,88.2,464.0,81.4,125748.6,101174.0,0.1
141,78.0,100.0,1.661,1661.1,55.2,43.3,27.0,0.0,0.0,1575.0,154.35,56.7,98.0,5.93,9.48,7.33,44.0,0.0,66.3,7.7,90.0,464.0,81.4,125748.6,101175.1,0.1
142,78.31,100.0,1.808,1807.7,55.0,43.7,27.0,0.0,0.0,1575.0,152.78,56.8,97.0,5.93,9.48,7.33,44.6,0.0,66.3,7.6,88.2,464.0,81.4,125748.6,101178.7,0.1
143,63.96,100.0,1.931,1931.1,55.3,42.5,27.0,0.0,0.0,1575.0,154.35,56.7,98.0,5.93,9.48,7.33,43.3,0.0,66.3,0.4,87.2,464.0,81.4,125748.6,101175.0,0.1
144,81.67,100.0,1.692,1692.0,55.7,43.2,27.0,0.0,0.0,1575.0,154.35,56.8,98.0,5.96,9.68,7.41,43.8,0.0,66.3,7.6,91.1,464.0,81.4,125748.6,101175.1,0.1
145,75.0,100.0,1.986,1986.4,55.7,45.0,27.0,0.0,0.0,1575.0,154.35,56.8,98.0,5.96,9.68,7.41,45.4,0.0,66.4,7.6,92.2,464.0,81.4,125748.6,101176.4,0.1
146,86.46,100.0,1.746,1746.0,55.7,44.1,27.0,0.0,0.0,1575.0,152.78,56.9,97.0,5.96,9.68,7.41,45.0,0.0,66.3,7.6,92.1,464.0,81.4,125748.6,101181.9,0.1
147,86.69,100.0,1.778,1778.1,55.7,43.9,27.0,0.0,0.0,1575.0,152.78,56.9,97.0,5.96,9.68,7.41,44.4,0.0,66.3,0.4,92.6,464.0,81.4,125748.6,101177.5,0.1
148,85.24,100.0,1.917,1917.0,55.8,45.0,27.0,0.0,0.0,1575.0,152.78,56.9,97.0,5.96,9.68,7.41,45.8,0.0,66.4,7.7,92.4,464.0,81.4,125748.6,101189.2,0.1
149,74.86,100.0,2.134,2134.3,56.5,50.7,27.0,0.0,0.0,1575.0,154.35,57.0,98.0,5.99,9.79,7.47,51.6,0.0,66.4,7.9,92.2,464.0,81.5,125748.6,101220.8,0.1
150,85.53,100.0,2.413,2413.3,56.4,48.8,27.0,0.0,0.1,1575.0,154.35,57.0,98.0,5.99,9.79,7.47,49.3,0.0,66.3,7.7,92.1,465.0,81.5,125748.6,101197.8,0.1
151,71.38,100.0,1.855,1855.3,56.1,48.1,27.0,0.0,0.1,1575.0,152.78,56.6,97.0,5.99,9.79,7.47,48.6,0.0,66.5,0.8,92.1,464.0,81.4,125748.6,101196.4,0.1
152,79.8,100.0,1.994,1994.1,56.5,50.1,27.0,0.0,0.0,1575.0,152.78,56.8,97.0,5.99,9.79,7.47,51.1,0.0,66.4,7.9,93.5,464.0,81.4,125748.6,101196.3,0.1
153,78.43,100.0,2.047,2046.9,56.1,48.4,27.0,0.0,0.1,1575.0,154.35,57.4,98.0,5.99,9.79,7.47,49.0,0.0,66.4,8.0,92.2,464.0,81.4,125748.6,101192.6,0.1
154,91.83,100.0,2.062,2062.3,56.2,48.2,27.0,0.0,0.0,1575.0,152.78,57.4,97.0,6.01,9.8,7.51,48.8,0.0,66.5,7.9,91.9,464.0,81.4,125748.6,101188.3,0.1
155,85.28,100.0,2.358,2358.0,56.4,47.4,27.0,0.0,0.0,1575.0,152.78,57.6,97.0,6.01,9.8,7.51,47.8,0.0,66.3,0.6,89.0,464.0,81.4,125748.6,101187.5,0.1
156,64.7,100.0,1.871,1870.7,56.3,46.8,27.0,0.0,0.0,1575.0,154.35,57.3,98.0,6.01,9.8,7.51,47.4,0.0,66.4,7.9,87.6,464.0,81.4,125748.6,101190.3,0.1
157,89.72,100.0,1.786,1785.9,56.7,49.9,27.0,0.0,0.0,1575.0,154.35,57.8,98.0,6.01,9.8,7.51,50.2,0.0,66.4,8.0,87.2,464.0,81.4,125748.6,101191.1,0.1
158,89.5,100.0,2.148,2148.4,56.8,50.4,27.0,0.0,0.0,1575.0,154.35,58.4,98.0,6.01,9.8,7.51,51.4,0.0,66.5,8.0,92.1,464.0,81.4,125748.6,101192.4,0.1
159,89.44,100.0,1.863,1863.0,56.9,48.3,27.0,0.0,0.1,1575.0,152.78,58.1,97.0,6.03,9.74,7.53,49.1,0.0,66.4,8.0,90.9,464.0,81.4,125748.6,101191.5,0.1
160,85.56,100.0,1.902,1901.6,57.1,47.4,27.0,0.0,0.0,1575.0,154.35,58.1,98.0,6.03,9.74,7.53,48.6,0.0,61.6,0.6,92.2,465.0,81.4,125748.6,101193.7,0.1
161,99.95,100.0,1.731,1730.6,57.5,47.5,27.0,0.0,0.0,1575.0,152.78,58.1,97.0,6.03,9.74,7.53,48.1,0.0,64.2,7.9,87.1,465.0,81.4,125748.6,101192.9,0.1
162,92.2,100.0,1.538,1537.7,57.8,47.4,27.0,0.0,0.0,1575.0,154.35,58.1,98.0,6.03,9.74,7.53,48.1,0.0,66.4,7.9,88.4,465.0,81.4,125748.6,101192.6,0.1
163,98.5,100.0,1.692,1692.0,57.8,48.1,27.0,0.0,0.0,1575.0,154.35,57.9,98.0,6.03,9.74,7.53,48.6,0.0,66.5,8.0,91.2,465.0,81.4,125748.6,101192.1,0.1
164,97.11,100.0,1.706,1706.1,57.4,48.7,27.0,0.0,0.1,1575.0,154.35,58.1,98.0,6.1,10.56,7.74,49.0,0.0,66.4,8.0,91.4,465.0,81.4,125748.6,101192.2,0.1
165,117.84,100.0,1.848,1847.6,57.5,47.1,27.0,0.0,0.0,1575.0,154.35,63.2,98.0,6.1,10.56,7.74,48.0,0.0,66.5,0.7,92.7,465.0,81.5,125748.6,101202.6,0.1
166,97.1,100.0,1.809,1809.0,58.0,46.0,27.0,0.0,0.0,1575.0,154.35,58.1,98.0,6.1,10.56,7.74,46.7,0.0,66.4,8.0,90.9,465.0,81.5,125748.6,101199.3,0.1
167,92.19,100.0,1.747,1747.3,57.8,46.9,27.0,0.0,0.0,1575.0,152.78,58.4,97.0,6.1,10.56,7.74,47.6,0.0,66.4,7.9,91.0,465.0,81.5,125748.6,101207.6,0.1
168,72.24,100.0,1.661,1661.1,57.9,47.6,27.0,0.0,0.0,1575.0,154.35,58.5,98.0,6.1,10.56,7.74,48.3,0.0,66.4,0.7,83.5,465.0,81.5,125748.6,101205.2,0.1
169,96.01,100.0,1.691,1690.7,57.9,47.5,27.0,0.0,0.0,1575.0,152.78,58.5,97.0,6.17,11.16,7.91,48.2,0.0,66.5,7.9,90.0,465.0,81.5,125748.6,101205.7,0.1
170,100.72,100.0,2.164,2163.9,57.9,48.0,27.0,0.0,0.1,1575.0,154.35,58.8,98.0,6.17,11.16,7.91,48.8,0.0,66.3,7.9,91.0,465.0,81.5,125748.6,101210.2,0.1
171,70.14,100.0,1.846,1846.3,57.9,45.7,27.0,0.0,0.0,1575.0,154.35,58.4,98.0,6.17,11.16,7.91,46.4,0.0,66.5,0.7,88.8,465.0,81.5,125748.6,101208.9,0.1
172,96.72,100.0,1.723,1722.9,58.2,46.2,27.0,0.0,0.0,1575.0,152.78,58.7,97.0,6.17,11.16,7.91,47.0,0.0,66.6,7.9,90.5,465.0,81.5,125748.6,101209.4,0.1
173,85.24,100.0,1.722,1721.6,58.2,47.0,27.0,0.0,0.0,1575.0,154.35,58.7,98.0,6.17,11.16,7.91,47.8,0.0,66.2,8.0,89.5,465.0,81.5,125748.6,101210.1,0.1
174,95.38,100.0,1.691,1690.7,58.0,46.5,27.0,0.0,0.0,1575.0,152.78,58.6,97.0,6.16,10.74,7.88,46.8,0.0,66.4,7.9,89.9,465.0,81.5,125748.6,101209.3,0.1
175,96.06,100.0,1.723,1722.9,57.7,46.3,27.0,0.0,0.0,1575.0,154.35,58.9,98.0,6.16,10.74,7.88,46.5,0.0,67.0,0.7,83.3,465.0,81.5,125748.6,101207.9,0.1
176,96.34,100.0,1.808,1807.7,58.1,47.0,27.0,0.0,0.0,1575.0,154.35,58.8,98.0,6.16,10.74,7.88,47.6,0.0,66.0,8.0,88.2,465.0,81.5,125748.6,101209.2,0.1
177,100.66,100.0,1.911,1910.6,57.5,45.7,27.0,0.0,0.0,1575.0,154.35,59.0,98.0,6.16,10.74,7.88,46.4,0.0,66.3,7.9,92.1,465.0,81.5,125748.6,101217.6,0.1
178,98.87,100.0,1.939,1938.9,58.4,46.7,27.0,0.0,0.0,1575.0,154.35,58.9,98.0,6.16,10.74,7.88,47.2,0.0,66.8,8.0,90.8,466.0,81.5,125748.6,101216.5,0.1
179,94.51,100.0,1.746,1746.0,57.8,46.0,27.0,0.0,0.0,1575.0,154.35,59.1,98.0,6.19,10.76,7.93,46.3,0.0,66.7,7.9,87.0,466.0,81.5,125748.6,101234.6,0.1
180,96.75,100.0,1.677,1676.6,58.5,45.7,27.0,0.0,0.0,1575.0,152.78,59.1,97.0,6.19,10.76,7.93,46.2,0.0,66.4,0.7,89.9,466.0,81.5,125748.6,101221.5,0.1
181,94.7,100.0,1.716,1716.4,58.7,46.4,27.0,0.0,0.2,1575.0,154.35,59.1,98.0,6.19,10.76,7.93,47.0,0.0,65.8,7.9,89.1,465.0,81.5,125748.6,101216.1,0.1
182,88.49,100.0,1.692,1692.0,58.2,45.8,27.0,0.0,0.0,1575.0,152.78,59.1,97.0,6.19,10.76,7.93,45.9,0.0,66.4,8.0,88.1,465.0,81.5,125748.6,101228.9,0.1
183,97.05,100.0,2.204,2203.7,57.9,44.3,27.0,0.0,0.1,1575.0,152.78,59.2,97.0,6.19,10.76,7.93,44.9,0.0,66.6,7.7,87.2,466.0,81.5,125748.6,101234.2,0.1
184,97.3,92.9,1.747,1747.3,58.7,44.9,27.0,0.0,0.0,1575.0,154.35,59.2,98.0,6.19,10.38,7.9,45.0,0.0,66.8,0.7,92.6,467.0,81.5,125748.6,101236.6,0.1
185,92.35,100.0,1.77,1770.4,58.7,45.6,27.0,0.0,0.0,1575.0,154.35,59.2,98.0,6.19,10.38,7.9,46.0,0.0,66.4,8.0,92.2,467.0,81.5,125748.6,101248.7,0.1
186,97.28,100.0,1.909,1909.3,58.7,47.3,27.0,0.0,0.0,1575.0,152.78,59.3,97.0,6.19,10.38,7.9,47.8,0.0,67.2,7.9,92.3,467.0,81.5,125748.6,101235.7,0.1
187,109.83,100.0,1.908,1908.0,58.3,47.5,27.0,0.0,0.0,1575.0,154.35,63.2,98.0,6.19,10.38,7.9,48.0,0.0,65.0,7.9,90.9,467.0,81.5,125748.6,101241.6,0.1
188,90.33,100.0,1.869,1869.4,58.0,46.7,27.0,0.0,0.1,1575.0,152.78,59.4,97.0,6.19,10.38,7.9,47.1,0.0,66.4,8.0,89.8,467.0,81.5,125748.6,101227.4,0.1
189,82.27,100.0,1.769,1769.1,57.9,46.0,27.0,0.0,0.0,1575.0,152.78,59.4,97.0,6.22,10.51,7.97,46.4,0.0,66.4,0.6,91.2,467.0,81.5,125748.6,101236.3,0.1
190,83.24,100.0,1.94,1940.1,58.7,46.7,27.0,0.0,0.0,1575.0,154.35,59.3,98.0,6.22,10.51,7.97,47.0,0.0,66.5,8.0,89.1,467.0,81.5,125748.6,101225.3,0.1
191,82.28,100.0,1.9,1900.3,58.6,46.3,27.0,0.0,0.0,1575.0,154.35,59.3,98.0,6.22,10.51,7.97,46.8,0.0,66.4,7.8,91.2,467.0,81.5,125748.6,101223.8,0.1
192,81.54,100.0,2.202,2202.4,58.2,46.3,27.0,0.0,0.1,1575.0,154.35,60.5,98.0,6.22,10.51,7.97,46.4,0.0,66.4,8.0,89.1,467.0,81.5,125748.6,101239.3,0.1
193,93.14,100.0,1.831,1830.9,58.9,45.7,27.0,0.0,0.0,1575.0,154.35,59.5,98.0,6.22,10.51,7.97,46.2,0.0,66.4,0.7,91.9,467.0,81.5,125748.6,101232.8,0.1
194,79.57,100.0,1.925,1924.7,58.8,47.3,27.0,0.0,0.0,1575.0,151.2,59.4,96.0,6.27,10.95,8.1,48.2,0.0,66.4,7.9,90.9,467.0,81.5,125748.6,101235.9,0.1
195,74.69,100.0,1.979,1978.7,58.5,47.3,27.0,0.0,0.0,1575.0,154.35,59.4,98.0,6.27,10.95,8.1,47.9,0.0,66.4,7.9,91.3,467.0,81.5,125748.6,101236.3,0.1
196,88.21,100.0,1.894,1893.9,58.7,46.5,27.0,0.0,0.0,1575.0,154.35,59.5,98.0,6.27,10.95,8.1,47.0,0.0,66.4,7.9,90.7,467.0,81.5,125748.6,101234.8,0.1
197,88.5,100.0,1.917,1917.0,58.7,47.5,27.0,0.0,0.0,1575.0,154.35,59.2,98.0,6.27,10.95,8.1,48.3,0.0,66.4,0.6,91.8,467.0,81.5,125748.6,101232.1,0.1
198,85.18,100.0,2.188,2188.3,58.9,47.9,27.0,0.0,0.0,1575.0,154.35,59.5,98.0,6.27,10.95,8.1,48.7,0.0,66.4,8.0,91.2,467.0,81.5,125748.6,101243.4,0.1
199,80.64,100.0,2.141,2140.7,58.8,48.8,27.0,0.0,0.0,1575.0,152.78,59.4,97.0,6.28,10.72,8.1,49.6,0.0,66.4,7.7,92.6,467.0,81.5,125748.6,101241.9,0.1
200,87.89,92.9,1.925,1924.7,58.6,46.8,27.0,0.0,0.0,1575.0,152.78,59.6,97.0,6.28,10.72,8.1,47.3,0.0,66.4,0.7,90.0,467.0,81.5,125748.6,101242.7,0.1
201,97.68,100.0,1.885,1884.9,58.9,48.6,27.0,0.0,0.0,1575.0,154.35,59.4,98.0,6.28,10.72,8.1,49.4,0.0,66.4,7.9,91.3,467.0,81.5,125748.6,101236.7,0.1
202,85.71,100.0,1.832,1832.1,59.3,48.9,27.0,0.0,0.1,1575.0,154.35,59.6,98.0,6.28,10.72,8.1,49.5,0.0,66.4,7.9,90.8,467.0,81.5,125748.6,101235.6,0.1
203,87.44,100.0,1.785,1784.6,58.4,47.6,27.0,0.0,0.0,1575.0,154.35,59.8,98.0,6.28,10.72,8.1,48.5,0.0,66.4,0.6,90.0,467.0,81.5,125748.6,101235.8,0.1
204,119.71,100.0,1.956,1955.6,59.2,50.5,27.0,0.0,0.0,1575.0,154.35,64.0,98.0,6.3,10.58,8.12,51.1,0.0,66.4,8.0,90.9,467.0,81.5,125748.6,101235.1,0.1
205,94.7,100.0,1.831,1830.9,59.3,47.3,27.0,0.0,0.0,1575.0,154.35,60.0,98.0,6.3,10.58,8.12,47.7,0.0,66.4,7.9,88.8,467.0,81.5,125748.6,101240.6,0.1
206,92.91,100.0,1.985,1985.1,59.1,46.9,27.0,0.0,0.0,1575.0,154.35,59.9,98.0,6.3,10.58,8.12,48.0,0.0,66.4,0.6,89.7,467.0,81.5,125748.6,101235.5,0.1
207,83.82,100.0,1.646,1645.7,59.1,47.1,27.0,0.0,0.0,1575.0,154.35,60.0,98.0,6.3,10.58,8.12,47.6,0.0,66.4,7.9,83.7,467.0,81.5,125748.6,101243.0,0.1
208,81.1,100.0,1.746,1746.0,59.5,46.5,27.0,0.0,0.0,1575.0,152.78,59.8,97.0,6.3,10.58,8.12,47.6,0.0,66.4,7.9,90.6,468.0,81.5,125748.6,101243.2,0.1
209,80.14,100.0,1.931,1931.1,59.0,47.3,27.0,0.0,0.0,1575.0,152.78,59.6,97.0,6.3,10.29,8.1,47.5,0.0,66.4,7.9,90.7,468.0,81.5,125748.6,101237.2,0.1
210,98.11,100.0,1.661,1661.1,59.1,46.3,27.0,0.0,0.0,1575.0,152.78,60.0,97.0,6.3,10.29,8.1,46.9,0.0,66.4,0.6,91.2,468.0,81.5,125748.6,101239.9,0.1
211,97.37,100.0,1.738,1738.3,59.4,48.5,27.0,0.0,0.2,1575.0,154.35,60.1,98.0,6.3,10.29,8.1,49.0,0.0,66.4,7.9,91.1,468.0,81.5,125748.6,101242.1,0.1
212,85.44,100.0,1.815,1815.4,59.5,47.4,27.0,0.0,0.1,1575.0,154.35,60.0,98.0,6.3,10.29,8.1,48.2,0.0,66.4,7.9,90.0,468.0,81.5,125748.6,101242.4,0.1
213,118.15,100.0,2.118,2117.6,59.2,47.4,27.0,0.0,0.1,1575.0,152.78,64.2,97.0,6.3,10.29,8.1,48.5,0.0,66.4,7.9,91.8,468.0,81.5,125748.6,101245.1,0.1
214,96.79,100.0,1.714,1713.9,58.9,47.0,27.0,0.0,0.0,1575.0,154.35,60.3,98.0,6.35,10.67,8.21,47.2,0.0,66.4,0.6,80.7,467.0,81.5,125748.6,101244.0,0.1
215,94.81,100.0,1.707,1707.4,59.1,46.8,27.0,0.0,0.0,1575.0,154.35,60.3,98.0,6.35,10.67,8.21,47.5,0.0,66.4,7.9,89.7,467.0,81.5,125748.6,101240.8,0.1
216,80.82,100.0,1.908,1908.0,59.6,46.5,27.0,0.0,0.0,1575.0,154.35,60.0,98.0,6.35,10.67,8.21,47.4,0.0,66.4,7.9,89.5,467.0,81.5,125748.6,101240.4,0.1
217,94.52,100.0,1.769,1769.1,59.5,46.9,27.0,0.0,0.1,1575.0,154.35,60.3,98.0,6.35,10.67,8.21,47.1,0.0,66.4,0.6,89.5,467.0,81.5,125748.6,101241.1,0.1
218,93.98,100.0,2.093,2093.1,59.1,49.2,27.0,0.0,0.0,1575.0,154.35,60.4,98.0,6.35,10.67,8.21,49.7,0.0,66.4,7.9,87.6,467.0,81.5,125748.6,101242.2,0.1
219,98.29,100.0,1.923,1923.4,59.1,45.8,27.0,0.0,0.0,1575.0,154.35,60.2,98.0,6.38,10.86,8.29,46.2,0.0,66.3,7.8,87.6,467.0,81.5,125748.6,101243.6,0.1
220,88.34,100.0,1.761,1761.4,59.2,48.1,27.0,0.0,0.0,1575.0,154.35,60.7,98.0,6.38,10.86,8.29,48.3,0.0,67.3,7.9,87.6,467.0,81.5,125748.6,101240.2,0.1
221,96.54,100.0,1.823,1823.1,60.1,47.5,27.0,0.0,0.0,1575.0,154.35,60.9,98.0,6.38,10.86,8.29,48.1,0.0,66.9,0.6,83.7,467.0,81.5,125748.6,101249.6,0.1
222,100.93,100.0,1.961,1960.7,59.2,47.9,27.0,0.0,0.0,1575.0,152.78,60.8,97.0,6.38,10.86,8.29,48.4,0.0,65.9,7.9,89.0,467.0,81.5,125748.6,101247.5,0.1
223,80.17,100.0,1.752,1752.4,59.1,46.5,27.0,0.0,0.0,1575.0,154.35,60.8,98.0,6.38,10.86,8.29,47.6,0.0,66.4,7.8,89.9,467.0,81.5,125748.6,101248.2,0.1
224,87.48,100.0,2.025,2025.0,60.1,46.3,27.0,0.0,0.0,1575.0,154.35,60.8,98.0,6.4,10.71,8.3,46.8,0.0,66.2,7.9,88.0,467.0,81.5,125748.6,101249.2,0.1
225,69.05,100.0,1.675,1675.3,59.3,46.1,27.0,0.0,0.0,1575.0,154.35,60.5,98.0,6.4,10.71,8.3,46.9,0.0,66.6,0.6,90.9,467.0,81.5,125748.6,101247.7,0.1
226,92.08,100.0,1.74,1739.6,60.0,47.6,27.0,0.0,0.0,1575.0,152.78,60.8,97.0,6.4,10.71,8.3,47.8,0.0,66.2,7.9,89.9,467.0,81.5,125748.6,101259.6,0.1
227,78.2,100.0,1.846,1846.3,59.3,47.4,27.0,0.0,0.1,1575.0,152.78,60.5,97.0,6.4,10.71,8.3,48.2,0.0,66.5,7.8,91.4,467.0,81.5,125748.6,101259.1,0.1
228,81.25,100.0,1.815,1815.4,59.4,46.2,27.0,0.0,0.0,1575.0,154.35,60.7,98.0,6.4,10.71,8.3,46.5,0.0,70.3,7.9,89.5,467.0,81.5,125748.6,101260.1,0.1
229,126.05,100.0,1.97,1969.7,59.7,48.2,27.0,0.0,0.0,1575.0,152.78,64.4,97.0,6.43,10.81,8.36,48.7,0.0,63.0,0.6,92.2,467.0,81.5,125748.6,101256.1,0.1
230,93.55,100.0,1.832,1832.1,60.0,46.7,27.0,0.0,0.0,1575.0,154.35,60.9,98.0,6.43,10.81,8.36,47.5,0.0,65.9,7.9,89.8,467.0,81.5,125748.6,101280.9,0.1
231,93.99,100.0,1.709,1708.7,59.6,46.5,27.0,0.0,0.0,1575.0,154.35,60.8,98.0,6.43,10.81,8.36,46.7,0.0,66.6,7.8,84.1,467.0,81.5,125748.6,101278.5,0.1
232,98.99,100.0,1.677,1676.6,59.8,48.8,27.0,0.0,0.0,1575.0,154.35,61.0,98.0,6.43,10.81,8.36,49.6,0.0,66.5,7.9,88.5,467.0,81.5,125748.6,101278.6,0.1
233,94.28,100.0,2.008,2008.3,59.5,47.5,27.0,0.0,0.0,1575.0,152.78,61.0,97.0,6.43,10.81,8.36,48.0,0.0,66.4,7.9,88.6,467.0,81.5,125748.6,101276.8,0.1
234,100.46,100.0,1.916,1915.7,59.7,46.2,27.0,0.0,0.0,1575.0,154.35,61.1,98.0,6.42,10.35,8.31,46.7,0.0,65.8,0.6,92.3,467.0,81.5,125748.6,101272.2,0.1
235,102.97,100.0,2.001,2000.6,59.7,46.5,27.0,0.0,0.0,1575.0,154.35,61.2,98.0,6.42,10.35,8.31,47.3,0.0,67.0,7.8,92.0,467.0,81.5,125748.6,101289.3,0.1
236,91.87,100.0,1.754,1753.7,59.9,45.6,27.0,0.0,0.0,1575.0,152.78,61.2,97.0,6.42,10.35,8.31,45.9,0.0,68.2,7.9,87.1,467.0,81.5,125748.6,101280.4,0.1
237,93.49,100.0,1.948,1947.9,60.4,47.5,27.0,0.0,0.1,1575.0,152.78,60.9,97.0,6.42,10.35,8.31,48.2,0.0,64.1,7.8,91.5,467.0,81.5,125748.6,101276.6,0.1
238,95.32,100.0,1.971,1971.0,60.6,46.4,27.0,0.0,0.0,1575.0,154.35,61.3,98.0,6.42,10.35,8.31,47.1,0.0,68.9,7.9,91.4,467.0,81.5,125748.6,101286.6,0.1
239,77.51,100.0,2.219,2219.1,60.2,47.8,27.0,0.0,0.0,1575.0,152.78,61.3,97.0,6.43,10.24,8.32,48.3,0.0,63.4,0.5,89.7,467.0,81.5,125748.6,101288.2,0.1
240,88.41,92.9,1.909,1909.3,60.5,46.6,27.0,0.0,0.0,1575.0,154.35,61.3,98.0,6.43,10.24,8.32,47.8,0.0,66.6,7.9,92.0,467.0,81.5,125748.6,101289.8,0.1
241,80.94,100.0,1.745,1744.7,60.8,48.0,27.0,0.0,0.3,1575.0,154.35,61.2,98.0,6.43,10.24,8.32,48.1,0.0,71.0,7.8,88.2,467.0,81.5,125748.6,101285.9,0.1
242,93.51,100.0,1.785,1784.6,59.9,47.6,27.0,0.0,0.0,1575.0,154.35,61.4,98.0,6.43,10.24,8.32,47.7,0.0,61.6,0.6,88.4,467.0,81.5,125748.6,101297.6,0.1
243,76.63,100.0,1.891,1891.3,60.5,46.5,27.0,0.0,0.1,1575.0,154.35,60.9,98.0,6.43,10.24,8.32,47.2,0.0,66.4,7.8,91.3,467.0,81.5,125748.6,101290.8,0.1
244,123.78,100.0,1.869,1869.4,60.0,47.8,27.0,0.0,0.0,1575.0,154.35,64.4,98.0,6.49,10.7,8.45,48.6,0.0,66.4,7.9,90.0,467.0,81.5,125748.6,101291.2,0.1
245,94.5,100.0,1.885,1884.9,60.1,47.9,27.0,0.0,0.0,1575.0,154.35,61.4,98.0,6.49,10.7,8.45,48.2,0.0,67.2,0.5,92.2,467.0,81.5,125748.6,101295.8,0.1
246,100.44,100.0,1.877,1877.1,60.1,47.7,27.0,0.0,0.0,1575.0,154.35,61.5,98.0,6.49,10.7,8.45,47.6,0.0,65.7,7.9,88.6,467.0,81.5,125748.6,101300.1,0.1
247,98.4,100.0,1.731,1730.6,60.2,47.4,27.0,0.0,0.0,1575.0,154.35,61.5,98.0,6.49,10.7,8.45,47.9,0.0,66.5,7.8,92.1,467.0,81.5,125748.6,101303.2,0.1
248,94.28,100.0,1.723,1722.9,60.2,47.4,27.0,0.0,0.1,1575.0,152.78,61.6,97.0,6.49,10.7,8.45,48.0,0.0,67.3,7.8,86.0,467.0,81.5,125748.6,101308.3,0.1
249,80.11,100.0,1.791,1791.0,60.3,47.4,27.0,0.0,0.0,1575.0,152.78,61.6,97.0,6.54,11.2,8.59,47.4,0.0,66.7,0.6,91.4,467.0,81.5,125748.6,101299.6,0.1
250,91.85,100.0,1.93,1929.9,60.3,46.1,27.0,0.0,0.0,1575.0,152.78,61.6,97.0,6.54,11.2,8.59,46.6,0.0,65.4,7.8,92.3,467.0,81.5,125748.6,101293.2,0.1
251,98.98,100.0,1.948,1947.9,60.7,45.6,27.0,0.0,0.0,1575.0,154.35,61.6,98.0,6.54,11.2,8.59,45.8,0.0,66.8,7.8,90.5,467.0,81.5,125748.6,101295.1,0.1
252,95.2,100.0,1.794,1793.6,59.9,45.9,27.0,0.0,0.0,1575.0,152.78,61.6,97.0,6.54,11.2,8.59,46.7,0.0,66.6,7.8,89.5,467.0,81.5,125748.6,101296.5,0.1
253,84.38,100.0,1.791,1791.0,60.2,46.4,27.0,0.0,0.1,1575.0,154.35,61.7,98.0,6.54,11.2,8.59,46.4,0.0,66.5,0.5,88.6,467.0,81.5,125748.6,101293.1,0.1
254,89.82,100.0,1.814,1814.1,60.3,47.6,27.0,0.0,0.0,1575.0,154.35,61.5,98.0,6.63,12.07,8.81,48.2,0.0,66.3,7.9,87.2,467.0,81.5,125748.6,101292.5,0.1
255,81.43,100.0,1.848,1847.6,60.2,50.2,27.0,0.0,0.0,1575.0,154.35,61.7,98.0,6.63,12.07,8.81,50.8,0.0,66.7,7.8,89.1,467.0,81.5,125748.6,101300.4,0.1
256,78.02,100.0,1.794,1793.6,60.5,48.1,27.0,0.0,0.0,1575.0,154.35,61.7,98.0,6.63,12.07,8.81,48.8,0.0,65.6,7.8,88.6,467.0,81.5,125748.6,101297.8,0.1
257,93.66,100.0,1.988,1987.7,60.2,47.6,27.0,0.0,0.0,1575.0,154.35,61.4,98.0,6.63,12.07,8.81,48.3,0.0,66.2,7.8,89.7,467.0,81.5,125748.6,101298.3,0.1
258,89.84,100.0,1.855,1855.3,60.7,47.2,27.0,0.0,0.0,1575.0,152.78,61.6,97.0,6.63,12.07,8.81,47.8,0.0,66.3,7.8,89.9,467.0,81.5,125748.6,101307.4,0.1
259,78.01,100.0,1.839,1838.6,60.5,47.3,27.0,0.0,0.0,1575.0,154.35,61.4,98.0,6.65,11.98,8.85,47.9,0.0,66.7,0.5,90.4,467.0,81.5,125748.6,101314.4,0.1
260,94.0,100.0,1.855,1855.3,60.3,48.3,27.0,0.0,0.0,1575.0,154.35,61.6,98.0,6.65,11.98,8.85,49.6,0.0,66.6,7.9,89.9,467.0,81.5,125748.6,101297.0,0.1
261,99.36,100.0,1.846,1846.3,60.7,47.9,27.0,0.0,0.0,1575.0,154.35,61.7,98.0,6.65,11.98,8.85,48.4,0.0,66.5,7.7,90.4,465.0,81.5,125748.6,101298.4,0.1
262,96.32,100.0,1.877,1877.1,60.3,47.4,27.0,0.0,0.0,1575.0,154.35,61.8,98.0,6.65,11.98,8.85,48.6,0.0,66.3,7.9,90.7,465.0,81.5,125748.6,101299.6,0.1
263,91.85,100.0,1.737,1737.0,60.3,46.7,27.0,0.0,0.1,1575.0,154.35,61.4,98.0,6.65,11.98,8.85,47.0,0.0,66.5,0.5,87.8,464.0,81.5,125748.6,101296.6,0.1
264,87.67,100.0,1.731,1730.6,60.5,48.1,27.0,0.0,0.0,1575.0,154.35,61.8,98.0,6.68,11.98,8.9,48.8,0.0,65.8,7.8,88.2,464.0,81.5,125748.6,101297.5,0.1
265,76.41,100.0,1.993,1992.9,60.5,48.1,27.0,0.0,0.0,1575.0,154.35,61.7,98.0,6.68,11.98,8.9,48.9,0.0,66.5,7.8,88.6,464.0,81.5,125748.6,101296.8,0.1
266,98.31,100.0,2.076,2076.4,61.0,48.1,27.0,0.0,0.0,1575.0,154.35,61.8,98.0,6.68,11.98,8.9,48.7,0.0,65.9,7.8,87.8,464.0,81.5,125748.6,101298.0,0.1
267,94.57,100.0,2.15,2149.7,61.0,48.2,27.0,0.0,0.0,1575.0,154.35,62.1,98.0,6.68,11.98,8.9,48.7,0.0,68.2,7.8,88.5,464.0,81.5,125748.6,101298.4,0.1
268,100.1,100.0,1.909,1909.3,60.7,43.4,27.0,0.0,0.1,1575.0,152.78,61.9,97.0,6.68,11.98,8.9,44.0,0.0,65.5,0.4,90.4,464.0,81.5,125748.6,101297.8,0.1
269,93.27,100.0,1.862,1861.7,60.5,44.1,27.0,0.0,0.0,1575.0,154.35,61.8,98.0,6.68,11.5,8.85,44.8,0.0,66.3,7.6,90.2,464.0,81.5,125748.6,101296.5,0.1
270,72.33,100.0,1.754,1753.7,60.2,44.5,27.0,0.0,0.0,1575.0,154.35,61.6,98.0,6.68,11.5,8.85,45.5,0.0,64.0,7.6,90.1,464.0,81.5,125748.6,101296.9,0.1
271,95.47,100.0,1.86,1860.4,60.4,43.4,27.0,0.0,0.3,1575.0,154.35,61.6,98.0,6.68,11.5,8.85,43.6,0.0,66.4,0.4,87.1,464.0,81.5,125748.6,101297.2,0.1
272,91.23,100.0,1.737,1737.0,60.4,44.5,27.0,0.0,0.0,1575.0,154.35,61.7,98.0,6.68,11.5,8.85,45.1,0.0,66.4,7.7,89.8,464.0,81.5,125748.6,101297.8,0.1
273,38.49,100.0,1.822,1821.9,59.9,44.1,27.0,0.0,0.0,1521.0,0.0,59.1,0.0,6.68,11.5,8.85,44.9,0.0,66.2,7.6,89.8,464.0,81.5,125748.6,101298.8,0.1
274,36.65,100.0,1.752,1752.4,59.2,41.9,27.0,0.0,0.0,1116.0,0.0,58.0,0.0,6.73,11.87,8.97,43.2,0.0,66.3,0.4,91.7,464.0,81.5,125748.6,101294.3,0.1
275,34.18,100.0,1.691,1690.7,58.7,43.2,27.0,0.0,0.0,702.0,0.0,57.5,0.0,6.73,11.87,8.97,44.0,0.0,66.3,7.6,91.2,464.0,81.5,125748.6,101294.9,0.1
276,31.54,100.0,1.683,1683.0,58.3,42.4,27.0,0.0,0.0,315.0,0.32,56.9,1.0,6.73,11.87,8.97,43.7,0.0,66.4,7.6,90.9,464.0,81.5,125748.6,101294.3,0.1
277,32.42,100.0,1.822,1821.9,58.7,42.4,27.0,0.0,0.0,315.0,0.0,56.4,0.0,6.73,11.87,8.97,42.9,0.0,66.3,0.4,90.2,464.0,81.5,125748.6,101294.5,0.1
278,81.98,100.0,1.862,1861.7,60.2,50.3,27.0,0.0,0.1,1575.0,154.35,60.0,98.0,6.73,11.87,8.97,51.2,0.0,66.4,7.8,86.6,464.0,81.5,125748.6,101311.0,0.1
279,87.31,100.0,2.094,2094.4,60.4,46.8,27.0,0.0,0.0,1575.0,154.35,60.3,98.0,6.75,11.88,9.02,47.3,0.0,66.4,7.9,87.1,464.0,81.5,125748.6,101285.7,0.1
280,82.26,100.0,1.77,1770.4,60.3,47.3,27.0,0.0,0.0,1575.0,152.78,60.5,97.0,6.75,11.88,9.02,48.1,0.0,66.4,0.6,89.9,464.0,81.5,125748.6,101288.1,0.1
281,85.64,100.0,1.956,1955.6,59.7,47.8,27.0,0.0,0.0,1575.0,154.35,60.8,98.0,6.75,11.88,9.02,48.1,0.0,66.4,7.9,89.7,464.0,81.5,125748.6,101284.0,0.1
282,96.85,100.0,1.824,1824.4,59.8,48.1,27.0,0.0,0.0,1575.0,152.78,60.7,97.0,6.75,11.88,9.02,49.4,0.0,66.4,7.9,90.2,464.0,81.5,125748.6,101283.6,0.1
283,86.5,100.0,1.878,1878.4,59.8,48.7,27.0,0.0,0.1,1575.0,152.78,61.0,97.0,6.75,11.88,9.02,49.3,0.0,66.3,7.9,88.5,464.0,81.5,125748.6,101283.8,0.1
284,69.22,100.0,1.785,1784.6,59.5,48.8,27.0,0.0,0.0,1575.0,152.78,60.7,97.0,6.75,11.41,8.97,49.3,0.0,66.4,0.6,85.4,464.0,81.5,125748.6,101289.2,0.1
285,93.22,100.0,1.902,1901.6,60.4,49.8,27.0,0.0,0.0,1575.0,152.78,61.0,97.0,6.75,11.41,8.97,50.4,0.0,66.4,7.9,89.4,464.0,81.5,125748.6,101283.6,0.1
286,82.48,100.0,1.823,1823.1,60.3,49.0,27.0,0.0,0.0,1575.0,154.35,61.1,98.0,6.75,11.41,8.97,49.8,0.0,66.4,7.9,91.0,464.0,81.5,125748.6,101285.9,0.1
287,92.82,100.0,2.01,2009.6,60.2,48.3,27.0,0.0,0.0,1575.0,154.35,61.3,98.0,6.75,11.41,8.97,49.1,0.0,66.4,7.8,90.8,464.0,81.5,125748.6,101289.4,0.1
288,87.7,100.0,2.08,2080.3,59.9,47.8,27.0,0.0,0.0,1575.0,152.78,60.2,97.0,6.75,11.41,8.97,48.7,0.0,66.4,7.9,88.9,464.0,81.5,125748.6,101297.5,0.1
289,98.7,100.0,1.886,1886.1,60.2,46.8,27.0,0.0,0.1,1575.0,152.78,61.5,97.0,6.75,11.05,8.94,47.3,0.0,66.4,0.6,92.6,464.0,81.5,125748.6,101311.4,0.1
290,88.32,100.0,1.815,1815.4,60.6,49.0,27.0,0.0,0.0,1575.0,154.35,61.5,98.0,6.75,11.05,8.94,49.4,0.0,66.4,7.9,91.2,464.0,81.5,125748.6,101307.5,0.1
291,80.04,100.0,2.01,2009.6,60.6,49.1,27.0,0.0,0.0,1575.0,154.35,61.4,98.0,6.75,11.05,8.94,50.0,0.0,66.4,7.9,90.8,464.0,81.5,125748.6,101292.7,0.1
292,98.31,100.0,1.855,1855.3,60.3,48.8,27.0,0.0,0.0,1575.0,154.35,61.8,98.0,6.75,11.05,8.94,49.6,0.0,66.4,7.9,91.3,464.0,81.5,125748.6,101292.8,0.1
293,80.51,100.0,1.893,1892.6,60.3,48.8,27.0,0.0,0.0,1575.0,154.35,61.4,98.0,6.75,11.05,8.94,49.5,0.0,66.4,7.8,91.0,464.0,81.5,125748.6,101293.1,0.1
294,91.15,100.0,2.196,2196.0,60.3,48.7,27.0,0.0,0.0,1575.0,154.35,61.2,98.0,6.79,11.21,9.01,49.5,0.0,66.4,0.7,89.0,464.0,81.5,125748.6,101298.3,0.1
295,95.78,100.0,2.087,2086.7,61.1,48.4,27.0,0.0,0.0,1575.0,152.78,62.1,97.0,6.79,11.21,9.01,48.8,0.0,67.3,7.8,86.2,464.0,81.5,125748.6,101294.2,0.1
296,94.26,100.0,1.868,1868.1,61.2,48.5,27.0,0.0,0.0,1575.0,152.78,62.2,97.0,6.79,11.21,9.01,49.2,0.0,65.4,7.9,88.6,464.0,81.5,125748.6,101295.9,0.1
297,97.74,100.0,1.839,1838.6,61.3,47.7,27.0,0.0,0.1,1575.0,154.35,62.0,98.0,6.79,11.21,9.01,48.2,0.0,66.4,7.8,86.5,465.0,81.5,125748.6,101294.3,0.1
298,88.87,100.0,1.777,1776.9,61.7,49.1,27.0,0.0,0.0,1575.0,152.78,62.2,97.0,6.79,11.21,9.01,50.0,0.0,66.4,0.7,85.7,465.0,81.5,125748.6,101293.8,0.1
299,84.98,100.0,1.84,1839.9,61.5,47.7,27.0,0.0,0.0,1575.0,154.35,61.9,98.0,6.81,11.27,9.06,48.1,0.0,67.2,7.8,89.4,465.0,81.5,125748.6,101293.8,0.1
300,89.06,100.0,1.884,1883.6,60.9,47.2,27.0,0.0,0.0,1575.0,154.35,62.2,98.0,6.81,11.27,9.06,47.6,0.0,66.4,7.9,90.3,465.0,81.5,125748.6,101313.3,0.1
301,96.43,100.0,1.956,1955.6,61.6,48.0,27.0,0.7,0.3,1575.0,154.35,62.3,98.0,6.81,11.27,9.06,48.5,0.0,69.4,0.6,89.8,465.0,81.5,125748.6,101311.3,0.1
302,95.45,100.0,1.498,1497.9,60.8,48.6,27.0,0.0,0.0,1575.0,154.35,62.3,98.0,6.81,11.27,9.06,49.2,0.0,64.5,7.9,89.7,465.0,81.5,125748.6,101316.6,0.1
303,98.0,100.0,1.979,1978.7,60.8,49.3,27.0,0.0,0.0,1575.0,154.35,62.4,98.0,6.81,11.27,9.06,49.6,0.0,66.0,7.8,89.3,465.0,81.5,125748.6,101306.0,0.1
304,74.92,100.0,1.954,1954.3,60.9,46.7,27.0,0.0,0.0,1575.0,152.78,62.1,97.0,6.85,11.49,9.14,47.8,0.0,66.8,0.6,89.8,465.0,81.5,125748.6,101309.1,0.1
305,97.51,100.0,1.738,1738.3,61.3,47.5,27.0,0.0,0.1,1575.0,152.78,62.5,97.0,6.85,11.49,9.14,48.4,0.0,66.3,7.8,88.6,465.0,81.5,125748.6,101306.8,0.1
306,101.13,100.0,2.498,2498.1,61.2,48.0,27.0,0.0,0.0,1575.0,154.35,62.5,98.0,6.85,11.49,9.14,48.3,0.0,66.5,7.9,91.4,465.0,81.5,125748.6,101313.5,0.1
307,92.75,100.0,2.033,2032.7,61.2,47.6,27.0,0.0,0.0,1575.0,152.78,62.2,97.0,6.85,11.49,9.14,47.6,0.0,65.6,7.8,91.7,465.0,81.5,125748.6,101318.3,0.1
308,96.97,100.0,2.155,2154.9,61.3,47.4,27.0,0.0,0.0,1575.0,154.35,62.5,98.0,6.85,11.49,9.14,48.1,0.0,65.1,0.7,91.1,465.0,81.6,125748.6,101332.8,0.1
309,89.85,100.0,2.119,2118.9,61.5,47.1,27.0,0.0,0.0,1575.0,154.35,62.2,98.0,6.85,11.13,9.1,47.7,0.0,66.4,7.8,91.0,465.0,81.6,125748.6,101334.9,0.1
310,80.97,100.0,2.274,2274.4,61.6,47.5,27.0,0.0,0.1,1575.0,154.35,62.5,98.0,6.85,11.13,9.1,47.8,0.0,66.4,7.8,91.3,465.0,81.5,125748.6,101322.1,0.1
311,70.6,100.0,2.04,2040.4,61.9,44.6,27.0,0.0,0.0,1575.0,152.78,62.2,97.0,6.85,11.13,9.1,45.3,0.0,66.3,0.6,91.3,465.0,81.6,125748.6,101323.6,0.1
312,84.1,100.0,2.048,2048.1,61.9,48.0,27.0,0.0,0.0,1575.0,152.78,62.5,97.0,6.85,11.13,9.1,48.7,0.0,66.4,7.9,91.2,465.0,81.6,125748.6,101327.4,0.1
313,104.79,100.0,2.273,2273.1,62.1,50.0,27.0,0.0,0.0,1575.0,154.35,62.8,98.0,6.85,11.13,9.1,50.6,0.0,66.4,7.8,89.9,465.0,81.6,125748.6,101336.9,0.1
314,89.07,100.0,1.923,1923.4,61.6,47.6,27.0,0.0,0.0,1575.0,154.35,62.8,98.0,6.86,10.88,9.09,48.2,0.0,66.4,0.6,89.8,465.0,81.6,125748.6,101336.5,0.1
315,87.5,100.0,2.073,2072.6,61.9,48.5,27.0,0.0,0.1,1575.0,152.78,62.6,97.0,6.86,10.88,9.09,49.3,0.0,66.3,7.8,90.4,465.0,81.6,125748.6,101341.1,0.1
316,94.95,100.0,2.078,2077.7,62.5,46.9,27.0,0.0,0.0,1575.0,154.35,62.8,98.0,6.86,10.88,9.09,47.8,0.0,66.4,7.8,88.5,465.0,81.6,125748.6,101338.0,0.1
317,79.65,100.0,1.908,1908.0,62.6,46.8,27.0,0.0,0.0,1575.0,154.35,62.6,98.0,6.86,10.88,9.09,47.0,0.0,66.4,0.6,89.8,465.0,81.6,125748.6,101341.4,0.1
318,79.85,100.0,2.111,2111.1,62.5,47.3,27.0,0.0,0.0,1575.0,154.35,62.9,98.0,6.86,10.88,9.09,47.7,0.0,66.3,7.9,89.8,465.0,81.6,125748.6,101351.1,0.1
319,77.95,100.0,1.886,1886.1,62.5,47.5,27.0,0.0,0.0,1575.0,154.35,62.7,98.0,6.86,10.57,9.05,47.8,0.0,66.4,7.8,90.3,465.0,81.6,125748.6,101343.1,0.1
320,106.77,100.0,2.101,2100.9,62.3,47.7,27.0,0.0,0.0,1575.0,152.78,62.2,97.0,6.86,10.57,9.05,48.4,0.0,66.4,0.6,91.1,465.0,81.6,125748.6,101363.0,0.1
321,77.57,100.0,2.025,2025.0,62.7,47.6,27.0,0.0,0.1,1575.0,154.35,63.0,98.0,6.86,10.57,9.05,48.6,0.0,66.4,7.8,91.2,465.0,81.6,125748.6,101370.6,0.1
322,86.98,100.0,2.179,2179.3,62.5,46.9,27.0,0.0,0.0,1575.0,154.35,63.2,98.0,6.86,10.57,9.05,47.6,0.0,66.3,7.9,91.3,465.0,81.6,125748.6,101358.9,0.1
323,88.42,100.0,2.088,2088.0,62.8,47.4,27.0,0.0,0.0,1575.0,152.78,63.0,97.0,6.86,10.57,9.05,47.5,0.0,66.4,0.5,91.2,465.0,81.6,125748.6,101357.4,0.1
324,92.62,100.0,2.506,2505.9,62.6,47.4,27.0,0.0,0.0,1575.0,154.35,63.1,98.0,6.89,10.76,9.12,48.2,0.0,66.4,7.8,91.3,465.0,81.6,125748.6,101358.0,0.1
325,88.17,100.0,2.078,2077.7,63.0,48.1,27.0,0.0,0.0,1575.0,154.35,62.9,98.0,6.89,10.76,9.12,49.0,0.0,66.3,7.8,92.6,465.0,81.6,125748.6,101355.3,0.1
326,97.09,100.0,2.118,2117.6,63.1,47.9,27.0,0.0,0.0,1575.0,154.35,63.3,98.0,6.89,10.76,9.12,48.7,0.0,66.4,0.6,91.4,465.0,81.6,125748.6,101369.3,0.1
327,96.12,100.0,1.832,1832.1,63.0,48.4,27.0,0.0,0.0,1575.0,154.35,63.0,98.0,6.89,10.76,9.12,49.1,0.0,66.3,7.8,91.0,465.0,81.6,125748.6,101350.6,0.1
328,63.2,100.0,1.986,1986.4,62.6,47.9,27.0,0.0,0.1,1575.0,152.78,63.4,97.0,6.89,10.76,9.12,48.3,0.0,66.4,7.8,91.0,465.0,81.6,125748.6,101356.7,0.1
329,81.48,100.0,2.179,2179.3,61.9,47.3,27.0,0.0,0.0,1575.0,152.78,63.4,97.0,6.91,10.62,9.11,47.8,0.0,66.4,0.6,90.1,465.0,81.6,125748.6,101364.4,0.1
330,83.13,100.0,2.079,2079.0,62.4,48.5,27.0,0.0,0.0,1575.0,154.35,63.5,98.0,6.91,10.62,9.11,48.8,0.0,66.4,7.8,92.4,465.0,81.6,125748.6,101344.9,0.1
331,98.3,100.0,2.062,2062.3,62.8,48.8,27.0,0.0,0.3,1575.0,154.35,63.4,98.0,6.91,10.62,9.11,49.4,0.0,66.3,7.8,93.0,465.0,81.6,125748.6,101359.7,0.1
332,93.53,100.0,1.94,1940.1,62.0,48.1,27.0,0.0,0.0,1575.0,152.78,63.4,97.0,6.91,10.62,9.11,48.6,0.0,66.4,0.5,92.7,465.0,81.6,125748.6,101360.1,0.1
333,93.38,100.0,2.056,2055.9,62.2,46.7,27.0,0.0,0.0,1575.0,154.35,63.3,98.0,6.91,10.62,9.11,46.9,0.0,66.3,7.8,87.2,465.0,81.6,125748.6,101363.3,0.1
334,89.89,100.0,2.125,2125.3,61.8,46.3,27.0,0.0,0.0,1575.0,152.78,63.3,97.0,6.99,11.53,9.33,47.5,0.0,66.3,7.9,91.1,465.0,81.6,125748.6,101347.7,0.1
335,68.28,100.0,1.954,1954.3,62.0,47.4,27.0,0.0,0.0,1575.0,154.35,63.2,98.0,6.99,11.53,9.33,48.5,0.0,66.3,0.5,89.9,465.0,81.6,125748.6,101364.4,0.1
336,80.58,100.0,1.846,1846.3,62.0,48.6,27.0,0.0,0.1,1575.0,154.35,63.3,98.0,6.99,11.53,9.33,49.2,0.0,66.4,7.8,90.4,465.0,81.6,125748.6,101355.4,0.1
337,82.31,100.0,2.039,2039.1,62.1,47.2,27.0,0.0,0.1,1575.0,154.35,63.4,98.0,6.99,11.53,9.33,47.6,0.0,66.4,7.8,90.9,465.0,81.6,125748.6,101359.6,0.1
338,77.81,100.0,2.172,2171.6,62.2,47.2,27.0,0.0,0.0,1575.0,154.35,63.1,98.0,6.99,11.53,9.33,47.8,0.0,66.3,7.8,90.6,465.0,81.6,125748.6,101345.4,0.1
339,88.86,100.0,2.033,2032.7,61.9,43.7,27.0,0.0,0.0,1575.0,152.78,63.1,97.0,7.0,11.33,9.32,44.2,0.0,66.4,0.5,91.0,465.0,81.6,125748.6,101344.1,0.1
340,80.79,100.0,1.815,1815.4,61.9,42.4,27.0,0.0,0.0,1575.0,154.35,63.1,98.0,7.0,11.33,9.32,43.0,0.0,66.3,7.7,91.3,465.0,81.6,125748.6,101345.7,0.1
341,81.99,100.0,1.653,1653.4,61.9,42.6,27.0,0.0,0.0,1575.0,154.35,63.2,98.0,7.0,11.33,9.32,43.2,0.0,66.3,7.6,90.9,465.0,81.6,125748.6,101344.7,0.1
342,79.72,92.9,1.709,1708.7,61.8,43.0,27.0,0.0,0.0,1575.0,154.35,63.1,98.0,7.0,11.33,9.32,43.9,0.0,66.3,0.4,91.3,465.0,81.6,125748.6,101350.4,0.1
343,79.96,100.0,1.692,1692.0,61.9,43.8,27.0,0.0,0.0,1575.0,154.35,63.1,98.0,7.0,11.33,9.32,44.3,0.0,66.3,7.6,89.9,465.0,81.6,125748.6,101347.5,0.1
344,66.43,100.0,1.67,1670.1,61.8,44.1,27.0,0.0,0.0,1575.0,154.35,63.0,98.0,7.01,11.14,9.32,44.8,0.0,66.3,7.6,89.4,465.0,81.6,125748.6,101350.7,0.1
345,34.71,92.9,1.637,1636.7,60.9,42.9,27.0,0.0,0.0,1305.0,0.0,59.8,0.0,7.01,11.14,9.32,43.8,0.0,66.4,0.4,90.7,465.0,81.6,125748.6,101343.0,0.1
346,32.53,100.0,1.871,1870.7,60.3,43.4,27.0,0.0,0.1,900.0,0.0,59.1,0.0,7.01,11.14,9.32,44.3,0.0,66.3,7.6,91.5,465.0,81.6,125748.6,101341.6,0.1
347,30.9,100.0,1.653,1653.4,60.7,42.8,27.0,0.0,0.0,504.0,0.0,58.6,0.0,7.01,11.14,9.32,43.9,0.0,66.3,7.6,91.9,465.0,81.6,125748.6,101344.7,0.1
348,31.62,100.0,1.646,1645.7,60.3,42.3,27.0,0.0,0.0,315.0,0.0,58.1,0.0,7.01,11.14,9.32,43.5,0.0,66.3,0.4,92.0,465.0,81.6,125748.6,101344.9,0.1
349,88.02,100.0,1.709,1708.7,58.9,45.2,27.0,0.0,0.0,1575.0,0.0,60.9,0.0,7.02,10.89,9.3,46.1,0.0,66.4,7.7,85.5,465.0,81.6,125748.6,101349.4,0.1
350,96.65,100.0,1.932,1932.4,60.3,49.6,27.0,0.0,0.0,1575.0,154.35,61.2,98.0,7.02,10.89,9.3,50.3,0.0,66.4,7.8,87.5,465.0,81.6,125748.6,101355.6,0.1
351,86.24,100.0,1.868,1868.1,60.2,49.2,27.0,0.0,0.0,1575.0,154.35,61.8,98.0,7.02,10.89,9.3,49.9,0.0,66.4,7.9,88.8,465.0,81.6,125748.6,101355.1,0.1
352,82.03,100.0,2.195,2194.7,61.4,49.7,27.0,0.0,0.0,1575.0,154.35,61.8,98.0,7.02,10.89,9.3,50.5,0.0,66.3,0.6,90.0,465.0,81.6,125748.6,101356.0,0.1
353,90.48,100.0,1.839,1838.6,60.8,48.9,27.0,0.0,0.1,1575.0,154.35,62.2,98.0,7.02,10.89,9.3,49.7,0.0,66.4,7.9,86.9,465.0,81.6,125748.6,101356.5,0.1
354,74.4,100.0,1.808,1807.7,60.8,49.9,27.0,0.0,0.0,1575.0,154.35,62.1,98.0,7.06,11.22,9.39,50.5,0.0,65.5,7.9,89.1,465.0,81.6,125748.6,101354.5,0.1
355,98.66,100.0,1.691,1690.7,61.0,49.3,27.0,0.0,0.0,1575.0,154.35,62.4,98.0,7.06,11.22,9.39,49.9,0.0,65.7,7.9,89.8,465.0,81.6,125748.6,101355.7,0.1
356,88.62,100.0,1.8,1800.0,61.1,47.8,27.0,0.0,0.0,1575.0,152.78,62.5,97.0,7.06,11.22,9.39,48.2,0.0,66.2,7.9,88.6,465.0,81.6,125748.6,101355.1,0.1
357,94.62,100.0,1.855,1855.3,61.1,50.4,27.0,0.0,0.0,1575.0,152.78,62.6,97.0,7.06,11.22,9.39,50.7,0.0,67.4,7.9,89.4,465.0,81.6,125748.6,101355.5,0.1
358,76.26,100.0,2.016,2016.0,61.3,48.6,27.0,0.0,0.0,1575.0,154.35,62.4,98.0,7.06,11.22,9.39,48.7,0.0,62.3,0.7,90.0,465.0,81.6,125748.6,101359.5,0.1
359,95.47,100.0,1.902,1901.6,61.4,46.2,27.0,0.0,0.0,1575.0,154.35,62.8,98.0,7.07,11.12,9.4,46.8,0.0,66.0,7.8,88.6,465.0,81.6,125748.6,101355.0,0.1
360,91.74,100.0,1.776,1775.6,61.4,47.6,27.0,0.0,0.0,1575.0,154.35,63.0,98.0,7.07,11.12,9.4,47.9,0.0,66.2,8.0,88.5,465.0,81.6,125748.6,101355.8,0.1
361,84.05,100.0,1.893,1892.6,62.4,49.1,27.0,0.0,0.4,1575.0,154.35,62.8,98.0,7.07,11.12,9.4,49.5,0.0,67.7,7.8,87.8,464.0,81.6,125748.6,101359.3,0.1
362,99.56,100.0,1.589,1589.1,62.4,49.0,27.0,0.0,0.0,1575.0,154.35,63.9,98.0,7.07,11.12,9.4,49.4,0.0,65.6,0.8,89.8,464.0,81.6,125748.6,101362.7,0.1
363,86.46,100.0,1.714,1713.9,62.6,51.5,27.0,0.0,0.1,1575.0,154.35,63.3,98.0,7.07,11.12,9.4,52.4,0.0,71.0,7.8,84.6,464.0,81.6,125748.6,101365.2,0.1
364,86.48,100.0,1.689,1689.4,62.8,49.6,27.0,0.0,0.1,1575.0,154.35,63.4,98.0,7.1,11.11,9.43,49.9,0.0,62.3,7.9,84.4,465.0,81.6,125748.6,101368.8,0.1
365,101.91,100.0,1.823,1823.1,62.1,50.6,27.0,0.0,0.0,1575.0,154.35,63.1,98.0,7.1,11.11,9.43,51.4,0.0,66.1,7.8,81.4,465.0,81.6,125748.6,101364.2,0.1
366,85.56,100.0,1.52,1519.7,61.6,50.9,27.0,0.0,0.0,1575.0,152.78,63.3,97.0,7.1,11.11,9.43,51.4,0.0,66.9,7.9,83.9,465.0,81.6,125748.6,101365.9,0.1
367,95.97,100.0,1.521,1521.0,62.1,50.3,27.0,0.0,0.0,1575.0,152.78,63.5,97.0,7.1,11.11,9.43,50.7,0.0,66.0,0.6,75.3,465.0,81.6,125748.6,101366.3,0.1
368,72.04,100.0,2.001,2000.6,61.9,47.9,27.0,0.0,0.0,1575.0,154.35,63.0,98.0,7.1,11.11,9.43,48.2,0.0,65.1,7.9,89.0,465.0,81.6,125748.6,101367.2,0.1
369,89.01,100.0,1.823,1823.1,62.8,48.6,27.0,0.0,0.1,1575.0,152.78,63.7,97.0,7.2,12.38,9.72,49.0,0.0,66.4,8.0,86.0,465.0,81.6,125748.6,101370.9,0.1
370,88.47,100.0,1.93,1929.9,62.2,48.5,27.0,0.0,0.0,1575.0,152.78,63.5,97.0,7.2,12.38,9.72,49.1,0.0,66.4,7.9,87.8,465.0,81.6,125748.6,101370.0,0.1
371,96.26,100.0,1.791,1791.0,62.0,48.3,27.0,0.0,0.0,1575.0,152.78,63.6,97.0,7.2,12.38,9.72,49.0,0.0,66.4,0.6,88.5,465.0,81.6,125748.6,101370.6,0.1
372,97.03,100.0,1.862,1861.7,63.0,49.7,27.0,0.0,0.0,1575.0,152.78,63.4,97.0,7.2,12.38,9.72,50.0,0.0,66.4,7.9,91.3,465.0,81.6,125748.6,101368.9,0.1
373,95.96,100.0,1.94,1940.1,62.0,48.6,27.0,0.0,0.0,1575.0,152.78,63.5,97.0,7.2,12.38,9.72,49.0,0.0,66.3,7.8,87.2,465.0,81.6,125748.6,101368.0,0.1
374,71.76,100.0,2.01,2009.6,62.8,47.5,27.0,0.0,0.1,1575.0,152.78,63.5,97.0,7.22,12.19,9.72,47.8,0.0,66.4,0.6,88.8,466.0,81.6,125748.6,101368.4,0.1
375,86.97,100.0,1.877,1877.1,62.9,48.3,27.0,0.0,0.0,1575.0,154.35,63.8,98.0,7.22,12.19,9.72,48.4,0.0,66.4,7.9,88.9,467.0,81.6,125748.6,101369.7,0.1
376,93.6,100.0,1.891,1891.3,63.4,48.3,27.0,0.0,0.0,1575.0,154.35,63.8,98.0,7.22,12.19,9.72,49.1,0.0,66.4,8.0,90.7,467.0,81.6,125748.6,101368.5,0.1
377,101.15,100.0,1.831,1830.9,63.4,47.7,27.0,0.0,0.0,1575.0,154.35,63.8,98.0,7.22,12.19,9.72,48.3,0.0,66.4,7.8,89.5,467.0,81.6,125748.6,101366.7,0.1
378,97.47,100.0,1.638,1638.0,63.5,49.2,27.0,0.0,0.0,1575.0,154.35,63.8,98.0,7.22,12.19,9.72,49.7,0.0,66.4,0.7,90.1,467.0,81.6,125748.6,101369.7,0.1
379,100.43,100.0,1.584,1584.0,63.5,49.4,27.0,0.0,0.0,1575.0,154.35,63.9,98.0,7.22,11.86,9.7,49.7,0.0,66.4,7.8,90.5,467.0,81.6,125748.6,101363.9,0.1
380,97.27,100.0,1.599,1599.4,63.3,48.2,27.0,0.0,0.0,1575.0,154.35,63.7,98.0,7.22,11.86,9.7,48.9,0.0,66.4,7.9,91.0,467.0,81.6,125748.6,101366.7,0.1
381,86.55,100.0,1.808,1807.7,62.5,47.1,27.0,0.0,0.0,1575.0,154.35,63.9,98.0,7.22,11.86,9.7,47.4,0.0,66.4,7.9,87.5,467.0,81.6,125748.6,101366.3,0.1
382,93.48,100.0,1.7,1699.7,62.4,48.3,27.0,0.0,0.0,1575.0,152.78,63.8,97.0,7.22,11.86,9.7,49.1,0.0,66.3,7.9,89.7,467.0,81.6,125748.6,101370.8,0.1
383,95.29,100.0,1.723,1722.9,63.2,46.9,27.0,0.0,0.1,1575.0,154.35,63.9,98.0,7.22,11.86,9.7,47.2,0.0,66.4,0.5,88.2,467.0,81.6,125748.6,101363.9,0.1
384,98.46,100.0,1.669,1668.9,62.7,46.7,27.0,0.0,0.0,1575.0,152.78,63.9,97.0,7.2,11.15,9.58,47.3,0.0,66.4,7.9,90.6,467.0,81.6,125748.6,101369.3,0.1
385,96.28,100.0,1.932,1932.4,62.4,44.6,27.0,0.0,0.0,1575.0,154.35,64.0,98.0,7.2,11.15,9.58,45.0,0.0,66.4,7.8,89.9,467.0,81.6,125748.6,101369.0,0.1
386,96.21,100.0,1.848,1847.6,62.7,46.0,27.0,0.0,0.0,1575.0,154.35,64.0,98.0,7.2,11.15,9.58,46.6,0.0,66.6,7.9,89.9,467.0,81.6,125748.6,101366.1,0.1
387,96.24,100.0,1.962,1962.0,62.4,46.3,27.0,0.0,0.0,1575.0,154.35,63.9,98.0,7.2,11.15,9.58,46.9,0.0,66.1,0.6,93.5,467.0,81.6,125748.6,101376.3,0.1
388,83.17,100.0,1.7,1699.7,62.4,47.2,27.0,0.0,0.0,1575.0,152.78,63.7,97.0,7.2,11.15,9.58,48.0,0.0,66.4,7.9,93.7,467.0,81.6,125748.6,101371.5,0.1
389,90.2,100.0,2.039,2039.1,62.4,47.1,27.0,0.0,0.0,1575.0,152.78,63.9,97.0,7.2,10.82,9.54,48.1,0.0,66.4,7.9,92.3,467.0,81.6,125748.6,101368.6,0.1
390,84.5,100.0,2.07,2070.0,62.6,45.9,27.0,0.0,0.1,1575.0,154.35,64.0,98.0,7.2,10.82,9.54,46.4,0.0,66.4,0.6,93.5,467.0,81.6,125748.6,101367.6,0.1
391,89.06,100.0,1.916,1915.7,62.3,45.4,27.0,0.0,0.4,1575.0,154.35,63.7,98.0,7.2,10.82,9.54,46.1,0.0,66.4,7.9,89.7,467.0,81.6,125748.6,101374.2,0.1
392,100.61,100.0,2.008,2008.3,62.4,44.8,27.0,0.0,0.0,1575.0,154.35,63.9,98.0,7.2,10.82,9.54,44.9,0.0,66.4,7.9,89.9,467.0,81.6,125748.6,101373.2,0.1
393,98.29,92.9,1.732,1731.9,62.7,44.4,27.0,0.0,0.0,1575.0,152.78,64.2,97.0,7.2,10.82,9.54,45.2,0.0,66.4,7.8,89.3,467.0,81.6,125748.6,101367.0,0.1
394,95.45,92.9,1.893,1892.6,62.5,44.1,27.0,0.0,0.0,1575.0,152.78,63.9,97.0,7.25,11.23,9.65,44.6,0.0,66.4,0.7,92.4,467.0,81.6,125748.6,101368.8,0.1
395,86.05,100.0,2.031,2031.4,63.0,44.8,27.0,0.0,0.1,1575.0,154.35,63.9,98.0,7.25,11.23,9.65,45.5,0.0,66.3,7.8,92.3,467.0,81.6,125748.6,101367.5,0.1
396,69.42,100.0,1.715,1715.1,62.5,47.0,27.0,0.0,0.0,1575.0,152.78,63.8,97.0,7.25,11.23,9.65,47.3,0.0,66.4,7.9,92.6,467.0,81.6,125748.6,101369.7,0.1
397,80.24,100.0,1.723,1722.9,62.5,46.9,27.0,0.0,0.0,1575.0,154.35,63.9,98.0,7.25,11.23,9.65,47.5,0.0,66.4,7.8,92.4,467.0,81.6,125748.6,101369.5,0.1
398,77.74,100.0,1.839,1838.6,62.8,45.5,27.0,0.0,0.0,1575.0,152.78,64.0,97.0,7.25,11.23,9.65,46.0,0.0,66.4,0.7,92.6,467.0,81.6,125748.6,101369.8,0.1
399,86.63,100.0,2.024,2023.7,63.2,44.9,27.0,0.0,0.0,1575.0,154.35,63.9,98.0,7.27,11.21,9.67,45.0,0.0,66.4,7.8,85.9,467.0,81.6,125748.6,101373.1,0.1
400,90.73,100.0,1.738,1738.3,63.2,45.1,27.0,0.0,0.1,1575.0,152.78,64.2,97.0,7.27,11.21,9.67,45.5,0.0,66.4,7.9,88.9,467.0,81.6,125748.6,101374.5,0.1
401,88.17,100.0,1.7,1699.7,63.3,45.6,27.0,0.0,0.0,1575.0,154.35,64.0,98.0,7.27,11.21,9.67,46.1,0.0,66.3,0.5,91.2,467.0,81.6,125748.6,101383.3,0.1
402,84.69,100.0,1.731,1730.6,63.3,46.5,27.0,0.0,0.0,1575.0,154.35,64.2,98.0,7.27,11.21,9.67,47.0,0.0,66.4,7.9,90.4,467.0,81.6,125748.6,101375.7,0.1
403,95.75,100.0,1.9,1900.3,63.4,45.5,27.0,0.0,0.0,1575.0,152.78,64.0,97.0,7.27,11.21,9.67,46.1,0.0,66.4,7.8,90.0,467.0,81.6,125748.6,101376.1,0.1
404,89.15,100.0,1.923,1923.4,63.3,45.3,27.0,0.0,0.0,1575.0,154.35,64.0,98.0,7.27,10.96,9.64,46.2,0.0,66.3,0.6,90.6,467.0,81.6,125748.6,101380.3,0.1
405,61.15,100.0,2.287,2287.3,63.4,42.8,27.0,0.0,0.0,1575.0,152.78,63.9,97.0,7.27,10.96,9.64,43.4,0.0,66.4,7.8,90.1,467.0,81.6,125748.6,101377.6,0.1
406,82.52,100.0,1.823,1823.1,63.6,44.4,27.0,0.0,0.0,1575.0,154.35,64.0,98.0,7.27,10.96,9.64,44.8,0.0,66.4,7.9,90.9,467.0,81.6,125748.6,101370.8,0.1
407,84.66,100.0,1.853,1852.7,63.4,45.4,27.0,0.0,0.0,1575.0,154.35,64.1,98.0,7.27,10.96,9.64,45.9,0.0,66.3,7.8,88.6,467.0,81.6,125748.6,101366.3,0.1
408,85.2,100.0,1.972,1972.3,63.5,45.3,27.0,0.0,0.0,1575.0,152.78,64.3,97.0,7.27,10.96,9.64,46.1,0.0,66.4,0.7,90.0,467.0,81.6,125748.6,101373.4,0.1
409,78.93,100.0,2.141,2140.7,63.5,46.5,27.0,0.0,0.0,1575.0,152.78,64.2,97.0,7.31,11.2,9.72,47.1,0.0,66.4,7.8,91.0,467.0,81.6,125748.6,101370.5,0.1
410,83.01,100.0,1.939,1938.9,63.7,46.5,27.0,0.0,0.0,1575.0,154.35,64.3,98.0,7.31,11.2,9.72,47.0,0.0,66.4,7.8,90.4,467.0,81.6,125748.6,101370.2,0.1
411,82.84,100.0,1.94,1940.1,63.6,47.9,27.0,0.0,0.1,1575.0,154.35,64.2,98.0,7.31,11.2,9.72,48.6,0.0,66.3,0.6,90.7,467.0,81.6,125748.6,101374.2,0.1
412,85.9,100.0,1.971,1971.0,63.6,45.8,27.0,0.0,0.0,1575.0,154.35,64.4,98.0,7.31,11.2,9.72,46.4,0.0,66.4,7.9,89.8,467.0,81.6,125748.6,101373.8,0.1
413,88.75,100.0,1.947,1946.6,63.5,46.3,27.0,0.0,0.0,1575.0,152.78,64.2,97.0,7.31,11.2,9.72,46.8,0.0,66.4,7.8,90.4,467.0,81.6,125748.6,101367.1,0.1
414,84.64,100.0,1.707,1707.4,63.4,47.6,27.0,0.0,0.0,1575.0,152.78,64.5,97.0,7.32,11.02,9.7,47.9,0.0,66.3,0.6,92.0,467.0,81.6,125748.6,101366.3,0.1
415,86.65,100.0,2.226,2225.6,63.0,46.1,27.0,0.0,0.0,1575.0,152.78,64.2,97.0,7.32,11.02,9.7,46.7,0.0,66.4,7.8,87.6,467.0,81.6,125748.6,101367.9,0.1
416,79.0,100.0,1.792,1792.3,63.6,46.5,27.0,0.0,0.0,1575.0,154.35,64.3,98.0,7.32,11.02,9.7,46.7,0.0,66.4,7.8,76.4,467.0,81.6,125748.6,101365.9,0.1
417,67.76,100.0,2.118,2117.6,63.8,45.9,27.0,0.0,0.0,1575.0,152.78,64.1,97.0,7.32,11.02,9.7,46.1,0.0,66.3,0.6,91.0,467.0,81.6,125748.6,101381.6,0.1
418,83.98,100.0,1.815,1815.4,64.0,45.5,27.0,0.0,0.0,1575.0,154.35,64.3,98.0,7.32,11.02,9.7,45.8,0.0,66.4,7.8,88.6,467.0,81.6,125748.6,101369.7,0.1
419,86.79,100.0,1.675,1675.3,63.8,46.1,27.0,0.0,0.0,1575.0,154.35,64.4,98.0,7.35,11.26,9.78,46.6,0.0,66.3,7.8,90.4,467.0,81.6,125748.6,101365.1,0.1
420,67.68,100.0,1.809,1809.0,63.8,44.9,27.0,0.0,0.0,1575.0,154.35,64.2,98.0,7.35,11.26,9.78,44.9,0.0,66.4,0.6,88.8,467.0,81.6,125748.6,101365.4,0.1
421,91.03,100.0,1.977,1977.4,62.9,46.2,27.0,0.0,0.5,1575.0,154.35,64.2,98.0,7.35,11.26,9.78,46.4,0.0,66.4,7.8,77.9,467.0,81.6,125748.6,101368.0,0.1
422,79.25,100.0,2.218,2217.9,63.8,44.8,27.0,0.0,0.0,1575.0,152.78,64.4,97.0,7.35,11.26,9.78,45.2,0.0,66.3,7.9,92.5,467.0,81.6,125748.6,101374.2,0.1
423,69.59,100.0,1.94,1940.1,63.8,46.4,27.0,0.0,0.0,1575.0,152.78,64.2,97.0,7.35,11.26,9.78,47.1,0.0,66.4,7.7,91.1,467.0,81.6,125748.6,101374.0,0.1
424,87.74,100.0,2.157,2157.4,63.9,46.2,27.0,0.0,0.0,1575.0,154.35,64.5,98.0,7.36,11.0,9.75,46.6,0.0,66.3,0.6,91.3,467.0,81.6,125748.6,101373.6,0.1
425,87.14,100.0,1.824,1824.4,63.7,46.6,27.0,0.0,0.1,1575.0,154.35,64.6,98.0,7.36,11.0,9.75,47.0,0.0,66.4,7.8,90.8,467.0,81.6,125748.6,101369.8,0.1
426,81.26,100.0,1.885,1884.9,64.1,48.3,27.0,0.0,0.0,1575.0,154.35,64.4,98.0,7.36,11.0,9.75,48.9,0.0,66.4,7.9,92.2,467.0,81.6,125748.6,101381.3,0.1
427,82.92,100.0,1.823,1823.1,63.2,48.4,27.0,0.0,0.0,1575.0,154.35,64.6,98.0,7.36,11.0,9.75,49.1,0.0,66.3,0.5,90.8,467.0,81.6,125748.6,101377.2,0.1
428,83.12,100.0,1.862,1861.7,63.0,49.3,27.0,0.0,0.0,1575.0,154.35,64.5,98.0,7.36,11.0,9.75,50.3,0.0,66.4,7.8,90.1,467.0,81.6,125748.6,101386.1,0.1
429,101.81,100.0,2.078,2077.7,63.4,49.0,27.0,0.0,0.0,1575.0,154.35,64.7,98.0,7.38,11.08,9.78,50.1,0.0,66.4,7.8,91.0,467.0,81.6,125748.6,101382.4,0.1
430,68.47,100.0,1.855,1855.3,63.5,48.7,27.0,0.0,0.0,1575.0,154.35,64.3,98.0,7.38,11.08,9.78,49.2,0.0,66.3,0.6,90.4,467.0,81.6,125748.6,101383.1,0.1
431,109.52,100.0,2.204,2203.7,63.8,47.8,27.0,0.0,0.1,1575.0,154.35,68.7,98.0,7.38,11.08,9.78,48.8,0.0,66.4,7.8,92.3,467.0,81.6,125748.6,101381.6,0.1
432,90.64,92.9,2.125,2125.3,64.2,45.6,27.0,0.0,0.0,1575.0,152.78,64.9,97.0,7.38,11.08,9.78,46.2,0.0,66.3,7.8,91.1,467.0,81.6,125748.6,101377.7,0.1
433,88.49,100.0,1.923,1923.4,63.3,47.3,27.0,0.0,0.0,1575.0,154.35,64.6,98.0,7.38,11.08,9.78,48.4,0.0,66.4,0.5,90.2,467.0,81.6,125748.6,101384.8,0.1
434,91.41,100.0,2.048,2048.1,63.8,48.7,27.0,0.0,0.0,1575.0,154.35,64.7,98.0,7.41,11.15,9.82,49.3,0.0,66.3,7.9,89.1,467.0,81.6,125748.6,101387.8,0.1
435,75.24,100.0,1.737,1737.0,63.3,47.4,27.0,0.0,0.0,1575.0,152.78,64.4,97.0,7.41,11.15,9.82,48.2,0.0,66.4,7.7,90.0,467.0,81.6,125748.6,101387.8,0.1
436,88.0,100.0,1.466,1465.7,63.6,44.7,27.0,0.0,0.0,1575.0,154.35,64.7,98.0,7.41,11.15,9.82,45.0,0.0,66.3,7.6,83.5,467.0,81.6,125748.6,101375.7,0.1
437,63.12,100.0,1.443,1442.6,63.3,45.9,27.0,0.0,0.1,1575.0,154.35,64.6,98.0,7.41,11.15,9.82,46.2,0.0,66.3,7.6,85.6,467.0,81.6,125748.6,101376.3,0.1
438,80.16,100.0,1.481,1481.1,63.2,45.2,27.0,0.0,0.0,1575.0,154.35,64.6,98.0,7.41,11.15,9.82,45.9,0.0,66.3,0.5,85.4,467.0,81.6,125748.6,101377.5,0.1
439,77.68,100.0,1.466,1465.7,62.9,45.4,27.0,0.0,0.0,1575.0,152.78,64.8,97.0,7.48,11.94,10.01,46.0,0.0,66.4,7.6,84.5,467.0,81.6,125748.6,101376.8,0.1
440,33.91,100.0,1.466,1465.7,63.1,45.5,27.0,0.0,0.0,1548.0,3.1,62.1,2.0,7.48,11.94,10.01,46.3,0.0,66.3,7.6,85.1,467.0,81.6,125748.6,101374.1,0.1
441,31.5,100.0,1.538,1537.7,61.9,41.4,27.0,0.0,0.0,1125.0,1.12,61.0,1.0,7.48,11.94,10.01,41.8,0.0,66.3,0.4,90.1,467.0,81.6,125748.6,101375.9,0.1
442,31.22,100.0,1.507,1506.9,61.0,42.8,27.0,0.0,0.0,711.0,0.0,60.3,0.0,7.48,11.94,10.01,43.8,0.0,66.3,7.6,91.3,467.0,81.6,125748.6,101377.5,0.1
443,29.94,100.0,1.545,1545.4,60.4,43.3,27.0,0.0,0.0,315.0,0.94,59.8,3.0,7.48,11.94,10.01,44.0,0.0,66.3,7.6,91.2,467.0,81.6,125748.6,101377.1,0.1
444,29.57,100.0,1.499,1499.1,60.1,42.4,27.0,0.0,0.0,315.0,0.0,59.5,0.0,7.48,11.63,9.97,43.2,0.0,66.3,0.4,91.7,467.0,81.6,125748.6,101373.7,0.1
445,30.38,100.0,2.048,2048.1,60.8,42.1,27.0,0.0,0.0,315.0,0.0,59.0,0.0,7.48,11.63,9.97,42.4,0.0,66.4,7.7,92.2,467.0,81.6,125748.6,101378.2,0.1
446,73.6,100.0,2.241,2241.0,61.3,52.3,27.0,0.0,0.0,1575.0,154.35,62.5,98.0,7.48,11.63,9.97,52.6,0.0,66.4,7.8,89.8,467.0,81.6,125748.6,101411.6,0.1
447,83.72,100.0,2.344,2343.9,61.7,48.1,27.0,0.0,0.0,1575.0,154.35,62.9,98.0,7.48,11.63,9.97,49.2,0.0,66.4,7.9,92.3,467.0,81.6,125748.6,101410.2,0.1
448,87.28,92.9,1.925,1924.7,61.8,45.4,27.0,0.0,0.1,1575.0,152.78,63.2,97.0,7.48,11.63,9.97,45.8,0.0,66.4,0.6,92.1,467.0,81.6,125748.6,101401.7,0.1
449,82.29,92.9,1.979,1978.7,61.7,46.0,27.0,0.0,0.0,1575.0,152.78,63.1,97.0,7.51,11.66,10.01,46.5,0.0,66.4,7.9,91.3,467.0,81.6,125748.6,101399.5,0.1
450,92.88,92.9,2.372,2372.1,61.8,46.1,27.0,0.0,0.0,1575.0,154.35,63.5,98.0,7.51,11.66,10.01,46.7,0.0,66.4,7.9,90.8,467.0,81.6,125748.6,101399.0,0.1
451,76.52,92.9,2.164,2163.9,62.0,45.0,27.0,0.0,0.5,1575.0,152.78,63.3,97.0,7.51,11.66,10.01,45.5,0.0,66.3,0.6,90.9,467.0,81.6,125748.6,101405.8,0.1
452,91.71,100.0,2.372,2372.1,62.1,44.3,27.0,0.0,0.0,1575.0,154.35,63.7,98.0,7.51,11.66,10.01,44.9,0.0,66.4,7.9,91.5,467.0,81.6,125748.6,101402.6,0.1
453,84.68,100.0,2.178,2178.0,62.5,43.6,27.0,0.0,0.1,1575.0,154.35,63.8,98.0,7.51,11.66,10.01,44.7,0.0,66.4,7.9,90.8,467.0,81.6,125748.6,101412.5,0.1
454,91.21,92.9,2.078,2077.7,62.5,43.0,27.0,0.0,0.0,1575.0,154.35,63.8,98.0,7.52,11.44,9.99,43.9,0.0,64.9,0.6,91.1,467.0,81.6,125748.6,101417.6,0.1
455,98.24,100.0,2.094,2094.4,62.4,44.7,27.0,0.0,0.0,1575.0,152.78,63.9,97.0,7.52,11.44,9.99,45.2,0.0,65.3,7.9,91.1,467.0,81.6,125748.6,101421.5,0.1
456,74.72,100.0,1.971,1971.0,62.6,46.2,27.0,0.0,0.0,1575.0,152.78,63.8,97.0,7.52,11.44,9.99,46.8,0.0,67.3,7.9,92.1,467.0,81.6,125748.6,101423.4,0.1
457,99.61,100.0,1.7,1699.7,62.5,46.7,27.0,0.0,0.0,1575.0,154.35,64.1,98.0,7.52,11.44,9.99,46.8,0.0,66.7,7.8,91.3,467.0,81.6,125748.6,101424.6,0.1
458,93.12,100.0,2.01,2009.6,62.9,46.4,27.0,0.0,0.0,1575.0,154.35,64.1,98.0,7.52,11.44,9.99,46.5,0.0,66.3,7.9,87.2,467.0,81.6,125748.6,101411.5,0.1
459,96.56,100.0,1.769,1769.1,62.7,47.1,27.0,0.0,0.1,1575.0,154.35,64.0,98.0,7.52,11.17,9.96,47.8,0.0,66.1,7.8,92.3,467.0,81.6,125748.6,101419.7,0.1
460,95.19,100.0,1.761,1761.4,63.3,47.5,27.0,0.0,0.0,1575.0,152.78,64.2,97.0,7.52,11.17,9.96,47.8,0.0,66.1,0.7,89.0,467.0,81.6,125748.6,101407.5,0.1
461,97.25,100.0,1.832,1832.1,63.6,46.9,27.0,0.0,0.0,1575.0,152.78,64.2,97.0,7.52,11.17,9.96,47.7,0.0,67.0,7.8,89.3,467.0,81.6,125748.6,101405.1,0.1
462,90.15,100.0,1.692,1692.0,63.3,49.0,27.0,0.0,0.0,1575.0,154.35,64.5,98.0,7.52,11.17,9.96,49.4,0.0,66.8,7.9,88.9,466.0,81.6,125748.6,101404.6,0.1
463,94.58,100.0,2.094,2094.4,63.6,46.8,27.0,0.0,0.0,1575.0,133.88,64.8,85.0,7.52,11.17,9.96,47.6,0.0,66.3,0.6,93.7,466.0,81.6,125748.6,101400.3,0.1
464,96.95,100.0,1.769,1769.1,63.8,48.1,27.0,0.0,0.0,1575.0,152.78,64.6,97.0,7.54,11.15,9.97,49.1,0.0,67.1,7.9,89.8,466.0,81.6,125748.6,101406.1,0.1
465,82.65,100.0,2.024,2023.7,63.0,49.4,27.0,0.0,0.0,1575.0,154.35,64.3,98.0,7.54,11.15,9.97,50.2,0.0,66.7,7.8,92.5,466.0,81.6,125748.6,101401.2,0.1
466,90.16,100.0,1.9,1900.3,62.9,46.7,27.0,0.0,0.0,1575.0,154.35,64.6,98.0,7.54,11.15,9.97,47.1,0.0,66.3,0.7,91.1,466.0,81.6,125748.6,101405.7,0.1
467,90.53,100.0,1.893,1892.6,62.9,46.5,27.0,0.0,0.0,1575.0,152.78,64.2,97.0,7.54,11.15,9.97,47.0,0.0,66.5,7.8,92.2,466.0,81.6,125748.6,101404.8,0.1
468,87.94,100.0,1.777,1776.9,62.7,47.3,27.0,0.0,0.0,1575.0,154.35,64.6,98.0,7.54,11.15,9.97,48.2,0.0,66.4,7.9,91.0,466.0,81.6,125748.6,101399.1,0.1
469,79.16,100.0,1.902,1901.6,62.8,47.4,27.0,0.0,0.1,1575.0,154.35,64.4,98.0,7.58,11.46,10.06,48.0,0.0,66.4,7.8,91.3,466.0,81.6,125748.6,101401.3,0.1
470,88.5,100.0,1.908,1908.0,62.8,44.9,27.0,0.0,0.0,1575.0,152.78,64.7,97.0,7.58,11.46,10.06,45.7,0.0,66.4,0.7,91.2,466.0,81.6,125748.6,101402.3,0.1
471,80.28,100.0,1.971,1971.0,63.4,44.5,27.0,0.0,0.0,1575.0,152.78,64.4,97.0,7.58,11.46,10.06,45.3,0.0,66.0,7.8,90.9,466.0,81.6,125748.6,101405.9,0.1
472,86.16,100.0,1.7,1699.7,62.8,46.8,27.0,0.0,0.0,1575.0,154.35,64.8,98.0,7.58,11.46,10.06,47.4,0.0,66.2,7.9,89.0,466.0,81.6,125748.6,101402.7,0.1
473,90.46,100.0,1.862,1861.7,63.8,45.9,27.0,0.0,0.0,1575.0,152.78,65.1,97.0,7.58,11.46,10.06,46.4,0.0,66.0,0.6,91.2,466.0,81.6,125748.6,101399.8,0.1
474,77.22,100.0,1.823,1823.1,63.3,47.6,27.0,0.0,0.0,1575.0,154.35,64.9,98.0,7.62,11.83,10.16,48.3,0.0,66.2,7.9,90.1,466.0,81.6,125748.6,101405.5,0.1
475,95.87,100.0,2.15,2149.7,64.2,46.6,27.0,0.0,0.0,1575.0,154.35,64.9,98.0,7.62,11.83,10.16,47.3,0.0,67.4,7.8,89.2,466.0,81.6,125748.6,101403.2,0.1
476,86.92,92.9,1.986,1986.4,63.7,45.2,27.0,0.0,0.0,1575.0,152.78,64.7,97.0,7.62,11.83,10.16,45.6,0.0,66.5,0.6,92.4,466.0,81.6,125748.6,101400.1,0.1
477,83.42,92.9,1.971,1971.0,63.6,46.4,27.0,0.0,0.0,1575.0,154.35,65.0,98.0,7.62,11.83,10.16,46.8,0.0,66.3,7.8,91.0,466.0,81.6,125748.6,101399.7,0.1
478,92.42,92.9,2.111,2111.1,63.7,46.8,27.0,0.0,0.0,1575.0,154.35,64.8,98.0,7.62,11.83,10.16,47.2,0.0,66.4,7.8,92.4,466.0,81.6,125748.6,101400.2,0.1
479,86.38,100.0,2.147,2147.1,63.5,47.4,27.0,0.0,0.0,1575.0,154.35,65.0,98.0,7.75,13.36,10.5,48.0,0.0,66.4,7.9,91.5,466.0,81.6,125748.6,101407.2,0.1
480,68.75,100.0,1.97,1969.7,63.6,46.7,27.0,0.0,0.1,1575.0,154.35,64.7,98.0,7.75,13.36,10.5,47.2,0.0,66.3,0.6,91.8,466.0,81.6,125748.6,101406.2,0.1
481,94.92,100.0,1.908,1908.0,63.7,46.5,27.0,0.0,0.5,1575.0,154.35,64.8,98.0,7.75,13.36,10.5,47.0,0.0,66.4,7.8,92.2,466.0,81.6,125748.6,101410.9,0.1
482,80.61,100.0,2.071,2071.3,63.9,47.7,27.0,0.0,0.0,1575.0,154.35,65.1,98.0,7.75,13.36,10.5,48.1,0.0,66.4,7.9,91.2,466.0,81.6,125748.6,101417.5,0.1
483,85.88,92.9,1.948,1947.9,63.7,46.5,27.0,0.0,0.0,1575.0,152.78,65.2,97.0,7.75,13.36,10.5,46.7,0.0,66.4,0.6,90.7,466.0,81.6,125748.6,101419.1,0.1
484,70.19,100.0,2.201,2201.1,64.2,45.0,27.0,0.0,0.0,1575.0,152.78,64.8,97.0,7.8,13.73,10.63,45.5,0.0,66.3,7.8,92.2,465.0,81.6,125748.6,101417.3,0.1
485,90.88,100.0,2.426,2426.1,64.1,44.3,27.0,0.0,0.1,1575.0,154.35,65.2,98.0,7.8,13.73,10.63,44.5,0.0,66.4,7.8,90.0,465.0,81.6,125748.6,101419.7,0.1
486,81.05,100.0,1.97,1969.7,64.5,46.4,27.0,0.0,0.0,1575.0,152.78,65.1,97.0,7.8,13.73,10.63,46.8,0.0,66.4,0.6,90.2,465.0,81.6,125748.6,101417.7,0.1
487,87.51,100.0,2.07,2070.0,64.5,45.2,27.0,0.0,0.0,1575.0,152.78,65.1,97.0,7.8,13.73,10.63,45.8,0.0,66.4,7.9,90.9,465.0,81.6,125748.6,101420.3,0.1
488,90.04,100.0,2.001,2000.6,64.5,46.2,27.0,0.0,0.0,1575.0,154.35,65.2,98.0,7.8,13.73,10.63,46.2,0.0,66.3,7.8,90.1,465.0,81.6,125748.6,101427.3,0.1
489,75.49,100.0,2.055,2054.6,64.5,46.1,27.0,0.0,0.0,1575.0,154.35,65.0,98.0,7.84,13.76,10.68,46.7,0.0,66.4,7.8,90.2,465.0,81.6,125748.6,101429.3,0.1
490,92.17,100.0,1.994,1994.1,64.6,46.8,27.0,0.0,0.1,1575.0,154.35,65.2,98.0,7.84,13.76,10.68,47.0,0.0,66.4,7.9,91.6,465.0,81.6,125748.6,101422.1,0.1
491,86.56,100.0,2.132,2131.7,64.8,45.9,27.0,0.0,0.0,1575.0,154.35,65.3,98.0,7.84,13.76,10.68,46.4,0.0,66.3,0.5,90.2,466.0,81.6,125748.6,101416.5,0.1
492,88.53,100.0,1.877,1877.1,64.7,47.2,27.0,0.0,0.0,1575.0,154.35,65.1,98.0,7.84,13.76,10.68,47.4,0.0,66.4,7.9,91.3,464.0,81.6,125748.6,101418.1,0.1
493,90.08,100.0,2.093,2093.1,64.6,45.5,27.0,0.0,0.0,1575.0,154.35,65.2,98.0,7.84,13.76,10.68,45.8,0.0,66.3,7.8,89.4,464.0,81.6,125748.6,101409.6,0.1
494,71.47,100.0,2.272,2271.9,64.6,45.5,27.0,0.0,0.0,1575.0,152.78,64.9,97.0,7.83,13.13,10.61,46.0,0.0,66.4,7.8,89.5,464.0,81.6,125748.6,101419.5,0.1
495,80.82,100.0,2.172,2171.6,64.8,45.6,27.0,0.0,0.1,1575.0,152.78,65.3,97.0,7.83,13.13,10.61,45.9,0.0,66.4,0.5,90.7,464.0,81.6,125748.6,101413.7,0.1
496,81.77,100.0,1.947,1946.6,64.5,45.9,27.0,0.0,0.0,1575.0,154.35,65.4,98.0,7.83,13.13,10.61,46.0,0.0,66.3,7.9,90.2,464.0,81.6,125748.6,101413.2,0.1
497,89.26,100.0,1.839,1838.6,64.4,47.2,27.0,0.0,0.0,1575.0,152.78,65.3,97.0,7.83,13.13,10.61,47.7,0.0,66.4,7.8,89.1,464.0,81.6,125748.6,101413.7,0.1
498,86.08,100.0,2.164,2163.9,64.6,47.5,27.0,0.0,0.0,1575.0,152.78,65.3,97.0,7.83,13.13,10.61,47.4,0.0,66.3,7.8,87.8,464.0,81.6,125748.6,101418.3,0.1
499,83.14,100.0,1.714,1713.9,63.8,49.1,27.0,0.0,0.0,1575.0,152.78,65.2,97.0,7.83,12.8,10.58,49.7,0.0,66.4,0.5,84.7,464.0,81.6,125748.6,101414.2,0.1
500,93.07,100.0,2.078,2077.7,63.9,49.8,27.0,0.0,0.0,1575.0,154.35,65.9,98.0,7.83,12.8,10.58,50.1,0.0,66.4,7.9,85.4,464.0,81.6,125748.6,101417.1,0.1
501,82.22,100.0,1.934,1933.7,64.6,48.5,27.0,0.0,0.0,1575.0,154.35,65.5,98.0,7.83,12.8,10.58,48.7,0.0,66.3,7.7,88.9,464.0,81.6,125748.6,101416.3,0.1
502,70.66,100.0,1.86,1860.4,65.0,49.3,27.0,0.0,0.0,1575.0,154.35,65.6,98.0,7.83,12.8,10.58,50.1,0.0,66.4,0.6,88.1,464.0,81.6,125748.6,101413.0,0.1
503,88.31,100.0,1.868,1868.1,64.0,48.9,27.0,0.0,0.0,1575.0,154.35,65.6,98.0,7.83,12.8,10.58,49.9,0.0,66.3,7.8,87.4,464.0,81.6,125748.6,101412.9,0.1
504,81.83,100.0,1.792,1792.3,64.3,49.2,27.0,0.0,0.0,1575.0,154.35,65.7,98.0,7.84,12.5,10.55,50.2,0.0,66.4,7.8,87.4,464.0,81.6,125748.6,101421.3,0.1
505,89.57,92.9,1.893,1892.6,64.3,43.0,27.0,0.0,0.0,1575.0,154.35,65.3,98.0,7.84,12.5,10.55,43.6,0.0,66.3,0.4,91.5,464.0,81.6,125748.6,101420.8,0.1
506,35.28,100.0,1.715,1715.1,62.8,42.8,27.0,0.0,0.1,1314.0,0.0,62.1,0.0,7.84,12.5,10.55,43.6,0.0,66.3,7.6,93.2,464.0,81.6,125748.6,101421.6,0.1
507,31.69,100.0,1.853,1852.7,62.2,41.9,27.0,0.0,0.0,909.0,0.91,61.3,1.0,7.84,12.5,10.55,42.8,0.0,66.4,7.6,90.7,464.0,81.6,125748.6,101414.0,0.1
508,30.1,100.0,1.714,1713.9,61.9,42.4,27.0,0.0,0.0,495.0,0.0,60.7,0.0,7.84,12.5,10.55,43.3,0.0,66.3,0.4,90.8,464.0,81.6,125748.6,101415.6,0.1
509,32.36,100.0,1.66,1659.9,61.7,44.0,27.0,0.0,0.0,315.0,0.0,60.2,0.0,7.86,12.46,10.58,45.1,0.0,66.3,7.6,90.8,463.0,81.6,125748.6,101421.6,0.1
510,31.67,100.0,1.707,1707.4,61.4,44.2,27.0,0.0,0.0,315.0,0.0,59.9,0.0,7.86,12.46,10.58,45.3,0.0,66.3,7.7,91.7,463.0,81.6,125748.6,101417.9,0.1
511,30.42,100.0,1.745,1744.7,60.3,43.8,27.0,0.0,0.6,315.0,0.0,59.5,0.0,7.86,12.46,10.58,45.0,0.0,66.3,7.6,95.6,463.0,81.6,125748.6,101418.3,0.1
512,31.05,100.0,1.675,1675.3,59.8,43.1,27.0,0.0,0.0,315.0,0.0,59.2,0.0,7.86,12.46,10.58,44.6,0.0,66.4,0.4,95.4,463.0,81.6,125748.6,101419.7,0.1
513,31.28,100.0,1.621,1621.3,59.8,42.5,27.0,0.0,0.0,315.0,0.0,58.9,0.0,7.86,12.46,10.58,43.3,0.0,66.3,7.6,95.7,463.0,81.6,125748.6,101418.0,0.1
514,30.36,100.0,1.606,1605.9,59.6,43.3,27.0,0.0,0.0,315.0,0.0,58.6,0.0,7.86,12.02,10.52,44.0,0.0,63.4,7.6,94.4,463.0,81.6,125748.6,101415.2,0.1
515,81.1,100.0,1.824,1824.4,61.1,48.1,27.0,0.0,0.0,1575.0,152.78,61.8,97.0,7.86,12.02,10.52,48.7,0.0,65.6,7.7,88.5,463.0,81.7,125748.6,101494.9,0.1
516,98.37,100.0,1.853,1852.7,61.8,49.6,27.0,0.0,0.1,1575.0,154.35,62.8,98.0,7.86,12.02,10.52,50.5,0.0,66.8,0.5,91.0,463.0,81.7,125748.6,101565.6,0.1
517,99.48,100.0,1.971,1971.0,62.1,49.7,27.0,0.0,0.0,1575.0,154.35,62.8,98.0,7.86,12.02,10.52,50.4,0.0,66.3,7.8,87.9,463.0,81.7,125748.6,101563.3,0.1
518,98.17,100.0,2.094,2094.4,62.9,53.0,27.0,0.0,0.0,1575.0,154.35,63.2,98.0,7.86,12.02,10.52,53.6,0.0,66.2,0.6,91.4,463.0,81.8,125748.6,101595.9,0.1
519,97.2,100.0,2.079,2079.0,62.6,53.5,27.0,0.0,0.0,1575.0,154.35,63.4,98.0,7.88,11.94,10.53,54.0,0.0,66.1,0.5,100.0,463.0,81.8,125748.6,101652.5,0.1
520,83.96,100.0,1.886,1886.1,61.6,49.4,27.0,0.0,0.0,1575.0,154.35,63.6,98.0,7.88,11.94,10.53,50.0,0.0,66.9,7.8,88.0,463.0,81.8,125748.6,101646.8,0.1
521,100.16,100.0,2.273,2273.1,62.8,51.9,27.0,0.0,0.0,1575.0,154.35,63.7,98.0,7.88,11.94,10.53,52.3,0.0,66.6,0.5,88.1,463.0,81.7,125748.6,101490.0,0.1
522,84.63,100.0,1.894,1893.9,62.2,49.5,27.0,0.0,0.1,1575.0,154.35,63.7,98.0,7.88,11.94,10.53,49.8,0.0,66.6,8.0,75.6,463.0,81.7,125748.6,101515.3,0.1
523,100.97,100.0,2.367,2367.0,63.2,48.5,27.0,0.0,0.0,1575.0,152.78,63.9,97.0,7.88,11.94,10.53,48.7,0.0,66.1,0.5,90.9,463.0,81.7,125748.6,101503.5,0.1
524,125.72,100.0,2.258,2257.7,63.5,52.2,27.0,0.0,0.0,1575.0,152.78,67.9,97.0,7.9,12.02,10.57,52.6,0.0,66.4,0.6,94.9,463.0,81.7,125748.6,101547.0,0.1
525,92.51,100.0,2.147,2147.1,63.3,47.5,27.0,0.0,0.0,1575.0,154.35,63.9,98.0,7.9,12.02,10.57,48.1,0.0,66.8,7.8,89.8,461.0,81.6,125748.6,101448.6,0.1
526,77.93,100.0,1.999,1999.3,62.9,53.0,27.0,0.0,0.0,1575.0,152.78,64.3,97.0,7.9,12.02,10.57,53.5,0.0,67.1,0.6,100.0,461.0,81.7,125748.6,101469.8,0.1
527,97.76,100.0,1.923,1923.4,63.2,53.2,27.0,0.0,0.0,1575.0,152.78,64.6,97.0,7.9,12.02,10.57,53.4,0.0,66.1,0.5,100.0,461.0,81.7,125748.6,101521.6,0.1
528,93.02,100.0,1.868,1868.1,63.5,50.9,27.0,0.0,0.0,1575.0,154.35,64.4,98.0,7.9,12.02,10.57,51.9,0.0,66.5,7.9,87.9,461.0,81.7,125748.6,101566.7,0.1
529,84.12,100.0,2.017,2017.3,64.5,49.9,27.0,0.0,0.0,1575.0,152.78,64.6,97.0,7.95,12.42,10.67,50.8,0.0,67.3,0.5,88.1,461.0,81.7,125748.6,101507.4,0.1
530,93.29,100.0,2.24,2239.7,64.8,51.6,27.0,0.0,0.0,1575.0,154.35,64.7,98.0,7.95,12.42,10.67,51.4,0.0,66.0,4.8,90.1,461.0,81.7,125748.6,101515.3,0.1
531,97.58,100.0,2.055,2054.6,63.7,49.2,27.0,0.0,0.0,1575.0,152.78,64.6,97.0,7.95,12.42,10.67,49.5,0.0,65.7,3.6,86.4,461.0,81.7,125748.6,101493.0,0.1
532,97.18,100.0,2.327,2327.1,63.9,50.8,27.0,0.0,0.1,1575.0,154.35,64.9,98.0,7.95,12.42,10.67,51.6,0.0,66.9,0.6,88.9,461.0,81.7,125748.6,101505.7,0.1
533,89.2,100.0,2.264,2264.1,63.7,52.3,27.0,0.0,0.0,1575.0,154.35,65.2,98.0,7.95,12.42,10.67,53.1,0.0,65.4,0.5,88.6,461.0,81.8,125748.6,101589.5,0.1
534,104.07,100.0,2.087,2086.7,64.1,53.2,27.0,0.0,0.0,1575.0,154.35,65.1,98.0,7.97,12.39,10.7,53.7,0.0,65.2,7.9,91.0,461.0,81.8,125748.6,101638.6,0.1
535,94.45,100.0,2.164,2163.9,64.6,49.3,27.0,0.0,0.0,1575.0,154.35,65.2,98.0,7.97,12.39,10.7,50.5,0.0,66.0,0.5,88.4,461.0,81.7,125748.6,101496.8,0.1
536,105.47,100.0,2.241,2241.0,65.0,53.3,27.0,0.0,0.0,1575.0,152.78,65.2,97.0,7.97,12.39,10.7,53.4,0.0,67.3,0.6,100.0,461.0,81.7,125748.6,101527.8,0.1
537,95.71,100.0,1.971,1971.0,64.0,53.1,27.0,0.0,0.1,1575.0,152.78,65.2,97.0,7.97,12.39,10.7,53.7,0.0,66.4,7.8,88.9,461.0,81.7,125748.6,101547.0,0.1
538,42.22,100.0,2.163,2162.6,63.7,48.7,27.0,0.0,0.0,1575.0,154.35,62.8,98.0,7.97,12.39,10.7,49.1,0.0,66.0,0.6,88.4,461.0,81.6,125748.6,101448.1,0.1
539,100.95,100.0,2.227,2226.9,65.1,52.6,27.0,0.0,0.0,1575.0,152.78,65.3,97.0,7.99,12.2,10.68,53.7,0.0,66.3,0.5,97.0,461.0,81.7,125748.6,101512.8,0.1
540,94.18,100.0,1.956,1955.6,65.5,53.4,27.0,0.0,0.0,1575.0,154.35,65.2,98.0,7.99,12.2,10.68,54.2,0.0,62.7,0.6,100.0,462.0,81.8,125748.6,101595.8,0.1
541,79.13,100.0,2.008,2008.3,64.8,51.7,27.0,0.0,0.5,1575.0,152.78,65.2,97.0,7.99,12.2,10.68,52.0,0.0,66.4,0.5,100.0,462.0,81.8,125748.6,101613.3,0.1
542,98.75,100.0,1.831,1830.9,64.6,51.5,27.0,0.0,0.1,1575.0,154.35,65.4,98.0,7.99,12.2,10.68,51.7,0.0,66.3,0.6,100.0,462.0,81.8,125748.6,101674.2,0.1
543,99.75,100.0,2.079,2079.0,63.9,51.0,27.0,0.0,0.0,1575.0,154.35,65.3,98.0,7.99,12.2,10.68,51.0,0.0,66.4,0.5,100.0,462.0,81.8,125748.6,101684.9,0.1
544,99.12,100.0,1.746,1746.0,63.6,47.2,27.0,0.0,0.0,1575.0,154.35,65.4,98.0,7.97,11.7,10.61,47.9,0.0,66.4,7.9,87.5,462.0,81.8,125748.6,101668.6,0.1
545,101.12,100.0,2.087,2086.7,64.3,50.4,27.0,0.6,0.0,1575.0,154.35,65.7,98.0,7.97,11.7,10.61,50.7,0.0,66.3,0.6,94.0,462.0,81.7,125748.6,101537.0,0.1
546,95.98,100.0,2.281,2280.9,64.6,47.1,27.0,0.0,0.0,1575.0,154.35,65.8,98.0,7.97,11.7,10.61,47.6,0.0,66.7,0.5,100.0,462.0,81.8,125748.6,101584.5,0.1
547,93.52,92.9,2.039,2039.1,64.7,46.5,27.0,0.0,0.0,1575.0,154.35,65.7,98.0,7.97,11.7,10.61,46.5,0.0,66.4,0.5,100.0,462.0,81.8,125748.6,101611.3,0.1
548,89.26,100.0,2.204,2203.7,64.4,49.1,27.0,0.0,0.1,1575.0,154.35,66.1,98.0,7.97,11.7,10.61,49.5,0.0,66.1,0.6,100.0,462.0,81.8,125748.6,101628.5,0.1
549,97.88,100.0,2.04,2040.4,64.5,48.8,27.0,0.0,0.0,1575.0,154.35,65.9,98.0,7.98,11.48,10.58,48.8,0.0,66.3,0.5,100.0,462.0,81.8,125748.6,101674.0,0.1
550,99.05,100.0,2.031,2031.4,64.5,49.9,27.0,0.0,0.0,1575.0,154.35,65.8,98.0,7.98,11.48,10.58,50.7,0.0,66.6,0.6,100.0,462.0,81.8,125748.6,101685.8,0.1
551,99.28,100.0,1.481,1481.1,63.8,49.7,27.0,0.0,0.0,1575.0,154.35,65.5,98.0,7.98,11.48,10.58,50.1,0.0,66.8,7.8,84.4,462.0,81.8,125748.6,101674.6,0.1
552,77.68,100.0,2.321,2320.7,65.1,49.3,27.0,0.0,0.0,1575.0,154.35,65.7,98.0,7.98,11.48,10.58,49.5,0.0,65.6,0.6,89.2,462.0,81.7,125748.6,101533.6,0.1
553,100.24,100.0,2.241,2241.0,64.3,49.2,27.0,0.0,0.1,1575.0,152.78,66.0,97.0,7.98,11.48,10.58,49.5,0.0,67.0,0.6,100.0,462.0,81.8,125748.6,101581.1,0.1
554,92.04,100.0,1.467,1467.0,65.0,47.7,27.0,0.0,0.0,1575.0,154.35,66.0,98.0,7.98,11.12,10.52,48.3,0.0,66.2,7.8,85.2,462.0,81.8,125748.6,101581.0,0.1
555,103.83,100.0,1.822,1821.9,64.7,48.8,27.0,0.0,0.0,1575.0,154.35,66.1,98.0,7.98,11.12,10.52,48.9,0.0,66.8,0.5,91.0,462.0,81.7,125748.6,101494.5,0.1
556,100.49,100.0,1.785,1784.6,64.6,48.0,27.0,0.0,0.0,1575.0,152.78,66.0,97.0,7.98,11.12,10.52,48.4,0.0,65.5,7.9,85.6,462.0,81.7,125748.6,101474.1,0.1
557,102.42,100.0,1.968,1968.4,65.6,51.9,27.0,0.0,0.0,1575.0,154.35,66.2,98.0,7.98,11.12,10.52,52.2,0.0,66.9,7.8,90.8,463.0,81.7,125748.6,101496.6,0.1
558,119.45,100.0,1.715,1715.1,65.3,48.3,27.0,0.0,0.0,1575.0,152.78,72.0,97.0,7.98,11.12,10.52,48.8,0.0,66.4,0.6,85.1,462.0,81.7,125748.6,101478.1,0.1
559,98.01,100.0,1.435,1434.9,64.8,48.4,27.0,0.0,0.0,1575.0,154.35,66.2,98.0,8.0,11.2,10.54,48.9,0.0,66.8,7.8,84.1,462.0,81.7,125748.6,101487.1,0.1
560,93.77,100.0,1.644,1644.4,65.1,46.5,27.0,0.0,0.0,1575.0,154.35,66.1,98.0,8.0,11.2,10.54,46.6,0.0,65.3,7.8,84.1,462.0,81.7,125748.6,101472.0,0.1
561,89.67,100.0,1.917,1917.0,65.2,47.4,27.0,0.0,0.0,1575.0,154.35,65.9,98.0,8.0,11.2,10.54,48.0,0.0,66.4,0.6,89.4,462.0,81.7,125748.6,101467.4,0.1
562,97.39,100.0,1.947,1946.6,64.7,48.2,27.0,0.0,0.1,1575.0,152.78,66.0,97.0,8.0,11.2,10.54,48.9,0.0,66.4,7.8,90.2,462.0,81.7,125748.6,101490.0,0.1
563,93.07,100.0,2.125,2125.3,65.2,48.5,27.0,0.0,0.0,1575.0,154.35,66.0,98.0,8.0,11.2,10.54,49.0,0.0,66.3,0.6,89.8,462.0,81.7,125748.6,101491.2,0.1
564,73.32,100.0,1.365,1365.4,63.9,48.3,27.0,0.0,0.0,1575.0,152.78,65.8,97.0,7.99,10.86,10.49,49.2,0.0,66.3,7.8,85.7,462.0,81.7,125748.6,101492.8,0.1
565,97.24,100.0,1.839,1838.6,64.9,48.2,27.0,0.0,0.0,1575.0,152.78,66.1,97.0,7.99,10.86,10.49,48.1,0.0,66.4,0.5,85.7,462.0,81.7,125748.6,101487.7,0.1
566,91.04,100.0,1.746,1746.0,65.1,45.2,27.0,0.0,0.0,1575.0,152.78,66.0,97.0,7.99,10.86,10.49,45.6,0.0,66.3,7.8,65.9,463.0,81.7,125748.6,101491.1,0.1
567,92.21,100.0,1.903,1902.9,65.1,48.0,27.0,0.0,0.0,1575.0,154.35,65.9,98.0,7.99,10.86,10.49,48.0,0.0,66.4,7.9,82.8,463.0,81.7,125748.6,101478.4,0.1
568,96.46,100.0,1.925,1924.7,65.1,48.0,27.0,0.0,0.0,1575.0,154.35,66.2,98.0,7.99,10.86,10.49,48.7,0.0,66.9,7.8,91.1,463.0,81.7,125748.6,101476.4,0.1
569,96.44,100.0,1.824,1824.4,65.0,45.9,27.0,0.0,0.1,1575.0,152.78,66.3,97.0,8.01,10.95,10.51,46.7,0.0,66.7,0.6,90.8,463.0,81.7,125748.6,101473.7,0.1
570,64.26,100.0,1.94,1940.1,64.9,45.9,27.0,0.0,0.0,1575.0,152.78,65.8,97.0,8.01,10.95,10.51,46.4,0.0,65.5,7.7,92.0,463.0,81.7,125748.6,101477.9,0.1
571,97.49,100.0,1.754,1753.7,64.8,46.8,27.0,0.0,0.6,1575.0,154.35,66.2,98.0,8.01,10.95,10.51,47.2,0.0,66.4,7.8,91.3,463.0,81.6,125748.6,101421.7,0.1
572,70.46,100.0,1.9,1900.3,64.6,48.7,27.0,0.0,0.0,1575.0,152.78,65.8,97.0,8.01,10.95,10.51,49.0,0.0,66.3,7.9,88.6,463.0,81.6,125748.6,101420.3,0.1
573,92.61,100.0,1.815,1815.4,64.5,47.4,27.0,0.0,0.0,1575.0,152.78,66.1,97.0,8.01,10.95,10.51,47.9,0.0,66.4,0.5,90.3,463.0,81.6,125748.6,101424.8,0.1
574,89.43,100.0,1.653,1653.4,64.4,48.3,27.0,0.0,0.0,1575.0,154.35,66.0,98.0,8.0,10.55,10.44,48.4,0.0,66.3,7.8,90.9,463.0,81.6,125748.6,101424.9,0.1
575,87.58,100.0,1.869,1869.4,64.5,46.0,27.0,0.0,0.1,1575.0,154.35,66.1,98.0,8.0,10.55,10.44,46.1,0.0,66.4,7.8,91.1,463.0,81.6,125748.6,101419.8,0.1
576,76.59,100.0,1.443,1442.6,63.9,47.1,27.0,0.0,0.0,1575.0,154.35,65.9,98.0,8.0,10.55,10.44,47.7,0.0,66.3,0.6,87.1,464.0,81.6,125748.6,101423.0,0.1
577,95.29,100.0,1.536,1536.4,64.4,49.5,27.0,0.0,0.0,1575.0,152.78,66.3,97.0,8.0,10.55,10.44,49.7,0.0,66.4,7.8,86.5,464.0,81.6,125748.6,101429.5,0.1
578,72.25,100.0,1.668,1667.6,64.6,47.8,27.0,0.0,0.0,1575.0,154.35,66.0,98.0,8.0,10.55,10.44,48.5,0.0,66.3,7.8,85.9,465.0,81.6,125748.6,101424.9,0.1
579,99.57,100.0,1.722,1721.6,64.5,47.6,27.0,0.0,0.0,1575.0,154.35,66.1,98.0,8.0,10.27,10.38,48.3,0.0,66.4,0.5,89.8,465.0,81.6,125748.6,101424.4,0.1
580,95.16,100.0,1.629,1629.0,64.6,49.2,27.0,0.0,0.1,1575.0,154.35,66.0,98.0,8.0,10.27,10.38,49.8,0.0,66.3,7.8,88.8,465.0,81.6,125748.6,101424.8,0.1
581,90.24,100.0,1.561,1560.9,64.8,48.3,27.0,0.0,0.0,1575.0,154.35,65.8,98.0,8.0,10.27,10.38,48.4,0.0,66.4,7.8,90.2,465.0,81.6,125748.6,101426.6,0.1
582,79.52,100.0,1.945,1945.3,64.8,48.3,27.0,0.0,0.0,1575.0,152.78,66.0,97.0,8.0,10.27,10.38,49.2,0.0,66.3,7.8,89.7,465.0,81.6,125748.6,101426.0,0.1
583,81.32,100.0,1.799,1798.7,64.5,48.1,27.0,0.0,0.0,1575.0,152.78,66.2,97.0,8.0,10.27,10.38,49.0,0.0,66.4,0.6,89.0,465.0,81.6,125748.6,101430.8,0.1
584,78.55,100.0,1.877,1877.1,65.8,46.2,27.0,0.0,0.0,1575.0,154.35,66.1,98.0,8.01,10.33,10.39,46.9,0.0,66.4,7.8,88.4,465.0,81.6,125748.6,101432.3,0.1
585,87.85,100.0,1.76,1760.1,65.6,47.5,27.0,0.0,0.0,1575.0,154.35,66.2,98.0,8.01,10.33,10.39,48.3,0.0,66.3,7.8,88.8,465.0,81.6,125748.6,101431.4,0.1
586,85.29,100.0,1.59,1590.4,65.5,46.7,27.0,0.0,0.0,1575.0,154.35,65.9,98.0,8.01,10.33,10.39,47.2,0.0,66.4,7.8,88.8,465.0,81.6,125748.6,101440.7,0.1
587,81.17,100.0,1.683,1683.0,65.4,46.1,27.0,0.0,0.0,1575.0,154.35,66.1,98.0,8.01,10.33,10.39,46.7,0.0,66.3,0.6,89.8,465.0,81.6,125748.6,101428.1,0.1
588,85.67,100.0,1.714,1713.9,65.6,46.4,27.0,0.0,0.1,1575.0,154.35,65.8,98.0,8.01,10.33,10.39,47.2,0.0,66.3,7.7,89.0,465.0,81.6,125748.6,101431.1,0.1
589,92.28,100.0,1.845,1845.0,64.5,45.8,27.0,0.0,0.0,1575.0,154.35,66.2,98.0,8.02,10.3,10.38,46.2,0.0,66.4,7.9,87.1,465.0,81.6,125748.6,101433.2,0.1
590,74.98,100.0,1.882,1882.3,64.6,46.0,27.0,0.0,0.0,1575.0,154.35,65.7,98.0,8.02,10.3,10.38,46.6,0.0,66.4,0.5,88.0,465.0,81.6,125748.6,101430.1,0.1
591,81.37,100.0,1.675,1675.3,64.6,47.7,27.0,0.0,0.0,1575.0,154.35,66.0,98.0,8.02,10.3,10.38,48.4,0.0,66.3,7.8,87.4,465.0,81.6,125748.6,101435.0,0.1
592,63.68,100.0,1.675,1675.3,64.7,46.7,27.0,0.0,0.0,1575.0,152.78,65.9,97.0,8.02,10.3,10.38,47.4,0.0,66.4,7.8,87.6,465.0,81.6,125748.6,101433.4,0.1
593,85.76,100.0,1.713,1712.6,64.6,46.0,27.0,0.0,0.0,1575.0,154.35,66.0,98.0,8.02,10.3,10.38,46.8,0.0,66.3,7.8,87.6,465.0,81.6,125748.6,101429.5,0.1
594,82.44,100.0,1.691,1690.7,64.6,46.5,27.0,0.0,0.0,1575.0,154.35,66.1,98.0,8.04,10.36,10.39,46.7,0.0,66.3,7.8,87.8,465.0,81.6,125748.6,101430.4,0.1
595,77.31,100.0,1.729,1729.3,64.4,45.9,27.0,0.0,0.1,1575.0,154.35,65.9,98.0,8.04,10.36,10.39,46.1,0.0,66.4,0.5,87.7,465.0,81.6,125748.6,101429.7,0.1
596,88.88,100.0,1.76,1760.1,64.9,47.2,27.0,0.0,0.0,1575.0,152.78,66.2,97.0,8.04,10.36,10.39,48.0,0.0,66.3,7.8,87.4,465.0,81.6,125748.6,101440.9,0.1
597,67.73,100.0,1.785,1784.6,65.3,46.1,27.0,0.0,0.0,1575.0,152.78,66.0,97.0,8.04,10.36,10.39,46.7,0.0,66.4,7.9,86.9,465.0,81.6,125748.6,101430.0,0.1
598,90.53,100.0,1.529,1528.7,65.8,47.4,27.0,0.0,0.0,1575.0,154.35,66.1,98.0,8.04,10.36,10.39,48.2,0.0,66.3,0.5,87.6,465.0,81.6,125748.6,101434.0,0.1
599,86.77,100.0,1.939,1938.9,65.1,46.4,27.0,0.0,0.0,1575.0,152.78,66.1,97.0,8.05,10.33,10.39,46.7,0.0,66.4,7.8,89.5,465.0,81.6,125748.6,101437.1,0.1
600,98.54,100.0,2.181,2180.6,65.2,44.0,27.0,0.0,0.0,1575.0,154.35,66.1,98.0,8.05,10.33,10.39,44.9,0.0,66.3,7.7,91.5,465.0,81.7,125748.6,101461.9,0.1
601,102.75,100.0,1.954,1954.3,64.6,45.2,27.0,0.0,0.6,1566.0,0.0,64.7,0.0,8.05,10.33,10.39,45.6,0.0,66.4,0.4,87.6,465.0,81.7,125748.6,101451.9,0.1
602,68.84,100.0,1.808,1807.7,64.6,46.5,27.0,0.0,0.1,1575.0,154.35,66.0,98.0,8.05,10.33,10.39,46.7,0.0,66.4,7.8,90.1,465.0,81.6,125748.6,101437.8,0.1
603,84.31,100.0,1.839,1838.6,65.7,46.6,27.0,0.0,0.0,1575.0,154.35,66.1,98.0,8.05,10.33,10.39,47.0,0.0,66.3,7.8,88.0,465.0,81.6,125748.6,101437.3,0.1
604,78.99,100.0,1.785,1784.6,65.8,45.8,27.0,0.0,0.0,1575.0,154.35,66.2,98.0,8.08,10.62,10.45,46.0,0.0,66.4,7.9,82.8,465.0,81.6,125748.6,101437.9,0.1
605,73.86,100.0,1.638,1638.0,66.0,46.8,27.0,0.0,0.0,1575.0,154.35,66.0,98.0,8.08,10.62,10.45,47.3,0.0,66.3,0.5,90.0,465.0,81.6,125748.6,101437.1,0.1
606,87.12,100.0,1.437,1437.4,65.8,44.5,27.0,0.0,0.0,1575.0,154.35,65.8,98.0,8.08,10.62,10.45,45.0,0.0,66.3,7.7,89.2,465.0,81.6,125748.6,101438.9,0.1
607,75.92,100.0,1.437,1437.4,65.6,45.0,27.0,0.0,0.0,1575.0,152.78,65.7,97.0,8.08,10.62,10.45,46.0,0.0,66.3,7.6,91.1,464.0,81.7,125748.6,101452.0,0.1
608,72.54,100.0,1.522,1522.3,65.7,45.1,27.0,0.0,0.1,1575.0,152.78,65.9,97.0,8.08,10.62,10.45,46.0,0.0,66.4,0.4,91.2,464.0,81.6,125748.6,101438.1,0.1
609,32.91,100.0,1.538,1537.7,65.0,44.1,27.0,0.0,0.0,1575.0,154.35,64.3,98.0,8.09,10.57,10.44,45.0,0.0,66.3,7.6,88.6,464.0,81.6,125748.6,101434.7,0.1
610,30.55,100.0,1.53,1530.0,63.7,44.1,27.0,0.0,0.0,1215.0,0.0,62.5,0.0,8.09,10.57,10.44,45.1,0.0,66.3,7.6,92.0,464.0,81.6,125748.6,101437.0,0.1
611,29.72,100.0,1.515,1514.6,63.1,44.3,27.0,0.0,0.0,792.0,0.0,61.9,0.0,8.09,10.57,10.44,45.9,0.0,66.3,0.4,92.0,464.0,81.6,125748.6,101437.2,0.1
612,29.33,100.0,1.646,1645.7,62.4,43.7,27.0,0.0,0.0,360.0,0.0,61.2,0.0,8.09,10.57,10.44,44.6,0.0,66.3,7.6,88.3,464.0,81.6,125748.6,101436.3,0.1
613,28.68,100.0,1.646,1645.7,61.9,42.0,27.0,0.0,0.0,315.0,0.0,60.8,0.0,8.09,10.57,10.44,42.8,0.0,66.4,7.7,90.5,464.0,81.6,125748.6,101434.9,0.1
614,29.67,100.0,1.67,1670.1,61.4,42.9,27.0,0.0,0.0,315.0,0.0,60.5,0.0,8.11,10.61,10.45,43.8,0.0,66.3,0.3,91.8,464.0,81.6,125748.6,101435.2,0.1
615,29.29,100.0,1.746,1746.0,61.2,42.6,27.0,0.0,0.0,315.0,0.0,60.2,0.0,8.11,10.61,10.45,43.9,0.0,66.3,7.7,91.4,464.0,81.6,125748.6,101434.8,0.1
616,73.61,100.0,1.932,1932.4,62.9,47.8,27.0,0.0,0.1,1575.0,154.35,63.2,98.0,8.11,10.61,10.45,48.5,0.0,66.5,7.8,88.5,464.0,81.7,125748.6,101452.8,0.1
617,91.71,100.0,1.86,1860.4,63.1,47.9,27.0,0.0,0.0,1575.0,152.78,64.0,97.0,8.11,10.61,10.45,48.6,0.0,66.3,0.5,87.4,464.0,81.7,125748.6,101449.8,0.1
618,82.45,100.0,1.776,1775.6,63.2,46.1,27.0,0.0,0.0,1575.0,152.78,64.1,97.0,8.11,10.61,10.45,46.7,0.0,66.4,7.9,88.4,464.0,81.6,125748.6,101435.9,0.1
619,85.06,100.0,1.86,1860.4,63.4,47.6,27.0,0.0,0.0,1575.0,152.78,64.2,97.0,8.09,10.16,10.36,48.2,0.0,66.4,7.9,86.0,464.0,81.6,125748.6,101436.2,0.1
620,76.26,100.0,1.846,1846.3,63.8,50.3,27.0,0.0,0.0,1575.0,154.35,64.3,98.0,8.09,10.16,10.36,51.1,0.0,66.4,7.9,87.2,464.0,81.6,125748.6,101436.5,0.1
621,95.42,100.0,1.863,1863.0,64.1,47.7,27.0,0.0,0.0,1575.0,152.78,64.4,97.0,8.09,10.16,10.36,48.0,0.0,66.4,0.7,89.5,464.0,81.6,125748.6,101437.1,0.1
622,84.97,100.0,1.745,1744.7,63.2,49.6,27.0,0.0,0.0,1575.0,152.78,64.8,97.0,8.09,10.16,10.36,49.5,0.0,66.4,7.9,86.0,464.0,81.6,125748.6,101438.2,0.1
623,65.27,100.0,1.646,1645.7,63.5,49.0,27.0,0.0,0.0,1575.0,154.35,64.5,98.0,8.09,10.16,10.36,49.6,0.0,66.4,7.9,89.7,464.0,81.6,125748.6,101437.7,0.1
624,82.21,100.0,1.8,1800.0,63.8,47.0,27.0,0.0,0.0,1575.0,154.35,64.8,98.0,8.11,10.23,10.37,47.9,0.0,66.4,7.9,90.0,464.0,81.7,125748.6,101452.5,0.1
625,74.14,100.0,1.985,1985.1,63.5,47.5,27.0,0.0,0.0,1575.0,154.35,64.8,98.0,8.11,10.23,10.37,48.2,0.0,66.4,7.9,90.0,464.0,81.6,125748.6,101447.0,0.1
626,86.93,100.0,1.607,1607.1,63.4,48.1,27.0,0.0,0.1,1575.0,152.78,64.7,97.0,8.11,10.23,10.37,48.7,0.0,66.4,0.7,90.1,464.0,81.6,125748.6,101446.9,0.1
627,73.91,100.0,1.832,1832.1,63.9,48.2,27.0,0.0,0.0,1575.0,154.35,65.0,98.0,8.11,10.23,10.37,49.0,0.0,66.4,7.9,89.5,464.0,81.6,125748.6,101445.3,0.1
628,85.52,100.0,1.545,1545.4,63.6,49.6,27.0,0.0,0.0,1575.0,152.78,65.1,97.0,8.11,10.23,10.37,50.2,0.0,66.4,7.8,89.0,464.0,81.6,125748.6,101448.9,0.1
629,77.84,100.0,1.63,1630.3,63.9,48.0,27.0,0.0,0.0,1575.0,154.35,65.0,98.0,8.11,10.05,10.33,48.5,0.0,66.4,0.7,91.0,464.0,81.6,125748.6,101445.9,0.1
630,79.86,100.0,1.575,1575.0,63.7,49.8,27.0,0.0,0.0,1575.0,152.78,65.1,97.0,8.11,10.05,10.33,50.4,0.0,66.4,7.9,88.5,464.0,81.6,125748.6,101446.3,0.1
631,88.8,100.0,2.186,2185.7,64.1,48.6,27.0,0.0,0.6,1575.0,152.78,65.6,97.0,8.11,10.05,10.33,49.1,0.0,66.3,7.8,86.0,464.0,81.6,125748.6,101447.0,0.1
632,82.54,100.0,1.814,1814.1,65.1,47.8,27.0,0.0,0.0,1575.0,154.35,65.3,98.0,8.11,10.05,10.33,48.5,0.0,66.5,0.6,88.8,464.0,81.6,125748.6,101446.6,0.1
633,88.34,100.0,1.705,1704.9,64.8,48.7,27.0,0.0,0.1,1575.0,154.35,65.4,98.0,8.11,10.05,10.33,49.6,0.0,66.3,7.9,87.4,464.0,81.6,125748.6,101448.3,0.1
634,81.92,100.0,2.088,2088.0,65.3,48.4,27.0,0.0,0.0,1575.0,154.35,65.9,98.0,8.11,9.88,10.29,48.5,0.0,66.5,7.9,91.1,464.0,81.7,125748.6,101456.0,0.1
635,85.85,100.0,2.055,2054.6,65.4,46.9,27.0,0.0,0.0,1575.0,152.78,65.9,97.0,8.11,9.88,10.29,48.0,0.0,66.4,7.9,89.8,464.0,81.7,125748.6,101457.1,0.1
636,83.98,100.0,2.219,2219.1,65.3,46.0,27.0,0.0,0.0,1575.0,154.35,65.6,98.0,8.11,9.88,10.29,46.7,0.0,66.4,0.7,91.2,464.0,81.7,125748.6,101457.3,0.1
637,97.49,100.0,1.994,1994.1,64.3,46.2,27.0,0.0,0.0,1575.0,154.35,65.8,98.0,8.11,9.88,10.29,46.9,0.0,66.4,7.9,89.9,464.0,81.7,125748.6,101480.4,0.1
638,95.65,100.0,2.008,2008.3,65.3,47.5,27.0,0.0,0.0,1575.0,154.35,65.7,98.0,8.11,9.88,10.29,48.0,0.0,66.3,7.8,89.8,464.0,81.7,125748.6,101457.4,0.1
639,94.38,100.0,2.071,2071.3,65.2,46.4,27.0,0.0,0.0,1575.0,154.35,65.8,98.0,8.12,9.89,10.28,47.0,0.0,66.4,0.7,91.5,464.0,81.7,125748.6,101460.3,0.1
640,97.06,100.0,2.085,2085.4,65.2,46.4,27.0,0.0,0.1,1575.0,152.78,65.9,97.0,8.12,9.89,10.28,46.9,0.0,66.4,7.8,91.3,464.0,81.7,125748.6,101460.1,0.1
641,85.67,100.0,2.094,2094.4,65.1,45.3,27.0,0.0,0.0,1575.0,152.78,65.7,97.0,8.12,9.89,10.28,45.9,0.0,66.4,7.9,91.3,464.0,81.7,125748.6,101462.2,0.1
642,83.28,92.9,2.247,2247.4,65.1,44.3,27.0,0.0,0.0,1575.0,154.35,66.2,98.0,8.12,9.89,10.28,45.4,0.0,66.5,0.7,92.0,464.0,81.7,125748.6,101467.3,0.1
643,97.27,100.0,1.668,1667.6,64.4,44.5,27.0,0.0,0.0,1575.0,154.35,65.9,98.0,8.12,9.89,10.28,45.0,0.0,66.3,7.9,90.2,464.0,81.7,125748.6,101463.2,0.1
644,98.26,100.0,2.186,2185.7,64.7,44.8,27.0,0.0,0.0,1575.0,154.35,66.1,98.0,8.15,10.22,10.35,45.5,0.0,66.4,7.8,90.0,464.0,81.7,125748.6,101461.5,0.1
645,90.84,100.0,2.031,2031.4,64.8,45.9,27.0,0.0,0.1,1575.0,154.35,66.1,98.0,8.15,10.22,10.35,46.8,0.0,66.4,7.9,90.6,464.0,81.7,125748.6,101460.9,0.1
646,84.55,100.0,1.916,1915.7,64.9,46.0,27.0,0.0,0.0,1575.0,154.35,66.3,98.0,8.15,10.22,10.35,46.4,0.0,66.4,7.9,91.5,464.0,81.7,125748.6,101462.2,0.1
647,76.56,100.0,1.939,1938.9,65.1,46.5,27.0,0.0,0.0,1575.0,152.78,66.1,97.0,8.15,10.22,10.35,47.3,0.0,66.4,0.5,91.3,464.0,81.7,125748.6,101456.9,0.1
648,94.73,100.0,1.925,1924.7,65.1,46.5,27.0,0.0,0.0,1575.0,152.78,66.3,97.0,8.15,10.22,10.35,46.8,0.0,66.4,7.9,91.2,464.0,81.7,125748.6,101459.1,0.1
649,86.48,100.0,2.026,2026.3,65.3,47.5,27.0,0.0,0.0,1575.0,154.35,66.2,98.0,8.17,10.44,10.39,47.5,0.0,66.3,7.9,93.7,464.0,81.7,125748.6,101462.0,0.1
650,83.9,100.0,1.94,1940.1,65.1,46.5,27.0,0.0,0.0,1575.0,152.78,66.3,97.0,8.17,10.44,10.39,46.9,0.0,66.5,0.6,92.3,464.0,81.7,125748.6,101465.9,0.1
651,82.69,100.0,1.962,1962.0,65.2,45.0,27.0,0.0,0.0,1575.0,154.35,66.5,98.0,8.17,10.44,10.39,45.5,0.0,66.3,7.9,91.1,464.0,81.7,125748.6,101464.6,0.1
652,92.4,100.0,2.064,2063.6,64.9,47.1,27.0,0.0,0.0,1575.0,154.35,66.3,98.0,8.17,10.44,10.39,47.8,0.0,66.4,7.8,90.8,464.0,81.7,125748.6,101464.4,0.1
653,93.76,100.0,1.815,1815.4,64.8,46.0,27.0,0.0,0.1,1575.0,152.78,66.6,97.0,8.17,10.44,10.39,46.2,0.0,66.4,7.9,89.8,464.0,81.7,125748.6,101462.4,0.1
654,100.8,100.0,1.652,1652.1,65.2,47.7,27.0,0.0,0.0,1575.0,154.35,66.5,98.0,8.17,10.17,10.33,48.1,0.0,66.3,7.8,89.7,464.0,81.7,125748.6,101470.4,0.1
655,73.42,100.0,1.644,1644.4,65.2,47.5,27.0,0.0,0.0,1575.0,152.78,66.2,97.0,8.17,10.17,10.33,47.3,0.0,66.4,0.7,89.9,464.0,81.7,125748.6,101464.7,0.1
656,92.77,100.0,1.475,1474.7,65.0,49.8,27.0,0.0,0.0,1575.0,152.78,66.6,97.0,8.17,10.17,10.33,50.9,0.0,66.4,7.8,88.4,464.0,81.7,125748.6,101466.2,0.1
657,92.8,100.0,1.776,1775.6,64.9,51.0,27.0,0.0,0.0,1575.0,154.35,66.3,98.0,8.17,10.17,10.33,51.8,0.0,66.4,7.8,88.4,464.0,81.7,125748.6,101462.9,0.1
658,95.7,100.0,1.938,1937.6,65.3,48.6,27.0,0.0,0.0,1575.0,152.78,66.6,97.0,8.17,10.17,10.33,49.4,0.0,66.3,7.9,87.5,464.0,81.7,125748.6,101463.7,0.1
659,71.43,100.0,1.947,1946.6,64.9,48.7,27.0,0.0,0.0,1575.0,154.35,66.2,98.0,8.16,9.92,10.28,49.6,0.0,66.4,0.5,88.6,464.0,81.7,125748.6,101462.1,0.1
660,90.67,100.0,1.916,1915.7,64.9,48.5,27.0,0.0,0.0,1575.0,154.35,66.4,98.0,8.16,9.92,10.28,49.1,0.0,66.4,7.9,87.6,464.0,81.7,125748.6,101460.8,0.1
661,83.13,100.0,1.768,1767.9,65.5,48.5,27.0,0.0,0.8,1575.0,152.78,66.9,97.0,8.16,9.92,10.28,48.8,0.0,66.4,7.9,88.9,464.0,81.7,125748.6,101478.8,0.1
662,77.93,100.0,1.8,1800.0,65.3,47.9,27.0,0.0,0.0,1575.0,152.78,66.7,97.0,8.16,9.92,10.28,48.1,0.0,66.4,7.8,89.9,464.0,81.7,125748.6,101472.2,0.1
663,63.43,100.0,1.949,1949.1,65.1,47.5,27.0,0.0,0.0,1575.0,154.35,66.7,98.0,8.16,9.92,10.28,48.2,0.0,66.4,0.6,91.1,465.0,81.7,125748.6,101476.7,0.1
664,82.35,92.9,2.116,2116.3,65.2,44.5,27.0,0.0,0.0,1575.0,154.35,66.4,98.0,8.17,9.92,10.27,44.9,0.0,66.3,7.9,89.7,465.0,81.7,125748.6,101461.0,0.1
665,76.1,100.0,1.815,1815.4,65.1,47.9,27.0,0.0,0.0,1575.0,154.35,66.5,98.0,8.17,9.92,10.27,48.6,0.0,66.4,7.8,90.1,465.0,81.7,125748.6,101461.7,0.1
666,80.19,100.0,1.776,1775.6,65.2,47.3,27.0,0.0,0.1,1575.0,154.35,66.3,98.0,8.17,9.92,10.27,48.0,0.0,66.3,0.6,87.6,464.0,81.7,125748.6,101464.8,0.1
667,89.38,100.0,2.001,2000.6,65.5,47.3,27.0,0.0,0.0,1575.0,152.78,66.6,97.0,8.17,9.92,10.27,47.8,0.0,66.4,7.7,86.9,464.0,81.7,125748.6,101465.5,0.1
668,87.89,100.0,2.172,2171.6,65.2,48.6,27.0,0.0,0.0,1575.0,0.0,67.1,0.0,8.17,9.92,10.27,49.3,0.0,66.4,7.9,88.4,464.0,81.7,125748.6,101474.6,0.1
669,89.17,100.0,1.806,1806.4,65.5,47.6,27.0,0.0,0.0,1575.0,152.78,66.8,97.0,8.25,10.97,10.49,48.0,0.0,66.3,7.9,89.8,464.0,81.7,125748.6,101475.0,0.1
670,83.46,100.0,1.668,1667.6,65.3,49.2,27.0,0.0,0.0,1575.0,154.35,66.8,98.0,8.25,10.97,10.49,50.3,0.0,66.4,7.8,88.8,464.0,81.7,125748.6,101472.2,0.1
671,82.58,100.0,1.761,1761.4,66.4,48.4,27.0,0.0,0.1,1575.0,152.78,66.6,97.0,8.25,10.97,10.49,48.9,0.0,66.4,0.6,88.5,464.0,81.7,125748.6,101468.2,0.1
672,101.21,100.0,2.04,2040.4,64.9,48.0,27.0,0.0,0.0,1575.0,152.78,65.2,97.0,8.25,10.97,10.49,48.3,0.0,66.4,7.8,88.5,464.0,81.7,125748.6,101473.2,0.1
673,65.93,100.0,1.953,1953.0,65.4,47.5,27.0,0.0,0.0,1575.0,154.35,66.8,98.0,8.25,10.97,10.49,48.0,0.0,66.3,7.9,89.0,464.0,81.7,125748.6,101474.6,0.1
674,88.27,100.0,1.868,1868.1,66.3,48.0,27.0,0.0,0.0,1575.0,154.35,66.9,98.0,8.26,10.81,10.46,48.1,0.0,66.4,0.5,88.5,464.0,81.7,125748.6,101480.5,0.1
675,83.97,100.0,1.939,1938.9,66.2,47.7,27.0,0.0,0.0,1575.0,154.35,66.8,98.0,8.26,10.81,10.46,48.3,0.0,66.4,7.8,89.8,463.0,81.7,125748.6,101480.3,0.1
676,100.68,100.0,1.754,1753.7,66.5,48.2,27.0,0.0,0.0,1575.0,154.35,66.7,98.0,8.26,10.81,10.46,48.6,0.0,64.3,7.8,89.8,463.0,81.7,125748.6,101473.8,0.1
677,91.95,100.0,1.837,1837.3,66.7,47.4,27.0,0.0,0.0,1575.0,154.35,67.0,98.0,8.26,10.81,10.46,48.0,0.0,67.5,0.6,89.2,462.0,81.7,125748.6,101476.4,0.1
678,82.84,100.0,1.652,1652.1,66.7,48.4,27.0,0.0,0.0,1575.0,154.35,66.6,98.0,8.26,10.81,10.46,49.2,0.0,62.6,7.8,87.8,462.0,81.7,125748.6,101485.2,0.1
679,97.1,100.0,1.629,1629.0,65.7,48.3,27.0,0.0,0.0,1575.0,154.35,66.9,98.0,8.24,10.43,10.39,49.0,0.0,66.6,7.8,87.8,462.0,81.7,125748.6,101473.4,0.1
680,120.48,100.0,1.939,1938.9,65.5,49.5,27.0,0.0,0.0,1575.0,154.35,69.8,98.0,8.24,10.43,10.39,50.2,0.0,66.0,0.6,90.2,462.0,81.7,125748.6,101479.5,0.1
681,95.94,100.0,1.59,1590.4,66.7,47.5,27.0,0.0,0.0,1575.0,152.78,66.8,97.0,8.24,10.43,10.39,48.0,0.0,66.6,7.8,87.6,462.0,81.7,125748.6,101477.0,0.1
682,99.44,100.0,1.677,1676.6,66.7,47.7,27.0,0.0,0.1,1575.0,152.78,67.3,97.0,8.24,10.43,10.39,48.3,0.0,66.0,7.8,87.4,462.0,81.7,125748.6,101473.6,0.1
683,76.96,100.0,1.752,1752.4,66.6,47.1,27.0,0.0,0.0,1575.0,154.35,66.8,98.0,8.24,10.43,10.39,47.7,0.0,66.8,0.5,88.1,462.0,81.7,125748.6,101472.5,0.1
684,96.81,100.0,1.868,1868.1,66.8,47.5,27.0,0.0,0.0,1575.0,154.35,67.0,98.0,8.28,10.71,10.45,48.3,0.0,66.3,7.8,88.8,462.0,81.7,125748.6,101473.9,0.1
685,98.2,100.0,1.845,1845.0,66.7,47.7,27.0,0.0,0.0,1575.0,154.35,67.1,98.0,8.28,10.71,10.45,48.1,0.0,66.4,7.9,89.0,462.0,81.7,125748.6,101472.8,0.1
686,94.21,100.0,1.754,1753.7,66.8,47.7,27.0,0.0,0.0,1575.0,154.35,67.4,98.0,8.28,10.71,10.45,48.5,0.0,66.9,7.8,89.7,462.0,81.7,125748.6,101481.4,0.1
687,101.12,100.0,1.962,1962.0,65.9,47.6,27.0,0.0,0.1,1575.0,154.35,67.2,98.0,8.28,10.71,10.45,48.2,0.0,65.7,0.5,84.7,462.0,81.7,125748.6,101479.4,0.1
688,102.33,100.0,1.822,1821.9,66.2,47.8,27.0,0.0,0.0,1575.0,152.78,67.0,97.0,8.28,10.71,10.45,48.7,0.0,66.8,7.8,88.2,462.0,81.7,125748.6,101482.2,0.1
689,101.7,100.0,1.831,1830.9,65.7,45.8,27.0,0.0,0.0,1575.0,154.35,67.2,98.0,8.27,10.42,10.39,45.8,0.0,66.2,7.7,79.5,462.0,81.7,125748.6,101481.4,0.1
690,100.48,100.0,1.954,1954.3,65.7,44.7,27.0,0.0,0.0,1575.0,154.35,67.0,98.0,8.27,10.42,10.39,45.3,0.0,66.2,7.9,89.4,462.0,81.7,125748.6,101487.4,0.1
691,93.6,100.0,1.885,1884.9,65.8,45.9,27.0,0.0,0.7,1575.0,152.78,67.2,97.0,8.27,10.42,10.39,46.7,0.0,66.4,7.8,89.4,462.0,81.7,125748.6,101485.2,0.1
692,101.52,100.0,1.94,1940.1,65.9,47.9,27.0,0.0,0.1,1575.0,154.35,68.2,98.0,8.27,10.42,10.39,48.6,0.0,66.2,0.5,91.5,462.0,81.7,125748.6,101483.4,0.1
693,74.94,100.0,1.878,1878.4,65.8,45.7,27.0,0.0,0.0,1575.0,152.78,67.2,97.0,8.27,10.42,10.39,46.6,0.0,66.5,7.8,90.2,462.0,81.7,125748.6,101488.3,0.1
694,91.96,100.0,1.824,1824.4,66.4,46.7,27.0,0.0,0.0,1575.0,154.35,67.4,98.0,8.32,10.94,10.5,47.0,0.0,66.5,7.8,91.2,462.0,81.7,125748.6,101484.9,0.1
695,72.76,92.9,1.815,1815.4,66.1,46.1,27.0,0.0,0.0,1575.0,154.35,67.3,98.0,8.32,10.94,10.5,46.7,0.0,66.6,0.6,90.8,462.0,81.7,125748.6,101485.2,0.1
696,84.48,100.0,1.822,1821.9,65.7,48.9,27.0,0.0,0.0,1575.0,154.35,67.2,98.0,8.32,10.94,10.5,49.9,0.0,67.9,7.7,89.0,462.0,81.7,125748.6,101485.7,0.1
697,88.99,100.0,1.629,1629.0,65.9,48.7,27.0,0.0,0.1,1575.0,152.78,67.3,97.0,8.32,10.94,10.5,49.7,0.0,64.7,7.8,88.4,462.0,81.7,125748.6,101487.1,0.1
698,93.23,100.0,1.722,1721.6,65.8,45.7,27.0,0.0,0.0,1575.0,152.78,67.0,97.0,8.32,10.94,10.5,46.3,0.0,66.5,7.7,86.7,462.0,81.7,125748.6,101478.1,0.1
699,100.29,100.0,1.575,1575.0,65.7,44.9,27.0,0.0,0.0,1575.0,152.78,67.1,97.0,8.4,11.99,10.72,46.1,0.0,66.6,0.4,87.8,462.0,81.7,125748.6,101483.3,0.1
700,97.77,100.0,1.421,1420.7,65.6,45.6,27.0,0.0,0.0,1575.0,154.35,67.1,98.0,8.4,11.99,10.72,46.6,0.0,65.5,7.6,88.8,462.0,81.7,125748.6,101478.0,0.1
701,98.2,100.0,1.707,1707.4,65.9,43.9,27.0,0.0,0.0,1575.0,154.35,67.1,98.0,8.4,11.99,10.72,44.5,0.0,67.1,7.6,88.0,462.0,81.7,125748.6,101479.4,0.1
702,35.45,100.0,1.66,1659.9,64.4,43.6,27.0,0.0,0.0,1494.0,0.0,64.2,0.0,8.4,11.99,10.72,44.1,0.0,63.9,0.4,89.5,462.0,81.7,125748.6,101482.9,0.1
703,36.45,100.0,1.66,1659.9,63.9,42.8,27.0,0.0,0.0,1089.0,0.0,63.2,0.0,8.4,11.99,10.72,44.0,0.0,66.3,7.7,91.0,462.0,81.7,125748.6,101479.2,0.1
704,35.18,100.0,1.668,1667.6,63.3,43.5,27.0,0.0,0.0,666.0,0.67,62.5,1.0,8.41,11.91,10.73,44.4,0.0,66.3,7.6,93.3,462.0,81.7,125748.6,101479.5,0.1
705,34.37,100.0,1.621,1621.3,62.9,43.5,27.0,0.0,0.0,315.0,0.63,62.0,2.0,8.41,11.91,10.73,44.2,0.0,66.3,7.6,92.1,462.0,81.7,125748.6,101478.2,0.1
706,33.02,100.0,1.621,1621.3,62.4,43.0,27.0,0.0,0.0,315.0,0.0,61.6,0.0,8.41,11.91,10.73,44.0,0.0,66.3,0.4,90.4,462.0,81.7,125748.6,101478.4,0.1
707,31.21,100.0,1.698,1698.4,62.1,43.6,27.0,0.0,0.1,315.0,0.0,61.2,0.0,8.41,11.91,10.73,44.5,0.0,66.4,7.6,93.5,462.0,81.7,125748.6,101478.4,0.1
708,71.98,100.0,1.777,1776.9,63.9,50.1,27.0,0.0,0.0,1575.0,154.35,64.1,98.0,8.41,11.91,10.73,51.1,0.0,66.4,7.8,87.0,462.0,81.7,125748.6,101509.2,0.1
709,88.2,100.0,1.9,1900.3,64.7,49.3,27.0,0.0,0.0,1575.0,152.78,65.3,97.0,8.41,11.52,10.67,50.4,0.0,66.4,7.9,90.1,462.0,81.7,125748.6,101492.6,0.1
710,72.06,100.0,1.83,1829.6,63.6,49.0,27.0,0.0,0.0,1575.0,154.35,65.1,98.0,8.41,11.52,10.67,49.6,0.0,66.4,7.9,87.5,462.0,81.7,125748.6,101487.2,0.1
711,88.61,100.0,1.891,1891.3,63.9,47.6,27.0,0.0,0.0,1575.0,154.35,65.4,98.0,8.41,11.52,10.67,48.1,0.0,66.3,0.6,88.6,462.0,81.7,125748.6,101495.5,0.1
712,80.71,100.0,1.86,1860.4,64.1,47.3,27.0,0.0,0.0,1575.0,152.78,65.6,97.0,8.41,11.52,10.67,48.1,0.0,66.4,7.9,91.2,462.0,81.7,125748.6,101489.5,0.1
713,101.18,100.0,2.148,2148.4,64.5,47.0,27.0,0.0,0.1,1575.0,154.35,65.8,98.0,8.41,11.52,10.67,47.3,0.0,66.4,7.9,87.5,462.0,81.7,125748.6,101488.2,0.1
714,78.51,100.0,1.768,1767.9,64.2,46.7,27.0,0.0,0.0,1575.0,152.78,65.7,97.0,8.44,11.79,10.74,47.3,0.0,66.4,7.7,87.2,462.0,81.7,125748.6,101485.7,0.1
715,96.87,100.0,2.069,2068.7,64.6,48.1,27.0,0.0,0.0,1575.0,154.35,65.9,98.0,8.44,11.79,10.74,48.8,0.0,66.3,7.9,91.3,462.0,81.7,125748.6,101487.0,0.1
716,79.15,100.0,1.683,1683.0,64.7,47.6,27.0,0.0,0.0,1575.0,154.35,65.9,98.0,8.44,11.79,10.74,48.1,0.0,66.4,0.6,87.5,463.0,81.7,125748.6,101491.1,0.1
717,94.27,100.0,1.814,1814.1,65.1,48.6,27.0,0.0,0.0,1575.0,154.35,66.1,98.0,8.44,11.79,10.74,49.3,0.0,66.4,7.9,88.2,463.0,81.7,125748.6,101491.4,0.1
718,90.25,100.0,1.722,1721.6,65.6,48.4,27.0,0.0,0.1,1575.0,154.35,66.2,98.0,8.44,11.79,10.74,49.2,0.0,66.4,7.8,88.0,463.0,81.7,125748.6,101490.9,0.1
719,101.41,100.0,1.791,1791.0,64.6,49.2,27.0,0.0,0.0,1575.0,152.78,66.2,97.0,8.45,11.65,10.73,49.6,0.0,66.4,0.7,87.4,463.0,81.7,125748.6,101498.5,0.1
720,86.86,100.0,1.737,1737.0,64.7,48.8,27.0,0.0,0.0,1575.0,154.35,66.3,98.0,8.45,11.65,10.73,49.6,0.0,66.4,7.8,89.9,463.0,81.7,125748.6,101487.1,0.1
721,99.42,100.0,1.806,1806.4,64.8,49.2,27.0,0.0,0.7,1575.0,154.35,66.2,98.0,8.45,11.65,10.73,50.0,0.0,66.3,7.9,89.7,463.0,81.7,125748.6,101487.6,0.1
722,96.88,100.0,1.831,1830.9,65.1,46.5,27.0,0.0,0.0,1575.0,154.35,66.4,98.0,8.45,11.65,10.73,47.1,0.0,66.4,0.6,89.5,463.0,81.7,125748.6,101490.3,0.1
723,100.36,100.0,1.552,1551.9,65.0,48.3,27.0,0.0,0.1,1575.0,152.78,66.4,97.0,8.45,11.65,10.73,48.5,0.0,66.4,7.9,87.8,463.0,81.7,125748.6,101491.5,0.1
724,92.93,100.0,1.637,1636.7,65.6,49.2,27.0,0.0,0.0,1575.0,152.78,66.4,97.0,8.43,11.12,10.63,49.8,0.0,66.4,7.8,87.2,463.0,81.7,125748.6,101488.9,0.1
725,104.33,100.0,2.211,2211.4,65.3,48.2,27.0,0.0,0.0,1575.0,152.78,66.3,97.0,8.43,11.12,10.63,48.5,0.0,66.4,7.8,87.1,464.0,81.7,125748.6,101490.1,0.1
726,94.53,100.0,1.768,1767.9,65.1,47.4,27.0,0.0,0.0,1575.0,154.35,66.8,98.0,8.43,11.12,10.63,48.2,0.0,66.3,0.6,92.2,464.0,81.7,125748.6,101489.6,0.1
727,99.51,100.0,1.731,1730.6,65.1,47.0,27.0,0.0,0.0,1575.0,154.35,66.5,98.0,8.43,11.12,10.63,47.7,0.0,66.9,7.9,90.6,464.0,81.7,125748.6,101494.8,0.1
728,91.24,100.0,1.831,1830.9,65.4,47.4,27.0,0.0,0.1,1575.0,152.78,66.6,97.0,8.43,11.12,10.63,48.0,0.0,65.9,7.8,89.4,464.0,81.7,125748.6,101489.3,0.1
729,95.09,100.0,1.706,1706.1,65.2,47.6,27.0,0.0,0.0,1575.0,154.35,66.5,98.0,8.52,12.23,10.87,48.6,0.0,66.4,7.9,90.8,464.0,81.7,125748.6,101485.8,0.1
730,85.06,100.0,1.684,1684.3,65.2,47.6,27.0,0.0,0.0,1575.0,152.78,66.8,97.0,8.52,12.23,10.87,48.2,0.0,66.3,0.6,91.4,464.0,81.7,125748.6,101493.0,0.1
731,75.25,100.0,1.761,1761.4,65.2,47.7,27.0,0.0,0.0,1575.0,152.78,66.5,97.0,8.52,12.23,10.87,48.8,0.0,66.4,7.8,92.2,464.0,81.7,125748.6,101486.7,0.1
732,90.3,100.0,1.923,1923.4,65.3,47.5,27.0,0.0,0.0,1575.0,154.35,66.8,98.0,8.52,12.23,10.87,48.4,0.0,66.4,7.8,91.1,464.0,81.7,125748.6,101493.5,0.1
733,97.2,100.0,1.931,1931.1,65.3,47.2,27.0,0.0,0.0,1575.0,152.78,66.7,97.0,8.52,12.23,10.87,47.9,0.0,66.4,0.7,88.8,464.0,81.7,125748.6,101488.9,0.1
734,98.03,100.0,1.976,1976.1,65.6,48.1,27.0,0.0,0.0,1575.0,152.78,66.8,97.0,8.54,12.21,10.89,48.7,0.0,66.3,7.8,91.0,464.0,81.7,125748.6,101492.4,0.1
735,96.25,100.0,1.8,1800.0,65.4,47.7,27.0,0.0,0.0,1575.0,154.35,66.8,98.0,8.54,12.21,10.89,48.7,0.0,66.4,7.8,91.1,464.0,81.7,125748.6,101493.9,0.1
736,82.07,100.0,1.893,1892.6,65.7,46.6,27.0,0.0,0.0,1575.0,154.35,66.8,98.0,8.54,12.21,10.89,47.1,0.0,66.4,7.9,91.1,464.0,81.7,125748.6,101494.1,0.1
737,88.94,100.0,1.746,1746.0,66.4,48.1,27.0,0.0,0.0,1575.0,152.78,66.7,97.0,8.54,12.21,10.89,48.8,0.0,66.3,0.6,90.1,464.0,81.7,125748.6,101488.3,0.1
738,81.19,100.0,1.947,1946.6,65.6,48.7,27.0,0.0,0.0,1575.0,154.35,67.0,98.0,8.54,12.21,10.89,48.9,0.0,66.4,7.8,88.8,464.0,81.7,125748.6,101491.9,0.1
739,98.2,100.0,1.785,1784.6,65.6,47.9,27.0,0.0,0.1,1575.0,152.78,66.8,97.0,8.56,12.27,10.92,49.0,0.0,66.4,7.8,92.0,464.0,81.7,125748.6,101491.8,0.1
740,91.2,100.0,1.761,1761.4,65.7,47.2,27.0,0.0,0.0,1575.0,152.78,66.9,97.0,8.56,12.27,10.92,48.1,0.0,66.3,7.8,93.2,464.0,81.7,125748.6,101508.5,0.1
741,85.7,100.0,1.993,1992.9,65.8,48.4,27.0,0.0,0.0,1575.0,154.35,66.9,98.0,8.56,12.27,10.92,49.3,0.0,66.4,0.6,92.3,464.0,81.7,125748.6,101510.2,0.1
742,65.17,100.0,2.071,2071.3,66.0,49.4,27.0,0.0,0.0,1575.0,152.78,66.9,97.0,8.56,12.27,10.92,50.1,0.0,66.4,7.9,93.4,464.0,81.7,125748.6,101489.6,0.1
743,83.09,100.0,1.956,1955.6,65.8,48.6,27.0,0.0,0.0,1575.0,154.35,67.3,98.0,8.56,12.27,10.92,49.4,0.0,66.3,7.8,91.8,464.0,81.7,125748.6,101488.4,0.1
744,85.58,100.0,1.979,1978.7,65.9,47.9,27.0,0.0,0.0,1575.0,154.35,67.0,98.0,8.57,12.01,10.89,48.5,0.0,66.4,7.8,93.5,464.0,81.7,125748.6,101500.4,0.1
745,88.38,100.0,1.862,1861.7,65.8,45.9,27.0,0.0,0.0,1575.0,154.35,67.1,98.0,8.57,12.01,10.89,46.6,0.0,66.4,0.6,92.5,464.0,81.7,125748.6,101494.6,0.1
746,82.55,100.0,1.903,1902.9,65.9,46.2,27.0,0.0,0.0,1575.0,154.35,67.0,98.0,8.57,12.01,10.89,47.0,0.0,66.2,7.8,92.1,464.0,81.7,125748.6,101491.3,0.1
747,82.5,100.0,1.954,1954.3,65.9,45.8,27.0,0.0,0.0,1575.0,152.78,67.2,97.0,8.57,12.01,10.89,46.0,0.0,66.4,7.8,89.5,464.0,81.7,125748.6,101493.8,0.1
748,80.87,100.0,1.785,1784.6,65.8,46.3,27.0,0.0,0.1,1575.0,152.78,67.0,97.0,8.57,12.01,10.89,47.4,0.0,66.3,0.6,91.3,464.0,81.7,125748.6,101489.2,0.1
749,79.24,100.0,1.746,1746.0,66.4,46.3,27.0,0.0,0.0,1575.0,154.35,67.1,98.0,8.56,11.69,10.84,46.8,0.0,66.4,7.8,87.8,464.0,81.7,125748.6,101497.3,0.1
750,76.5,100.0,1.977,1977.4,66.2,44.9,27.0,0.0,0.0,1575.0,152.78,67.0,97.0,8.56,11.69,10.84,45.7,0.0,66.2,7.8,88.8,464.0,81.7,125748.6,101504.3,0.1
751,85.71,100.0,1.853,1852.7,65.8,47.4,27.0,0.0,0.8,1575.0,154.35,67.2,98.0,8.56,11.69,10.84,48.2,0.0,66.4,7.9,88.6,464.0,81.7,125748.6,101493.9,0.1
752,84.41,100.0,2.127,2126.6,66.4,46.8,27.0,0.0,0.0,1575.0,152.78,67.0,97.0,8.56,11.69,10.84,48.0,0.0,66.4,0.5,92.0,465.0,81.7,125748.6,101495.7,0.1
753,82.19,100.0,2.094,2094.4,66.2,45.8,27.0,0.0,0.0,1575.0,152.78,67.2,97.0,8.56,11.69,10.84,46.3,0.0,66.3,7.8,88.5,465.0,81.7,125748.6,101494.4,0.1
754,114.62,100.0,2.01,2009.6,65.9,47.3,27.0,0.0,0.0,1575.0,154.35,70.5,98.0,8.61,12.2,10.96,48.3,0.0,66.4,7.8,93.5,465.0,81.7,125748.6,101507.2,0.1
755,86.93,100.0,1.971,1971.0,66.0,47.8,27.0,0.0,0.1,1575.0,154.35,67.3,98.0,8.61,12.2,10.96,47.8,0.0,66.4,7.9,91.3,465.0,81.7,125748.6,101501.6,0.1
756,80.72,100.0,1.737,1737.0,65.6,46.2,27.0,0.0,0.0,1575.0,154.35,67.4,98.0,8.61,12.2,10.96,47.0,0.0,66.3,0.5,91.1,466.0,81.7,125748.6,101496.6,0.1
757,88.37,100.0,1.668,1667.6,65.5,47.4,27.0,0.0,0.0,1575.0,154.35,67.3,98.0,8.61,12.2,10.96,48.1,0.0,66.4,7.8,89.2,466.0,81.7,125748.6,101494.1,0.1
758,76.55,100.0,1.9,1900.3,65.6,46.9,27.0,0.0,0.0,1575.0,154.35,67.1,98.0,8.61,12.2,10.96,48.1,0.0,66.3,7.8,89.4,467.0,81.7,125748.6,101496.9,0.1
759,90.62,100.0,1.714,1713.9,65.6,46.4,27.0,0.0,0.0,1575.0,152.78,67.3,97.0,8.6,11.7,10.88,47.3,0.0,66.4,0.6,89.8,467.0,81.7,125748.6,101498.3,0.1
760,73.75,100.0,1.823,1823.1,65.8,48.1,27.0,0.0,0.1,1575.0,152.78,67.3,97.0,8.6,11.7,10.88,48.8,0.0,66.3,7.8,90.8,467.0,81.7,125748.6,101497.6,0.1
761,95.38,100.0,1.63,1630.3,66.4,44.1,27.0,0.0,0.0,1575.0,154.35,67.2,98.0,8.6,11.7,10.88,44.7,0.0,66.3,7.6,87.1,467.0,81.7,125748.6,101500.3,0.1
762,91.48,100.0,1.754,1753.7,66.4,41.4,27.0,0.0,0.0,1575.0,152.78,67.2,97.0,8.6,11.7,10.88,42.4,0.0,66.4,0.4,89.7,467.0,81.7,125748.6,101499.7,0.1
763,84.27,100.0,1.652,1652.1,66.4,42.7,27.0,0.0,0.0,1575.0,154.35,67.2,98.0,8.6,11.7,10.88,43.6,0.0,66.3,7.6,89.8,467.0,81.7,125748.6,101500.5,0.1
764,93.64,100.0,1.436,1436.1,65.9,43.6,27.0,0.0,0.0,1575.0,152.78,67.2,97.0,8.58,11.16,10.78,43.9,0.0,66.3,7.6,87.2,467.0,81.7,125748.6,101500.0,0.1
765,33.34,100.0,1.499,1499.1,64.3,41.9,27.0,0.0,0.0,1287.0,0.0,63.9,0.0,8.58,11.16,10.78,42.7,0.0,66.3,7.7,93.1,468.0,81.7,125748.6,101503.0,0.1
766,30.91,92.9,1.607,1607.1,63.6,41.3,27.0,0.0,0.0,882.0,1.76,63.1,2.0,8.58,11.16,10.78,42.5,0.0,66.4,0.4,94.2,468.0,81.7,125748.6,101502.8,0.1
767,33.45,100.0,1.53,1530.0,63.3,42.5,27.0,0.0,0.0,468.0,0.47,62.5,1.0,8.58,11.16,10.78,43.1,0.0,66.3,7.6,92.3,468.0,81.7,125748.6,101497.6,0.1
768,30.52,100.0,1.437,1437.4,63.0,44.1,27.0,0.0,0.0,315.0,0.0,62.0,0.0,8.58,11.16,10.78,45.1,0.0,66.3,7.6,93.5,468.0,81.7,125748.6,101495.6,0.1
769,30.97,92.9,1.53,1530.0,62.9,43.5,27.0,0.0,0.0,315.0,0.0,61.5,0.0,8.58,10.91,10.74,44.2,0.0,66.3,0.4,93.1,468.0,81.7,125748.6,101496.4,0.1
770,31.0,92.9,1.67,1670.1,62.7,43.0,27.0,0.0,0.0,315.0,0.0,61.4,0.0,8.58,10.91,10.74,43.9,0.0,66.3,7.6,93.3,468.0,81.7,125748.6,101500.6,0.1
771,77.92,100.0,2.211,2211.4,63.7,49.6,27.0,0.0,0.0,1575.0,154.35,64.6,98.0,8.58,10.91,10.74,50.0,0.0,66.4,7.8,76.8,468.0,81.7,125748.6,101541.2,0.1
772,83.43,100.0,1.922,1922.1,63.5,48.9,27.0,0.0,0.0,1575.0,154.35,65.0,98.0,8.58,10.91,10.74,49.2,0.0,66.4,0.6,89.9,468.0,81.7,125748.6,101516.3,0.1
773,89.42,100.0,1.893,1892.6,63.8,45.7,27.0,0.0,0.1,1575.0,154.35,65.2,98.0,8.58,10.91,10.74,46.3,0.0,66.4,7.9,89.9,468.0,81.7,125748.6,101512.5,0.1
774,81.37,100.0,1.76,1760.1,64.1,45.8,27.0,0.0,0.0,1575.0,152.78,65.2,97.0,8.62,11.32,10.82,46.7,0.0,66.4,7.8,87.9,468.0,81.7,125748.6,101514.2,0.1
775,80.56,100.0,1.853,1852.7,64.4,46.2,27.0,0.0,0.0,1575.0,152.78,65.5,97.0,8.62,11.32,10.82,46.6,0.0,66.4,0.7,88.6,468.0,81.7,125748.6,101503.5,0.1
776,68.82,100.0,1.714,1713.9,64.2,45.5,27.0,0.0,0.0,1575.0,154.35,65.3,98.0,8.62,11.32,10.82,46.2,0.0,66.4,7.9,89.8,468.0,81.7,125748.6,101502.8,0.1
777,85.93,100.0,1.886,1886.1,64.3,46.5,27.0,0.0,0.0,1575.0,154.35,65.8,98.0,8.62,11.32,10.82,46.7,0.0,66.4,7.9,89.9,468.0,81.7,125748.6,101503.8,0.1
778,63.41,100.0,1.845,1845.0,64.3,46.9,27.0,0.0,0.0,1575.0,152.78,65.9,97.0,8.62,11.32,10.82,47.5,0.0,66.4,7.9,88.6,468.0,81.7,125748.6,101501.7,0.1
779,88.76,100.0,1.629,1629.0,64.6,45.6,27.0,0.0,0.0,1575.0,152.78,66.0,97.0,8.63,11.21,10.81,46.3,0.0,66.4,0.7,88.6,468.0,81.7,125748.6,101500.1,0.1
780,81.41,100.0,1.956,1955.6,65.4,46.3,27.0,0.0,0.0,1575.0,152.78,66.2,97.0,8.63,11.21,10.81,46.5,0.0,66.4,7.8,88.6,468.0,81.7,125748.6,101501.0,0.1
781,75.31,100.0,1.808,1807.7,65.9,45.7,27.0,0.0,0.8,1575.0,154.35,66.1,98.0,8.63,11.21,10.81,45.5,0.0,66.4,7.9,89.4,468.0,81.7,125748.6,101500.0,0.1
782,78.86,100.0,2.096,2095.7,65.4,45.2,27.0,0.0,0.0,1575.0,154.35,66.3,98.0,8.63,11.21,10.81,45.8,0.0,66.4,0.6,90.4,468.0,81.7,125748.6,101502.0,0.1
783,79.38,100.0,1.738,1738.3,65.7,47.2,27.0,0.0,0.0,1575.0,154.35,66.3,98.0,8.63,11.21,10.81,47.5,0.0,66.3,8.0,89.5,468.0,81.7,125748.6,101501.6,0.1
784,76.12,100.0,1.745,1744.7,64.8,46.5,27.0,0.0,0.1,1575.0,154.35,66.3,98.0,8.65,11.35,10.85,46.7,0.0,66.4,7.8,69.4,468.0,81.7,125748.6,101501.3,0.1
785,81.93,100.0,1.83,1829.6,65.4,47.2,27.0,0.0,0.0,1575.0,154.35,66.3,98.0,8.65,11.35,10.85,47.8,0.0,66.4,7.9,87.8,468.0,81.7,125748.6,101508.7,0.1
786,74.92,100.0,1.746,1746.0,65.2,47.2,27.0,0.0,0.0,1575.0,152.78,66.4,97.0,8.65,11.35,10.85,47.6,0.0,66.4,0.6,90.0,468.0,81.7,125748.6,101501.6,0.1
787,97.38,100.0,1.76,1760.1,65.3,46.9,27.0,0.0,0.0,1575.0,154.35,67.5,98.0,8.65,11.35,10.85,47.4,0.0,66.4,8.0,86.9,468.0,81.7,125748.6,101501.6,0.1
788,84.76,100.0,1.769,1769.1,65.3,47.7,27.0,0.0,0.0,1575.0,152.78,66.4,97.0,8.65,11.35,10.85,48.3,0.0,66.4,7.8,89.8,468.0,81.7,125748.6,101499.7,0.1
789,96.55,100.0,2.451,2450.6,65.8,46.4,27.0,0.0,0.1,1575.0,154.35,66.7,98.0,8.66,11.33,10.85,46.6,0.0,66.4,0.6,88.4,468.0,81.7,125748.6,101506.8,0.1
790,89.61,100.0,1.922,1922.1,65.0,45.9,27.0,0.0,0.0,1575.0,154.35,66.6,98.0,8.66,11.33,10.85,46.4,0.0,66.4,7.8,85.9,468.0,81.7,125748.6,101499.5,0.1
791,85.04,100.0,2.057,2057.1,65.3,48.9,27.0,0.0,0.0,1575.0,154.35,66.8,98.0,8.66,11.33,10.85,49.7,0.0,66.4,7.9,89.3,467.0,81.7,125748.6,101504.1,0.1
792,78.64,100.0,1.963,1963.3,65.3,47.9,27.0,0.0,0.0,1575.0,154.35,66.8,98.0,8.66,11.33,10.85,48.5,0.0,66.4,0.6,88.9,467.0,81.7,125748.6,101505.2,0.1
793,84.67,100.0,1.746,1746.0,65.4,47.0,27.0,0.0,0.0,1575.0,152.78,66.9,97.0,8.66,11.33,10.85,47.6,0.0,66.3,7.9,88.9,467.0,81.7,125748.6,101499.0,0.1
794,78.89,100.0,1.746,1746.0,65.4,48.9,27.0,0.0,0.0,1575.0,154.35,66.8,98.0,8.7,11.7,10.93,49.6,0.0,66.4,7.9,87.5,467.0,81.7,125748.6,101498.1,0.1
795,62.47,100.0,1.584,1584.0,65.8,50.0,27.0,0.0,0.0,1575.0,154.35,66.8,98.0,8.7,11.7,10.93,50.5,0.0,66.4,0.6,91.2,467.0,81.7,125748.6,101499.1,0.1
796,77.29,100.0,1.94,1940.1,65.6,51.0,27.0,0.0,0.0,1575.0,152.78,66.9,97.0,8.7,11.7,10.93,51.6,0.0,66.4,7.9,90.0,467.0,81.7,125748.6,101501.8,0.1
797,91.34,100.0,2.001,2000.6,66.0,49.6,27.0,0.0,0.0,1575.0,152.78,66.9,97.0,8.7,11.7,10.93,50.6,0.0,66.4,7.8,90.0,467.0,81.7,125748.6,101500.7,0.1
798,94.0,100.0,1.948,1947.9,66.1,48.1,27.0,0.0,0.0,1575.0,152.78,66.6,97.0,8.7,11.7,10.93,48.9,0.0,66.4,0.6,92.4,467.0,81.7,125748.6,101511.1,0.1
799,78.51,100.0,1.886,1886.1,66.2,47.5,27.0,0.0,0.0,1575.0,152.78,67.0,97.0,8.7,11.48,10.9,47.8,0.0,66.3,7.9,91.8,467.0,81.7,125748.6,101515.6,0.1
800,77.28,100.0,2.143,2143.3,66.2,47.2,27.0,0.0,0.1,1575.0,154.35,66.9,98.0,8.7,11.48,10.9,47.6,0.0,66.4,7.9,93.3,467.0,81.7,125748.6,101508.8,0.1
801,87.52,100.0,1.994,1994.1,66.1,46.2,27.0,0.0,0.0,1575.0,154.35,66.8,98.0,8.7,11.48,10.9,46.0,0.0,66.4,0.6,92.6,467.0,81.7,125748.6,101509.5,0.1
802,81.47,100.0,1.932,1932.4,66.0,46.9,27.0,0.0,0.0,1575.0,154.35,67.0,98.0,8.7,11.48,10.9,46.6,0.0,66.4,7.8,92.8,467.0,81.7,125748.6,101509.8,0.1
803,76.05,100.0,2.069,2068.7,66.0,47.1,27.0,0.0,0.0,1575.0,152.78,67.3,97.0,8.7,11.48,10.9,47.7,0.0,66.4,7.9,89.5,467.0,81.7,125748.6,101503.4,0.1
804,84.49,100.0,1.83,1829.6,66.9,48.3,27.0,0.0,0.0,1575.0,152.78,66.9,97.0,8.7,11.21,10.85,48.8,0.0,66.3,7.8,87.1,467.0,81.7,125748.6,101500.6,0.1
805,88.44,100.0,1.729,1729.3,66.7,46.9,27.0,0.0,0.0,1575.0,154.35,67.2,98.0,8.7,11.21,10.85,47.5,0.0,66.4,0.6,88.8,467.0,81.7,125748.6,101502.9,0.1
806,75.12,100.0,1.907,1906.7,65.5,46.4,27.0,0.0,0.0,1575.0,152.78,66.9,97.0,8.7,11.21,10.85,46.9,0.0,66.4,7.8,88.2,467.0,81.7,125748.6,101504.0,0.1
807,79.65,100.0,1.909,1909.3,65.8,48.7,27.0,0.0,0.0,1575.0,154.35,67.1,98.0,8.7,11.21,10.85,49.2,0.0,66.3,7.9,88.2,467.0,81.7,125748.6,101504.3,0.1
808,68.35,100.0,1.799,1798.7,66.0,47.3,27.0,0.0,0.0,1575.0,154.35,67.2,98.0,8.7,11.21,10.85,48.0,0.0,66.4,7.8,89.4,468.0,81.7,125748.6,101503.3,0.1
809,89.08,100.0,1.692,1692.0,65.8,49.3,27.0,0.0,0.0,1575.0,152.78,67.1,97.0,8.76,11.91,11.01,49.8,0.0,66.4,0.6,87.6,468.0,81.7,125748.6,101507.1,0.1
810,84.81,100.0,1.776,1775.6,66.2,48.3,27.0,0.0,0.0,1575.0,154.35,67.2,98.0,8.76,11.91,11.01,49.1,0.0,66.3,7.9,89.9,468.0,81.7,125748.6,101506.7,0.1
811,84.12,100.0,1.853,1852.7,65.7,49.0,27.0,0.0,1.0,1575.0,154.35,67.3,98.0,8.76,11.91,11.01,49.3,0.0,66.4,7.8,88.6,468.0,81.7,125748.6,101517.3,0.1
812,88.63,100.0,1.623,1622.6,65.8,48.1,27.0,0.0,0.0,1575.0,154.35,67.2,98.0,8.76,11.91,11.01,48.9,0.0,66.4,0.6,91.3,468.0,81.7,125748.6,101515.1,0.1
813,69.78,100.0,1.669,1668.9,65.8,49.5,27.0,0.0,0.0,1575.0,152.78,67.0,97.0,8.76,11.91,11.01,50.4,0.0,66.4,7.8,90.9,468.0,81.7,125748.6,101504.5,0.1
814,78.07,100.0,1.792,1792.3,66.0,50.1,27.0,0.0,0.0,1575.0,154.35,67.2,98.0,8.79,12.16,11.07,50.9,0.0,66.3,7.8,90.7,468.0,81.7,125748.6,101506.2,0.1
815,77.09,100.0,1.621,1621.3,65.8,48.6,27.0,0.0,0.0,1575.0,152.78,67.3,97.0,8.79,12.16,11.07,49.8,0.0,66.4,7.9,86.6,468.0,81.7,125748.6,101502.1,0.1
816,81.67,100.0,1.737,1737.0,66.1,48.9,27.0,0.0,0.0,1575.0,154.35,67.0,98.0,8.79,12.16,11.07,49.3,0.0,66.4,0.5,89.5,468.0,81.7,125748.6,101502.2,0.1
817,79.91,100.0,1.799,1798.7,66.5,48.6,27.0,0.0,0.0,1575.0,154.35,67.3,98.0,8.79,12.16,11.07,48.9,0.0,66.4,7.9,87.6,469.0,81.7,125748.6,101505.6,0.1
818,82.26,100.0,2.039,2039.1,67.0,47.7,27.0,0.0,0.1,1575.0,154.35,67.3,98.0,8.79,12.16,11.07,48.8,0.0,66.3,7.8,89.8,469.0,81.7,125748.6,101508.8,0.1
819,70.91,100.0,1.914,1914.4,66.8,46.5,27.0,0.0,0.0,1575.0,154.35,67.1,98.0,8.78,11.74,11.0,47.2,0.0,66.4,7.8,89.8,469.0,81.7,125748.6,101507.6,0.1
820,95.9,100.0,2.01,2009.6,66.9,48.7,27.0,0.0,0.0,1575.0,154.35,67.5,98.0,8.78,11.74,11.0,49.8,0.0,66.4,7.9,89.8,469.0,81.7,125748.6,101501.6,0.1
821,90.73,100.0,1.868,1868.1,66.9,46.9,27.0,0.0,0.0,1575.0,152.78,67.2,97.0,8.78,11.74,11.0,47.3,0.0,66.3,0.6,90.8,469.0,81.7,125748.6,101502.6,0.1
822,82.97,100.0,1.968,1968.4,66.3,46.9,27.0,0.0,0.0,1575.0,154.35,67.5,98.0,8.78,11.74,11.0,47.2,0.0,66.4,7.8,86.2,469.0,81.7,125748.6,101511.5,0.1
823,72.8,100.0,1.831,1830.9,66.8,47.0,27.0,0.0,0.0,1575.0,154.35,67.6,98.0,8.78,11.74,11.0,47.9,0.0,66.3,7.8,89.9,469.0,81.7,125748.6,101501.7,0.1
824,91.11,100.0,1.607,1607.1,66.9,46.2,27.0,0.0,0.0,1575.0,154.35,67.3,98.0,8.82,12.08,11.09,46.7,0.0,66.4,0.6,88.6,469.0,81.7,125748.6,101507.4,0.1
825,92.64,100.0,2.07,2070.0,66.7,47.7,27.0,0.0,0.0,1575.0,154.35,67.7,98.0,8.82,12.08,11.09,48.3,0.0,66.4,7.8,90.7,469.0,81.7,125748.6,101500.4,0.1
826,72.56,100.0,1.923,1923.4,66.7,47.4,27.0,0.0,0.0,1575.0,154.35,67.2,98.0,8.82,12.08,11.09,48.1,0.0,66.3,7.8,90.0,469.0,81.7,125748.6,101508.8,0.1
827,89.99,100.0,1.831,1830.9,67.2,48.2,27.0,0.0,0.0,1575.0,154.35,67.7,98.0,8.82,12.08,11.09,48.7,0.0,66.4,0.6,89.7,469.0,81.7,125748.6,101511.4,0.1
828,83.58,100.0,1.862,1861.7,66.1,49.4,27.0,0.0,0.0,1575.0,152.78,67.7,97.0,8.82,12.08,11.09,50.0,0.0,66.4,7.8,87.4,469.0,81.7,125748.6,101509.8,0.1
829,91.51,100.0,1.731,1730.6,66.2,48.2,27.0,0.0,0.0,1575.0,154.35,67.4,98.0,8.83,11.92,11.07,49.0,0.0,66.3,7.8,89.3,470.0,81.7,125748.6,101511.9,0.1
830,82.81,100.0,1.706,1706.1,65.8,47.9,27.0,0.0,0.0,1575.0,154.35,67.5,98.0,8.83,11.92,11.07,48.4,0.0,66.4,0.5,87.1,470.0,81.7,125748.6,101512.0,0.1
831,97.02,100.0,1.731,1730.6,67.1,47.0,27.0,0.0,0.1,1575.0,152.78,67.7,97.0,8.83,11.92,11.07,47.8,0.0,64.5,7.9,88.0,470.0,81.7,125748.6,101515.4,0.1
832,122.29,100.0,2.069,2068.7,66.6,48.7,27.0,0.0,0.0,1575.0,154.35,72.7,98.0,8.83,11.92,11.07,49.0,0.0,66.7,7.8,88.1,470.0,81.7,125748.6,101531.5,0.1
833,95.37,100.0,1.691,1690.7,66.2,47.5,27.0,0.0,0.0,1575.0,152.78,67.8,97.0,8.83,11.92,11.07,48.5,0.0,67.0,7.8,87.1,470.0,81.7,125748.6,101514.5,0.1
834,89.0,100.0,1.769,1769.1,67.2,47.5,27.0,0.0,0.0,1575.0,152.78,67.9,97.0,8.82,11.52,11.0,47.8,0.0,66.1,0.5,87.1,470.0,81.7,125748.6,101512.9,0.1
835,79.22,100.0,1.831,1830.9,67.1,48.0,27.0,0.0,0.0,1575.0,154.35,67.6,98.0,8.82,11.52,11.0,48.4,0.0,66.5,7.9,90.2,470.0,81.7,125748.6,101510.5,0.1
836,95.86,100.0,1.869,1869.4,66.4,46.6,27.0,0.0,0.0,1575.0,152.78,67.8,97.0,8.82,11.52,11.0,47.4,0.0,66.1,7.7,90.7,470.0,81.7,125748.6,101514.5,0.1
837,64.47,100.0,1.84,1839.9,66.5,46.5,27.0,0.0,0.1,1575.0,154.35,67.7,98.0,8.82,11.52,11.0,46.7,0.0,67.2,0.6,89.1,470.0,81.7,125748.6,101510.9,0.1
838,93.39,100.0,1.692,1692.0,66.4,45.0,27.0,0.0,0.0,1575.0,152.78,68.0,97.0,8.82,11.52,11.0,45.1,0.0,66.2,7.8,89.8,470.0,81.7,125748.6,101510.8,0.1
839,65.97,100.0,1.995,1995.4,66.7,46.2,27.0,0.0,0.0,1575.0,152.78,67.7,97.0,8.83,11.4,10.98,46.6,0.0,66.9,7.8,92.3,470.0,81.7,125748.6,101509.9,0.1
840,91.64,100.0,1.74,1739.6,66.4,45.3,27.0,0.0,0.0,1575.0,154.35,68.0,98.0,8.83,11.4,10.98,45.6,0.0,61.9,7.8,92.9,470.0,81.7,125748.6,101511.0,0.1
841,129.49,100.0,1.956,1955.6,66.5,46.1,27.0,0.0,0.9,1575.0,154.35,72.8,98.0,8.83,11.4,10.98,46.7,0.0,67.1,0.6,92.0,470.0,81.7,125748.6,101533.2,0.1
842,98.71,100.0,2.079,2079.0,67.6,45.9,27.0,0.0,0.1,1575.0,154.35,67.9,98.0,8.83,11.4,10.98,46.1,0.0,67.1,7.7,91.3,470.0,81.7,125748.6,101537.3,0.1
843,90.46,100.0,1.738,1738.3,67.7,46.4,27.0,0.0,0.0,1575.0,152.78,67.9,97.0,8.83,11.4,10.98,47.2,0.0,65.5,7.8,92.2,471.0,81.7,125748.6,101538.9,0.1
844,80.07,100.0,1.545,1545.4,67.4,45.4,27.0,0.0,0.0,1575.0,152.78,67.8,97.0,8.83,11.29,10.97,45.8,0.0,66.8,0.4,92.3,471.0,81.7,125748.6,101540.5,0.1
845,81.77,100.0,1.437,1437.4,67.5,45.5,27.0,0.0,0.0,1575.0,154.35,67.7,98.0,8.83,11.29,10.97,46.3,0.0,67.3,7.6,92.0,471.0,81.7,125748.6,101541.7,0.1
846,78.02,100.0,1.538,1537.7,67.5,44.7,27.0,0.0,0.0,1575.0,152.78,67.6,97.0,8.83,11.29,10.97,45.4,0.0,65.3,7.6,92.5,471.0,81.7,125748.6,101540.9,0.1
847,87.4,100.0,1.476,1476.0,67.5,45.5,27.0,0.0,0.0,1575.0,154.35,67.4,98.0,8.83,11.29,10.97,46.0,0.0,66.8,0.4,92.3,471.0,81.7,125748.6,101541.4,0.1
848,35.08,92.9,1.522,1522.3,65.6,42.4,27.0,0.0,0.0,1251.0,0.0,64.2,0.0,8.83,11.29,10.97,43.3,0.0,64.9,7.7,95.6,471.0,81.7,125748.6,101541.8,0.1
849,32.99,92.9,1.522,1522.3,64.8,43.8,27.0,0.0,0.0,819.0,0.0,63.5,0.0,8.84,11.19,10.95,44.6,0.0,66.2,7.6,94.5,471.0,81.7,125748.6,101543.1,0.1
850,32.59,100.0,1.684,1684.3,64.5,44.2,27.0,0.0,0.0,369.0,0.0,62.9,0.0,8.84,11.19,10.95,45.2,0.0,63.6,7.6,95.5,471.0,81.7,125748.6,101542.6,0.1
851,29.91,100.0,1.468,1468.3,64.0,42.6,27.0,0.0,0.0,315.0,0.0,62.4,0.0,8.84,11.19,10.95,43.4,0.0,66.3,0.4,95.6,471.0,81.7,125748.6,101538.2,0.1
852,30.72,100.0,1.53,1530.0,63.7,43.0,27.0,0.0,0.1,315.0,0.0,62.1,0.0,8.84,11.19,10.95,43.8,0.0,66.3,7.6,94.6,471.0,81.7,125748.6,101539.2,0.1
853,33.22,100.0,1.862,1861.7,63.4,44.4,27.0,0.0,0.0,315.0,0.0,61.8,0.0,8.84,11.19,10.95,45.0,0.0,66.4,7.7,95.7,471.0,81.7,125748.6,101538.6,0.1
854,88.21,100.0,2.04,2040.4,64.3,49.3,27.0,0.0,0.0,1575.0,154.35,65.1,98.0,8.83,10.93,10.9,49.8,0.0,66.4,7.8,91.1,471.0,81.7,125748.6,101553.3,0.1
855,99.5,100.0,2.301,2301.4,65.1,48.4,27.0,0.0,0.0,1575.0,154.35,65.7,98.0,8.83,10.93,10.9,48.8,0.0,66.4,0.7,90.1,471.0,81.7,125748.6,101553.0,0.1
856,83.53,100.0,2.179,2179.3,65.6,46.9,27.0,0.0,0.0,1575.0,154.35,65.7,98.0,8.83,10.93,10.9,47.6,0.0,66.3,7.7,90.8,471.0,81.7,125748.6,101547.5,0.1
857,69.6,100.0,2.048,2048.1,65.2,47.4,27.0,0.0,0.0,1575.0,152.78,65.8,97.0,8.83,10.93,10.9,48.0,0.0,66.4,8.0,91.1,471.0,81.7,125748.6,101545.9,0.1
858,90.83,100.0,2.056,2055.9,65.3,48.4,27.0,0.0,0.0,1575.0,154.35,65.8,98.0,8.83,10.93,10.9,49.2,0.0,66.4,7.8,91.3,471.0,81.7,125748.6,101546.3,0.1
859,92.47,100.0,1.868,1868.1,65.2,47.9,27.0,0.0,0.1,1575.0,154.35,66.1,98.0,8.83,10.78,10.87,48.1,0.0,66.4,7.9,90.1,471.0,81.7,125748.6,101546.7,0.1
860,94.59,100.0,1.877,1877.1,65.9,46.0,27.0,0.0,0.0,1575.0,154.35,66.4,98.0,8.83,10.78,10.87,46.5,0.0,66.4,0.6,87.5,471.0,81.7,125748.6,101541.8,0.1
861,98.63,100.0,2.124,2124.0,66.4,47.7,27.0,0.0,0.0,1575.0,154.35,66.5,98.0,8.83,10.78,10.87,48.0,0.0,66.3,7.9,88.0,471.0,81.7,125748.6,101541.1,0.1
862,93.2,100.0,1.698,1698.4,65.8,48.2,27.0,0.0,0.0,1575.0,152.78,66.3,97.0,8.83,10.78,10.87,48.8,0.0,66.4,7.8,87.6,471.0,81.7,125748.6,101552.1,0.1
863,80.29,100.0,1.737,1737.0,65.7,49.8,27.0,0.0,0.0,1575.0,154.35,66.5,98.0,8.83,10.78,10.87,50.1,0.0,66.4,7.9,89.3,471.0,81.7,125748.6,101563.9,0.1
864,85.71,100.0,1.783,1783.3,65.8,48.0,27.0,0.0,0.1,1575.0,154.35,66.6,98.0,8.82,10.47,10.81,48.8,0.0,66.4,7.9,89.4,471.0,81.7,125748.6,101552.0,0.1
865,94.25,100.0,1.754,1753.7,66.2,49.1,27.0,0.0,0.0,1575.0,152.78,66.7,97.0,8.82,10.47,10.81,49.6,0.0,66.3,0.6,88.9,471.0,81.7,125748.6,101552.1,0.1
866,84.95,100.0,1.476,1476.0,65.7,46.4,27.0,0.0,0.0,1575.0,154.35,66.7,98.0,8.82,10.47,10.81,46.7,0.0,66.4,7.8,90.0,471.0,81.7,125748.6,101545.9,0.1
867,74.63,100.0,1.932,1932.4,65.8,47.1,27.0,0.0,0.0,1575.0,154.35,66.5,98.0,8.82,10.47,10.81,47.7,0.0,66.4,7.9,90.2,471.0,81.7,125748.6,101542.9,0.1
868,84.99,100.0,1.589,1589.1,65.4,47.8,27.0,0.0,0.0,1575.0,154.35,66.8,98.0,8.82,10.47,10.81,48.7,0.0,66.4,7.9,88.9,471.0,81.7,125748.6,101543.2,0.1
869,85.84,100.0,1.746,1746.0,65.6,49.5,27.0,0.0,0.0,1575.0,154.35,67.1,98.0,8.83,10.35,10.78,50.4,0.0,66.4,7.9,90.8,470.0,81.7,125748.6,101543.3,0.1
870,83.72,100.0,1.701,1701.0,65.5,49.8,27.0,0.0,0.0,1575.0,154.35,67.0,98.0,8.83,10.35,10.78,50.3,0.0,66.4,0.6,87.4,470.0,81.7,125748.6,101543.4,0.1
871,96.73,100.0,2.085,2085.4,65.7,49.0,27.0,0.0,0.9,1575.0,152.78,67.2,97.0,8.83,10.35,10.78,49.9,0.0,66.3,7.8,90.9,470.0,81.7,125748.6,101551.5,0.1
872,88.72,100.0,1.761,1761.4,65.7,48.6,27.0,0.0,0.0,1575.0,154.35,67.1,98.0,8.83,10.35,10.78,49.5,0.0,66.4,7.9,90.7,470.0,81.7,125748.6,101540.9,0.1
873,89.04,100.0,1.891,1891.3,65.7,49.4,27.0,0.0,0.0,1575.0,152.78,67.1,97.0,8.83,10.35,10.78,50.2,0.0,66.4,7.9,87.4,470.0,81.7,125748.6,101556.6,0.1
874,87.28,100.0,1.791,1791.0,65.8,50.7,27.0,0.0,0.1,1575.0,154.35,67.2,98.0,8.82,10.17,10.73,51.1,0.0,66.4,7.8,87.1,470.0,81.7,125748.6,101544.2,0.1
875,79.8,100.0,1.891,1891.3,65.9,50.5,27.0,0.0,0.0,1575.0,152.78,67.2,97.0,8.82,10.17,10.73,51.5,0.0,66.4,7.9,87.6,470.0,81.7,125748.6,101544.9,0.1
876,82.54,100.0,1.945,1945.3,65.9,49.3,27.0,0.0,0.0,1575.0,154.35,67.2,98.0,8.82,10.17,10.73,50.1,0.0,66.4,0.6,91.0,470.0,81.7,125748.6,101542.8,0.1
877,76.32,100.0,2.17,2170.3,66.0,48.7,27.0,0.0,0.0,1575.0,154.35,67.1,98.0,8.82,10.17,10.73,49.6,0.0,66.3,7.8,88.9,470.0,81.7,125748.6,101543.3,0.1
878,84.36,100.0,1.947,1946.6,66.8,48.6,27.0,0.0,0.0,1575.0,152.78,67.2,97.0,8.82,10.17,10.73,49.4,0.0,66.4,7.8,87.8,470.0,81.7,125748.6,101543.2,0.1
879,82.36,100.0,1.954,1954.3,66.2,47.9,27.0,0.0,0.0,1575.0,154.35,67.3,98.0,8.82,9.99,10.68,48.7,0.0,66.4,7.9,90.9,469.0,81.7,125748.6,101550.3,0.1
880,84.27,100.0,1.839,1838.6,66.1,47.4,27.0,0.0,0.1,1575.0,154.35,67.2,98.0,8.82,9.99,10.68,48.3,0.0,66.4,0.6,91.4,469.0,81.7,125748.6,101548.4,0.1
881,82.22,100.0,1.653,1653.4,66.1,49.0,27.0,0.0,0.0,1575.0,154.35,67.4,98.0,8.82,9.99,10.68,49.5,0.0,66.3,7.9,91.1,469.0,81.7,125748.6,101548.6,0.1
882,97.7,100.0,1.893,1892.6,66.5,48.2,27.0,0.0,0.0,1575.0,154.35,67.3,98.0,8.82,9.99,10.68,48.6,0.0,66.4,7.8,91.2,469.0,81.7,125748.6,101543.5,0.1
883,94.08,100.0,2.11,2109.9,67.1,49.2,27.0,0.0,0.0,1575.0,154.35,67.6,98.0,8.82,9.99,10.68,49.6,0.0,66.4,7.9,89.9,469.0,81.7,125748.6,101560.9,0.1
884,92.59,100.0,1.839,1838.6,66.8,47.2,27.0,0.0,0.0,1575.0,152.78,67.3,97.0,8.82,9.99,10.67,47.7,0.0,66.3,0.5,86.5,469.0,81.7,125748.6,101546.8,0.1
885,91.36,100.0,2.039,2039.1,66.7,46.3,27.0,0.0,0.0,1575.0,152.78,67.6,97.0,8.82,9.99,10.67,46.7,0.0,66.4,7.9,91.1,469.0,81.7,125748.6,101546.2,0.1
886,94.57,100.0,1.746,1746.0,66.0,46.4,27.0,0.0,0.0,1575.0,154.35,67.6,98.0,8.82,9.99,10.67,46.9,0.0,66.4,7.8,88.8,469.0,81.7,125748.6,101551.7,0.1
887,85.74,100.0,1.791,1791.0,66.2,46.6,27.0,0.0,0.0,1575.0,154.35,67.8,98.0,8.82,9.99,10.67,47.0,0.0,66.4,0.7,88.8,469.0,81.7,125748.6,101543.1,0.1
888,86.84,100.0,1.894,1893.9,66.4,47.4,27.0,0.0,0.0,1575.0,152.78,67.4,97.0,8.82,9.99,10.67,47.7,0.0,66.4,7.8,87.6,469.0,81.7,125748.6,101542.9,0.1
889,95.29,100.0,1.66,1659.9,66.1,46.7,27.0,0.0,0.0,1575.0,154.35,67.8,98.0,8.82,9.83,10.63,47.4,0.0,66.3,7.8,90.2,469.0,81.7,125748.6,101540.9,0.1
890,80.61,100.0,1.653,1653.4,65.9,46.6,27.0,0.0,0.0,1575.0,152.78,67.3,97.0,8.82,9.83,10.63,46.9,0.0,66.4,7.9,87.6,469.0,81.7,125748.6,101541.5,0.1
891,88.92,100.0,1.8,1800.0,65.9,46.1,27.0,0.0,0.1,1575.0,154.35,67.7,98.0,8.82,9.83,10.63,46.8,0.0,66.4,0.6,88.8,469.0,81.7,125748.6,101544.5,0.1
892,72.56,100.0,1.569,1568.6,65.8,48.4,27.0,0.0,0.0,1575.0,154.35,67.4,98.0,8.82,9.83,10.63,48.7,0.0,66.3,7.8,90.2,469.0,81.7,125748.6,101548.4,0.1
893,91.23,100.0,1.777,1776.9,65.8,47.8,27.0,0.0,0.0,1575.0,154.35,67.8,98.0,8.82,9.83,10.63,48.1,0.0,66.4,7.9,91.2,469.0,81.7,125748.6,101548.6,0.1
894,88.62,100.0,1.971,1971.0,66.2,47.4,27.0,0.0,0.0,1575.0,152.78,67.8,97.0,8.83,9.93,10.63,47.9,0.0,66.4,7.8,90.2,469.0,81.7,125748.6,101549.7,0.1
895,90.48,100.0,1.848,1847.6,66.5,44.4,27.0,0.0,0.0,1575.0,152.78,67.8,97.0,8.83,9.93,10.63,44.9,0.0,66.3,0.5,91.0,469.0,81.7,125748.6,101548.2,0.1
896,79.57,100.0,1.877,1877.1,66.1,45.0,27.0,0.0,0.0,1575.0,152.78,67.8,97.0,8.83,9.93,10.63,45.2,0.0,66.4,7.9,90.4,469.0,81.7,125748.6,101549.4,0.1
897,80.85,100.0,1.715,1715.1,66.1,46.0,27.0,0.0,0.0,1575.0,154.35,67.8,98.0,8.83,9.93,10.63,46.7,0.0,66.4,7.8,91.0,469.0,81.7,125748.6,101549.7,0.1
898,80.39,100.0,2.196,2196.0,66.4,44.8,27.0,0.0,0.0,1575.0,152.78,67.8,97.0,8.83,9.93,10.63,45.7,0.0,66.4,0.6,90.3,469.0,81.7,125748.6,101553.1,0.1
899,69.52,100.0,2.025,2025.0,66.3,45.6,27.0,0.0,0.0,1575.0,154.35,67.8,98.0,8.87,10.49,10.74,46.0,0.0,66.3,7.8,90.2,469.0,81.7,125748.6,101553.9,0.1
