elapsed_sec,cores_active_percent,cpu_freq_ghz,cpu_freq_mhz,cpu_temp,cpu_total,disk_percent,disk_read_rate_mbps,disk_write_rate_mbps,gpu_clock_mhz,gpu_effective_throughput,gpu_mem_clock_mhz,gpu_mem_total_mb,gpu_mem_used_mb,gpu_power_w,gpu_temp,gpu_util,load_15m,load_1m,load_5m,mean_core_util,net_errors,net_recv_rate_mbps,net_sent_rate_mbps,peak_core_util,process_count,ram_percent,ram_total_mb,ram_used_mb,swap_percent,vcn_util
0,0.0,4.339,4339.4,68.625,0.0,32.8,0.0,0.0,2687.0,268.7,1000.0,2048.0,302.4,134.04,65.0,100.0,0.16,0.76,0.39,0.0,0.0,0.0,0.0,0.0,534.0,66.7,126424.4,81731.6,0.0,0.0
1,46.9,3.488,3487.9,71.375,13.3,32.8,0.0,0.1,2752.0,275.2,1000.0,2048.0,302.4,130.06,53.0,100.0,0.16,0.76,0.39,13.5,0.0,67.1,7.9,100.0,534.0,66.7,126424.4,81717.2,0.0,0.0
2,46.9,3.461,3461.2,72.875,13.5,32.8,0.0,0.0,2834.0,283.4,1000.0,2048.0,302.4,125.02,53.0,100.0,0.16,0.76,0.39,13.4,0.0,67.0,8.0,100.0,534.0,66.7,126424.4,81717.2,0.0,0.0
3,46.9,3.609,3609.3,72.0,13.1,32.8,0.0,0.0,2861.0,286.1,1000.0,2048.0,302.4,122.05,55.0,100.0,0.16,0.76,0.39,13.3,0.0,67.0,0.5,100.0,535.0,66.7,126424.4,81708.1,0.0,0.0
4,53.1,3.479,3479.0,70.875,13.8,32.8,0.0,0.0,2875.0,287.5,1000.0,2048.0,302.4,120.1,56.0,100.0,0.16,0.78,0.4,13.7,0.0,67.1,8.0,100.0,535.0,66.7,126424.4,81695.2,0.0,0.0
5,75.0,1.675,1675.1,69.375,16.5,32.8,0.0,0.1,2831.0,283.1,1000.0,2048.0,302.4,123.03,68.0,100.0,0.16,0.78,0.4,16.4,0.0,67.1,8.0,83.0,534.0,66.7,126424.4,81686.2,0.0,0.0
6,90.6,1.698,1697.7,68.0,19.6,32.8,0.0,0.0,2747.0,274.7,1000.0,2048.0,302.4,120.0,63.0,100.0,0.16,0.78,0.4,19.6,0.0,67.1,0.5,66.7,534.0,66.7,126424.4,81679.3,0.0,0.0
7,78.1,3.408,3408.1,66.875,16.8,32.8,0.0,0.0,2802.0,280.2,1000.0,2048.0,302.4,118.0,59.0,100.0,0.16,0.78,0.4,16.7,0.0,67.0,8.0,55.0,534.0,66.7,126424.4,81682.4,0.0,0.0
8,56.2,3.744,3743.6,68.25,13.9,32.8,0.0,0.0,2854.0,285.4,1000.0,2048.0,302.4,120.0,59.0,100.0,0.16,0.78,0.4,14.0,0.0,67.1,7.9,76.8,534.0,66.7,126424.4,81676.5,0.0,0.0
9,56.2,3.977,3977.1,69.25,13.6,32.8,0.0,0.0,2873.0,287.3,1000.0,2048.0,302.4,120.03,58.0,100.0,0.17,0.8,0.42,13.5,0.0,67.1,8.0,75.8,534.0,66.7,126424.4,81670.6,0.0,0.0
10,56.2,1.687,1686.9,68.75,16.9,32.8,0.0,0.0,2819.0,281.9,1000.0,2048.0,302.4,121.1,68.0,100.0,0.17,0.8,0.42,16.9,0.0,67.0,0.5,100.0,534.0,66.7,126424.4,81670.2,0.0,0.0
11,78.1,1.648,1648.4,68.5,21.3,32.8,0.0,5.0,2755.0,275.5,1000.0,2048.0,302.4,119.06,68.0,100.0,0.17,0.8,0.42,21.3,0.0,67.1,8.0,72.7,534.0,66.6,126424.4,81663.3,0.0,0.0
12,81.2,4.073,4072.8,68.125,18.1,32.8,0.0,0.0,2817.0,281.7,1000.0,2048.0,302.4,118.01,58.0,100.0,0.17,0.8,0.42,18.2,0.0,67.0,7.9,84.8,534.0,66.6,126424.4,81659.6,0.0,0.0
13,62.5,3.85,3850.1,73.25,14.8,32.8,0.0,0.0,2860.0,286.0,1000.0,2048.0,302.4,120.0,57.0,100.0,0.17,0.8,0.42,14.8,0.0,67.1,0.6,81.8,534.0,66.6,126424.4,81659.5,0.0,0.0
14,65.6,3.597,3597.4,72.75,14.0,32.8,0.0,0.0,2874.0,287.4,1000.0,2048.0,302.4,119.08,57.0,100.0,0.18,0.97,0.46,13.9,0.0,67.0,7.9,88.9,534.0,66.7,126424.4,81673.4,0.0,0.0
15,62.5,3.619,3618.9,75.25,14.9,32.8,0.0,0.0,2880.0,288.0,1000.0,2048.0,302.4,119.1,58.0,100.0,0.18,0.97,0.46,15.1,0.0,67.1,8.0,86.0,534.0,66.7,126424.4,81673.0,0.0,0.0
16,78.1,1.664,1663.8,74.375,17.7,32.8,0.0,4.8,2833.0,283.3,1000.0,2048.0,302.4,122.04,67.0,100.0,0.18,0.97,0.46,17.7,0.0,67.1,7.9,95.0,534.0,66.7,126424.4,81672.6,0.0,0.0
17,84.4,1.641,1641.0,72.125,20.1,32.8,0.0,0.0,2748.0,274.8,1000.0,2048.0,302.4,119.08,68.0,100.0,0.18,0.97,0.46,20.1,0.0,67.0,0.6,100.0,534.0,66.7,126424.4,81682.4,0.0,0.0
18,84.4,3.905,3904.9,71.125,18.9,32.8,0.0,0.0,2802.0,280.2,1000.0,2048.0,302.4,117.06,60.0,100.0,0.18,0.97,0.46,19.0,0.0,67.0,7.9,100.0,534.0,66.7,126424.4,81735.8,0.0,0.0
19,62.5,4.17,4170.4,73.25,14.9,32.8,0.0,0.0,2850.0,285.0,1000.0,2048.0,302.4,119.07,60.0,100.0,0.19,0.98,0.47,14.8,0.0,67.1,7.9,100.0,534.0,66.7,126424.4,81726.3,0.0,0.0
20,59.4,3.715,3714.6,75.125,14.8,32.8,0.0,1.2,2865.0,286.5,1000.0,2048.0,302.4,119.08,60.0,100.0,0.19,0.98,0.47,14.8,0.0,67.1,7.9,89.0,534.0,66.7,126424.4,81715.6,0.0,0.0
21,68.8,3.866,3865.7,75.0,14.6,32.8,0.0,0.3,2877.0,287.7,1000.0,2048.0,302.4,119.09,60.0,100.0,0.19,0.98,0.47,14.5,0.0,67.0,8.0,73.0,534.0,66.7,126424.4,81735.2,0.0,0.0
22,71.9,1.673,1673.2,73.75,16.5,32.8,0.0,0.0,2817.0,281.7,1000.0,2048.0,302.4,122.04,71.0,100.0,0.19,0.98,0.47,16.6,0.0,67.1,0.5,89.0,534.0,66.7,126424.4,81719.6,0.0,0.0
23,90.6,1.67,1669.9,72.125,19.7,32.8,0.0,0.0,2732.0,273.2,1000.0,2048.0,302.4,119.07,71.0,100.0,0.19,0.98,0.47,19.6,0.0,67.0,8.0,100.0,534.0,66.7,126424.4,81705.2,0.0,0.0
24,78.1,3.715,3715.4,71.25,17.7,32.8,0.0,0.0,2795.0,279.5,1000.0,2048.0,302.4,117.08,60.0,100.0,0.19,0.98,0.48,17.6,0.0,67.1,7.8,98.0,534.0,66.7,126424.4,81708.2,0.0,0.0
25,53.1,3.825,3824.9,73.625,13.9,32.8,0.0,0.0,2846.0,284.6,1000.0,2048.0,302.4,120.0,63.0,100.0,0.19,0.98,0.48,13.9,0.0,67.0,0.7,74.7,534.0,66.7,126424.4,81724.2,0.0,0.0
26,56.2,3.482,3481.9,74.125,13.4,32.8,0.0,0.0,2859.0,285.9,1000.0,2048.0,302.4,120.01,62.0,100.0,0.19,0.98,0.48,13.4,0.0,67.1,7.8,83.8,534.0,66.7,126424.4,81707.5,0.0,0.0
27,62.5,4.02,4020.0,74.875,14.0,32.8,0.0,0.0,2866.0,286.6,1000.0,2048.0,302.4,119.07,63.0,100.0,0.19,0.98,0.48,13.9,0.0,67.0,7.9,79.2,534.0,66.7,126424.4,81691.7,0.0,0.0
28,65.6,3.946,3946.4,75.625,13.9,32.8,0.0,0.0,2873.0,287.3,1000.0,2048.0,302.4,120.01,63.0,100.0,0.19,0.98,0.48,13.8,0.0,67.1,7.9,67.7,534.0,66.7,126424.4,81684.2,0.0,0.0
29,93.8,1.71,1710.3,73.875,18.1,32.8,0.0,0.0,2777.0,277.7,1000.0,2048.0,302.4,120.1,68.0,100.0,0.21,1.22,0.54,18.2,0.0,67.0,0.6,64.6,534.0,66.7,126424.4,81696.9,0.0,0.0
30,87.5,1.641,1641.3,72.875,18.8,32.8,0.0,0.0,2726.0,272.6,1000.0,2048.0,302.4,119.08,71.0,100.0,0.21,1.22,0.54,18.7,0.0,67.1,7.9,54.5,535.0,66.7,126424.4,81723.0,0.0,0.0
31,81.2,3.905,3905.0,72.625,16.7,32.8,0.4,0.0,2815.0,281.5,1000.0,2048.0,302.4,118.02,64.0,100.0,0.21,1.22,0.54,16.7,0.0,67.0,7.9,100.0,534.0,66.7,126424.4,81694.5,0.0,0.0
32,65.6,3.771,3771.1,75.5,13.9,32.8,0.0,0.1,2852.0,285.2,1000.0,2048.0,302.4,119.04,63.0,100.0,0.21,1.22,0.54,13.8,0.0,67.0,7.9,72.0,534.0,66.7,126424.4,81691.7,0.0,0.0
33,62.5,4.201,4200.6,76.875,14.2,32.8,0.0,0.0,2865.0,286.5,1000.0,2048.0,302.4,119.1,63.0,100.0,0.21,1.22,0.54,14.1,0.0,67.1,7.9,100.0,534.0,66.7,126424.4,81690.2,0.0,0.0
34,56.2,3.874,3874.0,77.25,14.4,32.8,0.0,0.0,2870.0,287.0,1000.0,2048.0,302.4,119.09,63.0,100.0,0.23,1.36,0.58,14.4,0.0,67.1,0.6,100.0,534.0,66.7,126424.4,81702.5,0.0,0.0
35,53.1,3.718,3718.1,77.0,14.2,32.8,0.0,0.0,2863.0,286.3,1000.0,2048.0,302.4,120.01,64.0,100.0,0.23,1.36,0.58,14.3,0.0,67.0,7.9,100.0,534.0,66.7,126424.4,81705.6,0.0,0.0
36,84.4,1.644,1644.3,75.25,19.4,32.8,0.0,0.0,2768.0,276.8,1000.0,2048.0,302.4,120.1,73.0,100.0,0.23,1.36,0.58,19.5,0.0,67.0,7.9,80.0,534.0,66.7,126424.4,81702.5,0.0,0.0
37,71.9,1.681,1681.4,74.25,19.9,32.8,0.0,1.4,2728.0,272.8,1000.0,2048.0,302.4,119.01,70.0,100.0,0.23,1.36,0.58,19.9,0.0,67.1,7.9,60.6,534.0,66.7,126424.4,81684.2,0.0,0.0
38,62.5,3.672,3671.9,75.5,15.2,32.8,0.0,0.0,2823.0,282.3,1000.0,2048.0,302.4,119.05,65.0,100.0,0.23,1.36,0.58,15.3,0.0,62.7,0.6,51.5,534.0,66.7,126424.4,81697.9,0.0,0.0
39,53.1,3.882,3882.1,77.5,13.7,32.8,0.0,0.0,2865.0,286.5,1000.0,2048.0,302.4,120.03,65.0,100.0,0.25,1.57,0.63,13.7,0.0,67.9,7.8,99.0,534.0,66.7,126424.4,81695.4,0.0,0.0
40,46.9,3.865,3864.9,77.5,14.6,32.8,0.0,0.0,2879.0,287.9,1000.0,2048.0,302.4,120.03,65.0,100.0,0.25,1.57,0.63,14.5,0.0,67.2,7.9,100.0,534.0,66.7,126424.4,81712.8,0.0,0.0
41,50.0,3.707,3707.1,78.125,14.6,32.8,0.0,0.0,2887.0,288.7,1000.0,2048.0,302.4,120.03,65.0,100.0,0.25,1.57,0.63,14.6,0.0,66.8,7.9,100.0,534.0,66.7,126424.4,81704.3,0.0,0.0
42,53.1,3.608,3608.5,77.5,13.5,32.8,0.0,0.0,2889.0,288.9,1000.0,2048.0,302.4,119.08,66.0,100.0,0.25,1.57,0.63,13.5,0.0,64.4,0.6,100.0,534.0,66.7,126424.4,81698.5,0.0,0.0
43,62.5,3.611,3611.3,76.5,13.7,32.8,0.0,0.0,2891.0,289.1,1000.0,2048.0,302.4,119.04,62.0,100.0,0.25,1.57,0.63,13.7,0.0,67.0,7.9,100.0,534.0,66.7,126424.4,81718.3,0.0,0.0
44,65.6,3.7,3700.4,75.75,13.8,32.8,0.0,0.0,2889.0,288.9,1000.0,2048.0,302.4,119.08,66.0,100.0,0.27,1.85,0.71,13.6,0.0,67.1,7.9,96.0,534.0,66.7,126424.4,81722.5,0.0,0.0
45,62.5,3.535,3535.1,76.75,13.3,32.8,0.0,0.0,2887.0,288.7,1000.0,2048.0,302.4,120.02,65.0,100.0,0.27,1.85,0.71,13.3,0.0,67.0,0.5,65.0,534.0,66.7,126424.4,81726.2,0.0,0.0
46,65.6,1.689,1689.2,77.25,14.9,32.8,0.0,0.0,2876.0,284.72,1000.0,2048.0,302.4,122.09,76.0,99.0,0.27,1.85,0.71,14.8,0.0,67.0,7.9,100.0,534.0,66.7,126424.4,81712.3,0.0,0.0
47,96.9,1.683,1683.1,75.75,20.6,32.8,0.0,0.4,2751.0,275.1,1000.0,2048.0,302.4,119.09,71.0,100.0,0.27,1.85,0.71,20.7,0.0,67.1,7.9,90.0,534.0,66.7,126424.4,81726.7,0.0,0.0
48,93.8,2.108,2107.8,74.5,19.4,32.8,0.0,0.0,2761.0,276.1,1000.0,2048.0,302.4,115.08,66.0,100.0,0.27,1.85,0.71,19.4,0.0,67.0,0.5,59.4,534.0,66.7,126424.4,81731.2,0.0,0.0
49,71.9,3.872,3872.5,76.75,14.2,32.8,0.0,0.0,2831.0,283.1,1000.0,2048.0,302.4,119.03,68.0,100.0,0.3,2.1,0.78,14.3,0.0,67.0,7.9,56.6,534.0,66.7,126424.4,81730.5,0.0,0.0
50,65.6,3.714,3714.4,77.5,14.2,32.8,0.0,0.0,2867.0,286.7,1000.0,2048.0,302.4,120.02,65.0,100.0,0.3,2.1,0.78,14.1,0.0,67.1,7.9,58.6,534.0,66.7,126424.4,81726.5,0.0,0.0
51,68.8,3.548,3547.5,77.625,14.2,32.8,0.0,0.0,2881.0,288.1,1000.0,2048.0,302.4,120.03,66.0,100.0,0.3,2.1,0.78,14.4,0.0,67.0,7.8,54.0,534.0,66.7,126424.4,81714.4,0.0,0.0
52,56.2,3.988,3988.3,78.375,14.4,32.8,0.0,0.0,2887.0,288.7,1000.0,2048.0,302.4,119.1,67.0,100.0,0.3,2.1,0.78,14.4,0.0,67.0,7.9,90.1,534.0,66.7,126424.4,81729.5,0.0,0.0
53,68.8,1.68,1680.4,77.0,16.3,32.8,0.0,0.0,2854.0,282.55,1000.0,2048.0,302.4,123.05,75.0,99.0,0.3,2.1,0.78,16.5,0.0,67.1,0.6,72.3,533.0,66.7,126424.4,81728.0,0.0,0.0
54,87.5,1.707,1706.7,75.875,18.3,32.8,0.0,0.0,2741.0,274.1,1000.0,2048.0,302.4,119.07,74.0,100.0,0.32,2.33,0.85,18.2,0.0,67.0,7.9,73.0,533.0,66.7,126424.4,81729.4,0.0,0.0
55,87.5,3.561,3561.4,74.625,18.7,32.8,0.0,0.0,2775.0,277.5,1000.0,2048.0,302.4,116.01,65.0,100.0,0.32,2.33,0.85,18.9,0.0,67.2,7.8,53.0,533.0,66.7,126424.4,81716.9,0.0,0.0
56,53.1,3.377,3377.3,78.125,13.8,32.8,0.0,0.0,2839.0,283.9,1000.0,2048.0,302.4,119.05,64.0,100.0,0.32,2.33,0.85,13.7,0.0,66.9,7.9,84.8,533.0,66.7,126424.4,81698.8,0.0,0.0
57,50.0,3.389,3388.7,80.125,13.5,32.8,0.0,0.0,2867.0,286.7,1000.0,2048.0,302.4,119.04,66.0,100.0,0.32,2.33,0.85,13.6,0.0,67.0,7.8,79.8,533.0,66.7,126424.4,81713.1,0.0,0.0
58,50.0,3.372,3372.0,82.5,13.2,32.8,0.0,0.1,2880.0,288.0,1000.0,2048.0,302.4,119.05,65.0,100.0,0.32,2.33,0.85,13.0,0.0,67.0,0.6,58.0,533.0,66.7,126424.4,81710.7,0.0,0.0
59,50.0,3.32,3320.4,83.125,13.0,32.8,0.0,0.0,2885.0,288.5,1000.0,2048.0,302.4,119.06,65.0,100.0,0.35,2.55,0.92,13.1,0.0,67.0,7.8,71.0,533.0,66.7,126424.4,81707.1,0.0,0.0
60,50.0,3.655,3654.8,83.25,13.0,32.8,0.0,0.0,2884.0,288.4,1000.0,2048.0,302.4,119.05,63.0,100.0,0.35,2.55,0.92,13.1,0.0,67.2,7.9,99.0,533.0,66.7,126424.4,81737.3,0.0,0.0
61,43.8,3.658,3658.3,81.375,13.5,32.8,0.0,0.0,2883.0,288.3,1000.0,2048.0,302.4,119.05,65.0,100.0,0.35,2.55,0.92,13.3,0.0,66.9,0.6,78.8,533.0,66.7,126424.4,81729.3,0.0,0.0
62,46.9,3.491,3491.0,79.75,13.5,32.8,2.7,0.0,2885.0,288.5,1000.0,2048.0,302.4,119.09,66.0,100.0,0.35,2.55,0.92,13.6,0.0,67.0,7.9,75.2,534.0,66.7,126424.4,81738.3,0.0,0.0
63,56.2,1.978,1977.9,79.125,14.0,32.8,0.0,0.0,2885.0,288.5,1000.0,2048.0,302.4,122.0,75.0,100.0,0.35,2.55,0.92,13.9,0.0,67.5,7.8,76.0,534.0,66.7,126424.4,81729.9,0.0,0.0
64,90.6,1.708,1707.9,77.5,19.2,32.8,0.0,0.1,2752.0,275.2,1000.0,2048.0,302.4,120.03,73.0,100.0,0.38,2.74,0.98,19.3,0.0,67.1,0.6,100.0,534.0,66.7,126424.4,81725.5,0.0,0.0
65,75.0,1.715,1715.2,76.375,18.2,32.8,0.0,0.0,2732.0,273.2,1000.0,2048.0,302.4,117.08,71.0,100.0,0.38,2.74,0.98,18.1,0.0,66.5,7.8,100.0,533.0,66.7,126424.4,81717.3,0.0,0.0
66,53.1,3.751,3750.7,75.75,14.5,32.8,0.0,0.0,2833.0,283.3,1000.0,2048.0,302.4,119.03,69.0,100.0,0.38,2.74,0.98,14.5,0.0,67.0,7.9,86.9,533.0,66.7,126424.4,81700.7,0.0,0.0
67,50.0,3.73,3730.0,77.125,13.6,32.8,0.0,0.0,2869.0,286.9,1000.0,2048.0,302.4,119.1,69.0,100.0,0.38,2.74,0.98,13.7,0.0,67.3,7.8,100.0,533.0,66.7,126424.4,81701.5,0.0,0.0
68,56.2,3.568,3567.7,77.75,13.7,32.8,0.0,0.0,2884.0,288.4,1000.0,2048.0,302.4,119.09,69.0,100.0,0.38,2.74,0.98,13.5,0.0,67.0,0.6,85.1,533.0,66.7,126424.4,81699.3,0.0,0.0
69,56.2,3.68,3679.6,78.375,13.5,32.8,0.0,0.0,2888.0,288.8,1000.0,2048.0,302.4,120.0,69.0,100.0,0.4,2.84,1.04,13.5,0.0,66.8,7.8,85.0,533.0,66.7,126424.4,81697.1,0.0,0.0
70,53.1,3.584,3583.6,77.875,13.6,32.8,0.0,0.0,2891.0,289.1,1000.0,2048.0,302.4,119.09,67.0,100.0,0.4,2.84,1.04,13.5,0.0,67.2,7.9,95.0,533.0,66.7,126424.4,81690.8,0.0,0.0
71,59.4,3.858,3857.5,77.625,13.2,32.8,0.0,0.0,2889.0,288.9,1000.0,2048.0,302.4,119.1,65.0,100.0,0.4,2.84,1.04,13.2,0.0,66.8,0.5,83.0,533.0,66.7,126424.4,81690.7,0.0,0.0
72,65.6,3.74,3740.2,78.5,14.5,32.8,0.0,0.0,2887.0,288.7,1000.0,2048.0,302.4,119.07,68.0,100.0,0.4,2.84,1.04,14.5,0.0,67.0,7.9,87.1,533.0,66.7,126424.4,81685.5,0.0,0.0
73,62.5,3.82,3820.5,78.125,13.8,32.8,0.0,0.0,2889.0,288.9,1000.0,2048.0,302.4,119.09,68.0,100.0,0.4,2.84,1.04,13.8,0.0,67.1,7.8,81.0,533.0,66.7,126424.4,81680.0,0.0,0.0
74,53.1,3.6,3600.1,78.25,13.1,32.8,0.0,0.0,2887.0,288.7,1000.0,2048.0,302.4,119.05,65.0,100.0,0.41,2.94,1.08,13.1,0.0,67.0,0.6,67.0,533.0,66.7,126424.4,81682.5,0.0,0.0
75,65.6,1.682,1681.7,77.875,16.7,32.8,0.0,0.0,2790.0,279.0,1000.0,2048.0,302.4,121.04,75.0,100.0,0.41,2.94,1.08,16.6,0.0,67.6,7.8,93.0,533.0,66.7,126424.4,81684.1,0.0,0.0
76,71.9,1.713,1713.3,77.25,17.8,32.8,0.0,0.0,2718.0,271.8,1000.0,2048.0,302.4,119.05,76.0,100.0,0.41,2.94,1.08,17.9,0.0,67.9,7.9,100.0,533.0,66.7,126424.4,81683.9,0.0,0.0
77,62.5,3.825,3825.4,76.875,15.9,32.8,0.0,0.0,2798.0,279.8,1000.0,2048.0,302.4,118.01,68.0,100.0,0.41,2.94,1.08,16.1,0.0,65.6,7.8,99.0,533.0,66.7,126424.4,81683.0,0.0,0.0
78,50.0,3.76,3759.7,78.0,12.9,32.8,0.0,0.1,2851.0,285.1,1000.0,2048.0,302.4,119.1,68.0,100.0,0.41,2.94,1.08,12.7,0.0,67.1,0.6,77.8,533.0,66.7,126424.4,81683.6,0.0,0.0
79,53.1,3.701,3701.4,78.75,12.9,32.8,0.0,0.0,2875.0,287.5,1000.0,2048.0,302.4,120.01,68.0,100.0,0.44,3.18,1.17,12.9,0.0,67.1,7.7,99.0,533.0,66.7,126424.4,81685.7,0.0,0.0
80,56.2,3.899,3898.6,78.75,13.2,32.8,0.0,0.0,2882.0,288.2,1000.0,2048.0,302.4,120.01,68.0,100.0,0.44,3.18,1.17,13.1,0.0,67.1,7.9,67.0,533.0,66.7,126424.4,81698.1,0.0,0.0
81,56.2,3.624,3624.0,79.25,13.2,32.8,0.0,0.0,2884.0,288.4,1000.0,2048.0,302.4,120.01,67.0,100.0,0.44,3.18,1.17,13.2,0.0,66.8,7.8,100.0,533.0,66.7,126424.4,81726.6,0.0,0.0
82,59.4,3.675,3674.9,79.0,13.2,32.8,0.0,0.0,2886.0,288.6,1000.0,2048.0,302.4,119.08,67.0,100.0,0.44,3.18,1.17,13.3,0.0,67.1,7.8,69.0,533.0,66.7,126424.4,81724.9,0.0,0.0
83,59.4,1.69,1689.5,79.375,13.6,32.8,0.0,0.0,2881.0,288.1,1000.0,2048.0,302.4,123.0,77.0,100.0,0.44,3.18,1.17,13.5,0.0,67.5,0.6,77.0,533.0,66.7,126424.4,81715.6,0.0,0.0
84,100.0,1.683,1682.6,78.25,18.4,32.8,0.0,0.0,2738.0,273.8,1000.0,2048.0,302.4,120.01,78.0,100.0,0.49,3.65,1.3,18.5,0.0,67.5,7.8,78.2,533.0,66.7,126424.4,81718.7,0.0,0.0
85,87.5,1.718,1718.4,77.375,17.6,32.8,0.0,0.0,2736.0,273.6,1000.0,2048.0,302.4,116.07,72.0,100.0,0.49,3.65,1.3,17.6,0.0,65.9,7.8,55.0,533.0,66.7,126424.4,81722.8,0.0,0.0
86,59.4,3.91,3910.3,78.0,13.1,32.8,0.0,0.1,2828.0,282.8,1000.0,2048.0,302.4,119.07,68.0,100.0,0.49,3.65,1.3,13.0,0.0,67.0,0.6,55.0,533.0,66.7,126424.4,81716.6,0.0,0.0
87,59.4,3.78,3780.0,78.25,12.8,32.8,0.0,0.0,2863.0,286.3,1000.0,2048.0,302.4,120.03,68.0,100.0,0.49,3.65,1.3,12.9,0.0,67.0,7.8,70.0,533.0,66.7,126424.4,81711.5,0.0,0.0
88,53.1,3.547,3546.7,78.25,12.8,32.8,0.0,0.0,2875.0,287.5,1000.0,2048.0,302.4,120.02,66.0,100.0,0.49,3.65,1.3,12.8,0.0,67.0,7.8,52.5,533.0,66.7,126424.4,81717.9,0.0,0.0
89,62.5,3.719,3719.4,78.625,13.0,32.8,0.0,0.0,2880.0,288.0,1000.0,2048.0,302.4,120.02,69.0,100.0,0.54,4.16,1.44,12.8,0.0,67.0,7.8,66.7,533.0,66.7,126424.4,81720.9,0.0,0.0
90,68.8,3.563,3563.1,77.25,13.3,32.8,0.0,0.0,2885.0,288.5,1000.0,2048.0,302.4,119.09,69.0,100.0,0.54,4.16,1.44,13.4,0.0,67.1,0.6,56.4,533.0,66.7,126424.4,81742.3,0.0,0.0
91,65.6,3.61,3609.7,77.25,13.4,32.8,0.0,0.0,2883.0,288.3,1000.0,2048.0,302.4,119.1,68.0,100.0,0.54,4.16,1.44,13.3,0.0,67.0,7.8,100.0,533.0,66.7,126424.4,81724.4,0.0,0.0
92,56.2,3.696,3696.3,77.75,13.7,32.8,0.0,0.0,2884.0,288.4,1000.0,2048.0,302.4,120.0,67.0,100.0,0.54,4.16,1.44,13.8,0.0,67.0,7.8,100.0,533.0,66.7,126424.4,81718.6,0.0,0.0
93,78.1,1.686,1685.9,77.875,16.7,32.8,0.0,0.1,2791.0,279.1,1000.0,2048.0,302.4,121.06,77.0,100.0,0.54,4.16,1.44,16.6,0.0,67.0,7.8,100.0,533.0,66.7,126424.4,81712.9,0.0,0.0
94,93.8,1.673,1673.0,77.75,18.4,32.8,0.0,0.0,2712.0,271.2,1000.0,2048.0,302.4,119.06,80.0,100.0,0.59,4.63,1.58,18.6,0.0,67.0,0.6,62.4,533.0,66.7,126424.4,81714.5,0.0,0.0
95,84.4,3.986,3985.6,76.75,16.8,32.8,0.0,0.0,2794.0,279.4,1000.0,2048.0,302.4,117.1,70.0,100.0,0.59,4.63,1.58,16.8,0.0,67.0,7.8,55.0,533.0,66.7,126424.4,81711.1,0.0,0.0
96,46.9,3.466,3465.6,78.125,13.2,32.8,0.0,0.0,2851.0,285.1,1000.0,2048.0,302.4,119.06,71.0,100.0,0.59,4.63,1.58,13.1,0.0,67.0,7.7,69.0,533.0,66.7,126424.4,81706.4,0.0,0.0
97,56.2,3.476,3476.3,80.0,12.2,32.8,0.0,0.1,2872.0,287.2,1000.0,2048.0,302.4,118.09,69.0,100.0,0.59,4.63,1.58,12.4,0.0,67.0,0.4,63.6,533.0,66.7,126424.4,81702.3,0.0,0.0
98,46.9,3.443,3442.6,81.375,12.2,32.8,0.0,0.0,2880.0,288.0,1000.0,2048.0,302.4,118.06,69.0,100.0,0.59,4.63,1.58,12.1,0.0,67.0,7.7,100.0,533.0,66.7,126424.4,81703.6,0.0,0.0
99,46.9,3.607,3607.3,81.25,12.3,32.8,0.0,0.0,2881.0,288.1,1000.0,2048.0,302.4,119.0,66.0,100.0,0.6,4.34,1.57,12.1,0.0,66.9,7.6,55.6,533.0,66.7,126424.4,81704.1,0.0,0.0
100,37.5,3.29,3289.8,84.0,9.3,32.8,0.0,0.0,1539.0,63.1,1000.0,2048.0,302.4,73.05,49.0,41.0,0.6,4.34,1.57,9.4,0.0,67.0,0.4,54.0,533.0,66.7,126424.4,81698.1,0.0,0.0
101,40.6,3.509,3508.7,83.375,8.8,32.8,0.0,0.0,945.0,14.18,1000.0,2048.0,302.4,54.01,49.0,15.0,0.6,4.34,1.57,8.8,0.0,67.0,7.6,54.0,533.0,66.7,126424.4,81685.7,0.0,0.0
102,43.8,3.369,3368.9,83.25,8.8,32.8,0.0,0.0,726.0,4.36,1000.0,2048.0,302.4,46.05,48.0,6.0,0.6,4.34,1.57,8.8,0.0,66.9,7.6,52.0,533.0,66.7,126424.4,81683.5,0.0,0.0
103,37.5,3.448,3448.3,82.875,9.0,32.8,0.0,0.0,648.0,1.3,1000.0,2048.0,302.4,43.07,48.0,2.0,0.6,4.34,1.57,9.0,0.0,67.0,0.4,52.0,533.0,66.7,126424.4,81683.4,0.0,0.0
104,28.1,3.082,3082.0,82.875,8.9,32.8,0.0,0.0,618.0,0.62,1000.0,2048.0,302.4,42.05,47.0,1.0,0.59,3.99,1.55,8.7,0.0,67.0,7.6,52.5,533.0,66.7,126424.4,81682.1,0.0,0.0
105,37.5,2.919,2919.1,82.5,8.9,32.8,0.0,0.0,606.0,0.0,1000.0,2048.0,302.4,42.03,47.0,0.0,0.59,3.99,1.55,9.1,0.0,67.0,7.6,53.0,533.0,66.7,126424.4,81681.4,0.0,0.0
106,40.6,3.374,3374.5,81.875,10.1,32.8,0.0,0.0,1102.0,27.55,1000.0,2048.0,302.4,67.03,69.0,25.0,0.59,3.99,1.55,10.2,0.0,67.0,7.7,63.0,533.0,66.7,126424.4,81676.8,0.0,0.0
107,53.1,3.339,3339.1,82.375,14.0,32.8,0.0,0.0,1997.0,143.78,1000.0,2048.0,302.4,112.06,78.0,72.0,0.59,3.99,1.55,13.8,0.0,67.0,7.8,100.0,533.0,66.7,126424.4,81774.4,0.0,0.0
108,46.9,3.236,3235.5,82.125,13.0,32.8,0.0,0.0,2346.0,208.79,1000.0,2048.0,302.4,128.02,70.0,89.0,0.59,3.99,1.55,12.8,0.0,67.0,0.6,100.0,533.0,66.7,126424.4,81773.7,0.0,0.0
109,56.2,3.609,3609.3,83.625,13.8,32.8,0.0,0.0,2652.0,254.59,1000.0,2048.0,302.4,127.07,68.0,96.0,0.6,3.75,1.54,14.0,0.0,67.0,7.8,100.0,533.0,66.7,126424.4,81764.6,0.0,0.0
110,53.1,3.374,3374.3,84.25,13.6,32.8,0.0,0.0,2770.0,274.23,1000.0,2048.0,302.4,127.01,68.0,99.0,0.6,3.75,1.54,13.4,0.0,67.1,7.9,62.6,533.0,66.7,126424.4,81750.2,0.0,0.0
111,56.2,3.218,3217.5,85.75,14.0,32.8,0.0,0.1,2815.0,278.68,1000.0,2048.0,302.4,126.02,69.0,99.0,0.6,3.75,1.54,14.0,0.0,67.0,0.5,52.5,533.0,66.7,126424.4,81746.7,0.0,0.0
112,56.2,3.204,3203.5,87.0,14.2,32.8,0.0,0.0,2838.0,283.8,1000.0,2048.0,302.4,125.01,66.0,100.0,0.6,3.75,1.54,14.2,0.0,67.0,7.9,52.5,533.0,66.7,126424.4,81697.3,0.0,0.0
113,68.8,3.315,3314.7,86.0,14.1,32.8,0.0,0.0,2841.0,284.1,1000.0,2048.0,302.4,125.05,68.0,100.0,0.6,3.75,1.54,13.9,0.0,67.0,7.8,77.0,533.0,66.7,126424.4,81698.2,0.0,0.0
114,53.1,3.505,3505.4,86.125,13.7,32.8,0.0,0.0,2843.0,284.3,1000.0,2048.0,302.4,125.02,68.0,100.0,0.6,3.53,1.53,13.7,0.0,67.1,7.9,82.0,533.0,66.7,126424.4,81696.4,0.0,0.0
115,53.1,3.172,3172.0,86.0,13.2,32.8,0.0,0.0,2850.0,285.0,1000.0,2048.0,302.4,124.07,68.0,100.0,0.6,3.53,1.53,13.1,0.0,67.0,0.5,65.3,533.0,66.7,126424.4,81691.5,0.0,0.0
116,56.2,3.321,3320.8,85.0,13.1,32.8,0.0,0.0,2842.0,284.2,1000.0,2048.0,302.4,125.07,70.0,100.0,0.6,3.53,1.53,13.1,0.0,67.0,7.9,60.6,533.0,66.7,126424.4,81690.7,0.0,0.0
117,59.4,3.72,3720.3,82.875,13.3,32.8,0.0,0.0,2853.0,285.3,1000.0,2048.0,302.4,124.01,68.0,100.0,0.6,3.53,1.53,13.3,0.0,67.0,7.8,100.0,533.0,66.7,126424.4,81691.3,0.0,0.0
118,50.0,3.276,3275.9,81.0,12.9,32.8,0.0,0.1,2865.0,286.5,1000.0,2048.0,302.4,122.05,67.0,100.0,0.6,3.53,1.53,12.7,0.0,67.0,0.6,100.0,533.0,66.7,126424.4,81691.3,0.0,0.0
119,53.1,3.512,3511.8,80.125,13.2,32.8,0.0,0.0,2870.0,287.0,1000.0,2048.0,302.4,121.05,69.0,100.0,0.61,3.41,1.54,13.4,0.0,67.1,7.8,100.0,533.0,66.7,126424.4,81685.7,0.0,0.0
120,65.6,3.251,3251.1,79.5,13.2,32.8,0.0,0.0,2875.0,287.5,1000.0,2048.0,302.4,120.03,67.0,100.0,0.61,3.41,1.54,13.3,0.0,67.0,7.9,83.0,533.0,66.7,126424.4,81685.1,0.0,0.0
121,71.9,1.777,1777.1,78.5,16.7,32.8,0.0,0.0,2773.0,277.3,1000.0,2048.0,302.4,121.06,76.0,100.0,0.61,3.41,1.54,16.5,0.0,67.0,7.8,73.0,533.0,66.7,126424.4,81691.6,0.0,0.0
122,90.6,1.718,1717.9,78.0,18.4,32.8,0.0,0.0,2696.0,269.6,1000.0,2048.0,302.4,119.08,75.0,100.0,0.61,3.41,1.54,18.4,0.0,67.1,0.6,54.5,533.0,66.7,126424.4,81691.8,0.0,0.0
123,87.5,3.744,3743.6,77.0,18.0,32.8,0.0,0.2,2753.0,275.3,1000.0,2048.0,302.4,116.09,70.0,100.0,0.61,3.41,1.54,18.0,0.0,67.0,7.8,53.0,533.0,66.7,126424.4,81693.3,0.0,0.0
124,59.4,3.874,3873.6,78.625,13.8,32.8,0.0,0.0,2831.0,283.1,1000.0,2048.0,302.4,119.06,68.0,100.0,0.61,3.21,1.53,13.7,0.0,67.0,7.8,64.0,533.0,66.7,126424.4,81691.4,0.0,0.0
125,62.5,3.504,3504.4,80.375,13.7,32.8,0.0,0.5,2860.0,286.0,1000.0,2048.0,302.4,120.0,66.0,100.0,0.61,3.21,1.53,13.9,0.0,67.0,0.6,52.0,533.0,66.7,126424.4,81691.8,0.0,0.0
126,65.6,3.4,3400.2,80.875,13.9,32.8,0.0,0.0,2869.0,286.9,1000.0,2048.0,302.4,120.02,69.0,100.0,0.61,3.21,1.53,13.9,0.0,67.0,7.8,52.0,533.0,66.7,126424.4,81690.6,0.0,0.0
127,68.8,3.406,3405.6,81.25,14.1,32.8,0.0,0.0,2871.0,287.1,1000.0,2048.0,302.4,120.0,68.0,100.0,0.61,3.21,1.53,14.0,0.0,67.0,7.8,52.0,533.0,66.7,126424.4,81689.0,0.0,0.0
128,62.5,3.349,3349.1,81.5,13.7,32.8,0.0,0.0,2871.0,287.1,1000.0,2048.0,302.4,119.09,68.0,100.0,0.61,3.21,1.53,13.6,0.0,59.9,0.6,57.0,533.0,66.7,126424.4,81688.6,0.0,0.0
129,56.2,2.875,2875.3,81.625,13.2,32.8,0.0,0.0,2868.0,286.8,1000.0,2048.0,302.4,120.01,69.0,100.0,0.61,3.04,1.52,13.2,0.0,67.0,7.7,51.0,533.0,66.7,126424.4,81686.4,0.0,0.0
130,62.5,3.157,3156.6,80.5,13.5,32.8,0.0,0.0,2867.0,286.7,1000.0,2048.0,302.4,119.09,68.0,100.0,0.61,3.04,1.52,13.5,0.0,67.0,7.9,49.0,533.0,66.7,126424.4,81685.0,0.0,0.0
131,53.1,2.898,2898.2,80.5,13.1,32.8,0.0,0.0,2872.0,287.2,1000.0,2048.0,302.4,119.09,69.0,100.0,0.61,3.04,1.52,12.9,0.0,67.0,0.5,63.6,533.0,66.7,126424.4,81686.1,0.0,0.0
132,62.5,3.423,3423.2,81.375,13.7,32.8,0.0,0.0,2870.0,287.0,1000.0,2048.0,302.4,119.02,68.0,100.0,0.61,3.04,1.52,13.8,0.0,67.0,7.8,52.5,533.0,66.7,126424.4,81679.4,0.0,0.0
133,68.8,3.174,3174.5,82.0,14.2,32.8,0.0,0.0,2872.0,287.2,1000.0,2048.0,302.4,119.03,67.0,100.0,0.61,3.04,1.52,14.2,0.0,67.0,7.8,65.0,533.0,66.7,126424.4,81677.9,0.0,0.0
134,62.5,3.01,3010.5,83.25,13.2,32.8,0.0,0.0,2869.0,286.9,1000.0,2048.0,302.4,119.09,69.0,100.0,0.61,2.87,1.51,13.1,0.0,67.0,0.6,68.0,533.0,66.7,126424.4,81677.4,0.0,0.0
135,65.6,1.759,1759.0,82.125,16.1,32.8,0.0,0.0,2773.0,277.3,1000.0,2048.0,302.4,121.07,78.0,100.0,0.61,2.87,1.51,16.0,0.0,67.1,7.8,52.0,533.0,66.7,126424.4,81678.5,0.0,0.0
136,75.0,1.771,1771.4,80.5,18.2,32.8,0.0,0.0,2710.0,271.0,1000.0,2048.0,302.4,119.09,80.0,100.0,0.61,2.87,1.51,18.2,0.0,67.0,7.8,71.7,533.0,66.7,126424.4,81680.5,0.0,0.0
137,78.1,3.1,3099.5,79.0,16.4,32.8,0.0,0.0,2759.0,275.9,1000.0,2048.0,302.4,116.03,70.0,100.0,0.61,2.87,1.51,16.4,0.0,66.9,7.7,77.8,533.0,66.7,126424.4,81687.5,0.0,0.0
138,62.5,3.069,3069.0,81.25,12.8,32.8,0.0,0.0,2830.0,283.0,1000.0,2048.0,302.4,118.07,69.0,100.0,0.61,2.87,1.51,13.0,0.0,67.0,0.4,72.7,533.0,66.7,126424.4,81683.7,0.0,0.0
139,56.2,3.035,3034.7,82.0,12.8,32.8,0.0,0.0,2857.0,285.7,1000.0,2048.0,302.4,118.08,70.0,100.0,0.62,2.72,1.5,12.6,0.0,67.0,7.6,76.8,533.0,66.7,126424.4,81682.9,0.0,0.0
140,59.4,2.957,2957.1,82.5,12.9,32.8,0.0,0.1,2868.0,286.8,1000.0,2048.0,302.4,118.02,66.0,100.0,0.62,2.72,1.5,12.9,0.0,67.0,7.6,52.5,534.0,66.7,126424.4,81682.1,0.0,0.0
141,62.5,3.246,3245.6,82.375,12.9,32.8,0.0,0.0,2872.0,287.2,1000.0,2048.0,302.4,119.0,71.0,100.0,0.62,2.72,1.5,12.9,0.0,66.7,0.3,100.0,534.0,66.7,126424.4,81685.2,0.0,0.0
142,53.1,3.27,3270.2,82.75,12.4,32.8,0.0,0.0,2871.0,287.1,1000.0,2048.0,302.4,119.05,69.0,100.0,0.62,2.72,1.5,12.2,0.0,63.2,7.7,100.0,534.0,66.7,126424.4,81694.1,0.0,0.0
143,46.9,3.218,3218.4,82.75,12.4,32.8,0.0,0.0,2871.0,287.1,1000.0,2048.0,302.4,119.01,67.0,100.0,0.62,2.72,1.5,12.5,0.0,66.8,7.6,100.0,534.0,66.7,126424.4,81694.5,0.0,0.0
144,46.9,3.374,3374.3,82.125,12.4,32.8,0.0,0.0,2873.0,287.3,1000.0,2048.0,302.4,119.08,70.0,100.0,0.62,2.58,1.49,12.3,0.0,64.9,0.4,100.0,534.0,66.7,126424.4,81701.8,0.0,0.0
145,56.2,3.116,3116.2,82.875,12.5,32.8,0.0,0.0,2872.0,287.2,1000.0,2048.0,302.4,118.08,69.0,100.0,0.62,2.58,1.49,12.4,0.0,67.0,7.6,53.5,534.0,66.7,126424.4,81690.6,0.0,0.0
146,53.1,3.195,3194.8,82.875,12.6,32.8,0.0,0.0,2867.0,286.7,1000.0,2048.0,302.4,118.03,69.0,100.0,0.62,2.58,1.49,12.6,0.0,67.0,7.7,58.0,534.0,66.7,126424.4,81689.5,0.0,0.0
147,56.2,3.168,3167.9,84.625,13.3,32.8,0.0,0.0,2870.0,287.0,1000.0,2048.0,302.4,120.08,71.0,100.0,0.62,2.58,1.49,13.3,0.0,67.0,7.6,79.0,534.0,66.7,126424.4,81702.6,0.0,0.0
148,68.8,2.314,2314.1,85.625,13.1,32.8,0.0,0.0,2857.0,285.7,1000.0,2048.0,302.4,122.0,78.0,100.0,0.62,2.58,1.49,13.1,0.0,67.0,0.8,63.0,534.0,66.7,126424.4,81744.8,0.0,0.0
149,87.5,1.786,1785.6,82.75,18.8,32.8,0.0,0.0,2736.0,273.6,1000.0,2048.0,302.4,120.07,79.0,100.0,0.63,2.54,1.5,18.7,0.0,67.1,8.0,84.0,534.0,66.7,126424.4,81745.7,0.0,0.0
150,84.4,1.754,1753.8,80.75,18.8,32.8,0.0,0.0,2716.0,271.6,1000.0,2048.0,302.4,118.04,74.0,100.0,0.63,2.54,1.5,18.8,0.0,67.1,0.6,96.0,534.0,66.7,126424.4,81744.9,0.0,0.0
151,75.0,3.515,3515.0,79.625,14.3,32.8,0.2,0.0,2819.0,281.9,1000.0,2048.0,302.4,119.06,72.0,100.0,0.63,2.54,1.5,14.5,0.0,67.0,7.9,76.8,534.0,66.7,126424.4,81744.7,0.0,0.0
152,68.8,4.033,4033.1,83.25,13.6,32.8,0.0,0.1,2862.0,286.2,1000.0,2048.0,302.4,120.02,72.0,100.0,0.63,2.54,1.5,13.4,0.0,67.1,7.9,54.0,534.0,66.7,126424.4,81737.5,0.0,0.0
153,65.6,3.78,3780.1,83.375,14.6,32.8,0.0,0.0,2873.0,287.3,1000.0,2048.0,302.4,119.09,71.0,100.0,0.63,2.54,1.5,14.6,0.0,67.1,8.0,68.0,534.0,66.7,126424.4,81731.3,0.0,0.0
154,62.5,3.554,3553.9,83.625,14.5,32.8,0.0,0.2,2873.0,287.3,1000.0,2048.0,302.4,119.09,70.0,100.0,0.64,2.57,1.53,14.5,0.0,67.1,7.9,81.0,534.0,66.7,126424.4,81719.2,0.0,0.0
155,46.9,3.4,3399.8,84.875,14.2,32.8,0.0,0.0,2875.0,287.5,1000.0,2048.0,302.4,119.04,70.0,100.0,0.64,2.57,1.53,14.2,0.0,67.1,0.8,100.0,534.0,66.7,126424.4,81717.2,0.0,0.0
156,68.8,3.277,3276.9,85.5,14.2,32.8,0.0,0.0,2878.0,287.8,1000.0,2048.0,302.4,119.06,71.0,100.0,0.64,2.57,1.53,14.3,0.0,67.0,7.9,66.7,534.0,66.7,126424.4,81715.2,0.0,0.0
157,84.4,1.739,1739.0,84.5,17.0,32.8,0.0,0.1,2778.0,277.8,1000.0,2048.0,302.4,121.07,77.0,100.0,0.64,2.57,1.53,17.1,0.0,67.0,0.6,65.0,534.0,66.7,126424.4,81712.0,0.0,0.0
158,87.5,1.749,1748.6,82.125,19.5,32.8,0.0,0.0,2701.0,270.1,1000.0,2048.0,302.4,119.04,79.0,100.0,0.64,2.57,1.53,19.5,0.0,60.0,7.9,73.0,534.0,66.7,126424.4,81715.4,0.0,0.0
159,78.1,3.046,3045.7,79.875,18.3,32.8,0.0,0.0,2790.0,279.0,1000.0,2048.0,302.4,117.08,71.0,100.0,0.66,2.77,1.58,18.4,0.0,67.1,8.0,70.7,534.0,66.7,126424.4,81706.8,0.0,0.0
160,59.4,3.212,3211.7,80.875,13.7,32.8,0.0,0.0,2856.0,285.6,1000.0,2048.0,302.4,119.07,68.0,100.0,0.66,2.77,1.58,13.8,0.0,67.1,7.9,64.0,534.0,66.7,126424.4,81706.1,0.0,0.0
161,65.6,3.433,3433.3,82.5,13.7,32.8,0.0,0.0,2879.0,287.9,1000.0,2048.0,302.4,119.08,69.0,100.0,0.66,2.77,1.58,13.7,0.0,67.1,0.8,58.0,534.0,66.7,126424.4,81705.2,0.0,0.0
162,56.2,3.25,3250.1,82.625,14.3,32.8,0.0,0.0,2884.0,288.4,1000.0,2048.0,302.4,119.06,70.0,100.0,0.66,2.77,1.58,14.3,0.0,67.0,7.9,84.8,534.0,66.7,126424.4,81698.2,0.0,0.0
163,56.2,3.395,3395.1,83.25,13.5,32.8,0.0,0.0,2885.0,288.5,1000.0,2048.0,302.4,119.08,72.0,100.0,0.66,2.77,1.58,13.6,0.0,67.1,8.0,57.6,534.0,66.7,126424.4,81695.4,0.0,0.0
164,71.9,1.691,1691.4,82.375,16.0,32.8,0.0,0.0,2789.0,278.9,1000.0,2048.0,302.4,121.04,78.0,100.0,0.68,2.87,1.62,16.1,0.0,67.1,7.8,76.2,534.0,66.7,126424.4,81694.9,0.0,0.0
165,87.5,1.715,1714.6,81.0,18.5,32.8,0.0,0.0,2707.0,270.7,1000.0,2048.0,302.4,119.06,80.0,100.0,0.68,2.87,1.62,18.3,0.0,67.0,0.7,54.0,534.0,66.7,126424.4,81693.0,0.0,0.0
166,75.0,3.517,3517.2,80.75,17.0,32.8,0.0,0.0,2791.0,279.1,1000.0,2048.0,302.4,118.03,73.0,100.0,0.68,2.87,1.62,17.1,0.0,67.1,7.9,60.6,534.0,66.7,126424.4,81696.2,0.0,0.0
167,59.4,3.412,3412.1,83.375,13.8,32.8,0.0,0.0,2846.0,284.6,1000.0,2048.0,302.4,120.01,72.0,100.0,0.68,2.87,1.62,13.5,0.0,67.1,8.0,61.4,534.0,66.7,126424.4,81697.4,0.0,0.0
168,53.1,3.165,3165.0,83.625,13.4,32.8,0.0,0.0,2870.0,287.0,1000.0,2048.0,302.4,120.01,72.0,100.0,0.68,2.87,1.62,13.5,0.0,67.1,0.7,95.0,534.0,66.7,126424.4,81696.1,0.0,0.0
169,84.4,1.726,1725.6,82.625,16.5,32.8,0.0,0.0,2783.0,278.3,1000.0,2048.0,302.4,121.08,78.0,100.0,0.7,2.96,1.66,16.6,0.0,67.1,8.0,68.3,534.0,66.7,126424.4,81696.6,0.0,0.0
170,84.4,1.734,1734.3,81.25,18.4,32.8,0.0,0.0,2707.0,270.7,1000.0,2048.0,302.4,119.06,80.0,100.0,0.7,2.96,1.66,18.3,0.0,67.1,7.9,56.6,534.0,66.7,126424.4,81688.1,0.0,0.0
171,81.2,3.881,3880.9,80.375,16.6,32.8,0.0,1.1,2782.0,278.2,1000.0,2048.0,302.4,117.03,72.0,100.0,0.7,2.96,1.66,16.5,0.0,67.0,8.0,54.0,534.0,66.7,126424.4,81690.7,0.0,0.0
172,43.8,3.371,3371.3,83.0,13.1,32.8,0.0,0.0,2837.0,283.7,1000.0,2048.0,302.4,119.09,71.0,100.0,0.7,2.96,1.66,13.0,0.0,67.1,0.7,89.0,534.0,66.7,126424.4,81691.0,0.0,0.0
173,40.6,3.482,3481.8,83.875,13.0,32.8,0.0,0.1,2861.0,286.1,1000.0,2048.0,302.4,120.03,71.0,100.0,0.7,2.96,1.66,13.2,0.0,67.1,7.9,61.0,534.0,66.7,126424.4,81690.9,0.0,0.0
174,40.6,3.476,3475.9,83.25,12.9,32.8,0.0,0.0,2872.0,287.2,1000.0,2048.0,302.4,120.0,71.0,100.0,0.73,3.2,1.74,12.7,0.0,67.1,8.0,100.0,534.0,66.7,126424.4,81695.1,0.0,0.0
175,40.6,3.656,3656.4,83.625,13.8,32.8,0.0,0.0,2869.0,286.9,1000.0,2048.0,302.4,119.09,71.0,100.0,0.73,3.2,1.74,13.8,0.0,67.0,0.5,100.0,534.0,66.7,126424.4,81696.5,0.0,0.0
176,53.1,3.492,3491.8,83.625,14.3,32.8,0.0,0.0,2870.0,287.0,1000.0,2048.0,302.4,119.04,72.0,100.0,0.73,3.2,1.74,14.4,0.0,67.0,7.9,72.0,534.0,66.7,126424.4,81695.4,0.0,0.0
177,46.9,3.407,3407.2,84.5,13.9,32.8,0.0,0.1,2869.0,286.9,1000.0,2048.0,302.4,119.08,72.0,100.0,0.73,3.2,1.74,13.8,0.0,67.1,8.0,70.0,534.0,66.7,126424.4,81695.2,0.0,0.0
178,46.9,3.528,3527.8,84.375,14.2,32.8,0.0,0.0,2867.0,286.7,1000.0,2048.0,302.4,119.07,70.0,100.0,0.73,3.2,1.74,14.2,0.0,67.1,0.7,100.0,534.0,66.7,126424.4,81697.2,0.0,0.0
179,62.5,3.72,3719.5,84.375,13.9,32.8,0.0,0.0,2871.0,287.1,1000.0,2048.0,302.4,119.08,71.0,100.0,0.75,3.35,1.79,14.0,0.0,67.1,7.9,100.0,534.0,66.7,126424.4,81695.4,0.0,0.0
180,53.1,3.498,3498.5,84.75,13.8,32.8,0.0,0.0,2868.0,286.8,1000.0,2048.0,302.4,119.07,68.0,100.0,0.75,3.35,1.79,13.9,0.0,67.1,8.0,72.0,534.0,66.7,126424.4,81688.5,0.0,0.0
181,84.4,1.725,1724.7,82.625,17.8,32.8,0.0,0.0,2741.0,274.1,1000.0,2048.0,302.4,120.04,78.0,100.0,0.75,3.35,1.79,17.7,0.0,67.0,7.9,72.0,534.0,66.7,126424.4,81692.0,0.0,0.0
182,90.6,1.71,1709.6,81.375,18.1,32.8,0.0,0.0,2690.0,269.0,1000.0,2048.0,302.4,119.0,74.0,100.0,0.75,3.35,1.79,18.2,0.0,67.1,7.9,100.0,534.0,66.7,126424.4,81690.9,0.0,0.0
183,75.0,3.642,3642.4,81.0,14.8,32.8,0.0,0.0,2806.0,280.6,1000.0,2048.0,302.4,118.06,72.0,100.0,0.75,3.35,1.79,14.8,0.0,67.1,0.8,100.0,534.0,66.7,126424.4,81692.2,0.0,0.0
184,53.1,3.593,3593.4,81.5,13.1,32.8,0.0,0.3,2848.0,284.8,1000.0,2048.0,302.4,119.08,73.0,100.0,0.77,3.48,1.84,12.9,0.0,67.0,7.9,98.0,534.0,66.7,126424.4,81692.2,0.0,0.0
185,56.2,3.882,3881.9,83.375,13.2,32.8,0.0,0.0,2866.0,286.6,1000.0,2048.0,302.4,120.02,71.0,100.0,0.77,3.48,1.84,13.3,0.0,67.1,7.9,60.6,534.0,66.7,126424.4,81690.6,0.0,0.0
186,68.8,3.773,3772.8,83.375,12.9,32.8,0.0,0.0,2874.0,287.4,1000.0,2048.0,302.4,120.03,71.0,100.0,0.77,3.48,1.84,12.7,0.0,67.1,0.7,66.0,534.0,66.7,126424.4,81692.2,0.0,0.0
187,71.9,3.748,3748.4,83.625,13.4,32.8,0.0,0.0,2879.0,287.9,1000.0,2048.0,302.4,119.09,73.0,100.0,0.77,3.48,1.84,13.5,0.0,67.0,7.9,53.0,534.0,66.7,126424.4,81696.5,0.0,0.0
188,59.4,3.642,3642.0,83.625,13.8,32.8,0.0,0.0,2881.0,288.1,1000.0,2048.0,302.4,119.05,69.0,100.0,0.77,3.48,1.84,13.6,0.0,67.1,7.9,57.6,534.0,66.7,126424.4,81695.9,0.0,0.0
189,65.6,3.528,3528.2,82.75,14.0,32.8,0.0,0.0,2879.0,287.9,1000.0,2048.0,302.4,119.08,73.0,100.0,0.83,4.08,2.0,14.1,0.0,67.0,0.7,68.0,534.0,66.7,126424.4,81695.2,0.0,0.0
190,65.6,3.854,3854.4,82.125,13.5,32.8,0.0,0.0,2884.0,288.4,1000.0,2048.0,302.4,120.01,71.0,100.0,0.83,4.08,2.0,13.4,0.0,67.1,7.9,76.2,534.0,66.7,126424.4,81694.4,0.0,0.0
191,56.2,3.568,3567.8,82.125,13.5,32.8,0.0,0.0,2886.0,288.6,1000.0,2048.0,302.4,119.09,71.0,100.0,0.83,4.08,2.0,13.5,0.0,67.0,7.8,100.0,534.0,66.7,126424.4,81695.3,0.0,0.0
192,62.5,3.694,3694.0,82.25,13.2,32.8,0.0,0.0,2889.0,288.9,1000.0,2048.0,302.4,119.08,71.0,100.0,0.83,4.08,2.0,13.3,0.0,67.1,0.7,100.0,534.0,66.7,126424.4,81693.5,0.0,0.0
193,71.9,1.732,1732.2,81.375,16.5,32.8,0.0,0.0,2771.0,277.1,1000.0,2048.0,302.4,120.09,78.0,100.0,0.83,4.08,2.0,16.5,0.0,67.1,7.9,100.0,534.0,66.7,126424.4,81697.2,0.0,0.0
194,81.2,1.744,1744.1,80.75,18.2,32.8,0.0,0.0,2695.0,269.5,1000.0,2048.0,302.4,119.02,76.0,100.0,0.85,4.07,2.03,18.1,0.0,67.0,7.9,100.0,534.0,66.7,126424.4,81698.8,0.0,0.0
195,71.9,3.56,3560.4,80.25,15.8,32.8,0.0,0.1,2800.0,280.0,1000.0,2048.0,302.4,118.03,71.0,100.0,0.85,4.07,2.03,15.9,0.0,67.1,8.0,100.0,534.0,66.7,126424.4,81701.1,0.0,0.0
196,56.2,3.495,3494.9,80.75,13.2,32.8,0.0,0.0,2858.0,285.8,1000.0,2048.0,302.4,120.02,70.0,100.0,0.85,4.07,2.03,13.0,0.0,67.0,0.6,100.0,533.0,66.7,126424.4,81701.9,0.0,0.0
197,50.0,3.341,3341.2,81.5,13.1,32.8,0.0,0.0,2881.0,288.1,1000.0,2048.0,302.4,120.03,71.0,100.0,0.85,4.07,2.03,13.0,0.0,67.1,7.9,100.0,533.0,66.7,126424.4,81699.1,0.0,0.0
198,71.9,1.786,1785.5,81.375,15.3,32.8,0.0,0.0,2796.0,279.6,1000.0,2048.0,302.4,122.01,80.0,100.0,0.85,4.07,2.03,15.3,0.0,67.1,7.9,100.0,533.0,66.7,126424.4,81706.7,0.0,0.0
199,75.0,1.723,1722.9,80.75,17.2,32.8,0.0,0.0,2702.0,270.2,1000.0,2048.0,302.4,119.08,82.0,100.0,0.87,4.15,2.08,17.3,0.0,67.0,0.7,100.0,533.0,66.7,126424.4,81705.1,0.0,0.0
200,71.9,3.871,3870.6,80.0,17.0,32.8,0.0,0.0,2776.0,277.6,1000.0,2048.0,302.4,117.04,72.0,100.0,0.87,4.15,2.08,16.9,0.0,67.1,7.9,77.0,533.0,66.7,126424.4,81704.4,0.0,0.0
201,62.5,3.442,3442.0,80.75,13.4,32.8,0.0,0.0,2847.0,284.7,1000.0,2048.0,302.4,120.02,71.0,100.0,0.87,4.15,2.08,13.4,0.0,67.0,7.9,100.0,533.0,66.7,126424.4,81704.8,0.0,0.0
202,65.6,3.475,3474.8,82.5,13.8,32.8,0.0,0.0,2874.0,287.4,1000.0,2048.0,302.4,120.03,70.0,100.0,0.87,4.15,2.08,13.7,0.0,67.1,0.6,55.0,533.0,66.7,126424.4,81703.4,0.0,0.0
203,65.6,3.538,3537.6,83.625,14.2,32.8,0.0,0.0,2886.0,288.6,1000.0,2048.0,302.4,120.01,70.0,100.0,0.87,4.15,2.08,14.3,0.0,67.0,7.9,74.7,533.0,66.7,126424.4,81703.2,0.0,0.0
204,65.6,1.698,1698.5,83.5,15.5,32.8,0.0,0.0,2854.0,282.55,1000.0,2048.0,302.4,124.01,82.0,99.0,0.9,4.38,2.16,15.4,0.0,67.1,7.9,100.0,533.0,66.7,126424.4,81705.6,0.0,0.0
205,84.4,1.724,1723.5,82.0,18.6,32.8,0.0,0.0,2721.0,272.1,1000.0,2048.0,302.4,119.07,78.0,100.0,0.9,4.38,2.16,18.7,0.0,67.1,8.0,100.0,518.0,66.7,126424.4,81707.2,0.0,0.0
206,87.5,2.898,2898.4,80.75,18.7,32.8,0.0,0.0,2747.0,274.7,1000.0,2048.0,302.4,115.09,74.0,100.0,0.9,4.38,2.16,18.8,0.0,67.0,7.8,67.0,518.0,66.7,126424.4,81706.1,0.0,0.0
207,46.9,3.643,3642.6,80.75,13.8,32.8,0.0,0.0,2833.0,283.3,1000.0,2048.0,302.4,119.09,72.0,100.0,0.9,4.38,2.16,13.8,0.0,67.1,0.7,100.0,518.0,66.7,126424.4,81704.2,0.0,0.0
208,50.0,3.537,3536.8,83.625,13.4,32.8,0.0,0.0,2868.0,286.8,1000.0,2048.0,302.4,120.01,72.0,100.0,0.9,4.38,2.16,13.4,0.0,67.0,7.8,81.0,518.0,66.7,126424.4,81710.4,0.0,0.0
209,50.0,3.34,3339.9,85.875,12.8,32.8,0.0,0.0,2877.0,287.7,1000.0,2048.0,302.4,119.08,71.0,100.0,0.95,4.83,2.29,12.9,0.0,67.1,8.0,63.6,518.0,66.7,126424.4,81709.4,0.0,0.0
210,50.0,3.588,3587.6,86.5,12.6,32.8,0.0,0.1,2878.0,287.8,1000.0,2048.0,302.4,119.09,71.0,100.0,0.95,4.83,2.29,12.4,0.0,67.0,0.6,80.2,518.0,66.7,126424.4,81707.8,0.0,0.0
211,78.1,1.746,1746.4,84.125,16.9,32.8,0.0,0.0,2749.0,274.9,1000.0,2048.0,302.4,120.07,78.0,100.0,0.95,4.83,2.29,16.9,0.0,67.1,7.9,98.0,518.0,66.7,126424.4,81719.9,0.0,0.0
212,90.6,1.739,1739.0,82.75,17.2,32.8,0.0,0.0,2692.0,269.2,1000.0,2048.0,302.4,119.07,80.0,100.0,0.95,4.83,2.29,17.3,0.0,67.0,7.9,81.0,518.0,66.7,126424.4,81718.0,0.0,0.0
213,75.0,3.441,3440.7,81.75,15.7,32.8,0.0,0.0,2797.0,279.7,1000.0,2048.0,302.4,118.1,73.0,100.0,0.95,4.83,2.29,15.7,0.0,67.1,7.9,98.0,518.0,66.7,126424.4,81719.0,0.0,0.0
214,56.2,3.372,3372.3,83.125,13.2,32.8,0.0,0.0,2856.0,285.6,1000.0,2048.0,302.4,120.06,73.0,100.0,0.98,5.0,2.37,13.2,0.0,67.0,7.8,86.0,518.0,66.7,126424.4,81716.5,0.0,0.0
215,56.2,3.437,3437.4,83.125,13.2,32.8,0.0,0.3,2873.0,287.3,1000.0,2048.0,302.4,120.05,72.0,100.0,0.98,5.0,2.37,13.2,0.0,67.0,0.6,100.0,518.0,66.7,126424.4,81713.0,0.0,0.0
216,81.2,1.784,1784.1,82.125,17.3,32.8,0.0,0.1,2748.0,274.8,1000.0,2048.0,302.4,120.05,77.0,100.0,0.98,5.0,2.37,17.3,0.0,67.1,7.9,100.0,518.0,66.7,126424.4,81711.4,0.0,0.0
217,81.2,1.747,1747.2,81.5,17.6,32.8,0.0,0.0,2694.0,269.4,1000.0,2048.0,302.4,119.07,81.0,100.0,0.98,5.0,2.37,17.6,0.0,67.0,7.9,100.0,518.0,66.7,126424.4,81707.5,0.0,0.0
218,81.2,3.234,3233.7,81.375,15.4,32.8,0.0,0.0,2803.0,280.3,1000.0,2048.0,302.4,118.1,73.0,100.0,0.98,5.0,2.37,15.5,0.0,67.1,0.6,85.0,518.0,66.7,126424.4,81708.1,0.0,0.0
219,59.4,2.986,2985.8,82.875,13.2,32.8,0.0,0.0,2851.0,285.1,1000.0,2048.0,302.4,120.06,74.0,100.0,1.02,5.16,2.45,13.2,0.0,67.0,7.9,86.9,518.0,66.7,126424.4,81708.6,0.0,0.0
220,59.4,3.241,3240.8,83.25,13.0,32.8,0.0,0.0,2872.0,287.2,1000.0,2048.0,302.4,120.05,73.0,100.0,1.02,5.16,2.45,12.8,0.0,67.0,7.8,80.0,518.0,66.7,126424.4,81709.0,0.0,0.0
221,59.4,3.251,3251.2,83.375,13.4,32.8,0.0,0.0,2876.0,287.6,1000.0,2048.0,302.4,119.1,72.0,100.0,1.02,5.16,2.45,13.4,0.0,67.1,0.7,100.0,518.0,66.7,126424.4,81710.1,0.0,0.0
222,62.5,3.027,3026.6,81.75,13.8,32.8,0.0,0.0,2881.0,288.1,1000.0,2048.0,302.4,119.09,69.0,100.0,1.02,5.16,2.45,13.9,0.0,67.0,7.8,97.0,518.0,66.7,126424.4,81709.6,0.0,0.0
223,62.5,3.147,3147.4,81.875,13.8,32.8,0.0,0.0,2884.0,288.4,1000.0,2048.0,302.4,120.01,73.0,100.0,1.02,5.16,2.45,13.8,0.0,67.0,7.9,84.2,518.0,66.7,126424.4,81710.9,0.0,0.0
224,62.5,3.103,3102.6,81.875,13.7,32.8,0.0,0.0,2887.0,288.7,1000.0,2048.0,302.4,120.03,73.0,100.0,1.03,4.99,2.46,13.6,0.0,67.1,0.6,68.0,518.0,66.7,126424.4,81710.2,0.0,0.0
225,62.5,3.052,3051.5,81.625,14.0,32.8,0.0,0.0,2885.0,288.5,1000.0,2048.0,302.4,119.09,72.0,100.0,1.03,4.99,2.46,14.0,0.0,67.0,7.9,76.0,518.0,66.7,126424.4,81708.6,0.0,0.0
226,81.2,1.763,1763.0,81.5,17.0,32.8,0.0,0.0,2773.0,277.3,1000.0,2048.0,302.4,121.0,80.0,100.0,1.03,4.99,2.46,17.1,0.0,67.1,7.8,87.9,518.0,66.7,126424.4,81702.2,0.0,0.0
227,87.5,1.781,1781.4,81.125,18.3,32.8,0.0,0.0,2696.0,269.6,1000.0,2048.0,302.4,119.07,83.0,100.0,1.03,4.99,2.46,18.4,0.0,67.0,0.7,100.0,518.0,66.7,126424.4,81702.9,0.0,0.0
228,75.0,3.097,3097.4,80.625,16.5,32.8,0.0,0.0,2788.0,278.8,1000.0,2048.0,302.4,118.03,74.0,100.0,1.03,4.99,2.46,16.3,0.0,67.0,7.8,100.0,518.0,66.7,126424.4,81702.3,0.0,0.0
229,53.1,3.592,3592.4,81.0,13.5,32.8,0.0,0.0,2851.0,285.1,1000.0,2048.0,302.4,120.05,73.0,100.0,1.04,4.91,2.48,13.5,0.0,67.1,7.9,100.0,518.0,66.7,126424.4,81701.3,0.0,0.0
230,59.4,3.473,3473.3,80.75,13.2,32.8,0.0,0.0,2875.0,287.5,1000.0,2048.0,302.4,120.05,73.0,100.0,1.04,4.91,2.48,13.1,0.0,67.0,0.5,99.0,518.0,66.7,126424.4,81702.7,0.0,0.0
231,53.1,3.261,3261.4,80.375,13.0,32.8,0.0,0.1,2886.0,288.6,1000.0,2048.0,302.4,120.03,74.0,100.0,1.04,4.91,2.48,13.1,0.0,67.0,7.9,69.7,518.0,66.7,126424.4,81702.5,0.0,0.0
232,62.5,3.378,3378.3,80.75,13.1,32.8,0.0,0.0,2888.0,288.8,1000.0,2048.0,302.4,120.0,72.0,100.0,1.04,4.91,2.48,12.9,0.0,67.1,7.9,81.0,518.0,66.7,126424.4,81702.5,0.0,0.0
233,56.2,3.104,3103.9,83.0,13.0,32.8,0.0,0.0,2887.0,288.7,1000.0,2048.0,302.4,119.09,73.0,100.0,1.04,4.91,2.48,13.0,0.0,67.0,0.6,73.7,518.0,66.7,126424.4,81731.3,0.0,0.0
234,90.6,1.763,1762.8,82.25,17.7,32.8,0.0,0.0,2738.0,273.8,1000.0,2048.0,302.4,120.03,80.0,100.0,1.05,4.76,2.49,17.8,0.0,67.1,7.8,66.0,518.0,66.7,126424.4,81734.6,0.0,0.0
235,90.6,1.767,1767.0,81.625,18.6,32.8,0.0,0.0,2689.0,268.9,1000.0,2048.0,302.4,118.08,75.0,100.0,1.05,4.76,2.49,18.6,0.0,67.0,7.9,100.0,518.0,66.7,126424.4,81749.9,0.0,0.0
236,68.8,3.126,3126.3,82.125,15.6,32.8,0.0,0.0,2811.0,281.1,1000.0,2048.0,302.4,119.04,73.0,100.0,1.05,4.76,2.49,15.6,0.0,67.0,7.8,75.0,518.0,66.7,126424.4,81728.6,0.0,0.0
237,50.0,3.858,3858.5,83.625,13.6,32.8,0.0,0.0,2851.0,285.1,1000.0,2048.0,302.4,120.04,72.0,100.0,1.05,4.76,2.49,13.5,0.0,67.0,7.9,100.0,518.0,66.7,126424.4,81721.3,0.0,0.0
238,59.4,1.757,1757.1,83.75,15.9,32.8,0.0,0.0,2821.0,282.1,1000.0,2048.0,302.4,123.05,81.0,100.0,1.05,4.76,2.49,16.0,0.0,67.1,7.8,99.0,518.0,66.7,126424.4,81730.8,0.0,0.0
239,78.1,1.696,1695.8,82.5,18.7,32.8,0.0,0.0,2712.0,271.2,1000.0,2048.0,302.4,119.09,80.0,100.0,1.06,4.62,2.5,18.6,0.0,67.0,0.6,100.0,518.0,66.7,126424.4,81730.8,0.0,0.0
240,78.1,2.977,2977.0,81.0,17.7,32.8,0.0,0.0,2760.0,276.0,1000.0,2048.0,302.4,116.03,72.0,100.0,1.06,4.62,2.5,17.7,0.0,67.0,7.8,68.7,518.0,66.7,126424.4,81747.4,0.0,0.0
241,53.1,3.146,3146.0,82.75,13.1,32.8,0.0,0.1,2843.0,284.3,1000.0,2048.0,302.4,120.03,74.0,100.0,1.06,4.62,2.5,13.1,0.0,67.0,7.9,100.0,518.0,66.7,126424.4,81742.9,0.0,0.0
242,50.0,3.231,3231.3,82.5,13.1,32.8,0.0,0.0,2867.0,286.7,1000.0,2048.0,302.4,120.04,73.0,100.0,1.06,4.62,2.5,13.1,0.0,67.1,7.8,100.0,518.0,66.7,126424.4,81739.4,0.0,0.0
243,59.4,3.346,3346.2,82.625,12.9,32.8,0.0,0.0,2881.0,288.1,1000.0,2048.0,302.4,120.03,74.0,100.0,1.06,4.62,2.5,12.8,0.0,67.0,0.6,79.0,518.0,66.7,126424.4,81735.2,0.0,0.0
244,53.1,3.3,3299.7,83.625,13.1,32.8,0.0,0.1,2887.0,288.7,1000.0,2048.0,302.4,119.1,74.0,100.0,1.07,4.41,2.49,13.2,0.0,67.0,7.8,99.0,518.0,66.7,126424.4,81723.1,0.0,0.0
245,59.4,3.655,3655.2,83.5,13.0,32.8,0.0,0.0,2888.0,288.8,1000.0,2048.0,300.4,119.05,72.0,100.0,1.07,4.41,2.49,13.0,0.0,67.0,7.9,100.0,519.0,66.7,126424.4,81722.9,0.0,0.0
246,56.2,3.118,3118.3,83.375,13.3,32.8,0.0,0.3,2889.0,288.9,1000.0,2048.0,300.4,119.07,74.0,100.0,1.07,4.41,2.49,13.2,0.0,67.0,7.8,100.0,519.0,66.7,126424.4,81734.5,0.0,0.0
247,75.0,1.734,1734.1,82.625,16.9,32.8,0.0,0.0,2754.0,275.4,1000.0,2048.0,300.4,120.08,80.0,100.0,1.07,4.41,2.49,16.9,0.0,65.8,7.8,100.0,519.0,66.7,126424.4,81718.2,0.0,0.0
248,87.5,1.743,1742.9,82.0,18.0,32.8,0.0,0.0,2689.0,268.9,1000.0,2048.0,300.4,119.06,80.0,100.0,1.07,4.41,2.49,18.0,0.0,67.1,0.6,100.0,519.0,66.7,126424.4,81734.1,0.0,0.0
249,68.8,3.564,3564.5,81.25,15.9,32.8,0.0,0.0,2799.0,279.9,1000.0,2048.0,300.4,119.0,74.0,100.0,1.08,4.21,2.48,15.9,0.0,66.4,7.8,100.0,519.0,66.7,126424.4,81734.7,0.0,0.0
250,56.2,3.558,3558.5,82.25,13.0,32.8,0.0,0.0,2855.0,285.5,1000.0,2048.0,300.4,120.03,74.0,100.0,1.08,4.21,2.48,13.0,0.0,67.3,7.8,100.0,519.0,66.7,126424.4,81723.8,0.0,0.0
251,50.0,3.358,3357.9,83.375,12.8,32.8,0.0,0.0,2878.0,287.8,1000.0,2048.0,300.4,120.03,74.0,100.0,1.08,4.21,2.48,12.7,0.0,67.2,0.6,81.8,519.0,66.7,126424.4,81727.0,0.0,0.0
252,53.1,3.434,3433.5,84.0,12.9,32.8,0.0,0.0,2884.0,288.4,1000.0,2048.0,300.4,120.0,74.0,100.0,1.08,4.21,2.48,12.7,0.0,66.6,7.8,100.0,519.0,66.7,126424.4,81718.7,0.0,0.0
253,56.2,3.484,3484.0,84.625,13.3,32.8,0.0,0.0,2889.0,288.9,1000.0,2048.0,300.4,119.06,71.0,100.0,1.08,4.21,2.48,13.3,0.0,67.1,7.9,100.0,519.0,66.7,126424.4,81715.9,0.0,0.0
254,62.5,3.328,3328.5,85.25,13.4,32.8,0.0,0.0,2890.0,289.0,1000.0,2048.0,300.4,119.08,74.0,100.0,1.14,4.92,2.66,13.4,0.0,66.8,0.5,81.2,519.0,66.7,126424.4,81715.4,0.0,0.0
255,71.9,3.393,3393.4,85.75,14.2,32.8,0.0,0.0,2891.0,289.1,1000.0,2048.0,300.4,119.09,74.0,100.0,1.14,4.92,2.66,14.3,0.0,67.6,7.8,68.7,518.0,66.7,126424.4,81709.6,0.0,0.0
256,62.5,3.786,3785.8,86.0,14.0,32.8,0.0,0.0,2893.0,289.3,1000.0,2048.0,300.4,119.09,73.0,100.0,1.14,4.92,2.66,14.0,0.0,67.1,7.8,89.1,518.0,66.7,126424.4,81724.8,0.0,0.0
257,59.4,3.381,3380.9,87.25,14.2,32.8,0.0,0.1,2892.0,289.2,1000.0,2048.0,300.4,119.08,74.0,100.0,1.14,4.92,2.66,14.2,0.0,66.6,7.9,80.0,518.0,66.7,126424.4,81708.9,0.0,0.0
258,46.9,3.482,3481.7,87.625,14.0,32.8,0.0,0.0,2894.0,289.4,1000.0,2048.0,300.4,119.08,74.0,100.0,1.14,4.92,2.66,14.2,0.0,67.3,0.5,100.0,518.0,66.7,126424.4,81708.3,0.0,0.0
259,65.6,1.758,1758.5,87.0,15.0,32.8,0.0,0.0,2817.0,276.07,1000.0,2048.0,300.4,123.03,81.0,98.0,1.16,4.92,2.7,14.9,0.0,67.8,7.8,84.0,518.0,66.7,126424.4,81706.4,0.0,0.0
260,96.9,1.721,1721.4,84.5,19.0,32.8,0.0,0.0,2696.0,266.9,1000.0,2048.0,300.4,119.08,81.0,99.0,1.16,4.92,2.7,19.1,0.0,66.4,7.8,60.0,518.0,66.7,126424.4,81707.6,0.0,0.0
261,93.8,1.726,1726.1,83.0,19.0,32.8,0.0,0.0,2687.0,268.7,1000.0,2048.0,300.4,118.01,77.0,100.0,1.16,4.92,2.7,19.1,0.0,67.2,7.8,93.9,518.0,66.7,126424.4,81709.6,0.0,0.0
262,59.4,3.565,3565.0,82.25,14.4,32.8,0.0,0.0,2816.0,281.6,1000.0,2048.0,300.4,119.05,75.0,100.0,1.16,4.92,2.7,14.6,0.0,66.8,0.6,64.4,515.0,66.7,126424.4,81708.2,0.0,0.0
263,46.9,3.554,3553.8,83.875,13.2,32.8,0.0,0.0,2865.0,286.5,1000.0,2048.0,300.4,120.03,74.0,100.0,1.16,4.92,2.7,12.9,0.0,67.1,7.8,90.0,515.0,66.7,126424.4,81709.9,0.0,0.0
264,46.9,3.367,3367.4,84.875,13.4,32.8,0.0,0.0,2882.0,288.2,1000.0,2048.0,300.4,120.02,74.0,100.0,1.17,4.77,2.7,13.4,0.0,67.3,7.8,91.0,515.0,66.7,126424.4,81709.6,0.0,0.0
265,78.1,1.734,1734.4,83.625,17.3,32.8,0.0,0.0,2745.0,274.5,1000.0,2048.0,300.4,120.04,78.0,100.0,1.17,4.77,2.7,17.3,0.0,67.1,7.8,66.0,515.0,66.7,126424.4,81714.1,0.0,0.0
266,78.1,1.722,1721.9,82.75,17.9,32.8,0.0,0.0,2693.0,269.3,1000.0,2048.0,300.4,119.07,83.0,100.0,1.17,4.77,2.7,18.0,0.0,67.5,7.7,100.0,515.0,66.7,126424.4,81723.2,0.0,0.0
267,65.6,3.57,3570.0,82.375,15.5,32.8,0.0,0.0,2802.0,280.2,1000.0,2048.0,300.4,118.05,74.0,100.0,1.17,4.77,2.7,15.2,0.0,66.2,7.6,82.8,515.0,66.7,126424.4,81730.2,0.0,0.0
268,37.5,3.236,3235.8,83.625,13.2,32.8,0.0,0.0,2854.0,285.4,1000.0,2048.0,300.4,119.09,71.0,100.0,1.17,4.77,2.7,13.3,0.0,67.3,7.6,100.0,515.0,66.7,126424.4,81729.0,0.0,0.0
269,43.8,3.092,3092.5,86.375,11.4,32.8,0.0,3.5,2023.0,127.45,1000.0,2048.0,300.4,90.09,54.0,63.0,1.17,4.47,2.67,11.4,0.0,66.0,0.4,70.0,515.0,66.7,126424.4,81738.2,0.0,0.0
270,37.5,3.031,3031.0,89.75,9.4,32.8,0.0,0.0,1124.0,25.85,1000.0,2048.0,300.4,60.04,52.0,23.0,1.17,4.47,2.67,9.3,0.0,67.4,7.6,63.0,515.0,66.7,126424.4,81744.9,0.0,0.0
271,34.4,3.223,3223.3,90.625,9.6,32.8,0.0,0.0,792.0,6.34,1000.0,2048.0,300.4,49.06,52.0,8.0,1.17,4.47,2.67,9.5,0.0,66.6,7.6,54.0,515.0,66.7,126424.4,81728.7,0.0,0.0
272,34.4,3.27,3270.0,91.0,9.1,32.8,0.0,0.0,671.0,2.01,1000.0,2048.0,300.4,45.03,51.0,3.0,1.17,4.47,2.67,9.2,0.0,67.8,0.4,55.0,515.0,66.7,126424.4,81732.2,0.0,0.0
273,37.5,3.094,3094.1,90.875,9.4,32.8,0.0,0.0,626.0,0.63,1000.0,2048.0,300.4,43.1,50.0,1.0,1.17,4.47,2.67,9.2,0.0,66.0,7.6,55.0,515.0,66.7,126424.4,81735.6,0.0,0.0
274,25.0,3.36,3360.2,90.5,9.2,32.8,0.0,0.1,610.0,0.0,1000.0,2048.0,300.4,43.01,50.0,0.0,1.17,4.27,2.66,9.2,0.0,67.6,7.7,54.0,515.0,66.7,126424.4,81729.9,0.0,0.0
275,37.5,3.255,3255.0,90.125,9.4,32.8,0.0,0.0,604.0,0.0,1000.0,2048.0,300.4,42.09,50.0,0.0,1.17,4.27,2.66,9.5,0.0,67.0,0.3,54.0,515.0,66.7,126424.4,81723.6,0.0,0.0
276,59.4,3.334,3333.9,88.875,13.5,32.8,0.0,0.3,1714.0,101.13,1000.0,2048.0,300.4,100.01,79.0,59.0,1.17,4.27,2.66,13.2,0.0,67.1,7.9,53.5,515.0,66.7,126424.4,81750.6,0.0,0.0
277,59.4,3.338,3338.1,88.0,13.2,32.8,0.0,0.1,2215.0,188.28,1000.0,2048.0,300.4,124.09,80.0,85.0,1.17,4.27,2.66,13.4,0.0,66.6,7.9,48.0,515.0,66.7,126424.4,81746.6,0.0,0.0
278,62.5,3.619,3619.4,88.875,13.3,32.8,0.0,0.0,2569.0,241.49,1000.0,2048.0,300.4,128.07,73.0,94.0,1.17,4.27,2.66,13.1,0.0,67.6,0.7,44.4,515.0,66.7,126424.4,81739.4,0.0,0.0
279,59.4,4.053,4053.5,89.375,14.0,32.8,0.0,0.0,2741.0,268.62,1000.0,2048.0,300.4,127.07,72.0,98.0,1.18,4.09,2.65,14.0,0.0,67.1,7.8,93.9,515.0,66.7,126424.4,81739.0,0.0,0.0
280,53.1,3.44,3440.2,90.75,13.8,32.8,0.0,0.0,2812.0,278.39,1000.0,2048.0,300.4,126.07,72.0,99.0,1.18,4.09,2.65,13.7,0.0,62.5,7.9,56.6,515.0,66.7,126424.4,81736.9,0.0,0.0
281,53.1,4.004,4004.4,90.75,13.9,32.8,0.0,0.0,2834.0,283.4,1000.0,2048.0,300.4,126.06,71.0,100.0,1.18,4.09,2.65,13.9,0.0,67.7,0.6,73.7,515.0,66.7,126424.4,81729.5,0.0,0.0
282,53.1,3.831,3831.3,90.75,14.2,32.8,0.0,0.0,2849.0,284.9,1000.0,2048.0,300.4,126.06,71.0,100.0,1.18,4.09,2.65,14.1,0.0,67.4,8.0,99.0,515.0,66.7,126424.4,81728.3,0.0,0.0
283,59.4,3.327,3327.1,91.125,13.7,32.8,0.0,0.0,2850.0,285.0,1000.0,2048.0,300.4,127.03,73.0,100.0,1.18,4.09,2.65,13.7,0.0,65.3,7.8,81.0,515.0,66.7,126424.4,81722.6,0.0,0.0
284,53.1,3.305,3305.4,90.25,13.5,32.8,0.0,0.0,2855.0,285.5,1000.0,2048.0,300.4,128.02,69.0,100.0,1.21,4.32,2.72,13.5,0.0,67.0,0.7,93.1,515.0,66.7,126424.4,81721.5,0.0,0.0
285,62.5,3.418,3418.2,87.0,13.6,32.8,0.0,0.0,2861.0,286.1,1000.0,2048.0,300.4,126.06,73.0,100.0,1.21,4.32,2.72,13.6,0.0,67.1,7.8,54.0,515.0,66.7,126424.4,81719.8,0.0,0.0
286,59.4,3.574,3573.8,84.25,13.2,32.8,0.0,0.0,2879.0,287.9,1000.0,2048.0,300.4,123.03,73.0,100.0,1.21,4.32,2.72,13.2,0.0,67.0,7.9,45.5,515.0,66.7,126424.4,81718.0,0.0,0.0
287,53.1,3.333,3333.3,83.75,13.2,32.8,0.0,0.0,2885.0,288.5,1000.0,2048.0,300.4,120.1,68.0,100.0,1.21,4.32,2.72,13.2,0.0,67.0,0.6,60.6,515.0,66.7,126424.4,81717.0,0.0,0.0
288,50.0,3.712,3712.3,83.75,13.7,32.8,0.0,0.0,2845.0,278.81,1000.0,2048.0,300.4,119.03,67.0,98.0,1.21,4.32,2.72,13.6,0.0,67.1,8.0,80.0,515.0,66.7,126424.4,81721.1,0.0,0.0
289,84.4,1.731,1731.1,81.875,18.3,32.8,0.0,0.0,2720.0,269.28,1000.0,2048.0,300.4,120.07,79.0,99.0,1.24,4.54,2.8,18.3,0.0,67.0,7.7,55.0,515.0,66.7,126424.4,81719.4,0.0,0.0
290,84.4,1.715,1714.9,80.875,18.4,32.8,0.0,0.0,2672.0,267.2,1000.0,2048.0,300.4,119.09,79.0,100.0,1.24,4.54,2.8,18.3,0.0,67.0,7.9,53.0,515.0,66.7,126424.4,81713.2,0.0,0.0
291,84.4,3.447,3447.3,79.625,16.3,32.8,0.0,0.0,2783.0,278.3,1000.0,2048.0,300.4,118.03,72.0,100.0,1.24,4.54,2.8,16.3,0.0,67.1,0.6,70.0,515.0,66.7,126424.4,81712.7,0.0,0.0
292,53.1,3.405,3404.7,80.125,12.9,32.8,0.0,0.0,2852.0,285.2,1000.0,2048.0,300.4,120.01,72.0,100.0,1.24,4.54,2.8,13.0,0.0,67.0,7.9,100.0,515.0,66.7,126424.4,81712.4,0.0,0.0
293,59.4,3.426,3425.6,80.75,13.2,32.8,0.0,0.0,2877.0,287.7,1000.0,2048.0,300.4,120.04,71.0,100.0,1.24,4.54,2.8,13.2,0.0,67.1,7.9,71.3,515.0,66.7,126424.4,81711.8,0.0,0.0
294,62.5,3.359,3358.8,80.5,13.2,32.8,0.0,0.1,2886.0,288.6,1000.0,2048.0,300.4,120.0,69.0,100.0,1.28,4.81,2.88,13.0,0.0,67.0,0.6,81.8,515.0,66.7,126424.4,81711.4,0.0,0.0
295,59.4,3.683,3683.0,81.0,13.3,32.8,0.0,0.0,2891.0,289.1,1000.0,2048.0,300.4,120.01,71.0,100.0,1.28,4.81,2.88,13.5,0.0,67.1,7.9,76.0,509.0,66.7,126424.4,81710.3,0.0,0.0
296,71.9,3.576,3575.9,81.875,13.4,32.8,0.0,0.0,2889.0,288.9,1000.0,2048.0,300.4,120.01,71.0,100.0,1.28,4.81,2.88,13.3,0.0,67.0,7.9,66.3,509.0,66.7,126424.4,81712.5,0.0,0.0
297,50.0,3.693,3692.8,82.5,13.3,32.8,0.0,0.0,2888.0,288.8,1000.0,2048.0,300.4,119.08,72.0,100.0,1.28,4.81,2.88,13.3,0.0,67.0,0.5,68.0,509.0,66.7,126424.4,81713.7,0.0,0.0
298,46.9,3.407,3406.8,81.5,13.3,32.8,0.0,0.0,2886.0,288.6,1000.0,2048.0,300.4,119.09,71.0,100.0,1.28,4.81,2.88,13.4,0.0,67.1,7.9,100.0,509.0,66.7,126424.4,81714.0,0.0,0.0
299,37.5,3.358,3358.3,81.5,13.0,32.8,0.0,0.0,2887.0,288.7,1000.0,2048.0,300.4,120.0,69.0,100.0,1.3,4.83,2.92,13.0,0.0,67.0,7.9,100.0,509.0,66.7,126424.4,81715.0,0.0,0.0
300,50.0,1.732,1732.0,81.625,15.2,32.8,0.0,0.0,2834.0,280.57,1000.0,2048.0,300.4,122.1,79.0,99.0,1.3,4.83,2.92,15.0,0.0,67.1,7.9,100.0,509.0,66.7,126424.4,81721.7,0.0,0.0
301,71.9,1.704,1703.6,80.75,18.8,32.8,0.0,0.0,2722.0,272.2,1000.0,2048.0,300.4,119.07,79.0,100.0,1.3,4.83,2.92,18.9,0.0,67.0,7.8,100.0,509.0,66.7,126424.4,81721.4,0.0,0.0
302,75.0,3.752,3752.3,79.375,17.9,32.8,0.0,0.0,2774.0,277.4,1000.0,2048.0,300.4,116.07,73.0,100.0,1.3,4.83,2.92,17.9,0.0,67.0,0.7,100.0,509.0,66.7,126424.4,81721.3,0.0,0.0
303,53.1,3.355,3354.8,80.875,13.9,32.8,0.0,0.0,2845.0,284.5,1000.0,2048.0,300.4,119.08,72.0,100.0,1.3,4.83,2.92,13.6,0.0,67.1,7.8,100.0,509.0,66.7,126424.4,81724.7,0.0,0.0
304,50.0,3.4,3400.2,81.625,14.0,32.8,0.0,0.0,2872.0,287.2,1000.0,2048.0,300.4,120.03,71.0,100.0,1.33,5.0,2.99,14.0,0.0,67.0,7.9,100.0,509.0,66.7,126424.4,81723.6,0.0,0.0
305,50.0,3.501,3500.6,80.75,14.2,32.8,0.0,0.0,2882.0,288.2,1000.0,2048.0,300.4,120.02,69.0,100.0,1.33,5.0,2.99,14.2,0.0,67.0,7.8,100.0,509.0,66.7,126424.4,81723.7,0.0,0.0
306,53.1,3.429,3429.4,79.75,13.9,32.8,0.0,0.0,2886.0,288.6,1000.0,2048.0,300.4,120.01,68.0,100.0,1.33,5.0,2.99,14.0,0.0,67.1,7.9,100.0,509.0,66.7,126424.4,81728.4,0.0,0.0
307,59.4,3.444,3444.0,79.875,13.8,32.8,0.0,0.4,2887.0,288.7,1000.0,2048.0,300.4,120.02,72.0,100.0,1.33,5.0,2.99,13.8,0.0,67.0,0.6,83.0,509.0,66.7,126424.4,81729.4,0.0,0.0
308,68.8,3.309,3308.9,79.5,14.2,32.8,0.0,0.1,2888.0,288.8,1000.0,2048.0,300.4,119.09,71.0,100.0,1.33,5.0,2.99,14.3,0.0,67.0,7.8,80.0,509.0,66.7,126424.4,81744.8,0.0,0.0
309,65.6,3.47,3469.5,79.0,13.8,32.8,0.0,0.0,2886.0,288.6,1000.0,2048.0,300.4,119.07,71.0,100.0,1.36,5.08,3.04,13.7,0.0,67.1,7.9,85.9,509.0,66.7,126424.4,81731.6,0.0,0.0
310,84.4,1.738,1738.1,79.25,18.5,32.8,0.0,0.0,2744.0,274.4,1000.0,2048.0,300.4,120.05,80.0,100.0,1.36,5.08,3.04,18.4,0.0,67.0,7.9,69.0,509.0,66.7,126424.4,81729.0,0.0,0.0
311,75.0,1.763,1762.7,79.625,19.2,32.8,0.0,0.0,2695.0,269.5,1000.0,2048.0,300.4,118.09,77.0,100.0,1.36,5.08,3.04,19.3,0.0,67.0,7.7,81.0,507.0,66.7,126424.4,81727.4,0.0,0.0
312,68.8,3.87,3870.2,79.625,16.6,32.8,0.0,0.0,2813.0,281.3,1000.0,2048.0,300.4,119.01,69.0,100.0,1.36,5.08,3.04,16.6,0.0,67.0,0.6,100.0,507.0,66.7,126424.4,81726.8,0.0,0.0
313,56.2,3.172,3171.6,81.125,14.2,32.8,0.0,0.0,2859.0,285.9,1000.0,2048.0,300.4,120.03,70.0,100.0,1.36,5.08,3.04,14.1,0.0,67.1,7.8,100.0,507.0,66.7,126424.4,81725.5,0.0,0.0
314,56.2,3.211,3211.1,81.0,13.8,32.8,0.0,0.0,2880.0,288.0,1000.0,2048.0,300.4,120.04,72.0,100.0,1.38,5.08,3.07,13.8,0.0,67.0,7.9,77.0,507.0,66.7,126424.4,81720.3,0.0,0.0
315,59.4,3.361,3360.6,80.75,13.9,32.8,0.0,0.0,2882.0,288.2,1000.0,2048.0,300.4,120.01,72.0,100.0,1.38,5.08,3.07,13.9,0.0,67.0,7.8,70.3,507.0,66.7,126424.4,81715.0,0.0,0.0
316,53.1,3.497,3497.1,80.375,13.8,32.8,0.0,0.0,2883.0,288.3,1000.0,2048.0,300.4,120.01,71.0,100.0,1.38,5.08,3.07,13.8,0.0,67.0,7.9,100.0,506.0,66.7,126424.4,81710.0,0.0,0.0
317,65.6,1.778,1777.7,80.5,17.0,32.8,0.0,0.0,2793.0,279.3,1000.0,2048.0,300.4,121.08,77.0,100.0,1.38,5.08,3.07,16.9,0.0,67.1,7.8,100.0,506.0,66.7,126424.4,81736.7,0.0,0.0
318,78.1,1.752,1751.7,80.0,19.8,32.8,0.0,0.0,2706.0,270.6,1000.0,2048.0,300.4,119.05,78.0,100.0,1.38,5.08,3.07,19.7,0.0,67.0,0.5,100.0,506.0,66.7,126424.4,81734.1,0.0,0.0
319,78.1,3.187,3186.9,78.875,17.9,32.8,0.0,0.0,2783.0,278.3,1000.0,2048.0,300.4,118.0,73.0,100.0,1.4,5.15,3.12,18.1,0.0,67.0,7.8,71.0,506.0,66.7,126424.4,81721.0,0.0,0.0
320,62.5,3.5,3500.2,80.75,14.5,32.8,0.0,0.0,2840.0,284.0,1000.0,2048.0,300.4,120.03,72.0,100.0,1.4,5.15,3.12,14.4,0.0,67.0,7.9,65.7,506.0,66.7,126424.4,81713.8,0.0,0.0
321,65.6,3.192,3192.0,82.25,14.5,32.8,0.0,0.0,2859.0,285.9,1000.0,2048.0,300.4,120.0,71.0,100.0,1.4,5.15,3.12,14.5,0.0,67.1,0.5,100.0,506.0,66.7,126424.4,81714.5,0.0,0.0
322,53.1,2.998,2997.7,82.125,14.2,32.8,0.0,0.0,2872.0,287.2,1000.0,2048.0,300.4,120.01,71.0,100.0,1.4,5.15,3.12,14.1,0.0,67.0,7.9,100.0,506.0,66.7,126424.4,81714.7,0.0,0.0
323,56.2,2.914,2914.1,82.75,14.3,32.8,0.0,0.0,2881.0,288.1,1000.0,2048.0,300.4,120.02,71.0,100.0,1.4,5.15,3.12,14.5,0.0,67.0,7.8,53.0,506.0,66.7,126424.4,81725.8,0.0,0.0
324,62.5,2.75,2750.0,83.0,13.9,32.8,0.0,0.0,2884.0,288.4,1000.0,2048.0,300.4,120.01,70.0,100.0,1.42,5.14,3.15,13.9,0.0,67.0,7.8,64.3,506.0,66.7,126424.4,81722.8,0.0,0.0
325,53.1,3.14,3140.1,82.75,14.0,32.8,0.0,0.1,2882.0,288.2,1000.0,2048.0,300.4,120.03,71.0,100.0,1.42,5.14,3.15,13.8,0.0,67.0,7.8,70.0,506.0,66.7,126424.4,81711.6,0.0,0.0
326,56.2,2.99,2990.3,82.375,13.4,32.8,0.0,0.0,2880.0,288.0,1000.0,2048.0,300.4,119.06,71.0,100.0,1.42,5.14,3.15,13.5,0.0,67.0,0.6,57.4,506.0,66.7,126424.4,81712.0,0.0,0.0
327,62.5,2.938,2938.5,82.5,13.8,32.8,0.0,0.0,2881.0,288.1,1000.0,2048.0,300.4,119.09,71.0,100.0,1.42,5.14,3.15,13.7,0.0,67.1,7.8,53.0,506.0,66.7,126424.4,81718.4,0.0,0.0
328,62.5,3.137,3136.8,82.75,14.0,32.8,0.0,0.0,2875.0,287.5,1000.0,2048.0,300.4,119.06,71.0,100.0,1.42,5.14,3.15,13.9,0.0,67.0,7.8,100.0,506.0,66.7,126424.4,81714.0,0.0,0.0
329,46.9,2.935,2935.2,83.625,14.2,32.8,0.0,0.0,2874.0,287.4,1000.0,2048.0,300.4,119.03,70.0,100.0,1.46,5.45,3.25,14.1,0.0,67.0,7.8,100.0,506.0,66.7,126424.4,81712.9,0.0,0.0
330,62.5,3.401,3401.1,84.625,14.0,32.8,0.0,0.0,2872.0,287.2,1000.0,2048.0,300.4,119.02,71.0,100.0,1.46,5.45,3.25,13.9,0.0,67.0,0.6,46.5,506.0,66.7,126424.4,81712.5,0.0,0.0
331,62.5,3.342,3341.9,84.875,14.0,32.8,0.0,0.0,2871.0,287.1,1000.0,2048.0,300.4,119.06,70.0,100.0,1.46,5.45,3.25,14.1,0.0,67.0,7.8,89.9,506.0,66.7,126424.4,81709.2,0.0,0.0
332,65.6,1.783,1783.4,85.75,15.2,32.8,0.0,0.0,2852.0,282.35,1000.0,2048.0,300.4,124.01,84.0,99.0,1.46,5.45,3.25,15.2,0.0,67.1,7.9,65.7,506.0,66.7,126424.4,81723.8,0.0,0.0
333,93.8,1.767,1767.0,83.375,19.0,32.8,0.0,0.0,2720.0,272.0,1000.0,2048.0,300.4,120.03,79.0,100.0,1.46,5.45,3.25,19.0,0.0,67.0,7.7,52.5,506.0,66.7,126424.4,81731.3,0.0,0.0
334,87.5,3.045,3045.3,81.375,18.9,32.8,0.0,0.0,2754.0,275.4,1000.0,2048.0,300.4,116.04,75.0,100.0,1.54,6.29,3.46,18.9,0.0,67.0,7.8,52.5,506.0,66.7,126424.4,81729.7,0.0,0.0
335,62.5,3.137,3137.0,84.125,14.1,32.8,0.0,0.0,2821.0,282.1,1000.0,2048.0,300.4,119.07,72.0,100.0,1.54,6.29,3.46,14.0,0.0,67.0,0.5,53.0,506.0,66.7,126424.4,81739.7,0.0,0.0
336,50.0,3.422,3421.9,85.875,13.5,32.8,0.0,0.1,2849.0,284.9,1000.0,2048.0,300.4,120.03,72.0,100.0,1.54,6.29,3.46,13.3,0.0,67.0,7.9,52.9,506.0,66.7,126424.4,81732.9,0.0,0.0
337,59.4,2.786,2786.2,86.375,13.2,32.8,0.0,0.0,2865.0,286.5,1000.0,2048.0,300.4,119.03,71.0,100.0,1.54,6.29,3.46,13.2,0.0,67.0,7.7,55.4,506.0,66.7,126424.4,81720.8,0.0,0.0
338,68.8,2.732,2731.8,85.875,12.6,32.8,0.0,0.4,2869.0,286.9,1000.0,2048.0,300.4,119.02,71.0,100.0,1.54,6.29,3.46,12.6,0.0,66.9,0.4,52.0,506.0,66.7,126424.4,81715.0,0.0,0.0
339,43.8,2.888,2887.7,87.375,12.4,32.8,0.0,0.0,2868.0,286.8,1000.0,2048.0,300.4,118.05,71.0,100.0,1.58,6.59,3.57,12.2,0.0,67.0,7.6,58.0,506.0,66.7,126424.4,81702.8,0.0,0.0
340,43.8,2.821,2821.0,88.625,12.4,32.8,0.0,0.0,2870.0,287.0,1000.0,2048.0,300.4,118.02,72.0,100.0,1.58,6.59,3.57,12.4,0.0,67.0,7.7,55.6,506.0,66.7,126424.4,81698.5,0.0,0.0
341,53.1,3.0,3000.4,87.625,12.5,32.8,0.0,0.0,2870.0,287.0,1000.0,2048.0,300.4,118.09,73.0,100.0,1.58,6.59,3.57,12.6,0.0,67.0,0.3,78.8,506.0,66.7,126424.4,81696.0,0.0,0.0
342,46.9,2.794,2793.7,86.625,12.5,32.8,0.0,0.1,2871.0,287.1,1000.0,2048.0,300.4,119.02,71.0,100.0,1.58,6.59,3.57,12.5,0.0,66.9,7.7,75.0,506.0,66.7,126424.4,81694.0,0.0,0.0
343,34.4,2.343,2342.7,88.125,9.6,32.8,0.0,0.0,1551.0,65.14,1000.0,2048.0,300.4,73.09,52.0,42.0,1.58,6.59,3.57,9.5,0.0,67.0,7.6,58.0,506.0,66.7,126424.4,81700.6,0.0,0.0
344,28.1,2.965,2964.7,87.875,9.2,32.8,0.0,0.0,950.0,14.25,1000.0,2048.0,300.4,52.09,52.0,15.0,1.61,6.54,3.61,9.3,0.0,67.0,0.4,49.5,506.0,66.7,126424.4,81700.2,0.0,0.0
345,31.2,3.252,3251.6,88.375,9.3,32.8,0.0,0.0,726.0,4.36,1000.0,2048.0,300.4,45.07,51.0,6.0,1.61,6.54,3.61,9.2,0.0,67.0,7.6,55.1,506.0,66.7,126424.4,81705.7,0.0,0.0
346,37.5,2.856,2856.3,88.5,9.6,32.8,0.0,0.0,646.0,1.29,,2048.0,300.4,43.01,50.0,2.0,1.61,6.54,3.61,9.6,0.0,66.9,7.6,62.0,506.0,66.7,126424.4,81703.5,0.0,0.0
347,40.6,2.831,2831.4,88.0,10.5,32.8,0.0,0.0,1042.0,23.97,,2048.0,300.4,64.05,74.0,23.0,1.61,6.54,3.61,10.6,0.0,67.0,0.4,77.0,506.0,66.7,126424.4,81705.3,0.0,0.0
348,46.9,2.678,2678.3,88.125,13.6,32.8,0.0,0.0,1951.0,140.47,1000.0,2048.0,300.4,112.02,80.0,72.0,1.61,6.54,3.61,13.6,0.0,67.1,7.9,77.8,506.0,66.7,126424.4,81774.9,0.0,0.0
349,56.2,3.098,3097.7,86.375,13.0,32.8,0.0,0.0,2304.0,207.36,1000.0,2048.0,300.4,128.06,75.0,90.0,1.61,6.18,3.58,12.9,0.0,67.1,7.9,67.0,506.0,66.7,126424.4,81770.4,0.0,0.0
350,56.2,2.948,2948.4,88.375,13.5,32.8,0.0,0.0,2618.0,251.33,1000.0,2048.0,300.4,129.03,71.0,96.0,1.61,6.18,3.58,13.6,0.0,67.0,8.0,59.0,506.0,66.7,126424.4,81762.0,0.0,0.0
351,56.2,3.089,3089.1,89.375,13.5,32.8,0.0,0.0,2741.0,271.36,1000.0,2048.0,300.4,129.04,71.0,99.0,1.61,6.18,3.58,13.4,0.0,67.1,0.7,67.0,506.0,66.7,126424.4,81754.7,0.0,0.0
352,65.6,3.429,3429.1,89.125,14.0,32.8,0.0,0.0,2787.0,275.91,1000.0,2048.0,300.4,128.01,71.0,99.0,1.61,6.18,3.58,14.1,0.0,67.0,7.8,60.0,506.0,66.7,126424.4,81740.5,0.0,0.0
353,59.4,3.159,3158.7,88.625,14.1,32.8,0.0,0.0,2821.0,282.1,1000.0,2048.0,300.4,127.03,73.0,100.0,1.61,6.18,3.58,13.9,0.0,67.1,7.9,100.0,506.0,66.7,126424.4,81739.2,0.0,0.0
354,59.4,3.602,3601.8,89.125,14.2,32.8,0.0,0.0,2829.0,282.9,1000.0,2048.0,300.4,126.04,73.0,100.0,1.61,5.84,3.55,14.3,0.0,67.0,0.7,100.0,506.0,66.7,126424.4,81731.8,0.0,0.0
355,59.4,3.265,3265.0,89.25,14.3,32.8,0.0,0.0,2832.0,283.2,1000.0,2048.0,300.4,126.02,71.0,100.0,1.61,5.84,3.55,14.3,0.0,67.1,7.9,100.0,506.0,66.7,126424.4,81727.8,0.0,0.0
356,50.0,3.641,3641.4,88.5,14.6,32.8,0.0,0.0,2854.0,285.4,1000.0,2048.0,300.4,124.07,69.0,100.0,1.61,5.84,3.55,14.6,0.0,64.8,7.9,100.0,506.0,66.7,126424.4,81725.5,0.0,0.0
357,59.4,3.922,3921.9,87.25,14.7,32.8,0.0,0.0,2874.0,287.4,1000.0,2048.0,300.4,123.02,72.0,100.0,1.61,5.84,3.55,14.6,0.0,66.8,7.9,100.0,506.0,66.7,126424.4,81725.4,0.0,0.0
358,62.5,3.857,3856.8,85.5,14.5,32.8,0.0,0.1,2879.0,287.9,1000.0,2048.0,300.4,120.09,70.0,100.0,1.61,5.84,3.55,14.3,0.0,67.8,8.0,61.6,506.0,66.7,126424.4,81718.4,0.0,0.0
359,59.4,3.624,3624.4,85.875,14.5,32.8,0.0,0.0,2885.0,288.5,1000.0,2048.0,300.4,120.06,71.0,100.0,1.63,5.7,3.56,14.6,0.0,66.8,0.6,55.0,506.0,66.7,126424.4,81716.5,0.0,0.0
360,46.9,3.72,3719.9,84.875,14.3,32.8,0.0,0.0,2889.0,288.9,1000.0,2048.0,300.4,120.02,71.0,100.0,1.63,5.7,3.56,14.3,0.0,67.0,7.9,100.0,505.0,66.7,126424.4,81714.7,0.0,0.0
361,46.9,2.925,2924.7,85.25,13.8,32.8,0.1,0.0,2879.0,287.9,1000.0,2048.0,300.4,121.02,78.0,100.0,1.63,5.7,3.56,13.8,0.0,67.2,7.8,100.0,505.0,66.7,126424.4,81707.4,0.0,0.0
362,59.4,1.751,1751.1,82.875,19.9,32.8,0.0,0.0,2740.0,274.0,1000.0,2048.0,300.4,120.03,81.0,100.0,1.63,5.7,3.56,19.8,0.0,67.3,7.9,63.6,505.0,66.7,126424.4,81707.5,0.0,0.0
363,87.5,1.711,1711.3,81.625,19.6,32.8,0.0,0.0,2680.0,268.0,1000.0,2048.0,300.4,119.06,79.0,100.0,1.63,5.7,3.56,19.7,0.0,67.4,0.6,64.6,505.0,66.7,126424.4,81710.3,0.0,0.0
364,78.1,3.421,3421.0,81.625,16.7,32.8,0.0,0.0,2793.0,279.3,1000.0,2048.0,300.4,118.05,71.0,100.0,1.63,5.4,3.54,16.6,0.0,66.3,7.9,62.6,505.0,66.7,126424.4,81708.1,0.0,0.0
365,56.2,3.134,3134.5,83.0,13.7,32.8,0.0,0.0,2852.0,285.2,1000.0,2048.0,300.4,119.09,69.0,100.0,1.63,5.4,3.54,13.8,0.0,67.1,7.9,50.5,505.0,66.7,126424.4,81704.2,0.0,0.0
366,59.4,3.255,3255.1,83.5,13.6,32.8,0.0,0.0,2874.0,287.4,1000.0,2048.0,300.4,120.01,72.0,100.0,1.63,5.4,3.54,13.4,0.0,63.9,8.0,90.0,505.0,66.7,126424.4,81702.9,0.0,0.0
367,56.2,3.548,3548.4,84.75,13.8,32.8,0.0,0.0,2884.0,288.4,1000.0,2048.0,300.4,120.04,72.0,100.0,1.63,5.4,3.54,13.7,0.0,67.5,0.5,66.7,505.0,66.7,126424.4,81703.8,0.0,0.0
368,56.2,3.37,3369.5,84.875,13.5,32.8,0.0,0.4,2887.0,288.7,1000.0,2048.0,300.4,119.09,71.0,100.0,1.63,5.4,3.54,13.6,0.0,66.1,7.9,54.5,505.0,66.7,126424.4,81701.3,0.0,0.0
369,59.4,2.992,2992.5,84.25,13.4,32.8,0.0,0.1,2887.0,288.7,1000.0,2048.0,300.4,119.07,71.0,100.0,1.63,5.13,3.51,13.5,0.0,67.7,7.9,61.0,505.0,66.7,126424.4,81702.3,0.0,0.0
370,50.0,3.289,3289.3,84.0,13.3,32.8,0.0,0.0,2889.0,288.9,1000.0,2048.0,300.4,120.01,72.0,100.0,1.63,5.13,3.51,13.1,0.0,66.3,0.6,87.0,505.0,66.7,126424.4,81701.3,0.0,0.0
371,56.2,3.167,3167.0,84.125,13.3,32.8,0.0,0.0,2887.0,288.7,1000.0,2048.0,300.4,119.07,69.0,100.0,1.63,5.13,3.51,13.3,0.0,67.7,7.9,52.5,505.0,66.7,126424.4,81697.1,0.0,0.0
372,65.6,3.661,3661.2,83.875,13.6,32.8,0.0,0.0,2889.0,288.9,1000.0,2048.0,300.4,119.09,72.0,100.0,1.63,5.13,3.51,13.7,0.0,65.1,7.9,54.5,505.0,66.7,126424.4,81696.6,0.0,0.0
373,59.4,3.486,3485.5,83.125,14.0,32.8,0.0,0.0,2889.0,288.9,1000.0,2048.0,300.4,119.09,71.0,100.0,1.63,5.13,3.51,14.0,0.0,67.0,0.6,96.0,505.0,66.7,126424.4,81696.6,0.0,0.0
374,50.0,3.468,3467.6,84.5,14.5,32.8,0.0,0.1,2885.0,288.5,1000.0,2048.0,300.4,119.08,72.0,100.0,1.64,4.96,3.5,14.5,0.0,67.1,8.0,100.0,505.0,66.7,126424.4,81696.4,0.0,0.0
375,59.4,1.768,1767.5,84.75,15.2,32.8,0.0,0.0,2865.0,283.64,1000.0,2048.0,300.4,123.06,83.0,99.0,1.64,4.96,3.5,15.2,0.0,67.1,7.9,100.0,505.0,66.7,126424.4,81697.1,0.0,0.0
376,75.0,1.735,1734.6,82.5,19.0,32.8,0.0,0.0,2719.0,271.9,1000.0,2048.0,300.4,119.08,77.0,100.0,1.64,4.96,3.5,18.9,0.0,67.0,7.8,100.0,505.0,66.7,126424.4,81696.2,0.0,0.0
377,71.9,1.748,1747.8,80.875,17.8,32.8,0.0,0.0,2735.0,273.5,1000.0,2048.0,300.4,116.05,75.0,100.0,1.64,4.96,3.5,17.8,0.0,67.0,0.6,100.0,505.0,66.7,126424.4,81699.0,0.0,0.0
378,53.1,3.168,3168.3,83.375,14.1,32.8,0.0,0.0,2827.0,282.7,1000.0,2048.0,300.4,119.06,72.0,100.0,1.64,4.96,3.5,14.1,0.0,67.0,7.9,72.0,505.0,66.7,126424.4,81693.3,0.0,0.0
379,50.0,2.959,2958.6,84.625,13.5,32.8,0.0,0.0,2863.0,286.3,1000.0,2048.0,300.4,120.02,71.0,100.0,1.65,4.8,3.49,13.6,0.0,67.1,7.9,73.3,505.0,66.7,126424.4,81691.9,0.0,0.0
380,62.5,3.261,3260.8,84.0,13.4,32.8,0.0,0.0,2877.0,287.7,1000.0,2048.0,300.4,120.01,71.0,100.0,1.65,4.8,3.49,13.4,0.0,67.1,0.6,77.8,505.0,66.7,126424.4,81692.8,0.0,0.0
381,56.2,3.219,3219.3,82.75,13.0,32.8,0.0,0.0,2882.0,288.2,1000.0,2048.0,300.4,120.01,71.0,100.0,1.65,4.8,3.49,12.9,0.0,67.0,7.9,84.0,505.0,66.7,126424.4,81692.5,0.0,0.0
382,56.2,3.507,3506.7,81.875,13.5,32.8,0.0,0.0,2884.0,288.4,1000.0,2048.0,300.4,120.0,72.0,100.0,1.65,4.8,3.49,13.5,0.0,67.0,7.9,74.0,505.0,66.7,126424.4,81700.2,0.0,0.0
383,68.8,1.759,1759.1,81.0,15.6,32.8,0.0,0.0,2815.0,281.5,1000.0,2048.0,300.4,122.05,80.0,100.0,1.65,4.8,3.49,15.6,0.0,67.2,7.9,100.0,505.0,66.7,126424.4,81692.4,0.0,0.0
384,78.1,1.772,1772.4,80.25,17.7,32.8,0.0,0.0,2709.0,270.9,1000.0,2048.0,300.4,119.06,79.0,100.0,1.72,5.62,3.68,17.7,0.0,66.9,0.6,89.0,505.0,66.7,126424.4,81691.2,0.0,0.0
385,75.0,3.364,3364.1,79.25,16.9,32.8,0.0,0.0,2767.0,276.7,1000.0,2048.0,300.4,116.07,73.0,100.0,1.72,5.62,3.68,17.0,0.0,67.1,7.9,100.0,505.0,66.7,126424.4,81690.0,0.0,0.0
386,59.4,3.017,3017.0,81.25,13.0,32.8,0.0,0.0,2840.0,284.0,1000.0,2048.0,300.4,119.08,73.0,100.0,1.72,5.62,3.68,13.1,0.0,67.0,7.8,63.0,505.0,66.7,126424.4,81689.5,0.0,0.0
387,53.1,3.033,3033.2,82.375,13.0,32.8,0.0,0.0,2868.0,286.8,1000.0,2048.0,300.4,119.1,73.0,100.0,1.72,5.62,3.68,12.9,0.0,67.1,0.7,71.0,505.0,66.7,126424.4,81692.6,0.0,0.0
388,50.0,3.275,3275.2,82.625,13.4,32.8,0.0,0.0,2881.0,288.1,1000.0,2048.0,300.4,120.02,72.0,100.0,1.72,5.62,3.68,13.3,0.0,67.0,7.8,54.0,505.0,66.7,126424.4,81691.6,0.0,0.0
389,50.0,3.187,3186.9,83.25,13.4,32.8,0.0,0.0,2882.0,288.2,1000.0,2048.0,300.4,120.05,75.0,100.0,1.77,6.13,3.82,13.4,0.0,67.1,8.0,90.0,505.0,66.7,126424.4,81691.1,0.0,0.0
390,75.0,1.808,1807.9,81.875,17.0,32.8,0.0,0.1,2752.0,275.2,1000.0,2048.0,300.4,120.04,79.0,100.0,1.77,6.13,3.82,16.9,0.0,67.4,7.8,100.0,505.0,66.7,126424.4,81692.0,0.0,0.0
391,81.2,1.765,1765.1,81.0,17.4,32.8,0.0,0.0,2699.0,269.9,1000.0,2048.0,300.4,118.08,75.0,100.0,1.77,6.13,3.82,17.4,0.0,67.0,0.6,83.0,505.0,66.7,126424.4,81702.8,0.0,0.0
392,68.8,3.416,3416.0,80.5,14.4,32.8,0.0,0.0,2816.0,281.6,1000.0,2048.0,300.4,119.01,73.0,100.0,1.77,6.13,3.82,14.2,0.0,66.7,7.9,83.2,505.0,66.7,126424.4,81706.0,0.0,0.0
393,46.9,3.084,3083.7,81.5,12.7,32.8,0.0,0.0,2860.0,286.0,1000.0,2048.0,300.4,120.0,72.0,100.0,1.77,6.13,3.82,12.8,0.0,67.0,7.9,100.0,504.0,66.7,126424.4,81705.2,0.0,0.0
394,50.0,3.283,3283.3,81.75,12.6,32.8,0.0,0.0,2877.0,287.7,1000.0,2048.0,300.4,120.0,73.0,100.0,1.78,5.88,3.81,12.6,0.0,67.1,0.5,100.0,504.0,66.7,126424.4,81696.8,0.0,0.0
395,46.9,3.676,3676.4,82.125,13.1,32.8,0.0,0.0,2882.0,288.2,1000.0,2048.0,300.4,120.0,71.0,100.0,1.78,5.88,3.81,12.9,0.0,67.0,7.9,65.7,504.0,66.7,126424.4,81696.2,0.0,0.0
396,50.0,3.624,3624.2,83.5,13.2,32.8,0.0,0.0,2888.0,288.8,1000.0,2048.0,300.4,119.08,70.0,100.0,1.78,5.88,3.81,13.2,0.0,67.0,7.8,93.0,504.0,66.7,126424.4,81694.6,0.0,0.0
397,53.1,3.371,3370.9,84.125,13.3,32.8,0.0,0.0,2890.0,289.0,1000.0,2048.0,300.4,119.09,72.0,100.0,1.78,5.88,3.81,13.2,0.0,67.1,0.7,100.0,504.0,66.7,126424.4,81693.6,0.0,0.0
398,59.4,3.496,3496.2,84.375,13.4,32.8,0.0,0.0,2890.0,289.0,1000.0,2048.0,300.4,119.09,71.0,100.0,1.78,5.88,3.81,13.3,0.0,67.0,7.8,81.0,504.0,66.7,126424.4,81693.8,0.0,0.0
399,65.6,3.41,3409.6,86.375,13.7,32.8,0.0,0.4,2887.0,288.7,1000.0,2048.0,300.4,119.08,70.0,100.0,1.8,5.89,3.84,13.8,0.0,67.0,7.9,52.5,504.0,66.7,126424.4,81694.2,0.0,0.0
400,53.1,3.796,3795.7,86.75,13.6,32.8,0.0,0.1,2887.0,288.7,1000.0,2048.0,300.4,120.01,71.0,100.0,1.8,5.89,3.84,13.6,0.0,67.0,7.8,60.4,504.0,66.7,126424.4,81694.7,0.0,0.0
401,56.2,3.779,3778.6,86.375,13.6,32.8,0.0,0.0,2888.0,288.8,1000.0,2048.0,300.4,119.08,71.0,100.0,1.8,5.89,3.84,13.6,0.0,67.1,7.9,82.0,504.0,66.7,126424.4,81694.1,0.0,0.0
402,59.4,1.714,1713.7,85.25,14.6,32.8,0.0,0.0,2848.0,281.95,1000.0,2048.0,300.4,123.07,76.0,99.0,1.8,5.89,3.84,14.6,0.0,67.2,0.5,100.0,504.0,66.7,126424.4,81694.5,0.0,0.0
403,81.2,1.788,1787.6,83.0,17.8,32.8,0.0,0.0,2719.0,271.9,1000.0,2048.0,300.4,120.0,81.0,100.0,1.8,5.89,3.84,17.8,0.0,67.2,7.9,100.0,504.0,66.7,126424.4,81697.3,0.0,0.0
404,81.2,2.706,2705.5,81.0,17.7,32.8,0.0,0.0,2753.0,275.3,1000.0,2048.0,300.4,115.09,75.0,100.0,1.84,6.06,3.91,17.7,0.0,66.7,7.8,100.0,504.0,66.7,126424.4,81701.4,0.0,0.0
405,53.1,3.409,3409.2,81.75,13.4,32.8,0.0,0.1,2834.0,283.4,1000.0,2048.0,300.4,119.07,72.0,100.0,1.84,6.06,3.91,13.5,0.0,67.0,7.9,100.0,504.0,66.7,126424.4,81700.7,0.0,0.0
406,46.9,3.529,3528.6,82.0,13.3,32.8,0.0,0.1,2865.0,286.5,1000.0,2048.0,300.4,120.03,73.0,100.0,1.84,6.06,3.91,13.3,0.0,67.0,7.8,100.0,504.0,66.7,126424.4,81708.5,0.0,0.0
407,50.0,3.801,3801.2,82.5,13.6,32.8,0.0,0.0,2876.0,287.6,1000.0,2048.0,300.4,120.03,72.0,100.0,1.84,6.06,3.91,13.4,0.0,67.0,0.6,100.0,504.0,66.7,126424.4,81708.3,0.0,0.0
408,62.5,3.586,3586.0,82.375,14.3,32.8,0.0,0.0,2883.0,288.3,1000.0,2048.0,300.4,120.0,71.0,100.0,1.84,6.06,3.91,14.3,0.0,67.1,7.8,68.0,504.0,66.7,126424.4,81707.2,0.0,0.0
409,62.5,3.752,3752.5,83.625,14.1,32.8,0.0,0.0,2881.0,288.1,1000.0,2048.0,300.4,119.1,72.0,100.0,1.94,7.17,4.18,14.2,0.0,67.0,7.9,65.0,504.0,66.7,126424.4,81706.1,0.0,0.0
410,62.5,3.668,3668.2,84.5,14.0,32.8,0.0,0.0,2880.0,288.0,1000.0,2048.0,300.4,119.06,70.0,100.0,1.94,7.17,4.18,13.9,0.0,67.0,0.6,62.6,504.0,66.7,126424.4,81705.1,0.0,0.0
411,65.6,3.738,3737.9,84.375,14.2,32.8,0.0,0.0,2883.0,288.3,1000.0,2048.0,300.4,119.09,72.0,100.0,1.94,7.17,4.18,14.3,0.0,67.0,7.8,90.0,504.0,66.7,126424.4,81702.5,0.0,0.0
412,56.2,3.661,3661.2,84.125,13.7,32.8,0.0,0.0,2883.0,288.3,1000.0,2048.0,300.4,119.09,72.0,100.0,1.94,7.17,4.18,13.6,0.0,67.0,7.8,100.0,504.0,66.7,126424.4,81706.1,0.0,0.0
413,56.2,1.724,1724.3,83.375,15.0,32.8,0.0,0.0,2808.0,280.8,1000.0,2048.0,300.4,122.06,79.0,100.0,1.94,7.17,4.18,15.1,0.0,67.1,7.9,100.0,504.0,66.7,126424.4,81703.7,0.0,0.0
414,78.1,1.732,1732.1,82.0,17.6,32.8,0.0,0.0,2694.0,269.4,1000.0,2048.0,300.4,119.08,81.0,100.0,1.95,7.0,4.19,17.6,0.0,67.0,7.8,100.0,504.0,66.7,126424.4,81704.5,0.0,0.0
415,84.4,3.502,3501.9,80.5,16.6,32.8,0.0,0.0,2763.0,276.3,1000.0,2048.0,300.4,116.06,72.0,100.0,1.95,7.0,4.19,16.6,0.0,67.0,0.6,100.0,504.0,66.7,126424.4,81706.3,0.0,0.0
416,53.1,3.47,3470.1,80.625,13.0,32.8,0.0,0.0,2830.0,283.0,1000.0,2048.0,300.4,120.03,75.0,100.0,1.95,7.0,4.19,12.9,0.0,67.0,7.8,99.0,504.0,66.7,126424.4,81705.6,0.0,0.0
417,53.1,3.559,3558.9,79.5,13.0,32.8,0.0,0.0,2867.0,286.7,1000.0,2048.0,300.4,120.06,74.0,100.0,1.95,7.0,4.19,13.0,0.0,67.1,7.9,100.0,504.0,66.7,126424.4,81702.8,0.0,0.0
418,75.0,1.749,1749.0,80.125,16.3,32.8,0.0,0.0,2754.0,275.4,1000.0,2048.0,300.4,121.02,83.0,100.0,1.95,7.0,4.19,16.4,0.0,67.0,7.8,100.0,504.0,66.7,126424.4,81705.3,0.0,0.0
419,75.0,1.742,1742.1,80.375,17.0,32.8,0.0,0.0,2686.0,268.6,1000.0,2048.0,300.4,119.05,80.0,100.0,1.97,6.84,4.21,17.0,0.0,67.0,7.8,100.0,504.0,66.7,126424.4,81708.3,0.0,0.0
420,71.9,3.385,3385.1,79.625,15.6,32.8,0.0,0.0,2795.0,279.5,1000.0,2048.0,300.4,118.04,74.0,100.0,1.97,6.84,4.21,15.6,0.0,67.0,0.6,100.0,504.0,66.7,126424.4,81709.8,0.0,0.0
421,53.1,3.364,3363.5,82.0,13.0,32.8,0.0,0.0,2845.0,284.5,1000.0,2048.0,300.4,120.01,70.0,100.0,1.97,6.84,4.21,12.9,0.0,67.0,7.8,63.0,504.0,66.7,126424.4,81708.4,0.0,0.0
422,59.4,3.565,3564.8,83.125,12.9,32.8,0.0,0.0,2867.0,286.7,1000.0,2048.0,300.4,120.03,72.0,100.0,1.97,6.84,4.21,12.9,0.0,67.1,7.8,58.6,504.0,66.7,126424.4,81709.6,0.0,0.0
423,53.1,3.301,3300.8,84.75,12.8,32.8,0.0,0.0,2875.0,287.5,1000.0,2048.0,300.4,120.04,73.0,100.0,1.97,6.84,4.21,12.7,0.0,67.0,0.6,59.0,504.0,66.7,126424.4,81710.7,0.0,0.0
424,50.0,3.49,3489.8,85.25,13.1,32.8,0.0,0.0,2876.0,287.6,1000.0,2048.0,300.4,119.08,72.0,100.0,1.98,6.61,4.2,13.1,0.0,67.0,7.8,62.2,504.0,66.7,126424.4,81714.9,0.0,0.0
425,50.0,3.233,3233.0,85.5,13.7,32.8,0.0,0.0,2881.0,288.1,1000.0,2048.0,300.4,119.03,72.0,100.0,1.98,6.61,4.2,13.8,0.0,67.0,7.8,58.0,504.0,66.7,126424.4,81715.2,0.0,0.0
426,50.0,3.33,3329.8,85.5,13.0,32.8,0.0,0.0,2878.0,287.8,1000.0,2048.0,300.4,119.1,72.0,100.0,1.98,6.61,4.2,13.0,0.0,67.0,0.5,74.7,504.0,66.7,126424.4,81715.7,0.0,0.0
427,50.0,1.798,1797.6,84.875,13.5,32.8,0.0,0.1,2872.0,287.2,1000.0,2048.0,300.4,123.03,79.0,100.0,1.98,6.61,4.2,13.5,0.0,67.0,7.9,70.7,504.0,66.7,126424.4,81719.5,0.0,0.0
428,65.6,1.749,1749.1,83.25,18.5,32.8,0.0,0.0,2727.0,272.7,1000.0,2048.0,300.4,120.02,81.0,100.0,1.98,6.61,4.2,18.5,0.0,67.0,7.8,76.0,504.0,66.7,126424.4,81718.2,0.0,0.0
429,75.0,1.745,1744.6,82.0,18.1,32.8,0.0,0.0,2729.0,272.9,1000.0,2048.0,300.4,116.08,76.0,100.0,2.0,6.56,4.23,18.2,0.0,67.0,7.8,62.0,504.0,66.7,126424.4,81719.4,0.0,0.0
430,59.4,2.994,2993.8,82.25,13.5,32.8,0.0,0.5,2818.0,281.8,1000.0,2048.0,300.4,119.04,73.0,100.0,2.0,6.56,4.23,13.5,0.0,67.0,0.5,72.0,504.0,66.7,126424.4,81717.8,0.0,0.0
431,46.9,2.963,2962.8,83.125,13.2,32.8,0.0,0.0,2854.0,285.4,1000.0,2048.0,300.4,119.09,72.0,100.0,2.0,6.56,4.23,13.1,0.0,67.0,7.9,73.7,504.0,66.7,126424.4,81715.1,0.0,0.0
432,62.5,3.582,3581.6,83.875,13.4,32.8,0.0,0.0,2868.0,286.8,1000.0,2048.0,300.4,120.0,73.0,100.0,2.0,6.56,4.23,13.4,0.0,67.1,7.7,57.1,504.0,66.7,126424.4,81709.4,0.0,0.0
433,65.6,2.694,2694.2,84.625,12.5,32.8,0.0,0.0,2359.0,181.64,1000.0,2048.0,300.4,102.02,55.0,77.0,2.0,6.56,4.23,12.4,0.0,66.9,0.5,52.5,504.0,66.7,126424.4,81705.7,0.0,0.0
434,56.2,2.655,2655.2,86.875,9.4,32.8,0.0,0.0,1251.0,36.28,1000.0,2048.0,300.4,63.09,53.0,29.0,2.0,6.2,4.2,9.5,0.0,67.0,7.6,52.0,504.0,66.7,126424.4,81717.4,0.0,0.0
435,53.1,2.688,2687.6,89.0,9.9,32.8,0.0,0.0,830.0,8.3,1000.0,2048.0,300.4,49.01,52.0,10.0,2.0,6.2,4.2,10.0,0.0,67.0,7.7,54.5,504.0,66.7,126424.4,81714.6,0.0,0.0
436,40.6,2.844,2843.5,89.5,9.6,32.8,0.0,0.0,688.0,2.75,1000.0,2048.0,300.4,44.04,51.0,4.0,2.0,6.2,4.2,9.6,0.0,67.0,0.3,53.0,504.0,66.7,126424.4,81717.1,0.0,0.0
437,43.8,2.739,2739.3,89.625,9.6,32.8,0.0,0.1,632.0,0.63,1000.0,2048.0,300.4,42.05,51.0,1.0,2.0,6.2,4.2,9.5,0.0,66.9,7.7,52.0,504.0,66.7,126424.4,81717.1,0.0,0.0
438,46.9,2.413,2412.7,89.0,9.5,32.8,0.0,0.1,612.0,0.61,1000.0,2048.0,300.4,41.1,51.0,1.0,2.0,6.2,4.2,9.5,0.0,67.0,7.6,52.0,504.0,66.7,126424.4,81722.6,0.0,0.0
439,40.6,2.528,2528.3,89.75,9.2,32.8,0.0,0.0,604.0,0.0,,2048.0,300.4,41.04,51.0,0.0,2.01,5.94,4.18,9.2,0.0,67.0,0.4,53.0,504.0,66.7,126424.4,81721.8,0.0,0.0
440,37.5,2.639,2639.0,90.0,9.3,32.8,0.0,0.0,602.0,0.0,1000.0,2048.0,300.4,41.04,50.0,0.0,2.01,5.94,4.18,9.2,0.0,67.0,7.6,52.5,504.0,66.7,126424.4,81725.1,0.0,0.0
441,46.9,2.402,2402.4,90.25,9.2,32.8,0.0,0.0,601.0,0.0,1000.0,2048.0,300.4,41.07,50.0,0.0,2.01,5.94,4.18,9.1,0.0,66.9,7.7,52.0,504.0,66.7,126424.4,81726.3,0.0,0.0
442,37.5,2.606,2606.0,90.125,9.1,32.8,0.0,0.0,600.0,0.0,1000.0,2048.0,300.4,41.07,49.0,0.0,2.01,5.94,4.18,9.2,0.0,67.0,0.3,52.5,503.0,66.7,126424.4,81727.5,0.0,0.0
443,50.0,3.148,3147.5,89.0,11.7,32.8,0.0,0.0,1296.0,47.95,1000.0,2048.0,300.4,78.02,72.0,37.0,2.01,5.94,4.18,11.6,0.0,67.1,7.8,66.7,503.0,66.7,126424.4,81771.1,0.0,0.0
444,56.2,3.116,3115.5,86.25,14.1,32.8,0.0,0.0,2060.0,158.62,1000.0,2048.0,300.4,116.06,77.0,77.0,2.02,5.78,4.17,14.1,0.0,67.0,7.9,100.0,503.0,66.7,126424.4,81750.0,0.0,0.0
445,59.4,3.055,3055.0,85.875,14.0,32.8,0.0,0.0,2418.0,220.04,1000.0,2048.0,300.4,128.02,69.0,91.0,2.02,5.78,4.17,14.0,0.0,67.1,7.9,100.0,503.0,66.7,126424.4,81746.6,0.0,0.0
446,59.4,3.76,3759.5,86.25,13.8,32.8,0.0,0.0,2673.0,259.28,1000.0,2048.0,300.4,128.0,68.0,97.0,2.02,5.78,4.17,13.7,0.0,67.0,0.5,79.2,503.0,66.7,126424.4,81742.0,0.0,0.0
447,62.5,3.074,3074.3,87.625,13.8,32.8,0.0,0.0,2765.0,273.74,1000.0,2048.0,300.4,126.02,69.0,99.0,2.02,5.78,4.17,14.0,0.0,67.0,7.9,71.0,503.0,66.7,126424.4,81739.7,0.0,0.0
448,56.2,3.195,3195.0,87.75,14.0,32.8,0.0,0.1,2804.0,280.4,1000.0,2048.0,300.4,126.03,70.0,100.0,2.02,5.78,4.17,13.9,0.0,67.1,7.9,73.7,503.0,66.7,126424.4,81736.8,0.0,0.0
449,53.1,3.101,3100.8,88.625,13.1,32.8,0.0,0.0,2824.0,282.4,1000.0,2048.0,300.4,125.03,70.0,100.0,2.03,5.72,4.19,12.9,0.0,67.0,0.6,72.3,503.0,66.7,126424.4,81736.0,0.0,0.0
450,59.4,2.958,2958.1,89.875,13.0,32.8,0.0,0.0,2831.0,283.1,1000.0,2048.0,300.4,125.05,70.0,100.0,2.03,5.72,4.19,13.0,0.0,67.0,7.9,52.5,503.0,66.7,126424.4,81729.3,0.0,0.0
451,53.1,3.337,3337.0,90.875,13.1,32.8,0.0,0.0,2834.0,283.4,1000.0,2048.0,300.4,125.03,68.0,100.0,2.03,5.72,4.19,13.1,0.0,67.1,7.9,59.0,503.0,66.7,126424.4,81723.0,0.0,0.0
452,56.2,2.989,2988.7,89.625,12.4,32.8,0.0,0.0,2678.0,267.8,1000.0,2048.0,300.4,132.01,79.0,100.0,2.03,5.72,4.19,12.5,0.0,67.1,0.7,48.5,503.0,66.7,126424.4,81726.6,0.0,0.0
453,75.0,1.808,1808.0,86.625,16.0,32.8,0.0,0.0,2702.0,270.2,1000.0,2048.0,300.4,130.1,79.0,100.0,2.03,5.72,4.19,15.9,0.0,67.0,7.9,64.6,503.0,66.7,126424.4,81725.9,0.0,0.0
454,78.1,3.273,3273.0,83.125,17.1,32.8,0.0,1.3,2808.0,280.8,1000.0,2048.0,300.4,121.1,71.0,100.0,2.06,5.82,4.24,17.0,0.0,67.1,7.8,69.4,503.0,66.7,126424.4,81726.9,0.0,0.0
455,68.8,3.283,3282.8,82.875,13.1,32.8,0.0,0.0,2843.0,284.3,1000.0,2048.0,300.4,121.05,70.0,100.0,2.06,5.82,4.24,13.1,0.0,67.0,7.9,66.7,503.0,66.7,126424.4,81722.6,0.0,0.0
456,59.4,2.903,2902.9,81.125,12.9,32.8,0.0,0.0,2868.0,286.8,1000.0,2048.0,300.4,120.06,70.0,100.0,2.06,5.82,4.24,12.7,0.0,67.1,0.6,80.0,503.0,66.7,126424.4,81722.8,0.0,0.0
457,65.6,3.107,3107.0,80.25,13.2,32.8,0.0,0.0,2882.0,288.2,1000.0,2048.0,300.4,120.03,70.0,100.0,2.06,5.82,4.24,13.2,0.0,67.0,7.9,66.0,503.0,66.7,126424.4,81716.0,0.0,0.0
458,50.0,3.216,3216.5,81.625,13.2,32.8,0.0,0.0,2882.0,288.2,1000.0,2048.0,300.4,120.03,71.0,100.0,2.06,5.82,4.24,13.3,0.0,67.0,7.9,73.7,503.0,66.7,126424.4,81712.3,0.0,0.0
459,68.8,1.743,1742.6,81.75,15.5,32.8,0.0,0.0,2807.0,280.7,1000.0,2048.0,300.4,122.03,78.0,100.0,2.09,5.92,4.28,15.6,0.0,67.1,7.9,100.0,503.0,66.7,126424.4,81713.1,0.0,0.0
460,71.9,1.803,1803.3,80.625,18.2,32.8,0.0,0.0,2711.0,271.1,1000.0,2048.0,300.4,119.07,78.0,100.0,2.09,5.92,4.28,18.1,0.0,67.1,0.6,100.0,503.0,66.7,126424.4,81713.2,0.0,0.0
461,75.0,3.298,3298.2,79.375,17.2,32.8,0.0,0.5,2778.0,277.8,1000.0,2048.0,300.4,117.03,71.0,100.0,2.09,5.92,4.28,17.3,0.0,67.0,7.9,100.0,503.0,66.7,126424.4,81714.6,0.0,0.0
462,53.1,3.446,3445.5,81.375,13.7,32.8,0.0,0.0,2842.0,284.2,1000.0,2048.0,300.4,119.07,71.0,100.0,2.09,5.92,4.28,13.6,0.0,67.0,7.8,100.0,503.0,66.7,126424.4,81715.2,0.0,0.0
463,56.2,3.11,3110.5,82.875,13.4,32.8,0.0,0.0,2868.0,286.8,1000.0,2048.0,300.4,120.01,70.0,100.0,2.09,5.92,4.28,13.4,0.0,67.1,7.9,100.0,503.0,66.7,126424.4,81716.9,0.0,0.0
464,56.2,3.139,3138.7,83.75,13.3,32.8,0.0,0.0,2880.0,288.0,1000.0,2048.0,300.4,120.01,69.0,100.0,2.11,6.01,4.33,13.3,0.0,67.0,0.6,55.0,503.0,66.7,126424.4,81717.2,0.0,0.0
465,62.5,3.502,3502.2,84.25,13.7,32.8,0.0,0.0,2881.0,288.1,1000.0,2048.0,300.4,120.01,72.0,100.0,2.11,6.01,4.33,13.9,0.0,67.0,7.9,66.3,503.0,66.7,126424.4,81717.7,0.0,0.0
466,71.9,3.604,3604.1,85.875,13.6,32.8,0.0,0.0,2880.0,288.0,1000.0,2048.0,300.4,120.03,72.0,100.0,2.11,6.01,4.33,13.4,0.0,67.1,7.8,52.0,503.0,66.7,126424.4,81717.2,0.0,0.0
467,59.4,3.257,3257.4,86.0,13.5,32.8,0.0,0.1,2880.0,288.0,1000.0,2048.0,300.4,119.1,71.0,100.0,2.11,6.01,4.33,13.5,0.0,67.0,7.9,53.0,503.0,66.7,126424.4,81713.6,0.0,0.0
468,46.9,3.176,3176.3,85.625,13.0,32.8,0.0,0.0,2877.0,287.7,1000.0,2048.0,300.4,119.07,69.0,100.0,2.11,6.01,4.33,13.0,0.0,67.0,0.6,61.0,503.0,66.7,126424.4,81713.0,0.0,0.0
469,50.0,3.253,3252.8,85.125,13.7,32.8,0.0,0.0,2876.0,287.6,1000.0,2048.0,300.4,119.08,72.0,100.0,2.15,6.25,4.4,13.6,0.0,67.1,7.9,78.0,503.0,66.7,126424.4,81711.1,0.0,0.0
470,50.0,3.186,3185.5,85.375,13.8,32.8,0.0,0.0,2873.0,287.3,1000.0,2048.0,300.4,120.02,70.0,100.0,2.15,6.25,4.4,13.8,0.0,67.0,7.7,100.0,503.0,66.7,126424.4,81713.2,0.0,0.0
471,56.2,1.758,1758.2,84.25,14.5,32.8,0.0,0.0,2851.0,282.25,1000.0,2048.0,300.4,123.09,78.0,99.0,2.15,6.25,4.4,14.4,0.0,67.0,0.7,100.0,503.0,66.7,126424.4,81709.8,0.0,0.0
472,96.9,1.74,1740.4,82.125,18.3,32.8,0.0,0.0,2721.0,272.1,1000.0,2048.0,300.4,119.08,80.0,100.0,2.15,6.25,4.4,18.4,0.0,67.1,7.8,52.5,503.0,66.7,126424.4,81706.1,0.0,0.0
473,96.9,2.814,2813.8,80.25,18.6,32.8,0.0,0.0,2751.0,275.1,1000.0,2048.0,300.4,115.1,73.0,100.0,2.15,6.25,4.4,18.6,0.0,67.0,7.9,75.8,503.0,66.7,126424.4,81705.7,0.0,0.0
474,59.4,3.505,3504.7,82.25,14.0,32.8,0.0,0.1,2824.0,282.4,1000.0,2048.0,300.4,119.08,72.0,100.0,2.15,5.83,4.35,14.2,0.0,67.0,0.6,54.5,503.0,66.7,126424.4,81705.7,0.0,0.0
475,62.5,2.971,2970.8,85.25,14.2,32.8,0.0,0.0,2850.0,285.0,1000.0,2048.0,300.4,119.1,72.0,100.0,2.15,5.83,4.35,14.2,0.0,67.1,7.8,54.1,503.0,66.7,126424.4,81707.6,0.0,0.0
476,50.0,3.252,3251.7,87.5,14.3,32.8,0.0,0.0,2866.0,286.6,1000.0,2048.0,300.4,119.04,70.0,100.0,2.15,5.83,4.35,14.3,0.0,67.0,7.9,53.5,503.0,66.7,126424.4,81717.3,0.0,0.0
477,50.0,3.245,3244.7,89.625,13.2,32.8,0.0,0.0,2876.0,287.6,1000.0,2048.0,300.4,118.03,71.0,100.0,2.15,5.83,4.35,13.2,0.0,67.0,7.8,58.0,503.0,66.7,126424.4,81716.3,0.0,0.0
478,50.0,3.272,3272.3,89.0,12.6,32.8,0.0,0.0,2877.0,287.7,1000.0,2048.0,300.4,119.03,73.0,100.0,2.15,5.83,4.35,12.5,0.0,67.0,0.6,51.0,503.0,66.7,126424.4,81716.4,0.0,0.0
479,62.5,3.433,3433.1,87.75,12.9,32.8,0.0,0.0,2874.0,287.4,1000.0,2048.0,300.4,120.02,71.0,100.0,2.18,6.0,4.41,13.0,0.0,67.1,7.8,52.5,503.0,66.7,126424.4,81719.2,0.0,0.0
480,53.1,2.984,2984.1,86.375,12.5,32.8,0.0,0.0,2882.0,288.2,1000.0,2048.0,300.4,120.03,74.0,100.0,2.18,6.0,4.41,12.4,0.0,67.0,7.9,52.5,503.0,66.7,126424.4,81719.4,0.0,0.0
481,56.2,3.52,3519.8,84.5,13.2,32.8,0.0,0.0,2882.0,288.2,1000.0,2048.0,300.4,120.01,73.0,100.0,2.18,6.0,4.41,13.3,0.0,67.0,7.8,82.0,503.0,66.7,126424.4,81723.3,0.0,0.0
482,50.0,3.218,3218.5,83.375,12.8,32.8,0.0,0.0,2888.0,288.8,1000.0,2048.0,300.4,119.07,72.0,100.0,2.18,6.0,4.41,12.6,0.0,67.0,0.6,73.7,503.0,66.7,126424.4,81728.2,0.0,0.0
483,81.2,1.804,1804.5,82.25,16.0,32.8,0.0,0.0,2762.0,276.2,1000.0,2048.0,300.4,120.07,79.0,100.0,2.18,6.0,4.41,16.1,0.0,67.1,7.9,68.4,503.0,66.7,126424.4,81715.2,0.0,0.0
484,75.0,1.784,1783.6,81.375,17.4,32.8,0.0,0.0,2697.0,269.7,1000.0,2048.0,300.4,119.05,80.0,100.0,2.19,5.92,4.42,17.3,0.0,67.0,7.8,52.0,503.0,66.7,126424.4,81713.7,0.0,0.0
485,71.9,3.564,3564.2,81.375,15.7,32.8,0.0,0.1,2803.0,280.3,1000.0,2048.0,300.4,118.07,73.0,100.0,2.19,5.92,4.42,15.8,0.0,67.0,7.8,64.6,503.0,66.7,126424.4,81714.2,0.0,0.0
486,53.1,3.423,3422.9,81.375,13.4,32.8,0.0,0.0,2856.0,285.6,1000.0,2048.0,300.4,120.02,73.0,100.0,2.19,5.92,4.42,13.4,0.0,67.0,0.6,95.0,503.0,66.7,126424.4,81713.7,0.0,0.0
487,56.2,3.511,3511.2,81.875,13.0,32.8,0.0,0.0,2881.0,288.1,1000.0,2048.0,300.4,120.02,73.0,100.0,2.19,5.92,4.42,12.8,0.0,67.0,7.8,76.0,503.0,66.7,126424.4,81711.3,0.0,0.0
488,62.5,3.187,3187.4,82.875,13.2,32.8,0.0,0.0,2888.0,288.8,1000.0,2048.0,300.4,120.01,72.0,100.0,2.19,5.92,4.42,13.4,0.0,67.1,7.8,49.5,503.0,66.7,126424.4,81710.9,0.0,0.0
489,59.4,3.065,3064.8,82.625,13.5,32.8,0.0,0.0,2890.0,289.0,1000.0,2048.0,300.4,120.01,70.0,100.0,2.19,5.53,4.36,13.4,0.0,67.0,7.9,70.0,503.0,66.7,126424.4,81710.2,0.0,0.0
490,56.2,3.398,3398.3,82.375,13.3,32.8,0.0,0.0,2892.0,289.2,1000.0,2048.0,300.4,120.0,71.0,100.0,2.19,5.53,4.36,13.4,0.0,67.0,0.5,69.7,503.0,66.7,126424.4,81714.4,0.0,0.0
491,50.0,3.498,3498.2,83.0,13.8,32.8,0.0,0.5,2893.0,289.3,1000.0,2048.0,300.4,119.1,72.0,100.0,2.19,5.53,4.36,13.9,0.0,67.0,7.9,61.2,503.0,66.7,126424.4,81718.3,0.0,0.0
492,62.5,1.696,1696.4,82.0,18.5,32.8,0.0,0.0,2763.0,276.3,1000.0,2048.0,300.4,120.05,81.0,100.0,2.19,5.53,4.36,18.6,0.0,67.1,7.8,63.6,503.0,66.7,126424.4,81726.5,0.0,0.0
493,81.2,1.777,1777.2,81.125,18.9,32.8,0.0,0.0,2692.0,269.2,1000.0,2048.0,300.4,119.05,79.0,100.0,2.19,5.53,4.36,19.0,0.0,67.0,7.8,67.0,503.0,66.7,126424.4,81730.4,0.0,0.0
494,68.8,3.282,3281.5,80.375,15.9,32.8,0.0,0.0,2809.0,280.9,1000.0,2048.0,300.4,118.06,70.0,100.0,2.18,5.16,4.31,15.7,0.0,67.0,7.8,72.0,503.0,66.7,126424.4,81724.5,0.0,0.0
495,62.5,3.629,3629.3,80.75,14.2,32.8,0.0,0.1,2859.0,285.9,1000.0,2048.0,300.4,120.01,71.0,100.0,2.18,5.16,4.31,14.2,0.0,67.0,0.6,100.0,503.0,66.7,126424.4,81723.1,0.0,0.0
496,59.4,3.242,3242.3,82.125,14.6,32.8,0.0,0.0,2880.0,288.0,1000.0,2048.0,300.4,120.0,71.0,100.0,2.18,5.16,4.31,14.9,0.0,67.0,7.8,68.6,503.0,66.7,126424.4,81723.7,0.0,0.0
497,50.0,3.201,3201.0,83.25,14.0,32.8,0.0,0.0,2886.0,288.6,1000.0,2048.0,300.4,119.08,73.0,100.0,2.18,5.16,4.31,14.0,0.0,67.0,7.8,82.0,503.0,66.7,126424.4,81726.3,0.0,0.0
498,46.9,3.347,3347.3,84.375,13.1,32.8,0.0,0.0,2887.0,288.7,1000.0,2048.0,300.4,119.07,72.0,100.0,2.18,5.16,4.31,13.0,0.0,67.0,0.5,100.0,503.0,66.7,126424.4,81726.5,0.0,0.0
499,62.5,3.617,3616.8,83.25,14.0,32.8,0.0,0.0,2889.0,288.9,1000.0,2048.0,300.4,119.09,73.0,100.0,2.19,5.07,4.3,14.0,0.0,67.0,7.9,100.0,503.0,66.7,126424.4,81723.2,0.0,0.0
500,87.5,1.764,1764.0,81.75,16.8,32.8,0.0,0.0,2766.0,276.6,1000.0,2048.0,300.4,120.09,79.0,100.0,2.19,5.07,4.3,16.8,0.0,67.1,7.8,100.0,503.0,66.7,126424.4,81724.3,0.0,0.0
501,100.0,1.712,1712.3,81.0,19.1,32.8,0.0,0.1,2694.0,269.4,1000.0,2048.0,300.4,119.05,79.0,100.0,2.19,5.07,4.3,19.2,0.0,67.0,0.5,52.0,503.0,66.7,126424.4,81726.2,0.0,0.0
502,93.8,3.072,3072.1,79.875,17.0,32.8,0.0,0.0,2779.0,277.9,1000.0,2048.0,300.4,117.05,74.0,100.0,2.19,5.07,4.3,17.2,0.0,67.0,7.7,84.2,503.0,66.7,126424.4,81724.0,0.0,0.0
503,62.5,3.18,3179.5,80.375,13.0,32.8,0.0,0.0,2847.0,284.7,1000.0,2048.0,300.4,119.08,73.0,100.0,2.19,5.07,4.3,13.1,0.0,66.9,7.7,73.7,503.0,66.7,126424.4,81722.4,0.0,0.0
504,62.5,3.278,3277.6,81.375,12.5,32.8,0.0,0.0,2869.0,286.9,1000.0,2048.0,300.4,119.09,73.0,100.0,2.18,4.74,4.25,12.2,0.0,67.0,0.4,83.2,503.0,66.7,126424.4,81722.1,0.0,0.0
505,56.2,3.519,3518.9,83.125,12.5,32.8,0.0,0.0,2879.0,287.9,1000.0,2048.0,300.4,119.1,73.0,100.0,2.18,4.74,4.25,12.7,0.0,67.0,7.6,63.6,503.0,66.7,126424.4,81722.5,0.0,0.0
506,59.4,3.537,3536.7,84.875,12.4,32.8,0.0,0.0,2885.0,288.5,1000.0,2048.0,300.4,119.07,73.0,100.0,2.18,4.74,4.25,12.2,0.0,66.9,7.6,59.6,503.0,66.7,126424.4,81721.7,0.0,0.0
507,53.1,3.155,3154.6,85.75,12.1,32.8,0.0,0.0,2886.0,288.6,1000.0,2048.0,300.4,119.03,71.0,100.0,2.18,4.74,4.25,12.2,0.0,67.0,7.6,64.6,503.0,66.7,126424.4,81720.6,0.0,0.0
508,46.9,3.304,3303.7,84.875,11.9,32.8,0.0,0.0,2885.0,288.5,1000.0,2048.0,300.4,119.04,72.0,100.0,2.18,4.74,4.25,11.8,0.0,67.0,0.4,70.7,503.0,66.7,126424.4,81719.9,0.0,0.0
509,53.1,3.46,3460.2,85.25,12.3,32.8,0.0,0.0,2884.0,288.4,1000.0,2048.0,300.4,119.09,71.0,100.0,2.18,4.44,4.19,12.1,0.0,67.0,7.6,57.0,503.0,66.7,126424.4,81716.4,0.0,0.0
510,59.4,3.37,3370.4,84.875,12.5,32.8,0.0,0.1,2884.0,288.4,1000.0,2048.0,300.4,119.07,70.0,100.0,2.18,4.44,4.19,12.6,0.0,66.9,7.7,75.8,503.0,66.7,126424.4,81710.1,0.0,0.0
511,53.1,3.432,3431.6,84.375,12.1,32.8,0.0,0.0,2885.0,288.5,1000.0,2048.0,300.4,119.06,72.0,100.0,2.18,4.44,4.19,12.2,0.0,67.0,0.3,98.0,503.0,66.7,126424.4,81713.2,0.0,0.0
512,68.8,3.161,3161.2,86.25,13.7,32.8,0.0,0.0,2888.0,288.8,1000.0,2048.0,300.4,120.0,68.0,100.0,2.18,4.44,4.19,13.6,0.0,67.0,7.7,90.9,503.0,66.7,126424.4,81771.6,0.0,0.0
513,53.1,3.393,3392.8,87.0,16.1,32.8,0.0,0.0,2881.0,288.1,1000.0,2048.0,300.4,120.06,71.0,100.0,2.18,4.44,4.19,16.1,0.0,67.0,0.4,99.0,503.0,66.8,126424.4,81872.2,0.0,0.0
514,65.6,1.732,1731.5,85.625,16.4,32.8,0.0,0.0,2833.0,280.47,1000.0,2048.0,300.4,123.03,78.0,99.0,2.25,5.37,4.39,16.3,0.0,67.1,0.5,94.0,503.0,66.9,126424.4,81956.5,0.0,0.0
515,68.8,1.738,1737.7,83.25,19.0,32.8,0.0,0.0,2715.0,271.5,1000.0,2048.0,300.4,119.09,82.0,100.0,2.25,5.37,4.39,19.2,0.0,67.0,7.8,58.4,503.0,66.8,126424.4,81861.1,0.0,0.0
516,90.6,2.928,2928.4,81.125,21.0,32.8,0.0,0.0,2757.0,275.7,1000.0,2048.0,300.4,116.03,72.0,100.0,2.25,5.37,4.39,20.9,0.0,67.0,0.5,100.0,503.0,66.8,126424.4,81840.9,0.0,0.0
517,65.6,3.56,3560.4,82.875,16.3,32.8,0.0,0.0,2834.0,283.4,1000.0,2048.0,300.4,119.07,71.0,100.0,2.25,5.37,4.39,16.3,0.0,67.0,7.9,91.9,503.0,66.8,126424.4,81896.1,0.0,0.0
518,53.1,3.726,3726.0,83.125,13.9,32.8,0.0,0.0,2859.0,285.9,1000.0,2048.0,300.4,120.05,73.0,100.0,2.25,5.37,4.39,14.0,0.0,67.0,0.5,100.0,503.0,66.8,126424.4,81826.5,0.0,0.0
519,68.8,3.887,3886.9,82.75,17.3,32.8,0.0,0.0,2878.0,287.8,1000.0,2048.0,300.4,120.04,71.0,100.0,2.25,5.1,4.35,17.3,0.0,67.0,0.6,100.0,503.0,66.8,126424.4,81863.5,0.0,0.0
520,59.4,3.438,3437.6,83.25,14.3,32.8,0.0,0.0,2881.0,288.1,1000.0,2048.0,300.4,119.09,70.0,100.0,2.25,5.1,4.35,14.3,0.0,67.0,7.8,71.0,503.0,66.8,126424.4,81823.3,0.0,0.0
521,75.0,3.464,3463.6,83.0,16.6,32.8,0.0,0.0,2888.0,288.8,1000.0,2048.0,300.4,120.04,73.0,100.0,2.25,5.1,4.35,16.4,0.0,67.1,0.7,94.0,503.0,66.8,126424.4,81822.7,0.0,0.0
522,68.8,3.762,3761.7,83.125,14.4,32.8,0.0,0.6,2879.0,287.9,1000.0,2048.0,300.4,120.0,72.0,100.0,2.25,5.1,4.35,14.3,0.0,67.0,7.8,74.0,503.0,66.7,126424.4,81761.1,0.0,0.0
523,78.1,3.801,3800.9,82.875,17.5,32.8,0.0,0.1,2886.0,288.6,1000.0,2048.0,300.4,120.0,69.0,100.0,2.25,5.1,4.35,17.7,0.0,67.0,0.5,100.0,503.0,66.8,126424.4,81824.2,0.0,0.0
524,59.4,3.504,3504.4,81.75,17.0,32.8,0.0,0.0,2892.0,289.2,1000.0,2048.0,300.4,120.03,72.0,100.0,2.29,5.49,4.44,16.9,0.0,67.0,0.5,100.0,503.0,66.8,126424.4,81886.9,0.0,0.0
525,75.0,4.072,4071.9,81.0,17.1,32.8,0.0,0.0,2889.0,288.9,1000.0,2048.0,300.4,120.02,72.0,100.0,2.29,5.49,4.44,17.2,0.0,67.0,0.7,99.0,503.0,66.8,126424.4,81913.7,0.0,0.0
526,68.8,3.978,3977.9,82.375,14.2,32.8,0.0,0.0,2884.0,288.4,1000.0,2048.0,300.4,119.05,70.0,100.0,2.29,5.49,4.44,14.2,0.0,67.0,7.8,82.0,503.0,66.8,126424.4,81914.4,0.0,0.0
527,65.6,3.815,3814.7,84.0,17.7,32.8,0.0,0.0,2890.0,289.0,1000.0,2048.0,300.4,120.02,72.0,100.0,2.29,5.49,4.44,17.6,0.0,67.0,0.5,100.0,503.0,66.8,126424.4,81845.0,0.0,0.0
528,90.6,1.721,1720.9,82.625,20.6,32.8,0.0,0.0,2748.0,274.8,1000.0,2048.0,300.4,120.06,79.0,100.0,2.29,5.49,4.44,20.6,0.0,67.1,0.6,100.0,503.0,66.9,126424.4,81935.9,0.0,0.0
529,75.0,1.716,1716.2,81.875,21.3,32.8,0.0,0.0,2682.0,268.2,1000.0,2048.0,300.4,119.07,82.0,100.0,2.34,6.01,4.57,21.5,0.0,67.0,0.5,100.0,503.0,66.9,126424.4,81937.8,0.0,0.0
530,78.1,3.294,3294.4,81.375,17.8,32.8,0.0,0.0,2770.0,277.0,1000.0,2048.0,300.4,117.09,74.0,100.0,2.34,6.01,4.57,17.7,0.0,67.0,7.9,100.0,503.0,66.9,126424.4,81923.8,0.0,0.0
531,43.8,3.695,3695.2,83.375,16.1,32.8,0.0,0.0,2844.0,284.4,1000.0,2048.0,300.4,120.06,72.0,100.0,2.34,6.01,4.57,15.9,0.0,67.0,0.5,100.0,503.0,66.8,126424.4,81890.9,0.0,0.0
532,62.5,3.626,3625.8,83.875,15.5,32.8,0.0,0.1,2869.0,286.9,1000.0,2048.0,300.4,120.0,71.0,100.0,2.34,6.01,4.57,15.6,0.0,67.0,7.9,100.0,503.0,66.8,126424.4,81906.2,0.0,0.0
533,56.2,3.382,3381.8,84.0,14.5,32.8,0.0,0.0,2879.0,287.9,1000.0,2048.0,300.4,120.05,73.0,100.0,2.34,6.01,4.57,14.4,0.0,67.1,0.6,100.0,503.0,66.8,126424.4,81844.3,0.0,0.0
534,62.5,3.528,3528.0,84.0,16.5,32.8,0.0,0.0,2884.0,288.4,1000.0,2048.0,300.4,120.04,72.0,100.0,2.36,6.01,4.59,16.5,0.0,67.0,0.5,100.0,503.0,66.8,126424.4,81864.8,0.0,0.0
535,56.2,3.177,3176.8,83.625,16.5,32.8,0.0,0.0,2889.0,288.9,1000.0,2048.0,300.4,120.01,71.0,100.0,2.36,6.01,4.59,16.4,0.0,67.0,0.5,100.0,503.0,66.9,126424.4,81939.7,0.0,0.0
536,68.8,1.768,1767.6,83.0,17.0,32.8,0.0,0.0,2790.0,279.0,1000.0,2048.0,300.4,121.08,80.0,100.0,2.36,6.01,4.59,16.9,0.0,67.0,7.9,100.0,503.0,66.9,126424.4,81958.5,0.0,0.0
537,87.5,1.784,1784.1,82.0,18.7,32.8,0.0,0.0,2695.0,269.5,1000.0,2048.0,300.4,119.07,80.0,100.0,2.36,6.01,4.59,18.8,0.0,67.0,0.6,100.0,503.0,66.8,126424.4,81825.3,0.0,0.0
538,90.6,3.502,3502.0,81.5,19.6,32.8,0.0,0.0,2778.0,277.8,1000.0,2048.0,300.4,117.08,74.0,100.0,2.36,6.01,4.59,19.7,0.0,67.1,0.6,99.0,503.0,66.8,126424.4,81875.9,0.0,0.0
539,59.4,3.292,3292.4,84.375,13.4,32.8,0.0,0.0,2834.0,283.4,1000.0,2048.0,300.4,119.07,72.0,100.0,2.39,6.09,4.63,13.1,0.0,67.0,7.8,77.2,503.0,66.8,126424.4,81872.6,0.0,0.0
540,71.9,3.36,3360.5,86.25,16.1,32.8,0.7,0.0,2869.0,286.9,1000.0,2048.0,300.4,120.05,72.0,100.0,2.39,6.09,4.63,16.2,0.0,67.0,0.6,95.0,504.0,66.8,126424.4,81836.4,0.0,0.0
541,65.6,2.963,2962.9,84.75,16.2,32.8,0.0,0.0,2882.0,288.2,1000.0,2048.0,300.4,120.02,70.0,100.0,2.39,6.09,4.63,16.3,0.0,67.0,0.5,100.0,504.0,66.9,126424.4,81948.6,0.0,0.0
542,62.5,2.958,2957.9,83.5,15.7,32.8,0.0,0.0,2888.0,288.8,1000.0,2048.0,300.4,120.02,74.0,100.0,2.39,6.09,4.63,15.5,0.0,67.0,7.9,99.0,504.0,66.9,126424.4,81975.4,0.0,0.0
543,53.1,2.994,2993.7,83.875,13.0,32.8,0.0,0.0,2885.0,288.5,1000.0,2048.0,300.4,120.02,73.0,100.0,2.39,6.09,4.63,13.1,0.0,67.0,0.5,100.0,504.0,66.8,126424.4,81845.4,0.0,0.0
544,59.4,3.256,3256.2,84.125,15.0,32.8,0.0,0.0,2885.0,288.5,1000.0,2048.0,300.4,119.1,72.0,100.0,2.4,6.0,4.64,14.9,0.0,67.0,7.8,79.0,504.0,66.8,126424.4,81883.5,0.0,0.0
545,62.5,3.496,3496.1,86.375,14.4,32.8,0.0,1.1,2884.0,288.4,1000.0,2048.0,300.4,120.01,71.0,100.0,2.4,6.0,4.64,14.3,0.0,67.0,0.6,89.0,504.0,66.8,126424.4,81841.8,0.0,0.0
546,65.6,3.079,3079.4,86.375,16.7,32.8,0.0,0.0,2885.0,288.5,1000.0,2048.0,300.4,120.03,73.0,100.0,2.4,6.0,4.64,16.6,0.0,67.1,0.5,70.0,504.0,66.8,126424.4,81897.6,0.0,0.0
547,50.0,3.137,3137.3,85.125,16.3,32.8,0.0,0.0,2886.0,288.6,1000.0,2048.0,300.4,120.02,72.0,100.0,2.4,6.0,4.64,16.3,0.0,67.0,0.5,100.0,504.0,66.9,126424.4,81965.8,0.0,0.0
548,65.6,3.332,3332.4,85.75,16.0,32.8,0.0,0.0,2888.0,288.8,1000.0,2048.0,300.4,119.09,74.0,100.0,2.4,6.0,4.64,16.2,0.0,67.0,7.9,62.0,504.0,66.9,126424.4,81971.9,0.0,0.0
549,56.2,1.958,1958.0,85.875,14.3,32.8,0.0,0.0,2877.0,287.7,1000.0,2048.0,300.4,122.07,83.0,100.0,2.43,6.08,4.68,14.1,0.0,67.0,0.6,71.0,504.0,66.8,126424.4,81838.6,0.0,0.0
550,75.0,1.747,1747.1,84.0,20.2,32.8,0.0,0.0,2728.0,272.8,1000.0,2048.0,300.4,119.09,81.0,100.0,2.43,6.08,4.68,20.3,0.0,67.0,7.8,100.0,504.0,66.8,126424.4,81866.2,0.0,0.0
551,81.2,1.734,1733.7,82.75,17.6,32.8,0.0,0.0,2718.0,271.8,1000.0,2048.0,300.4,117.04,73.0,100.0,2.43,6.08,4.68,17.6,0.0,67.0,0.6,100.0,504.0,66.8,126424.4,81837.2,0.0,0.0
552,68.8,3.141,3141.2,82.125,16.2,32.8,0.0,0.7,2825.0,282.5,1000.0,2048.0,300.4,119.04,73.0,100.0,2.43,6.08,4.68,16.2,0.0,67.1,7.8,100.0,504.0,66.8,126424.4,81836.1,0.0,0.0
553,68.8,3.156,3156.0,83.125,14.7,32.8,0.0,0.0,2866.0,286.6,1000.0,2048.0,300.4,120.05,74.0,100.0,2.43,6.08,4.68,14.6,0.0,67.0,0.5,62.6,504.0,66.8,126424.4,81835.0,0.0,0.0
554,75.0,1.762,1762.4,83.0,18.7,32.8,0.0,0.0,2786.0,278.6,1000.0,2048.0,300.4,122.01,81.0,100.0,2.44,6.0,4.68,18.6,0.0,67.0,7.9,100.0,504.0,66.8,126424.4,81880.4,0.0,0.0
555,75.0,1.781,1781.0,82.375,18.8,32.8,0.0,0.0,2696.0,269.6,1000.0,2048.0,300.4,119.08,81.0,100.0,2.44,6.0,4.68,18.9,0.0,67.0,0.5,100.0,504.0,66.7,126424.4,81771.8,0.0,0.0
556,84.4,3.054,3054.1,81.25,20.4,32.8,0.0,0.0,2775.0,277.5,1000.0,2048.0,300.4,117.08,74.0,100.0,2.44,6.0,4.68,20.3,0.0,67.0,0.6,80.0,504.0,66.8,126424.4,81841.3,0.0,0.0
557,59.4,3.141,3141.4,84.375,14.6,32.8,0.0,0.0,2844.0,284.4,1000.0,2048.0,300.4,119.09,73.0,100.0,2.44,6.0,4.68,14.7,0.0,67.0,7.8,59.6,504.0,66.8,126424.4,81844.5,0.0,0.0
558,50.0,3.301,3301.4,85.5,15.0,32.8,0.0,0.0,2870.0,287.0,1000.0,2048.0,300.4,120.04,73.0,100.0,2.44,6.0,4.68,15.0,0.0,67.0,0.6,81.8,504.0,66.8,126424.4,81822.7,0.0,0.0
559,56.2,3.32,3319.8,86.0,13.7,32.8,0.0,0.0,2882.0,288.2,1000.0,2048.0,300.4,120.03,74.0,100.0,2.45,5.84,4.67,13.7,0.0,67.1,7.8,52.0,504.0,66.8,126424.4,81843.3,0.0,0.0
560,59.4,3.444,3444.5,87.0,13.5,32.8,0.0,0.0,2881.0,288.1,1000.0,2048.0,300.4,120.03,73.0,100.0,2.45,5.84,4.67,13.4,0.0,67.0,7.8,51.0,504.0,66.8,126424.4,81809.5,0.0,0.0
561,68.8,2.868,2867.5,86.625,14.9,32.8,0.0,0.0,2886.0,288.6,1000.0,2048.0,300.4,120.0,71.0,100.0,2.45,5.84,4.67,15.0,0.0,67.0,0.6,83.0,504.0,66.8,126424.4,81877.0,0.0,0.0
562,65.6,3.27,3270.3,85.25,13.7,32.8,0.0,0.0,2884.0,288.4,1000.0,2048.0,300.4,119.09,75.0,100.0,2.45,5.84,4.67,13.6,0.0,67.0,7.8,51.5,504.0,66.8,126424.4,81872.1,0.0,0.0
563,50.0,3.258,3257.9,85.125,14.9,32.8,0.0,0.0,2884.0,288.4,1000.0,2048.0,300.4,120.01,73.0,100.0,2.45,5.84,4.67,14.9,0.0,67.0,7.8,98.0,504.0,66.8,126424.4,81854.5,0.0,0.0
564,62.5,3.114,3114.0,85.75,14.4,32.8,0.0,0.0,2882.0,288.2,1000.0,2048.0,300.4,119.07,75.0,100.0,2.47,5.85,4.69,14.5,0.0,67.0,2.6,52.5,504.0,66.8,126424.4,81835.4,0.0,0.0
565,59.4,3.428,3428.5,86.875,13.6,32.8,0.0,0.0,2876.0,287.6,1000.0,2048.0,300.4,119.09,73.0,100.0,2.47,5.85,4.69,13.6,0.0,67.0,5.8,48.5,504.0,66.8,126424.4,81825.9,0.0,0.0
566,68.8,1.81,1810.1,85.875,14.1,32.8,0.0,0.0,2789.0,273.32,1000.0,2048.0,300.4,122.08,82.0,98.0,2.47,5.85,4.69,14.1,0.0,67.1,7.8,65.7,504.0,66.8,126424.4,81818.7,0.0,0.0
567,90.6,1.784,1783.5,84.125,17.6,32.8,0.0,0.1,2692.0,266.51,1000.0,2048.0,300.4,120.0,83.0,99.0,2.47,5.85,4.69,17.6,0.0,67.0,7.8,59.0,504.0,66.8,126424.4,81810.7,0.0,0.0
568,96.9,1.827,1826.9,82.875,17.4,32.8,0.0,0.0,2706.0,270.6,1000.0,2048.0,300.4,117.02,76.0,100.0,2.47,5.85,4.69,17.5,0.0,67.0,0.6,97.0,504.0,66.8,126424.4,81806.2,0.0,0.0
569,65.6,3.306,3306.0,83.125,13.7,32.8,0.0,0.0,2813.0,281.3,1000.0,2048.0,300.4,119.07,74.0,100.0,2.5,6.02,4.75,13.5,0.0,67.0,7.8,100.0,504.0,66.8,126424.4,81800.4,0.0,0.0
570,65.6,3.291,3291.1,85.125,13.8,32.8,0.0,0.0,2853.0,285.3,1000.0,2048.0,300.4,119.1,73.0,100.0,2.5,6.02,4.75,13.6,0.0,67.0,7.8,100.0,504.0,66.7,126424.4,81791.6,0.0,0.0
571,53.1,3.149,3149.4,85.75,13.7,32.8,0.0,0.0,2869.0,286.9,1000.0,2048.0,300.4,120.0,74.0,100.0,2.5,6.02,4.75,13.8,0.0,67.0,1.7,100.0,504.0,66.7,126424.4,81719.0,0.0,0.0
572,56.2,3.593,3593.3,85.875,14.2,32.8,0.0,0.1,2879.0,287.9,1000.0,2048.0,300.4,120.0,74.0,100.0,2.5,6.02,4.75,14.1,0.0,67.0,7.0,100.0,504.0,66.7,126424.4,81711.0,0.0,0.0
573,46.9,3.123,3123.3,86.125,13.1,32.8,0.0,0.0,2882.0,288.2,1000.0,2048.0,300.4,119.08,72.0,100.0,2.5,6.02,4.75,13.1,0.0,67.0,7.5,100.0,504.0,66.7,126424.4,81708.4,0.0,0.0
574,40.6,3.46,3460.3,86.0,12.8,32.8,0.0,0.0,2880.0,288.0,1000.0,2048.0,300.4,119.06,74.0,100.0,2.54,6.34,4.84,12.6,0.0,67.0,7.8,99.0,504.0,66.7,126424.4,81705.9,0.0,0.0
575,53.1,3.47,3470.4,85.625,13.0,32.8,0.0,0.0,2878.0,287.8,1000.0,2048.0,300.4,119.09,74.0,100.0,2.54,6.34,4.84,13.1,0.0,67.0,2.6,100.0,504.0,66.7,126424.4,81713.3,0.0,0.0
576,62.5,3.288,3287.7,86.375,13.2,32.8,0.0,0.0,2874.0,287.4,1000.0,2048.0,300.4,119.07,74.0,100.0,2.54,6.34,4.84,13.1,0.0,67.0,5.7,75.8,504.0,66.7,126424.4,81707.8,0.0,0.0
577,53.1,1.907,1907.3,86.625,13.6,32.8,0.0,0.0,2869.0,286.9,1000.0,2048.0,300.4,122.04,83.0,100.0,2.54,6.34,4.84,13.7,0.0,67.1,7.8,100.0,504.0,66.7,126424.4,81702.5,0.0,0.0
578,87.5,1.705,1705.0,84.5,18.1,32.8,0.0,0.0,2727.0,272.7,1000.0,2048.0,300.4,120.02,82.0,100.0,2.54,6.34,4.84,18.1,0.0,67.0,7.8,100.0,504.0,66.7,126424.4,81695.2,0.0,0.0
579,90.6,1.714,1714.3,83.125,18.6,32.8,0.0,0.0,2720.0,272.0,1000.0,2048.0,300.4,117.05,74.0,100.0,2.59,6.79,4.95,18.6,0.0,67.0,0.6,100.0,504.0,66.7,126424.4,81696.4,0.0,0.0
580,68.8,3.46,3460.2,83.25,14.7,32.8,0.0,0.0,2822.0,282.2,1000.0,2048.0,300.4,119.05,72.0,100.0,2.59,6.79,4.95,14.6,0.0,67.0,7.8,100.0,504.0,66.7,126424.4,81697.7,0.0,0.0
581,56.2,3.381,3381.1,83.625,13.3,32.8,0.0,0.0,2862.0,286.2,1000.0,2048.0,300.4,120.03,73.0,100.0,2.59,6.79,4.95,13.3,0.0,67.0,7.8,80.0,504.0,66.7,126424.4,81697.7,0.0,0.0
582,65.6,3.683,3682.7,83.375,13.9,32.8,0.0,0.7,2870.0,287.0,1000.0,2048.0,300.4,119.09,74.0,100.0,2.59,6.79,4.95,13.9,0.0,67.0,4.1,100.0,504.0,66.7,126424.4,81703.4,0.0,0.0
583,53.1,1.73,1730.1,83.875,14.0,32.8,0.0,0.0,2852.0,282.35,1000.0,2048.0,300.4,124.03,83.0,99.0,2.59,6.79,4.95,14.0,0.0,67.0,4.3,100.0,504.0,66.7,126424.4,81696.5,0.0,0.0
584,68.8,1.747,1747.2,82.75,17.7,32.8,0.0,0.0,2717.0,271.7,1000.0,2048.0,300.4,119.09,80.0,100.0,2.63,6.97,5.02,17.6,0.0,67.0,7.8,100.0,504.0,66.7,126424.4,81694.3,0.0,0.0
585,93.8,1.984,1984.0,81.625,17.7,32.8,0.0,0.0,2741.0,274.1,1000.0,2048.0,300.4,115.09,75.0,100.0,2.63,6.97,5.02,17.6,0.0,67.0,7.8,100.0,504.0,66.7,126424.4,81692.7,0.0,0.0
586,71.9,3.353,3353.3,82.125,13.2,32.8,0.0,0.0,2831.0,283.1,1000.0,2048.0,300.4,119.08,73.0,100.0,2.63,6.97,5.02,13.2,0.0,67.0,1.7,100.0,504.0,66.7,126424.4,81696.0,0.0,0.0
587,50.0,3.252,3252.2,82.375,13.0,32.8,0.0,0.1,2868.0,286.8,1000.0,2048.0,300.4,120.02,73.0,100.0,2.63,6.97,5.02,12.9,0.0,67.0,6.6,99.0,504.0,66.7,126424.4,81690.8,0.0,0.0
588,50.0,3.354,3353.9,83.5,13.0,32.8,0.0,0.0,2879.0,287.9,1000.0,2048.0,300.4,119.08,71.0,100.0,2.63,6.97,5.02,13.0,0.0,67.0,7.9,100.0,504.0,66.7,126424.4,81691.6,0.0,0.0
589,53.1,3.272,3272.1,83.5,12.8,32.8,0.0,0.0,2884.0,288.4,1000.0,2048.0,300.4,120.01,73.0,100.0,2.62,6.49,4.96,12.9,0.0,67.0,2.8,55.0,504.0,66.7,126424.4,81696.4,0.0,0.0
590,46.9,3.67,3670.2,82.875,12.6,32.8,0.0,0.0,2885.0,288.5,1000.0,2048.0,300.4,120.0,72.0,100.0,2.62,6.49,4.96,12.5,0.0,67.0,5.5,100.0,504.0,66.7,126424.4,81689.5,0.0,0.0
591,53.1,3.567,3566.9,82.875,13.5,32.8,0.0,0.0,2886.0,288.6,1000.0,2048.0,300.4,119.07,75.0,100.0,2.62,6.49,4.96,13.4,0.0,67.0,7.8,52.5,504.0,66.7,126424.4,81695.0,0.0,0.0
592,50.0,3.458,3458.3,82.0,13.1,32.8,0.0,0.0,2886.0,288.6,1000.0,2048.0,300.4,119.08,73.0,100.0,2.62,6.49,4.96,13.1,0.0,67.0,4.0,83.2,504.0,66.7,126424.4,81700.3,0.0,0.0
593,68.8,1.716,1715.7,81.75,15.8,32.8,0.0,0.0,2792.0,279.2,1000.0,2048.0,300.4,121.08,79.0,100.0,2.62,6.49,4.96,15.8,0.0,67.1,4.4,100.0,504.0,66.7,126424.4,81694.4,0.0,0.0
594,78.1,1.74,1740.4,81.5,17.1,32.8,0.0,0.0,2695.0,269.5,1000.0,2048.0,300.4,119.07,81.0,100.0,2.61,6.13,4.91,17.3,0.0,67.0,7.7,100.0,504.0,66.7,126424.4,81695.3,0.0,0.0
595,71.9,3.453,3452.9,80.875,16.0,32.8,0.0,0.0,2777.0,277.7,1000.0,2048.0,300.4,117.03,75.0,100.0,2.61,6.13,4.91,16.0,0.0,66.9,7.9,53.0,504.0,66.7,126424.4,81695.3,0.0,0.0
596,53.1,3.414,3414.4,83.25,12.9,32.8,0.0,0.0,2841.0,284.1,1000.0,2048.0,300.4,119.09,75.0,100.0,2.61,6.13,4.91,12.9,0.0,67.1,7.8,73.5,504.0,66.7,126424.4,81694.7,0.0,0.0
597,65.6,3.695,3695.3,83.75,12.6,32.8,0.0,0.0,2863.0,286.3,1000.0,2048.0,300.4,120.03,72.0,100.0,2.61,6.13,4.91,12.6,0.0,67.0,4.3,71.3,504.0,66.7,126424.4,81700.6,0.0,0.0
598,56.2,3.565,3564.7,83.875,12.8,32.8,0.0,0.0,2875.0,287.5,1000.0,2048.0,300.4,119.1,73.0,100.0,2.61,6.13,4.91,12.7,0.0,67.0,4.1,80.0,504.0,66.7,126424.4,81695.1,0.0,0.0
599,59.4,3.495,3495.1,84.5,13.0,32.8,0.0,0.0,2880.0,288.0,1000.0,2048.0,300.4,119.1,72.0,100.0,2.6,5.72,4.84,13.1,0.0,67.0,7.7,59.0,504.0,66.7,126424.4,81695.0,0.0,0.0
600,59.4,3.092,3092.5,84.75,13.6,32.8,0.0,0.0,2865.0,286.5,1000.0,2048.0,300.4,120.1,80.0,100.0,2.6,5.72,4.84,13.6,0.0,67.0,3.9,52.0,504.0,66.7,126424.4,81701.3,0.0,0.0
601,90.6,1.693,1693.0,83.25,18.4,32.8,0.0,0.0,2734.0,273.4,1000.0,2048.0,300.4,120.01,81.0,100.0,2.6,5.72,4.84,18.5,0.0,67.0,4.5,62.4,504.0,66.7,126424.4,81714.4,0.0,0.0
602,71.9,1.71,1709.8,82.375,16.8,32.8,0.0,0.0,2710.0,271.0,1000.0,2048.0,300.4,118.03,78.0,100.0,2.6,5.72,4.84,16.8,0.0,67.0,7.6,61.0,504.0,66.7,126424.4,81710.0,0.0,0.0
603,53.1,3.777,3777.4,82.5,13.5,32.8,0.0,0.1,2816.0,281.6,1000.0,2048.0,300.4,118.09,74.0,100.0,2.6,5.72,4.84,13.3,0.0,67.0,7.7,52.0,504.0,66.7,126424.4,81711.8,0.0,0.0
604,50.0,4.002,4001.6,83.625,12.4,32.8,0.0,0.0,2855.0,285.5,1000.0,2048.0,300.4,119.08,73.0,100.0,2.6,5.34,4.78,12.5,0.0,66.9,7.6,100.0,504.0,66.7,126424.4,81710.7,0.0,0.0
605,53.1,3.857,3857.2,84.75,12.5,32.8,0.0,0.0,2870.0,287.0,1000.0,2048.0,300.4,119.07,73.0,100.0,2.6,5.34,4.78,12.4,0.0,67.0,7.6,94.1,504.0,66.7,126424.4,81706.9,0.0,0.0
606,43.8,3.58,3580.5,85.75,12.7,32.8,0.0,0.0,2878.0,287.8,1000.0,2048.0,300.4,119.08,74.0,100.0,2.6,5.34,4.78,12.6,0.0,67.0,4.0,86.0,504.0,66.7,126424.4,81711.2,0.0,0.0
607,50.0,3.476,3476.1,86.5,12.9,32.8,0.0,0.0,2881.0,288.1,1000.0,2048.0,300.4,119.03,70.0,100.0,2.6,5.34,4.78,13.2,0.0,67.0,4.0,53.5,504.0,66.7,126424.4,81702.1,0.0,0.0
608,50.0,3.409,3409.0,86.75,10.2,32.8,0.0,0.0,1845.0,99.63,1000.0,2048.0,300.4,83.06,53.0,54.0,2.6,5.34,4.78,10.2,0.0,66.9,7.7,53.0,504.0,66.7,126424.4,81712.7,0.0,0.0
609,43.8,3.377,3377.2,87.5,8.9,32.8,0.0,0.0,1054.0,21.08,1000.0,2048.0,300.4,56.03,53.0,20.0,2.58,4.92,4.7,8.8,0.0,67.0,3.4,42.0,504.0,66.7,126424.4,81719.0,0.0,0.0
610,46.9,3.379,3378.6,87.75,8.7,32.8,0.0,0.0,770.0,5.39,1000.0,2048.0,300.4,46.05,52.0,7.0,2.58,4.92,4.7,8.7,0.0,67.0,4.6,41.0,504.0,66.7,126424.4,81711.8,0.0,0.0
611,53.1,3.848,3847.6,87.125,9.4,32.8,0.0,0.0,834.0,10.01,1000.0,2048.0,300.4,52.0,68.0,12.0,2.58,4.92,4.7,9.4,0.0,67.0,7.6,40.0,504.0,66.7,126424.4,81734.8,0.0,0.0
612,56.2,3.882,3881.9,87.0,13.6,32.8,0.0,0.0,1871.0,125.36,1000.0,2048.0,300.4,106.03,76.0,67.0,2.58,4.92,4.7,13.5,0.0,67.0,7.9,71.0,504.0,66.8,126424.4,81799.4,0.0,0.0
613,46.9,3.99,3990.1,86.375,12.7,32.8,0.0,0.8,2272.0,199.94,1000.0,2048.0,300.4,127.04,79.0,88.0,2.58,4.92,4.7,12.8,0.0,67.1,1.8,69.0,504.0,66.8,126424.4,81798.8,0.0,0.0
614,59.4,4.011,4010.9,88.0,13.4,32.8,0.0,0.0,2607.0,250.27,1000.0,2048.0,300.4,127.09,71.0,96.0,2.57,4.6,4.64,13.4,0.0,67.1,6.8,62.6,504.0,66.7,126424.4,81785.4,0.0,0.0
615,50.0,3.717,3717.3,89.25,13.8,32.8,0.0,0.0,2759.0,270.38,1000.0,2048.0,300.4,125.02,72.0,98.0,2.57,4.6,4.64,13.6,0.0,67.0,7.9,53.5,504.0,66.7,126424.4,81774.6,0.0,0.0
616,62.5,3.984,3984.3,90.75,14.1,32.8,0.0,0.0,2821.0,279.28,1000.0,2048.0,300.4,125.03,75.0,99.0,2.57,4.6,4.64,14.2,0.0,67.1,4.0,58.0,504.0,66.7,126424.4,81775.0,0.0,0.0
617,56.2,4.053,4053.0,91.25,14.0,32.8,0.0,0.0,2847.0,284.7,1000.0,2048.0,300.4,124.08,74.0,100.0,2.57,4.6,4.64,14.0,0.0,67.0,4.6,52.5,504.0,66.7,126424.4,81763.8,0.0,0.0
618,68.8,4.387,4387.1,91.125,13.9,32.8,0.0,0.0,2840.0,284.0,1000.0,2048.0,300.4,126.04,74.0,100.0,2.57,4.6,4.64,13.9,0.0,67.1,7.9,52.5,504.0,66.7,126424.4,81759.7,0.0,0.0
619,53.1,4.266,4266.2,91.125,12.7,32.8,0.0,0.0,2837.0,283.7,1000.0,2048.0,300.4,126.08,71.0,100.0,2.56,4.31,4.58,12.6,0.0,67.0,5.0,52.5,504.0,66.7,126424.4,81751.5,0.0,0.0
620,68.8,3.968,3968.1,90.625,12.5,32.8,0.0,0.0,2850.0,285.0,1000.0,2048.0,300.4,124.1,74.0,100.0,2.56,4.31,4.58,12.5,0.0,67.1,3.5,52.0,504.0,66.7,126424.4,81727.9,0.0,0.0
621,62.5,4.287,4287.0,89.625,13.0,32.8,0.0,0.0,2865.0,286.5,1000.0,2048.0,300.4,122.09,72.0,100.0,2.56,4.31,4.58,13.2,0.0,67.1,7.9,52.0,505.0,66.7,126424.4,81721.2,0.0,0.0
622,62.5,4.096,4096.4,88.875,13.1,32.8,0.0,0.0,2867.0,286.7,1000.0,2048.0,300.4,121.0,72.0,100.0,2.56,4.31,4.58,12.9,0.0,67.0,7.9,52.0,505.0,66.7,126424.4,81716.9,0.0,0.0
623,62.5,4.17,4169.8,87.5,13.2,32.8,0.0,0.0,2872.0,287.2,1000.0,2048.0,300.4,119.08,72.0,100.0,2.56,4.31,4.58,13.1,0.0,67.1,3.6,55.0,505.0,66.7,126424.4,81719.5,0.0,0.0
624,68.8,4.191,4191.4,86.625,13.4,32.8,0.0,0.1,2871.0,287.1,1000.0,2048.0,300.4,119.09,72.0,100.0,2.56,4.05,4.52,13.5,0.0,67.0,5.0,53.5,505.0,66.7,126424.4,81712.4,0.0,0.0
625,56.2,3.891,3891.3,85.875,13.8,32.8,0.0,0.0,2877.0,287.7,1000.0,2048.0,300.4,120.01,71.0,100.0,2.56,4.05,4.52,13.7,0.0,67.1,7.8,100.0,505.0,66.7,126424.4,81707.4,0.0,0.0
626,62.5,1.697,1696.6,85.5,14.9,32.8,0.0,0.0,2864.0,283.54,1000.0,2048.0,300.4,123.09,83.0,99.0,2.56,4.05,4.52,15.1,0.0,67.1,0.7,100.0,505.0,66.7,126424.4,81705.1,0.0,0.0
627,62.5,1.681,1681.3,83.625,18.9,32.8,0.0,0.0,2728.0,272.8,1000.0,2048.0,300.4,120.0,81.0,100.0,2.56,4.05,4.52,18.7,0.0,67.0,7.8,100.0,505.0,66.7,126424.4,81703.5,0.0,0.0
628,84.4,2.42,2419.6,81.875,18.2,32.8,0.0,0.0,2754.0,275.4,1000.0,2048.0,300.4,115.09,75.0,100.0,2.56,4.05,4.52,18.3,0.0,67.0,7.9,96.0,505.0,66.7,126424.4,81702.2,0.0,0.0
629,62.5,4.072,4072.1,83.25,13.2,32.8,0.0,0.0,2830.0,283.0,1000.0,2048.0,300.4,119.05,72.0,100.0,2.56,3.96,4.49,13.2,0.0,67.0,3.4,58.6,505.0,66.7,126424.4,81706.8,0.0,0.0
630,59.4,3.724,3724.2,83.875,13.4,32.8,0.0,0.0,2866.0,286.6,1000.0,2048.0,300.4,120.02,70.0,100.0,2.56,3.96,4.49,13.4,0.0,67.1,5.2,59.6,505.0,66.7,126424.4,81697.4,0.0,0.0
631,56.2,3.845,3845.1,83.875,13.5,32.8,0.0,0.0,2875.0,287.5,1000.0,2048.0,300.4,120.03,72.0,100.0,2.56,3.96,4.49,13.4,0.0,67.0,7.8,66.7,505.0,66.7,126424.4,81708.5,0.0,0.0
632,84.4,1.681,1681.1,82.625,17.6,32.8,0.0,0.0,2759.0,275.9,1000.0,2048.0,300.4,121.01,79.0,100.0,2.56,3.96,4.49,17.7,0.0,67.1,7.9,51.5,505.0,66.7,126424.4,81710.3,0.0,0.0
633,87.5,1.691,1691.2,81.875,18.5,32.8,0.0,0.0,2695.0,269.5,1000.0,2048.0,300.4,119.07,80.0,100.0,2.56,3.96,4.49,18.7,0.0,67.1,0.7,82.0,505.0,66.7,126424.4,81714.7,0.0,0.0
634,78.1,4.105,4105.1,80.875,16.2,32.8,0.0,0.1,2795.0,279.5,1000.0,2048.0,300.4,118.07,73.0,100.0,2.55,3.81,4.45,16.1,0.0,67.0,7.9,66.7,505.0,66.7,126424.4,81713.5,0.0,0.0
635,62.5,4.447,4446.8,81.25,13.9,32.8,0.0,0.0,2846.0,284.6,1000.0,2048.0,300.4,120.03,73.0,100.0,2.55,3.81,4.45,13.8,0.0,67.1,7.8,59.4,505.0,66.7,126424.4,81708.2,0.0,0.0
636,62.5,4.715,4714.8,80.75,13.1,32.8,0.0,0.0,2867.0,286.7,1000.0,2048.0,300.4,120.03,72.0,100.0,2.55,3.81,4.45,13.2,0.0,67.0,3.3,83.0,505.0,66.7,126424.4,81715.5,0.0,0.0
637,59.4,4.315,4315.3,83.0,13.0,32.8,0.0,0.0,2862.0,286.2,1000.0,2048.0,300.4,120.0,72.0,100.0,2.55,3.81,4.45,13.0,0.0,67.1,7.3,68.4,505.0,66.7,126424.4,81716.4,0.0,0.0
638,90.6,1.686,1685.8,82.125,17.3,32.8,0.0,0.0,2739.0,273.9,1000.0,2048.0,300.4,120.04,80.0,100.0,2.55,3.81,4.45,17.2,0.0,67.0,5.9,81.0,505.0,66.7,126424.4,81716.1,0.0,0.0
639,78.1,1.684,1683.7,81.625,17.4,32.8,0.0,0.0,2690.0,269.0,1000.0,2048.0,300.4,119.01,75.0,100.0,2.56,3.74,4.42,17.5,0.0,67.1,7.8,71.4,505.0,66.7,126424.4,81716.8,0.0,0.0
640,62.5,4.22,4220.4,82.375,14.6,32.8,0.0,0.0,2801.0,280.1,1000.0,2048.0,300.4,119.01,73.0,100.0,2.56,3.74,4.42,14.6,0.0,67.0,7.9,71.0,505.0,66.7,126424.4,81722.6,0.0,0.0
641,46.9,4.312,4311.9,84.875,13.4,32.8,0.0,0.0,2847.0,284.7,1000.0,2048.0,300.4,120.02,73.0,100.0,2.56,3.74,4.42,13.2,0.0,67.1,7.9,72.0,505.0,66.7,126424.4,81725.6,0.0,0.0
642,59.4,4.356,4355.7,85.875,13.2,32.8,0.0,0.0,2874.0,287.4,1000.0,2048.0,300.4,120.05,73.0,100.0,2.56,3.74,4.42,13.3,0.0,67.0,2.9,69.7,505.0,66.7,126424.4,81723.7,0.0,0.0
643,71.9,4.315,4315.4,86.375,13.9,32.8,0.0,0.8,2882.0,288.2,1000.0,2048.0,300.4,120.02,71.0,100.0,2.56,3.74,4.42,13.9,0.0,67.0,7.7,53.0,505.0,66.7,126424.4,81722.5,0.0,0.0
644,62.5,4.22,4219.7,86.75,13.6,32.8,0.0,0.0,2885.0,288.5,1000.0,2048.0,300.4,120.01,71.0,100.0,2.55,3.6,4.38,13.4,0.0,67.0,5.7,60.0,505.0,66.7,126424.4,81718.1,0.0,0.0
645,81.2,1.702,1701.9,84.75,14.8,32.8,0.0,0.0,2801.0,280.1,1000.0,2048.0,300.4,121.1,79.0,100.0,2.55,3.6,4.38,15.0,0.0,67.1,7.9,57.0,505.0,66.7,126424.4,81717.5,0.0,0.0
646,90.6,1.689,1688.9,83.125,17.3,32.8,0.0,0.0,2701.0,270.1,1000.0,2048.0,300.4,119.07,81.0,100.0,2.55,3.6,4.38,17.1,0.0,67.0,7.8,58.8,505.0,66.7,126424.4,81720.7,0.0,0.0
647,81.2,3.743,3742.9,81.875,17.1,32.8,0.0,0.0,2777.0,277.7,1000.0,2048.0,300.4,117.07,73.0,100.0,2.55,3.6,4.38,17.0,0.0,67.1,3.3,53.0,505.0,66.7,126424.4,81721.3,0.0,0.0
648,53.1,4.189,4189.1,83.625,13.5,32.8,0.0,0.0,2840.0,284.0,1000.0,2048.0,300.4,120.03,73.0,100.0,2.55,3.6,4.38,13.5,0.0,67.0,7.2,67.7,505.0,66.7,126424.4,81719.0,0.0,0.0
649,56.2,4.024,4023.8,83.625,13.7,32.8,0.0,0.0,2866.0,286.6,1000.0,2048.0,300.4,120.02,73.0,100.0,2.57,3.71,4.39,13.7,0.0,67.0,5.8,100.0,505.0,66.7,126424.4,81714.0,0.0,0.0
650,59.4,3.958,3958.3,83.125,14.0,32.8,0.0,0.0,2879.0,287.9,1000.0,2048.0,300.4,120.0,72.0,100.0,2.57,3.71,4.39,14.1,0.0,67.1,7.9,100.0,505.0,66.7,126424.4,81711.1,0.0,0.0
651,78.1,4.417,4417.3,83.0,14.3,32.8,0.0,0.1,2884.0,288.4,1000.0,2048.0,300.4,120.0,70.0,100.0,2.57,3.71,4.39,14.3,0.0,67.0,2.6,86.1,505.0,66.7,126424.4,81716.2,0.0,0.0
652,56.2,3.927,3927.4,83.125,14.1,32.8,0.0,0.0,2889.0,288.9,1000.0,2048.0,300.4,120.02,73.0,100.0,2.57,3.71,4.39,14.0,0.0,67.0,5.8,89.9,505.0,66.7,126424.4,81710.1,0.0,0.0
653,62.5,4.205,4205.1,83.5,13.6,32.8,0.0,0.0,2890.0,289.0,1000.0,2048.0,300.4,120.01,73.0,100.0,2.57,3.71,4.39,13.7,0.0,67.1,7.9,68.0,505.0,66.7,126424.4,81730.9,0.0,0.0
654,53.1,3.995,3995.4,83.875,12.7,32.8,0.0,0.0,2891.0,289.1,1000.0,2048.0,300.4,120.02,72.0,100.0,2.58,3.82,4.4,12.5,0.0,67.0,1.8,57.1,505.0,66.7,126424.4,81733.4,0.0,0.0
655,71.9,4.102,4102.4,84.375,13.4,32.8,0.0,0.0,2891.0,289.1,1000.0,2048.0,300.4,120.01,73.0,100.0,2.58,3.82,4.4,13.4,0.0,67.0,6.6,64.0,505.0,66.7,126424.4,81734.0,0.0,0.0
656,56.2,4.186,4186.0,84.75,13.4,32.8,0.0,0.0,2891.0,289.1,1000.0,2048.0,300.4,120.0,73.0,100.0,2.58,3.82,4.4,13.3,0.0,67.0,7.9,79.8,505.0,66.7,126424.4,81735.1,0.0,0.0
657,78.1,1.713,1712.9,83.375,16.4,32.8,0.0,0.0,2794.0,279.4,1000.0,2048.0,300.4,121.07,80.0,100.0,2.58,3.82,4.4,16.4,0.0,67.1,7.8,79.0,505.0,66.7,126424.4,81735.7,0.0,0.0
658,90.6,1.705,1705.4,82.375,18.3,32.8,0.0,0.0,2700.0,270.0,1000.0,2048.0,300.4,119.06,80.0,100.0,2.58,3.82,4.4,18.2,0.0,67.0,7.8,59.6,505.0,66.7,126424.4,81735.1,0.0,0.0
659,78.1,4.005,4004.9,81.0,17.1,32.8,0.0,0.0,2786.0,278.6,1000.0,2048.0,300.4,117.06,71.0,100.0,2.61,4.15,4.46,17.1,0.0,67.0,2.9,100.0,505.0,66.7,126424.4,81735.7,0.0,0.0
660,53.1,3.916,3916.1,81.625,13.7,32.8,0.0,0.0,2850.0,285.0,1000.0,2048.0,300.4,120.01,71.0,100.0,2.61,4.15,4.46,13.7,0.0,67.1,5.6,100.0,505.0,66.7,126424.4,81727.6,0.0,0.0
661,46.9,4.253,4253.2,83.0,13.9,32.8,0.0,0.0,2876.0,287.6,1000.0,2048.0,300.4,120.05,73.0,100.0,2.61,4.15,4.46,14.1,0.0,67.0,7.8,100.0,505.0,66.7,126424.4,81732.5,0.0,0.0
662,62.5,4.184,4183.9,83.0,13.2,32.8,0.0,0.0,2886.0,288.6,1000.0,2048.0,300.4,120.04,73.0,100.0,2.61,4.15,4.46,13.1,0.0,67.0,2.2,100.0,505.0,66.7,126424.4,81733.7,0.0,0.0
663,90.6,1.706,1706.1,82.5,16.7,32.8,0.0,0.0,2745.0,274.5,1000.0,2048.0,300.4,120.05,79.0,100.0,2.61,4.15,4.46,16.5,0.0,67.1,6.3,89.0,505.0,66.7,126424.4,81724.5,0.0,0.0
664,81.2,1.721,1720.8,82.125,17.9,32.8,0.0,0.0,2685.0,268.5,1000.0,2048.0,300.4,119.06,80.0,100.0,2.62,4.22,4.47,17.9,0.0,67.0,7.8,62.6,505.0,66.7,126424.4,81723.8,0.0,0.0
665,68.8,4.003,4002.8,82.625,15.3,32.8,0.0,0.0,2804.0,280.4,1000.0,2048.0,300.4,119.01,72.0,100.0,2.62,4.22,4.47,15.1,0.0,67.0,7.8,52.5,505.0,66.7,126424.4,81723.0,0.0,0.0
666,56.2,4.102,4101.8,84.875,13.0,32.8,0.0,0.1,2854.0,285.4,1000.0,2048.0,300.4,120.05,73.0,100.0,2.62,4.22,4.47,13.2,0.0,67.0,7.9,52.5,505.0,66.7,126424.4,81724.8,0.0,0.0
667,59.4,3.87,3870.1,85.125,13.2,32.8,0.0,0.0,2874.0,287.4,1000.0,2048.0,300.4,120.04,74.0,100.0,2.62,4.22,4.47,13.0,0.0,67.0,7.8,57.1,505.0,66.7,126424.4,81723.5,0.0,0.0
668,50.0,4.009,4008.8,85.5,13.0,32.8,0.0,0.0,2882.0,288.2,1000.0,2048.0,300.4,120.03,73.0,100.0,2.62,4.22,4.47,12.9,0.0,67.0,1.6,75.0,505.0,66.7,126424.4,81729.9,0.0,0.0
669,46.9,4.106,4106.3,85.25,13.2,32.8,0.0,0.0,2888.0,288.8,1000.0,2048.0,300.4,120.03,73.0,100.0,2.64,4.28,4.48,13.3,0.0,67.0,6.8,66.0,505.0,66.7,126424.4,81728.0,0.0,0.0
670,56.2,3.898,3898.2,86.0,13.7,32.8,0.0,0.0,2890.0,289.0,1000.0,2048.0,300.4,120.01,71.0,100.0,2.64,4.28,4.48,13.7,0.0,67.1,7.8,53.0,505.0,66.7,126424.4,81728.2,0.0,0.0
671,53.1,3.915,3915.2,86.5,14.3,32.8,0.0,0.0,2891.0,289.1,1000.0,2048.0,300.4,120.02,73.0,100.0,2.64,4.28,4.48,14.4,0.0,67.0,1.3,72.0,505.0,66.7,126424.4,81730.3,0.0,0.0
672,50.0,4.132,4132.5,87.25,14.8,32.8,0.0,0.1,2886.0,288.6,1000.0,2048.0,300.4,120.0,73.0,100.0,2.64,4.28,4.48,14.7,0.0,67.0,7.1,79.0,505.0,66.7,126424.4,81729.1,0.0,0.0
673,53.1,3.931,3931.4,87.375,13.8,32.8,0.0,0.0,2886.0,288.6,1000.0,2048.0,300.4,120.0,71.0,100.0,2.64,4.28,4.48,13.8,0.0,65.2,7.8,82.2,505.0,66.7,126424.4,81725.4,0.0,0.0
674,62.5,3.876,3875.5,88.875,13.7,32.8,0.0,0.7,2888.0,288.8,1000.0,2048.0,300.4,120.02,73.0,100.0,2.65,4.34,4.49,13.6,0.0,66.9,0.6,64.6,505.0,66.7,126424.4,81726.1,0.0,0.0
675,59.4,3.751,3751.1,88.875,13.4,32.8,0.0,0.0,2890.0,289.0,1000.0,2048.0,300.4,119.1,71.0,100.0,2.65,4.34,4.49,13.4,0.0,67.2,7.7,52.5,505.0,66.7,126424.4,81726.9,0.0,0.0
676,78.1,1.698,1698.3,87.125,16.8,32.8,0.0,0.0,2769.0,276.9,1000.0,2048.0,300.4,121.02,80.0,100.0,2.65,4.34,4.49,16.9,0.0,67.6,7.9,56.6,505.0,66.7,126424.4,81720.1,0.0,0.0
677,78.1,1.709,1709.4,84.75,18.3,32.8,0.0,0.1,2682.0,268.2,1000.0,2048.0,300.4,119.07,83.0,100.0,2.65,4.34,4.49,18.3,0.0,67.1,0.5,53.5,505.0,66.7,126424.4,81721.2,0.0,0.0
678,90.6,3.99,3989.7,82.5,17.7,32.8,0.0,0.0,2742.0,274.2,1000.0,2048.0,300.4,116.03,75.0,100.0,2.65,4.34,4.49,17.7,0.0,66.1,7.9,56.0,505.0,66.7,126424.4,81717.1,0.0,0.0
679,53.1,3.988,3988.2,83.5,13.3,32.8,0.0,0.0,2830.0,283.0,1000.0,2048.0,300.4,119.1,71.0,100.0,2.66,4.39,4.5,13.3,0.0,67.2,7.8,64.6,505.0,66.7,126424.4,81715.4,0.0,0.0
680,53.1,3.982,3981.9,83.75,12.9,32.8,0.0,0.0,2868.0,286.8,1000.0,2048.0,300.4,120.02,71.0,100.0,2.66,4.39,4.5,12.8,0.0,66.9,2.1,54.5,505.0,66.7,126424.4,81719.4,0.0,0.0
681,59.4,3.944,3944.3,84.25,13.2,32.8,0.0,0.0,2884.0,288.4,1000.0,2048.0,300.4,120.03,74.0,100.0,2.66,4.39,4.5,13.0,0.0,67.3,6.3,67.7,505.0,66.7,126424.4,81719.6,0.0,0.0
682,65.6,1.691,1690.6,83.25,17.1,32.8,0.0,0.0,2767.0,276.7,1000.0,2048.0,300.4,121.0,81.0,100.0,2.66,4.39,4.5,17.2,0.0,67.4,7.7,100.0,505.0,66.7,126424.4,81713.8,0.0,0.0
683,81.2,1.724,1724.2,82.625,19.2,32.8,0.0,0.0,2693.0,269.3,1000.0,2048.0,300.4,119.04,80.0,100.0,2.66,4.39,4.5,19.1,0.0,64.4,7.8,62.6,505.0,66.7,126424.4,81714.0,0.0,0.0
684,59.4,3.911,3911.1,82.25,17.0,32.8,0.0,0.0,2800.0,280.0,1000.0,2048.0,300.4,118.05,73.0,100.0,2.67,4.44,4.51,17.1,0.0,65.4,7.8,68.4,505.0,66.7,126424.4,81711.3,0.0,0.0
685,43.8,3.313,3313.1,86.125,13.1,32.8,0.0,0.0,2852.0,285.2,1000.0,2048.0,300.4,120.0,73.0,100.0,2.67,4.44,4.51,13.1,0.0,66.9,3.9,67.0,505.0,66.7,126424.4,81723.3,0.0,0.0
686,50.0,3.308,3308.2,87.375,12.9,32.8,0.0,0.0,2875.0,287.5,1000.0,2048.0,300.4,120.0,72.0,100.0,2.67,4.44,4.51,12.8,0.0,67.6,4.4,81.0,505.0,66.7,126424.4,81721.0,0.0,0.0
687,53.1,3.375,3375.0,87.375,13.2,32.8,0.0,0.1,2882.0,288.2,1000.0,2048.0,300.4,119.1,73.0,100.0,2.67,4.44,4.51,13.2,0.0,66.8,7.8,100.0,505.0,66.7,126424.4,81720.8,0.0,0.0
688,62.5,1.74,1740.3,84.875,13.7,32.8,0.0,0.0,2873.0,287.3,1000.0,2048.0,300.4,123.02,82.0,100.0,2.67,4.44,4.51,13.8,0.0,68.1,0.6,100.0,505.0,66.7,126424.4,81720.7,0.0,0.0
689,78.1,1.691,1690.7,83.375,17.7,32.8,0.0,0.0,2721.0,272.1,1000.0,2048.0,300.4,120.0,80.0,100.0,2.69,4.57,4.53,17.6,0.0,66.9,7.8,100.0,505.0,66.7,126424.4,81720.4,0.0,0.0
690,87.5,1.706,1706.2,82.125,17.6,32.8,0.0,0.0,2714.0,271.4,1000.0,2048.0,300.4,117.06,76.0,100.0,2.69,4.57,4.53,17.6,0.0,67.7,7.8,46.0,505.0,66.7,126424.4,81717.7,0.0,0.0
691,62.5,3.974,3974.0,81.375,14.0,32.8,0.0,0.0,2822.0,282.2,1000.0,2048.0,300.4,119.05,75.0,100.0,2.69,4.57,4.53,13.9,0.0,66.0,7.8,53.5,505.0,66.7,126424.4,81728.3,0.0,0.0
692,56.2,3.848,3847.9,80.0,12.8,32.8,0.0,0.0,2861.0,286.1,1000.0,2048.0,300.4,120.02,75.0,100.0,2.69,4.57,4.53,12.8,0.0,67.4,4.6,100.0,505.0,66.7,126424.4,81732.1,0.0,0.0
693,84.4,1.717,1717.3,80.875,16.7,32.8,0.0,0.0,2739.0,273.9,1000.0,2048.0,300.4,120.09,81.0,100.0,2.69,4.57,4.53,16.7,0.0,66.9,3.7,100.0,505.0,66.7,126424.4,81726.4,0.0,0.0
694,81.2,1.706,1705.7,81.25,17.7,32.8,0.0,0.0,2678.0,267.8,1000.0,2048.0,300.4,119.08,84.0,100.0,2.73,4.92,4.61,17.8,0.0,67.3,7.8,100.0,505.0,66.7,126424.4,81721.9,0.0,0.0
695,78.1,3.995,3995.2,80.625,15.2,32.8,0.0,0.0,2799.0,279.9,1000.0,2048.0,300.4,118.06,76.0,100.0,2.73,4.92,4.61,15.1,0.0,66.7,7.8,73.0,505.0,66.7,126424.4,81720.8,0.0,0.0
696,40.6,4.072,4071.6,81.375,12.3,32.8,0.0,0.0,2851.0,285.1,1000.0,2048.0,300.4,120.02,74.0,100.0,2.73,4.92,4.61,12.2,0.0,66.9,7.4,97.0,505.0,66.7,126424.4,81720.6,0.0,0.0
697,37.5,3.817,3817.4,82.875,12.3,32.8,0.0,0.1,2869.0,286.9,1000.0,2048.0,300.4,119.09,74.0,100.0,2.73,4.92,4.61,12.2,0.0,67.0,0.6,90.1,505.0,66.7,126424.4,81718.7,0.0,0.0
698,37.5,3.581,3580.8,84.5,12.2,32.8,0.0,0.0,2877.0,287.7,1000.0,2048.0,300.4,119.06,74.0,100.0,2.73,4.92,4.61,12.2,0.0,67.0,7.6,60.6,505.0,66.7,126424.4,81718.2,0.0,0.0
699,40.6,3.842,3842.2,85.25,12.6,32.8,0.0,0.0,2881.0,288.1,1000.0,2048.0,300.4,119.06,71.0,100.0,2.76,5.17,4.66,12.4,0.0,67.2,7.7,78.8,505.0,66.7,126424.4,81713.0,0.0,0.0
700,40.6,3.978,3977.7,85.625,12.6,32.8,0.0,0.0,2884.0,288.4,1000.0,2048.0,300.4,119.05,71.0,100.0,2.76,5.17,4.66,12.6,0.0,66.7,0.3,97.0,505.0,66.7,126424.4,81717.0,0.0,0.0
701,43.8,4.24,4240.4,86.625,13.0,32.8,0.0,0.0,2704.0,248.77,1000.0,2048.0,300.4,113.0,58.0,92.0,2.76,5.17,4.66,13.1,0.0,66.9,7.7,64.0,505.0,66.7,126424.4,81713.5,0.0,0.0
702,34.4,4.29,4289.6,88.375,9.3,32.8,0.0,0.0,1391.0,47.29,1000.0,2048.0,300.4,68.07,53.0,34.0,2.76,5.17,4.66,9.2,0.0,67.1,7.6,52.0,505.0,66.7,126424.4,81717.3,0.0,0.0
703,37.5,4.288,4287.8,88.625,9.2,32.8,0.0,0.0,890.0,11.57,1000.0,2048.0,300.4,51.01,53.0,13.0,2.76,5.17,4.66,9.1,0.0,67.0,7.6,52.0,505.0,66.7,126424.4,81721.4,0.0,0.0
704,34.4,4.092,4091.6,88.375,9.1,32.8,0.0,0.8,707.0,3.54,1000.0,2048.0,300.4,44.09,52.0,5.0,2.79,5.48,4.74,9.0,0.0,66.6,0.4,53.0,505.0,66.7,126424.4,81724.3,0.0,0.0
705,37.5,4.128,4128.5,87.5,10.4,32.8,0.0,0.0,1011.0,22.24,1000.0,2048.0,300.4,63.04,73.0,22.0,2.79,5.48,4.74,10.3,0.0,67.3,7.7,61.4,505.0,66.7,126424.4,81755.8,0.0,0.0
706,59.4,3.87,3869.9,87.125,13.6,32.8,0.0,0.0,1938.0,137.6,1000.0,2048.0,300.4,111.01,79.0,71.0,2.79,5.48,4.74,13.7,0.0,65.1,7.8,100.0,505.0,66.7,126424.4,81784.1,0.0,0.0
707,50.0,4.096,4096.0,86.375,12.7,32.8,0.0,0.1,2286.0,203.45,1000.0,2048.0,300.4,128.08,79.0,89.0,2.79,5.48,4.74,12.6,0.0,67.0,3.8,100.0,505.0,66.7,126424.4,81789.2,0.0,0.0
708,56.2,4.193,4192.8,87.5,13.2,32.8,0.0,0.0,2616.0,251.14,1000.0,2048.0,300.4,130.06,75.0,96.0,2.79,5.48,4.74,13.0,0.0,67.1,4.7,78.8,505.0,66.7,126424.4,81777.2,0.0,0.0
709,56.2,4.398,4398.4,88.875,13.1,32.8,0.0,0.0,2732.0,270.47,1000.0,2048.0,300.4,130.05,75.0,99.0,2.82,5.76,4.81,13.1,0.0,67.0,7.9,74.0,505.0,66.7,126424.4,81776.4,0.0,0.0
710,56.2,4.275,4274.8,89.5,13.1,32.8,0.0,0.0,2790.0,276.21,1000.0,2048.0,300.4,130.03,76.0,99.0,2.82,5.76,4.81,13.2,0.0,67.1,7.8,68.3,505.0,66.7,126424.4,81773.0,0.0,0.0
711,56.2,4.457,4456.7,88.375,13.1,32.8,0.0,0.0,2814.0,281.4,1000.0,2048.0,300.4,130.04,76.0,100.0,2.82,5.76,4.81,13.1,0.0,67.0,7.4,84.0,505.0,66.7,126424.4,81766.7,0.0,0.0
712,59.4,3.918,3918.2,88.125,13.0,32.8,0.0,0.0,2830.0,283.0,1000.0,2048.0,300.4,128.09,71.0,100.0,2.82,5.76,4.81,13.0,0.0,67.0,1.1,80.8,505.0,66.7,126424.4,81762.4,0.0,0.0
713,46.9,3.99,3990.1,85.75,13.0,32.8,0.0,0.0,2864.0,286.4,1000.0,2048.0,300.4,125.0,74.0,100.0,2.82,5.76,4.81,12.9,0.0,67.1,7.9,79.0,505.0,66.7,126424.4,81759.0,0.0,0.0
714,40.6,3.913,3913.0,85.0,13.2,32.8,0.0,0.0,2876.0,287.6,1000.0,2048.0,300.4,122.01,73.0,100.0,2.82,5.46,4.76,13.2,0.0,67.0,7.9,100.0,505.0,66.7,126424.4,81752.7,0.0,0.0
715,50.0,3.89,3890.1,83.875,13.3,32.8,0.0,0.0,2881.0,288.1,1000.0,2048.0,300.4,120.08,72.0,100.0,2.82,5.46,4.76,13.3,0.0,67.1,5.5,100.0,505.0,66.7,126424.4,81753.1,0.0,0.0
716,50.0,3.887,3886.6,85.875,13.7,32.8,0.0,0.0,2881.0,288.1,1000.0,2048.0,300.4,119.07,73.0,100.0,2.82,5.46,4.76,13.6,0.0,67.0,2.9,100.0,505.0,66.7,126424.4,81743.9,0.0,0.0
717,53.1,3.748,3747.6,86.375,13.6,32.8,0.0,0.0,2882.0,288.2,1000.0,2048.0,300.4,119.07,72.0,100.0,2.82,5.46,4.76,13.6,0.0,67.0,7.9,75.2,505.0,66.7,126424.4,81740.7,0.0,0.0
718,53.1,1.858,1858.5,86.25,13.8,32.8,0.0,0.1,2869.0,284.03,1000.0,2048.0,300.4,122.04,77.0,99.0,2.82,5.46,4.76,13.8,0.0,67.1,7.8,69.7,505.0,66.7,126424.4,81733.6,0.0,0.0
719,81.2,1.697,1697.4,84.0,18.4,32.8,0.0,0.0,2721.0,272.1,1000.0,2048.0,300.4,120.03,82.0,100.0,2.82,5.26,4.73,18.7,0.0,67.0,7.9,58.2,505.0,66.7,126424.4,81726.5,0.0,0.0
720,71.9,1.729,1728.9,82.875,18.3,32.8,0.0,0.0,2670.0,267.0,1000.0,2048.0,300.4,119.07,81.0,100.0,2.82,5.26,4.73,18.2,0.0,67.0,7.9,67.7,505.0,66.7,126424.4,81728.2,0.0,0.0
721,65.6,3.744,3744.0,83.125,15.7,32.8,0.1,0.0,2796.0,279.6,1000.0,2048.0,300.4,119.0,71.0,100.0,2.82,5.26,4.73,15.7,0.0,67.1,4.1,49.5,505.0,66.7,126424.4,81738.6,0.0,0.0
722,59.4,3.909,3908.6,85.5,13.0,32.8,0.0,0.0,2853.0,285.3,1000.0,2048.0,300.4,120.05,74.0,100.0,2.82,5.26,4.73,13.1,0.0,67.0,4.4,58.2,505.0,66.7,126424.4,81729.8,0.0,0.0
723,56.2,4.12,4120.4,86.5,13.6,32.8,0.0,0.1,2869.0,286.9,1000.0,2048.0,300.4,120.02,73.0,100.0,2.82,5.26,4.73,13.6,0.0,67.0,7.8,52.9,506.0,66.7,126424.4,81731.8,0.0,0.0
724,59.4,3.892,3892.4,86.625,13.5,32.8,0.0,0.0,2874.0,287.4,1000.0,2048.0,300.4,119.09,72.0,100.0,2.83,5.16,4.72,13.4,0.0,67.0,7.8,68.0,506.0,66.7,126424.4,81733.1,0.0,0.0
725,59.4,3.995,3995.4,86.375,13.3,32.8,0.0,0.0,2878.0,287.8,1000.0,2048.0,300.4,119.09,71.0,100.0,2.83,5.16,4.72,13.3,0.0,67.1,7.9,93.0,506.0,66.7,126424.4,81731.7,0.0,0.0
726,68.8,4.231,4231.1,85.625,13.5,32.8,0.0,0.0,2877.0,287.7,1000.0,2048.0,300.4,119.05,73.0,100.0,2.83,5.16,4.72,13.5,0.0,67.0,2.7,76.0,506.0,66.7,126424.4,81736.3,0.0,0.0
727,59.4,4.166,4166.4,85.125,13.2,32.8,0.0,0.0,2880.0,288.0,1000.0,2048.0,300.4,119.04,73.0,100.0,2.83,5.16,4.72,13.1,0.0,67.0,5.7,100.0,506.0,66.7,126424.4,81732.0,0.0,0.0
728,56.2,3.962,3961.8,83.875,13.1,32.8,0.0,0.0,2880.0,288.0,1000.0,2048.0,300.4,120.0,72.0,100.0,2.83,5.16,4.72,13.0,0.0,67.1,7.9,100.0,506.0,66.7,126424.4,81728.4,0.0,0.0
729,62.5,4.21,4210.5,84.125,13.1,32.8,0.0,0.0,2883.0,288.3,1000.0,2048.0,300.4,120.0,73.0,100.0,2.83,4.99,4.69,13.1,0.0,67.0,4.3,100.0,505.0,66.7,126424.4,81733.8,0.0,0.0
730,59.4,3.883,3882.8,83.625,13.1,32.8,0.0,0.0,2888.0,288.8,1000.0,2048.0,300.4,120.01,73.0,100.0,2.83,4.99,4.69,13.2,0.0,67.0,4.1,100.0,505.0,66.7,126424.4,81724.0,0.0,0.0
731,62.5,3.856,3855.8,83.5,12.5,32.8,0.0,0.0,2889.0,288.9,1000.0,2048.0,300.4,120.0,71.0,100.0,2.83,4.99,4.69,12.5,0.0,67.0,7.9,64.3,505.0,66.7,126424.4,81722.9,0.0,0.0
732,68.8,1.694,1694.4,84.625,13.7,32.8,0.0,0.0,2820.0,276.36,1000.0,2048.0,300.4,123.08,82.0,98.0,2.83,4.99,4.69,13.6,0.0,67.1,0.6,61.0,505.0,66.7,126424.4,81722.3,0.0,0.0
733,96.9,1.739,1739.1,82.875,17.1,32.8,0.0,0.1,2702.0,267.5,1000.0,2048.0,300.4,120.01,79.0,99.0,2.83,4.99,4.69,17.2,0.0,67.0,7.8,60.2,505.0,66.7,126424.4,81720.7,0.0,0.0
734,93.8,1.696,1695.8,82.125,17.6,32.8,0.0,0.9,2670.0,267.0,1000.0,2048.0,300.4,119.06,79.0,100.0,2.84,4.99,4.7,17.6,0.0,67.0,7.8,64.4,505.0,66.7,126424.4,81715.8,0.0,0.0
735,68.8,4.304,4304.2,83.5,15.0,32.8,0.0,0.0,2800.0,280.0,1000.0,2048.0,300.4,118.07,71.0,100.0,2.84,4.99,4.7,14.8,0.0,67.1,6.5,66.3,505.0,66.7,126424.4,81718.4,0.0,0.0
736,65.6,4.146,4145.8,84.875,13.3,32.8,0.0,0.0,2838.0,283.8,1000.0,2048.0,300.4,119.09,72.0,100.0,2.84,4.99,4.7,13.6,0.0,67.0,7.4,100.0,505.0,66.7,126424.4,81713.1,0.0,0.0
737,50.0,4.034,4034.4,87.125,13.0,32.8,0.0,0.0,2856.0,285.6,1000.0,2048.0,300.4,119.04,72.0,100.0,2.84,4.99,4.7,12.6,0.0,67.0,2.4,53.0,505.0,66.7,126424.4,81710.8,0.0,0.0
738,59.4,3.691,3691.3,86.5,13.1,32.8,0.0,0.0,2867.0,286.7,1000.0,2048.0,300.4,119.09,72.0,100.0,2.84,4.99,4.7,13.1,0.0,67.0,7.8,56.0,505.0,66.7,126424.4,81714.8,0.0,0.0
739,53.1,4.172,4171.6,87.375,13.1,32.8,0.0,0.0,2867.0,286.7,1000.0,2048.0,300.4,119.09,72.0,100.0,2.84,4.83,4.67,13.1,0.0,67.0,3.4,100.0,506.0,66.7,126424.4,81719.6,0.0,0.0
740,50.0,4.11,4110.5,88.0,13.3,32.8,0.0,0.0,2868.0,286.8,1000.0,2048.0,300.4,119.06,71.0,100.0,2.84,4.83,4.67,13.3,0.0,67.0,5.0,53.5,506.0,66.7,126424.4,81709.9,0.0,0.0
741,53.1,4.253,4253.3,88.25,13.4,32.8,0.0,0.0,2868.0,286.8,1000.0,2048.0,300.4,119.07,72.0,100.0,2.84,4.83,4.67,13.3,0.0,67.1,7.8,60.4,506.0,66.7,126424.4,81709.6,0.0,0.0
742,62.5,4.396,4396.2,87.5,13.3,32.8,0.0,0.0,2867.0,286.7,1000.0,2048.0,300.4,119.06,71.0,100.0,2.84,4.83,4.67,13.2,0.0,67.0,4.8,70.7,506.0,66.7,126424.4,81715.1,0.0,0.0
743,46.9,3.982,3982.3,88.5,13.2,32.8,0.0,0.0,2866.0,286.6,1000.0,2048.0,300.4,118.09,72.0,100.0,2.84,4.83,4.67,13.3,0.0,67.0,3.6,63.6,506.0,66.7,126424.4,81716.5,0.0,0.0
744,50.0,4.068,4068.5,89.125,13.4,32.8,0.0,0.0,2870.0,287.0,1000.0,2048.0,300.4,119.01,71.0,100.0,2.85,4.76,4.66,13.6,0.0,67.0,7.8,100.0,506.0,66.7,126424.4,81715.7,0.0,0.0
745,43.8,4.378,4378.2,89.5,13.4,32.8,0.0,0.0,2870.0,287.0,1000.0,2048.0,300.4,119.05,71.0,100.0,2.85,4.76,4.66,13.3,0.0,67.0,6.2,100.0,506.0,66.7,126424.4,81717.9,0.0,0.0
746,56.2,4.296,4296.2,89.5,13.1,32.8,0.0,0.0,2767.0,265.63,1000.0,2048.0,300.4,117.03,71.0,96.0,2.85,4.76,4.66,13.0,0.0,67.1,2.2,96.0,506.0,66.7,126424.4,81717.3,0.0,0.0
747,75.0,1.707,1707.2,86.25,17.2,32.8,0.0,0.0,2724.0,266.95,1000.0,2048.0,300.4,121.06,80.0,98.0,2.85,4.76,4.66,17.3,0.0,67.0,7.9,54.5,506.0,66.7,126424.4,81717.1,0.0,0.0
748,96.9,1.695,1694.9,84.125,17.8,32.8,0.0,0.0,2699.0,267.2,1000.0,2048.0,300.4,119.05,77.0,99.0,2.85,4.76,4.66,17.8,0.0,67.0,0.5,69.7,506.0,66.7,126424.4,81716.6,0.0,0.0
749,71.9,4.166,4165.5,83.0,15.4,32.8,0.0,0.0,2821.0,282.1,1000.0,2048.0,300.4,119.07,73.0,100.0,2.84,4.54,4.61,15.4,0.0,67.0,7.9,53.0,506.0,66.7,126424.4,81717.8,0.0,0.0
750,62.5,4.121,4121.2,83.625,14.1,32.8,0.0,0.1,2864.0,286.4,1000.0,2048.0,300.4,120.05,71.0,100.0,2.84,4.54,4.61,14.2,0.0,67.0,7.7,58.6,506.0,66.7,126424.4,81717.0,0.0,0.0
751,62.5,3.889,3889.4,83.625,13.9,32.8,0.0,0.0,2881.0,288.1,1000.0,2048.0,300.4,120.04,71.0,100.0,2.84,4.54,4.61,13.8,0.0,67.0,5.2,57.0,506.0,66.7,126424.4,81731.9,0.0,0.0
752,53.1,3.739,3738.7,83.625,13.8,32.8,0.0,0.0,2888.0,288.8,1000.0,2048.0,300.4,120.03,73.0,100.0,2.84,4.54,4.61,13.8,0.0,67.0,3.2,88.0,506.0,66.7,126424.4,81727.5,0.0,0.0
753,65.6,3.867,3867.1,83.375,13.6,32.8,0.0,0.0,2891.0,289.1,1000.0,2048.0,300.4,120.03,73.0,100.0,2.84,4.54,4.61,13.8,0.0,67.1,7.8,78.8,506.0,66.7,126424.4,81717.0,0.0,0.0
754,62.5,4.342,4342.2,83.25,13.7,32.8,0.0,1.9,2891.0,289.1,1000.0,2048.0,300.4,119.07,74.0,100.0,2.84,4.34,4.57,13.7,0.0,67.0,5.7,92.9,506.0,66.7,126424.4,81721.1,0.0,0.0
755,71.9,4.314,4313.5,84.375,14.1,32.8,0.0,0.0,2887.0,288.7,1000.0,2048.0,300.4,120.0,73.0,100.0,2.84,4.34,4.57,14.1,0.0,67.0,2.7,71.3,506.0,66.7,126424.4,81715.1,0.0,0.0
756,56.2,3.872,3872.5,84.875,14.4,32.8,0.0,0.0,2885.0,288.5,1000.0,2048.0,300.4,120.02,73.0,100.0,2.84,4.34,4.57,14.4,0.0,67.0,7.8,53.5,506.0,66.7,126424.4,81716.5,0.0,0.0
757,56.2,4.175,4175.4,86.0,14.1,32.8,0.0,0.0,2882.0,288.2,1000.0,2048.0,300.4,120.01,72.0,100.0,2.84,4.34,4.57,14.2,0.0,67.0,5.2,77.8,506.0,66.7,126424.4,81721.3,0.0,0.0
758,62.5,1.698,1698.1,85.0,15.2,32.8,0.0,0.0,2851.0,282.25,1000.0,2048.0,300.4,123.09,80.0,99.0,2.84,4.34,4.57,15.1,0.0,67.0,3.1,81.2,506.0,66.7,126424.4,81712.5,0.0,0.0
759,93.8,1.733,1733.4,83.125,18.9,32.8,0.0,0.0,2720.0,272.0,1000.0,2048.0,300.4,119.09,80.0,100.0,2.83,4.15,4.52,19.0,0.0,67.0,7.8,67.3,506.0,66.7,126424.4,81712.7,0.0,0.0
760,96.9,3.497,3497.4,81.5,17.7,32.8,0.0,0.0,2759.0,275.9,1000.0,2048.0,300.4,116.04,75.0,100.0,2.83,4.15,4.52,17.8,0.0,67.0,7.6,91.0,506.0,66.7,126424.4,81712.1,0.0,0.0
761,46.9,3.873,3873.3,84.0,13.5,32.8,0.0,0.0,2834.0,283.4,1000.0,2048.0,300.4,119.08,73.0,100.0,2.83,4.15,4.52,13.4,0.0,67.0,5.4,100.0,506.0,66.7,126424.4,81716.5,0.0,0.0
762,50.0,3.788,3788.3,85.5,13.7,32.8,0.0,0.1,2856.0,285.6,1000.0,2048.0,300.4,120.03,73.0,100.0,2.83,4.15,4.52,13.6,0.0,66.9,2.6,95.0,506.0,66.7,126424.4,81712.0,0.0,0.0
763,37.5,3.653,3653.4,88.25,10.7,32.8,0.0,0.0,1607.0,70.71,1000.0,2048.0,300.4,76.07,52.0,44.0,2.83,4.15,4.52,10.8,0.0,67.0,7.7,65.0,506.0,66.7,126424.4,81712.3,0.0,0.0
764,40.6,3.395,3394.6,89.25,10.0,32.8,0.0,0.0,970.0,15.52,1000.0,2048.0,300.4,54.07,52.0,16.0,2.83,4.06,4.5,10.0,0.0,67.0,5.7,54.0,506.0,66.7,126424.4,81715.6,0.0,0.0
765,43.8,3.85,3850.1,90.0,9.2,32.8,0.0,0.9,736.0,4.42,1000.0,2048.0,300.4,46.01,51.0,6.0,2.83,4.06,4.5,9.2,0.0,66.9,2.3,53.0,506.0,66.7,126424.4,81709.7,0.0,0.0
766,46.9,3.294,3293.9,90.375,9.1,32.8,0.0,0.0,650.0,1.3,1000.0,2048.0,300.4,43.01,50.0,2.0,2.83,4.06,4.5,9.1,0.0,67.0,7.6,48.5,506.0,66.7,126424.4,81714.8,0.0,0.0
767,46.9,3.582,3581.8,90.0,10.0,32.8,0.0,0.0,618.0,0.62,1000.0,2048.0,300.4,43.0,50.0,1.0,2.83,4.06,4.5,10.0,0.0,67.0,5.8,57.8,506.0,66.7,126424.4,81716.0,0.0,0.0
768,40.6,3.872,3871.8,89.875,9.8,32.8,0.0,0.0,607.0,0.0,1000.0,2048.0,300.4,42.04,50.0,0.0,2.83,4.06,4.5,9.7,0.0,67.0,2.2,62.0,506.0,66.7,126424.4,81719.0,0.0,0.0
769,50.0,3.565,3564.9,89.625,10.6,32.8,0.0,0.0,1051.0,25.22,1000.0,2048.0,300.4,66.02,70.0,24.0,2.83,3.97,4.47,10.6,0.0,67.0,7.7,59.4,506.0,66.7,126424.4,81751.9,0.0,0.0
770,50.0,3.616,3616.0,88.0,14.0,32.8,0.0,0.0,1974.0,144.1,1000.0,2048.0,300.4,113.04,77.0,73.0,2.83,3.97,4.47,14.1,0.0,67.0,7.9,98.0,506.0,66.7,126424.4,81716.9,0.0,0.0
771,56.2,4.049,4048.7,85.875,13.3,32.8,0.0,0.0,2332.0,209.88,1000.0,2048.0,300.4,129.0,74.0,90.0,2.83,3.97,4.47,13.0,0.0,67.1,7.8,100.0,506.0,66.7,126424.4,81715.9,0.0,0.0
772,71.9,3.861,3860.9,86.875,13.2,32.8,0.0,0.1,2635.0,252.96,1000.0,2048.0,300.4,128.07,72.0,96.0,2.83,3.97,4.47,13.4,0.0,67.0,0.7,69.3,506.0,66.7,126424.4,81712.5,0.0,0.0
773,56.2,3.99,3990.2,87.875,13.5,32.8,0.0,0.0,2747.0,271.95,1000.0,2048.0,300.4,128.06,71.0,99.0,2.83,3.97,4.47,13.3,0.0,67.1,7.9,100.0,506.0,66.7,126424.4,81709.7,0.0,0.0
774,56.2,3.77,3770.3,87.625,13.4,32.8,0.0,0.0,2796.0,276.8,1000.0,2048.0,300.4,128.06,71.0,99.0,2.85,4.13,4.5,13.4,0.0,67.0,7.9,93.9,506.0,66.7,126424.4,81708.2,0.0,0.0
775,62.5,3.706,3706.5,87.5,13.5,32.8,0.0,0.0,2818.0,281.8,1000.0,2048.0,300.4,128.06,73.0,100.0,2.85,4.13,4.5,13.4,0.0,67.1,0.7,56.0,506.0,66.7,126424.4,81710.9,0.0,0.0
776,59.4,4.201,4200.9,87.25,13.6,32.8,0.0,0.0,2827.0,282.7,1000.0,2048.0,300.4,127.08,72.0,100.0,2.85,4.13,4.5,13.7,0.0,67.0,7.8,88.0,506.0,66.7,126424.4,81709.2,0.0,0.0
777,50.0,4.186,4186.2,87.5,13.7,32.8,0.0,0.0,2828.0,282.8,1000.0,2048.0,300.4,128.01,73.0,100.0,2.85,4.13,4.5,13.8,0.0,67.1,8.0,54.0,506.0,66.7,126424.4,81710.0,0.0,0.0
778,53.1,3.888,3888.2,87.25,13.6,32.8,0.0,0.0,2841.0,284.1,1000.0,2048.0,300.4,127.05,69.0,100.0,2.85,4.13,4.5,13.6,0.0,67.0,0.6,85.9,506.0,66.7,126424.4,81706.7,0.0,0.0
779,56.2,3.798,3797.8,85.625,13.6,32.8,0.0,0.0,2863.0,286.3,1000.0,2048.0,300.4,124.07,72.0,100.0,2.87,4.36,4.54,13.5,0.0,67.1,7.9,93.1,506.0,66.7,126424.4,81705.9,0.0,0.0
780,53.1,3.959,3959.2,83.125,13.7,32.8,0.0,0.0,2880.0,288.0,1000.0,2048.0,300.4,122.03,72.0,100.0,2.87,4.36,4.54,13.7,0.0,67.0,6.7,100.0,506.0,66.7,126424.4,81710.2,0.0,0.0
781,53.1,3.809,3808.9,81.75,13.7,32.8,0.1,0.0,2886.0,288.6,1000.0,2048.0,300.4,120.09,70.0,100.0,2.87,4.36,4.54,13.7,0.0,67.1,1.8,93.9,506.0,66.7,126424.4,81714.0,0.0,0.0
782,56.2,3.866,3866.3,81.625,13.4,32.8,0.0,0.0,2885.0,288.5,1000.0,2048.0,300.4,120.05,71.0,100.0,2.87,4.36,4.54,13.4,0.0,67.0,7.9,58.0,506.0,66.7,126424.4,81711.7,0.0,0.0
783,56.2,1.697,1696.9,81.375,16.6,32.8,0.0,0.1,2787.0,278.7,1000.0,2048.0,300.4,121.09,80.0,100.0,2.87,4.36,4.54,16.6,0.0,67.1,7.9,99.0,506.0,66.7,126424.4,81705.9,0.0,0.0
784,81.2,1.699,1699.4,80.625,19.3,32.8,0.0,0.0,2700.0,270.0,1000.0,2048.0,300.4,119.07,80.0,100.0,2.89,4.5,4.57,19.6,0.0,67.1,7.9,100.0,506.0,66.7,126424.4,81704.4,0.0,0.0
785,93.8,3.387,3387.2,79.5,19.6,32.8,0.0,0.0,2746.0,274.6,1000.0,2048.0,300.4,116.03,73.0,100.0,2.89,4.5,4.57,19.5,0.0,67.0,6.0,100.0,506.0,66.7,126424.4,81710.1,0.0,0.0
786,59.4,4.121,4121.1,81.125,14.3,32.8,0.0,0.0,2835.0,283.5,1000.0,2048.0,300.4,120.01,72.0,100.0,2.89,4.5,4.57,14.3,0.0,67.0,6.2,90.8,506.0,66.7,126424.4,81712.5,0.0,0.0
787,59.4,3.76,3760.5,81.375,14.3,32.8,0.0,0.0,2869.0,286.9,1000.0,2048.0,300.4,120.05,71.0,100.0,2.89,4.5,4.57,14.3,0.0,67.1,4.2,100.0,506.0,66.7,126424.4,81703.0,0.0,0.0
788,62.5,3.924,3924.1,82.375,14.4,32.8,0.0,0.0,2884.0,288.4,1000.0,2048.0,300.4,120.02,70.0,100.0,2.89,4.5,4.57,14.6,0.0,67.0,7.8,56.4,506.0,66.7,126424.4,81704.0,0.0,0.0
789,62.5,3.776,3776.4,82.0,14.2,32.8,0.0,0.0,2887.0,288.7,1000.0,2048.0,300.4,120.01,72.0,100.0,2.92,4.86,4.64,14.1,0.0,67.0,4.3,84.0,506.0,66.7,126424.4,81709.6,0.0,0.0
790,65.6,4.026,4026.1,80.875,14.1,32.8,0.0,0.0,2891.0,289.1,1000.0,2048.0,300.4,119.09,72.0,100.0,2.92,4.86,4.64,14.1,0.0,67.1,4.2,96.0,506.0,66.7,126424.4,81699.3,0.0,0.0
791,53.1,3.636,3636.3,82.25,14.3,32.8,0.0,0.0,2891.0,289.1,1000.0,2048.0,300.4,119.08,69.0,100.0,2.92,4.86,4.64,14.4,0.0,67.0,7.9,100.0,506.0,66.7,126424.4,81700.9,0.0,0.0
792,62.5,4.033,4032.9,82.875,14.0,32.8,0.0,0.0,2891.0,289.1,1000.0,2048.0,300.4,120.0,72.0,100.0,2.92,4.86,4.64,14.0,0.0,67.0,5.8,98.0,506.0,66.7,126424.4,81705.0,0.0,0.0
793,62.5,3.555,3554.7,83.25,14.2,32.8,0.0,0.0,2891.0,289.1,1000.0,2048.0,300.4,120.03,71.0,100.0,2.92,4.86,4.64,14.1,0.0,67.1,5.4,68.0,506.0,66.7,126424.4,81704.8,0.0,0.0
794,59.4,3.812,3811.8,82.125,13.8,32.8,0.0,0.0,2893.0,289.3,1000.0,2048.0,300.4,119.09,73.0,100.0,2.94,4.95,4.66,14.0,0.0,67.0,5.1,100.0,507.0,66.7,126424.4,81702.7,0.0,0.0
795,56.2,3.926,3925.5,82.125,13.7,32.8,0.0,0.9,2893.0,289.3,1000.0,2048.0,300.4,119.09,72.0,100.0,2.94,4.95,4.66,13.6,0.0,67.1,7.9,100.0,507.0,66.7,126424.4,81702.8,0.0,0.0
796,53.1,3.781,3780.6,81.75,13.7,32.8,0.0,0.0,2891.0,289.1,1000.0,2048.0,300.4,119.07,72.0,100.0,2.94,4.95,4.66,13.5,0.0,67.0,6.2,100.0,507.0,66.7,126424.4,81704.8,0.0,0.0
797,65.6,3.846,3846.5,82.0,14.3,32.8,0.0,0.0,2887.0,288.7,1000.0,2048.0,300.4,119.1,73.0,100.0,2.94,4.95,4.66,14.3,0.0,67.1,2.3,64.0,507.0,66.7,126424.4,81702.1,0.0,0.0
798,100.0,1.688,1687.9,81.0,18.1,32.8,0.0,0.1,2737.0,273.7,1000.0,2048.0,300.4,120.04,80.0,100.0,2.94,4.95,4.66,18.2,0.0,67.0,7.8,88.1,507.0,66.7,126424.4,81704.4,0.0,0.0
799,93.8,1.7,1700.4,80.625,19.4,32.8,0.0,0.0,2678.0,267.8,1000.0,2048.0,300.4,119.05,77.0,100.0,2.97,5.19,4.72,19.6,0.0,67.0,7.9,100.0,507.0,66.7,126424.4,81701.9,0.0,0.0
800,84.4,3.62,3620.0,80.125,17.6,32.8,0.0,0.0,2776.0,277.6,1000.0,2048.0,300.4,117.08,72.0,100.0,2.97,5.19,4.72,17.7,0.0,67.1,7.8,94.0,507.0,66.7,126424.4,81700.9,0.0,0.0
801,65.6,3.649,3649.4,82.0,13.9,32.8,0.0,0.0,2846.0,284.6,1000.0,2048.0,300.4,120.01,73.0,100.0,2.97,5.19,4.72,13.9,0.0,67.0,5.6,79.8,507.0,66.7,126424.4,81706.1,0.0,0.0
802,62.5,3.958,3957.7,82.875,13.9,32.8,0.0,0.0,2873.0,287.3,1000.0,2048.0,300.4,120.04,72.0,100.0,2.97,5.19,4.72,13.9,0.0,67.0,2.9,78.2,507.0,66.7,126424.4,81700.1,0.0,0.0
803,43.8,3.929,3928.6,85.875,14.0,32.8,0.0,0.0,2881.0,288.1,1000.0,2048.0,300.4,119.1,71.0,100.0,2.97,5.19,4.72,13.8,0.0,67.0,7.8,63.6,507.0,66.7,126424.4,81705.1,0.0,0.0
804,56.2,4.222,4222.0,88.0,14.7,32.8,0.0,0.1,2880.0,288.0,1000.0,2048.0,300.4,120.02,72.0,100.0,2.98,5.26,4.74,14.9,0.0,67.1,5.6,53.0,508.0,66.7,126424.4,81713.9,0.0,0.0
805,56.2,4.056,4055.6,88.625,14.3,32.8,0.0,0.0,2882.0,288.2,1000.0,2048.0,300.4,119.08,71.0,100.0,2.98,5.26,4.74,14.3,0.0,67.0,2.8,63.6,508.0,66.7,126424.4,81703.6,0.0,0.0
806,56.2,3.524,3524.1,85.875,13.0,32.8,0.0,0.0,2883.0,288.3,1000.0,2048.0,300.4,119.07,73.0,100.0,2.98,5.26,4.74,13.0,0.0,67.0,7.9,100.0,508.0,66.7,126424.4,81704.2,0.0,0.0
807,56.2,3.364,3363.8,84.625,13.2,32.8,0.0,0.0,2883.0,288.3,1000.0,2048.0,300.4,119.09,73.0,100.0,2.98,5.26,4.74,13.2,0.0,67.1,7.9,100.0,508.0,66.7,126424.4,81706.5,0.0,0.0
808,78.1,1.723,1723.4,82.875,17.6,32.8,0.0,0.0,2736.0,273.6,1000.0,2048.0,300.4,120.03,79.0,100.0,2.98,5.26,4.74,17.5,0.0,67.0,7.8,100.0,508.0,66.7,126424.4,81705.4,0.0,0.0
809,81.2,1.74,1739.5,81.875,18.4,32.8,0.0,0.0,2693.0,269.3,1000.0,2048.0,300.4,118.08,75.0,100.0,3.0,5.32,4.76,18.2,0.0,67.0,0.6,61.0,508.0,66.7,126424.4,81703.1,0.0,0.0
810,68.8,3.854,3854.4,82.0,15.4,32.8,0.0,0.0,2809.0,280.9,1000.0,2048.0,300.4,118.09,74.0,100.0,3.0,5.32,4.76,15.6,0.0,67.0,7.8,100.0,508.0,66.7,126424.4,81702.1,0.0,0.0
811,62.5,3.628,3628.5,82.875,13.6,32.8,0.0,0.0,2847.0,284.7,1000.0,2048.0,300.4,119.1,74.0,100.0,3.0,5.32,4.76,13.4,0.0,67.0,7.9,100.0,508.0,66.7,126424.4,81705.5,0.0,0.0
812,53.1,3.698,3697.7,83.125,13.3,32.8,0.0,0.0,2867.0,286.7,1000.0,2048.0,300.4,120.0,73.0,100.0,3.0,5.32,4.76,13.4,0.0,67.1,0.9,100.0,508.0,66.7,126424.4,81705.7,0.0,0.0
813,50.0,1.709,1709.3,83.0,14.3,32.8,0.0,0.0,2857.0,282.84,1000.0,2048.0,300.4,124.0,84.0,99.0,3.0,5.32,4.76,14.2,0.0,67.0,7.5,100.0,508.0,66.7,126424.4,81706.0,0.0,0.0
814,84.4,1.69,1690.5,82.0,18.7,32.8,0.0,0.0,2719.0,271.9,1000.0,2048.0,300.4,119.09,80.0,100.0,3.02,5.37,4.78,18.7,0.0,67.0,7.8,74.3,508.0,66.7,126424.4,81706.1,0.0,0.0
815,87.5,2.15,2150.5,81.0,18.7,32.8,0.0,0.0,2744.0,274.4,1000.0,2048.0,300.4,115.08,74.0,100.0,3.02,5.37,4.78,19.0,0.0,67.1,7.9,84.8,508.0,66.7,126424.4,81714.5,0.0,0.0
816,59.4,3.668,3668.3,82.125,13.6,32.8,0.0,0.0,2828.0,282.8,1000.0,2048.0,300.4,119.07,74.0,100.0,3.02,5.37,4.78,13.4,0.0,67.0,4.2,94.0,508.0,66.7,126424.4,81716.8,0.0,0.0
817,50.0,3.491,3491.0,83.25,13.1,32.8,0.0,0.0,2861.0,286.1,1000.0,2048.0,300.4,120.01,73.0,100.0,3.02,5.37,4.78,13.0,0.0,67.0,4.2,77.0,508.0,66.7,126424.4,81711.2,0.0,0.0
818,65.6,1.704,1703.9,83.375,14.8,32.8,0.0,0.0,2836.0,280.76,1000.0,2048.0,300.4,123.06,79.0,99.0,3.02,5.37,4.78,14.8,0.0,67.1,7.8,47.5,508.0,66.7,126424.4,81713.6,0.0,0.0
819,78.1,1.705,1704.6,82.375,18.6,32.8,0.0,0.0,2716.0,271.6,1000.0,2048.0,300.4,119.08,79.0,100.0,3.05,5.74,4.87,18.6,0.0,67.0,7.9,55.6,508.0,66.7,126424.4,81717.1,0.0,0.0
820,84.4,2.751,2751.0,81.125,18.2,32.8,0.0,0.1,2745.0,274.5,1000.0,2048.0,300.4,116.01,75.0,100.0,3.05,5.74,4.87,18.1,0.0,67.0,0.5,60.2,508.0,66.7,126424.4,81717.0,0.0,0.0
821,56.2,3.917,3917.0,82.125,13.2,32.8,0.0,0.0,2826.0,282.6,1000.0,2048.0,300.4,119.06,74.0,100.0,3.05,5.74,4.87,13.1,0.0,67.0,7.8,61.0,508.0,66.7,126424.4,81716.8,0.0,0.0
822,59.4,3.826,3826.3,83.5,13.2,32.8,0.0,0.0,2857.0,285.7,1000.0,2048.0,300.4,120.0,74.0,100.0,3.05,5.74,4.87,13.2,0.0,67.0,7.9,59.6,508.0,66.7,126424.4,81716.0,0.0,0.0
823,65.6,3.55,3550.0,83.0,13.1,32.8,0.0,0.0,2873.0,287.3,1000.0,2048.0,300.4,120.01,74.0,100.0,3.05,5.74,4.87,13.1,0.0,67.0,7.8,98.0,508.0,66.7,126424.4,81713.2,0.0,0.0
824,56.2,3.871,3871.4,83.0,13.0,32.8,0.0,0.0,2877.0,287.7,1000.0,2048.0,300.4,119.04,71.0,100.0,3.09,6.0,4.94,12.8,0.0,67.0,0.6,64.6,508.0,66.7,126424.4,81711.5,0.0,0.0
825,56.2,4.155,4155.2,84.375,13.3,32.8,0.0,3.0,2876.0,287.6,1000.0,2048.0,300.4,119.08,73.0,100.0,3.09,6.0,4.94,13.4,0.0,67.1,7.8,66.0,508.0,66.7,126424.4,81709.7,0.0,0.0
826,56.2,1.712,1711.9,84.625,14.6,32.8,0.0,0.0,2829.0,280.07,1000.0,2048.0,300.4,123.02,80.0,99.0,3.09,6.0,4.94,14.5,0.0,67.0,0.6,68.0,508.0,66.7,126424.4,81704.6,0.0,0.0
827,65.6,1.708,1707.5,83.125,17.8,32.8,0.0,0.0,2706.0,270.6,1000.0,2048.0,300.4,119.07,78.0,100.0,3.09,6.0,4.94,17.7,0.0,67.0,7.8,65.7,508.0,66.7,126424.4,81700.1,0.0,0.0
828,87.5,3.375,3374.9,81.625,17.5,32.8,0.0,0.0,2761.0,276.1,1000.0,2048.0,300.4,116.03,75.0,100.0,3.09,6.0,4.94,17.6,0.0,67.0,7.8,53.0,508.0,66.7,126424.4,81704.5,0.0,0.0
829,59.4,3.991,3991.1,85.125,13.1,32.8,0.0,0.0,2836.0,283.6,1000.0,2048.0,300.4,119.08,75.0,100.0,3.12,6.24,5.01,13.0,0.0,67.0,7.8,56.1,508.0,66.7,126424.4,81708.0,0.0,0.0
830,62.5,3.894,3893.5,85.25,13.0,32.8,0.0,0.1,2867.0,286.7,1000.0,2048.0,300.4,120.01,71.0,100.0,3.12,6.24,5.01,13.0,0.0,67.0,0.6,63.0,508.0,66.7,126424.4,81706.8,0.0,0.0
831,53.1,2.863,2863.4,84.75,13.1,32.8,0.0,0.0,2869.0,286.9,1000.0,2048.0,300.4,121.04,81.0,100.0,3.12,6.24,5.01,13.2,0.0,67.1,7.8,73.0,508.0,66.7,126424.4,81700.3,0.0,0.0
832,87.5,1.699,1699.2,83.375,17.9,32.8,0.0,0.0,2735.0,273.5,1000.0,2048.0,300.4,120.02,81.0,100.0,3.12,6.24,5.01,17.9,0.0,67.0,7.8,68.0,508.0,66.7,126424.4,81699.1,0.0,0.0
833,90.6,1.69,1690.3,82.5,18.4,32.8,0.0,0.0,2708.0,270.8,1000.0,2048.0,300.4,118.02,78.0,100.0,3.12,6.24,5.01,18.5,0.0,67.0,0.5,91.0,508.0,66.7,126424.4,81700.3,0.0,0.0
834,62.5,4.162,4161.9,84.0,15.0,32.8,0.0,0.0,2811.0,281.1,1000.0,2048.0,300.4,118.06,75.0,100.0,3.14,6.38,5.06,15.0,0.0,67.0,7.8,70.7,508.0,66.7,126424.4,81700.8,0.0,0.0
835,59.4,4.32,4320.2,86.25,13.5,32.8,0.0,0.0,2844.0,284.4,1000.0,2048.0,300.4,119.07,74.0,100.0,3.14,6.38,5.06,13.7,0.0,67.0,7.8,80.8,508.0,66.7,126424.4,81705.3,0.0,0.0
836,59.4,4.283,4282.7,88.5,14.1,32.8,0.0,0.0,2859.0,285.9,1000.0,2048.0,300.4,119.06,74.0,100.0,3.14,6.38,5.06,14.1,0.0,67.0,7.8,62.0,508.0,66.7,126424.4,81706.5,0.0,0.0
837,78.1,1.69,1690.1,88.0,15.5,32.8,0.0,0.0,2795.0,279.5,1000.0,2048.0,300.4,122.08,79.0,100.0,3.14,6.38,5.06,15.6,0.0,67.0,0.6,70.0,508.0,66.7,126424.4,81704.6,0.0,0.0
838,93.8,1.692,1692.5,85.375,18.1,32.8,0.0,0.0,2700.0,270.0,1000.0,2048.0,300.4,119.09,81.0,100.0,3.14,6.38,5.06,18.1,0.0,67.0,7.8,51.5,508.0,66.7,126424.4,81708.0,0.0,0.0
839,90.6,4.285,4285.0,83.875,18.2,32.8,0.0,0.0,2759.0,275.9,1000.0,2048.0,300.4,116.08,75.0,100.0,3.14,6.11,5.02,18.2,0.0,67.0,7.7,54.5,508.0,66.7,126424.4,81706.4,0.0,0.0
840,71.9,4.487,4487.1,85.5,14.3,32.8,0.0,0.0,2820.0,282.0,1000.0,2048.0,300.4,119.08,73.0,100.0,3.14,6.11,5.02,14.3,0.0,67.0,7.9,52.0,508.0,66.7,126424.4,81708.2,0.0,0.0
841,62.5,4.302,4301.8,86.25,13.9,32.8,0.0,0.0,2849.0,284.9,1000.0,2048.0,300.4,120.02,73.0,100.0,3.14,6.11,5.02,13.9,0.0,67.0,7.7,95.0,508.0,66.7,126424.4,81713.4,0.0,0.0
842,59.4,4.029,4029.3,85.875,12.8,32.8,0.0,0.0,2868.0,286.8,1000.0,2048.0,300.4,120.0,73.0,100.0,3.14,6.11,5.02,12.7,0.0,64.8,0.6,60.6,508.0,66.7,126424.4,81712.6,0.0,0.0
843,46.9,4.366,4365.8,86.75,12.6,32.8,0.0,0.0,2869.0,286.9,1000.0,2048.0,300.4,119.06,71.0,100.0,3.14,6.11,5.02,12.6,0.0,67.3,7.7,78.0,508.0,66.7,126424.4,81715.5,0.0,0.0
844,53.1,4.22,4219.6,87.0,12.3,32.8,0.0,0.0,2870.0,287.0,1000.0,2048.0,300.4,119.08,74.0,100.0,3.13,5.7,4.95,12.2,0.0,66.5,7.6,64.0,508.0,66.7,126424.4,81712.2,0.0,0.0
845,50.0,4.506,4505.8,87.625,12.3,32.8,0.0,0.0,2870.0,287.0,1000.0,2048.0,300.4,119.01,73.0,100.0,3.13,5.7,4.95,12.3,0.0,67.3,0.4,82.0,508.0,66.7,126424.4,81712.1,0.0,0.0
846,46.9,4.259,4259.3,89.875,9.2,32.8,0.0,0.0,1509.0,60.36,1000.0,2048.0,300.4,72.04,53.0,40.0,3.13,5.7,4.95,9.1,0.0,66.6,7.6,45.9,508.0,66.7,126424.4,81720.4,0.0,0.0
847,50.0,4.354,4353.9,89.75,9.1,32.8,0.0,0.1,935.0,14.02,1000.0,2048.0,300.4,52.09,53.0,15.0,3.13,5.7,4.95,9.1,0.0,67.3,7.6,48.5,508.0,66.7,126424.4,81720.3,0.0,0.0
848,34.4,4.077,4076.9,90.875,8.6,32.8,0.0,0.0,723.0,3.62,1000.0,2048.0,300.4,45.05,52.0,5.0,3.13,5.7,4.95,8.7,0.0,63.6,0.4,51.0,508.0,66.7,126424.4,81719.0,0.0,0.0
849,37.5,3.568,3568.0,91.0,8.2,32.8,0.0,0.0,645.0,1.29,1000.0,2048.0,300.4,41.09,51.0,2.0,3.11,5.25,4.87,7.9,0.0,67.0,7.6,52.5,508.0,66.7,126424.4,81718.8,0.0,0.0
850,43.8,3.318,3318.0,90.875,8.3,32.8,0.0,0.0,616.0,0.62,1000.0,2048.0,300.4,41.02,51.0,1.0,3.11,5.25,4.87,8.6,0.0,66.8,7.7,53.0,508.0,66.7,126424.4,81716.7,0.0,0.0
851,37.5,3.832,3832.4,90.375,8.6,32.8,0.0,0.0,606.0,0.0,1000.0,2048.0,300.4,41.05,51.0,0.0,3.11,5.25,4.87,8.5,0.0,66.8,0.3,53.0,508.0,66.7,126424.4,81720.4,0.0,0.0
852,46.9,3.726,3725.6,90.25,8.7,32.8,0.0,0.0,602.0,0.0,1000.0,2048.0,300.4,40.08,51.0,0.0,3.11,5.25,4.87,8.8,0.0,67.0,7.7,45.0,507.0,66.7,126424.4,81711.6,0.0,0.0
853,43.8,3.994,3994.5,90.5,12.4,32.8,0.0,0.0,1577.0,78.85,1000.0,2048.0,300.4,90.06,74.0,50.0,3.11,5.25,4.87,12.5,0.0,67.4,7.8,73.7,507.0,66.7,126424.4,81783.1,0.0,0.0
854,43.8,3.856,3856.5,88.625,13.2,32.8,0.0,0.0,2145.0,173.74,1000.0,2048.0,300.4,121.04,77.0,81.0,3.12,5.23,4.87,13.1,0.0,66.4,7.9,100.0,507.0,66.7,126424.4,81784.3,0.0,0.0
855,46.9,4.127,4126.9,89.125,13.2,32.8,0.0,0.0,2505.0,232.96,1000.0,2048.0,300.4,129.02,70.0,93.0,3.12,5.23,4.87,13.4,0.0,66.0,0.5,54.5,507.0,66.7,126424.4,81782.0,0.0,0.0
856,50.0,4.502,4501.7,90.875,14.0,32.8,0.0,1.0,2724.0,264.23,1000.0,2048.0,300.4,128.0,71.0,97.0,3.12,5.23,4.87,13.8,0.0,67.1,8.0,64.3,507.0,66.7,126424.4,81777.9,0.0,0.0
857,59.4,4.26,4259.9,91.875,13.3,32.8,0.0,0.0,2799.0,277.1,1000.0,2048.0,300.4,128.04,72.0,99.0,3.12,5.23,4.87,13.3,0.0,67.0,7.8,58.0,507.0,66.7,126424.4,81771.0,0.0,0.0
858,46.9,4.132,4131.9,92.625,13.4,32.8,0.0,0.0,2826.0,282.6,1000.0,2048.0,300.4,129.0,73.0,100.0,3.12,5.23,4.87,13.3,0.0,67.1,0.7,70.3,507.0,66.7,126424.4,81765.0,0.0,0.0
859,62.5,4.158,4157.8,93.5,13.2,32.8,0.0,0.0,2839.0,283.9,1000.0,2048.0,300.4,129.04,73.0,100.0,3.12,4.97,4.83,13.2,0.0,67.0,7.9,62.2,507.0,66.7,126424.4,81759.5,0.0,0.0
860,50.0,4.09,4090.3,93.625,13.6,32.8,0.0,0.0,2836.0,283.6,1000.0,2048.0,300.4,129.05,71.0,100.0,3.12,4.97,4.83,13.4,0.0,67.1,7.9,69.7,507.0,66.7,126424.4,81754.6,0.0,0.0
861,56.2,4.013,4013.5,92.875,13.0,32.8,0.0,0.1,2838.0,283.8,1000.0,2048.0,300.4,129.06,72.0,100.0,3.12,4.97,4.83,13.0,0.0,67.0,0.6,75.2,507.0,66.7,126424.4,81752.3,0.0,0.0
862,43.8,4.109,4108.8,92.625,12.9,32.8,0.0,0.0,2856.0,285.6,1000.0,2048.0,300.4,127.04,71.0,100.0,3.12,4.97,4.83,12.8,0.0,67.0,7.8,71.7,507.0,66.7,126424.4,81749.4,0.0,0.0
863,43.8,4.173,4173.0,91.5,13.1,32.8,0.0,0.0,2876.0,287.6,1000.0,2048.0,300.4,123.08,70.0,100.0,3.12,4.97,4.83,13.1,0.0,67.1,7.9,56.0,507.0,66.7,126424.4,81748.0,0.0,0.0
864,50.0,3.89,3889.5,91.25,13.7,32.8,0.0,0.0,2877.0,287.7,1000.0,2048.0,300.4,121.07,71.0,100.0,3.11,4.73,4.78,13.6,0.0,67.0,0.6,52.5,507.0,66.7,126424.4,81745.3,0.0,0.0
865,46.9,3.356,3355.9,92.5,13.8,32.8,0.0,0.0,2888.0,288.8,1000.0,2048.0,300.4,118.09,68.0,100.0,3.11,4.73,4.78,13.9,0.0,67.1,7.9,56.6,507.0,66.7,126424.4,81745.1,0.0,0.0
866,43.8,3.316,3316.5,93.75,13.5,32.8,0.0,0.0,2889.0,288.9,1000.0,2048.0,300.4,118.08,71.0,100.0,3.11,4.73,4.78,13.5,0.0,67.0,7.9,59.0,507.0,66.7,126424.4,81738.4,0.0,0.0
867,75.0,1.754,1754.1,90.125,17.0,32.8,0.0,0.0,2791.0,279.1,1000.0,2048.0,300.4,122.05,82.0,100.0,3.11,4.73,4.78,17.0,0.0,67.1,0.6,87.1,507.0,66.7,126424.4,81735.1,0.0,0.0
868,96.9,1.716,1716.2,86.0,19.5,32.8,0.0,0.0,2697.0,269.7,1000.0,2048.0,300.4,120.03,81.0,100.0,3.11,4.73,4.78,19.7,0.0,67.0,7.9,64.9,507.0,66.7,126424.4,81736.1,0.0,0.0
869,90.6,3.237,3237.3,83.0,19.4,32.8,0.0,0.1,2743.0,274.3,1000.0,2048.0,300.4,116.07,73.0,100.0,3.11,4.59,4.75,19.4,0.0,67.0,7.8,70.7,507.0,66.7,126424.4,81725.8,0.0,0.0
870,50.0,3.562,3562.0,86.875,14.4,32.8,0.0,0.0,2827.0,282.7,1000.0,2048.0,300.4,120.02,72.0,100.0,3.11,4.59,4.75,14.2,0.0,67.1,7.9,85.0,507.0,66.7,126424.4,81722.6,0.0,0.0
871,40.6,3.52,3520.4,86.75,13.3,32.8,0.0,0.0,2863.0,286.3,1000.0,2048.0,300.4,120.06,72.0,100.0,3.11,4.59,4.75,13.3,0.0,67.0,7.9,100.0,507.0,66.7,126424.4,81726.0,0.0,0.0
872,50.0,3.634,3634.4,86.875,13.6,32.8,0.0,0.0,2880.0,288.0,1000.0,2048.0,300.4,120.02,71.0,100.0,3.11,4.59,4.75,13.6,0.0,67.1,7.8,95.0,507.0,66.7,126424.4,81725.9,0.0,0.0
873,43.8,3.609,3609.3,86.625,13.5,32.8,0.0,0.0,2884.0,288.4,1000.0,2048.0,300.4,120.02,72.0,100.0,3.11,4.59,4.75,13.4,0.0,67.0,0.7,84.0,507.0,66.7,126424.4,81727.8,0.0,0.0
874,56.2,3.819,3819.1,85.75,13.6,32.8,0.0,0.0,2889.0,288.9,1000.0,2048.0,300.4,120.02,72.0,100.0,3.1,4.38,4.7,13.7,0.0,67.1,7.8,68.0,507.0,66.7,126424.4,81728.9,0.0,0.0
875,65.6,3.599,3598.8,85.0,13.7,32.8,0.0,0.0,2890.0,289.0,1000.0,2048.0,300.4,120.02,70.0,100.0,3.1,4.38,4.7,13.6,0.0,67.0,7.0,71.7,507.0,66.7,126424.4,81731.0,0.0,0.0
876,50.0,3.437,3437.4,85.625,13.9,32.8,0.0,0.0,2887.0,288.7,1000.0,2048.0,300.4,120.01,71.0,100.0,3.1,4.38,4.7,14.1,0.0,67.0,1.4,100.0,507.0,66.7,126424.4,81731.6,0.0,0.0
877,56.2,3.615,3615.0,84.5,13.9,32.8,0.0,0.0,2883.0,288.3,1000.0,2048.0,300.4,119.1,71.0,100.0,3.1,4.38,4.7,13.8,0.0,67.0,7.9,100.0,507.0,66.7,126424.4,81727.8,0.0,0.0
878,62.5,3.552,3551.6,84.375,14.0,32.8,0.0,0.0,2881.0,288.1,1000.0,2048.0,300.4,119.1,72.0,100.0,3.1,4.38,4.7,14.0,0.0,67.1,7.9,100.0,507.0,66.7,126424.4,81733.5,0.0,0.0
879,59.4,3.71,3710.0,84.75,14.0,32.8,0.0,0.0,2882.0,288.2,1000.0,2048.0,300.4,120.01,71.0,100.0,3.1,4.19,4.66,14.1,0.0,67.0,7.3,100.0,507.0,66.7,126424.4,81731.0,0.0,0.0
880,68.8,1.771,1771.2,83.0,15.5,32.8,0.0,0.1,2784.0,278.4,1000.0,2048.0,300.4,121.08,76.0,100.0,3.1,4.19,4.66,15.4,0.0,67.1,1.2,100.0,507.0,66.7,126424.4,81727.6,0.0,0.0
881,84.4,1.744,1743.6,81.75,18.6,32.8,0.0,0.0,2692.0,269.2,1000.0,2048.0,300.4,119.07,79.0,100.0,3.1,4.19,4.66,18.7,0.0,67.0,7.8,100.0,507.0,66.7,126424.4,81724.8,0.0,0.0
882,84.4,1.722,1721.9,80.5,19.4,32.8,0.0,0.0,2723.0,272.3,1000.0,2048.0,300.4,116.07,74.0,100.0,3.1,4.19,4.66,19.2,0.0,67.0,7.9,100.0,507.0,66.7,126424.4,81721.3,0.0,0.0
883,62.5,3.784,3784.3,81.875,14.4,32.8,0.0,0.0,2819.0,281.9,1000.0,2048.0,300.4,119.1,72.0,100.0,3.1,4.19,4.66,14.5,0.0,67.0,7.8,100.0,507.0,66.7,126424.4,81725.0,0.0,0.0
884,53.1,3.741,3740.7,81.5,13.7,32.8,0.0,0.0,2862.0,286.2,1000.0,2048.0,300.4,120.03,71.0,100.0,3.09,4.02,4.61,13.6,0.0,67.1,7.7,100.0,507.0,66.7,126424.4,81726.2,0.0,0.0
885,68.8,3.478,3477.9,80.75,13.9,32.8,0.0,0.0,2876.0,287.6,1000.0,2048.0,300.4,120.02,73.0,100.0,3.09,4.02,4.61,13.9,0.0,67.0,0.8,100.0,507.0,66.7,126424.4,81724.8,0.0,0.0
886,65.6,3.893,3892.8,81.125,14.0,32.8,0.0,1.0,2882.0,288.2,1000.0,2048.0,300.4,120.03,72.0,100.0,3.09,4.02,4.61,14.0,0.0,67.0,7.8,100.0,507.0,66.7,126424.4,81722.7,0.0,0.0
887,68.8,3.306,3306.2,81.5,13.9,32.8,0.0,0.0,2884.0,288.4,1000.0,2048.0,300.4,119.09,69.0,100.0,3.09,4.02,4.61,13.9,0.0,67.0,7.9,48.5,507.0,66.7,126424.4,81728.2,0.0,0.0
888,59.4,3.606,3605.9,82.625,13.9,32.8,0.0,0.0,2889.0,288.9,1000.0,2048.0,300.4,120.02,72.0,100.0,3.09,4.02,4.61,13.8,0.0,67.1,7.8,79.8,507.0,66.7,126424.4,81725.5,0.0,0.0
889,59.4,3.186,3186.4,83.625,13.8,32.8,0.0,0.0,2890.0,289.0,1000.0,2048.0,300.4,120.01,72.0,100.0,3.13,4.5,4.7,13.8,0.0,67.0,0.6,99.0,507.0,66.7,126424.4,81722.8,0.0,0.0
890,53.1,3.723,3722.9,85.0,14.1,32.8,0.0,0.0,2889.0,288.9,1000.0,2048.0,300.4,120.02,72.0,100.0,3.13,4.5,4.7,14.1,0.0,67.0,7.8,98.0,507.0,66.7,126424.4,81723.7,0.0,0.0
891,59.4,3.597,3597.3,85.5,14.6,32.8,0.0,0.0,2887.0,288.7,1000.0,2048.0,300.4,119.08,71.0,100.0,3.13,4.5,4.7,14.5,0.0,67.1,7.9,76.2,507.0,66.7,126424.4,81722.7,0.0,0.0
892,53.1,3.768,3767.7,85.125,13.9,32.8,0.0,0.0,2885.0,288.5,1000.0,2048.0,300.4,120.0,73.0,100.0,3.13,4.5,4.7,13.9,0.0,67.0,0.6,100.0,507.0,66.7,126424.4,81720.6,0.0,0.0
893,50.0,3.579,3579.3,84.5,13.9,32.8,0.0,0.0,2883.0,288.3,1000.0,2048.0,300.4,120.0,72.0,100.0,3.13,4.5,4.7,13.8,0.0,67.0,7.8,100.0,507.0,66.7,126424.4,81719.7,0.0,0.0
894,56.2,3.389,3389.2,85.375,13.8,32.8,0.0,0.1,2788.0,270.44,1000.0,2048.0,300.4,119.05,77.0,97.0,3.12,4.3,4.66,13.8,0.0,67.1,7.9,92.0,507.0,66.7,126424.4,81723.5,0.0,0.0
895,96.9,1.721,1721.0,83.25,18.5,32.8,0.0,0.0,2713.0,268.59,1000.0,2048.0,300.4,120.03,79.0,99.0,3.12,4.3,4.66,18.6,0.0,67.0,7.8,91.0,507.0,66.7,126424.4,81730.0,0.0,0.0
896,100.0,1.718,1718.3,81.875,19.4,32.8,0.0,0.0,2697.0,267.0,1000.0,2048.0,300.4,118.07,77.0,99.0,3.12,4.3,4.66,19.3,0.0,67.0,7.8,60.0,507.0,66.7,126424.4,81732.1,0.0,0.0
897,84.4,3.882,3882.0,81.25,15.5,32.8,0.0,0.1,2815.0,281.5,1000.0,2048.0,300.4,119.03,75.0,100.0,3.12,4.3,4.66,15.7,0.0,67.0,7.9,53.5,507.0,66.7,126424.4,81727.4,0.0,0.0
898,59.4,3.698,3698.4,82.25,14.3,32.8,0.0,0.0,2857.0,285.7,1000.0,2048.0,300.4,120.04,73.0,100.0,3.12,4.3,4.66,14.3,0.0,67.0,0.6,72.0,507.0,66.7,126424.4,81728.2,0.0,0.0
899,59.4,3.491,3491.0,83.625,14.2,32.8,0.0,0.0,2876.0,287.6,1000.0,2048.0,300.4,120.04,73.0,100.0,3.11,4.03,4.6,14.3,0.0,67.1,7.8,100.0,507.0,66.7,126424.4,81726.5,0.0,0.0
