elapsed_sec,board_power_w,cores_active_percent,cpu_freq_ghz,cpu_freq_mhz,cpu_temp,cpu_total,disk_percent,disk_read_rate_mbps,disk_write_rate_mbps,gpu_clock_mhz,gpu_effective_throughput,gpu_temp,gpu_util,load_15m,load_1m,load_5m,mean_core_util,net_errors,net_recv_rate_mbps,net_sent_rate_mbps,peak_core_util,process_count,ram_percent,ram_total_mb,ram_used_mb,swap_percent
0,89.74,0.0,2.584,2584.3,44.9,0.0,13.6,0.0,0.0,1575.0,152.78,45.6,97.0,1.31,1.15,0.67,0.0,1.0,0.0,0.0,0.0,542.0,58.0,125771.7,71191.7,2.9
1,91.42,100.0,2.187,2187.0,45.2,48.8,13.6,0.0,0.1,1575.0,154.35,45.8,98.0,1.31,1.15,0.67,49.8,1.0,66.7,0.3,92.4,542.0,58.0,125771.7,71180.9,2.9
2,88.28,100.0,2.273,2273.1,45.8,51.6,13.6,0.0,0.0,1575.0,152.78,46.1,97.0,1.34,1.62,0.78,52.4,1.0,66.5,0.3,91.5,542.0,58.0,125771.7,71187.9,2.9
3,93.76,100.0,2.313,2313.0,46.1,49.6,13.6,0.0,0.2,1575.0,152.78,46.3,97.0,1.34,1.62,0.78,50.7,1.0,66.1,0.3,91.8,542.0,58.0,125771.7,71189.0,2.9
4,89.12,100.0,2.119,2118.9,46.4,49.9,13.6,0.0,0.0,1575.0,152.78,46.7,97.0,1.34,1.62,0.78,50.5,1.0,66.8,0.3,89.0,543.0,58.0,125771.7,71189.0,2.9
5,89.53,100.0,2.236,2235.9,46.6,51.6,13.6,0.0,0.0,1575.0,148.05,46.9,94.0,1.34,1.62,0.78,52.7,1.0,66.9,0.4,92.0,543.0,58.0,125771.7,71189.4,2.9
6,90.57,100.0,2.15,2149.7,47.6,48.5,13.6,0.0,0.0,1575.0,154.35,47.1,98.0,1.34,1.62,0.78,49.1,1.0,67.0,0.3,90.6,543.0,58.0,125771.7,71187.5,2.9
7,95.38,100.0,2.127,2126.6,47.4,51.4,13.6,0.0,0.0,1575.0,152.78,47.3,97.0,1.36,1.97,0.86,52.4,1.0,66.0,0.3,91.1,543.0,58.0,125771.7,71188.5,2.9
8,92.64,100.0,2.156,2156.1,47.7,49.5,13.6,0.0,0.1,1575.0,154.35,47.5,98.0,1.36,1.97,0.86,50.8,1.0,66.3,0.3,90.8,543.0,58.0,125771.7,71187.7,2.9
9,89.1,100.0,1.862,1861.7,47.8,49.4,13.6,0.0,0.0,1575.0,152.78,47.8,97.0,1.36,1.97,0.86,50.0,1.0,68.0,0.3,88.8,543.0,58.0,125771.7,71187.5,2.9
10,92.61,100.0,2.015,2014.7,47.8,53.2,13.6,0.0,0.0,1575.0,154.35,47.8,98.0,1.36,1.97,0.86,54.2,1.0,65.5,0.3,91.1,543.0,58.0,125771.7,71188.6,2.9
11,89.47,100.0,1.869,1869.4,48.2,49.7,13.6,0.0,0.2,1575.0,152.78,48.1,97.0,1.36,1.97,0.86,50.6,1.0,65.7,0.3,91.7,541.0,58.0,125771.7,71188.7,2.9
12,92.56,100.0,1.916,1915.7,48.2,50.5,13.6,0.0,0.0,1575.0,154.35,48.4,98.0,1.4,2.54,1.0,51.7,1.0,66.5,0.3,92.2,541.0,58.0,125771.7,71189.4,2.9
13,89.99,100.0,2.101,2100.9,48.4,50.5,13.6,0.0,0.0,1575.0,152.78,48.5,97.0,1.4,2.54,1.0,50.9,1.0,66.1,0.3,90.6,542.0,58.0,125771.7,71189.2,2.9
14,88.8,100.0,2.064,2063.6,48.3,48.8,13.6,0.0,0.1,1575.0,154.35,48.6,98.0,1.4,2.54,1.0,49.0,1.0,66.4,0.3,75.0,542.0,58.0,125771.7,71194.7,2.9
15,91.0,100.0,2.088,2088.0,48.3,52.2,13.6,0.0,0.0,1575.0,151.2,48.8,96.0,1.4,2.54,1.0,53.2,1.0,67.0,0.4,90.7,542.0,58.0,125771.7,71197.7,2.9
16,92.28,100.0,2.352,2351.6,48.6,50.8,13.6,0.0,0.0,1575.0,154.35,49.1,98.0,1.4,2.54,1.0,51.7,1.0,66.3,0.3,91.9,543.0,58.0,125771.7,71199.6,2.9
17,88.32,100.0,1.922,1922.1,48.6,50.8,13.6,0.0,0.0,1575.0,151.2,49.1,96.0,1.45,3.05,1.13,51.9,1.0,66.1,0.3,90.8,543.0,58.0,125771.7,71200.1,2.9
18,88.07,100.0,2.344,2343.9,48.9,51.1,13.6,0.0,0.0,1575.0,154.35,49.3,98.0,1.45,3.05,1.13,52.1,1.0,65.9,0.3,92.0,543.0,58.0,125771.7,71193.4,2.9
19,35.17,100.0,1.931,1931.1,48.4,49.1,13.6,0.0,0.0,1512.0,0.0,46.9,0.0,1.45,3.05,1.13,49.9,1.0,66.4,0.3,89.5,543.0,58.0,125771.7,71193.4,2.9
20,88.53,100.0,1.916,1915.7,48.7,52.9,13.6,0.0,0.2,1575.0,154.35,49.3,98.0,1.45,3.05,1.13,53.6,1.0,66.5,0.3,91.7,543.0,58.0,125771.7,71221.2,2.9
21,94.65,100.0,2.141,2140.7,49.1,52.5,13.6,0.0,0.1,1575.0,154.35,49.6,98.0,1.45,3.05,1.13,53.2,1.0,66.4,0.3,91.5,542.0,58.0,125771.7,71220.7,2.9
22,88.54,100.0,2.056,2055.9,49.1,48.6,13.6,0.0,0.0,1575.0,152.78,49.6,97.0,1.51,3.93,1.35,49.3,1.0,66.5,0.3,91.8,542.0,58.0,125771.7,71218.1,2.9
23,90.49,100.0,2.002,2001.9,49.4,52.4,13.6,0.0,0.0,1575.0,113.4,49.6,72.0,1.51,3.93,1.35,53.2,1.0,66.4,0.4,91.1,542.0,58.1,125771.7,71221.7,2.9
24,88.13,100.0,2.164,2163.9,49.9,51.5,13.6,0.0,0.0,1575.0,154.35,50.0,98.0,1.51,3.93,1.35,52.5,1.0,66.5,0.2,92.0,542.0,58.0,125771.7,71219.2,2.9
25,89.09,100.0,2.172,2171.6,49.8,51.0,13.6,0.0,0.1,1575.0,151.2,50.0,96.0,1.51,3.93,1.35,51.9,1.0,66.4,0.3,90.7,542.0,58.1,125771.7,71225.5,2.9
26,86.49,100.0,2.031,2031.4,49.9,53.9,13.6,0.0,0.0,1575.0,152.78,50.3,97.0,1.51,3.93,1.35,54.8,1.0,66.4,0.4,90.9,542.0,58.1,125771.7,71221.5,2.9
27,89.04,100.0,2.296,2296.3,50.0,50.7,13.6,0.0,0.0,1575.0,154.35,50.3,98.0,1.57,4.58,1.52,51.3,1.0,66.4,0.2,90.4,542.0,58.0,125771.7,71220.3,2.9
28,91.76,100.0,1.854,1854.0,50.3,51.8,13.6,0.0,0.2,1575.0,154.35,50.5,98.0,1.57,4.58,1.52,52.8,1.0,66.4,0.4,90.8,541.0,58.0,125771.7,71220.9,2.9
29,90.87,100.0,2.008,2008.3,50.4,53.5,13.6,0.0,0.0,1575.0,154.35,50.6,98.0,1.57,4.58,1.52,54.5,1.0,66.4,0.3,92.1,541.0,58.0,125771.7,71220.6,2.9
30,90.35,100.0,2.514,2513.6,50.5,50.5,13.6,0.0,0.1,1575.0,148.05,50.7,94.0,1.57,4.58,1.52,51.8,1.0,66.5,0.3,91.1,541.0,58.1,125771.7,71261.8,2.9
31,92.13,100.0,2.001,2000.6,50.6,49.8,13.6,0.0,0.0,1575.0,154.35,50.9,98.0,1.57,4.58,1.52,50.2,1.0,66.4,0.3,88.1,541.0,58.1,125771.7,71226.2,2.9
32,91.7,100.0,2.08,2080.3,50.9,50.7,13.6,0.0,0.0,1575.0,146.48,51.0,93.0,1.64,5.41,1.75,51.6,1.0,66.5,0.3,91.2,541.0,58.1,125771.7,71221.6,2.9
33,89.97,100.0,2.133,2133.0,51.2,50.6,13.6,0.0,0.1,1575.0,154.35,51.2,98.0,1.64,5.41,1.75,51.5,1.0,66.4,0.3,89.9,541.0,58.0,125771.7,71217.5,2.9
34,90.5,100.0,1.917,1917.0,51.0,51.1,13.6,0.0,0.0,1575.0,149.62,51.2,95.0,1.64,5.41,1.75,52.3,1.0,66.5,0.3,92.1,541.0,58.1,125771.7,71222.0,2.9
35,89.67,100.0,2.04,2040.4,51.1,52.0,13.6,0.0,0.0,1575.0,152.78,51.4,97.0,1.64,5.41,1.75,52.9,1.0,66.4,0.3,90.5,541.0,58.0,125771.7,71219.4,2.9
36,87.06,100.0,2.249,2248.7,51.5,50.4,13.6,0.0,0.0,1575.0,148.05,51.2,94.0,1.64,5.41,1.75,51.7,1.0,66.4,0.3,91.9,541.0,58.1,125771.7,71223.2,2.9
37,86.53,100.0,2.048,2048.1,51.3,52.1,13.6,0.0,0.2,1575.0,152.78,51.6,97.0,1.7,6.02,1.94,52.8,1.0,66.4,0.3,91.9,541.0,58.0,125771.7,71220.6,2.9
38,89.63,100.0,2.334,2333.6,51.6,52.4,13.6,0.0,0.0,1575.0,151.2,51.5,96.0,1.7,6.02,1.94,53.1,1.0,66.4,0.3,90.9,541.0,58.1,125771.7,71229.0,2.9
39,89.87,100.0,2.102,2102.1,51.5,51.1,13.6,0.0,0.1,1575.0,154.35,51.8,98.0,1.7,6.02,1.94,52.3,1.0,66.5,0.3,91.7,541.0,58.1,125771.7,71228.6,2.9
40,88.06,100.0,2.132,2131.7,51.7,52.3,13.6,0.0,0.0,1575.0,152.78,51.8,97.0,1.7,6.02,1.94,53.3,1.0,66.4,0.3,92.3,541.0,58.1,125771.7,71227.5,2.9
41,88.12,100.0,2.388,2387.6,51.9,50.3,13.6,0.0,0.0,1575.0,154.35,51.9,98.0,1.7,6.02,1.94,51.1,1.0,66.4,0.3,90.7,541.0,58.1,125771.7,71227.5,2.9
42,87.35,100.0,2.002,2001.9,51.9,49.6,13.6,0.0,0.0,1575.0,152.78,52.0,97.0,1.74,6.26,2.05,50.4,1.0,66.5,0.3,89.8,541.0,58.1,125771.7,71227.2,2.9
43,88.21,100.0,2.01,2009.6,52.0,51.7,13.6,0.0,0.0,1575.0,152.78,52.2,97.0,1.74,6.26,2.05,52.6,1.0,66.4,0.3,90.2,541.0,58.1,125771.7,71228.6,2.9
44,93.15,100.0,1.902,1901.6,52.2,52.1,13.6,0.0,0.0,1575.0,152.78,52.2,97.0,1.74,6.26,2.05,52.6,1.0,66.4,0.2,91.0,541.0,58.1,125771.7,71223.3,2.9
45,80.99,100.0,1.947,1946.6,52.2,51.8,13.6,0.0,0.2,1575.0,154.35,52.2,98.0,1.74,6.26,2.05,53.0,1.0,66.5,0.3,91.1,541.0,58.1,125771.7,71226.1,2.9
46,88.44,100.0,2.249,2248.7,52.2,51.6,13.6,0.0,0.0,1575.0,152.78,52.4,97.0,1.74,6.26,2.05,52.4,1.0,66.4,0.3,90.6,541.0,58.1,125771.7,71223.1,2.9
47,83.86,100.0,1.97,1969.7,52.3,51.4,13.6,0.0,0.0,1575.0,154.35,52.4,98.0,1.79,6.64,2.2,52.0,1.0,66.4,0.4,91.2,541.0,58.1,125771.7,71226.9,2.9
48,88.39,100.0,2.096,2095.7,52.8,50.9,13.6,0.0,0.0,1575.0,154.35,52.5,98.0,1.79,6.64,2.2,51.7,1.0,66.4,0.2,92.4,541.0,58.1,125771.7,71224.7,2.9
49,92.9,100.0,1.855,1855.3,52.5,49.6,13.6,0.0,0.0,1575.0,154.35,52.7,98.0,1.79,6.64,2.2,50.7,1.0,66.4,0.3,89.8,541.0,58.1,125771.7,71227.2,2.9
50,80.75,100.0,2.064,2063.6,51.7,49.7,13.6,0.0,0.1,1575.0,151.2,51.4,96.0,1.79,6.64,2.2,50.3,1.0,66.4,0.3,89.8,541.0,58.1,125771.7,71255.0,2.9
51,88.2,100.0,2.438,2437.7,52.4,50.0,13.6,0.0,0.0,1575.0,152.78,52.3,97.0,1.79,6.64,2.2,50.8,1.0,66.4,0.3,89.7,541.0,58.1,125771.7,71243.9,2.9
52,86.22,100.0,2.04,2040.4,52.3,48.7,13.6,0.0,0.0,1575.0,152.78,52.5,97.0,1.84,6.99,2.35,49.4,1.0,66.5,0.3,89.3,541.0,58.1,125771.7,71249.7,2.9
53,87.55,100.0,1.886,1886.1,52.4,50.4,13.6,0.0,0.0,1575.0,154.35,52.6,98.0,1.84,6.99,2.35,50.8,1.0,66.4,0.3,88.6,541.0,58.1,125771.7,71238.6,2.9
54,92.97,100.0,2.35,2350.3,52.6,49.3,13.6,0.0,0.2,1575.0,154.35,52.8,98.0,1.84,6.99,2.35,49.9,1.0,66.5,0.3,91.3,541.0,58.1,125771.7,71243.2,2.9
55,89.81,100.0,2.236,2235.9,52.8,50.1,13.6,0.0,0.1,1575.0,148.05,52.8,94.0,1.84,6.99,2.35,50.9,1.0,66.4,0.3,91.1,541.0,58.1,125771.7,71237.6,2.9
56,86.02,100.0,1.98,1980.0,52.7,49.8,13.6,0.0,0.0,1575.0,154.35,53.0,98.0,1.84,6.99,2.35,50.9,1.0,66.4,0.3,92.0,541.0,58.1,125771.7,71237.8,2.9
57,89.34,100.0,2.118,2117.6,52.9,52.1,13.6,0.0,0.0,1575.0,152.78,53.0,97.0,1.9,7.47,2.53,52.4,1.0,66.3,0.2,88.6,541.0,58.1,125771.7,71237.6,2.9
58,91.26,100.0,2.304,2304.0,53.2,49.1,13.6,0.0,0.0,1575.0,152.78,53.1,97.0,1.9,7.47,2.53,50.1,1.0,66.4,0.3,91.1,541.0,58.1,125771.7,71243.0,2.9
59,88.7,100.0,1.993,1992.9,53.0,49.5,13.6,0.0,0.0,1575.0,154.35,53.2,98.0,1.9,7.47,2.53,50.3,1.0,66.4,0.3,91.2,541.0,58.1,125771.7,71241.7,2.9
60,58.99,100.0,2.444,2444.1,53.3,49.7,13.6,0.0,0.0,1575.0,144.9,53.1,92.0,1.9,7.47,2.53,50.3,1.0,66.4,0.3,92.1,541.0,58.1,125771.7,71258.0,2.9
61,89.32,100.0,2.195,2194.7,53.2,48.9,13.6,0.0,0.0,1575.0,154.35,53.5,98.0,1.9,7.47,2.53,49.8,1.0,66.4,0.3,92.4,540.0,58.1,125771.7,71240.8,2.9
62,86.92,100.0,1.862,1861.7,53.2,50.4,13.6,0.0,0.3,1575.0,140.18,53.4,89.0,1.94,7.59,2.63,51.3,1.0,66.4,0.3,91.2,540.0,58.1,125771.7,71237.8,2.9
63,87.58,100.0,2.154,2153.6,53.4,51.6,13.6,0.0,0.0,1575.0,154.35,53.5,98.0,1.94,7.59,2.63,52.6,1.0,66.5,0.3,91.3,540.0,58.1,125771.7,71240.4,2.9
64,86.43,100.0,2.444,2444.1,53.4,49.5,13.6,0.0,0.0,1575.0,152.78,53.6,97.0,1.94,7.59,2.63,50.2,1.0,66.4,0.2,92.2,540.0,58.1,125771.7,71247.7,2.9
65,86.82,100.0,1.984,1983.9,53.6,50.3,13.6,0.0,0.1,1575.0,154.35,53.7,98.0,1.94,7.59,2.63,51.3,1.0,66.4,0.3,91.2,541.0,58.1,125771.7,71247.1,2.9
66,85.98,100.0,2.202,2202.4,53.7,50.5,13.6,0.0,0.0,1575.0,152.78,53.9,97.0,1.94,7.59,2.63,51.2,1.0,66.4,0.3,91.2,541.0,58.1,125771.7,71241.4,2.9
67,91.14,100.0,2.055,2054.6,53.6,50.0,13.6,0.0,0.0,1575.0,152.78,53.9,97.0,1.98,7.71,2.74,50.7,1.0,66.3,0.3,90.7,541.0,58.1,125771.7,71240.7,2.9
68,91.63,100.0,1.884,1883.6,53.6,51.1,13.6,0.0,0.0,1575.0,154.35,53.9,98.0,1.98,7.71,2.74,52.2,1.0,66.4,0.2,90.8,541.0,58.1,125771.7,71236.5,2.9
69,91.1,100.0,2.033,2032.7,53.8,51.4,13.6,0.0,0.0,1575.0,154.35,54.1,98.0,1.98,7.71,2.74,52.5,1.0,66.5,0.3,91.3,541.0,58.1,125771.7,71240.9,2.9
70,90.04,100.0,2.119,2118.9,54.2,50.0,13.6,0.0,0.2,1575.0,152.78,54.2,97.0,1.98,7.71,2.74,50.6,1.0,66.3,0.3,89.9,541.0,58.1,125771.7,71238.0,2.9
71,83.56,100.0,1.923,1923.4,54.0,49.6,13.6,0.0,0.0,1575.0,135.45,54.3,86.0,1.98,7.71,2.74,50.3,1.0,66.5,0.3,91.0,541.0,58.1,125771.7,71238.1,2.9
72,94.78,100.0,1.993,1992.9,54.0,51.3,13.6,0.0,0.0,1575.0,154.35,54.7,98.0,2.02,7.81,2.84,52.2,1.0,66.4,0.3,91.1,541.0,58.1,125771.7,71238.7,2.9
73,93.19,100.0,1.986,1986.4,54.5,49.7,13.6,0.0,0.1,1575.0,152.78,54.8,97.0,2.02,7.81,2.84,50.9,1.0,66.4,0.2,92.0,542.0,58.1,125771.7,71242.0,2.9
74,91.07,100.0,1.979,1978.7,54.3,51.0,13.6,0.0,0.0,1575.0,154.35,54.9,98.0,2.02,7.81,2.84,52.3,1.0,66.4,0.3,91.1,542.0,58.1,125771.7,71242.5,2.9
75,92.37,100.0,2.016,2016.0,54.6,51.2,13.6,0.0,0.0,1575.0,154.35,55.0,98.0,2.02,7.81,2.84,52.3,1.0,66.4,0.3,91.0,542.0,58.1,125771.7,71242.6,2.9
76,93.64,100.0,2.241,2241.0,54.6,51.0,13.6,0.0,0.0,1575.0,143.32,55.2,91.0,2.02,7.81,2.84,51.9,1.0,66.5,0.3,90.7,542.0,58.1,125771.7,71241.7,2.9
77,71.39,100.0,1.893,1892.6,54.0,52.1,13.6,0.0,0.0,1575.0,152.78,55.0,97.0,2.06,7.9,2.95,52.9,1.0,66.4,0.3,91.0,542.0,58.8,125771.7,72121.8,2.9
78,78.96,100.0,2.281,2280.9,53.5,51.9,13.6,0.0,0.0,1575.0,152.78,55.1,97.0,2.06,7.9,2.95,53.1,1.0,66.3,0.3,91.8,542.0,58.8,125771.7,72115.7,2.9
79,73.36,100.0,2.506,2505.9,54.1,51.6,13.6,0.0,0.2,1575.0,152.78,53.2,97.0,2.06,7.9,2.95,52.4,1.0,66.5,0.3,91.1,542.0,58.8,125771.7,72122.8,2.9
80,90.73,100.0,2.498,2498.1,54.3,53.0,13.6,0.0,0.1,1575.0,154.35,54.5,98.0,2.06,7.9,2.95,53.8,1.0,66.3,0.2,90.7,542.0,59.1,125771.7,72590.2,2.9
81,96.06,100.0,1.93,1929.9,54.3,48.7,13.6,0.0,0.0,1575.0,152.78,54.8,97.0,2.06,7.9,2.95,49.3,1.0,66.4,0.3,91.1,542.0,59.1,125771.7,72590.0,2.9
82,89.14,100.0,1.985,1985.1,54.5,51.7,13.6,0.0,0.0,1575.0,143.32,55.1,91.0,2.11,8.23,3.1,52.7,1.0,66.4,0.3,92.0,542.0,59.1,125771.7,72589.8,2.9
83,95.44,100.0,1.916,1915.7,54.8,51.4,13.6,0.0,0.0,1575.0,154.35,55.3,98.0,2.11,8.23,3.1,52.3,1.0,66.4,0.3,91.1,542.0,59.1,125771.7,72591.5,2.9
84,96.97,100.0,2.102,2102.1,55.0,49.1,13.6,0.0,0.1,1575.0,154.35,55.5,98.0,2.11,8.23,3.1,50.2,1.0,66.5,0.2,88.2,542.0,59.1,125771.7,72589.3,2.9
85,100.31,100.0,1.907,1906.7,54.9,49.6,13.6,0.0,0.1,1575.0,154.35,55.6,98.0,2.11,8.23,3.1,50.5,1.0,66.4,0.3,92.0,542.0,59.1,125771.7,72590.5,2.9
86,90.15,100.0,2.133,2133.0,55.3,50.3,13.6,0.0,0.0,1575.0,152.78,55.7,97.0,2.11,8.23,3.1,51.6,1.0,66.4,0.3,91.3,542.0,59.1,125771.7,72590.1,2.9
87,93.46,100.0,2.03,2030.1,55.7,50.1,13.6,0.0,0.1,1575.0,154.35,55.8,98.0,2.14,8.13,3.16,51.1,1.0,66.4,0.3,89.4,542.0,59.1,125771.7,72588.4,2.9
88,70.5,100.0,1.899,1899.0,54.2,50.7,13.6,0.0,0.0,1575.0,152.78,55.2,97.0,2.14,8.13,3.16,51.6,1.0,66.5,0.3,89.8,542.0,59.8,125771.7,73376.6,2.9
89,79.96,100.0,2.119,2118.9,53.9,51.3,13.6,0.0,0.0,1575.0,154.35,56.1,98.0,2.14,8.13,3.16,52.6,1.0,66.4,0.2,90.5,542.0,59.7,125771.7,73303.8,2.9
90,83.07,100.0,2.309,2309.1,54.2,50.0,13.6,0.0,0.0,1575.0,107.1,54.0,68.0,2.14,8.13,3.16,50.9,1.0,66.4,0.3,89.7,542.0,60.1,125771.7,73783.9,2.9
91,91.69,100.0,2.107,2107.3,54.8,49.0,13.6,0.0,0.2,1575.0,151.2,55.3,96.0,2.14,8.13,3.16,50.0,1.0,66.4,0.3,92.1,542.0,60.1,125771.7,73774.1,2.9
92,92.53,100.0,1.968,1968.4,55.2,49.4,13.6,0.0,0.3,1575.0,154.35,55.6,98.0,2.23,9.08,3.44,50.6,1.0,66.3,0.2,92.0,542.0,60.1,125771.7,73772.4,2.9
93,95.65,100.0,2.201,2201.1,55.2,50.3,13.6,0.0,0.0,1575.0,154.35,55.8,98.0,2.23,9.08,3.44,51.8,1.0,66.4,0.3,91.8,540.0,60.1,125771.7,73773.6,2.9
94,95.49,100.0,1.808,1807.7,55.4,48.3,13.6,0.0,0.0,1575.0,143.32,55.8,91.0,2.23,9.08,3.44,49.2,1.0,66.4,0.3,89.8,540.0,60.1,125771.7,73770.7,2.9
95,93.02,100.0,1.837,1837.3,55.5,48.9,13.6,0.0,0.0,1575.0,154.35,56.1,98.0,2.23,9.08,3.44,49.2,1.0,66.4,0.2,88.5,540.0,60.1,125771.7,73772.2,2.9
96,88.52,100.0,1.692,1692.0,55.6,50.3,13.6,0.0,0.1,1575.0,141.75,56.0,90.0,2.23,9.08,3.44,51.5,1.0,66.4,0.3,90.7,540.0,60.1,125771.7,73774.4,2.9
97,88.32,100.0,1.848,1847.6,55.6,46.3,13.6,0.0,0.0,1575.0,154.35,56.1,98.0,2.25,8.84,3.48,47.0,1.0,66.4,0.2,90.1,540.0,60.1,125771.7,73772.3,2.9
98,86.73,100.0,1.731,1730.6,55.8,43.9,13.6,0.0,0.0,1575.0,152.78,56.2,97.0,2.25,8.84,3.48,45.1,1.0,66.4,0.3,89.5,540.0,60.1,125771.7,73772.0,2.9
99,91.43,100.0,1.815,1815.4,55.8,45.0,13.6,0.0,0.2,1575.0,121.28,56.1,77.0,2.25,8.84,3.48,46.2,1.0,66.4,0.2,90.6,540.0,60.1,125771.7,73774.0,2.9
100,90.33,100.0,1.754,1753.7,55.7,44.6,13.6,0.0,0.0,1575.0,154.35,56.4,98.0,2.25,8.84,3.48,45.4,1.0,66.3,0.2,91.2,540.0,60.1,125771.7,73772.8,2.9
101,92.37,100.0,1.653,1653.4,55.7,45.6,13.6,0.0,0.0,1575.0,154.35,56.4,98.0,2.25,8.84,3.48,47.0,1.0,66.4,0.3,90.9,540.0,60.1,125771.7,73774.6,2.9
102,91.82,100.0,1.737,1737.0,56.2,45.9,13.6,0.0,0.1,1575.0,149.62,56.5,95.0,2.27,8.53,3.51,46.8,1.0,66.3,0.2,92.0,540.0,60.1,125771.7,73775.1,2.9
103,93.22,100.0,1.809,1809.0,56.5,44.8,13.6,0.0,0.0,1575.0,154.35,56.6,98.0,2.27,8.53,3.51,45.7,1.0,66.4,0.2,90.5,541.0,60.1,125771.7,73774.1,2.9
104,91.61,100.0,1.686,1685.6,56.7,46.7,13.6,0.0,0.0,1575.0,154.35,56.8,98.0,2.27,8.53,3.51,48.1,1.0,66.4,0.3,93.3,541.0,60.1,125771.7,73776.0,2.9
105,93.27,100.0,1.746,1746.0,56.7,48.0,13.6,0.0,0.0,1575.0,151.2,56.8,96.0,2.27,8.53,3.51,48.8,1.0,66.3,0.2,89.5,541.0,60.1,125771.7,73772.6,2.9
106,74.85,100.0,2.258,2257.7,56.1,47.7,13.6,0.0,0.0,1575.0,154.35,56.8,98.0,2.27,8.53,3.51,48.5,1.0,66.4,0.3,90.8,541.0,59.1,125771.7,72588.1,2.9
107,73.56,100.0,2.17,2170.3,55.5,52.7,13.6,0.0,0.0,1575.0,152.78,56.6,97.0,2.32,8.81,3.65,54.0,1.0,66.4,0.2,93.2,541.0,59.1,125771.7,72604.4,2.9
108,37.13,100.0,2.233,2233.3,56.1,49.8,13.6,0.0,0.0,1548.0,0.0,53.9,0.0,2.32,8.81,3.65,51.0,1.0,66.4,0.3,93.3,541.0,59.1,125771.7,72585.6,2.9
109,97.89,100.0,1.853,1852.7,56.2,49.9,13.6,0.0,0.2,1575.0,154.35,57.2,98.0,2.32,8.81,3.65,51.4,1.0,66.4,0.3,92.9,540.0,59.5,125771.7,73070.5,2.9
110,99.01,100.0,1.814,1814.1,56.6,49.5,13.6,0.0,0.1,1575.0,154.35,57.7,98.0,2.32,8.81,3.65,50.5,1.0,66.5,0.3,89.7,540.0,59.5,125771.7,73058.1,2.9
111,99.12,100.0,2.124,2124.0,56.8,50.3,13.6,0.0,0.0,1575.0,154.35,57.9,98.0,2.32,8.81,3.65,51.8,1.0,66.3,0.3,91.0,540.0,59.5,125771.7,73045.3,2.9
112,98.55,100.0,1.925,1924.7,56.8,51.3,13.6,0.0,0.0,1575.0,154.35,58.0,98.0,2.37,9.06,3.79,52.4,1.0,66.4,0.3,90.7,540.0,59.5,125771.7,73049.8,2.9
113,102.02,100.0,1.984,1983.9,57.2,49.4,13.6,0.0,0.0,1575.0,146.48,58.2,93.0,2.37,9.06,3.79,50.7,1.0,66.5,0.3,91.7,540.0,59.5,125771.7,73049.8,2.9
114,102.02,100.0,2.163,2162.6,56.9,50.0,13.6,0.0,0.0,1575.0,121.28,58.2,77.0,2.37,9.06,3.79,51.3,1.0,66.4,0.2,92.0,540.0,59.5,125771.7,73055.6,2.9
115,107.53,100.0,1.868,1868.1,57.4,47.8,13.6,0.0,0.2,1575.0,152.78,58.9,97.0,2.37,9.06,3.79,48.8,1.0,66.4,0.3,90.6,540.0,59.5,125771.7,73055.1,2.9
116,90.75,100.0,2.049,2049.4,57.7,48.3,13.6,0.0,0.0,1575.0,151.2,57.8,96.0,2.37,9.06,3.79,48.9,1.0,66.4,0.3,91.1,540.0,59.5,125771.7,73050.7,2.9
117,96.51,100.0,1.84,1839.9,57.9,48.7,13.6,0.0,0.0,1575.0,154.35,57.8,98.0,2.46,9.78,4.03,49.6,1.0,66.4,0.3,92.0,540.0,59.5,125771.7,73048.8,2.9
118,95.62,100.0,1.868,1868.1,57.8,49.3,13.6,0.0,0.0,1575.0,152.78,58.0,97.0,2.46,9.78,4.03,50.3,1.0,66.4,0.3,91.0,540.0,59.5,125771.7,73056.0,2.9
119,90.98,100.0,1.715,1715.1,57.8,49.4,13.6,0.0,0.1,1575.0,154.35,57.9,98.0,2.46,9.78,4.03,50.0,1.0,66.4,0.3,89.9,540.0,59.5,125771.7,73050.1,2.9
120,95.3,100.0,2.064,2063.6,57.3,48.0,13.6,0.0,0.0,1575.0,154.35,57.9,98.0,2.46,9.78,4.03,48.3,1.0,66.5,0.3,90.2,540.0,59.5,125771.7,73044.1,2.9
121,100.02,100.0,2.04,2040.4,57.4,49.4,13.6,0.0,0.0,1575.0,151.2,58.1,96.0,2.46,9.78,4.03,50.1,1.0,66.3,0.2,89.9,540.0,59.5,125771.7,73043.7,2.9
122,97.06,100.0,2.134,2134.3,57.2,48.7,13.6,0.0,0.0,1575.0,154.35,58.2,98.0,2.48,9.56,4.08,49.6,1.0,66.4,0.3,90.6,540.0,59.5,125771.7,73042.0,2.9
123,96.54,100.0,1.831,1830.9,57.5,48.7,13.6,0.0,0.2,1575.0,152.78,58.2,97.0,2.48,9.56,4.08,50.0,1.0,66.4,0.3,89.9,540.0,59.5,125771.7,73041.7,2.9
124,95.62,100.0,2.218,2217.9,57.9,51.4,13.6,0.0,0.2,1575.0,154.35,58.2,98.0,2.48,9.56,4.08,52.3,1.0,66.5,0.3,91.0,540.0,59.5,125771.7,73046.4,2.9
125,85.23,100.0,1.954,1954.3,57.4,51.5,13.6,0.0,0.1,1575.0,154.35,58.2,98.0,2.48,9.56,4.08,52.4,1.0,66.3,0.2,91.1,540.0,59.5,125771.7,73041.0,2.9
126,88.58,100.0,2.218,2217.9,57.4,50.0,13.6,0.0,0.0,1575.0,154.35,58.4,98.0,2.48,9.56,4.08,51.1,1.0,66.5,0.3,90.1,540.0,59.5,125771.7,73043.6,2.9
127,93.61,100.0,2.01,2009.6,58.1,49.9,13.6,0.0,0.0,1575.0,130.72,58.3,83.0,2.56,10.23,4.31,50.3,1.0,66.3,0.3,90.0,541.0,59.5,125771.7,73043.0,2.9
128,89.36,100.0,1.992,1991.6,58.2,50.4,13.6,0.0,0.0,1575.0,151.2,58.5,96.0,2.56,10.23,4.31,51.4,1.0,66.4,0.3,92.1,541.0,59.5,125771.7,73039.7,2.9
129,94.12,100.0,2.071,2071.3,58.3,50.9,13.6,0.0,0.0,1575.0,154.35,58.6,98.0,2.56,10.23,4.31,51.6,1.0,66.4,0.2,90.1,541.0,59.5,125771.7,73039.2,2.9
130,93.8,100.0,2.301,2301.4,58.5,48.5,13.6,0.0,0.0,1575.0,154.35,58.8,98.0,2.56,10.23,4.31,49.5,1.0,66.4,0.3,90.9,541.0,59.5,125771.7,73040.6,2.9
131,90.7,100.0,1.939,1938.9,58.6,49.2,13.6,0.0,0.0,1575.0,152.78,58.8,97.0,2.56,10.23,4.31,50.0,1.0,66.4,0.3,91.2,542.0,59.5,125771.7,73037.9,2.9
132,93.25,100.0,1.939,1938.9,58.9,48.8,13.6,0.0,0.2,1575.0,152.78,58.8,97.0,2.57,9.73,4.3,49.7,1.0,66.4,0.2,90.8,542.0,59.5,125771.7,73042.2,2.9
133,93.58,100.0,2.115,2115.0,58.7,50.5,13.6,0.0,0.0,1575.0,154.35,58.9,98.0,2.57,9.73,4.3,51.4,1.0,66.4,0.3,90.6,542.0,59.5,125771.7,73041.7,2.9
134,92.54,100.0,2.085,2085.4,58.7,50.2,13.6,0.0,0.1,1575.0,154.35,59.0,98.0,2.57,9.73,4.3,51.3,1.0,66.4,0.3,91.7,542.0,59.5,125771.7,73041.6,2.9
135,92.54,100.0,2.109,2108.6,58.7,48.5,13.6,0.0,0.0,1575.0,152.78,59.0,97.0,2.57,9.73,4.3,49.4,1.0,66.4,0.2,90.9,542.0,59.5,125771.7,73044.9,2.9
136,93.73,100.0,1.746,1746.0,58.8,45.8,13.6,0.0,0.0,1575.0,152.78,59.0,97.0,2.57,9.73,4.3,46.9,1.0,66.3,0.3,91.0,542.0,59.5,125771.7,73042.2,2.9
137,88.08,100.0,1.815,1815.4,58.4,48.2,13.6,0.0,0.1,1575.0,148.05,58.6,94.0,2.58,9.35,4.31,49.4,1.0,66.4,0.2,92.2,542.0,60.5,125771.7,74331.8,2.9
138,96.28,100.0,1.716,1716.4,58.6,46.0,13.6,0.0,0.0,1575.0,154.35,59.0,98.0,2.58,9.35,4.31,47.1,1.0,66.4,0.3,92.0,542.0,60.5,125771.7,74334.0,2.9
139,89.59,100.0,1.769,1769.1,58.7,46.4,13.6,0.0,0.0,1575.0,152.78,58.8,97.0,2.58,9.35,4.31,47.7,1.0,66.3,0.2,90.9,542.0,60.5,125771.7,74337.6,2.9
140,93.09,100.0,1.701,1701.0,58.6,44.8,13.6,0.0,0.1,1575.0,151.2,59.0,96.0,2.58,9.35,4.31,45.6,1.0,66.4,0.2,89.8,542.0,60.5,125771.7,74335.7,2.9
141,91.5,100.0,1.715,1715.1,58.7,45.9,13.6,0.0,0.0,1575.0,154.35,59.1,98.0,2.58,9.35,4.31,47.3,1.0,66.4,0.3,91.9,542.0,60.5,125771.7,74340.9,2.9
142,90.25,100.0,1.77,1770.4,58.9,45.5,13.6,0.0,0.1,1575.0,148.05,59.0,94.0,2.63,9.49,4.42,46.4,1.0,66.3,0.2,91.1,542.0,60.5,125771.7,74335.0,2.9
143,90.86,100.0,1.678,1677.9,58.8,45.0,13.6,0.0,0.0,1575.0,152.78,59.2,97.0,2.63,9.49,4.42,46.3,1.0,66.4,0.2,90.8,542.0,60.5,125771.7,74337.3,2.9
144,94.24,100.0,1.792,1792.3,58.7,45.7,13.6,0.0,0.0,1575.0,154.35,59.2,98.0,2.63,9.49,4.42,47.3,1.0,66.4,0.3,92.0,541.0,60.5,125771.7,74333.1,2.9
145,95.33,100.0,1.692,1692.0,58.8,46.0,13.6,0.0,0.0,1575.0,151.2,59.2,96.0,2.63,9.49,4.42,47.3,1.0,66.3,0.2,90.7,541.0,60.5,125771.7,74333.6,2.9
146,78.79,100.0,1.972,1972.3,57.9,53.3,13.6,0.0,0.0,1575.0,154.35,58.6,98.0,2.63,9.49,4.42,54.0,1.0,66.4,0.4,91.0,541.0,59.7,125771.7,73313.3,2.9
147,81.15,100.0,2.103,2103.4,58.5,52.9,13.6,0.0,0.0,1575.0,154.35,59.4,98.0,2.67,9.45,4.5,53.9,1.0,66.4,0.2,90.8,541.0,59.7,125771.7,73299.9,2.9
148,44.64,100.0,2.127,2126.6,58.2,52.7,13.6,0.0,0.0,1575.0,141.75,57.5,90.0,2.67,9.45,4.5,54.1,1.0,66.5,0.4,92.0,541.0,59.7,125771.7,73302.7,2.9
149,102.98,100.0,1.669,1668.9,59.1,52.3,13.6,0.0,0.2,1575.0,154.35,59.9,98.0,2.67,9.45,4.5,53.7,1.0,66.5,0.3,90.9,541.0,60.1,125771.7,73785.2,2.9
150,98.69,100.0,1.948,1947.9,59.3,51.8,13.6,0.0,0.0,1575.0,154.35,60.2,98.0,2.67,9.45,4.5,53.1,1.0,66.4,0.4,89.5,541.0,60.1,125771.7,73783.7,2.9
151,102.42,100.0,2.078,2077.7,59.5,51.0,13.6,0.0,0.1,1575.0,154.35,60.4,98.0,2.67,9.45,4.5,51.9,1.0,66.5,0.3,91.3,541.0,60.1,125771.7,73793.5,2.9
152,103.94,100.0,2.139,2139.4,59.5,49.2,13.6,0.0,0.0,1575.0,154.35,60.4,98.0,2.68,9.17,4.53,49.9,1.0,66.4,0.3,92.0,541.0,60.1,125771.7,73795.7,2.9
153,103.1,100.0,2.01,2009.6,59.6,50.4,13.6,0.0,0.2,1575.0,154.35,60.8,98.0,2.68,9.17,4.53,51.7,1.0,66.5,0.3,92.4,541.0,60.1,125771.7,73792.0,2.9
154,99.68,100.0,1.684,1684.3,60.1,50.3,13.6,0.0,0.1,1575.0,154.35,60.9,98.0,2.68,9.17,4.53,51.4,1.0,66.5,0.4,90.8,541.0,60.1,125771.7,73787.0,2.9
155,98.6,100.0,2.094,2094.4,59.9,50.4,13.6,0.0,0.1,1575.0,152.78,60.9,97.0,2.68,9.17,4.53,51.0,1.0,66.5,0.3,90.3,541.0,60.1,125771.7,73785.9,2.9
156,105.89,100.0,2.227,2226.9,60.1,49.0,13.6,0.0,0.0,1575.0,154.35,61.1,98.0,2.68,9.17,4.53,50.3,1.0,66.4,0.3,92.4,541.0,60.1,125771.7,73783.0,2.9
157,100.42,100.0,1.777,1776.9,60.1,50.7,13.6,0.0,0.0,1575.0,152.78,61.2,97.0,2.73,9.32,4.63,52.1,1.0,66.4,0.3,93.1,541.0,60.1,125771.7,73780.2,2.9
158,98.17,100.0,2.123,2122.7,60.3,51.6,13.6,0.0,0.0,1575.0,149.62,61.3,95.0,2.73,9.32,4.63,52.4,1.0,66.5,0.4,92.2,541.0,60.1,125771.7,73783.5,2.9
159,99.68,100.0,2.17,2170.3,60.5,51.9,13.6,0.0,0.1,1575.0,154.35,61.5,98.0,2.73,9.32,4.63,52.7,1.0,66.4,0.3,92.1,541.0,60.1,125771.7,73786.4,2.9
160,104.41,100.0,2.101,2100.9,60.1,49.7,13.6,0.0,0.0,1575.0,154.35,61.8,98.0,2.73,9.32,4.63,50.2,1.0,66.5,0.4,89.8,541.0,60.1,125771.7,73782.0,2.9
161,102.17,100.0,1.999,1999.3,60.2,49.7,13.6,0.0,0.0,1575.0,152.78,61.8,97.0,2.73,9.32,4.63,50.9,1.0,66.5,0.3,90.8,541.0,60.1,125771.7,73783.2,2.9
162,104.05,100.0,2.232,2232.0,60.6,49.6,13.6,0.0,0.1,1575.0,154.35,61.8,98.0,2.75,9.05,4.66,50.2,1.0,66.4,0.3,91.0,541.0,60.1,125771.7,73785.4,2.9
163,102.58,100.0,1.992,1991.6,60.8,48.3,13.6,0.0,0.1,1575.0,146.48,61.5,93.0,2.75,9.05,4.66,49.5,1.0,66.3,0.3,90.9,541.0,60.1,125771.7,73785.3,2.9
164,99.53,100.0,1.737,1737.0,60.7,49.0,13.6,0.0,0.0,1575.0,143.32,61.9,91.0,2.75,9.05,4.66,50.0,1.0,66.6,0.4,92.1,541.0,60.1,125771.7,73785.7,2.9
165,102.33,100.0,2.025,2025.0,61.0,49.5,13.6,0.0,0.0,1575.0,154.35,62.1,98.0,2.75,9.05,4.66,50.3,1.0,66.5,0.3,90.8,541.0,60.1,125771.7,73785.8,2.9
166,103.48,100.0,2.355,2355.4,60.5,48.6,13.6,0.0,0.1,1575.0,154.35,62.2,98.0,2.75,9.05,4.66,49.8,1.0,66.5,0.4,91.1,541.0,60.1,125771.7,73782.5,2.9
167,99.65,100.0,2.062,2062.3,60.4,48.4,13.6,0.0,0.0,1575.0,154.35,61.2,98.0,2.8,9.29,4.78,49.6,1.0,66.5,0.3,90.6,541.0,60.1,125771.7,73807.1,2.9
168,102.79,100.0,2.002,2001.9,61.2,49.9,13.6,0.0,0.1,1575.0,152.78,62.2,97.0,2.8,9.29,4.78,50.7,1.0,66.4,0.4,93.3,541.0,60.1,125771.7,73801.7,2.9
169,103.67,100.0,2.296,2296.3,61.1,47.5,13.6,0.0,0.0,1575.0,149.62,62.3,95.0,2.8,9.29,4.78,48.1,1.0,66.5,0.3,90.1,541.0,60.1,125771.7,73800.4,2.9
170,105.07,100.0,2.078,2077.7,61.2,50.3,13.6,0.0,0.0,1575.0,141.75,62.2,90.0,2.8,9.29,4.78,51.3,1.0,66.4,0.4,89.7,541.0,60.1,125771.7,73804.7,2.9
171,46.76,100.0,2.264,2264.1,60.3,52.0,13.6,0.0,0.1,1503.0,0.0,58.9,0.0,2.8,9.29,4.78,53.0,1.0,66.5,0.3,92.1,541.0,61.2,125771.7,75131.8,2.9
172,43.0,100.0,2.133,2133.0,59.0,54.7,13.6,0.0,0.0,1206.0,13.27,57.9,11.0,2.8,8.86,4.77,55.7,1.0,66.4,0.3,94.5,541.0,61.2,125771.7,75124.7,2.9
173,72.95,100.0,2.139,2139.4,58.4,52.3,13.6,0.0,0.1,1575.0,152.78,59.6,97.0,2.8,8.86,4.77,53.4,1.0,66.5,0.4,91.9,541.0,60.8,125771.7,74626.2,2.9
174,84.7,100.0,1.993,1992.9,58.1,50.7,13.6,0.0,0.0,1575.0,152.78,60.6,97.0,2.8,8.86,4.77,51.9,1.0,66.5,0.3,91.9,541.0,60.8,125771.7,74732.7,2.9
175,43.05,100.0,2.164,2163.9,58.3,50.3,13.6,0.0,0.0,1575.0,12.6,58.2,8.0,2.8,8.86,4.77,52.0,1.0,66.4,0.4,93.1,541.0,61.1,125771.7,75019.6,2.9
176,102.5,100.0,1.894,1893.9,59.5,49.7,13.6,0.0,0.1,1575.0,144.9,60.8,92.0,2.8,8.86,4.77,50.8,1.0,66.5,0.3,92.1,541.0,61.2,125771.7,75120.2,2.9
177,100.85,100.0,2.142,2142.0,59.9,49.6,13.6,0.0,0.1,1575.0,154.35,61.2,98.0,2.82,8.63,4.79,50.2,1.0,66.5,0.3,91.0,541.0,61.1,125771.7,75116.5,2.9
178,99.98,100.0,2.069,2068.7,60.2,49.5,13.6,0.0,0.0,1575.0,154.35,61.4,98.0,2.82,8.63,4.79,50.9,1.0,66.4,0.4,92.0,541.0,61.1,125771.7,75110.9,2.9
179,102.59,100.0,2.147,2147.1,60.1,48.7,13.6,0.0,0.0,1575.0,152.78,61.8,97.0,2.82,8.63,4.79,49.7,1.0,66.5,0.3,89.3,541.0,61.1,125771.7,75110.5,2.9
180,97.84,100.0,1.646,1645.7,61.1,51.7,13.6,0.0,0.0,1575.0,152.78,61.9,97.0,2.82,8.63,4.79,52.8,1.0,66.4,0.3,91.0,541.0,61.1,125771.7,75110.5,2.9
181,95.88,100.0,1.893,1892.6,60.9,50.6,13.6,0.0,0.1,1575.0,152.78,62.2,97.0,2.82,8.63,4.79,51.2,1.0,66.5,0.4,88.9,541.0,61.1,125771.7,75111.6,2.9
182,98.44,100.0,1.9,1900.3,61.2,50.1,13.6,0.0,0.0,1575.0,154.35,62.1,98.0,2.86,8.74,4.87,51.2,1.0,66.4,0.3,90.6,541.0,61.1,125771.7,75110.9,2.9
183,104.57,100.0,2.263,2262.9,61.1,49.6,13.6,0.0,0.2,1575.0,152.78,62.4,97.0,2.86,8.74,4.87,50.6,1.0,66.5,0.3,91.9,541.0,61.1,125771.7,75109.5,2.9
184,104.55,100.0,1.994,1994.1,61.3,47.5,13.6,0.0,0.0,1575.0,154.35,62.6,98.0,2.86,8.74,4.87,48.9,1.0,66.4,0.3,90.5,541.0,61.1,125771.7,75111.3,2.9
185,104.25,100.0,2.062,2062.3,61.1,47.7,13.6,0.0,0.2,1575.0,152.78,62.7,97.0,2.86,8.74,4.87,48.8,1.0,66.4,0.3,91.0,541.0,61.1,125771.7,75110.6,2.9
186,101.56,100.0,1.907,1906.7,61.3,48.2,13.6,0.0,0.0,1575.0,149.62,62.5,95.0,2.86,8.74,4.87,49.4,1.0,66.5,0.4,91.4,541.0,61.1,125771.7,75110.6,2.9
187,102.72,100.0,2.087,2086.7,61.5,48.5,13.6,0.0,0.0,1575.0,148.05,62.6,94.0,2.91,9.0,4.99,49.4,1.0,66.5,0.3,90.8,541.0,61.1,125771.7,75111.4,2.9
188,97.98,100.0,1.902,1901.6,61.5,50.1,13.6,0.0,0.1,1575.0,141.75,62.8,90.0,2.91,9.0,4.99,51.0,1.0,66.0,0.3,90.9,541.0,61.1,125771.7,75110.3,2.9
189,99.19,100.0,2.039,2039.1,61.4,49.1,13.6,0.0,0.0,1575.0,154.35,63.0,98.0,2.91,9.0,4.99,50.2,1.0,66.7,0.3,90.1,541.0,61.1,125771.7,75111.0,2.9
190,102.56,100.0,2.031,2031.4,61.6,50.7,13.6,0.0,0.1,1575.0,154.35,63.0,98.0,2.91,9.0,4.99,52.0,1.0,66.6,0.4,90.9,541.0,61.1,125771.7,75110.0,2.9
191,38.32,100.0,2.048,2048.1,59.7,54.1,13.6,0.0,0.0,1377.0,15.15,59.0,11.0,2.91,9.0,4.99,55.3,1.0,66.5,0.3,92.2,540.0,62.1,125771.7,76353.7,2.9
192,77.88,100.0,2.366,2365.7,59.2,55.9,13.6,0.0,0.0,1575.0,154.35,58.7,98.0,2.97,9.41,5.14,57.3,1.0,66.4,0.3,91.2,540.0,61.8,125771.7,75945.4,2.9
193,84.61,100.0,2.236,2235.9,59.7,50.0,13.6,0.0,0.0,1575.0,152.78,60.0,97.0,2.97,9.41,5.14,50.5,1.0,63.8,0.4,88.0,540.0,61.8,125771.7,75879.9,2.9
194,44.62,100.0,2.452,2451.9,60.6,49.2,13.6,0.0,0.2,1575.0,0.0,58.2,0.0,2.97,9.41,5.14,50.2,1.0,66.3,0.3,91.5,540.0,61.6,125771.7,76096.7,2.9
195,74.97,100.0,1.909,1909.3,60.7,51.1,13.6,0.0,0.0,1575.0,140.18,61.0,89.0,2.97,9.41,5.14,52.4,1.0,67.1,0.3,90.5,540.0,62.1,125771.7,76351.0,2.9
196,99.78,100.0,1.914,1914.4,60.9,48.6,13.6,0.0,0.1,1575.0,152.78,62.0,97.0,2.97,9.41,5.14,50.0,1.0,66.3,0.3,91.5,540.0,62.1,125771.7,76339.2,2.9
197,99.16,100.0,1.786,1785.9,60.7,48.4,13.6,0.0,0.0,1575.0,154.35,62.1,98.0,2.98,9.13,5.16,49.0,1.0,67.2,0.4,83.5,540.0,62.1,125771.7,76339.1,2.9
198,99.37,100.0,2.071,2071.3,60.7,49.2,13.6,0.0,0.0,1575.0,152.78,61.3,97.0,2.98,9.13,5.16,49.7,1.0,65.7,0.3,88.4,540.0,62.1,125771.7,76344.0,2.9
199,95.17,100.0,1.963,1963.3,61.5,49.8,13.6,0.0,0.0,1575.0,152.78,61.4,97.0,2.98,9.13,5.16,50.6,1.0,67.2,0.3,89.4,540.0,62.1,125771.7,76339.3,2.9
200,95.02,100.0,1.932,1932.4,61.5,49.3,13.6,0.0,0.2,1575.0,152.78,61.5,97.0,2.98,9.13,5.16,50.4,1.0,66.9,0.3,91.1,540.0,62.1,125771.7,76344.0,2.9
201,98.89,100.0,2.038,2037.9,60.8,49.8,13.6,0.0,0.0,1575.0,152.78,61.6,97.0,2.98,9.13,5.16,50.3,1.0,65.5,0.3,90.4,540.0,62.1,125771.7,76340.1,2.9
202,95.77,100.0,1.8,1800.0,61.0,47.9,13.6,0.0,0.0,1575.0,154.35,61.7,98.0,3.01,8.96,5.19,49.2,1.0,66.9,0.3,91.1,540.0,62.1,125771.7,76341.5,2.9
203,95.13,100.0,1.907,1906.7,61.1,50.3,13.6,0.0,0.0,1575.0,154.35,61.8,98.0,3.01,8.96,5.19,51.2,1.0,66.2,0.3,91.1,540.0,62.1,125771.7,76342.5,2.9
204,94.32,100.0,1.916,1915.7,61.2,50.7,13.6,0.0,0.1,1575.0,152.78,61.6,97.0,3.01,8.96,5.19,51.8,1.0,66.3,0.3,91.5,540.0,62.1,125771.7,76342.1,2.9
205,94.15,100.0,2.201,2201.1,61.1,50.2,13.6,0.0,0.0,1575.0,149.62,61.9,95.0,3.01,8.96,5.19,51.3,1.0,66.7,0.3,92.0,541.0,62.1,125771.7,76339.1,2.9
206,96.37,100.0,1.986,1986.4,61.1,50.0,13.6,0.0,0.0,1575.0,154.35,62.0,98.0,3.01,8.96,5.19,50.9,1.0,67.4,0.4,91.1,541.0,62.1,125771.7,76340.7,2.9
207,41.51,100.0,2.087,2086.7,60.1,52.7,13.6,0.0,0.0,1467.0,0.0,59.1,0.0,3.05,9.12,5.28,53.9,1.0,67.1,0.3,90.4,541.0,64.1,125771.7,78843.3,2.9
208,37.53,100.0,2.156,2156.1,59.8,51.3,13.6,0.0,0.0,1575.0,0.0,59.4,0.0,3.05,9.12,5.28,52.7,1.0,65.3,0.3,93.2,541.0,63.7,125771.7,78358.7,2.9
209,81.25,100.0,1.814,1814.1,59.3,50.5,13.6,0.0,0.0,1575.0,152.78,61.7,97.0,3.05,9.12,5.28,51.4,1.0,67.6,0.4,92.0,541.0,63.7,125771.7,78365.1,2.9
210,94.84,100.0,1.692,1692.0,60.4,51.1,13.6,0.0,0.2,1575.0,140.18,61.0,89.0,3.05,9.12,5.28,51.8,1.0,62.2,0.3,91.1,541.0,64.1,125771.7,78864.1,2.9
211,93.75,100.0,1.962,1962.0,60.3,50.4,13.6,0.0,0.1,1575.0,152.78,61.2,97.0,3.05,9.12,5.28,51.3,1.0,67.6,0.3,90.5,541.0,64.1,125771.7,78874.6,2.9
212,97.12,100.0,2.008,2008.3,61.0,48.3,13.6,0.0,0.0,1575.0,152.78,61.5,97.0,3.04,8.55,5.23,49.5,1.0,66.3,0.3,88.5,541.0,64.1,125771.7,78858.4,2.9
213,92.91,100.0,1.931,1931.1,61.0,48.1,13.6,0.0,0.2,1575.0,154.35,61.6,98.0,3.04,8.55,5.23,49.0,1.0,66.0,0.3,90.9,541.0,64.1,125771.7,78856.8,2.9
214,94.21,100.0,1.677,1676.6,61.4,51.0,13.6,0.0,0.0,1575.0,141.75,61.7,90.0,3.04,8.55,5.23,51.7,1.0,66.4,0.3,89.5,541.0,64.1,125771.7,78856.9,2.9
215,97.0,100.0,1.817,1816.7,61.6,49.2,13.6,0.0,0.1,1575.0,154.35,61.7,98.0,3.04,8.55,5.23,49.8,1.0,66.7,0.3,78.2,541.0,64.1,125771.7,78859.0,2.9
216,95.77,100.0,2.071,2071.3,61.7,48.3,13.6,0.0,0.1,1575.0,124.42,61.8,79.0,3.04,8.55,5.23,49.4,1.0,64.2,0.3,91.7,541.0,64.1,125771.7,78859.2,2.9
217,101.01,100.0,1.824,1824.4,61.7,47.9,13.6,0.0,0.0,1575.0,154.35,61.9,98.0,3.08,8.67,5.31,48.8,1.0,67.3,0.3,90.1,541.0,64.1,125771.7,78858.9,2.9
218,100.74,100.0,1.932,1932.4,61.7,50.4,13.6,0.0,0.0,1575.0,152.78,62.1,97.0,3.08,8.67,5.31,50.8,1.0,65.1,0.3,90.0,541.0,64.1,125771.7,78858.3,2.9
219,98.48,100.0,1.911,1910.6,62.2,48.6,13.6,0.0,0.0,1575.0,152.78,62.1,97.0,3.08,8.67,5.31,49.8,1.0,67.2,0.3,91.0,541.0,64.1,125771.7,78857.3,2.9
220,99.52,100.0,2.034,2034.0,61.2,48.9,13.6,0.0,0.1,1575.0,154.35,62.2,98.0,3.08,8.67,5.31,49.3,1.0,65.7,0.3,89.7,541.0,64.1,125771.7,78854.6,2.9
221,100.37,100.0,2.271,2270.6,61.8,50.3,13.6,0.0,0.1,1575.0,152.78,62.3,97.0,3.08,8.67,5.31,51.1,1.0,66.8,0.3,90.7,541.0,64.1,125771.7,78852.9,2.9
222,77.66,100.0,1.839,1838.6,61.7,48.2,13.6,0.0,0.0,1575.0,154.35,62.2,98.0,3.11,8.7,5.37,49.2,1.0,66.2,0.3,89.8,541.0,64.1,125771.7,78852.0,2.9
223,100.28,100.0,1.954,1954.3,61.6,50.0,13.6,0.0,0.0,1575.0,152.78,62.4,97.0,3.11,8.7,5.37,50.7,1.0,66.3,0.3,90.9,541.0,64.1,125771.7,78852.0,2.9
224,98.4,100.0,1.9,1900.3,61.9,50.1,13.6,0.0,0.1,1575.0,152.78,62.5,97.0,3.11,8.7,5.37,51.1,1.0,66.3,0.3,90.2,539.0,64.1,125771.7,78854.6,2.9
225,101.07,100.0,2.164,2163.9,62.4,48.3,13.6,0.0,0.0,1575.0,149.62,62.4,95.0,3.11,8.7,5.37,49.3,1.0,66.8,0.3,91.6,540.0,64.1,125771.7,78855.6,2.9
226,98.73,100.0,1.722,1721.6,62.5,48.2,13.6,0.0,0.1,1575.0,154.35,62.7,98.0,3.11,8.7,5.37,49.0,1.0,66.9,0.3,88.5,540.0,64.1,125771.7,78854.8,2.9
227,98.82,100.0,1.931,1931.1,62.5,50.4,13.6,0.0,0.0,1575.0,151.2,62.8,96.0,3.14,8.64,5.41,51.4,1.0,66.5,0.3,89.4,540.0,64.1,125771.7,78854.9,2.9
228,96.31,100.0,1.8,1800.0,62.6,49.7,13.6,0.0,0.0,1575.0,152.78,62.8,97.0,3.14,8.64,5.41,50.7,1.0,66.7,0.3,91.4,540.0,64.1,125771.7,78856.0,2.9
229,97.01,100.0,2.084,2084.1,62.6,50.5,13.6,0.0,0.1,1575.0,138.6,62.8,88.0,3.14,8.64,5.41,51.6,1.0,66.5,0.3,90.8,540.0,64.1,125771.7,78861.1,2.9
230,97.79,100.0,1.939,1938.9,62.7,48.7,13.6,0.0,0.0,1575.0,154.35,62.9,98.0,3.14,8.64,5.41,49.3,1.0,65.6,0.3,90.0,540.0,64.1,125771.7,78852.2,2.9
231,98.0,100.0,2.093,2093.1,62.7,48.6,13.6,0.0,0.0,1575.0,141.75,62.9,90.0,3.14,8.64,5.41,49.4,1.0,66.1,0.3,89.7,540.0,64.1,125771.7,78852.4,2.9
232,99.46,100.0,2.102,2102.1,63.0,50.4,13.6,0.0,0.0,1575.0,154.35,63.0,98.0,3.19,8.99,5.54,51.6,1.0,67.4,0.3,89.3,540.0,64.1,125771.7,78852.8,2.9
233,97.8,100.0,1.682,1681.7,63.0,49.7,13.6,0.0,0.2,1575.0,143.32,63.1,91.0,3.19,8.99,5.54,50.2,1.0,66.1,0.3,88.8,540.0,64.1,125771.7,78853.0,2.9
234,95.84,100.0,1.94,1940.1,63.1,51.4,13.6,0.0,0.0,1575.0,154.35,63.1,98.0,3.19,8.99,5.54,52.6,1.0,66.6,0.3,89.2,540.0,64.1,125771.7,78852.3,2.9
235,87.71,100.0,1.939,1938.9,63.2,49.7,13.6,0.0,0.0,1575.0,149.62,63.0,95.0,3.19,8.99,5.54,50.9,1.0,67.1,0.3,92.0,540.0,64.1,125771.7,78855.9,2.9
236,98.17,100.0,1.783,1783.3,63.2,51.1,13.6,0.0,0.1,1575.0,154.35,63.2,98.0,3.19,8.99,5.54,52.1,1.0,65.8,0.3,92.3,540.0,64.1,125771.7,78855.6,2.9
237,42.96,100.0,1.823,1823.1,61.7,50.4,13.6,0.0,0.0,1575.0,0.0,61.0,0.0,3.19,8.99,5.54,51.5,1.0,66.1,0.3,90.1,540.0,64.8,125771.7,79709.7,2.9
238,82.1,100.0,1.86,1860.4,61.2,52.4,13.6,0.0,0.0,1575.0,152.78,63.3,97.0,3.23,9.15,5.63,53.6,1.0,65.8,0.3,93.3,540.0,64.8,125771.7,79726.5,2.9
239,101.12,100.0,2.458,2458.3,62.6,53.3,13.6,0.0,0.2,1575.0,152.78,62.5,97.0,3.23,9.15,5.63,54.2,1.0,67.4,0.3,89.4,540.0,65.2,125771.7,80207.6,2.9
240,96.55,100.0,1.714,1713.9,62.5,49.6,13.6,0.0,0.0,1575.0,148.05,62.7,94.0,3.23,9.15,5.63,50.4,1.0,66.7,0.2,91.9,540.0,65.2,125771.7,80195.8,2.9
241,97.44,100.0,1.984,1983.9,62.5,50.3,13.6,0.0,0.0,1575.0,154.35,62.9,98.0,3.23,9.15,5.63,51.4,1.0,66.1,0.3,89.8,539.0,65.2,125771.7,80200.9,2.9
242,98.6,100.0,2.076,2076.4,62.6,48.9,13.6,0.0,0.0,1575.0,138.6,62.9,88.0,3.23,9.15,5.63,50.2,1.0,66.6,0.3,90.6,539.0,65.2,125771.7,80200.6,2.9
243,97.16,100.0,1.979,1978.7,62.8,49.8,13.6,0.0,0.3,1575.0,154.35,63.0,98.0,3.25,8.9,5.64,50.9,1.0,66.2,0.3,91.4,539.0,65.2,125771.7,80197.5,2.9
244,98.1,100.0,1.83,1829.6,62.9,49.1,13.6,0.0,0.1,1575.0,152.78,63.1,97.0,3.25,8.9,5.64,50.3,1.0,66.3,0.3,91.1,539.0,65.2,125771.7,80194.2,2.9
245,100.57,100.0,1.918,1918.3,63.0,49.4,13.6,0.0,0.0,1575.0,152.78,63.1,97.0,3.25,8.9,5.64,50.4,1.0,66.0,0.3,91.0,539.0,65.2,125771.7,80194.1,2.9
246,97.99,100.0,2.019,2018.6,62.9,48.2,13.6,0.0,0.0,1575.0,154.35,63.2,98.0,3.25,8.9,5.64,49.3,1.0,65.0,0.3,90.7,539.0,65.2,125771.7,80194.2,2.9
247,97.86,100.0,2.056,2055.9,63.3,48.8,13.6,0.0,0.1,1575.0,148.05,63.3,94.0,3.25,8.9,5.64,49.7,1.0,66.5,0.2,91.0,539.0,65.2,125771.7,80195.1,2.9
248,92.24,100.0,1.992,1991.6,63.0,48.7,13.6,0.0,0.0,1575.0,154.35,63.4,98.0,3.27,8.67,5.64,50.0,1.0,66.4,0.3,91.0,539.0,65.2,125771.7,80196.1,2.9
249,87.44,100.0,2.172,2171.6,63.2,49.3,13.6,0.0,0.1,1575.0,140.18,63.2,89.0,3.27,8.67,5.64,50.3,1.0,66.3,0.3,89.4,539.0,65.2,125771.7,80196.3,2.9
250,99.86,100.0,2.039,2039.1,63.1,48.4,13.6,0.0,0.0,1575.0,154.35,63.4,98.0,3.27,8.67,5.64,49.4,1.0,66.4,0.3,90.4,539.0,65.2,125771.7,80195.4,2.9
251,39.95,100.0,1.988,1987.7,62.8,50.3,13.6,0.0,0.0,1575.0,22.05,62.4,14.0,3.27,8.67,5.64,51.5,1.0,66.4,0.2,90.7,539.0,65.2,125771.7,80197.6,2.9
252,46.79,100.0,2.436,2436.4,62.6,49.7,13.6,0.0,0.1,1575.0,0.0,60.8,0.0,3.27,8.67,5.64,50.9,1.0,66.5,0.4,91.8,539.0,64.4,125771.7,79696.4,2.9
253,84.29,100.0,1.963,1963.3,61.6,50.1,13.6,0.0,0.0,1575.0,152.78,63.9,97.0,3.32,9.01,5.77,51.4,1.0,66.4,0.2,92.2,539.0,64.8,125771.7,79677.7,2.9
254,98.06,100.0,2.04,2040.4,62.1,52.5,13.6,0.0,0.0,1575.0,152.78,62.8,97.0,3.32,9.01,5.77,53.3,1.0,66.4,0.3,91.5,539.0,65.1,125771.7,80138.4,2.9
255,98.69,100.0,1.959,1959.4,62.7,50.4,13.6,0.0,0.2,1575.0,152.78,63.1,97.0,3.32,9.01,5.77,51.1,1.0,66.4,0.3,87.4,539.0,65.1,125771.7,80120.0,2.9
256,97.35,100.0,1.792,1792.3,63.0,49.9,13.6,0.0,0.0,1575.0,144.9,63.1,92.0,3.32,9.01,5.77,50.2,1.0,66.3,0.3,91.1,539.0,65.1,125771.7,80120.9,2.9
257,96.39,100.0,1.706,1706.1,63.3,50.7,13.6,0.0,0.1,1575.0,154.35,63.4,98.0,3.32,9.01,5.77,52.1,1.0,66.5,0.2,89.4,539.0,65.1,125771.7,80119.4,2.9
258,94.69,100.0,1.9,1900.3,63.2,49.7,13.6,0.0,0.0,1575.0,149.62,63.5,95.0,3.33,8.77,5.77,50.7,1.0,66.4,0.3,93.3,539.0,65.1,125771.7,80119.8,2.9
259,92.61,100.0,1.854,1854.0,62.6,50.5,13.6,0.0,0.0,1575.0,154.35,63.4,98.0,3.33,8.77,5.77,51.2,1.0,66.4,0.3,90.9,539.0,65.1,125771.7,80123.2,2.9
260,90.51,100.0,2.218,2217.9,62.8,49.8,13.6,0.0,0.0,1575.0,152.78,63.5,97.0,3.33,8.77,5.77,50.8,1.0,66.3,0.3,89.3,539.0,65.1,125771.7,80124.1,2.9
261,73.46,100.0,2.133,2133.0,62.0,48.7,13.6,0.0,0.0,1575.0,154.35,63.5,98.0,3.33,8.77,5.77,49.4,1.0,66.4,0.3,90.5,539.0,64.7,125771.7,79574.6,2.9
262,82.04,100.0,2.119,2118.9,61.6,51.3,13.6,0.0,0.2,1575.0,154.35,63.8,98.0,3.33,8.77,5.77,52.6,1.0,66.5,0.2,91.9,539.0,64.7,125771.7,79567.8,2.9
263,85.16,100.0,2.233,2233.3,61.8,50.1,13.6,0.0,0.0,1575.0,151.2,62.8,96.0,3.36,8.79,5.82,51.4,1.0,66.3,0.3,92.1,539.0,65.0,125771.7,79999.9,2.9
264,95.86,100.0,1.869,1869.4,62.6,49.2,13.6,0.0,0.0,1575.0,154.35,63.2,98.0,3.36,8.79,5.82,50.0,1.0,66.4,0.3,90.1,539.0,65.0,125771.7,79991.0,2.9
265,51.58,100.0,1.993,1992.9,62.4,48.7,13.6,0.0,0.1,1575.0,107.1,63.1,68.0,3.36,8.79,5.82,50.0,1.0,66.4,0.2,91.0,539.0,65.0,125771.7,79990.2,2.9
266,94.58,100.0,1.939,1938.9,62.7,49.4,13.6,0.0,0.0,1575.0,154.35,63.4,98.0,3.36,8.79,5.82,50.5,1.0,66.4,0.3,89.7,539.0,65.0,125771.7,79991.6,2.9
267,93.98,100.0,1.8,1800.0,62.7,50.0,13.6,0.0,0.2,1575.0,148.05,63.5,94.0,3.36,8.79,5.82,51.2,1.0,66.4,0.3,90.9,539.0,65.0,125771.7,79994.6,2.9
268,96.05,100.0,1.738,1738.3,63.4,49.0,13.6,0.0,0.0,1575.0,152.78,63.7,97.0,3.38,8.65,5.84,49.7,1.0,66.4,0.2,89.5,539.0,65.0,125771.7,79994.1,2.9
269,93.94,100.0,1.815,1815.4,62.8,46.4,13.6,0.0,0.0,1575.0,146.48,63.6,93.0,3.38,8.65,5.84,47.6,1.0,66.3,0.3,89.7,539.0,65.0,125771.7,79993.1,2.9
270,94.39,100.0,1.769,1769.1,62.8,47.5,13.6,0.0,0.0,1575.0,154.35,63.7,98.0,3.38,8.65,5.84,48.9,1.0,66.4,0.2,90.4,539.0,65.0,125771.7,79994.1,2.9
271,97.22,100.0,1.769,1769.1,63.0,47.2,13.6,0.0,0.0,1575.0,149.62,63.8,95.0,3.38,8.65,5.84,48.5,1.0,66.3,0.2,90.9,539.0,65.0,125771.7,80005.4,2.9
272,96.53,100.0,1.8,1800.0,63.3,46.3,13.6,0.0,0.1,1575.0,154.35,63.8,98.0,3.38,8.65,5.84,47.5,1.0,66.4,0.3,90.6,539.0,65.0,125771.7,79998.2,2.9
273,94.83,100.0,1.754,1753.7,63.2,47.5,13.6,0.0,0.0,1575.0,148.05,63.9,94.0,3.4,8.43,5.85,49.2,1.0,66.3,0.2,90.8,539.0,65.0,125771.7,79999.3,2.9
274,93.72,100.0,1.755,1755.0,63.6,47.3,13.6,0.0,0.3,1575.0,154.35,63.9,98.0,3.4,8.43,5.85,48.3,1.0,66.4,0.2,89.9,539.0,65.0,125771.7,79998.8,2.9
275,95.53,92.9,1.808,1807.7,63.1,45.1,13.6,0.0,0.2,1575.0,144.9,63.9,92.0,3.4,8.43,5.85,46.4,1.0,66.3,0.3,91.0,539.0,65.0,125771.7,80000.3,2.9
276,93.54,100.0,1.854,1854.0,63.1,45.1,13.6,0.0,0.0,1575.0,152.78,64.1,97.0,3.4,8.43,5.85,46.0,1.0,66.4,0.2,89.3,539.0,65.0,125771.7,79996.2,2.9
277,72.61,100.0,1.653,1653.4,63.1,45.5,13.6,0.0,0.0,1575.0,80.32,63.7,51.0,3.4,8.43,5.85,46.7,1.0,66.4,0.2,89.7,539.0,65.0,125771.7,79992.1,2.9
278,99.72,100.0,1.84,1839.9,63.3,45.4,13.6,0.0,0.1,1575.0,154.35,64.2,98.0,3.42,8.32,5.87,46.1,1.0,66.3,0.3,90.9,539.0,65.0,125771.7,79993.5,2.9
279,42.35,100.0,2.228,2228.1,62.6,52.9,13.6,0.0,0.0,1548.0,0.0,61.4,0.0,3.42,8.32,5.87,53.5,1.0,66.5,0.3,90.0,539.0,64.2,125771.7,78915.6,2.9
280,38.31,100.0,2.165,2165.1,62.2,51.6,13.6,0.0,0.0,1575.0,0.0,61.8,0.0,3.42,8.32,5.87,52.6,1.0,66.4,0.3,91.9,539.0,64.0,125771.7,78896.4,2.9
281,103.08,100.0,1.8,1800.0,63.2,51.4,13.6,0.0,0.0,1575.0,152.78,64.6,97.0,3.42,8.32,5.87,51.9,1.0,66.4,0.3,92.1,539.0,64.6,125771.7,79407.5,2.9
282,102.83,100.0,1.783,1783.3,63.1,50.0,13.6,0.0,0.2,1575.0,152.78,65.0,97.0,3.42,8.32,5.87,50.8,1.0,66.5,0.3,89.7,539.0,64.6,125771.7,79407.8,2.9
283,93.51,100.0,1.971,1971.0,63.8,49.5,13.6,0.0,0.0,1575.0,152.78,65.1,97.0,3.43,8.13,5.87,50.7,1.0,66.4,0.3,92.8,539.0,64.6,125771.7,79407.1,2.9
284,102.62,100.0,1.877,1877.1,63.5,49.9,13.6,0.0,0.0,1575.0,151.2,65.2,96.0,3.43,8.13,5.87,50.8,1.0,66.4,0.3,92.0,539.0,64.6,125771.7,79406.2,2.9
285,92.43,100.0,2.061,2061.0,63.6,49.6,13.6,0.0,0.1,1575.0,144.9,64.4,92.0,3.43,8.13,5.87,50.7,1.0,66.5,0.3,92.0,539.0,64.6,125771.7,79405.9,2.9
286,96.25,100.0,2.21,2210.1,63.7,49.1,13.6,0.0,0.0,1575.0,152.78,64.5,97.0,3.43,8.13,5.87,49.7,1.0,66.3,0.3,91.0,539.0,64.6,125771.7,79400.7,2.9
287,94.92,100.0,1.832,1832.1,63.6,47.5,13.6,0.0,0.0,1575.0,154.35,64.4,98.0,3.43,8.13,5.87,48.5,1.0,66.4,0.3,89.2,539.0,64.5,125771.7,79392.3,2.9
288,100.29,100.0,2.233,2233.3,63.4,49.0,13.6,0.0,0.0,1575.0,154.35,64.6,98.0,3.45,7.96,5.87,50.1,1.0,66.5,0.3,90.9,539.0,64.5,125771.7,79391.8,2.9
289,92.53,100.0,2.312,2311.7,63.4,47.5,13.6,0.0,0.0,1575.0,141.75,64.5,90.0,3.45,7.96,5.87,48.2,1.0,66.5,0.3,89.8,539.0,64.5,125771.7,79389.3,2.9
290,92.59,100.0,2.01,2009.6,63.5,48.6,13.6,0.0,0.0,1575.0,151.2,64.5,96.0,3.45,7.96,5.87,49.4,1.0,66.4,0.3,90.7,536.0,64.5,125771.7,79390.1,2.9
291,89.06,100.0,1.962,1962.0,64.2,48.7,13.6,0.0,0.0,1575.0,152.78,64.7,97.0,3.45,7.96,5.87,49.8,1.0,66.4,0.3,90.7,536.0,64.5,125771.7,79391.3,2.9
292,96.48,100.0,1.785,1784.6,63.7,49.6,13.6,0.0,0.2,1575.0,152.78,64.8,97.0,3.45,7.96,5.87,50.2,1.0,66.4,0.3,88.6,536.0,64.5,125771.7,79392.9,2.9
293,93.43,100.0,1.777,1776.9,64.7,52.2,13.6,0.0,0.1,1575.0,152.78,64.8,97.0,3.46,7.81,5.87,52.9,1.0,66.4,0.4,89.1,536.0,64.5,125771.7,79392.4,2.9
294,92.27,100.0,1.817,1816.7,63.8,51.9,13.6,0.0,0.0,1575.0,146.48,64.7,93.0,3.46,7.81,5.87,52.6,1.0,66.4,0.3,89.7,536.0,64.5,125771.7,79390.3,2.9
295,95.52,100.0,1.831,1830.9,64.3,52.1,13.6,0.0,0.0,1575.0,152.78,64.8,97.0,3.46,7.81,5.87,53.1,1.0,66.5,0.3,90.0,536.0,64.5,125771.7,79388.8,2.9
296,42.39,100.0,2.512,2512.3,63.9,52.3,13.6,0.0,0.0,1566.0,0.0,62.3,0.0,3.46,7.81,5.87,52.9,1.0,66.4,0.3,90.5,536.0,66.2,125771.7,81456.1,2.9
297,42.62,100.0,2.52,2520.0,63.3,50.9,13.6,0.0,0.1,1575.0,0.0,62.0,0.0,3.46,7.81,5.87,51.8,1.0,66.4,0.3,92.5,536.0,64.9,125771.7,80411.1,2.9
298,84.33,100.0,2.25,2250.0,62.7,50.3,13.6,0.0,0.0,1575.0,152.78,65.2,97.0,3.51,8.14,5.98,51.3,1.0,66.5,0.3,93.3,536.0,65.4,125771.7,80431.7,2.9
299,90.07,100.0,2.073,2072.6,63.6,50.3,13.6,0.0,0.2,1575.0,152.78,64.2,97.0,3.51,8.14,5.98,51.2,1.0,66.4,0.3,91.9,536.0,65.6,125771.7,80753.4,2.9
300,89.19,100.0,2.226,2225.6,64.0,48.6,13.6,0.0,0.0,1575.0,152.78,64.3,97.0,3.51,8.14,5.98,49.5,1.0,66.4,0.3,92.6,536.0,65.6,125771.7,80754.6,2.9
301,90.87,100.0,2.31,2310.4,64.2,48.9,13.6,0.0,0.0,1575.0,152.78,64.4,97.0,3.51,8.14,5.98,49.8,1.0,66.4,0.3,91.2,536.0,65.6,125771.7,80775.1,2.9
302,94.13,100.0,2.352,2351.6,64.4,47.5,13.6,0.0,0.0,1575.0,154.35,64.5,98.0,3.51,8.14,5.98,48.8,1.0,66.5,0.3,92.2,536.0,65.6,125771.7,80762.2,2.9
303,69.4,100.0,1.97,1969.7,64.2,46.2,13.6,0.0,0.0,1575.0,137.02,64.3,87.0,3.55,8.45,6.08,47.6,1.0,66.4,0.3,91.1,536.0,65.6,125771.7,80761.7,2.9
304,92.9,100.0,2.024,2023.7,64.4,46.5,13.6,0.0,0.4,1575.0,152.78,64.5,97.0,3.55,8.45,6.08,47.4,1.0,66.4,0.3,90.7,536.0,65.6,125771.7,80750.7,2.9
305,84.91,100.0,2.107,2107.3,64.8,48.8,13.6,0.0,0.0,1575.0,154.35,64.7,98.0,3.55,8.45,6.08,49.4,1.0,66.4,0.2,92.0,536.0,65.6,125771.7,80751.1,2.9
306,95.52,100.0,1.506,1505.6,65.0,49.6,13.6,0.0,0.2,1575.0,154.35,64.7,98.0,3.55,8.45,6.08,50.8,1.0,66.4,0.3,92.5,535.0,65.6,125771.7,80750.8,2.9
307,95.42,100.0,1.9,1900.3,65.0,51.7,13.6,0.0,0.0,1575.0,152.78,64.9,97.0,3.55,8.45,6.08,52.8,1.0,66.4,0.3,89.7,535.0,65.6,125771.7,80749.5,2.9
308,100.64,100.0,2.024,2023.7,64.8,51.9,13.6,0.0,0.0,1575.0,152.78,65.0,97.0,3.57,8.33,6.09,52.8,1.0,66.4,0.3,92.3,535.0,65.6,125771.7,80748.9,2.9
309,97.42,100.0,1.939,1938.9,65.1,51.3,13.6,0.0,0.0,1575.0,154.35,65.1,98.0,3.57,8.33,6.09,52.7,1.0,66.5,0.3,92.4,535.0,65.6,125771.7,80749.5,2.9
310,93.99,100.0,2.249,2248.7,65.1,52.2,13.6,0.0,0.1,1575.0,152.78,65.1,97.0,3.57,8.33,6.09,53.1,1.0,66.4,0.3,92.0,535.0,65.6,125771.7,80748.0,2.9
311,93.71,100.0,1.817,1816.7,65.1,51.7,13.6,0.0,0.0,1575.0,154.35,65.2,98.0,3.57,8.33,6.09,52.4,1.0,66.4,0.3,91.1,535.0,65.6,125771.7,80746.7,2.9
312,98.31,100.0,2.024,2023.7,64.4,52.0,13.6,0.0,0.0,1575.0,154.35,65.2,98.0,3.57,8.33,6.09,53.3,1.0,66.4,0.3,90.6,535.0,65.6,125771.7,80752.8,2.9
313,96.13,100.0,2.04,2040.4,64.9,50.6,13.6,0.0,0.0,1575.0,154.35,65.2,98.0,3.61,8.55,6.17,51.0,1.0,66.4,0.3,78.4,535.0,65.6,125771.7,80749.5,2.9
314,96.81,100.0,2.001,2000.6,64.8,50.8,13.6,0.0,0.0,1575.0,152.78,65.2,97.0,3.61,8.55,6.17,52.0,1.0,66.4,0.3,91.2,535.0,65.6,125771.7,80749.8,2.9
315,97.48,100.0,2.155,2154.9,65.5,50.9,13.6,0.0,0.2,1575.0,152.78,65.4,97.0,3.61,8.55,6.17,52.2,1.0,66.4,0.3,90.8,535.0,65.6,125771.7,80752.9,2.9
316,97.17,100.0,1.977,1977.4,65.2,51.8,13.6,0.0,0.1,1575.0,132.3,65.3,84.0,3.61,8.55,6.17,52.6,1.0,66.4,0.2,91.2,535.0,65.6,125771.7,80750.7,2.9
317,98.3,100.0,1.985,1985.1,64.9,51.7,13.6,0.0,0.0,1575.0,154.35,65.4,98.0,3.61,8.55,6.17,53.0,1.0,66.4,0.3,90.8,535.0,65.6,125771.7,80751.2,2.9
318,92.3,100.0,2.04,2040.4,65.1,50.4,13.6,0.0,0.0,1575.0,154.35,65.4,98.0,3.65,8.74,6.25,51.1,1.0,66.4,0.3,91.4,535.0,65.6,125771.7,80753.4,2.9
319,97.34,100.0,2.062,2062.3,65.2,50.0,13.6,0.0,0.0,1575.0,152.78,65.4,97.0,3.65,8.74,6.25,50.9,1.0,66.5,0.3,91.0,535.0,65.6,125771.7,80750.8,2.9
320,96.62,100.0,1.871,1870.7,65.2,48.1,13.6,0.0,0.0,1575.0,152.78,65.5,97.0,3.65,8.74,6.25,48.8,1.0,66.3,0.3,91.0,535.0,65.6,125771.7,80759.2,2.9
321,91.74,100.0,1.994,1994.1,65.2,50.0,13.6,0.0,0.0,1575.0,137.02,65.4,87.0,3.65,8.74,6.25,50.9,1.0,66.4,0.3,91.8,535.0,65.6,125771.7,80758.3,2.9
322,104.18,100.0,2.202,2202.4,65.5,48.9,13.6,0.0,0.0,1575.0,154.35,65.7,98.0,3.65,8.74,6.25,50.1,1.0,66.4,0.2,90.7,535.0,65.6,125771.7,80752.0,2.9
323,39.69,100.0,1.777,1776.9,64.7,50.6,13.6,0.0,0.0,1575.0,0.0,63.7,0.0,3.67,8.6,6.27,51.5,1.0,66.5,0.4,89.9,535.0,66.3,125771.7,81595.8,2.9
324,44.45,100.0,2.204,2203.7,63.6,51.2,13.6,0.0,0.2,1530.0,0.0,62.9,0.0,3.67,8.6,6.27,52.3,1.0,66.4,0.2,90.6,535.0,65.2,125771.7,80276.3,2.9
325,40.86,100.0,2.296,2296.3,64.2,50.7,13.6,0.0,0.1,1575.0,0.0,63.0,0.0,3.67,8.6,6.27,51.6,1.0,66.4,0.3,90.7,535.0,65.2,125771.7,80709.6,2.9
326,98.24,100.0,2.022,2022.4,65.0,51.9,13.6,0.0,0.0,1575.0,154.35,65.0,98.0,3.67,8.6,6.27,53.0,1.0,66.4,0.3,93.0,535.0,65.6,125771.7,80755.1,2.9
327,94.74,100.0,1.86,1860.4,65.2,51.1,13.6,0.0,0.0,1575.0,152.78,65.3,97.0,3.67,8.6,6.27,52.3,1.0,66.3,0.3,91.1,535.0,65.6,125771.7,80749.3,2.9
328,93.77,100.0,2.03,2030.1,65.2,50.0,13.6,0.0,0.0,1575.0,152.78,65.3,97.0,3.68,8.4,6.26,51.3,1.0,66.4,0.2,92.1,535.0,65.6,125771.7,80749.7,2.9
329,93.05,100.0,2.155,2154.9,65.2,49.8,13.6,0.0,0.0,1575.0,152.78,65.4,97.0,3.68,8.4,6.26,51.0,1.0,66.5,0.3,92.2,535.0,65.6,125771.7,80751.1,2.9
330,98.66,100.0,2.085,2085.4,65.5,50.3,13.6,0.0,0.3,1575.0,154.35,65.5,98.0,3.68,8.4,6.26,51.4,1.0,66.3,0.3,89.4,535.0,65.6,125771.7,80751.9,2.9
331,92.87,100.0,1.911,1910.6,65.5,50.1,13.6,0.0,0.0,1575.0,154.35,65.5,98.0,3.68,8.4,6.26,51.2,1.0,66.4,0.3,90.7,535.0,65.6,125771.7,80759.5,2.9
332,95.69,100.0,1.746,1746.0,64.9,51.1,13.6,0.0,0.0,1575.0,152.78,65.7,97.0,3.68,8.4,6.26,51.6,1.0,66.4,0.2,90.1,535.0,65.6,125771.7,80752.1,2.9
333,92.79,100.0,1.553,1553.1,64.8,53.4,13.6,0.0,0.0,1575.0,154.35,65.8,98.0,3.7,8.28,6.27,54.6,1.0,66.4,0.3,90.0,535.0,65.6,125771.7,80750.5,2.9
334,78.7,100.0,1.939,1938.9,65.4,55.2,13.6,0.0,0.3,1575.0,152.78,64.8,97.0,3.7,8.28,6.27,56.2,1.0,66.4,0.3,90.7,535.0,65.1,125771.7,80095.8,2.9
335,86.22,100.0,2.127,2126.6,65.2,53.5,13.6,0.0,0.1,1575.0,152.78,65.2,97.0,3.7,8.28,6.27,54.6,1.0,66.4,0.3,91.9,535.0,65.1,125771.7,80098.7,2.9
336,35.81,100.0,1.986,1986.4,65.4,54.3,13.6,0.0,0.1,1566.0,0.0,62.7,0.0,3.7,8.28,6.27,55.7,1.0,66.4,0.3,91.0,535.0,65.0,125771.7,80077.1,2.9
337,93.21,100.0,1.777,1776.9,64.5,53.9,13.6,0.0,0.0,1575.0,154.35,65.1,98.0,3.7,8.28,6.27,55.3,1.0,66.4,0.2,91.0,535.0,65.5,125771.7,80583.9,2.9
338,94.78,100.0,2.139,2139.4,64.5,51.2,13.6,0.0,0.1,1575.0,149.62,65.2,95.0,3.78,9.14,6.48,51.8,1.0,66.4,0.3,90.6,535.0,65.5,125771.7,80584.7,2.9
339,95.68,100.0,1.993,1992.9,64.5,48.7,13.6,0.0,0.1,1575.0,154.35,65.4,98.0,3.78,9.14,6.48,49.6,1.0,66.4,0.3,90.2,535.0,65.5,125771.7,80583.1,2.9
340,56.97,100.0,1.893,1892.6,64.3,46.3,13.6,0.0,0.0,1575.0,108.68,65.2,69.0,3.78,9.14,6.48,47.8,1.0,66.4,0.2,90.8,535.0,65.5,125771.7,80582.2,2.9
341,94.53,100.0,1.94,1940.1,64.6,45.3,13.6,0.0,0.0,1575.0,154.35,65.4,98.0,3.78,9.14,6.48,46.4,1.0,66.3,0.2,90.8,535.0,65.5,125771.7,80582.1,2.9
342,98.13,100.0,1.808,1807.7,64.6,43.7,13.6,0.0,0.1,1575.0,152.78,65.6,97.0,3.78,9.14,6.48,45.3,1.0,66.4,0.3,91.1,535.0,65.5,125771.7,80582.4,2.9
343,92.99,100.0,1.723,1722.9,64.6,45.3,13.6,0.0,0.0,1575.0,149.62,65.7,95.0,3.81,9.13,6.53,46.4,1.0,66.4,0.2,92.0,535.0,65.5,125771.7,80582.2,2.9
344,96.39,100.0,1.661,1661.1,64.6,44.9,13.6,0.0,0.0,1575.0,152.78,65.6,97.0,3.81,9.13,6.53,45.9,1.0,66.3,0.2,90.9,535.0,65.5,125771.7,80582.0,2.9
345,94.54,100.0,1.707,1707.4,64.7,45.0,13.6,0.0,0.0,1575.0,152.78,65.7,97.0,3.81,9.13,6.53,46.3,1.0,66.4,0.3,90.7,535.0,65.5,125771.7,80582.7,2.9
346,90.42,100.0,1.8,1800.0,64.8,44.7,13.6,0.0,0.2,1575.0,148.05,65.7,94.0,3.81,9.13,6.53,45.9,1.0,66.4,0.2,91.0,535.0,65.5,125771.7,80580.9,2.9
347,94.3,100.0,1.931,1931.1,64.7,44.0,13.6,0.0,0.0,1575.0,154.35,65.9,98.0,3.81,9.13,6.53,45.3,1.0,66.3,0.2,90.6,535.0,65.5,125771.7,80577.3,2.9
348,95.38,100.0,1.948,1947.9,65.8,45.3,13.6,0.0,0.0,1575.0,152.78,65.9,97.0,3.82,8.88,6.52,46.5,1.0,66.3,0.3,91.9,535.0,65.5,125771.7,80579.9,2.9
349,92.34,100.0,1.707,1707.4,64.7,45.2,13.6,0.0,0.0,1575.0,152.78,65.8,97.0,3.82,8.88,6.52,46.0,1.0,66.4,0.2,90.5,535.0,65.5,125771.7,80584.0,2.9
350,75.47,100.0,2.568,2567.6,64.9,51.1,13.6,0.0,0.0,1575.0,152.78,64.2,97.0,3.82,8.88,6.52,51.9,1.0,66.5,0.3,91.2,535.0,64.2,125771.7,78955.6,2.9
351,86.33,100.0,2.335,2334.9,64.0,50.1,13.6,0.0,0.1,1575.0,152.78,65.3,97.0,3.82,8.88,6.52,50.7,1.0,66.4,0.3,92.4,535.0,64.2,125771.7,78960.9,2.9
352,40.3,100.0,2.344,2343.9,63.9,51.1,13.6,0.0,0.0,1557.0,0.0,62.8,0.0,3.82,8.88,6.52,52.5,1.0,66.5,0.3,91.9,535.0,64.1,125771.7,78947.9,2.9
353,103.16,100.0,1.947,1946.6,64.4,50.4,13.6,0.0,0.0,1575.0,151.2,66.2,96.0,3.89,9.53,6.69,51.5,1.0,66.4,0.4,90.9,535.0,64.6,125771.7,79436.2,2.9
354,107.31,100.0,1.939,1938.9,64.9,51.7,13.6,0.0,0.2,1575.0,154.35,66.8,98.0,3.89,9.53,6.69,52.8,1.0,66.4,0.3,91.8,535.0,64.6,125771.7,79422.7,2.9
355,102.93,100.0,2.064,2063.6,65.2,50.8,13.6,0.0,0.0,1575.0,152.78,66.8,97.0,3.89,9.53,6.69,52.0,1.0,66.4,0.3,90.0,535.0,64.6,125771.7,79422.9,2.9
356,102.76,100.0,2.109,2108.6,65.3,50.2,13.6,0.0,0.0,1575.0,152.78,67.0,97.0,3.89,9.53,6.69,51.3,1.0,66.4,0.3,90.4,535.0,64.6,125771.7,79421.3,2.9
357,106.04,100.0,2.141,2140.7,65.5,50.2,13.6,0.0,0.0,1575.0,154.35,67.3,98.0,3.89,9.53,6.69,51.7,1.0,66.5,0.3,90.7,535.0,64.6,125771.7,79421.7,2.9
358,100.08,100.0,1.761,1761.4,65.5,52.4,13.6,0.0,0.0,1575.0,152.78,66.1,97.0,3.91,9.33,6.7,53.5,1.0,66.4,0.3,89.7,535.0,64.6,125771.7,79418.1,2.9
359,82.89,100.0,2.093,2093.1,65.6,53.3,13.6,0.0,0.1,1575.0,137.02,66.2,87.0,3.91,9.33,6.7,54.6,1.0,66.5,0.4,89.3,535.0,64.6,125771.7,79421.3,2.9
360,96.01,100.0,2.272,2271.9,65.7,52.6,13.6,0.0,0.0,1575.0,154.35,66.2,98.0,3.91,9.33,6.7,53.3,1.0,66.5,0.3,90.9,535.0,64.6,125771.7,79421.4,2.9
361,96.05,100.0,1.769,1769.1,65.8,51.5,13.6,0.0,0.1,1575.0,154.35,66.2,98.0,3.91,9.33,6.7,52.7,1.0,66.4,0.3,90.8,535.0,64.6,125771.7,79433.9,2.9
362,97.11,100.0,1.828,1828.3,65.8,53.3,13.6,0.0,0.1,1575.0,152.78,66.3,97.0,3.91,9.33,6.7,54.6,1.0,66.4,0.3,90.7,535.0,64.6,125771.7,79419.2,2.9
363,96.78,100.0,2.119,2118.9,65.6,50.1,13.6,0.0,0.0,1575.0,154.35,66.4,98.0,3.93,9.22,6.72,50.9,1.0,66.4,0.3,90.7,535.0,64.6,125771.7,79417.9,2.9
364,97.09,100.0,2.21,2210.1,65.9,49.1,13.6,0.0,0.4,1575.0,154.35,66.3,98.0,3.93,9.22,6.72,49.7,1.0,66.5,0.3,92.0,535.0,64.6,125771.7,79419.1,2.9
365,96.83,100.0,2.178,2178.0,65.7,47.6,13.6,0.0,0.0,1575.0,154.35,66.4,98.0,3.93,9.22,6.72,48.6,1.0,66.4,0.3,91.0,535.0,64.6,125771.7,79420.7,2.9
366,96.12,100.0,2.209,2208.9,66.0,49.5,13.6,0.0,0.0,1575.0,154.35,66.5,98.0,3.93,9.22,6.72,50.6,1.0,66.5,0.4,92.0,535.0,64.6,125771.7,79424.9,2.9
367,93.54,100.0,2.033,2032.7,65.8,50.2,13.6,0.0,0.1,1575.0,154.35,66.5,98.0,3.93,9.22,6.72,51.2,1.0,66.4,0.3,91.0,535.0,64.6,125771.7,79429.2,2.9
368,95.08,100.0,2.093,2093.1,66.0,49.2,13.6,0.0,0.0,1575.0,152.78,66.6,97.0,3.96,9.2,6.76,50.2,1.0,66.4,0.3,92.3,535.0,64.6,125771.7,79430.6,2.9
369,92.44,92.9,2.008,2008.3,65.9,48.4,13.6,0.0,0.2,1575.0,154.35,66.5,98.0,3.96,9.2,6.76,49.4,1.0,66.4,0.3,90.6,535.0,64.6,125771.7,79430.9,2.9
370,94.28,100.0,2.062,2062.3,65.9,49.9,13.6,0.0,0.0,1575.0,154.35,66.6,98.0,3.96,9.2,6.76,51.1,1.0,66.5,0.3,92.1,536.0,64.6,125771.7,79430.4,2.9
371,90.11,100.0,1.9,1900.3,66.0,50.1,13.6,0.0,0.0,1575.0,146.48,66.6,93.0,3.96,9.2,6.76,51.0,1.0,66.4,0.3,91.0,536.0,64.6,125771.7,79430.7,2.9
372,93.36,100.0,2.118,2117.6,65.8,51.1,13.6,0.0,0.1,1575.0,151.2,66.6,96.0,3.96,9.2,6.76,51.5,1.0,66.4,0.3,88.8,535.0,64.6,125771.7,79422.8,2.9
373,95.34,100.0,2.202,2202.4,65.8,49.5,13.6,0.0,0.0,1575.0,152.78,66.8,97.0,3.98,9.03,6.76,50.5,1.0,66.4,0.3,92.2,535.0,64.6,125771.7,79424.1,2.9
374,90.14,100.0,1.869,1869.4,66.0,49.6,13.6,0.0,0.0,1575.0,152.78,66.6,97.0,3.98,9.03,6.76,50.6,1.0,66.5,0.3,91.2,535.0,64.6,125771.7,79421.4,2.9
375,93.47,100.0,2.163,2162.6,65.9,48.2,13.6,0.0,0.0,1575.0,152.78,66.8,97.0,3.98,9.03,6.76,49.1,1.0,66.4,0.4,90.2,535.0,64.6,125771.7,79421.9,2.9
376,97.79,100.0,2.312,2311.7,66.6,47.7,13.6,0.0,0.0,1575.0,152.78,66.8,97.0,3.98,9.03,6.76,48.9,1.0,66.4,0.2,91.4,535.0,64.6,125771.7,79422.5,2.9
377,95.72,100.0,2.125,2125.3,65.9,47.3,13.6,0.0,0.0,1575.0,152.78,66.8,97.0,3.98,9.03,6.76,48.6,1.0,66.4,0.3,91.2,535.0,64.6,125771.7,79422.7,2.9
378,90.29,100.0,1.917,1917.0,66.2,49.9,13.6,0.0,0.0,1575.0,152.78,66.8,97.0,4.0,9.02,6.8,50.8,1.0,66.5,0.3,91.0,535.0,64.6,125771.7,79422.0,2.9
379,95.87,100.0,2.033,2032.7,66.1,49.9,13.6,0.0,0.3,1575.0,154.35,66.9,98.0,4.0,9.02,6.8,50.6,1.0,66.4,0.4,91.5,535.0,64.6,125771.7,79425.4,2.9
380,45.37,100.0,2.142,2142.0,66.0,49.0,13.6,0.0,0.0,1575.0,0.0,65.1,0.0,4.0,9.02,6.8,49.9,1.0,66.5,0.3,88.6,535.0,65.4,125771.7,80506.6,2.9
381,41.7,100.0,2.334,2333.6,65.3,51.5,13.6,0.0,0.0,1566.0,0.0,64.1,0.0,4.0,9.02,6.8,52.3,1.0,66.4,0.3,90.6,535.0,65.1,125771.7,80233.7,2.9
382,37.81,100.0,1.999,1999.3,65.1,50.4,13.6,0.0,0.0,1575.0,0.0,64.6,0.0,4.0,9.02,6.8,51.4,1.0,66.4,0.3,91.5,535.0,65.2,125771.7,80232.0,2.9
383,97.44,100.0,2.022,2022.4,65.7,50.6,13.6,0.0,0.0,1575.0,141.75,66.1,90.0,4.01,8.78,6.79,51.6,1.0,66.4,0.3,93.0,535.0,65.6,125771.7,80732.4,2.9
384,97.99,100.0,2.062,2062.3,65.6,49.2,13.6,0.0,0.0,1575.0,144.9,66.3,92.0,4.01,8.78,6.79,49.8,1.0,66.5,0.3,90.3,535.0,65.6,125771.7,80730.7,2.9
385,92.72,100.0,1.738,1738.3,65.8,49.6,13.6,0.0,0.2,1575.0,152.78,66.4,97.0,4.01,8.78,6.79,50.8,1.0,66.4,0.3,91.2,535.0,65.6,125771.7,80729.5,2.9
386,92.99,100.0,1.754,1753.7,65.9,49.7,13.6,0.0,0.0,1575.0,154.35,66.6,98.0,4.01,8.78,6.79,50.4,1.0,66.4,0.3,90.8,535.0,65.6,125771.7,80728.4,2.9
387,91.26,100.0,2.026,2026.3,65.8,49.4,13.6,0.0,0.0,1575.0,154.35,66.6,98.0,4.01,8.78,6.79,50.3,1.0,66.4,0.3,90.1,535.0,65.6,125771.7,80728.7,2.9
388,100.06,100.0,1.831,1830.9,66.3,48.7,13.6,0.0,0.1,1575.0,152.78,66.6,97.0,4.02,8.48,6.76,49.7,1.0,66.5,0.3,89.5,534.0,65.6,125771.7,80730.7,2.9
389,97.1,100.0,1.976,1976.1,66.3,49.1,13.6,0.0,0.0,1575.0,152.78,66.8,97.0,4.02,8.48,6.76,50.3,1.0,66.4,0.3,90.0,534.0,65.6,125771.7,80730.8,2.9
390,101.41,100.0,2.426,2426.1,66.6,47.8,13.6,0.0,0.0,1575.0,154.35,66.8,98.0,4.02,8.48,6.76,48.8,1.0,66.5,0.3,93.0,534.0,65.6,125771.7,80730.3,2.9
391,92.51,100.0,2.334,2333.6,66.3,48.2,13.6,0.0,0.0,1575.0,149.62,66.8,95.0,4.02,8.48,6.76,49.5,1.0,66.4,0.3,88.1,535.0,65.6,125771.7,80734.7,2.9
392,99.62,100.0,2.022,2022.4,66.6,48.6,13.6,0.0,0.0,1575.0,154.35,67.0,98.0,4.02,8.48,6.76,49.4,1.0,66.4,0.3,92.0,535.0,65.6,125771.7,80744.6,2.9
393,99.15,100.0,2.178,2178.0,66.4,47.8,13.6,0.0,0.2,1575.0,154.35,67.0,98.0,4.11,9.48,6.99,49.4,1.0,66.4,0.3,92.1,535.0,65.6,125771.7,80734.8,2.9
394,94.34,100.0,1.876,1875.9,66.5,48.1,13.6,0.0,0.4,1575.0,154.35,67.1,98.0,4.11,9.48,6.99,49.0,1.0,66.4,0.3,91.0,535.0,65.6,125771.7,80734.0,2.9
395,104.67,100.0,1.822,1821.9,66.6,48.1,13.6,0.0,0.1,1575.0,154.35,67.2,98.0,4.11,9.48,6.99,49.2,1.0,66.4,0.3,92.2,535.0,65.6,125771.7,80734.6,2.9
396,100.27,100.0,1.893,1892.6,66.5,46.9,13.6,0.0,0.0,1575.0,152.78,67.2,97.0,4.11,9.48,6.99,47.6,1.0,66.4,0.3,88.1,535.0,65.6,125771.7,80731.8,2.9
397,98.06,100.0,2.016,2016.0,66.2,48.4,13.6,0.0,0.0,1575.0,154.35,67.2,98.0,4.11,9.48,6.99,48.9,1.0,66.5,0.3,89.5,535.0,65.6,125771.7,80732.0,2.9
398,92.89,100.0,2.087,2086.7,66.5,48.1,13.6,0.0,0.1,1575.0,152.78,67.1,97.0,4.15,9.68,7.08,49.1,1.0,66.4,0.3,91.0,535.0,65.6,125771.7,80735.8,2.9
399,94.71,92.9,1.979,1978.7,66.3,46.0,13.6,0.0,0.0,1575.0,154.35,67.3,98.0,4.15,9.68,7.08,47.3,1.0,66.5,0.3,90.9,535.0,65.6,125771.7,80734.3,2.9
400,97.29,100.0,2.04,2040.4,66.7,48.4,13.6,0.0,0.1,1575.0,154.35,67.3,98.0,4.15,9.68,7.08,49.4,1.0,66.4,0.3,90.1,535.0,65.6,125771.7,80739.6,2.9
401,101.16,100.0,2.094,2094.4,66.5,48.7,13.6,0.0,0.0,1575.0,151.2,67.2,96.0,4.15,9.68,7.08,49.7,1.0,66.4,0.3,90.8,535.0,65.6,125771.7,80734.4,2.9
402,91.4,100.0,1.988,1987.7,66.9,49.2,13.6,0.0,0.0,1575.0,152.78,67.3,97.0,4.15,9.68,7.08,50.4,1.0,66.5,0.3,90.7,535.0,65.6,125771.7,80741.1,2.9
403,97.55,100.0,2.088,2088.0,67.2,48.5,13.6,0.0,0.1,1575.0,152.78,67.4,97.0,4.17,9.47,7.08,49.6,1.0,66.4,0.3,90.0,535.0,65.6,125771.7,80738.0,2.9
404,93.39,100.0,2.282,2282.1,66.9,51.0,13.6,0.0,0.0,1575.0,152.78,67.4,97.0,4.17,9.47,7.08,52.1,1.0,66.4,0.3,91.3,535.0,65.6,125771.7,80738.2,2.9
405,95.37,100.0,2.217,2216.6,67.1,49.0,13.6,0.0,0.0,1575.0,154.35,67.4,98.0,4.17,9.47,7.08,50.2,1.0,66.4,0.2,90.7,535.0,65.6,125771.7,80741.0,2.9
406,99.07,100.0,1.948,1947.9,66.9,50.3,13.6,0.0,0.1,1575.0,148.05,67.3,94.0,4.17,9.47,7.08,51.4,1.0,66.4,0.3,90.2,535.0,65.6,125771.7,80738.1,2.9
407,94.56,100.0,2.01,2009.6,66.9,48.9,13.6,0.0,0.0,1575.0,152.78,67.5,97.0,4.17,9.47,7.08,50.1,1.0,66.4,0.3,90.7,535.0,65.6,125771.7,80739.7,2.9
408,41.38,100.0,1.84,1839.9,66.1,48.4,13.6,0.0,0.0,1575.0,0.0,65.2,0.0,4.16,8.95,7.01,49.7,1.0,66.5,0.3,91.0,535.0,66.3,125771.7,81623.4,2.9
409,74.33,100.0,1.97,1969.7,65.4,52.2,13.6,0.0,0.0,1575.0,154.35,66.8,98.0,4.16,8.95,7.01,53.2,1.0,66.4,0.3,93.5,535.0,65.5,125771.7,80555.3,2.9
410,83.79,100.0,1.923,1923.4,65.0,50.1,13.6,0.0,0.2,1575.0,152.78,67.3,97.0,4.16,8.95,7.01,51.4,1.0,66.4,0.3,92.4,535.0,65.5,125771.7,80557.2,2.9
411,94.98,100.0,2.201,2201.1,65.8,51.3,13.6,0.0,0.0,1575.0,152.78,66.4,97.0,4.16,8.95,7.01,52.6,1.0,66.4,0.3,90.7,535.0,65.9,125771.7,81032.5,2.9
412,97.22,100.0,2.024,2023.7,66.3,49.8,13.6,0.0,0.0,1575.0,152.78,66.8,97.0,4.16,8.95,7.01,51.4,1.0,66.5,0.3,90.5,535.0,65.9,125771.7,81039.0,2.9
413,98.8,100.0,2.318,2318.1,66.4,49.4,13.6,0.0,0.0,1575.0,154.35,66.9,98.0,4.18,8.87,7.02,50.6,1.0,66.3,0.2,90.9,535.0,65.9,125771.7,81032.6,2.9
414,92.45,100.0,1.652,1652.1,67.2,49.7,13.6,0.0,0.0,1575.0,154.35,67.0,98.0,4.18,8.87,7.02,50.8,1.0,66.5,0.3,90.7,535.0,65.8,125771.7,81029.4,2.9
415,101.17,100.0,1.917,1917.0,67.1,50.3,13.6,0.0,0.1,1575.0,154.35,67.1,98.0,4.18,8.87,7.02,51.4,1.0,66.3,0.3,89.7,535.0,65.8,125771.7,81026.6,2.9
416,97.36,100.0,1.993,1992.9,67.1,49.3,13.6,0.0,0.2,1575.0,154.35,67.1,98.0,4.18,8.87,7.02,50.3,1.0,66.4,0.3,91.0,535.0,65.8,125771.7,81023.9,2.9
417,99.68,100.0,2.01,2009.6,67.0,48.8,13.6,0.0,0.0,1575.0,154.35,67.2,98.0,4.18,8.87,7.02,50.3,1.0,66.5,0.3,91.0,535.0,65.8,125771.7,81026.5,2.9
418,96.71,100.0,2.055,2054.6,67.2,47.7,13.6,0.0,0.0,1575.0,152.78,67.2,97.0,4.2,8.8,7.04,48.5,1.0,66.3,0.3,89.8,535.0,65.8,125771.7,81024.3,2.9
419,98.46,100.0,1.815,1815.4,66.9,48.0,13.6,0.0,0.0,1575.0,154.35,67.3,98.0,4.2,8.8,7.04,48.6,1.0,66.4,0.2,89.2,535.0,65.8,125771.7,81023.7,2.9
420,98.71,100.0,1.965,1964.6,67.2,46.2,13.6,0.0,0.0,1575.0,152.78,67.3,97.0,4.2,8.8,7.04,47.0,1.0,66.4,0.3,90.3,535.0,65.8,125771.7,81024.2,2.9
421,96.95,100.0,1.777,1776.9,66.5,48.3,13.6,0.0,0.1,1575.0,152.78,67.3,97.0,4.2,8.8,7.04,49.0,1.0,66.5,0.3,88.8,535.0,65.9,125771.7,81039.6,2.9
422,103.94,100.0,1.707,1707.4,66.5,47.7,13.6,0.0,0.0,1575.0,154.35,67.4,98.0,4.2,8.8,7.04,48.5,1.0,66.4,0.3,90.8,535.0,65.8,125771.7,81023.0,2.9
423,66.51,100.0,2.048,2048.1,66.1,48.9,13.6,0.0,0.0,1575.0,56.7,65.7,36.0,4.21,8.58,7.02,50.0,1.0,66.4,0.3,90.7,535.0,66.8,125771.7,82250.3,2.9
424,83.72,100.0,2.011,2010.9,65.6,48.8,13.6,0.0,0.0,1530.0,146.88,65.1,96.0,4.21,8.58,7.02,49.7,1.0,66.4,0.2,93.1,535.0,65.5,125771.7,80561.4,2.9
425,35.98,100.0,2.173,2172.9,65.3,47.9,13.6,0.0,0.6,1575.0,0.0,64.6,0.0,4.21,8.58,7.02,49.5,1.0,66.4,0.3,92.9,535.0,65.4,125771.7,80998.2,2.9
426,95.39,100.0,2.002,2001.9,65.9,49.1,13.6,0.0,0.1,1575.0,152.78,66.8,97.0,4.21,8.58,7.02,50.1,1.0,66.4,0.3,92.9,535.0,65.8,125771.7,81022.3,2.9
427,92.38,100.0,1.925,1924.7,66.6,46.4,13.6,0.0,0.0,1575.0,154.35,67.0,98.0,4.21,8.58,7.02,47.3,1.0,66.4,0.3,90.8,534.0,65.8,125771.7,80997.3,2.9
428,93.94,100.0,1.777,1776.9,66.7,49.8,13.6,0.0,0.0,1575.0,152.78,67.1,97.0,4.22,8.29,6.99,50.9,1.0,66.4,0.2,92.0,534.0,65.8,125771.7,80941.4,2.9
429,94.82,100.0,2.007,2007.0,66.6,49.7,13.6,0.0,0.0,1575.0,152.78,67.2,97.0,4.22,8.29,6.99,50.8,1.0,66.3,0.3,93.3,534.0,65.8,125771.7,80944.0,2.9
430,95.81,100.0,1.916,1915.7,66.6,49.1,13.6,0.0,0.1,1575.0,152.78,67.3,97.0,4.22,8.29,6.99,50.1,1.0,66.4,0.3,91.6,534.0,65.8,125771.7,80942.0,2.9
431,39.41,100.0,1.917,1917.0,65.9,50.5,13.6,0.0,0.0,1575.0,0.0,64.8,0.0,4.22,8.29,6.99,51.1,1.0,66.5,0.3,90.9,534.0,65.2,125771.7,80347.6,2.9
432,84.12,100.0,1.823,1823.1,65.3,49.6,13.6,0.0,0.0,1575.0,154.35,67.7,98.0,4.22,8.29,6.99,50.6,1.0,66.4,0.2,91.9,534.0,65.3,125771.7,80354.8,2.9
433,93.63,100.0,2.078,2077.7,65.8,51.1,13.6,0.0,0.2,1575.0,152.78,66.6,97.0,4.24,8.27,7.01,52.2,1.0,66.3,0.3,91.5,534.0,65.7,125771.7,80844.5,2.9
434,92.58,100.0,1.947,1946.6,66.4,49.6,13.6,0.0,0.0,1575.0,152.78,66.9,97.0,4.24,8.27,7.01,50.6,1.0,66.4,0.3,88.9,534.0,65.7,125771.7,80836.0,2.9
435,93.73,100.0,2.139,2139.4,66.4,49.9,13.6,0.0,0.0,1575.0,152.78,67.1,97.0,4.24,8.27,7.01,51.2,1.0,66.4,0.2,89.7,534.0,65.7,125771.7,80827.9,2.9
436,95.61,100.0,1.785,1784.6,66.4,45.8,13.6,0.0,0.0,1575.0,154.35,67.2,98.0,4.24,8.27,7.01,47.1,1.0,66.3,0.3,90.8,535.0,65.7,125771.7,80827.4,2.9
437,93.76,100.0,1.947,1946.6,66.5,46.6,13.6,0.0,0.0,1575.0,146.48,67.1,93.0,4.24,8.27,7.01,48.4,1.0,66.4,0.2,90.5,534.0,65.7,125771.7,80819.4,2.9
438,91.95,100.0,1.893,1892.6,66.5,45.9,13.6,0.0,0.1,1575.0,152.78,67.2,97.0,4.25,8.09,6.99,47.4,1.0,66.4,0.2,90.2,534.0,65.7,125771.7,80815.7,2.9
439,93.12,100.0,1.932,1932.4,66.6,45.1,13.6,0.0,0.2,1575.0,152.78,67.3,97.0,4.25,8.09,6.99,46.0,1.0,66.3,0.2,90.9,535.0,65.7,125771.7,80813.4,2.9
440,92.56,100.0,2.024,2023.7,66.8,44.9,13.6,0.0,0.0,1575.0,152.78,67.3,97.0,4.25,8.09,6.99,45.9,1.0,66.4,0.3,89.8,535.0,65.7,125771.7,80811.5,2.9
441,96.64,100.0,2.142,2142.0,66.4,44.1,13.6,0.0,0.0,1575.0,154.35,67.4,98.0,4.25,8.09,6.99,45.0,1.0,66.3,0.2,90.1,535.0,65.7,125771.7,80810.8,2.9
442,96.0,100.0,2.071,2071.3,67.0,44.0,13.6,0.0,0.0,1575.0,129.15,67.2,82.0,4.25,8.09,6.99,44.9,1.0,66.4,0.2,92.0,535.0,65.7,125771.7,80808.5,2.9
443,94.08,100.0,1.977,1977.4,67.0,46.1,13.6,0.0,0.0,1575.0,152.78,67.5,97.0,4.25,7.84,6.96,47.1,1.0,66.4,0.3,92.1,535.0,65.7,125771.7,80819.0,2.9
444,101.27,100.0,1.931,1931.1,66.6,45.3,13.6,0.0,0.1,1575.0,148.05,67.5,94.0,4.25,7.84,6.96,46.6,1.0,66.3,0.2,91.0,535.0,65.7,125771.7,80804.8,2.9
445,42.19,100.0,2.125,2125.3,65.9,47.7,13.6,0.0,0.0,1575.0,9.45,65.6,6.0,4.25,7.84,6.96,48.6,1.0,66.5,0.3,92.1,535.0,65.7,125771.7,80834.4,2.9
446,42.74,100.0,2.367,2367.0,65.7,53.0,13.6,0.0,0.0,1575.0,0.0,64.7,0.0,4.25,7.84,6.96,54.0,1.0,66.4,0.3,93.5,535.0,64.1,125771.7,79190.4,2.9
447,83.01,100.0,1.963,1963.3,65.4,51.3,13.6,0.0,0.2,1575.0,152.78,68.2,97.0,4.25,7.84,6.96,52.5,1.0,66.4,0.3,93.3,535.0,64.4,125771.7,79185.6,2.9
448,102.22,100.0,2.102,2102.1,66.2,51.2,13.6,0.0,0.0,1575.0,113.4,66.6,72.0,4.27,7.77,6.96,52.1,1.0,66.4,0.3,90.8,536.0,64.8,125771.7,79671.4,2.9
449,109.88,100.0,1.885,1884.9,66.8,49.6,13.6,0.0,0.0,1575.0,154.35,68.4,98.0,4.27,7.77,6.96,50.3,1.0,66.4,0.3,90.1,536.0,64.8,125771.7,79652.9,2.9
450,108.04,100.0,1.916,1915.7,66.9,50.1,13.6,0.0,0.1,1575.0,154.35,68.4,98.0,4.27,7.77,6.96,51.2,1.0,66.4,0.3,93.1,536.0,64.8,125771.7,79654.9,2.9
451,101.61,100.0,2.148,2148.4,67.0,50.1,13.6,0.0,0.0,1575.0,154.35,68.8,98.0,4.27,7.77,6.96,51.1,1.0,66.5,0.3,91.8,536.0,64.8,125771.7,79663.7,2.9
452,104.98,100.0,1.93,1929.9,67.5,49.0,13.6,0.0,0.0,1575.0,152.78,68.8,97.0,4.27,7.77,6.96,50.3,1.0,66.5,0.3,92.0,536.0,64.8,125771.7,79653.2,2.9
453,102.61,100.0,2.125,2125.3,67.2,49.1,13.6,0.0,0.0,1575.0,154.35,69.0,98.0,4.27,7.55,6.92,50.3,1.0,66.4,0.3,91.8,536.0,64.8,125771.7,79665.1,2.9
454,102.92,100.0,2.186,2185.7,67.9,48.4,13.6,0.0,0.0,1575.0,154.35,69.1,98.0,4.27,7.55,6.92,49.5,1.0,66.4,0.3,92.3,536.0,64.8,125771.7,79655.1,2.9
455,100.84,100.0,2.148,2148.4,68.1,49.2,13.6,0.0,0.7,1575.0,154.35,69.2,98.0,4.27,7.55,6.92,50.4,1.0,66.4,0.3,92.0,536.0,64.8,125771.7,79657.9,2.9
456,99.07,100.0,1.993,1992.9,67.4,49.9,13.6,0.0,0.0,1575.0,138.6,68.9,88.0,4.27,7.55,6.92,51.1,1.0,66.4,0.3,92.0,536.0,64.8,125771.7,79655.1,2.9
457,104.71,100.0,1.814,1814.1,67.5,48.9,13.6,0.0,0.0,1575.0,154.35,69.3,98.0,4.27,7.55,6.92,49.9,1.0,66.5,0.3,92.0,536.0,64.8,125771.7,79656.0,2.9
458,101.18,100.0,2.031,2031.4,67.5,48.5,13.6,0.0,0.1,1575.0,154.35,69.4,98.0,4.28,7.42,6.91,49.6,1.0,66.4,0.3,92.4,536.0,64.8,125771.7,79653.1,2.9
459,103.9,100.0,1.894,1893.9,67.5,48.4,13.6,0.0,0.0,1575.0,154.35,69.4,98.0,4.28,7.42,6.91,49.6,1.0,66.4,0.3,91.8,536.0,64.8,125771.7,79652.8,2.9
460,101.36,100.0,1.846,1846.3,67.7,49.3,13.6,0.0,0.0,1575.0,152.78,69.5,97.0,4.28,7.42,6.91,50.1,1.0,66.5,0.3,90.9,536.0,64.8,125771.7,79654.5,2.9
461,102.64,100.0,2.01,2009.6,67.7,50.8,13.6,0.0,0.0,1575.0,144.9,69.3,92.0,4.28,7.42,6.91,52.0,1.0,66.4,0.4,92.0,536.0,64.8,125771.7,79674.9,2.9
462,101.83,100.0,2.001,2000.6,67.9,47.9,13.6,0.0,0.2,1575.0,154.35,69.8,98.0,4.28,7.42,6.91,48.7,1.0,66.4,0.3,90.4,536.0,64.8,125771.7,79671.4,2.9
463,105.38,100.0,1.522,1522.3,67.9,50.6,13.6,0.0,0.0,1575.0,154.35,69.8,98.0,4.31,7.63,6.96,51.7,1.0,66.5,0.2,89.3,536.0,64.8,125771.7,79674.8,2.9
464,105.59,100.0,1.723,1722.9,68.0,51.6,13.6,0.0,0.0,1575.0,152.78,69.8,97.0,4.31,7.63,6.96,52.7,1.0,66.4,0.4,90.5,536.0,64.8,125771.7,79674.4,2.9
465,104.0,100.0,1.956,1955.6,68.6,49.4,13.6,0.0,0.1,1575.0,154.35,69.8,98.0,4.31,7.63,6.96,49.8,1.0,66.4,0.3,89.8,536.0,64.8,125771.7,79663.2,2.9
466,104.93,100.0,2.344,2343.9,68.4,49.4,13.6,0.0,0.0,1575.0,149.62,69.8,95.0,4.31,7.63,6.96,50.4,1.0,66.5,0.2,89.5,536.0,64.8,125771.7,79662.8,2.9
467,98.42,100.0,1.808,1807.7,68.7,45.6,13.6,0.0,0.0,1575.0,149.62,69.9,95.0,4.31,7.63,6.96,46.6,1.0,66.4,0.3,90.8,536.0,64.8,125771.7,79664.7,2.9
468,78.75,100.0,1.831,1830.9,68.6,49.7,13.6,0.0,0.0,1575.0,132.3,70.1,84.0,4.37,8.22,7.09,50.2,1.0,66.4,0.3,90.7,536.0,64.8,125771.7,79663.6,2.9
469,106.52,100.0,1.97,1969.7,68.8,47.8,13.6,0.0,0.0,1575.0,154.35,70.2,98.0,4.37,8.22,7.09,49.4,1.0,66.4,0.3,91.0,536.0,64.8,125771.7,79662.8,2.9
470,101.07,100.0,1.783,1783.3,69.2,48.6,13.6,0.0,0.0,1575.0,154.35,70.2,98.0,4.37,8.22,7.09,49.5,1.0,66.4,0.3,90.8,536.0,64.8,125771.7,79663.1,2.9
471,100.55,100.0,1.746,1746.0,69.1,50.2,13.6,0.0,0.0,1575.0,154.35,70.2,98.0,4.37,8.22,7.09,51.4,1.0,66.5,0.3,91.9,536.0,64.8,125771.7,79662.9,2.9
472,101.48,100.0,1.845,1845.0,69.0,50.8,13.6,0.0,0.2,1575.0,152.78,70.3,97.0,4.37,8.22,7.09,52.0,1.0,66.4,0.3,92.2,536.0,64.8,125771.7,79664.7,2.9
473,105.45,100.0,1.907,1906.7,69.4,51.8,13.6,0.0,0.1,1575.0,154.35,70.4,98.0,4.4,8.36,7.14,52.8,1.0,66.4,0.3,90.9,536.0,64.8,125771.7,79663.9,2.9
474,108.07,100.0,1.956,1955.6,69.3,51.3,13.6,0.0,0.0,1575.0,152.78,70.4,97.0,4.4,8.36,7.14,52.5,1.0,66.4,0.3,90.6,536.0,64.8,125771.7,79663.1,2.9
475,93.13,100.0,2.022,2022.4,69.1,49.4,13.6,0.0,0.0,1575.0,151.2,69.5,96.0,4.4,8.36,7.14,50.5,1.0,66.4,0.3,91.7,536.0,64.8,125771.7,79664.5,2.9
476,43.15,100.0,2.367,2367.0,67.4,51.0,13.6,0.0,0.0,1476.0,14.76,66.6,10.0,4.4,8.36,7.14,51.9,1.0,66.4,0.3,88.5,536.0,64.8,125771.7,79689.5,2.9
477,98.15,100.0,2.071,2071.3,67.7,52.8,13.6,0.0,0.0,1575.0,152.78,68.4,97.0,4.4,8.36,7.14,53.4,1.0,66.4,0.3,88.9,536.0,64.8,125771.7,79683.1,2.9
478,104.04,100.0,1.839,1838.6,68.2,47.5,13.6,0.0,0.0,1575.0,154.35,69.5,98.0,4.41,8.17,7.12,48.0,1.0,66.4,0.3,89.3,536.0,64.8,125771.7,79681.3,2.9
479,105.59,100.0,1.823,1823.1,68.5,48.8,13.6,0.0,0.2,1575.0,152.78,69.8,97.0,4.41,8.17,7.12,49.9,1.0,66.5,0.2,89.9,536.0,64.8,125771.7,79683.0,2.9
480,104.04,100.0,2.204,2203.7,68.4,48.3,13.6,0.0,0.0,1575.0,146.48,69.7,93.0,4.41,8.17,7.12,49.4,1.0,66.4,0.3,91.2,536.0,64.8,125771.7,79684.0,2.9
481,110.7,100.0,1.714,1713.9,68.6,47.9,13.6,0.0,0.0,1575.0,154.35,70.0,98.0,4.41,8.17,7.12,48.9,1.0,64.9,0.3,89.9,536.0,64.8,125771.7,79683.3,2.9
482,107.71,100.0,1.76,1760.1,68.6,49.2,13.6,0.0,0.1,1575.0,154.35,70.3,98.0,4.41,8.17,7.12,50.7,1.0,66.7,0.3,90.9,536.0,64.8,125771.7,79682.8,2.9
483,104.17,100.0,1.785,1784.6,68.8,49.9,13.6,0.0,0.0,1575.0,154.35,70.3,98.0,4.45,8.48,7.2,51.4,1.0,66.2,0.3,91.0,536.0,64.8,125771.7,79681.3,2.9
484,104.72,100.0,1.846,1846.3,68.9,49.9,13.6,0.0,0.0,1575.0,154.35,70.3,98.0,4.45,8.48,7.2,50.7,1.0,66.5,0.3,90.8,536.0,64.8,125771.7,79682.2,2.9
485,100.56,100.0,1.949,1949.1,68.3,49.9,13.6,0.0,0.6,1575.0,152.78,70.2,97.0,4.45,8.48,7.2,51.0,1.0,67.7,0.3,90.9,536.0,64.8,125771.7,79682.0,2.9
486,105.21,100.0,1.862,1861.7,68.9,49.1,13.6,0.0,0.0,1575.0,154.35,70.7,98.0,4.45,8.48,7.2,49.6,1.0,64.6,0.2,90.9,536.0,64.8,125771.7,79678.9,2.9
487,105.83,100.0,1.948,1947.9,68.6,47.7,13.6,0.0,0.0,1575.0,152.78,70.6,97.0,4.45,8.48,7.2,48.2,1.0,66.4,0.3,91.6,536.0,64.8,125771.7,79681.9,2.9
488,103.66,100.0,1.846,1846.3,68.8,50.4,13.6,0.0,0.0,1575.0,154.35,70.5,98.0,4.5,8.92,7.32,51.2,1.0,67.3,0.3,91.2,536.0,64.8,125771.7,79682.1,2.9
489,104.45,100.0,2.025,2025.0,68.8,50.1,13.6,0.0,0.2,1575.0,154.35,70.4,98.0,4.5,8.92,7.32,50.9,1.0,65.7,0.3,89.5,536.0,64.8,125771.7,79685.2,2.9
490,108.61,100.0,1.545,1545.4,68.8,50.7,13.6,0.0,0.1,1575.0,151.2,70.6,96.0,4.5,8.92,7.32,51.4,1.0,66.6,0.3,89.3,536.0,64.8,125771.7,79682.1,2.9
491,100.19,100.0,2.056,2055.9,68.9,50.9,13.6,0.0,0.0,1575.0,138.6,69.5,88.0,4.5,8.92,7.32,52.1,1.0,66.4,0.2,91.9,536.0,64.8,125771.7,79681.3,2.9
492,42.47,100.0,2.031,2031.4,67.8,51.9,13.6,0.0,0.0,1512.0,3.02,67.0,2.0,4.5,8.92,7.32,52.6,1.0,66.1,0.3,91.1,536.0,64.8,125771.7,79682.4,2.9
493,43.02,100.0,2.42,2419.7,67.4,54.4,13.6,0.0,0.0,1215.0,14.58,66.0,12.0,4.55,9.25,7.41,55.6,1.0,66.8,0.3,93.1,536.0,64.8,125771.7,79680.9,2.9
494,103.86,100.0,1.908,1908.0,68.3,51.3,13.6,0.0,0.0,1575.0,154.35,69.4,98.0,4.55,9.25,7.41,52.3,1.0,66.2,0.3,92.1,536.0,64.8,125771.7,79692.7,2.9
495,105.25,100.0,2.024,2023.7,68.3,50.6,13.6,0.0,0.0,1575.0,154.35,69.9,98.0,4.55,9.25,7.41,51.7,1.0,66.1,0.3,91.2,536.0,64.8,125771.7,79683.2,2.9
496,105.9,100.0,2.116,2116.3,68.4,49.4,13.6,0.0,0.2,1575.0,152.78,70.0,97.0,4.55,9.25,7.41,50.5,1.0,66.1,0.2,91.3,536.0,64.8,125771.7,79683.3,2.9
497,101.77,100.0,1.878,1878.4,68.2,50.4,13.6,0.0,0.0,1575.0,152.78,70.2,97.0,4.55,9.25,7.41,51.6,1.0,67.4,0.3,92.0,536.0,64.8,125771.7,79680.7,2.9
498,109.93,100.0,1.606,1605.9,68.4,51.4,13.6,0.0,0.0,1575.0,154.35,70.5,98.0,4.58,9.39,7.47,52.4,1.0,66.4,0.3,90.8,536.0,64.8,125771.7,79681.5,2.9
499,100.98,100.0,1.877,1877.1,68.7,51.9,13.6,0.0,0.1,1575.0,154.35,70.4,98.0,4.58,9.39,7.47,52.7,1.0,66.3,0.2,88.1,536.0,64.8,125771.7,79680.7,2.9
500,110.04,100.0,1.962,1962.0,68.7,50.5,13.6,0.0,0.0,1575.0,152.78,70.5,97.0,4.58,9.39,7.47,51.3,1.0,65.0,0.3,91.2,536.0,64.8,125771.7,79679.9,2.9
501,104.22,100.0,2.011,2010.9,68.8,51.3,13.6,0.0,0.0,1575.0,154.35,70.6,98.0,4.58,9.39,7.47,51.8,1.0,67.5,0.3,90.3,536.0,64.8,125771.7,79679.3,2.9
502,100.11,100.0,2.078,2077.7,68.8,50.8,13.6,0.0,0.0,1575.0,152.78,70.6,97.0,4.58,9.39,7.47,52.3,1.0,66.9,0.3,91.9,536.0,64.8,125771.7,79679.7,2.9
503,103.71,100.0,2.001,2000.6,69.0,49.0,13.6,0.0,0.0,1575.0,151.2,70.7,96.0,4.62,9.6,7.55,50.1,1.0,66.8,0.2,90.6,536.0,64.8,125771.7,79681.7,2.9
504,107.84,100.0,2.123,2122.7,68.8,49.1,13.6,0.0,0.2,1575.0,154.35,70.8,98.0,4.62,9.6,7.55,50.0,1.0,65.8,0.3,91.7,536.0,64.8,125771.7,79683.7,2.9
505,102.56,100.0,1.938,1937.6,68.8,44.7,13.6,0.0,0.0,1575.0,154.35,71.0,98.0,4.62,9.6,7.55,45.9,1.0,66.5,0.2,91.3,536.0,64.8,125771.7,79679.8,2.9
506,94.64,100.0,1.845,1845.0,69.0,44.9,13.6,0.0,0.0,1575.0,152.78,69.7,97.0,4.62,9.6,7.55,46.1,1.0,67.4,0.3,92.0,536.0,64.8,125771.7,79680.0,2.9
507,40.11,100.0,2.318,2318.1,67.6,50.6,13.6,0.0,0.1,1386.0,4.16,66.7,3.0,4.62,9.6,7.55,51.1,1.0,64.9,0.2,90.9,535.0,64.8,125771.7,79682.3,2.9
508,92.93,100.0,1.949,1949.1,67.8,50.8,13.6,0.0,0.0,1575.0,152.78,69.0,97.0,4.68,10.11,7.69,51.4,1.0,66.7,0.2,90.8,535.0,64.8,125771.7,79681.9,2.9
509,104.16,100.0,1.701,1701.0,68.4,44.0,13.6,0.0,0.1,1575.0,149.62,69.6,95.0,4.68,10.11,7.69,44.5,1.0,66.9,0.3,89.9,535.0,64.8,125771.7,79684.3,2.9
510,107.98,100.0,1.706,1706.1,68.7,45.7,13.6,0.0,0.0,1575.0,154.35,70.2,98.0,4.68,10.11,7.69,46.7,1.0,66.5,0.2,90.7,535.0,64.8,125771.7,79682.3,2.9
511,102.41,100.0,1.761,1761.4,69.1,44.4,13.6,0.0,0.0,1575.0,154.35,70.2,98.0,4.68,10.11,7.69,45.1,1.0,66.4,0.2,89.5,535.0,64.8,125771.7,79706.2,2.9
512,106.81,100.0,1.931,1931.1,68.4,44.2,13.6,0.0,0.0,1575.0,154.35,70.4,98.0,4.68,10.11,7.69,45.0,1.0,66.3,0.3,90.9,536.0,64.8,125771.7,79700.7,2.9
513,105.0,100.0,1.7,1699.7,68.5,44.6,13.6,0.0,0.0,1575.0,151.2,70.3,96.0,4.7,9.86,7.68,46.0,1.0,66.2,0.2,90.4,536.0,64.8,125771.7,79697.8,2.9
514,104.06,100.0,1.846,1846.3,68.6,46.2,13.6,0.0,0.2,1575.0,152.78,70.4,97.0,4.7,9.86,7.68,47.1,1.0,67.0,0.3,90.5,536.0,64.8,125771.7,79700.2,2.9
515,46.35,100.0,2.375,2374.7,67.9,57.8,13.6,0.0,0.0,1341.0,14.75,66.2,11.0,4.7,9.86,7.68,58.6,1.0,65.5,0.2,93.1,536.0,64.8,125771.7,79765.1,2.9
516,42.02,100.0,2.343,2342.6,67.1,60.6,13.6,0.0,0.6,1053.0,12.64,65.5,12.0,4.7,9.86,7.68,61.3,1.0,66.6,0.3,100.0,536.0,64.9,125771.7,79832.6,2.9
517,41.07,100.0,2.367,2367.0,66.9,57.5,13.6,0.0,0.0,738.0,11.07,64.8,15.0,4.7,9.86,7.68,58.1,1.0,66.3,0.2,100.0,537.0,63.9,125771.7,78612.5,2.9
518,80.17,100.0,2.241,2241.0,65.9,56.9,13.6,0.0,0.0,1575.0,154.35,66.3,98.0,4.74,10.03,7.75,57.5,1.0,66.3,0.3,100.0,537.0,63.6,125771.7,78165.0,2.9
519,83.82,100.0,2.352,2351.6,66.2,53.9,13.6,0.0,0.0,1575.0,152.78,67.4,97.0,4.74,10.03,7.75,54.4,1.0,66.5,0.2,100.0,537.0,63.6,125771.7,78191.7,2.9
520,42.2,100.0,2.263,2262.9,66.5,52.5,13.6,0.0,0.0,1548.0,0.0,64.7,0.0,4.74,10.03,7.75,53.4,1.0,66.4,0.3,90.7,537.0,63.6,125771.7,78258.0,2.9
521,93.09,100.0,2.452,2451.9,66.5,51.3,13.6,0.0,0.2,1575.0,154.35,67.6,98.0,4.74,10.03,7.75,52.4,1.0,66.8,0.3,90.9,537.0,63.8,125771.7,78423.6,2.9
522,105.72,100.0,2.242,2242.3,67.6,53.4,13.6,0.0,0.0,1575.0,152.78,68.6,97.0,4.74,10.03,7.75,54.1,1.0,66.6,0.3,100.0,537.0,63.8,125771.7,78471.2,2.9
523,108.64,100.0,2.026,2026.3,67.8,53.2,13.6,0.0,0.0,1575.0,152.78,69.1,97.0,4.75,9.79,7.74,54.2,1.0,66.5,0.2,100.0,537.0,63.8,125771.7,78510.8,2.9
524,109.07,100.0,2.096,2095.7,68.1,54.3,13.6,0.0,0.1,1575.0,154.35,69.3,98.0,4.75,9.79,7.74,55.5,1.0,65.3,0.3,100.0,537.0,63.9,125771.7,78575.7,2.9
525,107.84,100.0,2.399,2399.1,68.4,53.7,13.6,0.0,0.0,1575.0,154.35,69.5,98.0,4.75,9.79,7.74,54.5,1.0,67.5,0.2,100.0,537.0,63.9,125771.7,78602.3,2.9
526,103.64,100.0,2.088,2088.0,68.6,53.5,13.6,0.0,0.0,1575.0,154.35,69.8,98.0,4.75,9.79,7.74,54.7,1.0,66.4,0.3,100.0,537.0,64.0,125771.7,78645.3,2.9
527,87.66,100.0,2.147,2147.1,68.7,51.6,13.6,0.0,0.1,1575.0,154.35,69.8,98.0,4.75,9.79,7.74,51.7,1.0,63.1,0.3,89.4,537.0,63.9,125771.7,78628.7,2.9
528,106.47,100.0,2.366,2365.7,68.9,54.2,13.6,0.0,0.1,1575.0,154.35,69.9,98.0,4.77,9.73,7.76,55.2,1.0,66.7,0.3,91.1,537.0,63.8,125771.7,78492.4,2.9
529,106.06,100.0,2.103,2103.4,68.5,53.2,13.6,0.0,0.0,1575.0,154.35,70.0,98.0,4.77,9.73,7.76,54.0,1.0,66.6,0.3,92.0,537.0,63.9,125771.7,78530.2,2.9
530,105.47,100.0,2.096,2095.7,68.7,51.2,13.6,0.0,0.0,1575.0,154.35,70.1,98.0,4.77,9.73,7.76,52.0,1.0,66.0,0.2,90.9,537.0,63.8,125771.7,78489.6,2.9
531,102.91,100.0,1.993,1992.9,68.4,52.7,13.6,0.0,0.1,1575.0,152.78,70.1,97.0,4.77,9.73,7.76,53.8,1.0,67.2,0.3,89.8,537.0,63.8,125771.7,78492.6,2.9
532,104.44,100.0,1.934,1933.7,69.1,51.6,13.6,0.0,0.0,1575.0,154.35,70.2,98.0,4.77,9.73,7.76,52.4,1.0,65.6,0.3,90.5,537.0,63.8,125771.7,78490.1,2.9
533,105.1,100.0,2.056,2055.9,69.3,53.7,13.6,0.0,0.1,1575.0,152.78,70.4,97.0,4.82,9.99,7.84,54.9,1.0,68.3,0.3,89.9,537.0,63.8,125771.7,78493.5,2.9
534,102.16,100.0,2.025,2025.0,68.9,52.6,13.6,0.0,0.0,1575.0,154.35,70.5,98.0,4.82,9.99,7.84,53.4,1.0,67.6,0.3,93.1,537.0,63.9,125771.7,78535.8,2.9
535,108.15,100.0,2.211,2211.4,69.7,50.9,13.6,0.0,0.0,1575.0,152.78,70.6,97.0,4.82,9.99,7.84,52.2,1.0,66.5,0.2,90.9,537.0,63.8,125771.7,78438.2,2.9
536,107.05,100.0,2.372,2372.1,69.3,53.2,13.6,0.0,0.0,1575.0,154.35,70.7,98.0,4.82,9.99,7.84,54.1,1.0,64.0,0.3,100.0,537.0,63.8,125771.7,78478.0,2.9
537,98.53,100.0,2.093,2093.1,69.7,54.9,13.6,0.0,0.1,1575.0,152.78,69.9,97.0,4.82,9.99,7.84,56.0,1.0,66.0,0.3,91.0,537.0,63.8,125771.7,78483.5,2.9
538,101.12,100.0,1.894,1893.9,69.2,49.9,13.6,0.0,0.1,1575.0,144.9,69.7,92.0,4.82,9.59,7.8,50.6,1.0,67.4,0.3,90.2,537.0,63.7,125771.7,78385.2,2.9
539,103.16,100.0,2.241,2241.0,69.8,54.5,13.6,0.0,0.0,1575.0,152.78,69.8,97.0,4.82,9.59,7.8,55.4,1.0,66.0,0.2,94.9,537.0,63.8,125771.7,78453.8,2.9
540,101.97,92.9,2.142,2142.0,69.8,51.3,13.6,0.0,0.0,1575.0,154.35,69.8,98.0,4.82,9.59,7.8,52.4,1.0,67.0,0.3,90.1,537.0,63.8,125771.7,78512.3,2.9
541,101.83,92.9,2.094,2094.4,69.8,51.5,13.6,0.0,0.0,1575.0,154.35,69.8,98.0,4.82,9.59,7.8,52.5,1.0,66.1,0.3,100.0,537.0,63.9,125771.7,78576.0,2.9
542,95.7,100.0,1.869,1869.4,69.2,49.6,13.6,0.0,0.1,1575.0,154.35,69.8,98.0,4.82,9.59,7.8,50.8,1.0,66.8,0.3,89.7,537.0,63.9,125771.7,78559.0,2.9
543,99.29,100.0,1.985,1985.1,69.6,53.6,13.6,0.0,0.0,1575.0,152.78,69.9,97.0,4.82,9.22,7.75,54.7,1.0,65.8,0.2,91.1,537.0,63.8,125771.7,78501.5,2.9
544,103.81,100.0,2.011,2010.9,69.4,52.4,13.6,0.0,0.0,1575.0,152.78,69.8,97.0,4.82,9.22,7.75,53.1,1.0,66.2,0.3,88.0,537.0,63.8,125771.7,78476.7,2.9
545,42.02,100.0,2.592,2592.0,68.8,53.3,13.6,0.0,0.2,1350.0,0.0,66.6,0.0,4.82,9.22,7.75,54.2,1.0,66.7,0.3,90.7,537.0,65.9,125771.7,81086.2,2.9
546,102.08,100.0,2.071,2071.3,68.6,56.3,13.6,0.0,0.5,1575.0,154.35,68.8,98.0,4.82,9.22,7.75,57.3,1.0,67.1,0.3,93.3,537.0,65.9,125771.7,81127.2,2.9
547,100.96,100.0,2.148,2148.4,68.8,52.8,13.6,0.0,0.1,1575.0,152.78,69.1,97.0,4.82,9.22,7.75,54.3,1.0,66.3,0.2,100.0,537.0,66.0,125771.7,81195.1,2.9
548,95.22,100.0,2.195,2194.7,68.9,51.6,13.6,0.0,0.0,1575.0,151.2,69.3,96.0,4.85,9.36,7.8,52.5,1.0,66.5,0.3,100.0,537.0,66.0,125771.7,81220.0,2.9
549,100.24,100.0,2.071,2071.3,69.1,53.5,13.6,0.0,0.0,1575.0,154.35,69.4,98.0,4.85,9.36,7.8,54.6,1.0,66.6,0.3,100.0,537.0,66.0,125771.7,81221.7,2.9
550,95.63,100.0,1.832,1832.1,69.1,53.3,13.6,0.0,0.1,1575.0,154.35,69.5,98.0,4.85,9.36,7.8,54.6,1.0,66.7,0.3,92.0,537.0,66.0,125771.7,81251.0,2.9
551,97.93,100.0,2.395,2395.3,69.5,52.1,13.6,0.0,0.0,1575.0,141.75,69.4,90.0,4.85,9.36,7.8,53.4,1.0,66.0,0.2,89.9,537.0,65.9,125771.7,81111.4,2.9
552,102.44,100.0,2.332,2332.3,69.4,53.8,13.6,0.0,0.1,1575.0,154.35,69.6,98.0,4.85,9.36,7.8,54.9,1.0,67.5,0.3,100.0,537.0,65.9,125771.7,81145.2,2.9
553,106.12,100.0,2.241,2241.0,69.5,53.1,13.6,0.0,0.0,1575.0,154.35,69.7,98.0,4.87,9.34,7.82,54.2,1.0,65.5,0.3,98.0,537.0,65.9,125771.7,81152.4,2.9
554,102.45,100.0,2.078,2077.7,69.4,48.2,13.6,0.0,0.0,1575.0,143.32,69.5,91.0,4.87,9.34,7.82,49.6,1.0,67.3,0.3,90.5,537.0,65.9,125771.7,81151.9,2.9
555,100.52,100.0,2.272,2271.9,69.5,51.8,13.6,0.0,0.1,1575.0,154.35,69.8,98.0,4.87,9.34,7.82,53.0,1.0,65.4,0.2,100.0,537.0,65.9,125771.7,81073.8,2.9
556,100.67,100.0,2.172,2171.6,69.6,51.7,13.6,0.0,0.0,1575.0,152.78,69.8,97.0,4.87,9.34,7.82,52.9,1.0,64.4,0.3,100.0,537.0,65.9,125771.7,81105.3,2.9
557,97.8,100.0,2.335,2334.9,69.9,51.2,13.6,0.0,0.0,1575.0,152.78,69.7,97.0,4.87,9.34,7.82,52.1,1.0,66.3,0.3,90.8,537.0,65.9,125771.7,81116.5,2.9
558,100.67,100.0,2.07,2070.0,69.7,49.0,13.6,0.0,0.0,1575.0,154.35,69.8,98.0,4.87,8.91,7.76,50.2,1.0,68.3,0.2,92.0,537.0,65.9,125771.7,81050.8,2.9
559,101.24,100.0,1.907,1906.7,69.8,54.6,13.6,0.0,0.0,1575.0,152.78,69.9,97.0,4.87,8.91,7.76,55.7,1.0,64.6,0.3,100.0,537.0,65.9,125771.7,81067.1,2.9
560,98.28,100.0,2.124,2124.0,69.9,52.4,13.6,0.0,0.2,1575.0,152.78,69.9,97.0,4.87,8.91,7.76,53.2,1.0,67.0,0.3,100.0,537.0,65.9,125771.7,81085.3,2.9
561,92.82,100.0,2.134,2134.3,69.9,51.8,13.6,0.0,0.0,1575.0,154.35,70.1,98.0,4.87,8.91,7.76,53.2,1.0,67.2,0.2,92.6,537.0,65.9,125771.7,81092.0,2.9
562,101.1,100.0,2.136,2135.6,69.9,47.3,13.6,0.0,0.1,1575.0,154.35,70.0,98.0,4.87,8.91,7.76,48.4,1.0,66.3,0.3,90.8,537.0,65.9,125771.7,81044.1,2.9
563,81.39,100.0,1.878,1878.4,69.9,49.5,13.6,0.0,0.0,1575.0,122.85,69.8,78.0,4.86,8.51,7.7,50.9,1.0,66.3,0.3,91.9,537.0,65.9,125771.7,81062.0,2.9
564,102.37,100.0,2.136,2135.6,70.0,48.6,13.6,0.0,0.0,1575.0,154.35,70.0,98.0,4.86,8.51,7.7,49.6,1.0,65.9,0.3,90.9,537.0,65.9,125771.7,81034.9,2.9
565,100.79,100.0,1.615,1614.9,70.1,50.6,13.6,0.0,0.0,1575.0,141.75,69.9,90.0,4.86,8.51,7.7,52.0,1.0,66.9,0.2,90.7,537.0,65.9,125771.7,81071.3,2.9
566,52.61,100.0,2.226,2225.6,68.2,51.4,13.6,0.0,0.0,1575.0,48.82,68.2,31.0,4.86,8.51,7.7,52.2,1.0,65.8,0.3,89.0,537.0,65.5,125771.7,80549.2,2.9
567,86.46,100.0,2.11,2109.9,69.0,53.8,13.6,0.0,0.0,1575.0,152.78,70.4,97.0,4.86,8.51,7.7,54.8,1.0,67.2,0.3,92.0,537.0,65.5,125771.7,80573.7,2.9
568,95.73,100.0,2.336,2336.1,68.4,52.0,13.6,0.0,0.2,1575.0,151.2,69.2,96.0,4.88,8.47,7.7,52.9,1.0,67.0,0.3,92.1,537.0,65.8,125771.7,81018.3,2.9
569,100.51,100.0,2.04,2040.4,68.6,49.2,13.6,0.0,0.0,1575.0,151.2,69.4,96.0,4.88,8.47,7.7,50.1,1.0,65.9,0.2,88.4,537.0,65.8,125771.7,81016.4,2.9
570,93.74,100.0,2.064,2063.6,68.9,49.4,13.6,0.0,0.0,1575.0,154.35,69.5,98.0,4.88,8.47,7.7,50.3,1.0,67.6,0.3,90.9,537.0,65.8,125771.7,80996.2,2.9
571,97.33,100.0,2.151,2151.0,69.5,49.2,13.6,0.0,0.0,1575.0,133.88,69.5,85.0,4.88,8.47,7.7,50.2,1.0,65.4,0.3,92.1,537.0,65.8,125771.7,81014.3,2.9
572,100.81,100.0,1.962,1962.0,69.0,48.9,13.6,0.0,0.0,1575.0,154.35,69.7,98.0,4.88,8.47,7.7,49.6,1.0,67.0,0.3,89.2,537.0,65.8,125771.7,80997.8,2.9
573,99.22,100.0,1.761,1761.4,69.0,50.3,13.6,0.0,0.1,1575.0,154.35,69.6,98.0,4.9,8.52,7.73,51.2,1.0,66.2,0.2,90.8,537.0,65.8,125771.7,80988.5,2.9
574,98.27,100.0,1.544,1544.1,69.4,50.3,13.6,0.0,0.2,1575.0,152.78,69.7,97.0,4.9,8.52,7.73,51.0,1.0,67.2,0.3,88.9,537.0,65.8,125771.7,80989.1,2.9
575,100.44,100.0,2.165,2165.1,68.9,53.2,13.6,0.0,0.0,1575.0,154.35,69.7,98.0,4.9,8.52,7.73,53.6,1.0,66.5,0.3,88.5,537.0,65.8,125771.7,80932.3,2.9
576,83.9,100.0,1.947,1946.6,69.1,49.2,13.6,0.0,0.5,1575.0,133.88,69.6,85.0,4.9,8.52,7.73,49.9,1.0,66.3,0.2,89.8,537.0,65.8,125771.7,80933.3,2.9
577,101.2,100.0,1.729,1729.3,69.0,49.6,13.6,0.0,0.0,1575.0,152.78,69.8,97.0,4.9,8.52,7.73,50.2,1.0,66.5,0.3,89.8,537.0,65.8,125771.7,80932.2,2.9
578,98.26,100.0,1.979,1978.7,69.2,52.0,13.6,0.0,0.0,1575.0,154.35,69.9,98.0,4.94,8.71,7.78,53.1,1.0,66.0,0.3,89.3,537.0,65.8,125771.7,80932.9,2.9
579,99.45,100.0,1.914,1914.4,69.0,47.9,13.6,0.0,0.1,1575.0,154.35,69.9,98.0,4.94,8.71,7.78,48.7,1.0,66.4,0.2,89.5,537.0,65.8,125771.7,80932.3,2.9
580,40.57,100.0,1.854,1854.0,68.3,50.0,13.6,0.0,0.0,1575.0,0.0,67.8,0.0,4.94,8.71,7.78,51.5,1.0,66.7,0.3,94.2,537.0,65.3,125771.7,80316.8,2.9
581,83.99,100.0,1.953,1953.0,68.1,49.7,13.6,0.0,0.0,1575.0,152.78,70.2,97.0,4.94,8.71,7.78,50.8,1.0,66.5,0.3,91.8,537.0,65.3,125771.7,80315.2,2.9
582,95.98,100.0,1.76,1760.1,68.3,51.3,13.6,0.0,0.2,1575.0,151.2,69.2,96.0,4.94,8.71,7.78,52.0,1.0,65.8,0.3,90.2,537.0,65.7,125771.7,80785.6,2.9
583,100.88,100.0,1.752,1752.4,68.5,49.0,13.6,0.0,0.0,1575.0,152.78,69.3,97.0,4.95,8.66,7.78,50.2,1.0,67.0,0.2,92.1,537.0,65.7,125771.7,80780.6,2.9
584,96.15,100.0,1.907,1906.7,68.8,48.8,13.6,0.0,0.1,1575.0,154.35,69.6,98.0,4.95,8.66,7.78,49.7,1.0,65.5,0.3,91.2,537.0,65.7,125771.7,80780.0,2.9
585,101.21,100.0,1.923,1923.4,68.8,49.1,13.6,0.0,0.0,1575.0,151.2,69.5,96.0,4.95,8.66,7.78,50.5,1.0,66.3,0.3,92.1,537.0,65.6,125771.7,80779.3,2.9
586,97.96,100.0,2.022,2022.4,68.7,48.7,13.6,0.0,0.0,1575.0,154.35,69.7,98.0,4.95,8.66,7.78,49.7,1.0,66.8,0.2,90.9,537.0,65.6,125771.7,80778.1,2.9
587,99.35,100.0,1.93,1929.9,68.9,49.7,13.6,0.0,0.1,1575.0,151.2,69.7,96.0,4.95,8.66,7.78,50.8,1.0,66.8,0.3,90.0,537.0,65.6,125771.7,80777.3,2.9
588,99.42,100.0,1.923,1923.4,68.8,49.5,13.6,0.0,0.1,1575.0,154.35,69.8,98.0,4.98,8.77,7.82,50.4,1.0,66.4,0.3,88.9,537.0,65.6,125771.7,80776.9,2.9
589,101.26,100.0,1.868,1868.1,69.1,48.2,13.6,0.0,0.0,1575.0,152.78,69.8,97.0,4.98,8.77,7.82,49.2,1.0,65.7,0.2,89.7,537.0,65.6,125771.7,80777.6,2.9
590,92.51,100.0,1.837,1837.3,68.9,48.7,13.6,0.0,0.0,1575.0,154.35,69.8,98.0,4.98,8.77,7.82,49.4,1.0,67.2,0.3,89.1,537.0,65.6,125771.7,80779.5,2.9
591,99.18,100.0,2.281,2280.9,69.2,48.1,13.6,0.0,0.1,1575.0,144.9,69.8,92.0,4.98,8.77,7.82,49.4,1.0,65.8,0.3,89.4,537.0,65.6,125771.7,80779.8,2.9
592,95.82,100.0,2.138,2138.1,69.2,47.1,13.6,0.0,0.0,1575.0,154.35,69.9,98.0,4.98,8.77,7.82,48.1,1.0,63.0,0.2,89.5,537.0,65.7,125771.7,80781.4,2.9
593,97.24,100.0,1.876,1875.9,69.3,47.9,13.6,0.0,0.1,1575.0,149.62,69.9,95.0,5.01,8.86,7.86,49.2,1.0,66.9,0.3,89.8,537.0,65.6,125771.7,80779.7,2.9
594,78.57,100.0,1.971,1971.0,69.2,49.9,13.6,0.0,0.0,1575.0,152.78,69.6,97.0,5.01,8.86,7.86,50.8,1.0,65.8,0.3,89.9,537.0,65.3,125771.7,80355.8,2.9
595,83.81,100.0,2.286,2286.0,68.4,49.6,13.6,0.0,0.0,1575.0,154.35,69.8,98.0,5.01,8.86,7.86,50.8,1.0,66.6,0.2,89.7,537.0,65.3,125771.7,80361.6,2.9
596,90.84,100.0,2.235,2234.6,68.4,49.2,13.6,0.0,0.0,1575.0,152.78,67.9,97.0,5.01,8.86,7.86,50.0,1.0,67.7,0.3,92.6,537.0,65.3,125771.7,80301.4,2.9
597,95.92,100.0,1.876,1875.9,68.7,48.9,13.6,0.0,0.2,1575.0,141.75,69.4,90.0,5.01,8.86,7.86,50.1,1.0,65.8,0.3,93.3,537.0,65.7,125771.7,80786.3,2.9
598,93.83,100.0,1.953,1953.0,69.1,48.8,13.6,0.0,0.0,1575.0,152.78,69.6,97.0,5.02,8.71,7.84,49.9,1.0,65.9,0.2,90.9,537.0,65.7,125771.7,80789.2,2.9
599,94.65,100.0,2.124,2124.0,69.0,47.8,13.6,0.0,0.0,1575.0,144.9,69.7,92.0,5.02,8.71,7.84,48.7,1.0,67.8,0.3,92.0,537.0,65.7,125771.7,80789.6,2.9
600,96.73,100.0,2.132,2131.7,69.1,47.2,13.6,0.0,0.0,1575.0,154.35,69.7,98.0,5.02,8.71,7.84,48.3,1.0,65.9,0.3,91.5,537.0,65.7,125771.7,80788.5,2.9
601,99.26,100.0,2.033,2032.7,69.3,47.5,13.6,0.0,0.1,1575.0,143.32,69.8,91.0,5.02,8.71,7.84,48.8,1.0,66.6,0.2,92.1,537.0,65.7,125771.7,80799.8,2.9
602,101.43,100.0,1.885,1884.9,68.9,47.5,13.6,0.0,0.0,1575.0,154.35,69.8,98.0,5.02,8.71,7.84,48.5,1.0,66.6,0.3,91.1,537.0,65.7,125771.7,80784.6,2.9
603,85.15,100.0,2.007,2007.0,69.2,47.4,13.6,0.0,0.2,1575.0,154.35,69.8,98.0,5.04,8.66,7.85,48.2,1.0,66.1,0.3,88.9,537.0,65.7,125771.7,80792.8,2.9
604,95.28,100.0,1.745,1744.7,69.8,44.6,13.6,0.0,0.0,1575.0,152.78,69.8,97.0,5.04,8.66,7.85,45.3,1.0,66.7,0.2,89.9,537.0,65.7,125771.7,80787.7,2.9
605,94.02,100.0,1.814,1814.1,69.2,44.5,13.6,0.0,0.0,1575.0,152.78,69.9,97.0,5.04,8.66,7.85,46.0,1.0,66.5,0.2,91.1,537.0,65.7,125771.7,80788.6,2.9
606,94.12,100.0,1.948,1947.9,69.9,46.1,13.6,0.0,0.6,1575.0,152.78,69.9,97.0,5.04,8.66,7.85,47.1,1.0,65.0,0.3,90.8,537.0,65.7,125771.7,80789.2,2.9
607,95.15,100.0,1.745,1744.7,69.6,44.3,13.6,0.0,0.0,1575.0,152.78,70.0,97.0,5.04,8.66,7.85,45.0,1.0,67.8,0.2,89.7,537.0,65.7,125771.7,80801.5,2.9
608,39.31,100.0,1.675,1675.3,67.7,44.7,13.6,0.0,0.1,1422.0,0.0,66.9,0.0,5.11,9.49,8.03,46.1,1.0,65.5,0.2,93.0,537.0,65.7,125771.7,80800.8,2.9
609,36.89,100.0,1.899,1899.0,67.0,43.5,13.6,0.0,0.0,1098.0,0.0,65.9,0.0,5.11,9.49,8.03,45.0,1.0,68.3,0.3,94.6,537.0,65.7,125771.7,80789.8,2.9
610,34.98,100.0,1.714,1713.9,66.3,44.2,13.6,0.0,0.0,801.0,0.0,65.3,0.0,5.11,9.49,8.03,45.6,1.0,64.5,0.2,93.3,537.0,65.7,125771.7,80786.6,2.9
611,31.14,100.0,1.66,1659.9,65.7,45.8,13.6,0.0,0.0,477.0,0.95,64.8,2.0,5.11,9.49,8.03,47.1,1.0,66.1,0.2,94.3,537.0,65.7,125771.7,80788.7,2.9
612,32.6,100.0,1.683,1683.0,65.2,46.3,13.6,0.0,0.0,315.0,0.0,64.3,0.0,5.11,9.49,8.03,47.6,1.0,68.2,0.3,93.1,537.0,65.7,125771.7,80788.6,2.9
613,44.3,100.0,2.125,2125.3,64.6,46.3,13.6,0.0,0.2,315.0,15.75,64.1,50.0,5.16,9.85,8.13,47.5,1.0,65.6,0.2,92.3,537.0,66.6,125771.7,82003.6,2.9
614,40.8,100.0,2.141,2140.7,64.9,52.8,13.6,0.0,0.1,1548.0,0.0,64.4,0.0,5.16,9.85,8.13,54.0,1.0,68.1,0.4,90.0,537.0,65.3,125771.7,80511.2,2.9
615,38.63,100.0,1.908,1908.0,65.6,51.7,13.6,0.0,0.0,1575.0,0.0,65.3,0.0,5.16,9.85,8.13,53.0,1.0,66.7,0.3,89.9,537.0,65.4,125771.7,80474.7,2.9
616,97.61,100.0,2.016,2016.0,66.9,52.0,13.6,0.0,0.0,1575.0,154.35,66.9,98.0,5.16,9.85,8.13,53.3,1.0,66.6,0.3,92.1,537.0,65.8,125771.7,80974.0,2.9
617,96.9,100.0,2.047,2046.9,67.5,50.1,13.6,0.0,0.0,1575.0,151.2,67.4,96.0,5.16,9.85,8.13,50.7,1.0,66.4,0.3,89.3,536.0,65.8,125771.7,80918.6,2.9
618,100.17,100.0,2.217,2216.6,67.6,48.6,13.6,0.0,0.0,1575.0,152.78,67.8,97.0,5.16,9.46,8.08,49.7,1.0,66.5,0.3,92.2,536.0,65.8,125771.7,80913.6,2.9
619,95.88,100.0,1.792,1792.3,67.7,51.4,13.6,0.0,0.1,1575.0,140.18,67.8,89.0,5.16,9.46,8.08,52.0,1.0,66.4,0.4,89.8,536.0,65.8,125771.7,80912.2,2.9
620,97.73,100.0,1.977,1977.4,67.6,49.0,13.6,0.0,0.0,1575.0,154.35,68.2,98.0,5.16,9.46,8.08,50.4,1.0,66.4,0.3,92.2,536.0,65.8,125771.7,80912.5,2.9
621,89.65,100.0,1.731,1730.6,68.0,48.9,13.6,0.0,0.1,1575.0,148.05,68.3,94.0,5.16,9.46,8.08,50.0,1.0,66.5,0.3,89.4,536.0,65.8,125771.7,80920.2,2.9
622,98.73,100.0,1.878,1878.4,68.3,46.5,13.6,0.0,0.0,1575.0,154.35,68.5,98.0,5.16,9.46,8.08,47.4,1.0,63.6,0.3,91.1,536.0,65.8,125771.7,80915.8,2.9
623,99.71,100.0,1.839,1838.6,68.2,48.7,13.6,0.0,0.1,1575.0,151.2,68.6,96.0,5.18,9.42,8.09,49.8,1.0,66.5,0.3,90.9,536.0,65.8,125771.7,80916.0,2.9
624,93.52,100.0,1.917,1917.0,68.4,48.6,13.6,0.0,0.0,1575.0,152.78,68.8,97.0,5.18,9.42,8.09,49.6,1.0,66.2,0.3,91.2,536.0,65.8,125771.7,80914.9,2.9
625,102.48,100.0,1.661,1661.1,67.9,49.0,13.6,0.0,0.0,1575.0,140.18,68.8,89.0,5.18,9.42,8.09,50.0,1.0,66.5,0.3,88.8,536.0,65.8,125771.7,80920.8,2.9
626,100.31,100.0,1.684,1684.3,68.9,49.6,13.6,0.0,0.1,1575.0,154.35,68.9,98.0,5.18,9.42,8.09,50.3,1.0,66.1,0.3,92.4,536.0,65.8,125771.7,80918.2,2.9
627,102.8,100.0,2.101,2100.9,68.3,49.3,13.6,0.0,0.0,1575.0,135.45,69.0,86.0,5.18,9.42,8.09,50.8,1.0,66.9,0.3,93.1,536.0,65.8,125771.7,80924.2,2.9
628,100.1,100.0,1.761,1761.4,68.8,50.6,13.6,0.0,0.1,1575.0,152.78,69.1,97.0,5.19,9.31,8.09,51.3,1.0,66.5,0.3,92.6,536.0,65.8,125771.7,80916.9,2.9
629,104.18,100.0,1.76,1760.1,69.0,50.9,13.6,0.0,0.0,1575.0,154.35,69.2,98.0,5.19,9.31,8.09,51.7,1.0,66.4,0.4,89.6,536.0,65.8,125771.7,80915.8,2.9
630,101.12,100.0,1.777,1776.9,68.5,51.5,13.6,0.0,0.0,1575.0,148.05,69.2,94.0,5.19,9.31,8.09,52.8,1.0,66.2,0.3,92.1,536.0,65.8,125771.7,80913.0,2.9
631,98.09,100.0,1.808,1807.7,68.6,49.5,13.6,0.0,0.1,1575.0,152.78,69.3,97.0,5.19,9.31,8.09,50.7,1.0,67.2,0.3,92.0,536.0,65.8,125771.7,80947.3,2.9
632,104.84,100.0,1.922,1922.1,69.2,49.5,13.6,0.0,0.0,1575.0,152.78,69.4,97.0,5.19,9.31,8.09,50.6,1.0,66.8,0.3,93.6,536.0,65.8,125771.7,80914.1,2.9
633,100.71,100.0,1.723,1722.9,69.3,49.9,13.6,0.0,0.0,1575.0,154.35,69.4,98.0,5.19,8.88,8.02,50.9,1.0,66.8,0.3,92.6,536.0,65.8,125771.7,80917.3,2.9
634,95.21,100.0,1.948,1947.9,69.2,49.6,13.6,0.0,0.0,1575.0,154.35,69.4,98.0,5.19,8.88,8.02,50.8,1.0,65.4,0.3,92.0,535.0,65.8,125771.7,80917.2,2.9
635,96.39,100.0,1.899,1899.0,69.2,48.8,13.6,0.0,0.0,1575.0,146.48,69.5,93.0,5.19,8.88,8.02,49.8,1.0,66.5,0.3,92.3,535.0,65.8,125771.7,80917.3,2.9
636,96.14,100.0,1.814,1814.1,69.3,49.9,13.6,0.0,0.7,1575.0,154.35,69.5,98.0,5.19,8.88,8.02,51.2,1.0,66.4,0.3,93.3,535.0,65.8,125771.7,80917.5,2.9
637,97.92,100.0,1.869,1869.4,69.2,49.6,13.6,0.0,0.0,1575.0,154.35,69.6,98.0,5.19,8.88,8.02,50.7,1.0,66.6,0.3,92.6,535.0,65.8,125771.7,80915.1,2.9
638,93.46,100.0,1.808,1807.7,69.2,48.9,13.6,0.0,0.2,1575.0,148.05,69.7,94.0,5.2,8.81,8.02,50.1,1.0,66.2,0.3,92.9,535.0,65.8,125771.7,80917.3,2.9
639,103.1,100.0,1.777,1776.9,69.6,49.1,13.6,0.0,0.1,1575.0,154.35,69.7,98.0,5.2,8.81,8.02,50.4,1.0,67.4,0.3,92.1,535.0,65.8,125771.7,80914.2,2.9
640,100.25,100.0,1.884,1883.6,69.1,52.1,13.6,0.0,0.0,1575.0,154.35,69.6,98.0,5.2,8.81,8.02,53.3,1.0,66.2,0.3,92.2,536.0,65.8,125771.7,80916.8,2.9
641,41.6,100.0,2.056,2055.9,68.2,51.3,13.6,0.0,0.0,1575.0,0.0,67.7,0.0,5.2,8.81,8.02,52.3,1.0,65.8,0.3,91.7,536.0,66.4,125771.7,81661.7,2.9
642,44.47,100.0,1.972,1972.3,68.9,53.0,13.6,0.0,0.0,1566.0,0.0,67.0,0.0,5.2,8.81,8.02,54.1,1.0,66.5,0.3,90.4,536.0,65.2,125771.7,80452.9,2.9
643,37.63,100.0,2.042,2041.7,68.7,49.8,13.6,0.0,0.0,1575.0,0.0,67.6,0.0,5.29,9.79,8.24,51.1,1.0,66.4,0.3,92.9,536.0,65.4,125771.7,80452.4,2.9
644,93.21,100.0,2.002,2001.9,68.5,51.6,13.6,0.0,0.0,1575.0,152.78,69.2,97.0,5.29,9.79,8.24,52.6,1.0,67.0,0.4,90.7,536.0,65.8,125771.7,80934.2,2.9
645,100.33,100.0,1.976,1976.1,68.6,48.9,13.6,0.0,0.2,1575.0,146.48,69.3,93.0,5.29,9.79,8.24,50.2,1.0,66.7,0.2,92.1,536.0,65.8,125771.7,80930.3,2.9
646,102.82,100.0,1.962,1962.0,68.8,50.0,13.6,0.0,0.0,1575.0,152.78,69.5,97.0,5.29,9.79,8.24,51.0,1.0,66.0,0.3,91.1,536.0,65.8,125771.7,80931.4,2.9
647,96.68,100.0,2.116,2116.3,68.8,48.5,13.6,0.0,0.0,1575.0,152.78,69.5,97.0,5.29,9.79,8.24,49.7,1.0,66.7,0.3,91.0,536.0,65.8,125771.7,80926.5,2.9
648,99.27,100.0,2.079,2079.0,68.7,48.3,13.6,0.0,0.1,1575.0,152.78,69.6,97.0,5.32,9.96,8.3,49.6,1.0,66.6,0.4,91.0,536.0,65.8,125771.7,80931.5,2.9
649,100.46,100.0,1.934,1933.7,69.1,50.9,13.6,0.0,0.0,1575.0,154.35,69.7,98.0,5.32,9.96,8.3,52.0,1.0,66.2,0.2,92.2,536.0,65.8,125771.7,80931.6,2.9
650,95.32,100.0,1.923,1923.4,69.0,49.5,13.6,0.0,0.1,1575.0,143.32,69.6,91.0,5.32,9.96,8.3,50.4,1.0,66.3,0.3,90.8,536.0,65.8,125771.7,80926.0,2.9
651,91.85,100.0,2.094,2094.4,69.1,49.8,13.6,0.0,0.0,1575.0,154.35,69.7,98.0,5.32,9.96,8.3,50.6,1.0,66.8,0.3,91.4,536.0,65.8,125771.7,80925.8,2.9
652,93.92,100.0,2.155,2154.9,69.4,48.0,13.6,0.0,0.0,1575.0,152.78,69.8,97.0,5.32,9.96,8.3,48.6,1.0,66.5,0.3,90.4,536.0,65.8,125771.7,80926.9,2.9
653,98.32,100.0,2.019,2018.6,69.5,48.6,13.6,0.0,0.1,1575.0,152.78,70.0,97.0,5.34,9.89,8.31,49.5,1.0,66.8,0.3,90.9,536.0,65.8,125771.7,80925.9,2.9
654,92.59,100.0,1.977,1977.4,69.9,49.2,13.6,0.0,0.0,1575.0,154.35,70.0,98.0,5.34,9.89,8.31,50.2,1.0,64.9,0.3,91.9,536.0,65.8,125771.7,80927.9,2.9
655,97.61,100.0,1.886,1886.1,69.5,49.5,13.6,0.0,0.0,1575.0,154.35,69.9,98.0,5.34,9.89,8.31,50.4,1.0,67.8,0.3,91.5,536.0,65.8,125771.7,80928.0,2.9
656,97.94,100.0,1.77,1770.4,69.2,50.5,13.6,0.0,0.1,1575.0,154.35,70.1,98.0,5.34,9.89,8.31,51.4,1.0,63.5,0.3,88.9,536.0,65.8,125771.7,80928.7,2.9
657,99.54,100.0,1.855,1855.3,69.2,51.1,13.6,0.0,0.0,1575.0,149.62,69.9,95.0,5.34,9.89,8.31,52.4,1.0,68.2,0.3,92.0,536.0,65.8,125771.7,80927.9,2.9
658,96.9,100.0,2.202,2202.4,69.2,50.3,13.6,0.0,0.1,1575.0,154.35,70.0,98.0,5.39,10.14,8.39,51.3,1.0,66.6,0.2,92.1,536.0,65.8,125771.7,80933.9,2.9
659,96.83,100.0,1.731,1730.6,69.4,51.7,13.6,0.0,0.0,1575.0,152.78,70.0,97.0,5.39,10.14,8.39,52.8,1.0,64.8,0.3,92.3,536.0,65.8,125771.7,80925.8,2.9
660,93.5,100.0,1.729,1729.3,69.4,52.7,13.6,0.0,0.0,1575.0,140.18,69.9,89.0,5.39,10.14,8.39,53.8,1.0,66.7,0.3,92.0,536.0,65.8,125771.7,80927.0,2.9
661,100.88,100.0,1.986,1986.4,69.6,52.1,13.6,0.0,0.0,1575.0,154.35,70.2,98.0,5.39,10.14,8.39,52.9,1.0,66.2,0.3,91.2,536.0,65.8,125771.7,80952.6,2.9
662,95.01,100.0,2.031,2031.4,69.2,49.6,13.6,0.0,0.2,1575.0,154.35,70.2,98.0,5.39,10.14,8.39,50.9,1.0,66.4,0.3,92.4,537.0,65.8,125771.7,80942.8,2.9
663,100.38,100.0,1.722,1721.6,69.1,50.1,13.6,0.0,0.0,1575.0,148.05,70.1,94.0,5.39,9.81,8.35,50.7,1.0,66.4,0.3,89.0,536.0,65.8,125771.7,80940.7,2.9
664,99.36,100.0,1.715,1715.1,69.4,50.9,13.6,0.0,0.0,1575.0,152.78,70.1,97.0,5.39,9.81,8.35,51.7,1.0,66.7,0.3,91.4,536.0,65.8,125771.7,80935.7,2.9
665,95.71,100.0,1.761,1761.4,69.2,50.3,13.6,0.0,0.0,1575.0,154.35,70.1,98.0,5.39,9.81,8.35,50.8,1.0,63.5,0.2,89.9,536.0,65.8,125771.7,80934.9,2.9
666,88.21,100.0,1.808,1807.7,69.3,50.8,13.6,0.0,0.7,1575.0,152.78,70.1,97.0,5.39,9.81,8.35,51.6,1.0,66.4,0.3,91.3,536.0,65.8,125771.7,80935.5,2.9
667,40.35,100.0,1.977,1977.4,68.7,49.3,13.6,0.0,0.0,1575.0,0.0,68.0,0.0,5.39,9.81,8.35,49.6,1.0,66.5,0.3,91.9,536.0,65.4,125771.7,80435.8,2.9
668,83.43,100.0,1.791,1791.0,68.5,54.5,13.6,0.0,0.1,1575.0,154.35,70.8,98.0,5.42,9.9,8.4,55.2,1.0,66.4,0.3,93.1,536.0,65.4,125771.7,80442.0,2.9
669,94.28,100.0,1.945,1945.3,69.4,52.8,13.6,0.0,0.0,1575.0,154.35,69.3,98.0,5.42,9.9,8.4,54.1,1.0,66.4,0.3,94.1,536.0,65.8,125771.7,80916.9,2.9
670,98.3,100.0,1.737,1737.0,69.7,51.2,13.6,0.0,0.2,1575.0,152.78,69.7,97.0,5.42,9.9,8.4,52.0,1.0,66.4,0.3,92.2,536.0,65.8,125771.7,80918.5,2.9
671,96.09,100.0,1.76,1760.1,69.8,50.8,13.6,0.0,0.0,1575.0,152.78,69.9,97.0,5.42,9.9,8.4,51.8,1.0,66.4,0.3,92.0,536.0,65.8,125771.7,80912.9,2.9
672,99.63,100.0,1.962,1962.0,69.9,50.8,13.6,0.0,0.0,1575.0,154.35,69.9,98.0,5.42,9.9,8.4,52.1,1.0,66.4,0.2,89.0,536.0,65.8,125771.7,80913.7,2.9
673,96.47,100.0,1.8,1800.0,70.0,50.9,13.6,0.0,0.1,1575.0,154.35,69.9,98.0,5.43,9.75,8.39,51.7,1.0,66.4,0.3,92.2,536.0,65.8,125771.7,80910.6,2.9
674,96.07,100.0,2.116,2116.3,69.9,50.5,13.6,0.0,0.0,1575.0,154.35,70.1,98.0,5.43,9.75,8.39,51.5,1.0,66.4,0.3,92.1,536.0,65.8,125771.7,80913.9,2.9
675,96.08,100.0,1.916,1915.7,69.7,48.1,13.6,0.0,0.0,1575.0,152.78,70.1,97.0,5.43,9.75,8.39,49.4,1.0,66.4,0.3,92.2,536.0,65.8,125771.7,80911.3,2.9
676,92.17,100.0,1.823,1823.1,70.0,50.1,13.6,0.0,0.0,1575.0,154.35,70.2,98.0,5.43,9.75,8.39,51.1,1.0,66.4,0.2,92.3,536.0,65.8,125771.7,80910.6,2.9
677,94.75,100.0,1.925,1924.7,70.0,51.7,13.6,0.0,0.0,1575.0,152.78,70.1,97.0,5.43,9.75,8.39,52.9,1.0,66.4,0.3,92.4,536.0,65.8,125771.7,80912.4,2.9
678,99.85,100.0,1.907,1906.7,70.1,51.6,13.6,0.0,0.2,1575.0,154.35,70.2,98.0,5.45,9.69,8.4,52.5,1.0,66.4,0.3,92.4,536.0,65.8,125771.7,80913.7,2.9
679,74.81,100.0,1.939,1938.9,68.8,52.8,13.6,0.0,0.0,1575.0,154.35,70.2,98.0,5.45,9.69,8.4,53.9,1.0,66.4,0.3,93.3,536.0,65.3,125771.7,80325.9,2.9
680,83.67,100.0,2.406,2405.6,68.7,53.2,13.6,0.0,0.0,1575.0,152.78,70.4,97.0,5.45,9.69,8.4,54.3,1.0,66.4,0.3,93.3,536.0,65.3,125771.7,80332.6,2.9
681,91.76,100.0,2.467,2467.3,68.4,52.9,13.6,0.0,0.1,1575.0,151.2,68.6,96.0,5.45,9.69,8.4,54.2,1.0,66.4,0.2,94.1,536.0,65.3,125771.7,80326.0,2.9
682,96.89,100.0,1.954,1954.3,69.8,51.3,13.6,0.0,0.0,1575.0,154.35,69.7,98.0,5.45,9.69,8.4,52.3,1.0,66.4,0.3,92.9,536.0,65.7,125771.7,80813.6,2.9
683,96.43,100.0,1.877,1877.1,69.9,49.9,13.6,0.0,0.1,1575.0,152.78,69.9,97.0,5.49,9.95,8.48,51.0,1.0,66.3,0.3,92.2,536.0,65.7,125771.7,80806.5,2.9
684,101.07,100.0,1.814,1814.1,69.9,49.7,13.6,0.0,0.1,1575.0,154.35,70.0,98.0,5.49,9.95,8.48,50.9,1.0,66.4,0.2,89.3,536.0,65.7,125771.7,80807.0,2.9
685,96.13,100.0,2.008,2008.3,69.9,48.9,13.6,0.0,0.0,1575.0,154.35,70.1,98.0,5.49,9.95,8.48,49.0,1.0,66.5,0.3,88.5,536.0,65.7,125771.7,80805.2,2.9
686,99.07,100.0,1.993,1992.9,69.2,49.5,13.6,0.0,0.0,1575.0,143.32,70.0,91.0,5.49,9.95,8.48,50.2,1.0,66.3,0.3,80.9,536.0,65.7,125771.7,80807.1,2.9
687,101.04,100.0,1.909,1909.3,69.0,49.7,13.6,0.0,0.0,1575.0,154.35,70.1,98.0,5.49,9.95,8.48,50.5,1.0,66.4,0.2,89.4,536.0,65.7,125771.7,80804.6,2.9
688,93.71,100.0,2.088,2088.0,69.1,50.8,13.6,0.0,0.1,1575.0,152.78,70.0,97.0,5.5,9.64,8.43,51.6,1.0,66.4,0.3,90.9,536.0,65.7,125771.7,80805.7,2.9
689,96.53,100.0,1.908,1908.0,69.2,50.6,13.6,0.0,0.0,1575.0,151.2,70.1,96.0,5.5,9.64,8.43,51.8,1.0,66.4,0.3,90.8,536.0,65.7,125771.7,80805.6,2.9
690,98.11,100.0,1.977,1977.4,69.5,50.4,13.6,0.0,0.0,1575.0,154.35,70.2,98.0,5.5,9.64,8.43,51.4,1.0,66.4,0.2,91.2,536.0,65.7,125771.7,80807.1,2.9
691,111.55,100.0,2.426,2426.1,70.0,50.1,13.6,0.0,0.0,1575.0,154.35,70.4,98.0,5.5,9.64,8.43,51.3,1.0,66.4,0.3,91.0,536.0,65.7,125771.7,80827.0,2.9
692,95.42,100.0,1.932,1932.4,69.6,51.3,13.6,0.0,0.2,1575.0,154.35,70.2,98.0,5.5,9.64,8.43,52.6,1.0,66.4,0.3,89.5,536.0,65.7,125771.7,80806.9,2.9
693,97.65,100.0,1.986,1986.4,69.8,50.2,13.6,0.0,0.0,1575.0,154.35,70.3,98.0,5.5,9.35,8.39,51.1,1.0,66.4,0.2,92.0,536.0,65.7,125771.7,80805.5,2.9
694,92.43,100.0,2.026,2026.3,69.9,51.1,13.6,0.0,0.0,1575.0,154.35,70.2,98.0,5.5,9.35,8.39,52.6,1.0,66.4,0.3,89.9,536.0,65.7,125771.7,80805.2,2.9
695,92.1,100.0,1.794,1793.6,69.2,51.6,13.6,0.0,0.1,1575.0,154.35,70.3,98.0,5.5,9.35,8.39,52.6,1.0,66.4,0.3,90.8,536.0,65.7,125771.7,80806.7,2.9
696,98.25,100.0,1.768,1767.9,69.2,50.5,13.6,0.0,0.7,1575.0,152.78,70.3,97.0,5.5,9.35,8.39,51.8,1.0,66.3,0.2,90.7,536.0,65.7,125771.7,80807.3,2.9
697,92.66,100.0,1.746,1746.0,70.0,47.5,13.6,0.0,0.0,1575.0,154.35,70.2,98.0,5.5,9.35,8.39,48.4,1.0,66.4,0.3,91.2,536.0,65.7,125771.7,80804.2,2.9
698,89.38,100.0,1.755,1755.0,69.9,47.2,13.6,0.0,0.0,1575.0,152.78,70.3,97.0,5.5,9.08,8.35,47.9,1.0,66.4,0.2,89.9,536.0,65.7,125771.7,80803.1,2.9
699,94.77,100.0,1.683,1683.0,69.8,47.5,13.6,0.0,0.0,1575.0,154.35,70.3,98.0,5.5,9.08,8.35,48.6,1.0,66.4,0.3,91.2,535.0,65.7,125771.7,80803.5,2.9
700,91.7,100.0,1.893,1892.6,69.6,44.9,13.6,0.0,0.2,1575.0,143.32,70.1,91.0,5.5,9.08,8.35,45.8,1.0,66.3,0.2,90.6,535.0,65.7,125771.7,80804.8,2.9
701,93.21,100.0,1.885,1884.9,69.6,46.1,13.6,0.0,0.0,1575.0,152.78,70.3,97.0,5.5,9.08,8.35,46.9,1.0,66.4,0.2,91.1,535.0,65.7,125771.7,80804.2,2.9
702,94.82,100.0,1.986,1986.4,69.5,45.7,13.6,0.0,0.1,1575.0,152.78,70.3,97.0,5.5,9.08,8.35,46.5,1.0,66.3,0.2,91.9,536.0,65.7,125771.7,80806.3,2.9
703,91.07,100.0,1.9,1900.3,69.6,43.6,13.6,0.0,0.0,1575.0,154.35,70.3,98.0,5.51,8.83,8.31,44.8,1.0,66.4,0.3,92.0,536.0,65.7,125771.7,80809.3,2.9
704,98.42,100.0,1.939,1938.9,69.5,43.4,13.6,0.0,0.0,1575.0,154.35,70.3,98.0,5.51,8.83,8.31,44.5,1.0,66.3,0.2,90.7,536.0,65.7,125771.7,80810.1,2.9
705,96.85,100.0,1.956,1955.6,69.8,45.1,13.6,0.0,0.0,1575.0,154.35,70.4,98.0,5.51,8.83,8.31,46.8,1.0,66.4,0.2,91.9,536.0,65.7,125771.7,80810.6,2.9
706,97.53,100.0,1.754,1753.7,69.8,46.5,13.6,0.0,0.1,1575.0,154.35,70.4,98.0,5.51,8.83,8.31,47.4,1.0,66.3,0.3,91.3,536.0,65.7,125771.7,80805.9,2.9
707,51.2,100.0,1.878,1878.4,69.0,48.9,13.6,0.0,0.0,1575.0,42.52,69.3,27.0,5.51,8.83,8.31,49.4,1.0,66.5,0.3,90.9,536.0,64.4,125771.7,79149.0,2.9
708,89.63,100.0,2.219,2219.1,69.9,53.1,13.6,0.0,0.0,1575.0,152.78,71.2,97.0,5.55,9.17,8.39,53.6,1.0,66.4,0.3,91.9,536.0,64.3,125771.7,79137.8,2.9
709,102.05,100.0,2.04,2040.4,69.1,51.4,13.6,0.0,0.1,1575.0,152.78,71.1,97.0,5.55,9.17,8.39,52.1,1.0,66.4,0.3,91.9,536.0,64.7,125771.7,79623.3,2.9
710,105.22,100.0,1.644,1644.4,69.7,51.0,13.6,0.0,0.0,1575.0,154.35,71.3,98.0,5.55,9.17,8.39,52.3,1.0,66.4,0.3,90.8,536.0,64.7,125771.7,79614.4,2.9
711,102.6,100.0,1.868,1868.1,70.0,51.2,13.6,0.0,0.1,1575.0,154.35,71.5,98.0,5.55,9.17,8.39,52.5,1.0,66.5,0.3,90.6,536.0,64.7,125771.7,79614.2,2.9
712,105.87,100.0,1.837,1837.3,70.1,52.2,13.6,0.0,0.0,1575.0,154.35,71.8,98.0,5.55,9.17,8.39,53.4,1.0,66.4,0.3,89.7,536.0,64.7,125771.7,79612.1,2.9
713,105.24,100.0,1.976,1976.1,70.5,50.6,13.6,0.0,0.0,1575.0,152.78,71.8,97.0,5.54,8.83,8.34,51.5,1.0,66.4,0.3,89.2,536.0,64.7,125771.7,79612.1,2.9
714,101.82,100.0,1.815,1815.4,69.8,50.7,13.6,0.0,0.1,1575.0,151.2,71.9,96.0,5.54,8.83,8.34,51.1,1.0,66.4,0.3,88.6,536.0,64.7,125771.7,79614.1,2.9
715,102.93,100.0,1.653,1653.4,70.3,51.9,13.6,0.0,0.2,1575.0,137.02,71.8,87.0,5.54,8.83,8.34,52.5,1.0,66.5,0.3,88.2,536.0,64.7,125771.7,79613.1,2.9
716,108.93,100.0,1.968,1968.4,70.9,50.3,13.6,0.0,0.0,1575.0,152.78,72.2,97.0,5.54,8.83,8.34,51.5,1.0,66.4,0.3,92.0,536.0,64.7,125771.7,79613.0,2.9
717,100.58,100.0,1.962,1962.0,70.9,50.4,13.6,0.0,0.0,1575.0,154.35,72.2,98.0,5.54,8.83,8.34,51.3,1.0,66.4,0.3,90.6,536.0,64.7,125771.7,79610.4,2.9
718,105.58,100.0,1.885,1884.9,70.9,53.0,13.6,0.0,0.0,1575.0,154.35,72.4,98.0,5.57,9.0,8.38,54.3,1.0,66.4,0.3,90.0,536.0,64.7,125771.7,79608.2,2.9
719,103.66,100.0,2.069,2068.7,71.3,52.3,13.6,0.0,0.0,1575.0,152.78,72.3,97.0,5.57,9.0,8.38,53.0,1.0,66.5,0.3,89.5,536.0,64.7,125771.7,79610.7,2.9
720,104.92,100.0,1.746,1746.0,70.3,52.3,13.6,0.0,0.0,1575.0,154.35,72.4,98.0,5.57,9.0,8.38,53.4,1.0,66.3,0.3,88.5,536.0,64.7,125771.7,79607.7,2.9
721,104.64,100.0,1.7,1699.7,70.9,54.2,13.6,0.0,0.0,1575.0,152.78,72.3,97.0,5.57,9.0,8.38,55.2,1.0,66.4,0.3,88.4,536.0,64.7,125771.7,79608.5,2.9
722,104.86,100.0,1.614,1613.6,70.9,52.4,13.6,0.0,0.1,1575.0,144.9,72.3,92.0,5.57,9.0,8.38,53.7,1.0,66.5,0.3,91.6,536.0,64.7,125771.7,79617.2,2.9
723,104.5,100.0,1.669,1668.9,70.8,50.3,13.6,0.0,0.0,1575.0,135.45,72.3,86.0,5.56,8.6,8.31,51.4,1.0,66.4,0.2,89.3,536.0,64.7,125771.7,79609.8,2.9
724,100.74,100.0,1.746,1746.0,70.7,52.7,13.6,0.0,0.0,1575.0,151.2,72.4,96.0,5.56,8.6,8.31,53.4,1.0,66.4,0.3,90.0,536.0,64.7,125771.7,79608.6,2.9
725,102.77,100.0,1.653,1653.4,70.7,48.9,13.6,0.0,0.2,1575.0,154.35,72.6,98.0,5.56,8.6,8.31,49.9,1.0,66.4,0.3,90.1,536.0,64.7,125771.7,79609.3,2.9
726,105.05,100.0,1.768,1767.9,70.9,50.9,13.6,0.0,0.7,1575.0,154.35,72.6,98.0,5.56,8.6,8.31,51.6,1.0,66.4,0.3,93.5,536.0,64.7,125771.7,79608.5,2.9
727,106.38,100.0,1.815,1815.4,70.6,49.4,13.6,0.0,0.0,1575.0,154.35,72.8,98.0,5.56,8.6,8.31,50.5,1.0,66.5,0.3,93.4,536.0,64.7,125771.7,79609.1,2.9
728,108.17,100.0,1.66,1659.9,70.9,50.0,13.6,0.0,0.0,1575.0,152.78,72.8,97.0,5.64,9.44,8.48,50.8,1.0,66.4,0.3,92.2,536.0,64.7,125771.7,79612.7,2.9
729,64.17,100.0,1.692,1692.0,70.9,50.8,13.6,0.0,0.0,1575.0,118.12,72.4,75.0,5.64,9.44,8.48,51.7,1.0,66.4,0.3,93.2,536.0,64.7,125771.7,79613.4,2.9
730,106.7,100.0,1.575,1575.0,71.1,49.6,13.6,0.0,0.1,1575.0,154.35,73.0,98.0,5.64,9.44,8.48,50.4,1.0,66.4,0.3,89.9,536.0,64.7,125771.7,79610.5,2.9
731,99.86,100.0,1.908,1908.0,70.8,50.7,13.6,0.0,0.0,1575.0,154.35,71.8,98.0,5.64,9.44,8.48,51.3,1.0,66.4,0.3,88.8,536.0,64.7,125771.7,79613.4,2.9
732,98.16,100.0,1.848,1847.6,71.2,50.3,13.6,0.0,0.2,1575.0,154.35,71.7,98.0,5.64,9.44,8.48,51.2,1.0,66.4,0.2,92.0,536.0,64.7,125771.7,79610.6,2.9
733,96.67,100.0,2.125,2125.3,70.7,50.0,13.6,0.0,0.0,1575.0,149.62,71.6,95.0,5.67,9.56,8.53,51.1,1.0,66.4,0.3,91.8,536.0,64.7,125771.7,79609.9,2.9
734,95.87,100.0,1.637,1636.7,70.7,50.0,13.6,0.0,0.0,1575.0,154.35,71.6,98.0,5.67,9.56,8.53,50.8,1.0,66.4,0.3,92.3,536.0,64.7,125771.7,79612.7,2.9
735,93.77,100.0,1.754,1753.7,70.4,51.0,13.6,0.0,0.1,1575.0,154.35,71.6,98.0,5.67,9.56,8.53,51.6,1.0,66.4,0.3,88.8,536.0,64.7,125771.7,79613.4,2.9
736,95.97,100.0,1.652,1652.1,70.6,49.6,13.6,0.0,0.0,1575.0,152.78,71.6,97.0,5.67,9.56,8.53,50.5,1.0,66.4,0.3,88.6,536.0,64.7,125771.7,79614.8,2.9
737,43.87,100.0,2.053,2053.3,70.7,52.4,13.6,0.0,0.0,1566.0,1.57,69.2,1.0,5.67,9.56,8.53,53.2,1.0,66.5,0.3,93.1,537.0,65.8,125771.7,80918.2,2.9
738,42.73,100.0,2.188,2188.3,69.0,57.7,13.6,0.0,0.0,1251.0,16.26,68.2,13.0,5.74,10.32,8.7,58.5,1.0,66.4,0.3,90.4,537.0,65.8,125771.7,80920.6,2.9
739,76.95,92.9,2.146,2145.9,68.4,53.8,13.6,0.0,0.0,1575.0,152.78,69.3,97.0,5.74,10.32,8.7,54.4,1.0,66.4,0.3,92.5,537.0,65.4,125771.7,80434.8,2.9
740,84.59,100.0,1.868,1868.1,68.6,51.1,13.6,0.0,0.2,1575.0,154.35,70.2,98.0,5.74,10.32,8.7,52.7,1.0,66.4,0.2,92.1,537.0,65.4,125771.7,80432.8,2.9
741,42.19,100.0,2.1,2099.6,68.3,51.3,13.6,0.0,0.0,1548.0,0.0,67.6,0.0,5.74,10.32,8.7,52.0,1.0,66.4,0.3,92.4,537.0,65.3,125771.7,80421.1,2.9
742,98.75,100.0,1.985,1985.1,69.3,49.8,13.6,0.0,0.0,1575.0,154.35,70.1,98.0,5.74,10.32,8.7,51.0,1.0,66.4,0.3,92.2,537.0,65.8,125771.7,80909.6,2.9
743,95.03,100.0,2.016,2016.0,69.5,49.7,13.6,0.0,0.1,1575.0,154.35,70.2,98.0,5.78,10.53,8.77,50.6,1.0,66.4,0.3,91.3,537.0,65.8,125771.7,80909.1,2.9
744,96.08,100.0,1.947,1946.6,69.5,47.9,13.6,0.0,0.0,1575.0,151.2,70.4,96.0,5.78,10.53,8.77,48.9,1.0,66.4,0.3,91.4,537.0,65.8,125771.7,80909.3,2.9
745,98.5,100.0,1.894,1893.9,69.8,48.0,13.6,0.0,0.0,1575.0,154.35,70.5,98.0,5.78,10.53,8.77,49.0,1.0,66.4,0.2,92.0,537.0,65.8,125771.7,80912.2,2.9
746,97.7,100.0,1.961,1960.7,69.8,48.6,13.6,0.0,0.2,1575.0,154.35,70.6,98.0,5.78,10.53,8.77,49.4,1.0,66.4,0.3,89.7,537.0,65.8,125771.7,80909.6,2.9
747,98.11,100.0,1.768,1767.9,70.0,47.5,13.6,0.0,0.0,1575.0,152.78,70.6,97.0,5.78,10.53,8.77,48.6,1.0,66.4,0.3,92.0,537.0,65.8,125771.7,80910.7,2.9
748,97.43,100.0,1.953,1953.0,70.0,46.4,13.6,0.0,0.0,1575.0,152.78,70.7,97.0,5.78,10.17,8.73,47.4,1.0,66.4,0.3,92.0,534.0,65.8,125771.7,80910.3,2.9
749,94.13,100.0,1.993,1992.9,69.7,48.8,13.6,0.0,0.0,1575.0,138.6,70.7,88.0,5.78,10.17,8.73,49.8,1.0,66.4,0.2,91.3,534.0,65.8,125771.7,80912.3,2.9
750,94.64,100.0,1.831,1830.9,69.9,49.0,13.6,0.0,0.1,1575.0,151.2,70.7,96.0,5.78,10.17,8.73,49.8,1.0,66.4,0.3,86.4,534.0,65.8,125771.7,80909.5,2.9
751,96.39,100.0,2.001,2000.6,70.4,48.1,13.6,0.0,0.0,1575.0,152.78,70.7,97.0,5.78,10.17,8.73,49.4,1.0,66.4,0.3,92.0,534.0,65.8,125771.7,80914.2,2.9
752,94.31,100.0,1.97,1969.7,70.4,48.5,13.6,0.0,0.0,1575.0,154.35,70.9,98.0,5.78,10.17,8.73,49.6,1.0,66.4,0.3,92.1,535.0,65.8,125771.7,80922.8,2.9
753,93.8,100.0,1.961,1960.7,70.5,49.8,13.6,0.0,0.0,1575.0,154.35,70.9,98.0,5.78,9.92,8.7,50.8,1.0,66.4,0.2,90.7,535.0,65.8,125771.7,80922.3,2.9
754,95.62,100.0,1.999,1999.3,70.5,48.5,13.6,0.0,0.0,1575.0,152.78,70.9,97.0,5.78,9.92,8.7,49.5,1.0,66.4,0.3,92.1,535.0,65.8,125771.7,80913.0,2.9
755,96.67,100.0,1.923,1923.4,70.5,48.8,13.6,0.0,0.0,1575.0,151.2,70.9,96.0,5.78,9.92,8.7,49.9,1.0,66.4,0.3,89.4,536.0,65.8,125771.7,80915.4,2.9
756,101.95,100.0,2.076,2076.4,70.4,50.3,13.6,0.0,1.1,1575.0,154.35,71.0,98.0,5.78,9.92,8.7,51.0,1.0,66.4,0.2,88.9,536.0,65.8,125771.7,80916.8,2.9
757,98.16,100.0,1.86,1860.4,70.2,47.4,13.6,0.0,0.0,1575.0,154.35,71.0,98.0,5.78,9.92,8.7,48.7,1.0,66.3,0.3,91.7,536.0,65.8,125771.7,80913.8,2.9
758,95.49,100.0,2.094,2094.4,70.4,49.5,13.6,0.0,0.0,1575.0,152.78,71.1,97.0,5.79,9.68,8.67,50.8,1.0,66.5,0.3,90.5,536.0,65.8,125771.7,80915.1,2.9
759,96.85,100.0,1.845,1845.0,70.2,47.0,13.6,0.0,0.0,1575.0,152.78,71.0,97.0,5.79,9.68,8.67,48.2,1.0,66.4,0.2,90.7,536.0,65.8,125771.7,80916.9,2.9
760,84.49,100.0,1.737,1737.0,70.2,45.7,13.6,0.0,0.0,1575.0,141.75,70.9,90.0,5.79,9.68,8.67,46.8,1.0,66.3,0.3,92.2,536.0,65.8,125771.7,80913.9,2.9
761,94.59,100.0,1.837,1837.3,70.2,46.0,13.6,0.0,0.0,1575.0,148.05,70.9,94.0,5.79,9.68,8.67,47.5,1.0,66.3,0.2,91.0,537.0,65.8,125771.7,80913.0,2.9
762,93.84,100.0,1.738,1738.3,70.3,46.6,13.6,0.0,0.0,1575.0,149.62,71.0,95.0,5.79,9.68,8.67,47.2,1.0,66.4,0.2,89.7,537.0,65.8,125771.7,80909.1,2.9
763,93.82,100.0,1.715,1715.1,70.4,47.2,13.6,0.0,0.0,1575.0,151.2,71.0,96.0,5.81,9.63,8.68,47.9,1.0,66.4,0.2,90.7,537.0,65.8,125771.7,80913.5,2.9
764,93.85,100.0,1.947,1946.6,70.5,45.6,13.6,0.0,0.0,1575.0,151.2,71.0,96.0,5.81,9.63,8.68,46.6,1.0,66.3,0.3,89.5,537.0,65.8,125771.7,80909.7,2.9
765,89.29,100.0,1.701,1701.0,69.8,45.0,13.6,0.0,0.2,1575.0,140.18,70.9,89.0,5.81,9.63,8.68,46.1,1.0,66.4,0.2,89.9,537.0,65.8,125771.7,80913.7,2.9
766,87.31,100.0,1.652,1652.1,69.8,45.7,13.6,0.0,0.1,1575.0,137.02,71.0,87.0,5.81,9.63,8.68,47.2,1.0,66.4,0.2,90.4,537.0,65.8,125771.7,80911.4,2.9
767,39.5,100.0,1.599,1599.4,68.9,45.5,13.6,0.0,0.0,1566.0,0.0,68.7,0.0,5.81,9.63,8.68,46.0,1.0,66.3,0.3,77.8,537.0,65.8,125771.7,80911.5,2.9
768,43.01,100.0,2.01,2009.6,68.7,47.0,13.6,0.0,0.0,1278.0,0.0,67.6,0.0,5.8,9.26,8.61,47.9,1.0,66.4,0.2,89.9,537.0,66.8,125771.7,82164.7,2.9
769,41.39,100.0,2.431,2431.3,68.5,53.3,13.6,0.0,0.0,981.0,10.79,67.0,11.0,5.8,9.26,8.61,54.5,1.0,66.4,0.4,90.7,537.0,65.9,125771.7,81108.4,2.9
770,38.74,100.0,2.264,2264.1,68.1,55.3,13.6,0.0,0.0,693.0,13.17,66.4,19.0,5.8,9.26,8.61,56.3,1.0,66.5,0.3,91.3,537.0,65.9,125771.7,81097.1,2.9
771,38.86,100.0,2.319,2319.4,67.5,55.9,13.6,0.0,0.2,396.0,7.92,65.8,20.0,5.8,9.26,8.61,56.7,1.0,66.3,0.2,89.8,537.0,65.9,125771.7,81086.3,2.9
772,36.32,100.0,2.124,2124.0,67.4,52.6,13.6,0.0,0.0,315.0,4.1,65.3,13.0,5.8,9.26,8.61,53.7,1.0,66.4,0.3,90.5,537.0,64.9,125771.7,79855.4,2.9
773,36.25,100.0,2.093,2093.1,66.8,53.2,13.6,0.0,0.0,315.0,8.82,65.0,28.0,5.82,9.16,8.6,54.3,1.0,66.5,0.4,91.1,537.0,64.9,125771.7,79854.3,2.9
774,81.48,100.0,1.791,1791.0,66.2,51.0,13.6,0.0,0.0,1575.0,152.78,68.0,97.0,5.82,9.16,8.6,51.7,1.0,66.4,0.3,88.9,537.0,64.6,125771.7,79505.5,2.9
775,84.36,100.0,1.899,1899.0,66.7,52.8,13.6,0.0,0.1,1575.0,154.35,68.4,98.0,5.82,9.16,8.6,53.7,1.0,66.4,0.3,90.7,537.0,64.5,125771.7,79363.4,2.9
776,41.36,100.0,2.022,2022.4,67.0,53.5,13.6,0.0,0.0,1485.0,16.34,65.4,11.0,5.82,9.16,8.6,54.3,1.0,66.5,0.3,90.0,537.0,64.5,125771.7,79360.6,2.9
777,38.5,100.0,1.845,1845.0,66.3,55.8,13.6,0.0,0.2,1206.0,8.44,64.9,7.0,5.82,9.16,8.6,57.2,1.0,66.4,0.3,91.1,537.0,64.5,125771.7,79360.4,2.9
778,89.12,100.0,1.979,1978.7,66.5,52.3,13.6,0.0,0.0,1575.0,152.78,67.0,97.0,5.83,9.06,8.59,53.0,1.0,66.5,0.3,90.9,537.0,64.9,125771.7,79863.8,2.9
779,109.57,100.0,2.062,2062.3,67.3,49.5,13.6,0.0,0.0,1575.0,154.35,68.9,98.0,5.83,9.06,8.59,50.6,1.0,66.4,0.3,89.9,537.0,64.9,125771.7,79860.5,2.9
780,100.32,100.0,1.891,1891.3,67.7,51.6,13.6,0.0,0.0,1575.0,154.35,69.2,98.0,5.83,9.06,8.59,52.8,1.0,66.5,0.4,91.0,537.0,64.9,125771.7,79850.9,2.9
781,105.12,100.0,1.862,1861.7,68.2,50.4,13.6,0.0,0.1,1575.0,152.78,69.7,97.0,5.83,9.06,8.59,51.4,1.0,66.4,0.3,89.9,536.0,64.9,125771.7,79860.3,2.9
782,103.17,100.0,2.047,2046.9,68.5,49.3,13.6,0.0,0.0,1575.0,154.35,70.1,98.0,5.83,9.06,8.59,50.8,1.0,66.4,0.3,91.9,536.0,64.9,125771.7,79863.5,2.9
783,104.87,100.0,1.956,1955.6,68.6,49.1,13.6,0.0,0.0,1575.0,154.35,70.5,98.0,5.88,9.62,8.72,50.0,1.0,66.4,0.3,90.0,536.0,64.9,125771.7,79852.8,2.9
784,106.58,100.0,1.854,1854.0,68.7,49.7,13.6,0.0,0.0,1575.0,152.78,70.6,97.0,5.88,9.62,8.72,50.9,1.0,66.5,0.3,90.7,536.0,64.9,125771.7,79852.6,2.9
785,106.08,100.0,1.785,1784.6,69.0,49.8,13.6,0.0,0.2,1575.0,148.05,70.8,94.0,5.88,9.62,8.72,51.0,1.0,66.3,0.3,90.1,536.0,64.9,125771.7,79850.0,2.9
786,103.04,100.0,2.002,2001.9,69.7,51.3,13.6,0.0,0.8,1575.0,154.35,71.0,98.0,5.88,9.62,8.72,52.5,1.0,66.5,0.3,90.7,536.0,64.9,125771.7,79849.7,2.9
787,104.39,100.0,1.962,1962.0,69.5,51.8,13.6,0.0,0.0,1575.0,154.35,71.1,98.0,5.88,9.62,8.72,52.8,1.0,66.4,0.3,91.3,536.0,64.9,125771.7,79852.3,2.9
788,103.95,100.0,1.761,1761.4,69.5,50.6,13.6,0.0,0.0,1575.0,154.35,71.2,98.0,5.93,10.05,8.82,51.7,1.0,66.4,0.3,90.6,536.0,64.9,125771.7,79851.6,2.9
789,102.27,100.0,2.303,2302.7,70.0,48.0,13.6,0.0,0.0,1575.0,154.35,71.4,98.0,5.93,10.05,8.82,49.0,1.0,66.5,0.3,89.0,536.0,64.9,125771.7,79849.0,2.9
790,105.0,100.0,2.039,2039.1,70.2,48.5,13.6,0.0,0.1,1575.0,154.35,71.6,98.0,5.93,10.05,8.82,49.5,1.0,66.5,0.3,92.1,536.0,64.9,125771.7,79852.1,2.9
791,106.19,100.0,1.932,1932.4,70.3,48.9,13.6,0.0,0.0,1575.0,154.35,71.6,98.0,5.93,10.05,8.82,50.2,1.0,66.4,0.3,92.9,537.0,64.9,125771.7,79862.7,2.9
792,104.74,100.0,2.188,2188.3,70.4,48.1,13.6,0.0,0.0,1575.0,149.62,71.7,95.0,5.93,10.05,8.82,48.9,1.0,66.4,0.3,92.1,537.0,64.9,125771.7,79853.7,2.9
793,108.76,100.0,2.115,2115.0,70.6,48.6,13.6,0.0,0.0,1575.0,152.78,71.9,97.0,5.99,10.53,8.94,49.8,1.0,66.4,0.3,92.0,537.0,64.9,125771.7,79852.3,2.9
794,104.25,100.0,1.599,1599.4,70.9,51.3,13.6,0.0,0.2,1575.0,152.78,71.9,97.0,5.99,10.53,8.94,52.0,1.0,66.4,0.3,90.1,537.0,64.9,125771.7,79853.0,2.9
795,105.82,100.0,1.97,1969.7,71.1,52.4,13.6,0.0,0.1,1575.0,154.35,72.1,98.0,5.99,10.53,8.94,53.6,1.0,66.4,0.3,89.8,537.0,64.9,125771.7,79873.3,2.9
796,102.56,100.0,1.752,1752.4,70.9,49.3,13.6,0.0,0.0,1575.0,152.78,72.1,97.0,5.99,10.53,8.94,50.3,1.0,66.4,0.3,92.0,537.0,64.9,125771.7,79872.0,2.9
797,102.89,100.0,1.614,1613.6,70.9,51.4,13.6,0.0,0.0,1575.0,152.78,72.2,97.0,5.99,10.53,8.94,52.6,1.0,66.5,0.3,90.6,537.0,64.9,125771.7,79865.7,2.9
798,85.0,100.0,1.683,1683.0,70.9,51.0,13.6,0.0,0.0,1575.0,129.15,70.9,82.0,5.99,10.24,8.91,51.9,1.0,66.4,0.3,89.4,537.0,64.9,125771.7,79865.5,2.9
799,40.55,100.0,1.683,1683.0,69.4,50.5,13.6,0.0,0.0,1521.0,0.0,68.5,0.0,5.99,10.24,8.91,51.8,1.0,66.4,0.3,91.9,537.0,64.9,125771.7,79867.6,2.9
800,99.5,100.0,1.799,1798.7,70.3,53.5,13.6,0.0,0.0,1575.0,152.78,70.2,97.0,5.99,10.24,8.91,54.9,1.0,66.5,0.3,92.2,537.0,65.9,125771.7,81155.1,2.9
801,96.74,100.0,1.723,1722.9,70.6,49.9,13.6,0.0,0.0,1575.0,129.15,70.4,82.0,5.99,10.24,8.91,51.2,1.0,66.4,0.3,92.0,537.0,65.9,125771.7,81154.8,2.9
802,102.38,100.0,2.039,2039.1,70.8,51.6,13.6,0.0,0.2,1575.0,152.78,70.7,97.0,5.99,10.24,8.91,52.4,1.0,66.4,0.3,91.3,537.0,65.9,125771.7,81156.0,2.9
803,99.24,100.0,1.614,1613.6,70.7,51.3,13.6,0.0,0.0,1575.0,152.78,70.8,97.0,5.99,9.9,8.86,51.8,1.0,66.4,0.2,90.1,537.0,65.9,125771.7,81155.6,2.9
804,93.69,100.0,1.737,1737.0,70.7,49.3,13.6,0.0,0.0,1575.0,154.35,70.8,98.0,5.99,9.9,8.86,50.6,1.0,63.8,0.3,91.1,537.0,65.9,125771.7,81156.1,2.9
805,98.88,100.0,1.714,1713.9,70.8,51.1,13.6,0.0,0.1,1575.0,154.35,70.8,98.0,5.99,9.9,8.86,52.2,1.0,67.6,0.3,92.1,538.0,65.9,125771.7,81154.3,2.9
806,95.31,100.0,1.831,1830.9,70.9,50.2,13.6,0.0,0.0,1575.0,144.9,70.9,92.0,5.99,9.9,8.86,51.2,1.0,67.3,0.3,91.0,538.0,65.9,125771.7,81153.1,2.9
807,97.0,100.0,1.575,1575.0,70.8,50.8,13.6,0.0,0.0,1575.0,154.35,70.9,98.0,5.99,9.9,8.86,51.8,1.0,65.7,0.3,90.7,538.0,65.9,125771.7,81153.6,2.9
808,101.23,100.0,2.132,2131.7,70.9,51.1,13.6,0.0,0.0,1575.0,154.35,71.0,98.0,6.0,9.67,8.83,51.9,1.0,65.2,0.3,89.7,538.0,65.9,125771.7,81153.4,2.9
809,88.97,100.0,1.792,1792.3,71.0,51.7,13.6,0.0,0.0,1575.0,113.4,70.9,72.0,6.0,9.67,8.83,52.9,1.0,68.8,0.3,91.1,538.0,65.9,125771.7,81152.7,2.9
810,96.85,100.0,1.76,1760.1,71.2,51.0,13.6,0.0,0.2,1575.0,152.78,71.0,97.0,6.0,9.67,8.83,52.1,1.0,65.3,0.3,91.0,538.0,65.9,125771.7,81155.5,2.9
811,99.23,100.0,2.118,2117.6,70.7,50.9,13.6,0.0,0.0,1575.0,152.78,71.0,97.0,6.0,9.67,8.83,52.2,1.0,67.1,0.3,88.7,538.0,65.9,125771.7,81154.1,2.9
812,97.39,100.0,1.785,1784.6,71.1,50.1,13.6,0.0,0.0,1575.0,154.35,71.1,98.0,6.0,9.67,8.83,51.3,1.0,65.6,0.3,89.3,538.0,66.0,125771.7,81168.6,2.9
813,98.33,100.0,1.986,1986.4,70.9,50.9,13.6,0.0,0.1,1575.0,152.78,71.0,97.0,6.0,9.46,8.8,51.7,1.0,66.1,0.2,90.6,538.0,65.9,125771.7,81154.1,2.9
814,93.97,100.0,2.084,2084.1,70.9,51.2,13.6,0.0,0.0,1575.0,154.35,71.1,98.0,6.0,9.46,8.8,52.5,1.0,67.7,0.3,92.3,537.0,65.9,125771.7,81154.7,2.9
815,93.71,100.0,2.133,2133.0,71.0,51.3,13.6,0.0,0.0,1575.0,151.2,71.1,96.0,6.0,9.46,8.8,52.3,1.0,66.2,0.3,92.0,537.0,65.9,125771.7,81154.5,2.9
816,96.66,100.0,1.884,1883.6,70.9,51.8,13.6,0.0,0.8,1575.0,154.35,71.2,98.0,6.0,9.46,8.8,53.0,1.0,65.4,0.3,92.1,538.0,65.9,125771.7,81155.5,2.9
817,78.84,100.0,2.148,2148.4,70.7,50.8,13.6,0.0,0.0,1575.0,129.15,71.1,82.0,6.0,9.46,8.8,52.1,1.0,67.2,0.3,91.7,538.0,65.9,125771.7,81155.7,2.9
818,101.39,100.0,1.941,1941.4,70.9,49.5,13.6,0.0,0.0,1575.0,152.78,71.2,97.0,6.0,9.1,8.73,50.5,1.0,66.3,0.2,91.1,537.0,65.9,125771.7,81157.1,2.9
819,103.07,100.0,1.776,1775.6,71.0,48.7,13.6,0.0,0.2,1575.0,154.35,71.3,98.0,6.0,9.1,8.73,49.7,1.0,67.4,0.3,92.0,538.0,65.9,125771.7,81156.1,2.9
820,96.63,100.0,1.986,1986.4,70.9,48.9,13.6,0.0,0.1,1575.0,152.78,71.2,97.0,6.0,9.1,8.73,49.8,1.0,65.3,0.3,92.0,538.0,65.9,125771.7,81154.0,2.9
821,98.46,100.0,1.885,1884.9,71.1,47.8,13.6,0.0,0.0,1575.0,152.78,71.3,97.0,6.0,9.1,8.73,48.8,1.0,66.9,0.3,91.2,538.0,66.0,125771.7,81157.6,2.9
822,100.49,100.0,2.001,2000.6,71.2,49.3,13.6,0.0,0.0,1575.0,152.78,71.4,97.0,6.0,9.1,8.73,50.3,1.0,67.0,0.3,92.1,538.0,66.0,125771.7,81158.3,2.9
823,108.88,100.0,2.002,2001.9,71.0,49.6,13.6,0.0,0.0,1575.0,154.35,71.5,98.0,5.99,8.77,8.67,50.1,1.0,61.7,0.2,87.8,538.0,66.0,125771.7,81157.8,2.9
824,104.58,100.0,1.791,1791.0,71.1,50.4,13.6,0.0,0.1,1575.0,154.35,71.4,98.0,5.99,8.77,8.67,51.3,1.0,66.5,0.3,88.4,538.0,66.0,125771.7,81159.5,2.9
825,105.92,100.0,1.791,1791.0,71.2,50.8,13.6,0.0,0.0,1575.0,152.78,71.4,97.0,5.99,8.77,8.67,51.6,1.0,66.3,0.3,89.4,538.0,66.0,125771.7,81157.3,2.9
826,97.47,100.0,1.871,1870.7,71.3,50.5,13.6,0.0,0.0,1575.0,151.2,71.5,96.0,5.99,8.77,8.67,51.7,1.0,66.8,0.3,92.0,538.0,65.9,125771.7,81155.2,2.9
827,102.07,100.0,2.085,2085.4,70.8,50.1,13.6,0.0,0.0,1575.0,151.2,73.0,96.0,5.99,8.77,8.67,51.5,1.0,66.9,0.3,92.2,538.0,66.0,125771.7,81163.0,2.9
828,98.68,100.0,2.094,2094.4,71.3,50.5,13.6,0.0,0.0,1575.0,133.88,71.4,85.0,6.0,8.63,8.65,51.7,1.0,65.9,0.2,92.3,538.0,66.0,125771.7,81165.1,2.9
829,97.44,100.0,1.83,1829.6,71.2,49.3,13.6,0.0,0.2,1575.0,154.35,71.5,98.0,6.0,8.63,8.65,50.4,1.0,66.4,0.3,90.9,538.0,66.0,125771.7,81166.4,2.9
830,101.07,100.0,1.954,1954.3,71.1,49.3,13.6,0.0,0.0,1575.0,152.78,71.4,97.0,6.0,8.63,8.65,50.6,1.0,66.4,0.3,92.0,538.0,66.0,125771.7,81163.8,2.9
831,97.36,100.0,1.957,1956.9,70.9,48.2,13.6,0.0,0.0,1575.0,152.78,71.5,97.0,6.0,8.63,8.65,48.8,1.0,66.1,0.2,90.1,538.0,66.0,125771.7,81162.7,2.9
832,97.11,100.0,1.738,1738.3,70.7,46.5,13.6,0.0,0.1,1575.0,122.85,71.3,78.0,6.0,8.63,8.65,47.5,1.0,66.5,0.3,90.8,538.0,66.0,125771.7,81162.0,2.9
833,98.99,100.0,1.817,1816.7,71.2,49.6,13.6,0.0,0.0,1575.0,152.78,71.5,97.0,6.01,8.5,8.62,49.9,1.0,67.3,0.3,90.1,538.0,66.0,125771.7,81163.4,2.9
834,103.99,100.0,2.017,2017.3,70.9,49.5,13.6,0.0,0.0,1575.0,154.35,71.6,98.0,6.01,8.5,8.62,50.4,1.0,65.2,0.3,91.8,538.0,66.0,125771.7,81161.3,2.9
835,101.39,100.0,1.84,1839.9,70.9,48.3,13.6,0.0,0.0,1575.0,152.78,71.5,97.0,6.01,8.5,8.62,49.2,1.0,67.6,0.2,90.2,538.0,66.0,125771.7,81161.9,2.9
836,104.39,100.0,1.965,1964.6,70.9,49.4,13.6,0.0,0.2,1575.0,154.35,71.5,98.0,6.01,8.5,8.62,50.5,1.0,66.1,0.3,90.6,538.0,66.0,125771.7,81165.7,2.9
837,90.09,100.0,2.119,2118.9,70.9,47.6,13.6,0.0,0.0,1575.0,154.35,71.6,98.0,6.01,8.5,8.62,48.5,1.0,66.2,0.3,90.8,538.0,66.0,125771.7,81161.8,2.9
838,101.08,100.0,2.003,2003.1,71.0,48.4,13.6,0.0,0.0,1575.0,152.78,71.5,97.0,6.0,8.3,8.57,48.9,1.0,66.7,0.2,89.8,539.0,66.0,125771.7,81163.4,2.9
839,96.3,100.0,1.869,1869.4,70.9,50.8,13.6,0.0,0.0,1575.0,154.35,71.6,98.0,6.0,8.3,8.57,51.9,1.0,66.7,0.3,90.5,539.0,66.0,125771.7,81162.4,2.9
840,102.94,100.0,1.737,1737.0,70.9,48.9,13.6,0.0,0.0,1575.0,143.32,71.6,91.0,6.0,8.3,8.57,49.4,1.0,63.2,0.3,90.1,539.0,66.0,125771.7,81163.6,2.9
841,103.58,100.0,1.716,1716.4,70.9,49.6,13.6,0.0,0.1,1575.0,152.78,71.6,97.0,6.0,8.3,8.57,50.2,1.0,66.7,0.2,90.3,539.0,66.0,125771.7,81163.9,2.9
842,108.44,100.0,1.98,1980.0,70.9,49.4,13.6,0.0,0.0,1575.0,154.35,71.6,98.0,6.0,8.3,8.57,50.0,1.0,66.6,0.3,90.6,539.0,66.0,125771.7,81165.7,2.9
843,100.46,100.0,1.7,1699.7,70.4,48.9,13.6,0.0,0.0,1575.0,148.05,71.5,94.0,6.02,8.35,8.58,49.4,1.0,66.1,0.3,82.0,539.0,66.0,125771.7,81158.6,2.9
844,101.71,100.0,1.761,1761.4,71.2,52.1,13.6,0.0,0.0,1575.0,154.35,71.6,98.0,6.02,8.35,8.58,53.1,1.0,66.7,0.2,89.8,539.0,66.0,125771.7,81159.3,2.9
845,101.5,100.0,1.59,1590.4,70.5,50.0,13.6,0.0,0.0,1575.0,154.35,71.6,98.0,6.02,8.35,8.58,50.9,1.0,66.3,0.3,90.7,539.0,66.0,125771.7,81160.1,2.9
846,99.35,100.0,1.907,1906.7,70.6,52.3,13.6,0.0,1.1,1575.0,151.2,71.7,96.0,6.02,8.35,8.58,53.4,1.0,66.1,0.3,89.7,539.0,66.0,125771.7,81159.9,2.9
847,97.6,100.0,1.522,1522.3,70.7,52.2,13.6,0.0,0.0,1575.0,152.78,71.6,97.0,6.02,8.35,8.58,53.2,1.0,66.7,0.2,90.0,539.0,66.0,125771.7,81162.5,2.9
848,103.83,100.0,1.698,1698.4,70.4,52.3,13.6,0.0,0.0,1575.0,154.35,71.8,98.0,6.02,8.09,8.52,53.1,1.0,66.4,0.3,89.8,539.0,66.0,125771.7,81159.5,2.9
849,99.7,100.0,1.552,1551.9,70.4,52.6,13.6,0.0,0.0,1575.0,154.35,71.6,98.0,6.02,8.09,8.52,53.8,1.0,66.2,0.3,90.9,539.0,66.0,125771.7,81160.1,2.9
850,95.26,100.0,1.822,1821.9,71.1,52.2,13.6,0.0,0.0,1575.0,154.35,71.6,98.0,6.02,8.09,8.52,53.2,1.0,65.7,0.2,89.4,539.0,66.0,125771.7,81160.3,2.9
851,93.55,100.0,1.621,1621.3,70.3,52.1,13.6,0.0,0.1,1575.0,141.75,71.5,90.0,6.02,8.09,8.52,53.3,1.0,66.4,0.3,89.7,540.0,66.0,125771.7,81162.2,2.9
852,99.83,100.0,1.637,1636.7,70.3,52.2,13.6,0.0,0.0,1575.0,154.35,71.6,98.0,6.02,8.09,8.52,53.4,1.0,66.4,0.3,89.7,540.0,66.0,125771.7,81159.6,2.9
853,95.61,100.0,2.025,2025.0,70.8,50.9,13.6,0.0,0.2,1575.0,154.35,71.5,98.0,6.02,8.0,8.5,51.7,1.0,66.3,0.2,91.0,540.0,66.0,125771.7,81161.2,2.9
854,95.8,100.0,1.932,1932.4,71.3,49.0,13.6,0.0,0.0,1575.0,149.62,71.6,95.0,6.02,8.0,8.5,49.8,1.0,66.5,0.3,89.9,540.0,66.0,125771.7,81163.7,2.9
855,96.87,100.0,2.024,2023.7,71.0,51.5,13.6,0.0,0.0,1575.0,144.9,71.6,92.0,6.02,8.0,8.5,52.6,1.0,66.4,0.3,90.7,540.0,66.4,125771.7,81742.4,2.9
856,96.81,100.0,2.015,2014.7,71.5,48.9,13.6,0.0,0.0,1575.0,152.78,71.7,97.0,6.02,8.0,8.5,49.4,1.0,66.3,0.2,89.7,540.0,66.4,125771.7,81744.0,2.9
857,94.62,100.0,1.954,1954.3,71.6,48.9,13.6,0.0,0.1,1575.0,151.2,71.8,96.0,6.02,8.0,8.5,49.8,1.0,66.5,0.3,89.8,540.0,66.4,125771.7,81744.6,2.9
858,96.36,100.0,2.031,2031.4,71.5,50.0,13.6,0.0,0.0,1575.0,151.2,71.7,96.0,6.01,7.76,8.44,50.8,1.0,66.4,0.3,89.7,540.0,66.4,125771.7,81744.3,2.9
859,98.66,100.0,1.923,1923.4,71.6,50.8,13.6,0.0,0.0,1575.0,143.32,71.7,91.0,6.01,7.76,8.44,51.8,1.0,66.3,0.2,88.4,540.0,66.4,125771.7,81741.8,2.9
860,95.74,100.0,1.907,1906.7,71.4,50.6,13.6,0.0,0.0,1575.0,154.35,71.8,98.0,6.01,7.76,8.44,52.0,1.0,66.4,0.3,92.5,540.0,66.4,125771.7,81743.8,2.9
861,100.68,100.0,2.038,2037.9,71.4,50.8,13.6,0.0,0.2,1575.0,146.48,71.8,93.0,6.01,7.76,8.44,52.1,1.0,66.4,0.3,93.5,540.0,66.4,125771.7,81745.6,2.9
862,101.98,100.0,1.993,1992.9,71.4,50.5,13.6,0.0,0.0,1575.0,154.35,71.8,98.0,6.01,7.76,8.44,51.5,1.0,66.4,0.3,89.5,540.0,66.4,125771.7,81742.7,2.9
863,101.21,100.0,1.984,1983.9,70.8,49.5,13.6,0.0,0.0,1575.0,149.62,71.8,95.0,6.07,8.42,8.56,50.2,1.0,66.4,0.2,83.9,540.0,66.4,125771.7,81743.7,2.9
864,97.95,100.0,1.869,1869.4,71.0,49.9,13.6,0.0,0.1,1575.0,152.78,71.8,97.0,6.07,8.42,8.56,50.7,1.0,66.4,0.3,89.7,540.0,66.4,125771.7,81741.5,2.9
865,94.74,100.0,1.878,1878.4,71.0,51.3,13.6,0.0,0.0,1575.0,154.35,71.8,98.0,6.07,8.42,8.56,52.1,1.0,66.4,0.3,89.7,540.0,66.4,125771.7,81742.1,2.9
866,97.17,100.0,1.961,1960.7,71.2,49.9,13.6,0.0,0.0,1575.0,152.78,71.9,97.0,6.07,8.42,8.56,51.2,1.0,66.3,0.2,89.4,540.0,66.4,125771.7,81741.8,2.9
867,96.86,100.0,1.953,1953.0,70.9,50.9,13.6,0.0,0.0,1575.0,154.35,71.8,98.0,6.07,8.42,8.56,51.9,1.0,66.4,0.3,89.7,540.0,66.4,125771.7,81742.0,2.9
868,95.4,100.0,1.992,1991.6,71.0,50.0,13.6,0.0,0.0,1575.0,151.2,71.8,96.0,6.1,8.71,8.62,50.8,1.0,66.4,0.3,89.8,540.0,66.4,125771.7,81742.6,2.9
869,97.26,100.0,1.977,1977.4,71.0,47.6,13.6,0.0,0.0,1575.0,154.35,71.7,98.0,6.1,8.71,8.62,48.2,1.0,66.4,0.2,88.6,540.0,66.4,125771.7,81744.3,2.9
870,95.97,100.0,1.7,1699.7,70.7,43.6,13.6,0.0,0.0,1575.0,152.78,71.8,97.0,6.1,8.71,8.62,45.0,1.0,66.4,0.2,91.9,541.0,66.4,125771.7,81743.4,2.9
871,97.66,100.0,1.754,1753.7,71.0,46.5,13.6,0.0,0.3,1575.0,154.35,71.8,98.0,6.1,8.71,8.62,47.6,1.0,66.3,0.3,89.9,541.0,66.4,125771.7,81743.9,2.9
872,89.98,100.0,1.962,1962.0,71.2,45.1,13.6,0.0,0.0,1575.0,154.35,71.7,98.0,6.1,8.71,8.62,46.3,1.0,66.4,0.2,90.9,541.0,66.4,125771.7,81746.2,2.9
873,95.12,100.0,2.132,2131.7,70.8,44.2,13.6,0.0,0.0,1575.0,148.05,71.7,94.0,6.11,8.57,8.59,44.6,1.0,66.3,0.2,88.2,541.0,66.4,125771.7,81753.9,2.9
874,93.27,100.0,1.693,1693.3,70.4,44.4,13.6,0.0,0.0,1575.0,154.35,71.7,98.0,6.11,8.57,8.59,45.5,1.0,66.4,0.3,90.5,541.0,66.4,125771.7,81742.9,2.9
875,99.55,100.0,1.653,1653.4,70.6,44.3,13.6,0.0,0.0,1575.0,154.35,71.7,98.0,6.11,8.57,8.59,45.3,1.0,66.4,0.2,90.0,541.0,66.4,125771.7,81743.0,2.9
876,96.3,100.0,1.653,1653.4,71.2,45.5,13.6,0.0,0.9,1575.0,154.35,71.7,98.0,6.11,8.57,8.59,46.2,1.0,66.3,0.2,89.5,541.0,66.4,125771.7,81741.3,2.9
877,80.69,100.0,1.722,1721.6,71.0,44.8,13.6,0.0,0.0,1575.0,137.02,71.6,87.0,6.11,8.57,8.59,46.1,1.0,66.4,0.3,91.9,541.0,66.4,125771.7,81741.5,2.9
878,100.0,100.0,1.698,1698.4,71.1,44.6,13.6,0.0,0.0,1575.0,154.35,71.8,98.0,6.1,8.36,8.55,45.6,1.0,66.3,0.2,91.3,541.0,66.4,125771.7,81741.9,2.9
879,44.15,100.0,2.085,2085.4,70.2,48.2,13.6,0.0,0.0,1548.0,10.84,69.4,7.0,6.1,8.36,8.55,49.5,1.0,66.4,0.3,92.0,541.0,66.4,125771.7,81743.3,2.9
880,42.27,100.0,2.256,2256.4,69.8,52.5,13.6,0.0,0.2,1575.0,0.0,68.8,0.0,6.1,8.36,8.55,53.6,1.0,66.4,0.3,91.9,541.0,64.6,125771.7,79918.2,2.9
881,89.26,100.0,2.109,2108.6,69.8,51.4,13.6,0.0,0.1,1575.0,154.35,72.4,98.0,6.1,8.36,8.55,52.4,1.0,66.5,0.3,92.8,541.0,65.0,125771.7,79905.2,2.9
882,105.05,100.0,2.262,2261.6,71.0,52.5,13.6,0.0,0.0,1575.0,143.32,71.7,91.0,6.1,8.36,8.55,53.6,1.0,66.4,0.3,92.0,541.0,65.3,125771.7,80396.9,2.9
883,105.89,100.0,2.022,2022.4,70.6,50.3,13.6,0.0,0.1,1575.0,152.78,72.5,97.0,6.11,8.25,8.52,51.6,1.0,66.4,0.3,91.1,541.0,65.3,125771.7,80401.7,2.9
884,104.33,100.0,1.985,1985.1,70.9,51.6,13.6,0.0,0.0,1575.0,152.78,72.7,97.0,6.11,8.25,8.52,52.9,1.0,66.4,0.3,91.6,541.0,65.3,125771.7,80397.8,2.9
885,97.8,100.0,2.426,2426.1,70.7,52.0,13.6,0.0,0.0,1575.0,152.78,73.0,97.0,6.11,8.25,8.52,53.2,1.0,66.5,0.3,91.1,541.0,65.4,125771.7,80405.5,2.9
886,107.16,100.0,2.11,2109.9,71.3,50.1,13.6,0.0,0.2,1575.0,152.78,72.7,97.0,6.11,8.25,8.52,51.1,1.0,66.4,0.3,92.0,541.0,65.4,125771.7,80402.7,2.9
887,102.59,100.0,1.994,1994.1,71.4,49.9,13.6,0.0,0.0,1575.0,144.9,72.8,92.0,6.11,8.25,8.52,50.9,1.0,66.4,0.3,89.5,541.0,65.4,125771.7,80403.7,2.9
888,109.81,100.0,1.908,1908.0,71.3,50.2,13.6,0.0,0.0,1575.0,154.35,73.2,98.0,6.12,8.23,8.52,51.0,1.0,66.5,0.3,90.0,541.0,65.4,125771.7,80402.8,2.9
889,103.02,100.0,1.891,1891.3,71.5,51.4,13.6,0.0,0.0,1575.0,152.78,73.3,97.0,6.12,8.23,8.52,52.7,1.0,66.4,0.3,91.8,541.0,65.3,125771.7,80400.9,2.9
890,109.75,100.0,2.259,2259.0,71.8,50.8,13.6,0.0,0.1,1575.0,154.35,73.4,98.0,6.12,8.23,8.52,51.4,1.0,66.4,0.3,90.2,541.0,65.3,125771.7,80401.2,2.9
891,107.41,100.0,1.925,1924.7,71.8,49.1,13.6,0.0,0.0,1575.0,154.35,73.2,98.0,6.12,8.23,8.52,49.4,1.0,66.4,0.3,90.5,541.0,65.4,125771.7,80403.3,2.9
892,101.97,100.0,1.792,1792.3,71.7,50.1,13.6,0.0,0.0,1575.0,151.2,73.4,96.0,6.12,8.23,8.52,51.0,1.0,66.5,0.3,90.6,541.0,65.4,125771.7,80402.7,2.9
893,75.14,100.0,1.917,1917.0,72.3,50.7,13.6,0.0,0.0,1575.0,111.82,73.0,71.0,6.18,8.93,8.66,51.6,1.0,66.4,0.3,90.5,541.0,65.3,125771.7,80399.7,2.9
894,105.63,100.0,2.172,2171.6,71.7,49.4,13.6,0.0,0.0,1575.0,154.35,73.6,98.0,6.18,8.93,8.66,50.6,1.0,66.4,0.3,91.8,541.0,65.3,125771.7,80402.1,2.9
895,107.81,100.0,1.98,1980.0,72.9,51.7,13.6,0.0,0.2,1575.0,154.35,73.7,98.0,6.18,8.93,8.66,52.6,1.0,66.4,0.3,90.0,541.0,65.4,125771.7,80403.4,2.9
896,107.17,100.0,1.808,1807.7,72.4,53.5,13.6,0.0,0.1,1575.0,152.78,73.7,97.0,6.18,8.93,8.66,54.3,1.0,66.5,0.3,90.1,541.0,65.4,125771.7,80403.8,2.9
897,103.37,100.0,1.684,1684.3,72.3,52.7,13.6,0.0,0.0,1575.0,152.78,73.6,97.0,6.18,8.93,8.66,53.5,1.0,66.4,0.3,91.4,541.0,65.3,125771.7,80400.3,2.9
898,107.19,100.0,1.714,1713.9,71.8,51.7,13.6,0.0,0.0,1575.0,149.62,73.8,95.0,6.19,8.86,8.65,52.4,1.0,66.4,0.3,89.5,541.0,65.3,125771.7,80400.1,2.9
899,110.78,100.0,1.885,1884.9,71.8,50.1,13.6,0.0,0.0,1575.0,154.35,74.1,98.0,6.19,8.86,8.65,51.4,1.0,66.4,0.3,92.2,541.0,65.3,125771.7,80402.1,2.9
