elapsed_sec,cores_active_percent,cpu_freq_ghz,cpu_freq_mhz,cpu_temp,cpu_total,disk_percent,disk_read_rate_mbps,disk_write_rate_mbps,gpu_clock_mhz,gpu_effective_throughput,gpu_mem_clock_mhz,gpu_mem_total_mb,gpu_mem_used_mb,gpu_power_w,gpu_temp,gpu_util,load_15m,load_1m,load_5m,mean_core_util,net_errors,net_recv_rate_mbps,net_sent_rate_mbps,peak_core_util,process_count,ram_percent,ram_total_mb,ram_used_mb,swap_percent,vcn_util
0,0.0,3.574,3574.2,67.375,0.0,9.4,0.0,0.0,2898.0,289.8,1000.0,2048.0,621.5,121.1,52.0,100.0,0.18,0.94,0.39,0.0,1.0,0.0,0.0,0.0,560.0,40.2,126428.7,49712.2,0.0,0.0
1,75.0,3.324,3323.9,63.0,18.0,9.4,0.0,0.0,2899.0,289.9,1000.0,2048.0,621.5,120.05,52.0,100.0,0.18,0.94,0.39,17.9,1.0,67.3,0.3,100.0,568.0,40.2,126428.7,49682.0,0.0,0.0
2,78.1,3.355,3354.8,60.5,17.9,9.4,0.0,0.0,2899.0,289.9,1000.0,2048.0,621.5,120.02,52.0,100.0,0.18,0.94,0.39,18.1,1.0,66.8,0.4,100.0,568.0,40.2,126428.7,49682.8,0.0,0.0
3,78.1,3.575,3575.0,60.875,17.9,9.4,0.0,0.0,2458.0,196.64,1000.0,2048.0,621.5,108.05,39.0,80.0,0.19,0.94,0.4,17.8,1.0,67.2,0.3,97.0,568.0,41.0,126428.7,50663.4,0.0,0.0
4,78.1,2.52,2520.2,65.125,16.5,9.4,0.0,0.0,2489.0,211.56,1000.0,2048.0,622.6,119.02,58.0,85.0,0.19,0.94,0.4,16.6,1.0,66.9,0.3,69.7,576.0,40.8,126428.7,50463.6,0.0,0.0
5,81.2,3.507,3506.7,64.25,17.7,9.4,0.0,0.0,2603.0,229.06,1000.0,2048.0,622.6,119.04,54.0,88.0,0.19,0.94,0.4,17.8,1.0,67.2,0.3,62.0,576.0,41.2,126428.7,50958.9,0.0,0.0
6,78.1,3.341,3341.0,62.25,18.2,9.4,0.0,0.0,2781.0,264.2,1000.0,2048.0,622.6,121.09,53.0,95.0,0.19,0.94,0.4,18.3,1.0,67.5,0.4,67.3,576.0,41.2,126428.7,50960.8,0.0,0.0
7,84.4,3.231,3230.7,60.625,18.3,9.4,0.0,0.0,2856.0,279.89,1000.0,2048.0,622.6,121.02,54.0,98.0,0.19,0.94,0.4,18.3,1.0,67.1,0.3,60.0,576.0,41.2,126428.7,50941.4,0.0,0.0
8,84.4,2.618,2618.3,60.5,18.4,9.4,0.0,0.0,2885.0,285.62,1000.0,2048.0,622.6,120.05,53.0,99.0,0.2,1.11,0.45,18.4,1.0,67.0,0.3,98.0,576.0,41.2,126428.7,50941.8,0.0,0.0
9,81.2,3.387,3387.1,59.75,18.1,9.4,0.0,0.1,2893.0,286.41,1000.0,2048.0,622.6,120.01,54.0,99.0,0.2,1.11,0.45,18.1,1.0,66.9,0.3,73.7,576.0,41.2,126428.7,50946.1,0.0,0.0
10,81.2,2.767,2767.0,59.375,18.5,9.4,0.0,0.0,2897.0,286.8,1000.0,2048.0,622.6,119.1,54.0,99.0,0.2,1.11,0.45,18.4,1.0,67.5,0.4,85.0,576.0,41.2,126428.7,50942.6,0.0,0.0
11,78.1,2.773,2772.6,59.375,18.4,9.4,0.0,4.7,2899.0,287.0,1000.0,2048.0,622.6,119.08,55.0,99.0,0.2,1.11,0.45,18.3,1.0,67.0,0.3,85.9,576.0,41.2,126428.7,50926.7,0.0,0.0
12,87.5,2.865,2864.6,59.625,18.5,9.4,0.0,0.0,2899.0,287.0,1000.0,2048.0,622.6,120.02,54.0,99.0,0.2,1.11,0.45,18.5,1.0,66.9,0.3,64.0,576.0,41.2,126428.7,50927.5,0.0,0.0
13,81.2,3.265,3264.7,61.375,17.8,9.4,0.0,0.0,2899.0,287.0,1000.0,2048.0,622.6,120.0,55.0,99.0,0.22,1.34,0.51,17.8,1.0,66.9,0.3,53.0,576.0,41.2,126428.7,50905.6,0.0,0.0
14,71.9,2.759,2758.8,62.375,18.7,9.4,0.0,0.1,2899.0,287.0,1000.0,2048.0,622.6,119.09,55.0,99.0,0.22,1.34,0.51,18.7,1.0,67.5,0.4,99.0,576.0,41.2,126428.7,50945.3,0.0,0.0
15,75.0,3.0,3000.4,62.25,18.9,9.4,0.0,0.0,2899.0,287.0,1000.0,2048.0,622.6,119.07,56.0,99.0,0.22,1.34,0.51,18.9,1.0,67.1,0.3,67.0,576.0,41.2,126428.7,50952.8,0.0,0.0
16,75.0,2.85,2850.3,62.625,18.5,9.4,0.0,4.1,2898.0,286.9,1000.0,2048.0,622.6,119.09,55.0,99.0,0.22,1.34,0.51,18.5,1.0,67.1,0.3,90.9,576.0,41.2,126428.7,50934.1,0.0,0.0
17,71.9,3.588,3588.1,64.875,17.0,9.4,0.0,0.0,2402.0,184.95,1000.0,2048.0,622.9,105.08,43.0,77.0,0.22,1.34,0.51,16.8,1.0,66.9,0.3,86.0,576.0,42.1,126428.7,52019.0,0.0,0.0
18,65.6,2.281,2280.7,69.25,15.6,9.4,0.0,0.0,2474.0,212.76,1000.0,2048.0,623.7,119.04,63.0,86.0,0.23,1.39,0.53,15.8,1.0,66.5,0.4,76.0,576.0,41.8,126428.7,51682.1,0.0,0.0
19,93.8,3.157,3157.0,68.0,20.1,9.4,0.0,0.1,2604.0,231.76,1000.0,2048.0,623.7,121.03,62.0,89.0,0.23,1.39,0.53,20.1,1.0,67.1,0.3,86.9,576.0,42.2,126428.7,52132.0,0.0,0.0
20,81.2,2.807,2807.2,64.75,18.2,9.4,0.0,0.0,2781.0,264.2,1000.0,2048.0,623.7,121.06,57.0,95.0,0.23,1.39,0.53,18.1,1.0,67.0,0.2,72.0,576.0,42.2,126428.7,52136.6,0.0,0.0
21,68.8,3.144,3144.0,63.375,17.6,9.4,0.0,2.7,2868.0,281.06,1000.0,2048.0,623.7,120.1,57.0,98.0,0.23,1.39,0.53,17.7,1.0,67.1,0.4,55.6,576.0,42.2,126428.7,52141.5,0.0,0.0
22,93.8,3.094,3093.9,62.625,18.3,9.4,0.0,1.2,2883.0,285.42,1000.0,2048.0,623.7,120.01,58.0,99.0,0.23,1.39,0.53,18.3,1.0,67.1,0.3,67.7,576.0,42.1,126428.7,52106.3,0.0,0.0
23,87.5,2.541,2540.7,62.625,18.7,9.4,0.0,0.0,2893.0,286.41,1000.0,2048.0,623.7,119.09,58.0,99.0,0.26,1.76,0.62,18.6,1.0,67.1,0.3,69.3,575.0,42.1,126428.7,52095.4,0.0,0.0
24,78.1,2.411,2411.0,63.125,18.6,9.4,0.0,0.1,2897.0,286.8,1000.0,2048.0,623.7,119.09,58.0,99.0,0.26,1.76,0.62,18.6,1.0,67.1,0.4,97.0,575.0,42.1,126428.7,52091.0,0.0,0.0
25,65.6,2.813,2812.7,65.0,17.8,9.4,0.0,0.0,2899.0,287.0,1000.0,2048.0,623.7,120.01,58.0,99.0,0.26,1.76,0.62,17.9,1.0,67.0,0.2,96.0,575.0,42.1,126428.7,52095.5,0.0,0.0
26,65.6,3.442,3442.1,65.5,17.4,9.4,0.0,0.0,2662.0,236.92,1000.0,2048.0,623.7,112.09,46.0,89.0,0.26,1.76,0.62,17.3,1.0,67.2,0.4,59.0,575.0,42.4,126428.7,52428.0,0.0,0.0
27,59.4,3.096,3095.6,71.25,14.7,9.4,0.0,0.0,2456.0,206.3,1000.0,2048.0,624.8,118.05,63.0,84.0,0.26,1.76,0.62,14.7,1.0,67.1,0.3,56.6,579.0,42.7,126428.7,52844.9,0.0,0.0
28,78.1,2.816,2816.2,70.375,18.9,9.4,0.0,0.0,2589.0,227.83,1000.0,2048.0,624.8,120.01,61.0,88.0,0.29,2.02,0.69,18.8,1.0,67.0,0.4,100.0,579.0,43.1,126428.7,53338.4,0.0,0.0
29,84.4,2.759,2759.1,67.75,18.2,9.4,0.0,0.0,2762.0,259.63,1000.0,2048.0,624.8,121.03,59.0,94.0,0.29,2.02,0.69,18.3,1.0,67.1,0.3,100.0,579.0,43.1,126428.7,53321.3,0.0,0.0
30,78.1,2.833,2832.6,67.125,17.8,9.4,0.0,0.0,2848.0,279.1,1000.0,2048.0,624.8,121.03,59.0,98.0,0.29,2.02,0.69,17.8,1.0,67.1,0.3,92.0,580.0,43.1,126428.7,53319.7,0.0,0.0
31,84.4,3.004,3004.1,66.5,17.7,9.4,0.0,0.0,2878.0,284.92,1000.0,2048.0,624.8,120.03,59.0,99.0,0.29,2.02,0.69,17.7,1.0,67.0,0.3,73.0,579.0,43.1,126428.7,53331.0,0.0,0.0
32,81.2,2.715,2714.9,65.0,18.3,9.4,0.0,0.0,2891.0,286.21,1000.0,2048.0,624.8,119.1,59.0,99.0,0.29,2.02,0.69,18.3,1.0,67.1,0.3,88.0,579.0,43.1,126428.7,53335.6,0.0,0.0
33,81.2,2.86,2860.2,64.5,18.8,9.4,0.0,0.0,2895.0,286.6,1000.0,2048.0,624.8,119.07,59.0,99.0,0.31,2.26,0.77,18.7,1.0,67.1,0.3,84.0,579.0,43.1,126428.7,53353.6,0.0,0.0
34,68.8,2.638,2637.9,64.375,18.8,9.4,0.0,0.0,2897.0,286.8,1000.0,2048.0,624.8,120.01,59.0,99.0,0.31,2.26,0.77,18.8,1.0,67.1,0.3,100.0,579.0,43.1,126428.7,53349.9,0.0,0.0
35,65.6,2.756,2755.8,63.75,18.4,9.4,0.0,0.0,2898.0,286.9,1000.0,2048.0,624.8,120.0,60.0,99.0,0.31,2.26,0.77,18.4,1.0,67.0,0.3,100.0,579.0,43.1,126428.7,53339.4,0.0,0.0
36,68.8,3.084,3084.4,63.0,18.1,9.4,0.0,0.1,2898.0,286.9,1000.0,2048.0,624.8,119.07,60.0,99.0,0.31,2.26,0.77,18.2,1.0,67.1,0.3,100.0,579.0,43.1,126428.7,53319.4,0.0,0.0
37,75.0,3.153,3152.7,62.75,18.4,9.4,0.0,0.0,2898.0,286.9,1000.0,2048.0,624.8,119.07,60.0,99.0,0.31,2.26,0.77,18.4,1.0,67.1,0.3,91.0,579.0,43.1,126428.7,53303.8,0.0,0.0
38,87.5,2.804,2803.7,62.875,18.5,9.4,0.0,0.0,2898.0,286.9,1000.0,2048.0,624.8,119.07,60.0,99.0,0.35,2.56,0.85,18.6,1.0,67.1,0.3,57.0,579.0,43.1,126428.7,53312.5,0.0,0.0
39,75.0,2.818,2817.8,63.25,19.0,9.4,0.0,0.0,2899.0,287.0,1000.0,2048.0,624.8,119.08,60.0,99.0,0.35,2.56,0.85,19.0,1.0,67.0,0.4,53.0,579.0,43.1,126428.7,53314.4,0.0,0.0
40,84.4,2.769,2768.8,63.25,18.7,9.4,0.0,0.0,2900.0,287.1,1000.0,2048.0,624.8,120.01,61.0,99.0,0.35,2.56,0.85,18.8,1.0,67.1,0.2,62.4,579.0,43.1,126428.7,53333.0,0.0,0.0
41,68.8,3.722,3721.8,71.0,14.6,9.4,0.0,0.0,2360.0,186.44,1000.0,2048.0,625.9,110.09,54.0,79.0,0.35,2.56,0.85,14.7,1.0,67.1,0.4,59.0,579.0,43.3,126428.7,53630.8,0.0,0.0
42,75.0,2.177,2177.3,71.875,18.8,9.4,0.0,0.0,2660.0,244.72,1000.0,2048.0,625.9,122.07,68.0,92.0,0.35,2.56,0.85,18.8,1.0,67.0,0.3,80.0,579.0,43.7,126428.7,54052.7,0.0,0.0
43,84.4,2.656,2655.9,71.25,17.9,9.4,0.0,0.0,2713.0,252.31,1000.0,2048.0,625.9,121.07,63.0,93.0,0.39,3.07,0.99,18.0,1.0,67.1,0.3,97.0,579.0,44.1,126428.7,54560.6,0.0,0.0
44,81.2,2.932,2931.9,68.5,19.2,9.4,0.0,0.0,2831.0,274.61,1000.0,2048.0,625.9,121.01,61.0,97.0,0.39,3.07,0.99,19.1,1.0,67.1,0.3,99.0,579.0,44.1,126428.7,54538.1,0.0,0.0
45,84.4,2.826,2826.4,67.125,19.0,9.4,0.0,0.0,2875.0,284.62,1000.0,2048.0,625.9,120.04,62.0,99.0,0.39,3.07,0.99,19.1,1.0,67.1,0.3,100.0,579.0,44.1,126428.7,54534.6,0.0,0.0
46,78.1,2.806,2806.1,66.0,18.5,9.4,0.0,0.0,2890.0,286.11,1000.0,2048.0,625.9,120.07,62.0,99.0,0.39,3.07,0.99,18.3,1.0,67.0,0.3,99.0,579.0,44.1,126428.7,54531.9,0.0,0.0
47,75.0,3.128,3127.5,65.0,18.2,9.4,0.0,0.1,2896.0,286.7,1000.0,2048.0,625.9,119.08,62.0,99.0,0.39,3.07,0.99,18.3,1.0,67.1,0.3,100.0,579.0,44.1,126428.7,54528.2,0.0,0.0
48,87.5,2.933,2932.9,65.0,18.4,9.4,0.0,0.0,2899.0,287.0,1000.0,2048.0,625.9,119.08,62.0,99.0,0.42,3.23,1.06,18.3,1.0,67.1,0.3,100.0,579.0,44.1,126428.7,54535.6,0.0,0.0
49,84.4,3.357,3357.3,64.625,18.6,9.4,0.0,0.0,2899.0,289.9,1000.0,2048.0,625.9,119.07,61.0,100.0,0.42,3.23,1.06,18.6,1.0,67.0,0.3,100.0,579.0,44.1,126428.7,54542.7,0.0,0.0
50,78.1,3.171,3171.2,64.5,18.5,9.4,0.0,0.0,2900.0,287.1,1000.0,2048.0,625.9,119.08,62.0,99.0,0.42,3.23,1.06,18.5,1.0,67.1,0.3,100.0,579.0,44.1,126428.7,54524.0,0.0,0.0
51,68.8,2.798,2798.1,65.0,18.4,9.4,0.0,0.0,2895.0,286.6,1000.0,2048.0,625.9,119.06,61.0,99.0,0.42,3.23,1.06,18.5,1.0,67.0,0.3,100.0,579.0,44.1,126428.7,54532.7,0.0,0.0
52,81.2,3.023,3022.9,65.125,18.0,9.4,0.0,0.0,2898.0,286.9,1000.0,2048.0,625.9,119.1,63.0,99.0,0.42,3.23,1.06,18.0,1.0,67.1,0.3,100.0,579.0,44.1,126428.7,54541.8,0.0,0.0
53,65.6,3.667,3666.6,69.625,16.2,9.4,0.0,0.0,2461.0,204.26,1000.0,2048.0,627.1,112.04,67.0,83.0,0.44,3.29,1.1,16.2,1.0,67.0,0.3,60.0,579.0,44.6,126428.7,55259.9,0.0,0.0
54,62.5,2.14,2139.7,71.5,17.8,9.4,0.0,0.0,2632.0,236.88,1000.0,2048.0,627.0,122.01,71.0,90.0,0.44,3.29,1.1,17.8,1.0,67.1,0.3,83.0,579.0,44.6,126428.7,55254.3,0.0,0.0
55,75.0,2.508,2508.1,71.875,19.1,9.4,0.0,0.0,2681.0,243.97,1000.0,2048.0,627.0,121.07,66.0,91.0,0.44,3.29,1.1,19.2,1.0,67.1,0.3,100.0,579.0,45.0,126428.7,55745.3,0.0,0.0
56,68.8,2.615,2615.2,69.0,19.2,9.4,0.0,0.0,2819.0,270.62,1000.0,2048.0,627.0,121.01,63.0,96.0,0.44,3.29,1.1,19.2,1.0,67.0,0.3,100.0,573.0,45.0,126428.7,55737.0,0.0,0.0
57,71.9,2.763,2762.8,67.75,18.7,9.4,0.0,0.1,2870.0,281.26,1000.0,2048.0,627.0,120.08,63.0,98.0,0.44,3.29,1.1,18.6,1.0,67.1,0.3,74.0,573.0,45.0,126428.7,55753.2,0.0,0.0
58,78.1,2.848,2848.0,67.25,18.2,9.4,0.0,0.0,2889.0,286.01,1000.0,2048.0,627.0,120.03,63.0,99.0,0.46,3.43,1.17,18.3,1.0,67.0,0.2,81.2,573.0,45.0,126428.7,55712.2,0.0,0.0
59,71.9,2.864,2863.9,67.375,18.8,9.4,0.0,0.0,2895.0,286.6,1000.0,2048.0,627.0,120.01,63.0,99.0,0.46,3.43,1.17,18.8,1.0,67.1,0.3,92.9,573.0,45.0,126428.7,55741.2,0.0,0.0
60,75.0,2.86,2859.9,67.875,18.6,9.4,0.0,0.0,2898.0,286.9,1000.0,2048.0,627.0,119.09,63.0,99.0,0.46,3.43,1.17,18.7,1.0,67.0,0.3,99.0,574.0,45.0,126428.7,55752.0,0.0,0.0
61,65.6,2.89,2890.2,67.5,19.3,9.4,0.0,0.0,2899.0,287.0,1000.0,2048.0,627.0,119.07,64.0,99.0,0.46,3.43,1.17,19.3,1.0,67.1,0.3,99.0,574.0,45.0,126428.7,55758.1,0.0,0.0
62,56.2,3.304,3303.5,72.125,15.8,9.4,0.0,0.0,2472.0,207.65,1000.0,2048.0,628.2,114.06,69.0,84.0,0.46,3.43,1.17,15.8,1.0,67.1,0.3,70.3,574.0,45.5,126428.7,56392.9,0.0,0.0
63,84.4,1.713,1713.3,73.25,18.2,9.4,0.0,0.1,2652.0,241.33,1000.0,2048.0,628.1,122.05,71.0,91.0,0.49,3.63,1.25,18.3,1.0,67.0,0.3,68.0,574.0,45.6,126428.7,56419.2,0.0,0.0
64,84.4,2.494,2494.0,73.0,19.3,9.4,0.0,0.0,2701.0,248.49,1000.0,2048.0,628.1,121.08,66.0,92.0,0.49,3.63,1.25,19.4,1.0,67.1,0.3,71.0,574.0,46.0,126428.7,56964.3,0.0,0.0
65,84.4,2.826,2826.1,70.125,19.6,9.4,0.0,0.0,2827.0,274.22,1000.0,2048.0,628.1,120.08,65.0,97.0,0.49,3.63,1.25,19.4,1.0,67.0,0.3,99.0,574.0,46.0,126428.7,56963.8,0.0,0.0
66,78.1,2.692,2692.0,68.5,19.0,9.4,0.0,0.0,2874.0,281.65,1000.0,2048.0,628.1,120.04,65.0,98.0,0.49,3.63,1.25,19.0,1.0,67.1,0.3,100.0,574.0,46.0,126428.7,56951.0,0.0,0.0
67,78.1,2.958,2957.7,67.5,19.2,9.4,0.0,0.0,2888.0,285.91,1000.0,2048.0,628.1,120.02,64.0,99.0,0.49,3.63,1.25,19.2,1.0,67.0,0.2,100.0,574.0,46.0,126428.7,56953.4,0.0,0.0
68,78.1,2.743,2742.8,66.875,18.2,9.4,0.0,0.0,2896.0,286.7,1000.0,2048.0,628.1,119.09,65.0,99.0,0.53,3.9,1.35,18.3,1.0,67.1,0.3,100.0,574.0,46.0,126428.7,56941.0,0.0,0.0
69,81.2,2.716,2715.7,66.625,19.2,9.4,0.0,0.0,2898.0,286.9,1000.0,2048.0,628.1,120.01,65.0,99.0,0.53,3.9,1.35,19.3,1.0,67.0,0.3,100.0,574.0,45.9,126428.7,56914.5,0.0,0.0
70,68.8,3.038,3037.5,66.625,18.9,9.4,0.0,0.0,2899.0,287.0,1000.0,2048.0,628.1,119.08,64.0,99.0,0.53,3.9,1.35,18.9,1.0,67.1,0.3,100.0,574.0,45.9,126428.7,56918.0,0.0,0.0
71,75.0,2.883,2883.3,66.875,18.9,9.4,0.0,0.0,2900.0,290.0,1000.0,2048.0,628.1,120.0,65.0,100.0,0.53,3.9,1.35,18.9,1.0,67.0,0.3,100.0,574.0,45.9,126428.7,56911.1,0.0,0.0
72,59.4,2.832,2832.2,67.0,18.9,9.4,0.0,0.0,2900.0,290.0,1000.0,2048.0,628.1,120.02,65.0,100.0,0.53,3.9,1.35,19.0,1.0,67.1,0.3,100.0,574.0,45.9,126428.7,56916.8,0.0,0.0
73,75.0,2.885,2884.6,67.125,18.0,9.4,0.0,0.0,2900.0,290.0,1000.0,2048.0,628.1,119.1,65.0,100.0,0.57,4.23,1.46,18.1,1.0,67.0,0.2,100.0,574.0,45.9,126428.7,56910.5,0.0,0.0
74,68.8,2.846,2845.8,66.875,18.3,9.4,0.0,0.0,2900.0,287.1,1000.0,2048.0,628.1,120.0,65.0,99.0,0.57,4.23,1.46,18.2,1.0,67.0,0.3,100.0,574.0,45.9,126428.7,56910.9,0.0,0.0
75,68.8,2.801,2800.8,66.875,18.2,9.4,0.0,0.0,2900.0,287.1,1000.0,2048.0,628.1,120.0,65.0,99.0,0.57,4.23,1.46,18.2,1.0,67.1,0.3,100.0,575.0,45.9,126428.7,56923.0,0.0,0.0
76,62.5,3.065,3064.8,67.125,17.5,9.4,0.0,0.0,2900.0,287.1,1000.0,2048.0,628.1,119.09,65.0,99.0,0.57,4.23,1.46,17.3,1.0,67.0,0.3,100.0,575.0,45.9,126428.7,56921.0,0.0,0.0
77,81.2,2.705,2705.0,67.625,18.0,9.4,0.0,0.0,2888.0,285.91,1000.0,2048.0,628.1,119.09,65.0,99.0,0.57,4.23,1.46,18.1,1.0,67.1,0.3,100.0,575.0,45.9,126428.7,56915.9,0.0,0.0
78,75.0,2.825,2825.2,67.625,17.6,9.4,0.0,0.1,2895.0,286.6,1000.0,2048.0,628.1,120.01,65.0,99.0,0.62,4.77,1.62,17.5,1.0,67.0,0.3,100.0,574.0,45.9,126428.7,56915.2,0.0,0.0
79,71.9,2.902,2901.8,69.0,17.0,9.4,0.0,0.0,2898.0,286.9,1000.0,2048.0,628.1,120.02,65.0,99.0,0.62,4.77,1.62,17.1,1.0,67.0,0.2,100.0,574.0,45.9,126428.7,56909.6,0.0,0.0
80,71.9,3.08,3080.2,68.75,17.8,9.4,0.0,0.0,2899.0,287.0,1000.0,2048.0,628.1,120.01,65.0,99.0,0.62,4.77,1.62,17.9,1.0,67.1,0.3,94.9,574.0,46.0,126428.7,56942.3,0.0,0.0
81,81.2,2.991,2991.3,67.875,18.1,9.4,0.0,0.0,2900.0,290.0,1000.0,2048.0,628.1,119.1,65.0,100.0,0.62,4.77,1.62,18.0,1.0,67.0,0.4,91.1,574.0,46.0,126428.7,56937.9,0.0,0.0
82,62.5,3.037,3036.7,68.75,17.2,9.4,0.0,0.0,2900.0,290.0,1000.0,2048.0,628.1,119.09,65.0,100.0,0.62,4.77,1.62,17.2,1.0,67.1,0.2,100.0,574.0,46.0,126428.7,56937.4,0.0,0.0
83,71.9,2.922,2921.8,69.0,17.5,9.4,0.0,0.0,2899.0,287.0,1000.0,2048.0,628.1,120.0,66.0,99.0,0.63,4.55,1.62,17.5,1.0,67.0,0.3,100.0,574.0,46.0,126428.7,56926.2,0.0,0.0
84,65.6,2.958,2957.8,69.875,17.7,9.4,0.0,0.0,2900.0,290.0,1000.0,2048.0,628.1,119.1,66.0,100.0,0.63,4.55,1.62,17.6,1.0,67.1,0.3,100.0,574.0,46.0,126428.7,56927.8,0.0,0.0
85,75.0,3.43,3429.7,70.25,17.2,9.4,0.0,0.0,2899.0,289.9,1000.0,2048.0,628.1,119.08,66.0,100.0,0.63,4.55,1.62,17.3,1.0,67.0,0.3,100.0,574.0,45.9,126428.7,56914.7,0.0,0.0
86,71.9,3.104,3104.2,69.125,17.2,9.4,0.0,0.0,2900.0,290.0,1000.0,2048.0,628.1,120.0,67.0,100.0,0.63,4.55,1.62,17.1,1.0,67.1,0.3,100.0,574.0,46.0,126428.7,56947.2,0.0,0.0
87,75.0,3.066,3065.5,69.125,17.2,9.4,0.0,0.1,2900.0,290.0,1000.0,2048.0,628.1,120.0,65.0,100.0,0.63,4.55,1.62,17.3,1.0,67.0,0.2,100.0,574.0,46.0,126428.7,56931.1,0.0,0.0
88,71.9,3.248,3248.3,69.5,17.4,9.4,0.0,0.0,2899.0,289.9,1000.0,2048.0,628.1,120.0,67.0,100.0,0.64,4.43,1.65,17.3,1.0,67.0,0.3,100.0,574.0,45.9,126428.7,56912.0,0.0,0.0
89,65.6,3.077,3076.7,69.625,17.4,9.4,0.0,0.0,2900.0,290.0,1000.0,2048.0,628.1,120.01,67.0,100.0,0.64,4.43,1.65,17.4,1.0,67.1,0.3,59.6,574.0,45.9,126428.7,56914.8,0.0,0.0
90,68.8,2.795,2795.4,69.875,17.1,9.4,0.0,0.1,2862.0,280.48,1000.0,2048.0,628.1,119.08,70.0,98.0,0.64,4.43,1.65,17.2,1.0,67.0,0.3,99.0,574.0,45.9,126428.7,56911.8,0.0,0.0
91,71.9,2.27,2270.1,70.0,19.4,9.4,0.0,0.0,2874.0,281.65,1000.0,2048.0,628.1,119.04,68.0,98.0,0.64,4.43,1.65,19.2,1.0,67.0,0.2,100.0,574.0,46.0,126428.7,56951.1,0.0,0.0
92,68.8,2.744,2743.5,69.75,17.1,9.4,0.0,0.1,2890.0,286.11,1000.0,2048.0,628.1,119.1,66.0,99.0,0.64,4.43,1.65,17.4,1.0,67.1,0.3,100.0,574.0,46.0,126428.7,56944.9,0.0,0.0
93,59.4,2.644,2644.4,69.625,17.2,9.4,0.0,0.0,2896.0,286.7,1000.0,2048.0,628.1,119.09,67.0,99.0,0.65,4.23,1.65,17.1,1.0,67.0,0.3,100.0,574.0,45.9,126428.7,56923.3,0.0,0.0
94,71.9,2.813,2813.2,69.125,17.4,9.4,0.0,0.0,2898.0,286.9,1000.0,2048.0,628.1,120.01,67.0,99.0,0.65,4.23,1.65,17.3,1.0,67.0,0.2,100.0,574.0,45.9,126428.7,56922.1,0.0,0.0
95,75.0,2.694,2693.5,68.75,17.1,9.4,0.0,0.0,2899.0,287.0,1000.0,2048.0,628.1,120.01,66.0,99.0,0.65,4.23,1.65,17.1,1.0,67.0,0.3,100.0,574.0,45.9,126428.7,56920.2,0.0,0.0
96,62.5,3.016,3015.7,69.0,16.7,9.4,0.0,0.0,2899.0,289.9,1000.0,2048.0,628.1,119.09,67.0,100.0,0.65,4.23,1.65,16.6,1.0,67.0,0.2,100.0,574.0,46.0,126428.7,56925.8,0.0,0.0
97,62.5,2.928,2928.3,69.625,17.1,9.4,0.0,0.0,2900.0,287.1,1000.0,2048.0,628.1,120.01,67.0,99.0,0.65,4.23,1.65,17.0,1.0,67.1,0.3,69.0,574.0,45.9,126428.7,56922.2,0.0,0.0
98,56.2,2.867,2866.9,70.375,16.7,9.4,0.0,0.0,2900.0,287.1,1000.0,2048.0,628.1,120.0,67.0,99.0,0.7,4.61,1.77,16.8,1.0,67.0,0.2,79.0,574.0,45.9,126428.7,56922.2,0.0,0.0
99,46.9,2.891,2890.6,72.875,16.2,9.4,0.0,0.0,2894.0,286.51,1000.0,2048.0,628.1,120.01,67.0,99.0,0.7,4.61,1.77,16.2,1.0,66.9,0.2,94.9,574.0,45.9,126428.7,56917.0,0.0,0.0
100,46.9,2.825,2825.3,72.75,16.3,9.4,0.0,0.0,2897.0,286.8,1000.0,2048.0,628.1,119.09,66.0,99.0,0.7,4.61,1.77,16.4,1.0,67.1,0.2,59.6,574.0,45.9,126428.7,56912.8,0.0,0.0
101,68.8,2.775,2775.2,73.25,16.4,9.4,0.0,0.0,2898.0,286.9,1000.0,2048.0,628.1,120.01,67.0,99.0,0.7,4.61,1.77,16.1,1.0,66.9,0.3,72.0,574.0,45.9,126428.7,56916.5,0.0,0.0
102,71.9,2.821,2820.6,73.25,16.4,9.4,0.0,0.0,2899.0,287.0,1000.0,2048.0,628.1,119.1,67.0,99.0,0.7,4.61,1.77,16.5,1.0,67.0,0.2,93.0,574.0,45.9,126428.7,56918.0,0.0,0.0
103,62.5,3.107,3107.3,72.125,16.4,9.4,0.0,0.0,2899.0,287.0,1000.0,2048.0,628.1,119.1,66.0,99.0,0.7,4.4,1.78,16.4,1.0,67.0,0.2,53.0,574.0,45.9,126428.7,56914.2,0.0,0.0
104,68.8,2.833,2833.0,72.0,16.4,9.4,0.0,0.0,2899.0,287.0,1000.0,2048.0,628.1,120.01,68.0,99.0,0.7,4.4,1.78,16.5,1.0,67.1,0.3,63.0,574.0,45.9,126428.7,56914.5,0.0,0.0
105,68.8,1.78,1780.0,72.875,16.4,9.4,0.0,0.0,2785.0,261.79,1000.0,2048.0,629.0,117.05,63.0,94.0,0.7,4.4,1.78,16.3,1.0,67.0,0.3,59.6,574.0,45.1,126428.7,55845.5,0.0,0.0
106,81.2,1.747,1746.7,74.375,19.8,9.4,0.0,0.0,2787.0,267.55,1000.0,2048.0,627.9,121.07,73.0,96.0,0.7,4.4,1.78,20.0,1.0,67.0,0.2,81.0,574.0,45.1,126428.7,55906.4,0.0,0.0
107,75.0,2.109,2109.0,76.625,17.3,9.4,0.0,0.0,2580.0,224.46,1000.0,2048.0,628.6,118.08,72.0,87.0,0.7,4.4,1.78,17.2,1.0,67.1,0.3,83.2,574.0,45.5,126428.7,56330.4,0.0,0.0
108,78.1,2.204,2203.7,74.125,19.4,9.4,0.0,0.0,2784.0,264.48,1000.0,2048.0,628.6,120.02,69.0,95.0,0.72,4.37,1.81,19.3,1.0,67.0,0.3,60.0,574.0,45.5,126428.7,56326.5,0.0,0.0
109,75.0,3.107,3106.6,72.75,17.6,9.4,0.0,0.1,2845.0,275.96,1000.0,2048.0,628.6,120.04,68.0,97.0,0.72,4.37,1.81,17.7,1.0,67.1,0.3,72.3,574.0,45.5,126428.7,56324.7,0.0,0.0
110,93.8,3.043,3042.8,71.5,17.9,9.4,0.0,0.0,2879.0,285.02,1000.0,2048.0,628.6,120.04,67.0,99.0,0.72,4.37,1.81,18.0,1.0,67.0,0.3,100.0,574.0,45.5,126428.7,56312.8,0.0,0.0
111,78.1,2.821,2821.1,72.625,18.3,9.4,0.0,0.0,2892.0,286.31,1000.0,2048.0,628.6,120.03,68.0,99.0,0.72,4.37,1.81,18.4,1.0,67.1,0.3,89.1,574.0,45.5,126428.7,56298.1,0.0,0.0
112,65.6,2.798,2797.6,74.0,18.1,9.4,0.0,0.0,2897.0,286.8,1000.0,2048.0,628.6,120.02,68.0,99.0,0.72,4.37,1.81,18.0,1.0,67.0,0.3,100.0,574.0,45.5,126428.7,56296.1,0.0,0.0
113,68.8,2.859,2858.7,74.0,18.4,9.4,0.0,0.0,2898.0,286.9,1000.0,2048.0,628.6,120.03,68.0,99.0,0.73,4.18,1.82,18.5,1.0,67.1,0.2,99.0,574.0,45.5,126428.7,56294.9,0.0,0.0
114,65.6,2.758,2757.8,74.625,18.3,9.4,0.0,0.0,2886.0,285.71,1000.0,2048.0,628.6,120.03,69.0,99.0,0.73,4.18,1.82,18.3,1.0,67.0,0.3,98.0,574.0,45.4,126428.7,56290.0,0.0,0.0
115,65.6,2.63,2630.4,73.625,18.5,9.4,0.0,0.0,2895.0,286.6,1000.0,2048.0,628.6,119.09,68.0,99.0,0.73,4.18,1.82,18.5,1.0,67.1,0.3,100.0,574.0,45.4,126428.7,56282.5,0.0,0.0
116,84.4,3.04,3039.9,74.625,18.5,9.4,0.0,0.0,2898.0,286.9,1000.0,2048.0,628.6,119.09,68.0,99.0,0.73,4.18,1.82,18.6,1.0,67.0,0.3,100.0,574.0,45.4,126428.7,56264.1,0.0,0.0
117,71.9,2.597,2597.2,76.25,17.2,9.4,0.0,0.0,2896.0,286.7,1000.0,2048.0,628.6,120.01,68.0,99.0,0.73,4.18,1.82,17.2,1.0,67.1,0.3,99.0,574.0,45.4,126428.7,56260.1,0.0,0.0
118,71.9,2.778,2777.6,74.375,17.1,9.4,0.0,0.0,2898.0,286.9,1000.0,2048.0,628.6,119.09,67.0,99.0,0.75,4.17,1.85,17.0,1.0,67.0,0.3,77.8,574.0,45.4,126428.7,56266.1,0.0,0.0
119,62.5,2.915,2915.4,74.75,17.1,9.4,0.0,0.0,2899.0,287.0,1000.0,2048.0,628.6,119.1,68.0,99.0,0.75,4.17,1.85,17.2,1.0,67.1,0.2,100.0,574.0,45.4,126428.7,56265.5,0.0,0.0
120,62.5,3.143,3142.8,73.75,17.1,9.4,0.0,0.0,2899.0,289.9,1000.0,2048.0,628.6,119.08,68.0,100.0,0.75,4.17,1.85,17.2,1.0,67.0,0.3,96.0,574.0,45.4,126428.7,56269.0,0.0,0.0
121,75.0,2.943,2942.6,73.5,17.4,9.4,0.0,0.1,2899.0,287.0,1000.0,2048.0,628.6,119.09,68.0,99.0,0.75,4.17,1.85,17.4,1.0,67.0,0.3,73.7,574.0,45.5,126428.7,56300.2,0.0,0.0
122,71.9,2.784,2783.6,73.75,17.2,9.4,0.0,0.1,2899.0,287.0,1000.0,2048.0,628.6,119.1,69.0,99.0,0.75,4.17,1.85,17.3,1.0,67.1,0.3,71.7,574.0,45.5,126428.7,56317.8,0.0,0.0
123,71.9,3.018,3018.4,73.625,17.3,9.4,0.0,0.0,2899.0,289.9,1000.0,2048.0,628.6,119.09,69.0,100.0,0.75,3.99,1.86,17.2,1.0,67.0,0.2,100.0,574.0,45.4,126428.7,56288.4,0.0,0.0
124,68.8,2.848,2847.5,73.75,17.1,9.4,0.0,0.1,2900.0,290.0,1000.0,2048.0,628.6,119.09,69.0,100.0,0.75,3.99,1.86,17.2,1.0,67.0,0.3,100.0,574.0,45.4,126428.7,56278.3,0.0,0.0
125,75.0,2.863,2862.7,73.25,17.3,9.4,0.0,0.0,2900.0,287.1,1000.0,2048.0,628.6,119.08,69.0,99.0,0.75,3.99,1.86,17.2,1.0,67.1,0.3,52.0,574.0,45.4,126428.7,56279.2,0.0,0.0
126,65.6,2.953,2953.1,74.125,17.2,9.4,0.0,0.0,2899.0,287.0,1000.0,2048.0,628.6,119.09,69.0,99.0,0.75,3.99,1.86,17.2,1.0,67.0,0.3,72.0,574.0,45.4,126428.7,56269.8,0.0,0.0
127,68.8,2.833,2833.1,75.0,17.0,9.4,0.0,0.0,2899.0,287.0,1000.0,2048.0,628.6,120.0,69.0,99.0,0.75,3.99,1.86,17.1,1.0,67.1,0.2,99.0,574.0,45.4,126428.7,56271.1,0.0,0.0
128,68.8,2.923,2922.9,75.125,17.4,9.4,0.0,0.0,2899.0,287.0,1000.0,2048.0,628.6,120.01,69.0,99.0,0.76,3.83,1.86,17.3,1.0,67.0,0.3,99.0,574.0,45.4,126428.7,56269.4,0.0,0.0
129,68.8,2.634,2634.1,75.0,17.5,9.4,0.0,0.0,2899.0,287.0,1000.0,2048.0,628.6,120.01,70.0,99.0,0.76,3.83,1.86,17.7,1.0,67.0,0.3,100.0,574.0,45.4,126428.7,56286.0,0.0,0.0
130,65.6,2.84,2840.0,75.125,17.5,9.4,0.0,0.0,2899.0,289.9,1000.0,2048.0,628.6,119.08,69.0,100.0,0.76,3.83,1.86,17.2,1.0,67.1,0.3,100.0,574.0,45.4,126428.7,56286.8,0.0,0.0
131,71.9,2.801,2801.0,74.25,17.9,9.4,0.0,0.0,2899.0,287.0,1000.0,2048.0,628.6,119.08,69.0,99.0,0.76,3.83,1.86,18.0,1.0,67.0,0.2,82.0,574.0,45.4,126428.7,56271.2,0.0,0.0
132,75.0,3.012,3011.7,73.75,17.9,9.4,0.0,0.0,2899.0,287.0,1000.0,2048.0,628.6,119.07,69.0,99.0,0.76,3.83,1.86,17.9,1.0,67.0,0.3,58.6,574.0,45.4,126428.7,56269.2,0.0,0.0
133,75.0,3.273,3273.1,73.0,17.2,9.4,0.0,0.0,2899.0,287.0,1000.0,2048.0,628.6,120.01,69.0,99.0,0.77,3.69,1.86,17.1,1.0,67.1,0.3,76.0,574.0,45.4,126428.7,56271.4,0.0,0.0
134,75.0,2.907,2906.7,72.5,17.4,9.4,0.0,0.0,2899.0,289.9,1000.0,2048.0,628.6,120.01,69.0,100.0,0.77,3.69,1.86,17.5,1.0,67.0,0.2,100.0,574.0,45.4,126428.7,56285.8,0.0,0.0
135,65.6,3.455,3454.8,76.125,14.2,9.4,0.0,0.0,2051.0,129.21,1000.0,2048.0,628.6,92.07,53.0,63.0,0.77,3.69,1.86,14.3,1.0,67.0,0.3,71.7,574.0,46.1,126428.7,57152.2,0.0,0.0
136,56.2,3.656,3656.1,82.875,15.2,9.4,0.0,0.0,2390.0,198.37,1000.0,2048.0,630.0,118.04,71.0,83.0,0.77,3.69,1.86,15.2,1.0,67.0,0.2,55.4,574.0,46.5,126428.7,57622.9,0.0,0.0
137,65.6,3.028,3028.5,84.125,15.7,9.4,0.0,0.0,2678.0,249.05,1000.0,2048.0,630.0,125.08,70.0,93.0,0.77,3.69,1.86,15.5,1.0,67.0,0.3,67.7,574.0,46.5,126428.7,57617.1,0.0,0.0
138,56.2,2.794,2793.6,79.5,16.5,9.4,0.0,0.1,2818.0,273.35,1000.0,2048.0,630.0,123.03,70.0,97.0,0.77,3.55,1.86,16.6,1.0,67.0,0.2,100.0,574.0,46.5,126428.7,57622.0,0.0,0.0
139,68.8,2.787,2787.3,76.25,16.7,9.4,0.0,0.0,2870.0,284.13,1000.0,2048.0,630.0,121.02,70.0,99.0,0.77,3.55,1.86,16.5,1.0,67.0,0.2,100.0,574.0,46.5,126428.7,57624.3,0.0,0.0
140,75.0,2.843,2843.3,74.25,16.2,9.4,0.0,0.0,2889.0,286.01,1000.0,2048.0,630.0,120.05,71.0,99.0,0.77,3.55,1.86,16.3,1.0,67.0,0.3,100.0,574.0,46.5,126428.7,57621.0,0.0,0.0
141,68.8,2.925,2924.9,73.0,16.6,9.4,0.0,0.0,2896.0,286.7,1000.0,2048.0,630.0,120.01,71.0,99.0,0.77,3.55,1.86,16.6,1.0,67.0,0.2,100.0,574.0,46.5,126428.7,57618.3,0.0,0.0
142,65.6,2.792,2791.9,72.25,16.3,9.4,0.0,0.0,2898.0,289.8,1000.0,2048.0,630.0,119.1,70.0,100.0,0.77,3.55,1.86,16.3,1.0,67.0,0.2,100.0,574.0,46.5,126428.7,57613.1,0.0,0.0
143,65.6,2.866,2866.3,71.875,16.4,9.4,0.0,0.0,2899.0,287.0,1000.0,2048.0,630.0,119.1,70.0,99.0,0.81,3.83,1.95,16.3,1.0,67.0,0.3,100.0,574.0,46.5,126428.7,57612.9,0.0,0.0
144,90.6,2.886,2886.3,71.5,16.4,9.4,0.0,0.0,2899.0,287.0,1000.0,2048.0,630.0,119.1,70.0,99.0,0.81,3.83,1.95,16.3,1.0,67.0,0.2,61.0,574.0,46.5,126428.7,57611.1,0.0,0.0
145,81.2,4.213,4213.0,75.625,16.0,9.4,0.0,0.0,2691.0,244.88,1000.0,2048.0,630.9,117.07,70.0,91.0,0.81,3.83,1.95,16.1,1.0,67.1,0.3,73.7,575.0,45.7,126428.7,56574.2,0.0,0.0
146,93.8,1.77,1770.3,76.75,21.4,9.4,0.0,0.0,2777.0,269.37,1000.0,2048.0,630.9,120.08,76.0,97.0,0.81,3.83,1.95,21.4,1.0,67.1,0.3,81.0,575.0,45.7,126428.7,56615.1,0.0,0.0
147,75.0,1.954,1953.5,78.875,17.4,9.4,0.0,0.0,2579.0,226.95,1000.0,2048.0,630.9,120.03,76.0,88.0,0.81,3.83,1.95,17.3,1.0,67.1,0.4,61.0,575.0,46.1,126428.7,57146.6,0.0,0.0
148,93.8,1.711,1711.2,77.25,21.6,9.4,0.0,0.0,2675.0,254.12,1000.0,2048.0,630.9,120.09,74.0,95.0,0.85,4.24,2.07,21.6,1.0,67.1,0.3,59.6,575.0,46.1,126428.7,57072.8,0.0,0.0
149,87.5,1.708,1707.8,76.25,20.8,9.4,0.0,0.0,2719.0,263.74,1000.0,2048.0,630.9,120.02,74.0,97.0,0.85,4.24,2.07,21.0,1.0,67.0,0.3,86.0,575.0,46.1,126428.7,57061.3,0.0,0.0
150,84.4,1.734,1734.1,75.625,22.3,9.4,0.0,0.1,2736.0,268.13,1000.0,2048.0,630.9,120.01,75.0,98.0,0.85,4.24,2.07,22.2,1.0,65.3,0.3,100.0,575.0,46.1,126428.7,57056.6,0.0,0.0
151,90.6,1.718,1717.5,75.25,22.7,9.4,0.0,0.0,2729.0,267.44,1000.0,2048.0,630.9,119.09,75.0,98.0,0.85,4.24,2.07,22.7,1.0,67.8,0.4,75.0,575.0,46.1,126428.7,57064.4,0.0,0.0
152,96.9,1.712,1712.1,75.0,22.4,9.4,0.0,0.1,2742.0,268.72,1000.0,2048.0,630.9,119.1,74.0,98.0,0.85,4.24,2.07,22.4,1.0,65.9,0.2,86.1,575.0,46.0,126428.7,57034.0,0.0,0.0
153,84.4,1.787,1786.9,75.0,22.1,9.4,0.0,0.0,2724.0,266.95,1000.0,2048.0,630.9,119.1,75.0,98.0,0.89,4.46,2.15,22.0,1.0,64.3,0.4,74.0,575.0,46.0,126428.7,57025.8,0.0,0.0
154,87.5,1.741,1741.1,75.0,22.1,9.4,0.0,0.0,2715.0,268.79,1000.0,2048.0,630.9,119.09,74.0,99.0,0.89,4.46,2.15,22.2,1.0,66.4,0.3,77.0,575.0,46.0,126428.7,57021.5,0.0,0.0
155,96.9,1.736,1736.0,75.0,22.4,9.4,0.0,0.2,2713.0,265.87,1000.0,2048.0,630.9,119.08,73.0,98.0,0.89,4.46,2.15,22.4,1.0,67.7,0.4,84.0,575.0,46.0,126428.7,57020.3,0.0,0.0
156,90.6,1.726,1726.3,75.0,21.2,9.4,0.0,0.0,2721.0,266.66,1000.0,2048.0,630.9,119.09,75.0,98.0,0.89,4.46,2.15,21.2,1.0,66.9,0.2,91.0,575.0,46.0,126428.7,57007.4,0.0,0.0
157,93.8,1.74,1739.7,75.0,22.2,9.4,0.0,0.0,2739.0,268.42,1000.0,2048.0,630.9,120.0,76.0,98.0,0.89,4.46,2.15,22.2,1.0,66.9,0.4,62.6,575.0,46.0,126428.7,56998.6,0.0,0.0
158,84.4,1.734,1733.8,75.25,22.9,9.4,0.0,0.0,2719.0,266.46,1000.0,2048.0,630.9,119.1,75.0,98.0,0.91,4.51,2.2,23.0,1.0,67.5,0.4,61.0,575.0,46.0,126428.7,57002.1,0.0,0.0
159,75.0,1.742,1741.9,75.5,22.0,9.4,0.0,0.0,2722.0,266.76,1000.0,2048.0,630.9,119.1,76.0,98.0,0.91,4.51,2.2,22.0,1.0,67.1,0.3,74.7,575.0,46.0,126428.7,57000.2,0.0,0.0
160,87.5,1.798,1798.4,75.375,21.6,9.4,0.0,0.1,2730.0,267.54,1000.0,2048.0,630.9,119.09,75.0,98.0,0.91,4.51,2.2,21.7,1.0,67.4,0.3,63.0,575.0,46.0,126428.7,56998.6,0.0,0.0
161,84.4,1.745,1745.4,75.375,21.6,9.4,0.0,0.0,2753.0,272.55,1000.0,2048.0,630.9,119.09,75.0,99.0,0.91,4.51,2.2,21.5,1.0,66.7,0.3,100.0,575.0,46.0,126428.7,57000.9,0.0,0.0
162,84.4,1.725,1724.7,75.5,22.0,9.4,0.0,0.0,2765.0,273.74,1000.0,2048.0,630.9,120.01,75.0,99.0,0.91,4.51,2.2,22.0,1.0,66.7,0.3,100.0,575.0,46.0,126428.7,56997.7,0.0,0.0
163,87.5,1.74,1739.8,75.5,21.3,9.4,0.0,0.0,2732.0,270.47,1000.0,2048.0,630.9,119.1,75.0,99.0,0.94,4.63,2.26,21.2,1.0,68.1,0.4,100.0,575.0,46.0,126428.7,56997.6,0.0,0.0
164,81.2,1.775,1775.0,75.375,20.8,9.4,0.0,0.0,2747.0,271.95,1000.0,2048.0,630.9,119.08,75.0,99.0,0.94,4.63,2.26,20.8,1.0,66.7,0.3,100.0,575.0,46.0,126428.7,57003.6,0.0,0.0
165,71.9,1.751,1751.2,75.375,21.1,9.4,0.0,0.0,2777.0,274.92,1000.0,2048.0,630.9,120.0,75.0,99.0,0.94,4.63,2.26,21.1,1.0,67.1,0.4,100.0,575.0,46.0,126428.7,57001.5,0.0,0.0
166,81.2,2.432,2432.4,75.625,19.3,9.4,0.0,0.0,2734.0,262.46,1000.0,2048.0,631.7,117.03,77.0,96.0,0.94,4.63,2.26,19.5,1.0,66.7,0.3,80.0,578.0,45.3,126428.7,56142.8,0.0,0.0
167,68.8,1.773,1772.6,78.375,18.6,9.4,0.0,0.0,2734.0,259.73,1000.0,2048.0,631.7,122.02,80.0,95.0,0.94,4.63,2.26,18.5,1.0,66.4,0.4,67.0,578.0,45.3,126428.7,56155.5,0.0,0.0
168,68.8,3.468,3467.7,79.25,17.8,9.4,0.0,0.0,2531.0,215.14,1000.0,2048.0,631.7,114.03,68.0,85.0,0.96,4.74,2.32,17.8,1.0,67.0,0.3,89.9,578.0,45.7,126428.7,56666.4,0.0,0.0
169,62.5,1.748,1748.0,78.625,18.9,9.4,0.0,0.0,2689.0,250.08,1000.0,2048.0,631.7,121.07,75.0,93.0,0.96,4.74,2.32,18.6,1.0,67.1,0.3,100.0,578.0,45.7,126428.7,56662.1,0.0,0.0
170,81.2,1.77,1770.4,77.25,20.2,9.4,0.0,0.0,2723.0,264.13,1000.0,2048.0,631.7,120.03,76.0,97.0,0.96,4.74,2.32,20.4,1.0,67.1,0.3,100.0,578.0,45.7,126428.7,56654.3,0.0,0.0
171,75.0,1.725,1725.4,76.625,20.7,9.4,0.0,0.0,2745.0,269.01,1000.0,2048.0,631.7,120.01,75.0,98.0,0.96,4.74,2.32,20.6,1.0,67.1,0.4,89.0,578.0,45.7,126428.7,56653.3,0.0,0.0
172,71.9,1.747,1746.8,75.875,20.9,9.4,0.0,0.0,2732.0,262.27,1000.0,2048.0,631.7,116.1,64.0,96.0,0.96,4.74,2.32,20.9,1.0,67.2,0.3,100.0,578.0,45.7,126428.7,56653.6,0.0,0.0
173,59.4,3.75,3749.7,82.25,13.1,9.4,0.0,0.0,2278.0,164.02,1000.0,2048.0,634.4,87.03,58.0,72.0,0.98,4.68,2.35,13.0,1.0,67.1,0.4,100.0,578.0,47.9,126428.7,59339.5,0.0,0.0
174,65.6,3.69,3689.5,85.75,14.1,9.4,0.0,0.0,2349.0,197.32,1000.0,2048.0,634.4,115.03,74.0,84.0,0.98,4.68,2.35,14.1,1.0,67.0,0.3,59.6,578.0,47.5,126428.7,58822.4,0.0,0.0
175,75.0,3.35,3350.2,87.25,16.1,9.4,0.0,0.1,2344.0,206.27,1000.0,2048.0,634.4,124.07,71.0,88.0,0.98,4.68,2.35,16.1,1.0,67.2,0.3,100.0,578.0,47.5,126428.7,58846.5,0.0,0.0
176,68.8,2.396,2395.5,84.75,16.2,9.4,0.0,0.0,2528.0,230.05,1000.0,2048.0,634.4,127.02,75.0,91.0,0.98,4.68,2.35,16.3,1.0,67.1,0.4,100.0,578.0,47.9,126428.7,59348.0,0.0,0.0
177,81.2,1.894,1893.7,81.0,19.2,9.4,0.0,0.0,2761.0,265.06,1000.0,2048.0,634.4,124.03,75.0,96.0,0.98,4.68,2.35,19.1,1.0,67.0,0.3,100.0,578.0,47.9,126428.7,59363.3,0.0,0.0
178,84.4,1.723,1723.3,78.75,20.2,9.4,0.0,0.0,2784.0,272.83,1000.0,2048.0,634.4,122.01,74.0,98.0,1.0,4.62,2.38,20.0,1.0,67.1,0.3,100.0,578.0,47.9,126428.7,59343.3,0.0,0.0
179,78.1,1.753,1752.9,77.375,19.8,9.4,0.0,0.0,2758.0,270.28,1000.0,2048.0,634.4,120.05,76.0,98.0,1.0,4.62,2.38,20.0,1.0,67.1,0.3,98.0,578.0,47.9,126428.7,59370.2,0.0,0.0
180,90.6,1.782,1781.7,76.625,19.8,9.4,0.0,0.0,2766.0,271.07,1000.0,2048.0,634.4,120.01,75.0,98.0,1.0,4.62,2.38,19.7,1.0,67.1,0.3,100.0,578.0,47.9,126428.7,59354.3,0.0,0.0
181,90.6,1.726,1725.8,76.0,20.6,9.4,0.0,0.0,2754.0,272.65,1000.0,2048.0,634.4,120.0,75.0,99.0,1.0,4.62,2.38,20.7,1.0,67.1,0.4,100.0,578.0,47.9,126428.7,59400.1,0.0,0.0
182,87.5,1.759,1759.1,75.75,20.7,9.4,0.0,0.2,2735.0,270.76,1000.0,2048.0,634.4,119.09,76.0,99.0,1.0,4.62,2.38,20.6,1.0,67.0,0.3,100.0,578.0,47.9,126428.7,59377.9,0.0,0.0
183,84.4,1.782,1781.7,75.625,20.1,9.4,0.0,0.0,2794.0,276.61,1000.0,2048.0,634.4,119.08,76.0,99.0,1.04,4.97,2.49,20.0,1.0,67.1,0.3,100.0,578.0,47.9,126428.7,59381.0,0.0,0.0
184,81.2,1.749,1749.1,75.75,20.5,9.4,0.0,0.1,2762.0,270.68,1000.0,2048.0,634.4,120.0,75.0,98.0,1.04,4.97,2.49,20.6,1.0,67.1,0.3,100.0,578.0,47.9,126428.7,59361.0,0.0,0.0
185,78.1,1.729,1728.9,75.75,20.6,9.4,0.0,0.0,2754.0,269.89,1000.0,2048.0,634.4,119.09,75.0,98.0,1.04,4.97,2.49,20.6,1.0,67.1,0.4,97.0,578.0,47.9,126428.7,59337.7,0.0,0.0
186,75.0,1.739,1739.0,75.625,20.5,9.4,0.0,0.0,2783.0,275.52,1000.0,2048.0,634.4,119.09,75.0,99.0,1.04,4.97,2.49,20.5,1.0,67.1,0.3,100.0,578.0,47.9,126428.7,59338.5,0.0,0.0
187,81.2,1.798,1798.1,75.625,20.1,9.4,0.0,0.0,2799.0,277.1,1000.0,2048.0,634.4,119.08,75.0,99.0,1.04,4.97,2.49,20.1,1.0,67.1,0.3,99.0,578.0,47.9,126428.7,59339.8,0.0,0.0
188,75.0,1.738,1737.6,75.625,20.3,9.4,0.0,0.0,2828.0,279.97,1000.0,2048.0,634.4,119.09,75.0,99.0,1.08,5.22,2.58,20.1,1.0,67.1,0.3,100.0,578.0,47.9,126428.7,59338.9,0.0,0.0
189,84.4,1.745,1744.7,75.625,20.0,9.4,0.0,0.0,2807.0,277.89,1000.0,2048.0,634.4,120.01,75.0,99.0,1.08,5.22,2.58,20.2,1.0,67.1,0.4,98.0,578.0,47.9,126428.7,59337.6,0.0,0.0
190,81.2,1.744,1744.5,75.625,20.5,9.4,0.0,0.0,2772.0,274.43,1000.0,2048.0,634.4,119.1,75.0,99.0,1.08,5.22,2.58,20.3,1.0,67.0,0.3,91.9,578.0,47.9,126428.7,59333.5,0.0,0.0
191,87.5,1.789,1789.2,75.625,20.5,9.4,0.0,0.1,2767.0,273.93,1000.0,2048.0,634.4,120.0,75.0,99.0,1.08,5.22,2.58,20.7,1.0,67.1,0.3,100.0,578.0,47.9,126428.7,59331.2,0.0,0.0
192,81.2,1.735,1735.0,75.625,20.8,9.4,0.0,0.1,2823.0,279.48,1000.0,2048.0,634.4,120.0,76.0,99.0,1.08,5.22,2.58,20.8,1.0,67.1,0.3,100.0,578.0,47.8,126428.7,59321.8,0.0,0.0
193,81.2,1.777,1776.6,75.5,20.1,9.4,0.0,0.0,2809.0,278.09,1000.0,2048.0,634.4,119.09,75.0,99.0,1.12,5.44,2.67,20.1,1.0,67.0,0.3,100.0,578.0,47.8,126428.7,59317.8,0.0,0.0
194,84.4,1.736,1736.4,75.5,20.4,9.4,0.0,0.0,2789.0,276.11,1000.0,2048.0,634.4,119.09,75.0,99.0,1.12,5.44,2.67,20.3,1.0,67.1,0.3,100.0,578.0,47.8,126428.7,59324.9,0.0,0.0
195,87.5,1.793,1793.1,75.625,20.2,9.4,0.0,0.0,2799.0,277.1,1000.0,2048.0,634.4,120.02,75.0,99.0,1.12,5.44,2.67,20.1,1.0,67.1,0.3,94.1,578.0,47.8,126428.7,59310.4,0.0,0.0
196,87.5,1.775,1775.4,75.5,19.8,9.4,0.0,0.0,2780.0,272.44,1000.0,2048.0,634.4,118.09,74.0,98.0,1.12,5.44,2.67,19.9,1.0,67.1,0.3,100.0,578.0,47.8,126428.7,59307.7,0.0,0.0
197,62.5,2.554,2553.9,74.625,18.2,9.4,0.0,0.0,2844.0,278.71,1000.0,2048.0,634.4,119.06,72.0,98.0,1.12,5.44,2.67,18.0,1.0,67.1,0.4,100.0,578.0,47.8,126428.7,59310.7,0.0,0.0
198,62.5,3.255,3254.6,76.625,17.5,9.4,0.0,0.0,2879.0,285.02,1000.0,2048.0,634.4,120.05,71.0,99.0,1.15,5.64,2.76,17.6,1.0,67.0,0.3,100.0,578.0,47.8,126428.7,59308.2,0.0,0.0
199,56.2,3.607,3607.2,79.25,16.6,9.4,0.0,0.0,2447.0,195.76,1000.0,2048.0,634.4,107.08,56.0,80.0,1.15,5.64,2.76,16.4,1.0,67.2,0.3,88.9,578.0,48.6,126428.7,60333.4,0.0,0.0
200,53.1,3.492,3492.1,84.875,13.0,9.4,0.0,0.0,2303.0,161.21,1000.0,2048.0,635.8,83.08,58.0,70.0,1.15,5.64,2.76,13.0,1.0,67.0,0.3,86.0,580.0,48.0,126428.7,59478.8,0.0,0.0
201,43.8,3.379,3378.7,87.75,14.6,9.4,0.0,0.0,2377.0,202.04,1000.0,2048.0,635.8,115.04,73.0,85.0,1.15,5.64,2.76,14.6,1.0,67.1,0.4,100.0,580.0,47.6,126428.7,58967.4,0.0,0.0
202,53.1,3.329,3329.3,92.625,16.1,9.4,0.0,0.0,2402.0,211.38,1000.0,2048.0,635.8,124.06,71.0,88.0,1.15,5.64,2.76,16.0,1.0,67.1,0.3,100.0,580.0,47.9,126428.7,59434.0,0.0,0.0
203,62.5,3.018,3017.9,89.5,16.8,9.4,0.0,0.0,2657.0,252.42,1000.0,2048.0,635.8,128.1,72.0,95.0,1.16,5.35,2.75,16.8,1.0,67.1,0.3,100.0,580.0,47.9,126428.7,59433.3,0.0,0.0
204,71.9,2.635,2635.0,83.125,17.4,9.4,0.0,0.0,2810.0,275.38,1000.0,2048.0,635.8,124.07,71.0,98.0,1.16,5.35,2.75,17.6,1.0,67.0,0.3,100.0,580.0,47.9,126428.7,59434.5,0.0,0.0
205,62.5,2.818,2817.9,78.75,17.6,9.4,0.0,0.0,2868.0,283.93,1000.0,2048.0,635.8,121.1,71.0,99.0,1.16,5.35,2.75,17.6,1.0,67.1,0.3,100.0,580.0,47.9,126428.7,59433.5,0.0,0.0
206,68.8,2.788,2788.2,76.125,17.6,9.4,0.0,0.0,2887.0,285.81,1000.0,2048.0,635.8,120.07,71.0,99.0,1.16,5.35,2.75,17.5,1.0,67.1,0.3,100.0,580.0,47.9,126428.7,59434.0,0.0,0.0
207,78.1,2.57,2570.4,74.5,17.8,9.4,0.0,0.1,2895.0,286.6,1000.0,2048.0,635.8,120.05,71.0,99.0,1.16,5.35,2.75,17.8,1.0,67.0,0.3,100.0,580.0,47.9,126428.7,59435.0,0.0,0.0
208,78.1,2.521,2520.7,73.5,17.8,9.4,0.0,0.0,2898.0,286.9,1000.0,2048.0,635.8,120.0,71.0,99.0,1.16,5.08,2.73,17.8,1.0,67.1,0.3,100.0,580.0,47.9,126428.7,59436.7,0.0,0.0
209,78.1,2.668,2668.2,72.875,17.9,9.4,0.0,0.0,2899.0,287.0,1000.0,2048.0,635.8,120.0,71.0,99.0,1.16,5.08,2.73,17.9,1.0,67.1,0.3,76.0,580.0,47.9,126428.7,59440.3,0.0,0.0
210,71.9,2.511,2510.9,72.75,17.8,9.4,0.0,0.0,2899.0,287.0,1000.0,2048.0,635.8,120.02,71.0,99.0,1.16,5.08,2.73,17.8,1.0,67.0,0.3,100.0,580.0,47.9,126428.7,59432.7,0.0,0.0
211,71.9,2.542,2542.0,72.75,18.2,9.4,0.0,0.0,2896.0,286.7,1000.0,2048.0,635.8,119.1,72.0,99.0,1.16,5.08,2.73,18.3,1.0,67.1,0.3,100.0,580.0,48.0,126428.7,59453.1,0.0,0.0
212,68.8,2.591,2591.1,72.625,17.7,9.4,0.0,0.3,2898.0,286.9,1000.0,2048.0,635.8,119.09,72.0,99.0,1.16,5.08,2.73,17.6,1.0,67.1,0.3,100.0,580.0,47.9,126428.7,59448.8,0.0,0.0
213,56.2,2.891,2891.4,78.875,14.6,9.4,0.0,0.0,2450.0,203.35,1000.0,2048.0,636.6,112.0,72.0,83.0,1.16,4.76,2.71,14.7,1.0,67.1,0.3,86.0,582.0,47.7,126428.7,59094.8,0.0,0.0
214,65.6,1.829,1828.7,83.0,16.7,9.4,0.0,0.0,2596.0,233.64,1000.0,2048.0,636.6,123.06,80.0,90.0,1.16,4.76,2.71,16.5,1.0,67.0,0.3,100.0,582.0,47.7,126428.7,59086.8,0.0,0.0
215,84.4,2.389,2388.9,81.875,18.3,9.4,0.0,0.0,2666.0,242.61,1000.0,2048.0,636.6,122.06,74.0,91.0,1.16,4.76,2.71,18.4,1.0,67.1,0.4,100.0,582.0,48.0,126428.7,59505.7,0.0,0.0
216,84.4,2.514,2513.6,78.625,19.1,9.4,0.0,0.0,2812.0,269.95,1000.0,2048.0,636.6,120.09,72.0,96.0,1.16,4.76,2.71,19.1,1.0,67.1,0.3,100.0,582.0,48.0,126428.7,59522.0,0.0,0.0
217,81.2,2.498,2497.9,76.25,18.1,9.4,0.0,0.0,2868.0,281.06,1000.0,2048.0,636.6,120.07,72.0,98.0,1.16,4.76,2.71,18.1,1.0,67.0,0.3,100.0,582.0,48.0,126428.7,59534.2,0.0,0.0
218,84.4,2.59,2589.8,74.625,18.2,9.4,0.0,0.0,2888.0,285.91,1000.0,2048.0,636.6,120.03,71.0,99.0,1.17,4.54,2.69,18.2,1.0,67.1,0.3,100.0,582.0,48.0,126428.7,59538.5,0.0,0.0
219,81.2,2.378,2377.8,73.625,18.3,9.4,0.0,0.0,2895.0,286.6,1000.0,2048.0,636.6,120.0,72.0,99.0,1.17,4.54,2.69,18.4,1.0,67.0,0.2,98.0,582.0,48.0,126428.7,59526.6,0.0,0.0
220,71.9,2.443,2442.6,73.0,17.9,9.4,0.0,0.0,2898.0,286.9,1000.0,2048.0,636.6,120.0,71.0,99.0,1.17,4.54,2.69,17.6,1.0,67.1,0.3,100.0,582.0,48.0,126428.7,59518.8,0.0,0.0
221,84.4,2.706,2705.8,72.625,18.0,9.4,0.0,0.0,2899.0,287.0,1000.0,2048.0,636.6,119.09,71.0,99.0,1.17,4.54,2.69,18.0,1.0,67.1,0.3,67.7,582.0,48.0,126428.7,59517.5,0.0,0.0
222,81.2,2.629,2629.3,72.625,17.6,9.4,0.0,0.1,2900.0,287.1,1000.0,2048.0,636.6,120.0,72.0,99.0,1.17,4.54,2.69,17.7,1.0,67.0,0.3,69.3,582.0,48.0,126428.7,59526.4,0.0,0.0
223,78.1,2.703,2703.2,72.875,17.7,9.4,0.0,0.1,2899.0,287.0,1000.0,2048.0,636.6,120.0,72.0,99.0,1.17,4.33,2.68,17.7,1.0,67.1,0.3,64.3,582.0,48.0,126428.7,59524.6,0.0,0.0
224,84.4,2.674,2673.8,72.625,18.1,9.4,0.0,0.0,2899.0,287.0,1000.0,2048.0,636.6,119.09,72.0,99.0,1.17,4.33,2.68,18.1,1.0,67.0,0.3,94.0,582.0,48.0,126428.7,59531.5,0.0,0.0
225,87.5,2.457,2457.3,72.5,18.6,9.4,0.0,0.0,2900.0,287.1,1000.0,2048.0,636.6,119.06,72.0,99.0,1.17,4.33,2.68,18.6,1.0,67.0,0.3,100.0,582.0,48.0,126428.7,59510.8,0.0,0.0
226,81.2,2.56,2559.5,72.625,17.8,9.4,0.0,0.0,2898.0,286.9,1000.0,2048.0,636.6,120.01,72.0,99.0,1.17,4.33,2.68,17.9,1.0,67.1,0.3,87.9,582.0,48.0,126428.7,59520.9,0.0,0.0
227,81.2,2.526,2526.2,72.5,18.2,9.4,0.0,0.0,2899.0,287.0,1000.0,2048.0,636.6,119.08,71.0,99.0,1.17,4.33,2.68,18.2,1.0,67.0,0.3,94.0,582.0,48.0,126428.7,59524.6,0.0,0.0
228,78.1,2.555,2555.0,72.5,17.7,9.4,0.0,0.0,2897.0,286.8,1000.0,2048.0,636.6,119.06,72.0,99.0,1.18,4.15,2.67,17.7,1.0,67.1,0.3,89.0,582.0,48.0,126428.7,59523.2,0.0,0.0
229,65.6,2.709,2708.7,73.0,17.6,9.4,0.0,0.0,2893.0,286.41,1000.0,2048.0,636.6,119.08,72.0,99.0,1.18,4.15,2.67,17.5,1.0,67.1,0.3,71.4,582.0,48.0,126428.7,59524.5,0.0,0.0
230,81.2,2.78,2779.8,73.25,17.9,9.4,0.0,0.0,2897.0,286.8,1000.0,2048.0,636.6,120.01,71.0,99.0,1.18,4.15,2.67,18.0,1.0,67.0,0.3,100.0,582.0,48.0,126428.7,59510.8,0.0,0.0
231,75.0,2.585,2584.8,73.0,18.2,9.4,0.0,0.0,2899.0,287.0,1000.0,2048.0,636.6,120.01,71.0,99.0,1.18,4.15,2.67,18.2,1.0,67.1,0.3,80.0,582.0,48.0,126428.7,59504.1,0.0,0.0
232,75.0,2.677,2677.1,72.875,18.2,9.4,0.0,0.0,2899.0,287.0,1000.0,2048.0,636.6,119.09,71.0,99.0,1.18,4.15,2.67,18.3,1.0,67.0,0.2,100.0,582.0,48.0,126428.7,59511.2,0.0,0.0
233,84.4,2.751,2750.6,72.75,18.4,9.4,0.0,0.0,2900.0,287.1,1000.0,2048.0,636.6,119.08,72.0,99.0,1.18,3.97,2.66,18.4,1.0,67.0,0.3,61.6,582.0,48.0,126428.7,59528.8,0.0,0.0
234,78.1,2.674,2674.0,72.75,18.2,9.4,0.0,0.0,2899.0,287.0,1000.0,2048.0,636.6,119.08,71.0,99.0,1.18,3.97,2.66,18.2,1.0,67.1,0.3,100.0,582.0,48.0,126428.7,59532.6,0.0,0.0
235,78.1,2.79,2790.1,72.875,18.3,9.4,0.0,0.0,2900.0,287.1,1000.0,2048.0,636.6,119.08,72.0,99.0,1.18,3.97,2.66,18.4,1.0,67.1,0.3,100.0,582.0,48.0,126428.7,59496.0,0.0,0.0
236,75.0,2.698,2697.9,73.25,18.5,9.4,0.0,0.0,2899.0,287.0,1000.0,2048.0,636.6,120.01,71.0,99.0,1.18,3.97,2.66,18.5,1.0,67.0,0.3,100.0,582.0,48.0,126428.7,59513.5,0.0,0.0
237,81.2,2.688,2688.0,73.625,18.1,9.4,0.0,0.1,2900.0,287.1,1000.0,2048.0,636.6,119.09,72.0,99.0,1.18,3.97,2.66,18.3,1.0,67.0,0.3,100.0,582.0,48.0,126428.7,59485.3,0.0,0.0
238,78.1,2.597,2597.4,73.75,18.0,9.4,0.0,0.0,2900.0,290.0,1000.0,2048.0,636.6,119.06,71.0,100.0,1.19,3.9,2.67,17.9,1.0,67.1,0.3,100.0,582.0,48.0,126428.7,59499.1,0.0,0.0
239,75.0,3.309,3309.3,78.0,16.9,9.4,0.0,0.0,2371.0,177.82,1000.0,2048.0,637.4,101.07,59.0,75.0,1.19,3.9,2.67,16.9,1.0,67.1,0.3,97.0,582.0,48.7,126428.7,60443.0,0.0,0.0
240,65.6,2.627,2627.2,84.5,15.2,9.4,0.0,0.0,2451.0,210.79,1000.0,2048.0,637.4,120.06,78.0,86.0,1.19,3.9,2.67,15.3,1.0,67.0,0.3,87.9,582.0,47.6,126428.7,59028.4,0.0,0.0
241,87.5,3.308,3307.8,84.5,19.5,9.4,0.0,0.0,2575.0,226.6,1000.0,2048.0,637.4,121.08,75.0,88.0,1.19,3.9,2.67,19.5,1.0,67.1,0.2,90.0,582.0,48.1,126428.7,59583.0,0.0,0.0
242,87.5,2.203,2203.0,80.875,20.1,9.4,0.0,0.3,2764.0,262.58,1000.0,2048.0,637.4,121.05,74.0,95.0,1.19,3.9,2.67,20.0,1.0,67.0,0.3,98.0,582.0,48.1,126428.7,59580.4,0.0,0.0
243,87.5,2.556,2556.3,77.875,18.8,9.4,0.0,0.0,2850.0,279.3,1000.0,2048.0,637.4,120.06,72.0,98.0,1.2,3.74,2.65,18.9,1.0,67.0,0.3,100.0,582.0,48.1,126428.7,59581.9,0.0,0.0
244,81.2,2.381,2380.8,76.125,18.4,9.4,0.0,0.0,2881.0,285.22,1000.0,2048.0,637.4,120.02,74.0,99.0,1.2,3.74,2.65,18.4,1.0,67.1,0.3,100.0,582.0,48.0,126428.7,59562.2,0.0,0.0
245,78.1,2.708,2707.8,75.0,18.1,9.4,0.0,0.0,2893.0,286.41,1000.0,2048.0,637.4,120.01,73.0,99.0,1.2,3.74,2.65,18.0,1.0,67.0,0.3,100.0,582.0,48.0,126428.7,59545.2,0.0,0.0
246,81.2,2.798,2797.8,74.25,18.8,9.4,0.0,0.0,2897.0,286.8,1000.0,2048.0,637.4,120.01,73.0,99.0,1.2,3.74,2.65,18.7,1.0,67.1,0.2,100.0,582.0,48.0,126428.7,59537.6,0.0,0.0
247,87.5,2.665,2664.8,73.875,19.0,9.4,0.0,0.0,2899.0,289.9,1000.0,2048.0,637.4,119.1,72.0,100.0,1.2,3.74,2.65,19.0,1.0,67.0,0.3,100.0,582.0,48.0,126428.7,59526.0,0.0,0.0
248,90.6,2.764,2764.4,73.625,19.0,9.4,0.0,0.0,2900.0,287.1,1000.0,2048.0,637.4,119.09,73.0,99.0,1.2,3.6,2.64,19.1,1.0,67.0,0.3,100.0,582.0,48.0,126428.7,59525.5,0.0,0.0
249,93.8,2.706,2705.5,73.375,18.7,9.4,0.0,0.0,2900.0,290.0,1000.0,2048.0,637.4,119.08,74.0,100.0,1.2,3.6,2.64,18.6,1.0,67.1,0.3,100.0,582.0,48.0,126428.7,59524.6,0.0,0.0
250,78.1,2.622,2622.4,73.375,18.5,9.4,0.0,0.0,2900.0,287.1,1000.0,2048.0,637.4,119.07,73.0,99.0,1.2,3.6,2.64,18.4,1.0,67.0,0.2,100.0,582.0,48.0,126428.7,59521.3,0.0,0.0
251,78.1,2.621,2621.2,73.375,18.8,9.4,0.0,0.0,2900.0,287.1,1000.0,2048.0,637.4,119.08,73.0,99.0,1.2,3.6,2.64,18.7,1.0,67.1,0.3,100.0,582.0,48.0,126428.7,59519.5,0.0,0.0
252,90.6,2.888,2887.9,73.375,18.9,9.4,0.0,0.0,2898.0,286.9,1000.0,2048.0,637.4,119.08,72.0,99.0,1.2,3.6,2.64,19.0,1.0,67.0,0.3,65.0,581.0,48.0,126428.7,59505.6,0.0,0.0
253,81.2,2.706,2706.1,73.375,18.7,9.4,0.0,0.0,2899.0,287.0,1000.0,2048.0,637.4,119.1,73.0,99.0,1.2,3.48,2.63,18.5,1.0,67.0,0.3,81.0,581.0,48.0,126428.7,59528.5,0.0,0.0
254,84.4,2.643,2643.3,73.375,18.4,9.4,0.0,0.0,2897.0,286.8,1000.0,2048.0,637.4,120.01,73.0,99.0,1.2,3.48,2.63,18.6,1.0,67.1,0.2,62.0,581.0,48.0,126428.7,59514.7,0.0,0.0
255,93.8,2.637,2637.4,73.5,18.7,9.4,0.0,0.1,2899.0,287.0,1000.0,2048.0,637.4,119.09,73.0,99.0,1.2,3.48,2.63,18.8,1.0,67.0,0.3,72.3,581.0,48.0,126428.7,59502.8,0.0,0.0
256,75.0,2.79,2789.7,73.375,18.3,9.4,0.0,0.0,2900.0,287.1,1000.0,2048.0,637.4,120.0,73.0,99.0,1.2,3.48,2.63,18.2,1.0,67.0,0.3,100.0,581.0,48.0,126428.7,59502.2,0.0,0.0
257,68.8,2.568,2567.9,73.625,18.4,9.4,0.0,0.0,2891.0,286.21,1000.0,2048.0,637.4,119.06,73.0,99.0,1.2,3.48,2.63,18.3,1.0,67.1,0.2,100.0,581.0,48.0,126428.7,59501.6,0.0,0.0
258,65.6,3.445,3445.3,78.875,16.4,9.4,0.0,0.1,2400.0,182.4,1000.0,2048.0,637.9,102.05,71.0,76.0,1.2,3.28,2.6,16.6,1.0,67.0,0.3,97.0,581.0,48.9,126428.7,60645.8,0.0,0.0
259,53.1,2.808,2808.0,84.125,14.5,9.4,0.0,0.0,2451.0,208.34,1000.0,2048.0,637.9,120.04,79.0,85.0,1.2,3.28,2.6,14.2,1.0,67.1,0.3,100.0,581.0,47.6,126428.7,58968.3,0.0,0.0
260,75.0,3.344,3344.0,83.25,18.4,9.4,0.0,0.0,2580.0,227.04,1000.0,2048.0,637.9,121.04,75.0,88.0,1.2,3.28,2.6,18.4,1.0,67.0,0.3,100.0,581.0,47.9,126428.7,59441.5,0.0,0.0
261,81.2,2.55,2549.5,80.0,19.4,9.4,0.0,0.0,2766.0,262.77,1000.0,2048.0,637.9,121.01,74.0,95.0,1.2,3.28,2.6,19.3,1.0,67.0,0.2,100.0,581.0,47.9,126428.7,59441.7,0.0,0.0
262,71.9,2.749,2748.8,77.5,17.9,9.4,0.0,0.1,2850.0,279.3,1000.0,2048.0,637.9,120.06,73.0,98.0,1.2,3.28,2.6,18.0,1.0,67.0,0.3,100.0,581.0,47.9,126428.7,59442.2,0.0,0.0
263,75.0,2.718,2718.3,75.875,16.9,9.4,0.0,0.0,2882.0,285.32,1000.0,2048.0,637.9,120.04,74.0,99.0,1.23,3.5,2.66,16.8,1.0,67.0,0.2,100.0,581.0,47.9,126428.7,59442.0,0.0,0.0
264,75.0,2.784,2784.5,75.0,17.0,9.4,0.0,0.0,2893.0,286.41,1000.0,2048.0,637.9,120.01,73.0,99.0,1.23,3.5,2.66,16.8,1.0,67.0,0.3,100.0,581.0,47.9,126428.7,59439.6,0.0,0.0
265,62.5,3.238,3237.6,79.25,12.9,9.4,0.0,0.0,1907.0,106.79,1000.0,2048.0,637.9,86.06,55.0,56.0,1.23,3.5,2.66,12.9,1.0,67.0,0.2,64.0,581.0,47.9,126428.7,59437.4,0.0,0.0
266,53.1,2.926,2926.3,82.5,9.0,9.4,0.0,0.0,1097.0,23.04,1000.0,2048.0,637.9,59.07,54.0,21.0,1.23,3.5,2.66,9.1,1.0,67.0,0.2,49.5,581.0,47.9,126428.7,59438.2,0.0,0.0
267,53.1,2.967,2967.1,84.125,9.3,9.4,0.0,0.0,783.0,6.26,1000.0,2048.0,637.9,49.02,53.0,8.0,1.23,3.5,2.66,9.3,1.0,67.0,0.3,56.0,581.0,47.9,126428.7,59438.4,0.0,0.0
268,31.2,3.33,3330.0,85.375,9.4,9.4,0.0,0.0,667.0,2.0,1000.0,2048.0,637.9,46.04,53.0,3.0,1.24,3.46,2.67,9.4,1.0,67.0,0.2,69.0,581.0,47.9,126428.7,59437.2,0.0,0.0
269,34.4,3.156,3155.9,86.0,9.6,9.4,0.0,0.0,625.0,0.62,1000.0,2048.0,637.9,45.01,53.0,1.0,1.24,3.46,2.67,9.6,1.0,67.0,0.2,71.0,581.0,47.9,126428.7,59437.8,0.0,0.0
270,37.5,3.166,3166.0,86.375,9.4,9.4,0.0,0.0,609.0,0.0,1000.0,2048.0,637.9,43.08,52.0,0.0,1.24,3.46,2.67,9.4,1.0,67.0,0.3,58.6,581.0,47.9,126428.7,59438.8,0.0,0.0
271,37.5,3.004,3003.7,86.375,9.3,9.4,0.0,0.0,603.0,0.0,1000.0,2048.0,637.9,43.07,52.0,0.0,1.24,3.46,2.67,9.3,1.0,67.0,0.2,53.0,581.0,47.9,126428.7,59448.6,0.0,0.0
272,46.9,3.076,3076.2,86.0,10.0,9.4,0.0,0.4,601.0,0.0,1000.0,2048.0,637.9,46.05,52.0,0.0,1.24,3.46,2.67,10.0,1.0,67.0,0.2,52.0,581.0,48.7,126428.7,60408.8,0.0,0.0
273,78.1,3.324,3324.2,87.0,14.9,9.4,0.0,0.0,1683.0,92.56,1000.0,2048.0,638.5,96.09,72.0,55.0,1.27,3.82,2.76,14.8,1.0,67.1,0.4,51.0,583.0,47.9,126428.7,59425.3,0.0,0.0
274,68.8,3.59,3590.0,88.125,16.5,9.4,0.0,0.0,2076.0,159.85,1000.0,2048.0,638.5,118.09,70.0,77.0,1.27,3.82,2.76,16.5,1.0,67.1,0.3,100.0,583.0,48.2,126428.7,59705.9,0.0,0.0
275,56.2,3.512,3512.0,89.875,16.4,9.4,0.0,0.0,2408.0,219.13,1000.0,2048.0,638.5,131.06,72.0,91.0,1.27,3.82,2.76,16.3,1.0,67.1,0.3,98.0,583.0,48.2,126428.7,59806.1,0.0,0.0
276,62.5,3.428,3427.8,91.625,16.3,9.4,0.0,0.0,2561.0,245.86,1000.0,2048.0,638.5,136.06,72.0,96.0,1.27,3.82,2.76,16.4,1.0,67.0,0.3,54.5,583.0,48.2,126428.7,59790.2,0.0,0.0
277,59.4,3.484,3483.8,92.0,16.7,9.4,0.0,0.0,2604.0,255.19,1000.0,2048.0,638.5,138.05,71.0,98.0,1.27,3.82,2.76,16.6,1.0,67.1,0.3,71.0,583.0,48.2,126428.7,59748.3,0.0,0.0
278,59.4,3.47,3469.8,95.625,16.9,9.4,0.0,0.0,2643.0,261.66,1000.0,2048.0,638.5,139.0,71.0,99.0,1.36,4.96,3.01,17.1,1.0,67.1,0.3,93.1,583.0,48.2,126428.7,59737.6,0.0,0.0
279,59.4,3.271,3270.7,96.375,16.9,9.4,0.0,0.0,2709.0,268.19,1000.0,2048.0,638.5,137.08,71.0,99.0,1.36,4.96,3.01,16.8,1.0,67.1,0.3,99.0,583.0,48.2,126428.7,59727.4,0.0,0.0
280,75.0,2.855,2854.8,89.0,17.8,9.4,0.0,2.5,2829.0,280.07,1000.0,2048.0,638.5,129.06,71.0,99.0,1.36,4.96,3.01,17.8,1.0,67.0,0.3,99.0,583.0,48.2,126428.7,59712.1,0.0,0.0
281,62.5,2.862,2862.2,82.875,18.4,9.4,0.0,0.0,2874.0,284.53,1000.0,2048.0,638.5,123.1,71.0,99.0,1.36,4.96,3.01,18.5,1.0,67.1,0.3,99.0,581.0,48.2,126428.7,59706.2,0.0,0.0
282,62.5,2.898,2898.3,78.625,17.7,9.4,0.0,0.0,2890.0,286.11,1000.0,2048.0,638.5,121.05,71.0,99.0,1.36,4.96,3.01,17.6,1.0,65.7,0.3,100.0,581.0,48.1,126428.7,59697.7,0.0,0.0
283,56.2,3.256,3255.7,82.625,14.2,9.4,0.0,0.0,2401.0,196.88,1000.0,2048.0,638.5,113.02,62.0,82.0,1.39,5.04,3.06,14.0,1.0,66.7,0.4,52.0,581.0,47.7,126428.7,59140.5,0.0,0.0
284,71.9,1.756,1756.0,83.25,18.0,9.4,0.0,0.0,2629.0,241.87,1000.0,2048.0,638.5,124.05,79.0,92.0,1.39,5.04,3.06,18.1,1.0,67.4,0.3,100.0,581.0,47.6,126428.7,58985.6,0.0,0.0
285,62.5,2.207,2207.1,82.375,17.7,9.4,0.0,0.0,2685.0,247.02,1000.0,2048.0,638.5,122.07,73.0,92.0,1.39,5.04,3.06,17.7,1.0,67.7,0.3,100.0,580.0,48.0,126428.7,59464.4,0.0,0.0
286,68.8,2.791,2791.2,78.5,18.3,9.4,0.0,0.1,2820.0,273.54,1000.0,2048.0,638.5,121.02,71.0,97.0,1.39,5.04,3.06,18.3,1.0,66.9,0.3,100.0,580.0,47.9,126428.7,59436.1,0.0,0.0
287,71.9,2.788,2788.3,75.875,18.2,9.4,0.0,0.0,2870.0,281.26,1000.0,2048.0,638.5,120.07,71.0,98.0,1.39,5.04,3.06,18.2,1.0,67.5,0.3,100.0,580.0,47.9,126428.7,59431.4,0.0,0.0
288,68.8,2.837,2836.9,74.125,18.2,9.4,0.0,0.0,2889.0,286.01,1000.0,2048.0,638.5,120.03,71.0,99.0,1.44,5.44,3.17,18.0,1.0,67.0,0.3,100.0,580.0,47.9,126428.7,59430.2,0.0,0.0
289,81.2,2.961,2960.7,73.125,18.3,9.4,0.0,0.0,2896.0,286.7,1000.0,2048.0,638.5,120.01,71.0,99.0,1.44,5.44,3.17,18.5,1.0,66.8,0.3,66.0,579.0,47.9,126428.7,59419.9,0.0,0.0
290,71.9,2.802,2801.7,72.625,18.0,9.4,0.0,0.0,2898.0,286.9,1000.0,2048.0,638.5,120.0,71.0,99.0,1.44,5.44,3.17,17.9,1.0,67.2,0.3,100.0,579.0,47.9,126428.7,59414.5,0.0,0.0
291,68.8,2.911,2910.7,72.25,18.1,9.4,0.0,0.1,2899.0,287.0,1000.0,2048.0,638.5,120.01,71.0,99.0,1.44,5.44,3.17,18.1,1.0,67.1,0.3,100.0,579.0,47.9,126428.7,59403.7,0.0,0.0
292,75.0,2.851,2851.0,72.0,18.3,9.4,0.0,0.0,2900.0,287.1,1000.0,2048.0,638.5,120.01,71.0,99.0,1.44,5.44,3.17,18.2,1.0,67.4,0.3,91.0,579.0,47.9,126428.7,59402.1,0.0,0.0
293,65.6,2.935,2935.3,71.75,18.1,9.4,0.0,0.0,2900.0,287.1,1000.0,2048.0,638.5,119.1,71.0,99.0,1.46,5.48,3.22,18.1,1.0,66.2,0.3,100.0,579.0,47.9,126428.7,59393.0,0.0,0.0
294,75.0,2.808,2807.8,71.875,18.4,9.4,0.0,0.0,2898.0,286.9,1000.0,2048.0,638.5,119.1,71.0,99.0,1.46,5.48,3.22,18.4,1.0,66.8,0.3,100.0,579.0,47.9,126428.7,59406.6,0.0,0.0
295,59.4,2.915,2915.2,71.875,17.9,9.4,0.0,0.0,2899.0,287.0,1000.0,2048.0,638.5,120.01,71.0,99.0,1.46,5.48,3.22,17.9,1.0,67.3,0.3,100.0,579.0,47.9,126428.7,59370.1,0.0,0.0
296,78.1,2.759,2759.1,71.875,17.8,9.4,0.0,0.0,2899.0,287.0,1000.0,2048.0,638.5,119.08,70.0,99.0,1.46,5.48,3.22,18.0,1.0,66.2,0.3,90.0,579.0,47.9,126428.7,59389.4,0.0,0.0
297,71.9,2.896,2895.8,72.25,17.9,9.4,0.0,0.1,2900.0,287.1,1000.0,2048.0,638.5,120.02,71.0,99.0,1.46,5.48,3.22,17.9,1.0,66.8,0.3,100.0,579.0,47.9,126428.7,59393.6,0.0,0.0
298,78.1,2.958,2957.9,72.875,18.1,9.4,0.0,0.0,2900.0,287.1,1000.0,2048.0,638.5,120.01,71.0,99.0,1.49,5.52,3.27,18.0,1.0,68.5,0.3,100.0,579.0,47.9,126428.7,59381.1,0.0,0.0
299,62.5,3.826,3825.8,76.75,16.6,9.4,0.0,0.0,2412.0,185.72,1000.0,2048.0,639.5,104.01,56.0,77.0,1.49,5.52,3.27,16.5,1.0,66.6,0.3,76.0,579.0,48.8,126428.7,60536.9,0.0,0.0
300,56.2,2.917,2917.0,83.125,14.7,9.4,0.0,0.0,2447.0,210.44,1000.0,2048.0,639.5,120.02,75.0,86.0,1.49,5.52,3.27,14.8,1.0,67.8,0.3,97.0,579.0,47.5,126428.7,58883.1,0.0,0.0
301,71.9,3.651,3650.8,84.625,19.7,9.4,0.0,0.0,2575.0,226.6,1000.0,2048.0,639.5,121.06,71.0,88.0,1.49,5.52,3.27,19.6,1.0,66.1,0.3,100.0,579.0,47.9,126428.7,59396.0,0.0,0.0
302,56.2,2.76,2759.7,80.25,19.3,9.4,0.0,0.4,2770.0,263.15,1000.0,2048.0,639.5,120.09,71.0,95.0,1.49,5.52,3.27,19.4,1.0,67.9,0.3,100.0,579.0,47.9,126428.7,59381.6,0.0,0.0
303,68.8,2.839,2839.2,77.25,18.7,9.4,0.0,0.0,2850.0,279.3,1000.0,2048.0,639.5,120.08,71.0,98.0,1.52,5.64,3.33,18.7,1.0,66.9,0.3,100.0,579.0,47.9,126428.7,59368.9,0.0,0.0
304,65.6,2.884,2883.6,75.125,18.6,9.4,0.0,0.0,2882.0,285.32,1000.0,2048.0,639.5,120.05,71.0,99.0,1.52,5.64,3.33,18.5,1.0,67.4,0.2,100.0,579.0,47.9,126428.7,59388.6,0.0,0.0
305,68.8,2.795,2794.6,74.0,18.2,9.4,0.0,0.0,2893.0,286.41,1000.0,2048.0,639.5,120.02,71.0,99.0,1.52,5.64,3.33,18.1,1.0,67.3,0.3,100.0,579.0,47.9,126428.7,59395.5,0.0,0.0
306,71.9,2.724,2724.5,73.25,18.1,9.4,0.0,0.0,2897.0,286.8,1000.0,2048.0,639.5,120.01,71.0,99.0,1.52,5.64,3.33,18.1,1.0,66.7,0.3,100.0,579.0,47.9,126428.7,59397.1,0.0,0.0
307,71.9,2.882,2881.5,72.625,18.9,9.4,0.0,0.0,2899.0,287.0,1000.0,2048.0,639.5,119.1,71.0,99.0,1.52,5.64,3.33,18.8,1.0,67.1,0.3,100.0,579.0,47.9,126428.7,59355.9,0.0,0.0
308,62.5,3.805,3804.7,77.0,17.5,9.4,0.0,0.1,2406.0,182.86,1000.0,2048.0,639.5,102.04,60.0,76.0,1.53,5.59,3.36,17.7,1.0,62.8,0.3,97.0,579.0,47.9,126428.7,59331.2,0.0,0.0
309,62.5,2.251,2250.6,83.125,16.1,9.4,0.0,0.0,2492.0,216.8,1000.0,2048.0,639.5,121.03,79.0,87.0,1.53,5.59,3.36,16.0,1.0,67.5,0.3,50.5,579.0,47.5,126428.7,58871.0,0.0,0.0
310,75.0,3.106,3106.4,83.125,20.0,9.4,0.0,0.0,2600.0,231.4,1000.0,2048.0,639.5,120.08,72.0,89.0,1.53,5.59,3.36,19.9,1.0,66.3,0.3,91.0,579.0,47.9,126428.7,59375.2,0.0,0.0
311,78.1,2.261,2261.1,79.75,20.0,9.4,0.0,0.0,2779.0,264.0,1000.0,2048.0,639.5,120.09,72.0,95.0,1.53,5.59,3.36,19.9,1.0,67.0,0.3,100.0,578.0,47.9,126428.7,59352.4,0.0,0.0
312,75.0,2.741,2741.0,76.875,18.6,9.4,0.0,0.0,2855.0,279.79,1000.0,2048.0,639.5,120.07,72.0,98.0,1.53,5.59,3.36,18.8,1.0,67.8,0.3,100.0,578.0,47.9,126428.7,59356.8,0.0,0.0
313,68.8,2.608,2607.5,75.125,18.5,9.4,0.0,0.0,2883.0,285.42,1000.0,2048.0,639.5,120.04,71.0,99.0,1.59,6.02,3.48,18.4,1.0,67.1,0.3,100.0,578.0,47.9,126428.7,59350.2,0.0,0.0
314,78.1,2.465,2465.4,74.375,18.7,9.4,0.0,0.0,2889.0,286.01,1000.0,2048.0,639.5,120.02,72.0,99.0,1.59,6.02,3.48,18.7,1.0,67.2,0.2,98.0,578.0,47.9,126428.7,59351.8,0.0,0.0
315,81.2,2.613,2612.7,73.625,18.8,9.4,0.0,0.0,2896.0,286.7,1000.0,2048.0,639.5,120.0,72.0,99.0,1.59,6.02,3.48,19.0,1.0,67.4,0.3,99.0,578.0,47.9,126428.7,59345.3,0.0,0.0
316,78.1,2.48,2479.5,73.25,18.8,9.4,0.0,0.0,2898.0,286.9,1000.0,2048.0,639.5,120.0,72.0,99.0,1.59,6.02,3.48,18.7,1.0,67.0,0.3,99.0,578.0,47.9,126428.7,59349.3,0.0,0.0
317,75.0,2.574,2573.8,73.0,18.2,9.4,0.0,0.0,2899.0,287.0,1000.0,2048.0,639.5,120.01,72.0,99.0,1.59,6.02,3.48,18.3,1.0,66.3,0.3,100.0,578.0,47.9,126428.7,59345.5,0.0,0.0
318,75.0,2.575,2574.9,72.75,18.7,9.4,0.0,0.0,2899.0,287.0,1000.0,2048.0,639.5,120.0,72.0,99.0,1.64,6.5,3.63,18.7,1.0,67.6,0.3,79.0,578.0,47.9,126428.7,59349.7,0.0,0.0
319,75.0,2.607,2606.6,72.875,18.8,9.4,0.0,0.0,2896.0,286.7,1000.0,2048.0,639.5,120.0,72.0,99.0,1.64,6.5,3.63,18.9,1.0,67.1,0.2,68.7,578.0,47.9,126428.7,59362.4,0.0,0.0
320,90.6,2.527,2527.0,72.75,19.0,9.4,0.0,0.0,2898.0,286.9,1000.0,2048.0,639.5,120.01,72.0,99.0,1.64,6.5,3.63,18.9,1.0,67.2,0.3,84.0,578.0,47.9,126428.7,59362.6,0.0,0.0
321,81.2,2.658,2658.3,72.75,18.5,9.4,0.0,0.0,2899.0,287.0,1000.0,2048.0,639.5,120.01,72.0,99.0,1.64,6.5,3.63,18.6,1.0,67.1,0.3,89.1,578.0,47.9,126428.7,59364.6,0.0,0.0
322,78.1,2.556,2555.6,72.75,18.2,9.4,0.0,0.0,2900.0,287.1,1000.0,2048.0,639.5,120.01,72.0,99.0,1.64,6.5,3.63,18.0,1.0,63.8,0.3,79.0,578.0,47.9,126428.7,59361.8,0.0,0.0
323,75.0,2.5,2500.1,72.75,18.0,9.4,0.0,0.1,2900.0,287.1,1000.0,2048.0,639.5,120.0,72.0,99.0,1.69,6.78,3.73,17.9,1.0,67.0,0.2,70.0,578.0,47.9,126428.7,59360.1,0.0,0.0
324,71.9,2.545,2545.3,73.25,18.1,9.4,0.0,0.0,2833.0,271.97,1000.0,2048.0,639.5,118.03,63.0,96.0,1.69,6.78,3.73,18.1,1.0,67.1,0.3,100.0,578.0,47.9,126428.7,59357.0,0.0,0.0
325,62.5,3.209,3209.3,80.75,13.6,9.4,0.0,0.0,2331.0,186.48,1000.0,2048.0,639.7,113.03,72.0,80.0,1.69,6.78,3.73,13.5,1.0,67.0,0.3,45.5,579.0,47.5,126428.7,58825.3,0.0,0.0
326,78.1,1.778,1778.0,82.125,18.7,9.4,0.0,0.1,2573.0,229.0,1000.0,2048.0,639.7,121.1,66.0,89.0,1.69,6.78,3.73,18.8,1.0,67.1,0.3,100.0,579.0,46.3,126428.7,57385.5,0.0,0.0
327,78.1,1.828,1827.7,81.25,17.7,9.4,0.0,0.0,2709.0,251.94,1000.0,2048.0,639.7,122.05,74.0,93.0,1.69,6.78,3.73,17.7,1.0,67.0,0.3,100.0,579.0,47.8,126428.7,59304.7,0.0,0.0
328,65.6,2.61,2609.5,78.25,18.3,9.4,0.0,0.0,2830.0,274.51,1000.0,2048.0,639.7,121.01,73.0,97.0,1.73,6.96,3.82,18.2,1.0,67.0,0.2,100.0,579.0,47.8,126428.7,59319.6,0.0,0.0
329,75.0,2.523,2523.2,76.25,18.0,9.4,0.0,0.0,2874.0,281.65,1000.0,2048.0,639.7,120.06,73.0,98.0,1.73,6.96,3.82,17.8,1.0,67.1,0.3,100.0,579.0,47.8,126428.7,59316.8,0.0,0.0
330,75.0,2.384,2384.3,75.0,18.0,9.4,0.0,0.0,2890.0,286.11,1000.0,2048.0,639.7,120.01,72.0,99.0,1.73,6.96,3.82,17.9,1.0,67.0,0.3,100.0,578.0,47.8,126428.7,59280.6,0.0,0.0
331,75.0,2.48,2480.0,74.25,18.1,9.4,0.0,0.0,2896.0,286.7,1000.0,2048.0,639.7,120.01,73.0,99.0,1.73,6.96,3.82,18.2,1.0,67.0,0.2,91.0,578.0,47.8,126428.7,59323.7,0.0,0.0
332,75.0,2.571,2570.7,73.75,17.4,9.4,0.0,0.0,2899.0,287.0,1000.0,2048.0,639.7,120.02,73.0,99.0,1.73,6.96,3.82,17.3,1.0,67.0,0.3,72.4,578.0,47.8,126428.7,59308.0,0.0,0.0
333,71.9,2.477,2476.6,73.625,16.7,9.4,0.0,0.4,2899.0,287.0,1000.0,2048.0,639.7,120.0,73.0,99.0,1.73,6.64,3.81,16.6,1.0,67.0,0.2,57.6,578.0,47.8,126428.7,59306.6,0.0,0.0
334,59.4,2.509,2509.2,73.5,16.5,9.4,0.0,0.1,2900.0,287.1,1000.0,2048.0,639.7,119.1,72.0,99.0,1.73,6.64,3.81,16.6,1.0,67.1,0.3,99.0,578.0,47.8,126428.7,59303.0,0.0,0.0
335,68.8,2.311,2310.7,73.5,16.7,9.4,0.0,0.0,2900.0,287.1,1000.0,2048.0,639.7,119.1,73.0,99.0,1.73,6.64,3.81,16.6,1.0,67.0,0.2,100.0,578.0,47.8,126428.7,59296.1,0.0,0.0
336,75.0,2.386,2386.1,73.5,16.9,9.4,0.0,0.0,2900.0,290.0,1000.0,2048.0,639.7,119.1,72.0,100.0,1.73,6.64,3.81,16.8,1.0,66.9,0.2,100.0,578.0,47.8,126428.7,59290.3,0.0,0.0
337,71.9,2.443,2443.0,74.0,16.8,9.4,0.0,0.0,2755.0,256.21,1000.0,2048.0,639.7,115.06,61.0,93.0,1.73,6.64,3.81,16.7,1.0,67.0,0.3,100.0,578.0,47.8,126428.7,59289.5,0.0,0.0
338,34.4,2.956,2956.5,80.5,9.1,9.4,0.0,0.0,1403.0,49.1,1000.0,2048.0,639.7,69.08,54.0,35.0,1.73,6.19,3.76,9.3,1.0,67.1,0.2,52.0,578.0,47.8,126428.7,59280.6,0.0,0.0
339,34.4,2.997,2997.3,83.0,9.0,9.4,0.0,0.0,894.0,11.62,1000.0,2048.0,639.7,52.02,53.0,13.0,1.73,6.19,3.76,8.8,1.0,66.9,0.2,52.0,578.0,47.8,126428.7,59263.2,0.0,0.0
340,31.2,3.148,3147.6,84.375,9.1,9.4,0.0,0.0,711.0,3.56,1000.0,2048.0,639.7,45.04,53.0,5.0,1.73,6.19,3.76,9.2,1.0,67.0,0.3,52.0,578.0,47.8,126428.7,59275.2,0.0,0.0
341,37.5,2.983,2983.2,84.625,9.2,9.4,0.0,0.0,641.0,1.28,1000.0,2048.0,639.7,43.03,53.0,2.0,1.73,6.19,3.76,9.2,1.0,67.0,0.2,52.5,578.0,47.8,126428.7,59260.4,0.0,0.0
342,28.1,2.835,2835.2,84.75,9.1,9.4,0.0,0.0,615.0,0.62,1000.0,2048.0,639.7,42.08,52.0,1.0,1.73,6.19,3.76,9.0,1.0,67.0,0.2,52.0,578.0,47.8,126428.7,59259.4,0.0,0.0
343,56.2,3.173,3172.7,87.375,13.1,9.4,0.0,0.0,1467.0,61.61,1000.0,2048.0,639.7,81.06,65.0,42.0,1.74,5.94,3.75,13.1,1.0,67.1,0.4,75.0,578.0,47.7,126428.7,59078.3,0.0,0.0
344,65.6,3.425,3425.4,90.0,16.2,9.4,0.0,0.1,2047.0,155.57,1000.0,2048.0,639.7,115.08,73.0,76.0,1.74,5.94,3.75,16.2,1.0,67.1,0.3,100.0,578.0,47.6,126428.7,59064.0,0.0,0.0
345,65.6,3.401,3401.0,90.875,16.7,9.4,0.0,0.0,2293.0,197.2,1000.0,2048.0,639.7,127.02,70.0,86.0,1.74,5.94,3.75,16.9,1.0,67.1,0.3,100.0,578.0,48.0,126428.7,59548.9,0.0,0.0
346,62.5,3.358,3358.3,92.875,17.5,9.4,0.0,0.0,2533.0,240.64,1000.0,2048.0,639.7,134.04,70.0,95.0,1.74,5.94,3.75,17.4,1.0,67.1,0.3,100.0,578.0,47.9,126428.7,59441.8,0.0,0.0
347,71.9,3.181,3181.0,93.125,17.5,9.4,0.0,0.0,2602.0,255.0,1000.0,2048.0,639.7,137.05,71.0,98.0,1.74,5.94,3.75,17.5,1.0,67.0,0.3,100.0,578.0,47.8,126428.7,59240.5,0.0,0.0
348,62.5,3.554,3554.0,94.0,17.6,9.4,0.0,0.0,2630.0,260.37,1000.0,2048.0,639.7,138.06,70.0,99.0,1.76,6.02,3.8,17.5,1.0,67.1,0.4,100.0,578.0,47.8,126428.7,59223.5,0.0,0.0
349,68.8,3.202,3202.3,94.5,17.8,9.4,0.0,0.0,2688.0,266.11,1000.0,2048.0,639.7,137.06,71.0,99.0,1.76,6.02,3.8,18.0,1.0,67.1,0.3,82.2,578.0,47.8,126428.7,59224.2,0.0,0.0
350,75.0,2.609,2609.0,87.625,18.9,9.4,0.0,0.0,2820.0,279.18,1000.0,2048.0,639.7,129.06,72.0,99.0,1.76,6.02,3.8,18.8,1.0,67.1,0.3,100.0,578.0,47.8,126428.7,59224.8,0.0,0.0
351,90.6,2.727,2727.3,81.625,18.8,9.4,0.0,0.0,2870.0,284.13,1000.0,2048.0,639.7,124.03,72.0,99.0,1.76,6.02,3.8,19.0,1.0,67.0,0.3,100.0,578.0,47.8,126428.7,59224.4,0.0,0.0
352,96.9,2.466,2465.9,78.0,19.7,9.4,0.0,0.0,2889.0,286.01,1000.0,2048.0,639.7,121.05,72.0,99.0,1.76,6.02,3.8,19.7,1.0,67.1,0.3,100.0,578.0,47.8,126428.7,59225.6,0.0,0.0
353,87.5,2.501,2500.9,75.75,19.6,9.4,0.0,0.0,2896.0,286.7,1000.0,2048.0,639.7,120.05,71.0,99.0,1.78,5.94,3.82,19.7,1.0,67.1,0.3,100.0,578.0,47.8,126428.7,59226.7,0.0,0.0
354,84.4,2.475,2475.4,74.5,19.7,9.4,0.0,0.1,2898.0,286.9,1000.0,2048.0,639.7,120.02,72.0,99.0,1.78,5.94,3.82,19.6,1.0,67.1,0.4,100.0,578.0,47.8,126428.7,59228.9,0.0,0.0
355,84.4,2.281,2281.2,73.5,19.0,9.4,0.0,0.0,2899.0,287.0,1000.0,2048.0,639.7,119.08,71.0,99.0,1.78,5.94,3.82,19.1,1.0,67.1,0.3,100.0,578.0,47.8,126428.7,59220.4,0.0,0.0
356,81.2,2.326,2325.7,73.0,18.4,9.4,0.0,0.0,2900.0,287.1,1000.0,2048.0,639.7,120.0,72.0,99.0,1.78,5.94,3.82,18.3,1.0,67.1,0.3,100.0,578.0,47.8,126428.7,59219.5,0.0,0.0
357,75.0,2.491,2491.0,72.75,18.0,9.4,0.0,0.0,2900.0,287.1,1000.0,2048.0,639.7,120.02,72.0,99.0,1.78,5.94,3.82,18.1,1.0,67.0,0.3,100.0,578.0,47.8,126428.7,59216.4,0.0,0.0
358,78.1,2.562,2562.1,72.625,19.2,9.4,0.0,0.0,2900.0,287.1,1000.0,2048.0,639.7,119.08,71.0,99.0,1.79,5.7,3.81,19.0,1.0,67.1,0.3,100.0,578.0,47.8,126428.7,59216.0,0.0,0.0
359,78.1,2.684,2684.5,72.625,18.9,9.4,0.0,0.0,2896.0,286.7,1000.0,2048.0,639.7,119.08,72.0,99.0,1.79,5.7,3.81,18.9,1.0,67.0,0.3,100.0,577.0,47.8,126428.7,59216.8,0.0,0.0
360,71.9,2.552,2552.4,72.5,18.8,9.4,0.0,0.0,2898.0,286.9,1000.0,2048.0,639.7,119.08,72.0,99.0,1.79,5.7,3.81,18.7,1.0,67.1,0.3,100.0,577.0,47.8,126428.7,59217.8,0.0,0.0
361,81.2,2.814,2814.2,72.5,18.8,9.4,0.0,0.0,2899.0,287.0,1000.0,2048.0,639.7,120.01,71.0,99.0,1.79,5.7,3.81,18.9,1.0,67.1,0.3,70.0,577.0,47.8,126428.7,59247.9,0.0,0.0
362,71.9,2.554,2553.8,72.625,18.4,9.4,0.0,0.0,2899.0,287.0,1000.0,2048.0,639.7,119.09,71.0,99.0,1.79,5.7,3.81,18.4,1.0,67.1,0.4,98.0,577.0,47.8,126428.7,59231.6,0.0,0.0
363,65.6,2.755,2754.8,72.25,18.5,9.4,0.0,0.5,2899.0,287.0,1000.0,2048.0,639.7,119.08,71.0,99.0,1.8,5.57,3.81,18.3,1.0,67.1,0.3,90.0,577.0,47.8,126428.7,59231.2,0.0,0.0
364,65.6,2.771,2771.1,72.5,17.9,9.4,0.0,0.0,2900.0,287.1,1000.0,2048.0,639.7,120.0,72.0,99.0,1.8,5.57,3.81,17.9,1.0,67.0,0.2,90.9,577.0,47.8,126428.7,59223.0,0.0,0.0
365,62.5,2.551,2551.3,73.375,17.8,9.4,0.0,0.0,2900.0,287.1,1000.0,2048.0,639.7,119.09,71.0,99.0,1.8,5.57,3.81,17.8,1.0,67.1,0.4,100.0,577.0,47.8,126428.7,59222.8,0.0,0.0
366,78.1,2.728,2728.1,73.0,18.4,9.4,0.0,0.0,2900.0,287.1,1000.0,2048.0,639.7,119.08,72.0,99.0,1.8,5.57,3.81,18.4,1.0,67.0,0.3,93.1,577.0,47.8,126428.7,59228.3,0.0,0.0
367,71.9,2.767,2766.6,72.875,18.0,9.4,0.0,0.0,2900.0,287.1,1000.0,2048.0,639.7,119.08,71.0,99.0,1.8,5.57,3.81,18.0,1.0,67.1,0.3,68.7,577.0,47.8,126428.7,59230.1,0.0,0.0
368,68.8,2.891,2890.9,73.125,18.3,9.4,0.0,0.1,2900.0,287.1,1000.0,2048.0,639.7,119.08,71.0,99.0,1.81,5.36,3.8,18.4,1.0,67.1,0.3,98.0,577.0,47.8,126428.7,59227.2,0.0,0.0
369,81.2,2.63,2630.0,73.0,18.7,9.4,0.0,0.0,2900.0,287.1,1000.0,2048.0,639.7,119.09,71.0,99.0,1.81,5.36,3.8,18.7,1.0,67.1,0.3,100.0,577.0,47.8,126428.7,59217.5,0.0,0.0
370,68.8,2.805,2804.7,72.875,19.0,9.4,0.0,0.0,2900.0,287.1,1000.0,2048.0,639.7,119.06,71.0,99.0,1.81,5.36,3.8,19.0,1.0,67.1,0.3,100.0,577.0,47.8,126428.7,59219.5,0.0,0.0
371,75.0,2.707,2707.4,73.125,19.0,9.4,0.0,0.0,2900.0,290.0,1000.0,2048.0,639.7,119.09,71.0,100.0,1.81,5.36,3.8,18.9,1.0,67.0,0.3,100.0,577.0,47.8,126428.7,59212.7,0.0,0.0
372,81.2,1.701,1701.0,75.125,19.9,9.4,0.0,0.0,2856.0,279.89,1000.0,2048.0,639.7,120.05,74.0,98.0,1.81,5.36,3.8,20.0,1.0,67.1,0.4,98.0,577.0,47.8,126428.7,59222.6,0.0,0.0
373,84.4,2.556,2555.6,74.375,19.9,9.4,0.0,0.0,2884.0,285.52,1000.0,2048.0,639.7,119.04,73.0,99.0,1.81,5.17,3.78,19.7,1.0,67.1,0.2,100.0,577.0,47.8,126428.7,59213.0,0.0,0.0
374,68.8,2.622,2622.5,73.75,17.9,9.4,0.0,0.0,2894.0,286.51,1000.0,2048.0,639.7,119.09,72.0,99.0,1.81,5.17,3.78,17.8,1.0,67.0,0.3,100.0,577.0,47.8,126428.7,59215.6,0.0,0.0
375,71.9,2.753,2753.3,73.375,18.2,9.4,0.0,0.0,2898.0,286.9,1000.0,2048.0,639.7,119.09,72.0,99.0,1.81,5.17,3.78,18.2,1.0,67.1,0.4,100.0,577.0,47.8,126428.7,59212.8,0.0,0.0
376,68.8,2.856,2855.8,73.25,18.3,9.4,0.0,0.0,2899.0,287.0,1000.0,2048.0,639.7,119.08,72.0,99.0,1.81,5.17,3.78,18.2,1.0,67.1,0.3,100.0,577.0,47.8,126428.7,59227.9,0.0,0.0
377,65.6,2.744,2743.5,73.125,17.8,9.4,0.0,0.0,2899.0,287.0,1000.0,2048.0,639.7,119.07,71.0,99.0,1.81,5.17,3.78,17.8,1.0,67.0,0.3,100.0,577.0,47.8,126428.7,59240.8,0.0,0.0
378,65.6,2.788,2788.4,73.125,17.8,9.4,0.0,0.0,2900.0,287.1,1000.0,2048.0,639.7,119.08,72.0,99.0,1.82,5.0,3.77,17.7,1.0,67.1,0.3,100.0,577.0,47.8,126428.7,59224.4,0.0,0.0
379,68.8,2.887,2886.6,73.125,17.9,9.4,0.0,0.0,2900.0,287.1,1000.0,2048.0,639.7,119.08,72.0,99.0,1.82,5.0,3.77,17.9,1.0,67.1,0.3,100.0,577.0,47.8,126428.7,59218.3,0.0,0.0
380,68.8,2.591,2591.0,73.625,17.6,9.4,0.0,0.1,2890.0,286.11,1000.0,2048.0,639.7,120.01,73.0,99.0,1.82,5.0,3.77,17.6,1.0,67.0,0.3,100.0,577.0,47.8,126428.7,59204.2,0.0,0.0
381,71.9,2.566,2566.1,73.625,17.6,9.4,0.0,0.0,2896.0,286.7,1000.0,2048.0,639.7,119.08,73.0,99.0,1.82,5.0,3.77,17.5,1.0,67.1,0.3,99.0,577.0,47.8,126428.7,59224.0,0.0,0.0
382,62.5,3.051,3050.9,74.375,17.8,9.4,0.0,0.0,2898.0,286.9,1000.0,2048.0,639.7,119.1,72.0,99.0,1.82,5.0,3.77,17.8,1.0,67.1,0.3,100.0,577.0,47.8,126428.7,59238.5,0.0,0.0
383,75.0,3.147,3147.4,74.625,17.7,9.4,0.0,0.0,2899.0,287.0,1000.0,2048.0,639.7,119.08,73.0,99.0,1.83,4.92,3.77,17.7,1.0,67.0,0.3,99.0,576.0,47.8,126428.7,59217.8,0.0,0.0
384,65.6,2.588,2588.3,74.625,17.6,9.4,0.0,0.0,2899.0,287.0,1000.0,2048.0,639.7,119.08,72.0,99.0,1.83,4.92,3.77,17.5,1.0,67.1,0.3,99.0,576.0,47.8,126428.7,59219.0,0.0,0.0
385,75.0,2.976,2976.1,74.625,17.5,9.4,0.0,0.0,2900.0,287.1,1000.0,2048.0,639.7,119.1,74.0,99.0,1.83,4.92,3.77,17.5,1.0,67.1,0.3,100.0,576.0,47.8,126428.7,59204.3,0.0,0.0
386,68.8,2.906,2905.9,74.25,17.7,9.4,0.0,0.0,2900.0,287.1,1000.0,2048.0,639.7,119.09,73.0,99.0,1.83,4.92,3.77,17.8,1.0,67.0,0.3,100.0,576.0,47.7,126428.7,59196.0,0.0,0.0
387,46.9,2.894,2893.5,74.375,17.4,9.4,0.0,0.0,2900.0,287.1,1000.0,2048.0,639.7,120.01,73.0,99.0,1.83,4.92,3.77,17.1,1.0,67.1,0.3,100.0,576.0,47.7,126428.7,59192.2,0.0,0.0
388,59.4,2.89,2890.2,74.25,17.3,9.4,0.0,0.0,2900.0,287.1,1000.0,2048.0,639.7,119.09,73.0,99.0,1.9,5.73,3.96,17.5,1.0,67.0,0.3,100.0,576.0,47.7,126428.7,59189.6,0.0,0.0
389,78.1,3.079,3079.3,74.125,17.8,9.4,0.0,0.1,2900.0,287.1,1000.0,2048.0,639.7,119.08,73.0,99.0,1.9,5.73,3.96,17.8,1.0,67.1,0.3,100.0,576.0,47.7,126428.7,59189.5,0.0,0.0
390,84.4,2.609,2609.3,74.0,17.8,9.4,0.0,0.0,2900.0,290.0,1000.0,2048.0,639.7,119.09,74.0,100.0,1.9,5.73,3.96,17.8,1.0,67.1,0.3,68.7,576.0,47.7,126428.7,59189.3,0.0,0.0
391,81.2,2.842,2842.1,74.125,17.5,9.4,0.0,0.0,2900.0,287.1,1000.0,2048.0,639.7,119.09,73.0,99.0,1.9,5.73,3.96,17.5,1.0,67.0,0.3,85.0,576.0,47.8,126428.7,59230.8,0.0,0.0
392,75.0,2.82,2819.6,74.125,17.4,9.4,0.0,0.0,2900.0,287.1,1000.0,2048.0,639.7,120.02,74.0,99.0,1.9,5.73,3.96,17.5,1.0,67.1,0.3,52.0,576.0,47.8,126428.7,59242.8,0.0,0.0
393,65.6,3.907,3906.8,78.75,15.0,9.4,0.0,0.0,2417.0,193.36,1000.0,2048.0,639.9,108.01,77.0,80.0,1.94,5.91,4.03,15.1,1.0,67.0,0.3,56.0,577.0,47.5,126428.7,58937.6,0.0,0.0
394,59.4,1.876,1875.7,82.0,15.8,9.4,0.0,0.5,2530.0,225.17,1000.0,2048.0,639.9,122.08,80.0,89.0,1.94,5.91,4.03,15.8,1.0,67.1,0.3,67.7,577.0,47.5,126428.7,58945.9,0.0,0.0
395,84.4,2.085,2084.9,82.25,17.9,9.4,0.0,0.0,2637.0,237.33,1000.0,2048.0,639.9,122.08,76.0,90.0,1.94,5.91,4.03,17.8,1.0,67.0,0.2,66.3,577.0,47.9,126428.7,59388.6,0.0,0.0
396,90.6,2.55,2549.8,79.75,18.6,9.4,0.0,0.0,2793.0,265.33,1000.0,2048.0,639.9,120.01,74.0,95.0,1.94,5.91,4.03,18.8,1.0,67.1,0.3,52.0,577.0,47.9,126428.7,59355.9,0.0,0.0
397,71.9,2.934,2933.5,77.625,17.3,9.4,0.0,0.0,2861.0,280.38,1000.0,2048.0,639.9,120.07,74.0,98.0,1.94,5.91,4.03,17.3,1.0,67.0,0.3,94.9,577.0,47.9,126428.7,59351.5,0.0,0.0
398,81.2,2.764,2763.7,76.375,17.6,9.4,0.0,0.0,2885.0,285.62,1000.0,2048.0,639.9,120.03,73.0,99.0,1.95,5.83,4.04,17.7,1.0,67.1,0.3,89.9,577.0,47.9,126428.7,59352.2,0.0,0.0
399,81.2,2.902,2902.1,75.625,17.9,9.4,0.0,0.0,2895.0,286.6,1000.0,2048.0,639.9,119.1,74.0,99.0,1.95,5.83,4.04,17.8,1.0,67.0,0.3,80.2,577.0,47.9,126428.7,59347.3,0.0,0.0
400,62.5,2.886,2886.3,75.125,18.0,9.4,0.0,0.0,2898.0,286.9,1000.0,2048.0,639.9,119.1,73.0,99.0,1.95,5.83,4.04,17.9,1.0,67.1,0.3,95.0,577.0,47.9,126428.7,59351.6,0.0,0.0
401,75.0,2.887,2886.9,74.875,17.4,9.4,0.0,0.1,2899.0,287.0,1000.0,2048.0,639.9,120.01,74.0,99.0,1.95,5.83,4.04,17.4,1.0,67.0,0.3,79.0,577.0,47.9,126428.7,59353.8,0.0,0.0
402,78.1,3.022,3022.3,74.625,17.4,9.4,0.0,0.0,2900.0,287.1,1000.0,2048.0,639.9,120.02,74.0,99.0,1.95,5.83,4.04,17.5,1.0,67.1,0.3,57.4,577.0,47.9,126428.7,59368.3,0.0,0.0
403,68.8,3.003,3003.1,74.625,17.5,9.4,0.0,0.0,2900.0,287.1,1000.0,2048.0,639.9,120.02,74.0,99.0,1.97,5.77,4.06,17.5,1.0,67.0,0.3,63.3,577.0,47.9,126428.7,59344.6,0.0,0.0
404,81.2,2.96,2959.8,74.5,17.2,9.4,0.0,0.0,2900.0,287.1,1000.0,2048.0,639.9,120.01,74.0,99.0,1.97,5.77,4.06,17.2,1.0,67.1,0.2,78.0,577.0,47.9,126428.7,59361.6,0.0,0.0
405,78.1,2.753,2753.4,74.625,17.5,9.4,0.0,0.0,2898.0,286.9,1000.0,2048.0,639.9,119.1,74.0,99.0,1.97,5.77,4.06,17.6,1.0,67.0,0.3,100.0,577.0,47.9,126428.7,59340.4,0.0,0.0
406,78.1,2.9,2899.5,74.5,17.5,9.4,0.0,0.0,2899.0,287.0,1000.0,2048.0,639.9,119.1,74.0,99.0,1.97,5.77,4.06,17.7,1.0,67.1,0.3,98.0,577.0,47.9,126428.7,59336.6,0.0,0.0
407,68.8,3.56,3559.7,80.5,13.9,9.4,0.0,0.0,2432.0,201.86,1000.0,2048.0,640.2,113.01,79.0,83.0,1.97,5.77,4.06,13.8,1.0,67.1,0.3,79.6,579.0,47.7,126428.7,59188.9,0.0,0.0
408,71.9,1.887,1887.1,82.875,16.8,9.4,0.0,0.0,2590.0,235.69,1000.0,2048.0,640.2,124.03,82.0,91.0,2.0,5.87,4.11,16.8,1.0,67.0,0.3,84.0,551.0,47.7,126428.7,59194.6,0.0,0.0
409,68.8,2.107,2107.4,83.25,17.7,9.4,0.0,0.0,2663.0,242.33,1000.0,2048.0,640.2,122.09,76.0,91.0,2.0,5.87,4.11,17.6,1.0,67.1,0.3,80.0,551.0,48.1,126428.7,59685.4,0.0,0.0
410,87.5,2.985,2984.9,80.125,18.5,9.4,0.0,0.0,2812.0,269.95,1000.0,2048.0,640.2,121.0,74.0,96.0,2.0,5.87,4.11,18.6,1.0,67.0,0.3,73.7,551.0,48.1,126428.7,59671.4,0.0,0.0
411,81.2,2.987,2986.6,78.0,17.4,9.4,0.0,0.1,2867.0,280.97,1000.0,2048.0,640.2,120.08,74.0,98.0,2.0,5.87,4.11,17.3,1.0,67.0,0.2,66.7,551.0,48.1,126428.7,59634.1,0.0,0.0
412,62.5,3.017,3016.7,76.75,17.5,9.4,0.0,0.0,2888.0,285.91,1000.0,2048.0,640.2,120.04,74.0,99.0,2.0,5.87,4.11,17.7,1.0,67.1,0.3,100.0,551.0,48.1,126428.7,59639.0,0.0,0.0
413,75.0,2.983,2983.0,75.875,17.3,9.4,0.0,0.0,2895.0,286.6,1000.0,2048.0,640.2,120.02,74.0,99.0,2.02,5.96,4.16,17.3,1.0,67.0,0.3,66.3,551.0,47.9,126428.7,59367.2,0.0,0.0
414,81.2,3.099,3099.1,75.25,17.6,9.4,0.0,0.0,2898.0,286.9,1000.0,2048.0,640.2,120.01,74.0,99.0,2.02,5.96,4.16,17.5,1.0,67.1,0.3,65.7,551.0,47.9,126428.7,59336.3,0.0,0.0
415,78.1,3.051,3050.8,75.0,17.6,9.4,0.0,0.0,2899.0,287.0,1000.0,2048.0,640.2,120.01,74.0,99.0,2.02,5.96,4.16,17.9,1.0,67.0,0.3,80.0,552.0,47.9,126428.7,59333.7,0.0,0.0
416,65.6,2.948,2947.8,74.875,17.9,9.4,0.0,0.0,2899.0,287.0,1000.0,2048.0,640.2,120.02,74.0,99.0,2.02,5.96,4.16,17.8,1.0,67.0,0.2,99.0,552.0,47.9,126428.7,59328.1,0.0,0.0
417,56.2,4.028,4028.4,77.125,17.1,9.4,0.0,0.0,2483.0,201.12,1000.0,2048.0,640.2,108.05,58.0,81.0,2.02,5.96,4.16,17.0,1.0,67.1,0.3,61.0,552.0,48.6,126428.7,60217.9,0.0,0.0
418,56.2,3.177,3176.7,84.75,14.2,9.4,0.0,0.0,2432.0,206.72,1000.0,2048.0,640.2,118.06,78.0,85.0,2.04,5.88,4.17,14.2,1.0,67.0,0.3,78.0,553.0,47.4,126428.7,58816.8,0.0,0.0
419,84.4,3.261,3260.7,85.25,18.4,9.4,0.0,0.0,2573.0,226.42,1000.0,2048.0,640.2,121.06,77.0,88.0,2.04,5.88,4.17,18.4,1.0,67.1,0.3,78.0,553.0,47.8,126428.7,59317.7,0.0,0.0
420,78.1,1.9,1900.4,82.25,18.1,9.4,0.0,0.0,2746.0,258.12,1000.0,2048.0,640.2,122.02,76.0,94.0,2.04,5.88,4.17,18.0,1.0,67.0,0.3,95.0,553.0,47.8,126428.7,59308.5,0.0,0.0
421,93.8,2.82,2819.6,79.5,18.9,9.4,0.0,0.0,2842.0,275.67,1000.0,2048.0,640.2,120.06,74.0,97.0,2.04,5.88,4.17,18.9,1.0,67.0,0.2,91.0,553.0,47.8,126428.7,59310.0,0.0,0.0
422,75.0,2.871,2870.8,77.5,17.7,9.4,0.0,0.1,2879.0,285.02,1000.0,2048.0,640.2,120.06,75.0,99.0,2.04,5.88,4.17,17.6,1.0,67.1,0.3,93.9,553.0,47.8,126428.7,59283.1,0.0,0.0
423,90.6,2.862,2861.5,76.5,17.5,9.4,0.0,0.0,2892.0,286.31,1000.0,2048.0,640.2,120.03,75.0,99.0,2.07,5.97,4.22,17.7,1.0,67.0,0.3,96.0,553.0,47.8,126428.7,59271.5,0.0,0.0
424,81.2,2.71,2710.3,75.875,17.8,9.4,0.0,0.0,2897.0,286.8,1000.0,2048.0,640.2,120.02,75.0,99.0,2.07,5.97,4.22,17.8,1.0,65.7,0.2,86.9,553.0,47.8,126428.7,59274.9,0.0,0.0
425,90.6,3.192,3192.0,75.5,18.4,9.4,0.0,0.5,2899.0,287.0,1000.0,2048.0,640.2,120.0,74.0,99.0,2.07,5.97,4.22,18.3,1.0,68.3,0.3,77.2,553.0,47.8,126428.7,59280.4,0.0,0.0
426,84.4,3.034,3034.1,75.125,18.5,9.4,0.0,0.0,2899.0,287.0,1000.0,2048.0,640.2,120.01,74.0,99.0,2.07,5.97,4.22,18.6,1.0,67.1,0.3,77.2,553.0,47.8,126428.7,59278.5,0.0,0.0
427,78.1,2.856,2856.0,75.0,18.6,9.4,0.0,0.0,2900.0,287.1,1000.0,2048.0,640.2,120.01,75.0,99.0,2.07,5.97,4.22,18.7,1.0,67.0,0.2,61.0,553.0,47.8,126428.7,59277.9,0.0,0.0
428,78.1,3.131,3131.1,74.875,17.7,9.4,0.0,0.0,2900.0,287.1,1000.0,2048.0,640.2,119.09,74.0,99.0,2.09,5.97,4.25,17.6,1.0,67.0,0.3,58.6,553.0,47.8,126428.7,59281.2,0.0,0.0
429,65.6,3.113,3112.8,74.875,17.1,9.4,0.0,0.0,2900.0,287.1,1000.0,2048.0,640.2,119.09,74.0,99.0,2.09,5.97,4.25,17.0,1.0,67.0,0.2,80.0,553.0,47.8,126428.7,59283.1,0.0,0.0
430,68.8,2.684,2684.4,75.125,16.7,9.4,0.0,0.0,2895.0,286.6,1000.0,2048.0,640.2,120.05,76.0,99.0,2.09,5.97,4.25,16.7,1.0,67.0,0.3,64.4,553.0,47.8,126428.7,59282.6,0.0,0.0
431,56.2,3.108,3107.9,75.75,17.2,9.4,0.0,0.0,2898.0,286.9,1000.0,2048.0,640.2,120.0,74.0,99.0,2.09,5.97,4.25,17.4,1.0,63.9,0.2,69.7,553.0,47.8,126428.7,59278.8,0.0,0.0
432,59.4,3.101,3101.3,76.375,16.9,9.4,0.0,0.0,2899.0,287.0,1000.0,2048.0,640.2,120.02,74.0,99.0,2.09,5.97,4.25,16.8,1.0,67.0,0.2,99.0,553.0,47.8,126428.7,59276.9,0.0,0.0
433,68.8,2.632,2632.2,76.125,17.1,9.4,0.0,0.1,2892.0,286.31,1000.0,2048.0,640.2,120.01,76.0,99.0,2.11,5.98,4.28,17.2,1.0,67.4,0.2,98.0,553.0,47.8,126428.7,59269.2,0.0,0.0
434,71.9,3.009,3008.7,76.125,17.0,9.4,0.0,0.0,2897.0,286.8,1000.0,2048.0,640.2,120.0,74.0,99.0,2.11,5.98,4.28,16.9,1.0,66.6,0.3,99.0,553.0,47.8,126428.7,59265.9,0.0,0.0
435,75.0,3.062,3061.5,76.625,16.9,9.4,0.0,0.0,2898.0,286.9,1000.0,2048.0,640.2,120.01,74.0,99.0,2.11,5.98,4.28,16.8,1.0,66.9,0.2,99.0,553.0,47.8,126428.7,59264.1,0.0,0.0
436,93.8,3.207,3207.4,76.5,17.0,9.4,0.0,0.0,2899.0,287.0,1000.0,2048.0,640.2,120.01,74.0,99.0,2.11,5.98,4.28,17.0,1.0,67.3,0.2,67.7,553.0,47.8,126428.7,59263.2,0.0,0.0
437,71.9,3.0,3000.1,76.0,16.9,9.4,0.0,0.0,2899.0,287.0,1000.0,2048.0,640.2,120.01,74.0,99.0,2.11,5.98,4.28,16.9,1.0,65.5,0.3,99.0,553.0,47.8,126428.7,59260.3,0.0,0.0
438,65.6,3.504,3504.5,83.25,12.9,9.4,0.0,0.1,2057.0,131.65,1000.0,2048.0,640.3,95.03,75.0,64.0,2.12,5.82,4.27,13.0,1.0,68.2,0.3,65.7,553.0,47.6,126428.7,59049.3,0.0,0.0
439,59.4,3.527,3527.3,89.0,15.8,9.4,0.0,0.0,2256.0,187.25,1000.0,2048.0,640.3,120.02,76.0,83.0,2.12,5.82,4.27,15.8,1.0,67.8,0.3,53.5,553.0,47.6,126428.7,59052.7,0.0,0.0
440,59.4,3.362,3362.0,90.375,16.3,9.4,0.0,0.0,2413.0,214.76,1000.0,2048.0,640.3,127.02,77.0,89.0,2.12,5.82,4.27,16.3,1.0,66.8,0.3,100.0,553.0,48.0,126428.7,59500.0,0.0,0.0
441,90.6,2.764,2763.9,84.875,18.5,9.4,0.0,0.0,2710.0,257.45,1000.0,2048.0,640.3,125.0,75.0,95.0,2.12,5.82,4.27,18.7,1.0,67.3,0.3,100.0,553.0,48.0,126428.7,59496.5,0.0,0.0
442,81.2,2.804,2803.9,81.0,17.9,9.4,0.0,0.0,2830.0,277.34,1000.0,2048.0,640.3,122.06,74.0,98.0,2.12,5.82,4.27,17.8,1.0,66.8,0.3,92.0,553.0,48.0,126428.7,59485.5,0.0,0.0
443,81.2,2.995,2995.2,78.625,17.8,9.4,0.0,0.0,2874.0,284.53,1000.0,2048.0,640.3,120.1,75.0,99.0,2.15,5.91,4.32,17.6,1.0,67.2,0.3,69.0,553.0,48.0,126428.7,59468.0,0.0,0.0
444,68.8,2.705,2705.1,77.25,17.9,9.4,0.0,0.0,2890.0,286.11,1000.0,2048.0,640.3,120.04,74.0,99.0,2.15,5.91,4.32,18.1,1.0,67.1,0.3,99.0,553.0,48.0,126428.7,59457.8,0.0,0.0
445,84.4,2.473,2473.3,76.375,18.1,9.4,0.0,0.0,2896.0,286.7,1000.0,2048.0,640.3,120.01,75.0,99.0,2.15,5.91,4.32,18.0,1.0,67.0,0.3,99.0,553.0,47.9,126428.7,59438.3,0.0,0.0
446,84.4,2.473,2473.2,75.875,18.1,9.4,0.0,0.0,2899.0,287.0,1000.0,2048.0,640.3,120.0,75.0,99.0,2.15,5.91,4.32,18.0,1.0,66.5,0.3,91.0,553.0,47.9,126428.7,59431.7,0.0,0.0
447,75.0,2.689,2689.3,75.625,17.7,9.4,0.0,0.0,2899.0,287.0,1000.0,2048.0,640.3,120.0,75.0,99.0,2.15,5.91,4.32,18.0,1.0,67.4,0.3,100.0,553.0,47.9,126428.7,59429.9,0.0,0.0
448,62.5,2.706,2706.4,75.25,18.0,9.4,0.0,0.0,2900.0,287.1,1000.0,2048.0,640.3,120.01,75.0,99.0,2.19,6.24,4.41,17.9,1.0,67.1,0.3,100.0,553.0,47.9,126428.7,59426.2,0.0,0.0
449,93.8,2.667,2666.6,75.25,18.2,9.4,0.0,0.0,2900.0,287.1,1000.0,2048.0,640.3,120.01,75.0,99.0,2.19,6.24,4.41,18.3,1.0,66.5,0.3,59.6,553.0,47.9,126428.7,59423.8,0.0,0.0
450,71.9,2.605,2605.0,75.125,17.8,9.4,0.0,0.0,2900.0,287.1,1000.0,2048.0,640.3,120.0,75.0,99.0,2.19,6.24,4.41,17.7,1.0,67.4,0.3,72.0,553.0,47.9,126428.7,59416.1,0.0,0.0
451,78.1,2.596,2596.2,75.125,18.3,9.4,0.0,0.0,2898.0,286.9,1000.0,2048.0,640.3,119.08,74.0,99.0,2.19,6.24,4.41,18.3,1.0,67.3,0.3,60.6,553.0,47.9,126428.7,59427.1,0.0,0.0
452,87.5,2.481,2481.1,75.0,17.9,9.4,0.0,0.0,2899.0,287.0,1000.0,2048.0,640.3,120.0,75.0,99.0,2.19,6.24,4.41,17.8,1.0,67.4,0.3,57.0,553.0,47.9,126428.7,59425.1,0.0,0.0
453,87.5,2.673,2673.0,75.0,18.0,9.4,0.0,0.1,2900.0,287.1,1000.0,2048.0,640.3,119.09,74.0,99.0,2.23,6.46,4.49,18.2,1.0,64.2,0.3,54.5,553.0,47.9,126428.7,59433.2,0.0,0.0
454,84.4,2.661,2660.9,75.25,18.1,9.4,0.0,0.0,2894.0,286.51,1000.0,2048.0,640.3,119.07,75.0,99.0,2.23,6.46,4.49,18.1,1.0,66.6,0.3,71.7,553.0,47.9,126428.7,59432.8,0.0,0.0
455,84.4,2.631,2630.9,75.125,17.8,9.4,0.0,0.5,2897.0,286.8,1000.0,2048.0,640.3,120.01,74.0,99.0,2.23,6.46,4.49,17.6,1.0,67.8,0.4,68.0,553.0,47.9,126428.7,59414.3,0.0,0.0
456,81.2,2.507,2507.4,75.0,17.2,9.4,0.0,0.0,2899.0,287.0,1000.0,2048.0,640.3,119.09,75.0,99.0,2.23,6.46,4.49,17.2,1.0,66.3,0.3,100.0,553.0,47.9,126428.7,59414.3,0.0,0.0
457,71.9,2.539,2538.7,74.875,17.2,9.4,0.0,0.0,2899.0,289.9,1000.0,2048.0,640.3,120.01,74.0,100.0,2.23,6.46,4.49,17.4,1.0,67.5,0.2,100.0,553.0,47.9,126428.7,59405.2,0.0,0.0
458,75.0,2.646,2645.6,75.0,17.2,9.4,0.0,0.0,2900.0,290.0,1000.0,2048.0,640.3,120.02,75.0,100.0,2.28,6.9,4.62,17.1,1.0,67.1,0.3,100.0,553.0,47.9,126428.7,59389.4,0.0,0.0
459,75.0,2.676,2675.9,75.0,17.8,9.4,0.0,0.1,2900.0,287.1,1000.0,2048.0,640.3,120.01,74.0,99.0,2.28,6.9,4.62,17.6,1.0,67.2,0.3,100.0,553.0,47.9,126428.7,59375.5,0.0,0.0
460,75.0,2.562,2561.8,75.0,17.5,9.4,0.0,0.0,2900.0,287.1,1000.0,2048.0,640.3,119.09,74.0,99.0,2.28,6.9,4.62,17.7,1.0,66.7,0.3,100.0,553.0,47.9,126428.7,59379.8,0.0,0.0
461,68.8,2.68,2680.5,74.875,17.5,9.4,0.0,0.0,2900.0,287.1,1000.0,2048.0,640.3,119.09,74.0,99.0,2.28,6.9,4.62,17.4,1.0,67.4,0.3,100.0,553.0,47.9,126428.7,59396.1,0.0,0.0
462,78.1,2.8,2799.9,74.75,17.3,9.4,0.0,0.0,2899.0,287.0,1000.0,2048.0,640.3,119.09,74.0,99.0,2.28,6.9,4.62,17.5,1.0,66.4,0.3,100.0,553.0,47.9,126428.7,59392.7,0.0,0.0
463,75.0,2.622,2622.2,74.625,17.5,9.4,0.0,0.0,2900.0,290.0,1000.0,2048.0,640.3,119.09,74.0,100.0,2.33,7.23,4.72,17.4,1.0,68.1,0.3,100.0,553.0,47.9,126428.7,59377.0,0.0,0.0
464,68.8,2.581,2581.1,74.625,17.3,9.4,0.0,0.0,2900.0,287.1,1000.0,2048.0,640.3,119.1,74.0,99.0,2.33,7.23,4.72,17.2,1.0,67.2,0.3,66.7,553.0,47.9,126428.7,59394.3,0.0,0.0
465,75.0,2.634,2633.8,74.5,17.5,9.4,0.0,0.0,2899.0,287.0,1000.0,2048.0,640.3,120.0,74.0,99.0,2.33,7.23,4.72,17.6,1.0,67.1,0.3,64.0,553.0,47.9,126428.7,59394.7,0.0,0.0
466,84.4,2.866,2865.8,74.625,17.8,9.4,0.0,0.0,2900.0,287.1,1000.0,2048.0,640.3,119.08,74.0,99.0,2.33,7.23,4.72,17.7,1.0,66.8,0.3,66.0,553.0,47.9,126428.7,59374.9,0.0,0.0
467,75.0,1.928,1927.8,76.875,18.1,9.4,0.0,0.0,2840.0,275.48,1000.0,2048.0,640.3,121.04,77.0,97.0,2.33,7.23,4.72,18.2,1.0,67.2,0.3,75.8,554.0,47.9,126428.7,59368.8,0.0,0.0
468,84.4,1.905,1904.8,76.625,20.0,9.4,0.0,0.0,2872.0,281.46,1000.0,2048.0,640.3,119.03,75.0,98.0,2.33,6.89,4.69,20.0,1.0,67.5,0.3,73.7,554.0,47.9,126428.7,59384.4,0.0,0.0
469,75.0,2.445,2445.0,76.0,18.1,9.4,0.0,0.0,2889.0,286.01,1000.0,2048.0,640.3,119.03,74.0,99.0,2.33,6.89,4.69,18.2,1.0,66.5,0.3,86.7,552.0,47.9,126428.7,59369.2,0.0,0.0
470,62.5,2.619,2619.3,75.5,17.2,9.4,0.0,0.1,2896.0,286.7,1000.0,2048.0,640.3,120.02,74.0,99.0,2.33,6.89,4.69,17.2,1.0,67.1,0.3,74.7,552.0,47.9,126428.7,59394.5,0.0,0.0
471,71.9,2.545,2545.4,75.25,17.6,9.4,0.0,0.0,2898.0,286.9,1000.0,2048.0,640.3,119.09,74.0,99.0,2.33,6.89,4.69,17.7,1.0,67.1,0.2,85.1,552.0,47.9,126428.7,59395.3,0.0,0.0
472,71.9,2.69,2689.8,75.125,17.5,9.4,0.0,0.0,2899.0,287.0,1000.0,2048.0,640.3,119.09,75.0,99.0,2.33,6.89,4.69,17.5,1.0,67.1,0.3,80.8,552.0,47.9,126428.7,59402.8,0.0,0.0
473,71.9,2.696,2696.0,75.0,17.7,9.4,0.0,0.0,2900.0,287.1,1000.0,2048.0,640.3,119.1,75.0,99.0,2.33,6.5,4.65,17.7,1.0,66.9,0.3,100.0,552.0,47.9,126428.7,59379.5,0.0,0.0
474,68.8,2.618,2618.2,74.875,17.5,9.4,0.0,0.0,2900.0,287.1,1000.0,2048.0,640.3,119.08,74.0,99.0,2.33,6.5,4.65,17.3,1.0,67.2,0.3,100.0,552.0,47.9,126428.7,59384.1,0.0,0.0
475,75.0,3.042,3041.6,74.75,17.7,9.4,0.0,0.1,2891.0,286.21,1000.0,2048.0,640.3,119.02,71.0,99.0,2.33,6.5,4.65,17.9,1.0,66.9,0.3,84.0,552.0,47.9,126428.7,59398.6,0.0,0.0
476,68.8,2.836,2835.6,75.0,17.5,9.4,0.0,0.0,2896.0,286.7,1000.0,2048.0,640.3,119.07,74.0,99.0,2.33,6.5,4.65,17.5,1.0,67.7,0.3,79.6,552.0,47.9,126428.7,59410.7,0.0,0.0
477,65.6,2.776,2775.9,75.0,17.3,9.4,0.0,0.0,2899.0,287.0,1000.0,2048.0,640.3,119.08,74.0,99.0,2.33,6.5,4.65,17.1,1.0,67.0,0.3,89.1,552.0,47.9,126428.7,59376.3,0.0,0.0
478,81.2,2.72,2720.5,74.875,17.7,9.4,0.0,0.0,2899.0,287.0,1000.0,2048.0,640.3,120.0,74.0,99.0,2.34,6.38,4.65,17.7,1.0,67.1,0.2,85.1,552.0,47.9,126428.7,59372.6,0.0,0.0
479,78.1,2.773,2773.0,75.0,17.8,9.4,0.0,0.0,2900.0,287.1,1000.0,2048.0,640.3,119.1,73.0,99.0,2.34,6.38,4.65,18.0,1.0,67.4,0.3,100.0,552.0,47.9,126428.7,59393.8,0.0,0.0
480,75.0,2.653,2653.4,75.0,17.6,9.4,0.0,0.0,2900.0,287.1,1000.0,2048.0,640.3,119.1,74.0,99.0,2.34,6.38,4.65,17.6,1.0,66.9,0.3,100.0,552.0,47.9,126428.7,59397.0,0.0,0.0
481,65.6,2.716,2716.4,74.875,18.0,9.4,0.0,0.0,2900.0,287.1,1000.0,2048.0,640.3,119.09,74.0,99.0,2.34,6.38,4.65,17.7,1.0,67.0,0.3,100.0,552.0,47.9,126428.7,59413.8,0.0,0.0
482,75.0,2.671,2671.1,75.0,18.1,9.4,0.0,0.0,2900.0,287.1,1000.0,2048.0,640.3,119.09,74.0,99.0,2.34,6.38,4.65,18.3,1.0,66.9,0.3,100.0,550.0,47.9,126428.7,59402.6,0.0,0.0
483,71.9,2.836,2836.3,75.0,18.0,9.4,0.0,0.0,2900.0,287.1,1000.0,2048.0,640.3,119.08,75.0,99.0,2.34,6.03,4.61,18.0,1.0,67.0,0.3,99.0,550.0,47.9,126428.7,59382.3,0.0,0.0
484,71.9,2.738,2738.4,75.125,17.9,9.4,0.0,0.0,2900.0,287.1,1000.0,2048.0,640.3,119.1,74.0,99.0,2.34,6.03,4.61,17.8,1.0,67.3,0.2,99.0,550.0,47.9,126428.7,59371.8,0.0,0.0
485,78.1,2.859,2859.4,74.875,18.1,9.4,0.0,0.7,2900.0,287.1,1000.0,2048.0,640.3,119.1,74.0,99.0,2.34,6.03,4.61,18.2,1.0,66.7,0.3,99.0,550.0,47.9,126428.7,59371.6,0.0,0.0
486,71.9,2.735,2734.8,75.0,17.8,9.4,0.0,0.0,2900.0,287.1,1000.0,2048.0,640.3,119.09,73.0,99.0,2.34,6.03,4.61,17.9,1.0,67.2,0.3,90.1,550.0,47.9,126428.7,59372.5,0.0,0.0
487,68.8,2.824,2824.1,74.875,17.6,9.4,0.0,0.0,2900.0,287.1,1000.0,2048.0,640.3,119.09,74.0,99.0,2.34,6.03,4.61,17.6,1.0,65.1,0.2,75.8,550.0,47.9,126428.7,59356.6,0.0,0.0
488,68.8,3.012,3011.6,74.875,17.6,9.4,0.0,0.0,2900.0,287.1,1000.0,2048.0,640.3,119.09,74.0,99.0,2.34,5.71,4.57,17.6,1.0,67.1,0.3,90.9,550.0,47.9,126428.7,59372.0,0.0,0.0
489,62.5,2.689,2688.6,74.75,17.6,9.4,0.0,0.0,2900.0,287.1,1000.0,2048.0,640.3,119.07,74.0,99.0,2.34,5.71,4.57,17.5,1.0,67.0,0.3,85.0,550.0,47.9,126428.7,59382.6,0.0,0.0
490,71.9,2.858,2858.0,74.875,18.1,9.4,0.0,0.0,2900.0,290.0,1000.0,2048.0,640.3,119.09,74.0,100.0,2.34,5.71,4.57,18.1,1.0,67.0,0.3,100.0,550.0,47.9,126428.7,59376.5,0.0,0.0
491,62.5,2.766,2765.6,74.875,17.6,9.4,0.0,0.0,2900.0,287.1,1000.0,2048.0,640.3,119.09,75.0,99.0,2.34,5.71,4.57,17.6,1.0,67.1,0.2,100.0,550.0,47.9,126428.7,59390.1,0.0,0.0
492,65.6,2.792,2792.1,74.875,17.6,9.4,0.0,0.0,2900.0,287.1,1000.0,2048.0,640.3,119.09,75.0,99.0,2.34,5.71,4.57,17.6,1.0,67.0,0.3,100.0,550.0,47.9,126428.7,59398.0,0.0,0.0
493,65.6,2.766,2765.9,75.125,17.7,9.4,0.0,0.0,2900.0,287.1,1000.0,2048.0,640.3,119.09,75.0,99.0,2.35,5.57,4.56,17.6,1.0,67.1,0.3,95.0,550.0,47.9,126428.7,59372.4,0.0,0.0
494,78.1,1.995,1994.9,77.75,19.0,9.4,0.0,0.0,2834.0,272.06,1000.0,2048.0,640.3,120.06,76.0,96.0,2.35,5.57,4.56,19.1,1.0,67.0,0.3,81.0,550.0,48.4,126428.7,59997.8,0.0,0.0
495,65.6,2.798,2798.2,77.125,20.9,9.4,0.0,0.0,2875.0,281.75,1000.0,2048.0,640.3,117.07,75.0,98.0,2.35,5.57,4.56,20.9,1.0,67.0,0.3,73.0,550.0,48.4,126428.7,59968.3,0.0,0.0
496,56.2,2.941,2940.7,76.5,17.7,9.4,0.0,0.0,2891.0,286.21,1000.0,2048.0,640.3,120.0,75.0,99.0,2.35,5.57,4.56,17.7,1.0,67.1,0.2,57.6,550.0,48.3,126428.7,59950.6,0.0,0.0
497,75.0,3.036,3035.9,76.125,17.5,9.4,0.0,0.0,2885.0,282.73,1000.0,2048.0,640.3,119.03,71.0,98.0,2.35,5.57,4.56,17.3,1.0,67.0,0.3,83.2,550.0,48.3,126428.7,59951.9,0.0,0.0
498,56.2,2.93,2930.5,77.0,16.5,9.4,0.0,0.0,2894.0,286.51,1000.0,2048.0,640.3,120.01,74.0,99.0,2.36,5.44,4.55,16.6,1.0,67.0,0.2,99.0,550.0,48.3,126428.7,59952.2,0.0,0.0
499,53.1,2.575,2575.4,76.875,16.3,9.4,0.0,0.0,2898.0,286.9,1000.0,2048.0,640.3,119.09,75.0,99.0,2.36,5.44,4.55,16.5,1.0,67.0,0.2,62.6,550.0,48.3,126428.7,59953.3,0.0,0.0
500,59.4,2.871,2871.3,76.25,16.5,9.4,0.0,0.0,2899.0,287.0,1000.0,2048.0,640.3,119.08,75.0,99.0,2.36,5.44,4.55,16.3,1.0,67.0,0.3,81.0,550.0,48.3,126428.7,59954.5,0.0,0.0
501,65.6,2.764,2763.9,75.75,16.3,9.4,0.0,0.0,2899.0,287.0,1000.0,2048.0,640.3,120.01,75.0,99.0,2.36,5.44,4.55,16.4,1.0,67.0,0.2,74.0,550.0,48.3,126428.7,59954.4,0.0,0.0
502,62.5,2.842,2842.0,75.75,16.4,9.4,0.0,0.0,2900.0,287.1,1000.0,2048.0,640.3,120.0,75.0,99.0,2.36,5.44,4.55,16.4,1.0,67.0,0.2,99.0,550.0,48.3,126428.7,59956.0,0.0,0.0
503,75.0,2.952,2951.6,76.625,16.6,9.4,0.0,0.1,2900.0,287.1,1000.0,2048.0,640.3,120.0,74.0,99.0,2.36,5.17,4.5,16.7,1.0,67.0,0.3,96.0,550.0,48.3,126428.7,59955.9,0.0,0.0
504,68.8,3.034,3033.9,76.375,16.2,9.4,0.0,0.0,2900.0,287.1,1000.0,2048.0,640.3,120.0,74.0,99.0,2.36,5.17,4.5,16.2,1.0,67.0,0.2,68.4,550.0,48.3,126428.7,59957.4,0.0,0.0
505,56.2,2.903,2903.2,76.0,16.5,9.4,0.0,0.0,2900.0,287.1,1000.0,2048.0,640.3,120.01,75.0,99.0,2.36,5.17,4.5,16.4,1.0,67.0,0.2,93.0,550.0,48.3,126428.7,59956.8,0.0,0.0
506,65.6,2.87,2870.0,75.75,16.2,9.4,0.0,0.0,2900.0,287.1,1000.0,2048.0,640.3,119.09,75.0,99.0,2.36,5.17,4.5,16.3,1.0,67.0,0.3,78.0,550.0,48.4,126428.7,59958.6,0.0,0.0
507,65.6,3.149,3148.8,78.875,16.7,9.4,0.0,0.0,2794.0,262.64,1000.0,2048.0,640.5,116.03,76.0,94.0,2.36,5.17,4.5,16.8,1.0,67.0,0.2,62.2,550.0,47.0,126428.7,58268.9,0.0,0.0
508,75.0,1.866,1866.4,81.5,18.6,9.4,0.0,0.0,2723.0,255.96,1000.0,2048.0,639.7,121.08,80.0,94.0,2.36,5.07,4.5,18.6,1.0,67.1,0.3,73.0,565.0,47.0,126428.7,58309.8,0.0,0.0
509,71.9,3.741,3740.6,82.125,20.2,9.4,0.0,0.0,2497.0,209.75,1000.0,2048.0,640.5,114.07,71.0,84.0,2.36,5.07,4.5,20.3,1.0,67.0,0.3,85.1,565.0,47.4,126428.7,58790.5,0.0,0.0
510,75.0,1.921,1921.1,80.875,21.5,9.4,0.0,0.0,2606.0,242.36,1000.0,2048.0,640.5,121.02,77.0,93.0,2.36,5.07,4.5,21.6,1.0,67.1,0.3,88.1,565.0,47.5,126428.7,58892.7,0.0,0.0
511,75.0,1.89,1889.6,79.75,20.2,9.4,0.0,0.0,2680.0,257.28,1000.0,2048.0,640.5,120.01,78.0,96.0,2.36,5.07,4.5,20.0,1.0,67.0,0.3,77.8,565.0,47.4,126428.7,58793.7,0.0,0.0
512,84.4,1.9,1900.0,79.25,21.2,9.4,0.0,0.1,2685.0,260.44,1000.0,2048.0,640.5,120.02,78.0,97.0,2.36,5.07,4.5,21.3,1.0,67.1,0.3,77.0,565.0,47.4,126428.7,58792.8,0.0,0.0
513,81.2,1.918,1918.5,78.875,22.2,9.4,0.0,0.0,2698.0,264.4,1000.0,2048.0,640.5,119.09,77.0,98.0,2.38,5.15,4.52,22.2,1.0,67.0,0.2,100.0,565.0,47.4,126428.7,58815.5,0.0,0.0
514,81.2,1.888,1888.1,78.625,23.3,9.4,0.0,0.0,2717.0,266.27,1000.0,2048.0,640.5,120.0,78.0,98.0,2.38,5.15,4.52,23.4,1.0,67.0,0.3,100.0,565.0,47.5,126428.7,58874.1,0.0,0.0
515,78.1,1.892,1892.2,78.5,23.3,9.4,0.0,0.0,2705.0,267.8,1000.0,2048.0,640.5,119.09,78.0,99.0,2.38,5.15,4.52,23.2,1.0,67.0,0.3,100.0,562.0,47.6,126428.7,58958.1,0.0,0.0
516,81.2,1.884,1884.3,78.5,23.3,9.4,0.0,0.5,2745.0,271.76,1000.0,2048.0,640.5,120.02,78.0,99.0,2.38,5.15,4.52,23.2,1.0,67.1,0.2,97.0,562.0,47.6,126428.7,58958.2,0.0,0.0
517,87.5,1.909,1909.2,78.375,23.3,9.4,0.0,0.1,2689.0,266.21,1000.0,2048.0,640.5,120.01,77.0,99.0,2.38,5.15,4.52,23.3,1.0,67.0,0.3,99.0,562.0,47.6,126428.7,58951.3,0.0,0.0
518,71.9,1.917,1917.2,78.375,21.0,9.4,0.0,0.0,2678.0,265.12,1000.0,2048.0,640.5,120.0,78.0,99.0,2.42,5.46,4.6,21.0,1.0,67.1,0.3,100.0,562.0,47.6,126428.7,58964.0,0.0,0.0
519,87.5,1.85,1850.5,78.375,22.5,9.4,0.0,0.0,2684.0,265.72,1000.0,2048.0,640.5,119.08,77.0,99.0,2.42,5.46,4.6,22.5,1.0,67.4,0.2,87.0,562.0,47.5,126428.7,58905.7,0.0,0.0
520,75.0,1.869,1868.6,78.5,23.3,9.4,0.0,0.0,2721.0,269.38,1000.0,2048.0,640.5,120.0,77.0,99.0,2.42,5.46,4.6,23.4,1.0,66.6,0.3,100.0,562.0,47.5,126428.7,58882.1,0.0,0.0
521,68.8,1.889,1889.0,78.75,22.0,9.4,0.0,0.0,2728.0,267.34,1000.0,2048.0,640.5,120.02,78.0,98.0,2.42,5.46,4.6,21.8,1.0,67.1,0.3,100.0,562.0,47.5,126428.7,58891.4,0.0,0.0
522,87.5,1.897,1897.1,78.625,21.6,9.4,0.0,0.1,2705.0,265.09,1000.0,2048.0,640.5,119.1,77.0,98.0,2.42,5.46,4.6,21.8,1.0,67.1,0.3,100.0,562.0,47.4,126428.7,58806.6,0.0,0.0
523,87.5,1.893,1892.8,78.5,20.2,9.4,0.0,0.0,2742.0,268.72,1000.0,2048.0,640.5,119.08,78.0,98.0,2.45,5.66,4.65,20.0,1.0,67.0,0.3,100.0,562.0,47.4,126428.7,58787.0,0.0,0.0
524,96.9,4.056,4056.2,79.75,22.1,9.4,0.0,0.0,2719.0,250.15,1000.0,2048.0,640.8,108.03,62.0,92.0,2.45,5.66,4.65,22.3,1.0,67.0,0.3,91.9,564.0,46.5,126428.7,57678.1,0.0,0.0
525,81.2,1.868,1867.8,82.0,18.1,9.4,0.0,0.0,2661.0,244.81,1000.0,2048.0,639.9,121.06,83.0,92.0,2.45,5.66,4.65,18.1,1.0,67.1,0.3,72.0,564.0,46.2,126428.7,57197.8,0.0,0.0
526,93.8,2.105,2104.8,82.5,21.9,9.4,0.0,0.0,2632.0,242.14,1000.0,2048.0,639.9,120.08,80.0,92.0,2.45,5.66,4.65,22.0,1.0,67.0,0.2,97.0,564.0,46.1,126428.7,57157.3,0.0,0.0
527,84.4,3.013,3013.4,82.875,22.1,9.4,0.0,0.0,2550.0,224.4,1000.0,2048.0,639.9,119.09,77.0,88.0,2.45,5.66,4.65,22.0,1.0,67.0,0.3,99.0,564.0,46.6,126428.7,57784.3,0.0,0.0
528,93.8,1.891,1890.8,81.25,20.9,9.4,0.0,0.0,2711.0,257.54,1000.0,2048.0,639.9,120.08,78.0,95.0,2.48,5.85,4.71,21.1,1.0,67.1,0.3,100.0,564.0,46.6,126428.7,57785.5,0.0,0.0
529,96.9,1.905,1904.7,80.125,22.6,9.4,0.0,0.0,2738.0,265.59,1000.0,2048.0,639.9,120.03,78.0,97.0,2.48,5.85,4.71,22.7,1.0,67.0,0.3,98.0,564.0,46.6,126428.7,57731.9,0.0,0.0
530,96.9,1.907,1906.8,79.25,22.9,9.4,0.0,0.0,2764.0,270.87,1000.0,2048.0,639.9,120.01,78.0,98.0,2.48,5.85,4.71,22.9,1.0,67.1,0.2,100.0,564.0,46.6,126428.7,57789.8,0.0,0.0
531,90.6,1.919,1918.6,78.875,21.5,9.4,0.0,0.0,2770.0,271.46,1000.0,2048.0,639.9,119.1,79.0,98.0,2.48,5.85,4.71,21.6,1.0,67.0,0.3,93.0,564.0,46.6,126428.7,57786.0,0.0,0.0
532,93.8,1.891,1890.8,78.75,22.2,9.4,0.0,0.0,2728.0,267.34,1000.0,2048.0,639.9,119.03,72.0,98.0,2.48,5.85,4.71,22.1,1.0,67.1,0.3,100.0,564.0,46.6,126428.7,57725.2,0.0,0.0
533,84.4,2.0,2000.3,78.625,23.0,9.4,0.0,0.0,2725.0,267.05,1000.0,2048.0,639.9,120.01,78.0,98.0,2.52,6.18,4.8,23.0,1.0,67.0,0.3,100.0,564.0,46.6,126428.7,57800.7,0.0,0.0
534,84.4,1.919,1918.7,78.625,20.6,9.4,0.0,0.0,2734.0,267.93,1000.0,2048.0,639.9,120.0,77.0,98.0,2.52,6.18,4.8,20.8,1.0,67.0,0.3,99.0,564.0,46.6,126428.7,57724.6,0.0,0.0
535,90.6,2.018,2018.3,78.5,22.2,9.4,0.0,0.0,2742.0,271.46,1000.0,2048.0,639.9,120.01,78.0,99.0,2.52,6.18,4.8,22.2,1.0,67.1,0.2,69.0,564.0,46.6,126428.7,57786.3,0.0,0.0
536,87.5,1.953,1953.0,78.625,22.1,9.4,0.0,0.0,2798.0,277.0,1000.0,2048.0,639.9,119.08,77.0,99.0,2.52,6.18,4.8,22.2,1.0,67.0,0.3,100.0,564.0,46.6,126428.7,57796.5,0.0,0.0
537,65.6,1.939,1939.0,78.375,21.9,9.4,0.0,0.0,2796.0,271.21,1000.0,2048.0,639.9,119.02,77.0,97.0,2.52,6.18,4.8,21.9,1.0,67.0,0.2,100.0,564.0,46.7,126428.7,57835.1,0.0,0.0
538,56.2,3.89,3889.6,86.0,17.9,9.4,0.0,0.1,2301.0,181.78,1000.0,2048.0,641.6,109.03,75.0,79.0,2.54,6.17,4.82,18.0,1.0,67.1,0.3,100.0,564.0,48.3,126428.7,59929.4,0.0,0.0
539,62.5,2.587,2587.4,85.5,17.5,9.4,0.0,0.0,2597.0,238.92,1000.0,2048.0,641.6,124.03,79.0,92.0,2.54,6.17,4.82,17.5,1.0,67.0,0.3,100.0,564.0,48.3,126428.7,59903.2,0.0,0.0
540,68.8,2.012,2012.0,83.125,21.4,9.4,0.0,0.0,2723.0,261.41,1000.0,2048.0,641.6,124.02,78.0,96.0,2.54,6.17,4.82,21.3,1.0,67.0,0.3,100.0,564.0,48.2,126428.7,59797.3,0.0,0.0
541,75.0,1.972,1971.5,81.25,22.7,9.4,0.0,0.0,2741.0,268.62,1000.0,2048.0,641.6,120.1,78.0,98.0,2.54,6.17,4.82,22.7,1.0,67.1,0.3,100.0,564.0,48.3,126428.7,59857.5,0.0,0.0
542,68.8,1.862,1861.9,80.25,20.0,9.4,0.0,0.0,2737.0,268.23,1000.0,2048.0,641.6,120.03,78.0,98.0,2.54,6.17,4.82,20.0,1.0,67.0,0.3,100.0,564.0,48.2,126428.7,59726.4,0.0,0.0
543,78.1,1.885,1885.3,79.5,22.8,9.4,0.0,0.1,2772.0,274.43,1000.0,2048.0,641.6,120.0,78.0,99.0,2.56,6.15,4.84,22.8,1.0,67.1,0.2,100.0,564.0,48.2,126428.7,59735.6,0.0,0.0
544,78.1,1.917,1916.8,79.25,20.4,9.4,0.0,0.0,2783.0,275.52,1000.0,2048.0,641.6,120.0,79.0,99.0,2.56,6.15,4.84,20.5,1.0,67.0,0.3,85.1,564.0,48.2,126428.7,59729.7,0.0,0.0
545,75.0,1.9,1899.7,79.125,22.4,9.4,0.0,0.0,2750.0,272.25,1000.0,2048.0,641.6,119.09,78.0,99.0,2.56,6.15,4.84,22.3,1.0,67.0,0.3,100.0,564.0,48.2,126428.7,59728.2,0.0,0.0
546,81.2,1.963,1963.0,79.0,20.7,9.4,0.0,0.0,2749.0,272.15,1000.0,2048.0,641.6,120.0,79.0,99.0,2.56,6.15,4.84,20.7,1.0,67.1,0.3,100.0,564.0,48.2,126428.7,59728.2,0.0,0.0
547,90.6,1.939,1938.8,78.75,22.1,9.4,0.0,0.6,2737.0,270.96,1000.0,2048.0,641.6,120.0,77.0,99.0,2.56,6.15,4.84,22.4,1.0,67.0,0.2,100.0,564.0,48.2,126428.7,59758.4,0.0,0.0
548,90.6,1.92,1920.1,78.625,22.6,9.4,0.0,0.0,2774.0,274.63,1000.0,2048.0,641.6,120.01,78.0,99.0,2.58,6.22,4.87,22.4,1.0,67.0,0.3,87.0,564.0,48.2,126428.7,59798.8,0.0,0.0
549,90.6,1.966,1966.1,78.625,19.9,9.4,0.0,0.1,2781.0,275.32,1000.0,2048.0,641.6,119.09,77.0,99.0,2.58,6.22,4.87,20.0,1.0,67.1,0.3,100.0,564.0,48.2,126428.7,59741.0,0.0,0.0
550,90.6,1.92,1920.3,78.5,22.6,9.4,0.0,0.0,2743.0,271.56,1000.0,2048.0,641.6,120.01,78.0,99.0,2.58,6.22,4.87,22.6,1.0,67.0,0.2,100.0,564.0,48.2,126428.7,59764.9,0.0,0.0
551,87.5,1.986,1986.3,78.5,22.1,9.4,0.0,0.0,2766.0,273.83,1000.0,2048.0,641.6,120.0,79.0,99.0,2.58,6.22,4.87,22.1,1.0,67.0,0.3,98.0,564.0,48.2,126428.7,59784.0,0.0,0.0
552,90.6,1.961,1961.3,78.75,21.2,9.4,0.0,0.0,2778.0,275.02,1000.0,2048.0,641.6,119.1,78.0,99.0,2.58,6.22,4.87,21.3,1.0,67.1,0.3,99.0,564.0,48.2,126428.7,59721.9,0.0,0.0
553,96.9,1.975,1974.8,78.875,22.4,9.4,0.0,0.0,2814.0,278.59,1000.0,2048.0,641.6,119.08,79.0,99.0,2.6,6.12,4.87,22.4,1.0,67.0,0.3,98.0,564.0,48.2,126428.7,59743.4,0.0,0.0
554,78.1,1.915,1915.1,78.5,20.9,9.4,0.0,0.0,2819.0,276.26,1000.0,2048.0,641.6,118.05,77.0,98.0,2.6,6.12,4.87,21.0,1.0,67.0,0.2,100.0,564.0,48.2,126428.7,59715.2,0.0,0.0
555,62.5,3.596,3595.6,82.0,18.9,9.4,0.0,0.0,2868.0,275.33,1000.0,2048.0,641.6,104.08,63.0,96.0,2.6,6.12,4.87,18.8,1.0,67.1,0.3,100.0,564.0,48.2,126428.7,59810.4,0.0,0.0
556,56.2,3.014,3014.0,89.75,15.8,9.4,0.0,0.0,2705.0,262.38,1000.0,2048.0,641.6,121.06,77.0,97.0,2.6,6.12,4.87,15.8,1.0,67.0,0.3,100.0,564.0,48.2,126428.7,59788.7,0.0,0.0
557,68.8,1.906,1906.4,85.75,19.9,9.4,0.0,0.0,2825.0,276.85,1000.0,2048.0,641.6,124.06,78.0,98.0,2.6,6.12,4.87,19.9,1.0,67.1,0.3,100.0,564.0,48.2,126428.7,59810.9,0.0,0.0
558,84.4,1.951,1951.0,82.875,21.1,9.4,0.0,0.0,2758.0,270.28,1000.0,2048.0,641.6,121.07,78.0,98.0,2.61,6.03,4.88,21.0,1.0,67.0,0.2,100.0,564.0,48.2,126428.7,59762.2,0.0,0.0
559,78.1,1.942,1941.5,81.125,19.8,9.4,0.0,0.0,2756.0,270.09,1000.0,2048.0,641.6,120.05,78.0,98.0,2.61,6.03,4.88,19.9,1.0,67.0,0.3,100.0,564.0,48.2,126428.7,59757.5,0.0,0.0
560,81.2,1.897,1897.4,80.125,19.5,9.4,0.0,0.1,2796.0,274.01,1000.0,2048.0,641.6,120.01,79.0,98.0,2.61,6.03,4.88,19.5,1.0,67.1,0.3,100.0,564.0,48.2,126428.7,59755.6,0.0,0.0
561,78.1,1.95,1949.5,79.625,20.2,9.4,0.0,0.0,2778.0,275.02,1000.0,2048.0,641.6,120.02,78.0,99.0,2.61,6.03,4.88,20.2,1.0,67.0,0.2,100.0,564.0,48.2,126428.7,59747.8,0.0,0.0
562,75.0,1.923,1923.3,79.25,19.9,9.4,0.0,0.0,2758.0,273.04,1000.0,2048.0,641.6,120.01,78.0,99.0,2.61,6.03,4.88,20.0,1.0,67.0,0.3,93.0,564.0,48.2,126428.7,59732.2,0.0,0.0
563,71.9,1.923,1922.8,79.125,19.7,9.4,0.0,0.0,2749.0,272.15,1000.0,2048.0,641.6,119.09,79.0,99.0,2.64,6.19,4.93,19.6,1.0,67.1,0.3,95.0,564.0,48.2,126428.7,59732.6,0.0,0.0
564,71.9,1.941,1940.9,79.0,19.7,9.4,0.0,0.0,2754.0,272.65,1000.0,2048.0,641.6,120.01,78.0,99.0,2.64,6.19,4.93,19.8,1.0,67.0,0.3,93.1,564.0,48.2,126428.7,59729.4,0.0,0.0
565,81.2,2.014,2014.5,79.0,20.2,9.4,0.0,0.0,2744.0,271.66,1000.0,2048.0,641.6,119.08,78.0,99.0,2.64,6.19,4.93,20.1,1.0,67.0,0.2,87.9,564.0,48.2,126428.7,59726.2,0.0,0.0
566,84.4,1.935,1935.2,78.875,20.2,9.4,0.0,0.0,2742.0,271.46,1000.0,2048.0,641.6,119.09,78.0,99.0,2.64,6.19,4.93,20.3,1.0,67.1,0.3,90.0,564.0,48.1,126428.7,59668.3,0.0,0.0
567,81.2,1.936,1935.9,78.875,20.1,9.4,0.0,0.0,2763.0,273.54,1000.0,2048.0,641.6,120.0,78.0,99.0,2.64,6.19,4.93,20.0,1.0,67.0,0.3,79.0,564.0,48.1,126428.7,59673.1,0.0,0.0
568,81.2,2.508,2507.9,78.125,18.9,9.4,0.0,0.0,2825.0,276.85,1000.0,2048.0,641.6,118.09,77.0,98.0,2.67,6.33,4.98,19.0,1.0,67.0,0.2,74.3,564.0,48.1,126428.7,59674.1,0.0,0.0
569,50.0,3.58,3580.1,85.75,14.8,9.4,0.0,0.0,2726.0,261.7,1000.0,2048.0,641.6,113.0,75.0,96.0,2.67,6.33,4.98,14.7,1.0,67.1,0.3,88.9,564.0,48.1,126428.7,59696.2,0.0,0.0
570,68.8,2.183,2182.7,86.125,17.1,9.4,0.0,0.0,2791.0,273.52,1000.0,2048.0,641.6,123.09,79.0,98.0,2.67,6.33,4.98,17.2,1.0,67.0,0.3,100.0,564.0,48.1,126428.7,59695.3,0.0,0.0
571,75.0,1.937,1937.1,83.5,19.9,9.4,0.0,0.0,2798.0,274.2,1000.0,2048.0,641.6,123.07,78.0,98.0,2.67,6.33,4.98,20.1,1.0,67.0,0.3,100.0,564.0,48.2,126428.7,59719.5,0.0,0.0
572,87.5,1.961,1961.2,81.625,20.9,9.4,0.0,0.0,2783.0,275.52,1000.0,2048.0,641.6,120.08,78.0,99.0,2.67,6.33,4.98,20.9,1.0,67.1,0.2,100.0,564.0,48.2,126428.7,59717.1,0.0,0.0
573,71.9,1.923,1922.8,80.5,20.1,9.4,0.0,0.0,2758.0,273.04,1000.0,2048.0,641.6,120.04,79.0,99.0,2.7,6.55,5.05,20.0,1.0,67.0,0.3,100.0,564.0,48.2,126428.7,59715.4,0.0,0.0
574,84.4,1.914,1913.7,79.75,20.0,9.4,0.0,0.0,2746.0,271.85,1000.0,2048.0,641.6,120.01,78.0,99.0,2.7,6.55,5.05,20.1,1.0,67.0,0.3,100.0,564.0,48.2,126428.7,59711.1,0.0,0.0
575,90.6,1.942,1941.7,79.25,20.4,9.4,0.0,0.0,2749.0,272.15,1000.0,2048.0,641.6,119.09,78.0,99.0,2.7,6.55,5.05,20.5,1.0,67.1,0.2,100.0,564.0,48.2,126428.7,59710.5,0.0,0.0
576,78.1,1.857,1856.8,78.875,19.9,9.4,0.0,0.1,2737.0,270.96,1000.0,2048.0,641.6,119.09,79.0,99.0,2.7,6.55,5.05,19.8,1.0,67.0,0.3,100.0,563.0,48.2,126428.7,59718.6,0.0,0.0
577,78.1,1.919,1918.8,78.625,19.7,9.4,0.0,0.7,2738.0,271.06,1000.0,2048.0,641.6,119.09,79.0,99.0,2.7,6.55,5.05,19.4,1.0,67.0,0.3,100.0,563.0,48.2,126428.7,59714.7,0.0,0.0
578,75.0,1.932,1931.9,78.625,19.5,9.4,0.0,0.0,2727.0,269.97,1000.0,2048.0,641.6,119.09,78.0,99.0,2.72,6.5,5.06,19.5,1.0,67.0,0.2,100.0,563.0,48.2,126428.7,59713.7,0.0,0.0
579,75.0,1.903,1903.0,78.625,19.6,9.4,0.0,0.0,2745.0,271.76,1000.0,2048.0,641.6,119.1,79.0,99.0,2.72,6.5,5.06,19.6,1.0,67.1,0.3,100.0,563.0,48.2,126428.7,59708.0,0.0,0.0
580,78.1,1.884,1884.0,78.625,19.6,9.4,0.0,0.0,2723.0,269.58,1000.0,2048.0,641.6,120.0,78.0,99.0,2.72,6.5,5.06,19.6,1.0,67.0,0.3,100.0,562.0,48.1,126428.7,59704.1,0.0,0.0
581,75.0,1.911,1911.1,78.625,19.5,9.4,0.0,0.1,2728.0,270.07,1000.0,2048.0,641.6,119.08,78.0,99.0,2.72,6.5,5.06,19.5,1.0,67.0,0.2,100.0,562.0,48.1,126428.7,59705.4,0.0,0.0
582,65.6,1.873,1873.1,78.75,20.5,9.4,0.0,0.0,2723.0,269.58,1000.0,2048.0,641.6,119.09,79.0,99.0,2.72,6.5,5.06,20.5,1.0,67.1,0.3,100.0,562.0,48.1,126428.7,59690.2,0.0,0.0
583,81.2,1.894,1893.8,78.875,20.0,9.4,0.0,0.0,2737.0,268.23,1000.0,2048.0,641.6,119.09,78.0,98.0,2.73,6.38,5.06,20.0,1.0,67.0,0.3,100.0,562.0,48.1,126428.7,59688.4,0.0,0.0
584,78.1,1.904,1904.5,78.75,19.5,9.4,0.0,0.0,2740.0,271.26,1000.0,2048.0,641.6,120.01,78.0,99.0,2.73,6.38,5.06,19.4,1.0,67.0,0.2,100.0,562.0,48.1,126428.7,59693.2,0.0,0.0
585,75.0,1.908,1907.6,78.75,19.6,9.4,0.0,0.0,2761.0,273.34,1000.0,2048.0,641.6,120.01,78.0,99.0,2.73,6.38,5.06,19.6,1.0,67.1,0.3,100.0,562.0,48.1,126428.7,59700.4,0.0,0.0
586,71.9,2.198,2198.4,78.25,20.1,9.4,0.0,0.0,2783.0,272.73,1000.0,2048.0,641.6,118.03,77.0,98.0,2.73,6.38,5.06,20.1,1.0,67.0,0.3,100.0,562.0,48.1,126428.7,59702.1,0.0,0.0
587,71.9,3.056,3056.1,77.5,18.0,9.4,0.0,0.0,2857.0,282.84,1000.0,2048.0,641.6,119.07,74.0,99.0,2.73,6.38,5.06,18.0,1.0,67.0,0.2,100.0,562.0,48.1,126428.7,59699.1,0.0,0.0
588,71.9,2.986,2986.5,77.0,17.4,9.4,0.0,0.0,2884.0,285.52,1000.0,2048.0,641.6,120.03,75.0,99.0,2.73,6.03,5.01,17.6,1.0,67.0,0.3,100.0,562.0,48.1,126428.7,59697.9,0.0,0.0
589,71.9,3.044,3043.7,76.625,17.7,9.4,0.0,0.0,2894.0,286.51,1000.0,2048.0,641.6,120.03,74.0,99.0,2.73,6.03,5.01,17.6,1.0,67.1,0.3,100.0,562.0,48.1,126428.7,59698.7,0.0,0.0
590,78.1,2.946,2946.1,76.0,17.7,9.4,0.0,0.0,2898.0,286.9,1000.0,2048.0,641.6,119.1,74.0,99.0,2.73,6.03,5.01,17.7,1.0,67.0,0.2,100.0,562.0,48.1,126428.7,59691.3,0.0,0.0
591,81.2,2.871,2871.4,76.25,17.4,9.4,0.0,0.0,2893.0,286.41,1000.0,2048.0,641.6,119.1,74.0,99.0,2.73,6.03,5.01,17.4,1.0,67.0,0.3,100.0,562.0,48.1,126428.7,59687.0,0.0,0.0
592,75.0,3.165,3165.4,76.5,17.7,9.4,0.0,0.0,2897.0,286.8,1000.0,2048.0,641.6,119.1,75.0,99.0,2.73,6.03,5.01,17.8,1.0,67.1,0.3,100.0,562.0,48.1,126428.7,59687.0,0.0,0.0
593,68.8,3.044,3043.5,77.625,17.5,9.4,0.0,0.0,2899.0,287.0,1000.0,2048.0,641.6,120.0,74.0,99.0,2.72,5.71,4.96,17.4,1.0,67.0,0.2,100.0,562.0,48.1,126428.7,59683.2,0.0,0.0
594,75.0,3.068,3067.6,77.5,17.9,9.4,0.0,0.0,2899.0,289.9,1000.0,2048.0,641.6,119.09,74.0,100.0,2.72,5.71,4.96,18.0,1.0,67.0,0.3,100.0,562.0,48.1,126428.7,59683.9,0.0,0.0
595,84.4,2.999,2999.3,77.25,17.9,9.4,0.0,0.0,2899.0,289.9,1000.0,2048.0,641.6,119.08,74.0,100.0,2.72,5.71,4.96,17.7,1.0,67.1,0.3,100.0,562.0,48.1,126428.7,59684.9,0.0,0.0
596,78.1,2.83,2830.4,76.75,17.8,9.4,0.0,0.1,2900.0,290.0,1000.0,2048.0,641.6,119.09,74.0,100.0,2.72,5.71,4.96,17.9,1.0,67.0,0.2,100.0,562.0,48.1,126428.7,59686.7,0.0,0.0
597,75.0,2.966,2965.7,76.75,17.7,9.4,0.0,0.0,2900.0,290.0,1000.0,2048.0,641.6,119.08,74.0,100.0,2.72,5.71,4.96,17.8,1.0,67.0,0.3,100.0,562.0,48.1,126428.7,59682.2,0.0,0.0
598,78.1,3.144,3144.2,76.375,17.7,9.4,0.0,0.0,2900.0,290.0,1000.0,2048.0,641.6,119.08,74.0,100.0,2.74,5.73,4.98,17.7,1.0,67.0,0.3,100.0,562.0,48.1,126428.7,59680.2,0.0,0.0
599,59.4,4.015,4014.8,84.75,14.2,9.4,0.0,0.0,2133.0,134.38,1000.0,2048.0,643.1,87.04,61.0,63.0,2.74,5.73,4.98,14.2,1.0,67.1,0.3,61.4,562.0,49.4,126428.7,61304.3,0.0,0.0
600,46.9,3.884,3884.1,88.625,13.6,9.4,0.0,0.0,2274.0,177.37,1000.0,2048.0,643.1,107.08,78.0,78.0,2.74,5.73,4.98,13.6,1.0,67.0,0.2,53.0,563.0,48.2,126428.7,59759.4,0.0,0.0
601,65.6,4.063,4063.0,93.375,16.3,9.4,0.0,0.0,2313.0,198.92,1000.0,2048.0,643.1,121.09,63.0,86.0,2.74,5.73,4.98,16.4,1.0,67.1,0.3,73.0,563.0,47.2,126428.7,58555.8,0.0,0.0
602,65.6,3.135,3134.6,93.625,15.9,9.4,0.0,0.0,2575.0,239.48,1000.0,2048.0,643.1,128.1,74.0,93.0,2.74,5.73,4.98,16.0,1.0,67.0,0.2,52.0,563.0,48.5,126428.7,60117.8,0.0,0.0
603,71.9,2.932,2931.6,87.625,16.9,9.4,0.0,0.0,2778.0,269.47,1000.0,2048.0,643.1,125.06,74.0,97.0,2.74,5.43,4.93,16.9,1.0,66.9,0.3,59.4,563.0,48.5,126428.7,60108.0,0.0,0.0
604,75.0,3.029,3029.4,82.875,17.1,9.4,0.0,0.0,2855.0,279.79,1000.0,2048.0,643.1,122.04,75.0,98.0,2.74,5.43,4.93,17.0,1.0,67.0,0.2,99.0,563.0,48.5,126428.7,60109.5,0.0,0.0
605,78.1,2.848,2848.4,79.875,16.9,9.4,0.0,0.0,2883.0,285.42,1000.0,2048.0,643.1,120.09,76.0,99.0,2.74,5.43,4.93,16.9,1.0,67.0,0.2,93.9,563.0,48.5,126428.7,60085.8,0.0,0.0
606,78.1,2.812,2811.5,78.125,17.2,9.4,0.0,0.0,2894.0,286.51,1000.0,2048.0,643.1,120.04,76.0,99.0,2.74,5.43,4.93,17.3,1.0,67.0,0.3,80.2,563.0,48.5,126428.7,60086.5,0.0,0.0
607,78.1,2.844,2843.5,76.875,17.0,9.4,0.0,3.3,2898.0,286.9,1000.0,2048.0,643.1,119.1,75.0,99.0,2.74,5.43,4.93,16.9,1.0,67.0,0.2,100.0,563.0,48.5,126428.7,60085.2,0.0,0.0
608,59.4,2.806,2805.5,76.125,16.8,9.4,0.0,0.0,2899.0,289.9,1000.0,2048.0,643.1,119.09,74.0,100.0,2.73,5.16,4.88,16.8,1.0,67.0,0.2,100.0,563.0,48.4,126428.7,60078.0,0.0,0.0
609,65.6,2.755,2754.6,75.75,16.5,9.4,0.0,0.0,2900.0,290.0,1000.0,2048.0,643.1,120.01,75.0,100.0,2.73,5.16,4.88,16.6,1.0,67.0,0.3,100.0,563.0,48.4,126428.7,60070.0,0.0,0.0
610,59.4,2.944,2944.1,75.5,16.4,9.4,0.0,0.0,2899.0,289.9,1000.0,2048.0,643.1,120.01,75.0,100.0,2.73,5.16,4.88,16.4,1.0,67.0,0.2,100.0,563.0,48.4,126428.7,60070.2,0.0,0.0
611,65.6,4.046,4046.3,78.5,16.7,9.4,0.0,0.0,2807.0,266.67,1000.0,2048.0,643.1,114.0,74.0,95.0,2.73,5.16,4.88,16.6,1.0,67.1,0.3,90.0,563.0,47.2,126428.7,58518.2,0.0,0.0
612,68.8,1.902,1901.7,81.625,17.5,9.4,0.0,0.1,2734.0,257.0,1000.0,2048.0,643.1,122.03,82.0,94.0,2.73,5.16,4.88,17.5,1.0,67.1,0.3,100.0,563.0,47.2,126428.7,58503.1,0.0,0.0
613,81.2,3.69,3690.5,82.25,19.1,9.4,0.0,0.0,2575.0,226.6,1000.0,2048.0,643.1,116.0,65.0,88.0,2.73,4.91,4.83,19.2,1.0,67.0,0.3,97.0,563.0,47.2,126428.7,58551.8,0.0,0.0
614,65.6,1.891,1890.9,82.125,18.9,9.4,0.0,0.0,2621.0,241.13,1000.0,2048.0,643.1,121.07,77.0,92.0,2.73,4.91,4.83,18.8,1.0,67.1,0.3,73.0,563.0,47.5,126428.7,58932.6,0.0,0.0
615,78.1,1.889,1889.0,80.625,20.1,9.4,0.0,0.0,2660.0,255.36,1000.0,2048.0,643.1,120.04,78.0,96.0,2.73,4.91,4.83,20.2,1.0,67.1,0.3,74.7,563.0,47.5,126428.7,58924.5,0.0,0.0
616,75.0,1.898,1898.1,79.625,20.0,9.4,0.0,0.0,2694.0,264.01,1000.0,2048.0,643.1,120.01,78.0,98.0,2.73,4.91,4.83,20.0,1.0,67.1,0.4,100.0,563.0,47.5,126428.7,58923.6,0.0,0.0
617,84.4,1.886,1886.2,79.125,19.5,9.4,0.0,0.0,2733.0,267.83,1000.0,2048.0,643.1,120.01,77.0,98.0,2.73,4.91,4.83,19.5,1.0,67.1,0.3,100.0,563.0,47.5,126428.7,58924.0,0.0,0.0
618,84.4,1.899,1898.9,78.75,19.4,9.4,0.0,0.0,2721.0,269.38,1000.0,2048.0,643.1,120.01,78.0,99.0,2.73,4.75,4.8,19.3,1.0,67.1,0.3,100.0,563.0,47.5,126428.7,58925.3,0.0,0.0
619,84.4,1.9,1899.9,78.5,19.3,9.4,0.0,0.0,2704.0,267.7,1000.0,2048.0,643.1,119.1,77.0,99.0,2.73,4.75,4.8,19.3,1.0,67.0,0.3,100.0,563.0,47.5,126428.7,58926.1,0.0,0.0
620,87.5,1.9,1900.0,78.5,19.0,9.4,0.0,0.0,2697.0,267.0,1000.0,2048.0,643.1,119.1,77.0,99.0,2.73,4.75,4.8,19.0,1.0,67.1,0.3,100.0,563.0,47.5,126428.7,58926.9,0.0,0.0
621,90.6,1.888,1888.0,78.5,19.1,9.4,0.0,0.0,2697.0,267.0,1000.0,2048.0,643.1,120.0,79.0,99.0,2.73,4.75,4.8,19.2,1.0,67.1,0.3,100.0,563.0,47.5,126428.7,58928.5,0.0,0.0
622,84.4,1.903,1902.8,78.5,19.6,9.4,0.0,0.1,2690.0,266.31,1000.0,2048.0,643.1,119.1,77.0,99.0,2.73,4.75,4.8,19.8,1.0,67.1,0.4,76.0,563.0,47.5,126428.7,58911.0,0.0,0.0
623,84.4,1.9,1899.5,78.375,19.4,9.4,0.0,0.0,2694.0,264.01,1000.0,2048.0,643.1,119.09,76.0,98.0,2.73,4.61,4.77,19.4,1.0,66.8,0.3,98.0,563.0,47.5,126428.7,58928.7,0.0,0.0
624,87.5,1.901,1901.1,78.375,20.0,9.4,0.0,0.0,2729.0,270.17,1000.0,2048.0,643.1,120.01,77.0,99.0,2.73,4.61,4.77,20.0,1.0,66.5,0.2,60.6,563.0,47.5,126428.7,58942.5,0.0,0.0
625,87.5,1.884,1883.7,78.5,20.1,9.4,0.0,0.0,2705.0,262.38,1000.0,2048.0,643.1,120.03,78.0,97.0,2.73,4.61,4.77,20.0,1.0,63.8,0.4,69.0,563.0,47.6,126428.7,58953.2,0.0,0.0
626,75.0,1.889,1888.9,78.5,19.9,9.4,0.0,0.0,2746.0,269.11,1000.0,2048.0,643.1,119.09,77.0,98.0,2.73,4.61,4.77,19.8,1.0,67.4,0.3,100.0,563.0,47.5,126428.7,58917.0,0.0,0.0
627,81.2,1.891,1891.2,78.625,19.7,9.4,0.0,0.0,2733.0,267.83,1000.0,2048.0,643.1,120.01,78.0,98.0,2.73,4.61,4.77,19.8,1.0,67.1,0.3,100.0,563.0,47.5,126428.7,58918.0,0.0,0.0
628,84.4,2.377,2376.7,78.125,19.6,9.4,0.0,0.0,2770.0,271.46,1000.0,2048.0,643.1,118.05,77.0,98.0,2.73,4.4,4.72,19.7,1.0,66.6,0.3,98.0,563.0,47.5,126428.7,58910.3,0.0,0.0
629,81.2,2.991,2990.8,77.375,17.7,9.4,0.0,0.0,2851.0,282.25,1000.0,2048.0,643.1,119.09,75.0,99.0,2.73,4.4,4.72,17.6,1.0,66.5,0.3,93.1,563.0,47.5,126428.7,58918.1,0.0,0.0
630,71.9,3.024,3023.9,76.625,17.7,9.4,0.0,0.0,2881.0,285.22,1000.0,2048.0,643.1,120.04,75.0,99.0,2.73,4.4,4.72,17.8,1.0,67.8,0.3,80.8,563.0,47.5,126428.7,58925.2,0.0,0.0
631,75.0,3.107,3107.4,76.125,17.7,9.4,0.0,0.0,2893.0,286.41,1000.0,2048.0,643.1,120.03,75.0,99.0,2.73,4.4,4.72,17.7,1.0,67.0,0.3,100.0,563.0,47.5,126428.7,58934.7,0.0,0.0
632,65.6,3.191,3191.4,76.375,17.6,9.4,0.0,0.0,2897.0,286.8,1000.0,2048.0,643.1,119.09,74.0,99.0,2.73,4.4,4.72,17.7,1.0,67.1,0.3,99.0,563.0,47.5,126428.7,58946.6,0.0,0.0
633,56.2,3.148,3147.7,77.0,17.5,9.4,0.0,0.0,2899.0,287.0,1000.0,2048.0,643.1,119.09,74.0,99.0,2.73,4.29,4.7,17.4,1.0,66.7,0.3,99.0,563.0,47.5,126428.7,58936.6,0.0,0.0
634,65.6,2.864,2864.4,77.5,17.1,9.4,0.0,0.0,2899.0,287.0,1000.0,2048.0,643.1,120.01,74.0,99.0,2.73,4.29,4.7,17.2,1.0,66.7,0.3,99.0,563.0,47.5,126428.7,58926.0,0.0,0.0
635,68.8,3.123,3122.8,77.0,17.3,9.4,0.0,0.0,2899.0,289.9,1000.0,2048.0,643.1,120.01,74.0,100.0,2.73,4.29,4.7,17.3,1.0,67.5,0.3,100.0,563.0,47.5,126428.7,58909.9,0.0,0.0
636,62.5,3.033,3033.3,76.625,17.4,9.4,0.0,0.0,2899.0,289.9,1000.0,2048.0,643.1,120.01,75.0,100.0,2.73,4.29,4.7,17.4,1.0,67.1,0.3,100.0,563.0,47.5,126428.7,58925.5,0.0,0.0
637,71.9,3.084,3083.5,76.25,17.4,9.4,0.0,0.0,2899.0,289.9,1000.0,2048.0,643.1,120.01,75.0,100.0,2.73,4.29,4.7,17.4,1.0,66.9,0.4,100.0,563.0,47.5,126428.7,58925.1,0.0,0.0
638,71.9,2.935,2935.4,76.0,17.5,9.4,0.0,0.8,2900.0,290.0,1000.0,2048.0,643.1,120.01,74.0,100.0,2.74,4.27,4.68,17.6,1.0,67.5,0.3,100.0,563.0,47.5,126428.7,58925.0,0.0,0.0
639,68.8,3.004,3003.5,76.375,17.5,9.4,0.0,0.0,2900.0,290.0,1000.0,2048.0,643.1,120.01,74.0,100.0,2.74,4.27,4.68,17.6,1.0,67.2,0.3,100.0,563.0,47.5,126428.7,58911.2,0.0,0.0
640,71.9,3.243,3243.2,76.25,17.4,9.4,0.0,0.0,2900.0,290.0,1000.0,2048.0,643.1,119.09,74.0,100.0,2.74,4.27,4.68,17.4,1.0,66.9,0.3,100.0,563.0,47.5,126428.7,58929.8,0.0,0.0
641,75.0,2.853,2852.7,76.0,17.5,9.4,0.0,0.0,2900.0,290.0,1000.0,2048.0,643.1,120.0,75.0,100.0,2.74,4.27,4.68,17.5,1.0,66.1,0.3,100.0,563.0,47.5,126428.7,58931.4,0.0,0.0
642,65.6,3.13,3129.5,83.375,15.3,9.4,0.0,0.1,2562.0,222.89,1000.0,2048.0,643.1,112.09,78.0,87.0,2.74,4.27,4.68,15.4,1.0,67.4,0.3,65.0,563.0,48.2,126428.7,59726.5,0.0,0.0
643,75.0,1.919,1919.4,84.0,17.6,9.4,0.0,0.0,2660.0,244.72,1000.0,2048.0,643.1,125.02,83.0,92.0,2.74,4.17,4.66,17.5,1.0,68.2,0.3,60.0,563.0,48.2,126428.7,59741.0,0.0,0.0
644,71.9,3.165,3165.1,83.75,18.0,9.4,0.0,0.1,2677.0,243.61,1000.0,2048.0,643.1,122.04,76.0,91.0,2.74,4.17,4.66,18.0,1.0,66.5,0.3,85.9,563.0,48.6,126428.7,60259.6,0.0,0.0
645,71.9,2.885,2885.4,81.0,18.1,9.4,0.0,0.0,2816.0,270.34,1000.0,2048.0,643.1,121.01,75.0,96.0,2.74,4.17,4.66,18.1,1.0,67.6,0.3,100.0,563.0,48.6,126428.7,60241.3,0.0,0.0
646,62.5,2.937,2937.4,79.375,17.7,9.4,0.0,0.0,2869.0,281.16,1000.0,2048.0,643.1,120.08,76.0,98.0,2.74,4.17,4.66,17.8,1.0,66.3,0.3,100.0,562.0,48.6,126428.7,60224.8,0.0,0.0
647,81.2,3.084,3084.1,78.25,17.8,9.4,0.0,0.0,2888.0,285.91,1000.0,2048.0,643.1,120.04,74.0,99.0,2.74,4.17,4.66,18.0,1.0,67.5,0.3,100.0,562.0,48.6,126428.7,60222.4,0.0,0.0
648,75.0,3.232,3231.9,77.5,17.7,9.4,0.0,0.0,2895.0,286.6,1000.0,2048.0,643.1,120.02,75.0,99.0,2.77,4.47,4.71,17.7,1.0,67.1,0.3,100.0,562.0,48.6,126428.7,60239.3,0.0,0.0
649,81.2,3.117,3117.3,76.875,18.1,9.4,0.0,0.0,2898.0,286.9,1000.0,2048.0,643.1,120.01,75.0,99.0,2.77,4.47,4.71,18.1,1.0,63.9,0.3,80.0,562.0,48.6,126428.7,60238.6,0.0,0.0
650,68.8,3.129,3128.7,77.375,18.3,9.4,0.0,0.0,2899.0,287.0,1000.0,2048.0,643.1,120.01,75.0,99.0,2.77,4.47,4.71,18.3,1.0,67.0,0.2,85.0,562.0,48.6,126428.7,60232.5,0.0,0.0
651,75.0,3.098,3098.1,77.125,18.4,9.4,0.0,0.0,2899.0,289.9,1000.0,2048.0,643.1,120.01,75.0,100.0,2.77,4.47,4.71,18.7,1.0,67.1,0.3,100.0,562.0,48.6,126428.7,60234.1,0.0,0.0
652,81.2,3.017,3017.0,77.0,18.4,9.4,0.0,0.0,2899.0,289.9,1000.0,2048.0,643.1,120.0,75.0,100.0,2.77,4.47,4.71,18.4,1.0,67.0,0.3,100.0,562.0,48.6,126428.7,60241.4,0.0,0.0
653,84.4,2.936,2936.1,76.5,18.5,9.4,0.0,0.0,2899.0,287.0,1000.0,2048.0,643.1,120.01,75.0,99.0,2.78,4.59,4.73,18.6,1.0,67.1,0.3,100.0,562.0,48.6,126428.7,60242.0,0.0,0.0
654,81.2,2.969,2969.2,76.125,18.5,9.4,0.0,0.0,2896.0,286.7,1000.0,2048.0,643.1,119.09,75.0,99.0,2.78,4.59,4.73,18.7,1.0,67.0,0.3,72.0,562.0,48.6,126428.7,60249.7,0.0,0.0
655,78.1,2.982,2982.2,76.125,17.7,9.4,0.0,0.1,2898.0,286.9,1000.0,2048.0,643.1,120.01,75.0,99.0,2.78,4.59,4.73,17.7,1.0,67.1,0.3,67.7,562.0,48.6,126428.7,60263.5,0.0,0.0
656,78.1,2.99,2989.7,76.25,18.0,9.4,0.0,0.0,2899.0,287.0,1000.0,2048.0,643.1,120.0,75.0,99.0,2.78,4.59,4.73,18.1,1.0,67.0,0.3,100.0,562.0,48.6,126428.7,60243.3,0.0,0.0
657,56.2,2.731,2731.4,76.625,17.7,9.4,0.0,0.0,2899.0,287.0,1000.0,2048.0,643.1,120.0,75.0,99.0,2.78,4.59,4.73,17.5,1.0,67.1,0.3,100.0,562.0,48.6,126428.7,60257.1,0.0,0.0
658,65.6,2.643,2642.9,76.5,17.6,9.4,0.0,0.0,2900.0,290.0,1000.0,2048.0,643.1,120.01,75.0,100.0,2.8,4.63,4.74,17.6,1.0,67.0,0.3,100.0,562.0,48.6,126428.7,60240.8,0.0,0.0
659,59.4,2.723,2722.7,76.5,17.5,9.4,0.0,0.0,2900.0,290.0,1000.0,2048.0,643.1,120.01,75.0,100.0,2.8,4.63,4.74,17.4,1.0,67.1,0.2,100.0,562.0,48.6,126428.7,60234.1,0.0,0.0
660,56.2,2.628,2628.4,76.25,17.5,9.4,0.0,0.0,2899.0,289.9,1000.0,2048.0,643.1,119.09,75.0,100.0,2.8,4.63,4.74,17.4,1.0,67.0,0.3,100.0,562.0,48.6,126428.7,60228.1,0.0,0.0
661,65.6,2.722,2721.9,76.0,17.6,9.4,0.0,0.0,2900.0,287.1,1000.0,2048.0,643.1,120.0,75.0,99.0,2.8,4.63,4.74,17.6,1.0,67.1,0.3,100.0,562.0,48.6,126428.7,60225.5,0.0,0.0
662,62.5,2.846,2846.4,76.0,17.4,9.4,0.0,0.0,2900.0,290.0,1000.0,2048.0,643.1,119.1,75.0,100.0,2.8,4.63,4.74,17.4,1.0,67.0,0.3,100.0,562.0,48.6,126428.7,60228.4,0.0,0.0
663,65.6,2.87,2869.8,76.0,17.6,9.4,0.0,0.0,2900.0,287.1,1000.0,2048.0,643.1,120.0,75.0,99.0,2.82,4.82,4.77,17.5,1.0,67.0,0.3,100.0,562.0,48.6,126428.7,60220.9,0.0,0.0
664,71.9,2.666,2665.9,75.875,17.7,9.4,0.0,0.0,2900.0,287.1,1000.0,2048.0,643.1,120.01,76.0,99.0,2.82,4.82,4.77,17.6,1.0,67.1,0.3,100.0,562.0,48.6,126428.7,60219.2,0.0,0.0
665,59.4,2.888,2887.8,76.125,17.6,9.4,0.0,0.0,2900.0,287.1,1000.0,2048.0,643.1,119.1,75.0,99.0,2.82,4.82,4.77,17.5,1.0,67.0,0.2,100.0,562.0,48.5,126428.7,60206.4,0.0,0.0
666,68.8,2.834,2833.8,76.625,17.5,9.4,0.0,0.0,2900.0,290.0,1000.0,2048.0,643.1,119.09,75.0,100.0,2.82,4.82,4.77,17.5,1.0,67.1,0.3,100.0,562.0,48.5,126428.7,60206.4,0.0,0.0
667,65.6,2.635,2635.2,76.5,17.6,9.4,0.0,0.0,2900.0,287.1,1000.0,2048.0,643.1,120.0,75.0,99.0,2.82,4.82,4.77,17.7,1.0,67.0,0.3,99.0,562.0,48.5,126428.7,60208.3,0.0,0.0
668,65.6,2.705,2705.1,77.125,17.4,9.4,0.0,0.0,2900.0,287.1,1000.0,2048.0,643.1,120.0,75.0,99.0,2.83,4.83,4.78,17.3,1.0,67.1,0.3,99.0,562.0,48.5,126428.7,60207.0,0.0,0.0
669,75.0,2.756,2755.5,77.0,17.5,9.4,0.0,0.8,2900.0,287.1,1000.0,2048.0,643.1,120.01,75.0,99.0,2.83,4.83,4.78,17.5,1.0,67.0,0.3,99.0,562.0,48.5,126428.7,60209.7,0.0,0.0
670,78.1,3.658,3657.9,78.875,17.1,9.4,0.0,0.0,2560.0,217.6,1000.0,2048.0,643.1,110.04,61.0,85.0,2.83,4.83,4.78,17.2,1.0,67.1,0.3,85.9,562.0,49.1,126428.7,60918.9,0.0,0.0
671,53.1,3.372,3371.7,87.875,13.2,9.4,0.0,0.0,2228.0,151.5,1000.0,2048.0,643.1,87.07,71.0,68.0,2.83,4.83,4.78,13.1,1.0,67.0,0.2,96.0,563.0,47.7,126428.7,59130.4,0.0,0.0
672,65.6,2.665,2665.2,92.375,16.5,9.4,0.0,0.0,2417.0,203.03,1000.0,2048.0,643.1,116.08,80.0,84.0,2.83,4.83,4.78,16.5,1.0,67.1,0.3,92.1,563.0,47.7,126428.7,59128.5,0.0,0.0
673,68.8,3.537,3536.7,92.125,16.9,9.4,0.0,0.1,2516.0,223.92,1000.0,2048.0,643.1,124.1,75.0,89.0,2.84,4.85,4.78,16.9,1.0,67.0,0.3,90.9,563.0,48.1,126428.7,59610.9,0.0,0.0
674,56.2,2.69,2689.5,90.375,16.8,9.4,0.0,0.0,2738.0,260.11,1000.0,2048.0,643.1,128.02,76.0,95.0,2.84,4.85,4.78,16.8,1.0,67.1,0.3,98.0,563.0,48.1,126428.7,59609.5,0.0,0.0
675,65.6,2.58,2579.7,84.875,17.8,9.4,0.0,0.0,2841.0,278.42,1000.0,2048.0,643.1,124.02,76.0,98.0,2.84,4.85,4.78,17.7,1.0,67.0,0.2,79.8,563.0,48.0,126428.7,59577.9,0.0,0.0
676,68.8,2.544,2543.9,81.5,17.7,9.4,0.0,0.1,2878.0,284.92,1000.0,2048.0,643.1,121.07,76.0,99.0,2.84,4.85,4.78,17.7,1.0,67.0,0.3,90.9,563.0,48.1,126428.7,59592.2,0.0,0.0
677,53.1,2.576,2575.7,79.375,17.8,9.4,0.0,0.0,2892.0,286.31,1000.0,2048.0,643.1,120.06,76.0,99.0,2.84,4.85,4.78,17.7,1.0,67.1,0.3,100.0,563.0,48.0,126428.7,59575.4,0.0,0.0
678,59.4,2.402,2402.5,78.125,18.0,9.4,0.0,0.0,2897.0,286.8,1000.0,2048.0,643.1,120.02,76.0,99.0,2.86,4.94,4.8,18.0,1.0,67.0,0.3,100.0,563.0,48.0,126428.7,59575.6,0.0,0.0
679,62.5,2.446,2445.8,77.375,18.1,9.4,0.0,0.0,2899.0,287.0,1000.0,2048.0,643.1,120.01,76.0,99.0,2.86,4.94,4.8,18.1,1.0,67.0,0.2,100.0,563.0,48.0,126428.7,59557.4,0.0,0.0
680,59.4,2.505,2504.6,76.875,17.7,9.4,0.0,0.0,2900.0,287.1,1000.0,2048.0,643.1,120.01,76.0,99.0,2.86,4.94,4.8,17.6,1.0,67.0,0.3,100.0,563.0,48.0,126428.7,59554.4,0.0,0.0
681,71.9,2.384,2383.8,76.625,17.9,9.4,0.0,0.0,2900.0,287.1,1000.0,2048.0,643.1,119.08,76.0,99.0,2.86,4.94,4.8,18.0,1.0,67.1,0.3,100.0,563.0,48.0,126428.7,59546.7,0.0,0.0
682,62.5,2.885,2885.4,76.375,18.0,9.4,0.0,0.0,2818.0,270.53,1000.0,2048.0,643.1,117.02,66.0,96.0,2.86,4.94,4.8,17.8,1.0,67.0,0.2,99.0,563.0,48.0,126428.7,59546.3,0.0,0.0
683,59.4,3.451,3451.0,86.0,15.6,9.4,0.0,0.0,2429.0,201.61,1000.0,2048.0,643.1,116.06,78.0,83.0,2.87,4.94,4.81,15.6,1.0,67.1,0.3,67.0,563.0,48.6,126428.7,60270.4,0.0,0.0
684,68.8,3.307,3307.4,85.875,19.1,9.4,0.0,0.0,2548.0,221.68,1000.0,2048.0,643.1,119.05,74.0,87.0,2.87,4.94,4.81,19.1,1.0,67.0,0.3,92.0,563.0,48.9,126428.7,60618.4,0.0,0.0
685,68.8,1.953,1953.0,83.625,18.9,9.4,0.0,0.0,2746.0,258.12,1000.0,2048.0,643.1,121.07,78.0,94.0,2.87,4.94,4.81,18.9,1.0,67.0,0.3,95.1,563.0,49.0,126428.7,60725.4,0.0,0.0
686,71.9,2.591,2590.9,80.75,18.3,9.4,0.0,0.1,2843.0,275.77,1000.0,2048.0,643.1,120.04,76.0,97.0,2.87,4.94,4.81,18.3,1.0,67.1,0.2,90.9,563.0,49.0,126428.7,60720.9,0.0,0.0
687,78.1,2.318,2317.6,79.0,17.5,9.4,0.0,0.0,2879.0,285.02,1000.0,2048.0,643.1,120.03,76.0,99.0,2.87,4.94,4.81,17.6,1.0,67.0,0.3,99.0,563.0,49.0,126428.7,60722.5,0.0,0.0
688,65.6,2.452,2451.9,78.0,17.7,9.4,0.0,0.0,2892.0,286.31,1000.0,2048.0,643.1,120.0,76.0,99.0,2.88,4.95,4.81,17.5,1.0,67.0,0.2,99.0,563.0,49.0,126428.7,60721.7,0.0,0.0
689,62.5,2.939,2939.2,81.625,15.6,9.4,0.0,0.0,2435.0,197.24,1000.0,2048.0,643.2,111.04,67.0,81.0,2.88,4.95,4.81,15.6,1.0,67.0,0.3,92.0,563.0,47.4,126428.7,58788.7,0.0,0.0
690,78.1,1.927,1926.7,84.25,18.0,9.4,0.0,0.0,2664.0,245.09,1000.0,2048.0,643.2,125.04,81.0,92.0,2.88,4.95,4.81,18.1,1.0,67.1,0.3,94.0,563.0,48.3,126428.7,59865.4,0.0,0.0
691,84.4,1.979,1979.4,83.625,17.9,9.4,0.0,0.0,2701.0,248.49,1000.0,2048.0,643.2,123.0,78.0,92.0,2.88,4.95,4.81,17.9,1.0,67.0,0.3,100.0,563.0,48.7,126428.7,60397.3,0.0,0.0
692,75.0,2.418,2418.4,81.125,20.3,9.4,0.0,0.0,2826.0,271.3,1000.0,2048.0,643.2,119.09,76.0,96.0,2.88,4.95,4.81,20.3,1.0,67.0,0.2,99.0,563.0,48.7,126428.7,60385.9,0.0,0.0
693,71.9,2.877,2877.0,79.125,17.5,9.4,0.0,0.0,2873.0,281.55,1000.0,2048.0,643.2,120.05,76.0,98.0,2.91,5.19,4.86,17.4,1.0,67.1,0.3,59.6,563.0,48.7,126428.7,60379.8,0.0,0.0
694,65.6,2.641,2641.3,77.875,18.0,9.4,0.0,0.0,2890.0,286.11,1000.0,2048.0,643.2,120.02,75.0,99.0,2.91,5.19,4.86,18.1,1.0,67.0,0.3,83.7,563.0,48.7,126428.7,60373.4,0.0,0.0
695,68.8,2.549,2548.9,77.25,18.0,9.4,0.0,0.0,2894.0,286.51,1000.0,2048.0,643.2,119.09,76.0,99.0,2.91,5.19,4.86,17.9,1.0,67.0,0.2,96.0,562.0,48.7,126428.7,60375.6,0.0,0.0
696,75.0,2.737,2737.3,76.75,18.0,9.4,0.0,0.0,2898.0,286.9,1000.0,2048.0,643.2,120.0,75.0,99.0,2.91,5.19,4.86,18.0,1.0,67.1,0.3,88.1,562.0,48.7,126428.7,60373.7,0.0,0.0
697,59.4,2.78,2780.2,76.5,17.8,9.4,0.0,0.0,2899.0,287.0,1000.0,2048.0,643.2,119.07,75.0,99.0,2.91,5.19,4.86,17.8,1.0,67.0,0.3,93.0,562.0,48.7,126428.7,60365.9,0.0,0.0
698,75.0,2.446,2445.9,76.25,17.9,9.4,0.0,0.0,2900.0,287.1,1000.0,2048.0,643.2,119.08,76.0,99.0,2.94,5.42,4.92,18.1,1.0,67.0,0.2,97.0,562.0,48.7,126428.7,60364.8,0.0,0.0
699,78.1,2.508,2507.5,76.25,18.1,9.4,0.0,0.8,2900.0,287.1,1000.0,2048.0,643.2,119.09,76.0,99.0,2.94,5.42,4.92,17.9,1.0,67.1,0.3,87.1,562.0,48.7,126428.7,60363.1,0.0,0.0
700,75.0,2.703,2703.2,76.125,17.9,9.4,0.0,0.0,2898.0,286.9,1000.0,2048.0,643.2,120.0,76.0,99.0,2.94,5.42,4.92,18.0,1.0,67.0,0.3,89.9,562.0,48.7,126428.7,60363.8,0.0,0.0
701,68.8,2.651,2650.8,76.0,17.7,9.4,0.0,0.0,2899.0,287.0,1000.0,2048.0,643.2,120.0,76.0,99.0,2.94,5.42,4.92,17.7,1.0,67.0,0.2,91.9,562.0,48.7,126428.7,60363.0,0.0,0.0
702,78.1,2.816,2816.1,75.875,17.8,9.4,0.0,0.0,2900.0,287.1,1000.0,2048.0,643.2,120.01,75.0,99.0,2.94,5.42,4.92,17.8,1.0,67.0,0.3,80.2,562.0,48.7,126428.7,60366.4,0.0,0.0
703,62.5,2.759,2758.6,75.75,17.5,9.4,0.0,0.1,2900.0,287.1,1000.0,2048.0,643.2,120.01,76.0,99.0,2.96,5.63,4.97,17.7,1.0,67.1,0.3,70.7,562.0,48.7,126428.7,60367.2,0.0,0.0
704,50.0,3.448,3448.3,83.875,16.1,9.4,0.0,0.0,2435.0,197.24,1000.0,2048.0,643.2,110.05,77.0,81.0,2.96,5.63,4.97,16.0,1.0,67.0,0.2,63.0,563.0,48.3,126428.7,59867.7,0.0,0.0
705,65.6,2.206,2205.6,85.625,17.9,9.4,0.0,0.0,2589.0,230.42,1000.0,2048.0,643.2,123.07,83.0,89.0,2.96,5.63,4.97,18.0,1.0,67.0,0.3,72.0,563.0,48.3,126428.7,59858.7,0.0,0.0
706,62.5,3.815,3815.4,88.0,16.1,9.4,0.0,0.0,2562.0,210.08,1000.0,2048.0,643.2,104.06,61.0,82.0,2.96,5.63,4.97,16.0,1.0,67.1,0.3,61.2,565.0,46.9,126428.7,58066.4,0.0,0.0
707,65.6,2.851,2851.2,88.125,16.8,9.4,0.0,0.1,2577.0,229.35,1000.0,2048.0,643.2,122.0,83.0,89.0,2.96,5.63,4.97,17.0,1.0,67.0,0.2,58.0,565.0,46.9,126428.7,58064.0,0.0,0.0
708,65.6,2.756,2756.5,87.125,18.3,9.4,0.0,0.0,2641.0,235.05,1000.0,2048.0,643.4,122.04,75.0,89.0,3.0,5.9,5.03,18.2,1.0,67.0,0.3,57.1,565.0,46.9,126428.7,58067.9,0.0,0.0
709,56.2,2.003,2003.1,85.375,18.5,9.4,0.0,0.0,2617.0,238.15,1000.0,2048.0,643.4,123.04,79.0,91.0,3.0,5.9,5.03,18.5,1.0,67.1,0.3,63.4,565.0,47.2,126428.7,58486.9,0.0,0.0
710,78.1,1.949,1948.6,82.875,20.3,9.4,0.0,0.0,2653.0,252.04,1000.0,2048.0,643.4,121.01,79.0,95.0,3.0,5.9,5.03,20.2,1.0,67.0,0.2,97.0,565.0,47.2,126428.7,58460.3,0.0,0.0
711,78.1,1.942,1942.0,81.25,20.2,9.4,0.0,0.0,2711.0,262.97,1000.0,2048.0,643.4,120.01,79.0,97.0,3.0,5.9,5.03,20.2,1.0,67.0,0.3,98.0,564.0,47.2,126428.7,58452.4,0.0,0.0
712,81.2,1.926,1926.2,80.375,20.1,9.4,0.0,0.0,2777.0,272.15,1000.0,2048.0,643.4,119.1,79.0,98.0,3.0,5.9,5.03,20.1,1.0,67.0,0.3,98.0,564.0,47.2,126428.7,58458.3,0.0,0.0
713,78.1,1.885,1885.3,79.875,20.3,9.4,0.0,0.0,2768.0,271.26,1000.0,2048.0,643.4,119.09,79.0,98.0,3.04,6.31,5.13,20.3,1.0,67.1,0.2,86.9,564.0,47.2,126428.7,58451.4,0.0,0.0
714,81.2,2.01,2010.5,79.5,20.7,9.4,0.0,0.0,2753.0,269.79,1000.0,2048.0,643.4,119.08,79.0,98.0,3.04,6.31,5.13,20.7,1.0,67.0,0.3,79.8,564.0,47.2,126428.7,58451.3,0.0,0.0
715,96.9,1.962,1962.2,79.0,20.2,9.4,0.0,0.0,2803.0,274.69,1000.0,2048.0,643.4,120.04,77.0,98.0,3.04,6.31,5.13,20.4,1.0,67.0,0.3,56.0,564.0,47.1,126428.7,58439.1,0.0,0.0
716,90.6,2.879,2878.8,78.0,19.9,9.4,0.0,0.0,2864.0,283.54,1000.0,2048.0,643.4,118.05,76.0,99.0,3.04,6.31,5.13,19.8,1.0,67.1,0.2,65.7,564.0,47.1,126428.7,58433.0,0.0,0.0
717,75.0,2.867,2867.3,77.125,17.5,9.4,0.0,0.0,2886.0,285.71,1000.0,2048.0,643.4,119.1,75.0,99.0,3.04,6.31,5.13,17.5,1.0,67.0,0.3,55.0,564.0,47.1,126428.7,58433.5,0.0,0.0
718,71.9,2.852,2852.4,76.5,17.5,9.4,0.0,0.1,2895.0,286.6,1000.0,2048.0,643.4,120.03,76.0,99.0,3.05,6.12,5.11,17.5,1.0,67.0,0.3,70.7,562.0,47.1,126428.7,58435.4,0.0,0.0
719,68.8,3.012,3011.8,76.125,17.8,9.4,0.0,0.0,2898.0,286.9,1000.0,2048.0,643.4,120.02,75.0,99.0,3.05,6.12,5.11,17.8,1.0,67.0,0.2,88.0,562.0,47.1,126428.7,58430.9,0.0,0.0
720,81.2,2.745,2745.4,75.875,17.9,9.4,0.0,0.0,2899.0,287.0,1000.0,2048.0,643.4,120.02,75.0,99.0,3.05,6.12,5.11,17.9,1.0,67.1,0.3,88.0,562.0,47.1,126428.7,58429.0,0.0,0.0
721,62.5,2.875,2874.8,75.75,17.9,9.4,0.0,0.0,2900.0,287.1,1000.0,2048.0,643.4,119.09,75.0,99.0,3.05,6.12,5.11,17.9,1.0,67.0,0.3,86.0,562.0,47.2,126428.7,58463.9,0.0,0.0
722,71.9,2.855,2854.6,75.625,17.7,9.4,0.0,0.0,2899.0,287.0,1000.0,2048.0,643.4,119.08,75.0,99.0,3.05,6.12,5.11,17.5,1.0,67.0,0.2,84.8,562.0,47.2,126428.7,58463.8,0.0,0.0
723,78.1,2.782,2782.0,75.625,18.1,9.4,0.0,0.0,2900.0,287.1,1000.0,2048.0,643.4,119.08,75.0,99.0,3.04,5.79,5.06,18.4,1.0,67.1,0.3,82.8,562.0,47.2,126428.7,58442.8,0.0,0.0
724,84.4,2.757,2756.7,75.625,17.6,9.4,0.0,0.0,2897.0,286.8,1000.0,2048.0,643.4,119.09,75.0,99.0,3.04,5.79,5.06,17.6,1.0,67.0,0.3,88.9,562.0,47.1,126428.7,58431.2,0.0,0.0
725,68.8,2.863,2863.4,75.625,17.5,9.4,0.0,0.0,2899.0,287.0,1000.0,2048.0,643.4,119.09,76.0,99.0,3.04,5.79,5.06,17.4,1.0,67.0,0.2,90.0,562.0,47.1,126428.7,58438.2,0.0,0.0
726,75.0,3.776,3776.0,79.25,16.4,9.4,0.0,0.0,2494.0,202.01,1000.0,2048.0,643.4,104.06,64.0,81.0,3.04,5.79,5.06,16.4,1.0,67.1,0.3,62.0,562.0,48.0,126428.7,59557.3,0.0,0.0
727,68.8,2.75,2749.6,83.375,16.8,9.4,0.0,0.0,2538.0,220.81,1000.0,2048.0,643.4,120.04,82.0,87.0,3.04,5.79,5.06,16.7,1.0,67.0,0.3,82.0,562.0,47.6,126428.7,59059.5,0.0,0.0
728,71.9,2.662,2662.0,84.25,19.5,9.4,0.0,0.0,2617.0,235.53,1000.0,2048.0,643.4,122.0,81.0,90.0,3.03,5.49,5.01,19.5,1.0,67.0,0.3,61.6,562.0,47.6,126428.7,59051.6,0.0,0.0
729,81.2,1.962,1962.5,83.5,18.7,9.4,0.0,0.9,2607.0,237.24,1000.0,2048.0,643.4,123.0,78.0,91.0,3.03,5.49,5.01,18.9,1.0,67.1,0.2,80.0,562.0,48.0,126428.7,59563.8,0.0,0.0
730,84.4,1.932,1931.7,81.625,20.1,9.4,0.0,0.0,2658.0,255.17,1000.0,2048.0,643.4,121.0,78.0,96.0,3.03,5.49,5.01,19.9,1.0,67.0,0.3,50.0,562.0,48.0,126428.7,59556.2,0.0,0.0
731,81.2,1.914,1914.2,80.5,18.7,9.4,0.0,0.0,2685.0,263.13,1000.0,2048.0,643.4,120.04,79.0,98.0,3.03,5.49,5.01,18.8,1.0,67.0,0.2,68.0,562.0,48.0,126428.7,59555.5,0.0,0.0
732,75.0,1.908,1907.8,79.875,18.7,9.4,0.0,0.0,2712.0,265.78,1000.0,2048.0,643.4,120.0,79.0,98.0,3.03,5.49,5.01,18.6,1.0,67.0,0.3,63.4,562.0,48.0,126428.7,59541.9,0.0,0.0
733,71.9,1.933,1933.1,79.625,18.4,9.4,0.0,0.0,2718.0,266.36,1000.0,2048.0,643.4,119.1,79.0,98.0,3.03,5.21,4.96,18.3,1.0,67.0,0.2,98.0,562.0,48.0,126428.7,59542.8,0.0,0.0
734,84.4,1.915,1915.3,79.5,18.6,9.4,0.0,0.0,2722.0,266.76,1000.0,2048.0,643.4,120.0,79.0,98.0,3.03,5.21,4.96,18.6,1.0,67.0,0.2,98.0,562.0,48.0,126428.7,59522.3,0.0,0.0
735,78.1,2.696,2695.9,82.875,16.8,9.4,0.0,0.1,2671.0,251.07,1000.0,2048.0,644.2,115.08,81.0,94.0,3.03,5.21,4.96,16.9,1.0,67.0,0.3,71.0,563.0,46.5,126428.7,57669.3,0.0,0.0
736,75.0,1.885,1885.4,84.5,16.8,9.4,0.0,0.0,2721.0,258.5,1000.0,2048.0,644.2,124.01,83.0,95.0,3.03,5.21,4.96,16.8,1.0,67.0,0.2,68.7,563.0,46.5,126428.7,57670.2,0.0,0.0
737,65.6,3.068,3068.5,86.0,16.3,9.4,0.0,0.0,2541.0,221.07,1000.0,2048.0,644.3,118.06,78.0,87.0,3.03,5.21,4.96,16.3,1.0,67.0,0.2,84.0,563.0,47.0,126428.7,58199.2,0.0,0.0
738,78.1,1.907,1906.9,83.625,18.7,9.4,0.0,0.1,2751.0,258.59,1000.0,2048.0,644.3,123.01,80.0,94.0,3.03,5.03,4.93,18.6,1.0,67.0,0.3,76.0,563.0,46.9,126428.7,58179.6,0.0,0.0
739,68.8,1.866,1865.6,81.875,19.4,9.4,0.0,0.0,2771.0,268.79,1000.0,2048.0,644.3,120.07,78.0,97.0,3.03,5.03,4.93,19.4,1.0,67.0,0.2,90.9,563.0,46.9,126428.7,58176.0,0.0,0.0
740,68.8,1.872,1871.7,80.875,19.0,9.4,0.0,0.0,2726.0,264.42,1000.0,2048.0,644.3,119.08,73.0,97.0,3.03,5.03,4.93,19.0,1.0,67.0,0.3,97.0,563.0,46.9,126428.7,58178.7,0.0,0.0
741,65.6,4.231,4230.6,87.625,14.4,9.4,0.0,0.0,2564.0,212.81,1000.0,2048.0,644.3,94.0,71.0,83.0,3.03,5.03,4.93,14.3,1.0,67.1,0.3,53.0,563.0,47.7,126428.7,59086.3,0.0,0.0
742,75.0,3.005,3004.7,87.625,17.0,9.4,0.0,0.0,2567.0,231.03,1000.0,2048.0,644.3,118.09,82.0,90.0,3.03,5.03,4.93,17.0,1.0,67.0,0.3,100.0,563.0,47.7,126428.7,59074.6,0.0,0.0
743,71.9,3.329,3328.9,87.125,18.2,9.4,0.0,0.0,2621.0,238.51,1000.0,2048.0,644.3,125.03,79.0,91.0,3.02,4.79,4.88,18.2,1.0,67.1,0.3,100.0,563.0,47.6,126428.7,59007.9,0.0,0.0
744,71.9,1.972,1971.5,86.0,18.6,9.4,0.0,0.0,2586.0,237.91,1000.0,2048.0,644.3,127.01,80.0,92.0,3.02,4.79,4.88,18.5,1.0,67.1,0.3,100.0,562.0,48.0,126428.7,59511.2,0.0,0.0
745,90.6,2.055,2054.9,83.5,21.3,9.4,0.0,0.1,2607.0,250.27,1000.0,2048.0,644.3,122.07,76.0,96.0,3.02,4.79,4.88,21.4,1.0,67.0,0.2,100.0,562.0,48.0,126428.7,59501.9,0.0,0.0
746,96.9,1.911,1911.2,81.875,20.9,9.4,0.0,0.0,2615.0,256.27,1000.0,2048.0,644.3,121.0,79.0,98.0,3.02,4.79,4.88,21.0,1.0,67.1,0.3,100.0,562.0,48.0,126428.7,59494.6,0.0,0.0
747,93.8,1.919,1919.4,80.875,21.3,9.4,0.0,0.0,2608.0,255.58,1000.0,2048.0,644.3,120.04,79.0,98.0,3.02,4.79,4.88,21.4,1.0,67.0,0.3,100.0,562.0,48.0,126428.7,59495.9,0.0,0.0
748,90.6,1.908,1907.5,80.375,21.1,9.4,0.0,0.0,2629.0,257.64,1000.0,2048.0,644.3,120.01,79.0,98.0,3.02,4.56,4.83,21.2,1.0,67.1,0.3,100.0,562.0,48.0,126428.7,59495.8,0.0,0.0
749,96.9,1.886,1885.5,80.0,21.1,9.4,0.0,0.0,2619.0,256.66,1000.0,2048.0,644.3,120.0,79.0,98.0,3.02,4.56,4.83,21.2,1.0,67.0,0.3,100.0,562.0,48.0,126428.7,59479.6,0.0,0.0
750,93.8,1.919,1918.7,79.625,21.6,9.4,0.0,0.0,2678.0,262.44,1000.0,2048.0,644.3,119.09,78.0,98.0,3.02,4.56,4.83,21.6,1.0,67.1,0.3,100.0,562.0,48.0,126428.7,59462.6,0.0,0.0
751,96.9,1.893,1892.8,79.25,21.4,9.4,0.0,0.0,2687.0,263.33,1000.0,2048.0,644.3,120.0,78.0,98.0,3.02,4.56,4.83,21.5,1.0,67.1,0.3,100.0,562.0,48.0,126428.7,59499.4,0.0,0.0
752,100.0,1.901,1900.7,79.125,21.7,9.4,0.0,0.0,2728.0,267.34,1000.0,2048.0,644.3,120.02,78.0,98.0,3.02,4.56,4.83,21.9,1.0,67.0,0.3,100.0,562.0,48.0,126428.7,59488.6,0.0,0.0
753,96.9,1.887,1887.1,79.0,21.5,9.4,0.0,0.0,2717.0,266.27,1000.0,2048.0,644.3,120.0,79.0,98.0,3.02,4.52,4.82,21.4,1.0,67.1,0.3,98.0,562.0,48.0,126428.7,59473.3,0.0,0.0
754,87.5,1.897,1896.8,79.0,21.3,9.4,0.0,0.0,2702.0,264.8,1000.0,2048.0,644.3,119.1,78.0,98.0,3.02,4.52,4.82,21.4,1.0,67.1,0.3,71.7,562.0,48.0,126428.7,59478.4,0.0,0.0
755,90.6,1.928,1928.4,79.0,20.9,9.4,0.0,0.0,2723.0,269.58,1000.0,2048.0,644.3,119.09,78.0,99.0,3.02,4.52,4.82,20.9,1.0,67.0,0.3,100.0,562.0,48.0,126428.7,59476.9,0.0,0.0
756,84.4,1.89,1890.2,79.0,21.1,9.4,0.0,0.1,2710.0,268.29,1000.0,2048.0,644.3,119.09,77.0,99.0,3.02,4.52,4.82,21.2,1.0,67.0,0.3,100.0,562.0,48.0,126428.7,59507.5,0.0,0.0
757,68.8,4.225,4225.0,85.125,15.3,9.4,0.0,0.0,2555.0,214.62,1000.0,2048.0,644.3,92.03,63.0,84.0,3.02,4.52,4.82,15.4,1.0,67.1,0.3,56.9,562.0,47.9,126428.7,59382.2,0.0,0.0
758,75.0,3.624,3624.0,87.125,16.4,9.4,0.0,0.0,2498.0,217.33,1000.0,2048.0,644.3,113.04,77.0,87.0,3.02,4.4,4.79,16.5,1.0,67.1,0.3,82.0,563.0,47.5,126428.7,58898.1,0.0,0.0
759,75.0,3.727,3726.9,86.5,18.3,9.4,0.0,0.0,2572.0,228.91,1000.0,2048.0,644.3,122.09,78.0,89.0,3.02,4.4,4.79,18.4,1.0,67.0,0.3,100.0,563.0,47.5,126428.7,58899.3,0.0,0.0
760,65.6,2.819,2818.7,86.375,17.0,9.4,0.0,0.8,2596.0,233.64,1000.0,2048.0,644.3,126.02,79.0,90.0,3.02,4.4,4.79,17.0,1.0,67.1,0.3,100.0,563.0,47.9,126428.7,59418.4,0.0,0.0
761,87.5,1.954,1953.5,83.75,19.7,9.4,0.0,0.1,2715.0,260.64,1000.0,2048.0,644.3,125.07,78.0,96.0,3.02,4.4,4.79,19.7,1.0,67.0,0.3,100.0,563.0,47.9,126428.7,59420.2,0.0,0.0
762,84.4,1.888,1887.5,81.625,19.7,9.4,0.0,0.0,2727.0,264.52,1000.0,2048.0,644.3,121.06,79.0,97.0,3.02,4.4,4.79,19.7,1.0,67.1,0.3,100.0,563.0,47.9,126428.7,59394.8,0.0,0.0
763,84.4,1.883,1882.8,80.5,19.7,9.4,0.0,0.0,2756.0,270.09,1000.0,2048.0,644.3,120.07,78.0,98.0,3.02,4.2,4.74,19.7,1.0,67.0,0.3,100.0,563.0,47.9,126428.7,59383.7,0.0,0.0
764,81.2,1.864,1864.2,79.875,19.6,9.4,0.0,0.0,2722.0,266.76,1000.0,2048.0,644.3,120.02,79.0,98.0,3.02,4.2,4.74,19.6,1.0,67.1,0.2,72.7,563.0,47.9,126428.7,59401.2,0.0,0.0
765,81.2,1.932,1932.0,79.375,19.5,9.4,0.0,0.0,2708.0,268.09,1000.0,2048.0,644.3,120.0,78.0,99.0,3.02,4.2,4.74,19.4,1.0,67.1,0.3,98.0,563.0,47.9,126428.7,59401.0,0.0,0.0
766,81.2,1.895,1894.6,79.0,19.2,9.4,0.0,0.0,2750.0,272.25,1000.0,2048.0,644.3,119.1,78.0,99.0,3.02,4.2,4.74,19.2,1.0,67.0,0.3,100.0,563.0,47.9,126428.7,59398.0,0.0,0.0
767,68.8,1.903,1903.2,78.875,19.3,9.4,0.0,0.1,2771.0,274.33,1000.0,2048.0,644.3,120.01,79.0,99.0,3.02,4.2,4.74,19.4,1.0,67.0,0.3,100.0,563.0,47.9,126428.7,59403.5,0.0,0.0
768,78.1,1.903,1902.6,78.875,19.5,9.4,0.0,0.0,2717.0,263.55,1000.0,2048.0,644.3,120.01,78.0,97.0,3.01,4.03,4.69,19.3,1.0,67.1,0.3,100.0,562.0,47.9,126428.7,59390.1,0.0,0.0
769,84.4,1.948,1947.7,78.875,19.4,9.4,0.0,0.0,2731.0,267.64,1000.0,2048.0,644.3,120.0,78.0,98.0,3.01,4.03,4.69,19.6,1.0,67.0,0.3,100.0,562.0,47.9,126428.7,59389.2,0.0,0.0
770,87.5,1.913,1913.3,78.875,19.2,9.4,0.0,0.0,2748.0,269.3,1000.0,2048.0,644.3,119.09,78.0,98.0,3.01,4.03,4.69,19.3,1.0,67.1,0.2,100.0,562.0,47.9,126428.7,59382.2,0.0,0.0
771,65.6,3.383,3382.9,84.5,16.4,9.4,0.0,0.1,2419.0,195.94,1000.0,2048.0,644.3,102.1,72.0,81.0,3.01,4.03,4.69,16.3,1.0,67.0,0.4,89.1,562.0,48.0,126428.7,59489.1,0.0,0.0
772,50.0,2.791,2790.6,83.25,16.8,9.4,0.0,0.0,2685.0,247.02,1000.0,2048.0,644.3,122.07,79.0,92.0,3.01,4.03,4.69,17.1,1.0,67.1,0.2,71.7,562.0,48.0,126428.7,59491.3,0.0,0.0
773,56.2,1.906,1906.3,81.875,18.6,9.4,0.0,0.0,2818.0,270.53,1000.0,2048.0,644.3,125.0,81.0,96.0,3.01,3.94,4.67,18.5,1.0,67.0,0.3,100.0,562.0,48.0,126428.7,59506.6,0.0,0.0
774,84.4,1.961,1961.1,80.625,19.6,9.4,0.0,0.0,2754.0,269.89,1000.0,2048.0,644.3,121.04,78.0,98.0,3.01,3.94,4.67,19.7,1.0,67.1,0.3,91.0,562.0,48.0,126428.7,59523.2,0.0,0.0
775,90.6,1.905,1905.0,79.875,20.3,9.4,0.0,0.1,2739.0,268.42,1000.0,2048.0,644.3,120.03,78.0,98.0,3.01,3.94,4.67,20.2,1.0,67.1,0.3,69.0,562.0,48.0,126428.7,59562.5,0.0,0.0
776,78.1,1.893,1892.8,79.375,20.0,9.4,0.0,0.0,2740.0,271.26,1000.0,2048.0,644.3,120.01,78.0,99.0,3.01,3.94,4.67,20.0,1.0,67.0,0.3,99.0,562.0,48.0,126428.7,59550.9,0.0,0.0
777,78.1,1.93,1929.7,79.25,19.5,9.4,0.0,0.0,2733.0,270.57,1000.0,2048.0,644.3,120.0,78.0,99.0,3.01,3.94,4.67,19.5,1.0,67.0,0.3,100.0,562.0,48.0,126428.7,59563.8,0.0,0.0
778,75.0,1.94,1939.6,79.0,19.2,9.4,0.0,0.0,2781.0,275.32,1000.0,2048.0,644.3,120.02,79.0,99.0,3.07,4.75,4.82,19.2,1.0,66.9,0.2,100.0,562.0,48.0,126428.7,59577.3,0.0,0.0
779,78.1,1.868,1868.4,79.0,19.5,9.4,0.0,0.0,2745.0,271.76,1000.0,2048.0,644.3,119.1,78.0,99.0,3.07,4.75,4.82,19.5,1.0,67.1,0.3,100.0,562.0,48.0,126428.7,59578.4,0.0,0.0
780,78.1,2.281,2280.6,78.75,20.2,9.4,0.0,0.1,2734.0,265.2,1000.0,2048.0,644.3,117.05,75.0,97.0,3.07,4.75,4.82,20.2,1.0,67.1,0.3,100.0,562.0,48.0,126428.7,59576.1,0.0,0.0
781,65.6,2.751,2751.2,77.875,17.9,9.4,0.0,0.0,2838.0,278.12,1000.0,2048.0,644.3,119.07,75.0,98.0,3.07,4.75,4.82,17.9,1.0,67.1,0.3,100.0,562.0,48.1,126428.7,59581.8,0.0,0.0
782,62.5,2.945,2944.9,78.125,17.1,9.4,0.0,0.0,2877.0,284.82,1000.0,2048.0,644.3,120.04,74.0,99.0,3.07,4.75,4.82,17.2,1.0,67.0,0.2,91.9,562.0,48.0,126428.7,59570.0,0.0,0.0
783,62.5,2.856,2856.5,78.25,17.4,9.4,0.0,0.0,2891.0,286.21,1000.0,2048.0,644.3,120.02,74.0,99.0,3.08,4.85,4.84,17.3,1.0,67.1,0.3,95.0,562.0,48.0,126428.7,59552.4,0.0,0.0
784,62.5,2.926,2925.5,77.875,17.4,9.4,0.0,0.0,2897.0,286.8,1000.0,2048.0,644.3,120.02,75.0,99.0,3.08,4.85,4.84,17.5,1.0,67.0,0.3,100.0,562.0,48.0,126428.7,59541.4,0.0,0.0
785,62.5,3.232,3231.7,78.25,17.3,9.4,0.0,0.0,2898.0,289.8,1000.0,2048.0,644.3,119.1,74.0,100.0,3.08,4.85,4.84,17.2,1.0,67.0,0.3,100.0,562.0,48.0,126428.7,59546.9,0.0,0.0
786,78.1,2.841,2841.2,78.125,17.4,9.4,0.0,0.1,2899.0,289.9,1000.0,2048.0,644.3,120.02,75.0,100.0,3.08,4.85,4.84,17.4,1.0,66.4,0.2,100.0,562.0,48.0,126428.7,59535.6,0.0,0.0
787,62.5,2.951,2950.8,77.25,17.5,9.4,0.0,0.0,2899.0,289.9,1000.0,2048.0,644.3,119.09,74.0,100.0,3.08,4.85,4.84,17.5,1.0,67.6,0.3,100.0,562.0,48.0,126428.7,59554.4,0.0,0.0
788,68.8,2.953,2952.6,77.75,17.0,9.4,0.0,0.0,2899.0,289.9,1000.0,2048.0,644.3,119.09,74.0,100.0,3.1,4.94,4.86,17.0,1.0,65.6,0.3,100.0,562.0,48.0,126428.7,59535.3,0.0,0.0
789,59.4,3.007,3006.6,78.5,17.0,9.4,0.0,0.0,2900.0,290.0,1000.0,2048.0,644.3,119.1,74.0,100.0,3.1,4.94,4.86,17.1,1.0,68.3,0.2,100.0,562.0,48.0,126428.7,59529.4,0.0,0.0
790,56.2,3.117,3116.8,78.375,16.7,9.4,0.0,0.9,2900.0,290.0,1000.0,2048.0,644.3,120.01,74.0,100.0,3.1,4.94,4.86,16.6,1.0,67.3,0.3,100.0,562.0,48.0,126428.7,59532.1,0.0,0.0
791,53.1,2.954,2953.7,77.5,17.3,9.4,0.0,0.0,2899.0,289.9,1000.0,2048.0,644.3,119.09,73.0,100.0,3.1,4.94,4.86,17.3,1.0,67.0,0.3,100.0,562.0,48.0,126428.7,59535.4,0.0,0.0
792,68.8,2.791,2790.6,77.75,17.1,9.4,0.0,0.0,2899.0,289.9,1000.0,2048.0,644.3,119.09,74.0,100.0,3.1,4.94,4.86,17.2,1.0,66.8,0.2,100.0,562.0,48.0,126428.7,59549.5,0.0,0.0
793,62.5,2.715,2714.9,78.75,16.9,9.4,0.0,0.0,2899.0,289.9,1000.0,2048.0,644.3,119.09,74.0,100.0,3.11,4.95,4.86,16.8,1.0,67.3,0.3,100.0,562.0,48.0,126428.7,59519.2,0.0,0.0
794,56.2,2.954,2953.5,79.0,16.4,9.4,0.0,0.0,2899.0,289.9,1000.0,2048.0,644.3,120.0,74.0,100.0,3.11,4.95,4.86,16.5,1.0,63.7,0.2,100.0,562.0,48.0,126428.7,59518.3,0.0,0.0
795,53.1,3.022,3022.3,79.875,16.5,9.4,0.0,0.0,2900.0,290.0,1000.0,2048.0,644.3,120.01,74.0,100.0,3.11,4.95,4.86,16.6,1.0,67.3,0.2,100.0,562.0,48.0,126428.7,59520.6,0.0,0.0
796,53.1,2.993,2993.3,81.125,16.2,9.4,0.0,0.1,2900.0,290.0,1000.0,2048.0,644.3,119.09,74.0,100.0,3.11,4.95,4.86,16.1,1.0,66.7,0.3,100.0,562.0,48.0,126428.7,59516.9,0.0,0.0
797,53.1,3.138,3137.5,81.0,16.4,9.4,0.0,0.0,2899.0,289.9,1000.0,2048.0,644.3,119.08,74.0,100.0,3.11,4.95,4.86,16.5,1.0,67.5,0.2,100.0,562.0,48.0,126428.7,59513.9,0.0,0.0
798,65.6,2.997,2996.7,79.75,16.6,9.4,0.0,0.0,2899.0,289.9,1000.0,2048.0,644.3,119.09,74.0,100.0,3.12,4.95,4.87,16.6,1.0,67.0,0.2,71.0,562.0,48.0,126428.7,59515.1,0.0,0.0
799,68.8,2.984,2984.4,80.0,17.0,9.4,0.0,0.0,2900.0,290.0,1000.0,2048.0,644.3,119.09,74.0,100.0,3.12,4.95,4.87,17.1,1.0,66.8,0.3,91.1,562.0,48.0,126428.7,59519.2,0.0,0.0
800,53.1,2.977,2976.6,80.375,17.0,9.4,0.0,0.0,2900.0,290.0,1000.0,2048.0,644.3,119.1,74.0,100.0,3.12,4.95,4.87,16.9,1.0,67.6,0.2,100.0,562.0,48.0,126428.7,59519.9,0.0,0.0
801,59.4,3.498,3498.1,81.125,16.5,9.4,0.0,0.0,2650.0,235.85,1000.0,2048.0,644.3,111.04,60.0,89.0,3.12,4.95,4.87,16.5,1.0,66.3,0.2,91.0,562.0,48.0,126428.7,59515.5,0.0,0.0
802,56.2,3.634,3634.2,87.5,12.0,9.4,0.0,0.0,2194.0,149.19,1000.0,2048.0,644.5,88.03,72.0,68.0,3.12,4.95,4.87,12.2,1.0,67.2,0.3,57.0,562.0,48.2,126428.7,59710.6,0.0,0.0
803,59.4,3.635,3635.4,92.0,16.9,9.4,0.0,0.0,2421.0,200.94,1000.0,2048.0,644.5,107.09,77.0,83.0,3.14,5.04,4.89,16.9,1.0,67.1,0.3,67.7,563.0,46.8,126428.7,58016.3,0.0,0.0
804,71.9,2.938,2938.2,91.625,17.4,9.4,0.0,0.2,2537.0,230.87,1000.0,2048.0,644.5,124.06,83.0,91.0,3.14,5.04,4.89,17.6,1.0,67.2,0.3,100.0,563.0,46.8,126428.7,58006.8,0.0,0.0
805,59.4,3.595,3594.9,92.125,16.7,9.4,0.0,0.0,2425.0,208.55,1000.0,2048.0,644.5,124.04,76.0,86.0,3.14,5.04,4.89,16.7,1.0,67.2,0.4,100.0,563.0,47.2,126428.7,58505.2,0.0,0.0
806,75.0,2.347,2346.7,88.125,18.3,9.4,0.0,0.0,2691.0,252.95,1000.0,2048.0,644.5,128.06,79.0,94.0,3.14,5.04,4.89,18.2,1.0,67.1,0.3,100.0,563.0,47.2,126428.7,58509.5,0.0,0.0
807,90.6,1.867,1866.7,84.75,20.6,9.4,0.0,0.0,2775.0,269.18,1000.0,2048.0,644.5,125.02,76.0,97.0,3.14,5.04,4.89,20.7,1.0,67.1,0.3,99.0,563.0,47.2,126428.7,58506.1,0.0,0.0
808,84.4,1.89,1889.8,82.375,20.6,9.4,0.0,0.0,2738.0,268.32,1000.0,2048.0,644.5,121.05,79.0,98.0,3.15,5.03,4.89,20.8,1.0,67.5,0.3,100.0,563.0,47.2,126428.7,58504.4,0.0,0.0
809,84.4,1.915,1914.6,80.875,20.6,9.4,0.0,0.0,2720.0,266.56,1000.0,2048.0,644.5,120.04,78.0,98.0,3.15,5.03,4.89,20.7,1.0,66.7,0.3,100.0,561.0,47.2,126428.7,58504.7,0.0,0.0
810,90.6,1.91,1910.2,80.0,20.0,9.4,0.0,0.0,2697.0,267.0,1000.0,2048.0,644.5,120.0,78.0,99.0,3.15,5.03,4.89,20.1,1.0,67.1,0.3,100.0,561.0,47.2,126428.7,58480.5,0.0,0.0
811,87.5,1.906,1906.2,79.375,20.0,9.4,0.0,0.0,2745.0,271.76,1000.0,2048.0,644.5,120.03,79.0,99.0,3.15,5.03,4.89,19.9,1.0,67.6,0.3,100.0,561.0,47.2,126428.7,58501.9,0.0,0.0
812,81.2,1.885,1884.7,79.125,19.9,9.4,0.0,0.0,2703.0,267.6,1000.0,2048.0,644.5,119.09,77.0,99.0,3.15,5.03,4.89,20.0,1.0,66.9,0.3,100.0,561.0,47.2,126428.7,58509.6,0.0,0.0
813,78.1,1.901,1900.8,79.0,20.5,9.4,0.0,0.0,2721.0,269.38,1000.0,2048.0,644.5,120.0,79.0,99.0,3.16,5.03,4.89,20.5,1.0,67.3,0.3,100.0,561.0,47.2,126428.7,58488.9,0.0,0.0
814,75.0,1.881,1880.7,78.875,20.0,9.4,0.0,0.0,2699.0,264.5,1000.0,2048.0,644.5,119.1,79.0,98.0,3.16,5.03,4.89,20.0,1.0,67.1,0.3,100.0,561.0,47.2,126428.7,58480.8,0.0,0.0
815,71.9,1.892,1891.5,78.875,20.8,9.4,0.0,0.0,2734.0,267.93,1000.0,2048.0,644.5,120.0,79.0,98.0,3.16,5.03,4.89,20.7,1.0,66.9,0.3,100.0,561.0,47.2,126428.7,58469.7,0.0,0.0
816,87.5,1.929,1928.9,78.625,19.7,9.4,0.0,0.0,2715.0,266.07,1000.0,2048.0,644.5,119.09,78.0,98.0,3.16,5.03,4.89,19.7,1.0,67.1,0.4,100.0,561.0,47.2,126428.7,58471.2,0.0,0.0
817,75.0,1.857,1856.8,78.625,19.7,9.4,0.0,0.0,2772.0,274.43,1000.0,2048.0,644.5,120.01,78.0,99.0,3.16,5.03,4.89,19.7,1.0,67.1,0.3,100.0,561.0,47.2,126428.7,58466.6,0.0,0.0
818,87.5,1.903,1902.7,78.5,19.8,9.4,0.0,0.1,2770.0,274.23,1000.0,2048.0,644.5,119.09,78.0,99.0,3.24,6.15,5.12,20.0,1.0,66.9,0.3,72.7,560.0,47.2,126428.7,58466.5,0.0,0.0
819,65.6,1.844,1844.4,78.625,19.9,9.4,0.0,0.0,2760.0,273.24,1000.0,2048.0,644.5,119.09,78.0,99.0,3.24,6.15,5.12,19.8,1.0,67.1,0.3,98.0,560.0,47.2,126428.7,58459.0,0.0,0.0
820,68.8,1.895,1894.7,78.625,20.0,9.4,0.0,0.0,2786.0,275.81,1000.0,2048.0,644.5,120.0,76.0,99.0,3.24,6.15,5.12,20.1,1.0,67.8,0.3,99.0,560.0,47.2,126428.7,58466.4,0.0,0.0
821,81.2,1.84,1840.5,78.5,19.8,9.4,0.0,0.9,2716.0,263.45,1000.0,2048.0,644.5,120.0,78.0,97.0,3.24,6.15,5.12,19.8,1.0,65.6,0.3,71.0,560.0,47.2,126428.7,58472.2,0.0,0.0
822,75.0,1.904,1903.7,78.25,19.6,9.4,0.0,0.0,2710.0,265.58,1000.0,2048.0,644.5,119.08,77.0,98.0,3.24,6.15,5.12,19.6,1.0,67.8,0.3,100.0,560.0,47.2,126428.7,58473.3,0.0,0.0
823,81.2,1.881,1881.4,78.25,19.8,9.4,0.0,0.1,2727.0,267.25,1000.0,2048.0,644.5,119.08,78.0,98.0,3.28,6.54,5.22,19.6,1.0,67.8,0.3,100.0,560.0,47.2,126428.7,58479.5,0.0,0.0
824,71.9,1.911,1910.9,78.25,19.6,9.4,0.0,0.0,2756.0,272.84,1000.0,2048.0,644.5,120.0,78.0,99.0,3.28,6.54,5.22,19.7,1.0,64.3,0.3,100.0,560.0,47.2,126428.7,58490.9,0.0,0.0
825,81.2,1.878,1877.5,78.125,19.7,9.4,0.0,0.0,2751.0,272.35,1000.0,2048.0,644.5,120.0,78.0,99.0,3.28,6.54,5.22,19.6,1.0,65.9,0.3,74.0,546.0,47.2,126428.7,58504.8,0.0,0.0
826,87.5,1.92,1920.0,78.125,19.7,9.4,0.0,0.0,2727.0,269.97,1000.0,2048.0,644.5,119.09,78.0,99.0,3.28,6.54,5.22,19.7,1.0,67.1,0.3,78.8,546.0,47.2,126428.7,58509.4,0.0,0.0
827,81.2,1.927,1927.3,78.125,19.6,9.4,0.0,0.0,2708.0,268.09,1000.0,2048.0,644.5,119.09,77.0,99.0,3.28,6.54,5.22,19.6,1.0,66.8,0.3,89.9,546.0,47.2,126428.7,58503.5,0.0,0.0
828,81.2,1.861,1860.8,78.25,20.1,9.4,0.0,0.0,2713.0,265.87,1000.0,2048.0,644.5,120.0,78.0,98.0,3.31,6.66,5.27,20.2,1.0,67.6,0.3,89.0,546.0,47.2,126428.7,58483.2,0.0,0.0
829,87.5,1.888,1887.7,78.125,20.5,9.4,0.0,0.0,2748.0,269.3,1000.0,2048.0,644.5,119.1,77.0,98.0,3.31,6.66,5.27,20.6,1.0,67.2,0.3,97.0,546.0,47.2,126428.7,58479.6,0.0,0.0
830,78.1,1.959,1958.6,78.125,20.1,9.4,0.0,0.0,2728.0,270.07,1000.0,2048.0,644.5,120.0,78.0,99.0,3.31,6.66,5.27,20.0,1.0,66.9,0.3,100.0,546.0,47.2,126428.7,58478.3,0.0,0.0
831,84.4,1.84,1839.6,78.125,19.7,9.4,0.0,0.0,2738.0,271.06,1000.0,2048.0,644.5,120.0,78.0,99.0,3.31,6.66,5.27,19.8,1.0,67.3,0.3,98.0,546.0,47.2,126428.7,58473.0,0.0,0.0
832,71.9,1.924,1924.3,78.125,20.4,9.4,0.0,0.0,2736.0,270.86,1000.0,2048.0,644.5,120.01,77.0,99.0,3.31,6.66,5.27,20.2,1.0,66.3,0.3,97.0,546.0,47.2,126428.7,58471.6,0.0,0.0
833,75.0,3.758,3758.3,79.5,18.2,9.4,0.0,0.0,2325.0,179.02,1000.0,2048.0,644.5,105.04,59.0,77.0,3.34,6.76,5.31,18.1,1.0,67.6,0.3,100.0,546.0,48.1,126428.7,59704.2,0.0,0.0
834,65.6,3.89,3890.1,85.25,14.8,9.4,0.0,0.1,2438.0,202.35,1000.0,2048.0,644.5,107.04,72.0,83.0,3.34,6.76,5.31,15.0,1.0,66.9,0.3,52.5,546.0,47.8,126428.7,59286.7,0.0,0.0
835,65.6,2.297,2296.8,85.875,17.9,9.4,0.0,0.0,2685.0,252.39,1000.0,2048.0,644.5,125.03,81.0,94.0,3.34,6.76,5.31,17.8,1.0,66.8,0.3,100.0,546.0,47.8,126428.7,59278.7,0.0,0.0
836,65.6,2.882,2882.1,85.5,16.8,9.4,0.0,0.0,2700.0,251.1,1000.0,2048.0,644.5,125.01,76.0,93.0,3.34,6.76,5.31,16.8,1.0,67.4,0.3,100.0,546.0,48.2,126428.7,59793.3,0.0,0.0
837,78.1,2.899,2899.0,82.0,17.6,9.4,0.0,0.0,2827.0,274.22,1000.0,2048.0,644.5,122.08,74.0,97.0,3.34,6.76,5.31,17.7,1.0,67.4,0.3,100.0,546.0,48.2,126428.7,59794.5,0.0,0.0
838,68.8,2.961,2961.2,80.0,17.9,9.4,0.0,0.0,2872.0,284.33,1000.0,2048.0,644.5,121.03,73.0,99.0,3.33,6.46,5.27,17.9,1.0,67.1,0.2,100.0,546.0,48.2,126428.7,59797.1,0.0,0.0
839,75.0,2.934,2933.5,79.125,17.8,9.4,0.0,0.1,2889.0,286.01,1000.0,2048.0,644.5,120.06,74.0,99.0,3.33,6.46,5.27,18.0,1.0,66.9,0.3,100.0,546.0,48.2,126428.7,59791.3,0.0,0.0
840,65.6,2.906,2906.2,77.625,17.8,9.4,0.0,0.0,2896.0,286.7,1000.0,2048.0,644.5,120.01,74.0,99.0,3.33,6.46,5.27,17.6,1.0,66.8,0.3,100.0,546.0,48.2,126428.7,59793.1,0.0,0.0
841,71.9,3.064,3064.4,76.75,18.0,9.4,0.0,0.0,2898.0,286.9,1000.0,2048.0,644.5,120.02,73.0,99.0,3.33,6.46,5.27,18.1,1.0,67.1,0.3,100.0,546.0,48.2,126428.7,59823.5,0.0,0.0
842,62.5,2.874,2873.5,76.625,17.4,9.4,0.0,0.0,2899.0,289.9,1000.0,2048.0,644.5,119.1,74.0,100.0,3.33,6.46,5.27,17.3,1.0,67.4,0.3,100.0,544.0,48.2,126428.7,59828.4,0.0,0.0
843,75.0,3.072,3072.1,76.125,17.4,9.4,0.0,0.0,2899.0,289.9,1000.0,2048.0,644.5,119.09,74.0,100.0,3.33,6.18,5.24,17.5,1.0,66.8,0.3,100.0,544.0,48.3,126428.7,59837.4,0.0,0.0
844,68.8,2.688,2688.0,75.5,17.6,9.4,0.0,0.0,2899.0,289.9,1000.0,2048.0,644.5,119.08,74.0,100.0,3.33,6.18,5.24,17.6,1.0,67.1,0.3,100.0,544.0,48.2,126428.7,59828.7,0.0,0.0
845,78.1,3.096,3095.9,75.625,17.7,9.4,0.0,0.0,2900.0,290.0,1000.0,2048.0,644.5,120.01,74.0,100.0,3.33,6.18,5.24,17.7,1.0,67.3,0.2,100.0,544.0,48.2,126428.7,59830.6,0.0,0.0
846,68.8,2.868,2868.1,75.5,17.9,9.4,0.0,0.0,2900.0,290.0,1000.0,2048.0,644.5,120.0,73.0,100.0,3.33,6.18,5.24,17.9,1.0,66.5,0.3,100.0,544.0,48.2,126428.7,59809.9,0.0,0.0
847,75.0,3.029,3029.1,75.75,18.4,9.4,0.0,0.0,2899.0,289.9,1000.0,2048.0,644.5,120.02,74.0,100.0,3.33,6.18,5.24,18.4,1.0,66.0,0.3,100.0,544.0,48.3,126428.7,59843.1,0.0,0.0
848,84.4,2.961,2960.7,75.5,18.4,9.4,0.0,0.0,2899.0,289.9,1000.0,2048.0,644.5,119.08,73.0,100.0,3.34,6.01,5.22,18.2,1.0,67.1,0.3,100.0,544.0,48.2,126428.7,59828.0,0.0,0.0
849,71.9,3.202,3202.4,75.75,17.7,9.4,0.0,0.0,2895.0,286.6,1000.0,2048.0,644.5,120.01,74.0,99.0,3.34,6.01,5.22,17.9,1.0,67.0,0.3,100.0,544.0,48.2,126428.7,59813.4,0.0,0.0
850,65.6,3.871,3870.6,81.0,15.1,9.4,0.0,0.0,2263.0,158.41,1000.0,2048.0,644.7,94.05,57.0,70.0,3.34,6.01,5.22,15.1,1.0,67.1,0.3,90.9,545.0,48.7,126428.7,60451.9,0.0,0.0
851,56.2,3.878,3878.5,87.125,14.8,9.4,0.0,0.0,2389.0,191.12,1000.0,2048.0,645.4,102.08,74.0,80.0,3.34,6.01,5.22,14.6,1.0,67.0,0.3,79.2,546.0,48.3,126428.7,59913.9,0.0,0.0
852,71.9,2.891,2891.3,86.5,16.9,9.4,0.0,1.0,2551.0,229.59,1000.0,2048.0,645.4,123.02,81.0,90.0,3.34,6.01,5.22,17.1,1.0,67.1,0.3,71.0,546.0,48.3,126428.7,59899.2,0.0,0.0
853,75.0,4.042,4042.3,89.125,16.6,9.4,0.0,0.0,2594.0,238.65,1000.0,2048.0,645.4,127.07,74.0,92.0,3.33,5.77,5.18,16.7,1.0,67.0,0.2,79.8,546.0,48.4,126428.7,59969.8,0.0,0.0
854,75.0,2.99,2990.3,86.125,17.2,9.4,0.0,0.0,2779.0,266.78,1000.0,2048.0,645.4,127.06,74.0,96.0,3.33,5.77,5.18,17.2,1.0,67.1,0.3,76.5,546.0,48.4,126428.7,59967.2,0.0,0.0
855,75.0,2.871,2870.6,81.625,18.0,9.4,0.0,0.1,2856.0,279.89,1000.0,2048.0,645.4,123.06,74.0,98.0,3.33,5.77,5.18,18.0,1.0,67.0,0.3,100.0,546.0,48.3,126428.7,59946.5,0.0,0.0
856,62.5,3.021,3021.2,78.875,17.7,9.4,0.0,0.0,2884.0,285.52,1000.0,2048.0,645.4,121.05,74.0,99.0,3.33,5.77,5.18,17.6,1.0,67.0,0.3,100.0,546.0,48.3,126428.7,59922.1,0.0,0.0
857,59.4,2.899,2899.4,77.125,18.1,9.4,0.0,0.0,2894.0,286.51,1000.0,2048.0,645.4,120.06,74.0,99.0,3.33,5.77,5.18,18.0,1.0,67.1,0.2,100.0,546.0,48.3,126428.7,59925.2,0.0,0.0
858,78.1,2.96,2960.0,76.125,18.2,9.4,0.0,0.0,2898.0,286.9,1000.0,2048.0,645.4,120.03,75.0,99.0,3.34,5.71,5.17,18.4,1.0,67.0,0.3,100.0,546.0,48.3,126428.7,59917.0,0.0,0.0
859,71.9,2.914,2913.8,75.5,18.1,9.4,0.0,0.0,2899.0,287.0,1000.0,2048.0,645.4,120.01,74.0,99.0,3.34,5.71,5.17,18.0,1.0,67.1,0.3,100.0,546.0,48.3,126428.7,59916.1,0.0,0.0
860,68.8,2.734,2733.7,75.125,18.0,9.4,0.0,0.0,2900.0,287.1,1000.0,2048.0,645.4,120.01,74.0,99.0,3.34,5.71,5.17,18.0,1.0,67.0,0.3,100.0,546.0,48.3,126428.7,59918.2,0.0,0.0
861,65.6,2.686,2686.0,75.0,18.3,9.4,0.0,0.0,2900.0,287.1,1000.0,2048.0,645.4,119.09,75.0,99.0,3.34,5.71,5.17,18.1,1.0,67.0,0.2,100.0,546.0,48.3,126428.7,59912.5,0.0,0.0
862,68.8,2.8,2799.9,74.875,17.9,9.4,0.0,0.0,2900.0,287.1,1000.0,2048.0,645.4,120.01,74.0,99.0,3.34,5.71,5.17,17.9,1.0,67.1,0.3,100.0,546.0,48.3,126428.7,59915.3,0.0,0.0
863,68.8,2.914,2913.5,74.75,17.9,9.4,0.0,0.0,2900.0,287.1,1000.0,2048.0,645.4,120.0,74.0,99.0,3.34,5.49,5.14,17.9,1.0,67.0,0.3,100.0,546.0,48.3,126428.7,59913.9,0.0,0.0
864,81.2,2.754,2753.5,74.75,18.1,9.4,0.0,0.0,2900.0,287.1,1000.0,2048.0,645.4,120.01,75.0,99.0,3.34,5.49,5.14,18.1,1.0,67.0,0.3,100.0,546.0,48.3,126428.7,59909.9,0.0,0.0
865,78.1,2.896,2896.0,74.75,18.3,9.4,0.0,0.0,2898.0,286.9,1000.0,2048.0,645.4,120.0,74.0,99.0,3.34,5.49,5.14,18.2,1.0,67.1,0.2,100.0,546.0,48.3,126428.7,59885.1,0.0,0.0
866,68.8,2.92,2920.1,81.5,15.8,9.4,0.0,0.1,2496.0,209.66,1000.0,2048.0,645.4,114.0,74.0,84.0,3.34,5.49,5.14,15.8,1.0,67.0,0.3,85.9,547.0,48.3,126428.7,59901.9,0.0,0.0
867,65.6,1.853,1853.3,82.375,18.1,9.4,0.0,0.0,2651.0,241.24,1000.0,2048.0,645.4,124.07,81.0,91.0,3.34,5.49,5.14,18.0,1.0,67.0,0.3,100.0,547.0,48.3,126428.7,59890.3,0.0,0.0
868,75.0,1.888,1888.5,82.5,18.9,9.4,0.0,0.0,2701.0,248.49,1000.0,2048.0,645.4,123.01,76.0,92.0,3.35,5.45,5.14,19.0,1.0,67.1,0.3,100.0,547.0,48.3,126428.7,59912.8,0.0,0.0
869,65.6,2.855,2854.8,79.75,20.1,9.4,0.0,0.0,2826.0,274.12,1000.0,2048.0,645.4,120.1,75.0,97.0,3.35,5.45,5.14,19.9,1.0,67.0,0.2,100.0,547.0,48.3,126428.7,59907.1,0.0,0.0
870,71.9,2.868,2867.5,77.875,18.3,9.4,0.0,0.0,2873.0,281.55,1000.0,2048.0,645.4,120.07,75.0,98.0,3.35,5.45,5.14,18.3,1.0,67.0,0.3,100.0,547.0,48.3,126428.7,59901.6,0.0,0.0
871,71.9,2.855,2854.8,76.625,18.5,9.4,0.0,0.1,2890.0,286.11,1000.0,2048.0,645.4,120.03,75.0,99.0,3.35,5.45,5.14,18.5,1.0,67.1,0.3,100.0,547.0,48.3,126428.7,59928.2,0.0,0.0
872,71.9,2.73,2729.7,75.875,18.1,9.4,0.0,0.0,2896.0,286.7,1000.0,2048.0,645.4,120.01,74.0,99.0,3.35,5.45,5.14,18.2,1.0,67.0,0.2,100.0,547.0,48.3,126428.7,59912.9,0.0,0.0
873,75.0,2.513,2512.8,75.5,18.5,9.4,0.0,0.0,2899.0,287.0,1000.0,2048.0,645.4,120.01,74.0,99.0,3.35,5.33,5.12,18.5,1.0,67.0,0.3,100.0,547.0,48.3,126428.7,59907.2,0.0,0.0
874,71.9,2.476,2476.0,75.25,18.3,9.4,0.0,0.0,2899.0,287.0,1000.0,2048.0,645.4,120.0,75.0,99.0,3.35,5.33,5.12,18.2,1.0,67.1,0.3,100.0,547.0,48.3,126428.7,59906.5,0.0,0.0
875,68.8,3.245,3244.7,81.75,16.3,9.4,0.0,0.0,2475.0,202.95,1000.0,2048.0,645.4,111.03,79.0,82.0,3.35,5.33,5.12,16.4,1.0,67.0,0.3,64.6,547.0,48.2,126428.7,59755.5,0.0,0.0
876,75.0,1.91,1910.3,83.625,18.1,9.4,0.0,0.0,2629.0,236.61,1000.0,2048.0,645.4,124.06,82.0,90.0,3.35,5.33,5.12,18.0,1.0,67.0,0.2,83.0,547.0,48.2,126428.7,59754.6,0.0,0.0
877,78.1,2.636,2635.9,82.5,19.0,9.4,0.0,0.0,2646.0,238.14,1000.0,2048.0,645.4,122.04,77.0,90.0,3.35,5.33,5.12,19.1,1.0,67.0,0.3,72.0,547.0,48.6,126428.7,60282.1,0.0,0.0
878,93.8,2.31,2310.0,80.125,21.0,9.4,0.0,0.1,2807.0,269.47,1000.0,2048.0,645.4,119.08,75.0,96.0,3.35,5.15,5.08,21.1,1.0,67.1,0.2,96.0,547.0,48.6,126428.7,60267.7,0.0,0.0
879,90.6,2.886,2885.9,78.125,18.5,9.4,0.0,0.0,2865.0,280.77,1000.0,2048.0,645.4,120.07,74.0,98.0,3.35,5.15,5.08,18.8,1.0,67.0,0.3,79.8,547.0,48.6,126428.7,60255.8,0.0,0.0
880,87.5,2.367,2367.3,77.0,18.9,9.4,0.0,0.0,2887.0,285.81,1000.0,2048.0,645.4,120.05,75.0,99.0,3.35,5.15,5.08,18.8,1.0,67.0,0.3,96.0,547.0,48.6,126428.7,60230.0,0.0,0.0
881,84.4,2.8,2800.2,76.25,18.9,9.4,0.0,0.0,2895.0,286.6,1000.0,2048.0,645.4,120.01,75.0,99.0,3.35,5.15,5.08,18.9,1.0,67.1,0.2,77.8,547.0,48.6,126428.7,60223.8,0.0,0.0
882,87.5,2.72,2719.8,75.75,19.2,9.4,0.0,1.0,2898.0,286.9,1000.0,2048.0,645.4,120.01,75.0,99.0,3.35,5.15,5.08,19.3,1.0,67.0,0.3,72.3,547.0,48.5,126428.7,60211.1,0.0,0.0
883,84.4,2.919,2918.9,75.5,18.7,9.4,0.0,0.1,2899.0,287.0,1000.0,2048.0,645.4,119.09,74.0,99.0,3.36,5.05,5.06,18.8,1.0,67.0,0.3,57.8,547.0,48.2,126428.7,59791.7,0.0,0.0
884,75.0,2.826,2825.9,75.25,18.4,9.4,0.0,0.0,2899.0,287.0,1000.0,2048.0,645.4,120.01,75.0,99.0,3.36,5.05,5.06,18.5,1.0,67.0,0.2,78.0,547.0,48.2,126428.7,59792.8,0.0,0.0
885,75.0,2.502,2501.7,75.125,18.7,9.4,0.0,0.0,2900.0,287.1,1000.0,2048.0,645.4,120.0,75.0,99.0,3.36,5.05,5.06,18.9,1.0,67.1,0.3,72.3,547.0,48.2,126428.7,59789.6,0.0,0.0
886,75.0,2.654,2654.1,75.125,18.9,9.4,0.0,0.0,2900.0,287.1,1000.0,2048.0,645.4,120.0,75.0,99.0,3.36,5.05,5.06,18.7,1.0,67.0,0.3,80.8,547.0,48.2,126428.7,59789.9,0.0,0.0
887,78.1,2.514,2513.9,75.25,18.5,9.4,0.0,0.0,2900.0,287.1,1000.0,2048.0,645.4,120.0,75.0,99.0,3.36,5.05,5.06,18.6,1.0,67.0,0.2,100.0,547.0,48.2,126428.7,59782.1,0.0,0.0
888,68.8,2.555,2554.9,75.5,18.4,9.4,0.0,0.0,2900.0,287.1,1000.0,2048.0,645.4,119.09,76.0,99.0,3.41,5.69,5.2,18.2,1.0,67.1,0.3,100.0,547.0,48.2,126428.7,59776.6,0.0,0.0
889,78.1,2.467,2466.6,75.5,18.1,9.4,0.0,0.0,2900.0,287.1,1000.0,2048.0,645.4,120.0,75.0,99.0,3.41,5.69,5.2,18.1,1.0,67.0,0.3,100.0,547.0,48.2,126428.7,59777.9,0.0,0.0
890,81.2,2.99,2990.0,75.75,18.5,9.4,0.0,0.0,2789.0,262.17,1000.0,2048.0,645.4,116.01,64.0,94.0,3.41,5.69,5.2,18.5,1.0,67.0,0.2,73.7,547.0,48.2,126428.7,59778.0,0.0,0.0
891,56.2,3.378,3377.6,83.625,10.4,9.4,0.0,0.0,1390.0,47.26,1000.0,2048.0,645.4,73.02,57.0,34.0,3.41,5.69,5.2,10.4,1.0,67.1,0.3,53.0,547.0,49.0,126428.7,60802.4,0.0,0.0
892,56.2,3.383,3383.3,90.625,15.6,9.4,0.0,0.0,1987.0,135.12,1000.0,2048.0,645.4,106.06,75.0,68.0,3.41,5.69,5.2,15.6,1.0,67.0,0.3,74.7,548.0,47.8,126428.7,59277.4,0.0,0.0
893,65.6,3.333,3332.7,94.125,16.6,9.4,0.0,0.0,2262.0,185.48,1000.0,2048.0,645.4,122.04,76.0,82.0,3.45,6.12,5.29,16.8,1.0,67.0,0.3,73.0,548.0,48.2,126428.7,59793.3,0.0,0.0
894,62.5,3.461,3461.1,93.0,16.8,9.4,0.0,0.1,2537.0,233.4,1000.0,2048.0,645.4,131.03,74.0,92.0,3.45,6.12,5.29,16.6,1.0,67.1,0.2,71.7,548.0,48.2,126428.7,59786.1,0.0,0.0
895,59.4,2.889,2888.7,88.875,17.2,9.4,0.0,0.0,2763.0,268.01,1000.0,2048.0,645.4,128.07,75.0,97.0,3.45,6.12,5.29,17.4,1.0,67.0,0.3,99.0,548.0,48.2,126428.7,59782.8,0.0,0.0
896,62.5,2.772,2772.3,83.625,16.9,9.4,0.0,0.0,2849.0,279.2,1000.0,2048.0,645.4,123.09,75.0,98.0,3.45,6.12,5.29,16.7,1.0,67.0,0.3,82.0,548.0,48.2,126428.7,59768.7,0.0,0.0
897,65.6,2.65,2650.2,80.375,16.3,9.4,0.0,0.0,2881.0,285.22,1000.0,2048.0,645.4,121.06,75.0,99.0,3.45,6.12,5.29,16.2,1.0,67.0,0.2,83.8,548.0,48.2,126428.7,59753.3,0.0,0.0
898,53.1,2.638,2637.5,78.375,15.9,9.4,0.0,0.0,2893.0,286.41,1000.0,2048.0,645.4,120.06,74.0,99.0,3.45,5.95,5.27,15.9,1.0,67.0,0.2,71.0,548.0,48.2,126428.7,59755.4,0.0,0.0
899,53.1,2.796,2795.5,77.125,16.2,9.4,0.0,0.0,2897.0,286.8,1000.0,2048.0,645.4,120.02,75.0,99.0,3.45,5.95,5.27,16.2,1.0,67.0,0.3,67.3,548.0,48.2,126428.7,59761.6,0.0,0.0
