[INFO] [launch]: All log files can be found below /root/.ros/log/2026-06-03-18-02-31-996637-opennav-thor-7
[INFO] [launch]: Default logging verbosity is set to INFO
[INFO] [laserscan_merger.py-1]: process started with pid [39]
[INFO] [component_container_isolated-2]: process started with pid [40]
[INFO] [vlm_node-3]: process started with pid [41]
[INFO] [robot_mission_runner-4]: process started with pid [42]
[component_container_isolated-2] [INFO] [1780509753.438915793] [nav2_container]: Load Library: /opt/ros/jazzy/lib/libmap_server_core.so
[component_container_isolated-2] [INFO] [1780509753.461970866] [nav2_container]: Found class: rclcpp_components::NodeFactoryTemplate<nav2_map_server::CostmapFilterInfoServer>
[component_container_isolated-2] [INFO] [1780509753.462026374] [nav2_container]: Found class: rclcpp_components::NodeFactoryTemplate<nav2_map_server::MapSaver>
[component_container_isolated-2] [INFO] [1780509753.462035781] [nav2_container]: Found class: rclcpp_components::NodeFactoryTemplate<nav2_map_server::MapServer>
[component_container_isolated-2] [INFO] [1780509753.462041420] [nav2_container]: Instantiate class: rclcpp_components::NodeFactoryTemplate<nav2_map_server::MapServer>
[component_container_isolated-2] [INFO] [1780509753.468680820] [map_server]: 
[component_container_isolated-2] 	map_server lifecycle node launched. 
[component_container_isolated-2] 	Waiting on external lifecycle transitions to activate
[component_container_isolated-2] 	See https://design.ros2.org/articles/node_lifecycle.html for more information.
[component_container_isolated-2] [INFO] [1780509753.468735515] [map_server]: Creating
[INFO] [launch_ros.actions.load_composable_nodes]: Loaded node '/map_server' in container '/nav2_container'
[component_container_isolated-2] [INFO] [1780509753.478053632] [nav2_container]: Load Library: /opt/ros/jazzy/lib/libamcl_core.so
[component_container_isolated-2] [INFO] [1780509753.483631056] [nav2_container]: Found class: rclcpp_components::NodeFactoryTemplate<nav2_amcl::AmclNode>
[component_container_isolated-2] [INFO] [1780509753.483671296] [nav2_container]: Instantiate class: rclcpp_components::NodeFactoryTemplate<nav2_amcl::AmclNode>
[component_container_isolated-2] [INFO] [1780509753.488410919] [amcl]: 
[component_container_isolated-2] 	amcl lifecycle node launched. 
[component_container_isolated-2] 	Waiting on external lifecycle transitions to activate
[component_container_isolated-2] 	See https://design.ros2.org/articles/node_lifecycle.html for more information.
[component_container_isolated-2] [INFO] [1780509753.488934907] [amcl]: Creating
[INFO] [launch_ros.actions.load_composable_nodes]: Loaded node '/amcl' in container '/nav2_container'
[component_container_isolated-2] [INFO] [1780509753.492264760] [nav2_container]: Load Library: /opt/ros/jazzy/lib/libnav2_lifecycle_manager_core.so
[component_container_isolated-2] [INFO] [1780509753.493406819] [nav2_container]: Found class: rclcpp_components::NodeFactoryTemplate<nav2_lifecycle_manager::LifecycleManager>
[component_container_isolated-2] [INFO] [1780509753.493429486] [nav2_container]: Instantiate class: rclcpp_components::NodeFactoryTemplate<nav2_lifecycle_manager::LifecycleManager>
[component_container_isolated-2] [INFO] [1780509753.498755023] [lifecycle_manager_localization]: Creating
[component_container_isolated-2] [INFO] [1780509753.503304720] [lifecycle_manager_localization]: [34m[1mCreating and initializing lifecycle service clients[0m[0m
[INFO] [launch_ros.actions.load_composable_nodes]: Loaded node '/lifecycle_manager_localization' in container '/nav2_container'
[component_container_isolated-2] [INFO] [1780509753.504856656] [lifecycle_manager_localization]: [34m[1mStarting managed nodes bringup...[0m[0m
[component_container_isolated-2] [INFO] [1780509753.504906286] [lifecycle_manager_localization]: [34m[1mConfiguring map_server[0m[0m
[component_container_isolated-2] [INFO] [1780509753.505074276] [map_server]: Configuring
[component_container_isolated-2] [INFO] [1780509753.505151776] [map_io]: Loading yaml file: /root/ws/install/opennav_benchmark_mission_dispatcher/share/opennav_benchmark_mission_dispatcher/maps/benchmark_warehouse.yaml
[component_container_isolated-2] [INFO] [1780509753.505401329] [map_io]: resolution: 0.05
[component_container_isolated-2] [INFO] [1780509753.505414514] [map_io]: origin[0]: -65.2
[component_container_isolated-2] [INFO] [1780509753.505418459] [map_io]: origin[1]: -71.2
[component_container_isolated-2] [INFO] [1780509753.505421736] [map_io]: origin[2]: 0
[component_container_isolated-2] [INFO] [1780509753.505424968] [map_io]: free_thresh: 0.25
[component_container_isolated-2] [INFO] [1780509753.505427792] [map_io]: occupied_thresh: 0.65
[component_container_isolated-2] [INFO] [1780509753.505432477] [map_io]: mode: trinary
[component_container_isolated-2] [INFO] [1780509753.505436311] [map_io]: negate: 0
[component_container_isolated-2] [INFO] [1780509753.505659948] [map_io]: Loading image_file: /root/ws/install/opennav_benchmark_mission_dispatcher/share/opennav_benchmark_mission_dispatcher/maps/benchmark_warehouse.pgm
[component_container_isolated-2] [INFO] [1780509753.550382860] [nav2_container]: Load Library: /opt/ros/jazzy/lib/libcontroller_server_core.so
[component_container_isolated-2] [INFO] [1780509753.554572429] [nav2_container]: Found class: rclcpp_components::NodeFactoryTemplate<nav2_controller::ControllerServer>
[component_container_isolated-2] [INFO] [1780509753.554609911] [nav2_container]: Instantiate class: rclcpp_components::NodeFactoryTemplate<nav2_controller::ControllerServer>
[component_container_isolated-2] [INFO] [1780509753.561969715] [controller_server]: 
[component_container_isolated-2] 	controller_server lifecycle node launched. 
[component_container_isolated-2] 	Waiting on external lifecycle transitions to activate
[component_container_isolated-2] 	See https://design.ros2.org/articles/node_lifecycle.html for more information.
[component_container_isolated-2] [INFO] [1780509753.563020709] [map_io]: Read map /root/ws/install/opennav_benchmark_mission_dispatcher/share/opennav_benchmark_mission_dispatcher/maps/benchmark_warehouse.pgm: 2608 X 2848 map @ 0.05 m/cell
[component_container_isolated-2] [INFO] [1780509753.566597218] [lifecycle_manager_localization]: [34m[1mConfiguring amcl[0m[0m
[component_container_isolated-2] [INFO] [1780509753.566731598] [amcl]: Configuring
[component_container_isolated-2] [INFO] [1780509753.566855560] [amcl]: initTransforms
[component_container_isolated-2] [INFO] [1780509753.568315024] [controller_server]: Creating controller server
[component_container_isolated-2] [INFO] [1780509753.570249384] [amcl]: initPubSub
[component_container_isolated-2] [INFO] [1780509753.571652089] [amcl]: Subscribed to map topic.
[component_container_isolated-2] [INFO] [1780509753.573454867] [lifecycle_manager_localization]: [34m[1mActivating map_server[0m[0m
[component_container_isolated-2] [INFO] [1780509753.573546690] [map_server]: Activating
[component_container_isolated-2] [INFO] [1780509753.577204662] [local_costmap.local_costmap]: 
[component_container_isolated-2] 	local_costmap lifecycle node launched. 
[component_container_isolated-2] 	Waiting on external lifecycle transitions to activate
[component_container_isolated-2] 	See https://design.ros2.org/articles/node_lifecycle.html for more information.
[component_container_isolated-2] [INFO] [1780509753.578138611] [local_costmap.local_costmap]: Creating Costmap
[component_container_isolated-2] [INFO] [1780509753.579772371] [map_server]: Creating bond (map_server) to lifecycle manager.
[component_container_isolated-2] [INFO] [1780509753.580728274] [amcl]: Received a 2608 X 2848 map @ 0.050 m/pix
[INFO] [launch_ros.actions.load_composable_nodes]: Loaded node '/controller_server' in container '/nav2_container'
[component_container_isolated-2] [INFO] [1780509753.584404550] [nav2_container]: Load Library: /opt/ros/jazzy/lib/libsmoother_server_core.so
[component_container_isolated-2] [INFO] [1780509753.592919191] [nav2_container]: Found class: rclcpp_components::NodeFactoryTemplate<nav2_smoother::SmootherServer>
[component_container_isolated-2] [INFO] [1780509753.593446558] [nav2_container]: Instantiate class: rclcpp_components::NodeFactoryTemplate<nav2_smoother::SmootherServer>
[component_container_isolated-2] [INFO] [1780509753.607499595] [smoother_server]: 
[component_container_isolated-2] 	smoother_server lifecycle node launched. 
[component_container_isolated-2] 	Waiting on external lifecycle transitions to activate
[component_container_isolated-2] 	See https://design.ros2.org/articles/node_lifecycle.html for more information.
[component_container_isolated-2] [INFO] [1780509753.608920588] [smoother_server]: Creating smoother server
[INFO] [launch_ros.actions.load_composable_nodes]: Loaded node '/smoother_server' in container '/nav2_container'
[component_container_isolated-2] [INFO] [1780509753.612345005] [nav2_container]: Load Library: /opt/ros/jazzy/lib/libplanner_server_core.so
[component_container_isolated-2] [INFO] [1780509753.613378639] [nav2_container]: Found class: rclcpp_components::NodeFactoryTemplate<nav2_planner::PlannerServer>
[component_container_isolated-2] [INFO] [1780509753.613403074] [nav2_container]: Instantiate class: rclcpp_components::NodeFactoryTemplate<nav2_planner::PlannerServer>
[component_container_isolated-2] [INFO] [1780509753.618496352] [planner_server]: 
[component_container_isolated-2] 	planner_server lifecycle node launched. 
[component_container_isolated-2] 	Waiting on external lifecycle transitions to activate
[component_container_isolated-2] 	See https://design.ros2.org/articles/node_lifecycle.html for more information.
[component_container_isolated-2] [INFO] [1780509753.620808887] [planner_server]: Creating
[component_container_isolated-2] [INFO] [1780509753.626197099] [global_costmap.global_costmap]: 
[component_container_isolated-2] 	global_costmap lifecycle node launched. 
[component_container_isolated-2] 	Waiting on external lifecycle transitions to activate
[component_container_isolated-2] 	See https://design.ros2.org/articles/node_lifecycle.html for more information.
[component_container_isolated-2] [INFO] [1780509753.626690569] [global_costmap.global_costmap]: Creating Costmap
[INFO] [launch_ros.actions.load_composable_nodes]: Loaded node '/planner_server' in container '/nav2_container'
[component_container_isolated-2] [INFO] [1780509753.629821413] [nav2_container]: Load Library: /opt/ros/jazzy/lib/libroute_server_core.so
[component_container_isolated-2] [INFO] [1780509753.632587269] [nav2_container]: Found class: rclcpp_components::NodeFactoryTemplate<nav2_route::RouteServer>
[component_container_isolated-2] [INFO] [1780509753.632612898] [nav2_container]: Instantiate class: rclcpp_components::NodeFactoryTemplate<nav2_route::RouteServer>
[component_container_isolated-2] [INFO] [1780509753.638265073] [route_server]: 
[component_container_isolated-2] 	route_server lifecycle node launched. 
[component_container_isolated-2] 	Waiting on external lifecycle transitions to activate
[component_container_isolated-2] 	See https://design.ros2.org/articles/node_lifecycle.html for more information.
[INFO] [launch_ros.actions.load_composable_nodes]: Loaded node '/route_server' in container '/nav2_container'
[component_container_isolated-2] [INFO] [1780509753.640447681] [nav2_container]: Load Library: /opt/ros/jazzy/lib/libbehavior_server_core.so
[component_container_isolated-2] [INFO] [1780509753.641457639] [nav2_container]: Found class: rclcpp_components::NodeFactoryTemplate<behavior_server::BehaviorServer>
[component_container_isolated-2] [INFO] [1780509753.641476639] [nav2_container]: Instantiate class: rclcpp_components::NodeFactoryTemplate<behavior_server::BehaviorServer>
[component_container_isolated-2] [INFO] [1780509753.646050957] [behavior_server]: 
[component_container_isolated-2] 	behavior_server lifecycle node launched. 
[component_container_isolated-2] 	Waiting on external lifecycle transitions to activate
[component_container_isolated-2] 	See https://design.ros2.org/articles/node_lifecycle.html for more information.
[INFO] [launch_ros.actions.load_composable_nodes]: Loaded node '/behavior_server' in container '/nav2_container'
[component_container_isolated-2] [INFO] [1780509753.651691391] [nav2_container]: Load Library: /opt/ros/jazzy/lib/libbt_navigator_core.so
[laserscan_merger.py-1] [INFO] [1780509753.654198804] [laserscan_merger]: Subscribed to /scan_front_left
[component_container_isolated-2] [INFO] [1780509753.655053577] [nav2_container]: Found class: rclcpp_components::NodeFactoryTemplate<nav2_bt_navigator::BtNavigator>
[laserscan_merger.py-1] [INFO] [1780509753.655059206] [laserscan_merger]: Subscribed to /scan_front_right
[component_container_isolated-2] [INFO] [1780509753.655078030] [nav2_container]: Instantiate class: rclcpp_components::NodeFactoryTemplate<nav2_bt_navigator::BtNavigator>
[laserscan_merger.py-1] [INFO] [1780509753.655779739] [laserscan_merger]: Publishing merged scan on /scan_merged in frame base_link
[component_container_isolated-2] [INFO] [1780509753.660655436] [bt_navigator]: 
[component_container_isolated-2] 	bt_navigator lifecycle node launched. 
[component_container_isolated-2] 	Waiting on external lifecycle transitions to activate
[component_container_isolated-2] 	See https://design.ros2.org/articles/node_lifecycle.html for more information.
[component_container_isolated-2] [INFO] [1780509753.661963651] [bt_navigator]: Creating
[INFO] [launch_ros.actions.load_composable_nodes]: Loaded node '/bt_navigator' in container '/nav2_container'
[component_container_isolated-2] [INFO] [1780509753.663731623] [nav2_container]: Load Library: /opt/ros/jazzy/lib/libwaypoint_follower_core.so
[component_container_isolated-2] [INFO] [1780509753.665160996] [nav2_container]: Found class: rclcpp_components::NodeFactoryTemplate<nav2_waypoint_follower::WaypointFollower>
[component_container_isolated-2] [INFO] [1780509753.665190856] [nav2_container]: Instantiate class: rclcpp_components::NodeFactoryTemplate<nav2_waypoint_follower::WaypointFollower>
[component_container_isolated-2] [INFO] [1780509753.670089109] [waypoint_follower]: 
[component_container_isolated-2] 	waypoint_follower lifecycle node launched. 
[component_container_isolated-2] 	Waiting on external lifecycle transitions to activate
[component_container_isolated-2] 	See https://design.ros2.org/articles/node_lifecycle.html for more information.
[component_container_isolated-2] [INFO] [1780509753.670543986] [waypoint_follower]: Creating
[INFO] [launch_ros.actions.load_composable_nodes]: Loaded node '/waypoint_follower' in container '/nav2_container'
[component_container_isolated-2] [INFO] [1780509753.673566636] [nav2_container]: Load Library: /opt/ros/jazzy/lib/libvelocity_smoother_core.so
[component_container_isolated-2] [INFO] [1780509753.674601919] [nav2_container]: Found class: rclcpp_components::NodeFactoryTemplate<nav2_velocity_smoother::VelocitySmoother>
[component_container_isolated-2] [INFO] [1780509753.674620816] [nav2_container]: Instantiate class: rclcpp_components::NodeFactoryTemplate<nav2_velocity_smoother::VelocitySmoother>
[component_container_isolated-2] [INFO] [1780509753.680376193] [velocity_smoother]: 
[component_container_isolated-2] 	velocity_smoother lifecycle node launched. 
[component_container_isolated-2] 	Waiting on external lifecycle transitions to activate
[component_container_isolated-2] 	See https://design.ros2.org/articles/node_lifecycle.html for more information.
[INFO] [launch_ros.actions.load_composable_nodes]: Loaded node '/velocity_smoother' in container '/nav2_container'
[component_container_isolated-2] [INFO] [1780509753.682496016] [nav2_container]: Load Library: /opt/ros/jazzy/lib/libcollision_monitor_core.so
[component_container_isolated-2] [INFO] [1780509753.683934230] [lifecycle_manager_localization]: Server map_server connected with bond.
[component_container_isolated-2] [INFO] [1780509753.683959452] [lifecycle_manager_localization]: [34m[1mActivating amcl[0m[0m
[component_container_isolated-2] [INFO] [1780509753.684127053] [amcl]: Activating
[component_container_isolated-2] [INFO] [1780509753.684172118] [amcl]: Creating bond (amcl) to lifecycle manager.
[component_container_isolated-2] [INFO] [1780509753.686058163] [nav2_container]: Found class: rclcpp_components::NodeFactoryTemplate<nav2_collision_monitor::CollisionMonitor>
[component_container_isolated-2] [INFO] [1780509753.686077386] [nav2_container]: Instantiate class: rclcpp_components::NodeFactoryTemplate<nav2_collision_monitor::CollisionMonitor>
[component_container_isolated-2] [INFO] [1780509753.692983627] [collision_monitor]: 
[component_container_isolated-2] 	collision_monitor lifecycle node launched. 
[component_container_isolated-2] 	Waiting on external lifecycle transitions to activate
[component_container_isolated-2] 	See https://design.ros2.org/articles/node_lifecycle.html for more information.
[INFO] [launch_ros.actions.load_composable_nodes]: Loaded node '/collision_monitor' in container '/nav2_container'
[component_container_isolated-2] [INFO] [1780509753.695709677] [nav2_container]: Load Library: /opt/ros/jazzy/lib/libopennav_docking_core.so
[component_container_isolated-2] [INFO] [1780509753.697459492] [nav2_container]: Found class: rclcpp_components::NodeFactoryTemplate<opennav_docking::DockingServer>
[component_container_isolated-2] [INFO] [1780509753.697479363] [nav2_container]: Instantiate class: rclcpp_components::NodeFactoryTemplate<opennav_docking::DockingServer>
[component_container_isolated-2] [INFO] [1780509753.704047976] [docking_server]: 
[component_container_isolated-2] 	docking_server lifecycle node launched. 
[component_container_isolated-2] 	Waiting on external lifecycle transitions to activate
[component_container_isolated-2] 	See https://design.ros2.org/articles/node_lifecycle.html for more information.
[component_container_isolated-2] [INFO] [1780509753.704094754] [docking_server]: Creating docking_server
[INFO] [launch_ros.actions.load_composable_nodes]: Loaded node '/docking_server' in container '/nav2_container'
[component_container_isolated-2] [INFO] [1780509753.706711055] [nav2_container]: Found class: rclcpp_components::NodeFactoryTemplate<nav2_lifecycle_manager::LifecycleManager>
[component_container_isolated-2] [INFO] [1780509753.706730184] [nav2_container]: Instantiate class: rclcpp_components::NodeFactoryTemplate<nav2_lifecycle_manager::LifecycleManager>
[component_container_isolated-2] [INFO] [1780509753.711271577] [lifecycle_manager_navigation]: Creating
[component_container_isolated-2] [INFO] [1780509753.712478617] [lifecycle_manager_navigation]: [34m[1mCreating and initializing lifecycle service clients[0m[0m
[INFO] [launch_ros.actions.load_composable_nodes]: Loaded node '/lifecycle_manager_navigation' in container '/nav2_container'
[component_container_isolated-2] [INFO] [1780509753.718789296] [amcl]: createLaserObject
[component_container_isolated-2] [INFO] [1780509753.719646978] [lifecycle_manager_navigation]: [34m[1mStarting managed nodes bringup...[0m[0m
[component_container_isolated-2] [INFO] [1780509753.719690987] [lifecycle_manager_navigation]: [34m[1mConfiguring controller_server[0m[0m
[component_container_isolated-2] [INFO] [1780509753.719884801] [controller_server]: Configuring controller interface
[component_container_isolated-2] [INFO] [1780509753.719917707] [controller_server]: getting progress checker plugins..
[component_container_isolated-2] [INFO] [1780509753.720124132] [controller_server]: getting goal checker plugins..
[component_container_isolated-2] [INFO] [1780509753.720343872] [controller_server]: Controller frequency set to 30.0000Hz
[component_container_isolated-2] [INFO] [1780509753.720399409] [local_costmap.local_costmap]: Configuring
[component_container_isolated-2] [INFO] [1780509753.724108269] [local_costmap.local_costmap]: Using plugin "obstacle_layer"
[component_container_isolated-2] [INFO] [1780509753.727514325] [local_costmap.local_costmap]: Subscribed to Topics: scan_front_left scan_front_right
[component_container_isolated-2] [INFO] [1780509753.730981057] [local_costmap.local_costmap]: Initialized plugin "obstacle_layer"
[component_container_isolated-2] [INFO] [1780509753.731004835] [local_costmap.local_costmap]: Using plugin "voxel_layer"
[component_container_isolated-2] [INFO] [1780509753.731439916] [local_costmap.local_costmap]: Subscribed to Topics: camera_front_left camera_front_right camera_rear vlm_obstacles
[component_container_isolated-2] [INFO] [1780509753.739532123] [local_costmap.local_costmap]: Initialized plugin "voxel_layer"
[component_container_isolated-2] [INFO] [1780509753.739566261] [local_costmap.local_costmap]: Using plugin "stvl_layer"
[component_container_isolated-2] [INFO] [1780509753.768900598] [local_costmap.local_costmap]: stvl_layer being initialized as SpatioTemporalVoxelLayer!
[component_container_isolated-2] [INFO] [1780509753.768955301] [local_costmap.local_costmap]: stvl_layer's global frame is odom.
[component_container_isolated-2] [INFO] [1780509753.769986713] [local_costmap.local_costmap]: stvl_layer loaded parameters from parameter server.
[component_container_isolated-2] [INFO] [1780509753.771442279] [local_costmap.local_costmap]: stvl_layer created underlying voxel grid.
[component_container_isolated-2] [INFO] [1780509753.772974224] [local_costmap.local_costmap]: Voxel filter activated.
[component_container_isolated-2] [INFO] [1780509753.775663201] [local_costmap.local_costmap]: Voxel filter activated.
[component_container_isolated-2] [INFO] [1780509753.778064133] [local_costmap.local_costmap]: Voxel filter activated.
[component_container_isolated-2] [INFO] [1780509753.779089387] [local_costmap.local_costmap]: stvl_layer initialization complete!
[component_container_isolated-2] [INFO] [1780509753.779116220] [local_costmap.local_costmap]: Initialized plugin "stvl_layer"
[component_container_isolated-2] [INFO] [1780509753.779124321] [local_costmap.local_costmap]: Using plugin "inflation_layer"
[component_container_isolated-2] [INFO] [1780509753.781147533] [local_costmap.local_costmap]: Initialized plugin "inflation_layer"
[component_container_isolated-2] [INFO] [1780509753.788511985] [lifecycle_manager_localization]: Server amcl connected with bond.
[component_container_isolated-2] [INFO] [1780509753.788553152] [lifecycle_manager_localization]: [34m[1mManaged nodes are active[0m[0m
[component_container_isolated-2] [INFO] [1780509753.788574735] [lifecycle_manager_localization]: [34m[1mCreating bond timer...[0m[0m
[component_container_isolated-2] [INFO] [1780509753.792725741] [controller_server]: Created progress_checker : progress_checker of type nav2_controller::SimpleProgressChecker
[component_container_isolated-2] [INFO] [1780509753.792962925] [controller_server]: Controller Server has progress_checker  progress checkers available.
[component_container_isolated-2] [INFO] [1780509753.793455617] [controller_server]: Created goal checker : general_goal_checker of type nav2_controller::SimpleGoalChecker
[component_container_isolated-2] [INFO] [1780509753.793796531] [controller_server]: Controller Server has general_goal_checker  goal checkers available.
[component_container_isolated-2] [INFO] [1780509753.794855535] [controller_server]: Created controller : FollowPath of type nav2_mppi_controller::MPPIController
[component_container_isolated-2] [WARN] [1780509753.796022742] [controller_server]: Controller period is less then model dt, consider setting it equal
[component_container_isolated-2] [INFO] [1780509753.797407707] [controller_server]: ConstraintCritic instantiated with 1 power and 4.000000 weight.
[component_container_isolated-2] [INFO] [1780509753.797433077] [controller_server]: Critic loaded : mppi::critics::ConstraintCritic
[component_container_isolated-2] [INFO] [1780509753.797960093] [controller_server]: InflationCostCritic instantiated with 1 power and 300.000000 / 0.015000 weights. Critic will collision check based on footprint cost.
[component_container_isolated-2] [INFO] [1780509753.798102592] [controller_server]: Critic loaded : mppi::critics::CostCritic
[component_container_isolated-2] [INFO] [1780509753.798341489] [controller_server]: GoalCritic instantiated with 1 power and 5.000000 weight.
[component_container_isolated-2] [INFO] [1780509753.798386072] [controller_server]: Critic loaded : mppi::critics::GoalCritic
[component_container_isolated-2] [INFO] [1780509753.798637895] [controller_server]: GoalAngleCritic instantiated with 1 power, 3.000000 weight, 0.500000 angular threshold and symmetric_yaw_tolerance disabled
[component_container_isolated-2] [INFO] [1780509753.798675413] [controller_server]: Critic loaded : mppi::critics::GoalAngleCritic
[component_container_isolated-2] [INFO] [1780509753.799189513] [controller_server]: ReferenceTrajectoryCritic instantiated with 1 power and 14.000000 weight
[component_container_isolated-2] [INFO] [1780509753.799207531] [controller_server]: Critic loaded : mppi::critics::PathAlignCritic
[component_container_isolated-2] [INFO] [1780509753.799443122] [controller_server]: Critic loaded : mppi::critics::PathFollowCritic
[component_container_isolated-2] [INFO] [1780509753.799875611] [controller_server]: PathAngleCritic instantiated with 1 power and 2.000000 weight. Mode set to: Consider Feasible Path Orientations
[component_container_isolated-2] [INFO] [1780509753.799887879] [controller_server]: Critic loaded : mppi::critics::PathAngleCritic
[component_container_isolated-2] [INFO] [1780509753.800222405] [controller_server]: PreferForwardCritic instantiated with 1 power and 5.000000 weight.
[component_container_isolated-2] [INFO] [1780509753.800233646] [controller_server]: Critic loaded : mppi::critics::PreferForwardCritic
[component_container_isolated-2] [INFO] [1780509753.801995053] [controller_server]: Optimizer reset
[component_container_isolated-2] [INFO] [1780509753.804339801] [MPPIController]: Configured MPPI Controller: FollowPath
[component_container_isolated-2] [INFO] [1780509753.804357142] [controller_server]: Controller Server has FollowPath  controllers available.
[component_container_isolated-2] [INFO] [1780509753.808833582] [lifecycle_manager_navigation]: [34m[1mConfiguring smoother_server[0m[0m
[component_container_isolated-2] [INFO] [1780509753.809192701] [smoother_server]: Configuring smoother server
[component_container_isolated-2] [INFO] [1780509753.816492754] [smoother_server]: Created smoother : path_smoother of type nav2_constrained_smoother/ConstrainedSmoother
[component_container_isolated-2] [INFO] [1780509753.818375467] [smoother_server]: Smoother Server has path_smoother  smoothers available.
[component_container_isolated-2] [INFO] [1780509753.821278581] [lifecycle_manager_navigation]: [34m[1mConfiguring planner_server[0m[0m
[component_container_isolated-2] [INFO] [1780509753.821435071] [planner_server]: Configuring
[component_container_isolated-2] [INFO] [1780509753.821483155] [global_costmap.global_costmap]: Configuring
[component_container_isolated-2] [INFO] [1780509753.824740813] [global_costmap.global_costmap]: Using plugin "static_layer"
[component_container_isolated-2] [INFO] [1780509753.825715318] [global_costmap.global_costmap]: Subscribing to the map topic (/map) with transient local durability
[component_container_isolated-2] [INFO] [1780509753.826077019] [global_costmap.global_costmap]: Initialized plugin "static_layer"
[component_container_isolated-2] [INFO] [1780509753.826093714] [global_costmap.global_costmap]: Using plugin "obstacle_layer"
[component_container_isolated-2] [INFO] [1780509753.827729705] [global_costmap.global_costmap]: Subscribed to Topics: scan_front_left scan_front_right
[component_container_isolated-2] [INFO] [1780509753.833329740] [global_costmap.global_costmap]: Initialized plugin "obstacle_layer"
[component_container_isolated-2] [INFO] [1780509753.833352268] [global_costmap.global_costmap]: Using plugin "voxel_layer"
[component_container_isolated-2] [INFO] [1780509753.834145217] [global_costmap.global_costmap]: Subscribed to Topics: camera_front_left camera_front_right camera_rear vlm_obstacles
[component_container_isolated-2] [INFO] [1780509753.845034725] [global_costmap.global_costmap]: Initialized plugin "voxel_layer"
[component_container_isolated-2] [INFO] [1780509753.845056882] [global_costmap.global_costmap]: Using plugin "stvl_layer"
[component_container_isolated-2] [INFO] [1780509753.845246038] [global_costmap.global_costmap]: stvl_layer being initialized as SpatioTemporalVoxelLayer!
[component_container_isolated-2] [INFO] [1780509753.845258094] [global_costmap.global_costmap]: stvl_layer's global frame is map.
[component_container_isolated-2] [INFO] [1780509753.847673369] [global_costmap.global_costmap]: stvl_layer loaded parameters from parameter server.
[component_container_isolated-2] [INFO] [1780509753.848072736] [global_costmap.global_costmap]: stvl_layer created underlying voxel grid.
[component_container_isolated-2] [INFO] [1780509753.850914028] [global_costmap.global_costmap]: Voxel filter activated.
[component_container_isolated-2] [INFO] [1780509753.854427000] [global_costmap.global_costmap]: Voxel filter activated.
[component_container_isolated-2] [INFO] [1780509753.857700085] [global_costmap.global_costmap]: Voxel filter activated.
[component_container_isolated-2] [INFO] [1780509753.858463988] [global_costmap.global_costmap]: stvl_layer initialization complete!
[component_container_isolated-2] [INFO] [1780509753.858485283] [global_costmap.global_costmap]: Initialized plugin "stvl_layer"
[component_container_isolated-2] [INFO] [1780509753.858493691] [global_costmap.global_costmap]: Using plugin "inflation_layer"
[component_container_isolated-2] [INFO] [1780509753.860529412] [global_costmap.global_costmap]: Initialized plugin "inflation_layer"
[component_container_isolated-2] [INFO] [1780509753.870740090] [global_costmap.global_costmap]: StaticLayer: Resizing costmap to 2608 X 2848 at 0.050000 m/pix
[component_container_isolated-2] [INFO] [1780509753.873775000] [planner_server]: Created global planner plugin GridBased of type nav2_smac_planner::SmacPlannerHybrid
[component_container_isolated-2] [INFO] [1780509753.873837073] [planner_server]: Configuring GridBased of type SmacPlannerHybrid
[component_container_isolated-2] [INFO] [1780509753.876122691] [planner_server]: Even sized heuristic lookup table size set 100.000000, increasing size by 1 to make odd
[robot_mission_runner-4] [WARN] [1780509753.890925780] [rcl.logging_rosout]: Publisher already registered for node name: 'robot_mission_runner'. If this is due to multiple nodes with the same name then all logs for the logger named 'robot_mission_runner' will go out over the existing publisher. As soon as any node with that name is destructed it will unregister the publisher, preventing any further logs for that name from being published on the rosout topic.
[robot_mission_runner-4] [INFO] [1780509754.268431486] [robot_mission_runner]: Sending initial pose...
[robot_mission_runner-4] [INFO] [1780509754.269077483] [robot_mission_runner]: Publishing Initial Pose
[vlm_node-3] [INFO] [1780509754.280984707] [vlm_node]: Subscribed to image topic: /camera_front/image
[component_container_isolated-2] [INFO] [1780509754.989951971] [planner_server]: Configured plugin GridBased of type SmacPlannerHybrid with maximum iterations 100000000, max on approach iterations 1000, and allowing unknown traversal. Tolerance 0.30.Using motion model: Reeds-Shepp.
[component_container_isolated-2] [INFO] [1780509754.990011906] [planner_server]: Planner Server has GridBased  planners available.
[component_container_isolated-2] [INFO] [1780509754.994622243] [lifecycle_manager_navigation]: [34m[1mConfiguring route_server[0m[0m
[component_container_isolated-2] [INFO] [1780509754.995129425] [route_server]: Configuring
[component_container_isolated-2] [INFO] [1780509755.009358860] [route_server]: Created GraphFileLoader GeoJsonGraphFileLoader of type nav2_route::GeoJsonGraphFileLoader
[component_container_isolated-2] [INFO] [1780509755.009401738] [route_server]: Configuring geojson graph file loader
[component_container_isolated-2] [INFO] [1780509755.009412063] [route_server]: No graph file provided to load yet.
[component_container_isolated-2] [INFO] [1780509755.012393185] [route_server]: Created edge cost function plugin DistanceScorer of type nav2_route::DistanceScorer
[component_container_isolated-2] [INFO] [1780509755.012422278] [route_server]: Configuring distance scorer.
[component_container_isolated-2] [INFO] [1780509755.012991108] [route_server]: Created edge cost function plugin CostmapScorer of type nav2_route::CostmapScorer
[component_container_isolated-2] [INFO] [1780509755.013005682] [route_server]: Configuring costmap scorer.
[component_container_isolated-2] [INFO] [1780509755.016330295] [route_server]: Created route operation AdjustSpeedLimit of type nav2_route::AdjustSpeedLimit
[component_container_isolated-2] [INFO] [1780509755.016354638] [route_server]: Configuring Adjust speed limit operation.
[component_container_isolated-2] [INFO] [1780509755.017331651] [route_server]: Created route operation ReroutingService of type nav2_route::ReroutingService
[component_container_isolated-2] [INFO] [1780509755.017351974] [route_server]: Configuring Rerouting service operation.
[component_container_isolated-2] [INFO] [1780509755.017985231] [route_server]: Created route operation CollisionMonitor of type nav2_route::CollisionMonitor
[component_container_isolated-2] [INFO] [1780509755.018175535] [route_server]: Using costmap topic: local_costmap/costmap_raw instead of server costmap topic: global_costmap/costmap_raw for CollisionMonitor.
[component_container_isolated-2] [INFO] [1780509755.021022696] [lifecycle_manager_navigation]: [34m[1mConfiguring behavior_server[0m[0m
[component_container_isolated-2] [INFO] [1780509755.021200612] [behavior_server]: Configuring
[component_container_isolated-2] [INFO] [1780509755.023588747] [behavior_server]: Creating behavior plugin spin of type nav2_behaviors::Spin
[component_container_isolated-2] [INFO] [1780509755.024724260] [behavior_server]: Creating behavior plugin backup of type nav2_behaviors::BackUp
[component_container_isolated-2] [INFO] [1780509755.025740523] [behavior_server]: Creating behavior plugin drive_on_heading of type nav2_behaviors::DriveOnHeading
[component_container_isolated-2] [INFO] [1780509755.026729787] [behavior_server]: Creating behavior plugin assisted_teleop of type nav2_behaviors::AssistedTeleop
[component_container_isolated-2] [INFO] [1780509755.028490463] [behavior_server]: Creating behavior plugin wait of type nav2_behaviors::Wait
[component_container_isolated-2] [INFO] [1780509755.030341101] [behavior_server]: Configuring spin
[component_container_isolated-2] [INFO] [1780509755.034918724] [behavior_server]: Configuring backup
[component_container_isolated-2] [INFO] [1780509755.037636034] [behavior_server]: Configuring drive_on_heading
[component_container_isolated-2] [INFO] [1780509755.040310465] [behavior_server]: Configuring assisted_teleop
[component_container_isolated-2] [INFO] [1780509755.044053269] [behavior_server]: Configuring wait
[component_container_isolated-2] [INFO] [1780509755.047039049] [lifecycle_manager_navigation]: [34m[1mConfiguring velocity_smoother[0m[0m
[component_container_isolated-2] [INFO] [1780509755.047229780] [velocity_smoother]: Configuring velocity smoother
[component_container_isolated-2] [INFO] [1780509755.050068024] [lifecycle_manager_navigation]: [34m[1mConfiguring collision_monitor[0m[0m
[component_container_isolated-2] [INFO] [1780509755.050205367] [collision_monitor]: Configuring
[component_container_isolated-2] [INFO] [1780509755.055452339] [collision_monitor]: [scan_front_left]: Creating Scan
[component_container_isolated-2] [INFO] [1780509755.058880182] [collision_monitor]: [scan_front_right]: Creating Scan
[component_container_isolated-2] [INFO] [1780509755.059957343] [collision_monitor]: [FootprintApproach]: Creating Polygon
[component_container_isolated-2] [INFO] [1780509755.060192601] [collision_monitor]: [FootprintApproach]: Polygon points are not defined. Using dynamic subscription instead.
[component_container_isolated-2] [INFO] [1780509755.061318614] [collision_monitor]: [FootprintApproach]: Making footprint subscriber on /local_costmap/published_footprint topic
[component_container_isolated-2] [INFO] [1780509755.064403227] [lifecycle_manager_navigation]: [34m[1mConfiguring bt_navigator[0m[0m
[component_container_isolated-2] [INFO] [1780509755.064576680] [bt_navigator]: Configuring
[component_container_isolated-2] [INFO] [1780509755.067821126] [bt_navigator]: Creating navigator id navigate_to_pose of type nav2_bt_navigator::NavigateToPoseNavigator
[component_container_isolated-2] [INFO] [1780509755.134932800] [bt_navigator]: Creating navigator id navigate_through_poses of type nav2_bt_navigator::NavigateThroughPosesNavigator
[component_container_isolated-2] [INFO] [1780509755.156148188] [lifecycle_manager_navigation]: [34m[1mConfiguring waypoint_follower[0m[0m
[component_container_isolated-2] [INFO] [1780509755.156387141] [waypoint_follower]: Configuring
[component_container_isolated-2] [INFO] [1780509755.165528064] [waypoint_follower]: Created waypoint_task_executor : wait_at_waypoint of type nav2_waypoint_follower::WaitAtWaypoint
[component_container_isolated-2] [INFO] [1780509755.166619884] [lifecycle_manager_navigation]: [34m[1mConfiguring docking_server[0m[0m
[component_container_isolated-2] [INFO] [1780509755.166827318] [docking_server]: Configuring docking_server
[component_container_isolated-2] [INFO] [1780509755.166916835] [docking_server]: Controller frequency set to 50.0000Hz
[component_container_isolated-2] [INFO] [1780509755.181179594] [docking_server]: Created charging dock plugin simple_charging_dock of type opennav_docking::SimpleChargingDock
[component_container_isolated-2] [INFO] [1780509755.184952768] [docking_server]: Loading docks from parameter file.
[component_container_isolated-2] [INFO] [1780509755.185338165] [docking_server]: Docking Server has 1 dock types and 1 dock instances available.
[component_container_isolated-2] [INFO] [1780509755.186462872] [lifecycle_manager_navigation]: [34m[1mActivating controller_server[0m[0m
[component_container_isolated-2] [INFO] [1780509755.186744342] [controller_server]: Activating
[component_container_isolated-2] [INFO] [1780509755.186811795] [local_costmap.local_costmap]: Activating
[component_container_isolated-2] [INFO] [1780509755.186835055] [local_costmap.local_costmap]: Checking transform
[component_container_isolated-2] [INFO] [1780509755.186975924] [local_costmap.local_costmap]: start
[component_container_isolated-2] [INFO] [1780509755.188916284] [local_costmap.local_costmap]: stvl_layer was activated.
[component_container_isolated-2] [WARN] [1780509755.340320135] [controller_server]: Parameter controller_server.verbose not found
[component_container_isolated-2] [INFO] [1780509755.340962280] [controller_server]: Optimizer reset
[component_container_isolated-2] [INFO] [1780509755.341323583] [MPPIController]: Activated MPPI Controller: FollowPath
[component_container_isolated-2] [INFO] [1780509755.341365518] [controller_server]: Creating bond (controller_server) to lifecycle manager.
[component_container_isolated-2] [INFO] [1780509755.444925899] [lifecycle_manager_navigation]: Server controller_server connected with bond.
[component_container_isolated-2] [INFO] [1780509755.445004509] [lifecycle_manager_navigation]: [34m[1mActivating smoother_server[0m[0m
[component_container_isolated-2] [INFO] [1780509755.445375600] [smoother_server]: Activating
[component_container_isolated-2] [INFO] [1780509755.445442841] [smoother_server]: Activating smoother: path_smoother of type nav2_constrained_smoother::ConstrainedSmoother
[component_container_isolated-2] [INFO] [1780509755.445469498] [smoother_server]: Creating bond (smoother_server) to lifecycle manager.
[component_container_isolated-2] [INFO] [1780509755.548973453] [lifecycle_manager_navigation]: Server smoother_server connected with bond.
[component_container_isolated-2] [INFO] [1780509755.549049082] [lifecycle_manager_navigation]: [34m[1mActivating planner_server[0m[0m
[component_container_isolated-2] [INFO] [1780509755.549392219] [planner_server]: Activating
[component_container_isolated-2] [INFO] [1780509755.549480922] [global_costmap.global_costmap]: Activating
[component_container_isolated-2] [INFO] [1780509755.549500413] [global_costmap.global_costmap]: Checking transform
[component_container_isolated-2] [INFO] [1780509755.549678393] [global_costmap.global_costmap]: start
[component_container_isolated-2] [INFO] [1780509755.552553119] [global_costmap.global_costmap]: stvl_layer was activated.
[component_container_isolated-2] [WARN] [1780509755.785834136] [amcl]: AMCL cannot publish a pose or update the transform. Please set the initial pose...
[component_container_isolated-2] [INFO] [1780509755.786393698] [amcl]: initialPoseReceived
[component_container_isolated-2] [INFO] [1780509755.786531558] [amcl]: Setting pose (57.590000): 63.001 36.551 -3.139
[component_container_isolated-2] [INFO] [1780509756.303897350] [planner_server]: Activating plugin GridBased of type SmacPlannerHybrid
[component_container_isolated-2] [INFO] [1780509756.305940626] [planner_server]: Creating bond (planner_server) to lifecycle manager.
[component_container_isolated-2] [INFO] [1780509756.411036336] [lifecycle_manager_navigation]: Server planner_server connected with bond.
[component_container_isolated-2] [INFO] [1780509756.411171957] [lifecycle_manager_navigation]: [34m[1mActivating route_server[0m[0m
[component_container_isolated-2] [INFO] [1780509756.411577205] [route_server]: Activating
[component_container_isolated-2] [INFO] [1780509756.411756565] [route_server]: Creating bond (route_server) to lifecycle manager.
[component_container_isolated-2] [INFO] [1780509756.529649304] [lifecycle_manager_navigation]: Server route_server connected with bond.
[component_container_isolated-2] [INFO] [1780509756.529727146] [lifecycle_manager_navigation]: [34m[1mActivating behavior_server[0m[0m
[component_container_isolated-2] [INFO] [1780509756.530108014] [behavior_server]: Activating
[component_container_isolated-2] [INFO] [1780509756.530142847] [behavior_server]: Activating spin
[component_container_isolated-2] [INFO] [1780509756.530172042] [behavior_server]: Activating backup
[component_container_isolated-2] [INFO] [1780509756.530186634] [behavior_server]: Activating drive_on_heading
[component_container_isolated-2] [INFO] [1780509756.530199227] [behavior_server]: Activating assisted_teleop
[component_container_isolated-2] [INFO] [1780509756.530210838] [behavior_server]: Activating wait
[component_container_isolated-2] [INFO] [1780509756.530227828] [behavior_server]: Creating bond (behavior_server) to lifecycle manager.
[component_container_isolated-2] [INFO] [1780509756.633947661] [lifecycle_manager_navigation]: Server behavior_server connected with bond.
[component_container_isolated-2] [INFO] [1780509756.634031615] [lifecycle_manager_navigation]: [34m[1mActivating velocity_smoother[0m[0m
[component_container_isolated-2] [INFO] [1780509756.634412474] [velocity_smoother]: Activating
[component_container_isolated-2] [INFO] [1780509756.634535483] [velocity_smoother]: Creating bond (velocity_smoother) to lifecycle manager.
[component_container_isolated-2] [INFO] [1780509756.737976206] [lifecycle_manager_navigation]: Server velocity_smoother connected with bond.
[component_container_isolated-2] [INFO] [1780509756.738037160] [lifecycle_manager_navigation]: [34m[1mActivating collision_monitor[0m[0m
[component_container_isolated-2] [INFO] [1780509756.738345676] [collision_monitor]: Activating
[component_container_isolated-2] [INFO] [1780509756.738452417] [collision_monitor]: Creating bond (collision_monitor) to lifecycle manager.
[component_container_isolated-2] [INFO] [1780509756.844318348] [lifecycle_manager_navigation]: Server collision_monitor connected with bond.
[component_container_isolated-2] [INFO] [1780509756.844389487] [lifecycle_manager_navigation]: [34m[1mActivating bt_navigator[0m[0m
[component_container_isolated-2] [INFO] [1780509756.844769189] [bt_navigator]: Activating
[component_container_isolated-2] [INFO] [1780509756.898189747] [bt_navigator]: Creating bond (bt_navigator) to lifecycle manager.
[component_container_isolated-2] [INFO] [1780509757.001170071] [lifecycle_manager_navigation]: Server bt_navigator connected with bond.
[component_container_isolated-2] [INFO] [1780509757.001422440] [lifecycle_manager_navigation]: [34m[1mActivating waypoint_follower[0m[0m
[component_container_isolated-2] [INFO] [1780509757.002206398] [waypoint_follower]: Activating
[component_container_isolated-2] [INFO] [1780509757.002473860] [waypoint_follower]: Creating bond (waypoint_follower) to lifecycle manager.
[component_container_isolated-2] [INFO] [1780509757.105794323] [lifecycle_manager_navigation]: Server waypoint_follower connected with bond.
[component_container_isolated-2] [INFO] [1780509757.105865563] [lifecycle_manager_navigation]: [34m[1mActivating docking_server[0m[0m
[component_container_isolated-2] [INFO] [1780509757.106244126] [docking_server]: Activating docking_server
[component_container_isolated-2] [INFO] [1780509757.115038061] [docking_server]: Creating bond (docking_server) to lifecycle manager.
[component_container_isolated-2] [INFO] [1780509757.219109791] [lifecycle_manager_navigation]: Server docking_server connected with bond.
[component_container_isolated-2] [INFO] [1780509757.219219920] [lifecycle_manager_navigation]: [34m[1mManaged nodes are active[0m[0m
[component_container_isolated-2] [INFO] [1780509757.219244744] [lifecycle_manager_navigation]: [34m[1mCreating bond timer...[0m[0m
[robot_mission_runner-4] [INFO] [1780509757.269830125] [robot_mission_runner]: Waiting for Nav2 to become active...
[robot_mission_runner-4] [INFO] [1780509759.275339144] [robot_mission_runner]: Nav2 is ready for use!
[robot_mission_runner-4] [INFO] [1780509759.275700614] [robot_mission_runner]: Nav2 up, picking benchmark node started!
[component_container_isolated-2] [INFO] [1780509759.276179316] [local_costmap.local_costmap]: Received request to clear entirely the local_costmap
[component_container_isolated-2] [INFO] [1780509759.280582634] [global_costmap.global_costmap]: Received request to clear entirely the global_costmap
[robot_mission_runner-4] [INFO] [1780509759.294231275] [robot_mission_runner]: Waiting for 'UndockRobot' action server
[robot_mission_runner-4] [INFO] [1780509759.294764781] [robot_mission_runner]: Undocking from dock of type: simple_charging_dock...
[component_container_isolated-2] [INFO] [1780509759.295399112] [docking_server]: Attempting to undock robot of dock type simple_charging_dock.
[component_container_isolated-2] [INFO] [1780509759.295457112] [docking_server]: Robot is not in the dock, no need to undock
[component_container_isolated-2] [WARN] [1780509759.295472638] [docking_server]: [undock_robot] [ActionServer] Current goal was not completed successfully.
[component_container_isolated-2] [WARN] [1780509759.295483268] [docking_server]: [undock_robot] [ActionServer] Aborting handle.
[robot_mission_runner-4] [INFO] [1780509759.296813178] [robot_mission_runner]: Backing up 0.5 m at 0.4 m/s....
[component_container_isolated-2] [INFO] [1780509759.297216574] [behavior_server]: Running backup
[component_container_isolated-2] [INFO] [1780509760.797561664] [behavior_server]: backup completed successfully
[robot_mission_runner-4] [INFO] [1780509760.800339473] [robot_mission_runner]: Picking from {'x': -8.0, 'y': -52.55, 'yaw': 1.5708}, dropping at {'x': -35.5, 'y': -36.7, 'yaw': 1.5708}...
[robot_mission_runner-4] [INFO] [1780509760.800892563] [robot_mission_runner]: Navigating to pick, attempt 1/3...
[component_container_isolated-2] [INFO] [1780509760.802009927] [local_costmap.local_costmap]: Received request to clear entirely the local_costmap
[component_container_isolated-2] [INFO] [1780509760.834657605] [global_costmap.global_costmap]: Received request to clear entirely the global_costmap
[robot_mission_runner-4] [INFO] [1780509760.858220581] [robot_mission_runner]: Navigating to goal: -8.0 -52.55...
[component_container_isolated-2] [INFO] [1780509760.859823425] [bt_navigator]: Begin navigating from current location (62.09, 35.92) to (-8.00, -52.55)
[vlm_node-3] [INFO] [1780509760.865731765] [vlm_node]: Goal received with prompt: Check if there are any small hazards on the ground that would cause harm to the robot if it navigated over it OR the area is blocked by large objects that make it impassable. If so respond only yes. Otherwise, respond no.
[component_container_isolated-2] [WARN] [1780509761.875205905] [planner_server]: Planner loop missed its desired rate of 999999999.0000 Hz. Current loop rate is 0.9901 Hz
[component_container_isolated-2] [INFO] [1780509761.894413330] [controller_server]: Received a goal, begin computing control effort.
[component_container_isolated-2] [WARN] [1780509761.894530949] [controller_server]: No goal checker was specified in parameter 'current_goal_checker'. Server will use only plugin loaded general_goal_checker . This warning will appear once.
[component_container_isolated-2] [WARN] [1780509761.894560403] [controller_server]: No progress checker was specified in parameter 'current_progress_checker'. Server will use only plugin loaded progress_checker . This warning will appear once.
[component_container_isolated-2] [WARN] [1780509761.954398603] [controller_server]: Control loop missed its desired rate of 30.0000 Hz. Current loop rate is 16.6667 Hz.
[component_container_isolated-2] [WARN] [1780509762.052505100] [controller_server]: Control loop missed its desired rate of 30.0000 Hz. Current loop rate is 14.2857 Hz.
[component_container_isolated-2] [WARN] [1780509762.161557617] [controller_server]: Control loop missed its desired rate of 30.0000 Hz. Current loop rate is 16.6667 Hz.
[component_container_isolated-2] [WARN] [1780509762.236908886] [controller_server]: Control loop missed its desired rate of 30.0000 Hz. Current loop rate is 25.0000 Hz.
[component_container_isolated-2] [WARN] [1780509762.350394620] [controller_server]: Control loop missed its desired rate of 30.0000 Hz. Current loop rate is 25.0000 Hz.
[component_container_isolated-2] [WARN] [1780509762.468910548] [controller_server]: Control loop missed its desired rate of 30.0000 Hz. Current loop rate is 20.0000 Hz.
[component_container_isolated-2] [WARN] [1780509762.656972733] [controller_server]: Control loop missed its desired rate of 30.0000 Hz. Current loop rate is 16.6667 Hz.
[component_container_isolated-2] [WARN] [1780509762.750111241] [controller_server]: Control loop missed its desired rate of 30.0000 Hz. Current loop rate is 16.6667 Hz.
[component_container_isolated-2] [WARN] [1780509762.881606501] [controller_server]: Control loop missed its desired rate of 30.0000 Hz. Current loop rate is 14.2857 Hz.
[component_container_isolated-2] [WARN] [1780509762.976395110] [controller_server]: Control loop missed its desired rate of 30.0000 Hz. Current loop rate is 16.6667 Hz.
[component_container_isolated-2] [WARN] [1780509763.055286746] [controller_server]: Control loop missed its desired rate of 30.0000 Hz. Current loop rate is 20.0000 Hz.
[component_container_isolated-2] [WARN] [1780509763.176594276] [controller_server]: Control loop missed its desired rate of 30.0000 Hz. Current loop rate is 11.1111 Hz.
[component_container_isolated-2] [WARN] [1780509763.432161288] [planner_server]: Planner loop missed its desired rate of 999999999.0000 Hz. Current loop rate is 1.8519 Hz
[component_container_isolated-2] [WARN] [1780509763.458384622] [controller_server]: Control loop missed its desired rate of 30.0000 Hz. Current loop rate is 20.0000 Hz.
[component_container_isolated-2] [INFO] [1780509763.458463556] [controller_server]: Passing new path to controller.
[component_container_isolated-2] [WARN] [1780509763.548495813] [controller_server]: Control loop missed its desired rate of 30.0000 Hz. Current loop rate is 20.0000 Hz.
[component_container_isolated-2] [WARN] [1780509763.680852683] [controller_server]: Control loop missed its desired rate of 30.0000 Hz. Current loop rate is 14.2857 Hz.
[component_container_isolated-2] [WARN] [1780509763.778753209] [controller_server]: Control loop missed its desired rate of 30.0000 Hz. Current loop rate is 16.6667 Hz.
[component_container_isolated-2] [WARN] [1780509763.874695821] [controller_server]: Control loop missed its desired rate of 30.0000 Hz. Current loop rate is 14.2857 Hz.
[component_container_isolated-2] [WARN] [1780509763.976861439] [controller_server]: Control loop missed its desired rate of 30.0000 Hz. Current loop rate is 14.2857 Hz.
[component_container_isolated-2] [WARN] [1780509764.065601739] [controller_server]: Control loop missed its desired rate of 30.0000 Hz. Current loop rate is 16.6667 Hz.
[component_container_isolated-2] [WARN] [1780509764.139926532] [controller_server]: Control loop missed its desired rate of 30.0000 Hz. Current loop rate is 25.0000 Hz.
[component_container_isolated-2] [WARN] [1780509764.255872259] [controller_server]: Control loop missed its desired rate of 30.0000 Hz. Current loop rate is 20.0000 Hz.
[component_container_isolated-2] [WARN] [1780509764.346268593] [controller_server]: Control loop missed its desired rate of 30.0000 Hz. Current loop rate is 16.6667 Hz.
[component_container_isolated-2] [WARN] [1780509764.463686052] [controller_server]: Control loop missed its desired rate of 30.0000 Hz. Current loop rate is 16.6667 Hz.
[component_container_isolated-2] [WARN] [1780509764.534403513] [controller_server]: Control loop missed its desired rate of 30.0000 Hz. Current loop rate is 25.0000 Hz.
[component_container_isolated-2] [WARN] [1780509764.637554357] [controller_server]: Control loop missed its desired rate of 30.0000 Hz. Current loop rate is 25.0000 Hz.
[component_container_isolated-2] [WARN] [1780509764.738138110] [controller_server]: Control loop missed its desired rate of 30.0000 Hz. Current loop rate is 33.3333 Hz.
[component_container_isolated-2] [WARN] [1780509764.939417039] [controller_server]: Control loop missed its desired rate of 30.0000 Hz. Current loop rate is 25.0000 Hz.
[component_container_isolated-2] [WARN] [1780509765.082798569] [planner_server]: Planner loop missed its desired rate of 999999999.0000 Hz. Current loop rate is 1.6129 Hz
[component_container_isolated-2] [INFO] [1780509765.106199501] [controller_server]: Passing new path to controller.
[component_container_isolated-2] [WARN] [1780509765.345861224] [controller_server]: Control loop missed its desired rate of 30.0000 Hz. Current loop rate is 25.0000 Hz.
[component_container_isolated-2] [WARN] [1780509765.460649169] [controller_server]: Control loop missed its desired rate of 30.0000 Hz. Current loop rate is 16.6667 Hz.
[component_container_isolated-2] [WARN] [1780509765.545728244] [controller_server]: Control loop missed its desired rate of 30.0000 Hz. Current loop rate is 20.0000 Hz.
[component_container_isolated-2] [WARN] [1780509765.660002269] [controller_server]: Control loop missed its desired rate of 30.0000 Hz. Current loop rate is 20.0000 Hz.
[component_container_isolated-2] [WARN] [1780509765.754396280] [controller_server]: Control loop missed its desired rate of 30.0000 Hz. Current loop rate is 16.6667 Hz.
[component_container_isolated-2] [WARN] [1780509765.847940275] [controller_server]: Control loop missed its desired rate of 30.0000 Hz. Current loop rate is 16.6667 Hz.
[component_container_isolated-2] [WARN] [1780509765.967778878] [controller_server]: Control loop missed its desired rate of 30.0000 Hz. Current loop rate is 20.0000 Hz.
[robot_mission_runner-4] [INFO] [1780509765.982400151] [robot_mission_runner]: Pose: (61.80, 36.06), Elapsed: 5s, ETA: 732s, Dist remaining: 146.56m
[component_container_isolated-2] [WARN] [1780509766.048560789] [controller_server]: Control loop missed its desired rate of 30.0000 Hz. Current loop rate is 20.0000 Hz.
[component_container_isolated-2] [WARN] [1780509766.249209850] [controller_server]: Control loop missed its desired rate of 30.0000 Hz. Current loop rate is 33.3333 Hz.
[component_container_isolated-2] [WARN] [1780509766.350687777] [controller_server]: Control loop missed its desired rate of 30.0000 Hz. Current loop rate is 33.3333 Hz.
[component_container_isolated-2] [WARN] [1780509766.452428127] [controller_server]: Control loop missed its desired rate of 30.0000 Hz. Current loop rate is 25.0000 Hz.
[component_container_isolated-2] [WARN] [1780509766.553241969] [controller_server]: Control loop missed its desired rate of 30.0000 Hz. Current loop rate is 25.0000 Hz.
[component_container_isolated-2] [WARN] [1780509766.656959399] [controller_server]: Control loop missed its desired rate of 30.0000 Hz. Current loop rate is 25.0000 Hz.
[component_container_isolated-2] [WARN] [1780509766.741478923] [controller_server]: Control loop missed its desired rate of 30.0000 Hz. Current loop rate is 16.6667 Hz.
[component_container_isolated-2] [WARN] [1780509766.749521585] [planner_server]: Planner loop missed its desired rate of 999999999.0000 Hz. Current loop rate is 1.5385 Hz
[component_container_isolated-2] [INFO] [1780509766.774953672] [controller_server]: Passing new path to controller.
[component_container_isolated-2] [WARN] [1780509766.857573199] [controller_server]: Control loop missed its desired rate of 30.0000 Hz. Current loop rate is 20.0000 Hz.
[component_container_isolated-2] [WARN] [1780509766.940735815] [controller_server]: Control loop missed its desired rate of 30.0000 Hz. Current loop rate is 20.0000 Hz.
[component_container_isolated-2] [WARN] [1780509767.053101753] [controller_server]: Control loop missed its desired rate of 30.0000 Hz. Current loop rate is 20.0000 Hz.
[component_container_isolated-2] [WARN] [1780509767.168908007] [controller_server]: Control loop missed its desired rate of 30.0000 Hz. Current loop rate is 20.0000 Hz.
[component_container_isolated-2] [WARN] [1780509767.355022467] [controller_server]: Control loop missed its desired rate of 30.0000 Hz. Current loop rate is 16.6667 Hz.
[component_container_isolated-2] [WARN] [1780509767.448326011] [controller_server]: Control loop missed its desired rate of 30.0000 Hz. Current loop rate is 16.6667 Hz.
[component_container_isolated-2] [WARN] [1780509767.563200691] [controller_server]: Control loop missed its desired rate of 30.0000 Hz. Current loop rate is 16.6667 Hz.
[component_container_isolated-2] [WARN] [1780509767.636818770] [controller_server]: Control loop missed its desired rate of 30.0000 Hz. Current loop rate is 25.0000 Hz.
[component_container_isolated-2] [WARN] [1780509767.752193387] [controller_server]: Control loop missed its desired rate of 30.0000 Hz. Current loop rate is 16.6667 Hz.
[component_container_isolated-2] [WARN] [1780509767.866839844] [controller_server]: Control loop missed its desired rate of 30.0000 Hz. Current loop rate is 20.0000 Hz.
[component_container_isolated-2] [WARN] [1780509768.059422669] [controller_server]: Control loop missed its desired rate of 30.0000 Hz. Current loop rate is 16.6667 Hz.
[component_container_isolated-2] [WARN] [1780509768.147936854] [controller_server]: Control loop missed its desired rate of 30.0000 Hz. Current loop rate is 20.0000 Hz.
[component_container_isolated-2] [WARN] [1780509768.267886669] [controller_server]: Control loop missed its desired rate of 30.0000 Hz. Current loop rate is 16.6667 Hz.
[component_container_isolated-2] [WARN] [1780509768.336763562] [controller_server]: Control loop missed its desired rate of 30.0000 Hz. Current loop rate is 25.0000 Hz.
[component_container_isolated-2] [WARN] [1780509768.425911166] [planner_server]: Planner loop missed its desired rate of 999999999.0000 Hz. Current loop rate is 1.5152 Hz
[component_container_isolated-2] [WARN] [1780509768.454055488] [controller_server]: Control loop missed its desired rate of 30.0000 Hz. Current loop rate is 16.6667 Hz.
[component_container_isolated-2] [INFO] [1780509768.454132998] [controller_server]: Passing new path to controller.
[component_container_isolated-2] [WARN] [1780509768.559418561] [controller_server]: Control loop missed its desired rate of 30.0000 Hz. Current loop rate is 14.2857 Hz.
[component_container_isolated-2] [WARN] [1780509768.640347448] [controller_server]: Control loop missed its desired rate of 30.0000 Hz. Current loop rate is 25.0000 Hz.
[component_container_isolated-2] [WARN] [1780509768.755544946] [controller_server]: Control loop missed its desired rate of 30.0000 Hz. Current loop rate is 20.0000 Hz.
[component_container_isolated-2] [WARN] [1780509768.846406148] [controller_server]: Control loop missed its desired rate of 30.0000 Hz. Current loop rate is 16.6667 Hz.
[component_container_isolated-2] [WARN] [1780509768.961541925] [controller_server]: Control loop missed its desired rate of 30.0000 Hz. Current loop rate is 20.0000 Hz.
[component_container_isolated-2] [WARN] [1780509769.034479113] [controller_server]: Control loop missed its desired rate of 30.0000 Hz. Current loop rate is 25.0000 Hz.
[component_container_isolated-2] [WARN] [1780509769.141187622] [controller_server]: Control loop missed its desired rate of 30.0000 Hz. Current loop rate is 20.0000 Hz.
[component_container_isolated-2] [WARN] [1780509769.254622834] [controller_server]: Control loop missed its desired rate of 30.0000 Hz. Current loop rate is 20.0000 Hz.
[component_container_isolated-2] [WARN] [1780509769.341881814] [controller_server]: Control loop missed its desired rate of 30.0000 Hz. Current loop rate is 16.6667 Hz.
[component_container_isolated-2] [WARN] [1780509769.457463958] [controller_server]: Control loop missed its desired rate of 30.0000 Hz. Current loop rate is 20.0000 Hz.
[component_container_isolated-2] [WARN] [1780509769.536358254] [controller_server]: Control loop missed its desired rate of 30.0000 Hz. Current loop rate is 25.0000 Hz.
[component_container_isolated-2] [WARN] [1780509769.743254326] [controller_server]: Control loop missed its desired rate of 30.0000 Hz. Current loop rate is 20.0000 Hz.
[component_container_isolated-2] [WARN] [1780509769.855166667] [controller_server]: Control loop missed its desired rate of 30.0000 Hz. Current loop rate is 20.0000 Hz.
[component_container_isolated-2] [WARN] [1780509769.967761670] [controller_server]: Control loop missed its desired rate of 30.0000 Hz. Current loop rate is 25.0000 Hz.
[component_container_isolated-2] [WARN] [1780509770.033609059] [planner_server]: Planner loop missed its desired rate of 999999999.0000 Hz. Current loop rate is 1.7241 Hz
[component_container_isolated-2] [INFO] [1780509770.067894543] [controller_server]: Passing new path to controller.
[component_container_isolated-2] [WARN] [1780509770.144280677] [controller_server]: Control loop missed its desired rate of 30.0000 Hz. Current loop rate is 20.0000 Hz.
[component_container_isolated-2] [WARN] [1780509770.256990849] [controller_server]: Control loop missed its desired rate of 30.0000 Hz. Current loop rate is 20.0000 Hz.
[component_container_isolated-2] [WARN] [1780509770.349721708] [controller_server]: Control loop missed its desired rate of 30.0000 Hz. Current loop rate is 16.6667 Hz.
[component_container_isolated-2] [WARN] [1780509770.462188682] [controller_server]: Control loop missed its desired rate of 30.0000 Hz. Current loop rate is 20.0000 Hz.
[component_container_isolated-2] [WARN] [1780509770.537742844] [controller_server]: Control loop missed its desired rate of 30.0000 Hz. Current loop rate is 25.0000 Hz.
[component_container_isolated-2] [WARN] [1780509770.639901211] [controller_server]: Control loop missed its desired rate of 30.0000 Hz. Current loop rate is 33.3333 Hz.
[component_container_isolated-2] [WARN] [1780509770.751407769] [controller_server]: Control loop missed its desired rate of 30.0000 Hz. Current loop rate is 20.0000 Hz.
[component_container_isolated-2] [WARN] [1780509770.862835801] [controller_server]: Control loop missed its desired rate of 30.0000 Hz. Current loop rate is 20.0000 Hz.
[component_container_isolated-2] [WARN] [1780509770.944261461] [controller_server]: Control loop missed its desired rate of 30.0000 Hz. Current loop rate is 20.0000 Hz.
[robot_mission_runner-4] [INFO] [1780509771.002286318] [robot_mission_runner]: Pose: (59.83, 31.28), Elapsed: 10s, ETA: 94s, Dist remaining: 141.07m
[component_container_isolated-2] [WARN] [1780509771.052951798] [controller_server]: Control loop missed its desired rate of 30.0000 Hz. Current loop rate is 20.0000 Hz.
[component_container_isolated-2] [WARN] [1780509771.163471274] [controller_server]: Control loop missed its desired rate of 30.0000 Hz. Current loop rate is 20.0000 Hz.
[component_container_isolated-2] [WARN] [1780509771.243529071] [controller_server]: Control loop missed its desired rate of 30.0000 Hz. Current loop rate is 20.0000 Hz.
[component_container_isolated-2] [WARN] [1780509771.351441223] [controller_server]: Control loop missed its desired rate of 30.0000 Hz. Current loop rate is 20.0000 Hz.
[component_container_isolated-2] [WARN] [1780509771.460153276] [controller_server]: Control loop missed its desired rate of 30.0000 Hz. Current loop rate is 20.0000 Hz.
[component_container_isolated-2] [WARN] [1780509771.536627878] [controller_server]: Control loop missed its desired rate of 30.0000 Hz. Current loop rate is 25.0000 Hz.
[component_container_isolated-2] [WARN] [1780509771.700722272] [planner_server]: Planner loop missed its desired rate of 999999999.0000 Hz. Current loop rate is 1.5625 Hz
[component_container_isolated-2] [WARN] [1780509771.743260862] [controller_server]: Control loop missed its desired rate of 30.0000 Hz. Current loop rate is 20.0000 Hz.
[component_container_isolated-2] [INFO] [1780509771.743341601] [controller_server]: Passing new path to controller.
[component_container_isolated-2] [WARN] [1780509771.853394825] [controller_server]: Control loop missed its desired rate of 30.0000 Hz. Current loop rate is 20.0000 Hz.
[component_container_isolated-2] [WARN] [1780509771.941066018] [controller_server]: Control loop missed its desired rate of 30.0000 Hz. Current loop rate is 16.6667 Hz.
[component_container_isolated-2] [WARN] [1780509773.250298972] [planner_server]: Planner loop missed its desired rate of 999999999.0000 Hz. Current loop rate is 1.9231 Hz
[component_container_isolated-2] [INFO] [1780509773.274528889] [controller_server]: Passing new path to controller.
[component_container_isolated-2] [WARN] [1780509773.343847186] [controller_server]: Control loop missed its desired rate of 30.0000 Hz. Current loop rate is 25.0000 Hz.
[component_container_isolated-2] [WARN] [1780509773.446677794] [controller_server]: Control loop missed its desired rate of 30.0000 Hz. Current loop rate is 20.0000 Hz.
[component_container_isolated-2] [WARN] [1780509774.048697032] [controller_server]: Control loop missed its desired rate of 30.0000 Hz. Current loop rate is 25.0000 Hz.
[component_container_isolated-2] [WARN] [1780509774.350662773] [controller_server]: Control loop missed its desired rate of 30.0000 Hz. Current loop rate is 33.3333 Hz.
[component_container_isolated-2] [WARN] [1780509774.753878250] [planner_server]: Planner loop missed its desired rate of 999999999.0000 Hz. Current loop rate is 2.1277 Hz
[component_container_isolated-2] [INFO] [1780509774.784163460] [controller_server]: Passing new path to controller.
[component_container_isolated-2] [WARN] [1780509774.951529064] [controller_server]: Control loop missed its desired rate of 30.0000 Hz. Current loop rate is 25.0000 Hz.
[component_container_isolated-2] [WARN] [1780509775.059999632] [controller_server]: Control loop missed its desired rate of 30.0000 Hz. Current loop rate is 20.0000 Hz.
[component_container_isolated-2] [WARN] [1780509775.231854948] [controller_server]: Control loop missed its desired rate of 30.0000 Hz. Current loop rate is 25.0000 Hz.
[component_container_isolated-2] [WARN] [1780509775.532502907] [controller_server]: Control loop missed its desired rate of 30.0000 Hz. Current loop rate is 25.0000 Hz.
[component_container_isolated-2] [WARN] [1780509775.650173742] [controller_server]: Control loop missed its desired rate of 30.0000 Hz. Current loop rate is 20.0000 Hz.
[robot_mission_runner-4] [INFO] [1780509776.025700963] [robot_mission_runner]: Pose: (59.85, 23.73), Elapsed: 15s, ETA: 89s, Dist remaining: 133.81m
[component_container_isolated-2] [WARN] [1780509776.273274818] [planner_server]: Planner loop missed its desired rate of 999999999.0000 Hz. Current loop rate is 1.9608 Hz
[component_container_isolated-2] [INFO] [1780509776.316979039] [controller_server]: Passing new path to controller.
[component_container_isolated-2] [WARN] [1780509776.851876963] [controller_server]: Control loop missed its desired rate of 30.0000 Hz. Current loop rate is 20.0000 Hz.
[component_container_isolated-2] [WARN] [1780509776.955263554] [controller_server]: Control loop missed its desired rate of 30.0000 Hz. Current loop rate is 25.0000 Hz.
[component_container_isolated-2] [WARN] [1780509777.022670335] [controller_server]: Control loop missed its desired rate of 30.0000 Hz. Current loop rate is 25.0000 Hz.
[component_container_isolated-2] [WARN] [1780509777.132068431] [controller_server]: Control loop missed its desired rate of 30.0000 Hz. Current loop rate is 20.0000 Hz.
[component_container_isolated-2] [WARN] [1780509777.235138660] [controller_server]: Control loop missed its desired rate of 30.0000 Hz. Current loop rate is 25.0000 Hz.
[component_container_isolated-2] [WARN] [1780509777.435369906] [controller_server]: Control loop missed its desired rate of 30.0000 Hz. Current loop rate is 25.0000 Hz.
[component_container_isolated-2] [WARN] [1780509777.881560994] [planner_server]: Planner loop missed its desired rate of 999999999.0000 Hz. Current loop rate is 1.7241 Hz
[component_container_isolated-2] [INFO] [1780509777.902169255] [controller_server]: Passing new path to controller.
[component_container_isolated-2] [WARN] [1780509778.244736873] [controller_server]: Control loop missed its desired rate of 30.0000 Hz. Current loop rate is 20.0000 Hz.
[component_container_isolated-2] [WARN] [1780509779.395515574] [planner_server]: Planner loop missed its desired rate of 999999999.0000 Hz. Current loop rate is 2.0408 Hz
[component_container_isolated-2] [INFO] [1780509779.444874487] [controller_server]: Passing new path to controller.
[component_container_isolated-2] [WARN] [1780509779.656837734] [controller_server]: Control loop missed its desired rate of 30.0000 Hz. Current loop rate is 20.0000 Hz.
[component_container_isolated-2] [WARN] [1780509779.836926425] [controller_server]: Control loop missed its desired rate of 30.0000 Hz. Current loop rate is 20.0000 Hz.
[component_container_isolated-2] [WARN] [1780509779.945739570] [controller_server]: Control loop missed its desired rate of 30.0000 Hz. Current loop rate is 20.0000 Hz.
[component_container_isolated-2] [WARN] [1780509780.047202731] [controller_server]: Control loop missed its desired rate of 30.0000 Hz. Current loop rate is 25.0000 Hz.
[component_container_isolated-2] [WARN] [1780509780.153135906] [controller_server]: Control loop missed its desired rate of 30.0000 Hz. Current loop rate is 20.0000 Hz.
[component_container_isolated-2] [WARN] [1780509780.362587923] [controller_server]: Control loop missed its desired rate of 30.0000 Hz. Current loop rate is 16.6667 Hz.
[component_container_isolated-2] [WARN] [1780509780.439851754] [controller_server]: Control loop missed its desired rate of 30.0000 Hz. Current loop rate is 25.0000 Hz.
[component_container_isolated-2] [WARN] [1780509780.540360914] [controller_server]: Control loop missed its desired rate of 30.0000 Hz. Current loop rate is 33.3333 Hz.
[robot_mission_runner-4] [INFO] [1780509781.049391981] [robot_mission_runner]: Pose: (60.07, 16.24), Elapsed: 20s, ETA: 84s, Dist remaining: 126.48m
[component_container_isolated-2] [WARN] [1780509781.076408736] [planner_server]: Planner loop missed its desired rate of 999999999.0000 Hz. Current loop rate is 1.5152 Hz
[component_container_isolated-2] [INFO] [1780509781.107174673] [controller_server]: Passing new path to controller.
[component_container_isolated-2] [WARN] [1780509781.441482260] [controller_server]: Control loop missed its desired rate of 30.0000 Hz. Current loop rate is 33.3333 Hz.
[component_container_isolated-2] [WARN] [1780509781.557174322] [controller_server]: Control loop missed its desired rate of 30.0000 Hz. Current loop rate is 20.0000 Hz.
[component_container_isolated-2] [WARN] [1780509781.635389982] [controller_server]: Control loop missed its desired rate of 30.0000 Hz. Current loop rate is 20.0000 Hz.
[component_container_isolated-2] [WARN] [1780509781.743722349] [controller_server]: Control loop missed its desired rate of 30.0000 Hz. Current loop rate is 25.0000 Hz.
[component_container_isolated-2] [WARN] [1780509781.958671607] [controller_server]: Control loop missed its desired rate of 30.0000 Hz. Current loop rate is 20.0000 Hz.
[component_container_isolated-2] [WARN] [1780509782.039093440] [controller_server]: Control loop missed its desired rate of 30.0000 Hz. Current loop rate is 25.0000 Hz.
[component_container_isolated-2] [WARN] [1780509782.444775295] [controller_server]: Control loop missed its desired rate of 30.0000 Hz. Current loop rate is 25.0000 Hz.
[component_container_isolated-2] [WARN] [1780509782.671115685] [planner_server]: Planner loop missed its desired rate of 999999999.0000 Hz. Current loop rate is 1.7544 Hz
[component_container_isolated-2] [INFO] [1780509782.711932932] [controller_server]: Passing new path to controller.
[component_container_isolated-2] [WARN] [1780509783.545866854] [controller_server]: Control loop missed its desired rate of 30.0000 Hz. Current loop rate is 25.0000 Hz.
[component_container_isolated-2] [WARN] [1780509783.649298017] [controller_server]: Control loop missed its desired rate of 30.0000 Hz. Current loop rate is 25.0000 Hz.
[component_container_isolated-2] [WARN] [1780509783.860758005] [controller_server]: Control loop missed its desired rate of 30.0000 Hz. Current loop rate is 25.0000 Hz.
[component_container_isolated-2] [WARN] [1780509783.954298397] [controller_server]: Control loop missed its desired rate of 30.0000 Hz. Current loop rate is 16.6667 Hz.
[component_container_isolated-2] [WARN] [1780509784.050728140] [controller_server]: Control loop missed its desired rate of 30.0000 Hz. Current loop rate is 16.6667 Hz.
[component_container_isolated-2] [WARN] [1780509784.188666217] [planner_server]: Planner loop missed its desired rate of 999999999.0000 Hz. Current loop rate is 2.0408 Hz
[component_container_isolated-2] [INFO] [1780509784.217680608] [controller_server]: Passing new path to controller.
[component_container_isolated-2] [WARN] [1780509784.853504267] [controller_server]: Control loop missed its desired rate of 30.0000 Hz. Current loop rate is 25.0000 Hz.
[component_container_isolated-2] [WARN] [1780509784.935575081] [controller_server]: Control loop missed its desired rate of 30.0000 Hz. Current loop rate is 20.0000 Hz.
[component_container_isolated-2] [WARN] [1780509785.720724176] [planner_server]: Planner loop missed its desired rate of 999999999.0000 Hz. Current loop rate is 1.9608 Hz
[component_container_isolated-2] [INFO] [1780509785.735717308] [controller_server]: Passing new path to controller.
[component_container_isolated-2] [WARN] [1780509785.937675458] [controller_server]: Control loop missed its desired rate of 30.0000 Hz. Current loop rate is 33.3333 Hz.
[robot_mission_runner-4] [INFO] [1780509786.085728431] [robot_mission_runner]: Pose: (60.01, 8.68), Elapsed: 25s, ETA: 79s, Dist remaining: 118.64m
[component_container_isolated-2] [WARN] [1780509786.141904271] [controller_server]: Control loop missed its desired rate of 30.0000 Hz. Current loop rate is 25.0000 Hz.
[component_container_isolated-2] [WARN] [1780509786.243170925] [controller_server]: Control loop missed its desired rate of 30.0000 Hz. Current loop rate is 25.0000 Hz.
[component_container_isolated-2] [WARN] [1780509786.564589246] [controller_server]: Control loop missed its desired rate of 30.0000 Hz. Current loop rate is 16.6667 Hz.
[component_container_isolated-2] [WARN] [1780509786.650244318] [controller_server]: Control loop missed its desired rate of 30.0000 Hz. Current loop rate is 20.0000 Hz.
[component_container_isolated-2] [WARN] [1780509787.366550462] [planner_server]: Planner loop missed its desired rate of 999999999.0000 Hz. Current loop rate is 1.5625 Hz
[component_container_isolated-2] [INFO] [1780509787.383739943] [controller_server]: Passing new path to controller.
[vlm_node-3] [INFO] [1780509787.711020076] [vlm_node]: Completed prompt: "Check if there are any small hazards on the ground that would cause harm to the robot if it navigated over it OR the area is blocked by large objects that make it impassable. If so respond only yes. Otherwise, respond no." with response: False
[vlm_node-3] [INFO] [1780509787.711364324] [vlm_node]: VLM_QUERY|QueryBool|success|26.85|1|
[vlm_node-3] [INFO] [1780509787.725778516] [vlm_node]: Goal received with prompt: Is this space too crowded by people or working machinery to move though safely? If so, respond only yes. Otherwise respond no.
[component_container_isolated-2] [WARN] [1780509788.055742812] [controller_server]: Control loop missed its desired rate of 30.0000 Hz. Current loop rate is 20.0000 Hz.
[component_container_isolated-2] [WARN] [1780509788.135725865] [controller_server]: Control loop missed its desired rate of 30.0000 Hz. Current loop rate is 20.0000 Hz.
[component_container_isolated-2] [WARN] [1780509788.438320679] [controller_server]: Control loop missed its desired rate of 30.0000 Hz. Current loop rate is 33.3333 Hz.
[component_container_isolated-2] [WARN] [1780509788.541536895] [controller_server]: Control loop missed its desired rate of 30.0000 Hz. Current loop rate is 25.0000 Hz.
[component_container_isolated-2] [WARN] [1780509788.644137030] [controller_server]: Control loop missed its desired rate of 30.0000 Hz. Current loop rate is 25.0000 Hz.
[component_container_isolated-2] [WARN] [1780509788.815214600] [planner_server]: Planner loop missed its desired rate of 999999999.0000 Hz. Current loop rate is 2.3810 Hz
[component_container_isolated-2] [INFO] [1780509788.844260695] [controller_server]: Passing new path to controller.
[component_container_isolated-2] [WARN] [1780509790.278257006] [planner_server]: Planner loop missed its desired rate of 999999999.0000 Hz. Current loop rate is 2.2727 Hz
[component_container_isolated-2] [INFO] [1780509790.310927137] [controller_server]: Passing new path to controller.
[component_container_isolated-2] [WARN] [1780509790.649230424] [controller_server]: Control loop missed its desired rate of 30.0000 Hz. Current loop rate is 25.0000 Hz.
[component_container_isolated-2] [WARN] [1780509790.856924487] [controller_server]: Control loop missed its desired rate of 30.0000 Hz. Current loop rate is 25.0000 Hz.
[component_container_isolated-2] [WARN] [1780509790.951584740] [controller_server]: Control loop missed its desired rate of 30.0000 Hz. Current loop rate is 14.2857 Hz.
[component_container_isolated-2] [WARN] [1780509791.064219353] [controller_server]: Control loop missed its desired rate of 30.0000 Hz. Current loop rate is 20.0000 Hz.
[robot_mission_runner-4] [INFO] [1780509791.104618981] [robot_mission_runner]: Pose: (54.49, 4.36), Elapsed: 30s, ETA: 74s, Dist remaining: 111.37m
[component_container_isolated-2] [WARN] [1780509791.134138796] [controller_server]: Control loop missed its desired rate of 30.0000 Hz. Current loop rate is 25.0000 Hz.
[component_container_isolated-2] [WARN] [1780509791.238198983] [controller_server]: Control loop missed its desired rate of 30.0000 Hz. Current loop rate is 25.0000 Hz.
[component_container_isolated-2] [WARN] [1780509791.346958903] [controller_server]: Control loop missed its desired rate of 30.0000 Hz. Current loop rate is 25.0000 Hz.
[component_container_isolated-2] [WARN] [1780509791.455980697] [controller_server]: Control loop missed its desired rate of 30.0000 Hz. Current loop rate is 20.0000 Hz.
[component_container_isolated-2] [WARN] [1780509791.548319878] [controller_server]: Control loop missed its desired rate of 30.0000 Hz. Current loop rate is 16.6667 Hz.
[component_container_isolated-2] [WARN] [1780509791.656228535] [controller_server]: Control loop missed its desired rate of 30.0000 Hz. Current loop rate is 25.0000 Hz.
[component_container_isolated-2] [WARN] [1780509791.751943767] [controller_server]: Control loop missed its desired rate of 30.0000 Hz. Current loop rate is 14.2857 Hz.
[component_container_isolated-2] [WARN] [1780509791.853499807] [planner_server]: Planner loop missed its desired rate of 999999999.0000 Hz. Current loop rate is 1.7857 Hz
[component_container_isolated-2] [WARN] [1780509791.870553271] [controller_server]: Control loop missed its desired rate of 30.0000 Hz. Current loop rate is 20.0000 Hz.
[component_container_isolated-2] [INFO] [1780509791.904053674] [controller_server]: Passing new path to controller.
[component_container_isolated-2] [WARN] [1780509792.242238628] [controller_server]: Control loop missed its desired rate of 30.0000 Hz. Current loop rate is 25.0000 Hz.
[component_container_isolated-2] [WARN] [1780509792.557173047] [controller_server]: Control loop missed its desired rate of 30.0000 Hz. Current loop rate is 20.0000 Hz.
[component_container_isolated-2] [WARN] [1780509792.650148345] [controller_server]: Control loop missed its desired rate of 30.0000 Hz. Current loop rate is 16.6667 Hz.
[component_container_isolated-2] [WARN] [1780509792.851450438] [controller_server]: Control loop missed its desired rate of 30.0000 Hz. Current loop rate is 25.0000 Hz.
[component_container_isolated-2] [WARN] [1780509792.953881411] [controller_server]: Control loop missed its desired rate of 30.0000 Hz. Current loop rate is 25.0000 Hz.
[component_container_isolated-2] [WARN] [1780509793.041663856] [controller_server]: Control loop missed its desired rate of 30.0000 Hz. Current loop rate is 16.6667 Hz.
[component_container_isolated-2] [WARN] [1780509793.142566065] [controller_server]: Control loop missed its desired rate of 30.0000 Hz. Current loop rate is 25.0000 Hz.
[component_container_isolated-2] [WARN] [1780509793.247913938] [controller_server]: Control loop missed its desired rate of 30.0000 Hz. Current loop rate is 25.0000 Hz.
[component_container_isolated-2] [WARN] [1780509793.357486392] [controller_server]: Control loop missed its desired rate of 30.0000 Hz. Current loop rate is 20.0000 Hz.
[component_container_isolated-2] [WARN] [1780509793.440538023] [controller_server]: Control loop missed its desired rate of 30.0000 Hz. Current loop rate is 20.0000 Hz.
[component_container_isolated-2] [WARN] [1780509793.508813382] [planner_server]: Planner loop missed its desired rate of 999999999.0000 Hz. Current loop rate is 1.5873 Hz
[component_container_isolated-2] [INFO] [1780509793.541223348] [controller_server]: Passing new path to controller.
[component_container_isolated-2] [WARN] [1780509794.041532978] [controller_server]: Control loop missed its desired rate of 30.0000 Hz. Current loop rate is 25.0000 Hz.
[component_container_isolated-2] [WARN] [1780509795.010791887] [planner_server]: Planner loop missed its desired rate of 999999999.0000 Hz. Current loop rate is 2.1277 Hz
[component_container_isolated-2] [INFO] [1780509795.041661926] [controller_server]: Passing new path to controller.
[component_container_isolated-2] [WARN] [1780509795.549518312] [controller_server]: Control loop missed its desired rate of 30.0000 Hz. Current loop rate is 25.0000 Hz.
[component_container_isolated-2] [WARN] [1780509795.750122642] [controller_server]: Control loop missed its desired rate of 30.0000 Hz. Current loop rate is 25.0000 Hz.
[component_container_isolated-2] [WARN] [1780509796.064897675] [controller_server]: Control loop missed its desired rate of 30.0000 Hz. Current loop rate is 20.0000 Hz.
[robot_mission_runner-4] [INFO] [1780509796.140016569] [robot_mission_runner]: Pose: (46.93, 4.32), Elapsed: 35s, ETA: 68s, Dist remaining: 103.46m
[component_container_isolated-2] [WARN] [1780509796.242597888] [controller_server]: Control loop missed its desired rate of 30.0000 Hz. Current loop rate is 20.0000 Hz.
[component_container_isolated-2] [WARN] [1780509796.346917105] [controller_server]: Control loop missed its desired rate of 30.0000 Hz. Current loop rate is 25.0000 Hz.
[component_container_isolated-2] [WARN] [1780509796.643968509] [planner_server]: Planner loop missed its desired rate of 999999999.0000 Hz. Current loop rate is 1.6393 Hz
[component_container_isolated-2] [WARN] [1780509796.648046812] [controller_server]: Control loop missed its desired rate of 30.0000 Hz. Current loop rate is 25.0000 Hz.
[component_container_isolated-2] [INFO] [1780509796.681547308] [controller_server]: Passing new path to controller.
[component_container_isolated-2] [WARN] [1780509797.559416951] [controller_server]: Control loop missed its desired rate of 30.0000 Hz. Current loop rate is 20.0000 Hz.
[component_container_isolated-2] [WARN] [1780509797.631865926] [controller_server]: Control loop missed its desired rate of 30.0000 Hz. Current loop rate is 50.0000 Hz.
[component_container_isolated-2] [WARN] [1780509797.735400327] [controller_server]: Control loop missed its desired rate of 30.0000 Hz. Current loop rate is 25.0000 Hz.
[component_container_isolated-2] [WARN] [1780509797.938525925] [controller_server]: Control loop missed its desired rate of 30.0000 Hz. Current loop rate is 33.3333 Hz.
[component_container_isolated-2] [WARN] [1780509798.074341047] [planner_server]: Planner loop missed its desired rate of 999999999.0000 Hz. Current loop rate is 2.3810 Hz
[component_container_isolated-2] [INFO] [1780509798.106180350] [controller_server]: Passing new path to controller.
[component_container_isolated-2] [WARN] [1780509799.616514336] [planner_server]: Planner loop missed its desired rate of 999999999.0000 Hz. Current loop rate is 1.8868 Hz
[component_container_isolated-2] [INFO] [1780509799.638676300] [controller_server]: Passing new path to controller.
[component_container_isolated-2] [WARN] [1780509800.341573514] [controller_server]: Control loop missed its desired rate of 30.0000 Hz. Current loop rate is 33.3333 Hz.
[component_container_isolated-2] [WARN] [1780509800.545354234] [controller_server]: Control loop missed its desired rate of 30.0000 Hz. Current loop rate is 25.0000 Hz.
[component_container_isolated-2] [WARN] [1780509800.752140608] [controller_server]: Control loop missed its desired rate of 30.0000 Hz. Current loop rate is 20.0000 Hz.
[component_container_isolated-2] [WARN] [1780509801.082350394] [planner_server]: Planner loop missed its desired rate of 999999999.0000 Hz. Current loop rate is 2.2222 Hz
[component_container_isolated-2] [INFO] [1780509801.118933310] [controller_server]: Passing new path to controller.
[robot_mission_runner-4] [INFO] [1780509801.162957724] [robot_mission_runner]: Pose: (39.39, 4.30), Elapsed: 40s, ETA: 63s, Dist remaining: 95.86m
[component_container_isolated-2] [WARN] [1780509801.256580767] [controller_server]: Control loop missed its desired rate of 30.0000 Hz. Current loop rate is 25.0000 Hz.
[component_container_isolated-2] [WARN] [1780509801.334873540] [controller_server]: Control loop missed its desired rate of 30.0000 Hz. Current loop rate is 20.0000 Hz.
[component_container_isolated-2] [WARN] [1780509801.442548285] [controller_server]: Control loop missed its desired rate of 30.0000 Hz. Current loop rate is 25.0000 Hz.
[component_container_isolated-2] [WARN] [1780509801.945793946] [controller_server]: Control loop missed its desired rate of 30.0000 Hz. Current loop rate is 25.0000 Hz.
[component_container_isolated-2] [WARN] [1780509802.349188480] [controller_server]: Control loop missed its desired rate of 30.0000 Hz. Current loop rate is 25.0000 Hz.
[component_container_isolated-2] [WARN] [1780509802.571597461] [planner_server]: Planner loop missed its desired rate of 999999999.0000 Hz. Current loop rate is 2.1277 Hz
[component_container_isolated-2] [INFO] [1780509802.616001038] [controller_server]: Passing new path to controller.
[component_container_isolated-2] [WARN] [1780509802.953024442] [controller_server]: Control loop missed its desired rate of 30.0000 Hz. Current loop rate is 20.0000 Hz.
[component_container_isolated-2] [WARN] [1780509803.059782997] [controller_server]: Control loop missed its desired rate of 30.0000 Hz. Current loop rate is 25.0000 Hz.
[component_container_isolated-2] [WARN] [1780509803.136465548] [controller_server]: Control loop missed its desired rate of 30.0000 Hz. Current loop rate is 25.0000 Hz.
[component_container_isolated-2] [WARN] [1780509803.337167529] [controller_server]: Control loop missed its desired rate of 30.0000 Hz. Current loop rate is 33.3333 Hz.
[component_container_isolated-2] [WARN] [1780509803.541691335] [controller_server]: Control loop missed its desired rate of 30.0000 Hz. Current loop rate is 33.3333 Hz.
[component_container_isolated-2] [WARN] [1780509803.654486812] [controller_server]: Control loop missed its desired rate of 30.0000 Hz. Current loop rate is 20.0000 Hz.
[component_container_isolated-2] [WARN] [1780509803.740413193] [controller_server]: Control loop missed its desired rate of 30.0000 Hz. Current loop rate is 20.0000 Hz.
[component_container_isolated-2] [WARN] [1780509804.075334900] [planner_server]: Planner loop missed its desired rate of 999999999.0000 Hz. Current loop rate is 2.0408 Hz
[component_container_isolated-2] [INFO] [1780509804.107551653] [controller_server]: Passing new path to controller.
[component_container_isolated-2] [WARN] [1780509804.840969942] [controller_server]: Control loop missed its desired rate of 30.0000 Hz. Current loop rate is 33.3333 Hz.
[component_container_isolated-2] [WARN] [1780509805.599382321] [planner_server]: Planner loop missed its desired rate of 999999999.0000 Hz. Current loop rate is 1.9608 Hz
[component_container_isolated-2] [INFO] [1780509805.641109793] [controller_server]: Passing new path to controller.
[vlm_node-3] [INFO] [1780509806.110553830] [vlm_node]: Completed prompt: "Is this space too crowded by people or working machinery to move though safely? If so, respond only yes. Otherwise respond no." with response: False
[vlm_node-3] [INFO] [1780509806.111181344] [vlm_node]: VLM_QUERY|QueryBool|success|18.39|1|
[vlm_node-3] [INFO] [1780509806.125271464] [vlm_node]: Goal received with prompt: Are there any people visible in this scene? If so, respond only yes. Otherwise respond no.
[robot_mission_runner-4] [INFO] [1780509806.179038889] [robot_mission_runner]: Pose: (31.87, 4.33), Elapsed: 45s, ETA: 59s, Dist remaining: 88.56m
[component_container_isolated-2] [WARN] [1780509807.015930236] [planner_server]: Planner loop missed its desired rate of 999999999.0000 Hz. Current loop rate is 2.5641 Hz
[component_container_isolated-2] [INFO] [1780509807.041109165] [controller_server]: Passing new path to controller.
[component_container_isolated-2] [WARN] [1780509807.142075371] [controller_server]: Control loop missed its desired rate of 30.0000 Hz. Current loop rate is 33.3333 Hz.
[component_container_isolated-2] [WARN] [1780509808.475247248] [planner_server]: Planner loop missed its desired rate of 999999999.0000 Hz. Current loop rate is 2.2222 Hz
[component_container_isolated-2] [INFO] [1780509808.509114539] [controller_server]: Passing new path to controller.
[component_container_isolated-2] [WARN] [1780509808.653729401] [controller_server]: Control loop missed its desired rate of 30.0000 Hz. Current loop rate is 20.0000 Hz.
[component_container_isolated-2] [WARN] [1780509808.729952564] [controller_server]: Control loop missed its desired rate of 30.0000 Hz. Current loop rate is 33.3333 Hz.
[component_container_isolated-2] [WARN] [1780509808.832203376] [controller_server]: Control loop missed its desired rate of 30.0000 Hz. Current loop rate is 33.3333 Hz.
[component_container_isolated-2] [WARN] [1780509808.936440568] [controller_server]: Control loop missed its desired rate of 30.0000 Hz. Current loop rate is 33.3333 Hz.
[component_container_isolated-2] [WARN] [1780509809.162198240] [controller_server]: Control loop missed its desired rate of 30.0000 Hz. Current loop rate is 16.6667 Hz.
[component_container_isolated-2] [WARN] [1780509809.238389525] [controller_server]: Control loop missed its desired rate of 30.0000 Hz. Current loop rate is 25.0000 Hz.
[component_container_isolated-2] [WARN] [1780509809.540388874] [controller_server]: Control loop missed its desired rate of 30.0000 Hz. Current loop rate is 33.3333 Hz.
[component_container_isolated-2] [WARN] [1780509809.946427257] [planner_server]: Planner loop missed its desired rate of 999999999.0000 Hz. Current loop rate is 2.2222 Hz
[component_container_isolated-2] [INFO] [1780509809.973863294] [controller_server]: Passing new path to controller.
[component_container_isolated-2] [WARN] [1780509810.345201723] [controller_server]: Control loop missed its desired rate of 30.0000 Hz. Current loop rate is 25.0000 Hz.
[component_container_isolated-2] [WARN] [1780509810.950923949] [controller_server]: Control loop missed its desired rate of 30.0000 Hz. Current loop rate is 33.3333 Hz.
[component_container_isolated-2] [WARN] [1780509811.155158454] [controller_server]: Control loop missed its desired rate of 30.0000 Hz. Current loop rate is 25.0000 Hz.
[robot_mission_runner-4] [INFO] [1780509811.199859982] [robot_mission_runner]: Pose: (24.36, 4.40), Elapsed: 50s, ETA: 54s, Dist remaining: 81.11m
[component_container_isolated-2] [WARN] [1780509811.230032136] [controller_server]: Control loop missed its desired rate of 30.0000 Hz. Current loop rate is 25.0000 Hz.
[component_container_isolated-2] [WARN] [1780509811.337671783] [controller_server]: Control loop missed its desired rate of 30.0000 Hz. Current loop rate is 33.3333 Hz.
[component_container_isolated-2] [WARN] [1780509811.484905520] [planner_server]: Planner loop missed its desired rate of 999999999.0000 Hz. Current loop rate is 1.8868 Hz
[component_container_isolated-2] [INFO] [1780509811.504710710] [controller_server]: Passing new path to controller.
[component_container_isolated-2] [WARN] [1780509812.042015192] [controller_server]: Control loop missed its desired rate of 30.0000 Hz. Current loop rate is 50.0000 Hz.
[component_container_isolated-2] [WARN] [1780509812.144615954] [controller_server]: Control loop missed its desired rate of 30.0000 Hz. Current loop rate is 25.0000 Hz.
[component_container_isolated-2] [WARN] [1780509812.246672462] [controller_server]: Control loop missed its desired rate of 30.0000 Hz. Current loop rate is 33.3333 Hz.
[component_container_isolated-2] [WARN] [1780509812.449423033] [controller_server]: Control loop missed its desired rate of 30.0000 Hz. Current loop rate is 33.3333 Hz.
[component_container_isolated-2] [WARN] [1780509812.551071592] [controller_server]: Control loop missed its desired rate of 30.0000 Hz. Current loop rate is 33.3333 Hz.
[component_container_isolated-2] [WARN] [1780509812.655280539] [controller_server]: Control loop missed its desired rate of 30.0000 Hz. Current loop rate is 25.0000 Hz.
[component_container_isolated-2] [WARN] [1780509812.735706596] [controller_server]: Control loop missed its desired rate of 30.0000 Hz. Current loop rate is 20.0000 Hz.
[component_container_isolated-2] [WARN] [1780509812.841710043] [controller_server]: Control loop missed its desired rate of 30.0000 Hz. Current loop rate is 33.3333 Hz.
[component_container_isolated-2] [WARN] [1780509812.997227535] [planner_server]: Planner loop missed its desired rate of 999999999.0000 Hz. Current loop rate is 1.9608 Hz
[component_container_isolated-2] [WARN] [1780509813.044588420] [controller_server]: Control loop missed its desired rate of 30.0000 Hz. Current loop rate is 25.0000 Hz.
[component_container_isolated-2] [INFO] [1780509813.045257009] [controller_server]: Passing new path to controller.
[component_container_isolated-2] [WARN] [1780509813.148446055] [controller_server]: Control loop missed its desired rate of 30.0000 Hz. Current loop rate is 33.3333 Hz.
[component_container_isolated-2] [WARN] [1780509813.250520087] [controller_server]: Control loop missed its desired rate of 30.0000 Hz. Current loop rate is 33.3333 Hz.
[component_container_isolated-2] [WARN] [1780509813.354102198] [controller_server]: Control loop missed its desired rate of 30.0000 Hz. Current loop rate is 25.0000 Hz.
[component_container_isolated-2] [WARN] [1780509813.447263735] [controller_server]: Control loop missed its desired rate of 30.0000 Hz. Current loop rate is 16.6667 Hz.
[component_container_isolated-2] [WARN] [1780509813.553747591] [controller_server]: Control loop missed its desired rate of 30.0000 Hz. Current loop rate is 33.3333 Hz.
[component_container_isolated-2] [WARN] [1780509813.633137675] [controller_server]: Control loop missed its desired rate of 30.0000 Hz. Current loop rate is 25.0000 Hz.
[component_container_isolated-2] [WARN] [1780509813.739306651] [controller_server]: Control loop missed its desired rate of 30.0000 Hz. Current loop rate is 25.0000 Hz.
[component_container_isolated-2] [WARN] [1780509814.139772396] [controller_server]: Control loop missed its desired rate of 30.0000 Hz. Current loop rate is 33.3333 Hz.
[component_container_isolated-2] [WARN] [1780509814.439342120] [planner_server]: Planner loop missed its desired rate of 999999999.0000 Hz. Current loop rate is 2.3810 Hz
[component_container_isolated-2] [INFO] [1780509814.473241085] [controller_server]: Passing new path to controller.
[component_container_isolated-2] [WARN] [1780509814.739936477] [controller_server]: Control loop missed its desired rate of 30.0000 Hz. Current loop rate is 33.3333 Hz.
[component_container_isolated-2] [WARN] [1780509815.345799314] [controller_server]: Control loop missed its desired rate of 30.0000 Hz. Current loop rate is 25.0000 Hz.
[component_container_isolated-2] [WARN] [1780509815.452018392] [controller_server]: Control loop missed its desired rate of 30.0000 Hz. Current loop rate is 25.0000 Hz.
[component_container_isolated-2] [WARN] [1780509815.826300590] [planner_server]: Planner loop missed its desired rate of 999999999.0000 Hz. Current loop rate is 2.7027 Hz
[component_container_isolated-2] [INFO] [1780509815.852154544] [controller_server]: Passing new path to controller.
[robot_mission_runner-4] [INFO] [1780509816.223822497] [robot_mission_runner]: Pose: (16.82, 4.39), Elapsed: 55s, ETA: 48s, Dist remaining: 73.44m
[component_container_isolated-2] [WARN] [1780509816.558124695] [controller_server]: Control loop missed its desired rate of 30.0000 Hz. Current loop rate is 25.0000 Hz.
[component_container_isolated-2] [WARN] [1780509816.628551278] [controller_server]: Control loop missed its desired rate of 30.0000 Hz. Current loop rate is 25.0000 Hz.
[component_container_isolated-2] [WARN] [1780509816.731347907] [controller_server]: Control loop missed its desired rate of 30.0000 Hz. Current loop rate is 33.3333 Hz.
[component_container_isolated-2] [WARN] [1780509816.832048930] [controller_server]: Control loop missed its desired rate of 30.0000 Hz. Current loop rate is 33.3333 Hz.
[component_container_isolated-2] [WARN] [1780509817.041594279] [controller_server]: Control loop missed its desired rate of 30.0000 Hz. Current loop rate is 25.0000 Hz.
[component_container_isolated-2] [WARN] [1780509817.143404156] [controller_server]: Control loop missed its desired rate of 30.0000 Hz. Current loop rate is 25.0000 Hz.
[component_container_isolated-2] [WARN] [1780509817.177238251] [planner_server]: Planner loop missed its desired rate of 999999999.0000 Hz. Current loop rate is 2.9412 Hz
[component_container_isolated-2] [INFO] [1780509817.210214452] [controller_server]: Passing new path to controller.
[component_container_isolated-2] [WARN] [1780509817.450574188] [controller_server]: Control loop missed its desired rate of 30.0000 Hz. Current loop rate is 25.0000 Hz.
[component_container_isolated-2] [WARN] [1780509817.953394075] [controller_server]: Control loop missed its desired rate of 30.0000 Hz. Current loop rate is 25.0000 Hz.
[component_container_isolated-2] [WARN] [1780509818.340569464] [controller_server]: Control loop missed its desired rate of 30.0000 Hz. Current loop rate is 20.0000 Hz.
[component_container_isolated-2] [WARN] [1780509818.556507340] [controller_server]: Control loop missed its desired rate of 30.0000 Hz. Current loop rate is 20.0000 Hz.
[component_container_isolated-2] [WARN] [1780509818.557302910] [planner_server]: Planner loop missed its desired rate of 999999999.0000 Hz. Current loop rate is 2.7778 Hz
[component_container_isolated-2] [INFO] [1780509818.589984947] [controller_server]: Passing new path to controller.
[component_container_isolated-2] [WARN] [1780509818.645483872] [controller_server]: Control loop missed its desired rate of 30.0000 Hz. Current loop rate is 16.6667 Hz.
[component_container_isolated-2] [WARN] [1780509818.847432751] [controller_server]: Control loop missed its desired rate of 30.0000 Hz. Current loop rate is 33.3333 Hz.
[component_container_isolated-2] [WARN] [1780509819.567472769] [controller_server]: Control loop missed its desired rate of 30.0000 Hz. Current loop rate is 20.0000 Hz.
[component_container_isolated-2] [WARN] [1780509819.649912493] [controller_server]: Control loop missed its desired rate of 30.0000 Hz. Current loop rate is 20.0000 Hz.
[component_container_isolated-2] [WARN] [1780509819.755144290] [controller_server]: Control loop missed its desired rate of 30.0000 Hz. Current loop rate is 25.0000 Hz.
[component_container_isolated-2] [WARN] [1780509819.838747212] [controller_server]: Control loop missed its desired rate of 30.0000 Hz. Current loop rate is 20.0000 Hz.
[vlm_node-3] [INFO] [1780509819.858729891] [vlm_node]: Completed prompt: "Are there any people visible in this scene? If so, respond only yes. Otherwise respond no." with response: False
[vlm_node-3] [INFO] [1780509819.860261976] [vlm_node]: VLM_QUERY|QueryBool|success|13.74|1|
[vlm_node-3] [INFO] [1780509819.877038970] [vlm_node]: Goal received with prompt: Check if there are any small hazards on the ground that would cause harm to the robot if it navigated over it OR the area is blocked by large objects that make it impassable. If so respond only yes. Otherwise, respond no.
[component_container_isolated-2] [WARN] [1780509819.945939442] [controller_server]: Control loop missed its desired rate of 30.0000 Hz. Current loop rate is 25.0000 Hz.
[component_container_isolated-2] [WARN] [1780509819.984623890] [planner_server]: Planner loop missed its desired rate of 999999999.0000 Hz. Current loop rate is 2.3810 Hz
[component_container_isolated-2] [INFO] [1780509820.012790164] [controller_server]: Passing new path to controller.
[robot_mission_runner-4] [INFO] [1780509821.247534755] [robot_mission_runner]: Pose: (9.31, 4.25), Elapsed: 60s, ETA: 43s, Dist remaining: 65.67m
[component_container_isolated-2] [WARN] [1780509821.336877727] [planner_server]: Planner loop missed its desired rate of 999999999.0000 Hz. Current loop rate is 3.0303 Hz
[component_container_isolated-2] [INFO] [1780509821.346064937] [controller_server]: Passing new path to controller.
[component_container_isolated-2] [WARN] [1780509822.714761995] [planner_server]: Planner loop missed its desired rate of 999999999.0000 Hz. Current loop rate is 2.7027 Hz
[component_container_isolated-2] [INFO] [1780509822.746067280] [controller_server]: Passing new path to controller.
[component_container_isolated-2] [WARN] [1780509823.546404928] [controller_server]: Control loop missed its desired rate of 30.0000 Hz. Current loop rate is 33.3333 Hz.
[component_container_isolated-2] [WARN] [1780509823.752163296] [controller_server]: Control loop missed its desired rate of 30.0000 Hz. Current loop rate is 25.0000 Hz.
[component_container_isolated-2] [WARN] [1780509824.000430724] [planner_server]: Planner loop missed its desired rate of 999999999.0000 Hz. Current loop rate is 3.7037 Hz
[component_container_isolated-2] [INFO] [1780509824.019176974] [controller_server]: Passing new path to controller.
[component_container_isolated-2] [WARN] [1780509824.256356328] [controller_server]: Control loop missed its desired rate of 30.0000 Hz. Current loop rate is 25.0000 Hz.
[component_container_isolated-2] [WARN] [1780509824.335101275] [controller_server]: Control loop missed its desired rate of 30.0000 Hz. Current loop rate is 20.0000 Hz.
[component_container_isolated-2] [WARN] [1780509825.595588187] [planner_server]: Planner loop missed its desired rate of 999999999.0000 Hz. Current loop rate is 1.7241 Hz
[component_container_isolated-2] [INFO] [1780509825.635238342] [controller_server]: Passing new path to controller.
[component_container_isolated-2] [WARN] [1780509825.844543915] [controller_server]: Control loop missed its desired rate of 30.0000 Hz. Current loop rate is 25.0000 Hz.
[robot_mission_runner-4] [INFO] [1780509826.269372314] [robot_mission_runner]: Pose: (3.46, -0.01), Elapsed: 65s, ETA: 38s, Dist remaining: 58.02m
[component_container_isolated-2] [WARN] [1780509827.076934800] [planner_server]: Planner loop missed its desired rate of 999999999.0000 Hz. Current loop rate is 2.1739 Hz
[component_container_isolated-2] [INFO] [1780509827.111390633] [controller_server]: Passing new path to controller.
[component_container_isolated-2] [WARN] [1780509828.544210916] [planner_server]: Planner loop missed its desired rate of 999999999.0000 Hz. Current loop rate is 2.1739 Hz
[component_container_isolated-2] [INFO] [1780509828.578588304] [controller_server]: Passing new path to controller.
[component_container_isolated-2] [WARN] [1780509828.859655872] [controller_server]: Control loop missed its desired rate of 30.0000 Hz. Current loop rate is 20.0000 Hz.
[component_container_isolated-2] [WARN] [1780509828.954184104] [controller_server]: Control loop missed its desired rate of 30.0000 Hz. Current loop rate is 16.6667 Hz.
[component_container_isolated-2] [WARN] [1780509829.036173993] [controller_server]: Control loop missed its desired rate of 30.0000 Hz. Current loop rate is 20.0000 Hz.
[component_container_isolated-2] [WARN] [1780509829.149327796] [controller_server]: Control loop missed its desired rate of 30.0000 Hz. Current loop rate is 25.0000 Hz.
[component_container_isolated-2] [WARN] [1780509829.265405402] [controller_server]: Control loop missed its desired rate of 30.0000 Hz. Current loop rate is 20.0000 Hz.
[component_container_isolated-2] [WARN] [1780509829.334594493] [controller_server]: Control loop missed its desired rate of 30.0000 Hz. Current loop rate is 33.3333 Hz.
[component_container_isolated-2] [WARN] [1780509829.434952055] [controller_server]: Control loop missed its desired rate of 30.0000 Hz. Current loop rate is 33.3333 Hz.
[component_container_isolated-2] [WARN] [1780509829.543190436] [controller_server]: Control loop missed its desired rate of 30.0000 Hz. Current loop rate is 25.0000 Hz.
[component_container_isolated-2] [WARN] [1780509829.748866008] [controller_server]: Control loop missed its desired rate of 30.0000 Hz. Current loop rate is 25.0000 Hz.
[component_container_isolated-2] [WARN] [1780509830.050585680] [controller_server]: Control loop missed its desired rate of 30.0000 Hz. Current loop rate is 33.3333 Hz.
[component_container_isolated-2] [WARN] [1780509830.074517300] [planner_server]: Planner loop missed its desired rate of 999999999.0000 Hz. Current loop rate is 1.9231 Hz
[component_container_isolated-2] [INFO] [1780509830.117424576] [controller_server]: Passing new path to controller.
[component_container_isolated-2] [WARN] [1780509830.554623042] [controller_server]: Control loop missed its desired rate of 30.0000 Hz. Current loop rate is 25.0000 Hz.
[component_container_isolated-2] [WARN] [1780509830.639596186] [controller_server]: Control loop missed its desired rate of 30.0000 Hz. Current loop rate is 20.0000 Hz.
[robot_mission_runner-4] [INFO] [1780509831.286196480] [robot_mission_runner]: Pose: (-1.10, -5.96), Elapsed: 70s, ETA: 33s, Dist remaining: 50.69m
[component_container_isolated-2] [WARN] [1780509831.531248424] [planner_server]: Planner loop missed its desired rate of 999999999.0000 Hz. Current loop rate is 2.3256 Hz
[component_container_isolated-2] [INFO] [1780509831.573066449] [controller_server]: Passing new path to controller.
[component_container_isolated-2] [WARN] [1780509831.641271462] [controller_server]: Control loop missed its desired rate of 30.0000 Hz. Current loop rate is 33.3333 Hz.
[component_container_isolated-2] [WARN] [1780509832.355059229] [controller_server]: Control loop missed its desired rate of 30.0000 Hz. Current loop rate is 20.0000 Hz.
[component_container_isolated-2] [WARN] [1780509832.428663478] [controller_server]: Control loop missed its desired rate of 30.0000 Hz. Current loop rate is 25.0000 Hz.
[component_container_isolated-2] [WARN] [1780509832.531006229] [controller_server]: Control loop missed its desired rate of 30.0000 Hz. Current loop rate is 33.3333 Hz.
[component_container_isolated-2] [WARN] [1780509832.973246726] [planner_server]: Planner loop missed its desired rate of 999999999.0000 Hz. Current loop rate is 2.3810 Hz
[component_container_isolated-2] [INFO] [1780509832.997811649] [controller_server]: Passing new path to controller.
[component_container_isolated-2] [WARN] [1780509833.834898931] [controller_server]: Control loop missed its desired rate of 30.0000 Hz. Current loop rate is 33.3333 Hz.
[component_container_isolated-2] [WARN] [1780509833.937476110] [controller_server]: Control loop missed its desired rate of 30.0000 Hz. Current loop rate is 25.0000 Hz.
[component_container_isolated-2] [WARN] [1780509834.445389411] [planner_server]: Planner loop missed its desired rate of 999999999.0000 Hz. Current loop rate is 2.1739 Hz
[component_container_isolated-2] [INFO] [1780509834.472334275] [controller_server]: Passing new path to controller.
[component_container_isolated-2] [WARN] [1780509835.440574828] [controller_server]: Control loop missed its desired rate of 30.0000 Hz. Current loop rate is 33.3333 Hz.
[component_container_isolated-2] [WARN] [1780509835.750335928] [planner_server]: Planner loop missed its desired rate of 999999999.0000 Hz. Current loop rate is 3.4483 Hz
[component_container_isolated-2] [INFO] [1780509835.774060911] [controller_server]: Passing new path to controller.
[component_container_isolated-2] [WARN] [1780509836.247741895] [controller_server]: Control loop missed its desired rate of 30.0000 Hz. Current loop rate is 25.0000 Hz.
[robot_mission_runner-4] [INFO] [1780509836.313571912] [robot_mission_runner]: Pose: (-1.22, -13.50), Elapsed: 75s, ETA: 28s, Dist remaining: 43.12m
[component_container_isolated-2] [WARN] [1780509836.347921540] [controller_server]: Control loop missed its desired rate of 30.0000 Hz. Current loop rate is 33.3333 Hz.
[component_container_isolated-2] [WARN] [1780509836.551555184] [controller_server]: Control loop missed its desired rate of 30.0000 Hz. Current loop rate is 33.3333 Hz.
[component_container_isolated-2] [WARN] [1780509837.373961205] [planner_server]: Planner loop missed its desired rate of 999999999.0000 Hz. Current loop rate is 1.6393 Hz
[component_container_isolated-2] [INFO] [1780509837.418362677] [controller_server]: Passing new path to controller.
[component_container_isolated-2] [WARN] [1780509837.655423456] [controller_server]: Control loop missed its desired rate of 30.0000 Hz. Current loop rate is 25.0000 Hz.
[component_container_isolated-2] [WARN] [1780509837.726577063] [controller_server]: Control loop missed its desired rate of 30.0000 Hz. Current loop rate is 25.0000 Hz.
[component_container_isolated-2] [WARN] [1780509837.938455402] [controller_server]: Control loop missed its desired rate of 30.0000 Hz. Current loop rate is 25.0000 Hz.
[component_container_isolated-2] [WARN] [1780509838.801708170] [planner_server]: Planner loop missed its desired rate of 999999999.0000 Hz. Current loop rate is 2.4390 Hz
[component_container_isolated-2] [INFO] [1780509838.838601812] [controller_server]: Passing new path to controller.
[component_container_isolated-2] [WARN] [1780509839.940932359] [controller_server]: Control loop missed its desired rate of 30.0000 Hz. Current loop rate is 50.0000 Hz.
[component_container_isolated-2] [WARN] [1780509840.094692655] [planner_server]: Planner loop missed its desired rate of 999999999.0000 Hz. Current loop rate is 3.7037 Hz
[component_container_isolated-2] [INFO] [1780509840.141080312] [controller_server]: Passing new path to controller.
[robot_mission_runner-4] [INFO] [1780509841.340238639] [robot_mission_runner]: Pose: (-1.20, -21.04), Elapsed: 80s, ETA: 23s, Dist remaining: 35.68m
[component_container_isolated-2] [WARN] [1780509841.460993589] [planner_server]: Planner loop missed its desired rate of 999999999.0000 Hz. Current loop rate is 2.9412 Hz
[component_container_isolated-2] [INFO] [1780509841.474417951] [controller_server]: Passing new path to controller.
[component_container_isolated-2] [WARN] [1780509842.851221013] [planner_server]: Planner loop missed its desired rate of 999999999.0000 Hz. Current loop rate is 2.6316 Hz
[component_container_isolated-2] [INFO] [1780509842.874417480] [controller_server]: Passing new path to controller.
[component_container_isolated-2] [WARN] [1780509844.227236521] [planner_server]: Planner loop missed its desired rate of 999999999.0000 Hz. Current loop rate is 2.7027 Hz
[component_container_isolated-2] [INFO] [1780509844.241111085] [controller_server]: Passing new path to controller.
[component_container_isolated-2] [WARN] [1780509845.342432451] [controller_server]: Control loop missed its desired rate of 30.0000 Hz. Current loop rate is 25.0000 Hz.
[component_container_isolated-2] [WARN] [1780509845.452759393] [controller_server]: Control loop missed its desired rate of 30.0000 Hz. Current loop rate is 20.0000 Hz.
[component_container_isolated-2] [WARN] [1780509845.656293155] [controller_server]: Control loop missed its desired rate of 30.0000 Hz. Current loop rate is 25.0000 Hz.
[component_container_isolated-2] [WARN] [1780509845.729586472] [controller_server]: Control loop missed its desired rate of 30.0000 Hz. Current loop rate is 25.0000 Hz.
[component_container_isolated-2] [WARN] [1780509845.736507739] [planner_server]: Planner loop missed its desired rate of 999999999.0000 Hz. Current loop rate is 1.9608 Hz
[component_container_isolated-2] [INFO] [1780509845.764352329] [controller_server]: Passing new path to controller.
[component_container_isolated-2] [WARN] [1780509845.833774955] [controller_server]: Control loop missed its desired rate of 30.0000 Hz. Current loop rate is 33.3333 Hz.
[component_container_isolated-2] [WARN] [1780509845.934065599] [controller_server]: Control loop missed its desired rate of 30.0000 Hz. Current loop rate is 33.3333 Hz.
[component_container_isolated-2] [WARN] [1780509846.036522236] [controller_server]: Control loop missed its desired rate of 30.0000 Hz. Current loop rate is 33.3333 Hz.
[component_container_isolated-2] [WARN] [1780509846.248020125] [controller_server]: Control loop missed its desired rate of 30.0000 Hz. Current loop rate is 25.0000 Hz.
[robot_mission_runner-4] [INFO] [1780509846.367438146] [robot_mission_runner]: Pose: (-1.19, -28.57), Elapsed: 85s, ETA: 18s, Dist remaining: 28.30m
[component_container_isolated-2] [WARN] [1780509847.201206840] [planner_server]: Planner loop missed its desired rate of 999999999.0000 Hz. Current loop rate is 2.3256 Hz
[component_container_isolated-2] [INFO] [1780509847.214807692] [controller_server]: Passing new path to controller.
[component_container_isolated-2] [WARN] [1780509848.608780785] [planner_server]: Planner loop missed its desired rate of 999999999.0000 Hz. Current loop rate is 2.5641 Hz
[component_container_isolated-2] [INFO] [1780509848.648165479] [controller_server]: Passing new path to controller.
[component_container_isolated-2] [WARN] [1780509848.953201454] [controller_server]: Control loop missed its desired rate of 30.0000 Hz. Current loop rate is 25.0000 Hz.
[component_container_isolated-2] [WARN] [1780509849.058722195] [controller_server]: Control loop missed its desired rate of 30.0000 Hz. Current loop rate is 25.0000 Hz.
[component_container_isolated-2] [WARN] [1780509849.147845899] [controller_server]: Control loop missed its desired rate of 30.0000 Hz. Current loop rate is 20.0000 Hz.
[component_container_isolated-2] [WARN] [1780509849.257905507] [controller_server]: Control loop missed its desired rate of 30.0000 Hz. Current loop rate is 25.0000 Hz.
[component_container_isolated-2] [WARN] [1780509849.336455027] [controller_server]: Control loop missed its desired rate of 30.0000 Hz. Current loop rate is 20.0000 Hz.
[component_container_isolated-2] [WARN] [1780509849.442458898] [controller_server]: Control loop missed its desired rate of 30.0000 Hz. Current loop rate is 33.3333 Hz.
[component_container_isolated-2] [WARN] [1780509849.547210772] [controller_server]: Control loop missed its desired rate of 30.0000 Hz. Current loop rate is 25.0000 Hz.
[component_container_isolated-2] [WARN] [1780509849.983286482] [planner_server]: Planner loop missed its desired rate of 999999999.0000 Hz. Current loop rate is 2.7027 Hz
[component_container_isolated-2] [INFO] [1780509850.014021796] [controller_server]: Passing new path to controller.
[component_container_isolated-2] [WARN] [1780509851.259797971] [planner_server]: Planner loop missed its desired rate of 999999999.0000 Hz. Current loop rate is 3.8462 Hz
[component_container_isolated-2] [INFO] [1780509851.280685690] [controller_server]: Passing new path to controller.
[robot_mission_runner-4] [INFO] [1780509851.383556772] [robot_mission_runner]: Pose: (-1.10, -36.10), Elapsed: 90s, ETA: 13s, Dist remaining: 20.89m
[component_container_isolated-2] [WARN] [1780509851.953345467] [controller_server]: Control loop missed its desired rate of 30.0000 Hz. Current loop rate is 25.0000 Hz.
[component_container_isolated-2] [WARN] [1780509852.124375098] [controller_server]: Control loop missed its desired rate of 30.0000 Hz. Current loop rate is 33.3333 Hz.
[component_container_isolated-2] [WARN] [1780509852.328369915] [controller_server]: Control loop missed its desired rate of 30.0000 Hz. Current loop rate is 25.0000 Hz.
[component_container_isolated-2] [WARN] [1780509852.437657495] [controller_server]: Control loop missed its desired rate of 30.0000 Hz. Current loop rate is 33.3333 Hz.
[component_container_isolated-2] [WARN] [1780509852.615746319] [planner_server]: Planner loop missed its desired rate of 999999999.0000 Hz. Current loop rate is 2.8571 Hz
[component_container_isolated-2] [INFO] [1780509852.637764218] [controller_server]: Passing new path to controller.
[component_container_isolated-2] [WARN] [1780509853.950373874] [planner_server]: Planner loop missed its desired rate of 999999999.0000 Hz. Current loop rate is 3.1250 Hz
[component_container_isolated-2] [INFO] [1780509853.971112261] [controller_server]: Passing new path to controller.
[component_container_isolated-2] [WARN] [1780509854.438714176] [controller_server]: Control loop missed its desired rate of 30.0000 Hz. Current loop rate is 33.3333 Hz.
[component_container_isolated-2] [WARN] [1780509854.539353998] [controller_server]: Control loop missed its desired rate of 30.0000 Hz. Current loop rate is 33.3333 Hz.
[component_container_isolated-2] [WARN] [1780509855.317565557] [planner_server]: Planner loop missed its desired rate of 999999999.0000 Hz. Current loop rate is 2.8571 Hz
[component_container_isolated-2] [INFO] [1780509855.339508595] [controller_server]: Passing new path to controller.
[robot_mission_runner-4] [INFO] [1780509856.405467916] [robot_mission_runner]: Pose: (-1.10, -43.63), Elapsed: 95s, ETA: 8s, Dist remaining: 13.35m
[component_container_isolated-2] [WARN] [1780509856.728763219] [planner_server]: Planner loop missed its desired rate of 999999999.0000 Hz. Current loop rate is 2.5000 Hz
[component_container_isolated-2] [INFO] [1780509856.772833516] [controller_server]: Passing new path to controller.
[component_container_isolated-2] [WARN] [1780509857.958137556] [planner_server]: Planner loop missed its desired rate of 999999999.0000 Hz. Current loop rate is 4.7619 Hz
[component_container_isolated-2] [INFO] [1780509857.972835827] [controller_server]: Passing new path to controller.
[component_container_isolated-2] [WARN] [1780509859.117380157] [planner_server]: Planner loop missed its desired rate of 999999999.0000 Hz. Current loop rate is 7.1429 Hz
[component_container_isolated-2] [INFO] [1780509859.139510222] [controller_server]: Passing new path to controller.
[component_container_isolated-2] [WARN] [1780509860.208813614] [planner_server]: Planner loop missed its desired rate of 999999999.0000 Hz. Current loop rate is 14.2857 Hz
[component_container_isolated-2] [INFO] [1780509860.239500539] [controller_server]: Passing new path to controller.
[component_container_isolated-2] [WARN] [1780509861.248411932] [planner_server]: Planner loop missed its desired rate of 999999999.0000 Hz. Current loop rate is 100.0000 Hz
[component_container_isolated-2] [INFO] [1780509861.272833855] [controller_server]: Passing new path to controller.
[robot_mission_runner-4] [INFO] [1780509861.424586306] [robot_mission_runner]: Pose: (-4.18, -49.93), Elapsed: 100s, ETA: 3s, Dist remaining: 5.45m
[component_container_isolated-2] [WARN] [1780509861.640427427] [controller_server]: Control loop missed its desired rate of 30.0000 Hz. Current loop rate is 33.3333 Hz.
[component_container_isolated-2] [WARN] [1780509861.744052319] [controller_server]: Control loop missed its desired rate of 30.0000 Hz. Current loop rate is 33.3333 Hz.
[component_container_isolated-2] [WARN] [1780509861.853183485] [controller_server]: Control loop missed its desired rate of 30.0000 Hz. Current loop rate is 25.0000 Hz.
[component_container_isolated-2] [WARN] [1780509861.958391067] [controller_server]: Control loop missed its desired rate of 30.0000 Hz. Current loop rate is 25.0000 Hz.
[component_container_isolated-2] [WARN] [1780509862.039563318] [controller_server]: Control loop missed its desired rate of 30.0000 Hz. Current loop rate is 25.0000 Hz.
[component_container_isolated-2] [WARN] [1780509862.276781096] [planner_server]: Planner loop missed its desired rate of 999999999.0000 Hz. Current loop rate is 100.0000 Hz
[component_container_isolated-2] [INFO] [1780509862.306353520] [controller_server]: Passing new path to controller.
[component_container_isolated-2] [WARN] [1780509863.042415467] [controller_server]: Control loop missed its desired rate of 30.0000 Hz. Current loop rate is 33.3333 Hz.
[component_container_isolated-2] [WARN] [1780509863.342844740] [controller_server]: Control loop missed its desired rate of 30.0000 Hz. Current loop rate is 33.3333 Hz.
[component_container_isolated-2] [INFO] [1780509863.342922424] [controller_server]: Passing new path to controller.
[component_container_isolated-2] [WARN] [1780509864.319186332] [planner_server]: Planner loop missed its desired rate of 999999999.0000 Hz. Current loop rate is 100.0000 Hz
[component_container_isolated-2] [INFO] [1780509864.342982239] [controller_server]: Passing new path to controller.
[component_container_isolated-2] [INFO] [1780509865.376344402] [controller_server]: Passing new path to controller.
[component_container_isolated-2] [INFO] [1780509866.376316442] [controller_server]: Passing new path to controller.
[robot_mission_runner-4] [INFO] [1780509866.444259320] [robot_mission_runner]: Pose: (-7.72, -52.22), Elapsed: 105s, ETA: 4s, Dist remaining: 1.75m
[component_container_isolated-2] [WARN] [1780509867.344320504] [controller_server]: Control loop missed its desired rate of 30.0000 Hz. Current loop rate is 33.3333 Hz.
[component_container_isolated-2] [WARN] [1780509867.376702948] [planner_server]: Planner loop missed its desired rate of 999999999.0000 Hz. Current loop rate is 100.0000 Hz
[component_container_isolated-2] [INFO] [1780509867.411126697] [controller_server]: Passing new path to controller.
[component_container_isolated-2] [WARN] [1780509868.459947455] [controller_server]: Control loop missed its desired rate of 30.0000 Hz. Current loop rate is 20.0000 Hz.
[component_container_isolated-2] [INFO] [1780509868.460011833] [controller_server]: Passing new path to controller.
[component_container_isolated-2] [WARN] [1780509868.534520605] [controller_server]: Control loop missed its desired rate of 30.0000 Hz. Current loop rate is 25.0000 Hz.
[component_container_isolated-2] [WARN] [1780509868.934682070] [controller_server]: Control loop missed its desired rate of 30.0000 Hz. Current loop rate is 33.3333 Hz.
[component_container_isolated-2] [WARN] [1780509869.038641496] [controller_server]: Control loop missed its desired rate of 30.0000 Hz. Current loop rate is 25.0000 Hz.
[component_container_isolated-2] [INFO] [1780509869.340202547] [controller_server]: Reached the goal!
[component_container_isolated-2] [INFO] [1780509869.340828950] [controller_server]: Optimizer reset
[component_container_isolated-2] [ERROR] [1780509869.374488498] [bt_navigator_navigate_to_pose_rclcpp_node]: Failed to get result for vlm_node/query_bool in node halt!
[component_container_isolated-2] [INFO] [1780509869.374924393] [bt_navigator]: Goal succeeded
[robot_mission_runner-4] [INFO] [1780509869.380822704] [robot_mission_runner]: Navigation result: SUCCEEDED
[robot_mission_runner-4] [INFO] [1780509879.381900787] [robot_mission_runner]: Navigating to drop, attempt 1/3...
[component_container_isolated-2] [INFO] [1780509879.382676468] [local_costmap.local_costmap]: Received request to clear entirely the local_costmap
[component_container_isolated-2] [INFO] [1780509879.390593703] [global_costmap.global_costmap]: Received request to clear entirely the global_costmap
[robot_mission_runner-4] [INFO] [1780509879.405454734] [robot_mission_runner]: Navigating to goal: -35.5 -36.7...
[component_container_isolated-2] [INFO] [1780509879.406315497] [bt_navigator]: Begin navigating from current location (-7.93, -52.35) to (-35.50, -36.70)
[vlm_node-3] [INFO] [1780509879.411477580] [vlm_node]: Goal received with prompt: Check if there are any small hazards on the ground that would cause harm to the robot if it navigated over it OR the area is blocked by large objects that make it impassable. If so respond only yes. Otherwise, respond no.
[component_container_isolated-2] [WARN] [1780509879.835932898] [planner_server]: Planner loop missed its desired rate of 999999999.0000 Hz. Current loop rate is 2.3810 Hz
[component_container_isolated-2] [INFO] [1780509879.858097703] [controller_server]: Received a goal, begin computing control effort.
[component_container_isolated-2] [WARN] [1780509879.929167048] [controller_server]: Control loop missed its desired rate of 30.0000 Hz. Current loop rate is 25.0000 Hz.
[component_container_isolated-2] [WARN] [1780509880.034549562] [controller_server]: Control loop missed its desired rate of 30.0000 Hz. Current loop rate is 25.0000 Hz.
[component_container_isolated-2] [WARN] [1780509880.634863016] [controller_server]: Control loop missed its desired rate of 30.0000 Hz. Current loop rate is 33.3333 Hz.
[component_container_isolated-2] [WARN] [1780509880.738269495] [controller_server]: Control loop missed its desired rate of 30.0000 Hz. Current loop rate is 25.0000 Hz.
[component_container_isolated-2] [WARN] [1780509880.885859337] [planner_server]: Planner loop missed its desired rate of 999999999.0000 Hz. Current loop rate is 33.3333 Hz
[component_container_isolated-2] [INFO] [1780509880.905061057] [controller_server]: Passing new path to controller.
[component_container_isolated-2] [WARN] [1780509881.927360783] [planner_server]: Planner loop missed its desired rate of 999999999.0000 Hz. Current loop rate is 50.0000 Hz
[component_container_isolated-2] [INFO] [1780509881.971735550] [controller_server]: Passing new path to controller.
[component_container_isolated-2] [WARN] [1780509882.968243846] [planner_server]: Planner loop missed its desired rate of 999999999.0000 Hz. Current loop rate is 100.0000 Hz
[component_container_isolated-2] [INFO] [1780509883.005056023] [controller_server]: Passing new path to controller.
[component_container_isolated-2] [WARN] [1780509884.017238141] [planner_server]: Planner loop missed its desired rate of 999999999.0000 Hz. Current loop rate is 50.0000 Hz
[component_container_isolated-2] [INFO] [1780509884.038391422] [controller_server]: Passing new path to controller.
[robot_mission_runner-4] [INFO] [1780509884.525945537] [robot_mission_runner]: Pose: (-11.03, -50.61), Elapsed: 5s, ETA: 23s, Dist remaining: 35.10m
[component_container_isolated-2] [WARN] [1780509885.062242817] [planner_server]: Planner loop missed its desired rate of 999999999.0000 Hz. Current loop rate is 50.0000 Hz
[component_container_isolated-2] [INFO] [1780509885.105063498] [controller_server]: Passing new path to controller.
[component_container_isolated-2] [WARN] [1780509886.149659276] [planner_server]: Planner loop missed its desired rate of 999999999.0000 Hz. Current loop rate is 14.2857 Hz
[component_container_isolated-2] [INFO] [1780509886.171740470] [controller_server]: Passing new path to controller.
[component_container_isolated-2] [WARN] [1780509887.205779182] [planner_server]: Planner loop missed its desired rate of 999999999.0000 Hz. Current loop rate is 25.0000 Hz
[component_container_isolated-2] [INFO] [1780509887.238416374] [controller_server]: Passing new path to controller.
[component_container_isolated-2] [WARN] [1780509887.938807146] [controller_server]: Control loop missed its desired rate of 30.0000 Hz. Current loop rate is 33.3333 Hz.
[component_container_isolated-2] [WARN] [1780509888.255675778] [planner_server]: Planner loop missed its desired rate of 999999999.0000 Hz. Current loop rate is 33.3333 Hz
[component_container_isolated-2] [INFO] [1780509888.272411149] [controller_server]: Passing new path to controller.
[component_container_isolated-2] [WARN] [1780509888.339714144] [controller_server]: Control loop missed its desired rate of 30.0000 Hz. Current loop rate is 25.0000 Hz.
[component_container_isolated-2] [WARN] [1780509888.442349176] [controller_server]: Control loop missed its desired rate of 30.0000 Hz. Current loop rate is 25.0000 Hz.
[component_container_isolated-2] [WARN] [1780509888.544585244] [controller_server]: Control loop missed its desired rate of 30.0000 Hz. Current loop rate is 33.3333 Hz.
[component_container_isolated-2] [WARN] [1780509888.944896101] [controller_server]: Control loop missed its desired rate of 30.0000 Hz. Current loop rate is 33.3333 Hz.
[component_container_isolated-2] [WARN] [1780509889.292881924] [planner_server]: Planner loop missed its desired rate of 999999999.0000 Hz. Current loop rate is 33.3333 Hz
[component_container_isolated-2] [INFO] [1780509889.311710358] [controller_server]: Passing new path to controller.
[robot_mission_runner-4] [INFO] [1780509889.551538605] [robot_mission_runner]: Pose: (-18.57, -50.58), Elapsed: 10s, ETA: 18s, Dist remaining: 27.80m
[component_container_isolated-2] [WARN] [1780509890.345409533] [planner_server]: Planner loop missed its desired rate of 999999999.0000 Hz. Current loop rate is 33.3333 Hz
[component_container_isolated-2] [INFO] [1780509890.378420639] [controller_server]: Passing new path to controller.
[component_container_isolated-2] [WARN] [1780509891.392647097] [planner_server]: Planner loop missed its desired rate of 999999999.0000 Hz. Current loop rate is 25.0000 Hz
[component_container_isolated-2] [INFO] [1780509891.411707010] [controller_server]: Passing new path to controller.
[component_container_isolated-2] [WARN] [1780509892.443840183] [planner_server]: Planner loop missed its desired rate of 999999999.0000 Hz. Current loop rate is 33.3333 Hz
[component_container_isolated-2] [INFO] [1780509892.478372151] [controller_server]: Passing new path to controller.
[component_container_isolated-2] [WARN] [1780509893.504466510] [planner_server]: Planner loop missed its desired rate of 999999999.0000 Hz. Current loop rate is 20.0000 Hz
[component_container_isolated-2] [INFO] [1780509893.545040085] [controller_server]: Passing new path to controller.
[component_container_isolated-2] [WARN] [1780509894.049466765] [controller_server]: Control loop missed its desired rate of 30.0000 Hz. Current loop rate is 25.0000 Hz.
[robot_mission_runner-4] [INFO] [1780509894.570718814] [robot_mission_runner]: Pose: (-26.09, -50.58), Elapsed: 15s, ETA: 13s, Dist remaining: 19.95m
[component_container_isolated-2] [WARN] [1780509894.579724219] [planner_server]: Planner loop missed its desired rate of 999999999.0000 Hz. Current loop rate is 16.6667 Hz
[component_container_isolated-2] [INFO] [1780509894.616280844] [controller_server]: Passing new path to controller.
[component_container_isolated-2] [WARN] [1780509895.636707507] [planner_server]: Planner loop missed its desired rate of 999999999.0000 Hz. Current loop rate is 33.3333 Hz
[component_container_isolated-2] [INFO] [1780509895.649623631] [controller_server]: Passing new path to controller.
[component_container_isolated-2] [WARN] [1780509896.616834551] [controller_server]: Control loop missed its desired rate of 30.0000 Hz. Current loop rate is 25.0000 Hz.
[component_container_isolated-2] [WARN] [1780509896.734111823] [planner_server]: Planner loop missed its desired rate of 999999999.0000 Hz. Current loop rate is 14.2857 Hz
[component_container_isolated-2] [INFO] [1780509896.750295763] [controller_server]: Passing new path to controller.
[component_container_isolated-2] [WARN] [1780509897.773809575] [planner_server]: Planner loop missed its desired rate of 999999999.0000 Hz. Current loop rate is 50.0000 Hz
[component_container_isolated-2] [INFO] [1780509897.816965319] [controller_server]: Passing new path to controller.
[component_container_isolated-2] [WARN] [1780509898.798950158] [planner_server]: Planner loop missed its desired rate of 999999999.0000 Hz. Current loop rate is 100.0000 Hz
[component_container_isolated-2] [INFO] [1780509898.816963873] [controller_server]: Passing new path to controller.
[component_container_isolated-2] [WARN] [1780509899.258021935] [controller_server]: Control loop missed its desired rate of 30.0000 Hz. Current loop rate is 25.0000 Hz.
[component_container_isolated-2] [WARN] [1780509899.342509609] [controller_server]: Control loop missed its desired rate of 30.0000 Hz. Current loop rate is 20.0000 Hz.
[component_container_isolated-2] [WARN] [1780509899.445544597] [controller_server]: Control loop missed its desired rate of 30.0000 Hz. Current loop rate is 33.3333 Hz.
[robot_mission_runner-4] [INFO] [1780509899.593200669] [robot_mission_runner]: Pose: (-33.05, -48.69), Elapsed: 20s, ETA: 8s, Dist remaining: 12.83m
[component_container_isolated-2] [WARN] [1780509899.648501330] [controller_server]: Control loop missed its desired rate of 30.0000 Hz. Current loop rate is 33.3333 Hz.
[component_container_isolated-2] [WARN] [1780509899.831551040] [planner_server]: Planner loop missed its desired rate of 999999999.0000 Hz. Current loop rate is 50.0000 Hz
[component_container_isolated-2] [INFO] [1780509899.848649697] [controller_server]: Passing new path to controller.
[component_container_isolated-2] [WARN] [1780509900.863256999] [planner_server]: Planner loop missed its desired rate of 999999999.0000 Hz. Current loop rate is 50.0000 Hz
[vlm_node-3] [INFO] [1780509900.872261292] [vlm_node]: Completed prompt: "Check if there are any small hazards on the ground that would cause harm to the robot if it navigated over it OR the area is blocked by large objects that make it impassable. If so respond only yes. Otherwise, respond no." with response: True
[vlm_node-3] [INFO] [1780509900.872575493] [vlm_node]: VLM_QUERY|QueryBool|success|21.46|1|
[component_container_isolated-2] [INFO] [1780509900.881975118] [controller_server]: Passing new path to controller.
[vlm_node-3] [INFO] [1780509900.886581279] [vlm_node]: Goal received with prompt: Is this space too crowded by people or working machinery to move though safely? If so, respond only yes. Otherwise respond no.
[component_container_isolated-2] [WARN] [1780509901.902119916] [planner_server]: Planner loop missed its desired rate of 999999999.0000 Hz. Current loop rate is 50.0000 Hz
[component_container_isolated-2] [INFO] [1780509901.948628994] [controller_server]: Passing new path to controller.
[component_container_isolated-2] [WARN] [1780509902.936008116] [planner_server]: Planner loop missed its desired rate of 999999999.0000 Hz. Current loop rate is 100.0000 Hz
[component_container_isolated-2] [INFO] [1780509902.948632835] [controller_server]: Passing new path to controller.
[component_container_isolated-2] [WARN] [1780509903.253374896] [controller_server]: Control loop missed its desired rate of 30.0000 Hz. Current loop rate is 25.0000 Hz.
[component_container_isolated-2] [WARN] [1780509903.353573185] [controller_server]: Control loop missed its desired rate of 30.0000 Hz. Current loop rate is 33.3333 Hz.
[component_container_isolated-2] [WARN] [1780509903.438908956] [controller_server]: Control loop missed its desired rate of 30.0000 Hz. Current loop rate is 16.6667 Hz.
[component_container_isolated-2] [WARN] [1780509903.554344824] [controller_server]: Control loop missed its desired rate of 30.0000 Hz. Current loop rate is 20.0000 Hz.
[component_container_isolated-2] [WARN] [1780509903.641413070] [controller_server]: Control loop missed its desired rate of 30.0000 Hz. Current loop rate is 16.6667 Hz.
[component_container_isolated-2] [WARN] [1780509903.756056859] [controller_server]: Control loop missed its desired rate of 30.0000 Hz. Current loop rate is 20.0000 Hz.
[component_container_isolated-2] [WARN] [1780509903.838860524] [controller_server]: Control loop missed its desired rate of 30.0000 Hz. Current loop rate is 25.0000 Hz.
[component_container_isolated-2] [WARN] [1780509903.962870748] [planner_server]: Planner loop missed its desired rate of 999999999.0000 Hz. Current loop rate is 100.0000 Hz
[component_container_isolated-2] [INFO] [1780509904.005658762] [controller_server]: Passing new path to controller.
[component_container_isolated-2] [WARN] [1780509904.045485737] [controller_server]: Control loop missed its desired rate of 30.0000 Hz. Current loop rate is 25.0000 Hz.
[component_container_isolated-2] [WARN] [1780509904.153477813] [controller_server]: Control loop missed its desired rate of 30.0000 Hz. Current loop rate is 25.0000 Hz.
[component_container_isolated-2] [WARN] [1780509904.255441662] [controller_server]: Control loop missed its desired rate of 30.0000 Hz. Current loop rate is 33.3333 Hz.
[component_container_isolated-2] [WARN] [1780509904.352060501] [controller_server]: Control loop missed its desired rate of 30.0000 Hz. Current loop rate is 14.2857 Hz.
[component_container_isolated-2] [WARN] [1780509904.455035766] [controller_server]: Control loop missed its desired rate of 30.0000 Hz. Current loop rate is 25.0000 Hz.
[component_container_isolated-2] [WARN] [1780509904.530365629] [controller_server]: Control loop missed its desired rate of 30.0000 Hz. Current loop rate is 25.0000 Hz.
[robot_mission_runner-4] [INFO] [1780509904.621412379] [robot_mission_runner]: Pose: (-34.45, -41.49), Elapsed: 25s, ETA: 3s, Dist remaining: 5.18m
[component_container_isolated-2] [WARN] [1780509904.633129917] [controller_server]: Control loop missed its desired rate of 30.0000 Hz. Current loop rate is 25.0000 Hz.
[component_container_isolated-2] [WARN] [1780509904.743445572] [controller_server]: Control loop missed its desired rate of 30.0000 Hz. Current loop rate is 20.0000 Hz.
[component_container_isolated-2] [WARN] [1780509904.992986314] [planner_server]: Planner loop missed its desired rate of 999999999.0000 Hz. Current loop rate is 100.0000 Hz
[component_container_isolated-2] [INFO] [1780509905.010246590] [controller_server]: Passing new path to controller.
[component_container_isolated-2] [WARN] [1780509905.153092172] [controller_server]: Control loop missed its desired rate of 30.0000 Hz. Current loop rate is 25.0000 Hz.
[component_container_isolated-2] [WARN] [1780509905.263705204] [controller_server]: Control loop missed its desired rate of 30.0000 Hz. Current loop rate is 25.0000 Hz.
[component_container_isolated-2] [WARN] [1780509905.342392681] [controller_server]: Control loop missed its desired rate of 30.0000 Hz. Current loop rate is 20.0000 Hz.
[component_container_isolated-2] [WARN] [1780509905.642660694] [controller_server]: Control loop missed its desired rate of 30.0000 Hz. Current loop rate is 33.3333 Hz.
[component_container_isolated-2] [WARN] [1780509905.760707463] [controller_server]: Control loop missed its desired rate of 30.0000 Hz. Current loop rate is 16.6667 Hz.
[component_container_isolated-2] [WARN] [1780509905.833835035] [controller_server]: Control loop missed its desired rate of 30.0000 Hz. Current loop rate is 25.0000 Hz.
[component_container_isolated-2] [WARN] [1780509905.946379992] [controller_server]: Control loop missed its desired rate of 30.0000 Hz. Current loop rate is 25.0000 Hz.
[component_container_isolated-2] [WARN] [1780509906.000318586] [planner_server]: Planner loop missed its desired rate of 999999999.0000 Hz. Current loop rate is 100.0000 Hz
[component_container_isolated-2] [WARN] [1780509906.053018715] [controller_server]: Control loop missed its desired rate of 30.0000 Hz. Current loop rate is 25.0000 Hz.
[component_container_isolated-2] [INFO] [1780509906.053074973] [controller_server]: Passing new path to controller.
[component_container_isolated-2] [WARN] [1780509906.158148190] [controller_server]: Control loop missed its desired rate of 30.0000 Hz. Current loop rate is 50.0000 Hz.
[component_container_isolated-2] [WARN] [1780509906.248349155] [controller_server]: Control loop missed its desired rate of 30.0000 Hz. Current loop rate is 20.0000 Hz.
[component_container_isolated-2] [WARN] [1780509906.458443880] [controller_server]: Control loop missed its desired rate of 30.0000 Hz. Current loop rate is 25.0000 Hz.
[component_container_isolated-2] [WARN] [1780509906.537623008] [controller_server]: Control loop missed its desired rate of 30.0000 Hz. Current loop rate is 25.0000 Hz.
[component_container_isolated-2] [WARN] [1780509906.743647129] [controller_server]: Control loop missed its desired rate of 30.0000 Hz. Current loop rate is 25.0000 Hz.
[component_container_isolated-2] [WARN] [1780509906.846994137] [controller_server]: Control loop missed its desired rate of 30.0000 Hz. Current loop rate is 33.3333 Hz.
[component_container_isolated-2] [WARN] [1780509907.037139808] [planner_server]: Planner loop missed its desired rate of 999999999.0000 Hz. Current loop rate is 100.0000 Hz
[component_container_isolated-2] [INFO] [1780509907.080472775] [controller_server]: Passing new path to controller.
[component_container_isolated-2] [WARN] [1780509907.152994992] [controller_server]: Control loop missed its desired rate of 30.0000 Hz. Current loop rate is 25.0000 Hz.
[component_container_isolated-2] [WARN] [1780509907.258108482] [controller_server]: Control loop missed its desired rate of 30.0000 Hz. Current loop rate is 33.3333 Hz.
[component_container_isolated-2] [WARN] [1780509907.344309732] [controller_server]: Control loop missed its desired rate of 30.0000 Hz. Current loop rate is 20.0000 Hz.
[component_container_isolated-2] [WARN] [1780509907.459310804] [controller_server]: Control loop missed its desired rate of 30.0000 Hz. Current loop rate is 25.0000 Hz.
[component_container_isolated-2] [WARN] [1780509907.544223873] [controller_server]: Control loop missed its desired rate of 30.0000 Hz. Current loop rate is 20.0000 Hz.
[component_container_isolated-2] [WARN] [1780509907.949598121] [controller_server]: Control loop missed its desired rate of 30.0000 Hz. Current loop rate is 25.0000 Hz.
[component_container_isolated-2] [WARN] [1780509908.057367928] [controller_server]: Control loop missed its desired rate of 30.0000 Hz. Current loop rate is 25.0000 Hz.
[component_container_isolated-2] [WARN] [1780509908.136440215] [controller_server]: Control loop missed its desired rate of 30.0000 Hz. Current loop rate is 25.0000 Hz.
[component_container_isolated-2] [WARN] [1780509908.158707619] [planner_server]: Planner loop missed its desired rate of 999999999.0000 Hz. Current loop rate is 10.0000 Hz
[component_container_isolated-2] [INFO] [1780509908.203233476] [controller_server]: Passing new path to controller.
[component_container_isolated-2] [WARN] [1780509908.240386226] [controller_server]: Control loop missed its desired rate of 30.0000 Hz. Current loop rate is 25.0000 Hz.
[component_container_isolated-2] [WARN] [1780509908.341103294] [controller_server]: Control loop missed its desired rate of 30.0000 Hz. Current loop rate is 25.0000 Hz.
[component_container_isolated-2] [WARN] [1780509908.542335970] [controller_server]: Control loop missed its desired rate of 30.0000 Hz. Current loop rate is 25.0000 Hz.
[component_container_isolated-2] [WARN] [1780509908.948813123] [controller_server]: Control loop missed its desired rate of 30.0000 Hz. Current loop rate is 33.3333 Hz.
[component_container_isolated-2] [WARN] [1780509909.190211614] [planner_server]: Planner loop missed its desired rate of 999999999.0000 Hz. Current loop rate is 100.0000 Hz
[component_container_isolated-2] [INFO] [1780509909.215603020] [controller_server]: Passing new path to controller.
[component_container_isolated-2] [WARN] [1780509909.251601933] [controller_server]: Control loop missed its desired rate of 30.0000 Hz. Current loop rate is 25.0000 Hz.
[robot_mission_runner-4] [INFO] [1780509909.645135324] [robot_mission_runner]: Pose: (-35.55, -36.77), Elapsed: 30s, ETA: 0s, Dist remaining: 0.15m
[component_container_isolated-2] [WARN] [1780509909.660510304] [controller_server]: Control loop missed its desired rate of 30.0000 Hz. Current loop rate is 20.0000 Hz.
[component_container_isolated-2] [WARN] [1780509909.730518152] [controller_server]: Control loop missed its desired rate of 30.0000 Hz. Current loop rate is 25.0000 Hz.
[component_container_isolated-2] [INFO] [1780509909.842079624] [controller_server]: Reached the goal!
[component_container_isolated-2] [INFO] [1780509909.842607529] [controller_server]: Optimizer reset
[component_container_isolated-2] [ERROR] [1780509909.878371666] [bt_navigator_navigate_to_pose_rclcpp_node]: Failed to get result for vlm_node/query_bool in node halt!
[component_container_isolated-2] [INFO] [1780509909.878853654] [bt_navigator]: Goal succeeded
[robot_mission_runner-4] [INFO] [1780509909.949781404] [robot_mission_runner]: Navigation result: SUCCEEDED
[vlm_node-3] [WARN] [1780509911.348382794] [vlm_node]: VLM request failed on attempt 1: Request timed out.
[vlm_node-3] [INFO] [1780509911.349209670] [vlm_node]: VLM_QUERY|QueryBool|error|91.47|1|Request timed out.
[vlm_node-3] [INFO] [1780509916.961779232] [vlm_node]: Completed prompt: "Is this space too crowded by people or working machinery to move though safely? If so, respond only yes. Otherwise respond no." with response: False
[vlm_node-3] [INFO] [1780509916.962337117] [vlm_node]: VLM_QUERY|QueryBool|success|16.08|1|
[robot_mission_runner-4] [INFO] [1780509919.950811482] [robot_mission_runner]: Mission 1 completed.
[robot_mission_runner-4] [INFO] [1780509919.951401470] [robot_mission_runner]: Picking from {'x': 39.0, 'y': 26.65, 'yaw': -1.5708}, dropping at {'x': -17.5, 'y': 0.18, 'yaw': -1.5708}...
[robot_mission_runner-4] [INFO] [1780509919.951792542] [robot_mission_runner]: Navigating to pick, attempt 1/3...
[component_container_isolated-2] [INFO] [1780509919.952248215] [local_costmap.local_costmap]: Received request to clear entirely the local_costmap
[component_container_isolated-2] [INFO] [1780509919.956532377] [global_costmap.global_costmap]: Received request to clear entirely the global_costmap
[robot_mission_runner-4] [INFO] [1780509919.968695005] [robot_mission_runner]: Navigating to goal: 39.0 26.65...
[component_container_isolated-2] [INFO] [1780509919.969392038] [bt_navigator]: Begin navigating from current location (-35.57, -36.66) to (39.00, 26.65)
[vlm_node-3] [INFO] [1780509919.972822019] [vlm_node]: Goal received with prompt: Check if there are any small hazards on the ground that would cause harm to the robot if it navigated over it OR the area is blocked by large objects that make it impassable. If so respond only yes. Otherwise, respond no.
[component_container_isolated-2] [WARN] [1780509920.617213191] [planner_server]: Planner loop missed its desired rate of 999999999.0000 Hz. Current loop rate is 1.5625 Hz
[component_container_isolated-2] [INFO] [1780509920.632080303] [controller_server]: Received a goal, begin computing control effort.
[component_container_isolated-2] [WARN] [1780509920.748152000] [controller_server]: Control loop missed its desired rate of 30.0000 Hz. Current loop rate is 20.0000 Hz.
[component_container_isolated-2] [WARN] [1780509921.920212169] [planner_server]: Planner loop missed its desired rate of 999999999.0000 Hz. Current loop rate is 3.7037 Hz
[component_container_isolated-2] [INFO] [1780509921.948285458] [controller_server]: Passing new path to controller.
[component_container_isolated-2] [WARN] [1780509922.063179025] [controller_server]: Control loop missed its desired rate of 30.0000 Hz. Current loop rate is 20.0000 Hz.
[component_container_isolated-2] [WARN] [1780509922.141914080] [controller_server]: Control loop missed its desired rate of 30.0000 Hz. Current loop rate is 25.0000 Hz.
[component_container_isolated-2] [WARN] [1780509922.244488303] [controller_server]: Control loop missed its desired rate of 30.0000 Hz. Current loop rate is 33.3333 Hz.
[component_container_isolated-2] [WARN] [1780509922.448206682] [controller_server]: Control loop missed its desired rate of 30.0000 Hz. Current loop rate is 25.0000 Hz.
[component_container_isolated-2] [WARN] [1780509922.849761364] [controller_server]: Control loop missed its desired rate of 30.0000 Hz. Current loop rate is 25.0000 Hz.
[component_container_isolated-2] [WARN] [1780509923.257811807] [planner_server]: Planner loop missed its desired rate of 999999999.0000 Hz. Current loop rate is 3.2258 Hz
[component_container_isolated-2] [INFO] [1780509923.283214028] [controller_server]: Passing new path to controller.
[component_container_isolated-2] [WARN] [1780509923.655464449] [controller_server]: Control loop missed its desired rate of 30.0000 Hz. Current loop rate is 20.0000 Hz.
[component_container_isolated-2] [WARN] [1780509923.742829502] [controller_server]: Control loop missed its desired rate of 30.0000 Hz. Current loop rate is 20.0000 Hz.
[component_container_isolated-2] [WARN] [1780509923.850019882] [controller_server]: Control loop missed its desired rate of 30.0000 Hz. Current loop rate is 25.0000 Hz.
[component_container_isolated-2] [WARN] [1780509923.963565619] [controller_server]: Control loop missed its desired rate of 30.0000 Hz. Current loop rate is 20.0000 Hz.
[component_container_isolated-2] [WARN] [1780509924.045293022] [controller_server]: Control loop missed its desired rate of 30.0000 Hz. Current loop rate is 25.0000 Hz.
[component_container_isolated-2] [WARN] [1780509924.150170409] [controller_server]: Control loop missed its desired rate of 30.0000 Hz. Current loop rate is 25.0000 Hz.
[component_container_isolated-2] [WARN] [1780509924.255307929] [controller_server]: Control loop missed its desired rate of 30.0000 Hz. Current loop rate is 25.0000 Hz.
[component_container_isolated-2] [WARN] [1780509924.344371750] [controller_server]: Control loop missed its desired rate of 30.0000 Hz. Current loop rate is 20.0000 Hz.
[component_container_isolated-2] [WARN] [1780509924.575140172] [planner_server]: Planner loop missed its desired rate of 999999999.0000 Hz. Current loop rate is 3.2258 Hz
[component_container_isolated-2] [INFO] [1780509924.611224187] [controller_server]: Passing new path to controller.
[component_container_isolated-2] [WARN] [1780509925.054791219] [controller_server]: Control loop missed its desired rate of 30.0000 Hz. Current loop rate is 25.0000 Hz.
[robot_mission_runner-4] [INFO] [1780509925.094679148] [robot_mission_runner]: Pose: (-35.46, -37.47), Elapsed: 5s, ETA: 682s, Dist remaining: 157.01m
[component_container_isolated-2] [WARN] [1780509925.134958232] [controller_server]: Control loop missed its desired rate of 30.0000 Hz. Current loop rate is 25.0000 Hz.
[component_container_isolated-2] [WARN] [1780509925.240751437] [controller_server]: Control loop missed its desired rate of 30.0000 Hz. Current loop rate is 25.0000 Hz.
[component_container_isolated-2] [WARN] [1780509925.445509777] [controller_server]: Control loop missed its desired rate of 30.0000 Hz. Current loop rate is 25.0000 Hz.
[component_container_isolated-2] [WARN] [1780509925.551585505] [controller_server]: Control loop missed its desired rate of 30.0000 Hz. Current loop rate is 25.0000 Hz.
[component_container_isolated-2] [WARN] [1780509925.656408604] [controller_server]: Control loop missed its desired rate of 30.0000 Hz. Current loop rate is 20.0000 Hz.
[component_container_isolated-2] [WARN] [1780509925.746788329] [controller_server]: Control loop missed its desired rate of 30.0000 Hz. Current loop rate is 16.6667 Hz.
[component_container_isolated-2] [WARN] [1780509925.895049597] [planner_server]: Planner loop missed its desired rate of 999999999.0000 Hz. Current loop rate is 3.4483 Hz
[component_container_isolated-2] [INFO] [1780509925.913778180] [controller_server]: Passing new path to controller.
[component_container_isolated-2] [WARN] [1780509925.954858684] [controller_server]: Control loop missed its desired rate of 30.0000 Hz. Current loop rate is 25.0000 Hz.
[component_container_isolated-2] [WARN] [1780509926.054920426] [controller_server]: Control loop missed its desired rate of 30.0000 Hz. Current loop rate is 16.6667 Hz.
[component_container_isolated-2] [WARN] [1780509926.133472129] [controller_server]: Control loop missed its desired rate of 30.0000 Hz. Current loop rate is 25.0000 Hz.
[component_container_isolated-2] [WARN] [1780509926.244295676] [controller_server]: Control loop missed its desired rate of 30.0000 Hz. Current loop rate is 25.0000 Hz.
[component_container_isolated-2] [WARN] [1780509926.852456867] [controller_server]: Control loop missed its desired rate of 30.0000 Hz. Current loop rate is 25.0000 Hz.
[component_container_isolated-2] [WARN] [1780509926.965150895] [controller_server]: Control loop missed its desired rate of 30.0000 Hz. Current loop rate is 20.0000 Hz.
[component_container_isolated-2] [WARN] [1780509927.054095276] [controller_server]: Control loop missed its desired rate of 30.0000 Hz. Current loop rate is 20.0000 Hz.
[component_container_isolated-2] [WARN] [1780509927.138022089] [planner_server]: Planner loop missed its desired rate of 999999999.0000 Hz. Current loop rate is 4.5455 Hz
[component_container_isolated-2] [WARN] [1780509927.152680081] [controller_server]: Control loop missed its desired rate of 30.0000 Hz. Current loop rate is 16.6667 Hz.
[component_container_isolated-2] [INFO] [1780509927.152754460] [controller_server]: Passing new path to controller.
[component_container_isolated-2] [WARN] [1780509927.255991647] [controller_server]: Control loop missed its desired rate of 30.0000 Hz. Current loop rate is 25.0000 Hz.
[component_container_isolated-2] [WARN] [1780509927.345280016] [controller_server]: Control loop missed its desired rate of 30.0000 Hz. Current loop rate is 20.0000 Hz.
[component_container_isolated-2] [WARN] [1780509927.450229207] [controller_server]: Control loop missed its desired rate of 30.0000 Hz. Current loop rate is 25.0000 Hz.
[component_container_isolated-2] [WARN] [1780509927.557515977] [controller_server]: Control loop missed its desired rate of 30.0000 Hz. Current loop rate is 20.0000 Hz.
[component_container_isolated-2] [WARN] [1780509927.648687509] [controller_server]: Control loop missed its desired rate of 30.0000 Hz. Current loop rate is 16.6667 Hz.
[component_container_isolated-2] [WARN] [1780509927.762484054] [controller_server]: Control loop missed its desired rate of 30.0000 Hz. Current loop rate is 20.0000 Hz.
[component_container_isolated-2] [WARN] [1780509927.847186281] [controller_server]: Control loop missed its desired rate of 30.0000 Hz. Current loop rate is 16.6667 Hz.
[component_container_isolated-2] [WARN] [1780509927.957984144] [controller_server]: Control loop missed its desired rate of 30.0000 Hz. Current loop rate is 20.0000 Hz.
[component_container_isolated-2] [WARN] [1780509928.046729618] [controller_server]: Control loop missed its desired rate of 30.0000 Hz. Current loop rate is 16.6667 Hz.
[component_container_isolated-2] [WARN] [1780509928.159006510] [controller_server]: Control loop missed its desired rate of 30.0000 Hz. Current loop rate is 20.0000 Hz.
[component_container_isolated-2] [WARN] [1780509928.246059981] [controller_server]: Control loop missed its desired rate of 30.0000 Hz. Current loop rate is 16.6667 Hz.
[component_container_isolated-2] [WARN] [1780509928.353096138] [controller_server]: Control loop missed its desired rate of 30.0000 Hz. Current loop rate is 25.0000 Hz.
[component_container_isolated-2] [WARN] [1780509928.363214592] [planner_server]: Planner loop missed its desired rate of 999999999.0000 Hz. Current loop rate is 5.0000 Hz
[component_container_isolated-2] [INFO] [1780509928.386556342] [controller_server]: Passing new path to controller.
[component_container_isolated-2] [WARN] [1780509928.444622779] [controller_server]: Control loop missed its desired rate of 30.0000 Hz. Current loop rate is 20.0000 Hz.
[component_container_isolated-2] [WARN] [1780509928.554449657] [controller_server]: Control loop missed its desired rate of 30.0000 Hz. Current loop rate is 25.0000 Hz.
[component_container_isolated-2] [WARN] [1780509928.651302735] [controller_server]: Control loop missed its desired rate of 30.0000 Hz. Current loop rate is 16.6667 Hz.
[component_container_isolated-2] [WARN] [1780509928.777638675] [controller_server]: Control loop missed its desired rate of 30.0000 Hz. Current loop rate is 16.6667 Hz.
[component_container_isolated-2] [WARN] [1780509928.870541280] [controller_server]: Control loop missed its desired rate of 30.0000 Hz. Current loop rate is 16.6667 Hz.
[component_container_isolated-2] [WARN] [1780509928.971498944] [controller_server]: Control loop missed its desired rate of 30.0000 Hz. Current loop rate is 14.2857 Hz.
[component_container_isolated-2] [WARN] [1780509929.068364040] [controller_server]: Control loop missed its desired rate of 30.0000 Hz. Current loop rate is 14.2857 Hz.
[component_container_isolated-2] [WARN] [1780509929.168193213] [controller_server]: Control loop missed its desired rate of 30.0000 Hz. Current loop rate is 14.2857 Hz.
[component_container_isolated-2] [WARN] [1780509929.259461905] [controller_server]: Control loop missed its desired rate of 30.0000 Hz. Current loop rate is 16.6667 Hz.
[component_container_isolated-2] [WARN] [1780509929.348860236] [controller_server]: Control loop missed its desired rate of 30.0000 Hz. Current loop rate is 16.6667 Hz.
[component_container_isolated-2] [WARN] [1780509929.463961181] [controller_server]: Control loop missed its desired rate of 30.0000 Hz. Current loop rate is 20.0000 Hz.
[component_container_isolated-2] [WARN] [1780509929.552504551] [controller_server]: Control loop missed its desired rate of 30.0000 Hz. Current loop rate is 20.0000 Hz.
[component_container_isolated-2] [WARN] [1780509929.606295625] [planner_server]: Planner loop missed its desired rate of 999999999.0000 Hz. Current loop rate is 4.1667 Hz
[component_container_isolated-2] [INFO] [1780509929.619501043] [controller_server]: Passing new path to controller.
[component_container_isolated-2] [WARN] [1780509929.673049813] [controller_server]: Control loop missed its desired rate of 30.0000 Hz. Current loop rate is 16.6667 Hz.
[component_container_isolated-2] [WARN] [1780509929.751116967] [controller_server]: Control loop missed its desired rate of 30.0000 Hz. Current loop rate is 25.0000 Hz.
[component_container_isolated-2] [WARN] [1780509929.866066267] [controller_server]: Control loop missed its desired rate of 30.0000 Hz. Current loop rate is 16.6667 Hz.
[component_container_isolated-2] [WARN] [1780509929.934848923] [controller_server]: Control loop missed its desired rate of 30.0000 Hz. Current loop rate is 33.3333 Hz.
[component_container_isolated-2] [WARN] [1780509930.051205787] [controller_server]: Control loop missed its desired rate of 30.0000 Hz. Current loop rate is 20.0000 Hz.
[robot_mission_runner-4] [INFO] [1780509930.113380463] [robot_mission_runner]: Pose: (-34.72, -37.92), Elapsed: 10s, ETA: 266s, Dist remaining: 155.14m
[component_container_isolated-2] [WARN] [1780509930.158000588] [controller_server]: Control loop missed its desired rate of 30.0000 Hz. Current loop rate is 20.0000 Hz.
[component_container_isolated-2] [WARN] [1780509930.255824716] [controller_server]: Control loop missed its desired rate of 30.0000 Hz. Current loop rate is 14.2857 Hz.
[component_container_isolated-2] [WARN] [1780509930.351950409] [controller_server]: Control loop missed its desired rate of 30.0000 Hz. Current loop rate is 16.6667 Hz.
[component_container_isolated-2] [WARN] [1780509930.463107953] [controller_server]: Control loop missed its desired rate of 30.0000 Hz. Current loop rate is 20.0000 Hz.
[component_container_isolated-2] [WARN] [1780509930.530421728] [controller_server]: Control loop missed its desired rate of 30.0000 Hz. Current loop rate is 33.3333 Hz.
[component_container_isolated-2] [WARN] [1780509930.636190196] [controller_server]: Control loop missed its desired rate of 30.0000 Hz. Current loop rate is 25.0000 Hz.
[component_container_isolated-2] [WARN] [1780509930.741372042] [controller_server]: Control loop missed its desired rate of 30.0000 Hz. Current loop rate is 25.0000 Hz.
[component_container_isolated-2] [WARN] [1780509930.822616975] [planner_server]: Planner loop missed its desired rate of 999999999.0000 Hz. Current loop rate is 4.7619 Hz
[component_container_isolated-2] [WARN] [1780509930.841803684] [controller_server]: Control loop missed its desired rate of 30.0000 Hz. Current loop rate is 33.3333 Hz.
[component_container_isolated-2] [INFO] [1780509930.875313109] [controller_server]: Passing new path to controller.
[component_container_isolated-2] [WARN] [1780509930.945955859] [controller_server]: Control loop missed its desired rate of 30.0000 Hz. Current loop rate is 25.0000 Hz.
[component_container_isolated-2] [WARN] [1780509931.251211780] [controller_server]: Control loop missed its desired rate of 30.0000 Hz. Current loop rate is 25.0000 Hz.
[component_container_isolated-2] [WARN] [1780509931.364673785] [controller_server]: Control loop missed its desired rate of 30.0000 Hz. Current loop rate is 20.0000 Hz.
[component_container_isolated-2] [WARN] [1780509931.449715020] [controller_server]: Control loop missed its desired rate of 30.0000 Hz. Current loop rate is 20.0000 Hz.
[component_container_isolated-2] [WARN] [1780509931.755183627] [controller_server]: Control loop missed its desired rate of 30.0000 Hz. Current loop rate is 25.0000 Hz.
[component_container_isolated-2] [WARN] [1780509931.843860071] [controller_server]: Control loop missed its desired rate of 30.0000 Hz. Current loop rate is 20.0000 Hz.
[component_container_isolated-2] [WARN] [1780509932.028901247] [planner_server]: Planner loop missed its desired rate of 999999999.0000 Hz. Current loop rate is 5.8824 Hz
[component_container_isolated-2] [INFO] [1780509932.043989424] [controller_server]: Passing new path to controller.
[component_container_isolated-2] [WARN] [1780509932.746962511] [controller_server]: Control loop missed its desired rate of 30.0000 Hz. Current loop rate is 25.0000 Hz.
[component_container_isolated-2] [WARN] [1780509933.209734981] [planner_server]: Planner loop missed its desired rate of 999999999.0000 Hz. Current loop rate is 5.8824 Hz
[component_container_isolated-2] [INFO] [1780509933.247144764] [controller_server]: Passing new path to controller.
[component_container_isolated-2] [WARN] [1780509933.349738750] [controller_server]: Control loop missed its desired rate of 30.0000 Hz. Current loop rate is 25.0000 Hz.
[component_container_isolated-2] [WARN] [1780509933.452290127] [controller_server]: Control loop missed its desired rate of 30.0000 Hz. Current loop rate is 25.0000 Hz.
[component_container_isolated-2] [WARN] [1780509934.253608832] [controller_server]: Control loop missed its desired rate of 30.0000 Hz. Current loop rate is 25.0000 Hz.
[component_container_isolated-2] [WARN] [1780509934.328834148] [controller_server]: Control loop missed its desired rate of 30.0000 Hz. Current loop rate is 25.0000 Hz.
[component_container_isolated-2] [WARN] [1780509934.388620806] [planner_server]: Planner loop missed its desired rate of 999999999.0000 Hz. Current loop rate is 6.6667 Hz
[component_container_isolated-2] [INFO] [1780509934.428955675] [controller_server]: Passing new path to controller.
[component_container_isolated-2] [WARN] [1780509935.130509231] [controller_server]: Control loop missed its desired rate of 30.0000 Hz. Current loop rate is 50.0000 Hz.
[robot_mission_runner-4] [INFO] [1780509935.138585021] [robot_mission_runner]: Pose: (-34.40, -44.60), Elapsed: 15s, ETA: 98s, Dist remaining: 148.37m
[component_container_isolated-2] [WARN] [1780509935.576018194] [planner_server]: Planner loop missed its desired rate of 999999999.0000 Hz. Current loop rate is 6.2500 Hz
[component_container_isolated-2] [INFO] [1780509935.597314770] [controller_server]: Passing new path to controller.
[component_container_isolated-2] [WARN] [1780509936.232830675] [controller_server]: Control loop missed its desired rate of 30.0000 Hz. Current loop rate is 33.3333 Hz.
[component_container_isolated-2] [WARN] [1780509936.334239733] [controller_server]: Control loop missed its desired rate of 30.0000 Hz. Current loop rate is 33.3333 Hz.
[component_container_isolated-2] [WARN] [1780509936.438602259] [controller_server]: Control loop missed its desired rate of 30.0000 Hz. Current loop rate is 25.0000 Hz.
[component_container_isolated-2] [WARN] [1780509936.740065262] [planner_server]: Planner loop missed its desired rate of 999999999.0000 Hz. Current loop rate is 6.6667 Hz
[component_container_isolated-2] [WARN] [1780509936.742636007] [controller_server]: Control loop missed its desired rate of 30.0000 Hz. Current loop rate is 33.3333 Hz.
[component_container_isolated-2] [INFO] [1780509936.776536791] [controller_server]: Passing new path to controller.
[component_container_isolated-2] [WARN] [1780509937.859631070] [planner_server]: Planner loop missed its desired rate of 999999999.0000 Hz. Current loop rate is 10.0000 Hz
[component_container_isolated-2] [INFO] [1780509937.909874985] [controller_server]: Passing new path to controller.
[component_container_isolated-2] [WARN] [1780509938.044205535] [controller_server]: Control loop missed its desired rate of 30.0000 Hz. Current loop rate is 33.3333 Hz.
[component_container_isolated-2] [WARN] [1780509938.983270687] [planner_server]: Planner loop missed its desired rate of 999999999.0000 Hz. Current loop rate is 11.1111 Hz
[component_container_isolated-2] [INFO] [1780509939.011779076] [controller_server]: Passing new path to controller.
[component_container_isolated-2] [WARN] [1780509940.098621386] [planner_server]: Planner loop missed its desired rate of 999999999.0000 Hz. Current loop rate is 10.0000 Hz
[component_container_isolated-2] [INFO] [1780509940.144363752] [controller_server]: Passing new path to controller.
[robot_mission_runner-4] [INFO] [1780509940.158906412] [robot_mission_runner]: Pose: (-30.10, -50.18), Elapsed: 20s, ETA: 93s, Dist remaining: 140.57m
[component_container_isolated-2] [WARN] [1780509941.206454912] [planner_server]: Planner loop missed its desired rate of 999999999.0000 Hz. Current loop rate is 11.1111 Hz
[component_container_isolated-2] [INFO] [1780509941.244351257] [controller_server]: Passing new path to controller.
[component_container_isolated-2] [WARN] [1780509941.446006137] [controller_server]: Control loop missed its desired rate of 30.0000 Hz. Current loop rate is 25.0000 Hz.
[component_container_isolated-2] [WARN] [1780509942.308054055] [planner_server]: Planner loop missed its desired rate of 999999999.0000 Hz. Current loop rate is 11.1111 Hz
[component_container_isolated-2] [INFO] [1780509942.346185010] [controller_server]: Passing new path to controller.
[component_container_isolated-2] [WARN] [1780509943.396381214] [planner_server]: Planner loop missed its desired rate of 999999999.0000 Hz. Current loop rate is 11.1111 Hz
[component_container_isolated-2] [INFO] [1780509943.412843929] [controller_server]: Passing new path to controller.
[component_container_isolated-2] [WARN] [1780509944.484138142] [planner_server]: Planner loop missed its desired rate of 999999999.0000 Hz. Current loop rate is 14.2857 Hz
[component_container_isolated-2] [INFO] [1780509944.512836733] [controller_server]: Passing new path to controller.
[robot_mission_runner-4] [INFO] [1780509945.176296990] [robot_mission_runner]: Pose: (-22.61, -50.47), Elapsed: 25s, ETA: 88s, Dist remaining: 133.29m
[component_container_isolated-2] [WARN] [1780509945.572774528] [planner_server]: Planner loop missed its desired rate of 999999999.0000 Hz. Current loop rate is 14.2857 Hz
[component_container_isolated-2] [INFO] [1780509945.612843288] [controller_server]: Passing new path to controller.
[component_container_isolated-2] [WARN] [1780509946.688268754] [planner_server]: Planner loop missed its desired rate of 999999999.0000 Hz. Current loop rate is 10.0000 Hz
[component_container_isolated-2] [INFO] [1780509946.712841488] [controller_server]: Passing new path to controller.
[component_container_isolated-2] [WARN] [1780509947.767995883] [planner_server]: Planner loop missed its desired rate of 999999999.0000 Hz. Current loop rate is 14.2857 Hz
[component_container_isolated-2] [INFO] [1780509947.812842210] [controller_server]: Passing new path to controller.
[component_container_isolated-2] [WARN] [1780509948.854661468] [planner_server]: Planner loop missed its desired rate of 999999999.0000 Hz. Current loop rate is 16.6667 Hz
[component_container_isolated-2] [INFO] [1780509948.879511690] [controller_server]: Passing new path to controller.
[component_container_isolated-2] [WARN] [1780509949.939661914] [planner_server]: Planner loop missed its desired rate of 999999999.0000 Hz. Current loop rate is 16.6667 Hz
[component_container_isolated-2] [INFO] [1780509949.979506266] [controller_server]: Passing new path to controller.
[robot_mission_runner-4] [INFO] [1780509950.195359055] [robot_mission_runner]: Pose: (-15.08, -50.46), Elapsed: 30s, ETA: 83s, Dist remaining: 125.64m
[component_container_isolated-2] [WARN] [1780509951.028716239] [planner_server]: Planner loop missed its desired rate of 999999999.0000 Hz. Current loop rate is 16.6667 Hz
[component_container_isolated-2] [INFO] [1780509951.046184226] [controller_server]: Passing new path to controller.
[component_container_isolated-2] [WARN] [1780509952.198300408] [planner_server]: Planner loop missed its desired rate of 999999999.0000 Hz. Current loop rate is 6.6667 Hz
[component_container_isolated-2] [INFO] [1780509952.212854366] [controller_server]: Passing new path to controller.
[component_container_isolated-2] [WARN] [1780509953.285609076] [planner_server]: Planner loop missed its desired rate of 999999999.0000 Hz. Current loop rate is 14.2857 Hz
[component_container_isolated-2] [INFO] [1780509953.312886721] [controller_server]: Passing new path to controller.
[component_container_isolated-2] [WARN] [1780509954.360155597] [planner_server]: Planner loop missed its desired rate of 999999999.0000 Hz. Current loop rate is 16.6667 Hz
[component_container_isolated-2] [INFO] [1780509954.412857359] [controller_server]: Passing new path to controller.
[robot_mission_runner-4] [INFO] [1780509955.213915468] [robot_mission_runner]: Pose: (-7.55, -50.45), Elapsed: 35s, ETA: 78s, Dist remaining: 118.38m
[component_container_isolated-2] [WARN] [1780509955.453051618] [planner_server]: Planner loop missed its desired rate of 999999999.0000 Hz. Current loop rate is 16.6667 Hz
[component_container_isolated-2] [INFO] [1780509955.479509453] [controller_server]: Passing new path to controller.
[component_container_isolated-2] [WARN] [1780509956.522773730] [planner_server]: Planner loop missed its desired rate of 999999999.0000 Hz. Current loop rate is 16.6667 Hz
[component_container_isolated-2] [INFO] [1780509956.546179581] [controller_server]: Passing new path to controller.
[component_container_isolated-2] [WARN] [1780509957.666377185] [planner_server]: Planner loop missed its desired rate of 999999999.0000 Hz. Current loop rate is 8.3333 Hz
[component_container_isolated-2] [INFO] [1780509957.712838196] [controller_server]: Passing new path to controller.
[component_container_isolated-2] [WARN] [1780509958.723389786] [planner_server]: Planner loop missed its desired rate of 999999999.0000 Hz. Current loop rate is 20.0000 Hz
[component_container_isolated-2] [INFO] [1780509958.746250854] [controller_server]: Passing new path to controller.
[component_container_isolated-2] [WARN] [1780509959.793541804] [planner_server]: Planner loop missed its desired rate of 999999999.0000 Hz. Current loop rate is 20.0000 Hz
[component_container_isolated-2] [INFO] [1780509959.812838760] [controller_server]: Passing new path to controller.
[robot_mission_runner-4] [INFO] [1780509960.233343851] [robot_mission_runner]: Pose: (-1.57, -46.49), Elapsed: 40s, ETA: 73s, Dist remaining: 110.39m
[component_container_isolated-2] [WARN] [1780509960.871616350] [planner_server]: Planner loop missed its desired rate of 999999999.0000 Hz. Current loop rate is 16.6667 Hz
[component_container_isolated-2] [INFO] [1780509960.912839734] [controller_server]: Passing new path to controller.
[component_container_isolated-2] [WARN] [1780509961.921745499] [planner_server]: Planner loop missed its desired rate of 999999999.0000 Hz. Current loop rate is 25.0000 Hz
[component_container_isolated-2] [INFO] [1780509961.946207205] [controller_server]: Passing new path to controller.
[component_container_isolated-2] [WARN] [1780509962.970128882] [planner_server]: Planner loop missed its desired rate of 999999999.0000 Hz. Current loop rate is 33.3333 Hz
[component_container_isolated-2] [INFO] [1780509963.012850691] [controller_server]: Passing new path to controller.
[component_container_isolated-2] [WARN] [1780509964.022183495] [planner_server]: Planner loop missed its desired rate of 999999999.0000 Hz. Current loop rate is 25.0000 Hz
[component_container_isolated-2] [INFO] [1780509964.046174871] [controller_server]: Passing new path to controller.
[component_container_isolated-2] [WARN] [1780509965.073554012] [planner_server]: Planner loop missed its desired rate of 999999999.0000 Hz. Current loop rate is 25.0000 Hz
[component_container_isolated-2] [INFO] [1780509965.112843598] [controller_server]: Passing new path to controller.
[robot_mission_runner-4] [INFO] [1780509965.252301128] [robot_mission_runner]: Pose: (0.67, -39.66), Elapsed: 45s, ETA: 68s, Dist remaining: 102.79m
[component_container_isolated-2] [WARN] [1780509966.149604769] [planner_server]: Planner loop missed its desired rate of 999999999.0000 Hz. Current loop rate is 20.0000 Hz
[component_container_isolated-2] [INFO] [1780509966.179528768] [controller_server]: Passing new path to controller.
[vlm_node-3] [INFO] [1780509966.506806828] [vlm_node]: Completed prompt: "Check if there are any small hazards on the ground that would cause harm to the robot if it navigated over it OR the area is blocked by large objects that make it impassable. If so respond only yes. Otherwise, respond no." with response: False
[vlm_node-3] [INFO] [1780509966.507331982] [vlm_node]: VLM_QUERY|QueryBool|success|46.54|1|
[vlm_node-3] [INFO] [1780509966.526886309] [vlm_node]: Goal received with prompt: Is this space too crowded by people or working machinery to move though safely? If so, respond only yes. Otherwise respond no.
[component_container_isolated-2] [WARN] [1780509967.198109363] [planner_server]: Planner loop missed its desired rate of 999999999.0000 Hz. Current loop rate is 33.3333 Hz
[component_container_isolated-2] [INFO] [1780509967.212848262] [controller_server]: Passing new path to controller.
[component_container_isolated-2] [WARN] [1780509968.240470210] [planner_server]: Planner loop missed its desired rate of 999999999.0000 Hz. Current loop rate is 33.3333 Hz
[component_container_isolated-2] [INFO] [1780509968.279529800] [controller_server]: Passing new path to controller.
[component_container_isolated-2] [WARN] [1780509969.288905355] [planner_server]: Planner loop missed its desired rate of 999999999.0000 Hz. Current loop rate is 33.3333 Hz
[component_container_isolated-2] [INFO] [1780509969.312851028] [controller_server]: Passing new path to controller.
[robot_mission_runner-4] [INFO] [1780509970.273288264] [robot_mission_runner]: Pose: (0.63, -32.14), Elapsed: 50s, ETA: 63s, Dist remaining: 95.49m
[component_container_isolated-2] [WARN] [1780509970.325341992] [planner_server]: Planner loop missed its desired rate of 999999999.0000 Hz. Current loop rate is 33.3333 Hz
[component_container_isolated-2] [INFO] [1780509970.346175145] [controller_server]: Passing new path to controller.
[component_container_isolated-2] [WARN] [1780509971.378380130] [planner_server]: Planner loop missed its desired rate of 999999999.0000 Hz. Current loop rate is 33.3333 Hz
[component_container_isolated-2] [INFO] [1780509971.412845918] [controller_server]: Passing new path to controller.
[component_container_isolated-2] [WARN] [1780509972.415801762] [planner_server]: Planner loop missed its desired rate of 999999999.0000 Hz. Current loop rate is 33.3333 Hz
[component_container_isolated-2] [INFO] [1780509972.446176602] [controller_server]: Passing new path to controller.
[component_container_isolated-2] [WARN] [1780509972.648292078] [controller_server]: Control loop missed its desired rate of 30.0000 Hz. Current loop rate is 33.3333 Hz.
[component_container_isolated-2] [WARN] [1780509973.455912601] [planner_server]: Planner loop missed its desired rate of 999999999.0000 Hz. Current loop rate is 33.3333 Hz
[component_container_isolated-2] [INFO] [1780509973.481777262] [controller_server]: Passing new path to controller.
[component_container_isolated-2] [WARN] [1780509974.511715729] [planner_server]: Planner loop missed its desired rate of 999999999.0000 Hz. Current loop rate is 25.0000 Hz
[component_container_isolated-2] [INFO] [1780509974.548437867] [controller_server]: Passing new path to controller.
[component_container_isolated-2] [WARN] [1780509975.049162437] [controller_server]: Control loop missed its desired rate of 30.0000 Hz. Current loop rate is 33.3333 Hz.
[robot_mission_runner-4] [INFO] [1780509975.294543995] [robot_mission_runner]: Pose: (0.64, -24.61), Elapsed: 55s, ETA: 58s, Dist remaining: 87.98m
[component_container_isolated-2] [WARN] [1780509975.565957028] [planner_server]: Planner loop missed its desired rate of 999999999.0000 Hz. Current loop rate is 50.0000 Hz
[component_container_isolated-2] [INFO] [1780509975.582641074] [controller_server]: Passing new path to controller.
[component_container_isolated-2] [WARN] [1780509976.632959516] [planner_server]: Planner loop missed its desired rate of 999999999.0000 Hz. Current loop rate is 20.0000 Hz
[component_container_isolated-2] [INFO] [1780509976.682669731] [controller_server]: Passing new path to controller.
[component_container_isolated-2] [WARN] [1780509977.686259607] [planner_server]: Planner loop missed its desired rate of 999999999.0000 Hz. Current loop rate is 33.3333 Hz
[component_container_isolated-2] [INFO] [1780509977.715972024] [controller_server]: Passing new path to controller.
[component_container_isolated-2] [WARN] [1780509978.724059794] [planner_server]: Planner loop missed its desired rate of 999999999.0000 Hz. Current loop rate is 33.3333 Hz
[component_container_isolated-2] [INFO] [1780509978.749304514] [controller_server]: Passing new path to controller.
[component_container_isolated-2] [WARN] [1780509979.776618242] [planner_server]: Planner loop missed its desired rate of 999999999.0000 Hz. Current loop rate is 25.0000 Hz
[component_container_isolated-2] [INFO] [1780509979.815964641] [controller_server]: Passing new path to controller.
[robot_mission_runner-4] [INFO] [1780509980.315759409] [robot_mission_runner]: Pose: (0.63, -17.08), Elapsed: 60s, ETA: 53s, Dist remaining: 80.30m
[component_container_isolated-2] [WARN] [1780509980.551644185] [controller_server]: Control loop missed its desired rate of 30.0000 Hz. Current loop rate is 25.0000 Hz.
[component_container_isolated-2] [WARN] [1780509980.812736344] [planner_server]: Planner loop missed its desired rate of 999999999.0000 Hz. Current loop rate is 33.3333 Hz
[component_container_isolated-2] [INFO] [1780509980.851781422] [controller_server]: Passing new path to controller.
[component_container_isolated-2] [WARN] [1780509981.053251506] [controller_server]: Control loop missed its desired rate of 30.0000 Hz. Current loop rate is 25.0000 Hz.
[component_container_isolated-2] [WARN] [1780509981.866362067] [planner_server]: Planner loop missed its desired rate of 999999999.0000 Hz. Current loop rate is 50.0000 Hz
[component_container_isolated-2] [INFO] [1780509981.886729537] [controller_server]: Passing new path to controller.
[component_container_isolated-2] [WARN] [1780509981.922383904] [controller_server]: Control loop missed its desired rate of 30.0000 Hz. Current loop rate is 25.0000 Hz.
[component_container_isolated-2] [WARN] [1780509982.035116060] [controller_server]: Control loop missed its desired rate of 30.0000 Hz. Current loop rate is 20.0000 Hz.
[component_container_isolated-2] [WARN] [1780509982.240351533] [controller_server]: Control loop missed its desired rate of 30.0000 Hz. Current loop rate is 25.0000 Hz.
[component_container_isolated-2] [WARN] [1780509982.905654211] [planner_server]: Planner loop missed its desired rate of 999999999.0000 Hz. Current loop rate is 33.3333 Hz
[component_container_isolated-2] [INFO] [1780509982.941072033] [controller_server]: Passing new path to controller.
[vlm_node-3] [INFO] [1780509983.739335867] [vlm_node]: Completed prompt: "Is this space too crowded by people or working machinery to move though safely? If so, respond only yes. Otherwise respond no." with response: False
[vlm_node-3] [INFO] [1780509983.740194417] [vlm_node]: VLM_QUERY|QueryBool|success|17.22|1|
[vlm_node-3] [INFO] [1780509983.752456923] [vlm_node]: Goal received with prompt: Are there any people visible in this scene? If so, respond only yes. Otherwise respond no.
[component_container_isolated-2] [WARN] [1780509983.946954483] [planner_server]: Planner loop missed its desired rate of 999999999.0000 Hz. Current loop rate is 33.3333 Hz
[component_container_isolated-2] [INFO] [1780509983.974411690] [controller_server]: Passing new path to controller.
[component_container_isolated-2] [WARN] [1780509984.986653309] [planner_server]: Planner loop missed its desired rate of 999999999.0000 Hz. Current loop rate is 50.0000 Hz
[component_container_isolated-2] [INFO] [1780509985.007732127] [controller_server]: Passing new path to controller.
[robot_mission_runner-4] [INFO] [1780509985.340876334] [robot_mission_runner]: Pose: (0.62, -9.57), Elapsed: 65s, ETA: 48s, Dist remaining: 72.92m
[component_container_isolated-2] [WARN] [1780509986.015615873] [planner_server]: Planner loop missed its desired rate of 999999999.0000 Hz. Current loop rate is 33.3333 Hz
[component_container_isolated-2] [INFO] [1780509986.041068294] [controller_server]: Passing new path to controller.
[component_container_isolated-2] [WARN] [1780509987.056279897] [planner_server]: Planner loop missed its desired rate of 999999999.0000 Hz. Current loop rate is 33.3333 Hz
[component_container_isolated-2] [INFO] [1780509987.074416712] [controller_server]: Passing new path to controller.
[component_container_isolated-2] [WARN] [1780509988.128296872] [planner_server]: Planner loop missed its desired rate of 999999999.0000 Hz. Current loop rate is 16.6667 Hz
[component_container_isolated-2] [INFO] [1780509988.174408106] [controller_server]: Passing new path to controller.
[component_container_isolated-2] [WARN] [1780509989.170408057] [planner_server]: Planner loop missed its desired rate of 999999999.0000 Hz. Current loop rate is 50.0000 Hz
[component_container_isolated-2] [INFO] [1780509989.207739933] [controller_server]: Passing new path to controller.
[component_container_isolated-2] [WARN] [1780509990.216918718] [planner_server]: Planner loop missed its desired rate of 999999999.0000 Hz. Current loop rate is 33.3333 Hz
[component_container_isolated-2] [WARN] [1780509990.241538386] [controller_server]: Control loop missed its desired rate of 30.0000 Hz. Current loop rate is 33.3333 Hz.
[component_container_isolated-2] [INFO] [1780509990.241607701] [controller_server]: Passing new path to controller.
[robot_mission_runner-4] [INFO] [1780509990.361988734] [robot_mission_runner]: Pose: (0.67, -2.02), Elapsed: 70s, ETA: 43s, Dist remaining: 65.13m
[component_container_isolated-2] [WARN] [1780509991.260466312] [planner_server]: Planner loop missed its desired rate of 999999999.0000 Hz. Current loop rate is 50.0000 Hz
[component_container_isolated-2] [INFO] [1780509991.308337202] [controller_server]: Passing new path to controller.
[component_container_isolated-2] [WARN] [1780509992.311731642] [planner_server]: Planner loop missed its desired rate of 999999999.0000 Hz. Current loop rate is 50.0000 Hz
[component_container_isolated-2] [INFO] [1780509992.341669233] [controller_server]: Passing new path to controller.
[component_container_isolated-2] [WARN] [1780509993.351513322] [planner_server]: Planner loop missed its desired rate of 999999999.0000 Hz. Current loop rate is 50.0000 Hz
[component_container_isolated-2] [INFO] [1780509993.374964978] [controller_server]: Passing new path to controller.
[component_container_isolated-2] [WARN] [1780509994.041614278] [controller_server]: Control loop missed its desired rate of 30.0000 Hz. Current loop rate is 33.3333 Hz.
[component_container_isolated-2] [WARN] [1780509994.391340036] [planner_server]: Planner loop missed its desired rate of 999999999.0000 Hz. Current loop rate is 50.0000 Hz
[component_container_isolated-2] [INFO] [1780509994.441750199] [controller_server]: Passing new path to controller.
[robot_mission_runner-4] [INFO] [1780509995.384457915] [robot_mission_runner]: Pose: (0.66, 5.49), Elapsed: 75s, ETA: 38s, Dist remaining: 57.75m
[component_container_isolated-2] [WARN] [1780509995.444367627] [planner_server]: Planner loop missed its desired rate of 999999999.0000 Hz. Current loop rate is 50.0000 Hz
[component_container_isolated-2] [INFO] [1780509995.475084669] [controller_server]: Passing new path to controller.
[component_container_isolated-2] [WARN] [1780509995.642708509] [controller_server]: Control loop missed its desired rate of 30.0000 Hz. Current loop rate is 33.3333 Hz.
[component_container_isolated-2] [WARN] [1780509995.946595864] [controller_server]: Control loop missed its desired rate of 30.0000 Hz. Current loop rate is 25.0000 Hz.
[component_container_isolated-2] [WARN] [1780509996.481292446] [planner_server]: Planner loop missed its desired rate of 999999999.0000 Hz. Current loop rate is 100.0000 Hz
[component_container_isolated-2] [INFO] [1780509996.513403712] [controller_server]: Passing new path to controller.
[component_container_isolated-2] [WARN] [1780509997.520697899] [planner_server]: Planner loop missed its desired rate of 999999999.0000 Hz. Current loop rate is 50.0000 Hz
[component_container_isolated-2] [INFO] [1780509997.546742345] [controller_server]: Passing new path to controller.
[component_container_isolated-2] [WARN] [1780509998.557916820] [planner_server]: Planner loop missed its desired rate of 999999999.0000 Hz. Current loop rate is 50.0000 Hz
[component_container_isolated-2] [INFO] [1780509998.580071954] [controller_server]: Passing new path to controller.
[component_container_isolated-2] [WARN] [1780509998.952056449] [controller_server]: Control loop missed its desired rate of 30.0000 Hz. Current loop rate is 25.0000 Hz.
[component_container_isolated-2] [WARN] [1780509999.644971367] [planner_server]: Planner loop missed its desired rate of 999999999.0000 Hz. Current loop rate is 12.5000 Hz
[component_container_isolated-2] [INFO] [1780509999.685538593] [controller_server]: Passing new path to controller.
[robot_mission_runner-4] [INFO] [1780510000.407586437] [robot_mission_runner]: Pose: (0.55, 13.03), Elapsed: 80s, ETA: 33s, Dist remaining: 50.35m
[component_container_isolated-2] [WARN] [1780510000.692747013] [planner_server]: Planner loop missed its desired rate of 999999999.0000 Hz. Current loop rate is 50.0000 Hz
[component_container_isolated-2] [INFO] [1780510000.718864468] [controller_server]: Passing new path to controller.
[component_container_isolated-2] [WARN] [1780510000.853112481] [controller_server]: Control loop missed its desired rate of 30.0000 Hz. Current loop rate is 33.3333 Hz.
[component_container_isolated-2] [WARN] [1780510001.728920248] [planner_server]: Planner loop missed its desired rate of 999999999.0000 Hz. Current loop rate is 50.0000 Hz
[component_container_isolated-2] [INFO] [1780510001.753253815] [controller_server]: Passing new path to controller.
[component_container_isolated-2] [WARN] [1780510002.764273327] [planner_server]: Planner loop missed its desired rate of 999999999.0000 Hz. Current loop rate is 33.3333 Hz
[component_container_isolated-2] [INFO] [1780510002.786598416] [controller_server]: Passing new path to controller.
[component_container_isolated-2] [WARN] [1780510002.837413059] [controller_server]: Control loop missed its desired rate of 30.0000 Hz. Current loop rate is 16.6667 Hz.
[component_container_isolated-2] [WARN] [1780510003.804742064] [planner_server]: Planner loop missed its desired rate of 999999999.0000 Hz. Current loop rate is 33.3333 Hz
[component_container_isolated-2] [INFO] [1780510003.837550936] [controller_server]: Passing new path to controller.
[component_container_isolated-2] [WARN] [1780510004.246151878] [controller_server]: Control loop missed its desired rate of 30.0000 Hz. Current loop rate is 25.0000 Hz.
[component_container_isolated-2] [WARN] [1780510004.447285068] [controller_server]: Control loop missed its desired rate of 30.0000 Hz. Current loop rate is 25.0000 Hz.
[component_container_isolated-2] [WARN] [1780510004.850724549] [planner_server]: Planner loop missed its desired rate of 999999999.0000 Hz. Current loop rate is 50.0000 Hz
[component_container_isolated-2] [INFO] [1780510004.880750500] [controller_server]: Passing new path to controller.
[robot_mission_runner-4] [INFO] [1780510005.426427700] [robot_mission_runner]: Pose: (0.54, 20.56), Elapsed: 85s, ETA: 28s, Dist remaining: 42.69m
[component_container_isolated-2] [WARN] [1780510005.887745332] [planner_server]: Planner loop missed its desired rate of 999999999.0000 Hz. Current loop rate is 100.0000 Hz
[component_container_isolated-2] [INFO] [1780510005.914081249] [controller_server]: Passing new path to controller.
[vlm_node-3] [INFO] [1780510006.092605052] [vlm_node]: Completed prompt: "Are there any people visible in this scene? If so, respond only yes. Otherwise respond no." with response: False
[vlm_node-3] [INFO] [1780510006.093146225] [vlm_node]: VLM_QUERY|QueryBool|success|22.34|1|
[vlm_node-3] [INFO] [1780510006.103494158] [vlm_node]: Goal received with prompt: Check if there are any small hazards on the ground that would cause harm to the robot if it navigated over it OR the area is blocked by large objects that make it impassable. If so respond only yes. Otherwise, respond no.
[component_container_isolated-2] [WARN] [1780510006.923735158] [planner_server]: Planner loop missed its desired rate of 999999999.0000 Hz. Current loop rate is 100.0000 Hz
[component_container_isolated-2] [INFO] [1780510006.947414368] [controller_server]: Passing new path to controller.
[component_container_isolated-2] [WARN] [1780510007.964894127] [planner_server]: Planner loop missed its desired rate of 999999999.0000 Hz. Current loop rate is 50.0000 Hz
[component_container_isolated-2] [INFO] [1780510007.981021296] [controller_server]: Passing new path to controller.
[component_container_isolated-2] [WARN] [1780510008.033416309] [controller_server]: Control loop missed its desired rate of 30.0000 Hz. Current loop rate is 20.0000 Hz.
[component_container_isolated-2] [WARN] [1780510008.636056428] [controller_server]: Control loop missed its desired rate of 30.0000 Hz. Current loop rate is 25.0000 Hz.
[component_container_isolated-2] [WARN] [1780510009.003197480] [planner_server]: Planner loop missed its desired rate of 999999999.0000 Hz. Current loop rate is 50.0000 Hz
[component_container_isolated-2] [INFO] [1780510009.036197138] [controller_server]: Passing new path to controller.
[component_container_isolated-2] [WARN] [1780510009.544076670] [controller_server]: Control loop missed its desired rate of 30.0000 Hz. Current loop rate is 25.0000 Hz.
[component_container_isolated-2] [WARN] [1780510010.041541657] [planner_server]: Planner loop missed its desired rate of 999999999.0000 Hz. Current loop rate is 100.0000 Hz
[component_container_isolated-2] [INFO] [1780510010.077530956] [controller_server]: Passing new path to controller.
[robot_mission_runner-4] [INFO] [1780510010.446811812] [robot_mission_runner]: Pose: (4.85, 26.19), Elapsed: 90s, ETA: 23s, Dist remaining: 34.85m
[component_container_isolated-2] [WARN] [1780510011.044383328] [controller_server]: Control loop missed its desired rate of 30.0000 Hz. Current loop rate is 33.3333 Hz.
[component_container_isolated-2] [WARN] [1780510011.157685675] [planner_server]: Planner loop missed its desired rate of 999999999.0000 Hz. Current loop rate is 11.1111 Hz
[component_container_isolated-2] [INFO] [1780510011.177858395] [controller_server]: Passing new path to controller.
[component_container_isolated-2] [WARN] [1780510012.152200660] [controller_server]: Control loop missed its desired rate of 30.0000 Hz. Current loop rate is 25.0000 Hz.
[component_container_isolated-2] [INFO] [1780510012.219005498] [controller_server]: Passing new path to controller.
[component_container_isolated-2] [WARN] [1780510012.255823080] [controller_server]: Control loop missed its desired rate of 30.0000 Hz. Current loop rate is 25.0000 Hz.
[component_container_isolated-2] [WARN] [1780510012.341194343] [controller_server]: Control loop missed its desired rate of 30.0000 Hz. Current loop rate is 16.6667 Hz.
[component_container_isolated-2] [WARN] [1780510013.209690461] [planner_server]: Planner loop missed its desired rate of 999999999.0000 Hz. Current loop rate is 100.0000 Hz
[component_container_isolated-2] [INFO] [1780510013.241319940] [controller_server]: Passing new path to controller.
[component_container_isolated-2] [WARN] [1780510013.446565281] [controller_server]: Control loop missed its desired rate of 30.0000 Hz. Current loop rate is 25.0000 Hz.
[component_container_isolated-2] [WARN] [1780510014.048337923] [controller_server]: Control loop missed its desired rate of 30.0000 Hz. Current loop rate is 25.0000 Hz.
[component_container_isolated-2] [WARN] [1780510014.248528254] [planner_server]: Planner loop missed its desired rate of 999999999.0000 Hz. Current loop rate is 100.0000 Hz
[component_container_isolated-2] [INFO] [1780510014.281817687] [controller_server]: Passing new path to controller.
[component_container_isolated-2] [WARN] [1780510015.150618681] [controller_server]: Control loop missed its desired rate of 30.0000 Hz. Current loop rate is 25.0000 Hz.
[component_container_isolated-2] [WARN] [1780510015.272301695] [planner_server]: Planner loop missed its desired rate of 999999999.0000 Hz. Current loop rate is 100.0000 Hz
[component_container_isolated-2] [INFO] [1780510015.317553701] [controller_server]: Passing new path to controller.
[component_container_isolated-2] [WARN] [1780510015.361633880] [controller_server]: Control loop missed its desired rate of 30.0000 Hz. Current loop rate is 25.0000 Hz.
[robot_mission_runner-4] [INFO] [1780510015.469423322] [robot_mission_runner]: Pose: (12.34, 26.44), Elapsed: 95s, ETA: 18s, Dist remaining: 27.64m
[component_container_isolated-2] [WARN] [1780510015.540609754] [controller_server]: Control loop missed its desired rate of 30.0000 Hz. Current loop rate is 20.0000 Hz.
[component_container_isolated-2] [WARN] [1780510015.847667938] [controller_server]: Control loop missed its desired rate of 30.0000 Hz. Current loop rate is 25.0000 Hz.
[component_container_isolated-2] [WARN] [1780510015.955455158] [controller_server]: Control loop missed its desired rate of 30.0000 Hz. Current loop rate is 20.0000 Hz.
[component_container_isolated-2] [WARN] [1780510016.039283834] [controller_server]: Control loop missed its desired rate of 30.0000 Hz. Current loop rate is 16.6667 Hz.
[component_container_isolated-2] [WARN] [1780510016.314118920] [planner_server]: Planner loop missed its desired rate of 999999999.0000 Hz. Current loop rate is 100.0000 Hz
[component_container_isolated-2] [WARN] [1780510016.345239542] [controller_server]: Control loop missed its desired rate of 30.0000 Hz. Current loop rate is 25.0000 Hz.
[component_container_isolated-2] [INFO] [1780510016.345308977] [controller_server]: Passing new path to controller.
[component_container_isolated-2] [WARN] [1780510017.249780360] [controller_server]: Control loop missed its desired rate of 30.0000 Hz. Current loop rate is 25.0000 Hz.
[component_container_isolated-2] [WARN] [1780510017.348325510] [planner_server]: Planner loop missed its desired rate of 999999999.0000 Hz. Current loop rate is 100.0000 Hz
[component_container_isolated-2] [INFO] [1780510017.383242889] [controller_server]: Passing new path to controller.
[component_container_isolated-2] [WARN] [1780510018.385031430] [planner_server]: Planner loop missed its desired rate of 999999999.0000 Hz. Current loop rate is 100.0000 Hz
[component_container_isolated-2] [INFO] [1780510018.416590215] [controller_server]: Passing new path to controller.
[component_container_isolated-2] [WARN] [1780510018.756513080] [controller_server]: Control loop missed its desired rate of 30.0000 Hz. Current loop rate is 25.0000 Hz.
[component_container_isolated-2] [WARN] [1780510018.827617339] [controller_server]: Control loop missed its desired rate of 30.0000 Hz. Current loop rate is 25.0000 Hz.
[component_container_isolated-2] [WARN] [1780510018.939752216] [controller_server]: Control loop missed its desired rate of 30.0000 Hz. Current loop rate is 20.0000 Hz.
[component_container_isolated-2] [WARN] [1780510019.046722251] [controller_server]: Control loop missed its desired rate of 30.0000 Hz. Current loop rate is 25.0000 Hz.
[component_container_isolated-2] [WARN] [1780510019.351744143] [controller_server]: Control loop missed its desired rate of 30.0000 Hz. Current loop rate is 25.0000 Hz.
[component_container_isolated-2] [WARN] [1780510019.414484567] [planner_server]: Planner loop missed its desired rate of 999999999.0000 Hz. Current loop rate is 100.0000 Hz
[component_container_isolated-2] [INFO] [1780510019.451877504] [controller_server]: Passing new path to controller.
[component_container_isolated-2] [WARN] [1780510020.358430692] [controller_server]: Control loop missed its desired rate of 30.0000 Hz. Current loop rate is 25.0000 Hz.
[component_container_isolated-2] [WARN] [1780510020.435490927] [controller_server]: Control loop missed its desired rate of 30.0000 Hz. Current loop rate is 20.0000 Hz.
[component_container_isolated-2] [WARN] [1780510020.446342125] [planner_server]: Planner loop missed its desired rate of 999999999.0000 Hz. Current loop rate is 100.0000 Hz
[component_container_isolated-2] [INFO] [1780510020.468958469] [controller_server]: Passing new path to controller.
[robot_mission_runner-4] [INFO] [1780510020.492912454] [robot_mission_runner]: Pose: (19.87, 26.40), Elapsed: 100s, ETA: 13s, Dist remaining: 20.13m
[component_container_isolated-2] [WARN] [1780510020.542369269] [controller_server]: Control loop missed its desired rate of 30.0000 Hz. Current loop rate is 25.0000 Hz.
[component_container_isolated-2] [WARN] [1780510020.743005047] [controller_server]: Control loop missed its desired rate of 30.0000 Hz. Current loop rate is 33.3333 Hz.
[component_container_isolated-2] [WARN] [1780510020.844761088] [controller_server]: Control loop missed its desired rate of 30.0000 Hz. Current loop rate is 33.3333 Hz.
[component_container_isolated-2] [WARN] [1780510020.946367528] [controller_server]: Control loop missed its desired rate of 30.0000 Hz. Current loop rate is 25.0000 Hz.
[component_container_isolated-2] [WARN] [1780510021.052196103] [controller_server]: Control loop missed its desired rate of 30.0000 Hz. Current loop rate is 25.0000 Hz.
[component_container_isolated-2] [WARN] [1780510021.467249629] [planner_server]: Planner loop missed its desired rate of 999999999.0000 Hz. Current loop rate is 100.0000 Hz
[component_container_isolated-2] [INFO] [1780510021.485662331] [controller_server]: Passing new path to controller.
[component_container_isolated-2] [WARN] [1780510022.357695662] [controller_server]: Control loop missed its desired rate of 30.0000 Hz. Current loop rate is 25.0000 Hz.
[component_container_isolated-2] [WARN] [1780510022.536868729] [controller_server]: Control loop missed its desired rate of 30.0000 Hz. Current loop rate is 20.0000 Hz.
[component_container_isolated-2] [INFO] [1780510022.536931635] [controller_server]: Passing new path to controller.
[component_container_isolated-2] [WARN] [1780510022.743780919] [controller_server]: Control loop missed its desired rate of 30.0000 Hz. Current loop rate is 20.0000 Hz.
[component_container_isolated-2] [WARN] [1780510022.854965532] [controller_server]: Control loop missed its desired rate of 30.0000 Hz. Current loop rate is 25.0000 Hz.
[component_container_isolated-2] [WARN] [1780510022.938591154] [controller_server]: Control loop missed its desired rate of 30.0000 Hz. Current loop rate is 16.6667 Hz.
[component_container_isolated-2] [WARN] [1780510023.045582156] [controller_server]: Control loop missed its desired rate of 30.0000 Hz. Current loop rate is 20.0000 Hz.
[component_container_isolated-2] [WARN] [1780510023.150392254] [controller_server]: Control loop missed its desired rate of 30.0000 Hz. Current loop rate is 25.0000 Hz.
[component_container_isolated-2] [WARN] [1780510023.252483126] [controller_server]: Control loop missed its desired rate of 30.0000 Hz. Current loop rate is 33.3333 Hz.
[component_container_isolated-2] [WARN] [1780510023.511521630] [planner_server]: Planner loop missed its desired rate of 999999999.0000 Hz. Current loop rate is 100.0000 Hz
[component_container_isolated-2] [INFO] [1780510023.552614731] [controller_server]: Passing new path to controller.
[component_container_isolated-2] [WARN] [1780510023.954492658] [controller_server]: Control loop missed its desired rate of 30.0000 Hz. Current loop rate is 33.3333 Hz.
[component_container_isolated-2] [WARN] [1780510024.027221776] [controller_server]: Control loop missed its desired rate of 30.0000 Hz. Current loop rate is 20.0000 Hz.
[component_container_isolated-2] [WARN] [1780510024.132056429] [controller_server]: Control loop missed its desired rate of 30.0000 Hz. Current loop rate is 25.0000 Hz.
[component_container_isolated-2] [WARN] [1780510024.238937496] [controller_server]: Control loop missed its desired rate of 30.0000 Hz. Current loop rate is 20.0000 Hz.
[component_container_isolated-2] [WARN] [1780510024.547304310] [planner_server]: Planner loop missed its desired rate of 999999999.0000 Hz. Current loop rate is 100.0000 Hz
[component_container_isolated-2] [INFO] [1780510024.574804072] [controller_server]: Passing new path to controller.
[component_container_isolated-2] [WARN] [1780510024.941768094] [controller_server]: Control loop missed its desired rate of 30.0000 Hz. Current loop rate is 25.0000 Hz.
[component_container_isolated-2] [WARN] [1780510025.044927086] [controller_server]: Control loop missed its desired rate of 30.0000 Hz. Current loop rate is 33.3333 Hz.
[robot_mission_runner-4] [INFO] [1780510025.514978492] [robot_mission_runner]: Pose: (27.41, 26.41), Elapsed: 105s, ETA: 8s, Dist remaining: 12.60m
[component_container_isolated-2] [WARN] [1780510025.633317891] [planner_server]: Planner loop missed its desired rate of 999999999.0000 Hz. Current loop rate is 14.2857 Hz
[component_container_isolated-2] [INFO] [1780510025.645072185] [controller_server]: Passing new path to controller.
[component_container_isolated-2] [INFO] [1780510026.678392813] [controller_server]: Passing new path to controller.
[vlm_node-3] [INFO] [1780510026.684344973] [vlm_node]: Completed prompt: "Check if there are any small hazards on the ground that would cause harm to the robot if it navigated over it OR the area is blocked by large objects that make it impassable. If so respond only yes. Otherwise, respond no." with response: False
[vlm_node-3] [INFO] [1780510026.684789748] [vlm_node]: VLM_QUERY|QueryBool|success|20.58|1|
[vlm_node-3] [INFO] [1780510026.694325046] [vlm_node]: Goal received with prompt: Is this space too crowded by people or working machinery to move though safely? If so, respond only yes. Otherwise respond no.
[component_container_isolated-2] [WARN] [1780510027.447013126] [controller_server]: Control loop missed its desired rate of 30.0000 Hz. Current loop rate is 25.0000 Hz.
[component_container_isolated-2] [WARN] [1780510027.553301146] [controller_server]: Control loop missed its desired rate of 30.0000 Hz. Current loop rate is 25.0000 Hz.
[component_container_isolated-2] [WARN] [1780510027.623382827] [controller_server]: Control loop missed its desired rate of 30.0000 Hz. Current loop rate is 25.0000 Hz.
[component_container_isolated-2] [WARN] [1780510027.734469695] [controller_server]: Control loop missed its desired rate of 30.0000 Hz. Current loop rate is 20.0000 Hz.
[component_container_isolated-2] [INFO] [1780510027.734533306] [controller_server]: Passing new path to controller.
[component_container_isolated-2] [WARN] [1780510028.236864054] [controller_server]: Control loop missed its desired rate of 30.0000 Hz. Current loop rate is 25.0000 Hz.
[component_container_isolated-2] [WARN] [1780510028.342317629] [controller_server]: Control loop missed its desired rate of 30.0000 Hz. Current loop rate is 25.0000 Hz.
[component_container_isolated-2] [INFO] [1780510028.742430431] [controller_server]: Passing new path to controller.
[component_container_isolated-2] [INFO] [1780510029.742428541] [controller_server]: Passing new path to controller.
[component_container_isolated-2] [WARN] [1780510029.854676342] [controller_server]: Control loop missed its desired rate of 30.0000 Hz. Current loop rate is 25.0000 Hz.
[component_container_isolated-2] [WARN] [1780510029.942471921] [controller_server]: Control loop missed its desired rate of 30.0000 Hz. Current loop rate is 16.6667 Hz.
[component_container_isolated-2] [WARN] [1780510030.044996971] [controller_server]: Control loop missed its desired rate of 30.0000 Hz. Current loop rate is 33.3333 Hz.
[component_container_isolated-2] [WARN] [1780510030.150225047] [controller_server]: Control loop missed its desired rate of 30.0000 Hz. Current loop rate is 25.0000 Hz.
[robot_mission_runner-4] [INFO] [1780510030.533180219] [robot_mission_runner]: Pose: (34.87, 25.88), Elapsed: 110s, ETA: 3s, Dist remaining: 5.20m
[component_container_isolated-2] [WARN] [1780510030.746070047] [planner_server]: Planner loop missed its desired rate of 999999999.0000 Hz. Current loop rate is 100.0000 Hz
[component_container_isolated-2] [WARN] [1780510030.751948977] [controller_server]: Control loop missed its desired rate of 30.0000 Hz. Current loop rate is 33.3333 Hz.
[component_container_isolated-2] [INFO] [1780510030.785905870] [controller_server]: Passing new path to controller.
[component_container_isolated-2] [WARN] [1780510030.962020853] [controller_server]: Control loop missed its desired rate of 30.0000 Hz. Current loop rate is 20.0000 Hz.
[component_container_isolated-2] [WARN] [1780510031.134576017] [controller_server]: Control loop missed its desired rate of 30.0000 Hz. Current loop rate is 25.0000 Hz.
[component_container_isolated-2] [WARN] [1780510031.637228636] [controller_server]: Control loop missed its desired rate of 30.0000 Hz. Current loop rate is 25.0000 Hz.
[component_container_isolated-2] [WARN] [1780510031.743285036] [controller_server]: Control loop missed its desired rate of 30.0000 Hz. Current loop rate is 20.0000 Hz.
[component_container_isolated-2] [INFO] [1780510031.810381805] [controller_server]: Passing new path to controller.
[component_container_isolated-2] [WARN] [1780510031.846084633] [controller_server]: Control loop missed its desired rate of 30.0000 Hz. Current loop rate is 25.0000 Hz.
[component_container_isolated-2] [WARN] [1780510031.950035550] [controller_server]: Control loop missed its desired rate of 30.0000 Hz. Current loop rate is 25.0000 Hz.
[component_container_isolated-2] [WARN] [1780510032.068348830] [controller_server]: Control loop missed its desired rate of 30.0000 Hz. Current loop rate is 20.0000 Hz.
[component_container_isolated-2] [WARN] [1780510032.138963092] [controller_server]: Control loop missed its desired rate of 30.0000 Hz. Current loop rate is 25.0000 Hz.
[component_container_isolated-2] [WARN] [1780510032.247744285] [controller_server]: Control loop missed its desired rate of 30.0000 Hz. Current loop rate is 25.0000 Hz.
[component_container_isolated-2] [WARN] [1780510032.360151205] [controller_server]: Control loop missed its desired rate of 30.0000 Hz. Current loop rate is 20.0000 Hz.
[component_container_isolated-2] [WARN] [1780510032.448339050] [controller_server]: Control loop missed its desired rate of 30.0000 Hz. Current loop rate is 20.0000 Hz.
[component_container_isolated-2] [WARN] [1780510032.557064357] [controller_server]: Control loop missed its desired rate of 30.0000 Hz. Current loop rate is 25.0000 Hz.
[component_container_isolated-2] [WARN] [1780510032.635689860] [controller_server]: Control loop missed its desired rate of 30.0000 Hz. Current loop rate is 25.0000 Hz.
[component_container_isolated-2] [WARN] [1780510032.750211343] [controller_server]: Control loop missed its desired rate of 30.0000 Hz. Current loop rate is 16.6667 Hz.
[component_container_isolated-2] [WARN] [1780510032.804990451] [planner_server]: Planner loop missed its desired rate of 999999999.0000 Hz. Current loop rate is 100.0000 Hz
[component_container_isolated-2] [WARN] [1780510032.858627110] [controller_server]: Control loop missed its desired rate of 30.0000 Hz. Current loop rate is 25.0000 Hz.
[component_container_isolated-2] [INFO] [1780510032.858684415] [controller_server]: Passing new path to controller.
[component_container_isolated-2] [WARN] [1780510032.931780845] [controller_server]: Control loop missed its desired rate of 30.0000 Hz. Current loop rate is 25.0000 Hz.
[component_container_isolated-2] [WARN] [1780510033.040205209] [controller_server]: Control loop missed its desired rate of 30.0000 Hz. Current loop rate is 20.0000 Hz.
[component_container_isolated-2] [WARN] [1780510033.153831460] [controller_server]: Control loop missed its desired rate of 30.0000 Hz. Current loop rate is 20.0000 Hz.
[component_container_isolated-2] [WARN] [1780510033.240197596] [controller_server]: Control loop missed its desired rate of 30.0000 Hz. Current loop rate is 16.6667 Hz.
[component_container_isolated-2] [WARN] [1780510033.842678796] [controller_server]: Control loop missed its desired rate of 30.0000 Hz. Current loop rate is 25.0000 Hz.
[component_container_isolated-2] [INFO] [1780510033.876135690] [controller_server]: Passing new path to controller.
[component_container_isolated-2] [WARN] [1780510034.443825218] [controller_server]: Control loop missed its desired rate of 30.0000 Hz. Current loop rate is 25.0000 Hz.
[component_container_isolated-2] [WARN] [1780510034.548161888] [controller_server]: Control loop missed its desired rate of 30.0000 Hz. Current loop rate is 25.0000 Hz.
[component_container_isolated-2] [WARN] [1780510034.654809858] [controller_server]: Control loop missed its desired rate of 30.0000 Hz. Current loop rate is 20.0000 Hz.
[component_container_isolated-2] [WARN] [1780510034.733218668] [controller_server]: Control loop missed its desired rate of 30.0000 Hz. Current loop rate is 20.0000 Hz.
[component_container_isolated-2] [WARN] [1780510034.846186830] [controller_server]: Control loop missed its desired rate of 30.0000 Hz. Current loop rate is 20.0000 Hz.
[component_container_isolated-2] [INFO] [1780510034.879662512] [controller_server]: Passing new path to controller.
[component_container_isolated-2] [WARN] [1780510034.951330591] [controller_server]: Control loop missed its desired rate of 30.0000 Hz. Current loop rate is 20.0000 Hz.
[component_container_isolated-2] [WARN] [1780510035.058374939] [controller_server]: Control loop missed its desired rate of 30.0000 Hz. Current loop rate is 25.0000 Hz.
[component_container_isolated-2] [WARN] [1780510035.233883940] [controller_server]: Control loop missed its desired rate of 30.0000 Hz. Current loop rate is 25.0000 Hz.
[component_container_isolated-2] [WARN] [1780510035.336014108] [controller_server]: Control loop missed its desired rate of 30.0000 Hz. Current loop rate is 25.0000 Hz.
[robot_mission_runner-4] [INFO] [1780510035.559953581] [robot_mission_runner]: Pose: (38.57, 26.67), Elapsed: 115s, ETA: 3s, Dist remaining: 1.20m
[component_container_isolated-2] [WARN] [1780510035.638490693] [controller_server]: Control loop missed its desired rate of 30.0000 Hz. Current loop rate is 25.0000 Hz.
[component_container_isolated-2] [INFO] [1780510035.905286188] [controller_server]: Passing new path to controller.
[component_container_isolated-2] [WARN] [1780510036.044023724] [controller_server]: Control loop missed its desired rate of 30.0000 Hz. Current loop rate is 20.0000 Hz.
[component_container_isolated-2] [WARN] [1780510036.253185551] [controller_server]: Control loop missed its desired rate of 30.0000 Hz. Current loop rate is 20.0000 Hz.
[component_container_isolated-2] [WARN] [1780510036.553549298] [controller_server]: Control loop missed its desired rate of 30.0000 Hz. Current loop rate is 33.3333 Hz.
[component_container_isolated-2] [WARN] [1780510036.636898265] [controller_server]: Control loop missed its desired rate of 30.0000 Hz. Current loop rate is 20.0000 Hz.
[component_container_isolated-2] [WARN] [1780510036.737365366] [controller_server]: Control loop missed its desired rate of 30.0000 Hz. Current loop rate is 25.0000 Hz.
[component_container_isolated-2] [INFO] [1780510036.904390143] [controller_server]: Passing new path to controller.
[component_container_isolated-2] [WARN] [1780510037.147653647] [controller_server]: Control loop missed its desired rate of 30.0000 Hz. Current loop rate is 25.0000 Hz.
[component_container_isolated-2] [WARN] [1780510037.255493797] [controller_server]: Control loop missed its desired rate of 30.0000 Hz. Current loop rate is 25.0000 Hz.
[component_container_isolated-2] [WARN] [1780510037.343394800] [controller_server]: Control loop missed its desired rate of 30.0000 Hz. Current loop rate is 16.6667 Hz.
[component_container_isolated-2] [WARN] [1780510037.450873738] [controller_server]: Control loop missed its desired rate of 30.0000 Hz. Current loop rate is 20.0000 Hz.
[component_container_isolated-2] [WARN] [1780510037.574691192] [controller_server]: Control loop missed its desired rate of 30.0000 Hz. Current loop rate is 16.6667 Hz.
[component_container_isolated-2] [WARN] [1780510037.651832157] [controller_server]: Control loop missed its desired rate of 30.0000 Hz. Current loop rate is 20.0000 Hz.
[component_container_isolated-2] [WARN] [1780510037.769380024] [controller_server]: Control loop missed its desired rate of 30.0000 Hz. Current loop rate is 20.0000 Hz.
[component_container_isolated-2] [WARN] [1780510037.839842516] [controller_server]: Control loop missed its desired rate of 30.0000 Hz. Current loop rate is 25.0000 Hz.
[component_container_isolated-2] [INFO] [1780510037.942387724] [controller_server]: Reached the goal!
[component_container_isolated-2] [INFO] [1780510037.942663694] [controller_server]: Optimizer reset
[component_container_isolated-2] [INFO] [1780510037.944059899] [controller_server]: Received a goal, begin computing control effort.
[component_container_isolated-2] [INFO] [1780510037.953580494] [controller_server]: Reached the goal!
[component_container_isolated-2] [INFO] [1780510037.953815075] [controller_server]: Optimizer reset
[component_container_isolated-2] [ERROR] [1780510038.001714008] [bt_navigator_navigate_to_pose_rclcpp_node]: Failed to get result for vlm_node/query_bool in node halt!
[component_container_isolated-2] [INFO] [1780510038.002149895] [bt_navigator]: Goal succeeded
[robot_mission_runner-4] [INFO] [1780510038.074746901] [robot_mission_runner]: Navigation result: SUCCEEDED
[vlm_node-3] [INFO] [1780510046.245596905] [vlm_node]: Completed prompt: "Is this space too crowded by people or working machinery to move though safely? If so, respond only yes. Otherwise respond no." with response: False
[vlm_node-3] [INFO] [1780510046.246901342] [vlm_node]: VLM_QUERY|QueryBool|success|19.55|1|
[robot_mission_runner-4] [INFO] [1780510048.075482521] [robot_mission_runner]: Navigating to drop, attempt 1/3...
[component_container_isolated-2] [INFO] [1780510048.076002610] [local_costmap.local_costmap]: Received request to clear entirely the local_costmap
[component_container_isolated-2] [INFO] [1780510048.081203479] [global_costmap.global_costmap]: Received request to clear entirely the global_costmap
[robot_mission_runner-4] [INFO] [1780510048.140247599] [robot_mission_runner]: Navigating to goal: -17.5 0.18...
[component_container_isolated-2] [INFO] [1780510048.141326241] [bt_navigator]: Begin navigating from current location (39.01, 26.46) to (-17.50, 0.18)
[vlm_node-3] [INFO] [1780510048.148655385] [vlm_node]: Goal received with prompt: Check if there are any small hazards on the ground that would cause harm to the robot if it navigated over it OR the area is blocked by large objects that make it impassable. If so respond only yes. Otherwise, respond no.
[component_container_isolated-2] [WARN] [1780510048.911722469] [planner_server]: Planner loop missed its desired rate of 999999999.0000 Hz. Current loop rate is 1.3158 Hz
[component_container_isolated-2] [INFO] [1780510048.933800290] [controller_server]: Received a goal, begin computing control effort.
[component_container_isolated-2] [WARN] [1780510049.042836620] [controller_server]: Control loop missed its desired rate of 30.0000 Hz. Current loop rate is 25.0000 Hz.
[component_container_isolated-2] [WARN] [1780510049.143412560] [controller_server]: Control loop missed its desired rate of 30.0000 Hz. Current loop rate is 25.0000 Hz.
[component_container_isolated-2] [WARN] [1780510049.351300476] [controller_server]: Control loop missed its desired rate of 30.0000 Hz. Current loop rate is 25.0000 Hz.
[component_container_isolated-2] [WARN] [1780510049.451909207] [controller_server]: Control loop missed its desired rate of 30.0000 Hz. Current loop rate is 33.3333 Hz.
[component_container_isolated-2] [WARN] [1780510049.557050412] [controller_server]: Control loop missed its desired rate of 30.0000 Hz. Current loop rate is 25.0000 Hz.
[component_container_isolated-2] [WARN] [1780510049.664862962] [controller_server]: Control loop missed its desired rate of 30.0000 Hz. Current loop rate is 12.5000 Hz.
[component_container_isolated-2] [WARN] [1780510049.762309225] [controller_server]: Control loop missed its desired rate of 30.0000 Hz. Current loop rate is 16.6667 Hz.
[component_container_isolated-2] [WARN] [1780510049.861847402] [controller_server]: Control loop missed its desired rate of 30.0000 Hz. Current loop rate is 16.6667 Hz.
[component_container_isolated-2] [WARN] [1780510049.960625733] [controller_server]: Control loop missed its desired rate of 30.0000 Hz. Current loop rate is 16.6667 Hz.
[component_container_isolated-2] [WARN] [1780510049.998552251] [planner_server]: Planner loop missed its desired rate of 999999999.0000 Hz. Current loop rate is 20.0000 Hz
[component_container_isolated-2] [WARN] [1780510050.061314286] [controller_server]: Control loop missed its desired rate of 30.0000 Hz. Current loop rate is 16.6667 Hz.
[component_container_isolated-2] [INFO] [1780510050.061363277] [controller_server]: Passing new path to controller.
[component_container_isolated-2] [WARN] [1780510050.164138884] [controller_server]: Control loop missed its desired rate of 30.0000 Hz. Current loop rate is 14.2857 Hz.
[component_container_isolated-2] [WARN] [1780510050.262276300] [controller_server]: Control loop missed its desired rate of 30.0000 Hz. Current loop rate is 16.6667 Hz.
[component_container_isolated-2] [WARN] [1780510050.350907669] [controller_server]: Control loop missed its desired rate of 30.0000 Hz. Current loop rate is 20.0000 Hz.
[component_container_isolated-2] [WARN] [1780510050.457603833] [controller_server]: Control loop missed its desired rate of 30.0000 Hz. Current loop rate is 25.0000 Hz.
[component_container_isolated-2] [WARN] [1780510050.546739850] [controller_server]: Control loop missed its desired rate of 30.0000 Hz. Current loop rate is 16.6667 Hz.
[component_container_isolated-2] [WARN] [1780510050.662661522] [controller_server]: Control loop missed its desired rate of 30.0000 Hz. Current loop rate is 25.0000 Hz.
[component_container_isolated-2] [WARN] [1780510050.758540769] [controller_server]: Control loop missed its desired rate of 30.0000 Hz. Current loop rate is 16.6667 Hz.
[component_container_isolated-2] [WARN] [1780510050.855756794] [controller_server]: Control loop missed its desired rate of 30.0000 Hz. Current loop rate is 14.2857 Hz.
[component_container_isolated-2] [WARN] [1780510050.955259240] [controller_server]: Control loop missed its desired rate of 30.0000 Hz. Current loop rate is 14.2857 Hz.
[component_container_isolated-2] [WARN] [1780510051.055756716] [controller_server]: Control loop missed its desired rate of 30.0000 Hz. Current loop rate is 14.2857 Hz.
[component_container_isolated-2] [WARN] [1780510051.071535377] [planner_server]: Planner loop missed its desired rate of 999999999.0000 Hz. Current loop rate is 20.0000 Hz
[component_container_isolated-2] [WARN] [1780510051.156177928] [controller_server]: Control loop missed its desired rate of 30.0000 Hz. Current loop rate is 14.2857 Hz.
[component_container_isolated-2] [INFO] [1780510051.156234326] [controller_server]: Passing new path to controller.
[component_container_isolated-2] [WARN] [1780510051.241820576] [controller_server]: Control loop missed its desired rate of 30.0000 Hz. Current loop rate is 25.0000 Hz.
[component_container_isolated-2] [WARN] [1780510051.346138515] [controller_server]: Control loop missed its desired rate of 30.0000 Hz. Current loop rate is 25.0000 Hz.
[component_container_isolated-2] [WARN] [1780510051.452961502] [controller_server]: Control loop missed its desired rate of 30.0000 Hz. Current loop rate is 25.0000 Hz.
[component_container_isolated-2] [WARN] [1780510051.555988742] [controller_server]: Control loop missed its desired rate of 30.0000 Hz. Current loop rate is 25.0000 Hz.
[component_container_isolated-2] [WARN] [1780510051.647399172] [controller_server]: Control loop missed its desired rate of 30.0000 Hz. Current loop rate is 16.6667 Hz.
[component_container_isolated-2] [WARN] [1780510051.957938441] [controller_server]: Control loop missed its desired rate of 30.0000 Hz. Current loop rate is 25.0000 Hz.
[component_container_isolated-2] [WARN] [1780510052.031384933] [controller_server]: Control loop missed its desired rate of 30.0000 Hz. Current loop rate is 25.0000 Hz.
[component_container_isolated-2] [WARN] [1780510052.161078429] [planner_server]: Planner loop missed its desired rate of 999999999.0000 Hz. Current loop rate is 14.2857 Hz
[component_container_isolated-2] [INFO] [1780510052.198176377] [controller_server]: Passing new path to controller.
[component_container_isolated-2] [WARN] [1780510052.234246405] [controller_server]: Control loop missed its desired rate of 30.0000 Hz. Current loop rate is 33.3333 Hz.
[component_container_isolated-2] [WARN] [1780510052.544498321] [controller_server]: Control loop missed its desired rate of 30.0000 Hz. Current loop rate is 20.0000 Hz.
[component_container_isolated-2] [WARN] [1780510052.847176825] [controller_server]: Control loop missed its desired rate of 30.0000 Hz. Current loop rate is 25.0000 Hz.
[component_container_isolated-2] [WARN] [1780510053.057689556] [controller_server]: Control loop missed its desired rate of 30.0000 Hz. Current loop rate is 25.0000 Hz.
[component_container_isolated-2] [WARN] [1780510053.131511239] [controller_server]: Control loop missed its desired rate of 30.0000 Hz. Current loop rate is 25.0000 Hz.
[component_container_isolated-2] [WARN] [1780510053.234322591] [planner_server]: Planner loop missed its desired rate of 999999999.0000 Hz. Current loop rate is 20.0000 Hz
[component_container_isolated-2] [WARN] [1780510053.239203378] [controller_server]: Control loop missed its desired rate of 30.0000 Hz. Current loop rate is 33.3333 Hz.
[robot_mission_runner-4] [INFO] [1780510053.262495515] [robot_mission_runner]: Pose: (37.23, 25.75), Elapsed: 5s, ETA: 75s, Dist remaining: 82.98m
[component_container_isolated-2] [INFO] [1780510053.272672087] [controller_server]: Passing new path to controller.
[component_container_isolated-2] [WARN] [1780510053.347167740] [controller_server]: Control loop missed its desired rate of 30.0000 Hz. Current loop rate is 25.0000 Hz.
[component_container_isolated-2] [WARN] [1780510053.453659223] [controller_server]: Control loop missed its desired rate of 30.0000 Hz. Current loop rate is 25.0000 Hz.
[component_container_isolated-2] [WARN] [1780510053.542436909] [controller_server]: Control loop missed its desired rate of 30.0000 Hz. Current loop rate is 20.0000 Hz.
[component_container_isolated-2] [WARN] [1780510054.045696158] [controller_server]: Control loop missed its desired rate of 30.0000 Hz. Current loop rate is 25.0000 Hz.
[component_container_isolated-2] [WARN] [1780510054.154111575] [controller_server]: Control loop missed its desired rate of 30.0000 Hz. Current loop rate is 20.0000 Hz.
[component_container_isolated-2] [WARN] [1780510054.241336785] [controller_server]: Control loop missed its desired rate of 30.0000 Hz. Current loop rate is 20.0000 Hz.
[component_container_isolated-2] [WARN] [1780510054.299241929] [planner_server]: Planner loop missed its desired rate of 999999999.0000 Hz. Current loop rate is 16.6667 Hz
[component_container_isolated-2] [INFO] [1780510054.341462912] [controller_server]: Passing new path to controller.
[component_container_isolated-2] [WARN] [1780510054.441451818] [controller_server]: Control loop missed its desired rate of 30.0000 Hz. Current loop rate is 33.3333 Hz.
[component_container_isolated-2] [WARN] [1780510054.850337486] [controller_server]: Control loop missed its desired rate of 30.0000 Hz. Current loop rate is 25.0000 Hz.
[component_container_isolated-2] [WARN] [1780510055.051682843] [controller_server]: Control loop missed its desired rate of 30.0000 Hz. Current loop rate is 33.3333 Hz.
[component_container_isolated-2] [WARN] [1780510055.166998888] [controller_server]: Control loop missed its desired rate of 30.0000 Hz. Current loop rate is 20.0000 Hz.
[component_container_isolated-2] [WARN] [1780510055.241322488] [controller_server]: Control loop missed its desired rate of 30.0000 Hz. Current loop rate is 25.0000 Hz.
[component_container_isolated-2] [WARN] [1780510055.360779545] [planner_server]: Planner loop missed its desired rate of 999999999.0000 Hz. Current loop rate is 25.0000 Hz
[component_container_isolated-2] [INFO] [1780510055.374770252] [controller_server]: Passing new path to controller.
[component_container_isolated-2] [WARN] [1780510055.542193191] [controller_server]: Control loop missed its desired rate of 30.0000 Hz. Current loop rate is 33.3333 Hz.
[component_container_isolated-2] [WARN] [1780510055.842512944] [controller_server]: Control loop missed its desired rate of 30.0000 Hz. Current loop rate is 33.3333 Hz.
[component_container_isolated-2] [WARN] [1780510055.957442518] [controller_server]: Control loop missed its desired rate of 30.0000 Hz. Current loop rate is 20.0000 Hz.
[component_container_isolated-2] [WARN] [1780510056.054679596] [controller_server]: Control loop missed its desired rate of 30.0000 Hz. Current loop rate is 14.2857 Hz.
[component_container_isolated-2] [WARN] [1780510056.154189318] [controller_server]: Control loop missed its desired rate of 30.0000 Hz. Current loop rate is 14.2857 Hz.
[component_container_isolated-2] [WARN] [1780510056.249931704] [controller_server]: Control loop missed its desired rate of 30.0000 Hz. Current loop rate is 16.6667 Hz.
[component_container_isolated-2] [WARN] [1780510056.425065847] [planner_server]: Planner loop missed its desired rate of 999999999.0000 Hz. Current loop rate is 25.0000 Hz
[component_container_isolated-2] [WARN] [1780510056.456469345] [controller_server]: Control loop missed its desired rate of 30.0000 Hz. Current loop rate is 25.0000 Hz.
[component_container_isolated-2] [INFO] [1780510056.456543752] [controller_server]: Passing new path to controller.
[component_container_isolated-2] [WARN] [1780510056.548356676] [controller_server]: Control loop missed its desired rate of 30.0000 Hz. Current loop rate is 16.6667 Hz.
[component_container_isolated-2] [WARN] [1780510056.650873844] [controller_server]: Control loop missed its desired rate of 30.0000 Hz. Current loop rate is 33.3333 Hz.
[component_container_isolated-2] [WARN] [1780510056.753314460] [controller_server]: Control loop missed its desired rate of 30.0000 Hz. Current loop rate is 25.0000 Hz.
[component_container_isolated-2] [WARN] [1780510056.860403311] [controller_server]: Control loop missed its desired rate of 30.0000 Hz. Current loop rate is 25.0000 Hz.
[component_container_isolated-2] [WARN] [1780510056.950892588] [controller_server]: Control loop missed its desired rate of 30.0000 Hz. Current loop rate is 20.0000 Hz.
[component_container_isolated-2] [WARN] [1780510057.059463208] [controller_server]: Control loop missed its desired rate of 30.0000 Hz. Current loop rate is 25.0000 Hz.
[component_container_isolated-2] [WARN] [1780510057.147277755] [controller_server]: Control loop missed its desired rate of 30.0000 Hz. Current loop rate is 20.0000 Hz.
[component_container_isolated-2] [WARN] [1780510057.256682338] [controller_server]: Control loop missed its desired rate of 30.0000 Hz. Current loop rate is 25.0000 Hz.
[component_container_isolated-2] [WARN] [1780510057.351392748] [controller_server]: Control loop missed its desired rate of 30.0000 Hz. Current loop rate is 16.6667 Hz.
[component_container_isolated-2] [WARN] [1780510057.455566336] [controller_server]: Control loop missed its desired rate of 30.0000 Hz. Current loop rate is 25.0000 Hz.
[component_container_isolated-2] [WARN] [1780510057.487446527] [planner_server]: Planner loop missed its desired rate of 999999999.0000 Hz. Current loop rate is 25.0000 Hz
[component_container_isolated-2] [WARN] [1780510057.551951534] [controller_server]: Control loop missed its desired rate of 30.0000 Hz. Current loop rate is 16.6667 Hz.
[component_container_isolated-2] [INFO] [1780510057.552017571] [controller_server]: Passing new path to controller.
[component_container_isolated-2] [WARN] [1780510057.664010278] [controller_server]: Control loop missed its desired rate of 30.0000 Hz. Current loop rate is 20.0000 Hz.
[component_container_isolated-2] [WARN] [1780510057.752380703] [controller_server]: Control loop missed its desired rate of 30.0000 Hz. Current loop rate is 20.0000 Hz.
[component_container_isolated-2] [WARN] [1780510057.861489428] [controller_server]: Control loop missed its desired rate of 30.0000 Hz. Current loop rate is 25.0000 Hz.
[component_container_isolated-2] [WARN] [1780510057.948119144] [controller_server]: Control loop missed its desired rate of 30.0000 Hz. Current loop rate is 20.0000 Hz.
[component_container_isolated-2] [WARN] [1780510058.060232818] [controller_server]: Control loop missed its desired rate of 30.0000 Hz. Current loop rate is 25.0000 Hz.
[component_container_isolated-2] [WARN] [1780510058.140234070] [controller_server]: Control loop missed its desired rate of 30.0000 Hz. Current loop rate is 25.0000 Hz.
[component_container_isolated-2] [WARN] [1780510058.244385130] [controller_server]: Control loop missed its desired rate of 30.0000 Hz. Current loop rate is 33.3333 Hz.
[robot_mission_runner-4] [INFO] [1780510058.280472055] [robot_mission_runner]: Pose: (30.05, 26.44), Elapsed: 10s, ETA: 50s, Dist remaining: 75.85m
[component_container_isolated-2] [WARN] [1780510058.358427519] [controller_server]: Control loop missed its desired rate of 30.0000 Hz. Current loop rate is 20.0000 Hz.
[component_container_isolated-2] [WARN] [1780510058.442198110] [controller_server]: Control loop missed its desired rate of 30.0000 Hz. Current loop rate is 20.0000 Hz.
[component_container_isolated-2] [WARN] [1780510058.543395807] [controller_server]: Control loop missed its desired rate of 30.0000 Hz. Current loop rate is 33.3333 Hz.
[component_container_isolated-2] [WARN] [1780510058.549568569] [planner_server]: Planner loop missed its desired rate of 999999999.0000 Hz. Current loop rate is 25.0000 Hz
[component_container_isolated-2] [INFO] [1780510058.576860961] [controller_server]: Passing new path to controller.
[component_container_isolated-2] [WARN] [1780510058.946076019] [controller_server]: Control loop missed its desired rate of 30.0000 Hz. Current loop rate is 25.0000 Hz.
[component_container_isolated-2] [WARN] [1780510059.047423290] [controller_server]: Control loop missed its desired rate of 30.0000 Hz. Current loop rate is 33.3333 Hz.
[component_container_isolated-2] [WARN] [1780510059.550953665] [controller_server]: Control loop missed its desired rate of 30.0000 Hz. Current loop rate is 33.3333 Hz.
[component_container_isolated-2] [WARN] [1780510059.656914448] [controller_server]: Control loop missed its desired rate of 30.0000 Hz. Current loop rate is 25.0000 Hz.
[component_container_isolated-2] [WARN] [1780510059.663463531] [planner_server]: Planner loop missed its desired rate of 999999999.0000 Hz. Current loop rate is 10.0000 Hz
[component_container_isolated-2] [INFO] [1780510059.690373147] [controller_server]: Passing new path to controller.
[component_container_isolated-2] [WARN] [1780510059.729751343] [controller_server]: Control loop missed its desired rate of 30.0000 Hz. Current loop rate is 25.0000 Hz.
[component_container_isolated-2] [WARN] [1780510059.832696956] [controller_server]: Control loop missed its desired rate of 30.0000 Hz. Current loop rate is 33.3333 Hz.
[component_container_isolated-2] [WARN] [1780510060.233291282] [controller_server]: Control loop missed its desired rate of 30.0000 Hz. Current loop rate is 33.3333 Hz.
[component_container_isolated-2] [WARN] [1780510060.434270083] [controller_server]: Control loop missed its desired rate of 30.0000 Hz. Current loop rate is 33.3333 Hz.
[component_container_isolated-2] [WARN] [1780510060.638615275] [controller_server]: Control loop missed its desired rate of 30.0000 Hz. Current loop rate is 33.3333 Hz.
[component_container_isolated-2] [WARN] [1780510060.719074061] [planner_server]: Planner loop missed its desired rate of 999999999.0000 Hz. Current loop rate is 25.0000 Hz
[component_container_isolated-2] [INFO] [1780510060.738748274] [controller_server]: Passing new path to controller.
[component_container_isolated-2] [WARN] [1780510060.843726266] [controller_server]: Control loop missed its desired rate of 30.0000 Hz. Current loop rate is 33.3333 Hz.
[component_container_isolated-2] [WARN] [1780510060.945123972] [controller_server]: Control loop missed its desired rate of 30.0000 Hz. Current loop rate is 33.3333 Hz.
[component_container_isolated-2] [WARN] [1780510061.051877791] [controller_server]: Control loop missed its desired rate of 30.0000 Hz. Current loop rate is 25.0000 Hz.
[component_container_isolated-2] [WARN] [1780510061.261976472] [controller_server]: Control loop missed its desired rate of 30.0000 Hz. Current loop rate is 25.0000 Hz.
[component_container_isolated-2] [WARN] [1780510061.332017346] [controller_server]: Control loop missed its desired rate of 30.0000 Hz. Current loop rate is 33.3333 Hz.
[component_container_isolated-2] [WARN] [1780510061.444936718] [controller_server]: Control loop missed its desired rate of 30.0000 Hz. Current loop rate is 25.0000 Hz.
[component_container_isolated-2] [WARN] [1780510061.777551825] [planner_server]: Planner loop missed its desired rate of 999999999.0000 Hz. Current loop rate is 25.0000 Hz
[component_container_isolated-2] [INFO] [1780510061.811758937] [controller_server]: Passing new path to controller.
[component_container_isolated-2] [WARN] [1780510061.847878419] [controller_server]: Control loop missed its desired rate of 30.0000 Hz. Current loop rate is 33.3333 Hz.
[component_container_isolated-2] [WARN] [1780510062.049775234] [controller_server]: Control loop missed its desired rate of 30.0000 Hz. Current loop rate is 33.3333 Hz.
[component_container_isolated-2] [WARN] [1780510062.453634743] [controller_server]: Control loop missed its desired rate of 30.0000 Hz. Current loop rate is 33.3333 Hz.
[component_container_isolated-2] [WARN] [1780510062.546152286] [controller_server]: Control loop missed its desired rate of 30.0000 Hz. Current loop rate is 20.0000 Hz.
[component_container_isolated-2] [WARN] [1780510062.650821020] [controller_server]: Control loop missed its desired rate of 30.0000 Hz. Current loop rate is 25.0000 Hz.
[component_container_isolated-2] [WARN] [1780510062.751380238] [controller_server]: Control loop missed its desired rate of 30.0000 Hz. Current loop rate is 33.3333 Hz.
[component_container_isolated-2] [WARN] [1780510062.871965182] [planner_server]: Planner loop missed its desired rate of 999999999.0000 Hz. Current loop rate is 14.2857 Hz
[component_container_isolated-2] [INFO] [1780510062.918253920] [controller_server]: Passing new path to controller.
[component_container_isolated-2] [WARN] [1780510063.060131359] [controller_server]: Control loop missed its desired rate of 30.0000 Hz. Current loop rate is 25.0000 Hz.
[component_container_isolated-2] [WARN] [1780510063.148503389] [controller_server]: Control loop missed its desired rate of 30.0000 Hz. Current loop rate is 16.6667 Hz.
[robot_mission_runner-4] [INFO] [1780510063.303113966] [robot_mission_runner]: Pose: (22.54, 26.42), Elapsed: 15s, ETA: 45s, Dist remaining: 68.25m
[component_container_isolated-2] [WARN] [1780510063.956689454] [planner_server]: Planner loop missed its desired rate of 999999999.0000 Hz. Current loop rate is 16.6667 Hz
[component_container_isolated-2] [INFO] [1780510063.981971533] [controller_server]: Passing new path to controller.
[component_container_isolated-2] [WARN] [1780510064.950332243] [controller_server]: Control loop missed its desired rate of 30.0000 Hz. Current loop rate is 33.3333 Hz.
[component_container_isolated-2] [WARN] [1780510065.003788226] [planner_server]: Planner loop missed its desired rate of 999999999.0000 Hz. Current loop rate is 33.3333 Hz
[component_container_isolated-2] [INFO] [1780510065.050461748] [controller_server]: Passing new path to controller.
[component_container_isolated-2] [WARN] [1780510065.551841794] [controller_server]: Control loop missed its desired rate of 30.0000 Hz. Current loop rate is 33.3333 Hz.
[component_container_isolated-2] [WARN] [1780510065.757885235] [controller_server]: Control loop missed its desired rate of 30.0000 Hz. Current loop rate is 25.0000 Hz.
[component_container_isolated-2] [WARN] [1780510065.841115625] [controller_server]: Control loop missed its desired rate of 30.0000 Hz. Current loop rate is 25.0000 Hz.
[component_container_isolated-2] [WARN] [1780510066.061360178] [planner_server]: Planner loop missed its desired rate of 999999999.0000 Hz. Current loop rate is 33.3333 Hz
[component_container_isolated-2] [INFO] [1780510066.109040639] [controller_server]: Passing new path to controller.
[component_container_isolated-2] [WARN] [1780510066.141719287] [controller_server]: Control loop missed its desired rate of 30.0000 Hz. Current loop rate is 33.3333 Hz.
[component_container_isolated-2] [WARN] [1780510066.250956471] [controller_server]: Control loop missed its desired rate of 30.0000 Hz. Current loop rate is 25.0000 Hz.
[component_container_isolated-2] [WARN] [1780510067.154408426] [controller_server]: Control loop missed its desired rate of 30.0000 Hz. Current loop rate is 25.0000 Hz.
[component_container_isolated-2] [WARN] [1780510067.187903561] [planner_server]: Planner loop missed its desired rate of 999999999.0000 Hz. Current loop rate is 10.0000 Hz
[component_container_isolated-2] [WARN] [1780510067.231538766] [controller_server]: Control loop missed its desired rate of 30.0000 Hz. Current loop rate is 25.0000 Hz.
[component_container_isolated-2] [INFO] [1780510067.231618581] [controller_server]: Passing new path to controller.
[component_container_isolated-2] [WARN] [1780510067.352476848] [controller_server]: Control loop missed its desired rate of 30.0000 Hz. Current loop rate is 20.0000 Hz.
[component_container_isolated-2] [WARN] [1780510067.654100949] [controller_server]: Control loop missed its desired rate of 30.0000 Hz. Current loop rate is 33.3333 Hz.
[component_container_isolated-2] [WARN] [1780510067.741156856] [controller_server]: Control loop missed its desired rate of 30.0000 Hz. Current loop rate is 20.0000 Hz.
[component_container_isolated-2] [WARN] [1780510067.846310427] [controller_server]: Control loop missed its desired rate of 30.0000 Hz. Current loop rate is 33.3333 Hz.
[component_container_isolated-2] [WARN] [1780510067.952582490] [controller_server]: Control loop missed its desired rate of 30.0000 Hz. Current loop rate is 25.0000 Hz.
[component_container_isolated-2] [WARN] [1780510068.057920743] [controller_server]: Control loop missed its desired rate of 30.0000 Hz. Current loop rate is 25.0000 Hz.
[component_container_isolated-2] [WARN] [1780510068.129842041] [controller_server]: Control loop missed its desired rate of 30.0000 Hz. Current loop rate is 25.0000 Hz.
[component_container_isolated-2] [WARN] [1780510068.237345629] [controller_server]: Control loop missed its desired rate of 30.0000 Hz. Current loop rate is 33.3333 Hz.
[component_container_isolated-2] [WARN] [1780510068.238249726] [planner_server]: Planner loop missed its desired rate of 999999999.0000 Hz. Current loop rate is 33.3333 Hz
[component_container_isolated-2] [INFO] [1780510068.270807774] [controller_server]: Passing new path to controller.
[robot_mission_runner-4] [INFO] [1780510068.321317469] [robot_mission_runner]: Pose: (15.01, 26.43), Elapsed: 20s, ETA: 40s, Dist remaining: 60.82m
[component_container_isolated-2] [WARN] [1780510068.544111915] [controller_server]: Control loop missed its desired rate of 30.0000 Hz. Current loop rate is 25.0000 Hz.
[component_container_isolated-2] [WARN] [1780510068.653494252] [controller_server]: Control loop missed its desired rate of 30.0000 Hz. Current loop rate is 25.0000 Hz.
[component_container_isolated-2] [WARN] [1780510068.757923894] [controller_server]: Control loop missed its desired rate of 30.0000 Hz. Current loop rate is 14.2857 Hz.
[component_container_isolated-2] [WARN] [1780510068.839822607] [controller_server]: Control loop missed its desired rate of 30.0000 Hz. Current loop rate is 20.0000 Hz.
[component_container_isolated-2] [WARN] [1780510068.940412466] [controller_server]: Control loop missed its desired rate of 30.0000 Hz. Current loop rate is 50.0000 Hz.
[component_container_isolated-2] [WARN] [1780510069.293194001] [planner_server]: Planner loop missed its desired rate of 999999999.0000 Hz. Current loop rate is 25.0000 Hz
[component_container_isolated-2] [INFO] [1780510069.340533530] [controller_server]: Passing new path to controller.
[component_container_isolated-2] [WARN] [1780510070.047018857] [controller_server]: Control loop missed its desired rate of 30.0000 Hz. Current loop rate is 33.3333 Hz.
[component_container_isolated-2] [WARN] [1780510070.147531174] [controller_server]: Control loop missed its desired rate of 30.0000 Hz. Current loop rate is 25.0000 Hz.
[component_container_isolated-2] [WARN] [1780510070.411201189] [planner_server]: Planner loop missed its desired rate of 999999999.0000 Hz. Current loop rate is 11.1111 Hz
[component_container_isolated-2] [WARN] [1780510070.451071335] [controller_server]: Control loop missed its desired rate of 30.0000 Hz. Current loop rate is 33.3333 Hz.
[component_container_isolated-2] [INFO] [1780510070.451134037] [controller_server]: Passing new path to controller.
[component_container_isolated-2] [WARN] [1780510070.763505845] [controller_server]: Control loop missed its desired rate of 30.0000 Hz. Current loop rate is 25.0000 Hz.
[component_container_isolated-2] [WARN] [1780510070.839458429] [controller_server]: Control loop missed its desired rate of 30.0000 Hz. Current loop rate is 25.0000 Hz.
[component_container_isolated-2] [WARN] [1780510070.954595085] [controller_server]: Control loop missed its desired rate of 30.0000 Hz. Current loop rate is 20.0000 Hz.
[component_container_isolated-2] [WARN] [1780510071.035328089] [controller_server]: Control loop missed its desired rate of 30.0000 Hz. Current loop rate is 25.0000 Hz.
[component_container_isolated-2] [WARN] [1780510071.158500235] [controller_server]: Control loop missed its desired rate of 30.0000 Hz. Current loop rate is 16.6667 Hz.
[component_container_isolated-2] [WARN] [1780510071.238663922] [controller_server]: Control loop missed its desired rate of 30.0000 Hz. Current loop rate is 20.0000 Hz.
[component_container_isolated-2] [WARN] [1780510071.476474533] [planner_server]: Planner loop missed its desired rate of 999999999.0000 Hz. Current loop rate is 25.0000 Hz
[component_container_isolated-2] [INFO] [1780510071.505456305] [controller_server]: Passing new path to controller.
[component_container_isolated-2] [WARN] [1780510072.139337753] [controller_server]: Control loop missed its desired rate of 30.0000 Hz. Current loop rate is 33.3333 Hz.
[component_container_isolated-2] [WARN] [1780510072.244225715] [controller_server]: Control loop missed its desired rate of 30.0000 Hz. Current loop rate is 33.3333 Hz.
[component_container_isolated-2] [WARN] [1780510072.538040029] [planner_server]: Planner loop missed its desired rate of 999999999.0000 Hz. Current loop rate is 33.3333 Hz
[component_container_isolated-2] [INFO] [1780510072.577704683] [controller_server]: Passing new path to controller.
[robot_mission_runner-4] [INFO] [1780510073.343158981] [robot_mission_runner]: Pose: (7.48, 26.41), Elapsed: 25s, ETA: 35s, Dist remaining: 53.37m
[component_container_isolated-2] [WARN] [1780510073.679032944] [planner_server]: Planner loop missed its desired rate of 999999999.0000 Hz. Current loop rate is 8.3333 Hz
[component_container_isolated-2] [INFO] [1780510073.711026151] [controller_server]: Passing new path to controller.
[component_container_isolated-2] [WARN] [1780510074.722395561] [planner_server]: Planner loop missed its desired rate of 999999999.0000 Hz. Current loop rate is 33.3333 Hz
[component_container_isolated-2] [INFO] [1780510074.744364964] [controller_server]: Passing new path to controller.
[component_container_isolated-2] [WARN] [1780510075.777551546] [planner_server]: Planner loop missed its desired rate of 999999999.0000 Hz. Current loop rate is 33.3333 Hz
[component_container_isolated-2] [INFO] [1780510075.811028207] [controller_server]: Passing new path to controller.
[vlm_node-3] [INFO] [1780510075.815687033] [vlm_node]: Completed prompt: "Check if there are any small hazards on the ground that would cause harm to the robot if it navigated over it OR the area is blocked by large objects that make it impassable. If so respond only yes. Otherwise, respond no." with response: True
[vlm_node-3] [INFO] [1780510075.816624369] [vlm_node]: VLM_QUERY|QueryBool|success|27.67|1|
[vlm_node-3] [INFO] [1780510075.837066226] [vlm_node]: Goal received with prompt: Is this space too crowded by people or working machinery to move though safely? If so, respond only yes. Otherwise respond no.
[component_container_isolated-2] [WARN] [1780510076.821263271] [planner_server]: Planner loop missed its desired rate of 999999999.0000 Hz. Current loop rate is 33.3333 Hz
[component_container_isolated-2] [INFO] [1780510076.844371020] [controller_server]: Passing new path to controller.
[component_container_isolated-2] [WARN] [1780510077.751109496] [controller_server]: Control loop missed its desired rate of 30.0000 Hz. Current loop rate is 25.0000 Hz.
[component_container_isolated-2] [WARN] [1780510077.863824859] [planner_server]: Planner loop missed its desired rate of 999999999.0000 Hz. Current loop rate is 33.3333 Hz
[component_container_isolated-2] [INFO] [1780510077.884643464] [controller_server]: Passing new path to controller.
[component_container_isolated-2] [WARN] [1780510078.057930753] [controller_server]: Control loop missed its desired rate of 30.0000 Hz. Current loop rate is 25.0000 Hz.
[component_container_isolated-2] [WARN] [1780510078.133377045] [controller_server]: Control loop missed its desired rate of 30.0000 Hz. Current loop rate is 25.0000 Hz.
[component_container_isolated-2] [WARN] [1780510078.237680859] [controller_server]: Control loop missed its desired rate of 30.0000 Hz. Current loop rate is 33.3333 Hz.
[component_container_isolated-2] [WARN] [1780510078.343869599] [controller_server]: Control loop missed its desired rate of 30.0000 Hz. Current loop rate is 33.3333 Hz.
[robot_mission_runner-4] [INFO] [1780510078.365519078] [robot_mission_runner]: Pose: (-0.02, 26.80), Elapsed: 30s, ETA: 30s, Dist remaining: 45.82m
[component_container_isolated-2] [WARN] [1780510078.646545959] [controller_server]: Control loop missed its desired rate of 30.0000 Hz. Current loop rate is 33.3333 Hz.
[component_container_isolated-2] [WARN] [1780510078.754742944] [controller_server]: Control loop missed its desired rate of 30.0000 Hz. Current loop rate is 25.0000 Hz.
[component_container_isolated-2] [WARN] [1780510078.845128774] [controller_server]: Control loop missed its desired rate of 30.0000 Hz. Current loop rate is 20.0000 Hz.
[component_container_isolated-2] [WARN] [1780510078.913150019] [planner_server]: Planner loop missed its desired rate of 999999999.0000 Hz. Current loop rate is 33.3333 Hz
[component_container_isolated-2] [WARN] [1780510078.951107064] [controller_server]: Control loop missed its desired rate of 30.0000 Hz. Current loop rate is 25.0000 Hz.
[component_container_isolated-2] [INFO] [1780510078.951163823] [controller_server]: Passing new path to controller.
[component_container_isolated-2] [WARN] [1780510079.280270273] [controller_server]: Control loop missed its desired rate of 30.0000 Hz. Current loop rate is 16.6667 Hz.
[component_container_isolated-2] [WARN] [1780510079.349135918] [controller_server]: Control loop missed its desired rate of 30.0000 Hz. Current loop rate is 25.0000 Hz.
[component_container_isolated-2] [WARN] [1780510079.568919459] [controller_server]: Control loop missed its desired rate of 30.0000 Hz. Current loop rate is 20.0000 Hz.
[component_container_isolated-2] [WARN] [1780510079.640762137] [controller_server]: Control loop missed its desired rate of 30.0000 Hz. Current loop rate is 25.0000 Hz.
[component_container_isolated-2] [WARN] [1780510079.746704627] [controller_server]: Control loop missed its desired rate of 30.0000 Hz. Current loop rate is 25.0000 Hz.
[component_container_isolated-2] [WARN] [1780510079.861858046] [controller_server]: Control loop missed its desired rate of 30.0000 Hz. Current loop rate is 20.0000 Hz.
[component_container_isolated-2] [WARN] [1780510079.949833935] [controller_server]: Control loop missed its desired rate of 30.0000 Hz. Current loop rate is 20.0000 Hz.
[component_container_isolated-2] [WARN] [1780510079.968343395] [planner_server]: Planner loop missed its desired rate of 999999999.0000 Hz. Current loop rate is 33.3333 Hz
[component_container_isolated-2] [INFO] [1780510079.983302709] [controller_server]: Passing new path to controller.
[component_container_isolated-2] [WARN] [1780510080.082067187] [controller_server]: Control loop missed its desired rate of 30.0000 Hz. Current loop rate is 16.6667 Hz.
[component_container_isolated-2] [WARN] [1780510080.184213545] [controller_server]: Control loop missed its desired rate of 30.0000 Hz. Current loop rate is 16.6667 Hz.
[component_container_isolated-2] [WARN] [1780510080.264726590] [controller_server]: Control loop missed its desired rate of 30.0000 Hz. Current loop rate is 20.0000 Hz.
[component_container_isolated-2] [WARN] [1780510080.343270737] [controller_server]: Control loop missed its desired rate of 30.0000 Hz. Current loop rate is 25.0000 Hz.
[component_container_isolated-2] [WARN] [1780510080.452517763] [controller_server]: Control loop missed its desired rate of 30.0000 Hz. Current loop rate is 25.0000 Hz.
[component_container_isolated-2] [WARN] [1780510080.562915847] [controller_server]: Control loop missed its desired rate of 30.0000 Hz. Current loop rate is 25.0000 Hz.
[component_container_isolated-2] [WARN] [1780510080.645490788] [controller_server]: Control loop missed its desired rate of 30.0000 Hz. Current loop rate is 25.0000 Hz.
[component_container_isolated-2] [WARN] [1780510080.770424119] [controller_server]: Control loop missed its desired rate of 30.0000 Hz. Current loop rate is 16.6667 Hz.
[component_container_isolated-2] [WARN] [1780510080.854252625] [controller_server]: Control loop missed its desired rate of 30.0000 Hz. Current loop rate is 20.0000 Hz.
[component_container_isolated-2] [WARN] [1780510080.957385083] [controller_server]: Control loop missed its desired rate of 30.0000 Hz. Current loop rate is 14.2857 Hz.
[component_container_isolated-2] [WARN] [1780510080.999583324] [planner_server]: Planner loop missed its desired rate of 999999999.0000 Hz. Current loop rate is 33.3333 Hz
[component_container_isolated-2] [WARN] [1780510081.037947819] [controller_server]: Control loop missed its desired rate of 30.0000 Hz. Current loop rate is 20.0000 Hz.
[component_container_isolated-2] [INFO] [1780510081.037992679] [controller_server]: Passing new path to controller.
[component_container_isolated-2] [WARN] [1780510081.140407452] [controller_server]: Control loop missed its desired rate of 30.0000 Hz. Current loop rate is 50.0000 Hz.
[component_container_isolated-2] [WARN] [1780510081.451065324] [controller_server]: Control loop missed its desired rate of 30.0000 Hz. Current loop rate is 25.0000 Hz.
[component_container_isolated-2] [WARN] [1780510081.554491513] [controller_server]: Control loop missed its desired rate of 30.0000 Hz. Current loop rate is 33.3333 Hz.
[component_container_isolated-2] [WARN] [1780510081.633052861] [controller_server]: Control loop missed its desired rate of 30.0000 Hz. Current loop rate is 25.0000 Hz.
[component_container_isolated-2] [WARN] [1780510081.838527549] [controller_server]: Control loop missed its desired rate of 30.0000 Hz. Current loop rate is 33.3333 Hz.
[component_container_isolated-2] [WARN] [1780510081.948345762] [controller_server]: Control loop missed its desired rate of 30.0000 Hz. Current loop rate is 33.3333 Hz.
[component_container_isolated-2] [WARN] [1780510082.049380926] [planner_server]: Planner loop missed its desired rate of 999999999.0000 Hz. Current loop rate is 50.0000 Hz
[component_container_isolated-2] [WARN] [1780510082.055650372] [controller_server]: Control loop missed its desired rate of 30.0000 Hz. Current loop rate is 25.0000 Hz.
[component_container_isolated-2] [INFO] [1780510082.089097654] [controller_server]: Passing new path to controller.
[component_container_isolated-2] [WARN] [1780510082.124301777] [controller_server]: Control loop missed its desired rate of 30.0000 Hz. Current loop rate is 33.3333 Hz.
[component_container_isolated-2] [WARN] [1780510082.230871802] [controller_server]: Control loop missed its desired rate of 30.0000 Hz. Current loop rate is 25.0000 Hz.
[component_container_isolated-2] [WARN] [1780510082.539878832] [controller_server]: Control loop missed its desired rate of 30.0000 Hz. Current loop rate is 33.3333 Hz.
[component_container_isolated-2] [WARN] [1780510082.740613236] [controller_server]: Control loop missed its desired rate of 30.0000 Hz. Current loop rate is 50.0000 Hz.
[component_container_isolated-2] [WARN] [1780510083.173232448] [planner_server]: Planner loop missed its desired rate of 999999999.0000 Hz. Current loop rate is 10.0000 Hz
[component_container_isolated-2] [INFO] [1780510083.207430207] [controller_server]: Passing new path to controller.
[robot_mission_runner-4] [INFO] [1780510083.388354587] [robot_mission_runner]: Pose: (-7.44, 27.78), Elapsed: 35s, ETA: 25s, Dist remaining: 37.85m
[component_container_isolated-2] [WARN] [1780510084.148191066] [controller_server]: Control loop missed its desired rate of 30.0000 Hz. Current loop rate is 33.3333 Hz.
[component_container_isolated-2] [WARN] [1780510084.226057679] [planner_server]: Planner loop missed its desired rate of 999999999.0000 Hz. Current loop rate is 33.3333 Hz
[component_container_isolated-2] [WARN] [1780510084.250055524] [controller_server]: Control loop missed its desired rate of 30.0000 Hz. Current loop rate is 50.0000 Hz.
[component_container_isolated-2] [INFO] [1780510084.250131505] [controller_server]: Passing new path to controller.
[component_container_isolated-2] [WARN] [1780510084.362054090] [controller_server]: Control loop missed its desired rate of 30.0000 Hz. Current loop rate is 25.0000 Hz.
[component_container_isolated-2] [WARN] [1780510084.451552960] [controller_server]: Control loop missed its desired rate of 30.0000 Hz. Current loop rate is 25.0000 Hz.
[component_container_isolated-2] [WARN] [1780510084.556018174] [controller_server]: Control loop missed its desired rate of 30.0000 Hz. Current loop rate is 25.0000 Hz.
[component_container_isolated-2] [WARN] [1780510084.649190490] [controller_server]: Control loop missed its desired rate of 30.0000 Hz. Current loop rate is 16.6667 Hz.
[component_container_isolated-2] [WARN] [1780510084.761661706] [controller_server]: Control loop missed its desired rate of 30.0000 Hz. Current loop rate is 25.0000 Hz.
[component_container_isolated-2] [WARN] [1780510084.846353633] [controller_server]: Control loop missed its desired rate of 30.0000 Hz. Current loop rate is 25.0000 Hz.
[component_container_isolated-2] [WARN] [1780510084.960530066] [controller_server]: Control loop missed its desired rate of 30.0000 Hz. Current loop rate is 20.0000 Hz.
[component_container_isolated-2] [WARN] [1780510085.050995068] [controller_server]: Control loop missed its desired rate of 30.0000 Hz. Current loop rate is 16.6667 Hz.
[component_container_isolated-2] [WARN] [1780510085.181558616] [controller_server]: Control loop missed its desired rate of 30.0000 Hz. Current loop rate is 16.6667 Hz.
[component_container_isolated-2] [WARN] [1780510085.260831649] [controller_server]: Control loop missed its desired rate of 30.0000 Hz. Current loop rate is 25.0000 Hz.
[component_container_isolated-2] [WARN] [1780510085.273384069] [planner_server]: Planner loop missed its desired rate of 999999999.0000 Hz. Current loop rate is 50.0000 Hz
[component_container_isolated-2] [INFO] [1780510085.294303654] [controller_server]: Passing new path to controller.
[component_container_isolated-2] [WARN] [1780510085.346465441] [controller_server]: Control loop missed its desired rate of 30.0000 Hz. Current loop rate is 25.0000 Hz.
[component_container_isolated-2] [WARN] [1780510085.463956632] [controller_server]: Control loop missed its desired rate of 30.0000 Hz. Current loop rate is 20.0000 Hz.
[component_container_isolated-2] [WARN] [1780510085.551859177] [controller_server]: Control loop missed its desired rate of 30.0000 Hz. Current loop rate is 20.0000 Hz.
[component_container_isolated-2] [WARN] [1780510085.670942718] [controller_server]: Control loop missed its desired rate of 30.0000 Hz. Current loop rate is 20.0000 Hz.
[component_container_isolated-2] [WARN] [1780510085.759305291] [controller_server]: Control loop missed its desired rate of 30.0000 Hz. Current loop rate is 20.0000 Hz.
[component_container_isolated-2] [WARN] [1780510085.847043341] [controller_server]: Control loop missed its desired rate of 30.0000 Hz. Current loop rate is 20.0000 Hz.
[component_container_isolated-2] [WARN] [1780510085.963079414] [controller_server]: Control loop missed its desired rate of 30.0000 Hz. Current loop rate is 20.0000 Hz.
[component_container_isolated-2] [WARN] [1780510086.053264113] [controller_server]: Control loop missed its desired rate of 30.0000 Hz. Current loop rate is 20.0000 Hz.
[component_container_isolated-2] [WARN] [1780510086.168048515] [controller_server]: Control loop missed its desired rate of 30.0000 Hz. Current loop rate is 20.0000 Hz.
[component_container_isolated-2] [WARN] [1780510086.255391354] [controller_server]: Control loop missed its desired rate of 30.0000 Hz. Current loop rate is 20.0000 Hz.
[component_container_isolated-2] [WARN] [1780510086.317718732] [planner_server]: Planner loop missed its desired rate of 999999999.0000 Hz. Current loop rate is 33.3333 Hz
[component_container_isolated-2] [WARN] [1780510086.364946150] [controller_server]: Control loop missed its desired rate of 30.0000 Hz. Current loop rate is 12.5000 Hz.
[component_container_isolated-2] [INFO] [1780510086.365003011] [controller_server]: Passing new path to controller.
[component_container_isolated-2] [WARN] [1780510086.468625950] [controller_server]: Control loop missed its desired rate of 30.0000 Hz. Current loop rate is 14.2857 Hz.
[component_container_isolated-2] [WARN] [1780510086.563633243] [controller_server]: Control loop missed its desired rate of 30.0000 Hz. Current loop rate is 16.6667 Hz.
[component_container_isolated-2] [WARN] [1780510086.660003536] [controller_server]: Control loop missed its desired rate of 30.0000 Hz. Current loop rate is 16.6667 Hz.
[component_container_isolated-2] [WARN] [1780510086.746391444] [controller_server]: Control loop missed its desired rate of 30.0000 Hz. Current loop rate is 20.0000 Hz.
[component_container_isolated-2] [WARN] [1780510086.863076386] [controller_server]: Control loop missed its desired rate of 30.0000 Hz. Current loop rate is 20.0000 Hz.
[component_container_isolated-2] [WARN] [1780510086.946853819] [controller_server]: Control loop missed its desired rate of 30.0000 Hz. Current loop rate is 25.0000 Hz.
[component_container_isolated-2] [WARN] [1780510087.054636663] [controller_server]: Control loop missed its desired rate of 30.0000 Hz. Current loop rate is 25.0000 Hz.
[component_container_isolated-2] [WARN] [1780510087.144374262] [controller_server]: Control loop missed its desired rate of 30.0000 Hz. Current loop rate is 20.0000 Hz.
[component_container_isolated-2] [WARN] [1780510087.247711627] [controller_server]: Control loop missed its desired rate of 30.0000 Hz. Current loop rate is 33.3333 Hz.
[component_container_isolated-2] [WARN] [1780510087.362219097] [planner_server]: Planner loop missed its desired rate of 999999999.0000 Hz. Current loop rate is 50.0000 Hz
[component_container_isolated-2] [WARN] [1780510087.365934733] [controller_server]: Control loop missed its desired rate of 30.0000 Hz. Current loop rate is 20.0000 Hz.
[component_container_isolated-2] [INFO] [1780510087.399410322] [controller_server]: Passing new path to controller.
[component_container_isolated-2] [WARN] [1780510087.442010155] [controller_server]: Control loop missed its desired rate of 30.0000 Hz. Current loop rate is 25.0000 Hz.
[component_container_isolated-2] [WARN] [1780510087.550376819] [controller_server]: Control loop missed its desired rate of 30.0000 Hz. Current loop rate is 25.0000 Hz.
[component_container_isolated-2] [WARN] [1780510087.665861332] [controller_server]: Control loop missed its desired rate of 30.0000 Hz. Current loop rate is 20.0000 Hz.
[component_container_isolated-2] [WARN] [1780510087.748415131] [controller_server]: Control loop missed its desired rate of 30.0000 Hz. Current loop rate is 20.0000 Hz.
[component_container_isolated-2] [WARN] [1780510087.865633000] [controller_server]: Control loop missed its desired rate of 30.0000 Hz. Current loop rate is 20.0000 Hz.
[component_container_isolated-2] [WARN] [1780510087.958997163] [controller_server]: Control loop missed its desired rate of 30.0000 Hz. Current loop rate is 16.6667 Hz.
[component_container_isolated-2] [WARN] [1780510088.045269036] [controller_server]: Control loop missed its desired rate of 30.0000 Hz. Current loop rate is 20.0000 Hz.
[component_container_isolated-2] [WARN] [1780510088.356255666] [controller_server]: Control loop missed its desired rate of 30.0000 Hz. Current loop rate is 25.0000 Hz.
[robot_mission_runner-4] [INFO] [1780510088.406977211] [robot_mission_runner]: Pose: (-14.85, 27.86), Elapsed: 40s, ETA: 20s, Dist remaining: 30.54m
[component_container_isolated-2] [WARN] [1780510088.413913125] [planner_server]: Planner loop missed its desired rate of 999999999.0000 Hz. Current loop rate is 33.3333 Hz
[component_container_isolated-2] [WARN] [1780510088.442058474] [controller_server]: Control loop missed its desired rate of 30.0000 Hz. Current loop rate is 25.0000 Hz.
[component_container_isolated-2] [INFO] [1780510088.442139456] [controller_server]: Passing new path to controller.
[component_container_isolated-2] [WARN] [1780510088.547061741] [controller_server]: Control loop missed its desired rate of 30.0000 Hz. Current loop rate is 33.3333 Hz.
[component_container_isolated-2] [WARN] [1780510088.748959172] [controller_server]: Control loop missed its desired rate of 30.0000 Hz. Current loop rate is 25.0000 Hz.
[component_container_isolated-2] [WARN] [1780510088.853095146] [controller_server]: Control loop missed its desired rate of 30.0000 Hz. Current loop rate is 50.0000 Hz.
[component_container_isolated-2] [WARN] [1780510088.974251520] [controller_server]: Control loop missed its desired rate of 30.0000 Hz. Current loop rate is 20.0000 Hz.
[component_container_isolated-2] [WARN] [1780510089.044513934] [controller_server]: Control loop missed its desired rate of 30.0000 Hz. Current loop rate is 33.3333 Hz.
[component_container_isolated-2] [WARN] [1780510089.462374849] [planner_server]: Planner loop missed its desired rate of 999999999.0000 Hz. Current loop rate is 33.3333 Hz
[component_container_isolated-2] [INFO] [1780510089.511308782] [controller_server]: Passing new path to controller.
[component_container_isolated-2] [WARN] [1780510089.655964832] [controller_server]: Control loop missed its desired rate of 30.0000 Hz. Current loop rate is 20.0000 Hz.
[component_container_isolated-2] [WARN] [1780510089.756588124] [controller_server]: Control loop missed its desired rate of 30.0000 Hz. Current loop rate is 16.6667 Hz.
[component_container_isolated-2] [WARN] [1780510089.845981506] [controller_server]: Control loop missed its desired rate of 30.0000 Hz. Current loop rate is 20.0000 Hz.
[component_container_isolated-2] [WARN] [1780510089.949623863] [controller_server]: Control loop missed its desired rate of 30.0000 Hz. Current loop rate is 33.3333 Hz.
[component_container_isolated-2] [WARN] [1780510090.051762336] [controller_server]: Control loop missed its desired rate of 30.0000 Hz. Current loop rate is 50.0000 Hz.
[component_container_isolated-2] [WARN] [1780510090.258730048] [controller_server]: Control loop missed its desired rate of 30.0000 Hz. Current loop rate is 50.0000 Hz.
[component_container_isolated-2] [WARN] [1780510090.348275365] [controller_server]: Control loop missed its desired rate of 30.0000 Hz. Current loop rate is 20.0000 Hz.
[component_container_isolated-2] [WARN] [1780510090.467457087] [controller_server]: Control loop missed its desired rate of 30.0000 Hz. Current loop rate is 20.0000 Hz.
[vlm_node-3] [INFO] [1780510090.489028492] [vlm_node]: Completed prompt: "Is this space too crowded by people or working machinery to move though safely? If so, respond only yes. Otherwise respond no." with response: False
[vlm_node-3] [INFO] [1780510090.489890385] [vlm_node]: VLM_QUERY|QueryBool|success|14.65|1|
[component_container_isolated-2] [WARN] [1780510090.497806312] [planner_server]: Planner loop missed its desired rate of 999999999.0000 Hz. Current loop rate is 50.0000 Hz
[vlm_node-3] [INFO] [1780510090.504920160] [vlm_node]: Goal received with prompt: Are there any people visible in this scene? If so, respond only yes. Otherwise respond no.
[component_container_isolated-2] [WARN] [1780510090.545310597] [controller_server]: Control loop missed its desired rate of 30.0000 Hz. Current loop rate is 25.0000 Hz.
[component_container_isolated-2] [INFO] [1780510090.545369486] [controller_server]: Passing new path to controller.
[component_container_isolated-2] [WARN] [1780510090.648573368] [controller_server]: Control loop missed its desired rate of 30.0000 Hz. Current loop rate is 33.3333 Hz.
[component_container_isolated-2] [WARN] [1780510090.854154750] [controller_server]: Control loop missed its desired rate of 30.0000 Hz. Current loop rate is 33.3333 Hz.
[component_container_isolated-2] [WARN] [1780510090.944548821] [controller_server]: Control loop missed its desired rate of 30.0000 Hz. Current loop rate is 20.0000 Hz.
[component_container_isolated-2] [WARN] [1780510091.047544507] [controller_server]: Control loop missed its desired rate of 30.0000 Hz. Current loop rate is 33.3333 Hz.
[component_container_isolated-2] [WARN] [1780510091.455606843] [controller_server]: Control loop missed its desired rate of 30.0000 Hz. Current loop rate is 25.0000 Hz.
[component_container_isolated-2] [WARN] [1780510091.531299664] [planner_server]: Planner loop missed its desired rate of 999999999.0000 Hz. Current loop rate is 50.0000 Hz
[component_container_isolated-2] [WARN] [1780510091.555064548] [controller_server]: Control loop missed its desired rate of 30.0000 Hz. Current loop rate is 16.6667 Hz.
[component_container_isolated-2] [INFO] [1780510091.555116751] [controller_server]: Passing new path to controller.
[component_container_isolated-2] [WARN] [1780510091.644907211] [controller_server]: Control loop missed its desired rate of 30.0000 Hz. Current loop rate is 20.0000 Hz.
[component_container_isolated-2] [WARN] [1780510091.751885130] [controller_server]: Control loop missed its desired rate of 30.0000 Hz. Current loop rate is 33.3333 Hz.
[component_container_isolated-2] [WARN] [1780510091.862851822] [controller_server]: Control loop missed its desired rate of 30.0000 Hz. Current loop rate is 25.0000 Hz.
[component_container_isolated-2] [WARN] [1780510091.952259511] [controller_server]: Control loop missed its desired rate of 30.0000 Hz. Current loop rate is 20.0000 Hz.
[component_container_isolated-2] [WARN] [1780510092.153096049] [controller_server]: Control loop missed its desired rate of 30.0000 Hz. Current loop rate is 33.3333 Hz.
[component_container_isolated-2] [WARN] [1780510092.261602691] [controller_server]: Control loop missed its desired rate of 30.0000 Hz. Current loop rate is 25.0000 Hz.
[component_container_isolated-2] [WARN] [1780510092.346725890] [controller_server]: Control loop missed its desired rate of 30.0000 Hz. Current loop rate is 25.0000 Hz.
[component_container_isolated-2] [WARN] [1780510092.451561016] [controller_server]: Control loop missed its desired rate of 30.0000 Hz. Current loop rate is 25.0000 Hz.
[component_container_isolated-2] [WARN] [1780510092.553780992] [controller_server]: Control loop missed its desired rate of 30.0000 Hz. Current loop rate is 50.0000 Hz.
[component_container_isolated-2] [WARN] [1780510092.647684636] [controller_server]: Control loop missed its desired rate of 30.0000 Hz. Current loop rate is 20.0000 Hz.
[component_container_isolated-2] [WARN] [1780510092.701878124] [planner_server]: Planner loop missed its desired rate of 999999999.0000 Hz. Current loop rate is 6.2500 Hz
[component_container_isolated-2] [WARN] [1780510092.751267306] [controller_server]: Control loop missed its desired rate of 30.0000 Hz. Current loop rate is 33.3333 Hz.
[component_container_isolated-2] [INFO] [1780510092.751324602] [controller_server]: Passing new path to controller.
[component_container_isolated-2] [WARN] [1780510092.866922387] [controller_server]: Control loop missed its desired rate of 30.0000 Hz. Current loop rate is 20.0000 Hz.
[component_container_isolated-2] [WARN] [1780510092.943836893] [controller_server]: Control loop missed its desired rate of 30.0000 Hz. Current loop rate is 25.0000 Hz.
[robot_mission_runner-4] [INFO] [1780510093.425139587] [robot_mission_runner]: Pose: (-18.45, 22.30), Elapsed: 45s, ETA: 15s, Dist remaining: 22.65m
[component_container_isolated-2] [WARN] [1780510093.645699833] [controller_server]: Control loop missed its desired rate of 30.0000 Hz. Current loop rate is 33.3333 Hz.
[component_container_isolated-2] [WARN] [1780510093.755632904] [planner_server]: Planner loop missed its desired rate of 999999999.0000 Hz. Current loop rate is 50.0000 Hz
[component_container_isolated-2] [INFO] [1780510093.779151281] [controller_server]: Passing new path to controller.
[component_container_isolated-2] [WARN] [1780510094.790041608] [planner_server]: Planner loop missed its desired rate of 999999999.0000 Hz. Current loop rate is 50.0000 Hz
[component_container_isolated-2] [INFO] [1780510094.812608442] [controller_server]: Passing new path to controller.
[component_container_isolated-2] [WARN] [1780510094.949786396] [controller_server]: Control loop missed its desired rate of 30.0000 Hz. Current loop rate is 33.3333 Hz.
[component_container_isolated-2] [WARN] [1780510095.067195365] [controller_server]: Control loop missed its desired rate of 30.0000 Hz. Current loop rate is 20.0000 Hz.
[component_container_isolated-2] [WARN] [1780510095.141439154] [controller_server]: Control loop missed its desired rate of 30.0000 Hz. Current loop rate is 25.0000 Hz.
[component_container_isolated-2] [WARN] [1780510095.247226044] [controller_server]: Control loop missed its desired rate of 30.0000 Hz. Current loop rate is 25.0000 Hz.
[component_container_isolated-2] [WARN] [1780510095.372966128] [controller_server]: Control loop missed its desired rate of 30.0000 Hz. Current loop rate is 16.6667 Hz.
[component_container_isolated-2] [WARN] [1780510095.454365491] [controller_server]: Control loop missed its desired rate of 30.0000 Hz. Current loop rate is 25.0000 Hz.
[component_container_isolated-2] [WARN] [1780510095.547311343] [controller_server]: Control loop missed its desired rate of 30.0000 Hz. Current loop rate is 20.0000 Hz.
[component_container_isolated-2] [WARN] [1780510095.666197517] [controller_server]: Control loop missed its desired rate of 30.0000 Hz. Current loop rate is 20.0000 Hz.
[component_container_isolated-2] [WARN] [1780510095.762169396] [controller_server]: Control loop missed its desired rate of 30.0000 Hz. Current loop rate is 16.6667 Hz.
[component_container_isolated-2] [WARN] [1780510095.812848301] [planner_server]: Planner loop missed its desired rate of 999999999.0000 Hz. Current loop rate is 100.0000 Hz
[component_container_isolated-2] [WARN] [1780510095.842351449] [controller_server]: Control loop missed its desired rate of 30.0000 Hz. Current loop rate is 25.0000 Hz.
[component_container_isolated-2] [INFO] [1780510095.842410347] [controller_server]: Passing new path to controller.
[component_container_isolated-2] [WARN] [1780510095.951593506] [controller_server]: Control loop missed its desired rate of 30.0000 Hz. Current loop rate is 33.3333 Hz.
[component_container_isolated-2] [WARN] [1780510096.063379076] [controller_server]: Control loop missed its desired rate of 30.0000 Hz. Current loop rate is 25.0000 Hz.
[component_container_isolated-2] [WARN] [1780510096.147002866] [controller_server]: Control loop missed its desired rate of 30.0000 Hz. Current loop rate is 25.0000 Hz.
[component_container_isolated-2] [WARN] [1780510096.265547051] [controller_server]: Control loop missed its desired rate of 30.0000 Hz. Current loop rate is 16.6667 Hz.
[component_container_isolated-2] [WARN] [1780510096.355625770] [controller_server]: Control loop missed its desired rate of 30.0000 Hz. Current loop rate is 20.0000 Hz.
[component_container_isolated-2] [WARN] [1780510096.452645721] [controller_server]: Control loop missed its desired rate of 30.0000 Hz. Current loop rate is 20.0000 Hz.
[component_container_isolated-2] [WARN] [1780510096.575692597] [controller_server]: Control loop missed its desired rate of 30.0000 Hz. Current loop rate is 16.6667 Hz.
[component_container_isolated-2] [WARN] [1780510096.658929330] [controller_server]: Control loop missed its desired rate of 30.0000 Hz. Current loop rate is 25.0000 Hz.
[component_container_isolated-2] [WARN] [1780510096.741763228] [controller_server]: Control loop missed its desired rate of 30.0000 Hz. Current loop rate is 20.0000 Hz.
[component_container_isolated-2] [WARN] [1780510096.859381436] [controller_server]: Control loop missed its desired rate of 30.0000 Hz. Current loop rate is 25.0000 Hz.
[component_container_isolated-2] [WARN] [1780510096.860008006] [planner_server]: Planner loop missed its desired rate of 999999999.0000 Hz. Current loop rate is 100.0000 Hz
[component_container_isolated-2] [INFO] [1780510096.892841014] [controller_server]: Passing new path to controller.
[component_container_isolated-2] [WARN] [1780510096.950659008] [controller_server]: Control loop missed its desired rate of 30.0000 Hz. Current loop rate is 20.0000 Hz.
[component_container_isolated-2] [WARN] [1780510097.068292740] [controller_server]: Control loop missed its desired rate of 30.0000 Hz. Current loop rate is 20.0000 Hz.
[component_container_isolated-2] [WARN] [1780510097.148336258] [controller_server]: Control loop missed its desired rate of 30.0000 Hz. Current loop rate is 20.0000 Hz.
[component_container_isolated-2] [WARN] [1780510097.264190996] [controller_server]: Control loop missed its desired rate of 30.0000 Hz. Current loop rate is 25.0000 Hz.
[component_container_isolated-2] [WARN] [1780510097.339514214] [controller_server]: Control loop missed its desired rate of 30.0000 Hz. Current loop rate is 25.0000 Hz.
[component_container_isolated-2] [WARN] [1780510097.441880075] [controller_server]: Control loop missed its desired rate of 30.0000 Hz. Current loop rate is 33.3333 Hz.
[component_container_isolated-2] [WARN] [1780510097.541983749] [controller_server]: Control loop missed its desired rate of 30.0000 Hz. Current loop rate is 33.3333 Hz.
[component_container_isolated-2] [WARN] [1780510097.852999068] [controller_server]: Control loop missed its desired rate of 30.0000 Hz. Current loop rate is 25.0000 Hz.
[component_container_isolated-2] [WARN] [1780510097.884523026] [planner_server]: Planner loop missed its desired rate of 999999999.0000 Hz. Current loop rate is 100.0000 Hz
[component_container_isolated-2] [INFO] [1780510097.919804612] [controller_server]: Passing new path to controller.
[component_container_isolated-2] [WARN] [1780510097.961936278] [controller_server]: Control loop missed its desired rate of 30.0000 Hz. Current loop rate is 25.0000 Hz.
[component_container_isolated-2] [WARN] [1780510098.040223637] [controller_server]: Control loop missed its desired rate of 30.0000 Hz. Current loop rate is 25.0000 Hz.
[component_container_isolated-2] [WARN] [1780510098.366213323] [controller_server]: Control loop missed its desired rate of 30.0000 Hz. Current loop rate is 16.6667 Hz.
[component_container_isolated-2] [WARN] [1780510098.437074955] [controller_server]: Control loop missed its desired rate of 30.0000 Hz. Current loop rate is 25.0000 Hz.
[robot_mission_runner-4] [INFO] [1780510098.444696875] [robot_mission_runner]: Pose: (-19.66, 14.95), Elapsed: 50s, ETA: 10s, Dist remaining: 15.45m
[component_container_isolated-2] [WARN] [1780510098.837381997] [controller_server]: Control loop missed its desired rate of 30.0000 Hz. Current loop rate is 25.0000 Hz.
[component_container_isolated-2] [WARN] [1780510098.914652762] [planner_server]: Planner loop missed its desired rate of 999999999.0000 Hz. Current loop rate is 100.0000 Hz
[component_container_isolated-2] [WARN] [1780510098.942424604] [controller_server]: Control loop missed its desired rate of 30.0000 Hz. Current loop rate is 25.0000 Hz.
[component_container_isolated-2] [INFO] [1780510098.942474085] [controller_server]: Passing new path to controller.
[component_container_isolated-2] [WARN] [1780510099.246721018] [controller_server]: Control loop missed its desired rate of 30.0000 Hz. Current loop rate is 33.3333 Hz.
[component_container_isolated-2] [WARN] [1780510099.357645722] [controller_server]: Control loop missed its desired rate of 30.0000 Hz. Current loop rate is 25.0000 Hz.
[component_container_isolated-2] [WARN] [1780510099.443024914] [controller_server]: Control loop missed its desired rate of 30.0000 Hz. Current loop rate is 20.0000 Hz.
[component_container_isolated-2] [WARN] [1780510099.543347039] [controller_server]: Control loop missed its desired rate of 30.0000 Hz. Current loop rate is 33.3333 Hz.
[component_container_isolated-2] [WARN] [1780510099.943984073] [controller_server]: Control loop missed its desired rate of 30.0000 Hz. Current loop rate is 33.3333 Hz.
[component_container_isolated-2] [WARN] [1780510099.951632316] [planner_server]: Planner loop missed its desired rate of 999999999.0000 Hz. Current loop rate is 100.0000 Hz
[component_container_isolated-2] [INFO] [1780510099.977477132] [controller_server]: Passing new path to controller.
[component_container_isolated-2] [WARN] [1780510100.045670005] [controller_server]: Control loop missed its desired rate of 30.0000 Hz. Current loop rate is 33.3333 Hz.
[component_container_isolated-2] [WARN] [1780510100.147751663] [controller_server]: Control loop missed its desired rate of 30.0000 Hz. Current loop rate is 33.3333 Hz.
[component_container_isolated-2] [WARN] [1780510100.258707251] [controller_server]: Control loop missed its desired rate of 30.0000 Hz. Current loop rate is 25.0000 Hz.
[component_container_isolated-2] [WARN] [1780510100.356451437] [controller_server]: Control loop missed its desired rate of 30.0000 Hz. Current loop rate is 16.6667 Hz.
[component_container_isolated-2] [WARN] [1780510100.447866131] [controller_server]: Control loop missed its desired rate of 30.0000 Hz. Current loop rate is 20.0000 Hz.
[component_container_isolated-2] [WARN] [1780510100.564219370] [controller_server]: Control loop missed its desired rate of 30.0000 Hz. Current loop rate is 20.0000 Hz.
[component_container_isolated-2] [WARN] [1780510100.650832628] [controller_server]: Control loop missed its desired rate of 30.0000 Hz. Current loop rate is 20.0000 Hz.
[component_container_isolated-2] [WARN] [1780510100.755260996] [controller_server]: Control loop missed its desired rate of 30.0000 Hz. Current loop rate is 33.3333 Hz.
[component_container_isolated-2] [WARN] [1780510100.841023395] [controller_server]: Control loop missed its desired rate of 30.0000 Hz. Current loop rate is 20.0000 Hz.
[component_container_isolated-2] [WARN] [1780510100.970821869] [planner_server]: Planner loop missed its desired rate of 999999999.0000 Hz. Current loop rate is 100.0000 Hz
[component_container_isolated-2] [INFO] [1780510101.007829186] [controller_server]: Passing new path to controller.
[component_container_isolated-2] [WARN] [1780510101.042095381] [controller_server]: Control loop missed its desired rate of 30.0000 Hz. Current loop rate is 33.3333 Hz.
[component_container_isolated-2] [WARN] [1780510101.156322983] [controller_server]: Control loop missed its desired rate of 30.0000 Hz. Current loop rate is 25.0000 Hz.
[component_container_isolated-2] [WARN] [1780510101.247847647] [controller_server]: Control loop missed its desired rate of 30.0000 Hz. Current loop rate is 20.0000 Hz.
[component_container_isolated-2] [WARN] [1780510101.375081383] [controller_server]: Control loop missed its desired rate of 30.0000 Hz. Current loop rate is 14.2857 Hz.
[component_container_isolated-2] [WARN] [1780510101.452965309] [controller_server]: Control loop missed its desired rate of 30.0000 Hz. Current loop rate is 25.0000 Hz.
[component_container_isolated-2] [WARN] [1780510101.569220733] [controller_server]: Control loop missed its desired rate of 30.0000 Hz. Current loop rate is 20.0000 Hz.
[component_container_isolated-2] [WARN] [1780510101.637958250] [controller_server]: Control loop missed its desired rate of 30.0000 Hz. Current loop rate is 25.0000 Hz.
[component_container_isolated-2] [WARN] [1780510101.738012665] [controller_server]: Control loop missed its desired rate of 30.0000 Hz. Current loop rate is 25.0000 Hz.
[component_container_isolated-2] [WARN] [1780510101.939979653] [controller_server]: Control loop missed its desired rate of 30.0000 Hz. Current loop rate is 33.3333 Hz.
[component_container_isolated-2] [WARN] [1780510101.993493505] [planner_server]: Planner loop missed its desired rate of 999999999.0000 Hz. Current loop rate is 100.0000 Hz
[component_container_isolated-2] [WARN] [1780510102.041061149] [controller_server]: Control loop missed its desired rate of 30.0000 Hz. Current loop rate is 33.3333 Hz.
[component_container_isolated-2] [INFO] [1780510102.041117676] [controller_server]: Passing new path to controller.
[component_container_isolated-2] [WARN] [1780510103.032988953] [planner_server]: Planner loop missed its desired rate of 999999999.0000 Hz. Current loop rate is 100.0000 Hz
[component_container_isolated-2] [INFO] [1780510103.074518622] [controller_server]: Passing new path to controller.
[component_container_isolated-2] [WARN] [1780510103.246329700] [controller_server]: Control loop missed its desired rate of 30.0000 Hz. Current loop rate is 25.0000 Hz.
[robot_mission_runner-4] [INFO] [1780510103.468001625] [robot_mission_runner]: Pose: (-18.45, 7.63), Elapsed: 55s, ETA: 5s, Dist remaining: 7.63m
[component_container_isolated-2] [WARN] [1780510103.858117330] [controller_server]: Control loop missed its desired rate of 30.0000 Hz. Current loop rate is 25.0000 Hz.
[component_container_isolated-2] [WARN] [1780510103.940328382] [controller_server]: Control loop missed its desired rate of 30.0000 Hz. Current loop rate is 20.0000 Hz.
[component_container_isolated-2] [WARN] [1780510104.137901239] [planner_server]: Planner loop missed its desired rate of 999999999.0000 Hz. Current loop rate is 11.1111 Hz
[component_container_isolated-2] [INFO] [1780510104.173779894] [controller_server]: Passing new path to controller.
[component_container_isolated-2] [WARN] [1780510104.742761987] [controller_server]: Control loop missed its desired rate of 30.0000 Hz. Current loop rate is 33.3333 Hz.
[component_container_isolated-2] [WARN] [1780510105.045170723] [controller_server]: Control loop missed its desired rate of 30.0000 Hz. Current loop rate is 33.3333 Hz.
[component_container_isolated-2] [WARN] [1780510105.150599902] [controller_server]: Control loop missed its desired rate of 30.0000 Hz. Current loop rate is 25.0000 Hz.
[component_container_isolated-2] [WARN] [1780510105.175837713] [planner_server]: Planner loop missed its desired rate of 999999999.0000 Hz. Current loop rate is 33.3333 Hz
[component_container_isolated-2] [INFO] [1780510105.217405873] [controller_server]: Passing new path to controller.
[component_container_isolated-2] [WARN] [1780510105.250725378] [controller_server]: Control loop missed its desired rate of 30.0000 Hz. Current loop rate is 33.3333 Hz.
[component_container_isolated-2] [WARN] [1780510105.356622874] [controller_server]: Control loop missed its desired rate of 30.0000 Hz. Current loop rate is 33.3333 Hz.
[component_container_isolated-2] [WARN] [1780510105.436730324] [controller_server]: Control loop missed its desired rate of 30.0000 Hz. Current loop rate is 20.0000 Hz.
[component_container_isolated-2] [WARN] [1780510105.536978810] [controller_server]: Control loop missed its desired rate of 30.0000 Hz. Current loop rate is 25.0000 Hz.
[component_container_isolated-2] [WARN] [1780510105.737501327] [controller_server]: Control loop missed its desired rate of 30.0000 Hz. Current loop rate is 25.0000 Hz.
[component_container_isolated-2] [WARN] [1780510105.839670290] [controller_server]: Control loop missed its desired rate of 30.0000 Hz. Current loop rate is 25.0000 Hz.
[component_container_isolated-2] [WARN] [1780510106.208456860] [planner_server]: Planner loop missed its desired rate of 999999999.0000 Hz. Current loop rate is 100.0000 Hz
[component_container_isolated-2] [INFO] [1780510106.239792358] [controller_server]: Passing new path to controller.
[component_container_isolated-2] [WARN] [1780510106.341113976] [controller_server]: Control loop missed its desired rate of 30.0000 Hz. Current loop rate is 33.3333 Hz.
[component_container_isolated-2] [WARN] [1780510106.443701473] [controller_server]: Control loop missed its desired rate of 30.0000 Hz. Current loop rate is 33.3333 Hz.
[component_container_isolated-2] [WARN] [1780510107.043966912] [controller_server]: Control loop missed its desired rate of 30.0000 Hz. Current loop rate is 33.3333 Hz.
[component_container_isolated-2] [WARN] [1780510107.144708804] [controller_server]: Control loop missed its desired rate of 30.0000 Hz. Current loop rate is 33.3333 Hz.
[component_container_isolated-2] [WARN] [1780510107.248303882] [planner_server]: Planner loop missed its desired rate of 999999999.0000 Hz. Current loop rate is 50.0000 Hz
[component_container_isolated-2] [WARN] [1780510107.250690109] [controller_server]: Control loop missed its desired rate of 30.0000 Hz. Current loop rate is 25.0000 Hz.
[component_container_isolated-2] [INFO] [1780510107.284128549] [controller_server]: Passing new path to controller.
[vlm_node-3] [INFO] [1780510107.600643033] [vlm_node]: Completed prompt: "Are there any people visible in this scene? If so, respond only yes. Otherwise respond no." with response: False
[vlm_node-3] [INFO] [1780510107.601114271] [vlm_node]: VLM_QUERY|QueryBool|success|17.10|1|
[vlm_node-3] [INFO] [1780510107.615669937] [vlm_node]: Goal received with prompt: Check if there are any small hazards on the ground that would cause harm to the robot if it navigated over it OR the area is blocked by large objects that make it impassable. If so respond only yes. Otherwise, respond no.
[component_container_isolated-2] [WARN] [1780510108.266288167] [planner_server]: Planner loop missed its desired rate of 999999999.0000 Hz. Current loop rate is 50.0000 Hz
[component_container_isolated-2] [INFO] [1780510108.284152306] [controller_server]: Passing new path to controller.
[robot_mission_runner-4] [INFO] [1780510108.487847344] [robot_mission_runner]: Pose: (-17.92, 1.14), Elapsed: 60s, ETA: 1s, Dist remaining: 1.03m
[component_container_isolated-2] [WARN] [1780510108.751015889] [controller_server]: Control loop missed its desired rate of 30.0000 Hz. Current loop rate is 50.0000 Hz.
[component_container_isolated-2] [WARN] [1780510108.962419788] [controller_server]: Control loop missed its desired rate of 30.0000 Hz. Current loop rate is 25.0000 Hz.
[component_container_isolated-2] [WARN] [1780510109.034238307] [controller_server]: Control loop missed its desired rate of 30.0000 Hz. Current loop rate is 33.3333 Hz.
[component_container_isolated-2] [WARN] [1780510109.135547376] [controller_server]: Control loop missed its desired rate of 30.0000 Hz. Current loop rate is 25.0000 Hz.
[component_container_isolated-2] [WARN] [1780510109.236522104] [controller_server]: Control loop missed its desired rate of 30.0000 Hz. Current loop rate is 25.0000 Hz.
[component_container_isolated-2] [INFO] [1780510109.336644524] [controller_server]: Passing new path to controller.
[component_container_isolated-2] [WARN] [1780510109.542357680] [controller_server]: Control loop missed its desired rate of 30.0000 Hz. Current loop rate is 25.0000 Hz.
[component_container_isolated-2] [WARN] [1780510109.645229513] [controller_server]: Control loop missed its desired rate of 30.0000 Hz. Current loop rate is 33.3333 Hz.
[component_container_isolated-2] [WARN] [1780510110.325788609] [planner_server]: Planner loop missed its desired rate of 999999999.0000 Hz. Current loop rate is 100.0000 Hz
[component_container_isolated-2] [INFO] [1780510110.345364164] [controller_server]: Passing new path to controller.
[component_container_isolated-2] [INFO] [1780510110.353871439] [controller_server]: Reached the goal!
[component_container_isolated-2] [INFO] [1780510110.354657981] [controller_server]: Optimizer reset
[component_container_isolated-2] [ERROR] [1780510110.403303055] [bt_navigator_navigate_to_pose_rclcpp_node]: Failed to get result for vlm_node/query_bool in node halt!
[component_container_isolated-2] [INFO] [1780510110.403714682] [bt_navigator]: Goal succeeded
[robot_mission_runner-4] [INFO] [1780510110.406440454] [robot_mission_runner]: Navigation result: SUCCEEDED
[robot_mission_runner-4] [INFO] [1780510120.407341671] [robot_mission_runner]: Mission 2 completed.
[robot_mission_runner-4] [INFO] [1780510120.407988083] [robot_mission_runner]: Picking from {'x': 50.0, 'y': -50.7, 'yaw': 1.5708}, dropping at {'x': -11.5, 'y': -27.17, 'yaw': 1.5708}...
[robot_mission_runner-4] [INFO] [1780510120.408452025] [robot_mission_runner]: Navigating to pick, attempt 1/3...
[component_container_isolated-2] [INFO] [1780510120.409064050] [local_costmap.local_costmap]: Received request to clear entirely the local_costmap
[component_container_isolated-2] [INFO] [1780510120.418921790] [global_costmap.global_costmap]: Received request to clear entirely the global_costmap
[robot_mission_runner-4] [INFO] [1780510120.440698924] [robot_mission_runner]: Navigating to goal: 50.0 -50.7...
[component_container_isolated-2] [INFO] [1780510120.441581826] [bt_navigator]: Begin navigating from current location (-17.43, 0.13) to (50.00, -50.70)
[vlm_node-3] [INFO] [1780510120.449137256] [vlm_node]: Goal received with prompt: Check if there are any small hazards on the ground that would cause harm to the robot if it navigated over it OR the area is blocked by large objects that make it impassable. If so respond only yes. Otherwise, respond no.
[component_container_isolated-2] [WARN] [1780510121.037421188] [planner_server]: Planner loop missed its desired rate of 999999999.0000 Hz. Current loop rate is 1.6667 Hz
[component_container_isolated-2] [INFO] [1780510121.054680386] [controller_server]: Received a goal, begin computing control effort.
[component_container_isolated-2] [WARN] [1780510121.127026483] [controller_server]: Control loop missed its desired rate of 30.0000 Hz. Current loop rate is 33.3333 Hz.
[component_container_isolated-2] [WARN] [1780510121.430890315] [controller_server]: Control loop missed its desired rate of 30.0000 Hz. Current loop rate is 25.0000 Hz.
[component_container_isolated-2] [WARN] [1780510121.535333549] [controller_server]: Control loop missed its desired rate of 30.0000 Hz. Current loop rate is 33.3333 Hz.
[component_container_isolated-2] [WARN] [1780510121.736828070] [controller_server]: Control loop missed its desired rate of 30.0000 Hz. Current loop rate is 25.0000 Hz.
[component_container_isolated-2] [WARN] [1780510121.846408827] [controller_server]: Control loop missed its desired rate of 30.0000 Hz. Current loop rate is 25.0000 Hz.
[component_container_isolated-2] [WARN] [1780510121.962841858] [controller_server]: Control loop missed its desired rate of 30.0000 Hz. Current loop rate is 20.0000 Hz.
[component_container_isolated-2] [WARN] [1780510122.031457510] [controller_server]: Control loop missed its desired rate of 30.0000 Hz. Current loop rate is 25.0000 Hz.
[component_container_isolated-2] [WARN] [1780510122.134562439] [controller_server]: Control loop missed its desired rate of 30.0000 Hz. Current loop rate is 33.3333 Hz.
[component_container_isolated-2] [WARN] [1780510122.235155291] [controller_server]: Control loop missed its desired rate of 30.0000 Hz. Current loop rate is 33.3333 Hz.
[component_container_isolated-2] [WARN] [1780510122.335842032] [controller_server]: Control loop missed its desired rate of 30.0000 Hz. Current loop rate is 33.3333 Hz.
[component_container_isolated-2] [WARN] [1780510122.347351077] [planner_server]: Planner loop missed its desired rate of 999999999.0000 Hz. Current loop rate is 3.3333 Hz
[component_container_isolated-2] [INFO] [1780510122.369313101] [controller_server]: Passing new path to controller.
[component_container_isolated-2] [WARN] [1780510122.440520400] [controller_server]: Control loop missed its desired rate of 30.0000 Hz. Current loop rate is 25.0000 Hz.
[component_container_isolated-2] [WARN] [1780510122.541002195] [controller_server]: Control loop missed its desired rate of 30.0000 Hz. Current loop rate is 33.3333 Hz.
[component_container_isolated-2] [WARN] [1780510122.644645295] [controller_server]: Control loop missed its desired rate of 30.0000 Hz. Current loop rate is 33.3333 Hz.
[component_container_isolated-2] [WARN] [1780510122.749121431] [controller_server]: Control loop missed its desired rate of 30.0000 Hz. Current loop rate is 25.0000 Hz.
[component_container_isolated-2] [WARN] [1780510122.963737043] [controller_server]: Control loop missed its desired rate of 30.0000 Hz. Current loop rate is 20.0000 Hz.
[component_container_isolated-2] [WARN] [1780510123.051270481] [controller_server]: Control loop missed its desired rate of 30.0000 Hz. Current loop rate is 20.0000 Hz.
[component_container_isolated-2] [WARN] [1780510123.168574800] [controller_server]: Control loop missed its desired rate of 30.0000 Hz. Current loop rate is 25.0000 Hz.
[component_container_isolated-2] [WARN] [1780510123.241352660] [controller_server]: Control loop missed its desired rate of 30.0000 Hz. Current loop rate is 25.0000 Hz.
[component_container_isolated-2] [WARN] [1780510123.342884645] [controller_server]: Control loop missed its desired rate of 30.0000 Hz. Current loop rate is 33.3333 Hz.
[component_container_isolated-2] [WARN] [1780510123.443019593] [controller_server]: Control loop missed its desired rate of 30.0000 Hz. Current loop rate is 33.3333 Hz.
[component_container_isolated-2] [WARN] [1780510123.548217912] [controller_server]: Control loop missed its desired rate of 30.0000 Hz. Current loop rate is 25.0000 Hz.
[component_container_isolated-2] [WARN] [1780510123.567743790] [planner_server]: Planner loop missed its desired rate of 999999999.0000 Hz. Current loop rate is 5.0000 Hz
[component_container_isolated-2] [INFO] [1780510123.614999844] [controller_server]: Passing new path to controller.
[component_container_isolated-2] [WARN] [1780510123.952943266] [controller_server]: Control loop missed its desired rate of 30.0000 Hz. Current loop rate is 25.0000 Hz.
[component_container_isolated-2] [WARN] [1780510124.063066177] [controller_server]: Control loop missed its desired rate of 30.0000 Hz. Current loop rate is 25.0000 Hz.
[component_container_isolated-2] [WARN] [1780510124.153005757] [controller_server]: Control loop missed its desired rate of 30.0000 Hz. Current loop rate is 16.6667 Hz.
[component_container_isolated-2] [WARN] [1780510124.554234649] [controller_server]: Control loop missed its desired rate of 30.0000 Hz. Current loop rate is 33.3333 Hz.
[component_container_isolated-2] [WARN] [1780510124.637189909] [controller_server]: Control loop missed its desired rate of 30.0000 Hz. Current loop rate is 20.0000 Hz.
[component_container_isolated-2] [WARN] [1780510124.741134695] [controller_server]: Control loop missed its desired rate of 30.0000 Hz. Current loop rate is 25.0000 Hz.
[component_container_isolated-2] [WARN] [1780510124.822658477] [planner_server]: Planner loop missed its desired rate of 999999999.0000 Hz. Current loop rate is 4.3478 Hz
[component_container_isolated-2] [INFO] [1780510124.874590967] [controller_server]: Passing new path to controller.
[component_container_isolated-2] [WARN] [1780510125.162909491] [controller_server]: Control loop missed its desired rate of 30.0000 Hz. Current loop rate is 20.0000 Hz.
[component_container_isolated-2] [WARN] [1780510125.251662698] [controller_server]: Control loop missed its desired rate of 30.0000 Hz. Current loop rate is 16.6667 Hz.
[component_container_isolated-2] [WARN] [1780510125.459002253] [controller_server]: Control loop missed its desired rate of 30.0000 Hz. Current loop rate is 25.0000 Hz.
[component_container_isolated-2] [WARN] [1780510125.544821447] [controller_server]: Control loop missed its desired rate of 30.0000 Hz. Current loop rate is 20.0000 Hz.
[robot_mission_runner-4] [INFO] [1780510125.563631533] [robot_mission_runner]: Pose: (-18.46, -3.25), Elapsed: 5s, ETA: 79s, Dist remaining: 114.34m
[component_container_isolated-2] [WARN] [1780510125.651305757] [controller_server]: Control loop missed its desired rate of 30.0000 Hz. Current loop rate is 25.0000 Hz.
[component_container_isolated-2] [WARN] [1780510125.755737848] [controller_server]: Control loop missed its desired rate of 30.0000 Hz. Current loop rate is 33.3333 Hz.
[component_container_isolated-2] [WARN] [1780510125.841793884] [controller_server]: Control loop missed its desired rate of 30.0000 Hz. Current loop rate is 20.0000 Hz.
[component_container_isolated-2] [WARN] [1780510126.047464844] [controller_server]: Control loop missed its desired rate of 30.0000 Hz. Current loop rate is 33.3333 Hz.
[component_container_isolated-2] [WARN] [1780510126.084798400] [planner_server]: Planner loop missed its desired rate of 999999999.0000 Hz. Current loop rate is 4.1667 Hz
[component_container_isolated-2] [INFO] [1780510126.114268297] [controller_server]: Passing new path to controller.
[component_container_isolated-2] [WARN] [1780510126.448914780] [controller_server]: Control loop missed its desired rate of 30.0000 Hz. Current loop rate is 25.0000 Hz.
[component_container_isolated-2] [WARN] [1780510126.552605280] [controller_server]: Control loop missed its desired rate of 30.0000 Hz. Current loop rate is 25.0000 Hz.
[component_container_isolated-2] [WARN] [1780510127.313494053] [planner_server]: Planner loop missed its desired rate of 999999999.0000 Hz. Current loop rate is 4.7619 Hz
[component_container_isolated-2] [WARN] [1780510127.359558578] [controller_server]: Control loop missed its desired rate of 30.0000 Hz. Current loop rate is 25.0000 Hz.
[component_container_isolated-2] [INFO] [1780510127.359617004] [controller_server]: Passing new path to controller.
[component_container_isolated-2] [WARN] [1780510127.438183788] [controller_server]: Control loop missed its desired rate of 30.0000 Hz. Current loop rate is 20.0000 Hz.
[component_container_isolated-2] [WARN] [1780510127.747928629] [controller_server]: Control loop missed its desired rate of 30.0000 Hz. Current loop rate is 20.0000 Hz.
[component_container_isolated-2] [WARN] [1780510128.149787450] [controller_server]: Control loop missed its desired rate of 30.0000 Hz. Current loop rate is 25.0000 Hz.
[component_container_isolated-2] [WARN] [1780510128.528524478] [planner_server]: Planner loop missed its desired rate of 999999999.0000 Hz. Current loop rate is 5.2632 Hz
[component_container_isolated-2] [INFO] [1780510128.549911930] [controller_server]: Passing new path to controller.
[component_container_isolated-2] [WARN] [1780510128.753894803] [controller_server]: Control loop missed its desired rate of 30.0000 Hz. Current loop rate is 25.0000 Hz.
[component_container_isolated-2] [WARN] [1780510128.838910028] [controller_server]: Control loop missed its desired rate of 30.0000 Hz. Current loop rate is 16.6667 Hz.
[component_container_isolated-2] [WARN] [1780510128.946766652] [controller_server]: Control loop missed its desired rate of 30.0000 Hz. Current loop rate is 25.0000 Hz.
[component_container_isolated-2] [WARN] [1780510129.051393241] [controller_server]: Control loop missed its desired rate of 30.0000 Hz. Current loop rate is 25.0000 Hz.
[component_container_isolated-2] [WARN] [1780510129.160475092] [controller_server]: Control loop missed its desired rate of 30.0000 Hz. Current loop rate is 25.0000 Hz.
[component_container_isolated-2] [WARN] [1780510129.247860752] [controller_server]: Control loop missed its desired rate of 30.0000 Hz. Current loop rate is 16.6667 Hz.
[component_container_isolated-2] [WARN] [1780510129.753470123] [controller_server]: Control loop missed its desired rate of 30.0000 Hz. Current loop rate is 25.0000 Hz.
[component_container_isolated-2] [WARN] [1780510129.790160978] [planner_server]: Planner loop missed its desired rate of 999999999.0000 Hz. Current loop rate is 4.5455 Hz
[component_container_isolated-2] [WARN] [1780510129.834693214] [controller_server]: Control loop missed its desired rate of 30.0000 Hz. Current loop rate is 16.6667 Hz.
[component_container_isolated-2] [INFO] [1780510129.834756834] [controller_server]: Passing new path to controller.
[component_container_isolated-2] [WARN] [1780510129.939003755] [controller_server]: Control loop missed its desired rate of 30.0000 Hz. Current loop rate is 25.0000 Hz.
[component_container_isolated-2] [WARN] [1780510130.041058558] [controller_server]: Control loop missed its desired rate of 30.0000 Hz. Current loop rate is 25.0000 Hz.
[component_container_isolated-2] [WARN] [1780510130.141580467] [controller_server]: Control loop missed its desired rate of 30.0000 Hz. Current loop rate is 33.3333 Hz.
[component_container_isolated-2] [WARN] [1780510130.343199865] [controller_server]: Control loop missed its desired rate of 30.0000 Hz. Current loop rate is 33.3333 Hz.
[component_container_isolated-2] [WARN] [1780510130.446753636] [controller_server]: Control loop missed its desired rate of 30.0000 Hz. Current loop rate is 33.3333 Hz.
[component_container_isolated-2] [WARN] [1780510130.553603967] [controller_server]: Control loop missed its desired rate of 30.0000 Hz. Current loop rate is 25.0000 Hz.
[robot_mission_runner-4] [INFO] [1780510130.584384023] [robot_mission_runner]: Pose: (-18.41, -10.78), Elapsed: 10s, ETA: 71s, Dist remaining: 106.84m
[component_container_isolated-2] [WARN] [1780510130.656788950] [controller_server]: Control loop missed its desired rate of 30.0000 Hz. Current loop rate is 14.2857 Hz.
[component_container_isolated-2] [WARN] [1780510130.751709455] [controller_server]: Control loop missed its desired rate of 30.0000 Hz. Current loop rate is 16.6667 Hz.
[component_container_isolated-2] [WARN] [1780510130.980448085] [planner_server]: Planner loop missed its desired rate of 999999999.0000 Hz. Current loop rate is 5.8824 Hz
[component_container_isolated-2] [INFO] [1780510131.018507710] [controller_server]: Passing new path to controller.
[component_container_isolated-2] [WARN] [1780510131.355188786] [controller_server]: Control loop missed its desired rate of 30.0000 Hz. Current loop rate is 33.3333 Hz.
[component_container_isolated-2] [WARN] [1780510131.438803819] [controller_server]: Control loop missed its desired rate of 30.0000 Hz. Current loop rate is 20.0000 Hz.
[component_container_isolated-2] [WARN] [1780510131.541137394] [controller_server]: Control loop missed its desired rate of 30.0000 Hz. Current loop rate is 25.0000 Hz.
[component_container_isolated-2] [WARN] [1780510131.749169349] [controller_server]: Control loop missed its desired rate of 30.0000 Hz. Current loop rate is 25.0000 Hz.
[component_container_isolated-2] [WARN] [1780510131.857789395] [controller_server]: Control loop missed its desired rate of 30.0000 Hz. Current loop rate is 20.0000 Hz.
[component_container_isolated-2] [WARN] [1780510131.944954686] [controller_server]: Control loop missed its desired rate of 30.0000 Hz. Current loop rate is 20.0000 Hz.
[component_container_isolated-2] [WARN] [1780510132.054243813] [controller_server]: Control loop missed its desired rate of 30.0000 Hz. Current loop rate is 25.0000 Hz.
[component_container_isolated-2] [WARN] [1780510132.149687988] [controller_server]: Control loop missed its desired rate of 30.0000 Hz. Current loop rate is 14.2857 Hz.
[component_container_isolated-2] [WARN] [1780510132.178420906] [planner_server]: Planner loop missed its desired rate of 999999999.0000 Hz. Current loop rate is 5.8824 Hz
[component_container_isolated-2] [INFO] [1780510132.216485160] [controller_server]: Passing new path to controller.
[component_container_isolated-2] [WARN] [1780510132.354119798] [controller_server]: Control loop missed its desired rate of 30.0000 Hz. Current loop rate is 25.0000 Hz.
[component_container_isolated-2] [WARN] [1780510132.439113101] [controller_server]: Control loop missed its desired rate of 30.0000 Hz. Current loop rate is 16.6667 Hz.
[component_container_isolated-2] [WARN] [1780510132.743252228] [controller_server]: Control loop missed its desired rate of 30.0000 Hz. Current loop rate is 25.0000 Hz.
[component_container_isolated-2] [WARN] [1780510132.848879427] [controller_server]: Control loop missed its desired rate of 30.0000 Hz. Current loop rate is 25.0000 Hz.
[component_container_isolated-2] [WARN] [1780510133.374127525] [planner_server]: Planner loop missed its desired rate of 999999999.0000 Hz. Current loop rate is 5.8824 Hz
[component_container_isolated-2] [INFO] [1780510133.415679630] [controller_server]: Passing new path to controller.
[component_container_isolated-2] [WARN] [1780510133.551173645] [controller_server]: Control loop missed its desired rate of 30.0000 Hz. Current loop rate is 25.0000 Hz.
[component_container_isolated-2] [WARN] [1780510133.767505078] [controller_server]: Control loop missed its desired rate of 30.0000 Hz. Current loop rate is 25.0000 Hz.
[component_container_isolated-2] [WARN] [1780510133.847169197] [controller_server]: Control loop missed its desired rate of 30.0000 Hz. Current loop rate is 25.0000 Hz.
[component_container_isolated-2] [WARN] [1780510133.962327861] [controller_server]: Control loop missed its desired rate of 30.0000 Hz. Current loop rate is 20.0000 Hz.
[component_container_isolated-2] [WARN] [1780510134.045715670] [controller_server]: Control loop missed its desired rate of 30.0000 Hz. Current loop rate is 20.0000 Hz.
[component_container_isolated-2] [WARN] [1780510134.149607698] [controller_server]: Control loop missed its desired rate of 30.0000 Hz. Current loop rate is 25.0000 Hz.
[component_container_isolated-2] [WARN] [1780510134.252983766] [controller_server]: Control loop missed its desired rate of 30.0000 Hz. Current loop rate is 25.0000 Hz.
[component_container_isolated-2] [WARN] [1780510134.562942813] [planner_server]: Planner loop missed its desired rate of 999999999.0000 Hz. Current loop rate is 6.2500 Hz
[component_container_isolated-2] [INFO] [1780510134.586472791] [controller_server]: Passing new path to controller.
[component_container_isolated-2] [WARN] [1780510134.637808073] [controller_server]: Control loop missed its desired rate of 30.0000 Hz. Current loop rate is 16.6667 Hz.
[component_container_isolated-2] [WARN] [1780510134.740022203] [controller_server]: Control loop missed its desired rate of 30.0000 Hz. Current loop rate is 25.0000 Hz.
[component_container_isolated-2] [WARN] [1780510134.840913129] [controller_server]: Control loop missed its desired rate of 30.0000 Hz. Current loop rate is 25.0000 Hz.
[component_container_isolated-2] [WARN] [1780510134.945781233] [controller_server]: Control loop missed its desired rate of 30.0000 Hz. Current loop rate is 33.3333 Hz.
[component_container_isolated-2] [WARN] [1780510135.053429051] [controller_server]: Control loop missed its desired rate of 30.0000 Hz. Current loop rate is 25.0000 Hz.
[component_container_isolated-2] [WARN] [1780510135.164319665] [controller_server]: Control loop missed its desired rate of 30.0000 Hz. Current loop rate is 25.0000 Hz.
[component_container_isolated-2] [WARN] [1780510135.245255648] [controller_server]: Control loop missed its desired rate of 30.0000 Hz. Current loop rate is 25.0000 Hz.
[component_container_isolated-2] [WARN] [1780510135.360796572] [controller_server]: Control loop missed its desired rate of 30.0000 Hz. Current loop rate is 20.0000 Hz.
[component_container_isolated-2] [WARN] [1780510135.446249973] [controller_server]: Control loop missed its desired rate of 30.0000 Hz. Current loop rate is 20.0000 Hz.
[component_container_isolated-2] [WARN] [1780510135.553458183] [controller_server]: Control loop missed its desired rate of 30.0000 Hz. Current loop rate is 25.0000 Hz.
[robot_mission_runner-4] [INFO] [1780510135.605429125] [robot_mission_runner]: Pose: (-18.44, -18.31), Elapsed: 15s, ETA: 66s, Dist remaining: 99.41m
[component_container_isolated-2] [WARN] [1780510135.659246131] [controller_server]: Control loop missed its desired rate of 30.0000 Hz. Current loop rate is 25.0000 Hz.
[component_container_isolated-2] [WARN] [1780510135.755273398] [controller_server]: Control loop missed its desired rate of 30.0000 Hz. Current loop rate is 16.6667 Hz.
[component_container_isolated-2] [WARN] [1780510135.774987897] [planner_server]: Planner loop missed its desired rate of 999999999.0000 Hz. Current loop rate is 5.2632 Hz
[component_container_isolated-2] [INFO] [1780510135.788979771] [controller_server]: Passing new path to controller.
[component_container_isolated-2] [WARN] [1780510135.840265145] [controller_server]: Control loop missed its desired rate of 30.0000 Hz. Current loop rate is 20.0000 Hz.
[component_container_isolated-2] [WARN] [1780510135.944252108] [controller_server]: Control loop missed its desired rate of 30.0000 Hz. Current loop rate is 25.0000 Hz.
[component_container_isolated-2] [WARN] [1780510136.049648452] [controller_server]: Control loop missed its desired rate of 30.0000 Hz. Current loop rate is 25.0000 Hz.
[component_container_isolated-2] [WARN] [1780510136.162476258] [controller_server]: Control loop missed its desired rate of 30.0000 Hz. Current loop rate is 20.0000 Hz.
[component_container_isolated-2] [WARN] [1780510136.249785497] [controller_server]: Control loop missed its desired rate of 30.0000 Hz. Current loop rate is 16.6667 Hz.
[component_container_isolated-2] [WARN] [1780510136.353255452] [controller_server]: Control loop missed its desired rate of 30.0000 Hz. Current loop rate is 25.0000 Hz.
[component_container_isolated-2] [WARN] [1780510136.476926941] [controller_server]: Control loop missed its desired rate of 30.0000 Hz. Current loop rate is 20.0000 Hz.
[component_container_isolated-2] [WARN] [1780510136.557221540] [controller_server]: Control loop missed its desired rate of 30.0000 Hz. Current loop rate is 25.0000 Hz.
[component_container_isolated-2] [WARN] [1780510136.649316131] [controller_server]: Control loop missed its desired rate of 30.0000 Hz. Current loop rate is 16.6667 Hz.
[component_container_isolated-2] [WARN] [1780510136.778746286] [controller_server]: Control loop missed its desired rate of 30.0000 Hz. Current loop rate is 16.6667 Hz.
[component_container_isolated-2] [WARN] [1780510136.868540357] [controller_server]: Control loop missed its desired rate of 30.0000 Hz. Current loop rate is 20.0000 Hz.
[component_container_isolated-2] [WARN] [1780510136.933789328] [planner_server]: Planner loop missed its desired rate of 999999999.0000 Hz. Current loop rate is 6.2500 Hz
[component_container_isolated-2] [WARN] [1780510136.949628275] [controller_server]: Control loop missed its desired rate of 30.0000 Hz. Current loop rate is 20.0000 Hz.
[component_container_isolated-2] [INFO] [1780510136.983084815] [controller_server]: Passing new path to controller.
[component_container_isolated-2] [WARN] [1780510137.067440085] [controller_server]: Control loop missed its desired rate of 30.0000 Hz. Current loop rate is 20.0000 Hz.
[component_container_isolated-2] [WARN] [1780510137.149737282] [controller_server]: Control loop missed its desired rate of 30.0000 Hz. Current loop rate is 20.0000 Hz.
[component_container_isolated-2] [WARN] [1780510137.268273650] [controller_server]: Control loop missed its desired rate of 30.0000 Hz. Current loop rate is 20.0000 Hz.
[component_container_isolated-2] [WARN] [1780510137.357939663] [controller_server]: Control loop missed its desired rate of 30.0000 Hz. Current loop rate is 16.6667 Hz.
[component_container_isolated-2] [WARN] [1780510137.461146932] [controller_server]: Control loop missed its desired rate of 30.0000 Hz. Current loop rate is 14.2857 Hz.
[component_container_isolated-2] [WARN] [1780510137.556118854] [controller_server]: Control loop missed its desired rate of 30.0000 Hz. Current loop rate is 16.6667 Hz.
[component_container_isolated-2] [WARN] [1780510137.638048924] [controller_server]: Control loop missed its desired rate of 30.0000 Hz. Current loop rate is 20.0000 Hz.
[component_container_isolated-2] [WARN] [1780510137.738919330] [controller_server]: Control loop missed its desired rate of 30.0000 Hz. Current loop rate is 25.0000 Hz.
[component_container_isolated-2] [WARN] [1780510138.089997505] [planner_server]: Planner loop missed its desired rate of 999999999.0000 Hz. Current loop rate is 7.6923 Hz
[component_container_isolated-2] [INFO] [1780510138.105715109] [controller_server]: Passing new path to controller.
[component_container_isolated-2] [WARN] [1780510139.039138153] [controller_server]: Control loop missed its desired rate of 30.0000 Hz. Current loop rate is 25.0000 Hz.
[component_container_isolated-2] [WARN] [1780510139.141168281] [controller_server]: Control loop missed its desired rate of 30.0000 Hz. Current loop rate is 25.0000 Hz.
[component_container_isolated-2] [WARN] [1780510139.256435436] [planner_server]: Planner loop missed its desired rate of 999999999.0000 Hz. Current loop rate is 7.1429 Hz
[component_container_isolated-2] [WARN] [1780510139.257339996] [controller_server]: Control loop missed its desired rate of 30.0000 Hz. Current loop rate is 25.0000 Hz.
[component_container_isolated-2] [INFO] [1780510139.290779435] [controller_server]: Passing new path to controller.
[component_container_isolated-2] [WARN] [1780510139.335107553] [controller_server]: Control loop missed its desired rate of 30.0000 Hz. Current loop rate is 25.0000 Hz.
[component_container_isolated-2] [WARN] [1780510139.438704656] [controller_server]: Control loop missed its desired rate of 30.0000 Hz. Current loop rate is 25.0000 Hz.
[component_container_isolated-2] [WARN] [1780510139.958587007] [controller_server]: Control loop missed its desired rate of 30.0000 Hz. Current loop rate is 16.6667 Hz.
[component_container_isolated-2] [WARN] [1780510140.045479549] [controller_server]: Control loop missed its desired rate of 30.0000 Hz. Current loop rate is 20.0000 Hz.
[component_container_isolated-2] [WARN] [1780510140.153562483] [controller_server]: Control loop missed its desired rate of 30.0000 Hz. Current loop rate is 20.0000 Hz.
[component_container_isolated-2] [WARN] [1780510140.238841318] [controller_server]: Control loop missed its desired rate of 30.0000 Hz. Current loop rate is 16.6667 Hz.
[component_container_isolated-2] [WARN] [1780510140.339126280] [controller_server]: Control loop missed its desired rate of 30.0000 Hz. Current loop rate is 33.3333 Hz.
[component_container_isolated-2] [WARN] [1780510140.430284400] [planner_server]: Planner loop missed its desired rate of 999999999.0000 Hz. Current loop rate is 7.1429 Hz
[component_container_isolated-2] [WARN] [1780510140.441817649] [controller_server]: Control loop missed its desired rate of 30.0000 Hz. Current loop rate is 33.3333 Hz.
[component_container_isolated-2] [INFO] [1780510140.475248329] [controller_server]: Passing new path to controller.
[robot_mission_runner-4] [INFO] [1780510140.623045020] [robot_mission_runner]: Pose: (-19.06, -25.52), Elapsed: 20s, ETA: 61s, Dist remaining: 91.79m
[component_container_isolated-2] [WARN] [1780510140.744683895] [controller_server]: Control loop missed its desired rate of 30.0000 Hz. Current loop rate is 25.0000 Hz.
[component_container_isolated-2] [WARN] [1780510141.253375692] [controller_server]: Control loop missed its desired rate of 30.0000 Hz. Current loop rate is 20.0000 Hz.
[component_container_isolated-2] [WARN] [1780510141.358033018] [controller_server]: Control loop missed its desired rate of 30.0000 Hz. Current loop rate is 25.0000 Hz.
[component_container_isolated-2] [WARN] [1780510141.456719609] [controller_server]: Control loop missed its desired rate of 30.0000 Hz. Current loop rate is 14.2857 Hz.
[component_container_isolated-2] [WARN] [1780510141.550850517] [controller_server]: Control loop missed its desired rate of 30.0000 Hz. Current loop rate is 16.6667 Hz.
[component_container_isolated-2] [WARN] [1780510141.577387597] [planner_server]: Planner loop missed its desired rate of 999999999.0000 Hz. Current loop rate is 8.3333 Hz
[component_container_isolated-2] [INFO] [1780510141.617652081] [controller_server]: Passing new path to controller.
[component_container_isolated-2] [WARN] [1780510141.660499743] [controller_server]: Control loop missed its desired rate of 30.0000 Hz. Current loop rate is 25.0000 Hz.
[component_container_isolated-2] [WARN] [1780510141.739281681] [controller_server]: Control loop missed its desired rate of 30.0000 Hz. Current loop rate is 20.0000 Hz.
[component_container_isolated-2] [WARN] [1780510141.941354262] [controller_server]: Control loop missed its desired rate of 30.0000 Hz. Current loop rate is 33.3333 Hz.
[component_container_isolated-2] [WARN] [1780510142.044573163] [controller_server]: Control loop missed its desired rate of 30.0000 Hz. Current loop rate is 25.0000 Hz.
[component_container_isolated-2] [WARN] [1780510142.167161631] [controller_server]: Control loop missed its desired rate of 30.0000 Hz. Current loop rate is 16.6667 Hz.
[component_container_isolated-2] [WARN] [1780510142.239267118] [controller_server]: Control loop missed its desired rate of 30.0000 Hz. Current loop rate is 25.0000 Hz.
[component_container_isolated-2] [WARN] [1780510142.454073044] [controller_server]: Control loop missed its desired rate of 30.0000 Hz. Current loop rate is 20.0000 Hz.
[component_container_isolated-2] [WARN] [1780510142.556661529] [controller_server]: Control loop missed its desired rate of 30.0000 Hz. Current loop rate is 14.2857 Hz.
[component_container_isolated-2] [WARN] [1780510142.645923576] [controller_server]: Control loop missed its desired rate of 30.0000 Hz. Current loop rate is 16.6667 Hz.
[component_container_isolated-2] [WARN] [1780510142.742171239] [planner_server]: Planner loop missed its desired rate of 999999999.0000 Hz. Current loop rate is 6.6667 Hz
[component_container_isolated-2] [INFO] [1780510142.779848756] [controller_server]: Passing new path to controller.
[component_container_isolated-2] [WARN] [1780510143.171804102] [controller_server]: Control loop missed its desired rate of 30.0000 Hz. Current loop rate is 16.6667 Hz.
[component_container_isolated-2] [WARN] [1780510143.339357063] [controller_server]: Control loop missed its desired rate of 30.0000 Hz. Current loop rate is 25.0000 Hz.
[component_container_isolated-2] [WARN] [1780510143.884305120] [planner_server]: Planner loop missed its desired rate of 999999999.0000 Hz. Current loop rate is 9.0909 Hz
[component_container_isolated-2] [INFO] [1780510143.906148255] [controller_server]: Passing new path to controller.
[component_container_isolated-2] [WARN] [1780510144.048427031] [controller_server]: Control loop missed its desired rate of 30.0000 Hz. Current loop rate is 20.0000 Hz.
[component_container_isolated-2] [WARN] [1780510144.360304719] [controller_server]: Control loop missed its desired rate of 30.0000 Hz. Current loop rate is 25.0000 Hz.
[component_container_isolated-2] [WARN] [1780510144.540748254] [controller_server]: Control loop missed its desired rate of 30.0000 Hz. Current loop rate is 20.0000 Hz.
[component_container_isolated-2] [WARN] [1780510144.661825272] [controller_server]: Control loop missed its desired rate of 30.0000 Hz. Current loop rate is 20.0000 Hz.
[component_container_isolated-2] [WARN] [1780510144.745742290] [controller_server]: Control loop missed its desired rate of 30.0000 Hz. Current loop rate is 16.6667 Hz.
[component_container_isolated-2] [WARN] [1780510144.848372508] [controller_server]: Control loop missed its desired rate of 30.0000 Hz. Current loop rate is 25.0000 Hz.
[component_container_isolated-2] [WARN] [1780510145.028642738] [planner_server]: Planner loop missed its desired rate of 999999999.0000 Hz. Current loop rate is 8.3333 Hz
[component_container_isolated-2] [WARN] [1780510145.049646757] [controller_server]: Control loop missed its desired rate of 30.0000 Hz. Current loop rate is 25.0000 Hz.
[component_container_isolated-2] [INFO] [1780510145.049713804] [controller_server]: Passing new path to controller.
[component_container_isolated-2] [WARN] [1780510145.450708134] [controller_server]: Control loop missed its desired rate of 30.0000 Hz. Current loop rate is 33.3333 Hz.
[robot_mission_runner-4] [INFO] [1780510145.645798559] [robot_mission_runner]: Pose: (-18.44, -32.96), Elapsed: 25s, ETA: 56s, Dist remaining: 84.36m
[component_container_isolated-2] [WARN] [1780510145.758607967] [controller_server]: Control loop missed its desired rate of 30.0000 Hz. Current loop rate is 25.0000 Hz.
[component_container_isolated-2] [WARN] [1780510145.826766159] [controller_server]: Control loop missed its desired rate of 30.0000 Hz. Current loop rate is 25.0000 Hz.
[component_container_isolated-2] [WARN] [1780510145.933324186] [controller_server]: Control loop missed its desired rate of 30.0000 Hz. Current loop rate is 25.0000 Hz.
[component_container_isolated-2] [WARN] [1780510146.034775579] [controller_server]: Control loop missed its desired rate of 30.0000 Hz. Current loop rate is 25.0000 Hz.
[component_container_isolated-2] [WARN] [1780510146.137126689] [controller_server]: Control loop missed its desired rate of 30.0000 Hz. Current loop rate is 25.0000 Hz.
[component_container_isolated-2] [WARN] [1780510146.164939984] [planner_server]: Planner loop missed its desired rate of 999999999.0000 Hz. Current loop rate is 8.3333 Hz
[component_container_isolated-2] [INFO] [1780510146.204108028] [controller_server]: Passing new path to controller.
[component_container_isolated-2] [WARN] [1780510146.752192438] [controller_server]: Control loop missed its desired rate of 30.0000 Hz. Current loop rate is 16.6667 Hz.
[component_container_isolated-2] [WARN] [1780510146.862904971] [controller_server]: Control loop missed its desired rate of 30.0000 Hz. Current loop rate is 25.0000 Hz.
[component_container_isolated-2] [WARN] [1780510146.954343343] [controller_server]: Control loop missed its desired rate of 30.0000 Hz. Current loop rate is 14.2857 Hz.
[component_container_isolated-2] [WARN] [1780510147.055803593] [controller_server]: Control loop missed its desired rate of 30.0000 Hz. Current loop rate is 14.2857 Hz.
[component_container_isolated-2] [WARN] [1780510147.124551413] [controller_server]: Control loop missed its desired rate of 30.0000 Hz. Current loop rate is 33.3333 Hz.
[component_container_isolated-2] [WARN] [1780510147.244686849] [controller_server]: Control loop missed its desired rate of 30.0000 Hz. Current loop rate is 16.6667 Hz.
[component_container_isolated-2] [WARN] [1780510147.296990874] [planner_server]: Planner loop missed its desired rate of 999999999.0000 Hz. Current loop rate is 9.0909 Hz
[component_container_isolated-2] [INFO] [1780510147.311493476] [controller_server]: Passing new path to controller.
[component_container_isolated-2] [WARN] [1780510147.357031798] [controller_server]: Control loop missed its desired rate of 30.0000 Hz. Current loop rate is 20.0000 Hz.
[component_container_isolated-2] [WARN] [1780510147.450994601] [controller_server]: Control loop missed its desired rate of 30.0000 Hz. Current loop rate is 16.6667 Hz.
[component_container_isolated-2] [WARN] [1780510147.570113314] [controller_server]: Control loop missed its desired rate of 30.0000 Hz. Current loop rate is 20.0000 Hz.
[component_container_isolated-2] [WARN] [1780510147.654748387] [controller_server]: Control loop missed its desired rate of 30.0000 Hz. Current loop rate is 16.6667 Hz.
[component_container_isolated-2] [WARN] [1780510147.752057406] [controller_server]: Control loop missed its desired rate of 30.0000 Hz. Current loop rate is 16.6667 Hz.
[component_container_isolated-2] [WARN] [1780510147.854842189] [controller_server]: Control loop missed its desired rate of 30.0000 Hz. Current loop rate is 25.0000 Hz.
[component_container_isolated-2] [WARN] [1780510147.927308221] [controller_server]: Control loop missed its desired rate of 30.0000 Hz. Current loop rate is 25.0000 Hz.
[component_container_isolated-2] [WARN] [1780510148.040847002] [controller_server]: Control loop missed its desired rate of 30.0000 Hz. Current loop rate is 20.0000 Hz.
[component_container_isolated-2] [WARN] [1780510148.145470271] [controller_server]: Control loop missed its desired rate of 30.0000 Hz. Current loop rate is 20.0000 Hz.
[component_container_isolated-2] [WARN] [1780510148.267971525] [controller_server]: Control loop missed its desired rate of 30.0000 Hz. Current loop rate is 16.6667 Hz.
[component_container_isolated-2] [WARN] [1780510148.368852717] [controller_server]: Control loop missed its desired rate of 30.0000 Hz. Current loop rate is 14.2857 Hz.
[component_container_isolated-2] [WARN] [1780510148.406436438] [planner_server]: Planner loop missed its desired rate of 999999999.0000 Hz. Current loop rate is 10.0000 Hz
[component_container_isolated-2] [WARN] [1780510148.437293771] [controller_server]: Control loop missed its desired rate of 30.0000 Hz. Current loop rate is 25.0000 Hz.
[component_container_isolated-2] [INFO] [1780510148.437355012] [controller_server]: Passing new path to controller.
[component_container_isolated-2] [WARN] [1780510148.561592321] [controller_server]: Control loop missed its desired rate of 30.0000 Hz. Current loop rate is 16.6667 Hz.
[component_container_isolated-2] [WARN] [1780510148.636662361] [controller_server]: Control loop missed its desired rate of 30.0000 Hz. Current loop rate is 20.0000 Hz.
[component_container_isolated-2] [WARN] [1780510148.738827959] [controller_server]: Control loop missed its desired rate of 30.0000 Hz. Current loop rate is 25.0000 Hz.
[component_container_isolated-2] [WARN] [1780510148.942941949] [controller_server]: Control loop missed its desired rate of 30.0000 Hz. Current loop rate is 25.0000 Hz.
[component_container_isolated-2] [WARN] [1780510149.052106446] [controller_server]: Control loop missed its desired rate of 30.0000 Hz. Current loop rate is 25.0000 Hz.
[component_container_isolated-2] [WARN] [1780510149.162964799] [controller_server]: Control loop missed its desired rate of 30.0000 Hz. Current loop rate is 25.0000 Hz.
[component_container_isolated-2] [WARN] [1780510149.332382234] [controller_server]: Control loop missed its desired rate of 30.0000 Hz. Current loop rate is 25.0000 Hz.
[component_container_isolated-2] [WARN] [1780510149.432550625] [controller_server]: Control loop missed its desired rate of 30.0000 Hz. Current loop rate is 25.0000 Hz.
[component_container_isolated-2] [WARN] [1780510149.512992656] [planner_server]: Planner loop missed its desired rate of 999999999.0000 Hz. Current loop rate is 12.5000 Hz
[component_container_isolated-2] [WARN] [1780510149.534456609] [controller_server]: Control loop missed its desired rate of 30.0000 Hz. Current loop rate is 25.0000 Hz.
[component_container_isolated-2] [INFO] [1780510149.534517061] [controller_server]: Passing new path to controller.
[component_container_isolated-2] [WARN] [1780510149.639498064] [controller_server]: Control loop missed its desired rate of 30.0000 Hz. Current loop rate is 25.0000 Hz.
[component_container_isolated-2] [WARN] [1780510150.556653057] [controller_server]: Control loop missed its desired rate of 30.0000 Hz. Current loop rate is 16.6667 Hz.
[component_container_isolated-2] [WARN] [1780510150.610046105] [planner_server]: Planner loop missed its desired rate of 999999999.0000 Hz. Current loop rate is 14.2857 Hz
[component_container_isolated-2] [WARN] [1780510150.643627709] [controller_server]: Control loop missed its desired rate of 30.0000 Hz. Current loop rate is 20.0000 Hz.
[component_container_isolated-2] [INFO] [1780510150.643685227] [controller_server]: Passing new path to controller.
[robot_mission_runner-4] [INFO] [1780510150.668072829] [robot_mission_runner]: Pose: (-19.53, -40.34), Elapsed: 30s, ETA: 51s, Dist remaining: 76.77m
[component_container_isolated-2] [WARN] [1780510150.849877770] [controller_server]: Control loop missed its desired rate of 30.0000 Hz. Current loop rate is 25.0000 Hz.
[component_container_isolated-2] [WARN] [1780510150.951628435] [controller_server]: Control loop missed its desired rate of 30.0000 Hz. Current loop rate is 33.3333 Hz.
[component_container_isolated-2] [WARN] [1780510151.688897433] [planner_server]: Planner loop missed its desired rate of 999999999.0000 Hz. Current loop rate is 16.6667 Hz
[component_container_isolated-2] [INFO] [1780510151.718445107] [controller_server]: Passing new path to controller.
[component_container_isolated-2] [WARN] [1780510151.857301073] [controller_server]: Control loop missed its desired rate of 30.0000 Hz. Current loop rate is 25.0000 Hz.
[component_container_isolated-2] [WARN] [1780510151.937686892] [controller_server]: Control loop missed its desired rate of 30.0000 Hz. Current loop rate is 20.0000 Hz.
[component_container_isolated-2] [WARN] [1780510152.051274174] [controller_server]: Control loop missed its desired rate of 30.0000 Hz. Current loop rate is 20.0000 Hz.
[component_container_isolated-2] [WARN] [1780510152.153083116] [controller_server]: Control loop missed its desired rate of 30.0000 Hz. Current loop rate is 33.3333 Hz.
[component_container_isolated-2] [WARN] [1780510152.355411904] [controller_server]: Control loop missed its desired rate of 30.0000 Hz. Current loop rate is 25.0000 Hz.
[component_container_isolated-2] [WARN] [1780510152.424819415] [controller_server]: Control loop missed its desired rate of 30.0000 Hz. Current loop rate is 25.0000 Hz.
[component_container_isolated-2] [WARN] [1780510152.538756176] [controller_server]: Control loop missed its desired rate of 30.0000 Hz. Current loop rate is 20.0000 Hz.
[component_container_isolated-2] [WARN] [1780510152.769739824] [planner_server]: Planner loop missed its desired rate of 999999999.0000 Hz. Current loop rate is 16.6667 Hz
[component_container_isolated-2] [INFO] [1780510152.805676942] [controller_server]: Passing new path to controller.
[component_container_isolated-2] [WARN] [1780510153.849041980] [planner_server]: Planner loop missed its desired rate of 999999999.0000 Hz. Current loop rate is 14.2857 Hz
[component_container_isolated-2] [INFO] [1780510153.872252486] [controller_server]: Passing new path to controller.
[component_container_isolated-2] [WARN] [1780510154.898131048] [planner_server]: Planner loop missed its desired rate of 999999999.0000 Hz. Current loop rate is 25.0000 Hz
[component_container_isolated-2] [INFO] [1780510154.938918980] [controller_server]: Passing new path to controller.
[component_container_isolated-2] [WARN] [1780510155.247096705] [controller_server]: Control loop missed its desired rate of 30.0000 Hz. Current loop rate is 25.0000 Hz.
[robot_mission_runner-4] [INFO] [1780510155.687335577] [robot_mission_runner]: Pose: (-17.58, -47.54), Elapsed: 35s, ETA: 46s, Dist remaining: 69.04m
[component_container_isolated-2] [WARN] [1780510155.947232259] [planner_server]: Planner loop missed its desired rate of 999999999.0000 Hz. Current loop rate is 20.0000 Hz
[component_container_isolated-2] [INFO] [1780510155.980548327] [controller_server]: Passing new path to controller.
[component_container_isolated-2] [WARN] [1780510156.992622664] [planner_server]: Planner loop missed its desired rate of 999999999.0000 Hz. Current loop rate is 33.3333 Hz
[component_container_isolated-2] [INFO] [1780510157.013903043] [controller_server]: Passing new path to controller.
[component_container_isolated-2] [WARN] [1780510158.043589814] [planner_server]: Planner loop missed its desired rate of 999999999.0000 Hz. Current loop rate is 33.3333 Hz
[component_container_isolated-2] [INFO] [1780510158.080573251] [controller_server]: Passing new path to controller.
[component_container_isolated-2] [WARN] [1780510159.141553000] [planner_server]: Planner loop missed its desired rate of 999999999.0000 Hz. Current loop rate is 12.5000 Hz
[component_container_isolated-2] [INFO] [1780510159.180556267] [controller_server]: Passing new path to controller.
[component_container_isolated-2] [WARN] [1780510160.185252152] [planner_server]: Planner loop missed its desired rate of 999999999.0000 Hz. Current loop rate is 50.0000 Hz
[component_container_isolated-2] [INFO] [1780510160.214023330] [controller_server]: Passing new path to controller.
[robot_mission_runner-4] [INFO] [1780510160.723798786] [robot_mission_runner]: Pose: (-10.98, -50.39), Elapsed: 40s, ETA: 41s, Dist remaining: 61.63m
[component_container_isolated-2] [WARN] [1780510161.232115325] [planner_server]: Planner loop missed its desired rate of 999999999.0000 Hz. Current loop rate is 33.3333 Hz
[component_container_isolated-2] [INFO] [1780510161.247222627] [controller_server]: Passing new path to controller.
[component_container_isolated-2] [WARN] [1780510162.275093141] [planner_server]: Planner loop missed its desired rate of 999999999.0000 Hz. Current loop rate is 50.0000 Hz
[component_container_isolated-2] [INFO] [1780510162.313897585] [controller_server]: Passing new path to controller.
[component_container_isolated-2] [WARN] [1780510163.346660051] [planner_server]: Planner loop missed its desired rate of 999999999.0000 Hz. Current loop rate is 16.6667 Hz
[component_container_isolated-2] [INFO] [1780510163.381006492] [controller_server]: Passing new path to controller.
[component_container_isolated-2] [WARN] [1780510164.397247292] [planner_server]: Planner loop missed its desired rate of 999999999.0000 Hz. Current loop rate is 25.0000 Hz
[component_container_isolated-2] [INFO] [1780510164.413881688] [controller_server]: Passing new path to controller.
[component_container_isolated-2] [WARN] [1780510165.445015427] [planner_server]: Planner loop missed its desired rate of 999999999.0000 Hz. Current loop rate is 33.3333 Hz
[component_container_isolated-2] [INFO] [1780510165.480555131] [controller_server]: Passing new path to controller.
[robot_mission_runner-4] [INFO] [1780510165.741227215] [robot_mission_runner]: Pose: (-3.44, -50.39), Elapsed: 45s, ETA: 35s, Dist remaining: 53.99m
[component_container_isolated-2] [WARN] [1780510166.492008704] [planner_server]: Planner loop missed its desired rate of 999999999.0000 Hz. Current loop rate is 50.0000 Hz
[component_container_isolated-2] [INFO] [1780510166.513899736] [controller_server]: Passing new path to controller.
[component_container_isolated-2] [WARN] [1780510167.539313672] [planner_server]: Planner loop missed its desired rate of 999999999.0000 Hz. Current loop rate is 50.0000 Hz
[component_container_isolated-2] [INFO] [1780510167.580562048] [controller_server]: Passing new path to controller.
[component_container_isolated-2] [WARN] [1780510168.645576683] [planner_server]: Planner loop missed its desired rate of 999999999.0000 Hz. Current loop rate is 12.5000 Hz
[component_container_isolated-2] [INFO] [1780510168.680556371] [controller_server]: Passing new path to controller.
[component_container_isolated-2] [WARN] [1780510169.674083470] [planner_server]: Planner loop missed its desired rate of 999999999.0000 Hz. Current loop rate is 100.0000 Hz
[component_container_isolated-2] [INFO] [1780510169.713884002] [controller_server]: Passing new path to controller.
[component_container_isolated-2] [WARN] [1780510170.706177880] [planner_server]: Planner loop missed its desired rate of 999999999.0000 Hz. Current loop rate is 100.0000 Hz
[component_container_isolated-2] [INFO] [1780510170.747249171] [controller_server]: Passing new path to controller.
[robot_mission_runner-4] [INFO] [1780510170.759277101] [robot_mission_runner]: Pose: (4.09, -50.35), Elapsed: 50s, ETA: 30s, Dist remaining: 46.43m
[component_container_isolated-2] [WARN] [1780510171.747007111] [planner_server]: Planner loop missed its desired rate of 999999999.0000 Hz. Current loop rate is 50.0000 Hz
[component_container_isolated-2] [INFO] [1780510171.780547827] [controller_server]: Passing new path to controller.
[component_container_isolated-2] [WARN] [1780510172.779480651] [planner_server]: Planner loop missed its desired rate of 999999999.0000 Hz. Current loop rate is 50.0000 Hz
[component_container_isolated-2] [INFO] [1780510172.813887335] [controller_server]: Passing new path to controller.
[component_container_isolated-2] [WARN] [1780510173.806325622] [planner_server]: Planner loop missed its desired rate of 999999999.0000 Hz. Current loop rate is 100.0000 Hz
[component_container_isolated-2] [INFO] [1780510173.847215851] [controller_server]: Passing new path to controller.
[component_container_isolated-2] [WARN] [1780510174.842324049] [planner_server]: Planner loop missed its desired rate of 999999999.0000 Hz. Current loop rate is 50.0000 Hz
[component_container_isolated-2] [INFO] [1780510174.880549450] [controller_server]: Passing new path to controller.
[robot_mission_runner-4] [INFO] [1780510175.775150553] [robot_mission_runner]: Pose: (11.62, -50.38), Elapsed: 55s, ETA: 26s, Dist remaining: 39.02m
[component_container_isolated-2] [WARN] [1780510175.896994887] [planner_server]: Planner loop missed its desired rate of 999999999.0000 Hz. Current loop rate is 33.3333 Hz
[component_container_isolated-2] [INFO] [1780510175.947262579] [controller_server]: Passing new path to controller.
[component_container_isolated-2] [WARN] [1780510176.353807480] [controller_server]: Control loop missed its desired rate of 30.0000 Hz. Current loop rate is 25.0000 Hz.
[component_container_isolated-2] [WARN] [1780510176.448772867] [controller_server]: Control loop missed its desired rate of 30.0000 Hz. Current loop rate is 16.6667 Hz.
[component_container_isolated-2] [WARN] [1780510176.945199495] [planner_server]: Planner loop missed its desired rate of 999999999.0000 Hz. Current loop rate is 33.3333 Hz
[component_container_isolated-2] [INFO] [1780510176.982740926] [controller_server]: Passing new path to controller.
[component_container_isolated-2] [WARN] [1780510177.984822068] [planner_server]: Planner loop missed its desired rate of 999999999.0000 Hz. Current loop rate is 50.0000 Hz
[component_container_isolated-2] [INFO] [1780510178.016080119] [controller_server]: Passing new path to controller.
[component_container_isolated-2] [WARN] [1780510179.008382399] [planner_server]: Planner loop missed its desired rate of 999999999.0000 Hz. Current loop rate is 100.0000 Hz
[component_container_isolated-2] [INFO] [1780510179.049532459] [controller_server]: Passing new path to controller.
[component_container_isolated-2] [WARN] [1780510180.041313116] [planner_server]: Planner loop missed its desired rate of 999999999.0000 Hz. Current loop rate is 100.0000 Hz
[component_container_isolated-2] [INFO] [1780510180.082748924] [controller_server]: Passing new path to controller.
[robot_mission_runner-4] [INFO] [1780510180.794588122] [robot_mission_runner]: Pose: (19.15, -50.37), Elapsed: 60s, ETA: 20s, Dist remaining: 31.42m
[component_container_isolated-2] [WARN] [1780510181.138250355] [planner_server]: Planner loop missed its desired rate of 999999999.0000 Hz. Current loop rate is 11.1111 Hz
[component_container_isolated-2] [INFO] [1780510181.182742971] [controller_server]: Passing new path to controller.
[component_container_isolated-2] [WARN] [1780510182.271563098] [planner_server]: Planner loop missed its desired rate of 999999999.0000 Hz. Current loop rate is 9.0909 Hz
[component_container_isolated-2] [INFO] [1780510182.282748348] [controller_server]: Passing new path to controller.
[component_container_isolated-2] [WARN] [1780510183.297948545] [planner_server]: Planner loop missed its desired rate of 999999999.0000 Hz. Current loop rate is 50.0000 Hz
[component_container_isolated-2] [INFO] [1780510183.316080627] [controller_server]: Passing new path to controller.
[component_container_isolated-2] [WARN] [1780510184.339593612] [planner_server]: Planner loop missed its desired rate of 999999999.0000 Hz. Current loop rate is 33.3333 Hz
[component_container_isolated-2] [INFO] [1780510184.382748974] [controller_server]: Passing new path to controller.
[component_container_isolated-2] [WARN] [1780510185.370879765] [planner_server]: Planner loop missed its desired rate of 999999999.0000 Hz. Current loop rate is 100.0000 Hz
[component_container_isolated-2] [INFO] [1780510185.416091800] [controller_server]: Passing new path to controller.
[robot_mission_runner-4] [INFO] [1780510185.812881426] [robot_mission_runner]: Pose: (26.66, -50.38), Elapsed: 65s, ETA: 16s, Dist remaining: 24.19m
[component_container_isolated-2] [WARN] [1780510186.399571626] [planner_server]: Planner loop missed its desired rate of 999999999.0000 Hz. Current loop rate is 100.0000 Hz
[component_container_isolated-2] [INFO] [1780510186.416084957] [controller_server]: Passing new path to controller.
[component_container_isolated-2] [WARN] [1780510187.429703271] [planner_server]: Planner loop missed its desired rate of 999999999.0000 Hz. Current loop rate is 100.0000 Hz
[component_container_isolated-2] [INFO] [1780510187.449414399] [controller_server]: Passing new path to controller.
[component_container_isolated-2] [WARN] [1780510188.459262807] [planner_server]: Planner loop missed its desired rate of 999999999.0000 Hz. Current loop rate is 100.0000 Hz
[component_container_isolated-2] [INFO] [1780510188.482745201] [controller_server]: Passing new path to controller.
[component_container_isolated-2] [WARN] [1780510189.479677723] [planner_server]: Planner loop missed its desired rate of 999999999.0000 Hz. Current loop rate is 100.0000 Hz
[component_container_isolated-2] [INFO] [1780510189.516076883] [controller_server]: Passing new path to controller.
[vlm_node-3] [INFO] [1780510189.763136159] [vlm_node]: Completed prompt: "Check if there are any small hazards on the ground that would cause harm to the robot if it navigated over it OR the area is blocked by large objects that make it impassable. If so respond only yes. Otherwise, respond no." with response: True
[vlm_node-3] [INFO] [1780510189.763446574] [vlm_node]: VLM_QUERY|QueryBool|success|82.15|1|
[component_container_isolated-2] [WARN] [1780510190.499049951] [planner_server]: Planner loop missed its desired rate of 999999999.0000 Hz. Current loop rate is 100.0000 Hz
[component_container_isolated-2] [INFO] [1780510190.516088945] [controller_server]: Passing new path to controller.
[component_container_isolated-2] [WARN] [1780510190.549613418] [controller_server]: Control loop missed its desired rate of 30.0000 Hz. Current loop rate is 25.0000 Hz.
[robot_mission_runner-4] [INFO] [1780510190.837122319] [robot_mission_runner]: Pose: (34.21, -50.36), Elapsed: 70s, ETA: 11s, Dist remaining: 16.62m
[component_container_isolated-2] [WARN] [1780510190.951367921] [controller_server]: Control loop missed its desired rate of 30.0000 Hz. Current loop rate is 25.0000 Hz.
[component_container_isolated-2] [WARN] [1780510191.053769580] [controller_server]: Control loop missed its desired rate of 30.0000 Hz. Current loop rate is 25.0000 Hz.
[component_container_isolated-2] [WARN] [1780510191.231346110] [controller_server]: Control loop missed its desired rate of 30.0000 Hz. Current loop rate is 25.0000 Hz.
[component_container_isolated-2] [WARN] [1780510191.528290286] [planner_server]: Planner loop missed its desired rate of 999999999.0000 Hz. Current loop rate is 50.0000 Hz
[component_container_isolated-2] [WARN] [1780510191.536956403] [controller_server]: Control loop missed its desired rate of 30.0000 Hz. Current loop rate is 25.0000 Hz.
[component_container_isolated-2] [INFO] [1780510191.570419415] [controller_server]: Passing new path to controller.
[component_container_isolated-2] [WARN] [1780510191.837075485] [controller_server]: Control loop missed its desired rate of 30.0000 Hz. Current loop rate is 25.0000 Hz.
[component_container_isolated-2] [WARN] [1780510192.040380300] [controller_server]: Control loop missed its desired rate of 30.0000 Hz. Current loop rate is 25.0000 Hz.
[component_container_isolated-2] [WARN] [1780510192.443319357] [controller_server]: Control loop missed its desired rate of 30.0000 Hz. Current loop rate is 25.0000 Hz.
[component_container_isolated-2] [WARN] [1780510192.625439553] [planner_server]: Planner loop missed its desired rate of 999999999.0000 Hz. Current loop rate is 14.2857 Hz
[component_container_isolated-2] [INFO] [1780510192.643466236] [controller_server]: Passing new path to controller.
[component_container_isolated-2] [WARN] [1780510193.547667295] [controller_server]: Control loop missed its desired rate of 30.0000 Hz. Current loop rate is 25.0000 Hz.
[component_container_isolated-2] [WARN] [1780510193.648034691] [planner_server]: Planner loop missed its desired rate of 999999999.0000 Hz. Current loop rate is 100.0000 Hz
[component_container_isolated-2] [INFO] [1780510193.681141010] [controller_server]: Passing new path to controller.
[component_container_isolated-2] [WARN] [1780510193.751146941] [controller_server]: Control loop missed its desired rate of 30.0000 Hz. Current loop rate is 25.0000 Hz.
[component_container_isolated-2] [WARN] [1780510194.254083053] [controller_server]: Control loop missed its desired rate of 30.0000 Hz. Current loop rate is 25.0000 Hz.
[component_container_isolated-2] [WARN] [1780510194.327780047] [controller_server]: Control loop missed its desired rate of 30.0000 Hz. Current loop rate is 25.0000 Hz.
[component_container_isolated-2] [WARN] [1780510194.437627629] [controller_server]: Control loop missed its desired rate of 30.0000 Hz. Current loop rate is 20.0000 Hz.
[component_container_isolated-2] [WARN] [1780510194.542731494] [controller_server]: Control loop missed its desired rate of 30.0000 Hz. Current loop rate is 25.0000 Hz.
[component_container_isolated-2] [WARN] [1780510194.667422226] [planner_server]: Planner loop missed its desired rate of 999999999.0000 Hz. Current loop rate is 100.0000 Hz
[component_container_isolated-2] [INFO] [1780510194.709583066] [controller_server]: Passing new path to controller.
[component_container_isolated-2] [WARN] [1780510195.687720898] [planner_server]: Planner loop missed its desired rate of 999999999.0000 Hz. Current loop rate is 100.0000 Hz
[component_container_isolated-2] [INFO] [1780510195.709624837] [controller_server]: Passing new path to controller.
[robot_mission_runner-4] [INFO] [1780510195.856431482] [robot_mission_runner]: Pose: (41.67, -49.65), Elapsed: 75s, ETA: 6s, Dist remaining: 9.05m
[component_container_isolated-2] [WARN] [1780510196.444615429] [controller_server]: Control loop missed its desired rate of 30.0000 Hz. Current loop rate is 25.0000 Hz.
[component_container_isolated-2] [INFO] [1780510196.744747623] [controller_server]: Passing new path to controller.
[component_container_isolated-2] [WARN] [1780510197.760598123] [controller_server]: Control loop missed its desired rate of 30.0000 Hz. Current loop rate is 20.0000 Hz.
[component_container_isolated-2] [INFO] [1780510197.794074382] [controller_server]: Passing new path to controller.
[component_container_isolated-2] [WARN] [1780510197.843376886] [controller_server]: Control loop missed its desired rate of 30.0000 Hz. Current loop rate is 20.0000 Hz.
[component_container_isolated-2] [WARN] [1780510198.448871851] [controller_server]: Control loop missed its desired rate of 30.0000 Hz. Current loop rate is 20.0000 Hz.
[component_container_isolated-2] [INFO] [1780510198.815682943] [controller_server]: Passing new path to controller.
[component_container_isolated-2] [WARN] [1780510198.852154149] [controller_server]: Control loop missed its desired rate of 30.0000 Hz. Current loop rate is 25.0000 Hz.
[component_container_isolated-2] [WARN] [1780510198.952237348] [controller_server]: Control loop missed its desired rate of 30.0000 Hz. Current loop rate is 25.0000 Hz.
[component_container_isolated-2] [INFO] [1780510199.852396388] [controller_server]: Passing new path to controller.
[component_container_isolated-2] [WARN] [1780510199.955810576] [controller_server]: Control loop missed its desired rate of 30.0000 Hz. Current loop rate is 20.0000 Hz.
[component_container_isolated-2] [WARN] [1780510200.036105205] [controller_server]: Control loop missed its desired rate of 30.0000 Hz. Current loop rate is 20.0000 Hz.
[component_container_isolated-2] [WARN] [1780510200.144839144] [controller_server]: Control loop missed its desired rate of 30.0000 Hz. Current loop rate is 25.0000 Hz.
[component_container_isolated-2] [WARN] [1780510200.553621504] [controller_server]: Control loop missed its desired rate of 30.0000 Hz. Current loop rate is 25.0000 Hz.
[component_container_isolated-2] [WARN] [1780510200.732411573] [controller_server]: Control loop missed its desired rate of 30.0000 Hz. Current loop rate is 25.0000 Hz.
[component_container_isolated-2] [WARN] [1780510200.835157446] [controller_server]: Control loop missed its desired rate of 30.0000 Hz. Current loop rate is 33.3333 Hz.
[component_container_isolated-2] [WARN] [1780510200.836834631] [planner_server]: Planner loop missed its desired rate of 999999999.0000 Hz. Current loop rate is 100.0000 Hz
[component_container_isolated-2] [INFO] [1780510200.868626717] [controller_server]: Passing new path to controller.
[robot_mission_runner-4] [INFO] [1780510200.872198992] [robot_mission_runner]: Pose: (48.48, -50.23), Elapsed: 80s, ETA: 2s, Dist remaining: 2.23m
[component_container_isolated-2] [WARN] [1780510201.856626593] [planner_server]: Planner loop missed its desired rate of 999999999.0000 Hz. Current loop rate is 100.0000 Hz
[component_container_isolated-2] [INFO] [1780510201.901964379] [controller_server]: Passing new path to controller.
[component_container_isolated-2] [WARN] [1780510202.140380321] [controller_server]: Control loop missed its desired rate of 30.0000 Hz. Current loop rate is 25.0000 Hz.
[component_container_isolated-2] [WARN] [1780510202.887492735] [planner_server]: Planner loop missed its desired rate of 999999999.0000 Hz. Current loop rate is 100.0000 Hz
[component_container_isolated-2] [INFO] [1780510202.907318629] [controller_server]: Passing new path to controller.
[component_container_isolated-2] [WARN] [1780510203.445654636] [controller_server]: Control loop missed its desired rate of 30.0000 Hz. Current loop rate is 20.0000 Hz.
[component_container_isolated-2] [WARN] [1780510203.647754493] [controller_server]: Control loop missed its desired rate of 30.0000 Hz. Current loop rate is 20.0000 Hz.
[component_container_isolated-2] [INFO] [1780510203.947898364] [controller_server]: Passing new path to controller.
[component_container_isolated-2] [WARN] [1780510204.055999544] [controller_server]: Control loop missed its desired rate of 30.0000 Hz. Current loop rate is 20.0000 Hz.
[component_container_isolated-2] [WARN] [1780510204.131115714] [controller_server]: Control loop missed its desired rate of 30.0000 Hz. Current loop rate is 25.0000 Hz.
[component_container_isolated-2] [WARN] [1780510204.237885536] [controller_server]: Control loop missed its desired rate of 30.0000 Hz. Current loop rate is 25.0000 Hz.
[component_container_isolated-2] [WARN] [1780510204.443428543] [controller_server]: Control loop missed its desired rate of 30.0000 Hz. Current loop rate is 25.0000 Hz.
[component_container_isolated-2] [WARN] [1780510204.948593533] [planner_server]: Planner loop missed its desired rate of 999999999.0000 Hz. Current loop rate is 100.0000 Hz
[component_container_isolated-2] [WARN] [1780510204.956053971] [controller_server]: Control loop missed its desired rate of 30.0000 Hz. Current loop rate is 16.6667 Hz.
[component_container_isolated-2] [INFO] [1780510204.989511573] [controller_server]: Passing new path to controller.
[component_container_isolated-2] [WARN] [1780510205.039580006] [controller_server]: Control loop missed its desired rate of 30.0000 Hz. Current loop rate is 20.0000 Hz.
[component_container_isolated-2] [WARN] [1780510205.339832932] [controller_server]: Control loop missed its desired rate of 30.0000 Hz. Current loop rate is 25.0000 Hz.
[component_container_isolated-2] [WARN] [1780510205.456286353] [controller_server]: Control loop missed its desired rate of 30.0000 Hz. Current loop rate is 16.6667 Hz.
[component_container_isolated-2] [WARN] [1780510205.545831437] [controller_server]: Control loop missed its desired rate of 30.0000 Hz. Current loop rate is 20.0000 Hz.
[component_container_isolated-2] [INFO] [1780510205.686762104] [controller_server]: Reached the goal!
[component_container_isolated-2] [INFO] [1780510205.687678579] [controller_server]: Optimizer reset
[component_container_isolated-2] [ERROR] [1780510205.723837658] [bt_navigator_navigate_to_pose_rclcpp_node]: Failed to get result for vlm_node/query_bool in node halt!
[component_container_isolated-2] [INFO] [1780510205.724632395] [bt_navigator]: Goal succeeded
[robot_mission_runner-4] [INFO] [1780510205.795413636] [robot_mission_runner]: Navigation result: SUCCEEDED
[vlm_node-3] [WARN] [1780510211.960649451] [vlm_node]: VLM request failed on attempt 1: Request timed out.
[vlm_node-3] [INFO] [1780510211.961473316] [vlm_node]: VLM_QUERY|QueryBool|error|91.51|1|Request timed out.
[robot_mission_runner-4] [INFO] [1780510215.796478304] [robot_mission_runner]: Navigating to drop, attempt 1/3...
[component_container_isolated-2] [INFO] [1780510215.797233217] [local_costmap.local_costmap]: Received request to clear entirely the local_costmap
[component_container_isolated-2] [INFO] [1780510215.826938035] [global_costmap.global_costmap]: Received request to clear entirely the global_costmap
[robot_mission_runner-4] [INFO] [1780510215.849246156] [robot_mission_runner]: Navigating to goal: -11.5 -27.17...
[component_container_isolated-2] [INFO] [1780510215.849939605] [bt_navigator]: Begin navigating from current location (49.98, -50.49) to (-11.50, -27.17)
[vlm_node-3] [INFO] [1780510215.853420826] [vlm_node]: Goal received with prompt: Check if there are any small hazards on the ground that would cause harm to the robot if it navigated over it OR the area is blocked by large objects that make it impassable. If so respond only yes. Otherwise, respond no.
[component_container_isolated-2] [WARN] [1780510216.351904410] [planner_server]: Planner loop missed its desired rate of 999999999.0000 Hz. Current loop rate is 2.1277 Hz
[component_container_isolated-2] [INFO] [1780510216.371836905] [controller_server]: Received a goal, begin computing control effort.
[component_container_isolated-2] [WARN] [1780510216.539084449] [controller_server]: Control loop missed its desired rate of 30.0000 Hz. Current loop rate is 33.3333 Hz.
[component_container_isolated-2] [WARN] [1780510216.749736720] [controller_server]: Control loop missed its desired rate of 30.0000 Hz. Current loop rate is 25.0000 Hz.
[component_container_isolated-2] [WARN] [1780510217.352675014] [controller_server]: Control loop missed its desired rate of 30.0000 Hz. Current loop rate is 25.0000 Hz.
[component_container_isolated-2] [WARN] [1780510217.431118717] [planner_server]: Planner loop missed its desired rate of 999999999.0000 Hz. Current loop rate is 20.0000 Hz
[component_container_isolated-2] [INFO] [1780510217.452804175] [controller_server]: Passing new path to controller.
[component_container_isolated-2] [WARN] [1780510217.540256705] [controller_server]: Control loop missed its desired rate of 30.0000 Hz. Current loop rate is 20.0000 Hz.
[component_container_isolated-2] [WARN] [1780510217.651702332] [controller_server]: Control loop missed its desired rate of 30.0000 Hz. Current loop rate is 20.0000 Hz.
[component_container_isolated-2] [WARN] [1780510217.953966785] [controller_server]: Control loop missed its desired rate of 30.0000 Hz. Current loop rate is 25.0000 Hz.
[component_container_isolated-2] [WARN] [1780510218.049754072] [controller_server]: Control loop missed its desired rate of 30.0000 Hz. Current loop rate is 16.6667 Hz.
[component_container_isolated-2] [WARN] [1780510218.257981878] [controller_server]: Control loop missed its desired rate of 30.0000 Hz. Current loop rate is 25.0000 Hz.
[component_container_isolated-2] [WARN] [1780510218.340777909] [controller_server]: Control loop missed its desired rate of 30.0000 Hz. Current loop rate is 20.0000 Hz.
[component_container_isolated-2] [WARN] [1780510218.496524362] [planner_server]: Planner loop missed its desired rate of 999999999.0000 Hz. Current loop rate is 25.0000 Hz
[component_container_isolated-2] [INFO] [1780510218.540891041] [controller_server]: Passing new path to controller.
[component_container_isolated-2] [WARN] [1780510218.643240651] [controller_server]: Control loop missed its desired rate of 30.0000 Hz. Current loop rate is 25.0000 Hz.
[component_container_isolated-2] [WARN] [1780510219.566494397] [planner_server]: Planner loop missed its desired rate of 999999999.0000 Hz. Current loop rate is 33.3333 Hz
[component_container_isolated-2] [INFO] [1780510219.610049700] [controller_server]: Passing new path to controller.
[component_container_isolated-2] [WARN] [1780510220.661577017] [planner_server]: Planner loop missed its desired rate of 999999999.0000 Hz. Current loop rate is 12.5000 Hz
[component_container_isolated-2] [INFO] [1780510220.710047486] [controller_server]: Passing new path to controller.
[robot_mission_runner-4] [INFO] [1780510220.977018968] [robot_mission_runner]: Pose: (47.54, -49.68), Elapsed: 5s, ETA: 58s, Dist remaining: 79.07m
[component_container_isolated-2] [WARN] [1780510221.144800743] [controller_server]: Control loop missed its desired rate of 30.0000 Hz. Current loop rate is 25.0000 Hz.
[component_container_isolated-2] [WARN] [1780510221.740654337] [planner_server]: Planner loop missed its desired rate of 999999999.0000 Hz. Current loop rate is 20.0000 Hz
[component_container_isolated-2] [INFO] [1780510221.778260075] [controller_server]: Passing new path to controller.
[component_container_isolated-2] [WARN] [1780510222.153581515] [controller_server]: Control loop missed its desired rate of 30.0000 Hz. Current loop rate is 20.0000 Hz.
[component_container_isolated-2] [WARN] [1780510222.235328321] [controller_server]: Control loop missed its desired rate of 30.0000 Hz. Current loop rate is 16.6667 Hz.
[component_container_isolated-2] [WARN] [1780510222.441963418] [controller_server]: Control loop missed its desired rate of 30.0000 Hz. Current loop rate is 25.0000 Hz.
[component_container_isolated-2] [WARN] [1780510222.807346119] [planner_server]: Planner loop missed its desired rate of 999999999.0000 Hz. Current loop rate is 25.0000 Hz
[component_container_isolated-2] [INFO] [1780510222.842102724] [controller_server]: Passing new path to controller.
[component_container_isolated-2] [WARN] [1780510222.943347937] [controller_server]: Control loop missed its desired rate of 30.0000 Hz. Current loop rate is 25.0000 Hz.
[component_container_isolated-2] [WARN] [1780510223.864463491] [planner_server]: Planner loop missed its desired rate of 999999999.0000 Hz. Current loop rate is 25.0000 Hz
[component_container_isolated-2] [INFO] [1780510223.910149709] [controller_server]: Passing new path to controller.
[component_container_isolated-2] [WARN] [1780510224.343530400] [controller_server]: Control loop missed its desired rate of 30.0000 Hz. Current loop rate is 25.0000 Hz.
[component_container_isolated-2] [WARN] [1780510224.934980970] [planner_server]: Planner loop missed its desired rate of 999999999.0000 Hz. Current loop rate is 20.0000 Hz
[component_container_isolated-2] [INFO] [1780510224.977000265] [controller_server]: Passing new path to controller.
[component_container_isolated-2] [WARN] [1780510225.944064474] [controller_server]: Control loop missed its desired rate of 30.0000 Hz. Current loop rate is 25.0000 Hz.
[component_container_isolated-2] [WARN] [1780510225.993334410] [planner_server]: Planner loop missed its desired rate of 999999999.0000 Hz. Current loop rate is 20.0000 Hz
[robot_mission_runner-4] [INFO] [1780510226.004078403] [robot_mission_runner]: Pose: (40.03, -49.81), Elapsed: 10s, ETA: 47s, Dist remaining: 71.65m
[component_container_isolated-2] [INFO] [1780510226.044185494] [controller_server]: Passing new path to controller.
[component_container_isolated-2] [WARN] [1780510226.747258980] [controller_server]: Control loop missed its desired rate of 30.0000 Hz. Current loop rate is 25.0000 Hz.
[component_container_isolated-2] [WARN] [1780510227.055040589] [planner_server]: Planner loop missed its desired rate of 999999999.0000 Hz. Current loop rate is 25.0000 Hz
[component_container_isolated-2] [INFO] [1780510227.080731672] [controller_server]: Passing new path to controller.
[component_container_isolated-2] [WARN] [1780510228.132342456] [planner_server]: Planner loop missed its desired rate of 999999999.0000 Hz. Current loop rate is 12.5000 Hz
[component_container_isolated-2] [INFO] [1780510228.180721943] [controller_server]: Passing new path to controller.
[component_container_isolated-2] [WARN] [1780510229.176271681] [planner_server]: Planner loop missed its desired rate of 999999999.0000 Hz. Current loop rate is 33.3333 Hz
[component_container_isolated-2] [INFO] [1780510229.214098267] [controller_server]: Passing new path to controller.
[component_container_isolated-2] [WARN] [1780510230.228114117] [planner_server]: Planner loop missed its desired rate of 999999999.0000 Hz. Current loop rate is 33.3333 Hz
[component_container_isolated-2] [INFO] [1780510230.247392153] [controller_server]: Passing new path to controller.
[robot_mission_runner-4] [INFO] [1780510231.022955382] [robot_mission_runner]: Pose: (32.53, -50.28), Elapsed: 15s, ETA: 42s, Dist remaining: 64.16m
[component_container_isolated-2] [WARN] [1780510231.267622177] [planner_server]: Planner loop missed its desired rate of 999999999.0000 Hz. Current loop rate is 33.3333 Hz
[component_container_isolated-2] [INFO] [1780510231.314057790] [controller_server]: Passing new path to controller.
[component_container_isolated-2] [WARN] [1780510232.318571366] [planner_server]: Planner loop missed its desired rate of 999999999.0000 Hz. Current loop rate is 33.3333 Hz
[component_container_isolated-2] [INFO] [1780510232.347403431] [controller_server]: Passing new path to controller.
[component_container_isolated-2] [WARN] [1780510233.370255877] [planner_server]: Planner loop missed its desired rate of 999999999.0000 Hz. Current loop rate is 33.3333 Hz
[component_container_isolated-2] [INFO] [1780510233.414082882] [controller_server]: Passing new path to controller.
[component_container_isolated-2] [WARN] [1780510234.430064887] [planner_server]: Planner loop missed its desired rate of 999999999.0000 Hz. Current loop rate is 33.3333 Hz
[component_container_isolated-2] [INFO] [1780510234.480731195] [controller_server]: Passing new path to controller.
[component_container_isolated-2] [WARN] [1780510234.750660764] [controller_server]: Control loop missed its desired rate of 30.0000 Hz. Current loop rate is 33.3333 Hz.
[component_container_isolated-2] [WARN] [1780510235.513502203] [planner_server]: Planner loop missed its desired rate of 999999999.0000 Hz. Current loop rate is 16.6667 Hz
[component_container_isolated-2] [INFO] [1780510235.550847772] [controller_server]: Passing new path to controller.
[robot_mission_runner-4] [INFO] [1780510236.039610461] [robot_mission_runner]: Pose: (25.01, -50.31), Elapsed: 20s, ETA: 37s, Dist remaining: 56.32m
[component_container_isolated-2] [WARN] [1780510236.573716749] [planner_server]: Planner loop missed its desired rate of 999999999.0000 Hz. Current loop rate is 33.3333 Hz
[component_container_isolated-2] [INFO] [1780510236.617466951] [controller_server]: Passing new path to controller.
[component_container_isolated-2] [WARN] [1780510237.652387776] [planner_server]: Planner loop missed its desired rate of 999999999.0000 Hz. Current loop rate is 20.0000 Hz
[component_container_isolated-2] [INFO] [1780510237.684153341] [controller_server]: Passing new path to controller.
[component_container_isolated-2] [WARN] [1780510238.709713062] [planner_server]: Planner loop missed its desired rate of 999999999.0000 Hz. Current loop rate is 25.0000 Hz
[component_container_isolated-2] [INFO] [1780510238.717472933] [controller_server]: Passing new path to controller.
[component_container_isolated-2] [WARN] [1780510239.746464264] [planner_server]: Planner loop missed its desired rate of 999999999.0000 Hz. Current loop rate is 33.3333 Hz
[component_container_isolated-2] [INFO] [1780510239.784362759] [controller_server]: Passing new path to controller.
[component_container_isolated-2] [WARN] [1780510240.785900634] [planner_server]: Planner loop missed its desired rate of 999999999.0000 Hz. Current loop rate is 100.0000 Hz
[component_container_isolated-2] [INFO] [1780510240.817530341] [controller_server]: Passing new path to controller.
[robot_mission_runner-4] [INFO] [1780510241.061923389] [robot_mission_runner]: Pose: (17.48, -50.34), Elapsed: 25s, ETA: 32s, Dist remaining: 48.93m
[component_container_isolated-2] [WARN] [1780510241.827737740] [planner_server]: Planner loop missed its desired rate of 999999999.0000 Hz. Current loop rate is 33.3333 Hz
[component_container_isolated-2] [INFO] [1780510241.850798431] [controller_server]: Passing new path to controller.
[component_container_isolated-2] [WARN] [1780510242.875214109] [planner_server]: Planner loop missed its desired rate of 999999999.0000 Hz. Current loop rate is 50.0000 Hz
[component_container_isolated-2] [INFO] [1780510242.917504689] [controller_server]: Passing new path to controller.
[vlm_node-3] [INFO] [1780510243.730561363] [vlm_node]: Completed prompt: "Check if there are any small hazards on the ground that would cause harm to the robot if it navigated over it OR the area is blocked by large objects that make it impassable. If so respond only yes. Otherwise, respond no." with response: False
[vlm_node-3] [INFO] [1780510243.730892926] [vlm_node]: VLM_QUERY|QueryBool|success|27.88|1|
[vlm_node-3] [INFO] [1780510243.744373662] [vlm_node]: Goal received with prompt: Is this space too crowded by people or working machinery to move though safely? If so, respond only yes. Otherwise respond no.
[component_container_isolated-2] [WARN] [1780510243.930646533] [planner_server]: Planner loop missed its desired rate of 999999999.0000 Hz. Current loop rate is 33.3333 Hz
[component_container_isolated-2] [INFO] [1780510243.950811019] [controller_server]: Passing new path to controller.
[component_container_isolated-2] [WARN] [1780510244.969070059] [planner_server]: Planner loop missed its desired rate of 999999999.0000 Hz. Current loop rate is 33.3333 Hz
[component_container_isolated-2] [INFO] [1780510244.984157479] [controller_server]: Passing new path to controller.
[component_container_isolated-2] [WARN] [1780510246.014760800] [planner_server]: Planner loop missed its desired rate of 999999999.0000 Hz. Current loop rate is 33.3333 Hz
[component_container_isolated-2] [INFO] [1780510246.050800738] [controller_server]: Passing new path to controller.
[robot_mission_runner-4] [INFO] [1780510246.079704228] [robot_mission_runner]: Pose: (9.95, -50.36), Elapsed: 30s, ETA: 27s, Dist remaining: 41.55m
[component_container_isolated-2] [WARN] [1780510247.062513001] [planner_server]: Planner loop missed its desired rate of 999999999.0000 Hz. Current loop rate is 33.3333 Hz
[component_container_isolated-2] [INFO] [1780510247.117483366] [controller_server]: Passing new path to controller.
[component_container_isolated-2] [WARN] [1780510248.149900348] [planner_server]: Planner loop missed its desired rate of 999999999.0000 Hz. Current loop rate is 14.2857 Hz
[component_container_isolated-2] [INFO] [1780510248.184166474] [controller_server]: Passing new path to controller.
[component_container_isolated-2] [WARN] [1780510249.227724806] [planner_server]: Planner loop missed its desired rate of 999999999.0000 Hz. Current loop rate is 20.0000 Hz
[component_container_isolated-2] [INFO] [1780510249.250792534] [controller_server]: Passing new path to controller.
[component_container_isolated-2] [WARN] [1780510250.278850001] [planner_server]: Planner loop missed its desired rate of 999999999.0000 Hz. Current loop rate is 33.3333 Hz
[component_container_isolated-2] [INFO] [1780510250.317476056] [controller_server]: Passing new path to controller.
[robot_mission_runner-4] [INFO] [1780510251.102936617] [robot_mission_runner]: Pose: (2.41, -50.22), Elapsed: 35s, ETA: 22s, Dist remaining: 33.57m
[component_container_isolated-2] [WARN] [1780510251.310275939] [planner_server]: Planner loop missed its desired rate of 999999999.0000 Hz. Current loop rate is 50.0000 Hz
[component_container_isolated-2] [INFO] [1780510251.350804241] [controller_server]: Passing new path to controller.
[component_container_isolated-2] [WARN] [1780510252.355631113] [planner_server]: Planner loop missed its desired rate of 999999999.0000 Hz. Current loop rate is 25.0000 Hz
[component_container_isolated-2] [INFO] [1780510252.384418769] [controller_server]: Passing new path to controller.
[component_container_isolated-2] [WARN] [1780510253.394735601] [planner_server]: Planner loop missed its desired rate of 999999999.0000 Hz. Current loop rate is 50.0000 Hz
[component_container_isolated-2] [INFO] [1780510253.417486496] [controller_server]: Passing new path to controller.
[component_container_isolated-2] [WARN] [1780510254.436332777] [planner_server]: Planner loop missed its desired rate of 999999999.0000 Hz. Current loop rate is 33.3333 Hz
[component_container_isolated-2] [INFO] [1780510254.484149796] [controller_server]: Passing new path to controller.
[component_container_isolated-2] [WARN] [1780510255.475764852] [planner_server]: Planner loop missed its desired rate of 999999999.0000 Hz. Current loop rate is 50.0000 Hz
[component_container_isolated-2] [INFO] [1780510255.517477611] [controller_server]: Passing new path to controller.
[robot_mission_runner-4] [INFO] [1780510256.125000450] [robot_mission_runner]: Pose: (-5.10, -50.28), Elapsed: 40s, ETA: 17s, Dist remaining: 26.34m
[component_container_isolated-2] [WARN] [1780510256.516970896] [planner_server]: Planner loop missed its desired rate of 999999999.0000 Hz. Current loop rate is 33.3333 Hz
[component_container_isolated-2] [INFO] [1780510256.550801395] [controller_server]: Passing new path to controller.
[component_container_isolated-2] [WARN] [1780510257.555497307] [planner_server]: Planner loop missed its desired rate of 999999999.0000 Hz. Current loop rate is 33.3333 Hz
[component_container_isolated-2] [INFO] [1780510257.584174299] [controller_server]: Passing new path to controller.
[component_container_isolated-2] [WARN] [1780510258.640533006] [planner_server]: Planner loop missed its desired rate of 999999999.0000 Hz. Current loop rate is 14.2857 Hz
[component_container_isolated-2] [INFO] [1780510258.684127076] [controller_server]: Passing new path to controller.
[component_container_isolated-2] [WARN] [1780510259.351122986] [controller_server]: Control loop missed its desired rate of 30.0000 Hz. Current loop rate is 25.0000 Hz.
[component_container_isolated-2] [WARN] [1780510259.458742430] [controller_server]: Control loop missed its desired rate of 30.0000 Hz. Current loop rate is 25.0000 Hz.
[component_container_isolated-2] [WARN] [1780510259.530072527] [controller_server]: Control loop missed its desired rate of 30.0000 Hz. Current loop rate is 25.0000 Hz.
[component_container_isolated-2] [WARN] [1780510259.675855067] [planner_server]: Planner loop missed its desired rate of 999999999.0000 Hz. Current loop rate is 100.0000 Hz
[component_container_isolated-2] [INFO] [1780510259.696898102] [controller_server]: Passing new path to controller.
[component_container_isolated-2] [WARN] [1780510259.937144958] [controller_server]: Control loop missed its desired rate of 30.0000 Hz. Current loop rate is 25.0000 Hz.
[component_container_isolated-2] [WARN] [1780510260.442085352] [controller_server]: Control loop missed its desired rate of 30.0000 Hz. Current loop rate is 25.0000 Hz.
[component_container_isolated-2] [WARN] [1780510260.545930937] [controller_server]: Control loop missed its desired rate of 30.0000 Hz. Current loop rate is 33.3333 Hz.
[component_container_isolated-2] [WARN] [1780510260.707157800] [planner_server]: Planner loop missed its desired rate of 999999999.0000 Hz. Current loop rate is 100.0000 Hz
[component_container_isolated-2] [WARN] [1780510260.749775885] [controller_server]: Control loop missed its desired rate of 30.0000 Hz. Current loop rate is 25.0000 Hz.
[component_container_isolated-2] [INFO] [1780510260.749839672] [controller_server]: Passing new path to controller.
[component_container_isolated-2] [WARN] [1780510260.961767318] [controller_server]: Control loop missed its desired rate of 30.0000 Hz. Current loop rate is 20.0000 Hz.
[component_container_isolated-2] [WARN] [1780510261.036405878] [controller_server]: Control loop missed its desired rate of 30.0000 Hz. Current loop rate is 25.0000 Hz.
[robot_mission_runner-4] [INFO] [1780510261.145834643] [robot_mission_runner]: Pose: (-10.34, -45.75), Elapsed: 45s, ETA: 12s, Dist remaining: 18.81m
[component_container_isolated-2] [WARN] [1780510261.340712496] [controller_server]: Control loop missed its desired rate of 30.0000 Hz. Current loop rate is 20.0000 Hz.
[component_container_isolated-2] [WARN] [1780510261.737246712] [planner_server]: Planner loop missed its desired rate of 999999999.0000 Hz. Current loop rate is 100.0000 Hz
[component_container_isolated-2] [INFO] [1780510261.774169470] [controller_server]: Passing new path to controller.
[component_container_isolated-2] [WARN] [1780510262.041463638] [controller_server]: Control loop missed its desired rate of 30.0000 Hz. Current loop rate is 25.0000 Hz.
[component_container_isolated-2] [WARN] [1780510262.551304192] [controller_server]: Control loop missed its desired rate of 30.0000 Hz. Current loop rate is 20.0000 Hz.
[component_container_isolated-2] [WARN] [1780510262.661137839] [controller_server]: Control loop missed its desired rate of 30.0000 Hz. Current loop rate is 16.6667 Hz.
[component_container_isolated-2] [WARN] [1780510262.732662573] [controller_server]: Control loop missed its desired rate of 30.0000 Hz. Current loop rate is 25.0000 Hz.
[component_container_isolated-2] [WARN] [1780510262.769696636] [planner_server]: Planner loop missed its desired rate of 999999999.0000 Hz. Current loop rate is 100.0000 Hz
[component_container_isolated-2] [INFO] [1780510262.799474010] [controller_server]: Passing new path to controller.
[component_container_isolated-2] [WARN] [1780510262.836449677] [controller_server]: Control loop missed its desired rate of 30.0000 Hz. Current loop rate is 25.0000 Hz.
[component_container_isolated-2] [WARN] [1780510262.937165741] [controller_server]: Control loop missed its desired rate of 30.0000 Hz. Current loop rate is 25.0000 Hz.
[component_container_isolated-2] [WARN] [1780510263.047991272] [controller_server]: Control loop missed its desired rate of 30.0000 Hz. Current loop rate is 20.0000 Hz.
[component_container_isolated-2] [WARN] [1780510263.251546885] [controller_server]: Control loop missed its desired rate of 30.0000 Hz. Current loop rate is 25.0000 Hz.
[component_container_isolated-2] [WARN] [1780510263.366901320] [controller_server]: Control loop missed its desired rate of 30.0000 Hz. Current loop rate is 25.0000 Hz.
[component_container_isolated-2] [WARN] [1780510263.460808184] [controller_server]: Control loop missed its desired rate of 30.0000 Hz. Current loop rate is 14.2857 Hz.
[component_container_isolated-2] [WARN] [1780510263.552323951] [controller_server]: Control loop missed its desired rate of 30.0000 Hz. Current loop rate is 16.6667 Hz.
[component_container_isolated-2] [WARN] [1780510263.658836923] [controller_server]: Control loop missed its desired rate of 30.0000 Hz. Current loop rate is 25.0000 Hz.
[component_container_isolated-2] [WARN] [1780510263.726760222] [controller_server]: Control loop missed its desired rate of 30.0000 Hz. Current loop rate is 33.3333 Hz.
[component_container_isolated-2] [WARN] [1780510263.792119535] [planner_server]: Planner loop missed its desired rate of 999999999.0000 Hz. Current loop rate is 100.0000 Hz
[component_container_isolated-2] [WARN] [1780510263.841158465] [controller_server]: Control loop missed its desired rate of 30.0000 Hz. Current loop rate is 20.0000 Hz.
[component_container_isolated-2] [INFO] [1780510263.841222278] [controller_server]: Passing new path to controller.
[component_container_isolated-2] [WARN] [1780510263.954844214] [controller_server]: Control loop missed its desired rate of 30.0000 Hz. Current loop rate is 20.0000 Hz.
[component_container_isolated-2] [WARN] [1780510264.033320955] [controller_server]: Control loop missed its desired rate of 30.0000 Hz. Current loop rate is 25.0000 Hz.
[component_container_isolated-2] [WARN] [1780510264.135325297] [controller_server]: Control loop missed its desired rate of 30.0000 Hz. Current loop rate is 25.0000 Hz.
[component_container_isolated-2] [WARN] [1780510264.238974729] [controller_server]: Control loop missed its desired rate of 30.0000 Hz. Current loop rate is 20.0000 Hz.
[component_container_isolated-2] [WARN] [1780510264.340705731] [controller_server]: Control loop missed its desired rate of 30.0000 Hz. Current loop rate is 25.0000 Hz.
[component_container_isolated-2] [WARN] [1780510264.443622126] [controller_server]: Control loop missed its desired rate of 30.0000 Hz. Current loop rate is 25.0000 Hz.
[component_container_isolated-2] [WARN] [1780510264.829150352] [planner_server]: Planner loop missed its desired rate of 999999999.0000 Hz. Current loop rate is 100.0000 Hz
[component_container_isolated-2] [WARN] [1780510264.847898012] [controller_server]: Control loop missed its desired rate of 30.0000 Hz. Current loop rate is 25.0000 Hz.
[component_container_isolated-2] [INFO] [1780510264.847962697] [controller_server]: Passing new path to controller.
[component_container_isolated-2] [WARN] [1780510265.051077620] [controller_server]: Control loop missed its desired rate of 30.0000 Hz. Current loop rate is 25.0000 Hz.
[component_container_isolated-2] [WARN] [1780510265.152495172] [controller_server]: Control loop missed its desired rate of 30.0000 Hz. Current loop rate is 33.3333 Hz.
[component_container_isolated-2] [WARN] [1780510265.354537302] [controller_server]: Control loop missed its desired rate of 30.0000 Hz. Current loop rate is 33.3333 Hz.
[component_container_isolated-2] [WARN] [1780510265.422079306] [controller_server]: Control loop missed its desired rate of 30.0000 Hz. Current loop rate is 33.3333 Hz.
[component_container_isolated-2] [WARN] [1780510265.538260476] [controller_server]: Control loop missed its desired rate of 30.0000 Hz. Current loop rate is 20.0000 Hz.
[component_container_isolated-2] [WARN] [1780510265.740488631] [controller_server]: Control loop missed its desired rate of 30.0000 Hz. Current loop rate is 20.0000 Hz.
[component_container_isolated-2] [WARN] [1780510265.844215399] [controller_server]: Control loop missed its desired rate of 30.0000 Hz. Current loop rate is 25.0000 Hz.
[component_container_isolated-2] [WARN] [1780510265.858976692] [planner_server]: Planner loop missed its desired rate of 999999999.0000 Hz. Current loop rate is 100.0000 Hz
[component_container_isolated-2] [INFO] [1780510265.877695101] [controller_server]: Passing new path to controller.
[component_container_isolated-2] [WARN] [1780510265.957774580] [controller_server]: Control loop missed its desired rate of 30.0000 Hz. Current loop rate is 20.0000 Hz.
[component_container_isolated-2] [WARN] [1780510266.043455737] [controller_server]: Control loop missed its desired rate of 30.0000 Hz. Current loop rate is 20.0000 Hz.
[robot_mission_runner-4] [INFO] [1780510266.162094209] [robot_mission_runner]: Pose: (-10.44, -38.23), Elapsed: 50s, ETA: 7s, Dist remaining: 11.56m
[component_container_isolated-2] [WARN] [1780510266.255733676] [controller_server]: Control loop missed its desired rate of 30.0000 Hz. Current loop rate is 20.0000 Hz.
[component_container_isolated-2] [WARN] [1780510266.341221430] [controller_server]: Control loop missed its desired rate of 30.0000 Hz. Current loop rate is 20.0000 Hz.
[component_container_isolated-2] [WARN] [1780510266.544186914] [controller_server]: Control loop missed its desired rate of 30.0000 Hz. Current loop rate is 25.0000 Hz.
[component_container_isolated-2] [WARN] [1780510266.745897977] [controller_server]: Control loop missed its desired rate of 30.0000 Hz. Current loop rate is 25.0000 Hz.
[component_container_isolated-2] [WARN] [1780510266.850107661] [controller_server]: Control loop missed its desired rate of 30.0000 Hz. Current loop rate is 25.0000 Hz.
[component_container_isolated-2] [WARN] [1780510266.875793726] [planner_server]: Planner loop missed its desired rate of 999999999.0000 Hz. Current loop rate is 100.0000 Hz
[component_container_isolated-2] [INFO] [1780510266.916912469] [controller_server]: Passing new path to controller.
[component_container_isolated-2] [WARN] [1780510266.955878020] [controller_server]: Control loop missed its desired rate of 30.0000 Hz. Current loop rate is 25.0000 Hz.
[component_container_isolated-2] [WARN] [1780510267.025461318] [controller_server]: Control loop missed its desired rate of 30.0000 Hz. Current loop rate is 33.3333 Hz.
[component_container_isolated-2] [WARN] [1780510267.140641563] [controller_server]: Control loop missed its desired rate of 30.0000 Hz. Current loop rate is 20.0000 Hz.
[component_container_isolated-2] [WARN] [1780510267.240730983] [controller_server]: Control loop missed its desired rate of 30.0000 Hz. Current loop rate is 25.0000 Hz.
[component_container_isolated-2] [WARN] [1780510267.643757855] [controller_server]: Control loop missed its desired rate of 30.0000 Hz. Current loop rate is 25.0000 Hz.
[component_container_isolated-2] [WARN] [1780510267.952207012] [controller_server]: Control loop missed its desired rate of 30.0000 Hz. Current loop rate is 25.0000 Hz.
[component_container_isolated-2] [INFO] [1780510267.952281688] [controller_server]: Passing new path to controller.
[component_container_isolated-2] [WARN] [1780510268.057851859] [controller_server]: Control loop missed its desired rate of 30.0000 Hz. Current loop rate is 33.3333 Hz.
[component_container_isolated-2] [WARN] [1780510268.241748882] [controller_server]: Control loop missed its desired rate of 30.0000 Hz. Current loop rate is 20.0000 Hz.
[component_container_isolated-2] [WARN] [1780510268.347975952] [controller_server]: Control loop missed its desired rate of 30.0000 Hz. Current loop rate is 20.0000 Hz.
[component_container_isolated-2] [WARN] [1780510268.456478815] [controller_server]: Control loop missed its desired rate of 30.0000 Hz. Current loop rate is 20.0000 Hz.
[component_container_isolated-2] [WARN] [1780510268.539189170] [controller_server]: Control loop missed its desired rate of 30.0000 Hz. Current loop rate is 20.0000 Hz.
[component_container_isolated-2] [WARN] [1780510268.643517386] [controller_server]: Control loop missed its desired rate of 30.0000 Hz. Current loop rate is 25.0000 Hz.
[component_container_isolated-2] [WARN] [1780510268.746061539] [controller_server]: Control loop missed its desired rate of 30.0000 Hz. Current loop rate is 25.0000 Hz.
[component_container_isolated-2] [WARN] [1780510268.850971837] [controller_server]: Control loop missed its desired rate of 30.0000 Hz. Current loop rate is 20.0000 Hz.
[component_container_isolated-2] [INFO] [1780510268.951110571] [controller_server]: Passing new path to controller.
[component_container_isolated-2] [WARN] [1780510269.959403789] [planner_server]: Planner loop missed its desired rate of 999999999.0000 Hz. Current loop rate is 100.0000 Hz
[component_container_isolated-2] [WARN] [1780510269.961246889] [controller_server]: Control loop missed its desired rate of 30.0000 Hz. Current loop rate is 20.0000 Hz.
[component_container_isolated-2] [INFO] [1780510269.994687390] [controller_server]: Passing new path to controller.
[component_container_isolated-2] [WARN] [1780510270.034904621] [controller_server]: Control loop missed its desired rate of 30.0000 Hz. Current loop rate is 25.0000 Hz.
[component_container_isolated-2] [WARN] [1780510270.150182314] [controller_server]: Control loop missed its desired rate of 30.0000 Hz. Current loop rate is 20.0000 Hz.
[component_container_isolated-2] [WARN] [1780510270.255718527] [controller_server]: Control loop missed its desired rate of 30.0000 Hz. Current loop rate is 25.0000 Hz.
[component_container_isolated-2] [WARN] [1780510270.356403008] [controller_server]: Control loop missed its desired rate of 30.0000 Hz. Current loop rate is 16.6667 Hz.
[component_container_isolated-2] [WARN] [1780510270.431451033] [controller_server]: Control loop missed its desired rate of 30.0000 Hz. Current loop rate is 25.0000 Hz.
[component_container_isolated-2] [WARN] [1780510270.547160757] [controller_server]: Control loop missed its desired rate of 30.0000 Hz. Current loop rate is 20.0000 Hz.
[component_container_isolated-2] [INFO] [1780510271.013976860] [controller_server]: Passing new path to controller.
[robot_mission_runner-4] [INFO] [1780510271.179842713] [robot_mission_runner]: Pose: (-10.44, -30.73), Elapsed: 55s, ETA: 2s, Dist remaining: 3.96m
[component_container_isolated-2] [WARN] [1780510271.349638045] [controller_server]: Control loop missed its desired rate of 30.0000 Hz. Current loop rate is 25.0000 Hz.
[component_container_isolated-2] [WARN] [1780510271.761687572] [controller_server]: Control loop missed its desired rate of 30.0000 Hz. Current loop rate is 20.0000 Hz.
[component_container_isolated-2] [WARN] [1780510271.831419544] [controller_server]: Control loop missed its desired rate of 30.0000 Hz. Current loop rate is 25.0000 Hz.
[component_container_isolated-2] [WARN] [1780510271.952437200] [controller_server]: Control loop missed its desired rate of 30.0000 Hz. Current loop rate is 16.6667 Hz.
[component_container_isolated-2] [WARN] [1780510272.011414793] [planner_server]: Planner loop missed its desired rate of 999999999.0000 Hz. Current loop rate is 100.0000 Hz
[component_container_isolated-2] [WARN] [1780510272.063652815] [controller_server]: Control loop missed its desired rate of 30.0000 Hz. Current loop rate is 25.0000 Hz.
[component_container_isolated-2] [INFO] [1780510272.063722666] [controller_server]: Passing new path to controller.
[component_container_isolated-2] [WARN] [1780510272.237153570] [controller_server]: Control loop missed its desired rate of 30.0000 Hz. Current loop rate is 25.0000 Hz.
[component_container_isolated-2] [WARN] [1780510272.338192310] [controller_server]: Control loop missed its desired rate of 30.0000 Hz. Current loop rate is 25.0000 Hz.
[component_container_isolated-2] [WARN] [1780510272.440153354] [controller_server]: Control loop missed its desired rate of 30.0000 Hz. Current loop rate is 25.0000 Hz.
[component_container_isolated-2] [WARN] [1780510272.640904959] [controller_server]: Control loop missed its desired rate of 30.0000 Hz. Current loop rate is 25.0000 Hz.
[component_container_isolated-2] [WARN] [1780510272.856629015] [controller_server]: Control loop missed its desired rate of 30.0000 Hz. Current loop rate is 20.0000 Hz.
[component_container_isolated-2] [WARN] [1780510272.938120207] [controller_server]: Control loop missed its desired rate of 30.0000 Hz. Current loop rate is 20.0000 Hz.
[component_container_isolated-2] [WARN] [1780510273.039228775] [planner_server]: Planner loop missed its desired rate of 999999999.0000 Hz. Current loop rate is 100.0000 Hz
[component_container_isolated-2] [WARN] [1780510273.046603546] [controller_server]: Control loop missed its desired rate of 30.0000 Hz. Current loop rate is 25.0000 Hz.
[component_container_isolated-2] [INFO] [1780510273.080152545] [controller_server]: Passing new path to controller.
[component_container_isolated-2] [WARN] [1780510273.146757036] [controller_server]: Control loop missed its desired rate of 30.0000 Hz. Current loop rate is 33.3333 Hz.
[component_container_isolated-2] [WARN] [1780510273.351013891] [controller_server]: Control loop missed its desired rate of 30.0000 Hz. Current loop rate is 25.0000 Hz.
[component_container_isolated-2] [WARN] [1780510273.458429877] [controller_server]: Control loop missed its desired rate of 30.0000 Hz. Current loop rate is 20.0000 Hz.
[component_container_isolated-2] [WARN] [1780510273.546072953] [controller_server]: Control loop missed its desired rate of 30.0000 Hz. Current loop rate is 20.0000 Hz.
[component_container_isolated-2] [WARN] [1780510274.122042042] [planner_server]: Planner loop missed its desired rate of 999999999.0000 Hz. Current loop rate is 14.2857 Hz
[component_container_isolated-2] [INFO] [1780510274.146188236] [controller_server]: Passing new path to controller.
[component_container_isolated-2] [WARN] [1780510274.349930564] [controller_server]: Control loop missed its desired rate of 30.0000 Hz. Current loop rate is 25.0000 Hz.
[component_container_isolated-2] [WARN] [1780510274.552703339] [controller_server]: Control loop missed its desired rate of 30.0000 Hz. Current loop rate is 25.0000 Hz.
[component_container_isolated-2] [WARN] [1780510274.653005194] [controller_server]: Control loop missed its desired rate of 30.0000 Hz. Current loop rate is 33.3333 Hz.
[component_container_isolated-2] [WARN] [1780510274.853434582] [controller_server]: Control loop missed its desired rate of 30.0000 Hz. Current loop rate is 33.3333 Hz.
[component_container_isolated-2] [INFO] [1780510275.186946326] [controller_server]: Passing new path to controller.
[component_container_isolated-2] [WARN] [1780510275.233200391] [controller_server]: Control loop missed its desired rate of 30.0000 Hz. Current loop rate is 20.0000 Hz.
[component_container_isolated-2] [INFO] [1780510275.438870807] [controller_server]: Reached the goal!
[component_container_isolated-2] [INFO] [1780510275.439238778] [controller_server]: Optimizer reset
[component_container_isolated-2] [ERROR] [1780510275.472070950] [bt_navigator_navigate_to_pose_rclcpp_node]: Failed to get result for vlm_node/query_bool in node halt!
[component_container_isolated-2] [INFO] [1780510275.472376550] [bt_navigator]: Goal succeeded
[robot_mission_runner-4] [INFO] [1780510275.501220856] [robot_mission_runner]: Navigation result: SUCCEEDED
[robot_mission_runner-4] [INFO] [1780510285.502767291] [robot_mission_runner]: Mission 3 completed.
[robot_mission_runner-4] [INFO] [1780510285.503514871] [robot_mission_runner]: Picking from {'x': 38.1, 'y': -60.0, 'yaw': 3.1416}, dropping at {'x': -33.5, 'y': -22.4, 'yaw': -1.5708}...
[robot_mission_runner-4] [INFO] [1780510285.503947312] [robot_mission_runner]: Navigating to pick, attempt 1/3...
[component_container_isolated-2] [INFO] [1780510285.504501152] [local_costmap.local_costmap]: Received request to clear entirely the local_costmap
[component_container_isolated-2] [INFO] [1780510285.533723149] [global_costmap.global_costmap]: Received request to clear entirely the global_costmap
[robot_mission_runner-4] [INFO] [1780510285.555109220] [robot_mission_runner]: Navigating to goal: 38.1 -60.0...
[component_container_isolated-2] [INFO] [1780510285.556670182] [bt_navigator]: Begin navigating from current location (-11.55, -27.13) to (38.10, -60.00)
[vlm_node-3] [INFO] [1780510285.561950069] [vlm_node]: Goal received with prompt: Check if there are any small hazards on the ground that would cause harm to the robot if it navigated over it OR the area is blocked by large objects that make it impassable. If so respond only yes. Otherwise, respond no.
[component_container_isolated-2] [WARN] [1780510290.155013148] [planner_server]: Planner loop missed its desired rate of 999999999.0000 Hz. Current loop rate is 0.2174 Hz
[component_container_isolated-2] [INFO] [1780510290.168218784] [controller_server]: Received a goal, begin computing control effort.
[component_container_isolated-2] [WARN] [1780510290.335403762] [controller_server]: Control loop missed its desired rate of 30.0000 Hz. Current loop rate is 33.3333 Hz.
[component_container_isolated-2] [WARN] [1780510290.436341923] [controller_server]: Control loop missed its desired rate of 30.0000 Hz. Current loop rate is 33.3333 Hz.
[component_container_isolated-2] [WARN] [1780510290.638948553] [controller_server]: Control loop missed its desired rate of 30.0000 Hz. Current loop rate is 33.3333 Hz.
[robot_mission_runner-4] [INFO] [1780510290.678103455] [robot_mission_runner]: Pose: (-11.55, -27.17), Elapsed: 5s, ETA: 856s, Dist remaining: 75.62m
[component_container_isolated-2] [WARN] [1780510291.040231400] [controller_server]: Control loop missed its desired rate of 30.0000 Hz. Current loop rate is 25.0000 Hz.
[component_container_isolated-2] [WARN] [1780510291.541555566] [controller_server]: Control loop missed its desired rate of 30.0000 Hz. Current loop rate is 25.0000 Hz.
[component_container_isolated-2] [WARN] [1780510292.157920553] [controller_server]: Control loop missed its desired rate of 30.0000 Hz. Current loop rate is 16.6667 Hz.
[component_container_isolated-2] [WARN] [1780510292.230683769] [controller_server]: Control loop missed its desired rate of 30.0000 Hz. Current loop rate is 33.3333 Hz.
[component_container_isolated-2] [WARN] [1780510292.338279220] [controller_server]: Control loop missed its desired rate of 30.0000 Hz. Current loop rate is 33.3333 Hz.
[component_container_isolated-2] [WARN] [1780510292.640213431] [controller_server]: Control loop missed its desired rate of 30.0000 Hz. Current loop rate is 33.3333 Hz.
[component_container_isolated-2] [WARN] [1780510292.740567866] [controller_server]: Control loop missed its desired rate of 30.0000 Hz. Current loop rate is 25.0000 Hz.
[component_container_isolated-2] [WARN] [1780510292.840745081] [controller_server]: Control loop missed its desired rate of 30.0000 Hz. Current loop rate is 25.0000 Hz.
[component_container_isolated-2] [WARN] [1780510292.956676778] [controller_server]: Control loop missed its desired rate of 30.0000 Hz. Current loop rate is 20.0000 Hz.
[component_container_isolated-2] [WARN] [1780510293.037551102] [controller_server]: Control loop missed its desired rate of 30.0000 Hz. Current loop rate is 33.3333 Hz.
[component_container_isolated-2] [WARN] [1780510293.153916348] [controller_server]: Control loop missed its desired rate of 30.0000 Hz. Current loop rate is 20.0000 Hz.
[component_container_isolated-2] [WARN] [1780510293.235821557] [controller_server]: Control loop missed its desired rate of 30.0000 Hz. Current loop rate is 25.0000 Hz.
[component_container_isolated-2] [WARN] [1780510293.736908308] [controller_server]: Control loop missed its desired rate of 30.0000 Hz. Current loop rate is 33.3333 Hz.
[component_container_isolated-2] [WARN] [1780510293.838992667] [controller_server]: Control loop missed its desired rate of 30.0000 Hz. Current loop rate is 33.3333 Hz.
[component_container_isolated-2] [WARN] [1780510295.440122517] [controller_server]: Control loop missed its desired rate of 30.0000 Hz. Current loop rate is 33.3333 Hz.
[robot_mission_runner-4] [INFO] [1780510295.694489786] [robot_mission_runner]: Pose: (-11.49, -27.87), Elapsed: 10s, ETA: 764s, Dist remaining: 75.09m
[component_container_isolated-2] [WARN] [1780510295.940436205] [controller_server]: Control loop missed its desired rate of 30.0000 Hz. Current loop rate is 33.3333 Hz.
[component_container_isolated-2] [WARN] [1780510296.042481952] [controller_server]: Control loop missed its desired rate of 30.0000 Hz. Current loop rate is 25.0000 Hz.
[component_container_isolated-2] [WARN] [1780510296.143397041] [controller_server]: Control loop missed its desired rate of 30.0000 Hz. Current loop rate is 25.0000 Hz.
[component_container_isolated-2] [WARN] [1780510296.220366594] [planner_server]: Planner loop missed its desired rate of 999999999.0000 Hz. Current loop rate is 0.1984 Hz
[component_container_isolated-2] [WARN] [1780510296.243955310] [controller_server]: Control loop missed its desired rate of 30.0000 Hz. Current loop rate is 33.3333 Hz.
[component_container_isolated-2] [INFO] [1780510296.244011512] [controller_server]: Passing new path to controller.
[component_container_isolated-2] [WARN] [1780510296.348679081] [controller_server]: Control loop missed its desired rate of 30.0000 Hz. Current loop rate is 33.3333 Hz.
[component_container_isolated-2] [WARN] [1780510296.453932441] [controller_server]: Control loop missed its desired rate of 30.0000 Hz. Current loop rate is 25.0000 Hz.
[component_container_isolated-2] [WARN] [1780510296.546357790] [controller_server]: Control loop missed its desired rate of 30.0000 Hz. Current loop rate is 16.6667 Hz.
[component_container_isolated-2] [WARN] [1780510296.658023656] [controller_server]: Control loop missed its desired rate of 30.0000 Hz. Current loop rate is 25.0000 Hz.
[component_container_isolated-2] [WARN] [1780510296.749100118] [controller_server]: Control loop missed its desired rate of 30.0000 Hz. Current loop rate is 20.0000 Hz.
[component_container_isolated-2] [WARN] [1780510296.865510784] [controller_server]: Control loop missed its desired rate of 30.0000 Hz. Current loop rate is 20.0000 Hz.
[component_container_isolated-2] [WARN] [1780510296.946281815] [controller_server]: Control loop missed its desired rate of 30.0000 Hz. Current loop rate is 20.0000 Hz.
[component_container_isolated-2] [WARN] [1780510297.050251578] [controller_server]: Control loop missed its desired rate of 30.0000 Hz. Current loop rate is 25.0000 Hz.
[component_container_isolated-2] [WARN] [1780510297.152842107] [controller_server]: Control loop missed its desired rate of 30.0000 Hz. Current loop rate is 25.0000 Hz.
[component_container_isolated-2] [WARN] [1780510297.260231020] [controller_server]: Control loop missed its desired rate of 30.0000 Hz. Current loop rate is 25.0000 Hz.
[component_container_isolated-2] [WARN] [1780510297.355419977] [controller_server]: Control loop missed its desired rate of 30.0000 Hz. Current loop rate is 16.6667 Hz.
[component_container_isolated-2] [WARN] [1780510297.455456053] [controller_server]: Control loop missed its desired rate of 30.0000 Hz. Current loop rate is 14.2857 Hz.
[component_container_isolated-2] [WARN] [1780510297.554836634] [controller_server]: Control loop missed its desired rate of 30.0000 Hz. Current loop rate is 14.2857 Hz.
[component_container_isolated-2] [WARN] [1780510297.655559888] [controller_server]: Control loop missed its desired rate of 30.0000 Hz. Current loop rate is 14.2857 Hz.
[component_container_isolated-2] [WARN] [1780510297.758285352] [controller_server]: Control loop missed its desired rate of 30.0000 Hz. Current loop rate is 14.2857 Hz.
[component_container_isolated-2] [WARN] [1780510297.863143492] [controller_server]: Control loop missed its desired rate of 30.0000 Hz. Current loop rate is 14.2857 Hz.
[component_container_isolated-2] [WARN] [1780510297.958272041] [controller_server]: Control loop missed its desired rate of 30.0000 Hz. Current loop rate is 16.6667 Hz.
[component_container_isolated-2] [WARN] [1780510298.057070523] [controller_server]: Control loop missed its desired rate of 30.0000 Hz. Current loop rate is 16.6667 Hz.
[component_container_isolated-2] [WARN] [1780510298.156057787] [controller_server]: Control loop missed its desired rate of 30.0000 Hz. Current loop rate is 16.6667 Hz.
[component_container_isolated-2] [WARN] [1780510298.266315402] [controller_server]: Control loop missed its desired rate of 30.0000 Hz. Current loop rate is 12.5000 Hz.
[component_container_isolated-2] [WARN] [1780510298.357404548] [controller_server]: Control loop missed its desired rate of 30.0000 Hz. Current loop rate is 20.0000 Hz.
[component_container_isolated-2] [WARN] [1780510298.455983197] [controller_server]: Control loop missed its desired rate of 30.0000 Hz. Current loop rate is 16.6667 Hz.
[vlm_node-3] [INFO] [1780510298.541428174] [vlm_node]: Completed prompt: "Is this space too crowded by people or working machinery to move though safely? If so, respond only yes. Otherwise respond no." with response: False
[vlm_node-3] [INFO] [1780510298.541747616] [vlm_node]: VLM_QUERY|QueryBool|success|54.80|1|
[component_container_isolated-2] [WARN] [1780510298.555744396] [controller_server]: Control loop missed its desired rate of 30.0000 Hz. Current loop rate is 14.2857 Hz.
[component_container_isolated-2] [WARN] [1780510298.656505469] [controller_server]: Control loop missed its desired rate of 30.0000 Hz. Current loop rate is 14.2857 Hz.
[component_container_isolated-2] [WARN] [1780510298.752044753] [controller_server]: Control loop missed its desired rate of 30.0000 Hz. Current loop rate is 16.6667 Hz.
[component_container_isolated-2] [WARN] [1780510298.857653378] [controller_server]: Control loop missed its desired rate of 30.0000 Hz. Current loop rate is 25.0000 Hz.
[component_container_isolated-2] [WARN] [1780510298.961363050] [controller_server]: Control loop missed its desired rate of 30.0000 Hz. Current loop rate is 14.2857 Hz.
[component_container_isolated-2] [WARN] [1780510299.049711352] [controller_server]: Control loop missed its desired rate of 30.0000 Hz. Current loop rate is 20.0000 Hz.
[component_container_isolated-2] [WARN] [1780510299.155393368] [controller_server]: Control loop missed its desired rate of 30.0000 Hz. Current loop rate is 25.0000 Hz.
[component_container_isolated-2] [WARN] [1780510299.166235490] [planner_server]: Planner loop missed its desired rate of 999999999.0000 Hz. Current loop rate is 0.5155 Hz
[component_container_isolated-2] [INFO] [1780510299.188850025] [controller_server]: Passing new path to controller.
[component_container_isolated-2] [WARN] [1780510299.247404822] [controller_server]: Control loop missed its desired rate of 30.0000 Hz. Current loop rate is 16.6667 Hz.
[component_container_isolated-2] [WARN] [1780510299.354643093] [controller_server]: Control loop missed its desired rate of 30.0000 Hz. Current loop rate is 20.0000 Hz.
[component_container_isolated-2] [WARN] [1780510299.447659504] [controller_server]: Control loop missed its desired rate of 30.0000 Hz. Current loop rate is 16.6667 Hz.
[component_container_isolated-2] [WARN] [1780510299.653891612] [controller_server]: Control loop missed its desired rate of 30.0000 Hz. Current loop rate is 25.0000 Hz.
[component_container_isolated-2] [WARN] [1780510299.743606693] [controller_server]: Control loop missed its desired rate of 30.0000 Hz. Current loop rate is 16.6667 Hz.
[component_container_isolated-2] [WARN] [1780510299.852663817] [controller_server]: Control loop missed its desired rate of 30.0000 Hz. Current loop rate is 25.0000 Hz.
[component_container_isolated-2] [WARN] [1780510300.058577789] [controller_server]: Control loop missed its desired rate of 30.0000 Hz. Current loop rate is 25.0000 Hz.
[component_container_isolated-2] [WARN] [1780510300.141260985] [controller_server]: Control loop missed its desired rate of 30.0000 Hz. Current loop rate is 20.0000 Hz.
[component_container_isolated-2] [WARN] [1780510300.345369030] [controller_server]: Control loop missed its desired rate of 30.0000 Hz. Current loop rate is 25.0000 Hz.
[robot_mission_runner-4] [INFO] [1780510300.720166067] [robot_mission_runner]: Pose: (-10.25, -28.91), Elapsed: 15s, ETA: 66s, Dist remaining: 71.55m
[component_container_isolated-2] [WARN] [1780510301.459572624] [controller_server]: Control loop missed its desired rate of 30.0000 Hz. Current loop rate is 25.0000 Hz.
[component_container_isolated-2] [WARN] [1780510301.484135258] [planner_server]: Planner loop missed its desired rate of 999999999.0000 Hz. Current loop rate is 0.7692 Hz
[component_container_isolated-2] [WARN] [1780510301.532636576] [controller_server]: Control loop missed its desired rate of 30.0000 Hz. Current loop rate is 33.3333 Hz.
[component_container_isolated-2] [INFO] [1780510301.532807288] [controller_server]: Passing new path to controller.
[component_container_isolated-2] [WARN] [1780510301.636357321] [controller_server]: Control loop missed its desired rate of 30.0000 Hz. Current loop rate is 25.0000 Hz.
[component_container_isolated-2] [WARN] [1780510301.738686179] [controller_server]: Control loop missed its desired rate of 30.0000 Hz. Current loop rate is 33.3333 Hz.
[component_container_isolated-2] [WARN] [1780510301.940554914] [controller_server]: Control loop missed its desired rate of 30.0000 Hz. Current loop rate is 25.0000 Hz.
[component_container_isolated-2] [WARN] [1780510302.045695721] [controller_server]: Control loop missed its desired rate of 30.0000 Hz. Current loop rate is 25.0000 Hz.
[component_container_isolated-2] [WARN] [1780510302.160316171] [controller_server]: Control loop missed its desired rate of 30.0000 Hz. Current loop rate is 20.0000 Hz.
[component_container_isolated-2] [WARN] [1780510302.240142482] [controller_server]: Control loop missed its desired rate of 30.0000 Hz. Current loop rate is 25.0000 Hz.
[component_container_isolated-2] [WARN] [1780510302.444143887] [controller_server]: Control loop missed its desired rate of 30.0000 Hz. Current loop rate is 25.0000 Hz.
[component_container_isolated-2] [WARN] [1780510302.552552572] [controller_server]: Control loop missed its desired rate of 30.0000 Hz. Current loop rate is 25.0000 Hz.
[component_container_isolated-2] [WARN] [1780510302.664550769] [controller_server]: Control loop missed its desired rate of 30.0000 Hz. Current loop rate is 20.0000 Hz.
[component_container_isolated-2] [WARN] [1780510302.736928800] [controller_server]: Control loop missed its desired rate of 30.0000 Hz. Current loop rate is 33.3333 Hz.
[component_container_isolated-2] [WARN] [1780510302.840566398] [controller_server]: Control loop missed its desired rate of 30.0000 Hz. Current loop rate is 50.0000 Hz.
[component_container_isolated-2] [WARN] [1780510302.950876490] [controller_server]: Control loop missed its desired rate of 30.0000 Hz. Current loop rate is 20.0000 Hz.
[component_container_isolated-2] [WARN] [1780510303.168376440] [controller_server]: Control loop missed its desired rate of 30.0000 Hz. Current loop rate is 20.0000 Hz.
[component_container_isolated-2] [WARN] [1780510303.254079152] [controller_server]: Control loop missed its desired rate of 30.0000 Hz. Current loop rate is 20.0000 Hz.
[component_container_isolated-2] [WARN] [1780510303.356730440] [controller_server]: Control loop missed its desired rate of 30.0000 Hz. Current loop rate is 14.2857 Hz.
[component_container_isolated-2] [WARN] [1780510303.454613082] [controller_server]: Control loop missed its desired rate of 30.0000 Hz. Current loop rate is 16.6667 Hz.
[component_container_isolated-2] [WARN] [1780510303.547289293] [controller_server]: Control loop missed its desired rate of 30.0000 Hz. Current loop rate is 16.6667 Hz.
[component_container_isolated-2] [WARN] [1780510303.662104247] [controller_server]: Control loop missed its desired rate of 30.0000 Hz. Current loop rate is 20.0000 Hz.
[component_container_isolated-2] [WARN] [1780510303.756076828] [controller_server]: Control loop missed its desired rate of 30.0000 Hz. Current loop rate is 16.6667 Hz.
[component_container_isolated-2] [WARN] [1780510303.843599871] [controller_server]: Control loop missed its desired rate of 30.0000 Hz. Current loop rate is 16.6667 Hz.
[component_container_isolated-2] [WARN] [1780510303.959523750] [controller_server]: Control loop missed its desired rate of 30.0000 Hz. Current loop rate is 25.0000 Hz.
[component_container_isolated-2] [WARN] [1780510304.041058944] [controller_server]: Control loop missed its desired rate of 30.0000 Hz. Current loop rate is 20.0000 Hz.
[component_container_isolated-2] [WARN] [1780510304.145044756] [controller_server]: Control loop missed its desired rate of 30.0000 Hz. Current loop rate is 25.0000 Hz.
[component_container_isolated-2] [WARN] [1780510304.251204130] [controller_server]: Control loop missed its desired rate of 30.0000 Hz. Current loop rate is 25.0000 Hz.
[component_container_isolated-2] [WARN] [1780510304.359246278] [controller_server]: Control loop missed its desired rate of 30.0000 Hz. Current loop rate is 25.0000 Hz.
[component_container_isolated-2] [WARN] [1780510304.447771066] [controller_server]: Control loop missed its desired rate of 30.0000 Hz. Current loop rate is 20.0000 Hz.
[component_container_isolated-2] [WARN] [1780510304.555934063] [controller_server]: Control loop missed its desired rate of 30.0000 Hz. Current loop rate is 25.0000 Hz.
[component_container_isolated-2] [WARN] [1780510304.642131250] [controller_server]: Control loop missed its desired rate of 30.0000 Hz. Current loop rate is 16.6667 Hz.
[component_container_isolated-2] [WARN] [1780510304.659903580] [planner_server]: Planner loop missed its desired rate of 999999999.0000 Hz. Current loop rate is 0.4630 Hz
[component_container_isolated-2] [INFO] [1780510304.709565965] [controller_server]: Passing new path to controller.
[component_container_isolated-2] [WARN] [1780510304.947104285] [controller_server]: Control loop missed its desired rate of 30.0000 Hz. Current loop rate is 25.0000 Hz.
[component_container_isolated-2] [WARN] [1780510305.064782064] [controller_server]: Control loop missed its desired rate of 30.0000 Hz. Current loop rate is 20.0000 Hz.
[component_container_isolated-2] [WARN] [1780510305.142912398] [controller_server]: Control loop missed its desired rate of 30.0000 Hz. Current loop rate is 20.0000 Hz.
[robot_mission_runner-4] [INFO] [1780510305.751999084] [robot_mission_runner]: Pose: (-10.36, -36.19), Elapsed: 20s, ETA: 42s, Dist remaining: 64.41m
[component_container_isolated-2] [WARN] [1780510305.852457848] [controller_server]: Control loop missed its desired rate of 30.0000 Hz. Current loop rate is 20.0000 Hz.
[component_container_isolated-2] [WARN] [1780510305.966509385] [controller_server]: Control loop missed its desired rate of 30.0000 Hz. Current loop rate is 20.0000 Hz.
[component_container_isolated-2] [WARN] [1780510306.043918034] [controller_server]: Control loop missed its desired rate of 30.0000 Hz. Current loop rate is 20.0000 Hz.
[component_container_isolated-2] [WARN] [1780510306.144227804] [controller_server]: Control loop missed its desired rate of 30.0000 Hz. Current loop rate is 33.3333 Hz.
[component_container_isolated-2] [WARN] [1780510306.354197014] [controller_server]: Control loop missed its desired rate of 30.0000 Hz. Current loop rate is 25.0000 Hz.
[component_container_isolated-2] [WARN] [1780510306.441251643] [controller_server]: Control loop missed its desired rate of 30.0000 Hz. Current loop rate is 20.0000 Hz.
[component_container_isolated-2] [WARN] [1780510307.645728514] [controller_server]: Control loop missed its desired rate of 30.0000 Hz. Current loop rate is 25.0000 Hz.
[component_container_isolated-2] [WARN] [1780510308.249125765] [controller_server]: Control loop missed its desired rate of 30.0000 Hz. Current loop rate is 33.3333 Hz.
[component_container_isolated-2] [WARN] [1780510308.358312497] [controller_server]: Control loop missed its desired rate of 30.0000 Hz. Current loop rate is 25.0000 Hz.
[component_container_isolated-2] [WARN] [1780510308.440349394] [controller_server]: Control loop missed its desired rate of 30.0000 Hz. Current loop rate is 25.0000 Hz.
[component_container_isolated-2] [WARN] [1780510308.642242878] [controller_server]: Control loop missed its desired rate of 30.0000 Hz. Current loop rate is 25.0000 Hz.
[component_container_isolated-2] [WARN] [1780510309.861286772] [controller_server]: Control loop missed its desired rate of 30.0000 Hz. Current loop rate is 20.0000 Hz.
[component_container_isolated-2] [WARN] [1780510310.032671513] [controller_server]: Control loop missed its desired rate of 30.0000 Hz. Current loop rate is 33.3333 Hz.
[component_container_isolated-2] [WARN] [1780510310.255714267] [controller_server]: Control loop missed its desired rate of 30.0000 Hz. Current loop rate is 20.0000 Hz.
[component_container_isolated-2] [WARN] [1780510310.349513360] [controller_server]: Control loop missed its desired rate of 30.0000 Hz. Current loop rate is 16.6667 Hz.
[robot_mission_runner-4] [INFO] [1780510310.774044764] [robot_mission_runner]: Pose: (-10.38, -43.72), Elapsed: 25s, ETA: 37s, Dist remaining: 56.83m
[component_container_isolated-2] [WARN] [1780510311.325194327] [planner_server]: Planner loop missed its desired rate of 999999999.0000 Hz. Current loop rate is 0.1776 Hz
[component_container_isolated-2] [INFO] [1780510311.349740674] [controller_server]: Passing new path to controller.
[component_container_isolated-2] [WARN] [1780510311.949652816] [controller_server]: Control loop missed its desired rate of 30.0000 Hz. Current loop rate is 33.3333 Hz.
[component_container_isolated-2] [WARN] [1780510312.051352624] [controller_server]: Control loop missed its desired rate of 30.0000 Hz. Current loop rate is 25.0000 Hz.
[component_container_isolated-2] [WARN] [1780510314.460320505] [planner_server]: Planner loop missed its desired rate of 999999999.0000 Hz. Current loop rate is 0.4717 Hz
[component_container_isolated-2] [INFO] [1780510314.484823086] [controller_server]: Passing new path to controller.
[robot_mission_runner-4] [INFO] [1780510315.796270092] [robot_mission_runner]: Pose: (-7.36, -50.08), Elapsed: 30s, ETA: 33s, Dist remaining: 49.59m
[component_container_isolated-2] [WARN] [1780510319.963081751] [planner_server]: Planner loop missed its desired rate of 999999999.0000 Hz. Current loop rate is 0.2227 Hz
[component_container_isolated-2] [INFO] [1780510319.984819365] [controller_server]: Passing new path to controller.
[robot_mission_runner-4] [INFO] [1780510320.817289095] [robot_mission_runner]: Pose: (0.03, -50.83), Elapsed: 35s, ETA: 28s, Dist remaining: 42.09m
[component_container_isolated-2] [WARN] [1780510321.473404066] [planner_server]: Planner loop missed its desired rate of 999999999.0000 Hz. Current loop rate is 2.0000 Hz
[component_container_isolated-2] [INFO] [1780510321.518157860] [controller_server]: Passing new path to controller.
[component_container_isolated-2] [WARN] [1780510323.705247764] [planner_server]: Planner loop missed its desired rate of 999999999.0000 Hz. Current loop rate is 0.8197 Hz
[component_container_isolated-2] [INFO] [1780510323.718160790] [controller_server]: Passing new path to controller.
[robot_mission_runner-4] [INFO] [1780510325.846226731] [robot_mission_runner]: Pose: (7.55, -50.71), Elapsed: 40s, ETA: 23s, Dist remaining: 34.78m
[component_container_isolated-2] [WARN] [1780510326.285192585] [planner_server]: Planner loop missed its desired rate of 999999999.0000 Hz. Current loop rate is 0.6452 Hz
[component_container_isolated-2] [INFO] [1780510326.318157912] [controller_server]: Passing new path to controller.
[component_container_isolated-2] [WARN] [1780510329.060436788] [planner_server]: Planner loop missed its desired rate of 999999999.0000 Hz. Current loop rate is 0.5714 Hz
[component_container_isolated-2] [INFO] [1780510329.084950423] [controller_server]: Passing new path to controller.
[component_container_isolated-2] [WARN] [1780510329.454835106] [controller_server]: Control loop missed its desired rate of 30.0000 Hz. Current loop rate is 25.0000 Hz.
[component_container_isolated-2] [WARN] [1780510329.527518392] [controller_server]: Control loop missed its desired rate of 30.0000 Hz. Current loop rate is 25.0000 Hz.
[component_container_isolated-2] [WARN] [1780510329.630667689] [controller_server]: Control loop missed its desired rate of 30.0000 Hz. Current loop rate is 33.3333 Hz.
[component_container_isolated-2] [WARN] [1780510330.034713225] [controller_server]: Control loop missed its desired rate of 30.0000 Hz. Current loop rate is 25.0000 Hz.
[robot_mission_runner-4] [INFO] [1780510330.879807304] [robot_mission_runner]: Pose: (14.84, -51.77), Elapsed: 45s, ETA: 17s, Dist remaining: 26.77m
[component_container_isolated-2] [WARN] [1780510332.095389480] [planner_server]: Planner loop missed its desired rate of 999999999.0000 Hz. Current loop rate is 0.4950 Hz
[component_container_isolated-2] [INFO] [1780510332.134868462] [controller_server]: Passing new path to controller.
[component_container_isolated-2] [WARN] [1780510333.619085958] [planner_server]: Planner loop missed its desired rate of 999999999.0000 Hz. Current loop rate is 2.0000 Hz
[component_container_isolated-2] [INFO] [1780510333.668210801] [controller_server]: Passing new path to controller.
[robot_mission_runner-4] [INFO] [1780510335.899760809] [robot_mission_runner]: Pose: (21.37, -55.24), Elapsed: 50s, ETA: 12s, Dist remaining: 18.63m
[component_container_isolated-2] [WARN] [1780510336.150987759] [planner_server]: Planner loop missed its desired rate of 999999999.0000 Hz. Current loop rate is 0.6667 Hz
[component_container_isolated-2] [INFO] [1780510336.168197084] [controller_server]: Passing new path to controller.
[component_container_isolated-2] [WARN] [1780510337.862310783] [planner_server]: Planner loop missed its desired rate of 999999999.0000 Hz. Current loop rate is 1.4706 Hz
[component_container_isolated-2] [INFO] [1780510337.901677524] [controller_server]: Passing new path to controller.
[component_container_isolated-2] [WARN] [1780510339.335143632] [planner_server]: Planner loop missed its desired rate of 999999999.0000 Hz. Current loop rate is 2.1739 Hz
[component_container_isolated-2] [INFO] [1780510339.368196662] [controller_server]: Passing new path to controller.
[component_container_isolated-2] [WARN] [1780510340.721685173] [planner_server]: Planner loop missed its desired rate of 999999999.0000 Hz. Current loop rate is 2.6316 Hz
[component_container_isolated-2] [INFO] [1780510340.734860873] [controller_server]: Passing new path to controller.
[robot_mission_runner-4] [INFO] [1780510340.924756458] [robot_mission_runner]: Pose: (27.52, -59.02), Elapsed: 55s, ETA: 7s, Dist remaining: 11.54m
[component_container_isolated-2] [WARN] [1780510341.948986469] [planner_server]: Planner loop missed its desired rate of 999999999.0000 Hz. Current loop rate is 4.7619 Hz
[component_container_isolated-2] [INFO] [1780510341.968363329] [controller_server]: Passing new path to controller.
[component_container_isolated-2] [WARN] [1780510343.079338749] [planner_server]: Planner loop missed its desired rate of 999999999.0000 Hz. Current loop rate is 8.3333 Hz
[component_container_isolated-2] [INFO] [1780510343.101652277] [controller_server]: Passing new path to controller.
[component_container_isolated-2] [WARN] [1780510344.153957410] [planner_server]: Planner loop missed its desired rate of 999999999.0000 Hz. Current loop rate is 20.0000 Hz
[component_container_isolated-2] [INFO] [1780510344.168213438] [controller_server]: Passing new path to controller.
[component_container_isolated-2] [WARN] [1780510345.139718353] [controller_server]: Control loop missed its desired rate of 30.0000 Hz. Current loop rate is 25.0000 Hz.
[component_container_isolated-2] [WARN] [1780510345.194214737] [planner_server]: Planner loop missed its desired rate of 999999999.0000 Hz. Current loop rate is 50.0000 Hz
[component_container_isolated-2] [INFO] [1780510345.239817737] [controller_server]: Passing new path to controller.
[robot_mission_runner-4] [INFO] [1780510346.145339195] [robot_mission_runner]: Pose: (35.15, -59.58), Elapsed: 60s, ETA: 2s, Dist remaining: 3.82m
[component_container_isolated-2] [WARN] [1780510346.212802273] [planner_server]: Planner loop missed its desired rate of 999999999.0000 Hz. Current loop rate is 100.0000 Hz
[component_container_isolated-2] [INFO] [1780510346.239857856] [controller_server]: Passing new path to controller.
[component_container_isolated-2] [WARN] [1780510347.043096977] [controller_server]: Control loop missed its desired rate of 30.0000 Hz. Current loop rate is 25.0000 Hz.
[component_container_isolated-2] [WARN] [1780510347.146620872] [controller_server]: Control loop missed its desired rate of 30.0000 Hz. Current loop rate is 25.0000 Hz.
[component_container_isolated-2] [WARN] [1780510347.251079624] [controller_server]: Control loop missed its desired rate of 30.0000 Hz. Current loop rate is 33.3333 Hz.
[component_container_isolated-2] [INFO] [1780510347.284550995] [controller_server]: Passing new path to controller.
[component_container_isolated-2] [WARN] [1780510347.453093159] [controller_server]: Control loop missed its desired rate of 30.0000 Hz. Current loop rate is 25.0000 Hz.
[component_container_isolated-2] [WARN] [1780510348.056549523] [controller_server]: Control loop missed its desired rate of 30.0000 Hz. Current loop rate is 25.0000 Hz.
[component_container_isolated-2] [WARN] [1780510348.137422641] [controller_server]: Control loop missed its desired rate of 30.0000 Hz. Current loop rate is 20.0000 Hz.
[component_container_isolated-2] [WARN] [1780510348.318440482] [planner_server]: Planner loop missed its desired rate of 999999999.0000 Hz. Current loop rate is 16.6667 Hz
[component_container_isolated-2] [INFO] [1780510348.337551917] [controller_server]: Passing new path to controller.
[component_container_isolated-2] [WARN] [1780510348.455346730] [controller_server]: Control loop missed its desired rate of 30.0000 Hz. Current loop rate is 20.0000 Hz.
[component_container_isolated-2] [WARN] [1780510348.527321384] [controller_server]: Control loop missed its desired rate of 30.0000 Hz. Current loop rate is 25.0000 Hz.
[component_container_isolated-2] [WARN] [1780510348.631418496] [controller_server]: Control loop missed its desired rate of 30.0000 Hz. Current loop rate is 33.3333 Hz.
[component_container_isolated-2] [WARN] [1780510348.751765586] [controller_server]: Control loop missed its desired rate of 30.0000 Hz. Current loop rate is 20.0000 Hz.
[component_container_isolated-2] [INFO] [1780510349.385222463] [controller_server]: Passing new path to controller.
[component_container_isolated-2] [WARN] [1780510349.724234392] [controller_server]: Control loop missed its desired rate of 30.0000 Hz. Current loop rate is 25.0000 Hz.
[component_container_isolated-2] [WARN] [1780510349.827914968] [controller_server]: Control loop missed its desired rate of 30.0000 Hz. Current loop rate is 25.0000 Hz.
[component_container_isolated-2] [WARN] [1780510349.942959894] [controller_server]: Control loop missed its desired rate of 30.0000 Hz. Current loop rate is 20.0000 Hz.
[component_container_isolated-2] [INFO] [1780510350.409770779] [controller_server]: Passing new path to controller.
[component_container_isolated-2] [WARN] [1780510350.446468655] [controller_server]: Control loop missed its desired rate of 30.0000 Hz. Current loop rate is 25.0000 Hz.
[component_container_isolated-2] [WARN] [1780510350.550141732] [controller_server]: Control loop missed its desired rate of 30.0000 Hz. Current loop rate is 33.3333 Hz.
[component_container_isolated-2] [WARN] [1780510350.651859213] [controller_server]: Control loop missed its desired rate of 30.0000 Hz. Current loop rate is 33.3333 Hz.
[robot_mission_runner-4] [INFO] [1780510351.164478546] [robot_mission_runner]: Pose: (37.63, -60.54), Elapsed: 65s, ETA: 14s, Dist remaining: 1.42m
[component_container_isolated-2] [INFO] [1780510351.418644837] [controller_server]: Passing new path to controller.
[component_container_isolated-2] [WARN] [1780510351.656322382] [controller_server]: Control loop missed its desired rate of 30.0000 Hz. Current loop rate is 25.0000 Hz.
[component_container_isolated-2] [WARN] [1780510351.738080966] [controller_server]: Control loop missed its desired rate of 30.0000 Hz. Current loop rate is 20.0000 Hz.
[component_container_isolated-2] [INFO] [1780510352.438214299] [controller_server]: Passing new path to controller.
[component_container_isolated-2] [INFO] [1780510353.471542482] [controller_server]: Passing new path to controller.
[component_container_isolated-2] [INFO] [1780510354.504880924] [controller_server]: Passing new path to controller.
[component_container_isolated-2] [WARN] [1780510355.488695897] [planner_server]: Planner loop missed its desired rate of 999999999.0000 Hz. Current loop rate is 100.0000 Hz
[component_container_isolated-2] [INFO] [1780510355.538215218] [controller_server]: Passing new path to controller.
[robot_mission_runner-4] [INFO] [1780510356.190860388] [robot_mission_runner]: Pose: (37.63, -60.54), Elapsed: 70s, ETA: 0s, Dist remaining: 1.38m
[component_container_isolated-2] [INFO] [1780510356.538215931] [controller_server]: Passing new path to controller.
[component_container_isolated-2] [WARN] [1780510356.641444621] [controller_server]: Control loop missed its desired rate of 30.0000 Hz. Current loop rate is 33.3333 Hz.
[component_container_isolated-2] [WARN] [1780510356.745506994] [controller_server]: Control loop missed its desired rate of 30.0000 Hz. Current loop rate is 25.0000 Hz.
[component_container_isolated-2] [INFO] [1780510357.578988813] [controller_server]: Passing new path to controller.
[component_container_isolated-2] [WARN] [1780510358.582300549] [planner_server]: Planner loop missed its desired rate of 999999999.0000 Hz. Current loop rate is 100.0000 Hz
[component_container_isolated-2] [INFO] [1780510358.612327929] [controller_server]: Passing new path to controller.
[component_container_isolated-2] [ERROR] [1780510359.479366842] [controller_server]: Failed to make progress
[component_container_isolated-2] [INFO] [1780510359.479861089] [controller_server]: Optimizer reset
[component_container_isolated-2] [WARN] [1780510359.479889098] [controller_server]: [follow_path] [ActionServer] Aborting handle.
[component_container_isolated-2] [INFO] [1780510359.497376375] [local_costmap.local_costmap]: Received request to clear entirely the local_costmap
[component_container_isolated-2] [WARN] [1780510359.513208031] [bt_navigator_navigate_to_pose_rclcpp_node]: Node timed out while executing service call to local_costmap/clear_entirely_local_costmap.
[component_container_isolated-2] [ERROR] [1780510359.535067117] [bt_navigator_navigate_to_pose_rclcpp_node]: Failed to get result for vlm_node/query_bool in node halt!
[component_container_isolated-2] [INFO] [1780510359.535356791] [local_costmap.local_costmap]: Received request to clear entirely the local_costmap
[component_container_isolated-2] [INFO] [1780510359.538530670] [global_costmap.global_costmap]: Received request to clear entirely the global_costmap
[component_container_isolated-2] [WARN] [1780510359.558902847] [bt_navigator_navigate_to_pose_rclcpp_node]: Node timed out while executing service call to global_costmap/clear_entirely_global_costmap.
[component_container_isolated-2] [INFO] [1780510359.559812434] [behavior_server]: Running spin
[component_container_isolated-2] [INFO] [1780510359.559923869] [behavior_server]: Turning 1.57 for spin behavior.
[component_container_isolated-2] [INFO] [1780510360.960100618] [behavior_server]: spin completed successfully
[vlm_node-3] [INFO] [1780510360.980137871] [vlm_node]: Goal received with prompt: Check if there are any small hazards on the ground that would cause harm to the robot if it navigated over it OR the area is blocked by large objects that make it impassable. If so respond only yes. Otherwise, respond no.
[component_container_isolated-2] [WARN] [1780510360.980849320] [planner_server]: Planner loop missed its desired rate of 999999999.0000 Hz. Current loop rate is 100.0000 Hz
[component_container_isolated-2] [INFO] [1780510360.986635184] [controller_server]: Received a goal, begin computing control effort.
[robot_mission_runner-4] [INFO] [1780510361.211107885] [robot_mission_runner]: Pose: (37.66, -60.58), Elapsed: 75s, ETA: 63s, Dist remaining: 1.79m
[component_container_isolated-2] [WARN] [1780510361.458887772] [controller_server]: Control loop missed its desired rate of 30.0000 Hz. Current loop rate is 25.0000 Hz.
[component_container_isolated-2] [WARN] [1780510361.638511442] [controller_server]: Control loop missed its desired rate of 30.0000 Hz. Current loop rate is 20.0000 Hz.
[component_container_isolated-2] [WARN] [1780510361.940692356] [controller_server]: Control loop missed its desired rate of 30.0000 Hz. Current loop rate is 33.3333 Hz.
[component_container_isolated-2] [WARN] [1780510362.046566136] [controller_server]: Control loop missed its desired rate of 30.0000 Hz. Current loop rate is 25.0000 Hz.
[component_container_isolated-2] [INFO] [1780510362.046619552] [controller_server]: Passing new path to controller.
[component_container_isolated-2] [INFO] [1780510363.046684091] [controller_server]: Passing new path to controller.
[component_container_isolated-2] [WARN] [1780510364.042800292] [planner_server]: Planner loop missed its desired rate of 999999999.0000 Hz. Current loop rate is 100.0000 Hz
[component_container_isolated-2] [INFO] [1780510364.046679899] [controller_server]: Passing new path to controller.
[component_container_isolated-2] [WARN] [1780510364.451488895] [controller_server]: Control loop missed its desired rate of 30.0000 Hz. Current loop rate is 33.3333 Hz.
[component_container_isolated-2] [WARN] [1780510364.661365132] [controller_server]: Control loop missed its desired rate of 30.0000 Hz. Current loop rate is 25.0000 Hz.
[component_container_isolated-2] [WARN] [1780510364.733242536] [controller_server]: Control loop missed its desired rate of 30.0000 Hz. Current loop rate is 25.0000 Hz.
[component_container_isolated-2] [INFO] [1780510365.100043536] [controller_server]: Passing new path to controller.
[component_container_isolated-2] [INFO] [1780510365.274364793] [controller_server]: Reached the goal!
[component_container_isolated-2] [INFO] [1780510365.274623531] [controller_server]: Optimizer reset
[component_container_isolated-2] [ERROR] [1780510365.315473812] [bt_navigator_navigate_to_pose_rclcpp_node]: Failed to get result for vlm_node/query_bool in node halt!
[component_container_isolated-2] [INFO] [1780510365.315893410] [bt_navigator]: Goal succeeded
[robot_mission_runner-4] [INFO] [1780510365.327610046] [robot_mission_runner]: Navigation result: SUCCEEDED
[robot_mission_runner-4] [INFO] [1780510375.328391930] [robot_mission_runner]: Navigating to drop, attempt 1/3...
[component_container_isolated-2] [INFO] [1780510375.329368442] [local_costmap.local_costmap]: Received request to clear entirely the local_costmap
[component_container_isolated-2] [INFO] [1780510375.335327333] [global_costmap.global_costmap]: Received request to clear entirely the global_costmap
[robot_mission_runner-4] [INFO] [1780510375.354438804] [robot_mission_runner]: Navigating to goal: -33.5 -22.4...
[component_container_isolated-2] [INFO] [1780510375.355108930] [bt_navigator]: Begin navigating from current location (38.11, -59.97) to (-33.50, -22.40)
[vlm_node-3] [INFO] [1780510375.358390318] [vlm_node]: Goal received with prompt: Check if there are any small hazards on the ground that would cause harm to the robot if it navigated over it OR the area is blocked by large objects that make it impassable. If so respond only yes. Otherwise, respond no.
[component_container_isolated-2] [WARN] [1780510376.056981101] [planner_server]: Planner loop missed its desired rate of 999999999.0000 Hz. Current loop rate is 1.4286 Hz
[component_container_isolated-2] [INFO] [1780510376.077143845] [controller_server]: Received a goal, begin computing control effort.
[vlm_node-3] [WARN] [1780510377.139845029] [vlm_node]: VLM request failed on attempt 1: Request timed out.
[vlm_node-3] [INFO] [1780510377.140365239] [vlm_node]: VLM_QUERY|QueryBool|error|91.58|1|Request timed out.
[component_container_isolated-2] [WARN] [1780510377.152622788] [planner_server]: Planner loop missed its desired rate of 999999999.0000 Hz. Current loop rate is 14.2857 Hz
[component_container_isolated-2] [INFO] [1780510377.177368476] [controller_server]: Passing new path to controller.
[component_container_isolated-2] [WARN] [1780510378.220387775] [planner_server]: Planner loop missed its desired rate of 999999999.0000 Hz. Current loop rate is 16.6667 Hz
[component_container_isolated-2] [INFO] [1780510378.244025248] [controller_server]: Passing new path to controller.
[component_container_isolated-2] [WARN] [1780510378.646536179] [controller_server]: Control loop missed its desired rate of 30.0000 Hz. Current loop rate is 25.0000 Hz.
[component_container_isolated-2] [WARN] [1780510378.847879402] [controller_server]: Control loop missed its desired rate of 30.0000 Hz. Current loop rate is 33.3333 Hz.
[component_container_isolated-2] [WARN] [1780510379.366770516] [planner_server]: Planner loop missed its desired rate of 999999999.0000 Hz. Current loop rate is 9.0909 Hz
[component_container_isolated-2] [INFO] [1780510379.414678421] [controller_server]: Passing new path to controller.
[component_container_isolated-2] [WARN] [1780510380.445498817] [planner_server]: Planner loop missed its desired rate of 999999999.0000 Hz. Current loop rate is 20.0000 Hz
[robot_mission_runner-4] [INFO] [1780510380.473099174] [robot_mission_runner]: Pose: (34.40, -58.19), Elapsed: 5s, ETA: 67s, Dist remaining: 98.00m
[component_container_isolated-2] [INFO] [1780510380.481347432] [controller_server]: Passing new path to controller.
[component_container_isolated-2] [WARN] [1780510381.574694963] [planner_server]: Planner loop missed its desired rate of 999999999.0000 Hz. Current loop rate is 10.0000 Hz
[component_container_isolated-2] [INFO] [1780510381.614710155] [controller_server]: Passing new path to controller.
[component_container_isolated-2] [WARN] [1780510382.654085112] [planner_server]: Planner loop missed its desired rate of 999999999.0000 Hz. Current loop rate is 20.0000 Hz
[component_container_isolated-2] [INFO] [1780510382.681342916] [controller_server]: Passing new path to controller.
[component_container_isolated-2] [WARN] [1780510383.719668775] [planner_server]: Planner loop missed its desired rate of 999999999.0000 Hz. Current loop rate is 20.0000 Hz
[component_container_isolated-2] [INFO] [1780510383.748009220] [controller_server]: Passing new path to controller.
[component_container_isolated-2] [WARN] [1780510384.777197905] [planner_server]: Planner loop missed its desired rate of 999999999.0000 Hz. Current loop rate is 25.0000 Hz
[component_container_isolated-2] [INFO] [1780510384.814678870] [controller_server]: Passing new path to controller.
[robot_mission_runner-4] [INFO] [1780510385.495674341] [robot_mission_runner]: Pose: (28.61, -53.54), Elapsed: 10s, ETA: 60s, Dist remaining: 90.63m
[component_container_isolated-2] [WARN] [1780510385.842059230] [planner_server]: Planner loop missed its desired rate of 999999999.0000 Hz. Current loop rate is 33.3333 Hz
[component_container_isolated-2] [INFO] [1780510385.881342351] [controller_server]: Passing new path to controller.
[component_container_isolated-2] [WARN] [1780510386.907563573] [planner_server]: Planner loop missed its desired rate of 999999999.0000 Hz. Current loop rate is 20.0000 Hz
[component_container_isolated-2] [INFO] [1780510386.948039881] [controller_server]: Passing new path to controller.
[component_container_isolated-2] [WARN] [1780510387.979745876] [planner_server]: Planner loop missed its desired rate of 999999999.0000 Hz. Current loop rate is 25.0000 Hz
[component_container_isolated-2] [INFO] [1780510388.014704014] [controller_server]: Passing new path to controller.
[component_container_isolated-2] [WARN] [1780510389.040247225] [planner_server]: Planner loop missed its desired rate of 999999999.0000 Hz. Current loop rate is 33.3333 Hz
[component_container_isolated-2] [INFO] [1780510389.081371929] [controller_server]: Passing new path to controller.
[component_container_isolated-2] [WARN] [1780510390.102668166] [planner_server]: Planner loop missed its desired rate of 999999999.0000 Hz. Current loop rate is 33.3333 Hz
[component_container_isolated-2] [INFO] [1780510390.148004270] [controller_server]: Passing new path to controller.
[robot_mission_runner-4] [INFO] [1780510390.513756171] [robot_mission_runner]: Pose: (22.12, -50.49), Elapsed: 15s, ETA: 55s, Dist remaining: 83.28m
[component_container_isolated-2] [WARN] [1780510391.154356689] [planner_server]: Planner loop missed its desired rate of 999999999.0000 Hz. Current loop rate is 33.3333 Hz
[component_container_isolated-2] [INFO] [1780510391.181339494] [controller_server]: Passing new path to controller.
[component_container_isolated-2] [WARN] [1780510392.209397571] [planner_server]: Planner loop missed its desired rate of 999999999.0000 Hz. Current loop rate is 20.0000 Hz
[component_container_isolated-2] [INFO] [1780510392.248019852] [controller_server]: Passing new path to controller.
[component_container_isolated-2] [WARN] [1780510393.257907915] [planner_server]: Planner loop missed its desired rate of 999999999.0000 Hz. Current loop rate is 33.3333 Hz
[component_container_isolated-2] [INFO] [1780510393.281344186] [controller_server]: Passing new path to controller.
[component_container_isolated-2] [WARN] [1780510394.338258062] [planner_server]: Planner loop missed its desired rate of 999999999.0000 Hz. Current loop rate is 20.0000 Hz
[component_container_isolated-2] [INFO] [1780510394.381339078] [controller_server]: Passing new path to controller.
[component_container_isolated-2] [WARN] [1780510395.400415547] [planner_server]: Planner loop missed its desired rate of 999999999.0000 Hz. Current loop rate is 25.0000 Hz
[component_container_isolated-2] [INFO] [1780510395.448004943] [controller_server]: Passing new path to controller.
[robot_mission_runner-4] [INFO] [1780510395.532565088] [robot_mission_runner]: Pose: (14.59, -50.34), Elapsed: 20s, ETA: 50s, Dist remaining: 75.62m
[component_container_isolated-2] [WARN] [1780510396.453743461] [planner_server]: Planner loop missed its desired rate of 999999999.0000 Hz. Current loop rate is 50.0000 Hz
[component_container_isolated-2] [INFO] [1780510396.481333068] [controller_server]: Passing new path to controller.
[component_container_isolated-2] [WARN] [1780510396.750310268] [controller_server]: Control loop missed its desired rate of 30.0000 Hz. Current loop rate is 33.3333 Hz.
[component_container_isolated-2] [WARN] [1780510397.509001161] [planner_server]: Planner loop missed its desired rate of 999999999.0000 Hz. Current loop rate is 25.0000 Hz
[component_container_isolated-2] [INFO] [1780510397.550791906] [controller_server]: Passing new path to controller.
[component_container_isolated-2] [WARN] [1780510398.563498174] [planner_server]: Planner loop missed its desired rate of 999999999.0000 Hz. Current loop rate is 50.0000 Hz
[component_container_isolated-2] [INFO] [1780510398.584202940] [controller_server]: Passing new path to controller.
[component_container_isolated-2] [WARN] [1780510399.606427781] [planner_server]: Planner loop missed its desired rate of 999999999.0000 Hz. Current loop rate is 25.0000 Hz
[component_container_isolated-2] [INFO] [1780510399.650818584] [controller_server]: Passing new path to controller.
[robot_mission_runner-4] [INFO] [1780510400.555358548] [robot_mission_runner]: Pose: (7.07, -50.28), Elapsed: 25s, ETA: 45s, Dist remaining: 68.35m
[component_container_isolated-2] [WARN] [1780510400.653160003] [planner_server]: Planner loop missed its desired rate of 999999999.0000 Hz. Current loop rate is 33.3333 Hz
[component_container_isolated-2] [INFO] [1780510400.684113479] [controller_server]: Passing new path to controller.
[component_container_isolated-2] [WARN] [1780510401.689849421] [planner_server]: Planner loop missed its desired rate of 999999999.0000 Hz. Current loop rate is 50.0000 Hz
[component_container_isolated-2] [INFO] [1780510401.717501351] [controller_server]: Passing new path to controller.
[component_container_isolated-2] [WARN] [1780510402.744892878] [planner_server]: Planner loop missed its desired rate of 999999999.0000 Hz. Current loop rate is 33.3333 Hz
[component_container_isolated-2] [INFO] [1780510402.784161036] [controller_server]: Passing new path to controller.
[component_container_isolated-2] [WARN] [1780510403.848743076] [planner_server]: Planner loop missed its desired rate of 999999999.0000 Hz. Current loop rate is 10.0000 Hz
[component_container_isolated-2] [INFO] [1780510403.884144350] [controller_server]: Passing new path to controller.
[component_container_isolated-2] [WARN] [1780510404.887944413] [planner_server]: Planner loop missed its desired rate of 999999999.0000 Hz. Current loop rate is 50.0000 Hz
[component_container_isolated-2] [INFO] [1780510404.917488110] [controller_server]: Passing new path to controller.
[robot_mission_runner-4] [INFO] [1780510405.772490683] [robot_mission_runner]: Pose: (-0.72, -50.29), Elapsed: 30s, ETA: 41s, Dist remaining: 61.98m
[component_container_isolated-2] [WARN] [1780510405.933476818] [planner_server]: Planner loop missed its desired rate of 999999999.0000 Hz. Current loop rate is 33.3333 Hz
[component_container_isolated-2] [INFO] [1780510405.950795928] [controller_server]: Passing new path to controller.
[component_container_isolated-2] [WARN] [1780510406.050986042] [controller_server]: Control loop missed its desired rate of 30.0000 Hz. Current loop rate is 33.3333 Hz.
[component_container_isolated-2] [WARN] [1780510406.985479266] [planner_server]: Planner loop missed its desired rate of 999999999.0000 Hz. Current loop rate is 33.3333 Hz
[component_container_isolated-2] [INFO] [1780510407.017913520] [controller_server]: Passing new path to controller.
[component_container_isolated-2] [WARN] [1780510407.152017228] [controller_server]: Control loop missed its desired rate of 30.0000 Hz. Current loop rate is 33.3333 Hz.
[component_container_isolated-2] [WARN] [1780510408.032055403] [planner_server]: Planner loop missed its desired rate of 999999999.0000 Hz. Current loop rate is 50.0000 Hz
[component_container_isolated-2] [INFO] [1780510408.052159822] [controller_server]: Passing new path to controller.
[component_container_isolated-2] [WARN] [1780510409.076087653] [planner_server]: Planner loop missed its desired rate of 999999999.0000 Hz. Current loop rate is 33.3333 Hz
[component_container_isolated-2] [INFO] [1780510409.118812949] [controller_server]: Passing new path to controller.
[component_container_isolated-2] [WARN] [1780510410.127833339] [planner_server]: Planner loop missed its desired rate of 999999999.0000 Hz. Current loop rate is 50.0000 Hz
[component_container_isolated-2] [INFO] [1780510410.152163993] [controller_server]: Passing new path to controller.
[robot_mission_runner-4] [INFO] [1780510410.795100372] [robot_mission_runner]: Pose: (-8.25, -50.29), Elapsed: 35s, ETA: 35s, Dist remaining: 52.83m
[component_container_isolated-2] [WARN] [1780510411.179436683] [planner_server]: Planner loop missed its desired rate of 999999999.0000 Hz. Current loop rate is 25.0000 Hz
[component_container_isolated-2] [INFO] [1780510411.218801804] [controller_server]: Passing new path to controller.
[component_container_isolated-2] [WARN] [1780510412.221892015] [planner_server]: Planner loop missed its desired rate of 999999999.0000 Hz. Current loop rate is 33.3333 Hz
[component_container_isolated-2] [INFO] [1780510412.252157292] [controller_server]: Passing new path to controller.
[component_container_isolated-2] [WARN] [1780510413.335428986] [planner_server]: Planner loop missed its desired rate of 999999999.0000 Hz. Current loop rate is 11.1111 Hz
[component_container_isolated-2] [INFO] [1780510413.352167674] [controller_server]: Passing new path to controller.
[component_container_isolated-2] [WARN] [1780510414.382710466] [planner_server]: Planner loop missed its desired rate of 999999999.0000 Hz. Current loop rate is 33.3333 Hz
[component_container_isolated-2] [INFO] [1780510414.418800040] [controller_server]: Passing new path to controller.
[vlm_node-3] [INFO] [1780510414.755139411] [vlm_node]: Completed prompt: "Check if there are any small hazards on the ground that would cause harm to the robot if it navigated over it OR the area is blocked by large objects that make it impassable. If so respond only yes. Otherwise, respond no." with response: False
[vlm_node-3] [INFO] [1780510414.755847721] [vlm_node]: VLM_QUERY|QueryBool|success|53.78|1|
[component_container_isolated-2] [WARN] [1780510415.427173863] [planner_server]: Planner loop missed its desired rate of 999999999.0000 Hz. Current loop rate is 33.3333 Hz
[component_container_isolated-2] [INFO] [1780510415.452156030] [controller_server]: Passing new path to controller.
[robot_mission_runner-4] [INFO] [1780510415.821733127] [robot_mission_runner]: Pose: (-15.79, -50.37), Elapsed: 40s, ETA: 30s, Dist remaining: 45.18m
[component_container_isolated-2] [WARN] [1780510416.482631869] [planner_server]: Planner loop missed its desired rate of 999999999.0000 Hz. Current loop rate is 25.0000 Hz
[component_container_isolated-2] [INFO] [1780510416.518836600] [controller_server]: Passing new path to controller.
[component_container_isolated-2] [WARN] [1780510417.156140279] [controller_server]: Control loop missed its desired rate of 30.0000 Hz. Current loop rate is 33.3333 Hz.
[component_container_isolated-2] [WARN] [1780510417.229977379] [controller_server]: Control loop missed its desired rate of 30.0000 Hz. Current loop rate is 25.0000 Hz.
[component_container_isolated-2] [WARN] [1780510417.437804324] [controller_server]: Control loop missed its desired rate of 30.0000 Hz. Current loop rate is 20.0000 Hz.
[component_container_isolated-2] [WARN] [1780510417.544429496] [planner_server]: Planner loop missed its desired rate of 999999999.0000 Hz. Current loop rate is 25.0000 Hz
[component_container_isolated-2] [INFO] [1780510417.571271079] [controller_server]: Passing new path to controller.
[component_container_isolated-2] [WARN] [1780510417.741958316] [controller_server]: Control loop missed its desired rate of 30.0000 Hz. Current loop rate is 25.0000 Hz.
[component_container_isolated-2] [WARN] [1780510418.245413705] [controller_server]: Control loop missed its desired rate of 30.0000 Hz. Current loop rate is 33.3333 Hz.
[component_container_isolated-2] [WARN] [1780510418.580949776] [planner_server]: Planner loop missed its desired rate of 999999999.0000 Hz. Current loop rate is 33.3333 Hz
[component_container_isolated-2] [INFO] [1780510418.612227260] [controller_server]: Passing new path to controller.
[component_container_isolated-2] [WARN] [1780510419.648299347] [planner_server]: Planner loop missed its desired rate of 999999999.0000 Hz. Current loop rate is 20.0000 Hz
[component_container_isolated-2] [INFO] [1780510419.678892984] [controller_server]: Passing new path to controller.
[robot_mission_runner-4] [INFO] [1780510420.841713892] [robot_mission_runner]: Pose: (-23.30, -50.35), Elapsed: 45s, ETA: 25s, Dist remaining: 37.86m
[component_container_isolated-2] [WARN] [1780510420.846647882] [planner_server]: Planner loop missed its desired rate of 999999999.0000 Hz. Current loop rate is 5.8824 Hz
[component_container_isolated-2] [INFO] [1780510420.878892406] [controller_server]: Passing new path to controller.
[component_container_isolated-2] [WARN] [1780510422.043094501] [planner_server]: Planner loop missed its desired rate of 999999999.0000 Hz. Current loop rate is 5.2632 Hz
[component_container_isolated-2] [INFO] [1780510422.079068475] [controller_server]: Passing new path to controller.
[component_container_isolated-2] [WARN] [1780510423.082946020] [planner_server]: Planner loop missed its desired rate of 999999999.0000 Hz. Current loop rate is 33.3333 Hz
[component_container_isolated-2] [INFO] [1780510423.112326079] [controller_server]: Passing new path to controller.
[component_container_isolated-2] [WARN] [1780510424.140619239] [planner_server]: Planner loop missed its desired rate of 999999999.0000 Hz. Current loop rate is 25.0000 Hz
[component_container_isolated-2] [INFO] [1780510424.178896967] [controller_server]: Passing new path to controller.
[component_container_isolated-2] [WARN] [1780510424.250146735] [controller_server]: Control loop missed its desired rate of 30.0000 Hz. Current loop rate is 25.0000 Hz.
[component_container_isolated-2] [WARN] [1780510425.182796010] [planner_server]: Planner loop missed its desired rate of 999999999.0000 Hz. Current loop rate is 50.0000 Hz
[component_container_isolated-2] [INFO] [1780510425.216940643] [controller_server]: Passing new path to controller.
[robot_mission_runner-4] [INFO] [1780510425.861128817] [robot_mission_runner]: Pose: (-30.79, -50.08), Elapsed: 50s, ETA: 20s, Dist remaining: 30.20m
[component_container_isolated-2] [WARN] [1780510426.209717033] [planner_server]: Planner loop missed its desired rate of 999999999.0000 Hz. Current loop rate is 50.0000 Hz
[component_container_isolated-2] [INFO] [1780510426.250301117] [controller_server]: Passing new path to controller.
[component_container_isolated-2] [WARN] [1780510426.552992320] [controller_server]: Control loop missed its desired rate of 30.0000 Hz. Current loop rate is 25.0000 Hz.
[component_container_isolated-2] [WARN] [1780510427.225952368] [controller_server]: Control loop missed its desired rate of 30.0000 Hz. Current loop rate is 25.0000 Hz.
[component_container_isolated-2] [WARN] [1780510427.237258348] [planner_server]: Planner loop missed its desired rate of 999999999.0000 Hz. Current loop rate is 100.0000 Hz
[component_container_isolated-2] [INFO] [1780510427.259437652] [controller_server]: Passing new path to controller.
[component_container_isolated-2] [WARN] [1780510427.328870390] [controller_server]: Control loop missed its desired rate of 30.0000 Hz. Current loop rate is 25.0000 Hz.
[component_container_isolated-2] [WARN] [1780510427.529511171] [controller_server]: Control loop missed its desired rate of 30.0000 Hz. Current loop rate is 25.0000 Hz.
[component_container_isolated-2] [WARN] [1780510427.831688935] [controller_server]: Control loop missed its desired rate of 30.0000 Hz. Current loop rate is 25.0000 Hz.
[component_container_isolated-2] [WARN] [1780510428.032943662] [controller_server]: Control loop missed its desired rate of 30.0000 Hz. Current loop rate is 25.0000 Hz.
[component_container_isolated-2] [WARN] [1780510428.142237743] [controller_server]: Control loop missed its desired rate of 30.0000 Hz. Current loop rate is 20.0000 Hz.
[component_container_isolated-2] [WARN] [1780510428.248838961] [controller_server]: Control loop missed its desired rate of 30.0000 Hz. Current loop rate is 20.0000 Hz.
[component_container_isolated-2] [WARN] [1780510428.330515059] [planner_server]: Planner loop missed its desired rate of 999999999.0000 Hz. Current loop rate is 12.5000 Hz
[component_container_isolated-2] [INFO] [1780510428.348967172] [controller_server]: Passing new path to controller.
[component_container_isolated-2] [WARN] [1780510428.460029527] [controller_server]: Control loop missed its desired rate of 30.0000 Hz. Current loop rate is 20.0000 Hz.
[component_container_isolated-2] [WARN] [1780510428.530364873] [controller_server]: Control loop missed its desired rate of 30.0000 Hz. Current loop rate is 25.0000 Hz.
[component_container_isolated-2] [WARN] [1780510428.736939327] [controller_server]: Control loop missed its desired rate of 30.0000 Hz. Current loop rate is 25.0000 Hz.
[component_container_isolated-2] [WARN] [1780510429.137180682] [controller_server]: Control loop missed its desired rate of 30.0000 Hz. Current loop rate is 33.3333 Hz.
[component_container_isolated-2] [WARN] [1780510429.364590418] [planner_server]: Planner loop missed its desired rate of 999999999.0000 Hz. Current loop rate is 100.0000 Hz
[component_container_isolated-2] [INFO] [1780510429.404068158] [controller_server]: Passing new path to controller.
[component_container_isolated-2] [WARN] [1780510430.393452038] [planner_server]: Planner loop missed its desired rate of 999999999.0000 Hz. Current loop rate is 100.0000 Hz
[component_container_isolated-2] [INFO] [1780510430.437303308] [controller_server]: Passing new path to controller.
[component_container_isolated-2] [WARN] [1780510430.647586806] [controller_server]: Control loop missed its desired rate of 30.0000 Hz. Current loop rate is 20.0000 Hz.
[component_container_isolated-2] [WARN] [1780510430.749629058] [controller_server]: Control loop missed its desired rate of 30.0000 Hz. Current loop rate is 25.0000 Hz.
[robot_mission_runner-4] [INFO] [1780510430.886544995] [robot_mission_runner]: Pose: (-34.37, -43.98), Elapsed: 55s, ETA: 15s, Dist remaining: 22.54m
[component_container_isolated-2] [WARN] [1780510431.421978286] [planner_server]: Planner loop missed its desired rate of 999999999.0000 Hz. Current loop rate is 100.0000 Hz
[component_container_isolated-2] [INFO] [1780510431.449792798] [controller_server]: Passing new path to controller.
[component_container_isolated-2] [WARN] [1780510432.444716864] [planner_server]: Planner loop missed its desired rate of 999999999.0000 Hz. Current loop rate is 100.0000 Hz
[component_container_isolated-2] [INFO] [1780510432.449759473] [controller_server]: Passing new path to controller.
[component_container_isolated-2] [WARN] [1780510433.462512849] [planner_server]: Planner loop missed its desired rate of 999999999.0000 Hz. Current loop rate is 100.0000 Hz
[component_container_isolated-2] [INFO] [1780510433.483092006] [controller_server]: Passing new path to controller.
[component_container_isolated-2] [WARN] [1780510434.482139646] [planner_server]: Planner loop missed its desired rate of 999999999.0000 Hz. Current loop rate is 100.0000 Hz
[component_container_isolated-2] [INFO] [1780510434.516458944] [controller_server]: Passing new path to controller.
[component_container_isolated-2] [WARN] [1780510434.558894026] [controller_server]: Control loop missed its desired rate of 30.0000 Hz. Current loop rate is 20.0000 Hz.
[component_container_isolated-2] [WARN] [1780510434.641069910] [controller_server]: Control loop missed its desired rate of 30.0000 Hz. Current loop rate is 20.0000 Hz.
[component_container_isolated-2] [WARN] [1780510434.753366018] [controller_server]: Control loop missed its desired rate of 30.0000 Hz. Current loop rate is 20.0000 Hz.
[component_container_isolated-2] [WARN] [1780510434.846714831] [controller_server]: Control loop missed its desired rate of 30.0000 Hz. Current loop rate is 20.0000 Hz.
[component_container_isolated-2] [WARN] [1780510435.047575138] [controller_server]: Control loop missed its desired rate of 30.0000 Hz. Current loop rate is 33.3333 Hz.
[component_container_isolated-2] [WARN] [1780510435.152345963] [controller_server]: Control loop missed its desired rate of 30.0000 Hz. Current loop rate is 20.0000 Hz.
[vlm_node-3] [INFO] [1780510435.493194756] [vlm_node]: Completed prompt: "Check if there are any small hazards on the ground that would cause harm to the robot if it navigated over it OR the area is blocked by large objects that make it impassable. If so respond only yes. Otherwise, respond no." with response: True
[vlm_node-3] [INFO] [1780510435.494743099] [vlm_node]: VLM_QUERY|QueryBool|success|60.14|1|
[vlm_node-3] [INFO] [1780510435.508839109] [vlm_node]: Goal received with prompt: Is this space too crowded by people or working machinery to move though safely? If so, respond only yes. Otherwise respond no.
[component_container_isolated-2] [INFO] [1780510435.519163983] [controller_server]: Passing new path to controller.
[robot_mission_runner-4] [INFO] [1780510435.909470266] [robot_mission_runner]: Pose: (-34.36, -36.45), Elapsed: 60s, ETA: 10s, Dist remaining: 15.02m
[component_container_isolated-2] [WARN] [1780510436.254476684] [controller_server]: Control loop missed its desired rate of 30.0000 Hz. Current loop rate is 33.3333 Hz.
[component_container_isolated-2] [WARN] [1780510436.326350807] [controller_server]: Control loop missed its desired rate of 30.0000 Hz. Current loop rate is 33.3333 Hz.
[component_container_isolated-2] [WARN] [1780510436.436091069] [controller_server]: Control loop missed its desired rate of 30.0000 Hz. Current loop rate is 25.0000 Hz.
[component_container_isolated-2] [WARN] [1780510436.521679048] [planner_server]: Planner loop missed its desired rate of 999999999.0000 Hz. Current loop rate is 100.0000 Hz
[component_container_isolated-2] [INFO] [1780510436.536757646] [controller_server]: Passing new path to controller.
[component_container_isolated-2] [WARN] [1780510436.645483868] [controller_server]: Control loop missed its desired rate of 30.0000 Hz. Current loop rate is 25.0000 Hz.
[component_container_isolated-2] [WARN] [1780510436.847932079] [controller_server]: Control loop missed its desired rate of 30.0000 Hz. Current loop rate is 25.0000 Hz.
[component_container_isolated-2] [WARN] [1780510436.953041144] [controller_server]: Control loop missed its desired rate of 30.0000 Hz. Current loop rate is 20.0000 Hz.
[component_container_isolated-2] [WARN] [1780510437.062478391] [controller_server]: Control loop missed its desired rate of 30.0000 Hz. Current loop rate is 25.0000 Hz.
[component_container_isolated-2] [WARN] [1780510437.133984739] [controller_server]: Control loop missed its desired rate of 30.0000 Hz. Current loop rate is 25.0000 Hz.
[component_container_isolated-2] [WARN] [1780510437.245184194] [controller_server]: Control loop missed its desired rate of 30.0000 Hz. Current loop rate is 25.0000 Hz.
[component_container_isolated-2] [WARN] [1780510437.356876181] [controller_server]: Control loop missed its desired rate of 30.0000 Hz. Current loop rate is 20.0000 Hz.
[component_container_isolated-2] [WARN] [1780510437.539418338] [controller_server]: Control loop missed its desired rate of 30.0000 Hz. Current loop rate is 20.0000 Hz.
[component_container_isolated-2] [WARN] [1780510437.551900330] [planner_server]: Planner loop missed its desired rate of 999999999.0000 Hz. Current loop rate is 100.0000 Hz
[component_container_isolated-2] [INFO] [1780510437.573307177] [controller_server]: Passing new path to controller.
[component_container_isolated-2] [WARN] [1780510437.847923516] [controller_server]: Control loop missed its desired rate of 30.0000 Hz. Current loop rate is 25.0000 Hz.
[component_container_isolated-2] [WARN] [1780510437.955521648] [controller_server]: Control loop missed its desired rate of 30.0000 Hz. Current loop rate is 25.0000 Hz.
[component_container_isolated-2] [WARN] [1780510438.148178559] [controller_server]: Control loop missed its desired rate of 30.0000 Hz. Current loop rate is 16.6667 Hz.
[component_container_isolated-2] [WARN] [1780510438.560289943] [controller_server]: Control loop missed its desired rate of 30.0000 Hz. Current loop rate is 20.0000 Hz.
[component_container_isolated-2] [WARN] [1780510438.570054876] [planner_server]: Planner loop missed its desired rate of 999999999.0000 Hz. Current loop rate is 100.0000 Hz
[component_container_isolated-2] [INFO] [1780510438.594286308] [controller_server]: Passing new path to controller.
[component_container_isolated-2] [WARN] [1780510438.644619133] [controller_server]: Control loop missed its desired rate of 30.0000 Hz. Current loop rate is 20.0000 Hz.
[component_container_isolated-2] [WARN] [1780510438.957716117] [controller_server]: Control loop missed its desired rate of 30.0000 Hz. Current loop rate is 20.0000 Hz.
[component_container_isolated-2] [WARN] [1780510439.045404098] [controller_server]: Control loop missed its desired rate of 30.0000 Hz. Current loop rate is 20.0000 Hz.
[component_container_isolated-2] [WARN] [1780510439.155975953] [controller_server]: Control loop missed its desired rate of 30.0000 Hz. Current loop rate is 25.0000 Hz.
[component_container_isolated-2] [WARN] [1780510439.250305130] [controller_server]: Control loop missed its desired rate of 30.0000 Hz. Current loop rate is 16.6667 Hz.
[component_container_isolated-2] [INFO] [1780510439.617102477] [controller_server]: Passing new path to controller.
[component_container_isolated-2] [WARN] [1780510439.755451940] [controller_server]: Control loop missed its desired rate of 30.0000 Hz. Current loop rate is 25.0000 Hz.
[component_container_isolated-2] [WARN] [1780510439.828989693] [controller_server]: Control loop missed its desired rate of 30.0000 Hz. Current loop rate is 25.0000 Hz.
[component_container_isolated-2] [WARN] [1780510439.940360373] [controller_server]: Control loop missed its desired rate of 30.0000 Hz. Current loop rate is 20.0000 Hz.
[component_container_isolated-2] [WARN] [1780510440.541770385] [controller_server]: Control loop missed its desired rate of 30.0000 Hz. Current loop rate is 25.0000 Hz.
[component_container_isolated-2] [WARN] [1780510440.610995985] [planner_server]: Planner loop missed its desired rate of 999999999.0000 Hz. Current loop rate is 100.0000 Hz
[component_container_isolated-2] [INFO] [1780510440.642418457] [controller_server]: Passing new path to controller.
[component_container_isolated-2] [WARN] [1780510440.751298526] [controller_server]: Control loop missed its desired rate of 30.0000 Hz. Current loop rate is 20.0000 Hz.
[component_container_isolated-2] [WARN] [1780510440.852537484] [controller_server]: Control loop missed its desired rate of 30.0000 Hz. Current loop rate is 25.0000 Hz.
[robot_mission_runner-4] [INFO] [1780510440.938525073] [robot_mission_runner]: Pose: (-34.24, -28.90), Elapsed: 65s, ETA: 4s, Dist remaining: 7.40m
[component_container_isolated-2] [WARN] [1780510441.059766267] [controller_server]: Control loop missed its desired rate of 30.0000 Hz. Current loop rate is 20.0000 Hz.
[component_container_isolated-2] [WARN] [1780510441.128256921] [controller_server]: Control loop missed its desired rate of 30.0000 Hz. Current loop rate is 25.0000 Hz.
[component_container_isolated-2] [WARN] [1780510441.241666103] [controller_server]: Control loop missed its desired rate of 30.0000 Hz. Current loop rate is 20.0000 Hz.
[component_container_isolated-2] [WARN] [1780510441.639362065] [planner_server]: Planner loop missed its desired rate of 999999999.0000 Hz. Current loop rate is 100.0000 Hz
[component_container_isolated-2] [INFO] [1780510441.675125985] [controller_server]: Passing new path to controller.
[component_container_isolated-2] [WARN] [1780510441.846734544] [controller_server]: Control loop missed its desired rate of 30.0000 Hz. Current loop rate is 25.0000 Hz.
[component_container_isolated-2] [WARN] [1780510441.950932354] [controller_server]: Control loop missed its desired rate of 30.0000 Hz. Current loop rate is 20.0000 Hz.
[component_container_isolated-2] [WARN] [1780510442.059723271] [controller_server]: Control loop missed its desired rate of 30.0000 Hz. Current loop rate is 20.0000 Hz.
[component_container_isolated-2] [WARN] [1780510442.128343589] [controller_server]: Control loop missed its desired rate of 30.0000 Hz. Current loop rate is 25.0000 Hz.
[component_container_isolated-2] [WARN] [1780510442.240739198] [controller_server]: Control loop missed its desired rate of 30.0000 Hz. Current loop rate is 20.0000 Hz.
[component_container_isolated-2] [WARN] [1780510442.357787841] [controller_server]: Control loop missed its desired rate of 30.0000 Hz. Current loop rate is 16.6667 Hz.
[component_container_isolated-2] [WARN] [1780510442.450523367] [controller_server]: Control loop missed its desired rate of 30.0000 Hz. Current loop rate is 16.6667 Hz.
[component_container_isolated-2] [WARN] [1780510442.565720908] [controller_server]: Control loop missed its desired rate of 30.0000 Hz. Current loop rate is 20.0000 Hz.
[component_container_isolated-2] [WARN] [1780510442.657881691] [controller_server]: Control loop missed its desired rate of 30.0000 Hz. Current loop rate is 14.2857 Hz.
[component_container_isolated-2] [WARN] [1780510442.659161008] [planner_server]: Planner loop missed its desired rate of 999999999.0000 Hz. Current loop rate is 100.0000 Hz
[component_container_isolated-2] [INFO] [1780510442.691351782] [controller_server]: Passing new path to controller.
[component_container_isolated-2] [WARN] [1780510442.754321023] [controller_server]: Control loop missed its desired rate of 30.0000 Hz. Current loop rate is 16.6667 Hz.
[component_container_isolated-2] [WARN] [1780510442.835014806] [controller_server]: Control loop missed its desired rate of 30.0000 Hz. Current loop rate is 25.0000 Hz.
[component_container_isolated-2] [WARN] [1780510442.941455427] [controller_server]: Control loop missed its desired rate of 30.0000 Hz. Current loop rate is 25.0000 Hz.
[component_container_isolated-2] [WARN] [1780510443.052566075] [controller_server]: Control loop missed its desired rate of 30.0000 Hz. Current loop rate is 20.0000 Hz.
[component_container_isolated-2] [WARN] [1780510443.679255772] [planner_server]: Planner loop missed its desired rate of 999999999.0000 Hz. Current loop rate is 100.0000 Hz
[component_container_isolated-2] [INFO] [1780510443.719941218] [controller_server]: Passing new path to controller.
[component_container_isolated-2] [WARN] [1780510444.561303115] [controller_server]: Control loop missed its desired rate of 30.0000 Hz. Current loop rate is 25.0000 Hz.
[component_container_isolated-2] [WARN] [1780510444.654698091] [controller_server]: Control loop missed its desired rate of 30.0000 Hz. Current loop rate is 16.6667 Hz.
[component_container_isolated-2] [WARN] [1780510444.754412825] [controller_server]: Control loop missed its desired rate of 30.0000 Hz. Current loop rate is 14.2857 Hz.
[component_container_isolated-2] [INFO] [1780510444.754498815] [controller_server]: Passing new path to controller.
[component_container_isolated-2] [WARN] [1780510444.848392456] [controller_server]: Control loop missed its desired rate of 30.0000 Hz. Current loop rate is 14.2857 Hz.
[component_container_isolated-2] [WARN] [1780510444.954330278] [controller_server]: Control loop missed its desired rate of 30.0000 Hz. Current loop rate is 25.0000 Hz.
[component_container_isolated-2] [WARN] [1780510445.053968146] [controller_server]: Control loop missed its desired rate of 30.0000 Hz. Current loop rate is 16.6667 Hz.
[component_container_isolated-2] [WARN] [1780510445.141480586] [controller_server]: Control loop missed its desired rate of 30.0000 Hz. Current loop rate is 16.6667 Hz.
[component_container_isolated-2] [WARN] [1780510445.255937123] [controller_server]: Control loop missed its desired rate of 30.0000 Hz. Current loop rate is 20.0000 Hz.
[component_container_isolated-2] [WARN] [1780510445.336006121] [controller_server]: Control loop missed its desired rate of 30.0000 Hz. Current loop rate is 25.0000 Hz.
[component_container_isolated-2] [WARN] [1780510445.452949273] [controller_server]: Control loop missed its desired rate of 30.0000 Hz. Current loop rate is 20.0000 Hz.
[component_container_isolated-2] [WARN] [1780510445.571861472] [controller_server]: Control loop missed its desired rate of 30.0000 Hz. Current loop rate is 20.0000 Hz.
[component_container_isolated-2] [WARN] [1780510445.655920766] [controller_server]: Control loop missed its desired rate of 30.0000 Hz. Current loop rate is 20.0000 Hz.
[component_container_isolated-2] [WARN] [1780510445.729928810] [controller_server]: Control loop missed its desired rate of 30.0000 Hz. Current loop rate is 25.0000 Hz.
[component_container_isolated-2] [WARN] [1780510445.740409387] [planner_server]: Planner loop missed its desired rate of 999999999.0000 Hz. Current loop rate is 100.0000 Hz
[component_container_isolated-2] [INFO] [1780510445.763400917] [controller_server]: Passing new path to controller.
[component_container_isolated-2] [WARN] [1780510445.835551250] [controller_server]: Control loop missed its desired rate of 30.0000 Hz. Current loop rate is 25.0000 Hz.
[component_container_isolated-2] [WARN] [1780510445.935769981] [controller_server]: Control loop missed its desired rate of 30.0000 Hz. Current loop rate is 33.3333 Hz.
[robot_mission_runner-4] [INFO] [1780510445.955642975] [robot_mission_runner]: Pose: (-33.74, -23.18), Elapsed: 70s, ETA: 2s, Dist remaining: 1.70m
[component_container_isolated-2] [WARN] [1780510446.040704957] [controller_server]: Control loop missed its desired rate of 30.0000 Hz. Current loop rate is 20.0000 Hz.
[component_container_isolated-2] [WARN] [1780510446.240844077] [controller_server]: Control loop missed its desired rate of 30.0000 Hz. Current loop rate is 25.0000 Hz.
[component_container_isolated-2] [WARN] [1780510446.445073621] [controller_server]: Control loop missed its desired rate of 30.0000 Hz. Current loop rate is 25.0000 Hz.
[component_container_isolated-2] [WARN] [1780510446.548728369] [controller_server]: Control loop missed its desired rate of 30.0000 Hz. Current loop rate is 20.0000 Hz.
[component_container_isolated-2] [WARN] [1780510446.755272886] [controller_server]: Control loop missed its desired rate of 30.0000 Hz. Current loop rate is 25.0000 Hz.
[component_container_isolated-2] [WARN] [1780510446.833411398] [controller_server]: Control loop missed its desired rate of 30.0000 Hz. Current loop rate is 25.0000 Hz.
[component_container_isolated-2] [WARN] [1780510446.837653855] [planner_server]: Planner loop missed its desired rate of 999999999.0000 Hz. Current loop rate is 12.5000 Hz
[component_container_isolated-2] [INFO] [1780510446.866882469] [controller_server]: Passing new path to controller.
[component_container_isolated-2] [WARN] [1780510446.940661755] [controller_server]: Control loop missed its desired rate of 30.0000 Hz. Current loop rate is 20.0000 Hz.
[component_container_isolated-2] [WARN] [1780510447.045628207] [controller_server]: Control loop missed its desired rate of 30.0000 Hz. Current loop rate is 25.0000 Hz.
[component_container_isolated-2] [WARN] [1780510447.251557173] [controller_server]: Control loop missed its desired rate of 30.0000 Hz. Current loop rate is 25.0000 Hz.
[component_container_isolated-2] [WARN] [1780510447.359284225] [controller_server]: Control loop missed its desired rate of 30.0000 Hz. Current loop rate is 20.0000 Hz.
[component_container_isolated-2] [WARN] [1780510447.430264752] [controller_server]: Control loop missed its desired rate of 30.0000 Hz. Current loop rate is 25.0000 Hz.
[component_container_isolated-2] [WARN] [1780510447.543163899] [controller_server]: Control loop missed its desired rate of 30.0000 Hz. Current loop rate is 20.0000 Hz.
[component_container_isolated-2] [WARN] [1780510447.743940268] [controller_server]: Control loop missed its desired rate of 30.0000 Hz. Current loop rate is 25.0000 Hz.
[component_container_isolated-2] [WARN] [1780510447.861201561] [planner_server]: Planner loop missed its desired rate of 999999999.0000 Hz. Current loop rate is 100.0000 Hz
[component_container_isolated-2] [INFO] [1780510447.877413133] [controller_server]: Passing new path to controller.
[component_container_isolated-2] [WARN] [1780510448.249161178] [controller_server]: Control loop missed its desired rate of 30.0000 Hz. Current loop rate is 20.0000 Hz.
[component_container_isolated-2] [WARN] [1780510448.354061358] [controller_server]: Control loop missed its desired rate of 30.0000 Hz. Current loop rate is 25.0000 Hz.
[component_container_isolated-2] [WARN] [1780510448.454625739] [controller_server]: Control loop missed its desired rate of 30.0000 Hz. Current loop rate is 14.2857 Hz.
[component_container_isolated-2] [WARN] [1780510448.557550403] [controller_server]: Control loop missed its desired rate of 30.0000 Hz. Current loop rate is 14.2857 Hz.
[component_container_isolated-2] [WARN] [1780510448.637574271] [controller_server]: Control loop missed its desired rate of 30.0000 Hz. Current loop rate is 25.0000 Hz.
[component_container_isolated-2] [WARN] [1780510448.738799423] [controller_server]: Control loop missed its desired rate of 30.0000 Hz. Current loop rate is 25.0000 Hz.
[component_container_isolated-2] [WARN] [1780510448.842505033] [controller_server]: Control loop missed its desired rate of 30.0000 Hz. Current loop rate is 25.0000 Hz.
[component_container_isolated-2] [WARN] [1780510448.891031572] [planner_server]: Planner loop missed its desired rate of 999999999.0000 Hz. Current loop rate is 100.0000 Hz
[component_container_isolated-2] [INFO] [1780510448.909320158] [controller_server]: Passing new path to controller.
[component_container_isolated-2] [WARN] [1780510448.949892540] [controller_server]: Control loop missed its desired rate of 30.0000 Hz. Current loop rate is 25.0000 Hz.
[component_container_isolated-2] [WARN] [1780510449.150285878] [controller_server]: Control loop missed its desired rate of 30.0000 Hz. Current loop rate is 20.0000 Hz.
[component_container_isolated-2] [WARN] [1780510449.250442081] [controller_server]: Control loop missed its desired rate of 30.0000 Hz. Current loop rate is 25.0000 Hz.
[component_container_isolated-2] [WARN] [1780510449.453013277] [controller_server]: Control loop missed its desired rate of 30.0000 Hz. Current loop rate is 25.0000 Hz.
[component_container_isolated-2] [WARN] [1780510449.562256107] [controller_server]: Control loop missed its desired rate of 30.0000 Hz. Current loop rate is 20.0000 Hz.
[component_container_isolated-2] [WARN] [1780510449.633636660] [controller_server]: Control loop missed its desired rate of 30.0000 Hz. Current loop rate is 25.0000 Hz.
[component_container_isolated-2] [WARN] [1780510449.743735741] [controller_server]: Control loop missed its desired rate of 30.0000 Hz. Current loop rate is 25.0000 Hz.
[component_container_isolated-2] [WARN] [1780510449.954090924] [controller_server]: Control loop missed its desired rate of 30.0000 Hz. Current loop rate is 20.0000 Hz.
[component_container_isolated-2] [INFO] [1780510449.954159626] [controller_server]: Passing new path to controller.
[component_container_isolated-2] [WARN] [1780510450.056992494] [controller_server]: Control loop missed its desired rate of 30.0000 Hz. Current loop rate is 14.2857 Hz.
[component_container_isolated-2] [WARN] [1780510450.157533163] [controller_server]: Control loop missed its desired rate of 30.0000 Hz. Current loop rate is 16.6667 Hz.
[component_container_isolated-2] [WARN] [1780510450.256174681] [controller_server]: Control loop missed its desired rate of 30.0000 Hz. Current loop rate is 16.6667 Hz.
[component_container_isolated-2] [WARN] [1780510450.357294499] [controller_server]: Control loop missed its desired rate of 30.0000 Hz. Current loop rate is 16.6667 Hz.
[component_container_isolated-2] [WARN] [1780510450.450838873] [controller_server]: Control loop missed its desired rate of 30.0000 Hz. Current loop rate is 16.6667 Hz.
[component_container_isolated-2] [WARN] [1780510450.551734604] [controller_server]: Control loop missed its desired rate of 30.0000 Hz. Current loop rate is 25.0000 Hz.
[component_container_isolated-2] [WARN] [1780510450.932114631] [planner_server]: Planner loop missed its desired rate of 999999999.0000 Hz. Current loop rate is 100.0000 Hz
[component_container_isolated-2] [INFO] [1780510450.951856737] [controller_server]: Passing new path to controller.
[robot_mission_runner-4] [INFO] [1780510450.973191055] [robot_mission_runner]: Pose: (-33.16, -22.81), Elapsed: 75s, ETA: 9s, Dist remaining: 0.81m
[component_container_isolated-2] [WARN] [1780510451.353971940] [controller_server]: Control loop missed its desired rate of 30.0000 Hz. Current loop rate is 25.0000 Hz.
[component_container_isolated-2] [WARN] [1780510451.475557248] [controller_server]: Control loop missed its desired rate of 30.0000 Hz. Current loop rate is 16.6667 Hz.
[component_container_isolated-2] [WARN] [1780510451.647146209] [controller_server]: Control loop missed its desired rate of 30.0000 Hz. Current loop rate is 25.0000 Hz.
[component_container_isolated-2] [WARN] [1780510451.753967396] [controller_server]: Control loop missed its desired rate of 30.0000 Hz. Current loop rate is 20.0000 Hz.
[component_container_isolated-2] [WARN] [1780510451.843954320] [controller_server]: Control loop missed its desired rate of 30.0000 Hz. Current loop rate is 16.6667 Hz.
[component_container_isolated-2] [WARN] [1780510451.945788823] [controller_server]: Control loop missed its desired rate of 30.0000 Hz. Current loop rate is 25.0000 Hz.
[component_container_isolated-2] [WARN] [1780510451.953035928] [planner_server]: Planner loop missed its desired rate of 999999999.0000 Hz. Current loop rate is 100.0000 Hz
[component_container_isolated-2] [INFO] [1780510451.979273023] [controller_server]: Passing new path to controller.
[component_container_isolated-2] [WARN] [1780510452.248945864] [controller_server]: Control loop missed its desired rate of 30.0000 Hz. Current loop rate is 20.0000 Hz.
[component_container_isolated-2] [WARN] [1780510452.555132364] [controller_server]: Control loop missed its desired rate of 30.0000 Hz. Current loop rate is 25.0000 Hz.
[component_container_isolated-2] [WARN] [1780510452.650761011] [controller_server]: Control loop missed its desired rate of 30.0000 Hz. Current loop rate is 14.2857 Hz.
[component_container_isolated-2] [WARN] [1780510452.751920231] [controller_server]: Control loop missed its desired rate of 30.0000 Hz. Current loop rate is 25.0000 Hz.
[component_container_isolated-2] [WARN] [1780510452.856737133] [controller_server]: Control loop missed its desired rate of 30.0000 Hz. Current loop rate is 20.0000 Hz.
[component_container_isolated-2] [WARN] [1780510452.941245034] [controller_server]: Control loop missed its desired rate of 30.0000 Hz. Current loop rate is 20.0000 Hz.
[component_container_isolated-2] [WARN] [1780510452.981921137] [planner_server]: Planner loop missed its desired rate of 999999999.0000 Hz. Current loop rate is 100.0000 Hz
[component_container_isolated-2] [INFO] [1780510453.008046975] [controller_server]: Passing new path to controller.
[component_container_isolated-2] [WARN] [1780510453.046618702] [controller_server]: Control loop missed its desired rate of 30.0000 Hz. Current loop rate is 25.0000 Hz.
[component_container_isolated-2] [WARN] [1780510453.146948654] [controller_server]: Control loop missed its desired rate of 30.0000 Hz. Current loop rate is 25.0000 Hz.
[vlm_node-3] [INFO] [1780510453.234899208] [vlm_node]: Completed prompt: "Is this space too crowded by people or working machinery to move though safely? If so, respond only yes. Otherwise respond no." with response: False
[vlm_node-3] [INFO] [1780510453.235615047] [vlm_node]: VLM_QUERY|QueryBool|success|17.73|1|
[component_container_isolated-2] [WARN] [1780510453.247517679] [controller_server]: Control loop missed its desired rate of 30.0000 Hz. Current loop rate is 25.0000 Hz.
[vlm_node-3] [INFO] [1780510453.248109667] [vlm_node]: Goal received with prompt: Are there any people visible in this scene? If so, respond only yes. Otherwise respond no.
[component_container_isolated-2] [WARN] [1780510453.350472312] [controller_server]: Control loop missed its desired rate of 30.0000 Hz. Current loop rate is 25.0000 Hz.
[component_container_isolated-2] [INFO] [1780510453.664112547] [controller_server]: Reached the goal!
[component_container_isolated-2] [INFO] [1780510453.664550999] [controller_server]: Optimizer reset
[component_container_isolated-2] [ERROR] [1780510453.696734113] [bt_navigator_navigate_to_pose_rclcpp_node]: Failed to get result for vlm_node/query_bool in node halt!
[component_container_isolated-2] [INFO] [1780510453.697160888] [bt_navigator]: Goal succeeded
[robot_mission_runner-4] [INFO] [1780510453.701999054] [robot_mission_runner]: Navigation result: SUCCEEDED
[robot_mission_runner-4] [INFO] [1780510463.703375738] [robot_mission_runner]: Mission 4 completed.
[robot_mission_runner-4] [INFO] [1780510463.704094225] [robot_mission_runner]: Picking from {'x': 9.0, 'y': -52.55, 'yaw': 1.5708}, dropping at {'x': -41.5, 'y': -8.1, 'yaw': -1.5708}...
[robot_mission_runner-4] [INFO] [1780510463.704629018] [robot_mission_runner]: Navigating to pick, attempt 1/3...
[component_container_isolated-2] [INFO] [1780510463.705268422] [local_costmap.local_costmap]: Received request to clear entirely the local_costmap
[component_container_isolated-2] [INFO] [1780510463.721237568] [global_costmap.global_costmap]: Received request to clear entirely the global_costmap
[robot_mission_runner-4] [INFO] [1780510463.739190444] [robot_mission_runner]: Navigating to goal: 9.0 -52.55...
[component_container_isolated-2] [INFO] [1780510463.740211604] [bt_navigator]: Begin navigating from current location (-33.51, -22.45) to (9.00, -52.55)
[vlm_node-3] [INFO] [1780510463.745884562] [vlm_node]: Goal received with prompt: Check if there are any small hazards on the ground that would cause harm to the robot if it navigated over it OR the area is blocked by large objects that make it impassable. If so respond only yes. Otherwise, respond no.
[component_container_isolated-2] [WARN] [1780510464.107789154] [planner_server]: Planner loop missed its desired rate of 999999999.0000 Hz. Current loop rate is 2.7027 Hz
[component_container_isolated-2] [INFO] [1780510464.121677183] [controller_server]: Received a goal, begin computing control effort.
[component_container_isolated-2] [WARN] [1780510464.226686539] [controller_server]: Control loop missed its desired rate of 30.0000 Hz. Current loop rate is 33.3333 Hz.
[component_container_isolated-2] [WARN] [1780510464.428142626] [controller_server]: Control loop missed its desired rate of 30.0000 Hz. Current loop rate is 50.0000 Hz.
[component_container_isolated-2] [WARN] [1780510464.546757368] [controller_server]: Control loop missed its desired rate of 30.0000 Hz. Current loop rate is 20.0000 Hz.
[component_container_isolated-2] [WARN] [1780510464.766795896] [controller_server]: Control loop missed its desired rate of 30.0000 Hz. Current loop rate is 20.0000 Hz.
[component_container_isolated-2] [WARN] [1780510464.836203738] [controller_server]: Control loop missed its desired rate of 30.0000 Hz. Current loop rate is 25.0000 Hz.
[component_container_isolated-2] [WARN] [1780510464.937647169] [controller_server]: Control loop missed its desired rate of 30.0000 Hz. Current loop rate is 50.0000 Hz.
[component_container_isolated-2] [WARN] [1780510465.037824963] [controller_server]: Control loop missed its desired rate of 30.0000 Hz. Current loop rate is 33.3333 Hz.
[component_container_isolated-2] [WARN] [1780510465.143115516] [controller_server]: Control loop missed its desired rate of 30.0000 Hz. Current loop rate is 25.0000 Hz.
[component_container_isolated-2] [WARN] [1780510465.279202575] [planner_server]: Planner loop missed its desired rate of 999999999.0000 Hz. Current loop rate is 6.6667 Hz
[component_container_isolated-2] [INFO] [1780510465.309896634] [controller_server]: Passing new path to controller.
[component_container_isolated-2] [WARN] [1780510466.047986800] [controller_server]: Control loop missed its desired rate of 30.0000 Hz. Current loop rate is 25.0000 Hz.
[component_container_isolated-2] [WARN] [1780510466.152886494] [controller_server]: Control loop missed its desired rate of 30.0000 Hz. Current loop rate is 25.0000 Hz.
[component_container_isolated-2] [WARN] [1780510466.263535106] [controller_server]: Control loop missed its desired rate of 30.0000 Hz. Current loop rate is 20.0000 Hz.
[component_container_isolated-2] [WARN] [1780510466.341886662] [controller_server]: Control loop missed its desired rate of 30.0000 Hz. Current loop rate is 25.0000 Hz.
[component_container_isolated-2] [WARN] [1780510466.406689670] [planner_server]: Planner loop missed its desired rate of 999999999.0000 Hz. Current loop rate is 9.0909 Hz
[component_container_isolated-2] [INFO] [1780510466.441997665] [controller_server]: Passing new path to controller.
[component_container_isolated-2] [WARN] [1780510466.647253958] [controller_server]: Control loop missed its desired rate of 30.0000 Hz. Current loop rate is 25.0000 Hz.
[component_container_isolated-2] [WARN] [1780510466.759815190] [controller_server]: Control loop missed its desired rate of 30.0000 Hz. Current loop rate is 25.0000 Hz.
[component_container_isolated-2] [WARN] [1780510466.851789182] [controller_server]: Control loop missed its desired rate of 30.0000 Hz. Current loop rate is 20.0000 Hz.
[component_container_isolated-2] [WARN] [1780510467.462546362] [controller_server]: Control loop missed its desired rate of 30.0000 Hz. Current loop rate is 20.0000 Hz.
[component_container_isolated-2] [WARN] [1780510467.530226630] [planner_server]: Planner loop missed its desired rate of 999999999.0000 Hz. Current loop rate is 10.0000 Hz
[component_container_isolated-2] [WARN] [1780510467.538177018] [controller_server]: Control loop missed its desired rate of 30.0000 Hz. Current loop rate is 33.3333 Hz.
[component_container_isolated-2] [INFO] [1780510467.572045022] [controller_server]: Passing new path to controller.
[component_container_isolated-2] [WARN] [1780510467.640518481] [controller_server]: Control loop missed its desired rate of 30.0000 Hz. Current loop rate is 33.3333 Hz.
[component_container_isolated-2] [WARN] [1780510467.750658064] [controller_server]: Control loop missed its desired rate of 30.0000 Hz. Current loop rate is 25.0000 Hz.
[component_container_isolated-2] [WARN] [1780510468.056606272] [controller_server]: Control loop missed its desired rate of 30.0000 Hz. Current loop rate is 25.0000 Hz.
[component_container_isolated-2] [WARN] [1780510468.144124645] [controller_server]: Control loop missed its desired rate of 30.0000 Hz. Current loop rate is 16.6667 Hz.
[component_container_isolated-2] [WARN] [1780510468.246626005] [controller_server]: Control loop missed its desired rate of 30.0000 Hz. Current loop rate is 25.0000 Hz.
[component_container_isolated-2] [WARN] [1780510468.451403738] [controller_server]: Control loop missed its desired rate of 30.0000 Hz. Current loop rate is 33.3333 Hz.
[component_container_isolated-2] [WARN] [1780510468.565128056] [controller_server]: Control loop missed its desired rate of 30.0000 Hz. Current loop rate is 20.0000 Hz.
[component_container_isolated-2] [WARN] [1780510468.637887349] [controller_server]: Control loop missed its desired rate of 30.0000 Hz. Current loop rate is 25.0000 Hz.
[component_container_isolated-2] [WARN] [1780510468.654167068] [planner_server]: Planner loop missed its desired rate of 999999999.0000 Hz. Current loop rate is 9.0909 Hz
[component_container_isolated-2] [INFO] [1780510468.704674892] [controller_server]: Passing new path to controller.
[component_container_isolated-2] [WARN] [1780510468.739127810] [controller_server]: Control loop missed its desired rate of 30.0000 Hz. Current loop rate is 33.3333 Hz.
[robot_mission_runner-4] [INFO] [1780510468.862386093] [robot_mission_runner]: Pose: (-34.29, -25.99), Elapsed: 5s, ETA: 45s, Dist remaining: 66.65m
[component_container_isolated-2] [WARN] [1780510468.939308020] [controller_server]: Control loop missed its desired rate of 30.0000 Hz. Current loop rate is 50.0000 Hz.
[component_container_isolated-2] [WARN] [1780510469.342731587] [controller_server]: Control loop missed its desired rate of 30.0000 Hz. Current loop rate is 33.3333 Hz.
[component_container_isolated-2] [WARN] [1780510469.744946879] [controller_server]: Control loop missed its desired rate of 30.0000 Hz. Current loop rate is 25.0000 Hz.
[component_container_isolated-2] [WARN] [1780510469.777887675] [planner_server]: Planner loop missed its desired rate of 999999999.0000 Hz. Current loop rate is 10.0000 Hz
[component_container_isolated-2] [INFO] [1780510469.811740641] [controller_server]: Passing new path to controller.
[component_container_isolated-2] [WARN] [1780510470.153627783] [controller_server]: Control loop missed its desired rate of 30.0000 Hz. Current loop rate is 20.0000 Hz.
[component_container_isolated-2] [WARN] [1780510470.257929785] [controller_server]: Control loop missed its desired rate of 30.0000 Hz. Current loop rate is 14.2857 Hz.
[component_container_isolated-2] [WARN] [1780510470.341749613] [controller_server]: Control loop missed its desired rate of 30.0000 Hz. Current loop rate is 20.0000 Hz.
[component_container_isolated-2] [WARN] [1780510470.447067577] [controller_server]: Control loop missed its desired rate of 30.0000 Hz. Current loop rate is 25.0000 Hz.
[component_container_isolated-2] [WARN] [1780510470.553221720] [controller_server]: Control loop missed its desired rate of 30.0000 Hz. Current loop rate is 50.0000 Hz.
[component_container_isolated-2] [WARN] [1780510470.655618359] [controller_server]: Control loop missed its desired rate of 30.0000 Hz. Current loop rate is 25.0000 Hz.
[component_container_isolated-2] [WARN] [1780510470.739305780] [controller_server]: Control loop missed its desired rate of 30.0000 Hz. Current loop rate is 25.0000 Hz.
[component_container_isolated-2] [WARN] [1780510470.899412201] [planner_server]: Planner loop missed its desired rate of 999999999.0000 Hz. Current loop rate is 9.0909 Hz
[component_container_isolated-2] [INFO] [1780510470.939412826] [controller_server]: Passing new path to controller.
[component_container_isolated-2] [WARN] [1780510471.543956358] [controller_server]: Control loop missed its desired rate of 30.0000 Hz. Current loop rate is 33.3333 Hz.
[component_container_isolated-2] [WARN] [1780510471.658064632] [controller_server]: Control loop missed its desired rate of 30.0000 Hz. Current loop rate is 20.0000 Hz.
[component_container_isolated-2] [WARN] [1780510471.738608361] [controller_server]: Control loop missed its desired rate of 30.0000 Hz. Current loop rate is 20.0000 Hz.
[vlm_node-3] [INFO] [1780510471.910202393] [vlm_node]: Completed prompt: "Are there any people visible in this scene? If so, respond only yes. Otherwise respond no." with response: False
[vlm_node-3] [INFO] [1780510471.910510613] [vlm_node]: VLM_QUERY|QueryBool|success|18.66|1|
[component_container_isolated-2] [WARN] [1780510472.003286989] [planner_server]: Planner loop missed its desired rate of 999999999.0000 Hz. Current loop rate is 11.1111 Hz
[component_container_isolated-2] [INFO] [1780510472.038748603] [controller_server]: Passing new path to controller.
[component_container_isolated-2] [WARN] [1780510472.244013506] [controller_server]: Control loop missed its desired rate of 30.0000 Hz. Current loop rate is 33.3333 Hz.
[component_container_isolated-2] [WARN] [1780510472.350437858] [controller_server]: Control loop missed its desired rate of 30.0000 Hz. Current loop rate is 33.3333 Hz.
[component_container_isolated-2] [WARN] [1780510472.459254788] [controller_server]: Control loop missed its desired rate of 30.0000 Hz. Current loop rate is 25.0000 Hz.
[component_container_isolated-2] [WARN] [1780510472.541354671] [controller_server]: Control loop missed its desired rate of 30.0000 Hz. Current loop rate is 25.0000 Hz.
[component_container_isolated-2] [WARN] [1780510472.658388417] [controller_server]: Control loop missed its desired rate of 30.0000 Hz. Current loop rate is 20.0000 Hz.
[component_container_isolated-2] [WARN] [1780510472.744806139] [controller_server]: Control loop missed its desired rate of 30.0000 Hz. Current loop rate is 20.0000 Hz.
[component_container_isolated-2] [WARN] [1780510472.850154010] [controller_server]: Control loop missed its desired rate of 30.0000 Hz. Current loop rate is 25.0000 Hz.
[component_container_isolated-2] [WARN] [1780510472.959923010] [controller_server]: Control loop missed its desired rate of 30.0000 Hz. Current loop rate is 25.0000 Hz.
[component_container_isolated-2] [WARN] [1780510473.048878854] [controller_server]: Control loop missed its desired rate of 30.0000 Hz. Current loop rate is 16.6667 Hz.
[component_container_isolated-2] [WARN] [1780510473.108418547] [planner_server]: Planner loop missed its desired rate of 999999999.0000 Hz. Current loop rate is 12.5000 Hz
[component_container_isolated-2] [WARN] [1780510473.151875549] [controller_server]: Control loop missed its desired rate of 30.0000 Hz. Current loop rate is 33.3333 Hz.
[component_container_isolated-2] [INFO] [1780510473.151955789] [controller_server]: Passing new path to controller.
[component_container_isolated-2] [WARN] [1780510473.260389159] [controller_server]: Control loop missed its desired rate of 30.0000 Hz. Current loop rate is 25.0000 Hz.
[component_container_isolated-2] [WARN] [1780510473.339438804] [controller_server]: Control loop missed its desired rate of 30.0000 Hz. Current loop rate is 20.0000 Hz.
[component_container_isolated-2] [WARN] [1780510473.446955300] [controller_server]: Control loop missed its desired rate of 30.0000 Hz. Current loop rate is 33.3333 Hz.
[component_container_isolated-2] [WARN] [1780510473.564109893] [controller_server]: Control loop missed its desired rate of 30.0000 Hz. Current loop rate is 20.0000 Hz.
[component_container_isolated-2] [WARN] [1780510473.643850920] [controller_server]: Control loop missed its desired rate of 30.0000 Hz. Current loop rate is 25.0000 Hz.
[component_container_isolated-2] [WARN] [1780510473.765294722] [controller_server]: Control loop missed its desired rate of 30.0000 Hz. Current loop rate is 16.6667 Hz.
[component_container_isolated-2] [WARN] [1780510473.862909416] [controller_server]: Control loop missed its desired rate of 30.0000 Hz. Current loop rate is 16.6667 Hz.
[robot_mission_runner-4] [INFO] [1780510473.878957220] [robot_mission_runner]: Pose: (-34.28, -33.49), Elapsed: 10s, ETA: 39s, Dist remaining: 58.84m
[component_container_isolated-2] [WARN] [1780510473.951652254] [controller_server]: Control loop missed its desired rate of 30.0000 Hz. Current loop rate is 25.0000 Hz.
[component_container_isolated-2] [WARN] [1780510474.059537591] [controller_server]: Control loop missed its desired rate of 30.0000 Hz. Current loop rate is 25.0000 Hz.
[component_container_isolated-2] [WARN] [1780510474.145864349] [controller_server]: Control loop missed its desired rate of 30.0000 Hz. Current loop rate is 20.0000 Hz.
[component_container_isolated-2] [WARN] [1780510474.200317433] [planner_server]: Planner loop missed its desired rate of 999999999.0000 Hz. Current loop rate is 14.2857 Hz
[component_container_isolated-2] [INFO] [1780510474.212676063] [controller_server]: Passing new path to controller.
[component_container_isolated-2] [WARN] [1780510474.250962170] [controller_server]: Control loop missed its desired rate of 30.0000 Hz. Current loop rate is 33.3333 Hz.
[component_container_isolated-2] [WARN] [1780510474.360945529] [controller_server]: Control loop missed its desired rate of 30.0000 Hz. Current loop rate is 25.0000 Hz.
[component_container_isolated-2] [WARN] [1780510474.445560476] [controller_server]: Control loop missed its desired rate of 30.0000 Hz. Current loop rate is 25.0000 Hz.
[component_container_isolated-2] [WARN] [1780510474.554319325] [controller_server]: Control loop missed its desired rate of 30.0000 Hz. Current loop rate is 25.0000 Hz.
[component_container_isolated-2] [WARN] [1780510474.646353826] [controller_server]: Control loop missed its desired rate of 30.0000 Hz. Current loop rate is 20.0000 Hz.
[component_container_isolated-2] [WARN] [1780510474.947367612] [controller_server]: Control loop missed its desired rate of 30.0000 Hz. Current loop rate is 25.0000 Hz.
[component_container_isolated-2] [WARN] [1780510475.155783024] [controller_server]: Control loop missed its desired rate of 30.0000 Hz. Current loop rate is 25.0000 Hz.
[component_container_isolated-2] [WARN] [1780510475.239770286] [controller_server]: Control loop missed its desired rate of 30.0000 Hz. Current loop rate is 25.0000 Hz.
[component_container_isolated-2] [WARN] [1780510475.311782980] [planner_server]: Planner loop missed its desired rate of 999999999.0000 Hz. Current loop rate is 10.0000 Hz
[component_container_isolated-2] [INFO] [1780510475.340190784] [controller_server]: Passing new path to controller.
[component_container_isolated-2] [WARN] [1780510476.428488958] [planner_server]: Planner loop missed its desired rate of 999999999.0000 Hz. Current loop rate is 11.1111 Hz
[component_container_isolated-2] [INFO] [1780510476.473253081] [controller_server]: Passing new path to controller.
[component_container_isolated-2] [WARN] [1780510476.543785219] [controller_server]: Control loop missed its desired rate of 30.0000 Hz. Current loop rate is 33.3333 Hz.
[component_container_isolated-2] [WARN] [1780510476.655394839] [controller_server]: Control loop missed its desired rate of 30.0000 Hz. Current loop rate is 20.0000 Hz.
[component_container_isolated-2] [WARN] [1780510476.749528304] [controller_server]: Control loop missed its desired rate of 30.0000 Hz. Current loop rate is 20.0000 Hz.
[component_container_isolated-2] [WARN] [1780510477.154171336] [controller_server]: Control loop missed its desired rate of 30.0000 Hz. Current loop rate is 50.0000 Hz.
[component_container_isolated-2] [WARN] [1780510477.248590104] [controller_server]: Control loop missed its desired rate of 30.0000 Hz. Current loop rate is 16.6667 Hz.
[component_container_isolated-2] [WARN] [1780510477.452196256] [controller_server]: Control loop missed its desired rate of 30.0000 Hz. Current loop rate is 33.3333 Hz.
[component_container_isolated-2] [WARN] [1780510477.556294768] [controller_server]: Control loop missed its desired rate of 30.0000 Hz. Current loop rate is 25.0000 Hz.
[component_container_isolated-2] [WARN] [1780510477.557121569] [planner_server]: Planner loop missed its desired rate of 999999999.0000 Hz. Current loop rate is 8.3333 Hz
[component_container_isolated-2] [INFO] [1780510477.589897726] [controller_server]: Passing new path to controller.
[component_container_isolated-2] [WARN] [1780510477.634601461] [controller_server]: Control loop missed its desired rate of 30.0000 Hz. Current loop rate is 25.0000 Hz.
[component_container_isolated-2] [WARN] [1780510477.837929549] [controller_server]: Control loop missed its desired rate of 30.0000 Hz. Current loop rate is 33.3333 Hz.
[component_container_isolated-2] [WARN] [1780510478.339680491] [controller_server]: Control loop missed its desired rate of 30.0000 Hz. Current loop rate is 33.3333 Hz.
[component_container_isolated-2] [WARN] [1780510478.450913679] [controller_server]: Control loop missed its desired rate of 30.0000 Hz. Current loop rate is 25.0000 Hz.
[component_container_isolated-2] [WARN] [1780510478.662701788] [planner_server]: Planner loop missed its desired rate of 999999999.0000 Hz. Current loop rate is 11.1111 Hz
[component_container_isolated-2] [INFO] [1780510478.684380326] [controller_server]: Passing new path to controller.
[robot_mission_runner-4] [INFO] [1780510478.901439275] [robot_mission_runner]: Pose: (-34.37, -41.02), Elapsed: 15s, ETA: 34s, Dist remaining: 51.29m
[component_container_isolated-2] [WARN] [1780510479.762498579] [planner_server]: Planner loop missed its desired rate of 999999999.0000 Hz. Current loop rate is 14.2857 Hz
[component_container_isolated-2] [INFO] [1780510479.784374338] [controller_server]: Passing new path to controller.
[component_container_isolated-2] [WARN] [1780510480.251030101] [controller_server]: Control loop missed its desired rate of 30.0000 Hz. Current loop rate is 33.3333 Hz.
[component_container_isolated-2] [WARN] [1780510480.886044302] [planner_server]: Planner loop missed its desired rate of 999999999.0000 Hz. Current loop rate is 9.0909 Hz
[component_container_isolated-2] [INFO] [1780510480.917834492] [controller_server]: Passing new path to controller.
[component_container_isolated-2] [WARN] [1780510481.982547055] [planner_server]: Planner loop missed its desired rate of 999999999.0000 Hz. Current loop rate is 14.2857 Hz
[component_container_isolated-2] [INFO] [1780510482.017860363] [controller_server]: Passing new path to controller.
[component_container_isolated-2] [WARN] [1780510483.083753539] [planner_server]: Planner loop missed its desired rate of 999999999.0000 Hz. Current loop rate is 12.5000 Hz
[component_container_isolated-2] [INFO] [1780510483.117845234] [controller_server]: Passing new path to controller.
[component_container_isolated-2] [WARN] [1780510483.459577769] [controller_server]: Control loop missed its desired rate of 30.0000 Hz. Current loop rate is 25.0000 Hz.
[component_container_isolated-2] [WARN] [1780510483.536343326] [controller_server]: Control loop missed its desired rate of 30.0000 Hz. Current loop rate is 25.0000 Hz.
[component_container_isolated-2] [WARN] [1780510483.737130910] [controller_server]: Control loop missed its desired rate of 30.0000 Hz. Current loop rate is 33.3333 Hz.
[robot_mission_runner-4] [INFO] [1780510483.921706379] [robot_mission_runner]: Pose: (-33.16, -48.22), Elapsed: 20s, ETA: 29s, Dist remaining: 43.74m
[component_container_isolated-2] [WARN] [1780510483.938409271] [controller_server]: Control loop missed its desired rate of 30.0000 Hz. Current loop rate is 33.3333 Hz.
[component_container_isolated-2] [WARN] [1780510484.175794669] [planner_server]: Planner loop missed its desired rate of 999999999.0000 Hz. Current loop rate is 14.2857 Hz
[component_container_isolated-2] [INFO] [1780510484.205486104] [controller_server]: Passing new path to controller.
[component_container_isolated-2] [WARN] [1780510485.297346179] [planner_server]: Planner loop missed its desired rate of 999999999.0000 Hz. Current loop rate is 9.0909 Hz
[component_container_isolated-2] [INFO] [1780510485.338550973] [controller_server]: Passing new path to controller.
[component_container_isolated-2] [WARN] [1780510486.375132799] [planner_server]: Planner loop missed its desired rate of 999999999.0000 Hz. Current loop rate is 16.6667 Hz
[component_container_isolated-2] [INFO] [1780510486.405214427] [controller_server]: Passing new path to controller.
[component_container_isolated-2] [WARN] [1780510487.442123417] [planner_server]: Planner loop missed its desired rate of 999999999.0000 Hz. Current loop rate is 20.0000 Hz
[component_container_isolated-2] [INFO] [1780510487.471883278] [controller_server]: Passing new path to controller.
[component_container_isolated-2] [WARN] [1780510488.513847034] [planner_server]: Planner loop missed its desired rate of 999999999.0000 Hz. Current loop rate is 20.0000 Hz
[component_container_isolated-2] [INFO] [1780510488.538545630] [controller_server]: Passing new path to controller.
[robot_mission_runner-4] [INFO] [1780510488.943525057] [robot_mission_runner]: Pose: (-26.30, -50.35), Elapsed: 25s, ETA: 24s, Dist remaining: 36.23m
[component_container_isolated-2] [WARN] [1780510489.648410948] [planner_server]: Planner loop missed its desired rate of 999999999.0000 Hz. Current loop rate is 9.0909 Hz
[component_container_isolated-2] [INFO] [1780510489.671890022] [controller_server]: Passing new path to controller.
[component_container_isolated-2] [WARN] [1780510490.686399087] [planner_server]: Planner loop missed its desired rate of 999999999.0000 Hz. Current loop rate is 33.3333 Hz
[component_container_isolated-2] [INFO] [1780510490.705477874] [controller_server]: Passing new path to controller.
[component_container_isolated-2] [WARN] [1780510491.740971112] [planner_server]: Planner loop missed its desired rate of 999999999.0000 Hz. Current loop rate is 25.0000 Hz
[component_container_isolated-2] [INFO] [1780510491.772444148] [controller_server]: Passing new path to controller.
[component_container_isolated-2] [WARN] [1780510492.841196765] [planner_server]: Planner loop missed its desired rate of 999999999.0000 Hz. Current loop rate is 11.1111 Hz
[component_container_isolated-2] [INFO] [1780510492.871886036] [controller_server]: Passing new path to controller.
[component_container_isolated-2] [WARN] [1780510493.890948827] [planner_server]: Planner loop missed its desired rate of 999999999.0000 Hz. Current loop rate is 20.0000 Hz
[component_container_isolated-2] [INFO] [1780510493.938550221] [controller_server]: Passing new path to controller.
[robot_mission_runner-4] [INFO] [1780510493.967502244] [robot_mission_runner]: Pose: (-18.81, -50.70), Elapsed: 30s, ETA: 19s, Dist remaining: 28.60m
[component_container_isolated-2] [WARN] [1780510494.936583665] [planner_server]: Planner loop missed its desired rate of 999999999.0000 Hz. Current loop rate is 50.0000 Hz
[component_container_isolated-2] [INFO] [1780510494.972000500] [controller_server]: Passing new path to controller.
[component_container_isolated-2] [WARN] [1780510495.958679007] [planner_server]: Planner loop missed its desired rate of 999999999.0000 Hz. Current loop rate is 100.0000 Hz
[component_container_isolated-2] [INFO] [1780510495.972020132] [controller_server]: Passing new path to controller.
[component_container_isolated-2] [WARN] [1780510496.988578664] [planner_server]: Planner loop missed its desired rate of 999999999.0000 Hz. Current loop rate is 100.0000 Hz
[component_container_isolated-2] [INFO] [1780510497.005210002] [controller_server]: Passing new path to controller.
[component_container_isolated-2] [INFO] [1780510498.038547879] [controller_server]: Passing new path to controller.
[robot_mission_runner-4] [INFO] [1780510498.989174592] [robot_mission_runner]: Pose: (-11.29, -50.74), Elapsed: 35s, ETA: 14s, Dist remaining: 21.45m
[component_container_isolated-2] [INFO] [1780510499.071884212] [controller_server]: Passing new path to controller.
[component_container_isolated-2] [INFO] [1780510500.105239842] [controller_server]: Passing new path to controller.
[component_container_isolated-2] [INFO] [1780510501.105218010] [controller_server]: Passing new path to controller.
[component_container_isolated-2] [INFO] [1780510502.138795615] [controller_server]: Passing new path to controller.
[component_container_isolated-2] [INFO] [1780510503.171897066] [controller_server]: Passing new path to controller.
[robot_mission_runner-4] [INFO] [1780510504.009415346] [robot_mission_runner]: Pose: (-3.76, -50.74), Elapsed: 40s, ETA: 9s, Dist remaining: 13.92m
[component_container_isolated-2] [INFO] [1780510504.171877726] [controller_server]: Passing new path to controller.
[component_container_isolated-2] [INFO] [1780510505.205213039] [controller_server]: Passing new path to controller.
[component_container_isolated-2] [INFO] [1780510506.238544525] [controller_server]: Passing new path to controller.
[component_container_isolated-2] [INFO] [1780510507.271874481] [controller_server]: Passing new path to controller.
[component_container_isolated-2] [INFO] [1780510508.271878107] [controller_server]: Passing new path to controller.
[robot_mission_runner-4] [INFO] [1780510509.032108851] [robot_mission_runner]: Pose: (3.78, -50.94), Elapsed: 45s, ETA: 4s, Dist remaining: 6.19m
[component_container_isolated-2] [WARN] [1780510509.320988923] [planner_server]: Planner loop missed its desired rate of 999999999.0000 Hz. Current loop rate is 14.2857 Hz
[component_container_isolated-2] [WARN] [1780510509.340586854] [controller_server]: Control loop missed its desired rate of 30.0000 Hz. Current loop rate is 25.0000 Hz.
[component_container_isolated-2] [INFO] [1780510509.340659660] [controller_server]: Passing new path to controller.
[component_container_isolated-2] [INFO] [1780510510.374059441] [controller_server]: Passing new path to controller.
[component_container_isolated-2] [INFO] [1780510511.407391578] [controller_server]: Passing new path to controller.
[component_container_isolated-2] [INFO] [1780510512.440722052] [controller_server]: Passing new path to controller.
[component_container_isolated-2] [WARN] [1780510513.446405050] [controller_server]: Control loop missed its desired rate of 30.0000 Hz. Current loop rate is 25.0000 Hz.
[component_container_isolated-2] [INFO] [1780510513.446475401] [controller_server]: Passing new path to controller.
[robot_mission_runner-4] [INFO] [1780510514.052583619] [robot_mission_runner]: Pose: (8.22, -52.41), Elapsed: 50s, ETA: 7s, Dist remaining: 1.60m
[component_container_isolated-2] [INFO] [1780510514.479878654] [controller_server]: Passing new path to controller.
[component_container_isolated-2] [INFO] [1780510515.513213787] [controller_server]: Passing new path to controller.
[component_container_isolated-2] [INFO] [1780510516.513212089] [controller_server]: Passing new path to controller.
[component_container_isolated-2] [INFO] [1780510517.546538838] [controller_server]: Passing new path to controller.
[component_container_isolated-2] [INFO] [1780510517.823127977] [controller_server]: Reached the goal!
[component_container_isolated-2] [INFO] [1780510517.823416651] [controller_server]: Optimizer reset
[component_container_isolated-2] [ERROR] [1780510517.863737190] [bt_navigator_navigate_to_pose_rclcpp_node]: Failed to get result for vlm_node/query_bool in node halt!
[component_container_isolated-2] [INFO] [1780510517.864080132] [bt_navigator]: Goal succeeded
[robot_mission_runner-4] [INFO] [1780510517.867212224] [robot_mission_runner]: Navigation result: SUCCEEDED
[robot_mission_runner-4] [INFO] [1780510527.867931313] [robot_mission_runner]: Navigating to drop, attempt 1/3...
[component_container_isolated-2] [INFO] [1780510527.868685439] [local_costmap.local_costmap]: Received request to clear entirely the local_costmap
[component_container_isolated-2] [INFO] [1780510527.874165157] [global_costmap.global_costmap]: Received request to clear entirely the global_costmap
[robot_mission_runner-4] [INFO] [1780510527.887407827] [robot_mission_runner]: Navigating to goal: -41.5 -8.1...
[component_container_isolated-2] [INFO] [1780510527.888247702] [bt_navigator]: Begin navigating from current location (9.00, -52.31) to (-41.50, -8.10)
[vlm_node-3] [INFO] [1780510527.897696562] [vlm_node]: Goal received with prompt: Check if there are any small hazards on the ground that would cause harm to the robot if it navigated over it OR the area is blocked by large objects that make it impassable. If so respond only yes. Otherwise, respond no.
[component_container_isolated-2] [WARN] [1780510528.536359297] [planner_server]: Planner loop missed its desired rate of 999999999.0000 Hz. Current loop rate is 1.5385 Hz
[component_container_isolated-2] [INFO] [1780510528.550080947] [controller_server]: Received a goal, begin computing control effort.
[component_container_isolated-2] [WARN] [1780510528.650755283] [controller_server]: Control loop missed its desired rate of 30.0000 Hz. Current loop rate is 33.3333 Hz.
[component_container_isolated-2] [WARN] [1780510528.857677976] [controller_server]: Control loop missed its desired rate of 30.0000 Hz. Current loop rate is 25.0000 Hz.
[component_container_isolated-2] [WARN] [1780510528.947405343] [controller_server]: Control loop missed its desired rate of 30.0000 Hz. Current loop rate is 16.6667 Hz.
[component_container_isolated-2] [WARN] [1780510529.056341825] [controller_server]: Control loop missed its desired rate of 30.0000 Hz. Current loop rate is 25.0000 Hz.
[component_container_isolated-2] [WARN] [1780510529.143258762] [controller_server]: Control loop missed its desired rate of 30.0000 Hz. Current loop rate is 16.6667 Hz.
[component_container_isolated-2] [WARN] [1780510529.444094335] [controller_server]: Control loop missed its desired rate of 30.0000 Hz. Current loop rate is 25.0000 Hz.
[component_container_isolated-2] [WARN] [1780510529.591033585] [planner_server]: Planner loop missed its desired rate of 999999999.0000 Hz. Current loop rate is 25.0000 Hz
[component_container_isolated-2] [INFO] [1780510529.610891819] [controller_server]: Passing new path to controller.
[component_container_isolated-2] [WARN] [1780510530.647263983] [planner_server]: Planner loop missed its desired rate of 999999999.0000 Hz. Current loop rate is 25.0000 Hz
[component_container_isolated-2] [INFO] [1780510530.677565711] [controller_server]: Passing new path to controller.
[component_container_isolated-2] [WARN] [1780510530.844446070] [controller_server]: Control loop missed its desired rate of 30.0000 Hz. Current loop rate is 25.0000 Hz.
[component_container_isolated-2] [WARN] [1780510530.944984982] [controller_server]: Control loop missed its desired rate of 30.0000 Hz. Current loop rate is 25.0000 Hz.
[component_container_isolated-2] [WARN] [1780510531.685615624] [planner_server]: Planner loop missed its desired rate of 999999999.0000 Hz. Current loop rate is 25.0000 Hz
[component_container_isolated-2] [INFO] [1780510531.711779413] [controller_server]: Passing new path to controller.
[component_container_isolated-2] [WARN] [1780510532.749558612] [planner_server]: Planner loop missed its desired rate of 999999999.0000 Hz. Current loop rate is 25.0000 Hz
[component_container_isolated-2] [INFO] [1780510532.778451043] [controller_server]: Passing new path to controller.
[robot_mission_runner-4] [INFO] [1780510533.012291584] [robot_mission_runner]: Pose: (6.17, -50.27), Elapsed: 5s, ETA: 60s, Dist remaining: 89.74m
[component_container_isolated-2] [WARN] [1780510533.834724446] [planner_server]: Planner loop missed its desired rate of 999999999.0000 Hz. Current loop rate is 14.2857 Hz
[component_container_isolated-2] [INFO] [1780510533.878440521] [controller_server]: Passing new path to controller.
[component_container_isolated-2] [WARN] [1780510534.888293350] [planner_server]: Planner loop missed its desired rate of 999999999.0000 Hz. Current loop rate is 25.0000 Hz
[component_container_isolated-2] [INFO] [1780510534.911774775] [controller_server]: Passing new path to controller.
[component_container_isolated-2] [WARN] [1780510535.951815656] [planner_server]: Planner loop missed its desired rate of 999999999.0000 Hz. Current loop rate is 16.6667 Hz
[component_container_isolated-2] [INFO] [1780510535.978449155] [controller_server]: Passing new path to controller.
[component_container_isolated-2] [WARN] [1780510537.016456882] [planner_server]: Planner loop missed its desired rate of 999999999.0000 Hz. Current loop rate is 20.0000 Hz
[component_container_isolated-2] [INFO] [1780510537.045119526] [controller_server]: Passing new path to controller.
[robot_mission_runner-4] [INFO] [1780510538.036730363] [robot_mission_runner]: Pose: (-1.37, -50.25), Elapsed: 10s, ETA: 54s, Dist remaining: 82.07m
[component_container_isolated-2] [WARN] [1780510538.073568199] [planner_server]: Planner loop missed its desired rate of 999999999.0000 Hz. Current loop rate is 25.0000 Hz
[component_container_isolated-2] [INFO] [1780510538.111774926] [controller_server]: Passing new path to controller.
[component_container_isolated-2] [WARN] [1780510539.141682560] [planner_server]: Planner loop missed its desired rate of 999999999.0000 Hz. Current loop rate is 20.0000 Hz
[component_container_isolated-2] [INFO] [1780510539.178443935] [controller_server]: Passing new path to controller.
[component_container_isolated-2] [WARN] [1780510540.185909552] [planner_server]: Planner loop missed its desired rate of 999999999.0000 Hz. Current loop rate is 33.3333 Hz
[component_container_isolated-2] [INFO] [1780510540.211883897] [controller_server]: Passing new path to controller.
[component_container_isolated-2] [WARN] [1780510541.238581576] [planner_server]: Planner loop missed its desired rate of 999999999.0000 Hz. Current loop rate is 33.3333 Hz
[component_container_isolated-2] [INFO] [1780510541.278442395] [controller_server]: Passing new path to controller.
[component_container_isolated-2] [WARN] [1780510542.332847020] [planner_server]: Planner loop missed its desired rate of 999999999.0000 Hz. Current loop rate is 11.1111 Hz
[component_container_isolated-2] [INFO] [1780510542.378439982] [controller_server]: Passing new path to controller.
[robot_mission_runner-4] [INFO] [1780510543.056523416] [robot_mission_runner]: Pose: (-8.90, -50.40), Elapsed: 15s, ETA: 49s, Dist remaining: 74.60m
[component_container_isolated-2] [WARN] [1780510543.385489312] [planner_server]: Planner loop missed its desired rate of 999999999.0000 Hz. Current loop rate is 25.0000 Hz
[component_container_isolated-2] [INFO] [1780510543.411830268] [controller_server]: Passing new path to controller.
[component_container_isolated-2] [WARN] [1780510544.433294021] [planner_server]: Planner loop missed its desired rate of 999999999.0000 Hz. Current loop rate is 25.0000 Hz
[component_container_isolated-2] [WARN] [1780510544.456536597] [controller_server]: Control loop missed its desired rate of 30.0000 Hz. Current loop rate is 16.6667 Hz.
[component_container_isolated-2] [INFO] [1780510544.456606291] [controller_server]: Passing new path to controller.
[component_container_isolated-2] [WARN] [1780510544.545664765] [controller_server]: Control loop missed its desired rate of 30.0000 Hz. Current loop rate is 16.6667 Hz.
[component_container_isolated-2] [WARN] [1780510545.493385499] [planner_server]: Planner loop missed its desired rate of 999999999.0000 Hz. Current loop rate is 33.3333 Hz
[component_container_isolated-2] [INFO] [1780510545.512495839] [controller_server]: Passing new path to controller.
[component_container_isolated-2] [WARN] [1780510545.547565037] [controller_server]: Control loop missed its desired rate of 30.0000 Hz. Current loop rate is 20.0000 Hz.
[component_container_isolated-2] [WARN] [1780510545.651667482] [controller_server]: Control loop missed its desired rate of 30.0000 Hz. Current loop rate is 25.0000 Hz.
[component_container_isolated-2] [WARN] [1780510546.532224782] [planner_server]: Planner loop missed its desired rate of 999999999.0000 Hz. Current loop rate is 33.3333 Hz
[component_container_isolated-2] [INFO] [1780510546.551809453] [controller_server]: Passing new path to controller.
[component_container_isolated-2] [WARN] [1780510547.578193038] [planner_server]: Planner loop missed its desired rate of 999999999.0000 Hz. Current loop rate is 33.3333 Hz
[component_container_isolated-2] [INFO] [1780510547.618478003] [controller_server]: Passing new path to controller.
[robot_mission_runner-4] [INFO] [1780510548.072455855] [robot_mission_runner]: Pose: (-16.43, -50.29), Elapsed: 20s, ETA: 44s, Dist remaining: 66.87m
[component_container_isolated-2] [WARN] [1780510548.631071530] [planner_server]: Planner loop missed its desired rate of 999999999.0000 Hz. Current loop rate is 33.3333 Hz
[component_container_isolated-2] [INFO] [1780510548.651892574] [controller_server]: Passing new path to controller.
[component_container_isolated-2] [WARN] [1780510549.679812455] [planner_server]: Planner loop missed its desired rate of 999999999.0000 Hz. Current loop rate is 33.3333 Hz
[component_container_isolated-2] [INFO] [1780510549.718514966] [controller_server]: Passing new path to controller.
[component_container_isolated-2] [WARN] [1780510550.155674065] [controller_server]: Control loop missed its desired rate of 30.0000 Hz. Current loop rate is 25.0000 Hz.
[component_container_isolated-2] [WARN] [1780510550.227598148] [controller_server]: Control loop missed its desired rate of 30.0000 Hz. Current loop rate is 25.0000 Hz.
[component_container_isolated-2] [WARN] [1780510550.439800244] [controller_server]: Control loop missed its desired rate of 30.0000 Hz. Current loop rate is 20.0000 Hz.
[component_container_isolated-2] [WARN] [1780510550.729730473] [planner_server]: Planner loop missed its desired rate of 999999999.0000 Hz. Current loop rate is 50.0000 Hz
[component_container_isolated-2] [INFO] [1780510550.773461622] [controller_server]: Passing new path to controller.
[component_container_isolated-2] [WARN] [1780510551.244058302] [controller_server]: Control loop missed its desired rate of 30.0000 Hz. Current loop rate is 20.0000 Hz.
[component_container_isolated-2] [WARN] [1780510551.346024327] [controller_server]: Control loop missed its desired rate of 30.0000 Hz. Current loop rate is 25.0000 Hz.
[component_container_isolated-2] [WARN] [1780510551.846191196] [planner_server]: Planner loop missed its desired rate of 999999999.0000 Hz. Current loop rate is 11.1111 Hz
[component_container_isolated-2] [INFO] [1780510551.879494098] [controller_server]: Passing new path to controller.
[component_container_isolated-2] [WARN] [1780510552.896633959] [planner_server]: Planner loop missed its desired rate of 999999999.0000 Hz. Current loop rate is 50.0000 Hz
[component_container_isolated-2] [INFO] [1780510552.912833308] [controller_server]: Passing new path to controller.
[robot_mission_runner-4] [INFO] [1780510553.089640307] [robot_mission_runner]: Pose: (-23.94, -50.29), Elapsed: 25s, ETA: 39s, Dist remaining: 59.58m
[component_container_isolated-2] [WARN] [1780510553.940462031] [planner_server]: Planner loop missed its desired rate of 999999999.0000 Hz. Current loop rate is 50.0000 Hz
[component_container_isolated-2] [INFO] [1780510553.979491939] [controller_server]: Passing new path to controller.
[component_container_isolated-2] [WARN] [1780510554.456230775] [controller_server]: Control loop missed its desired rate of 30.0000 Hz. Current loop rate is 20.0000 Hz.
[component_container_isolated-2] [WARN] [1780510554.548255869] [controller_server]: Control loop missed its desired rate of 30.0000 Hz. Current loop rate is 16.6667 Hz.
[component_container_isolated-2] [WARN] [1780510554.998580817] [planner_server]: Planner loop missed its desired rate of 999999999.0000 Hz. Current loop rate is 33.3333 Hz
[component_container_isolated-2] [INFO] [1780510555.048462992] [controller_server]: Passing new path to controller.
[vlm_node-3] [WARN] [1780510555.093479263] [vlm_node]: VLM request failed on attempt 1: Request timed out.
[vlm_node-3] [INFO] [1780510555.094035704] [vlm_node]: VLM_QUERY|QueryBool|error|91.35|1|Request timed out.
[component_container_isolated-2] [WARN] [1780510555.549441470] [controller_server]: Control loop missed its desired rate of 30.0000 Hz. Current loop rate is 33.3333 Hz.
[component_container_isolated-2] [WARN] [1780510556.051610022] [planner_server]: Planner loop missed its desired rate of 999999999.0000 Hz. Current loop rate is 33.3333 Hz
[component_container_isolated-2] [INFO] [1780510556.082886872] [controller_server]: Passing new path to controller.
[component_container_isolated-2] [WARN] [1780510557.099113102] [planner_server]: Planner loop missed its desired rate of 999999999.0000 Hz. Current loop rate is 33.3333 Hz
[component_container_isolated-2] [INFO] [1780510557.116238518] [controller_server]: Passing new path to controller.
[robot_mission_runner-4] [INFO] [1780510558.117257975] [robot_mission_runner]: Pose: (-31.47, -50.35), Elapsed: 30s, ETA: 34s, Dist remaining: 51.84m
[component_container_isolated-2] [WARN] [1780510558.143389959] [planner_server]: Planner loop missed its desired rate of 999999999.0000 Hz. Current loop rate is 33.3333 Hz
[component_container_isolated-2] [INFO] [1780510558.183153455] [controller_server]: Passing new path to controller.
[component_container_isolated-2] [WARN] [1780510559.187106798] [planner_server]: Planner loop missed its desired rate of 999999999.0000 Hz. Current loop rate is 33.3333 Hz
[component_container_isolated-2] [INFO] [1780510559.216235256] [controller_server]: Passing new path to controller.
[component_container_isolated-2] [WARN] [1780510560.218506850] [planner_server]: Planner loop missed its desired rate of 999999999.0000 Hz. Current loop rate is 50.0000 Hz
[component_container_isolated-2] [INFO] [1780510560.249554961] [controller_server]: Passing new path to controller.
[component_container_isolated-2] [WARN] [1780510561.150993329] [controller_server]: Control loop missed its desired rate of 30.0000 Hz. Current loop rate is 33.3333 Hz.
[component_container_isolated-2] [WARN] [1780510561.261873597] [planner_server]: Planner loop missed its desired rate of 999999999.0000 Hz. Current loop rate is 33.3333 Hz
[component_container_isolated-2] [INFO] [1780510561.284466880] [controller_server]: Passing new path to controller.
[component_container_isolated-2] [WARN] [1780510561.652814131] [controller_server]: Control loop missed its desired rate of 30.0000 Hz. Current loop rate is 25.0000 Hz.
[component_container_isolated-2] [WARN] [1780510561.961794296] [controller_server]: Control loop missed its desired rate of 30.0000 Hz. Current loop rate is 20.0000 Hz.
[component_container_isolated-2] [WARN] [1780510562.343739028] [planner_server]: Planner loop missed its desired rate of 999999999.0000 Hz. Current loop rate is 16.6667 Hz
[component_container_isolated-2] [INFO] [1780510562.362079770] [controller_server]: Passing new path to controller.
[robot_mission_runner-4] [INFO] [1780510563.135483244] [robot_mission_runner]: Pose: (-38.90, -49.44), Elapsed: 35s, ETA: 29s, Dist remaining: 43.90m
[component_container_isolated-2] [WARN] [1780510563.390925923] [planner_server]: Planner loop missed its desired rate of 999999999.0000 Hz. Current loop rate is 50.0000 Hz
[component_container_isolated-2] [INFO] [1780510563.428591244] [controller_server]: Passing new path to controller.
[component_container_isolated-2] [WARN] [1780510564.438821118] [controller_server]: Control loop missed its desired rate of 30.0000 Hz. Current loop rate is 20.0000 Hz.
[component_container_isolated-2] [WARN] [1780510564.444589871] [planner_server]: Planner loop missed its desired rate of 999999999.0000 Hz. Current loop rate is 33.3333 Hz
[component_container_isolated-2] [INFO] [1780510564.472305437] [controller_server]: Passing new path to controller.
[component_container_isolated-2] [WARN] [1780510565.482959500] [planner_server]: Planner loop missed its desired rate of 999999999.0000 Hz. Current loop rate is 50.0000 Hz
[component_container_isolated-2] [INFO] [1780510565.506706341] [controller_server]: Passing new path to controller.
[component_container_isolated-2] [WARN] [1780510565.739579454] [controller_server]: Control loop missed its desired rate of 30.0000 Hz. Current loop rate is 25.0000 Hz.
[component_container_isolated-2] [WARN] [1780510565.845437343] [controller_server]: Control loop missed its desired rate of 30.0000 Hz. Current loop rate is 25.0000 Hz.
[component_container_isolated-2] [WARN] [1780510565.948974240] [controller_server]: Control loop missed its desired rate of 30.0000 Hz. Current loop rate is 33.3333 Hz.
[component_container_isolated-2] [WARN] [1780510566.512450059] [planner_server]: Planner loop missed its desired rate of 999999999.0000 Hz. Current loop rate is 50.0000 Hz
[component_container_isolated-2] [INFO] [1780510566.549098722] [controller_server]: Passing new path to controller.
[component_container_isolated-2] [WARN] [1780510567.456232062] [controller_server]: Control loop missed its desired rate of 30.0000 Hz. Current loop rate is 25.0000 Hz.
[component_container_isolated-2] [WARN] [1780510567.541137837] [controller_server]: Control loop missed its desired rate of 30.0000 Hz. Current loop rate is 20.0000 Hz.
[component_container_isolated-2] [WARN] [1780510567.552964498] [planner_server]: Planner loop missed its desired rate of 999999999.0000 Hz. Current loop rate is 50.0000 Hz
[component_container_isolated-2] [INFO] [1780510567.574590009] [controller_server]: Passing new path to controller.
[component_container_isolated-2] [WARN] [1780510567.647801826] [controller_server]: Control loop missed its desired rate of 30.0000 Hz. Current loop rate is 20.0000 Hz.
[robot_mission_runner-4] [INFO] [1780510568.154030206] [robot_mission_runner]: Pose: (-42.24, -43.43), Elapsed: 40s, ETA: 24s, Dist remaining: 36.35m
[component_container_isolated-2] [WARN] [1780510568.251010688] [controller_server]: Control loop missed its desired rate of 30.0000 Hz. Current loop rate is 33.3333 Hz.
[component_container_isolated-2] [WARN] [1780510568.579570158] [planner_server]: Planner loop missed its desired rate of 999999999.0000 Hz. Current loop rate is 100.0000 Hz
[component_container_isolated-2] [INFO] [1780510568.617806765] [controller_server]: Passing new path to controller.
[component_container_isolated-2] [WARN] [1780510568.858733459] [controller_server]: Control loop missed its desired rate of 30.0000 Hz. Current loop rate is 25.0000 Hz.
[component_container_isolated-2] [WARN] [1780510569.038192012] [controller_server]: Control loop missed its desired rate of 30.0000 Hz. Current loop rate is 20.0000 Hz.
[component_container_isolated-2] [WARN] [1780510569.620760557] [planner_server]: Planner loop missed its desired rate of 999999999.0000 Hz. Current loop rate is 50.0000 Hz
[component_container_isolated-2] [WARN] [1780510569.641318176] [controller_server]: Control loop missed its desired rate of 30.0000 Hz. Current loop rate is 25.0000 Hz.
[component_container_isolated-2] [INFO] [1780510569.641458063] [controller_server]: Passing new path to controller.
[component_container_isolated-2] [WARN] [1780510569.747695831] [controller_server]: Control loop missed its desired rate of 30.0000 Hz. Current loop rate is 25.0000 Hz.
[component_container_isolated-2] [WARN] [1780510569.949519543] [controller_server]: Control loop missed its desired rate of 30.0000 Hz. Current loop rate is 33.3333 Hz.
[component_container_isolated-2] [WARN] [1780510570.150383896] [controller_server]: Control loop missed its desired rate of 30.0000 Hz. Current loop rate is 33.3333 Hz.
[component_container_isolated-2] [WARN] [1780510570.257877106] [controller_server]: Control loop missed its desired rate of 30.0000 Hz. Current loop rate is 25.0000 Hz.
[component_container_isolated-2] [WARN] [1780510570.325301326] [controller_server]: Control loop missed its desired rate of 30.0000 Hz. Current loop rate is 25.0000 Hz.
[component_container_isolated-2] [WARN] [1780510570.439507548] [controller_server]: Control loop missed its desired rate of 30.0000 Hz. Current loop rate is 25.0000 Hz.
[component_container_isolated-2] [WARN] [1780510570.540843281] [controller_server]: Control loop missed its desired rate of 30.0000 Hz. Current loop rate is 33.3333 Hz.
[component_container_isolated-2] [WARN] [1780510570.651546538] [controller_server]: Control loop missed its desired rate of 30.0000 Hz. Current loop rate is 20.0000 Hz.
[component_container_isolated-2] [WARN] [1780510570.659684240] [planner_server]: Planner loop missed its desired rate of 999999999.0000 Hz. Current loop rate is 100.0000 Hz
[component_container_isolated-2] [INFO] [1780510570.685013375] [controller_server]: Passing new path to controller.
[component_container_isolated-2] [WARN] [1780510570.852127538] [controller_server]: Control loop missed its desired rate of 30.0000 Hz. Current loop rate is 25.0000 Hz.
[component_container_isolated-2] [WARN] [1780510570.957153204] [controller_server]: Control loop missed its desired rate of 30.0000 Hz. Current loop rate is 25.0000 Hz.
[component_container_isolated-2] [WARN] [1780510571.133415270] [controller_server]: Control loop missed its desired rate of 30.0000 Hz. Current loop rate is 20.0000 Hz.
[component_container_isolated-2] [WARN] [1780510571.237262088] [controller_server]: Control loop missed its desired rate of 30.0000 Hz. Current loop rate is 25.0000 Hz.
[component_container_isolated-2] [WARN] [1780510571.337761803] [controller_server]: Control loop missed its desired rate of 30.0000 Hz. Current loop rate is 25.0000 Hz.
[component_container_isolated-2] [WARN] [1780510571.640483304] [controller_server]: Control loop missed its desired rate of 30.0000 Hz. Current loop rate is 25.0000 Hz.
[component_container_isolated-2] [WARN] [1780510571.684555653] [planner_server]: Planner loop missed its desired rate of 999999999.0000 Hz. Current loop rate is 100.0000 Hz
[component_container_isolated-2] [INFO] [1780510571.707295823] [controller_server]: Passing new path to controller.
[component_container_isolated-2] [WARN] [1780510571.744210789] [controller_server]: Control loop missed its desired rate of 30.0000 Hz. Current loop rate is 25.0000 Hz.
[component_container_isolated-2] [WARN] [1780510571.950977696] [controller_server]: Control loop missed its desired rate of 30.0000 Hz. Current loop rate is 33.3333 Hz.
[component_container_isolated-2] [WARN] [1780510572.052191318] [controller_server]: Control loop missed its desired rate of 30.0000 Hz. Current loop rate is 25.0000 Hz.
[component_container_isolated-2] [WARN] [1780510572.254233084] [controller_server]: Control loop missed its desired rate of 30.0000 Hz. Current loop rate is 25.0000 Hz.
[component_container_isolated-2] [WARN] [1780510572.327438057] [controller_server]: Control loop missed its desired rate of 30.0000 Hz. Current loop rate is 25.0000 Hz.
[component_container_isolated-2] [WARN] [1780510572.438591811] [controller_server]: Control loop missed its desired rate of 30.0000 Hz. Current loop rate is 20.0000 Hz.
[component_container_isolated-2] [WARN] [1780510572.547116664] [controller_server]: Control loop missed its desired rate of 30.0000 Hz. Current loop rate is 25.0000 Hz.
[component_container_isolated-2] [WARN] [1780510572.651605461] [controller_server]: Control loop missed its desired rate of 30.0000 Hz. Current loop rate is 25.0000 Hz.
[component_container_isolated-2] [WARN] [1780510572.708658466] [planner_server]: Planner loop missed its desired rate of 999999999.0000 Hz. Current loop rate is 100.0000 Hz
[component_container_isolated-2] [INFO] [1780510572.751722405] [controller_server]: Passing new path to controller.
[component_container_isolated-2] [WARN] [1780510572.860377111] [controller_server]: Control loop missed its desired rate of 30.0000 Hz. Current loop rate is 25.0000 Hz.
[component_container_isolated-2] [WARN] [1780510572.946351617] [controller_server]: Control loop missed its desired rate of 30.0000 Hz. Current loop rate is 16.6667 Hz.
[component_container_isolated-2] [WARN] [1780510573.147579716] [controller_server]: Control loop missed its desired rate of 30.0000 Hz. Current loop rate is 33.3333 Hz.
[robot_mission_runner-4] [INFO] [1780510573.172241238] [robot_mission_runner]: Pose: (-42.27, -35.91), Elapsed: 45s, ETA: 19s, Dist remaining: 28.78m
[component_container_isolated-2] [WARN] [1780510573.746622630] [planner_server]: Planner loop missed its desired rate of 999999999.0000 Hz. Current loop rate is 100.0000 Hz
[component_container_isolated-2] [INFO] [1780510573.781038510] [controller_server]: Passing new path to controller.
[component_container_isolated-2] [WARN] [1780510574.168124463] [controller_server]: Control loop missed its desired rate of 30.0000 Hz. Current loop rate is 20.0000 Hz.
[component_container_isolated-2] [WARN] [1780510574.248373280] [controller_server]: Control loop missed its desired rate of 30.0000 Hz. Current loop rate is 20.0000 Hz.
[component_container_isolated-2] [WARN] [1780510574.654888106] [controller_server]: Control loop missed its desired rate of 30.0000 Hz. Current loop rate is 25.0000 Hz.
[component_container_isolated-2] [WARN] [1780510574.733225463] [controller_server]: Control loop missed its desired rate of 30.0000 Hz. Current loop rate is 20.0000 Hz.
[component_container_isolated-2] [WARN] [1780510574.828026297] [planner_server]: Planner loop missed its desired rate of 999999999.0000 Hz. Current loop rate is 16.6667 Hz
[component_container_isolated-2] [INFO] [1780510574.867411887] [controller_server]: Passing new path to controller.
[component_container_isolated-2] [WARN] [1780510574.939108258] [controller_server]: Control loop missed its desired rate of 30.0000 Hz. Current loop rate is 25.0000 Hz.
[component_container_isolated-2] [WARN] [1780510575.039297063] [controller_server]: Control loop missed its desired rate of 30.0000 Hz. Current loop rate is 25.0000 Hz.
[component_container_isolated-2] [WARN] [1780510575.639424368] [controller_server]: Control loop missed its desired rate of 30.0000 Hz. Current loop rate is 25.0000 Hz.
[component_container_isolated-2] [WARN] [1780510575.848494614] [planner_server]: Planner loop missed its desired rate of 999999999.0000 Hz. Current loop rate is 100.0000 Hz
[component_container_isolated-2] [INFO] [1780510575.872885996] [controller_server]: Passing new path to controller.
[component_container_isolated-2] [WARN] [1780510576.042801339] [controller_server]: Control loop missed its desired rate of 30.0000 Hz. Current loop rate is 20.0000 Hz.
[component_container_isolated-2] [WARN] [1780510576.147459016] [controller_server]: Control loop missed its desired rate of 30.0000 Hz. Current loop rate is 25.0000 Hz.
[component_container_isolated-2] [WARN] [1780510576.249324467] [controller_server]: Control loop missed its desired rate of 30.0000 Hz. Current loop rate is 33.3333 Hz.
[component_container_isolated-2] [WARN] [1780510576.552085599] [controller_server]: Control loop missed its desired rate of 30.0000 Hz. Current loop rate is 25.0000 Hz.
[component_container_isolated-2] [WARN] [1780510576.755114341] [controller_server]: Control loop missed its desired rate of 30.0000 Hz. Current loop rate is 25.0000 Hz.
[component_container_isolated-2] [WARN] [1780510576.826535990] [controller_server]: Control loop missed its desired rate of 30.0000 Hz. Current loop rate is 25.0000 Hz.
[component_container_isolated-2] [WARN] [1780510576.878028442] [planner_server]: Planner loop missed its desired rate of 999999999.0000 Hz. Current loop rate is 100.0000 Hz
[component_container_isolated-2] [INFO] [1780510576.893348147] [controller_server]: Passing new path to controller.
[component_container_isolated-2] [WARN] [1780510576.939428576] [controller_server]: Control loop missed its desired rate of 30.0000 Hz. Current loop rate is 20.0000 Hz.
[component_container_isolated-2] [WARN] [1780510577.058196506] [controller_server]: Control loop missed its desired rate of 30.0000 Hz. Current loop rate is 20.0000 Hz.
[component_container_isolated-2] [WARN] [1780510577.153026260] [controller_server]: Control loop missed its desired rate of 30.0000 Hz. Current loop rate is 14.2857 Hz.
[component_container_isolated-2] [WARN] [1780510577.258956586] [controller_server]: Control loop missed its desired rate of 30.0000 Hz. Current loop rate is 25.0000 Hz.
[component_container_isolated-2] [WARN] [1780510577.338486883] [controller_server]: Control loop missed its desired rate of 30.0000 Hz. Current loop rate is 20.0000 Hz.
[component_container_isolated-2] [WARN] [1780510577.448656581] [controller_server]: Control loop missed its desired rate of 30.0000 Hz. Current loop rate is 20.0000 Hz.
[component_container_isolated-2] [WARN] [1780510577.765695018] [controller_server]: Control loop missed its desired rate of 30.0000 Hz. Current loop rate is 20.0000 Hz.
[component_container_isolated-2] [WARN] [1780510577.911728125] [planner_server]: Planner loop missed its desired rate of 999999999.0000 Hz. Current loop rate is 50.0000 Hz
[component_container_isolated-2] [WARN] [1780510577.933638125] [controller_server]: Control loop missed its desired rate of 30.0000 Hz. Current loop rate is 20.0000 Hz.
[component_container_isolated-2] [INFO] [1780510577.933698847] [controller_server]: Passing new path to controller.
[component_container_isolated-2] [WARN] [1780510578.034294117] [controller_server]: Control loop missed its desired rate of 30.0000 Hz. Current loop rate is 25.0000 Hz.
[component_container_isolated-2] [WARN] [1780510578.134832553] [controller_server]: Control loop missed its desired rate of 30.0000 Hz. Current loop rate is 25.0000 Hz.
[robot_mission_runner-4] [INFO] [1780510578.193567019] [robot_mission_runner]: Pose: (-42.26, -28.38), Elapsed: 50s, ETA: 14s, Dist remaining: 21.26m
[component_container_isolated-2] [WARN] [1780510578.438812705] [controller_server]: Control loop missed its desired rate of 30.0000 Hz. Current loop rate is 25.0000 Hz.
[component_container_isolated-2] [WARN] [1780510578.539760042] [controller_server]: Control loop missed its desired rate of 30.0000 Hz. Current loop rate is 33.3333 Hz.
[component_container_isolated-2] [WARN] [1780510578.739860034] [controller_server]: Control loop missed its desired rate of 30.0000 Hz. Current loop rate is 33.3333 Hz.
[component_container_isolated-2] [WARN] [1780510578.938969583] [planner_server]: Planner loop missed its desired rate of 999999999.0000 Hz. Current loop rate is 100.0000 Hz
[component_container_isolated-2] [INFO] [1780510578.973332213] [controller_server]: Passing new path to controller.
[component_container_isolated-2] [WARN] [1780510579.549627093] [controller_server]: Control loop missed its desired rate of 30.0000 Hz. Current loop rate is 20.0000 Hz.
[component_container_isolated-2] [WARN] [1780510579.649752658] [controller_server]: Control loop missed its desired rate of 30.0000 Hz. Current loop rate is 33.3333 Hz.
[component_container_isolated-2] [WARN] [1780510579.755515953] [controller_server]: Control loop missed its desired rate of 30.0000 Hz. Current loop rate is 25.0000 Hz.
[component_container_isolated-2] [WARN] [1780510579.842449740] [controller_server]: Control loop missed its desired rate of 30.0000 Hz. Current loop rate is 20.0000 Hz.
[component_container_isolated-2] [WARN] [1780510579.944356392] [controller_server]: Control loop missed its desired rate of 30.0000 Hz. Current loop rate is 20.0000 Hz.
[component_container_isolated-2] [WARN] [1780510579.967522310] [planner_server]: Planner loop missed its desired rate of 999999999.0000 Hz. Current loop rate is 100.0000 Hz
[component_container_isolated-2] [INFO] [1780510579.977838898] [controller_server]: Passing new path to controller.
[component_container_isolated-2] [WARN] [1780510580.052942648] [controller_server]: Control loop missed its desired rate of 30.0000 Hz. Current loop rate is 20.0000 Hz.
[component_container_isolated-2] [WARN] [1780510580.167051147] [controller_server]: Control loop missed its desired rate of 30.0000 Hz. Current loop rate is 20.0000 Hz.
[component_container_isolated-2] [WARN] [1780510580.238282083] [controller_server]: Control loop missed its desired rate of 30.0000 Hz. Current loop rate is 25.0000 Hz.
[component_container_isolated-2] [WARN] [1780510580.354099300] [controller_server]: Control loop missed its desired rate of 30.0000 Hz. Current loop rate is 16.6667 Hz.
[component_container_isolated-2] [WARN] [1780510580.437019741] [controller_server]: Control loop missed its desired rate of 30.0000 Hz. Current loop rate is 20.0000 Hz.
[component_container_isolated-2] [WARN] [1780510580.550554096] [controller_server]: Control loop missed its desired rate of 30.0000 Hz. Current loop rate is 20.0000 Hz.
[component_container_isolated-2] [WARN] [1780510580.668065094] [controller_server]: Control loop missed its desired rate of 30.0000 Hz. Current loop rate is 20.0000 Hz.
[component_container_isolated-2] [WARN] [1780510580.737819449] [controller_server]: Control loop missed its desired rate of 30.0000 Hz. Current loop rate is 25.0000 Hz.
[component_container_isolated-2] [WARN] [1780510580.851427293] [controller_server]: Control loop missed its desired rate of 30.0000 Hz. Current loop rate is 25.0000 Hz.
[component_container_isolated-2] [WARN] [1780510580.961899003] [controller_server]: Control loop missed its desired rate of 30.0000 Hz. Current loop rate is 20.0000 Hz.
[component_container_isolated-2] [WARN] [1780510580.986025258] [planner_server]: Planner loop missed its desired rate of 999999999.0000 Hz. Current loop rate is 100.0000 Hz
[component_container_isolated-2] [INFO] [1780510581.028691883] [controller_server]: Passing new path to controller.
[component_container_isolated-2] [WARN] [1780510581.139452420] [controller_server]: Control loop missed its desired rate of 30.0000 Hz. Current loop rate is 25.0000 Hz.
[component_container_isolated-2] [WARN] [1780510581.243613859] [controller_server]: Control loop missed its desired rate of 30.0000 Hz. Current loop rate is 25.0000 Hz.
[component_container_isolated-2] [WARN] [1780510581.551069035] [controller_server]: Control loop missed its desired rate of 30.0000 Hz. Current loop rate is 25.0000 Hz.
[component_container_isolated-2] [WARN] [1780510581.654460200] [controller_server]: Control loop missed its desired rate of 30.0000 Hz. Current loop rate is 25.0000 Hz.
[component_container_isolated-2] [WARN] [1780510581.745799797] [controller_server]: Control loop missed its desired rate of 30.0000 Hz. Current loop rate is 16.6667 Hz.
[component_container_isolated-2] [INFO] [1780510582.045947079] [controller_server]: Passing new path to controller.
[component_container_isolated-2] [WARN] [1780510582.150762657] [controller_server]: Control loop missed its desired rate of 30.0000 Hz. Current loop rate is 25.0000 Hz.
[component_container_isolated-2] [WARN] [1780510582.357770346] [controller_server]: Control loop missed its desired rate of 30.0000 Hz. Current loop rate is 25.0000 Hz.
[component_container_isolated-2] [WARN] [1780510582.435981596] [controller_server]: Control loop missed its desired rate of 30.0000 Hz. Current loop rate is 20.0000 Hz.
[component_container_isolated-2] [WARN] [1780510582.540513480] [controller_server]: Control loop missed its desired rate of 30.0000 Hz. Current loop rate is 25.0000 Hz.
[component_container_isolated-2] [WARN] [1780510583.034450390] [planner_server]: Planner loop missed its desired rate of 999999999.0000 Hz. Current loop rate is 100.0000 Hz
[component_container_isolated-2] [INFO] [1780510583.040635993] [controller_server]: Passing new path to controller.
[robot_mission_runner-4] [INFO] [1780510583.214352244] [robot_mission_runner]: Pose: (-42.19, -20.86), Elapsed: 55s, ETA: 9s, Dist remaining: 13.75m
[component_container_isolated-2] [WARN] [1780510583.244884506] [controller_server]: Control loop missed its desired rate of 30.0000 Hz. Current loop rate is 20.0000 Hz.
[vlm_node-3] [INFO] [1780510583.589189044] [vlm_node]: Completed prompt: "Check if there are any small hazards on the ground that would cause harm to the robot if it navigated over it OR the area is blocked by large objects that make it impassable. If so respond only yes. Otherwise, respond no." with response: True
[vlm_node-3] [INFO] [1780510583.589637403] [vlm_node]: VLM_QUERY|QueryBool|success|55.69|1|
[vlm_node-3] [INFO] [1780510583.593394937] [vlm_node]: Goal received with prompt: Is this space too crowded by people or working machinery to move though safely? If so, respond only yes. Otherwise respond no.
[component_container_isolated-2] [WARN] [1780510584.053734496] [planner_server]: Planner loop missed its desired rate of 999999999.0000 Hz. Current loop rate is 100.0000 Hz
[component_container_isolated-2] [INFO] [1780510584.078365749] [controller_server]: Passing new path to controller.
[component_container_isolated-2] [WARN] [1780510584.555171884] [controller_server]: Control loop missed its desired rate of 30.0000 Hz. Current loop rate is 20.0000 Hz.
[component_container_isolated-2] [WARN] [1780510584.646832730] [controller_server]: Control loop missed its desired rate of 30.0000 Hz. Current loop rate is 16.6667 Hz.
[component_container_isolated-2] [WARN] [1780510584.755181236] [controller_server]: Control loop missed its desired rate of 30.0000 Hz. Current loop rate is 20.0000 Hz.
[component_container_isolated-2] [WARN] [1780510584.855793489] [controller_server]: Control loop missed its desired rate of 30.0000 Hz. Current loop rate is 14.2857 Hz.
[component_container_isolated-2] [WARN] [1780510584.952495088] [controller_server]: Control loop missed its desired rate of 30.0000 Hz. Current loop rate is 16.6667 Hz.
[component_container_isolated-2] [WARN] [1780510585.073279035] [planner_server]: Planner loop missed its desired rate of 999999999.0000 Hz. Current loop rate is 100.0000 Hz
[component_container_isolated-2] [INFO] [1780510585.119276447] [controller_server]: Passing new path to controller.
[component_container_isolated-2] [WARN] [1780510585.164717261] [controller_server]: Control loop missed its desired rate of 30.0000 Hz. Current loop rate is 20.0000 Hz.
[component_container_isolated-2] [WARN] [1780510585.332644126] [controller_server]: Control loop missed its desired rate of 30.0000 Hz. Current loop rate is 25.0000 Hz.
[component_container_isolated-2] [WARN] [1780510585.446230819] [controller_server]: Control loop missed its desired rate of 30.0000 Hz. Current loop rate is 20.0000 Hz.
[component_container_isolated-2] [WARN] [1780510585.647487065] [controller_server]: Control loop missed its desired rate of 30.0000 Hz. Current loop rate is 25.0000 Hz.
[component_container_isolated-2] [WARN] [1780510585.751907798] [controller_server]: Control loop missed its desired rate of 30.0000 Hz. Current loop rate is 25.0000 Hz.
[component_container_isolated-2] [WARN] [1780510585.953047169] [controller_server]: Control loop missed its desired rate of 30.0000 Hz. Current loop rate is 25.0000 Hz.
[component_container_isolated-2] [WARN] [1780510586.059809467] [controller_server]: Control loop missed its desired rate of 30.0000 Hz. Current loop rate is 25.0000 Hz.
[component_container_isolated-2] [WARN] [1780510586.139750407] [controller_server]: Control loop missed its desired rate of 30.0000 Hz. Current loop rate is 25.0000 Hz.
[component_container_isolated-2] [INFO] [1780510586.139807231] [controller_server]: Passing new path to controller.
[component_container_isolated-2] [WARN] [1780510586.247666405] [controller_server]: Control loop missed its desired rate of 30.0000 Hz. Current loop rate is 20.0000 Hz.
[component_container_isolated-2] [WARN] [1780510586.449813734] [controller_server]: Control loop missed its desired rate of 30.0000 Hz. Current loop rate is 25.0000 Hz.
[component_container_isolated-2] [WARN] [1780510586.652763383] [controller_server]: Control loop missed its desired rate of 30.0000 Hz. Current loop rate is 20.0000 Hz.
[component_container_isolated-2] [WARN] [1780510586.865213512] [controller_server]: Control loop missed its desired rate of 30.0000 Hz. Current loop rate is 20.0000 Hz.
[component_container_isolated-2] [WARN] [1780510587.051083457] [controller_server]: Control loop missed its desired rate of 30.0000 Hz. Current loop rate is 20.0000 Hz.
[component_container_isolated-2] [WARN] [1780510587.124425723] [planner_server]: Planner loop missed its desired rate of 999999999.0000 Hz. Current loop rate is 100.0000 Hz
[component_container_isolated-2] [WARN] [1780510587.160862255] [controller_server]: Control loop missed its desired rate of 30.0000 Hz. Current loop rate is 25.0000 Hz.
[component_container_isolated-2] [INFO] [1780510587.160910551] [controller_server]: Passing new path to controller.
[component_container_isolated-2] [WARN] [1780510587.231468935] [controller_server]: Control loop missed its desired rate of 30.0000 Hz. Current loop rate is 33.3333 Hz.
[component_container_isolated-2] [WARN] [1780510587.335183550] [controller_server]: Control loop missed its desired rate of 30.0000 Hz. Current loop rate is 25.0000 Hz.
[component_container_isolated-2] [WARN] [1780510587.439391339] [controller_server]: Control loop missed its desired rate of 30.0000 Hz. Current loop rate is 25.0000 Hz.
[component_container_isolated-2] [WARN] [1780510588.145785438] [planner_server]: Planner loop missed its desired rate of 999999999.0000 Hz. Current loop rate is 100.0000 Hz
[component_container_isolated-2] [INFO] [1780510588.172837851] [controller_server]: Passing new path to controller.
[robot_mission_runner-4] [INFO] [1780510588.239506046] [robot_mission_runner]: Pose: (-42.13, -13.33), Elapsed: 60s, ETA: 4s, Dist remaining: 6.06m
[component_container_isolated-2] [WARN] [1780510588.249631967] [controller_server]: Control loop missed its desired rate of 30.0000 Hz. Current loop rate is 20.0000 Hz.
[component_container_isolated-2] [WARN] [1780510588.650080049] [controller_server]: Control loop missed its desired rate of 30.0000 Hz. Current loop rate is 25.0000 Hz.
[component_container_isolated-2] [WARN] [1780510589.152266127] [controller_server]: Control loop missed its desired rate of 30.0000 Hz. Current loop rate is 33.3333 Hz.
[component_container_isolated-2] [WARN] [1780510589.162900064] [planner_server]: Planner loop missed its desired rate of 999999999.0000 Hz. Current loop rate is 100.0000 Hz
[component_container_isolated-2] [INFO] [1780510589.185733660] [controller_server]: Passing new path to controller.
[component_container_isolated-2] [WARN] [1780510589.254271624] [controller_server]: Control loop missed its desired rate of 30.0000 Hz. Current loop rate is 25.0000 Hz.
[component_container_isolated-2] [WARN] [1780510589.338018968] [controller_server]: Control loop missed its desired rate of 30.0000 Hz. Current loop rate is 20.0000 Hz.
[component_container_isolated-2] [WARN] [1780510589.457466079] [controller_server]: Control loop missed its desired rate of 30.0000 Hz. Current loop rate is 16.6667 Hz.
[component_container_isolated-2] [WARN] [1780510589.550638356] [controller_server]: Control loop missed its desired rate of 30.0000 Hz. Current loop rate is 16.6667 Hz.
[component_container_isolated-2] [WARN] [1780510589.662089621] [controller_server]: Control loop missed its desired rate of 30.0000 Hz. Current loop rate is 20.0000 Hz.
[component_container_isolated-2] [WARN] [1780510589.741301726] [controller_server]: Control loop missed its desired rate of 30.0000 Hz. Current loop rate is 25.0000 Hz.
[component_container_isolated-2] [WARN] [1780510589.856152404] [controller_server]: Control loop missed its desired rate of 30.0000 Hz. Current loop rate is 20.0000 Hz.
[component_container_isolated-2] [WARN] [1780510589.953505878] [controller_server]: Control loop missed its desired rate of 30.0000 Hz. Current loop rate is 14.2857 Hz.
[component_container_isolated-2] [WARN] [1780510590.050684836] [controller_server]: Control loop missed its desired rate of 30.0000 Hz. Current loop rate is 16.6667 Hz.
[component_container_isolated-2] [INFO] [1780510590.217975659] [controller_server]: Passing new path to controller.
[component_container_isolated-2] [WARN] [1780510590.454776540] [controller_server]: Control loop missed its desired rate of 30.0000 Hz. Current loop rate is 25.0000 Hz.
[component_container_isolated-2] [WARN] [1780510590.536862494] [controller_server]: Control loop missed its desired rate of 30.0000 Hz. Current loop rate is 20.0000 Hz.
[component_container_isolated-2] [WARN] [1780510590.639382078] [controller_server]: Control loop missed its desired rate of 30.0000 Hz. Current loop rate is 25.0000 Hz.
[component_container_isolated-2] [WARN] [1780510590.751650336] [controller_server]: Control loop missed its desired rate of 30.0000 Hz. Current loop rate is 20.0000 Hz.
[component_container_isolated-2] [WARN] [1780510591.255296571] [controller_server]: Control loop missed its desired rate of 30.0000 Hz. Current loop rate is 25.0000 Hz.
[component_container_isolated-2] [INFO] [1780510591.255367487] [controller_server]: Passing new path to controller.
[component_container_isolated-2] [WARN] [1780510591.333532912] [controller_server]: Control loop missed its desired rate of 30.0000 Hz. Current loop rate is 20.0000 Hz.
[component_container_isolated-2] [WARN] [1780510591.440913304] [controller_server]: Control loop missed its desired rate of 30.0000 Hz. Current loop rate is 25.0000 Hz.
[component_container_isolated-2] [WARN] [1780510591.641400677] [controller_server]: Control loop missed its desired rate of 30.0000 Hz. Current loop rate is 25.0000 Hz.
[component_container_isolated-2] [WARN] [1780510591.941574871] [controller_server]: Control loop missed its desired rate of 30.0000 Hz. Current loop rate is 33.3333 Hz.
[component_container_isolated-2] [WARN] [1780510592.243528842] [controller_server]: Control loop missed its desired rate of 30.0000 Hz. Current loop rate is 25.0000 Hz.
[component_container_isolated-2] [INFO] [1780510592.276991864] [controller_server]: Passing new path to controller.
[component_container_isolated-2] [WARN] [1780510592.446096750] [controller_server]: Control loop missed its desired rate of 30.0000 Hz. Current loop rate is 25.0000 Hz.
[component_container_isolated-2] [WARN] [1780510592.551058136] [controller_server]: Control loop missed its desired rate of 30.0000 Hz. Current loop rate is 25.0000 Hz.
[component_container_isolated-2] [WARN] [1780510592.660243841] [controller_server]: Control loop missed its desired rate of 30.0000 Hz. Current loop rate is 20.0000 Hz.
[component_container_isolated-2] [WARN] [1780510592.756773487] [controller_server]: Control loop missed its desired rate of 30.0000 Hz. Current loop rate is 16.6667 Hz.
[component_container_isolated-2] [WARN] [1780510592.851942262] [controller_server]: Control loop missed its desired rate of 30.0000 Hz. Current loop rate is 16.6667 Hz.
[component_container_isolated-2] [WARN] [1780510592.956923791] [controller_server]: Control loop missed its desired rate of 30.0000 Hz. Current loop rate is 25.0000 Hz.
[component_container_isolated-2] [WARN] [1780510593.032110089] [controller_server]: Control loop missed its desired rate of 30.0000 Hz. Current loop rate is 25.0000 Hz.
[component_container_isolated-2] [WARN] [1780510593.138774587] [controller_server]: Control loop missed its desired rate of 30.0000 Hz. Current loop rate is 25.0000 Hz.
[component_container_isolated-2] [WARN] [1780510593.242960833] [controller_server]: Control loop missed its desired rate of 30.0000 Hz. Current loop rate is 25.0000 Hz.
[robot_mission_runner-4] [INFO] [1780510593.257376146] [robot_mission_runner]: Pose: (-41.37, -8.70), Elapsed: 65s, ETA: 1s, Dist remaining: 0.57m
[component_container_isolated-2] [WARN] [1780510593.327578866] [planner_server]: Planner loop missed its desired rate of 999999999.0000 Hz. Current loop rate is 12.5000 Hz
[component_container_isolated-2] [INFO] [1780510593.343144820] [controller_server]: Passing new path to controller.
[component_container_isolated-2] [WARN] [1780510593.545174946] [controller_server]: Control loop missed its desired rate of 30.0000 Hz. Current loop rate is 20.0000 Hz.
[component_container_isolated-2] [WARN] [1780510594.247055448] [controller_server]: Control loop missed its desired rate of 30.0000 Hz. Current loop rate is 20.0000 Hz.
[component_container_isolated-2] [WARN] [1780510594.348295075] [controller_server]: Control loop missed its desired rate of 30.0000 Hz. Current loop rate is 25.0000 Hz.
[component_container_isolated-2] [WARN] [1780510594.353615951] [planner_server]: Planner loop missed its desired rate of 999999999.0000 Hz. Current loop rate is 100.0000 Hz
[component_container_isolated-2] [INFO] [1780510594.381777237] [controller_server]: Passing new path to controller.
[component_container_isolated-2] [WARN] [1780510594.556085145] [controller_server]: Control loop missed its desired rate of 30.0000 Hz. Current loop rate is 20.0000 Hz.
[component_container_isolated-2] [WARN] [1780510594.633228049] [controller_server]: Control loop missed its desired rate of 30.0000 Hz. Current loop rate is 20.0000 Hz.
[component_container_isolated-2] [WARN] [1780510594.740750843] [controller_server]: Control loop missed its desired rate of 30.0000 Hz. Current loop rate is 25.0000 Hz.
[component_container_isolated-2] [WARN] [1780510594.843219278] [controller_server]: Control loop missed its desired rate of 30.0000 Hz. Current loop rate is 33.3333 Hz.
[component_container_isolated-2] [WARN] [1780510594.949982586] [controller_server]: Control loop missed its desired rate of 30.0000 Hz. Current loop rate is 20.0000 Hz.
[component_container_isolated-2] [WARN] [1780510595.056393122] [controller_server]: Control loop missed its desired rate of 30.0000 Hz. Current loop rate is 20.0000 Hz.
[component_container_isolated-2] [WARN] [1780510595.146037368] [controller_server]: Control loop missed its desired rate of 30.0000 Hz. Current loop rate is 16.6667 Hz.
[component_container_isolated-2] [WARN] [1780510595.247880199] [controller_server]: Control loop missed its desired rate of 30.0000 Hz. Current loop rate is 25.0000 Hz.
[component_container_isolated-2] [WARN] [1780510595.352141477] [controller_server]: Control loop missed its desired rate of 30.0000 Hz. Current loop rate is 25.0000 Hz.
[component_container_isolated-2] [WARN] [1780510595.365025659] [planner_server]: Planner loop missed its desired rate of 999999999.0000 Hz. Current loop rate is 100.0000 Hz
[component_container_isolated-2] [INFO] [1780510595.385598324] [controller_server]: Passing new path to controller.
[component_container_isolated-2] [WARN] [1780510596.394236695] [planner_server]: Planner loop missed its desired rate of 999999999.0000 Hz. Current loop rate is 100.0000 Hz
[component_container_isolated-2] [INFO] [1780510596.418939586] [controller_server]: Passing new path to controller.
[component_container_isolated-2] [WARN] [1780510596.553050118] [controller_server]: Control loop missed its desired rate of 30.0000 Hz. Current loop rate is 25.0000 Hz.
[component_container_isolated-2] [WARN] [1780510596.757977769] [controller_server]: Control loop missed its desired rate of 30.0000 Hz. Current loop rate is 20.0000 Hz.
[component_container_isolated-2] [WARN] [1780510596.840737361] [controller_server]: Control loop missed its desired rate of 30.0000 Hz. Current loop rate is 20.0000 Hz.
[component_container_isolated-2] [WARN] [1780510596.953955790] [controller_server]: Control loop missed its desired rate of 30.0000 Hz. Current loop rate is 20.0000 Hz.
[component_container_isolated-2] [WARN] [1780510597.057308525] [controller_server]: Control loop missed its desired rate of 30.0000 Hz. Current loop rate is 14.2857 Hz.
[component_container_isolated-2] [WARN] [1780510597.136843753] [controller_server]: Control loop missed its desired rate of 30.0000 Hz. Current loop rate is 20.0000 Hz.
[component_container_isolated-2] [WARN] [1780510597.239578087] [controller_server]: Control loop missed its desired rate of 30.0000 Hz. Current loop rate is 25.0000 Hz.
[component_container_isolated-2] [WARN] [1780510597.441552583] [controller_server]: Control loop missed its desired rate of 30.0000 Hz. Current loop rate is 25.0000 Hz.
[component_container_isolated-2] [INFO] [1780510597.441622898] [controller_server]: Passing new path to controller.
[component_container_isolated-2] [WARN] [1780510597.542943602] [controller_server]: Control loop missed its desired rate of 30.0000 Hz. Current loop rate is 25.0000 Hz.
[component_container_isolated-2] [WARN] [1780510597.645192326] [controller_server]: Control loop missed its desired rate of 30.0000 Hz. Current loop rate is 25.0000 Hz.
[component_container_isolated-2] [WARN] [1780510598.254643502] [controller_server]: Control loop missed its desired rate of 30.0000 Hz. Current loop rate is 20.0000 Hz.
[robot_mission_runner-4] [INFO] [1780510598.276208975] [robot_mission_runner]: Pose: (-41.07, -8.55), Elapsed: 70s, ETA: 23s, Dist remaining: 1.14m
[component_container_isolated-2] [WARN] [1780510598.334991282] [controller_server]: Control loop missed its desired rate of 30.0000 Hz. Current loop rate is 20.0000 Hz.
[component_container_isolated-2] [WARN] [1780510598.438348919] [controller_server]: Control loop missed its desired rate of 30.0000 Hz. Current loop rate is 25.0000 Hz.
[component_container_isolated-2] [WARN] [1780510598.444872751] [planner_server]: Planner loop missed its desired rate of 999999999.0000 Hz. Current loop rate is 100.0000 Hz
[component_container_isolated-2] [INFO] [1780510598.471812119] [controller_server]: Passing new path to controller.
[component_container_isolated-2] [WARN] [1780510598.542544042] [controller_server]: Control loop missed its desired rate of 30.0000 Hz. Current loop rate is 33.3333 Hz.
[component_container_isolated-2] [WARN] [1780510599.448321677] [controller_server]: Control loop missed its desired rate of 30.0000 Hz. Current loop rate is 25.0000 Hz.
[component_container_isolated-2] [WARN] [1780510599.455151590] [planner_server]: Planner loop missed its desired rate of 999999999.0000 Hz. Current loop rate is 100.0000 Hz
[component_container_isolated-2] [INFO] [1780510599.481867163] [controller_server]: Passing new path to controller.
[component_container_isolated-2] [WARN] [1780510599.648433472] [controller_server]: Control loop missed its desired rate of 30.0000 Hz. Current loop rate is 33.3333 Hz.
[component_container_isolated-2] [WARN] [1780510599.757258696] [controller_server]: Control loop missed its desired rate of 30.0000 Hz. Current loop rate is 20.0000 Hz.
[component_container_isolated-2] [WARN] [1780510599.830059597] [controller_server]: Control loop missed its desired rate of 30.0000 Hz. Current loop rate is 25.0000 Hz.
[component_container_isolated-2] [WARN] [1780510599.948276483] [controller_server]: Control loop missed its desired rate of 30.0000 Hz. Current loop rate is 20.0000 Hz.
[component_container_isolated-2] [WARN] [1780510600.053657012] [controller_server]: Control loop missed its desired rate of 30.0000 Hz. Current loop rate is 20.0000 Hz.
[component_container_isolated-2] [WARN] [1780510600.140551496] [controller_server]: Control loop missed its desired rate of 30.0000 Hz. Current loop rate is 20.0000 Hz.
[component_container_isolated-2] [WARN] [1780510600.473685059] [planner_server]: Planner loop missed its desired rate of 999999999.0000 Hz. Current loop rate is 100.0000 Hz
[component_container_isolated-2] [INFO] [1780510600.507352654] [controller_server]: Passing new path to controller.
[component_container_isolated-2] [WARN] [1780510601.341832877] [controller_server]: Control loop missed its desired rate of 30.0000 Hz. Current loop rate is 25.0000 Hz.
[component_container_isolated-2] [WARN] [1780510601.446422359] [controller_server]: Control loop missed its desired rate of 30.0000 Hz. Current loop rate is 20.0000 Hz.
[component_container_isolated-2] [WARN] [1780510601.558276389] [controller_server]: Control loop missed its desired rate of 30.0000 Hz. Current loop rate is 20.0000 Hz.
[component_container_isolated-2] [INFO] [1780510601.558349121] [controller_server]: Passing new path to controller.
[component_container_isolated-2] [WARN] [1780510601.635799380] [controller_server]: Control loop missed its desired rate of 30.0000 Hz. Current loop rate is 20.0000 Hz.
[component_container_isolated-2] [WARN] [1780510601.746569431] [controller_server]: Control loop missed its desired rate of 30.0000 Hz. Current loop rate is 20.0000 Hz.
[component_container_isolated-2] [WARN] [1780510601.856133261] [controller_server]: Control loop missed its desired rate of 30.0000 Hz. Current loop rate is 20.0000 Hz.
[component_container_isolated-2] [WARN] [1780510601.942232111] [controller_server]: Control loop missed its desired rate of 30.0000 Hz. Current loop rate is 20.0000 Hz.
[component_container_isolated-2] [WARN] [1780510602.042524164] [controller_server]: Control loop missed its desired rate of 30.0000 Hz. Current loop rate is 33.3333 Hz.
[component_container_isolated-2] [WARN] [1780510602.246492205] [controller_server]: Control loop missed its desired rate of 30.0000 Hz. Current loop rate is 20.0000 Hz.
[component_container_isolated-2] [WARN] [1780510602.352899072] [controller_server]: Control loop missed its desired rate of 30.0000 Hz. Current loop rate is 20.0000 Hz.
[component_container_isolated-2] [WARN] [1780510602.472306363] [controller_server]: Control loop missed its desired rate of 30.0000 Hz. Current loop rate is 16.6667 Hz.
[component_container_isolated-2] [WARN] [1780510602.524785589] [planner_server]: Planner loop missed its desired rate of 999999999.0000 Hz. Current loop rate is 100.0000 Hz
[component_container_isolated-2] [WARN] [1780510602.557742634] [controller_server]: Control loop missed its desired rate of 30.0000 Hz. Current loop rate is 16.6667 Hz.
[component_container_isolated-2] [INFO] [1780510602.557843004] [controller_server]: Passing new path to controller.
[component_container_isolated-2] [WARN] [1780510602.631137986] [controller_server]: Control loop missed its desired rate of 30.0000 Hz. Current loop rate is 25.0000 Hz.
[component_container_isolated-2] [WARN] [1780510602.740879064] [controller_server]: Control loop missed its desired rate of 30.0000 Hz. Current loop rate is 25.0000 Hz.
[robot_mission_runner-4] [INFO] [1780510603.298118606] [robot_mission_runner]: Pose: (-41.22, -8.55), Elapsed: 75s, ETA: 50s, Dist remaining: 1.09m
[component_container_isolated-2] [WARN] [1780510603.351350316] [controller_server]: Control loop missed its desired rate of 30.0000 Hz. Current loop rate is 25.0000 Hz.
[component_container_isolated-2] [WARN] [1780510603.555482528] [planner_server]: Planner loop missed its desired rate of 999999999.0000 Hz. Current loop rate is 100.0000 Hz
[component_container_isolated-2] [INFO] [1780510603.584829067] [controller_server]: Passing new path to controller.
[component_container_isolated-2] [ERROR] [1780510603.618278998] [controller_server]: Failed to make progress
[component_container_isolated-2] [INFO] [1780510603.618774097] [controller_server]: Optimizer reset
[component_container_isolated-2] [WARN] [1780510603.618834522] [controller_server]: [follow_path] [ActionServer] Aborting handle.
[component_container_isolated-2] [INFO] [1780510603.629433914] [local_costmap.local_costmap]: Received request to clear entirely the local_costmap
[component_container_isolated-2] [INFO] [1780510603.635067000] [controller_server]: Received a goal, begin computing control effort.
[component_container_isolated-2] [WARN] [1780510603.747780692] [controller_server]: Control loop missed its desired rate of 30.0000 Hz. Current loop rate is 9.0909 Hz.
[component_container_isolated-2] [WARN] [1780510603.850857542] [controller_server]: Control loop missed its desired rate of 30.0000 Hz. Current loop rate is 25.0000 Hz.
[component_container_isolated-2] [WARN] [1780510603.956209792] [controller_server]: Control loop missed its desired rate of 30.0000 Hz. Current loop rate is 25.0000 Hz.
[component_container_isolated-2] [WARN] [1780510604.030984049] [controller_server]: Control loop missed its desired rate of 30.0000 Hz. Current loop rate is 25.0000 Hz.
[component_container_isolated-2] [WARN] [1780510604.140950285] [controller_server]: Control loop missed its desired rate of 30.0000 Hz. Current loop rate is 25.0000 Hz.
[component_container_isolated-2] [WARN] [1780510604.459026401] [controller_server]: Control loop missed its desired rate of 30.0000 Hz. Current loop rate is 16.6667 Hz.
[component_container_isolated-2] [WARN] [1780510604.557062815] [controller_server]: Control loop missed its desired rate of 30.0000 Hz. Current loop rate is 14.2857 Hz.
[component_container_isolated-2] [WARN] [1780510604.564717353] [planner_server]: Planner loop missed its desired rate of 999999999.0000 Hz. Current loop rate is 100.0000 Hz
[component_container_isolated-2] [INFO] [1780510604.590526533] [controller_server]: Passing new path to controller.
[component_container_isolated-2] [WARN] [1780510604.657257786] [controller_server]: Control loop missed its desired rate of 30.0000 Hz. Current loop rate is 14.2857 Hz.
[component_container_isolated-2] [WARN] [1780510604.758300816] [controller_server]: Control loop missed its desired rate of 30.0000 Hz. Current loop rate is 14.2857 Hz.
[component_container_isolated-2] [WARN] [1780510604.857271229] [controller_server]: Control loop missed its desired rate of 30.0000 Hz. Current loop rate is 14.2857 Hz.
[component_container_isolated-2] [WARN] [1780510604.958303266] [controller_server]: Control loop missed its desired rate of 30.0000 Hz. Current loop rate is 14.2857 Hz.
[component_container_isolated-2] [WARN] [1780510605.059950336] [controller_server]: Control loop missed its desired rate of 30.0000 Hz. Current loop rate is 14.2857 Hz.
[component_container_isolated-2] [WARN] [1780510605.132745789] [controller_server]: Control loop missed its desired rate of 30.0000 Hz. Current loop rate is 33.3333 Hz.
[component_container_isolated-2] [WARN] [1780510605.242738347] [controller_server]: Control loop missed its desired rate of 30.0000 Hz. Current loop rate is 25.0000 Hz.
[component_container_isolated-2] [WARN] [1780510605.346408556] [controller_server]: Control loop missed its desired rate of 30.0000 Hz. Current loop rate is 25.0000 Hz.
[component_container_isolated-2] [WARN] [1780510605.585528094] [planner_server]: Planner loop missed its desired rate of 999999999.0000 Hz. Current loop rate is 100.0000 Hz
[component_container_isolated-2] [INFO] [1780510605.613219550] [controller_server]: Passing new path to controller.
[component_container_isolated-2] [WARN] [1780510606.250022270] [controller_server]: Control loop missed its desired rate of 30.0000 Hz. Current loop rate is 25.0000 Hz.
[component_container_isolated-2] [WARN] [1780510606.604211700] [planner_server]: Planner loop missed its desired rate of 999999999.0000 Hz. Current loop rate is 100.0000 Hz
[component_container_isolated-2] [WARN] [1780510606.653719553] [controller_server]: Control loop missed its desired rate of 30.0000 Hz. Current loop rate is 25.0000 Hz.
[component_container_isolated-2] [INFO] [1780510606.653777969] [controller_server]: Passing new path to controller.
[component_container_isolated-2] [WARN] [1780510606.743216546] [controller_server]: Control loop missed its desired rate of 30.0000 Hz. Current loop rate is 16.6667 Hz.
[component_container_isolated-2] [WARN] [1780510606.850222649] [controller_server]: Control loop missed its desired rate of 30.0000 Hz. Current loop rate is 25.0000 Hz.
[component_container_isolated-2] [WARN] [1780510607.150838606] [controller_server]: Control loop missed its desired rate of 30.0000 Hz. Current loop rate is 33.3333 Hz.
[component_container_isolated-2] [WARN] [1780510607.251463812] [controller_server]: Control loop missed its desired rate of 30.0000 Hz. Current loop rate is 33.3333 Hz.
[component_container_isolated-2] [WARN] [1780510607.363996361] [controller_server]: Control loop missed its desired rate of 30.0000 Hz. Current loop rate is 16.6667 Hz.
[component_container_isolated-2] [WARN] [1780510607.438047900] [controller_server]: Control loop missed its desired rate of 30.0000 Hz. Current loop rate is 25.0000 Hz.
[component_container_isolated-2] [WARN] [1780510607.544767499] [controller_server]: Control loop missed its desired rate of 30.0000 Hz. Current loop rate is 25.0000 Hz.
[component_container_isolated-2] [WARN] [1780510607.651465375] [controller_server]: Control loop missed its desired rate of 30.0000 Hz. Current loop rate is 25.0000 Hz.
[component_container_isolated-2] [INFO] [1780510607.651521449] [controller_server]: Passing new path to controller.
[component_container_isolated-2] [WARN] [1780510607.763575345] [controller_server]: Control loop missed its desired rate of 30.0000 Hz. Current loop rate is 16.6667 Hz.
[component_container_isolated-2] [WARN] [1780510607.837017823] [controller_server]: Control loop missed its desired rate of 30.0000 Hz. Current loop rate is 25.0000 Hz.
[component_container_isolated-2] [WARN] [1780510607.948699675] [controller_server]: Control loop missed its desired rate of 30.0000 Hz. Current loop rate is 25.0000 Hz.
[component_container_isolated-2] [WARN] [1780510608.052532911] [controller_server]: Control loop missed its desired rate of 30.0000 Hz. Current loop rate is 25.0000 Hz.
[component_container_isolated-2] [WARN] [1780510608.161756615] [controller_server]: Control loop missed its desired rate of 30.0000 Hz. Current loop rate is 25.0000 Hz.
[component_container_isolated-2] [WARN] [1780510608.232145429] [controller_server]: Control loop missed its desired rate of 30.0000 Hz. Current loop rate is 33.3333 Hz.
[robot_mission_runner-4] [INFO] [1780510608.326546312] [robot_mission_runner]: Pose: (-41.24, -8.54), Elapsed: 80s, ETA: 0s, Dist remaining: 1.03m
[component_container_isolated-2] [WARN] [1780510608.346075390] [controller_server]: Control loop missed its desired rate of 30.0000 Hz. Current loop rate is 20.0000 Hz.
[component_container_isolated-2] [WARN] [1780510608.547236789] [controller_server]: Control loop missed its desired rate of 30.0000 Hz. Current loop rate is 25.0000 Hz.
[component_container_isolated-2] [WARN] [1780510608.645440697] [planner_server]: Planner loop missed its desired rate of 999999999.0000 Hz. Current loop rate is 100.0000 Hz
[component_container_isolated-2] [INFO] [1780510608.680712219] [controller_server]: Passing new path to controller.
[component_container_isolated-2] [WARN] [1780510608.747347046] [controller_server]: Control loop missed its desired rate of 30.0000 Hz. Current loop rate is 33.3333 Hz.
[component_container_isolated-2] [WARN] [1780510608.947685314] [controller_server]: Control loop missed its desired rate of 30.0000 Hz. Current loop rate is 25.0000 Hz.
[vlm_node-3] [INFO] [1780510609.166260226] [vlm_node]: Completed prompt: "Is this space too crowded by people or working machinery to move though safely? If so, respond only yes. Otherwise respond no." with response: False
[vlm_node-3] [INFO] [1780510609.166865074] [vlm_node]: VLM_QUERY|QueryBool|success|25.57|1|
[vlm_node-3] [INFO] [1780510609.181995679] [vlm_node]: Goal received with prompt: Are there any people visible in this scene? If so, respond only yes. Otherwise respond no.
[component_container_isolated-2] [WARN] [1780510609.455833117] [controller_server]: Control loop missed its desired rate of 30.0000 Hz. Current loop rate is 20.0000 Hz.
[component_container_isolated-2] [WARN] [1780510609.541202005] [controller_server]: Control loop missed its desired rate of 30.0000 Hz. Current loop rate is 20.0000 Hz.
[component_container_isolated-2] [WARN] [1780510609.654024785] [planner_server]: Planner loop missed its desired rate of 999999999.0000 Hz. Current loop rate is 100.0000 Hz
[component_container_isolated-2] [INFO] [1780510609.674659087] [controller_server]: Passing new path to controller.
[component_container_isolated-2] [WARN] [1780510609.843029773] [controller_server]: Control loop missed its desired rate of 30.0000 Hz. Current loop rate is 25.0000 Hz.
[component_container_isolated-2] [WARN] [1780510610.146096614] [controller_server]: Control loop missed its desired rate of 30.0000 Hz. Current loop rate is 25.0000 Hz.
[component_container_isolated-2] [WARN] [1780510610.251179137] [controller_server]: Control loop missed its desired rate of 30.0000 Hz. Current loop rate is 25.0000 Hz.
[component_container_isolated-2] [WARN] [1780510610.352469934] [controller_server]: Control loop missed its desired rate of 30.0000 Hz. Current loop rate is 33.3333 Hz.
[component_container_isolated-2] [INFO] [1780510610.719249139] [controller_server]: Passing new path to controller.
[component_container_isolated-2] [WARN] [1780510611.558797995] [controller_server]: Control loop missed its desired rate of 30.0000 Hz. Current loop rate is 20.0000 Hz.
[component_container_isolated-2] [WARN] [1780510611.636670078] [controller_server]: Control loop missed its desired rate of 30.0000 Hz. Current loop rate is 20.0000 Hz.
[component_container_isolated-2] [WARN] [1780510611.743268517] [controller_server]: Control loop missed its desired rate of 30.0000 Hz. Current loop rate is 25.0000 Hz.
[component_container_isolated-2] [INFO] [1780510611.743325026] [controller_server]: Passing new path to controller.
[component_container_isolated-2] [WARN] [1780510611.847815892] [controller_server]: Control loop missed its desired rate of 30.0000 Hz. Current loop rate is 25.0000 Hz.
[component_container_isolated-2] [WARN] [1780510611.954760615] [controller_server]: Control loop missed its desired rate of 30.0000 Hz. Current loop rate is 20.0000 Hz.
[component_container_isolated-2] [WARN] [1780510612.048129747] [controller_server]: Control loop missed its desired rate of 30.0000 Hz. Current loop rate is 16.6667 Hz.
[component_container_isolated-2] [WARN] [1780510612.265610419] [controller_server]: Control loop missed its desired rate of 30.0000 Hz. Current loop rate is 16.6667 Hz.
[component_container_isolated-2] [WARN] [1780510612.335207329] [controller_server]: Control loop missed its desired rate of 30.0000 Hz. Current loop rate is 25.0000 Hz.
[component_container_isolated-2] [WARN] [1780510612.445736565] [controller_server]: Control loop missed its desired rate of 30.0000 Hz. Current loop rate is 20.0000 Hz.
[component_container_isolated-2] [WARN] [1780510612.654411897] [controller_server]: Control loop missed its desired rate of 30.0000 Hz. Current loop rate is 20.0000 Hz.
[component_container_isolated-2] [WARN] [1780510612.737735995] [planner_server]: Planner loop missed its desired rate of 999999999.0000 Hz. Current loop rate is 100.0000 Hz
[component_container_isolated-2] [WARN] [1780510612.748087822] [controller_server]: Control loop missed its desired rate of 30.0000 Hz. Current loop rate is 16.6667 Hz.
[component_container_isolated-2] [INFO] [1780510612.781571948] [controller_server]: Passing new path to controller.
[component_container_isolated-2] [WARN] [1780510612.852950050] [controller_server]: Control loop missed its desired rate of 30.0000 Hz. Current loop rate is 25.0000 Hz.
[component_container_isolated-2] [WARN] [1780510612.964400207] [controller_server]: Control loop missed its desired rate of 30.0000 Hz. Current loop rate is 16.6667 Hz.
[component_container_isolated-2] [WARN] [1780510613.041920022] [controller_server]: Control loop missed its desired rate of 30.0000 Hz. Current loop rate is 25.0000 Hz.
[component_container_isolated-2] [WARN] [1780510613.149645076] [controller_server]: Control loop missed its desired rate of 30.0000 Hz. Current loop rate is 25.0000 Hz.
[component_container_isolated-2] [WARN] [1780510613.260554483] [controller_server]: Control loop missed its desired rate of 30.0000 Hz. Current loop rate is 20.0000 Hz.
[robot_mission_runner-4] [INFO] [1780510613.350445144] [robot_mission_runner]: Pose: (-41.37, -8.51), Elapsed: 85s, ETA: 6s, Dist remaining: 0.78m
[component_container_isolated-2] [WARN] [1780510613.367513857] [controller_server]: Control loop missed its desired rate of 30.0000 Hz. Current loop rate is 14.2857 Hz.
[component_container_isolated-2] [WARN] [1780510613.451117787] [controller_server]: Control loop missed its desired rate of 30.0000 Hz. Current loop rate is 20.0000 Hz.
[component_container_isolated-2] [WARN] [1780510613.567825200] [controller_server]: Control loop missed its desired rate of 30.0000 Hz. Current loop rate is 16.6667 Hz.
[component_container_isolated-2] [WARN] [1780510613.649761896] [controller_server]: Control loop missed its desired rate of 30.0000 Hz. Current loop rate is 20.0000 Hz.
[component_container_isolated-2] [WARN] [1780510613.764901729] [controller_server]: Control loop missed its desired rate of 30.0000 Hz. Current loop rate is 16.6667 Hz.
[component_container_isolated-2] [ERROR] [1780510613.765020627] [controller_server]: Failed to make progress
[component_container_isolated-2] [INFO] [1780510613.765382893] [controller_server]: Optimizer reset
[component_container_isolated-2] [WARN] [1780510613.765406050] [controller_server]: [follow_path] [ActionServer] Aborting handle.
[component_container_isolated-2] [ERROR] [1780510613.799142785] [bt_navigator_navigate_to_pose_rclcpp_node]: Failed to get result for compute_path_to_pose in node halt!
[component_container_isolated-2] [INFO] [1780510613.817767129] [planner_server]: Goal was canceled. Canceling planning action.
[component_container_isolated-2] [INFO] [1780510613.817844017] [planner_server]: [compute_path_to_pose] [ActionServer] Client requested to cancel the goal. Cancelling.
[component_container_isolated-2] [ERROR] [1780510613.822611396] [bt_navigator_navigate_to_pose_rclcpp_node]: Failed to get result for vlm_node/query_bool in node halt!
[component_container_isolated-2] [INFO] [1780510613.822978070] [local_costmap.local_costmap]: Received request to clear entirely the local_costmap
[component_container_isolated-2] [WARN] [1780510613.833664053] [bt_navigator_navigate_to_pose_rclcpp_node]: Node timed out while executing service call to local_costmap/clear_entirely_local_costmap.
[component_container_isolated-2] [INFO] [1780510613.834088485] [behavior_server]: Running spin
[component_container_isolated-2] [INFO] [1780510613.834180689] [behavior_server]: Turning 1.57 for spin behavior.
[component_container_isolated-2] [INFO] [1780510615.334537038] [behavior_server]: spin completed successfully
[vlm_node-3] [INFO] [1780510615.356596046] [vlm_node]: Goal received with prompt: Check if there are any small hazards on the ground that would cause harm to the robot if it navigated over it OR the area is blocked by large objects that make it impassable. If so respond only yes. Otherwise, respond no.
[component_container_isolated-2] [INFO] [1780510615.364593739] [controller_server]: Received a goal, begin computing control effort.
[component_container_isolated-2] [WARN] [1780510615.449633735] [controller_server]: Control loop missed its desired rate of 30.0000 Hz. Current loop rate is 20.0000 Hz.
[component_container_isolated-2] [WARN] [1780510615.549724835] [controller_server]: Control loop missed its desired rate of 30.0000 Hz. Current loop rate is 25.0000 Hz.
[component_container_isolated-2] [WARN] [1780510615.651358139] [controller_server]: Control loop missed its desired rate of 30.0000 Hz. Current loop rate is 33.3333 Hz.
[component_container_isolated-2] [WARN] [1780510615.858886113] [controller_server]: Control loop missed its desired rate of 30.0000 Hz. Current loop rate is 25.0000 Hz.
[component_container_isolated-2] [WARN] [1780510615.946302387] [controller_server]: Control loop missed its desired rate of 30.0000 Hz. Current loop rate is 16.6667 Hz.
[component_container_isolated-2] [WARN] [1780510616.346438005] [controller_server]: Control loop missed its desired rate of 30.0000 Hz. Current loop rate is 25.0000 Hz.
[component_container_isolated-2] [WARN] [1780510616.376668584] [planner_server]: Planner loop missed its desired rate of 999999999.0000 Hz. Current loop rate is 100.0000 Hz
[component_container_isolated-2] [INFO] [1780510616.413232105] [controller_server]: Passing new path to controller.
[component_container_isolated-2] [WARN] [1780510616.948610541] [controller_server]: Control loop missed its desired rate of 30.0000 Hz. Current loop rate is 25.0000 Hz.
[component_container_isolated-2] [WARN] [1780510617.161823085] [controller_server]: Control loop missed its desired rate of 30.0000 Hz. Current loop rate is 20.0000 Hz.
[component_container_isolated-2] [WARN] [1780510617.241254095] [controller_server]: Control loop missed its desired rate of 30.0000 Hz. Current loop rate is 25.0000 Hz.
[component_container_isolated-2] [WARN] [1780510617.352899569] [controller_server]: Control loop missed its desired rate of 30.0000 Hz. Current loop rate is 25.0000 Hz.
[component_container_isolated-2] [WARN] [1780510617.399074701] [planner_server]: Planner loop missed its desired rate of 999999999.0000 Hz. Current loop rate is 100.0000 Hz
[component_container_isolated-2] [INFO] [1780510617.419690401] [controller_server]: Passing new path to controller.
[component_container_isolated-2] [WARN] [1780510617.556093614] [controller_server]: Control loop missed its desired rate of 30.0000 Hz. Current loop rate is 25.0000 Hz.
[component_container_isolated-2] [WARN] [1780510617.647328804] [controller_server]: Control loop missed its desired rate of 30.0000 Hz. Current loop rate is 16.6667 Hz.
[component_container_isolated-2] [WARN] [1780510618.062019216] [controller_server]: Control loop missed its desired rate of 30.0000 Hz. Current loop rate is 20.0000 Hz.
[component_container_isolated-2] [WARN] [1780510618.155872145] [controller_server]: Control loop missed its desired rate of 30.0000 Hz. Current loop rate is 14.2857 Hz.
[component_container_isolated-2] [WARN] [1780510618.256406233] [controller_server]: Control loop missed its desired rate of 30.0000 Hz. Current loop rate is 14.2857 Hz.
[component_container_isolated-2] [WARN] [1780510618.348199623] [controller_server]: Control loop missed its desired rate of 30.0000 Hz. Current loop rate is 16.6667 Hz.
[robot_mission_runner-4] [INFO] [1780510618.374417560] [robot_mission_runner]: Pose: (-41.56, -8.13), Elapsed: 90s, ETA: 20s, Dist remaining: 1.35m
[component_container_isolated-2] [WARN] [1780510618.452260348] [controller_server]: Control loop missed its desired rate of 30.0000 Hz. Current loop rate is 25.0000 Hz.
[component_container_isolated-2] [INFO] [1780510618.452316171] [controller_server]: Passing new path to controller.
[component_container_isolated-2] [WARN] [1780510619.053209177] [controller_server]: Control loop missed its desired rate of 30.0000 Hz. Current loop rate is 33.3333 Hz.
[component_container_isolated-2] [INFO] [1780510619.159357746] [controller_server]: Reached the goal!
[component_container_isolated-2] [INFO] [1780510619.159763707] [controller_server]: Optimizer reset
[component_container_isolated-2] [ERROR] [1780510619.195477725] [bt_navigator_navigate_to_pose_rclcpp_node]: Failed to get result for vlm_node/query_bool in node halt!
[component_container_isolated-2] [INFO] [1780510619.195746500] [bt_navigator]: Goal succeeded
[robot_mission_runner-4] [INFO] [1780510619.283695216] [robot_mission_runner]: Navigation result: SUCCEEDED
[vlm_node-3] [INFO] [1780510625.292790178] [vlm_node]: Completed prompt: "Are there any people visible in this scene? If so, respond only yes. Otherwise respond no." with response: False
[vlm_node-3] [INFO] [1780510625.293376610] [vlm_node]: VLM_QUERY|QueryBool|success|16.11|1|
[robot_mission_runner-4] [INFO] [1780510629.284902917] [robot_mission_runner]: Mission 5 completed.
[robot_mission_runner-4] [INFO] [1780510629.285655023] [robot_mission_runner]: Picking from {'x': 5.05, 'y': -59.6, 'yaw': 3.1416}, dropping at {'x': -17.5, 'y': 0.18, 'yaw': -1.5708}...
[robot_mission_runner-4] [INFO] [1780510629.286181779] [robot_mission_runner]: Navigating to pick, attempt 1/3...
[component_container_isolated-2] [INFO] [1780510629.287214477] [local_costmap.local_costmap]: Received request to clear entirely the local_costmap
[component_container_isolated-2] [INFO] [1780510629.329988018] [global_costmap.global_costmap]: Received request to clear entirely the global_costmap
[robot_mission_runner-4] [INFO] [1780510629.344338997] [robot_mission_runner]: Navigating to goal: 5.05 -59.6...
[component_container_isolated-2] [INFO] [1780510629.345347620] [bt_navigator]: Begin navigating from current location (-41.53, -8.07) to (5.05, -59.60)
[vlm_node-3] [INFO] [1780510629.349260329] [vlm_node]: Goal received with prompt: Check if there are any small hazards on the ground that would cause harm to the robot if it navigated over it OR the area is blocked by large objects that make it impassable. If so respond only yes. Otherwise, respond no.
[component_container_isolated-2] [WARN] [1780510630.325506643] [planner_server]: Planner loop missed its desired rate of 999999999.0000 Hz. Current loop rate is 1.0204 Hz
[component_container_isolated-2] [INFO] [1780510630.337290657] [controller_server]: Received a goal, begin computing control effort.
[component_container_isolated-2] [WARN] [1780510631.339926514] [controller_server]: Control loop missed its desired rate of 30.0000 Hz. Current loop rate is 33.3333 Hz.
[component_container_isolated-2] [WARN] [1780510631.611399282] [planner_server]: Planner loop missed its desired rate of 999999999.0000 Hz. Current loop rate is 3.5714 Hz
[component_container_isolated-2] [INFO] [1780510631.640037954] [controller_server]: Passing new path to controller.
[component_container_isolated-2] [WARN] [1780510631.839993338] [controller_server]: Control loop missed its desired rate of 30.0000 Hz. Current loop rate is 33.3333 Hz.
[component_container_isolated-2] [WARN] [1780510631.945196093] [controller_server]: Control loop missed its desired rate of 30.0000 Hz. Current loop rate is 25.0000 Hz.
[component_container_isolated-2] [WARN] [1780510632.057307825] [controller_server]: Control loop missed its desired rate of 30.0000 Hz. Current loop rate is 25.0000 Hz.
[component_container_isolated-2] [WARN] [1780510632.145425650] [controller_server]: Control loop missed its desired rate of 30.0000 Hz. Current loop rate is 20.0000 Hz.
[component_container_isolated-2] [WARN] [1780510632.256420384] [controller_server]: Control loop missed its desired rate of 30.0000 Hz. Current loop rate is 25.0000 Hz.
[component_container_isolated-2] [WARN] [1780510632.342205650] [controller_server]: Control loop missed its desired rate of 30.0000 Hz. Current loop rate is 16.6667 Hz.
[component_container_isolated-2] [WARN] [1780510632.444221599] [controller_server]: Control loop missed its desired rate of 30.0000 Hz. Current loop rate is 25.0000 Hz.
[component_container_isolated-2] [WARN] [1780510632.653231854] [controller_server]: Control loop missed its desired rate of 30.0000 Hz. Current loop rate is 25.0000 Hz.
[component_container_isolated-2] [WARN] [1780510632.750886288] [controller_server]: Control loop missed its desired rate of 30.0000 Hz. Current loop rate is 14.2857 Hz.
[component_container_isolated-2] [WARN] [1780510632.853677406] [controller_server]: Control loop missed its desired rate of 30.0000 Hz. Current loop rate is 25.0000 Hz.
[component_container_isolated-2] [WARN] [1780510632.943492401] [controller_server]: Control loop missed its desired rate of 30.0000 Hz. Current loop rate is 20.0000 Hz.
[component_container_isolated-2] [WARN] [1780510633.079933405] [planner_server]: Planner loop missed its desired rate of 999999999.0000 Hz. Current loop rate is 2.2727 Hz
[component_container_isolated-2] [INFO] [1780510633.110288845] [controller_server]: Passing new path to controller.
[component_container_isolated-2] [WARN] [1780510633.246633300] [controller_server]: Control loop missed its desired rate of 30.0000 Hz. Current loop rate is 25.0000 Hz.
[component_container_isolated-2] [WARN] [1780510633.649639204] [controller_server]: Control loop missed its desired rate of 30.0000 Hz. Current loop rate is 33.3333 Hz.
[component_container_isolated-2] [WARN] [1780510633.758054945] [controller_server]: Control loop missed its desired rate of 30.0000 Hz. Current loop rate is 25.0000 Hz.
[component_container_isolated-2] [WARN] [1780510633.839289154] [controller_server]: Control loop missed its desired rate of 30.0000 Hz. Current loop rate is 20.0000 Hz.
[component_container_isolated-2] [WARN] [1780510633.943800270] [controller_server]: Control loop missed its desired rate of 30.0000 Hz. Current loop rate is 25.0000 Hz.
[component_container_isolated-2] [WARN] [1780510634.052909677] [controller_server]: Control loop missed its desired rate of 30.0000 Hz. Current loop rate is 20.0000 Hz.
[component_container_isolated-2] [WARN] [1780510634.254732012] [controller_server]: Control loop missed its desired rate of 30.0000 Hz. Current loop rate is 25.0000 Hz.
[component_container_isolated-2] [WARN] [1780510634.334676284] [controller_server]: Control loop missed its desired rate of 30.0000 Hz. Current loop rate is 20.0000 Hz.
[component_container_isolated-2] [WARN] [1780510634.382535044] [planner_server]: Planner loop missed its desired rate of 999999999.0000 Hz. Current loop rate is 3.5714 Hz
[component_container_isolated-2] [INFO] [1780510634.403764083] [controller_server]: Passing new path to controller.
[robot_mission_runner-4] [INFO] [1780510634.464037389] [robot_mission_runner]: Pose: (-42.16, -11.61), Elapsed: 5s, ETA: 59s, Dist remaining: 88.20m
[component_container_isolated-2] [WARN] [1780510634.545685780] [controller_server]: Control loop missed its desired rate of 30.0000 Hz. Current loop rate is 25.0000 Hz.
[component_container_isolated-2] [WARN] [1780510634.853258716] [controller_server]: Control loop missed its desired rate of 30.0000 Hz. Current loop rate is 25.0000 Hz.
[component_container_isolated-2] [WARN] [1780510635.152308864] [controller_server]: Control loop missed its desired rate of 30.0000 Hz. Current loop rate is 14.2857 Hz.
[component_container_isolated-2] [WARN] [1780510635.261959083] [controller_server]: Control loop missed its desired rate of 30.0000 Hz. Current loop rate is 20.0000 Hz.
[component_container_isolated-2] [WARN] [1780510635.334733465] [controller_server]: Control loop missed its desired rate of 30.0000 Hz. Current loop rate is 25.0000 Hz.
[component_container_isolated-2] [WARN] [1780510635.438812356] [controller_server]: Control loop missed its desired rate of 30.0000 Hz. Current loop rate is 25.0000 Hz.
[component_container_isolated-2] [WARN] [1780510635.670704454] [planner_server]: Planner loop missed its desired rate of 999999999.0000 Hz. Current loop rate is 3.7037 Hz
[component_container_isolated-2] [INFO] [1780510635.705606763] [controller_server]: Passing new path to controller.
[component_container_isolated-2] [WARN] [1780510635.847893238] [controller_server]: Control loop missed its desired rate of 30.0000 Hz. Current loop rate is 25.0000 Hz.
[component_container_isolated-2] [WARN] [1780510635.955514553] [controller_server]: Control loop missed its desired rate of 30.0000 Hz. Current loop rate is 25.0000 Hz.
[component_container_isolated-2] [WARN] [1780510636.041179580] [controller_server]: Control loop missed its desired rate of 30.0000 Hz. Current loop rate is 20.0000 Hz.
[component_container_isolated-2] [WARN] [1780510636.653486728] [controller_server]: Control loop missed its desired rate of 30.0000 Hz. Current loop rate is 20.0000 Hz.
[component_container_isolated-2] [WARN] [1780510636.739905462] [controller_server]: Control loop missed its desired rate of 30.0000 Hz. Current loop rate is 16.6667 Hz.
[component_container_isolated-2] [WARN] [1780510636.850814168] [controller_server]: Control loop missed its desired rate of 30.0000 Hz. Current loop rate is 25.0000 Hz.
[component_container_isolated-2] [WARN] [1780510636.953626999] [controller_server]: Control loop missed its desired rate of 30.0000 Hz. Current loop rate is 25.0000 Hz.
[component_container_isolated-2] [WARN] [1780510637.035393263] [planner_server]: Planner loop missed its desired rate of 999999999.0000 Hz. Current loop rate is 2.9412 Hz
[component_container_isolated-2] [WARN] [1780510637.045605711] [controller_server]: Control loop missed its desired rate of 30.0000 Hz. Current loop rate is 16.6667 Hz.
[component_container_isolated-2] [INFO] [1780510637.079051447] [controller_server]: Passing new path to controller.
[component_container_isolated-2] [WARN] [1780510637.351028528] [controller_server]: Control loop missed its desired rate of 30.0000 Hz. Current loop rate is 33.3333 Hz.
[component_container_isolated-2] [WARN] [1780510638.156618607] [controller_server]: Control loop missed its desired rate of 30.0000 Hz. Current loop rate is 25.0000 Hz.
[component_container_isolated-2] [WARN] [1780510638.240246193] [controller_server]: Control loop missed its desired rate of 30.0000 Hz. Current loop rate is 20.0000 Hz.
[component_container_isolated-2] [WARN] [1780510638.343723835] [controller_server]: Control loop missed its desired rate of 30.0000 Hz. Current loop rate is 25.0000 Hz.
[component_container_isolated-2] [WARN] [1780510638.406545635] [planner_server]: Planner loop missed its desired rate of 999999999.0000 Hz. Current loop rate is 2.8571 Hz
[component_container_isolated-2] [INFO] [1780510638.443848857] [controller_server]: Passing new path to controller.
[component_container_isolated-2] [WARN] [1780510638.943969425] [controller_server]: Control loop missed its desired rate of 30.0000 Hz. Current loop rate is 25.0000 Hz.
[component_container_isolated-2] [WARN] [1780510639.044127928] [controller_server]: Control loop missed its desired rate of 30.0000 Hz. Current loop rate is 25.0000 Hz.
[component_container_isolated-2] [WARN] [1780510639.252606934] [controller_server]: Control loop missed its desired rate of 30.0000 Hz. Current loop rate is 20.0000 Hz.
[component_container_isolated-2] [WARN] [1780510639.364545648] [controller_server]: Control loop missed its desired rate of 30.0000 Hz. Current loop rate is 20.0000 Hz.
[component_container_isolated-2] [WARN] [1780510639.450483618] [controller_server]: Control loop missed its desired rate of 30.0000 Hz. Current loop rate is 20.0000 Hz.
[robot_mission_runner-4] [INFO] [1780510639.482848257] [robot_mission_runner]: Pose: (-42.15, -19.11), Elapsed: 10s, ETA: 53s, Dist remaining: 80.81m
[component_container_isolated-2] [WARN] [1780510639.558368861] [controller_server]: Control loop missed its desired rate of 30.0000 Hz. Current loop rate is 25.0000 Hz.
[component_container_isolated-2] [WARN] [1780510639.566287100] [planner_server]: Planner loop missed its desired rate of 999999999.0000 Hz. Current loop rate is 7.6923 Hz
[component_container_isolated-2] [INFO] [1780510639.592076206] [controller_server]: Passing new path to controller.
[component_container_isolated-2] [WARN] [1780510639.637138760] [controller_server]: Control loop missed its desired rate of 30.0000 Hz. Current loop rate is 20.0000 Hz.
[component_container_isolated-2] [WARN] [1780510639.737423430] [controller_server]: Control loop missed its desired rate of 30.0000 Hz. Current loop rate is 33.3333 Hz.
[component_container_isolated-2] [WARN] [1780510639.841494757] [controller_server]: Control loop missed its desired rate of 30.0000 Hz. Current loop rate is 33.3333 Hz.
[component_container_isolated-2] [WARN] [1780510640.243639840] [controller_server]: Control loop missed its desired rate of 30.0000 Hz. Current loop rate is 25.0000 Hz.
[component_container_isolated-2] [WARN] [1780510640.356653971] [controller_server]: Control loop missed its desired rate of 30.0000 Hz. Current loop rate is 20.0000 Hz.
[component_container_isolated-2] [WARN] [1780510640.432998554] [controller_server]: Control loop missed its desired rate of 30.0000 Hz. Current loop rate is 20.0000 Hz.
[component_container_isolated-2] [WARN] [1780510640.533364745] [controller_server]: Control loop missed its desired rate of 30.0000 Hz. Current loop rate is 25.0000 Hz.
[component_container_isolated-2] [WARN] [1780510640.650844802] [controller_server]: Control loop missed its desired rate of 30.0000 Hz. Current loop rate is 20.0000 Hz.
[component_container_isolated-2] [WARN] [1780510640.741969590] [planner_server]: Planner loop missed its desired rate of 999999999.0000 Hz. Current loop rate is 6.2500 Hz
[component_container_isolated-2] [WARN] [1780510640.752211399] [controller_server]: Control loop missed its desired rate of 30.0000 Hz. Current loop rate is 25.0000 Hz.
[component_container_isolated-2] [INFO] [1780510640.785647532] [controller_server]: Passing new path to controller.
[component_container_isolated-2] [WARN] [1780510641.152763646] [controller_server]: Control loop missed its desired rate of 30.0000 Hz. Current loop rate is 25.0000 Hz.
[component_container_isolated-2] [WARN] [1780510641.455970566] [controller_server]: Control loop missed its desired rate of 30.0000 Hz. Current loop rate is 25.0000 Hz.
[component_container_isolated-2] [WARN] [1780510641.550739075] [controller_server]: Control loop missed its desired rate of 30.0000 Hz. Current loop rate is 16.6667 Hz.
[component_container_isolated-2] [WARN] [1780510641.764036749] [controller_server]: Control loop missed its desired rate of 30.0000 Hz. Current loop rate is 20.0000 Hz.
[component_container_isolated-2] [WARN] [1780510641.842482751] [controller_server]: Control loop missed its desired rate of 30.0000 Hz. Current loop rate is 20.0000 Hz.
[component_container_isolated-2] [WARN] [1780510642.064419937] [planner_server]: Planner loop missed its desired rate of 999999999.0000 Hz. Current loop rate is 3.3333 Hz
[component_container_isolated-2] [INFO] [1780510642.109283190] [controller_server]: Passing new path to controller.
[component_container_isolated-2] [WARN] [1780510642.244248833] [controller_server]: Control loop missed its desired rate of 30.0000 Hz. Current loop rate is 25.0000 Hz.
[component_container_isolated-2] [WARN] [1780510642.458382247] [controller_server]: Control loop missed its desired rate of 30.0000 Hz. Current loop rate is 20.0000 Hz.
[component_container_isolated-2] [WARN] [1780510642.550742472] [controller_server]: Control loop missed its desired rate of 30.0000 Hz. Current loop rate is 16.6667 Hz.
[component_container_isolated-2] [WARN] [1780510642.669348017] [controller_server]: Control loop missed its desired rate of 30.0000 Hz. Current loop rate is 20.0000 Hz.
[component_container_isolated-2] [WARN] [1780510642.756435333] [controller_server]: Control loop missed its desired rate of 30.0000 Hz. Current loop rate is 20.0000 Hz.
[component_container_isolated-2] [WARN] [1780510642.845678402] [controller_server]: Control loop missed its desired rate of 30.0000 Hz. Current loop rate is 16.6667 Hz.
[component_container_isolated-2] [WARN] [1780510642.966381300] [controller_server]: Control loop missed its desired rate of 30.0000 Hz. Current loop rate is 20.0000 Hz.
[component_container_isolated-2] [WARN] [1780510643.042273475] [controller_server]: Control loop missed its desired rate of 30.0000 Hz. Current loop rate is 20.0000 Hz.
[component_container_isolated-2] [WARN] [1780510643.153663813] [controller_server]: Control loop missed its desired rate of 30.0000 Hz. Current loop rate is 20.0000 Hz.
[component_container_isolated-2] [WARN] [1780510643.249926713] [controller_server]: Control loop missed its desired rate of 30.0000 Hz. Current loop rate is 16.6667 Hz.
[component_container_isolated-2] [WARN] [1780510643.361004053] [controller_server]: Control loop missed its desired rate of 30.0000 Hz. Current loop rate is 25.0000 Hz.
[component_container_isolated-2] [WARN] [1780510643.368072261] [planner_server]: Planner loop missed its desired rate of 999999999.0000 Hz. Current loop rate is 3.4483 Hz
[component_container_isolated-2] [INFO] [1780510643.394472835] [controller_server]: Passing new path to controller.
[component_container_isolated-2] [WARN] [1780510643.438218455] [controller_server]: Control loop missed its desired rate of 30.0000 Hz. Current loop rate is 25.0000 Hz.
[component_container_isolated-2] [WARN] [1780510643.642267317] [controller_server]: Control loop missed its desired rate of 30.0000 Hz. Current loop rate is 25.0000 Hz.
[component_container_isolated-2] [WARN] [1780510643.754149473] [controller_server]: Control loop missed its desired rate of 30.0000 Hz. Current loop rate is 20.0000 Hz.
[component_container_isolated-2] [WARN] [1780510643.841383761] [controller_server]: Control loop missed its desired rate of 30.0000 Hz. Current loop rate is 20.0000 Hz.
[component_container_isolated-2] [WARN] [1780510643.946856253] [controller_server]: Control loop missed its desired rate of 30.0000 Hz. Current loop rate is 25.0000 Hz.
[component_container_isolated-2] [WARN] [1780510644.468916604] [controller_server]: Control loop missed its desired rate of 30.0000 Hz. Current loop rate is 20.0000 Hz.
[component_container_isolated-2] [WARN] [1780510644.503917803] [planner_server]: Planner loop missed its desired rate of 999999999.0000 Hz. Current loop rate is 8.3333 Hz
[robot_mission_runner-4] [INFO] [1780510644.505377303] [robot_mission_runner]: Pose: (-42.19, -26.65), Elapsed: 15s, ETA: 48s, Dist remaining: 73.19m
[component_container_isolated-2] [WARN] [1780510644.537345372] [controller_server]: Control loop missed its desired rate of 30.0000 Hz. Current loop rate is 33.3333 Hz.
[component_container_isolated-2] [INFO] [1780510644.537397854] [controller_server]: Passing new path to controller.
[component_container_isolated-2] [WARN] [1780510644.638982404] [controller_server]: Control loop missed its desired rate of 30.0000 Hz. Current loop rate is 33.3333 Hz.
[component_container_isolated-2] [WARN] [1780510644.741204505] [controller_server]: Control loop missed its desired rate of 30.0000 Hz. Current loop rate is 33.3333 Hz.
[component_container_isolated-2] [WARN] [1780510644.842216476] [controller_server]: Control loop missed its desired rate of 30.0000 Hz. Current loop rate is 25.0000 Hz.
[component_container_isolated-2] [WARN] [1780510644.943075163] [controller_server]: Control loop missed its desired rate of 30.0000 Hz. Current loop rate is 25.0000 Hz.
[component_container_isolated-2] [WARN] [1780510645.343261339] [controller_server]: Control loop missed its desired rate of 30.0000 Hz. Current loop rate is 25.0000 Hz.
[component_container_isolated-2] [WARN] [1780510645.454399122] [controller_server]: Control loop missed its desired rate of 30.0000 Hz. Current loop rate is 20.0000 Hz.
[component_container_isolated-2] [WARN] [1780510645.541987843] [controller_server]: Control loop missed its desired rate of 30.0000 Hz. Current loop rate is 14.2857 Hz.
[component_container_isolated-2] [WARN] [1780510645.632924894] [planner_server]: Planner loop missed its desired rate of 999999999.0000 Hz. Current loop rate is 9.0909 Hz
[component_container_isolated-2] [WARN] [1780510645.657805561] [controller_server]: Control loop missed its desired rate of 30.0000 Hz. Current loop rate is 20.0000 Hz.
[component_container_isolated-2] [INFO] [1780510645.657866941] [controller_server]: Passing new path to controller.
[component_container_isolated-2] [WARN] [1780510645.749499939] [controller_server]: Control loop missed its desired rate of 30.0000 Hz. Current loop rate is 16.6667 Hz.
[component_container_isolated-2] [WARN] [1780510646.363220873] [controller_server]: Control loop missed its desired rate of 30.0000 Hz. Current loop rate is 20.0000 Hz.
[component_container_isolated-2] [WARN] [1780510646.438414710] [controller_server]: Control loop missed its desired rate of 30.0000 Hz. Current loop rate is 25.0000 Hz.
[component_container_isolated-2] [WARN] [1780510646.838707204] [controller_server]: Control loop missed its desired rate of 30.0000 Hz. Current loop rate is 33.3333 Hz.
[component_container_isolated-2] [WARN] [1780510646.849531814] [planner_server]: Planner loop missed its desired rate of 999999999.0000 Hz. Current loop rate is 5.2632 Hz
[component_container_isolated-2] [INFO] [1780510646.872149160] [controller_server]: Passing new path to controller.
[component_container_isolated-2] [WARN] [1780510647.143452605] [controller_server]: Control loop missed its desired rate of 30.0000 Hz. Current loop rate is 25.0000 Hz.
[component_container_isolated-2] [WARN] [1780510647.344567104] [controller_server]: Control loop missed its desired rate of 30.0000 Hz. Current loop rate is 25.0000 Hz.
[component_container_isolated-2] [WARN] [1780510647.447368585] [controller_server]: Control loop missed its desired rate of 30.0000 Hz. Current loop rate is 33.3333 Hz.
[component_container_isolated-2] [WARN] [1780510647.562617941] [controller_server]: Control loop missed its desired rate of 30.0000 Hz. Current loop rate is 16.6667 Hz.
[component_container_isolated-2] [WARN] [1780510647.633723153] [controller_server]: Control loop missed its desired rate of 30.0000 Hz. Current loop rate is 25.0000 Hz.
[component_container_isolated-2] [WARN] [1780510647.834074443] [controller_server]: Control loop missed its desired rate of 30.0000 Hz. Current loop rate is 25.0000 Hz.
[component_container_isolated-2] [WARN] [1780510647.935025989] [controller_server]: Control loop missed its desired rate of 30.0000 Hz. Current loop rate is 25.0000 Hz.
[component_container_isolated-2] [WARN] [1780510648.053111246] [controller_server]: Control loop missed its desired rate of 30.0000 Hz. Current loop rate is 20.0000 Hz.
[component_container_isolated-2] [WARN] [1780510648.071854050] [planner_server]: Planner loop missed its desired rate of 999999999.0000 Hz. Current loop rate is 5.0000 Hz
[component_container_isolated-2] [INFO] [1780510648.119895670] [controller_server]: Passing new path to controller.
[component_container_isolated-2] [WARN] [1780510648.156969365] [controller_server]: Control loop missed its desired rate of 30.0000 Hz. Current loop rate is 25.0000 Hz.
[component_container_isolated-2] [WARN] [1780510648.254257147] [controller_server]: Control loop missed its desired rate of 30.0000 Hz. Current loop rate is 14.2857 Hz.
[component_container_isolated-2] [WARN] [1780510648.354953020] [controller_server]: Control loop missed its desired rate of 30.0000 Hz. Current loop rate is 14.2857 Hz.
[component_container_isolated-2] [WARN] [1780510648.445049976] [controller_server]: Control loop missed its desired rate of 30.0000 Hz. Current loop rate is 16.6667 Hz.
[component_container_isolated-2] [WARN] [1780510648.557617991] [controller_server]: Control loop missed its desired rate of 30.0000 Hz. Current loop rate is 25.0000 Hz.
[component_container_isolated-2] [WARN] [1780510648.654136256] [controller_server]: Control loop missed its desired rate of 30.0000 Hz. Current loop rate is 14.2857 Hz.
[component_container_isolated-2] [WARN] [1780510648.747069902] [controller_server]: Control loop missed its desired rate of 30.0000 Hz. Current loop rate is 20.0000 Hz.
[component_container_isolated-2] [WARN] [1780510648.856162900] [controller_server]: Control loop missed its desired rate of 30.0000 Hz. Current loop rate is 25.0000 Hz.
[component_container_isolated-2] [WARN] [1780510649.042248284] [controller_server]: Control loop missed its desired rate of 30.0000 Hz. Current loop rate is 16.6667 Hz.
[component_container_isolated-2] [WARN] [1780510649.144107304] [controller_server]: Control loop missed its desired rate of 30.0000 Hz. Current loop rate is 33.3333 Hz.
[component_container_isolated-2] [WARN] [1780510649.232708413] [planner_server]: Planner loop missed its desired rate of 999999999.0000 Hz. Current loop rate is 6.6667 Hz
[component_container_isolated-2] [WARN] [1780510649.249836209] [controller_server]: Control loop missed its desired rate of 30.0000 Hz. Current loop rate is 25.0000 Hz.
[component_container_isolated-2] [INFO] [1780510649.249881597] [controller_server]: Passing new path to controller.
[robot_mission_runner-4] [INFO] [1780510649.522070745] [robot_mission_runner]: Pose: (-42.37, -34.14), Elapsed: 20s, ETA: 43s, Dist remaining: 65.13m
[component_container_isolated-2] [WARN] [1780510649.663975290] [controller_server]: Control loop missed its desired rate of 30.0000 Hz. Current loop rate is 20.0000 Hz.
[component_container_isolated-2] [WARN] [1780510649.745271286] [controller_server]: Control loop missed its desired rate of 30.0000 Hz. Current loop rate is 20.0000 Hz.
[component_container_isolated-2] [WARN] [1780510650.051696493] [controller_server]: Control loop missed its desired rate of 30.0000 Hz. Current loop rate is 25.0000 Hz.
[component_container_isolated-2] [WARN] [1780510650.252309316] [controller_server]: Control loop missed its desired rate of 30.0000 Hz. Current loop rate is 33.3333 Hz.
[component_container_isolated-2] [WARN] [1780510650.359730719] [controller_server]: Control loop missed its desired rate of 30.0000 Hz. Current loop rate is 25.0000 Hz.
[component_container_isolated-2] [WARN] [1780510650.448847074] [controller_server]: Control loop missed its desired rate of 30.0000 Hz. Current loop rate is 16.6667 Hz.
[component_container_isolated-2] [WARN] [1780510650.551794342] [planner_server]: Planner loop missed its desired rate of 999999999.0000 Hz. Current loop rate is 3.3333 Hz
[component_container_isolated-2] [WARN] [1780510650.557145486] [controller_server]: Control loop missed its desired rate of 30.0000 Hz. Current loop rate is 20.0000 Hz.
[component_container_isolated-2] [INFO] [1780510650.590609936] [controller_server]: Passing new path to controller.
[component_container_isolated-2] [WARN] [1780510650.645451479] [controller_server]: Control loop missed its desired rate of 30.0000 Hz. Current loop rate is 16.6667 Hz.
[component_container_isolated-2] [WARN] [1780510650.759996863] [controller_server]: Control loop missed its desired rate of 30.0000 Hz. Current loop rate is 16.6667 Hz.
[component_container_isolated-2] [WARN] [1780510650.846232738] [controller_server]: Control loop missed its desired rate of 30.0000 Hz. Current loop rate is 16.6667 Hz.
[component_container_isolated-2] [WARN] [1780510650.954664912] [controller_server]: Control loop missed its desired rate of 30.0000 Hz. Current loop rate is 25.0000 Hz.
[component_container_isolated-2] [WARN] [1780510651.049793204] [controller_server]: Control loop missed its desired rate of 30.0000 Hz. Current loop rate is 14.2857 Hz.
[component_container_isolated-2] [WARN] [1780510651.350094240] [controller_server]: Control loop missed its desired rate of 30.0000 Hz. Current loop rate is 25.0000 Hz.
[component_container_isolated-2] [WARN] [1780510651.451639919] [controller_server]: Control loop missed its desired rate of 30.0000 Hz. Current loop rate is 33.3333 Hz.
[component_container_isolated-2] [WARN] [1780510651.657254507] [controller_server]: Control loop missed its desired rate of 30.0000 Hz. Current loop rate is 25.0000 Hz.
[component_container_isolated-2] [WARN] [1780510651.724602948] [controller_server]: Control loop missed its desired rate of 30.0000 Hz. Current loop rate is 50.0000 Hz.
[component_container_isolated-2] [WARN] [1780510651.829247058] [planner_server]: Planner loop missed its desired rate of 999999999.0000 Hz. Current loop rate is 3.8462 Hz
[component_container_isolated-2] [WARN] [1780510651.838250366] [controller_server]: Control loop missed its desired rate of 30.0000 Hz. Current loop rate is 25.0000 Hz.
[component_container_isolated-2] [INFO] [1780510651.871716917] [controller_server]: Passing new path to controller.
[component_container_isolated-2] [WARN] [1780510651.942901650] [controller_server]: Control loop missed its desired rate of 30.0000 Hz. Current loop rate is 20.0000 Hz.
[component_container_isolated-2] [WARN] [1780510652.938519589] [planner_server]: Planner loop missed its desired rate of 999999999.0000 Hz. Current loop rate is 12.5000 Hz
[component_container_isolated-2] [INFO] [1780510652.976428650] [controller_server]: Passing new path to controller.
[component_container_isolated-2] [WARN] [1780510653.344278888] [controller_server]: Control loop missed its desired rate of 30.0000 Hz. Current loop rate is 25.0000 Hz.
[component_container_isolated-2] [WARN] [1780510653.948027611] [controller_server]: Control loop missed its desired rate of 30.0000 Hz. Current loop rate is 25.0000 Hz.
[component_container_isolated-2] [WARN] [1780510654.049185685] [controller_server]: Control loop missed its desired rate of 30.0000 Hz. Current loop rate is 25.0000 Hz.
[component_container_isolated-2] [WARN] [1780510654.114092780] [planner_server]: Planner loop missed its desired rate of 999999999.0000 Hz. Current loop rate is 6.2500 Hz
[component_container_isolated-2] [INFO] [1780510654.149307229] [controller_server]: Passing new path to controller.
[robot_mission_runner-4] [INFO] [1780510654.546134682] [robot_mission_runner]: Pose: (-42.38, -41.66), Elapsed: 25s, ETA: 38s, Dist remaining: 57.60m
[component_container_isolated-2] [WARN] [1780510654.649325059] [controller_server]: Control loop missed its desired rate of 30.0000 Hz. Current loop rate is 25.0000 Hz.
[component_container_isolated-2] [WARN] [1780510655.253901767] [controller_server]: Control loop missed its desired rate of 30.0000 Hz. Current loop rate is 25.0000 Hz.
[component_container_isolated-2] [WARN] [1780510655.337981100] [controller_server]: Control loop missed its desired rate of 30.0000 Hz. Current loop rate is 20.0000 Hz.
[component_container_isolated-2] [WARN] [1780510655.339644608] [planner_server]: Planner loop missed its desired rate of 999999999.0000 Hz. Current loop rate is 5.0000 Hz
[component_container_isolated-2] [INFO] [1780510655.371443251] [controller_server]: Passing new path to controller.
[component_container_isolated-2] [WARN] [1780510656.416452860] [planner_server]: Planner loop missed its desired rate of 999999999.0000 Hz. Current loop rate is 16.6667 Hz
[component_container_isolated-2] [INFO] [1780510656.438127536] [controller_server]: Passing new path to controller.
[component_container_isolated-2] [WARN] [1780510656.741487888] [controller_server]: Control loop missed its desired rate of 30.0000 Hz. Current loop rate is 25.0000 Hz.
[component_container_isolated-2] [WARN] [1780510657.242252640] [controller_server]: Control loop missed its desired rate of 30.0000 Hz. Current loop rate is 25.0000 Hz.
[component_container_isolated-2] [WARN] [1780510657.627211115] [planner_server]: Planner loop missed its desired rate of 999999999.0000 Hz. Current loop rate is 5.2632 Hz
[component_container_isolated-2] [INFO] [1780510657.675744538] [controller_server]: Passing new path to controller.
[component_container_isolated-2] [WARN] [1780510658.547833751] [controller_server]: Control loop missed its desired rate of 30.0000 Hz. Current loop rate is 33.3333 Hz.
[component_container_isolated-2] [WARN] [1780510659.378778202] [planner_server]: Planner loop missed its desired rate of 999999999.0000 Hz. Current loop rate is 1.4085 Hz
[component_container_isolated-2] [INFO] [1780510659.414645497] [controller_server]: Passing new path to controller.
[robot_mission_runner-4] [INFO] [1780510659.770676373] [robot_mission_runner]: Pose: (-40.53, -48.86), Elapsed: 30s, ETA: 33s, Dist remaining: 49.97m
[component_container_isolated-2] [WARN] [1780510660.675394600] [planner_server]: Planner loop missed its desired rate of 999999999.0000 Hz. Current loop rate is 3.5714 Hz
[component_container_isolated-2] [INFO] [1780510660.714649330] [controller_server]: Passing new path to controller.
[component_container_isolated-2] [WARN] [1780510661.814893813] [planner_server]: Planner loop missed its desired rate of 999999999.0000 Hz. Current loop rate is 8.3333 Hz
[component_container_isolated-2] [INFO] [1780510661.847982918] [controller_server]: Passing new path to controller.
[component_container_isolated-2] [WARN] [1780510663.056156149] [planner_server]: Planner loop missed its desired rate of 999999999.0000 Hz. Current loop rate is 4.3478 Hz
[component_container_isolated-2] [INFO] [1780510663.081346137] [controller_server]: Passing new path to controller.
[component_container_isolated-2] [WARN] [1780510664.382893506] [planner_server]: Planner loop missed its desired rate of 999999999.0000 Hz. Current loop rate is 3.2258 Hz
[component_container_isolated-2] [INFO] [1780510664.414652929] [controller_server]: Passing new path to controller.
[robot_mission_runner-4] [INFO] [1780510664.792098850] [robot_mission_runner]: Pose: (-33.35, -50.31), Elapsed: 35s, ETA: 28s, Dist remaining: 42.73m
[component_container_isolated-2] [WARN] [1780510665.551883951] [planner_server]: Planner loop missed its desired rate of 999999999.0000 Hz. Current loop rate is 7.1429 Hz
[component_container_isolated-2] [INFO] [1780510665.581317700] [controller_server]: Passing new path to controller.
[component_container_isolated-2] [WARN] [1780510666.804715090] [planner_server]: Planner loop missed its desired rate of 999999999.0000 Hz. Current loop rate is 4.0000 Hz
[component_container_isolated-2] [INFO] [1780510666.847976248] [controller_server]: Passing new path to controller.
[component_container_isolated-2] [WARN] [1780510668.027966212] [planner_server]: Planner loop missed its desired rate of 999999999.0000 Hz. Current loop rate is 4.7619 Hz
[component_container_isolated-2] [INFO] [1780510668.047978611] [controller_server]: Passing new path to controller.
[component_container_isolated-2] [WARN] [1780510669.387164816] [planner_server]: Planner loop missed its desired rate of 999999999.0000 Hz. Current loop rate is 3.0303 Hz
[component_container_isolated-2] [INFO] [1780510669.414710566] [controller_server]: Passing new path to controller.
[robot_mission_runner-4] [INFO] [1780510669.814191313] [robot_mission_runner]: Pose: (-25.86, -50.31), Elapsed: 40s, ETA: 23s, Dist remaining: 35.15m
[component_container_isolated-2] [WARN] [1780510670.531742511] [planner_server]: Planner loop missed its desired rate of 999999999.0000 Hz. Current loop rate is 7.6923 Hz
[component_container_isolated-2] [INFO] [1780510670.547975709] [controller_server]: Passing new path to controller.
[component_container_isolated-2] [WARN] [1780510671.713618620] [planner_server]: Planner loop missed its desired rate of 999999999.0000 Hz. Current loop rate is 6.2500 Hz
[component_container_isolated-2] [INFO] [1780510671.748383467] [controller_server]: Passing new path to controller.
[component_container_isolated-2] [WARN] [1780510672.952501652] [planner_server]: Planner loop missed its desired rate of 999999999.0000 Hz. Current loop rate is 4.3478 Hz
[component_container_isolated-2] [INFO] [1780510672.981322878] [controller_server]: Passing new path to controller.
[component_container_isolated-2] [WARN] [1780510674.134528794] [planner_server]: Planner loop missed its desired rate of 999999999.0000 Hz. Current loop rate is 5.8824 Hz
[component_container_isolated-2] [INFO] [1780510674.147980593] [controller_server]: Passing new path to controller.
[robot_mission_runner-4] [INFO] [1780510674.841219182] [robot_mission_runner]: Pose: (-18.31, -50.37), Elapsed: 45s, ETA: 18s, Dist remaining: 27.65m
[component_container_isolated-2] [WARN] [1780510675.481730710] [planner_server]: Planner loop missed its desired rate of 999999999.0000 Hz. Current loop rate is 3.0303 Hz
[component_container_isolated-2] [INFO] [1780510675.514639308] [controller_server]: Passing new path to controller.
[component_container_isolated-2] [WARN] [1780510676.515917213] [planner_server]: Planner loop missed its desired rate of 999999999.0000 Hz. Current loop rate is 100.0000 Hz
[component_container_isolated-2] [INFO] [1780510676.547973605] [controller_server]: Passing new path to controller.
[vlm_node-3] [WARN] [1780510676.650385411] [vlm_node]: VLM request failed on attempt 1: Connection error.
[vlm_node-3] [INFO] [1780510676.652772555] [vlm_node]: VLM_QUERY|QueryBool|error|61.30|1|Connection error.
[component_container_isolated-2] [WARN] [1780510677.555792775] [planner_server]: Planner loop missed its desired rate of 999999999.0000 Hz. Current loop rate is 100.0000 Hz
[component_container_isolated-2] [INFO] [1780510677.581308195] [controller_server]: Passing new path to controller.
[component_container_isolated-2] [WARN] [1780510678.575583714] [planner_server]: Planner loop missed its desired rate of 999999999.0000 Hz. Current loop rate is 100.0000 Hz
[component_container_isolated-2] [INFO] [1780510678.581307106] [controller_server]: Passing new path to controller.
[component_container_isolated-2] [WARN] [1780510679.595713166] [planner_server]: Planner loop missed its desired rate of 999999999.0000 Hz. Current loop rate is 100.0000 Hz
[component_container_isolated-2] [INFO] [1780510679.614641777] [controller_server]: Passing new path to controller.
[robot_mission_runner-4] [INFO] [1780510679.860036456] [robot_mission_runner]: Pose: (-10.85, -50.88), Elapsed: 50s, ETA: 13s, Dist remaining: 20.14m
[component_container_isolated-2] [WARN] [1780510680.049354464] [controller_server]: Control loop missed its desired rate of 30.0000 Hz. Current loop rate is 33.3333 Hz.
[component_container_isolated-2] [WARN] [1780510680.149865163] [controller_server]: Control loop missed its desired rate of 30.0000 Hz. Current loop rate is 33.3333 Hz.
[component_container_isolated-2] [WARN] [1780510680.616491846] [planner_server]: Planner loop missed its desired rate of 999999999.0000 Hz. Current loop rate is 100.0000 Hz
[component_container_isolated-2] [INFO] [1780510680.649992110] [controller_server]: Passing new path to controller.
[component_container_isolated-2] [WARN] [1780510681.655930173] [planner_server]: Planner loop missed its desired rate of 999999999.0000 Hz. Current loop rate is 100.0000 Hz
[component_container_isolated-2] [INFO] [1780510681.683332601] [controller_server]: Passing new path to controller.
[component_container_isolated-2] [WARN] [1780510682.684211107] [planner_server]: Planner loop missed its desired rate of 999999999.0000 Hz. Current loop rate is 50.0000 Hz
[component_container_isolated-2] [INFO] [1780510682.716659088] [controller_server]: Passing new path to controller.
[component_container_isolated-2] [INFO] [1780510683.749993779] [controller_server]: Passing new path to controller.
[component_container_isolated-2] [INFO] [1780510684.749998825] [controller_server]: Passing new path to controller.
[robot_mission_runner-4] [INFO] [1780510684.881894442] [robot_mission_runner]: Pose: (-3.44, -51.50), Elapsed: 55s, ETA: 8s, Dist remaining: 12.68m
[component_container_isolated-2] [WARN] [1780510685.358895898] [controller_server]: Control loop missed its desired rate of 30.0000 Hz. Current loop rate is 20.0000 Hz.
[component_container_isolated-2] [WARN] [1780510685.425947125] [controller_server]: Control loop missed its desired rate of 30.0000 Hz. Current loop rate is 33.3333 Hz.
[component_container_isolated-2] [WARN] [1780510685.534809815] [controller_server]: Control loop missed its desired rate of 30.0000 Hz. Current loop rate is 20.0000 Hz.
[component_container_isolated-2] [WARN] [1780510685.637180280] [controller_server]: Control loop missed its desired rate of 30.0000 Hz. Current loop rate is 25.0000 Hz.
[component_container_isolated-2] [WARN] [1780510685.813419322] [planner_server]: Planner loop missed its desired rate of 999999999.0000 Hz. Current loop rate is 16.6667 Hz
[component_container_isolated-2] [INFO] [1780510685.837856195] [controller_server]: Passing new path to controller.
[component_container_isolated-2] [WARN] [1780510686.831141934] [planner_server]: Planner loop missed its desired rate of 999999999.0000 Hz. Current loop rate is 100.0000 Hz
[component_container_isolated-2] [INFO] [1780510686.837857227] [controller_server]: Passing new path to controller.
[component_container_isolated-2] [WARN] [1780510687.850495592] [planner_server]: Planner loop missed its desired rate of 999999999.0000 Hz. Current loop rate is 100.0000 Hz
[component_container_isolated-2] [INFO] [1780510687.871200755] [controller_server]: Passing new path to controller.
[component_container_isolated-2] [WARN] [1780510687.948130288] [controller_server]: Control loop missed its desired rate of 30.0000 Hz. Current loop rate is 20.0000 Hz.
[component_container_isolated-2] [WARN] [1780510688.149484876] [controller_server]: Control loop missed its desired rate of 30.0000 Hz. Current loop rate is 25.0000 Hz.
[component_container_isolated-2] [WARN] [1780510688.250574947] [controller_server]: Control loop missed its desired rate of 30.0000 Hz. Current loop rate is 25.0000 Hz.
[component_container_isolated-2] [WARN] [1780510688.353380218] [controller_server]: Control loop missed its desired rate of 30.0000 Hz. Current loop rate is 33.3333 Hz.
[component_container_isolated-2] [WARN] [1780510688.441093739] [controller_server]: Control loop missed its desired rate of 30.0000 Hz. Current loop rate is 16.6667 Hz.
[component_container_isolated-2] [WARN] [1780510688.544028265] [controller_server]: Control loop missed its desired rate of 30.0000 Hz. Current loop rate is 25.0000 Hz.
[component_container_isolated-2] [WARN] [1780510688.648438708] [controller_server]: Control loop missed its desired rate of 30.0000 Hz. Current loop rate is 25.0000 Hz.
[component_container_isolated-2] [WARN] [1780510688.760171761] [controller_server]: Control loop missed its desired rate of 30.0000 Hz. Current loop rate is 20.0000 Hz.
[component_container_isolated-2] [WARN] [1780510688.849217098] [controller_server]: Control loop missed its desired rate of 30.0000 Hz. Current loop rate is 16.6667 Hz.
[component_container_isolated-2] [WARN] [1780510688.871096040] [planner_server]: Planner loop missed its desired rate of 999999999.0000 Hz. Current loop rate is 100.0000 Hz
[component_container_isolated-2] [INFO] [1780510688.916036493] [controller_server]: Passing new path to controller.
[component_container_isolated-2] [WARN] [1780510688.957447403] [controller_server]: Control loop missed its desired rate of 30.0000 Hz. Current loop rate is 25.0000 Hz.
[component_container_isolated-2] [WARN] [1780510689.036484368] [controller_server]: Control loop missed its desired rate of 30.0000 Hz. Current loop rate is 25.0000 Hz.
[component_container_isolated-2] [WARN] [1780510689.139549133] [controller_server]: Control loop missed its desired rate of 30.0000 Hz. Current loop rate is 25.0000 Hz.
[component_container_isolated-2] [WARN] [1780510689.347345811] [controller_server]: Control loop missed its desired rate of 30.0000 Hz. Current loop rate is 25.0000 Hz.
[component_container_isolated-2] [WARN] [1780510689.459477378] [controller_server]: Control loop missed its desired rate of 30.0000 Hz. Current loop rate is 20.0000 Hz.
[component_container_isolated-2] [WARN] [1780510689.538913828] [controller_server]: Control loop missed its desired rate of 30.0000 Hz. Current loop rate is 20.0000 Hz.
[vlm_node-3] [WARN] [1780510689.614640709] [vlm_node]: VLM request failed on attempt 1: Connection error.
[vlm_node-3] [INFO] [1780510689.617169639] [vlm_node]: VLM_QUERY|QueryBool|error|60.27|1|Connection error.
[vlm_node-3] [INFO] [1780510689.639690709] [vlm_node]: Goal received with prompt: Is this space too crowded by people or working machinery to move though safely? If so, respond only yes. Otherwise respond no.
[component_container_isolated-2] [WARN] [1780510689.654322529] [controller_server]: Control loop missed its desired rate of 30.0000 Hz. Current loop rate is 16.6667 Hz.
[component_container_isolated-2] [WARN] [1780510689.734149655] [controller_server]: Control loop missed its desired rate of 30.0000 Hz. Current loop rate is 20.0000 Hz.
[component_container_isolated-2] [WARN] [1780510689.843394113] [controller_server]: Control loop missed its desired rate of 30.0000 Hz. Current loop rate is 20.0000 Hz.
[component_container_isolated-2] [INFO] [1780510689.944200166] [controller_server]: Passing new path to controller.
[robot_mission_runner-4] [INFO] [1780510690.104174468] [robot_mission_runner]: Pose: (2.19, -56.87), Elapsed: 60s, ETA: 3s, Dist remaining: 4.86m
[WARNING] [launch]: user interrupted with ctrl-c (SIGINT)
[INFO] [robot_mission_runner-4]: sending signal 'SIGINT' to process[robot_mission_runner-4]
[INFO] [vlm_node-3]: sending signal 'SIGINT' to process[vlm_node-3]
[INFO] [component_container_isolated-2]: sending signal 'SIGINT' to process[component_container_isolated-2]
[INFO] [laserscan_merger.py-1]: sending signal 'SIGINT' to process[laserscan_merger.py-1]
[component_container_isolated-2] [WARN] [1780510690.353369197] [controller_server]: Control loop missed its desired rate of 30.0000 Hz. Current loop rate is 25.0000 Hz.
[component_container_isolated-2] [WARN] [1780510690.472297107] [controller_server]: Control loop missed its desired rate of 30.0000 Hz. Current loop rate is 20.0000 Hz.
[component_container_isolated-2] [WARN] [1780510690.556175474] [controller_server]: Control loop missed its desired rate of 30.0000 Hz. Current loop rate is 20.0000 Hz.
[component_container_isolated-2] [WARN] [1780510690.634973882] [controller_server]: Control loop missed its desired rate of 30.0000 Hz. Current loop rate is 25.0000 Hz.
[component_container_isolated-2] [WARN] [1780510690.751506713] [controller_server]: Control loop missed its desired rate of 30.0000 Hz. Current loop rate is 16.6667 Hz.
[component_container_isolated-2] [WARN] [1780510690.860020900] [controller_server]: Control loop missed its desired rate of 30.0000 Hz. Current loop rate is 20.0000 Hz.
[component_container_isolated-2] [WARN] [1780510690.929204274] [planner_server]: Planner loop missed its desired rate of 999999999.0000 Hz. Current loop rate is 100.0000 Hz
[component_container_isolated-2] [WARN] [1780510690.938672728] [controller_server]: Control loop missed its desired rate of 30.0000 Hz. Current loop rate is 20.0000 Hz.
[component_container_isolated-2] [INFO] [1780510690.972124214] [controller_server]: Passing new path to controller.
[component_container_isolated-2] [WARN] [1780510691.056573025] [controller_server]: Control loop missed its desired rate of 30.0000 Hz. Current loop rate is 20.0000 Hz.
[component_container_isolated-2] [WARN] [1780510691.144267462] [controller_server]: Control loop missed its desired rate of 30.0000 Hz. Current loop rate is 20.0000 Hz.
[component_container_isolated-2] [WARN] [1780510691.258166983] [controller_server]: Control loop missed its desired rate of 30.0000 Hz. Current loop rate is 16.6667 Hz.
[component_container_isolated-2] [WARN] [1780510691.350395505] [controller_server]: Control loop missed its desired rate of 30.0000 Hz. Current loop rate is 16.6667 Hz.
[vlm_node-3] [WARN] [1780510691.052426661] [vlm_node]: VLM request failed on attempt 1: Connection error.
[vlm_node-3] [INFO] [1780510691.053198230] [vlm_node]: VLM_QUERY|QueryBool|error|1.41|1|Connection error.
[vlm_node-3] [INFO] [1780510691.069979278] [vlm_node]: Goal received with prompt: Are there any people visible in this scene? If so, respond only yes. Otherwise respond no.
[robot_mission_runner-4] Traceback (most recent call last):
[robot_mission_runner-4]   File "/root/ws/install/opennav_benchmark_mission_dispatcher/lib/opennav_benchmark_mission_dispatcher/robot_mission_runner", line 33, in <module>
[robot_mission_runner-4]     sys.exit(load_entry_point('opennav-benchmark-mission-dispatcher', 'console_scripts', 'robot_mission_runner')())
[robot_mission_runner-4]              ^^^^^^^^^^^^^^^^^^^^^^^^^^^^^^^^^^^^^^^^^^^^^^^^^^^^^^^^^^^^^^^^^^^^^^^^^^^^^^^^^^^^^^^^^^^^^^^^^^^^^
[robot_mission_runner-4]   File "/root/ws/build/opennav_benchmark_mission_dispatcher/opennav_benchmark_mission_dispatcher/robot_mission_runner.py", line 209, in main
[robot_mission_runner-4]     node.run()
[robot_mission_runner-4]   File "/root/ws/build/opennav_benchmark_mission_dispatcher/opennav_benchmark_mission_dispatcher/robot_mission_runner.py", line 194, in run
[robot_mission_runner-4]     if not self.runMission():
[robot_mission_runner-4]            ^^^^^^^^^^^^^^^^^
[robot_mission_runner-4]   File "/root/ws/build/opennav_benchmark_mission_dispatcher/opennav_benchmark_mission_dispatcher/robot_mission_runner.py", line 155, in runMission
[robot_mission_runner-4]     if not self.navigateWithRetries(pick_wp, 'Navigating to pick'):
[robot_mission_runner-4]            ^^^^^^^^^^^^^^^^^^^^^^^^^^^^^^^^^^^^^^^^^^^^^^^^^^^^^^^
[robot_mission_runner-4]   File "/root/ws/build/opennav_benchmark_mission_dispatcher/opennav_benchmark_mission_dispatcher/robot_mission_runner.py", line 137, in navigateWithRetries
[robot_mission_runner-4]     if self.navigateToWaypoint(wp):
[robot_mission_runner-4]        ^^^^^^^^^^^^^^^^^^^^^^^^^^^
[robot_mission_runner-4]   File "/root/ws/build/opennav_benchmark_mission_dispatcher/opennav_benchmark_mission_dispatcher/robot_mission_runner.py", line 121, in navigateToWaypoint
[robot_mission_runner-4]     time.sleep(0.1)
[robot_mission_runner-4] KeyboardInterrupt
[component_container_isolated-2] [INFO] [1780510691.398864226] [rclcpp]: signal_handler(SIGINT/SIGTERM)
[component_container_isolated-2] [INFO] [1780510691.398951253] [map_server]: Running Nav2 LifecycleNode rcl preshutdown (map_server)
[component_container_isolated-2] [INFO] [1780510691.399088983] [map_server]: Deactivating
[component_container_isolated-2] [INFO] [1780510691.399110428] [map_server]: Destroying bond (map_server) to lifecycle manager.
[laserscan_merger.py-1] Traceback (most recent call last):
[laserscan_merger.py-1]   File "/root/ws/install/opennav_benchmark_nav2/lib/opennav_benchmark_nav2/laserscan_merger.py", line 161, in <module>
[laserscan_merger.py-1]     main()
[laserscan_merger.py-1]   File "/root/ws/install/opennav_benchmark_nav2/lib/opennav_benchmark_nav2/laserscan_merger.py", line 155, in main
[laserscan_merger.py-1]     rclpy.spin(node)
[laserscan_merger.py-1]   File "/opt/ros/jazzy/lib/python3.12/site-packages/rclpy/__init__.py", line 247, in spin
[laserscan_merger.py-1]     executor.spin_once()
[laserscan_merger.py-1]   File "/opt/ros/jazzy/lib/python3.12/site-packages/rclpy/executors.py", line 926, in spin_once
[laserscan_merger.py-1]     self._spin_once_impl(timeout_sec)
[laserscan_merger.py-1]   File "/opt/ros/jazzy/lib/python3.12/site-packages/rclpy/executors.py", line 907, in _spin_once_impl
[laserscan_merger.py-1]     handler, entity, node = self.wait_for_ready_callbacks(
[laserscan_merger.py-1]                             ^^^^^^^^^^^^^^^^^^^^^^^^^^^^^^
[laserscan_merger.py-1]   File "/opt/ros/jazzy/lib/python3.12/site-packages/rclpy/executors.py", line 877, in wait_for_ready_callbacks
[laserscan_merger.py-1]     return next(self._cb_iter)
[laserscan_merger.py-1]            ^^^^^^^^^^^^^^^^^^^
[laserscan_merger.py-1]   File "/opt/ros/jazzy/lib/python3.12/site-packages/rclpy/executors.py", line 781, in _wait_for_ready_callbacks
[laserscan_merger.py-1]     wait_set.wait(timeout_nsec)
[laserscan_merger.py-1] KeyboardInterrupt
[component_container_isolated-2] [INFO] [1780510691.409479921] [map_server]: Cleaning up
[component_container_isolated-2] [INFO] [1780510691.409573042] [map_server]: Destroying bond (map_server) to lifecycle manager.
[component_container_isolated-2] [INFO] [1780510691.409589569] [amcl]: Running Nav2 LifecycleNode rcl preshutdown (amcl)
[component_container_isolated-2] [INFO] [1780510691.409619957] [amcl]: Deactivating
[component_container_isolated-2] [INFO] [1780510691.409648180] [amcl]: Destroying bond (amcl) to lifecycle manager.
[component_container_isolated-2] [INFO] [1780510691.419919795] [amcl]: Cleaning up
[component_container_isolated-2] [INFO] [1780510691.423985400] [amcl]: Destroying bond (amcl) to lifecycle manager.
[component_container_isolated-2] [INFO] [1780510691.424039345] [lifecycle_manager_localization]: Running Nav2 LifecycleManager rcl preshutdown (lifecycle_manager_localization)
[component_container_isolated-2] [INFO] [1780510691.424067251] [lifecycle_manager_localization]: [34m[1mTerminating bond timer...[0m[0m
[component_container_isolated-2] [INFO] [1780510691.455114150] [controller_server]: Running Nav2 LifecycleNode rcl preshutdown (controller_server)
[component_container_isolated-2] [INFO] [1780510691.455215983] [controller_server]: Deactivating
[component_container_isolated-2] [WARN] [1780510691.455237427] [controller_server]: [follow_path] [ActionServer] Requested to deactivate server but goal is still executing. Should check if action server is running before deactivating.
[component_container_isolated-2] [WARN] [1780510691.474590811] [controller_server]: Control loop missed its desired rate of 30.0000 Hz. Current loop rate is 16.6667 Hz.
[component_container_isolated-2] [WARN] [1780510691.474664598] [controller_server]: [follow_path] [ActionServer] Stopping the thread per request.
[component_container_isolated-2] [WARN] [1780510691.474682922] [controller_server]: [follow_path] [ActionServer] Aborting handle.
[component_container_isolated-2] [INFO] [1780510691.475073808] [MPPIController]: Deactivated MPPI Controller: FollowPath
[component_container_isolated-2] [INFO] [1780510691.475126466] [local_costmap.local_costmap]: Deactivating
[component_container_isolated-2] [INFO] [1780510691.475173827] [local_costmap.local_costmap]: stvl_layer was deactivated.
[component_container_isolated-2] [INFO] [1780510691.487329124] [controller_server]: Destroying bond (controller_server) to lifecycle manager.
[component_container_isolated-2] [INFO] [1780510691.497625590] [controller_server]: Cleaning up
[component_container_isolated-2] [INFO] [1780510691.503810684] [MPPIController]: Cleaned up MPPI Controller: FollowPath
[component_container_isolated-2] [ERROR] [1780510691.506230151] [bt_navigator_navigate_to_pose_rclcpp_node]: Failed to cancel action server for vlm_node/query_bool
[component_container_isolated-2] [INFO] [1780510691.507575772] [local_costmap.local_costmap]: Cleaning up
[component_container_isolated-2] [ERROR] [1780510691.526381929] [bt_navigator_navigate_to_pose_rclcpp_node]: Failed to get result for vlm_node/query_bool in node halt!
[component_container_isolated-2] [WARN] [1780510691.526630029] [bt_navigator]: [navigate_to_pose] [ActionServer] Aborting handle.
[component_container_isolated-2] [ERROR] [1780510691.526846482] [bt_navigator]: Goal failed
[component_container_isolated-2] [INFO] [1780510691.575143933] [controller_server]: Destroying bond (controller_server) to lifecycle manager.
[component_container_isolated-2] [INFO] [1780510691.575188165] [smoother_server]: Running Nav2 LifecycleNode rcl preshutdown (smoother_server)
[component_container_isolated-2] [INFO] [1780510691.575226572] [smoother_server]: Deactivating
[component_container_isolated-2] [INFO] [1780510691.575244887] [smoother_server]: Deactivating smoother: path_smoother of type nav2_constrained_smoother::ConstrainedSmoother
[component_container_isolated-2] [INFO] [1780510691.575270924] [smoother_server]: Destroying bond (smoother_server) to lifecycle manager.
[component_container_isolated-2] [INFO] [1780510691.585537853] [smoother_server]: Cleaning up
[component_container_isolated-2] [INFO] [1780510691.585562371] [smoother_server]: Cleaning up smoother: path_smoother of type nav2_constrained_smoother::ConstrainedSmoother
[component_container_isolated-2] [INFO] [1780510691.593752628] [smoother_server]: Destroying bond (smoother_server) to lifecycle manager.
[component_container_isolated-2] [INFO] [1780510691.593784266] [planner_server]: Running Nav2 LifecycleNode rcl preshutdown (planner_server)
[component_container_isolated-2] [INFO] [1780510691.593818553] [planner_server]: Deactivating
[component_container_isolated-2] [INFO] [1780510691.593868182] [global_costmap.global_costmap]: Deactivating
[component_container_isolated-2] [INFO] [1780510691.593899765] [global_costmap.global_costmap]: stvl_layer was deactivated.
[component_container_isolated-2] [INFO] [1780510691.619358298] [lifecycle_manager_navigation]: [34m[1mHave not received a heartbeat from controller_server.[0m[0m
[component_container_isolated-2] [ERROR] [1780510691.619422622] [lifecycle_manager_navigation]: CRITICAL FAILURE: SERVER controller_server IS DOWN after not receiving a heartbeat for 4000 ms. Shutting down related nodes.
[component_container_isolated-2] [INFO] [1780510691.619483223] [lifecycle_manager_navigation]: [34m[1mTerminating bond timer...[0m[0m
[component_container_isolated-2] [INFO] [1780510691.619500038] [lifecycle_manager_navigation]: [34m[1mResetting managed nodes...[0m[0m
[component_container_isolated-2] [INFO] [1780510691.619513584] [lifecycle_manager_navigation]: [34m[1mDeactivating docking_server[0m[0m
[component_container_isolated-2] [INFO] [1780510691.619933786] [docking_server]: Deactivating docking_server
[component_container_isolated-2] [INFO] [1780510691.625853870] [docking_server]: Destroying bond (docking_server) to lifecycle manager.
[ERROR] [laserscan_merger.py-1]: process has died [pid 39, exit code -2, cmd '/root/ws/install/opennav_benchmark_nav2/lib/opennav_benchmark_nav2/laserscan_merger.py --ros-args -r __node:=laserscan_merger --params-file /root/ws/install/opennav_benchmark_nav2/share/opennav_benchmark_nav2/config/nav2_params.yaml --params-file /tmp/launch_params_c71gzdwj'].
[component_container_isolated-2] [INFO] [1780510691.738435445] [lifecycle_manager_navigation]: [34m[1mDeactivating waypoint_follower[0m[0m
[component_container_isolated-2] [INFO] [1780510691.738770777] [waypoint_follower]: Deactivating
[component_container_isolated-2] [INFO] [1780510691.738854461] [waypoint_follower]: Destroying bond (waypoint_follower) to lifecycle manager.
[component_container_isolated-2] [INFO] [1780510691.745798531] [planner_server]: Deactivating plugin GridBased of type SmacPlannerHybrid
[component_container_isolated-2] [INFO] [1780510691.745871483] [planner_server]: Destroying bond (planner_server) to lifecycle manager.
[component_container_isolated-2] [INFO] [1780510691.758017106] [planner_server]: Cleaning up
[component_container_isolated-2] [INFO] [1780510691.769701563] [global_costmap.global_costmap]: Cleaning up
[ERROR] [robot_mission_runner-4]: process has died [pid 42, exit code -2, cmd '/root/ws/install/opennav_benchmark_mission_dispatcher/lib/opennav_benchmark_mission_dispatcher/robot_mission_runner --ros-args -r __node:=robot_mission_runner --params-file /tmp/launch_params_t5zxj6he'].
[component_container_isolated-2] [INFO] [1780510691.785733198] [planner_server]: Cleaning up plugin GridBased of type SmacPlannerHybrid
[component_container_isolated-2] [INFO] [1780510691.785981854] [planner_server]: Destroying plugin GridBased of type SmacPlannerHybrid
[component_container_isolated-2] [INFO] [1780510691.827123109] [planner_server]: Destroying bond (planner_server) to lifecycle manager.
[component_container_isolated-2] [INFO] [1780510691.827162461] [route_server]: Running Nav2 LifecycleNode rcl preshutdown (route_server)
[component_container_isolated-2] [INFO] [1780510691.827197173] [route_server]: Deactivating
[component_container_isolated-2] [INFO] [1780510691.827225608] [route_server]: Destroying bond (route_server) to lifecycle manager.
[component_container_isolated-2] [INFO] [1780510691.837412223] [route_server]: Cleaning up
[component_container_isolated-2] [INFO] [1780510691.852483105] [lifecycle_manager_navigation]: [34m[1mDeactivating bt_navigator[0m[0m
[component_container_isolated-2] [INFO] [1780510691.852681030] [bt_navigator]: Deactivating
[component_container_isolated-2] [INFO] [1780510691.852750966] [bt_navigator]: Destroying bond (bt_navigator) to lifecycle manager.
[component_container_isolated-2] [INFO] [1780510691.853536424] [route_server]: Destroying bond (route_server) to lifecycle manager.
[component_container_isolated-2] [INFO] [1780510691.853582748] [behavior_server]: Running Nav2 LifecycleNode rcl preshutdown (behavior_server)
[component_container_isolated-2] [INFO] [1780510691.853619284] [behavior_server]: Deactivating
[component_container_isolated-2] [INFO] [1780510691.853671784] [behavior_server]: Destroying bond (behavior_server) to lifecycle manager.
[component_container_isolated-2] [INFO] [1780510691.863872602] [behavior_server]: Cleaning up
[component_container_isolated-2] [INFO] [1780510691.865835851] [behavior_server]: Destroying bond (behavior_server) to lifecycle manager.
[component_container_isolated-2] [INFO] [1780510691.865860526] [bt_navigator]: Running Nav2 LifecycleNode rcl preshutdown (bt_navigator)
[component_container_isolated-2] [INFO] [1780510691.865875924] [bt_navigator]: Destroying bond (bt_navigator) to lifecycle manager.
[component_container_isolated-2] [INFO] [1780510691.865887933] [waypoint_follower]: Running Nav2 LifecycleNode rcl preshutdown (waypoint_follower)
[component_container_isolated-2] [INFO] [1780510691.865913535] [waypoint_follower]: Cleaning up
[component_container_isolated-2] [INFO] [1780510691.880877343] [waypoint_follower]: Destroying bond (waypoint_follower) to lifecycle manager.
[component_container_isolated-2] [INFO] [1780510691.880910186] [velocity_smoother]: Running Nav2 LifecycleNode rcl preshutdown (velocity_smoother)
[component_container_isolated-2] [INFO] [1780510691.880940908] [velocity_smoother]: Deactivating
[component_container_isolated-2] [INFO] [1780510691.880972066] [velocity_smoother]: Destroying bond (velocity_smoother) to lifecycle manager.
[component_container_isolated-2] [INFO] [1780510691.891148616] [velocity_smoother]: Cleaning up
[component_container_isolated-2] [INFO] [1780510691.891178468] [velocity_smoother]: Destroying bond (velocity_smoother) to lifecycle manager.
[component_container_isolated-2] [INFO] [1780510691.891191727] [collision_monitor]: Running Nav2 LifecycleNode rcl preshutdown (collision_monitor)
[component_container_isolated-2] [INFO] [1780510691.891221264] [collision_monitor]: Deactivating
[component_container_isolated-2] [INFO] [1780510691.891249570] [collision_monitor]: Destroying bond (collision_monitor) to lifecycle manager.
[component_container_isolated-2] [INFO] [1780510691.901401379] [collision_monitor]: Cleaning up
[component_container_isolated-2] [INFO] [1780510691.901431370] [collision_monitor]: [FootprintApproach]: Destroying Polygon
[component_container_isolated-2] [INFO] [1780510691.901450461] [collision_monitor]: [scan_front_left]: Destroying Scan
[component_container_isolated-2] [INFO] [1780510691.901481628] [collision_monitor]: [scan_front_right]: Destroying Scan
[component_container_isolated-2] [INFO] [1780510691.903862568] [collision_monitor]: Destroying bond (collision_monitor) to lifecycle manager.
[component_container_isolated-2] [INFO] [1780510691.903888170] [docking_server]: Running Nav2 LifecycleNode rcl preshutdown (docking_server)
[component_container_isolated-2] [INFO] [1780510691.903925364] [docking_server]: Cleaning up docking_server
[component_container_isolated-2] [INFO] [1780510691.922372217] [docking_server]: Destroying bond (docking_server) to lifecycle manager.
[component_container_isolated-2] [INFO] [1780510691.922407661] [lifecycle_manager_navigation]: Running Nav2 LifecycleManager rcl preshutdown (lifecycle_manager_navigation)
[component_container_isolated-2] [INFO] [1780510691.965241202] [lifecycle_manager_navigation]: [34m[1mDeactivating collision_monitor[0m[0m
[component_container_isolated-2] [WARN] [1780510691.965428118] [rcl_lifecycle]: No transition matching 4 found for current state unconfigured
[component_container_isolated-2] [WARN] [1780510691.965458349] [rcl_lifecycle]: No transition matching 4 found for current state unconfigured
[component_container_isolated-2] [ERROR] [1780510691.965472636] [collision_monitor]: Unable to start transition 4 from current state unconfigured: Transition is not registered., at ./src/rcl_lifecycle.c:355
[component_container_isolated-2] [ERROR] [1780510691.965713468] [lifecycle_manager_navigation]: Failed to change state for node: collision_monitor
[component_container_isolated-2] [INFO] [1780510691.965742773] [lifecycle_manager_navigation]: [34m[1mDeactivating velocity_smoother[0m[0m
[component_container_isolated-2] [WARN] [1780510691.965873217] [rcl_lifecycle]: No transition matching 4 found for current state unconfigured
[component_container_isolated-2] [WARN] [1780510691.965903467] [rcl_lifecycle]: No transition matching 4 found for current state unconfigured
[component_container_isolated-2] [ERROR] [1780510691.965913235] [velocity_smoother]: Unable to start transition 4 from current state unconfigured: Transition is not registered., at ./src/rcl_lifecycle.c:355
[component_container_isolated-2] [ERROR] [1780510691.966168271] [lifecycle_manager_navigation]: Failed to change state for node: velocity_smoother
[component_container_isolated-2] [INFO] [1780510691.966186512] [lifecycle_manager_navigation]: [34m[1mDeactivating behavior_server[0m[0m
[component_container_isolated-2] [WARN] [1780510691.966495001] [rcl_lifecycle]: No transition matching 4 found for current state unconfigured
[component_container_isolated-2] [WARN] [1780510691.966524861] [rcl_lifecycle]: No transition matching 4 found for current state unconfigured
[component_container_isolated-2] [ERROR] [1780510691.966533314] [behavior_server]: Unable to start transition 4 from current state unconfigured: Transition is not registered., at ./src/rcl_lifecycle.c:355
[component_container_isolated-2] [ERROR] [1780510691.966769943] [lifecycle_manager_navigation]: Failed to change state for node: behavior_server
[component_container_isolated-2] [INFO] [1780510691.966810091] [lifecycle_manager_navigation]: [34m[1mDeactivating route_server[0m[0m
[component_container_isolated-2] Magick: abort due to signal 11 (SIGSEGV) "Segmentation Fault"...
[ERROR] [component_container_isolated-2]: process has died [pid 40, exit code -6, cmd '/opt/ros/jazzy/lib/rclcpp_components/component_container_isolated --ros-args --log-level info --ros-args -r __node:=nav2_container --params-file /tmp/launch_params_jxuidtdg --params-file /tmp/launch_params_y1twtk_9 -r /tf:=tf -r /tf_static:=tf_static'].
[vlm_node-3] [WARN] [1780510692.400896440] [vlm_node]: VLM request failed on attempt 1: Connection error.
[vlm_node-3] Failed to publish log message to rosout: publisher's context is invalid, at ./src/rcl/publisher.c:423
[vlm_node-3] [ERROR] [1780510692.402252442] [vlm_node.action_server]: Error raised in execute callback: Failed to publish feedback with an action server: feedback publisher is invalid, at ./src/rcl_action/action_server.c:1002
[vlm_node-3] Failed to publish log message to rosout: publisher's context is invalid, at ./src/rcl/publisher.c:423
[vlm_node-3] Traceback (most recent call last):
[vlm_node-3]   File "/usr/local/lib/python3.12/dist-packages/httpx/_transports/default.py", line 101, in map_httpcore_exceptions
[vlm_node-3]     yield
[vlm_node-3]   File "/usr/local/lib/python3.12/dist-packages/httpx/_transports/default.py", line 250, in handle_request
[vlm_node-3]     resp = self._pool.handle_request(req)
[vlm_node-3]            ^^^^^^^^^^^^^^^^^^^^^^^^^^^^^^
[vlm_node-3]   File "/usr/local/lib/python3.12/dist-packages/httpcore/_sync/connection_pool.py", line 256, in handle_request
[vlm_node-3]     raise exc from None
[vlm_node-3]   File "/usr/local/lib/python3.12/dist-packages/httpcore/_sync/connection_pool.py", line 236, in handle_request
[vlm_node-3]     response = connection.handle_request(
[vlm_node-3]                ^^^^^^^^^^^^^^^^^^^^^^^^^^
[vlm_node-3]   File "/usr/local/lib/python3.12/dist-packages/httpcore/_sync/connection.py", line 101, in handle_request
[vlm_node-3]     raise exc
[vlm_node-3]   File "/usr/local/lib/python3.12/dist-packages/httpcore/_sync/connection.py", line 78, in handle_request
[vlm_node-3]     stream = self._connect(request)
[vlm_node-3]              ^^^^^^^^^^^^^^^^^^^^^^
[vlm_node-3]   File "/usr/local/lib/python3.12/dist-packages/httpcore/_sync/connection.py", line 124, in _connect
[vlm_node-3]     stream = self._network_backend.connect_tcp(**kwargs)
[vlm_node-3]              ^^^^^^^^^^^^^^^^^^^^^^^^^^^^^^^^^^^^^^^^^^^
[vlm_node-3]   File "/usr/local/lib/python3.12/dist-packages/httpcore/_backends/sync.py", line 207, in connect_tcp
[vlm_node-3]     with map_exceptions(exc_map):
[vlm_node-3]   File "/usr/lib/python3.12/contextlib.py", line 158, in __exit__
[vlm_node-3]     self.gen.throw(value)
[vlm_node-3]   File "/usr/local/lib/python3.12/dist-packages/httpcore/_exceptions.py", line 14, in map_exceptions
[vlm_node-3]     raise to_exc(exc) from exc
[vlm_node-3] httpcore.ConnectError: [Errno 111] Connection refused
[vlm_node-3] 
[vlm_node-3] The above exception was the direct cause of the following exception:
[vlm_node-3] 
[vlm_node-3] Traceback (most recent call last):
[vlm_node-3]   File "/usr/local/lib/python3.12/dist-packages/openai/_base_client.py", line 1037, in request
[vlm_node-3]     response = self._send_request(
[vlm_node-3]                ^^^^^^^^^^^^^^^^^^^
[vlm_node-3]   File "/usr/local/lib/python3.12/dist-packages/openai/_client.py", line 440, in _send_request
[vlm_node-3]     return self._send_with_auth_retry(request, stream=stream, **kwargs)
[vlm_node-3]            ^^^^^^^^^^^^^^^^^^^^^^^^^^^^^^^^^^^^^^^^^^^^^^^^^^^^^^^^^^^^
[vlm_node-3]   File "/usr/local/lib/python3.12/dist-packages/openai/_client.py", line 418, in _send_with_auth_retry
[vlm_node-3]     response = super()._send_request(request, stream=stream, **kwargs)
[vlm_node-3]                ^^^^^^^^^^^^^^^^^^^^^^^^^^^^^^^^^^^^^^^^^^^^^^^^^^^^^^^
[vlm_node-3]   File "/usr/local/lib/python3.12/dist-packages/openai/_base_client.py", line 964, in _send_request
[vlm_node-3]     return self._client.send(request, stream=stream, **kwargs)
[vlm_node-3]            ^^^^^^^^^^^^^^^^^^^^^^^^^^^^^^^^^^^^^^^^^^^^^^^^^^^
[vlm_node-3]   File "/usr/local/lib/python3.12/dist-packages/httpx/_client.py", line 914, in send
[vlm_node-3]     response = self._send_handling_auth(
[vlm_node-3]                ^^^^^^^^^^^^^^^^^^^^^^^^^
[vlm_node-3]   File "/usr/local/lib/python3.12/dist-packages/httpx/_client.py", line 942, in _send_handling_auth
[vlm_node-3]     response = self._send_handling_redirects(
[vlm_node-3]                ^^^^^^^^^^^^^^^^^^^^^^^^^^^^^^
[vlm_node-3]   File "/usr/local/lib/python3.12/dist-packages/httpx/_client.py", line 979, in _send_handling_redirects
[vlm_node-3]     response = self._send_single_request(request)
[vlm_node-3]                ^^^^^^^^^^^^^^^^^^^^^^^^^^^^^^^^^^
[vlm_node-3]   File "/usr/local/lib/python3.12/dist-packages/httpx/_client.py", line 1014, in _send_single_request
[vlm_node-3]     response = transport.handle_request(request)
[vlm_node-3]                ^^^^^^^^^^^^^^^^^^^^^^^^^^^^^^^^^
[vlm_node-3]   File "/usr/local/lib/python3.12/dist-packages/httpx/_transports/default.py", line 249, in handle_request
[vlm_node-3]     with map_httpcore_exceptions():
[vlm_node-3]   File "/usr/lib/python3.12/contextlib.py", line 158, in __exit__
[vlm_node-3]     self.gen.throw(value)
[vlm_node-3]   File "/usr/local/lib/python3.12/dist-packages/httpx/_transports/default.py", line 118, in map_httpcore_exceptions
[vlm_node-3]     raise mapped_exc(message) from exc
[vlm_node-3] httpx.ConnectError: [Errno 111] Connection refused
[vlm_node-3] 
[vlm_node-3] The above exception was the direct cause of the following exception:
[vlm_node-3] 
[vlm_node-3] Traceback (most recent call last):
[vlm_node-3]   File "/root/ws/build/opennav_benchmark_vlm/opennav_benchmark_vlm/vlm_node.py", line 211, in _execute
[vlm_node-3]     raw = self._client.chat(messages, timeout=self._request_timeout)
[vlm_node-3]           ^^^^^^^^^^^^^^^^^^^^^^^^^^^^^^^^^^^^^^^^^^^^^^^^^^^^^^^^^^
[vlm_node-3]   File "/root/ws/build/opennav_benchmark_vlm/opennav_benchmark_vlm/vlm_client.py", line 26, in chat
[vlm_node-3]     resp = self._client.chat.completions.create(
[vlm_node-3]            ^^^^^^^^^^^^^^^^^^^^^^^^^^^^^^^^^^^^^
[vlm_node-3]   File "/usr/local/lib/python3.12/dist-packages/openai/_utils/_utils.py", line 298, in wrapper
[vlm_node-3]     return func(*args, **kwargs)
[vlm_node-3]            ^^^^^^^^^^^^^^^^^^^^^
[vlm_node-3]   File "/usr/local/lib/python3.12/dist-packages/openai/resources/chat/completions/completions.py", line 1215, in create
[vlm_node-3]     return self._post(
[vlm_node-3]            ^^^^^^^^^^^
[vlm_node-3]   File "/usr/local/lib/python3.12/dist-packages/openai/_base_client.py", line 1332, in post
[vlm_node-3]     return cast(ResponseT, self.request(cast_to, opts, stream=stream, stream_cls=stream_cls))
[vlm_node-3]                            ^^^^^^^^^^^^^^^^^^^^^^^^^^^^^^^^^^^^^^^^^^^^^^^^^^^^^^^^^^^^^^^^^
[vlm_node-3]   File "/usr/local/lib/python3.12/dist-packages/openai/_base_client.py", line 1072, in request
[vlm_node-3]     raise APIConnectionError(request=request) from err
[vlm_node-3] openai.APIConnectionError: Connection error.
[vlm_node-3] 
[vlm_node-3] During handling of the above exception, another exception occurred:
[vlm_node-3] 
[vlm_node-3] Traceback (most recent call last):
[vlm_node-3]   File "/opt/ros/jazzy/lib/python3.12/site-packages/rclpy/action/server.py", line 360, in _execute_goal
[vlm_node-3]     execute_result = await await_or_execute(execute_callback, goal_handle)
[vlm_node-3]                      ^^^^^^^^^^^^^^^^^^^^^^^^^^^^^^^^^^^^^^^^^^^^^^^^^^^^^
[vlm_node-3]   File "/opt/ros/jazzy/lib/python3.12/site-packages/rclpy/executors.py", line 115, in await_or_execute
[vlm_node-3]     return callback(*args)
[vlm_node-3]            ^^^^^^^^^^^^^^^
[vlm_node-3]   File "/root/ws/build/opennav_benchmark_vlm/opennav_benchmark_vlm/vlm_node.py", line 133, in _exec_bool
[vlm_node-3]     return self._execute(goal_handle, BoolParser(), QueryBool.Result, QueryBool.Feedback, 'QueryBool')
[vlm_node-3]            ^^^^^^^^^^^^^^^^^^^^^^^^^^^^^^^^^^^^^^^^^^^^^^^^^^^^^^^^^^^^^^^^^^^^^^^^^^^^^^^^^^^^^^^^^^^
[vlm_node-3]   File "/root/ws/build/opennav_benchmark_vlm/opennav_benchmark_vlm/vlm_node.py", line 214, in _execute
[vlm_node-3]     self._publish_feedback(
[vlm_node-3]   File "/root/ws/build/opennav_benchmark_vlm/opennav_benchmark_vlm/vlm_node.py", line 253, in _publish_feedback
[vlm_node-3]     goal_handle.publish_feedback(fb)
[vlm_node-3]   File "/opt/ros/jazzy/lib/python3.12/site-packages/rclpy/action/server.py", line 157, in publish_feedback
[vlm_node-3]     self._action_server._handle.publish_feedback(feedback_message)
[vlm_node-3] rclpy._rclpy_pybind11.RCLError: Failed to publish feedback with an action server: feedback publisher is invalid, at ./src/rcl_action/action_server.c:1002
[vlm_node-3] [WARN] [1780510692.410087348] [vlm_node.action_server]: Goal state not set, assuming aborted. Goal ID: [171  99  78 121 227 174  12 169 248  56  56 120 134  89 146 151]
[vlm_node-3] Failed to publish log message to rosout: publisher's context is invalid, at ./src/rcl/publisher.c:423
[vlm_node-3] The following exception was never retrieved: Failed get goal status array: feedback publisher is invalid, at ./src/rcl_action/action_server.c:1002
[INFO] [vlm_node-3]: process has finished cleanly [pid 41]
